2026-08-12 00:07:28,272 | INFO | ============================================================
2026-08-12 00:07:28,272 | INFO | INÍCIO DA EXTRAÇÃO PTAX
2026-08-12 00:07:28,273 | INFO | Arquivo de log: logs\2026-08-12\extraction_000728.log
2026-08-12 00:07:28,273 | INFO | ============================================================
2026-08-12 00:07:28,273 | INFO | ============================================================
2026-08-12 00:07:28,273 | INFO | Iniciando extração: moeda=AUD, ano=2000
2026-08-12 00:07:29,108 | INFO | Consulta feita com sucesso!
2026-08-12 00:07:29,125 | INFO | Dataframe criado com sucesso
2026-08-12 00:07:29,126 | INFO | Pasta criada com sucesso
2026-08-12 00:07:29,153 | INFO | Extração concluída
2026-08-12 00:07:29,153 | INFO | Foram extraídos 4250 registros
2026-08-12 00:07:29,154 | INFO | ============================================================
2026-08-12 00:07:29,154 | INFO | ============================================================
2026-08-12 00:07:29,154 | INFO | Iniciando extração: moeda=AUD, ano=2001
2026-08-12 00:07:29,947 | INFO | Consulta feita com sucesso!
2026-08-12 00:07:29,961 | INFO | Dataframe criado com sucesso
2026-08-12 00:07:29,961 | INFO | Pasta criada com sucesso
2026-08-12 00:07:29,978 | INFO | Extração concluída
2026-08-12 00:07:29,978 | INFO | Foram extraídos 4090 registros
2026-08-12 00:07:29,979 | INFO | ============================================================
2026-08-12 00:07:29,979 | INFO | ============================================================
2026-08-12 00:07:29,979 | INFO | Iniciando extração: moeda=AUD, ano=2002
2026-08-12 00:07:30,745 | INFO | Consulta feita com sucesso!
2026-08-12 00:07:30,757 | INFO | Dataframe criado com sucesso
2026-08-12 00:07:30,757 | INFO | Pasta criada com sucesso
2026-08-12 00:07:30,774 | INFO | Extração concluída
2026-08-12 00:07:30,774 | INFO | Foram extraídos 4029 registros
2026-08-12 00:07:30,774 | INFO | ============================================================
2026-08-12 00:07:30,774 | INFO | ============================================================
2026-08-12 00:07:30,774 | INFO | Iniciando extração: moeda=AUD, ano=2003
2026-08-12 00:07:31,469 | INFO | Consulta feita com sucesso!
2026-08-12 00:07:31,486 | INFO | Dataframe criado com sucesso
2026-08-12 00:07:31,486 | INFO | Pasta criada com sucesso
2026-08-12 00:07:31,502 | INFO | Extração concluída
2026-08-12 00:07:31,502 | INFO | Foram extraídos 4025 registros
2026-08-12 00:07:31,502 | INFO | ============================================================
2026-08-12 00:07:31,503 | INFO | ============================================================
2026-08-12 00:07:31,503 | INFO | Iniciando extração: moeda=AUD, ano=2004
2026-08-12 00:07:32,269 | INFO | Consulta feita com sucesso!
2026-08-12 00:07:32,280 | INFO | Dataframe criado com sucesso
2026-08-12 00:07:32,281 | INFO | Pasta criada com sucesso
2026-08-12 00:07:32,296 | INFO | Extração concluída
2026-08-12 00:07:32,297 | INFO | Foram extraídos 3864 registros
2026-08-12 00:07:32,297 | INFO | ============================================================
2026-08-12 00:07:32,297 | INFO | ============================================================
2026-08-12 00:07:32,297 | INFO | Iniciando extração: moeda=AUD, ano=2005
2026-08-12 00:07:33,049 | INFO | Consulta feita com sucesso!
2026-08-12 00:07:33,064 | INFO | Dataframe criado com sucesso
2026-08-12 00:07:33,066 | INFO | Pasta criada com sucesso
2026-08-12 00:07:33,083 | INFO | Extração concluída
2026-08-12 00:07:33,084 | INFO | Foram extraídos 3631 registros
2026-08-12 00:07:33,087 | INFO | ============================================================
2026-08-12 00:07:33,088 | INFO | ============================================================
2026-08-12 00:07:33,088 | INFO | Iniciando extração: moeda=AUD, ano=2006
2026-08-12 00:07:33,822 | INFO | Consulta feita com sucesso!
2026-08-12 00:07:33,833 | INFO | Dataframe criado com sucesso
2026-08-12 00:07:33,834 | INFO | Pasta criada com sucesso
2026-08-12 00:07:33,850 | INFO | Extração concluída
2026-08-12 00:07:33,851 | INFO | Foram extraídos 4128 registros
2026-08-12 00:07:33,851 | INFO | ============================================================
2026-08-12 00:07:33,851 | INFO | ============================================================
2026-08-12 00:07:33,851 | INFO | Iniciando extração: moeda=AUD, ano=2007
2026-08-12 00:07:34,554 | INFO | Consulta feita com sucesso!
2026-08-12 00:07:34,564 | INFO | Dataframe criado com sucesso
2026-08-12 00:07:34,565 | INFO | Pasta criada com sucesso
2026-08-12 00:07:34,582 | INFO | Extração concluída
2026-08-12 00:07:34,582 | INFO | Foram extraídos 3685 registros
2026-08-12 00:07:34,582 | INFO | ============================================================
2026-08-12 00:07:34,582 | INFO | ============================================================
2026-08-12 00:07:34,582 | INFO | Iniciando extração: moeda=AUD, ano=2008
2026-08-12 00:07:35,270 | INFO | Consulta feita com sucesso!
2026-08-12 00:07:35,281 | INFO | Dataframe criado com sucesso
2026-08-12 00:07:35,282 | INFO | Pasta criada com sucesso
2026-08-12 00:07:35,298 | INFO | Extração concluída
2026-08-12 00:07:35,299 | INFO | Foram extraídos 4292 registros
2026-08-12 00:07:35,299 | INFO | ============================================================
2026-08-12 00:07:35,299 | INFO | ============================================================
2026-08-12 00:07:35,299 | INFO | Iniciando extração: moeda=AUD, ano=2009
2026-08-12 00:07:35,995 | INFO | Consulta feita com sucesso!
2026-08-12 00:07:36,007 | INFO | Dataframe criado com sucesso
2026-08-12 00:07:36,008 | INFO | Pasta criada com sucesso
2026-08-12 00:07:36,025 | INFO | Extração concluída
2026-08-12 00:07:36,025 | INFO | Foram extraídos 4224 registros
2026-08-12 00:07:36,025 | INFO | ============================================================
2026-08-12 00:07:36,025 | INFO | ============================================================
2026-08-12 00:07:36,025 | INFO | Iniciando extração: moeda=AUD, ano=2010
2026-08-12 00:07:36,769 | INFO | Consulta feita com sucesso!
2026-08-12 00:07:36,780 | INFO | Dataframe criado com sucesso
2026-08-12 00:07:36,781 | INFO | Pasta criada com sucesso
2026-08-12 00:07:36,797 | INFO | Extração concluída
2026-08-12 00:07:36,797 | INFO | Foram extraídos 4210 registros
2026-08-12 00:07:36,797 | INFO | ============================================================
2026-08-12 00:07:36,797 | INFO | ============================================================
2026-08-12 00:07:36,798 | INFO | Iniciando extração: moeda=AUD, ano=2011
2026-08-12 00:07:37,698 | INFO | Consulta feita com sucesso!
2026-08-12 00:07:37,707 | INFO | Dataframe criado com sucesso
2026-08-12 00:07:37,707 | INFO | Pasta criada com sucesso
2026-08-12 00:07:37,719 | INFO | Extração concluída
2026-08-12 00:07:37,719 | INFO | Foram extraídos 2737 registros
2026-08-12 00:07:37,720 | INFO | ============================================================
2026-08-12 00:07:37,720 | INFO | ============================================================
2026-08-12 00:07:37,720 | INFO | Iniciando extração: moeda=AUD, ano=2012
2026-08-12 00:07:38,273 | INFO | Consulta feita com sucesso!
2026-08-12 00:07:38,277 | INFO | Dataframe criado com sucesso
2026-08-12 00:07:38,278 | INFO | Pasta criada com sucesso
2026-08-12 00:07:38,284 | INFO | Extração concluída
2026-08-12 00:07:38,284 | INFO | Foram extraídos 1250 registros
2026-08-12 00:07:38,284 | INFO | ============================================================
2026-08-12 00:07:38,284 | INFO | ============================================================
2026-08-12 00:07:38,284 | INFO | Iniciando extração: moeda=AUD, ano=2013
2026-08-12 00:07:38,927 | INFO | Consulta feita com sucesso!
2026-08-12 00:07:38,931 | INFO | Dataframe criado com sucesso
2026-08-12 00:07:38,932 | INFO | Pasta criada com sucesso
2026-08-12 00:07:38,939 | INFO | Extração concluída
2026-08-12 00:07:38,939 | INFO | Foram extraídos 1259 registros
2026-08-12 00:07:38,940 | INFO | ============================================================
2026-08-12 00:07:38,940 | INFO | ============================================================
2026-08-12 00:07:38,940 | INFO | Iniciando extração: moeda=AUD, ano=2014
2026-08-12 00:07:39,527 | INFO | Consulta feita com sucesso!
2026-08-12 00:07:39,531 | INFO | Dataframe criado com sucesso
2026-08-12 00:07:39,532 | INFO | Pasta criada com sucesso
2026-08-12 00:07:39,537 | INFO | Extração concluída
2026-08-12 00:07:39,537 | INFO | Foram extraídos 1254 registros
2026-08-12 00:07:39,537 | INFO | ============================================================
2026-08-12 00:07:39,537 | INFO | ============================================================
2026-08-12 00:07:39,538 | INFO | Iniciando extração: moeda=AUD, ano=2015
2026-08-12 00:07:40,048 | INFO | Consulta feita com sucesso!
2026-08-12 00:07:40,052 | INFO | Dataframe criado com sucesso
2026-08-12 00:07:40,053 | INFO | Pasta criada com sucesso
2026-08-12 00:07:40,058 | INFO | Extração concluída
2026-08-12 00:07:40,058 | INFO | Foram extraídos 1244 registros
2026-08-12 00:07:40,058 | INFO | ============================================================
2026-08-12 00:07:40,058 | INFO | ============================================================
2026-08-12 00:07:40,058 | INFO | Iniciando extração: moeda=AUD, ano=2016
2026-08-12 00:07:40,779 | INFO | Consulta feita com sucesso!
2026-08-12 00:07:40,784 | INFO | Dataframe criado com sucesso
2026-08-12 00:07:40,785 | INFO | Pasta criada com sucesso
2026-08-12 00:07:40,790 | INFO | Extração concluída
2026-08-12 00:07:40,791 | INFO | Foram extraídos 1253 registros
2026-08-12 00:07:40,791 | INFO | ============================================================
2026-08-12 00:07:40,791 | INFO | ============================================================
2026-08-12 00:07:40,791 | INFO | Iniciando extração: moeda=AUD, ano=2017
2026-08-12 00:07:41,370 | INFO | Consulta feita com sucesso!
2026-08-12 00:07:41,373 | INFO | Dataframe criado com sucesso
2026-08-12 00:07:41,374 | INFO | Pasta criada com sucesso
2026-08-12 00:07:41,383 | INFO | Extração concluída
2026-08-12 00:07:41,383 | INFO | Foram extraídos 1243 registros
2026-08-12 00:07:41,384 | INFO | ============================================================
2026-08-12 00:07:41,384 | INFO | ============================================================
2026-08-12 00:07:41,384 | INFO | Iniciando extração: moeda=AUD, ano=2018
2026-08-12 00:07:41,958 | INFO | Consulta feita com sucesso!
2026-08-12 00:07:41,962 | INFO | Dataframe criado com sucesso
2026-08-12 00:07:41,963 | INFO | Pasta criada com sucesso
2026-08-12 00:07:41,968 | INFO | Extração concluída
2026-08-12 00:07:41,969 | INFO | Foram extraídos 1244 registros
2026-08-12 00:07:41,969 | INFO | ============================================================
2026-08-12 00:07:41,969 | INFO | ============================================================
2026-08-12 00:07:41,969 | INFO | Iniciando extração: moeda=AUD, ano=2019
2026-08-12 00:07:42,505 | INFO | Consulta feita com sucesso!
2026-08-12 00:07:42,510 | INFO | Dataframe criado com sucesso
2026-08-12 00:07:42,510 | INFO | Pasta criada com sucesso
2026-08-12 00:07:42,516 | INFO | Extração concluída
2026-08-12 00:07:42,516 | INFO | Foram extraídos 1259 registros
2026-08-12 00:07:42,516 | INFO | ============================================================
2026-08-12 00:07:42,517 | INFO | ============================================================
2026-08-12 00:07:42,517 | INFO | Iniciando extração: moeda=AUD, ano=2020
2026-08-12 00:07:43,034 | INFO | Consulta feita com sucesso!
2026-08-12 00:07:43,038 | INFO | Dataframe criado com sucesso
2026-08-12 00:07:43,039 | INFO | Pasta criada com sucesso
2026-08-12 00:07:43,047 | INFO | Extração concluída
2026-08-12 00:07:43,047 | INFO | Foram extraídos 1248 registros
2026-08-12 00:07:43,047 | INFO | ============================================================
2026-08-12 00:07:43,048 | INFO | ============================================================
2026-08-12 00:07:43,048 | INFO | Iniciando extração: moeda=AUD, ano=2021
2026-08-12 00:07:43,658 | INFO | Consulta feita com sucesso!
2026-08-12 00:07:43,663 | INFO | Dataframe criado com sucesso
2026-08-12 00:07:43,664 | INFO | Pasta criada com sucesso
2026-08-12 00:07:43,670 | INFO | Extração concluída
2026-08-12 00:07:43,670 | INFO | Foram extraídos 1248 registros
2026-08-12 00:07:43,670 | INFO | ============================================================
2026-08-12 00:07:43,670 | INFO | ============================================================
2026-08-12 00:07:43,670 | INFO | Iniciando extração: moeda=AUD, ano=2022
2026-08-12 00:07:44,255 | INFO | Consulta feita com sucesso!
2026-08-12 00:07:44,260 | INFO | Dataframe criado com sucesso
2026-08-12 00:07:44,260 | INFO | Pasta criada com sucesso
2026-08-12 00:07:44,268 | INFO | Extração concluída
2026-08-12 00:07:44,268 | INFO | Foram extraídos 1250 registros
2026-08-12 00:07:44,268 | INFO | ============================================================
2026-08-12 00:07:44,269 | INFO | ============================================================
2026-08-12 00:07:44,269 | INFO | Iniciando extração: moeda=AUD, ano=2023
2026-08-12 00:07:44,867 | INFO | Consulta feita com sucesso!
2026-08-12 00:07:44,870 | INFO | Dataframe criado com sucesso
2026-08-12 00:07:44,870 | INFO | Pasta criada com sucesso
2026-08-12 00:07:44,877 | INFO | Extração concluída
2026-08-12 00:07:44,877 | INFO | Foram extraídos 1240 registros
2026-08-12 00:07:44,877 | INFO | ============================================================
2026-08-12 00:07:44,877 | INFO | ============================================================
2026-08-12 00:07:44,877 | INFO | Iniciando extração: moeda=AUD, ano=2024
2026-08-12 00:07:45,519 | INFO | Consulta feita com sucesso!
2026-08-12 00:07:45,523 | INFO | Dataframe criado com sucesso
2026-08-12 00:07:45,524 | INFO | Pasta criada com sucesso
2026-08-12 00:07:45,532 | INFO | Extração concluída
2026-08-12 00:07:45,532 | INFO | Foram extraídos 1258 registros
2026-08-12 00:07:45,532 | INFO | ============================================================
2026-08-12 00:07:45,533 | INFO | ============================================================
2026-08-12 00:07:45,533 | INFO | Iniciando extração: moeda=AUD, ano=2025
2026-08-12 00:07:46,075 | INFO | Consulta feita com sucesso!
2026-08-12 00:07:46,079 | INFO | Dataframe criado com sucesso
2026-08-12 00:07:46,079 | INFO | Pasta criada com sucesso
2026-08-12 00:07:46,085 | INFO | Extração concluída
2026-08-12 00:07:46,085 | INFO | Foram extraídos 1254 registros
2026-08-12 00:07:46,086 | INFO | ============================================================
2026-08-12 00:07:46,086 | INFO | ============================================================
2026-08-12 00:07:46,086 | INFO | Iniciando extração: moeda=AUD, ano=2026
2026-08-12 00:07:46,643 | INFO | Consulta feita com sucesso!
2026-08-12 00:07:46,646 | INFO | Dataframe criado com sucesso
2026-08-12 00:07:46,647 | INFO | Pasta criada com sucesso
2026-08-12 00:07:46,652 | INFO | Extração concluída
2026-08-12 00:07:46,652 | INFO | Foram extraídos 758 registros
2026-08-12 00:07:46,652 | INFO | ============================================================
2026-08-12 00:07:46,653 | INFO | ============================================================
2026-08-12 00:07:46,653 | INFO | Iniciando extração: moeda=CAD, ano=2000
2026-08-12 00:07:47,453 | INFO | Consulta feita com sucesso!
2026-08-12 00:07:47,465 | INFO | Dataframe criado com sucesso
2026-08-12 00:07:47,465 | INFO | Pasta criada com sucesso
2026-08-12 00:07:47,510 | INFO | Extração concluída
2026-08-12 00:07:47,514 | INFO | Foram extraídos 4250 registros
2026-08-12 00:07:47,518 | INFO | ============================================================
2026-08-12 00:07:47,519 | INFO | ============================================================
2026-08-12 00:07:47,551 | INFO | Iniciando extração: moeda=CAD, ano=2001
2026-08-12 00:07:48,316 | INFO | Consulta feita com sucesso!
2026-08-12 00:07:48,327 | INFO | Dataframe criado com sucesso
2026-08-12 00:07:48,328 | INFO | Pasta criada com sucesso
2026-08-12 00:07:48,345 | INFO | Extração concluída
2026-08-12 00:07:48,346 | INFO | Foram extraídos 4090 registros
2026-08-12 00:07:48,346 | INFO | ============================================================
2026-08-12 00:07:48,346 | INFO | ============================================================
2026-08-12 00:07:48,346 | INFO | Iniciando extração: moeda=CAD, ano=2002
2026-08-12 00:07:49,114 | INFO | Consulta feita com sucesso!
2026-08-12 00:07:49,124 | INFO | Dataframe criado com sucesso
2026-08-12 00:07:49,124 | INFO | Pasta criada com sucesso
2026-08-12 00:07:49,141 | INFO | Extração concluída
2026-08-12 00:07:49,141 | INFO | Foram extraídos 4029 registros
2026-08-12 00:07:49,141 | INFO | ============================================================
2026-08-12 00:07:49,141 | INFO | ============================================================
2026-08-12 00:07:49,141 | INFO | Iniciando extração: moeda=CAD, ano=2003
2026-08-12 00:07:49,811 | INFO | Consulta feita com sucesso!
2026-08-12 00:07:49,821 | INFO | Dataframe criado com sucesso
2026-08-12 00:07:49,822 | INFO | Pasta criada com sucesso
2026-08-12 00:07:49,840 | INFO | Extração concluída
2026-08-12 00:07:49,840 | INFO | Foram extraídos 4025 registros
2026-08-12 00:07:49,840 | INFO | ============================================================
2026-08-12 00:07:49,840 | INFO | ============================================================
2026-08-12 00:07:49,840 | INFO | Iniciando extração: moeda=CAD, ano=2004
2026-08-12 00:07:50,589 | INFO | Consulta feita com sucesso!
2026-08-12 00:07:50,599 | INFO | Dataframe criado com sucesso
2026-08-12 00:07:50,600 | INFO | Pasta criada com sucesso
2026-08-12 00:07:50,613 | INFO | Extração concluída
2026-08-12 00:07:50,613 | INFO | Foram extraídos 3864 registros
2026-08-12 00:07:50,614 | INFO | ============================================================
2026-08-12 00:07:50,614 | INFO | ============================================================
2026-08-12 00:07:50,614 | INFO | Iniciando extração: moeda=CAD, ano=2005
2026-08-12 00:07:51,228 | INFO | Consulta feita com sucesso!
2026-08-12 00:07:51,239 | INFO | Dataframe criado com sucesso
2026-08-12 00:07:51,240 | INFO | Pasta criada com sucesso
2026-08-12 00:07:51,255 | INFO | Extração concluída
2026-08-12 00:07:51,256 | INFO | Foram extraídos 3631 registros
2026-08-12 00:07:51,256 | INFO | ============================================================
2026-08-12 00:07:51,256 | INFO | ============================================================
2026-08-12 00:07:51,257 | INFO | Iniciando extração: moeda=CAD, ano=2006
2026-08-12 00:07:52,024 | INFO | Consulta feita com sucesso!
2026-08-12 00:07:52,035 | INFO | Dataframe criado com sucesso
2026-08-12 00:07:52,035 | INFO | Pasta criada com sucesso
2026-08-12 00:07:52,054 | INFO | Extração concluída
2026-08-12 00:07:52,054 | INFO | Foram extraídos 4128 registros
2026-08-12 00:07:52,054 | INFO | ============================================================
2026-08-12 00:07:52,054 | INFO | ============================================================
2026-08-12 00:07:52,055 | INFO | Iniciando extração: moeda=CAD, ano=2007
2026-08-12 00:07:52,706 | INFO | Consulta feita com sucesso!
2026-08-12 00:07:52,716 | INFO | Dataframe criado com sucesso
2026-08-12 00:07:52,717 | INFO | Pasta criada com sucesso
2026-08-12 00:07:52,731 | INFO | Extração concluída
2026-08-12 00:07:52,731 | INFO | Foram extraídos 3685 registros
2026-08-12 00:07:52,732 | INFO | ============================================================
2026-08-12 00:07:52,732 | INFO | ============================================================
2026-08-12 00:07:52,732 | INFO | Iniciando extração: moeda=CAD, ano=2008
2026-08-12 00:07:53,507 | INFO | Consulta feita com sucesso!
2026-08-12 00:07:53,519 | INFO | Dataframe criado com sucesso
2026-08-12 00:07:53,519 | INFO | Pasta criada com sucesso
2026-08-12 00:07:53,537 | INFO | Extração concluída
2026-08-12 00:07:53,537 | INFO | Foram extraídos 4292 registros
2026-08-12 00:07:53,537 | INFO | ============================================================
2026-08-12 00:07:53,538 | INFO | ============================================================
2026-08-12 00:07:53,538 | INFO | Iniciando extração: moeda=CAD, ano=2009
2026-08-12 00:07:54,322 | INFO | Consulta feita com sucesso!
2026-08-12 00:07:54,333 | INFO | Dataframe criado com sucesso
2026-08-12 00:07:54,334 | INFO | Pasta criada com sucesso
2026-08-12 00:07:54,352 | INFO | Extração concluída
2026-08-12 00:07:54,352 | INFO | Foram extraídos 4224 registros
2026-08-12 00:07:54,352 | INFO | ============================================================
2026-08-12 00:07:54,352 | INFO | ============================================================
2026-08-12 00:07:54,352 | INFO | Iniciando extração: moeda=CAD, ano=2010
2026-08-12 00:07:55,172 | INFO | Consulta feita com sucesso!
2026-08-12 00:07:55,181 | INFO | Dataframe criado com sucesso
2026-08-12 00:07:55,182 | INFO | Pasta criada com sucesso
2026-08-12 00:07:55,196 | INFO | Extração concluída
2026-08-12 00:07:55,196 | INFO | Foram extraídos 4210 registros
2026-08-12 00:07:55,197 | INFO | ============================================================
2026-08-12 00:07:55,197 | INFO | ============================================================
2026-08-12 00:07:55,197 | INFO | Iniciando extração: moeda=CAD, ano=2011
2026-08-12 00:07:55,873 | INFO | Consulta feita com sucesso!
2026-08-12 00:07:55,881 | INFO | Dataframe criado com sucesso
2026-08-12 00:07:55,882 | INFO | Pasta criada com sucesso
2026-08-12 00:07:55,894 | INFO | Extração concluída
2026-08-12 00:07:55,894 | INFO | Foram extraídos 2737 registros
2026-08-12 00:07:55,894 | INFO | ============================================================
2026-08-12 00:07:55,895 | INFO | ============================================================
2026-08-12 00:07:55,895 | INFO | Iniciando extração: moeda=CAD, ano=2012
2026-08-12 00:07:56,463 | INFO | Consulta feita com sucesso!
2026-08-12 00:07:56,468 | INFO | Dataframe criado com sucesso
2026-08-12 00:07:56,469 | INFO | Pasta criada com sucesso
2026-08-12 00:07:56,475 | INFO | Extração concluída
2026-08-12 00:07:56,475 | INFO | Foram extraídos 1250 registros
2026-08-12 00:07:56,475 | INFO | ============================================================
2026-08-12 00:07:56,475 | INFO | ============================================================
2026-08-12 00:07:56,476 | INFO | Iniciando extração: moeda=CAD, ano=2013
2026-08-12 00:07:57,069 | INFO | Consulta feita com sucesso!
2026-08-12 00:07:57,073 | INFO | Dataframe criado com sucesso
2026-08-12 00:07:57,074 | INFO | Pasta criada com sucesso
2026-08-12 00:07:57,080 | INFO | Extração concluída
2026-08-12 00:07:57,080 | INFO | Foram extraídos 1259 registros
2026-08-12 00:07:57,080 | INFO | ============================================================
2026-08-12 00:07:57,080 | INFO | ============================================================
2026-08-12 00:07:57,081 | INFO | Iniciando extração: moeda=CAD, ano=2014
2026-08-12 00:07:57,637 | INFO | Consulta feita com sucesso!
2026-08-12 00:07:57,641 | INFO | Dataframe criado com sucesso
2026-08-12 00:07:57,642 | INFO | Pasta criada com sucesso
2026-08-12 00:07:57,649 | INFO | Extração concluída
2026-08-12 00:07:57,649 | INFO | Foram extraídos 1254 registros
2026-08-12 00:07:57,650 | INFO | ============================================================
2026-08-12 00:07:57,650 | INFO | ============================================================
2026-08-12 00:07:57,651 | INFO | Iniciando extração: moeda=CAD, ano=2015
2026-08-12 00:07:58,231 | INFO | Consulta feita com sucesso!
2026-08-12 00:07:58,235 | INFO | Dataframe criado com sucesso
2026-08-12 00:07:58,236 | INFO | Pasta criada com sucesso
2026-08-12 00:07:58,243 | INFO | Extração concluída
2026-08-12 00:07:58,243 | INFO | Foram extraídos 1244 registros
2026-08-12 00:07:58,243 | INFO | ============================================================
2026-08-12 00:07:58,243 | INFO | ============================================================
2026-08-12 00:07:58,244 | INFO | Iniciando extração: moeda=CAD, ano=2016
2026-08-12 00:07:58,808 | INFO | Consulta feita com sucesso!
2026-08-12 00:07:58,813 | INFO | Dataframe criado com sucesso
2026-08-12 00:07:58,814 | INFO | Pasta criada com sucesso
2026-08-12 00:07:58,819 | INFO | Extração concluída
2026-08-12 00:07:58,819 | INFO | Foram extraídos 1253 registros
2026-08-12 00:07:58,819 | INFO | ============================================================
2026-08-12 00:07:58,819 | INFO | ============================================================
2026-08-12 00:07:58,819 | INFO | Iniciando extração: moeda=CAD, ano=2017
2026-08-12 00:07:59,382 | INFO | Consulta feita com sucesso!
2026-08-12 00:07:59,387 | INFO | Dataframe criado com sucesso
2026-08-12 00:07:59,388 | INFO | Pasta criada com sucesso
2026-08-12 00:07:59,394 | INFO | Extração concluída
2026-08-12 00:07:59,394 | INFO | Foram extraídos 1243 registros
2026-08-12 00:07:59,394 | INFO | ============================================================
2026-08-12 00:07:59,394 | INFO | ============================================================
2026-08-12 00:07:59,395 | INFO | Iniciando extração: moeda=CAD, ano=2018
2026-08-12 00:07:59,972 | INFO | Consulta feita com sucesso!
2026-08-12 00:07:59,977 | INFO | Dataframe criado com sucesso
2026-08-12 00:07:59,978 | INFO | Pasta criada com sucesso
2026-08-12 00:07:59,984 | INFO | Extração concluída
2026-08-12 00:07:59,985 | INFO | Foram extraídos 1244 registros
2026-08-12 00:07:59,985 | INFO | ============================================================
2026-08-12 00:07:59,985 | INFO | ============================================================
2026-08-12 00:07:59,985 | INFO | Iniciando extração: moeda=CAD, ano=2019
2026-08-12 00:08:00,609 | INFO | Consulta feita com sucesso!
2026-08-12 00:08:00,614 | INFO | Dataframe criado com sucesso
2026-08-12 00:08:00,614 | INFO | Pasta criada com sucesso
2026-08-12 00:08:00,620 | INFO | Extração concluída
2026-08-12 00:08:00,620 | INFO | Foram extraídos 1259 registros
2026-08-12 00:08:00,620 | INFO | ============================================================
2026-08-12 00:08:00,621 | INFO | ============================================================
2026-08-12 00:08:00,621 | INFO | Iniciando extração: moeda=CAD, ano=2020
2026-08-12 00:08:01,454 | INFO | Consulta feita com sucesso!
2026-08-12 00:08:01,458 | INFO | Dataframe criado com sucesso
2026-08-12 00:08:01,458 | INFO | Pasta criada com sucesso
2026-08-12 00:08:01,464 | INFO | Extração concluída
2026-08-12 00:08:01,464 | INFO | Foram extraídos 1248 registros
2026-08-12 00:08:01,464 | INFO | ============================================================
2026-08-12 00:08:01,465 | INFO | ============================================================
2026-08-12 00:08:01,465 | INFO | Iniciando extração: moeda=CAD, ano=2021
2026-08-12 00:08:02,115 | INFO | Consulta feita com sucesso!
2026-08-12 00:08:02,120 | INFO | Dataframe criado com sucesso
2026-08-12 00:08:02,121 | INFO | Pasta criada com sucesso
2026-08-12 00:08:02,127 | INFO | Extração concluída
2026-08-12 00:08:02,127 | INFO | Foram extraídos 1248 registros
2026-08-12 00:08:02,127 | INFO | ============================================================
2026-08-12 00:08:02,127 | INFO | ============================================================
2026-08-12 00:08:02,128 | INFO | Iniciando extração: moeda=CAD, ano=2022
2026-08-12 00:08:02,725 | INFO | Consulta feita com sucesso!
2026-08-12 00:08:02,729 | INFO | Dataframe criado com sucesso
2026-08-12 00:08:02,730 | INFO | Pasta criada com sucesso
2026-08-12 00:08:02,736 | INFO | Extração concluída
2026-08-12 00:08:02,737 | INFO | Foram extraídos 1250 registros
2026-08-12 00:08:02,737 | INFO | ============================================================
2026-08-12 00:08:02,737 | INFO | ============================================================
2026-08-12 00:08:02,738 | INFO | Iniciando extração: moeda=CAD, ano=2023
2026-08-12 00:08:03,376 | INFO | Consulta feita com sucesso!
2026-08-12 00:08:03,380 | INFO | Dataframe criado com sucesso
2026-08-12 00:08:03,381 | INFO | Pasta criada com sucesso
2026-08-12 00:08:03,387 | INFO | Extração concluída
2026-08-12 00:08:03,387 | INFO | Foram extraídos 1240 registros
2026-08-12 00:08:03,387 | INFO | ============================================================
2026-08-12 00:08:03,387 | INFO | ============================================================
2026-08-12 00:08:03,388 | INFO | Iniciando extração: moeda=CAD, ano=2024
2026-08-12 00:08:04,025 | INFO | Consulta feita com sucesso!
2026-08-12 00:08:04,029 | INFO | Dataframe criado com sucesso
2026-08-12 00:08:04,030 | INFO | Pasta criada com sucesso
2026-08-12 00:08:04,037 | INFO | Extração concluída
2026-08-12 00:08:04,037 | INFO | Foram extraídos 1258 registros
2026-08-12 00:08:04,037 | INFO | ============================================================
2026-08-12 00:08:04,037 | INFO | ============================================================
2026-08-12 00:08:04,037 | INFO | Iniciando extração: moeda=CAD, ano=2025
2026-08-12 00:08:04,640 | INFO | Consulta feita com sucesso!
2026-08-12 00:08:04,644 | INFO | Dataframe criado com sucesso
2026-08-12 00:08:04,645 | INFO | Pasta criada com sucesso
2026-08-12 00:08:04,651 | INFO | Extração concluída
2026-08-12 00:08:04,651 | INFO | Foram extraídos 1254 registros
2026-08-12 00:08:04,651 | INFO | ============================================================
2026-08-12 00:08:04,651 | INFO | ============================================================
2026-08-12 00:08:04,652 | INFO | Iniciando extração: moeda=CAD, ano=2026
2026-08-12 00:08:05,237 | INFO | Consulta feita com sucesso!
2026-08-12 00:08:05,240 | INFO | Dataframe criado com sucesso
2026-08-12 00:08:05,241 | INFO | Pasta criada com sucesso
2026-08-12 00:08:05,245 | INFO | Extração concluída
2026-08-12 00:08:05,245 | INFO | Foram extraídos 758 registros
2026-08-12 00:08:05,245 | INFO | ============================================================
2026-08-12 00:08:05,245 | INFO | ============================================================
2026-08-12 00:08:05,245 | INFO | Iniciando extração: moeda=CHF, ano=2000
2026-08-12 00:08:05,938 | INFO | Consulta feita com sucesso!
2026-08-12 00:08:05,950 | INFO | Dataframe criado com sucesso
2026-08-12 00:08:05,951 | INFO | Pasta criada com sucesso
2026-08-12 00:08:05,967 | INFO | Extração concluída
2026-08-12 00:08:05,968 | INFO | Foram extraídos 4250 registros
2026-08-12 00:08:05,968 | INFO | ============================================================
2026-08-12 00:08:05,968 | INFO | ============================================================
2026-08-12 00:08:05,968 | INFO | Iniciando extração: moeda=CHF, ano=2001
2026-08-12 00:08:06,776 | INFO | Consulta feita com sucesso!
2026-08-12 00:08:06,785 | INFO | Dataframe criado com sucesso
2026-08-12 00:08:06,786 | INFO | Pasta criada com sucesso
2026-08-12 00:08:06,801 | INFO | Extração concluída
2026-08-12 00:08:06,801 | INFO | Foram extraídos 4090 registros
2026-08-12 00:08:06,801 | INFO | ============================================================
2026-08-12 00:08:06,801 | INFO | ============================================================
2026-08-12 00:08:06,802 | INFO | Iniciando extração: moeda=CHF, ano=2002
2026-08-12 00:08:07,486 | INFO | Consulta feita com sucesso!
2026-08-12 00:08:07,498 | INFO | Dataframe criado com sucesso
2026-08-12 00:08:07,499 | INFO | Pasta criada com sucesso
2026-08-12 00:08:07,515 | INFO | Extração concluída
2026-08-12 00:08:07,515 | INFO | Foram extraídos 4029 registros
2026-08-12 00:08:07,515 | INFO | ============================================================
2026-08-12 00:08:07,516 | INFO | ============================================================
2026-08-12 00:08:07,516 | INFO | Iniciando extração: moeda=CHF, ano=2003
2026-08-12 00:08:08,299 | INFO | Consulta feita com sucesso!
2026-08-12 00:08:08,310 | INFO | Dataframe criado com sucesso
2026-08-12 00:08:08,311 | INFO | Pasta criada com sucesso
2026-08-12 00:08:08,326 | INFO | Extração concluída
2026-08-12 00:08:08,327 | INFO | Foram extraídos 4025 registros
2026-08-12 00:08:08,327 | INFO | ============================================================
2026-08-12 00:08:08,327 | INFO | ============================================================
2026-08-12 00:08:08,327 | INFO | Iniciando extração: moeda=CHF, ano=2004
2026-08-12 00:08:09,105 | INFO | Consulta feita com sucesso!
2026-08-12 00:08:09,116 | INFO | Dataframe criado com sucesso
2026-08-12 00:08:09,117 | INFO | Pasta criada com sucesso
2026-08-12 00:08:09,134 | INFO | Extração concluída
2026-08-12 00:08:09,134 | INFO | Foram extraídos 3864 registros
2026-08-12 00:08:09,134 | INFO | ============================================================
2026-08-12 00:08:09,135 | INFO | ============================================================
2026-08-12 00:08:09,135 | INFO | Iniciando extração: moeda=CHF, ano=2005
2026-08-12 00:08:09,807 | INFO | Consulta feita com sucesso!
2026-08-12 00:08:09,818 | INFO | Dataframe criado com sucesso
2026-08-12 00:08:09,819 | INFO | Pasta criada com sucesso
2026-08-12 00:08:09,833 | INFO | Extração concluída
2026-08-12 00:08:09,833 | INFO | Foram extraídos 3631 registros
2026-08-12 00:08:09,833 | INFO | ============================================================
2026-08-12 00:08:09,833 | INFO | ============================================================
2026-08-12 00:08:09,834 | INFO | Iniciando extração: moeda=CHF, ano=2006
2026-08-12 00:08:10,553 | INFO | Consulta feita com sucesso!
2026-08-12 00:08:10,564 | INFO | Dataframe criado com sucesso
2026-08-12 00:08:10,565 | INFO | Pasta criada com sucesso
2026-08-12 00:08:10,604 | INFO | Extração concluída
2026-08-12 00:08:10,608 | INFO | Foram extraídos 4128 registros
2026-08-12 00:08:10,609 | INFO | ============================================================
2026-08-12 00:08:10,611 | INFO | ============================================================
2026-08-12 00:08:10,642 | INFO | Iniciando extração: moeda=CHF, ano=2007
2026-08-12 00:08:11,364 | INFO | Consulta feita com sucesso!
2026-08-12 00:08:11,375 | INFO | Dataframe criado com sucesso
2026-08-12 00:08:11,376 | INFO | Pasta criada com sucesso
2026-08-12 00:08:11,392 | INFO | Extração concluída
2026-08-12 00:08:11,393 | INFO | Foram extraídos 3685 registros
2026-08-12 00:08:11,393 | INFO | ============================================================
2026-08-12 00:08:11,393 | INFO | ============================================================
2026-08-12 00:08:11,393 | INFO | Iniciando extração: moeda=CHF, ano=2008
2026-08-12 00:08:12,171 | INFO | Consulta feita com sucesso!
2026-08-12 00:08:12,182 | INFO | Dataframe criado com sucesso
2026-08-12 00:08:12,183 | INFO | Pasta criada com sucesso
2026-08-12 00:08:12,200 | INFO | Extração concluída
2026-08-12 00:08:12,200 | INFO | Foram extraídos 4292 registros
2026-08-12 00:08:12,201 | INFO | ============================================================
2026-08-12 00:08:12,201 | INFO | ============================================================
2026-08-12 00:08:12,201 | INFO | Iniciando extração: moeda=CHF, ano=2009
2026-08-12 00:08:12,929 | INFO | Consulta feita com sucesso!
2026-08-12 00:08:12,944 | INFO | Dataframe criado com sucesso
2026-08-12 00:08:12,944 | INFO | Pasta criada com sucesso
2026-08-12 00:08:12,962 | INFO | Extração concluída
2026-08-12 00:08:12,962 | INFO | Foram extraídos 4224 registros
2026-08-12 00:08:12,962 | INFO | ============================================================
2026-08-12 00:08:12,963 | INFO | ============================================================
2026-08-12 00:08:12,963 | INFO | Iniciando extração: moeda=CHF, ano=2010
2026-08-12 00:08:13,638 | INFO | Consulta feita com sucesso!
2026-08-12 00:08:13,650 | INFO | Dataframe criado com sucesso
2026-08-12 00:08:13,650 | INFO | Pasta criada com sucesso
2026-08-12 00:08:13,667 | INFO | Extração concluída
2026-08-12 00:08:13,667 | INFO | Foram extraídos 4210 registros
2026-08-12 00:08:13,668 | INFO | ============================================================
2026-08-12 00:08:13,668 | INFO | ============================================================
2026-08-12 00:08:13,668 | INFO | Iniciando extração: moeda=CHF, ano=2011
2026-08-12 00:08:14,366 | INFO | Consulta feita com sucesso!
2026-08-12 00:08:14,375 | INFO | Dataframe criado com sucesso
2026-08-12 00:08:14,375 | INFO | Pasta criada com sucesso
2026-08-12 00:08:14,386 | INFO | Extração concluída
2026-08-12 00:08:14,387 | INFO | Foram extraídos 2737 registros
2026-08-12 00:08:14,387 | INFO | ============================================================
2026-08-12 00:08:14,387 | INFO | ============================================================
2026-08-12 00:08:14,388 | INFO | Iniciando extração: moeda=CHF, ano=2012
2026-08-12 00:08:14,982 | INFO | Consulta feita com sucesso!
2026-08-12 00:08:14,987 | INFO | Dataframe criado com sucesso
2026-08-12 00:08:14,988 | INFO | Pasta criada com sucesso
2026-08-12 00:08:14,994 | INFO | Extração concluída
2026-08-12 00:08:14,994 | INFO | Foram extraídos 1250 registros
2026-08-12 00:08:14,994 | INFO | ============================================================
2026-08-12 00:08:14,995 | INFO | ============================================================
2026-08-12 00:08:14,995 | INFO | Iniciando extração: moeda=CHF, ano=2013
2026-08-12 00:08:15,627 | INFO | Consulta feita com sucesso!
2026-08-12 00:08:15,631 | INFO | Dataframe criado com sucesso
2026-08-12 00:08:15,631 | INFO | Pasta criada com sucesso
2026-08-12 00:08:15,636 | INFO | Extração concluída
2026-08-12 00:08:15,636 | INFO | Foram extraídos 1259 registros
2026-08-12 00:08:15,636 | INFO | ============================================================
2026-08-12 00:08:15,636 | INFO | ============================================================
2026-08-12 00:08:15,636 | INFO | Iniciando extração: moeda=CHF, ano=2014
2026-08-12 00:08:16,151 | INFO | Consulta feita com sucesso!
2026-08-12 00:08:16,155 | INFO | Dataframe criado com sucesso
2026-08-12 00:08:16,155 | INFO | Pasta criada com sucesso
2026-08-12 00:08:16,162 | INFO | Extração concluída
2026-08-12 00:08:16,162 | INFO | Foram extraídos 1254 registros
2026-08-12 00:08:16,162 | INFO | ============================================================
2026-08-12 00:08:16,162 | INFO | ============================================================
2026-08-12 00:08:16,162 | INFO | Iniciando extração: moeda=CHF, ano=2015
2026-08-12 00:08:16,813 | INFO | Consulta feita com sucesso!
2026-08-12 00:08:16,817 | INFO | Dataframe criado com sucesso
2026-08-12 00:08:16,818 | INFO | Pasta criada com sucesso
2026-08-12 00:08:16,824 | INFO | Extração concluída
2026-08-12 00:08:16,824 | INFO | Foram extraídos 1244 registros
2026-08-12 00:08:16,824 | INFO | ============================================================
2026-08-12 00:08:16,824 | INFO | ============================================================
2026-08-12 00:08:16,825 | INFO | Iniciando extração: moeda=CHF, ano=2016
2026-08-12 00:08:17,445 | INFO | Consulta feita com sucesso!
2026-08-12 00:08:17,448 | INFO | Dataframe criado com sucesso
2026-08-12 00:08:17,449 | INFO | Pasta criada com sucesso
2026-08-12 00:08:17,456 | INFO | Extração concluída
2026-08-12 00:08:17,456 | INFO | Foram extraídos 1253 registros
2026-08-12 00:08:17,457 | INFO | ============================================================
2026-08-12 00:08:17,457 | INFO | ============================================================
2026-08-12 00:08:17,457 | INFO | Iniciando extração: moeda=CHF, ano=2017
2026-08-12 00:08:17,982 | INFO | Consulta feita com sucesso!
2026-08-12 00:08:17,987 | INFO | Dataframe criado com sucesso
2026-08-12 00:08:17,987 | INFO | Pasta criada com sucesso
2026-08-12 00:08:17,994 | INFO | Extração concluída
2026-08-12 00:08:17,994 | INFO | Foram extraídos 1243 registros
2026-08-12 00:08:17,994 | INFO | ============================================================
2026-08-12 00:08:17,995 | INFO | ============================================================
2026-08-12 00:08:17,995 | INFO | Iniciando extração: moeda=CHF, ano=2018
2026-08-12 00:08:18,637 | INFO | Consulta feita com sucesso!
2026-08-12 00:08:18,642 | INFO | Dataframe criado com sucesso
2026-08-12 00:08:18,643 | INFO | Pasta criada com sucesso
2026-08-12 00:08:18,649 | INFO | Extração concluída
2026-08-12 00:08:18,650 | INFO | Foram extraídos 1244 registros
2026-08-12 00:08:18,650 | INFO | ============================================================
2026-08-12 00:08:18,650 | INFO | ============================================================
2026-08-12 00:08:18,650 | INFO | Iniciando extração: moeda=CHF, ano=2019
2026-08-12 00:08:19,257 | INFO | Consulta feita com sucesso!
2026-08-12 00:08:19,260 | INFO | Dataframe criado com sucesso
2026-08-12 00:08:19,261 | INFO | Pasta criada com sucesso
2026-08-12 00:08:19,266 | INFO | Extração concluída
2026-08-12 00:08:19,266 | INFO | Foram extraídos 1259 registros
2026-08-12 00:08:19,266 | INFO | ============================================================
2026-08-12 00:08:19,266 | INFO | ============================================================
2026-08-12 00:08:19,267 | INFO | Iniciando extração: moeda=CHF, ano=2020
2026-08-12 00:08:19,820 | INFO | Consulta feita com sucesso!
2026-08-12 00:08:19,825 | INFO | Dataframe criado com sucesso
2026-08-12 00:08:19,825 | INFO | Pasta criada com sucesso
2026-08-12 00:08:19,832 | INFO | Extração concluída
2026-08-12 00:08:19,832 | INFO | Foram extraídos 1248 registros
2026-08-12 00:08:19,832 | INFO | ============================================================
2026-08-12 00:08:19,833 | INFO | ============================================================
2026-08-12 00:08:19,833 | INFO | Iniciando extração: moeda=CHF, ano=2021
2026-08-12 00:08:20,442 | INFO | Consulta feita com sucesso!
2026-08-12 00:08:20,446 | INFO | Dataframe criado com sucesso
2026-08-12 00:08:20,446 | INFO | Pasta criada com sucesso
2026-08-12 00:08:20,452 | INFO | Extração concluída
2026-08-12 00:08:20,452 | INFO | Foram extraídos 1248 registros
2026-08-12 00:08:20,452 | INFO | ============================================================
2026-08-12 00:08:20,452 | INFO | ============================================================
2026-08-12 00:08:20,453 | INFO | Iniciando extração: moeda=CHF, ano=2022
2026-08-12 00:08:21,052 | INFO | Consulta feita com sucesso!
2026-08-12 00:08:21,056 | INFO | Dataframe criado com sucesso
2026-08-12 00:08:21,057 | INFO | Pasta criada com sucesso
2026-08-12 00:08:21,062 | INFO | Extração concluída
2026-08-12 00:08:21,063 | INFO | Foram extraídos 1250 registros
2026-08-12 00:08:21,063 | INFO | ============================================================
2026-08-12 00:08:21,063 | INFO | ============================================================
2026-08-12 00:08:21,063 | INFO | Iniciando extração: moeda=CHF, ano=2023
2026-08-12 00:08:21,573 | INFO | Consulta feita com sucesso!
2026-08-12 00:08:21,578 | INFO | Dataframe criado com sucesso
2026-08-12 00:08:21,578 | INFO | Pasta criada com sucesso
2026-08-12 00:08:21,584 | INFO | Extração concluída
2026-08-12 00:08:21,585 | INFO | Foram extraídos 1240 registros
2026-08-12 00:08:21,585 | INFO | ============================================================
2026-08-12 00:08:21,585 | INFO | ============================================================
2026-08-12 00:08:21,585 | INFO | Iniciando extração: moeda=CHF, ano=2024
2026-08-12 00:08:22,204 | INFO | Consulta feita com sucesso!
2026-08-12 00:08:22,207 | INFO | Dataframe criado com sucesso
2026-08-12 00:08:22,208 | INFO | Pasta criada com sucesso
2026-08-12 00:08:22,214 | INFO | Extração concluída
2026-08-12 00:08:22,214 | INFO | Foram extraídos 1258 registros
2026-08-12 00:08:22,214 | INFO | ============================================================
2026-08-12 00:08:22,214 | INFO | ============================================================
2026-08-12 00:08:22,214 | INFO | Iniciando extração: moeda=CHF, ano=2025
2026-08-12 00:08:22,914 | INFO | Consulta feita com sucesso!
2026-08-12 00:08:22,919 | INFO | Dataframe criado com sucesso
2026-08-12 00:08:22,919 | INFO | Pasta criada com sucesso
2026-08-12 00:08:22,927 | INFO | Extração concluída
2026-08-12 00:08:22,927 | INFO | Foram extraídos 1254 registros
2026-08-12 00:08:22,927 | INFO | ============================================================
2026-08-12 00:08:22,928 | INFO | ============================================================
2026-08-12 00:08:22,928 | INFO | Iniciando extração: moeda=CHF, ano=2026
2026-08-12 00:08:23,445 | INFO | Consulta feita com sucesso!
2026-08-12 00:08:23,448 | INFO | Dataframe criado com sucesso
2026-08-12 00:08:23,448 | INFO | Pasta criada com sucesso
2026-08-12 00:08:23,453 | INFO | Extração concluída
2026-08-12 00:08:23,453 | INFO | Foram extraídos 758 registros
2026-08-12 00:08:23,453 | INFO | ============================================================
2026-08-12 00:08:23,453 | INFO | ============================================================
2026-08-12 00:08:23,453 | INFO | Iniciando extração: moeda=DKK, ano=2000
2026-08-12 00:08:24,246 | INFO | Consulta feita com sucesso!
2026-08-12 00:08:24,259 | INFO | Dataframe criado com sucesso
2026-08-12 00:08:24,260 | INFO | Pasta criada com sucesso
2026-08-12 00:08:24,278 | INFO | Extração concluída
2026-08-12 00:08:24,278 | INFO | Foram extraídos 4250 registros
2026-08-12 00:08:24,278 | INFO | ============================================================
2026-08-12 00:08:24,278 | INFO | ============================================================
2026-08-12 00:08:24,279 | INFO | Iniciando extração: moeda=DKK, ano=2001
2026-08-12 00:08:25,144 | INFO | Consulta feita com sucesso!
2026-08-12 00:08:25,156 | INFO | Dataframe criado com sucesso
2026-08-12 00:08:25,157 | INFO | Pasta criada com sucesso
2026-08-12 00:08:25,172 | INFO | Extração concluída
2026-08-12 00:08:25,172 | INFO | Foram extraídos 4090 registros
2026-08-12 00:08:25,173 | INFO | ============================================================
2026-08-12 00:08:25,173 | INFO | ============================================================
2026-08-12 00:08:25,173 | INFO | Iniciando extração: moeda=DKK, ano=2002
2026-08-12 00:08:25,930 | INFO | Consulta feita com sucesso!
2026-08-12 00:08:25,941 | INFO | Dataframe criado com sucesso
2026-08-12 00:08:25,942 | INFO | Pasta criada com sucesso
2026-08-12 00:08:25,958 | INFO | Extração concluída
2026-08-12 00:08:25,959 | INFO | Foram extraídos 4029 registros
2026-08-12 00:08:25,959 | INFO | ============================================================
2026-08-12 00:08:25,959 | INFO | ============================================================
2026-08-12 00:08:25,959 | INFO | Iniciando extração: moeda=DKK, ano=2003
2026-08-12 00:08:26,774 | INFO | Consulta feita com sucesso!
2026-08-12 00:08:26,786 | INFO | Dataframe criado com sucesso
2026-08-12 00:08:26,787 | INFO | Pasta criada com sucesso
2026-08-12 00:08:26,802 | INFO | Extração concluída
2026-08-12 00:08:26,803 | INFO | Foram extraídos 4025 registros
2026-08-12 00:08:26,803 | INFO | ============================================================
2026-08-12 00:08:26,803 | INFO | ============================================================
2026-08-12 00:08:26,804 | INFO | Iniciando extração: moeda=DKK, ano=2004
2026-08-12 00:08:27,545 | INFO | Consulta feita com sucesso!
2026-08-12 00:08:27,555 | INFO | Dataframe criado com sucesso
2026-08-12 00:08:27,556 | INFO | Pasta criada com sucesso
2026-08-12 00:08:27,572 | INFO | Extração concluída
2026-08-12 00:08:27,572 | INFO | Foram extraídos 3864 registros
2026-08-12 00:08:27,572 | INFO | ============================================================
2026-08-12 00:08:27,572 | INFO | ============================================================
2026-08-12 00:08:27,572 | INFO | Iniciando extração: moeda=DKK, ano=2005
2026-08-12 00:08:28,420 | INFO | Consulta feita com sucesso!
2026-08-12 00:08:28,431 | INFO | Dataframe criado com sucesso
2026-08-12 00:08:28,432 | INFO | Pasta criada com sucesso
2026-08-12 00:08:28,446 | INFO | Extração concluída
2026-08-12 00:08:28,447 | INFO | Foram extraídos 3631 registros
2026-08-12 00:08:28,447 | INFO | ============================================================
2026-08-12 00:08:28,447 | INFO | ============================================================
2026-08-12 00:08:28,448 | INFO | Iniciando extração: moeda=DKK, ano=2006
2026-08-12 00:08:29,173 | INFO | Consulta feita com sucesso!
2026-08-12 00:08:29,185 | INFO | Dataframe criado com sucesso
2026-08-12 00:08:29,185 | INFO | Pasta criada com sucesso
2026-08-12 00:08:29,203 | INFO | Extração concluída
2026-08-12 00:08:29,203 | INFO | Foram extraídos 4128 registros
2026-08-12 00:08:29,203 | INFO | ============================================================
2026-08-12 00:08:29,204 | INFO | ============================================================
2026-08-12 00:08:29,204 | INFO | Iniciando extração: moeda=DKK, ano=2007
2026-08-12 00:08:29,941 | INFO | Consulta feita com sucesso!
2026-08-12 00:08:29,951 | INFO | Dataframe criado com sucesso
2026-08-12 00:08:29,952 | INFO | Pasta criada com sucesso
2026-08-12 00:08:29,967 | INFO | Extração concluída
2026-08-12 00:08:29,967 | INFO | Foram extraídos 3685 registros
2026-08-12 00:08:29,967 | INFO | ============================================================
2026-08-12 00:08:29,967 | INFO | ============================================================
2026-08-12 00:08:29,968 | INFO | Iniciando extração: moeda=DKK, ano=2008
2026-08-12 00:08:30,691 | INFO | Consulta feita com sucesso!
2026-08-12 00:08:30,704 | INFO | Dataframe criado com sucesso
2026-08-12 00:08:30,704 | INFO | Pasta criada com sucesso
2026-08-12 00:08:30,721 | INFO | Extração concluída
2026-08-12 00:08:30,721 | INFO | Foram extraídos 4292 registros
2026-08-12 00:08:30,722 | INFO | ============================================================
2026-08-12 00:08:30,722 | INFO | ============================================================
2026-08-12 00:08:30,722 | INFO | Iniciando extração: moeda=DKK, ano=2009
2026-08-12 00:08:31,463 | INFO | Consulta feita com sucesso!
2026-08-12 00:08:31,475 | INFO | Dataframe criado com sucesso
2026-08-12 00:08:31,476 | INFO | Pasta criada com sucesso
2026-08-12 00:08:31,491 | INFO | Extração concluída
2026-08-12 00:08:31,491 | INFO | Foram extraídos 4224 registros
2026-08-12 00:08:31,492 | INFO | ============================================================
2026-08-12 00:08:31,492 | INFO | ============================================================
2026-08-12 00:08:31,492 | INFO | Iniciando extração: moeda=DKK, ano=2010
2026-08-12 00:08:32,206 | INFO | Consulta feita com sucesso!
2026-08-12 00:08:32,218 | INFO | Dataframe criado com sucesso
2026-08-12 00:08:32,219 | INFO | Pasta criada com sucesso
2026-08-12 00:08:32,238 | INFO | Extração concluída
2026-08-12 00:08:32,238 | INFO | Foram extraídos 4210 registros
2026-08-12 00:08:32,238 | INFO | ============================================================
2026-08-12 00:08:32,238 | INFO | ============================================================
2026-08-12 00:08:32,238 | INFO | Iniciando extração: moeda=DKK, ano=2011
2026-08-12 00:08:32,938 | INFO | Consulta feita com sucesso!
2026-08-12 00:08:32,946 | INFO | Dataframe criado com sucesso
2026-08-12 00:08:32,946 | INFO | Pasta criada com sucesso
2026-08-12 00:08:32,958 | INFO | Extração concluída
2026-08-12 00:08:32,958 | INFO | Foram extraídos 2737 registros
2026-08-12 00:08:32,959 | INFO | ============================================================
2026-08-12 00:08:32,959 | INFO | ============================================================
2026-08-12 00:08:32,959 | INFO | Iniciando extração: moeda=DKK, ano=2012
2026-08-12 00:08:33,588 | INFO | Consulta feita com sucesso!
2026-08-12 00:08:33,593 | INFO | Dataframe criado com sucesso
2026-08-12 00:08:33,594 | INFO | Pasta criada com sucesso
2026-08-12 00:08:33,600 | INFO | Extração concluída
2026-08-12 00:08:33,600 | INFO | Foram extraídos 1250 registros
2026-08-12 00:08:33,600 | INFO | ============================================================
2026-08-12 00:08:33,600 | INFO | ============================================================
2026-08-12 00:08:33,601 | INFO | Iniciando extração: moeda=DKK, ano=2013
2026-08-12 00:08:34,165 | INFO | Consulta feita com sucesso!
2026-08-12 00:08:34,170 | INFO | Dataframe criado com sucesso
2026-08-12 00:08:34,170 | INFO | Pasta criada com sucesso
2026-08-12 00:08:34,176 | INFO | Extração concluída
2026-08-12 00:08:34,176 | INFO | Foram extraídos 1259 registros
2026-08-12 00:08:34,177 | INFO | ============================================================
2026-08-12 00:08:34,177 | INFO | ============================================================
2026-08-12 00:08:34,177 | INFO | Iniciando extração: moeda=DKK, ano=2014
2026-08-12 00:08:34,829 | INFO | Consulta feita com sucesso!
2026-08-12 00:08:34,834 | INFO | Dataframe criado com sucesso
2026-08-12 00:08:34,835 | INFO | Pasta criada com sucesso
2026-08-12 00:08:34,841 | INFO | Extração concluída
2026-08-12 00:08:34,842 | INFO | Foram extraídos 1254 registros
2026-08-12 00:08:34,842 | INFO | ============================================================
2026-08-12 00:08:34,842 | INFO | ============================================================
2026-08-12 00:08:34,842 | INFO | Iniciando extração: moeda=DKK, ano=2015
2026-08-12 00:08:35,428 | INFO | Consulta feita com sucesso!
2026-08-12 00:08:35,433 | INFO | Dataframe criado com sucesso
2026-08-12 00:08:35,434 | INFO | Pasta criada com sucesso
2026-08-12 00:08:35,439 | INFO | Extração concluída
2026-08-12 00:08:35,440 | INFO | Foram extraídos 1244 registros
2026-08-12 00:08:35,440 | INFO | ============================================================
2026-08-12 00:08:35,440 | INFO | ============================================================
2026-08-12 00:08:35,440 | INFO | Iniciando extração: moeda=DKK, ano=2016
2026-08-12 00:08:36,006 | INFO | Consulta feita com sucesso!
2026-08-12 00:08:36,010 | INFO | Dataframe criado com sucesso
2026-08-12 00:08:36,011 | INFO | Pasta criada com sucesso
2026-08-12 00:08:36,017 | INFO | Extração concluída
2026-08-12 00:08:36,017 | INFO | Foram extraídos 1253 registros
2026-08-12 00:08:36,017 | INFO | ============================================================
2026-08-12 00:08:36,017 | INFO | ============================================================
2026-08-12 00:08:36,018 | INFO | Iniciando extração: moeda=DKK, ano=2017
2026-08-12 00:08:36,661 | INFO | Consulta feita com sucesso!
2026-08-12 00:08:36,664 | INFO | Dataframe criado com sucesso
2026-08-12 00:08:36,665 | INFO | Pasta criada com sucesso
2026-08-12 00:08:36,672 | INFO | Extração concluída
2026-08-12 00:08:36,673 | INFO | Foram extraídos 1243 registros
2026-08-12 00:08:36,673 | INFO | ============================================================
2026-08-12 00:08:36,673 | INFO | ============================================================
2026-08-12 00:08:36,674 | INFO | Iniciando extração: moeda=DKK, ano=2018
2026-08-12 00:08:37,257 | INFO | Consulta feita com sucesso!
2026-08-12 00:08:37,261 | INFO | Dataframe criado com sucesso
2026-08-12 00:08:37,262 | INFO | Pasta criada com sucesso
2026-08-12 00:08:37,267 | INFO | Extração concluída
2026-08-12 00:08:37,268 | INFO | Foram extraídos 1244 registros
2026-08-12 00:08:37,268 | INFO | ============================================================
2026-08-12 00:08:37,268 | INFO | ============================================================
2026-08-12 00:08:37,268 | INFO | Iniciando extração: moeda=DKK, ano=2019
2026-08-12 00:08:37,864 | INFO | Consulta feita com sucesso!
2026-08-12 00:08:37,869 | INFO | Dataframe criado com sucesso
2026-08-12 00:08:37,869 | INFO | Pasta criada com sucesso
2026-08-12 00:08:37,876 | INFO | Extração concluída
2026-08-12 00:08:37,876 | INFO | Foram extraídos 1259 registros
2026-08-12 00:08:37,877 | INFO | ============================================================
2026-08-12 00:08:37,877 | INFO | ============================================================
2026-08-12 00:08:37,877 | INFO | Iniciando extração: moeda=DKK, ano=2020
2026-08-12 00:08:38,429 | INFO | Consulta feita com sucesso!
2026-08-12 00:08:38,434 | INFO | Dataframe criado com sucesso
2026-08-12 00:08:38,435 | INFO | Pasta criada com sucesso
2026-08-12 00:08:38,440 | INFO | Extração concluída
2026-08-12 00:08:38,440 | INFO | Foram extraídos 1248 registros
2026-08-12 00:08:38,440 | INFO | ============================================================
2026-08-12 00:08:38,441 | INFO | ============================================================
2026-08-12 00:08:38,441 | INFO | Iniciando extração: moeda=DKK, ano=2021
2026-08-12 00:08:39,034 | INFO | Consulta feita com sucesso!
2026-08-12 00:08:39,038 | INFO | Dataframe criado com sucesso
2026-08-12 00:08:39,039 | INFO | Pasta criada com sucesso
2026-08-12 00:08:39,045 | INFO | Extração concluída
2026-08-12 00:08:39,045 | INFO | Foram extraídos 1248 registros
2026-08-12 00:08:39,046 | INFO | ============================================================
2026-08-12 00:08:39,046 | INFO | ============================================================
2026-08-12 00:08:39,047 | INFO | Iniciando extração: moeda=DKK, ano=2022
2026-08-12 00:08:39,627 | INFO | Consulta feita com sucesso!
2026-08-12 00:08:39,631 | INFO | Dataframe criado com sucesso
2026-08-12 00:08:39,632 | INFO | Pasta criada com sucesso
2026-08-12 00:08:39,638 | INFO | Extração concluída
2026-08-12 00:08:39,638 | INFO | Foram extraídos 1250 registros
2026-08-12 00:08:39,638 | INFO | ============================================================
2026-08-12 00:08:39,638 | INFO | ============================================================
2026-08-12 00:08:39,638 | INFO | Iniciando extração: moeda=DKK, ano=2023
2026-08-12 00:08:40,225 | INFO | Consulta feita com sucesso!
2026-08-12 00:08:40,229 | INFO | Dataframe criado com sucesso
2026-08-12 00:08:40,229 | INFO | Pasta criada com sucesso
2026-08-12 00:08:40,237 | INFO | Extração concluída
2026-08-12 00:08:40,237 | INFO | Foram extraídos 1240 registros
2026-08-12 00:08:40,237 | INFO | ============================================================
2026-08-12 00:08:40,237 | INFO | ============================================================
2026-08-12 00:08:40,238 | INFO | Iniciando extração: moeda=DKK, ano=2024
2026-08-12 00:08:40,809 | INFO | Consulta feita com sucesso!
2026-08-12 00:08:40,813 | INFO | Dataframe criado com sucesso
2026-08-12 00:08:40,813 | INFO | Pasta criada com sucesso
2026-08-12 00:08:40,820 | INFO | Extração concluída
2026-08-12 00:08:40,820 | INFO | Foram extraídos 1258 registros
2026-08-12 00:08:40,820 | INFO | ============================================================
2026-08-12 00:08:40,820 | INFO | ============================================================
2026-08-12 00:08:40,820 | INFO | Iniciando extração: moeda=DKK, ano=2025
2026-08-12 00:08:41,429 | INFO | Consulta feita com sucesso!
2026-08-12 00:08:41,433 | INFO | Dataframe criado com sucesso
2026-08-12 00:08:41,434 | INFO | Pasta criada com sucesso
2026-08-12 00:08:41,440 | INFO | Extração concluída
2026-08-12 00:08:41,440 | INFO | Foram extraídos 1254 registros
2026-08-12 00:08:41,440 | INFO | ============================================================
2026-08-12 00:08:41,440 | INFO | ============================================================
2026-08-12 00:08:41,441 | INFO | Iniciando extração: moeda=DKK, ano=2026
2026-08-12 00:08:42,008 | INFO | Consulta feita com sucesso!
2026-08-12 00:08:42,011 | INFO | Dataframe criado com sucesso
2026-08-12 00:08:42,011 | INFO | Pasta criada com sucesso
2026-08-12 00:08:42,015 | INFO | Extração concluída
2026-08-12 00:08:42,015 | INFO | Foram extraídos 758 registros
2026-08-12 00:08:42,015 | INFO | ============================================================
2026-08-12 00:08:42,015 | INFO | ============================================================
2026-08-12 00:08:42,016 | INFO | Iniciando extração: moeda=EUR, ano=2000
2026-08-12 00:08:42,825 | INFO | Consulta feita com sucesso!
2026-08-12 00:08:42,837 | INFO | Dataframe criado com sucesso
2026-08-12 00:08:42,838 | INFO | Pasta criada com sucesso
2026-08-12 00:08:42,854 | INFO | Extração concluída
2026-08-12 00:08:42,854 | INFO | Foram extraídos 4250 registros
2026-08-12 00:08:42,854 | INFO | ============================================================
2026-08-12 00:08:42,855 | INFO | ============================================================
2026-08-12 00:08:42,855 | INFO | Iniciando extração: moeda=EUR, ano=2001
2026-08-12 00:08:43,519 | INFO | Consulta feita com sucesso!
2026-08-12 00:08:43,531 | INFO | Dataframe criado com sucesso
2026-08-12 00:08:43,532 | INFO | Pasta criada com sucesso
2026-08-12 00:08:43,548 | INFO | Extração concluída
2026-08-12 00:08:43,548 | INFO | Foram extraídos 4090 registros
2026-08-12 00:08:43,548 | INFO | ============================================================
2026-08-12 00:08:43,548 | INFO | ============================================================
2026-08-12 00:08:43,548 | INFO | Iniciando extração: moeda=EUR, ano=2002
2026-08-12 00:08:44,283 | INFO | Consulta feita com sucesso!
2026-08-12 00:08:44,294 | INFO | Dataframe criado com sucesso
2026-08-12 00:08:44,295 | INFO | Pasta criada com sucesso
2026-08-12 00:08:44,312 | INFO | Extração concluída
2026-08-12 00:08:44,312 | INFO | Foram extraídos 4029 registros
2026-08-12 00:08:44,312 | INFO | ============================================================
2026-08-12 00:08:44,313 | INFO | ============================================================
2026-08-12 00:08:44,313 | INFO | Iniciando extração: moeda=EUR, ano=2003
2026-08-12 00:08:45,075 | INFO | Consulta feita com sucesso!
2026-08-12 00:08:45,086 | INFO | Dataframe criado com sucesso
2026-08-12 00:08:45,087 | INFO | Pasta criada com sucesso
2026-08-12 00:08:45,103 | INFO | Extração concluída
2026-08-12 00:08:45,103 | INFO | Foram extraídos 4025 registros
2026-08-12 00:08:45,104 | INFO | ============================================================
2026-08-12 00:08:45,104 | INFO | ============================================================
2026-08-12 00:08:45,104 | INFO | Iniciando extração: moeda=EUR, ano=2004
2026-08-12 00:08:45,816 | INFO | Consulta feita com sucesso!
2026-08-12 00:08:45,827 | INFO | Dataframe criado com sucesso
2026-08-12 00:08:45,827 | INFO | Pasta criada com sucesso
2026-08-12 00:08:45,843 | INFO | Extração concluída
2026-08-12 00:08:45,844 | INFO | Foram extraídos 3864 registros
2026-08-12 00:08:45,844 | INFO | ============================================================
2026-08-12 00:08:45,844 | INFO | ============================================================
2026-08-12 00:08:45,844 | INFO | Iniciando extração: moeda=EUR, ano=2005
2026-08-12 00:08:46,543 | INFO | Consulta feita com sucesso!
2026-08-12 00:08:46,555 | INFO | Dataframe criado com sucesso
2026-08-12 00:08:46,556 | INFO | Pasta criada com sucesso
2026-08-12 00:08:46,571 | INFO | Extração concluída
2026-08-12 00:08:46,571 | INFO | Foram extraídos 3631 registros
2026-08-12 00:08:46,571 | INFO | ============================================================
2026-08-12 00:08:46,572 | INFO | ============================================================
2026-08-12 00:08:46,572 | INFO | Iniciando extração: moeda=EUR, ano=2006
2026-08-12 00:08:47,297 | INFO | Consulta feita com sucesso!
2026-08-12 00:08:47,309 | INFO | Dataframe criado com sucesso
2026-08-12 00:08:47,310 | INFO | Pasta criada com sucesso
2026-08-12 00:08:47,326 | INFO | Extração concluída
2026-08-12 00:08:47,327 | INFO | Foram extraídos 4128 registros
2026-08-12 00:08:47,327 | INFO | ============================================================
2026-08-12 00:08:47,327 | INFO | ============================================================
2026-08-12 00:08:47,328 | INFO | Iniciando extração: moeda=EUR, ano=2007
2026-08-12 00:08:48,332 | INFO | Consulta feita com sucesso!
2026-08-12 00:08:48,343 | INFO | Dataframe criado com sucesso
2026-08-12 00:08:48,344 | INFO | Pasta criada com sucesso
2026-08-12 00:08:48,358 | INFO | Extração concluída
2026-08-12 00:08:48,358 | INFO | Foram extraídos 3685 registros
2026-08-12 00:08:48,359 | INFO | ============================================================
2026-08-12 00:08:48,359 | INFO | ============================================================
2026-08-12 00:08:48,359 | INFO | Iniciando extração: moeda=EUR, ano=2008
2026-08-12 00:08:49,050 | INFO | Consulta feita com sucesso!
2026-08-12 00:08:49,063 | INFO | Dataframe criado com sucesso
2026-08-12 00:08:49,063 | INFO | Pasta criada com sucesso
2026-08-12 00:08:49,080 | INFO | Extração concluída
2026-08-12 00:08:49,081 | INFO | Foram extraídos 4292 registros
2026-08-12 00:08:49,081 | INFO | ============================================================
2026-08-12 00:08:49,081 | INFO | ============================================================
2026-08-12 00:08:49,081 | INFO | Iniciando extração: moeda=EUR, ano=2009
2026-08-12 00:08:49,829 | INFO | Consulta feita com sucesso!
2026-08-12 00:08:49,841 | INFO | Dataframe criado com sucesso
2026-08-12 00:08:49,842 | INFO | Pasta criada com sucesso
2026-08-12 00:08:49,859 | INFO | Extração concluída
2026-08-12 00:08:49,859 | INFO | Foram extraídos 4224 registros
2026-08-12 00:08:49,859 | INFO | ============================================================
2026-08-12 00:08:49,899 | INFO | ============================================================
2026-08-12 00:08:49,938 | INFO | Iniciando extração: moeda=EUR, ano=2010
2026-08-12 00:08:50,596 | INFO | Consulta feita com sucesso!
2026-08-12 00:08:50,608 | INFO | Dataframe criado com sucesso
2026-08-12 00:08:50,609 | INFO | Pasta criada com sucesso
2026-08-12 00:08:50,626 | INFO | Extração concluída
2026-08-12 00:08:50,626 | INFO | Foram extraídos 4210 registros
2026-08-12 00:08:50,626 | INFO | ============================================================
2026-08-12 00:08:50,626 | INFO | ============================================================
2026-08-12 00:08:50,627 | INFO | Iniciando extração: moeda=EUR, ano=2011
2026-08-12 00:08:51,318 | INFO | Consulta feita com sucesso!
2026-08-12 00:08:51,326 | INFO | Dataframe criado com sucesso
2026-08-12 00:08:51,327 | INFO | Pasta criada com sucesso
2026-08-12 00:08:51,338 | INFO | Extração concluída
2026-08-12 00:08:51,338 | INFO | Foram extraídos 2737 registros
2026-08-12 00:08:51,339 | INFO | ============================================================
2026-08-12 00:08:51,339 | INFO | ============================================================
2026-08-12 00:08:51,339 | INFO | Iniciando extração: moeda=EUR, ano=2012
2026-08-12 00:08:51,936 | INFO | Consulta feita com sucesso!
2026-08-12 00:08:51,940 | INFO | Dataframe criado com sucesso
2026-08-12 00:08:51,941 | INFO | Pasta criada com sucesso
2026-08-12 00:08:51,947 | INFO | Extração concluída
2026-08-12 00:08:51,947 | INFO | Foram extraídos 1250 registros
2026-08-12 00:08:51,947 | INFO | ============================================================
2026-08-12 00:08:51,947 | INFO | ============================================================
2026-08-12 00:08:51,947 | INFO | Iniciando extração: moeda=EUR, ano=2013
2026-08-12 00:08:52,527 | INFO | Consulta feita com sucesso!
2026-08-12 00:08:52,532 | INFO | Dataframe criado com sucesso
2026-08-12 00:08:52,533 | INFO | Pasta criada com sucesso
2026-08-12 00:08:52,539 | INFO | Extração concluída
2026-08-12 00:08:52,540 | INFO | Foram extraídos 1259 registros
2026-08-12 00:08:52,540 | INFO | ============================================================
2026-08-12 00:08:52,540 | INFO | ============================================================
2026-08-12 00:08:52,540 | INFO | Iniciando extração: moeda=EUR, ano=2014
2026-08-12 00:08:53,155 | INFO | Consulta feita com sucesso!
2026-08-12 00:08:53,159 | INFO | Dataframe criado com sucesso
2026-08-12 00:08:53,160 | INFO | Pasta criada com sucesso
2026-08-12 00:08:53,166 | INFO | Extração concluída
2026-08-12 00:08:53,166 | INFO | Foram extraídos 1254 registros
2026-08-12 00:08:53,166 | INFO | ============================================================
2026-08-12 00:08:53,167 | INFO | ============================================================
2026-08-12 00:08:53,167 | INFO | Iniciando extração: moeda=EUR, ano=2015
2026-08-12 00:08:53,795 | INFO | Consulta feita com sucesso!
2026-08-12 00:08:53,799 | INFO | Dataframe criado com sucesso
2026-08-12 00:08:53,800 | INFO | Pasta criada com sucesso
2026-08-12 00:08:53,806 | INFO | Extração concluída
2026-08-12 00:08:53,807 | INFO | Foram extraídos 1244 registros
2026-08-12 00:08:53,807 | INFO | ============================================================
2026-08-12 00:08:53,807 | INFO | ============================================================
2026-08-12 00:08:53,807 | INFO | Iniciando extração: moeda=EUR, ano=2016
2026-08-12 00:08:54,400 | INFO | Consulta feita com sucesso!
2026-08-12 00:08:54,404 | INFO | Dataframe criado com sucesso
2026-08-12 00:08:54,405 | INFO | Pasta criada com sucesso
2026-08-12 00:08:54,411 | INFO | Extração concluída
2026-08-12 00:08:54,411 | INFO | Foram extraídos 1253 registros
2026-08-12 00:08:54,412 | INFO | ============================================================
2026-08-12 00:08:54,412 | INFO | ============================================================
2026-08-12 00:08:54,412 | INFO | Iniciando extração: moeda=EUR, ano=2017
2026-08-12 00:08:55,019 | INFO | Consulta feita com sucesso!
2026-08-12 00:08:55,023 | INFO | Dataframe criado com sucesso
2026-08-12 00:08:55,024 | INFO | Pasta criada com sucesso
2026-08-12 00:08:55,030 | INFO | Extração concluída
2026-08-12 00:08:55,031 | INFO | Foram extraídos 1243 registros
2026-08-12 00:08:55,031 | INFO | ============================================================
2026-08-12 00:08:55,031 | INFO | ============================================================
2026-08-12 00:08:55,031 | INFO | Iniciando extração: moeda=EUR, ano=2018
2026-08-12 00:08:55,628 | INFO | Consulta feita com sucesso!
2026-08-12 00:08:55,632 | INFO | Dataframe criado com sucesso
2026-08-12 00:08:55,633 | INFO | Pasta criada com sucesso
2026-08-12 00:08:55,641 | INFO | Extração concluída
2026-08-12 00:08:55,641 | INFO | Foram extraídos 1244 registros
2026-08-12 00:08:55,641 | INFO | ============================================================
2026-08-12 00:08:55,641 | INFO | ============================================================
2026-08-12 00:08:55,641 | INFO | Iniciando extração: moeda=EUR, ano=2019
2026-08-12 00:08:56,256 | INFO | Consulta feita com sucesso!
2026-08-12 00:08:56,260 | INFO | Dataframe criado com sucesso
2026-08-12 00:08:56,261 | INFO | Pasta criada com sucesso
2026-08-12 00:08:56,267 | INFO | Extração concluída
2026-08-12 00:08:56,267 | INFO | Foram extraídos 1259 registros
2026-08-12 00:08:56,267 | INFO | ============================================================
2026-08-12 00:08:56,268 | INFO | ============================================================
2026-08-12 00:08:56,268 | INFO | Iniciando extração: moeda=EUR, ano=2020
2026-08-12 00:08:56,883 | INFO | Consulta feita com sucesso!
2026-08-12 00:08:56,887 | INFO | Dataframe criado com sucesso
2026-08-12 00:08:56,888 | INFO | Pasta criada com sucesso
2026-08-12 00:08:56,894 | INFO | Extração concluída
2026-08-12 00:08:56,894 | INFO | Foram extraídos 1248 registros
2026-08-12 00:08:56,895 | INFO | ============================================================
2026-08-12 00:08:56,895 | INFO | ============================================================
2026-08-12 00:08:56,895 | INFO | Iniciando extração: moeda=EUR, ano=2021
2026-08-12 00:08:57,419 | INFO | Consulta feita com sucesso!
2026-08-12 00:08:57,423 | INFO | Dataframe criado com sucesso
2026-08-12 00:08:57,424 | INFO | Pasta criada com sucesso
2026-08-12 00:08:57,429 | INFO | Extração concluída
2026-08-12 00:08:57,430 | INFO | Foram extraídos 1248 registros
2026-08-12 00:08:57,430 | INFO | ============================================================
2026-08-12 00:08:57,430 | INFO | ============================================================
2026-08-12 00:08:57,430 | INFO | Iniciando extração: moeda=EUR, ano=2022
2026-08-12 00:08:58,107 | INFO | Consulta feita com sucesso!
2026-08-12 00:08:58,111 | INFO | Dataframe criado com sucesso
2026-08-12 00:08:58,112 | INFO | Pasta criada com sucesso
2026-08-12 00:08:58,119 | INFO | Extração concluída
2026-08-12 00:08:58,120 | INFO | Foram extraídos 1250 registros
2026-08-12 00:08:58,120 | INFO | ============================================================
2026-08-12 00:08:58,120 | INFO | ============================================================
2026-08-12 00:08:58,120 | INFO | Iniciando extração: moeda=EUR, ano=2023
2026-08-12 00:08:58,701 | INFO | Consulta feita com sucesso!
2026-08-12 00:08:58,704 | INFO | Dataframe criado com sucesso
2026-08-12 00:08:58,705 | INFO | Pasta criada com sucesso
2026-08-12 00:08:58,711 | INFO | Extração concluída
2026-08-12 00:08:58,712 | INFO | Foram extraídos 1240 registros
2026-08-12 00:08:58,712 | INFO | ============================================================
2026-08-12 00:08:58,712 | INFO | ============================================================
2026-08-12 00:08:58,712 | INFO | Iniciando extração: moeda=EUR, ano=2024
2026-08-12 00:08:59,313 | INFO | Consulta feita com sucesso!
2026-08-12 00:08:59,317 | INFO | Dataframe criado com sucesso
2026-08-12 00:08:59,318 | INFO | Pasta criada com sucesso
2026-08-12 00:08:59,323 | INFO | Extração concluída
2026-08-12 00:08:59,324 | INFO | Foram extraídos 1258 registros
2026-08-12 00:08:59,324 | INFO | ============================================================
2026-08-12 00:08:59,324 | INFO | ============================================================
2026-08-12 00:08:59,324 | INFO | Iniciando extração: moeda=EUR, ano=2025
2026-08-12 00:08:59,925 | INFO | Consulta feita com sucesso!
2026-08-12 00:08:59,929 | INFO | Dataframe criado com sucesso
2026-08-12 00:08:59,930 | INFO | Pasta criada com sucesso
2026-08-12 00:08:59,937 | INFO | Extração concluída
2026-08-12 00:08:59,938 | INFO | Foram extraídos 1254 registros
2026-08-12 00:08:59,938 | INFO | ============================================================
2026-08-12 00:08:59,938 | INFO | ============================================================
2026-08-12 00:08:59,938 | INFO | Iniciando extração: moeda=EUR, ano=2026
2026-08-12 00:09:00,521 | INFO | Consulta feita com sucesso!
2026-08-12 00:09:00,524 | INFO | Dataframe criado com sucesso
2026-08-12 00:09:00,525 | INFO | Pasta criada com sucesso
2026-08-12 00:09:00,529 | INFO | Extração concluída
2026-08-12 00:09:00,529 | INFO | Foram extraídos 758 registros
2026-08-12 00:09:00,529 | INFO | ============================================================
2026-08-12 00:09:00,529 | INFO | ============================================================
2026-08-12 00:09:00,530 | INFO | Iniciando extração: moeda=GBP, ano=2000
2026-08-12 00:09:01,257 | INFO | Consulta feita com sucesso!
2026-08-12 00:09:01,268 | INFO | Dataframe criado com sucesso
2026-08-12 00:09:01,268 | INFO | Pasta criada com sucesso
2026-08-12 00:09:01,286 | INFO | Extração concluída
2026-08-12 00:09:01,286 | INFO | Foram extraídos 4250 registros
2026-08-12 00:09:01,286 | INFO | ============================================================
2026-08-12 00:09:01,286 | INFO | ============================================================
2026-08-12 00:09:01,286 | INFO | Iniciando extração: moeda=GBP, ano=2001
2026-08-12 00:09:02,035 | INFO | Consulta feita com sucesso!
2026-08-12 00:09:02,046 | INFO | Dataframe criado com sucesso
2026-08-12 00:09:02,046 | INFO | Pasta criada com sucesso
2026-08-12 00:09:02,060 | INFO | Extração concluída
2026-08-12 00:09:02,061 | INFO | Foram extraídos 4090 registros
2026-08-12 00:09:02,061 | INFO | ============================================================
2026-08-12 00:09:02,061 | INFO | ============================================================
2026-08-12 00:09:02,061 | INFO | Iniciando extração: moeda=GBP, ano=2002
2026-08-12 00:09:02,690 | INFO | Consulta feita com sucesso!
2026-08-12 00:09:02,723 | INFO | Dataframe criado com sucesso
2026-08-12 00:09:02,723 | INFO | Pasta criada com sucesso
2026-08-12 00:09:02,738 | INFO | Extração concluída
2026-08-12 00:09:02,738 | INFO | Foram extraídos 4029 registros
2026-08-12 00:09:02,739 | INFO | ============================================================
2026-08-12 00:09:02,739 | INFO | ============================================================
2026-08-12 00:09:02,739 | INFO | Iniciando extração: moeda=GBP, ano=2003
2026-08-12 00:09:03,404 | INFO | Consulta feita com sucesso!
2026-08-12 00:09:03,415 | INFO | Dataframe criado com sucesso
2026-08-12 00:09:03,416 | INFO | Pasta criada com sucesso
2026-08-12 00:09:03,434 | INFO | Extração concluída
2026-08-12 00:09:03,434 | INFO | Foram extraídos 4025 registros
2026-08-12 00:09:03,434 | INFO | ============================================================
2026-08-12 00:09:03,434 | INFO | ============================================================
2026-08-12 00:09:03,434 | INFO | Iniciando extração: moeda=GBP, ano=2004
2026-08-12 00:09:04,169 | INFO | Consulta feita com sucesso!
2026-08-12 00:09:04,180 | INFO | Dataframe criado com sucesso
2026-08-12 00:09:04,180 | INFO | Pasta criada com sucesso
2026-08-12 00:09:04,196 | INFO | Extração concluída
2026-08-12 00:09:04,196 | INFO | Foram extraídos 3864 registros
2026-08-12 00:09:04,196 | INFO | ============================================================
2026-08-12 00:09:04,196 | INFO | ============================================================
2026-08-12 00:09:04,197 | INFO | Iniciando extração: moeda=GBP, ano=2005
2026-08-12 00:09:05,218 | INFO | Consulta feita com sucesso!
2026-08-12 00:09:05,228 | INFO | Dataframe criado com sucesso
2026-08-12 00:09:05,229 | INFO | Pasta criada com sucesso
2026-08-12 00:09:05,245 | INFO | Extração concluída
2026-08-12 00:09:05,246 | INFO | Foram extraídos 3631 registros
2026-08-12 00:09:05,246 | INFO | ============================================================
2026-08-12 00:09:05,246 | INFO | ============================================================
2026-08-12 00:09:05,246 | INFO | Iniciando extração: moeda=GBP, ano=2006
2026-08-12 00:09:05,999 | INFO | Consulta feita com sucesso!
2026-08-12 00:09:06,011 | INFO | Dataframe criado com sucesso
2026-08-12 00:09:06,012 | INFO | Pasta criada com sucesso
2026-08-12 00:09:06,028 | INFO | Extração concluída
2026-08-12 00:09:06,029 | INFO | Foram extraídos 4128 registros
2026-08-12 00:09:06,029 | INFO | ============================================================
2026-08-12 00:09:06,029 | INFO | ============================================================
2026-08-12 00:09:06,029 | INFO | Iniciando extração: moeda=GBP, ano=2007
2026-08-12 00:09:06,699 | INFO | Consulta feita com sucesso!
2026-08-12 00:09:06,709 | INFO | Dataframe criado com sucesso
2026-08-12 00:09:06,710 | INFO | Pasta criada com sucesso
2026-08-12 00:09:06,760 | INFO | Extração concluída
2026-08-12 00:09:06,783 | INFO | Foram extraídos 3685 registros
2026-08-12 00:09:06,783 | INFO | ============================================================
2026-08-12 00:09:06,783 | INFO | ============================================================
2026-08-12 00:09:06,789 | INFO | Iniciando extração: moeda=GBP, ano=2008
2026-08-12 00:09:07,543 | INFO | Consulta feita com sucesso!
2026-08-12 00:09:07,555 | INFO | Dataframe criado com sucesso
2026-08-12 00:09:07,556 | INFO | Pasta criada com sucesso
2026-08-12 00:09:07,574 | INFO | Extração concluída
2026-08-12 00:09:07,575 | INFO | Foram extraídos 4292 registros
2026-08-12 00:09:07,575 | INFO | ============================================================
2026-08-12 00:09:07,575 | INFO | ============================================================
2026-08-12 00:09:07,575 | INFO | Iniciando extração: moeda=GBP, ano=2009
2026-08-12 00:09:08,303 | INFO | Consulta feita com sucesso!
2026-08-12 00:09:08,314 | INFO | Dataframe criado com sucesso
2026-08-12 00:09:08,314 | INFO | Pasta criada com sucesso
2026-08-12 00:09:08,331 | INFO | Extração concluída
2026-08-12 00:09:08,332 | INFO | Foram extraídos 4224 registros
2026-08-12 00:09:08,332 | INFO | ============================================================
2026-08-12 00:09:08,333 | INFO | ============================================================
2026-08-12 00:09:08,333 | INFO | Iniciando extração: moeda=GBP, ano=2010
2026-08-12 00:09:09,006 | INFO | Consulta feita com sucesso!
2026-08-12 00:09:09,018 | INFO | Dataframe criado com sucesso
2026-08-12 00:09:09,019 | INFO | Pasta criada com sucesso
2026-08-12 00:09:09,037 | INFO | Extração concluída
2026-08-12 00:09:09,037 | INFO | Foram extraídos 4210 registros
2026-08-12 00:09:09,037 | INFO | ============================================================
2026-08-12 00:09:09,037 | INFO | ============================================================
2026-08-12 00:09:09,038 | INFO | Iniciando extração: moeda=GBP, ano=2011
2026-08-12 00:09:09,689 | INFO | Consulta feita com sucesso!
2026-08-12 00:09:09,698 | INFO | Dataframe criado com sucesso
2026-08-12 00:09:09,698 | INFO | Pasta criada com sucesso
2026-08-12 00:09:09,710 | INFO | Extração concluída
2026-08-12 00:09:09,711 | INFO | Foram extraídos 2737 registros
2026-08-12 00:09:09,711 | INFO | ============================================================
2026-08-12 00:09:09,711 | INFO | ============================================================
2026-08-12 00:09:09,711 | INFO | Iniciando extração: moeda=GBP, ano=2012
2026-08-12 00:09:10,307 | INFO | Consulta feita com sucesso!
2026-08-12 00:09:10,312 | INFO | Dataframe criado com sucesso
2026-08-12 00:09:10,313 | INFO | Pasta criada com sucesso
2026-08-12 00:09:10,320 | INFO | Extração concluída
2026-08-12 00:09:10,320 | INFO | Foram extraídos 1250 registros
2026-08-12 00:09:10,320 | INFO | ============================================================
2026-08-12 00:09:10,320 | INFO | ============================================================
2026-08-12 00:09:10,321 | INFO | Iniciando extração: moeda=GBP, ano=2013
2026-08-12 00:09:10,861 | INFO | Consulta feita com sucesso!
2026-08-12 00:09:10,865 | INFO | Dataframe criado com sucesso
2026-08-12 00:09:10,865 | INFO | Pasta criada com sucesso
2026-08-12 00:09:10,871 | INFO | Extração concluída
2026-08-12 00:09:10,871 | INFO | Foram extraídos 1259 registros
2026-08-12 00:09:10,871 | INFO | ============================================================
2026-08-12 00:09:10,871 | INFO | ============================================================
2026-08-12 00:09:10,872 | INFO | Iniciando extração: moeda=GBP, ano=2014
2026-08-12 00:09:11,386 | INFO | Consulta feita com sucesso!
2026-08-12 00:09:11,390 | INFO | Dataframe criado com sucesso
2026-08-12 00:09:11,391 | INFO | Pasta criada com sucesso
2026-08-12 00:09:11,398 | INFO | Extração concluída
2026-08-12 00:09:11,398 | INFO | Foram extraídos 1254 registros
2026-08-12 00:09:11,399 | INFO | ============================================================
2026-08-12 00:09:11,399 | INFO | ============================================================
2026-08-12 00:09:11,400 | INFO | Iniciando extração: moeda=GBP, ano=2015
2026-08-12 00:09:11,984 | INFO | Consulta feita com sucesso!
2026-08-12 00:09:11,989 | INFO | Dataframe criado com sucesso
2026-08-12 00:09:11,989 | INFO | Pasta criada com sucesso
2026-08-12 00:09:11,996 | INFO | Extração concluída
2026-08-12 00:09:11,996 | INFO | Foram extraídos 1244 registros
2026-08-12 00:09:11,996 | INFO | ============================================================
2026-08-12 00:09:11,996 | INFO | ============================================================
2026-08-12 00:09:11,997 | INFO | Iniciando extração: moeda=GBP, ano=2016
2026-08-12 00:09:12,547 | INFO | Consulta feita com sucesso!
2026-08-12 00:09:12,551 | INFO | Dataframe criado com sucesso
2026-08-12 00:09:12,551 | INFO | Pasta criada com sucesso
2026-08-12 00:09:12,557 | INFO | Extração concluída
2026-08-12 00:09:12,557 | INFO | Foram extraídos 1253 registros
2026-08-12 00:09:12,557 | INFO | ============================================================
2026-08-12 00:09:12,558 | INFO | ============================================================
2026-08-12 00:09:12,558 | INFO | Iniciando extração: moeda=GBP, ano=2017
2026-08-12 00:09:13,171 | INFO | Consulta feita com sucesso!
2026-08-12 00:09:13,175 | INFO | Dataframe criado com sucesso
2026-08-12 00:09:13,176 | INFO | Pasta criada com sucesso
2026-08-12 00:09:13,181 | INFO | Extração concluída
2026-08-12 00:09:13,182 | INFO | Foram extraídos 1243 registros
2026-08-12 00:09:13,182 | INFO | ============================================================
2026-08-12 00:09:13,182 | INFO | ============================================================
2026-08-12 00:09:13,182 | INFO | Iniciando extração: moeda=GBP, ano=2018
2026-08-12 00:09:13,796 | INFO | Consulta feita com sucesso!
2026-08-12 00:09:13,800 | INFO | Dataframe criado com sucesso
2026-08-12 00:09:13,801 | INFO | Pasta criada com sucesso
2026-08-12 00:09:13,807 | INFO | Extração concluída
2026-08-12 00:09:13,807 | INFO | Foram extraídos 1244 registros
2026-08-12 00:09:13,808 | INFO | ============================================================
2026-08-12 00:09:13,808 | INFO | ============================================================
2026-08-12 00:09:13,808 | INFO | Iniciando extração: moeda=GBP, ano=2019
2026-08-12 00:09:14,509 | INFO | Consulta feita com sucesso!
2026-08-12 00:09:14,513 | INFO | Dataframe criado com sucesso
2026-08-12 00:09:14,513 | INFO | Pasta criada com sucesso
2026-08-12 00:09:14,521 | INFO | Extração concluída
2026-08-12 00:09:14,521 | INFO | Foram extraídos 1259 registros
2026-08-12 00:09:14,521 | INFO | ============================================================
2026-08-12 00:09:14,521 | INFO | ============================================================
2026-08-12 00:09:14,522 | INFO | Iniciando extração: moeda=GBP, ano=2020
2026-08-12 00:09:15,192 | INFO | Consulta feita com sucesso!
2026-08-12 00:09:15,196 | INFO | Dataframe criado com sucesso
2026-08-12 00:09:15,197 | INFO | Pasta criada com sucesso
2026-08-12 00:09:15,203 | INFO | Extração concluída
2026-08-12 00:09:15,203 | INFO | Foram extraídos 1248 registros
2026-08-12 00:09:15,204 | INFO | ============================================================
2026-08-12 00:09:15,204 | INFO | ============================================================
2026-08-12 00:09:15,204 | INFO | Iniciando extração: moeda=GBP, ano=2021
2026-08-12 00:09:15,799 | INFO | Consulta feita com sucesso!
2026-08-12 00:09:15,803 | INFO | Dataframe criado com sucesso
2026-08-12 00:09:15,804 | INFO | Pasta criada com sucesso
2026-08-12 00:09:15,809 | INFO | Extração concluída
2026-08-12 00:09:15,809 | INFO | Foram extraídos 1248 registros
2026-08-12 00:09:15,810 | INFO | ============================================================
2026-08-12 00:09:15,810 | INFO | ============================================================
2026-08-12 00:09:15,810 | INFO | Iniciando extração: moeda=GBP, ano=2022
2026-08-12 00:09:16,410 | INFO | Consulta feita com sucesso!
2026-08-12 00:09:16,415 | INFO | Dataframe criado com sucesso
2026-08-12 00:09:16,415 | INFO | Pasta criada com sucesso
2026-08-12 00:09:16,422 | INFO | Extração concluída
2026-08-12 00:09:16,422 | INFO | Foram extraídos 1250 registros
2026-08-12 00:09:16,422 | INFO | ============================================================
2026-08-12 00:09:16,422 | INFO | ============================================================
2026-08-12 00:09:16,422 | INFO | Iniciando extração: moeda=GBP, ano=2023
2026-08-12 00:09:16,996 | INFO | Consulta feita com sucesso!
2026-08-12 00:09:17,000 | INFO | Dataframe criado com sucesso
2026-08-12 00:09:17,001 | INFO | Pasta criada com sucesso
2026-08-12 00:09:17,007 | INFO | Extração concluída
2026-08-12 00:09:17,008 | INFO | Foram extraídos 1240 registros
2026-08-12 00:09:17,008 | INFO | ============================================================
2026-08-12 00:09:17,008 | INFO | ============================================================
2026-08-12 00:09:17,008 | INFO | Iniciando extração: moeda=GBP, ano=2024
2026-08-12 00:09:17,598 | INFO | Consulta feita com sucesso!
2026-08-12 00:09:17,603 | INFO | Dataframe criado com sucesso
2026-08-12 00:09:17,603 | INFO | Pasta criada com sucesso
2026-08-12 00:09:17,612 | INFO | Extração concluída
2026-08-12 00:09:17,612 | INFO | Foram extraídos 1258 registros
2026-08-12 00:09:17,612 | INFO | ============================================================
2026-08-12 00:09:17,612 | INFO | ============================================================
2026-08-12 00:09:17,612 | INFO | Iniciando extração: moeda=GBP, ano=2025
2026-08-12 00:09:18,461 | INFO | Consulta feita com sucesso!
2026-08-12 00:09:18,464 | INFO | Dataframe criado com sucesso
2026-08-12 00:09:18,465 | INFO | Pasta criada com sucesso
2026-08-12 00:09:18,471 | INFO | Extração concluída
2026-08-12 00:09:18,471 | INFO | Foram extraídos 1254 registros
2026-08-12 00:09:18,471 | INFO | ============================================================
2026-08-12 00:09:18,472 | INFO | ============================================================
2026-08-12 00:09:18,472 | INFO | Iniciando extração: moeda=GBP, ano=2026
2026-08-12 00:09:19,044 | INFO | Consulta feita com sucesso!
2026-08-12 00:09:19,047 | INFO | Dataframe criado com sucesso
2026-08-12 00:09:19,048 | INFO | Pasta criada com sucesso
2026-08-12 00:09:19,053 | INFO | Extração concluída
2026-08-12 00:09:19,053 | INFO | Foram extraídos 758 registros
2026-08-12 00:09:19,053 | INFO | ============================================================
2026-08-12 00:09:19,053 | INFO | ============================================================
2026-08-12 00:09:19,054 | INFO | Iniciando extração: moeda=JPY, ano=2000
2026-08-12 00:09:19,742 | INFO | Consulta feita com sucesso!
2026-08-12 00:09:19,752 | INFO | Dataframe criado com sucesso
2026-08-12 00:09:19,753 | INFO | Pasta criada com sucesso
2026-08-12 00:09:19,767 | INFO | Extração concluída
2026-08-12 00:09:19,767 | INFO | Foram extraídos 4250 registros
2026-08-12 00:09:19,767 | INFO | ============================================================
2026-08-12 00:09:19,767 | INFO | ============================================================
2026-08-12 00:09:19,767 | INFO | Iniciando extração: moeda=JPY, ano=2001
2026-08-12 00:09:20,416 | INFO | Consulta feita com sucesso!
2026-08-12 00:09:20,429 | INFO | Dataframe criado com sucesso
2026-08-12 00:09:20,429 | INFO | Pasta criada com sucesso
2026-08-12 00:09:20,446 | INFO | Extração concluída
2026-08-12 00:09:20,446 | INFO | Foram extraídos 4090 registros
2026-08-12 00:09:20,446 | INFO | ============================================================
2026-08-12 00:09:20,446 | INFO | ============================================================
2026-08-12 00:09:20,446 | INFO | Iniciando extração: moeda=JPY, ano=2002
2026-08-12 00:09:21,170 | INFO | Consulta feita com sucesso!
2026-08-12 00:09:21,178 | INFO | Dataframe criado com sucesso
2026-08-12 00:09:21,179 | INFO | Pasta criada com sucesso
2026-08-12 00:09:21,195 | INFO | Extração concluída
2026-08-12 00:09:21,196 | INFO | Foram extraídos 4029 registros
2026-08-12 00:09:21,196 | INFO | ============================================================
2026-08-12 00:09:21,196 | INFO | ============================================================
2026-08-12 00:09:21,196 | INFO | Iniciando extração: moeda=JPY, ano=2003
2026-08-12 00:09:21,850 | INFO | Consulta feita com sucesso!
2026-08-12 00:09:21,861 | INFO | Dataframe criado com sucesso
2026-08-12 00:09:21,862 | INFO | Pasta criada com sucesso
2026-08-12 00:09:21,879 | INFO | Extração concluída
2026-08-12 00:09:21,879 | INFO | Foram extraídos 4025 registros
2026-08-12 00:09:21,879 | INFO | ============================================================
2026-08-12 00:09:21,879 | INFO | ============================================================
2026-08-12 00:09:21,879 | INFO | Iniciando extração: moeda=JPY, ano=2004
2026-08-12 00:09:22,639 | INFO | Consulta feita com sucesso!
2026-08-12 00:09:22,650 | INFO | Dataframe criado com sucesso
2026-08-12 00:09:22,651 | INFO | Pasta criada com sucesso
2026-08-12 00:09:22,664 | INFO | Extração concluída
2026-08-12 00:09:22,664 | INFO | Foram extraídos 3864 registros
2026-08-12 00:09:22,664 | INFO | ============================================================
2026-08-12 00:09:22,665 | INFO | ============================================================
2026-08-12 00:09:22,665 | INFO | Iniciando extração: moeda=JPY, ano=2005
2026-08-12 00:09:23,349 | INFO | Consulta feita com sucesso!
2026-08-12 00:09:23,359 | INFO | Dataframe criado com sucesso
2026-08-12 00:09:23,360 | INFO | Pasta criada com sucesso
2026-08-12 00:09:23,376 | INFO | Extração concluída
2026-08-12 00:09:23,376 | INFO | Foram extraídos 3631 registros
2026-08-12 00:09:23,376 | INFO | ============================================================
2026-08-12 00:09:23,376 | INFO | ============================================================
2026-08-12 00:09:23,377 | INFO | Iniciando extração: moeda=JPY, ano=2006
2026-08-12 00:09:24,108 | INFO | Consulta feita com sucesso!
2026-08-12 00:09:24,120 | INFO | Dataframe criado com sucesso
2026-08-12 00:09:24,121 | INFO | Pasta criada com sucesso
2026-08-12 00:09:24,140 | INFO | Extração concluída
2026-08-12 00:09:24,140 | INFO | Foram extraídos 4128 registros
2026-08-12 00:09:24,140 | INFO | ============================================================
2026-08-12 00:09:24,140 | INFO | ============================================================
2026-08-12 00:09:24,140 | INFO | Iniciando extração: moeda=JPY, ano=2007
2026-08-12 00:09:24,862 | INFO | Consulta feita com sucesso!
2026-08-12 00:09:24,872 | INFO | Dataframe criado com sucesso
2026-08-12 00:09:24,872 | INFO | Pasta criada com sucesso
2026-08-12 00:09:24,888 | INFO | Extração concluída
2026-08-12 00:09:24,888 | INFO | Foram extraídos 3685 registros
2026-08-12 00:09:24,889 | INFO | ============================================================
2026-08-12 00:09:24,889 | INFO | ============================================================
2026-08-12 00:09:24,889 | INFO | Iniciando extração: moeda=JPY, ano=2008
2026-08-12 00:09:25,572 | INFO | Consulta feita com sucesso!
2026-08-12 00:09:25,584 | INFO | Dataframe criado com sucesso
2026-08-12 00:09:25,584 | INFO | Pasta criada com sucesso
2026-08-12 00:09:25,605 | INFO | Extração concluída
2026-08-12 00:09:25,605 | INFO | Foram extraídos 4292 registros
2026-08-12 00:09:25,605 | INFO | ============================================================
2026-08-12 00:09:25,605 | INFO | ============================================================
2026-08-12 00:09:25,606 | INFO | Iniciando extração: moeda=JPY, ano=2009
2026-08-12 00:09:26,302 | INFO | Consulta feita com sucesso!
2026-08-12 00:09:26,314 | INFO | Dataframe criado com sucesso
2026-08-12 00:09:26,314 | INFO | Pasta criada com sucesso
2026-08-12 00:09:26,329 | INFO | Extração concluída
2026-08-12 00:09:26,329 | INFO | Foram extraídos 4224 registros
2026-08-12 00:09:26,329 | INFO | ============================================================
2026-08-12 00:09:26,329 | INFO | ============================================================
2026-08-12 00:09:26,329 | INFO | Iniciando extração: moeda=JPY, ano=2010
2026-08-12 00:09:27,045 | INFO | Consulta feita com sucesso!
2026-08-12 00:09:27,056 | INFO | Dataframe criado com sucesso
2026-08-12 00:09:27,057 | INFO | Pasta criada com sucesso
2026-08-12 00:09:27,073 | INFO | Extração concluída
2026-08-12 00:09:27,074 | INFO | Foram extraídos 4210 registros
2026-08-12 00:09:27,074 | INFO | ============================================================
2026-08-12 00:09:27,074 | INFO | ============================================================
2026-08-12 00:09:27,074 | INFO | Iniciando extração: moeda=JPY, ano=2011
2026-08-12 00:09:27,729 | INFO | Consulta feita com sucesso!
2026-08-12 00:09:27,736 | INFO | Dataframe criado com sucesso
2026-08-12 00:09:27,736 | INFO | Pasta criada com sucesso
2026-08-12 00:09:27,747 | INFO | Extração concluída
2026-08-12 00:09:27,747 | INFO | Foram extraídos 2737 registros
2026-08-12 00:09:27,747 | INFO | ============================================================
2026-08-12 00:09:27,748 | INFO | ============================================================
2026-08-12 00:09:27,748 | INFO | Iniciando extração: moeda=JPY, ano=2012
2026-08-12 00:09:28,257 | INFO | Consulta feita com sucesso!
2026-08-12 00:09:28,262 | INFO | Dataframe criado com sucesso
2026-08-12 00:09:28,262 | INFO | Pasta criada com sucesso
2026-08-12 00:09:28,269 | INFO | Extração concluída
2026-08-12 00:09:28,269 | INFO | Foram extraídos 1250 registros
2026-08-12 00:09:28,269 | INFO | ============================================================
2026-08-12 00:09:28,270 | INFO | ============================================================
2026-08-12 00:09:28,270 | INFO | Iniciando extração: moeda=JPY, ano=2013
2026-08-12 00:09:28,890 | INFO | Consulta feita com sucesso!
2026-08-12 00:09:28,894 | INFO | Dataframe criado com sucesso
2026-08-12 00:09:28,895 | INFO | Pasta criada com sucesso
2026-08-12 00:09:28,903 | INFO | Extração concluída
2026-08-12 00:09:28,903 | INFO | Foram extraídos 1259 registros
2026-08-12 00:09:28,903 | INFO | ============================================================
2026-08-12 00:09:28,903 | INFO | ============================================================
2026-08-12 00:09:28,903 | INFO | Iniciando extração: moeda=JPY, ano=2014
2026-08-12 00:09:29,461 | INFO | Consulta feita com sucesso!
2026-08-12 00:09:29,465 | INFO | Dataframe criado com sucesso
2026-08-12 00:09:29,466 | INFO | Pasta criada com sucesso
2026-08-12 00:09:29,473 | INFO | Extração concluída
2026-08-12 00:09:29,473 | INFO | Foram extraídos 1254 registros
2026-08-12 00:09:29,473 | INFO | ============================================================
2026-08-12 00:09:29,474 | INFO | ============================================================
2026-08-12 00:09:29,474 | INFO | Iniciando extração: moeda=JPY, ano=2015
2026-08-12 00:09:30,159 | INFO | Consulta feita com sucesso!
2026-08-12 00:09:30,162 | INFO | Dataframe criado com sucesso
2026-08-12 00:09:30,163 | INFO | Pasta criada com sucesso
2026-08-12 00:09:30,167 | INFO | Extração concluída
2026-08-12 00:09:30,168 | INFO | Foram extraídos 1244 registros
2026-08-12 00:09:30,168 | INFO | ============================================================
2026-08-12 00:09:30,168 | INFO | ============================================================
2026-08-12 00:09:30,168 | INFO | Iniciando extração: moeda=JPY, ano=2016
2026-08-12 00:09:30,761 | INFO | Consulta feita com sucesso!
2026-08-12 00:09:30,765 | INFO | Dataframe criado com sucesso
2026-08-12 00:09:30,765 | INFO | Pasta criada com sucesso
2026-08-12 00:09:30,771 | INFO | Extração concluída
2026-08-12 00:09:30,771 | INFO | Foram extraídos 1253 registros
2026-08-12 00:09:30,772 | INFO | ============================================================
2026-08-12 00:09:30,772 | INFO | ============================================================
2026-08-12 00:09:30,772 | INFO | Iniciando extração: moeda=JPY, ano=2017
2026-08-12 00:09:31,330 | INFO | Consulta feita com sucesso!
2026-08-12 00:09:31,334 | INFO | Dataframe criado com sucesso
2026-08-12 00:09:31,335 | INFO | Pasta criada com sucesso
2026-08-12 00:09:31,342 | INFO | Extração concluída
2026-08-12 00:09:31,342 | INFO | Foram extraídos 1243 registros
2026-08-12 00:09:31,342 | INFO | ============================================================
2026-08-12 00:09:31,343 | INFO | ============================================================
2026-08-12 00:09:31,343 | INFO | Iniciando extração: moeda=JPY, ano=2018
2026-08-12 00:09:31,891 | INFO | Consulta feita com sucesso!
2026-08-12 00:09:31,895 | INFO | Dataframe criado com sucesso
2026-08-12 00:09:31,896 | INFO | Pasta criada com sucesso
2026-08-12 00:09:31,903 | INFO | Extração concluída
2026-08-12 00:09:31,904 | INFO | Foram extraídos 1244 registros
2026-08-12 00:09:31,904 | INFO | ============================================================
2026-08-12 00:09:31,904 | INFO | ============================================================
2026-08-12 00:09:31,905 | INFO | Iniciando extração: moeda=JPY, ano=2019
2026-08-12 00:09:32,541 | INFO | Consulta feita com sucesso!
2026-08-12 00:09:32,545 | INFO | Dataframe criado com sucesso
2026-08-12 00:09:32,546 | INFO | Pasta criada com sucesso
2026-08-12 00:09:32,553 | INFO | Extração concluída
2026-08-12 00:09:32,553 | INFO | Foram extraídos 1259 registros
2026-08-12 00:09:32,554 | INFO | ============================================================
2026-08-12 00:09:32,554 | INFO | ============================================================
2026-08-12 00:09:32,554 | INFO | Iniciando extração: moeda=JPY, ano=2020
2026-08-12 00:09:33,120 | INFO | Consulta feita com sucesso!
2026-08-12 00:09:33,125 | INFO | Dataframe criado com sucesso
2026-08-12 00:09:33,125 | INFO | Pasta criada com sucesso
2026-08-12 00:09:33,131 | INFO | Extração concluída
2026-08-12 00:09:33,132 | INFO | Foram extraídos 1248 registros
2026-08-12 00:09:33,132 | INFO | ============================================================
2026-08-12 00:09:33,132 | INFO | ============================================================
2026-08-12 00:09:33,132 | INFO | Iniciando extração: moeda=JPY, ano=2021
2026-08-12 00:09:33,719 | INFO | Consulta feita com sucesso!
2026-08-12 00:09:33,723 | INFO | Dataframe criado com sucesso
2026-08-12 00:09:33,724 | INFO | Pasta criada com sucesso
2026-08-12 00:09:33,732 | INFO | Extração concluída
2026-08-12 00:09:33,732 | INFO | Foram extraídos 1248 registros
2026-08-12 00:09:33,732 | INFO | ============================================================
2026-08-12 00:09:33,732 | INFO | ============================================================
2026-08-12 00:09:33,732 | INFO | Iniciando extração: moeda=JPY, ano=2022
2026-08-12 00:09:34,254 | INFO | Consulta feita com sucesso!
2026-08-12 00:09:34,258 | INFO | Dataframe criado com sucesso
2026-08-12 00:09:34,259 | INFO | Pasta criada com sucesso
2026-08-12 00:09:34,266 | INFO | Extração concluída
2026-08-12 00:09:34,266 | INFO | Foram extraídos 1250 registros
2026-08-12 00:09:34,267 | INFO | ============================================================
2026-08-12 00:09:34,267 | INFO | ============================================================
2026-08-12 00:09:34,267 | INFO | Iniciando extração: moeda=JPY, ano=2023
2026-08-12 00:09:34,893 | INFO | Consulta feita com sucesso!
2026-08-12 00:09:34,898 | INFO | Dataframe criado com sucesso
2026-08-12 00:09:34,899 | INFO | Pasta criada com sucesso
2026-08-12 00:09:34,905 | INFO | Extração concluída
2026-08-12 00:09:34,905 | INFO | Foram extraídos 1240 registros
2026-08-12 00:09:34,905 | INFO | ============================================================
2026-08-12 00:09:34,906 | INFO | ============================================================
2026-08-12 00:09:34,906 | INFO | Iniciando extração: moeda=JPY, ano=2024
2026-08-12 00:09:35,468 | INFO | Consulta feita com sucesso!
2026-08-12 00:09:35,472 | INFO | Dataframe criado com sucesso
2026-08-12 00:09:35,473 | INFO | Pasta criada com sucesso
2026-08-12 00:09:35,480 | INFO | Extração concluída
2026-08-12 00:09:35,480 | INFO | Foram extraídos 1258 registros
2026-08-12 00:09:35,480 | INFO | ============================================================
2026-08-12 00:09:35,480 | INFO | ============================================================
2026-08-12 00:09:35,481 | INFO | Iniciando extração: moeda=JPY, ano=2025
2026-08-12 00:09:36,052 | INFO | Consulta feita com sucesso!
2026-08-12 00:09:36,055 | INFO | Dataframe criado com sucesso
2026-08-12 00:09:36,056 | INFO | Pasta criada com sucesso
2026-08-12 00:09:36,062 | INFO | Extração concluída
2026-08-12 00:09:36,062 | INFO | Foram extraídos 1254 registros
2026-08-12 00:09:36,062 | INFO | ============================================================
2026-08-12 00:09:36,062 | INFO | ============================================================
2026-08-12 00:09:36,063 | INFO | Iniciando extração: moeda=JPY, ano=2026
2026-08-12 00:09:36,633 | INFO | Consulta feita com sucesso!
2026-08-12 00:09:36,635 | INFO | Dataframe criado com sucesso
2026-08-12 00:09:36,636 | INFO | Pasta criada com sucesso
2026-08-12 00:09:36,640 | INFO | Extração concluída
2026-08-12 00:09:36,641 | INFO | Foram extraídos 758 registros
2026-08-12 00:09:36,641 | INFO | ============================================================
2026-08-12 00:09:36,641 | INFO | ============================================================
2026-08-12 00:09:36,641 | INFO | Iniciando extração: moeda=NOK, ano=2000
2026-08-12 00:09:37,437 | INFO | Consulta feita com sucesso!
2026-08-12 00:09:37,447 | INFO | Dataframe criado com sucesso
2026-08-12 00:09:37,448 | INFO | Pasta criada com sucesso
2026-08-12 00:09:37,465 | INFO | Extração concluída
2026-08-12 00:09:37,466 | INFO | Foram extraídos 4250 registros
2026-08-12 00:09:37,466 | INFO | ============================================================
2026-08-12 00:09:37,466 | INFO | ============================================================
2026-08-12 00:09:37,466 | INFO | Iniciando extração: moeda=NOK, ano=2001
2026-08-12 00:09:38,184 | INFO | Consulta feita com sucesso!
2026-08-12 00:09:38,199 | INFO | Dataframe criado com sucesso
2026-08-12 00:09:38,200 | INFO | Pasta criada com sucesso
2026-08-12 00:09:38,218 | INFO | Extração concluída
2026-08-12 00:09:38,219 | INFO | Foram extraídos 4090 registros
2026-08-12 00:09:38,219 | INFO | ============================================================
2026-08-12 00:09:38,220 | INFO | ============================================================
2026-08-12 00:09:38,220 | INFO | Iniciando extração: moeda=NOK, ano=2002
2026-08-12 00:09:38,971 | INFO | Consulta feita com sucesso!
2026-08-12 00:09:38,980 | INFO | Dataframe criado com sucesso
2026-08-12 00:09:38,981 | INFO | Pasta criada com sucesso
2026-08-12 00:09:38,997 | INFO | Extração concluída
2026-08-12 00:09:38,998 | INFO | Foram extraídos 4029 registros
2026-08-12 00:09:38,998 | INFO | ============================================================
2026-08-12 00:09:38,998 | INFO | ============================================================
2026-08-12 00:09:38,998 | INFO | Iniciando extração: moeda=NOK, ano=2003
2026-08-12 00:09:39,634 | INFO | Consulta feita com sucesso!
2026-08-12 00:09:39,646 | INFO | Dataframe criado com sucesso
2026-08-12 00:09:39,646 | INFO | Pasta criada com sucesso
2026-08-12 00:09:39,664 | INFO | Extração concluída
2026-08-12 00:09:39,664 | INFO | Foram extraídos 4025 registros
2026-08-12 00:09:39,664 | INFO | ============================================================
2026-08-12 00:09:39,664 | INFO | ============================================================
2026-08-12 00:09:39,664 | INFO | Iniciando extração: moeda=NOK, ano=2004
2026-08-12 00:09:40,413 | INFO | Consulta feita com sucesso!
2026-08-12 00:09:40,424 | INFO | Dataframe criado com sucesso
2026-08-12 00:09:40,425 | INFO | Pasta criada com sucesso
2026-08-12 00:09:40,439 | INFO | Extração concluída
2026-08-12 00:09:40,439 | INFO | Foram extraídos 3864 registros
2026-08-12 00:09:40,439 | INFO | ============================================================
2026-08-12 00:09:40,439 | INFO | ============================================================
2026-08-12 00:09:40,439 | INFO | Iniciando extração: moeda=NOK, ano=2005
2026-08-12 00:09:41,116 | INFO | Consulta feita com sucesso!
2026-08-12 00:09:41,128 | INFO | Dataframe criado com sucesso
2026-08-12 00:09:41,129 | INFO | Pasta criada com sucesso
2026-08-12 00:09:41,144 | INFO | Extração concluída
2026-08-12 00:09:41,144 | INFO | Foram extraídos 3631 registros
2026-08-12 00:09:41,145 | INFO | ============================================================
2026-08-12 00:09:41,145 | INFO | ============================================================
2026-08-12 00:09:41,145 | INFO | Iniciando extração: moeda=NOK, ano=2006
2026-08-12 00:09:41,878 | INFO | Consulta feita com sucesso!
2026-08-12 00:09:41,890 | INFO | Dataframe criado com sucesso
2026-08-12 00:09:41,890 | INFO | Pasta criada com sucesso
2026-08-12 00:09:41,908 | INFO | Extração concluída
2026-08-12 00:09:41,908 | INFO | Foram extraídos 4128 registros
2026-08-12 00:09:41,908 | INFO | ============================================================
2026-08-12 00:09:41,909 | INFO | ============================================================
2026-08-12 00:09:41,909 | INFO | Iniciando extração: moeda=NOK, ano=2007
2026-08-12 00:09:42,637 | INFO | Consulta feita com sucesso!
2026-08-12 00:09:42,649 | INFO | Dataframe criado com sucesso
2026-08-12 00:09:42,650 | INFO | Pasta criada com sucesso
2026-08-12 00:09:42,664 | INFO | Extração concluída
2026-08-12 00:09:42,665 | INFO | Foram extraídos 3685 registros
2026-08-12 00:09:42,665 | INFO | ============================================================
2026-08-12 00:09:42,665 | INFO | ============================================================
2026-08-12 00:09:42,665 | INFO | Iniciando extração: moeda=NOK, ano=2008
2026-08-12 00:09:43,360 | INFO | Consulta feita com sucesso!
2026-08-12 00:09:43,371 | INFO | Dataframe criado com sucesso
2026-08-12 00:09:43,372 | INFO | Pasta criada com sucesso
2026-08-12 00:09:43,387 | INFO | Extração concluída
2026-08-12 00:09:43,387 | INFO | Foram extraídos 4292 registros
2026-08-12 00:09:43,387 | INFO | ============================================================
2026-08-12 00:09:43,388 | INFO | ============================================================
2026-08-12 00:09:43,388 | INFO | Iniciando extração: moeda=NOK, ano=2009
2026-08-12 00:09:44,080 | INFO | Consulta feita com sucesso!
2026-08-12 00:09:44,091 | INFO | Dataframe criado com sucesso
2026-08-12 00:09:44,092 | INFO | Pasta criada com sucesso
2026-08-12 00:09:44,107 | INFO | Extração concluída
2026-08-12 00:09:44,107 | INFO | Foram extraídos 4224 registros
2026-08-12 00:09:44,107 | INFO | ============================================================
2026-08-12 00:09:44,108 | INFO | ============================================================
2026-08-12 00:09:44,108 | INFO | Iniciando extração: moeda=NOK, ano=2010
2026-08-12 00:09:44,784 | INFO | Consulta feita com sucesso!
2026-08-12 00:09:44,799 | INFO | Dataframe criado com sucesso
2026-08-12 00:09:44,800 | INFO | Pasta criada com sucesso
2026-08-12 00:09:44,820 | INFO | Extração concluída
2026-08-12 00:09:44,820 | INFO | Foram extraídos 4210 registros
2026-08-12 00:09:44,820 | INFO | ============================================================
2026-08-12 00:09:44,821 | INFO | ============================================================
2026-08-12 00:09:44,821 | INFO | Iniciando extração: moeda=NOK, ano=2011
2026-08-12 00:09:45,555 | INFO | Consulta feita com sucesso!
2026-08-12 00:09:45,563 | INFO | Dataframe criado com sucesso
2026-08-12 00:09:45,564 | INFO | Pasta criada com sucesso
2026-08-12 00:09:45,576 | INFO | Extração concluída
2026-08-12 00:09:45,576 | INFO | Foram extraídos 2737 registros
2026-08-12 00:09:45,576 | INFO | ============================================================
2026-08-12 00:09:45,576 | INFO | ============================================================
2026-08-12 00:09:45,577 | INFO | Iniciando extração: moeda=NOK, ano=2012
2026-08-12 00:09:46,213 | INFO | Consulta feita com sucesso!
2026-08-12 00:09:46,217 | INFO | Dataframe criado com sucesso
2026-08-12 00:09:46,218 | INFO | Pasta criada com sucesso
2026-08-12 00:09:46,225 | INFO | Extração concluída
2026-08-12 00:09:46,225 | INFO | Foram extraídos 1250 registros
2026-08-12 00:09:46,226 | INFO | ============================================================
2026-08-12 00:09:46,226 | INFO | ============================================================
2026-08-12 00:09:46,226 | INFO | Iniciando extração: moeda=NOK, ano=2013
2026-08-12 00:09:46,899 | INFO | Consulta feita com sucesso!
2026-08-12 00:09:46,903 | INFO | Dataframe criado com sucesso
2026-08-12 00:09:46,904 | INFO | Pasta criada com sucesso
2026-08-12 00:09:46,910 | INFO | Extração concluída
2026-08-12 00:09:46,910 | INFO | Foram extraídos 1259 registros
2026-08-12 00:09:46,911 | INFO | ============================================================
2026-08-12 00:09:46,911 | INFO | ============================================================
2026-08-12 00:09:46,911 | INFO | Iniciando extração: moeda=NOK, ano=2014
2026-08-12 00:09:47,428 | INFO | Consulta feita com sucesso!
2026-08-12 00:09:47,432 | INFO | Dataframe criado com sucesso
2026-08-12 00:09:47,433 | INFO | Pasta criada com sucesso
2026-08-12 00:09:47,439 | INFO | Extração concluída
2026-08-12 00:09:47,439 | INFO | Foram extraídos 1254 registros
2026-08-12 00:09:47,439 | INFO | ============================================================
2026-08-12 00:09:47,439 | INFO | ============================================================
2026-08-12 00:09:47,439 | INFO | Iniciando extração: moeda=NOK, ano=2015
2026-08-12 00:09:48,025 | INFO | Consulta feita com sucesso!
2026-08-12 00:09:48,029 | INFO | Dataframe criado com sucesso
2026-08-12 00:09:48,030 | INFO | Pasta criada com sucesso
2026-08-12 00:09:48,036 | INFO | Extração concluída
2026-08-12 00:09:48,036 | INFO | Foram extraídos 1244 registros
2026-08-12 00:09:48,037 | INFO | ============================================================
2026-08-12 00:09:48,037 | INFO | ============================================================
2026-08-12 00:09:48,037 | INFO | Iniciando extração: moeda=NOK, ano=2016
2026-08-12 00:09:48,628 | INFO | Consulta feita com sucesso!
2026-08-12 00:09:48,632 | INFO | Dataframe criado com sucesso
2026-08-12 00:09:48,632 | INFO | Pasta criada com sucesso
2026-08-12 00:09:48,640 | INFO | Extração concluída
2026-08-12 00:09:48,640 | INFO | Foram extraídos 1253 registros
2026-08-12 00:09:48,640 | INFO | ============================================================
2026-08-12 00:09:48,641 | INFO | ============================================================
2026-08-12 00:09:48,641 | INFO | Iniciando extração: moeda=NOK, ano=2017
2026-08-12 00:09:49,496 | INFO | Consulta feita com sucesso!
2026-08-12 00:09:49,501 | INFO | Dataframe criado com sucesso
2026-08-12 00:09:49,501 | INFO | Pasta criada com sucesso
2026-08-12 00:09:49,508 | INFO | Extração concluída
2026-08-12 00:09:49,508 | INFO | Foram extraídos 1243 registros
2026-08-12 00:09:49,508 | INFO | ============================================================
2026-08-12 00:09:49,508 | INFO | ============================================================
2026-08-12 00:09:49,509 | INFO | Iniciando extração: moeda=NOK, ano=2018
2026-08-12 00:09:50,158 | INFO | Consulta feita com sucesso!
2026-08-12 00:09:50,163 | INFO | Dataframe criado com sucesso
2026-08-12 00:09:50,163 | INFO | Pasta criada com sucesso
2026-08-12 00:09:50,170 | INFO | Extração concluída
2026-08-12 00:09:50,170 | INFO | Foram extraídos 1244 registros
2026-08-12 00:09:50,170 | INFO | ============================================================
2026-08-12 00:09:50,170 | INFO | ============================================================
2026-08-12 00:09:50,170 | INFO | Iniciando extração: moeda=NOK, ano=2019
2026-08-12 00:09:50,762 | INFO | Consulta feita com sucesso!
2026-08-12 00:09:50,767 | INFO | Dataframe criado com sucesso
2026-08-12 00:09:50,768 | INFO | Pasta criada com sucesso
2026-08-12 00:09:50,774 | INFO | Extração concluída
2026-08-12 00:09:50,774 | INFO | Foram extraídos 1259 registros
2026-08-12 00:09:50,775 | INFO | ============================================================
2026-08-12 00:09:50,775 | INFO | ============================================================
2026-08-12 00:09:50,775 | INFO | Iniciando extração: moeda=NOK, ano=2020
2026-08-12 00:09:51,585 | INFO | Consulta feita com sucesso!
2026-08-12 00:09:51,589 | INFO | Dataframe criado com sucesso
2026-08-12 00:09:51,590 | INFO | Pasta criada com sucesso
2026-08-12 00:09:51,597 | INFO | Extração concluída
2026-08-12 00:09:51,597 | INFO | Foram extraídos 1248 registros
2026-08-12 00:09:51,597 | INFO | ============================================================
2026-08-12 00:09:51,598 | INFO | ============================================================
2026-08-12 00:09:51,598 | INFO | Iniciando extração: moeda=NOK, ano=2021
2026-08-12 00:09:52,124 | INFO | Consulta feita com sucesso!
2026-08-12 00:09:52,129 | INFO | Dataframe criado com sucesso
2026-08-12 00:09:52,130 | INFO | Pasta criada com sucesso
2026-08-12 00:09:52,136 | INFO | Extração concluída
2026-08-12 00:09:52,136 | INFO | Foram extraídos 1248 registros
2026-08-12 00:09:52,136 | INFO | ============================================================
2026-08-12 00:09:52,136 | INFO | ============================================================
2026-08-12 00:09:52,137 | INFO | Iniciando extração: moeda=NOK, ano=2022
2026-08-12 00:09:52,780 | INFO | Consulta feita com sucesso!
2026-08-12 00:09:52,784 | INFO | Dataframe criado com sucesso
2026-08-12 00:09:52,785 | INFO | Pasta criada com sucesso
2026-08-12 00:09:52,791 | INFO | Extração concluída
2026-08-12 00:09:52,791 | INFO | Foram extraídos 1250 registros
2026-08-12 00:09:52,792 | INFO | ============================================================
2026-08-12 00:09:52,792 | INFO | ============================================================
2026-08-12 00:09:52,792 | INFO | Iniciando extração: moeda=NOK, ano=2023
2026-08-12 00:09:53,357 | INFO | Consulta feita com sucesso!
2026-08-12 00:09:53,362 | INFO | Dataframe criado com sucesso
2026-08-12 00:09:53,362 | INFO | Pasta criada com sucesso
2026-08-12 00:09:53,369 | INFO | Extração concluída
2026-08-12 00:09:53,369 | INFO | Foram extraídos 1240 registros
2026-08-12 00:09:53,369 | INFO | ============================================================
2026-08-12 00:09:53,369 | INFO | ============================================================
2026-08-12 00:09:53,369 | INFO | Iniciando extração: moeda=NOK, ano=2024
2026-08-12 00:09:54,028 | INFO | Consulta feita com sucesso!
2026-08-12 00:09:54,032 | INFO | Dataframe criado com sucesso
2026-08-12 00:09:54,032 | INFO | Pasta criada com sucesso
2026-08-12 00:09:54,037 | INFO | Extração concluída
2026-08-12 00:09:54,037 | INFO | Foram extraídos 1258 registros
2026-08-12 00:09:54,037 | INFO | ============================================================
2026-08-12 00:09:54,038 | INFO | ============================================================
2026-08-12 00:09:54,038 | INFO | Iniciando extração: moeda=NOK, ano=2025
2026-08-12 00:09:54,633 | INFO | Consulta feita com sucesso!
2026-08-12 00:09:54,637 | INFO | Dataframe criado com sucesso
2026-08-12 00:09:54,638 | INFO | Pasta criada com sucesso
2026-08-12 00:09:54,645 | INFO | Extração concluída
2026-08-12 00:09:54,645 | INFO | Foram extraídos 1254 registros
2026-08-12 00:09:54,645 | INFO | ============================================================
2026-08-12 00:09:54,646 | INFO | ============================================================
2026-08-12 00:09:54,646 | INFO | Iniciando extração: moeda=NOK, ano=2026
2026-08-12 00:09:55,207 | INFO | Consulta feita com sucesso!
2026-08-12 00:09:55,210 | INFO | Dataframe criado com sucesso
2026-08-12 00:09:55,210 | INFO | Pasta criada com sucesso
2026-08-12 00:09:55,214 | INFO | Extração concluída
2026-08-12 00:09:55,214 | INFO | Foram extraídos 758 registros
2026-08-12 00:09:55,215 | INFO | ============================================================
2026-08-12 00:09:55,215 | INFO | ============================================================
2026-08-12 00:09:55,215 | INFO | Iniciando extração: moeda=SEK, ano=2000
2026-08-12 00:09:55,972 | INFO | Consulta feita com sucesso!
2026-08-12 00:09:55,985 | INFO | Dataframe criado com sucesso
2026-08-12 00:09:55,985 | INFO | Pasta criada com sucesso
2026-08-12 00:09:56,002 | INFO | Extração concluída
2026-08-12 00:09:56,002 | INFO | Foram extraídos 4250 registros
2026-08-12 00:09:56,002 | INFO | ============================================================
2026-08-12 00:09:56,002 | INFO | ============================================================
2026-08-12 00:09:56,003 | INFO | Iniciando extração: moeda=SEK, ano=2001
2026-08-12 00:09:56,721 | INFO | Consulta feita com sucesso!
2026-08-12 00:09:56,734 | INFO | Dataframe criado com sucesso
2026-08-12 00:09:56,734 | INFO | Pasta criada com sucesso
2026-08-12 00:09:56,750 | INFO | Extração concluída
2026-08-12 00:09:56,751 | INFO | Foram extraídos 4090 registros
2026-08-12 00:09:56,751 | INFO | ============================================================
2026-08-12 00:09:56,751 | INFO | ============================================================
2026-08-12 00:09:56,751 | INFO | Iniciando extração: moeda=SEK, ano=2002
2026-08-12 00:09:57,396 | INFO | Consulta feita com sucesso!
2026-08-12 00:09:57,407 | INFO | Dataframe criado com sucesso
2026-08-12 00:09:57,408 | INFO | Pasta criada com sucesso
2026-08-12 00:09:57,426 | INFO | Extração concluída
2026-08-12 00:09:57,426 | INFO | Foram extraídos 4029 registros
2026-08-12 00:09:57,426 | INFO | ============================================================
2026-08-12 00:09:57,426 | INFO | ============================================================
2026-08-12 00:09:57,426 | INFO | Iniciando extração: moeda=SEK, ano=2003
2026-08-12 00:09:58,150 | INFO | Consulta feita com sucesso!
2026-08-12 00:09:58,161 | INFO | Dataframe criado com sucesso
2026-08-12 00:09:58,162 | INFO | Pasta criada com sucesso
2026-08-12 00:09:58,178 | INFO | Extração concluída
2026-08-12 00:09:58,178 | INFO | Foram extraídos 4025 registros
2026-08-12 00:09:58,179 | INFO | ============================================================
2026-08-12 00:09:58,179 | INFO | ============================================================
2026-08-12 00:09:58,179 | INFO | Iniciando extração: moeda=SEK, ano=2004
2026-08-12 00:09:58,828 | INFO | Consulta feita com sucesso!
2026-08-12 00:09:58,840 | INFO | Dataframe criado com sucesso
2026-08-12 00:09:58,840 | INFO | Pasta criada com sucesso
2026-08-12 00:09:58,856 | INFO | Extração concluída
2026-08-12 00:09:58,856 | INFO | Foram extraídos 3864 registros
2026-08-12 00:09:58,857 | INFO | ============================================================
2026-08-12 00:09:58,857 | INFO | ============================================================
2026-08-12 00:09:58,857 | INFO | Iniciando extração: moeda=SEK, ano=2005
2026-08-12 00:09:59,584 | INFO | Consulta feita com sucesso!
2026-08-12 00:09:59,595 | INFO | Dataframe criado com sucesso
2026-08-12 00:09:59,596 | INFO | Pasta criada com sucesso
2026-08-12 00:09:59,608 | INFO | Extração concluída
2026-08-12 00:09:59,609 | INFO | Foram extraídos 3631 registros
2026-08-12 00:09:59,609 | INFO | ============================================================
2026-08-12 00:09:59,609 | INFO | ============================================================
2026-08-12 00:09:59,610 | INFO | Iniciando extração: moeda=SEK, ano=2006
2026-08-12 00:10:00,374 | INFO | Consulta feita com sucesso!
2026-08-12 00:10:00,387 | INFO | Dataframe criado com sucesso
2026-08-12 00:10:00,387 | INFO | Pasta criada com sucesso
2026-08-12 00:10:00,405 | INFO | Extração concluída
2026-08-12 00:10:00,405 | INFO | Foram extraídos 4128 registros
2026-08-12 00:10:00,406 | INFO | ============================================================
2026-08-12 00:10:00,406 | INFO | ============================================================
2026-08-12 00:10:00,406 | INFO | Iniciando extração: moeda=SEK, ano=2007
2026-08-12 00:10:01,158 | INFO | Consulta feita com sucesso!
2026-08-12 00:10:01,170 | INFO | Dataframe criado com sucesso
2026-08-12 00:10:01,171 | INFO | Pasta criada com sucesso
2026-08-12 00:10:01,185 | INFO | Extração concluída
2026-08-12 00:10:01,185 | INFO | Foram extraídos 3685 registros
2026-08-12 00:10:01,185 | INFO | ============================================================
2026-08-12 00:10:01,185 | INFO | ============================================================
2026-08-12 00:10:01,185 | INFO | Iniciando extração: moeda=SEK, ano=2008
2026-08-12 00:10:01,986 | INFO | Consulta feita com sucesso!
2026-08-12 00:10:01,998 | INFO | Dataframe criado com sucesso
2026-08-12 00:10:01,999 | INFO | Pasta criada com sucesso
2026-08-12 00:10:02,018 | INFO | Extração concluída
2026-08-12 00:10:02,018 | INFO | Foram extraídos 4292 registros
2026-08-12 00:10:02,019 | INFO | ============================================================
2026-08-12 00:10:02,019 | INFO | ============================================================
2026-08-12 00:10:02,019 | INFO | Iniciando extração: moeda=SEK, ano=2009
2026-08-12 00:10:02,842 | INFO | Consulta feita com sucesso!
2026-08-12 00:10:02,855 | INFO | Dataframe criado com sucesso
2026-08-12 00:10:02,855 | INFO | Pasta criada com sucesso
2026-08-12 00:10:02,872 | INFO | Extração concluída
2026-08-12 00:10:02,872 | INFO | Foram extraídos 4224 registros
2026-08-12 00:10:02,873 | INFO | ============================================================
2026-08-12 00:10:02,873 | INFO | ============================================================
2026-08-12 00:10:02,873 | INFO | Iniciando extração: moeda=SEK, ano=2010
2026-08-12 00:10:03,631 | INFO | Consulta feita com sucesso!
2026-08-12 00:10:03,642 | INFO | Dataframe criado com sucesso
2026-08-12 00:10:03,643 | INFO | Pasta criada com sucesso
2026-08-12 00:10:03,660 | INFO | Extração concluída
2026-08-12 00:10:03,660 | INFO | Foram extraídos 4210 registros
2026-08-12 00:10:03,661 | INFO | ============================================================
2026-08-12 00:10:03,661 | INFO | ============================================================
2026-08-12 00:10:03,661 | INFO | Iniciando extração: moeda=SEK, ano=2011
2026-08-12 00:10:04,221 | INFO | Consulta feita com sucesso!
2026-08-12 00:10:04,230 | INFO | Dataframe criado com sucesso
2026-08-12 00:10:04,231 | INFO | Pasta criada com sucesso
2026-08-12 00:10:04,246 | INFO | Extração concluída
2026-08-12 00:10:04,247 | INFO | Foram extraídos 2737 registros
2026-08-12 00:10:04,247 | INFO | ============================================================
2026-08-12 00:10:04,247 | INFO | ============================================================
2026-08-12 00:10:04,247 | INFO | Iniciando extração: moeda=SEK, ano=2012
2026-08-12 00:10:04,914 | INFO | Consulta feita com sucesso!
2026-08-12 00:10:04,919 | INFO | Dataframe criado com sucesso
2026-08-12 00:10:04,920 | INFO | Pasta criada com sucesso
2026-08-12 00:10:04,926 | INFO | Extração concluída
2026-08-12 00:10:04,927 | INFO | Foram extraídos 1250 registros
2026-08-12 00:10:04,927 | INFO | ============================================================
2026-08-12 00:10:04,927 | INFO | ============================================================
2026-08-12 00:10:04,927 | INFO | Iniciando extração: moeda=SEK, ano=2013
2026-08-12 00:10:05,498 | INFO | Consulta feita com sucesso!
2026-08-12 00:10:05,502 | INFO | Dataframe criado com sucesso
2026-08-12 00:10:05,503 | INFO | Pasta criada com sucesso
2026-08-12 00:10:05,510 | INFO | Extração concluída
2026-08-12 00:10:05,510 | INFO | Foram extraídos 1259 registros
2026-08-12 00:10:05,511 | INFO | ============================================================
2026-08-12 00:10:05,511 | INFO | ============================================================
2026-08-12 00:10:05,511 | INFO | Iniciando extração: moeda=SEK, ano=2014
2026-08-12 00:10:06,088 | INFO | Consulta feita com sucesso!
2026-08-12 00:10:06,091 | INFO | Dataframe criado com sucesso
2026-08-12 00:10:06,092 | INFO | Pasta criada com sucesso
2026-08-12 00:10:06,097 | INFO | Extração concluída
2026-08-12 00:10:06,098 | INFO | Foram extraídos 1254 registros
2026-08-12 00:10:06,098 | INFO | ============================================================
2026-08-12 00:10:06,098 | INFO | ============================================================
2026-08-12 00:10:06,098 | INFO | Iniciando extração: moeda=SEK, ano=2015
2026-08-12 00:10:06,761 | INFO | Consulta feita com sucesso!
2026-08-12 00:10:06,765 | INFO | Dataframe criado com sucesso
2026-08-12 00:10:06,766 | INFO | Pasta criada com sucesso
2026-08-12 00:10:06,773 | INFO | Extração concluída
2026-08-12 00:10:06,773 | INFO | Foram extraídos 1244 registros
2026-08-12 00:10:06,773 | INFO | ============================================================
2026-08-12 00:10:06,773 | INFO | ============================================================
2026-08-12 00:10:06,773 | INFO | Iniciando extração: moeda=SEK, ano=2016
2026-08-12 00:10:07,372 | INFO | Consulta feita com sucesso!
2026-08-12 00:10:07,375 | INFO | Dataframe criado com sucesso
2026-08-12 00:10:07,376 | INFO | Pasta criada com sucesso
2026-08-12 00:10:07,383 | INFO | Extração concluída
2026-08-12 00:10:07,383 | INFO | Foram extraídos 1253 registros
2026-08-12 00:10:07,383 | INFO | ============================================================
2026-08-12 00:10:07,383 | INFO | ============================================================
2026-08-12 00:10:07,384 | INFO | Iniciando extração: moeda=SEK, ano=2017
2026-08-12 00:10:07,992 | INFO | Consulta feita com sucesso!
2026-08-12 00:10:07,997 | INFO | Dataframe criado com sucesso
2026-08-12 00:10:07,997 | INFO | Pasta criada com sucesso
2026-08-12 00:10:08,003 | INFO | Extração concluída
2026-08-12 00:10:08,003 | INFO | Foram extraídos 1243 registros
2026-08-12 00:10:08,003 | INFO | ============================================================
2026-08-12 00:10:08,003 | INFO | ============================================================
2026-08-12 00:10:08,004 | INFO | Iniciando extração: moeda=SEK, ano=2018
2026-08-12 00:10:08,591 | INFO | Consulta feita com sucesso!
2026-08-12 00:10:08,595 | INFO | Dataframe criado com sucesso
2026-08-12 00:10:08,596 | INFO | Pasta criada com sucesso
2026-08-12 00:10:08,602 | INFO | Extração concluída
2026-08-12 00:10:08,602 | INFO | Foram extraídos 1244 registros
2026-08-12 00:10:08,602 | INFO | ============================================================
2026-08-12 00:10:08,602 | INFO | ============================================================
2026-08-12 00:10:08,603 | INFO | Iniciando extração: moeda=SEK, ano=2019
2026-08-12 00:10:09,208 | INFO | Consulta feita com sucesso!
2026-08-12 00:10:09,212 | INFO | Dataframe criado com sucesso
2026-08-12 00:10:09,212 | INFO | Pasta criada com sucesso
2026-08-12 00:10:09,218 | INFO | Extração concluída
2026-08-12 00:10:09,219 | INFO | Foram extraídos 1259 registros
2026-08-12 00:10:09,219 | INFO | ============================================================
2026-08-12 00:10:09,219 | INFO | ============================================================
2026-08-12 00:10:09,219 | INFO | Iniciando extração: moeda=SEK, ano=2020
2026-08-12 00:10:09,917 | INFO | Consulta feita com sucesso!
2026-08-12 00:10:09,921 | INFO | Dataframe criado com sucesso
2026-08-12 00:10:09,922 | INFO | Pasta criada com sucesso
2026-08-12 00:10:09,928 | INFO | Extração concluída
2026-08-12 00:10:09,928 | INFO | Foram extraídos 1248 registros
2026-08-12 00:10:09,929 | INFO | ============================================================
2026-08-12 00:10:09,929 | INFO | ============================================================
2026-08-12 00:10:09,929 | INFO | Iniciando extração: moeda=SEK, ano=2021
2026-08-12 00:10:10,528 | INFO | Consulta feita com sucesso!
2026-08-12 00:10:10,532 | INFO | Dataframe criado com sucesso
2026-08-12 00:10:10,532 | INFO | Pasta criada com sucesso
2026-08-12 00:10:10,537 | INFO | Extração concluída
2026-08-12 00:10:10,538 | INFO | Foram extraídos 1248 registros
2026-08-12 00:10:10,538 | INFO | ============================================================
2026-08-12 00:10:10,538 | INFO | ============================================================
2026-08-12 00:10:10,538 | INFO | Iniciando extração: moeda=SEK, ano=2022
2026-08-12 00:10:11,093 | INFO | Consulta feita com sucesso!
2026-08-12 00:10:11,097 | INFO | Dataframe criado com sucesso
2026-08-12 00:10:11,098 | INFO | Pasta criada com sucesso
2026-08-12 00:10:11,106 | INFO | Extração concluída
2026-08-12 00:10:11,106 | INFO | Foram extraídos 1250 registros
2026-08-12 00:10:11,106 | INFO | ============================================================
2026-08-12 00:10:11,106 | INFO | ============================================================
2026-08-12 00:10:11,107 | INFO | Iniciando extração: moeda=SEK, ano=2023
2026-08-12 00:10:11,761 | INFO | Consulta feita com sucesso!
2026-08-12 00:10:11,766 | INFO | Dataframe criado com sucesso
2026-08-12 00:10:11,766 | INFO | Pasta criada com sucesso
2026-08-12 00:10:11,774 | INFO | Extração concluída
2026-08-12 00:10:11,774 | INFO | Foram extraídos 1240 registros
2026-08-12 00:10:11,774 | INFO | ============================================================
2026-08-12 00:10:11,774 | INFO | ============================================================
2026-08-12 00:10:11,775 | INFO | Iniciando extração: moeda=SEK, ano=2024
2026-08-12 00:10:12,381 | INFO | Consulta feita com sucesso!
2026-08-12 00:10:12,384 | INFO | Dataframe criado com sucesso
2026-08-12 00:10:12,385 | INFO | Pasta criada com sucesso
2026-08-12 00:10:12,390 | INFO | Extração concluída
2026-08-12 00:10:12,390 | INFO | Foram extraídos 1258 registros
2026-08-12 00:10:12,390 | INFO | ============================================================
2026-08-12 00:10:12,390 | INFO | ============================================================
2026-08-12 00:10:12,391 | INFO | Iniciando extração: moeda=SEK, ano=2025
2026-08-12 00:10:12,954 | INFO | Consulta feita com sucesso!
2026-08-12 00:10:12,957 | INFO | Dataframe criado com sucesso
2026-08-12 00:10:12,958 | INFO | Pasta criada com sucesso
2026-08-12 00:10:12,962 | INFO | Extração concluída
2026-08-12 00:10:12,963 | INFO | Foram extraídos 1254 registros
2026-08-12 00:10:12,963 | INFO | ============================================================
2026-08-12 00:10:12,963 | INFO | ============================================================
2026-08-12 00:10:12,963 | INFO | Iniciando extração: moeda=SEK, ano=2026
2026-08-12 00:10:13,502 | INFO | Consulta feita com sucesso!
2026-08-12 00:10:13,505 | INFO | Dataframe criado com sucesso
2026-08-12 00:10:13,505 | INFO | Pasta criada com sucesso
2026-08-12 00:10:13,509 | INFO | Extração concluída
2026-08-12 00:10:13,510 | INFO | Foram extraídos 758 registros
2026-08-12 00:10:13,510 | INFO | ============================================================
2026-08-12 00:10:13,510 | INFO | ============================================================
2026-08-12 00:10:13,510 | INFO | Iniciando extração: moeda=USD, ano=2000
2026-08-12 00:10:14,159 | INFO | Consulta feita com sucesso!
2026-08-12 00:10:14,169 | INFO | Dataframe criado com sucesso
2026-08-12 00:10:14,169 | INFO | Pasta criada com sucesso
2026-08-12 00:10:14,186 | INFO | Extração concluída
2026-08-12 00:10:14,186 | INFO | Foram extraídos 4250 registros
2026-08-12 00:10:14,187 | INFO | ============================================================
2026-08-12 00:10:14,187 | INFO | ============================================================
2026-08-12 00:10:14,187 | INFO | Iniciando extração: moeda=USD, ano=2001
2026-08-12 00:10:15,034 | INFO | Consulta feita com sucesso!
2026-08-12 00:10:15,046 | INFO | Dataframe criado com sucesso
2026-08-12 00:10:15,046 | INFO | Pasta criada com sucesso
2026-08-12 00:10:15,060 | INFO | Extração concluída
2026-08-12 00:10:15,060 | INFO | Foram extraídos 4091 registros
2026-08-12 00:10:15,060 | INFO | ============================================================
2026-08-12 00:10:15,061 | INFO | ============================================================
2026-08-12 00:10:15,061 | INFO | Iniciando extração: moeda=USD, ano=2002
2026-08-12 00:10:15,776 | INFO | Consulta feita com sucesso!
2026-08-12 00:10:15,785 | INFO | Dataframe criado com sucesso
2026-08-12 00:10:15,785 | INFO | Pasta criada com sucesso
2026-08-12 00:10:15,800 | INFO | Extração concluída
2026-08-12 00:10:15,800 | INFO | Foram extraídos 4029 registros
2026-08-12 00:10:15,800 | INFO | ============================================================
2026-08-12 00:10:15,801 | INFO | ============================================================
2026-08-12 00:10:15,801 | INFO | Iniciando extração: moeda=USD, ano=2003
2026-08-12 00:10:16,477 | INFO | Consulta feita com sucesso!
2026-08-12 00:10:16,492 | INFO | Dataframe criado com sucesso
2026-08-12 00:10:16,493 | INFO | Pasta criada com sucesso
2026-08-12 00:10:16,510 | INFO | Extração concluída
2026-08-12 00:10:16,511 | INFO | Foram extraídos 4025 registros
2026-08-12 00:10:16,511 | INFO | ============================================================
2026-08-12 00:10:16,511 | INFO | ============================================================
2026-08-12 00:10:16,511 | INFO | Iniciando extração: moeda=USD, ano=2004
2026-08-12 00:10:17,278 | INFO | Consulta feita com sucesso!
2026-08-12 00:10:17,288 | INFO | Dataframe criado com sucesso
2026-08-12 00:10:17,289 | INFO | Pasta criada com sucesso
2026-08-12 00:10:17,303 | INFO | Extração concluída
2026-08-12 00:10:17,304 | INFO | Foram extraídos 3864 registros
2026-08-12 00:10:17,304 | INFO | ============================================================
2026-08-12 00:10:17,304 | INFO | ============================================================
2026-08-12 00:10:17,304 | INFO | Iniciando extração: moeda=USD, ano=2005
2026-08-12 00:10:18,160 | INFO | Consulta feita com sucesso!
2026-08-12 00:10:18,170 | INFO | Dataframe criado com sucesso
2026-08-12 00:10:18,171 | INFO | Pasta criada com sucesso
2026-08-12 00:10:18,184 | INFO | Extração concluída
2026-08-12 00:10:18,184 | INFO | Foram extraídos 3631 registros
2026-08-12 00:10:18,184 | INFO | ============================================================
2026-08-12 00:10:18,184 | INFO | ============================================================
2026-08-12 00:10:18,185 | INFO | Iniciando extração: moeda=USD, ano=2006
2026-08-12 00:10:18,852 | INFO | Consulta feita com sucesso!
2026-08-12 00:10:18,864 | INFO | Dataframe criado com sucesso
2026-08-12 00:10:18,865 | INFO | Pasta criada com sucesso
2026-08-12 00:10:18,880 | INFO | Extração concluída
2026-08-12 00:10:18,881 | INFO | Foram extraídos 4128 registros
2026-08-12 00:10:18,881 | INFO | ============================================================
2026-08-12 00:10:18,881 | INFO | ============================================================
2026-08-12 00:10:18,881 | INFO | Iniciando extração: moeda=USD, ano=2007
2026-08-12 00:10:19,549 | INFO | Consulta feita com sucesso!
2026-08-12 00:10:19,560 | INFO | Dataframe criado com sucesso
2026-08-12 00:10:19,561 | INFO | Pasta criada com sucesso
2026-08-12 00:10:19,576 | INFO | Extração concluída
2026-08-12 00:10:19,576 | INFO | Foram extraídos 3685 registros
2026-08-12 00:10:19,576 | INFO | ============================================================
2026-08-12 00:10:19,576 | INFO | ============================================================
2026-08-12 00:10:19,577 | INFO | Iniciando extração: moeda=USD, ano=2008
2026-08-12 00:10:20,280 | INFO | Consulta feita com sucesso!
2026-08-12 00:10:20,294 | INFO | Dataframe criado com sucesso
2026-08-12 00:10:20,295 | INFO | Pasta criada com sucesso
2026-08-12 00:10:20,311 | INFO | Extração concluída
2026-08-12 00:10:20,311 | INFO | Foram extraídos 4292 registros
2026-08-12 00:10:20,312 | INFO | ============================================================
2026-08-12 00:10:20,312 | INFO | ============================================================
2026-08-12 00:10:20,312 | INFO | Iniciando extração: moeda=USD, ano=2009
2026-08-12 00:10:21,017 | INFO | Consulta feita com sucesso!
2026-08-12 00:10:21,029 | INFO | Dataframe criado com sucesso
2026-08-12 00:10:21,030 | INFO | Pasta criada com sucesso
2026-08-12 00:10:21,047 | INFO | Extração concluída
2026-08-12 00:10:21,047 | INFO | Foram extraídos 4224 registros
2026-08-12 00:10:21,048 | INFO | ============================================================
2026-08-12 00:10:21,048 | INFO | ============================================================
2026-08-12 00:10:21,048 | INFO | Iniciando extração: moeda=USD, ano=2010
2026-08-12 00:10:21,767 | INFO | Consulta feita com sucesso!
2026-08-12 00:10:21,778 | INFO | Dataframe criado com sucesso
2026-08-12 00:10:21,779 | INFO | Pasta criada com sucesso
2026-08-12 00:10:21,796 | INFO | Extração concluída
2026-08-12 00:10:21,796 | INFO | Foram extraídos 4210 registros
2026-08-12 00:10:21,796 | INFO | ============================================================
2026-08-12 00:10:21,797 | INFO | ============================================================
2026-08-12 00:10:21,797 | INFO | Iniciando extração: moeda=USD, ano=2011
2026-08-12 00:10:22,450 | INFO | Consulta feita com sucesso!
2026-08-12 00:10:22,459 | INFO | Dataframe criado com sucesso
2026-08-12 00:10:22,460 | INFO | Pasta criada com sucesso
2026-08-12 00:10:22,472 | INFO | Extração concluída
2026-08-12 00:10:22,472 | INFO | Foram extraídos 2737 registros
2026-08-12 00:10:22,473 | INFO | ============================================================
2026-08-12 00:10:22,473 | INFO | ============================================================
2026-08-12 00:10:22,473 | INFO | Iniciando extração: moeda=USD, ano=2012
2026-08-12 00:10:23,098 | INFO | Consulta feita com sucesso!
2026-08-12 00:10:23,103 | INFO | Dataframe criado com sucesso
2026-08-12 00:10:23,103 | INFO | Pasta criada com sucesso
2026-08-12 00:10:23,109 | INFO | Extração concluída
2026-08-12 00:10:23,109 | INFO | Foram extraídos 1250 registros
2026-08-12 00:10:23,109 | INFO | ============================================================
2026-08-12 00:10:23,110 | INFO | ============================================================
2026-08-12 00:10:23,110 | INFO | Iniciando extração: moeda=USD, ano=2013
2026-08-12 00:10:23,700 | INFO | Consulta feita com sucesso!
2026-08-12 00:10:23,704 | INFO | Dataframe criado com sucesso
2026-08-12 00:10:23,705 | INFO | Pasta criada com sucesso
2026-08-12 00:10:23,712 | INFO | Extração concluída
2026-08-12 00:10:23,712 | INFO | Foram extraídos 1259 registros
2026-08-12 00:10:23,713 | INFO | ============================================================
2026-08-12 00:10:23,713 | INFO | ============================================================
2026-08-12 00:10:23,713 | INFO | Iniciando extração: moeda=USD, ano=2014
2026-08-12 00:10:24,224 | INFO | Consulta feita com sucesso!
2026-08-12 00:10:24,228 | INFO | Dataframe criado com sucesso
2026-08-12 00:10:24,229 | INFO | Pasta criada com sucesso
2026-08-12 00:10:24,235 | INFO | Extração concluída
2026-08-12 00:10:24,235 | INFO | Foram extraídos 1254 registros
2026-08-12 00:10:24,236 | INFO | ============================================================
2026-08-12 00:10:24,236 | INFO | ============================================================
2026-08-12 00:10:24,236 | INFO | Iniciando extração: moeda=USD, ano=2015
2026-08-12 00:10:24,815 | INFO | Consulta feita com sucesso!
2026-08-12 00:10:24,818 | INFO | Dataframe criado com sucesso
2026-08-12 00:10:24,819 | INFO | Pasta criada com sucesso
2026-08-12 00:10:24,823 | INFO | Extração concluída
2026-08-12 00:10:24,824 | INFO | Foram extraídos 1244 registros
2026-08-12 00:10:24,824 | INFO | ============================================================
2026-08-12 00:10:24,824 | INFO | ============================================================
2026-08-12 00:10:24,824 | INFO | Iniciando extração: moeda=USD, ano=2016
2026-08-12 00:10:25,438 | INFO | Consulta feita com sucesso!
2026-08-12 00:10:25,442 | INFO | Dataframe criado com sucesso
2026-08-12 00:10:25,443 | INFO | Pasta criada com sucesso
2026-08-12 00:10:25,447 | INFO | Extração concluída
2026-08-12 00:10:25,448 | INFO | Foram extraídos 1253 registros
2026-08-12 00:10:25,448 | INFO | ============================================================
2026-08-12 00:10:25,448 | INFO | ============================================================
2026-08-12 00:10:25,448 | INFO | Iniciando extração: moeda=USD, ano=2017
2026-08-12 00:10:26,125 | INFO | Consulta feita com sucesso!
2026-08-12 00:10:26,129 | INFO | Dataframe criado com sucesso
2026-08-12 00:10:26,130 | INFO | Pasta criada com sucesso
2026-08-12 00:10:26,136 | INFO | Extração concluída
2026-08-12 00:10:26,136 | INFO | Foram extraídos 1243 registros
2026-08-12 00:10:26,136 | INFO | ============================================================
2026-08-12 00:10:26,137 | INFO | ============================================================
2026-08-12 00:10:26,137 | INFO | Iniciando extração: moeda=USD, ano=2018
2026-08-12 00:10:26,683 | INFO | Consulta feita com sucesso!
2026-08-12 00:10:26,687 | INFO | Dataframe criado com sucesso
2026-08-12 00:10:26,688 | INFO | Pasta criada com sucesso
2026-08-12 00:10:26,696 | INFO | Extração concluída
2026-08-12 00:10:26,696 | INFO | Foram extraídos 1244 registros
2026-08-12 00:10:26,696 | INFO | ============================================================
2026-08-12 00:10:26,696 | INFO | ============================================================
2026-08-12 00:10:26,696 | INFO | Iniciando extração: moeda=USD, ano=2019
2026-08-12 00:10:27,348 | INFO | Consulta feita com sucesso!
2026-08-12 00:10:27,353 | INFO | Dataframe criado com sucesso
2026-08-12 00:10:27,353 | INFO | Pasta criada com sucesso
2026-08-12 00:10:27,360 | INFO | Extração concluída
2026-08-12 00:10:27,361 | INFO | Foram extraídos 1259 registros
2026-08-12 00:10:27,361 | INFO | ============================================================
2026-08-12 00:10:27,361 | INFO | ============================================================
2026-08-12 00:10:27,362 | INFO | Iniciando extração: moeda=USD, ano=2020
2026-08-12 00:10:27,942 | INFO | Consulta feita com sucesso!
2026-08-12 00:10:27,946 | INFO | Dataframe criado com sucesso
2026-08-12 00:10:27,947 | INFO | Pasta criada com sucesso
2026-08-12 00:10:27,954 | INFO | Extração concluída
2026-08-12 00:10:27,954 | INFO | Foram extraídos 1248 registros
2026-08-12 00:10:27,954 | INFO | ============================================================
2026-08-12 00:10:27,955 | INFO | ============================================================
2026-08-12 00:10:27,955 | INFO | Iniciando extração: moeda=USD, ano=2021
2026-08-12 00:10:28,458 | INFO | Consulta feita com sucesso!
2026-08-12 00:10:28,463 | INFO | Dataframe criado com sucesso
2026-08-12 00:10:28,464 | INFO | Pasta criada com sucesso
2026-08-12 00:10:28,470 | INFO | Extração concluída
2026-08-12 00:10:28,470 | INFO | Foram extraídos 1248 registros
2026-08-12 00:10:28,470 | INFO | ============================================================
2026-08-12 00:10:28,470 | INFO | ============================================================
2026-08-12 00:10:28,471 | INFO | Iniciando extração: moeda=USD, ano=2022
2026-08-12 00:10:29,081 | INFO | Consulta feita com sucesso!
2026-08-12 00:10:29,085 | INFO | Dataframe criado com sucesso
2026-08-12 00:10:29,086 | INFO | Pasta criada com sucesso
2026-08-12 00:10:29,092 | INFO | Extração concluída
2026-08-12 00:10:29,092 | INFO | Foram extraídos 1250 registros
2026-08-12 00:10:29,092 | INFO | ============================================================
2026-08-12 00:10:29,092 | INFO | ============================================================
2026-08-12 00:10:29,092 | INFO | Iniciando extração: moeda=USD, ano=2023
2026-08-12 00:10:29,625 | INFO | Consulta feita com sucesso!
2026-08-12 00:10:29,629 | INFO | Dataframe criado com sucesso
2026-08-12 00:10:29,629 | INFO | Pasta criada com sucesso
2026-08-12 00:10:29,635 | INFO | Extração concluída
2026-08-12 00:10:29,635 | INFO | Foram extraídos 1240 registros
2026-08-12 00:10:29,635 | INFO | ============================================================
2026-08-12 00:10:29,635 | INFO | ============================================================
2026-08-12 00:10:29,635 | INFO | Iniciando extração: moeda=USD, ano=2024
2026-08-12 00:10:30,225 | INFO | Consulta feita com sucesso!
2026-08-12 00:10:30,228 | INFO | Dataframe criado com sucesso
2026-08-12 00:10:30,229 | INFO | Pasta criada com sucesso
2026-08-12 00:10:30,236 | INFO | Extração concluída
2026-08-12 00:10:30,236 | INFO | Foram extraídos 1258 registros
2026-08-12 00:10:30,237 | INFO | ============================================================
2026-08-12 00:10:30,237 | INFO | ============================================================
2026-08-12 00:10:30,238 | INFO | Iniciando extração: moeda=USD, ano=2025
2026-08-12 00:10:30,832 | INFO | Consulta feita com sucesso!
2026-08-12 00:10:30,836 | INFO | Dataframe criado com sucesso
2026-08-12 00:10:30,836 | INFO | Pasta criada com sucesso
2026-08-12 00:10:30,843 | INFO | Extração concluída
2026-08-12 00:10:30,843 | INFO | Foram extraídos 1254 registros
2026-08-12 00:10:30,844 | INFO | ============================================================
2026-08-12 00:10:30,844 | INFO | ============================================================
2026-08-12 00:10:30,844 | INFO | Iniciando extração: moeda=USD, ano=2026
2026-08-12 00:10:31,434 | INFO | Consulta feita com sucesso!
2026-08-12 00:10:31,436 | INFO | Dataframe criado com sucesso
2026-08-12 00:10:31,437 | INFO | Pasta criada com sucesso
2026-08-12 00:10:31,441 | INFO | Extração concluída
2026-08-12 00:10:31,441 | INFO | Foram extraídos 758 registros
2026-08-12 00:10:31,441 | INFO | ============================================================
2026-08-12 00:10:31,441 | INFO | ============================================================
2026-08-12 00:10:31,442 | INFO | FIM DA EXTRAÇÃO PTAX
2026-08-12 00:10:31,442 | INFO | ============================================================
