cotacaoCompra,cotacaoVenda,dataHoraCotacao,tipoBoletim
0.02034,0.02047,2011-01-03 09:20:13.074,Abertura
0.02039,0.02042,2011-01-03 09:30:13.75,Intermediário
0.02033,0.02036,2011-01-03 10:00:13.095,Intermediário
0.02034,0.02036,2011-01-03 10:31:37.32,Intermediário
0.02027,0.02029,2011-01-03 11:00:14.201,Intermediário
0.0203,0.02033,2011-01-03 11:30:11.975,Intermediário
0.0203,0.02032,2011-01-03 12:00:18.27,Intermediário
0.0203,0.02032,2011-01-03 12:30:18.583,Intermediário
0.02022,0.02025,2011-01-03 13:00:18.697,Intermediário
0.02022,0.02024,2011-01-03 13:30:13.227,Intermediário
0.02022,0.02025,2011-01-03 14:00:17.686,Intermediário
0.02025,0.02028,2011-01-03 14:30:12.998,Intermediário
0.02017,0.0202,2011-01-03 15:00:19.183,Intermediário
0.02018,0.02021,2011-01-03 15:30:12.685,Intermediário
0.02021,0.02024,2011-01-03 16:00:14.354,Intermediário
0.02022,0.02024,2011-01-03 16:30:12.7,Fechamento Interbancário
0.02023,0.02024,2011-01-03 17:37:45.128,Fechamento
0.02008,0.0202,2011-01-04 09:22:09.51,Abertura
0.02011,0.02013,2011-01-04 09:30:12.8,Intermediário
0.0201,0.02013,2011-01-04 10:00:14.863,Intermediário
0.02008,0.02011,2011-01-04 10:30:12.337,Intermediário
0.02012,0.02015,2011-01-04 11:00:14.295,Intermediário
0.02011,0.02014,2011-01-04 11:30:18.226,Intermediário
0.02013,0.02016,2011-01-04 12:00:16.998,Intermediário
0.02016,0.02018,2011-01-04 12:30:19.535,Intermediário
0.0202,0.02023,2011-01-04 13:00:19.2,Intermediário
0.02022,0.02025,2011-01-04 13:30:59.426,Intermediário
0.02031,0.02034,2011-01-04 14:00:14.021,Intermediário
0.0203,0.02033,2011-01-04 14:30:19.362,Intermediário
0.02035,0.02038,2011-01-04 15:00:16.31,Intermediário
0.02044,0.02047,2011-01-04 15:30:21.296,Intermediário
0.02028,0.02031,2011-01-04 16:00:18.405,Intermediário
0.0203,0.02032,2011-01-04 16:30:14.364,Fechamento Interbancário
0.02021,0.02022,2011-01-04 17:35:47.253,Fechamento
0.02026,0.02038,2011-01-05 09:22:12.958,Abertura
0.02029,0.02032,2011-01-05 09:30:13.558,Intermediário
0.0203,0.02032,2011-01-05 10:00:16.67,Intermediário
0.02024,0.02027,2011-01-05 10:30:15.765,Intermediário
0.02022,0.02025,2011-01-05 11:00:16.915,Intermediário
0.02004,0.02007,2011-01-05 11:30:14.226,Intermediário
0.02007,0.0201,2011-01-05 12:00:19.274,Intermediário
0.02004,0.02006,2011-01-05 12:30:16.439,Intermediário
0.02,0.02002,2011-01-05 13:00:23.436,Intermediário
0.02004,0.02007,2011-01-05 13:30:13.88,Intermediário
0.02004,0.02006,2011-01-05 14:00:16.54,Intermediário
0.02008,0.02011,2011-01-05 14:30:14.496,Intermediário
0.02006,0.02008,2011-01-05 15:00:22.797,Intermediário
0.02012,0.02014,2011-01-05 15:31:09.018,Intermediário
0.02011,0.02014,2011-01-05 16:00:14.924,Intermediário
0.02011,0.02014,2011-01-05 16:30:13.509,Fechamento Interbancário
0.02008,0.02009,2011-01-05 17:35:38.994,Fechamento
0.02019,0.02031,2011-01-06 09:20:17.091,Abertura
0.02019,0.02022,2011-01-06 09:31:53.397,Intermediário
0.02016,0.02019,2011-01-06 10:01:04.016,Intermediário
0.02017,0.02019,2011-01-06 10:30:59.939,Intermediário
0.02022,0.02024,2011-01-06 11:00:15.813,Intermediário
0.02025,0.02027,2011-01-06 11:31:33.884,Intermediário
0.02025,0.02028,2011-01-06 12:00:16.516,Intermediário
0.02027,0.0203,2011-01-06 12:30:14.24,Intermediário
0.02029,0.02032,2011-01-06 13:01:11.902,Intermediário
0.02027,0.0203,2011-01-06 13:30:13.832,Intermediário
0.02031,0.02034,2011-01-06 14:00:15.051,Intermediário
0.02035,0.02038,2011-01-06 14:30:13.232,Intermediário
0.02027,0.0203,2011-01-06 15:00:14.63,Intermediário
0.02028,0.02031,2011-01-06 15:30:11.99,Intermediário
0.02028,0.0203,2011-01-06 16:00:15.288,Intermediário
0.02025,0.02028,2011-01-06 16:30:12.931,Fechamento Interbancário
0.02024,0.02026,2011-01-06 17:37:47.462,Fechamento
0.02016,0.02028,2011-01-07 09:22:09.704,Abertura
0.02019,0.02022,2011-01-07 09:30:14.99,Intermediário
0.02017,0.0202,2011-01-07 10:00:15.097,Intermediário
0.02018,0.02021,2011-01-07 10:30:12.364,Intermediário
0.02017,0.0202,2011-01-07 11:00:15.489,Intermediário
0.0203,0.02034,2011-01-07 11:30:13.789,Intermediário
0.02022,0.02025,2011-01-07 12:00:18.667,Intermediário
0.02019,0.02021,2011-01-07 12:30:14.233,Intermediário
0.02019,0.02022,2011-01-07 13:00:20.952,Intermediário
0.0202,0.02023,2011-01-07 13:30:12.838,Intermediário
0.02024,0.02027,2011-01-07 14:00:19.877,Intermediário
0.02027,0.02029,2011-01-07 14:30:20.395,Intermediário
0.0203,0.02033,2011-01-07 15:00:16.024,Intermediário
0.02035,0.02038,2011-01-07 15:30:12.688,Intermediário
0.02034,0.02037,2011-01-07 16:00:16.793,Intermediário
0.02028,0.02031,2011-01-07 16:30:14.488,Fechamento Interbancário
0.0203,0.02031,2011-01-07 17:35:59.615,Fechamento
0.02026,0.02039,2011-01-10 09:20:11.906,Abertura
0.02031,0.02034,2011-01-10 09:30:13.748,Intermediário
0.02034,0.02036,2011-01-10 10:00:18.793,Intermediário
0.02034,0.02037,2011-01-10 10:30:15.012,Intermediário
0.02037,0.02039,2011-01-10 11:00:17.936,Intermediário
0.02036,0.02039,2011-01-10 11:30:14.548,Intermediário
0.02036,0.02039,2011-01-10 12:00:20.526,Intermediário
0.0204,0.02042,2011-01-10 12:30:15.625,Intermediário
0.02046,0.02048,2011-01-10 13:00:18.608,Intermediário
0.02045,0.02048,2011-01-10 13:30:13.191,Intermediário
0.02046,0.02049,2011-01-10 14:00:16.447,Intermediário
0.02045,0.02048,2011-01-10 14:30:13.864,Intermediário
0.02044,0.02047,2011-01-10 15:01:24.441,Intermediário
0.02043,0.02045,2011-01-10 15:31:17.234,Intermediário
0.0204,0.02043,2011-01-10 16:00:15.028,Intermediário
0.02037,0.0204,2011-01-10 16:30:13.565,Fechamento Interbancário
0.02042,0.02043,2011-01-10 17:35:22.996,Fechamento
0.02025,0.02038,2011-01-11 09:25:45.428,Abertura
0.02028,0.02031,2011-01-11 09:30:13.351,Intermediário
0.02032,0.02035,2011-01-11 10:00:16.662,Intermediário
0.02032,0.02035,2011-01-11 10:31:03.295,Intermediário
0.02035,0.02037,2011-01-11 11:00:15.529,Intermediário
0.02034,0.02037,2011-01-11 11:30:14.749,Intermediário
0.02034,0.02036,2011-01-11 12:00:21.972,Intermediário
0.02032,0.02035,2011-01-11 12:30:12.85,Intermediário
0.02027,0.0203,2011-01-11 13:00:17.52,Intermediário
0.02023,0.02026,2011-01-11 13:30:12.091,Intermediário
0.02024,0.02027,2011-01-11 14:00:13.324,Intermediário
0.02024,0.02027,2011-01-11 14:30:14.225,Intermediário
0.02026,0.02028,2011-01-11 15:00:15.886,Intermediário
0.02023,0.02026,2011-01-11 15:30:12.81,Intermediário
0.02024,0.02027,2011-01-11 16:00:17.49,Intermediário
0.02024,0.02026,2011-01-11 16:30:17.226,Fechamento Interbancário
0.02027,0.02028,2011-01-11 17:35:38.975,Fechamento
0.02013,0.02025,2011-01-12 09:24:08.403,Abertura
0.02016,0.02019,2011-01-12 09:30:13.396,Intermediário
0.02017,0.02019,2011-01-12 10:02:30.952,Intermediário
0.02014,0.02017,2011-01-12 10:30:13.073,Intermediário
0.02015,0.02018,2011-01-12 11:00:15.666,Intermediário
0.02012,0.02015,2011-01-12 11:30:13.219,Intermediário
0.02011,0.02014,2011-01-12 12:00:16.686,Intermediário
0.02013,0.02016,2011-01-12 12:30:12.452,Intermediário
0.02013,0.02015,2011-01-12 13:00:18.96,Intermediário
0.02012,0.02015,2011-01-12 13:30:12.973,Intermediário
0.02011,0.02014,2011-01-12 14:00:15.9,Intermediário
0.0201,0.02012,2011-01-12 14:31:00.114,Intermediário
0.0201,0.02012,2011-01-12 15:00:15.395,Intermediário
0.02015,0.02018,2011-01-12 15:30:12.538,Intermediário
0.02014,0.02017,2011-01-12 16:00:14.597,Intermediário
0.02018,0.0202,2011-01-12 16:30:12.824,Fechamento Interbancário
0.0202,0.02021,2011-01-12 17:35:16.886,Fechamento
0.02007,0.02019,2011-01-13 09:18:32.031,Abertura
0.02011,0.02013,2011-01-13 09:30:19.726,Intermediário
0.02011,0.02014,2011-01-13 10:00:23.962,Intermediário
0.02013,0.02016,2011-01-13 10:30:19.346,Intermediário
0.02013,0.02015,2011-01-13 11:00:22.562,Intermediário
0.02014,0.02017,2011-01-13 11:32:10.657,Intermediário
0.02018,0.0202,2011-01-13 12:01:03.116,Intermediário
0.02014,0.02017,2011-01-13 12:30:21.01,Intermediário
0.02011,0.02014,2011-01-13 13:00:23.526,Intermediário
0.02014,0.02017,2011-01-13 13:30:18.875,Intermediário
0.02014,0.02017,2011-01-13 14:03:34.577,Intermediário
0.02016,0.02019,2011-01-13 14:30:18.973,Intermediário
0.02015,0.02017,2011-01-13 15:00:20.819,Intermediário
0.0202,0.02023,2011-01-13 15:30:19.388,Intermediário
0.02019,0.02022,2011-01-13 16:00:20.806,Intermediário
0.02014,0.02017,2011-01-13 16:30:18.481,Fechamento Interbancário
0.02017,0.02018,2011-01-13 17:36:15.942,Fechamento
0.02029,0.02041,2011-01-14 09:24:21.758,Abertura
0.02032,0.02034,2011-01-14 09:30:20.567,Intermediário
0.02029,0.02032,2011-01-14 10:00:20.65,Intermediário
0.02031,0.02034,2011-01-14 10:30:18.617,Intermediário
0.0203,0.02033,2011-01-14 11:00:22.572,Intermediário
0.02032,0.02035,2011-01-14 11:30:23.562,Intermediário
0.02032,0.02035,2011-01-14 12:00:24.396,Intermediário
0.02037,0.0204,2011-01-14 12:30:19.685,Intermediário
0.02039,0.02042,2011-01-14 13:00:25.539,Intermediário
0.0204,0.02043,2011-01-14 13:30:18.938,Intermediário
0.02036,0.02038,2011-01-14 14:00:22.222,Intermediário
0.02029,0.02031,2011-01-14 14:30:19.218,Intermediário
0.02025,0.02028,2011-01-14 15:00:20.26,Intermediário
0.02028,0.02031,2011-01-14 15:30:21.005,Intermediário
0.02029,0.02031,2011-01-14 16:00:26.525,Intermediário
0.02027,0.0203,2011-01-14 16:30:20.186,Fechamento Interbancário
0.02028,0.02029,2011-01-14 17:35:45.638,Fechamento
0.02033,0.02045,2011-01-17 09:22:25.943,Abertura
0.02037,0.0204,2011-01-17 09:30:19.874,Intermediário
0.02037,0.0204,2011-01-17 10:00:20.814,Intermediário
0.02035,0.02038,2011-01-17 10:30:17.933,Intermediário
0.02033,0.02036,2011-01-17 11:00:21.455,Intermediário
0.02033,0.02036,2011-01-17 11:31:16.397,Intermediário
0.02033,0.02036,2011-01-17 12:00:23.061,Intermediário
0.02034,0.02037,2011-01-17 12:30:20.852,Intermediário
0.02035,0.02038,2011-01-17 13:01:13.795,Intermediário
0.02035,0.02038,2011-01-17 13:30:21.142,Intermediário
0.02033,0.02037,2011-01-17 14:07:02.472,Intermediário
0.02032,0.02036,2011-01-17 14:34:54.577,Intermediário
0.02033,0.02035,2011-01-17 15:00:20.382,Intermediário
0.02031,0.02034,2011-01-17 15:30:18.778,Intermediário
0.02032,0.02035,2011-01-17 16:00:20.582,Intermediário
0.02032,0.02035,2011-01-17 16:30:19.854,Fechamento Interbancário
0.02032,0.02033,2011-01-17 17:35:46.545,Fechamento
0.02022,0.02034,2011-01-18 09:22:24.748,Abertura
0.02026,0.02029,2011-01-18 09:30:57.374,Intermediário
0.02027,0.0203,2011-01-18 10:00:24.762,Intermediário
0.02026,0.02029,2011-01-18 10:30:18.834,Intermediário
0.02027,0.0203,2011-01-18 11:00:20.567,Intermediário
0.02031,0.02034,2011-01-18 11:30:20.455,Intermediário
0.0203,0.02033,2011-01-18 12:00:20.788,Intermediário
0.02022,0.02025,2011-01-18 12:30:23.103,Intermediário
0.02027,0.0203,2011-01-18 13:00:21.621,Intermediário
0.02019,0.02022,2011-01-18 13:30:19.645,Intermediário
0.02022,0.02025,2011-01-18 14:04:01.322,Intermediário
0.02022,0.02024,2011-01-18 14:30:18.014,Intermediário
0.02023,0.02025,2011-01-18 15:01:35.817,Intermediário
0.02019,0.02022,2011-01-18 15:30:19.263,Intermediário
0.02024,0.02026,2011-01-18 16:00:21.862,Intermediário
0.02026,0.02029,2011-01-18 16:31:02.933,Fechamento Interbancário
0.02023,0.02024,2011-01-18 17:35:28.568,Fechamento
0.02021,0.02034,2011-01-19 09:20:31.961,Abertura
0.02027,0.0203,2011-01-19 09:30:21.421,Intermediário
0.02028,0.02031,2011-01-19 10:00:21.832,Intermediário
0.02029,0.02032,2011-01-19 10:30:20.89,Intermediário
0.02032,0.02035,2011-01-19 11:00:20.167,Intermediário
0.02031,0.02034,2011-01-19 11:30:22.438,Intermediário
0.02029,0.02032,2011-01-19 12:01:13.457,Intermediário
0.02032,0.02035,2011-01-19 12:30:18.603,Intermediário
0.02033,0.02036,2011-01-19 13:00:22.391,Intermediário
0.02033,0.02036,2011-01-19 13:30:21.305,Intermediário
0.02035,0.02038,2011-01-19 14:00:25.451,Intermediário
0.02035,0.02038,2011-01-19 14:30:37.845,Intermediário
0.02036,0.02038,2011-01-19 15:00:25.768,Intermediário
0.02037,0.0204,2011-01-19 15:30:19.1,Intermediário
0.02041,0.02044,2011-01-19 16:00:20.305,Intermediário
0.02039,0.02042,2011-01-19 16:30:18.377,Fechamento Interbancário
0.02039,0.0204,2011-01-19 17:36:13.773,Fechamento
0.02026,0.02039,2011-01-20 09:16:33.074,Abertura
0.0203,0.02033,2011-01-20 09:30:20.287,Intermediário
0.02027,0.0203,2011-01-20 10:00:22.341,Intermediário
0.02029,0.02031,2011-01-20 10:30:17.786,Intermediário
0.02025,0.02028,2011-01-20 11:00:21.809,Intermediário
0.02024,0.02027,2011-01-20 11:30:19.958,Intermediário
0.02022,0.02024,2011-01-20 12:01:37.587,Intermediário
0.0202,0.02022,2011-01-20 12:31:03.48,Intermediário
0.02015,0.02018,2011-01-20 13:00:21.611,Intermediário
0.02014,0.02016,2011-01-20 13:30:19.702,Intermediário
0.02018,0.0202,2011-01-20 14:00:21.443,Intermediário
0.02015,0.02017,2011-01-20 14:30:23.069,Intermediário
0.02015,0.02018,2011-01-20 15:01:34.598,Intermediário
0.02016,0.02019,2011-01-20 15:30:21.087,Intermediário
0.02014,0.02017,2011-01-20 16:00:21.774,Intermediário
0.02011,0.02014,2011-01-20 16:30:20.795,Fechamento Interbancário
0.02012,0.02013,2011-01-20 17:39:32.358,Fechamento
0.02015,0.02028,2011-01-21 09:24:22.186,Abertura
0.02019,0.02021,2011-01-21 09:31:04.489,Intermediário
0.02016,0.02019,2011-01-21 10:00:18.762,Intermediário
0.02019,0.02021,2011-01-21 10:36:39.69,Intermediário
0.02019,0.02022,2011-01-21 11:00:20.238,Intermediário
0.02021,0.02023,2011-01-21 11:30:17.542,Intermediário
0.02025,0.02028,2011-01-21 12:00:20.505,Intermediário
0.02022,0.02025,2011-01-21 12:30:32.138,Intermediário
0.02019,0.02021,2011-01-21 13:00:36.376,Intermediário
0.02018,0.02021,2011-01-21 13:30:17.941,Intermediário
0.02019,0.02022,2011-01-21 14:00:34.682,Intermediário
0.02019,0.02022,2011-01-21 14:30:17.209,Intermediário
0.02021,0.02023,2011-01-21 15:00:20.017,Intermediário
0.02019,0.02022,2011-01-21 15:30:16.311,Intermediário
0.0202,0.02023,2011-01-21 16:00:19.789,Intermediário
0.02021,0.02023,2011-01-21 16:30:17.081,Fechamento Interbancário
0.02021,0.02023,2011-01-21 17:35:52.719,Fechamento
0.02016,0.02029,2011-01-24 10:04:28.839,Abertura
0.02018,0.02021,2011-01-24 10:10:21.958,Intermediário
0.02018,0.02022,2011-01-24 10:13:43.003,Intermediário
0.02018,0.0202,2011-01-24 10:30:17.327,Intermediário
0.02015,0.02018,2011-01-24 11:00:18.071,Intermediário
0.02015,0.02018,2011-01-24 11:30:16.748,Intermediário
0.02021,0.02023,2011-01-24 12:00:18.475,Intermediário
0.02022,0.02025,2011-01-24 12:30:16.521,Intermediário
0.02023,0.02026,2011-01-24 13:00:36.835,Intermediário
0.02021,0.02024,2011-01-24 13:30:19.347,Intermediário
0.02024,0.02027,2011-01-24 14:00:18.4,Intermediário
0.02028,0.0203,2011-01-24 14:31:07.178,Intermediário
0.02024,0.02027,2011-01-24 15:00:21.126,Intermediário
0.02025,0.02027,2011-01-24 15:30:16.345,Intermediário
0.02026,0.02029,2011-01-24 16:00:18.836,Intermediário
0.02025,0.02028,2011-01-24 16:30:18.886,Fechamento Interbancário
0.02028,0.02029,2011-01-24 17:36:18.799,Fechamento
0.02025,0.02038,2011-01-25 09:58:31.063,Abertura
0.02031,0.02034,2011-01-25 10:03:23.578,Intermediário
0.02026,0.02029,2011-01-25 10:06:07.784,Intermediário
0.02026,0.0203,2011-01-25 10:41:51.842,Intermediário
0.02024,0.02027,2011-01-25 11:07:24.059,Intermediário
0.02027,0.02029,2011-01-25 11:30:27.96,Intermediário
0.02027,0.0203,2011-01-25 12:05:18.578,Intermediário
0.02026,0.02029,2011-01-25 12:30:17.769,Intermediário
0.02023,0.02026,2011-01-25 13:22:59.107,Intermediário
0.02026,0.02029,2011-01-25 13:30:21.93,Intermediário
0.02028,0.02031,2011-01-25 14:00:19.529,Intermediário
0.02026,0.02028,2011-01-25 14:30:35.354,Intermediário
0.02027,0.02029,2011-01-25 15:00:19.462,Intermediário
0.02026,0.02029,2011-01-25 15:30:16.768,Intermediário
0.02026,0.02029,2011-01-25 16:00:18.266,Intermediário
0.02031,0.02034,2011-01-25 16:31:16.039,Fechamento Interbancário
0.02037,0.02038,2011-01-25 17:36:01.933,Fechamento
0.02027,0.02039,2011-01-26 09:12:19.629,Abertura
0.02029,0.02032,2011-01-26 09:30:17.966,Intermediário
0.02027,0.0203,2011-01-26 10:00:25.179,Intermediário
0.02028,0.02031,2011-01-26 10:30:16.379,Intermediário
0.0203,0.02033,2011-01-26 11:00:19.242,Intermediário
0.02029,0.02032,2011-01-26 12:13:29.214,Intermediário
0.02029,0.02032,2011-01-26 12:16:21.305,Intermediário
0.0203,0.02033,2011-01-26 12:30:20.819,Intermediário
0.02028,0.02031,2011-01-26 13:00:17.888,Intermediário
0.02028,0.0203,2011-01-26 13:30:15.556,Intermediário
0.02027,0.0203,2011-01-26 14:00:18.711,Intermediário
0.02027,0.02029,2011-01-26 14:30:16.595,Intermediário
0.02027,0.0203,2011-01-26 15:00:19.96,Intermediário
0.02024,0.02026,2011-01-26 15:30:15.442,Intermediário
0.02024,0.02027,2011-01-26 16:00:17.919,Intermediário
0.02025,0.02028,2011-01-26 16:30:16.68,Fechamento Interbancário
0.02025,0.02026,2011-01-26 17:39:07.449,Fechamento
0.02007,0.02019,2011-01-27 09:10:31.022,Abertura
0.02004,0.02007,2011-01-27 09:30:18.188,Intermediário
0.02003,0.02005,2011-01-27 10:00:18.74,Intermediário
0.02005,0.02007,2011-01-27 10:30:16.538,Intermediário
0.02005,0.02007,2011-01-27 11:01:29.896,Intermediário
0.02013,0.02015,2011-01-27 11:30:18.21,Intermediário
0.02013,0.02016,2011-01-27 12:00:22.421,Intermediário
0.02015,0.02018,2011-01-27 12:30:16.172,Intermediário
0.02014,0.02017,2011-01-27 13:00:17.046,Intermediário
0.02014,0.02017,2011-01-27 13:31:37.067,Intermediário
0.02017,0.0202,2011-01-27 14:00:18.955,Intermediário
0.02013,0.02016,2011-01-27 14:30:17.096,Intermediário
0.02015,0.02017,2011-01-27 15:00:19.591,Intermediário
0.02017,0.02019,2011-01-27 15:30:15.966,Intermediário
0.02022,0.02025,2011-01-27 16:00:18.743,Intermediário
0.02023,0.02026,2011-01-27 16:30:16.078,Fechamento Interbancário
0.02016,0.02017,2011-01-27 17:36:05.539,Fechamento
0.0202,0.02033,2011-01-28 09:22:19.869,Abertura
0.02026,0.02029,2011-01-28 09:30:16.589,Intermediário
0.02036,0.02039,2011-01-28 10:01:14.938,Intermediário
0.02037,0.02039,2011-01-28 10:30:16.501,Intermediário
0.02036,0.02038,2011-01-28 11:00:21.358,Intermediário
0.0204,0.02042,2011-01-28 11:30:16.645,Intermediário
0.02034,0.02036,2011-01-28 12:00:21.95,Intermediário
0.02031,0.02033,2011-01-28 12:30:21.823,Intermediário
0.02034,0.02037,2011-01-28 13:00:21.28,Intermediário
0.02035,0.02037,2011-01-28 13:30:17.505,Intermediário
0.02042,0.02044,2011-01-28 14:00:23.198,Intermediário
0.02043,0.02046,2011-01-28 14:31:08.285,Intermediário
0.02051,0.02054,2011-01-28 15:00:20.141,Intermediário
0.02048,0.02051,2011-01-28 15:30:15.857,Intermediário
0.02049,0.02052,2011-01-28 16:00:19.086,Intermediário
0.02049,0.02052,2011-01-28 16:30:16.641,Fechamento Interbancário
0.02042,0.02044,2011-01-28 17:36:01.111,Fechamento
0.02033,0.02045,2011-01-31 09:17:26.267,Abertura
0.02035,0.02037,2011-01-31 09:30:16.788,Intermediário
0.02034,0.02037,2011-01-31 10:00:17.681,Intermediário
0.02035,0.02038,2011-01-31 10:30:16.536,Intermediário
0.02035,0.02038,2011-01-31 11:00:20.154,Intermediário
0.02037,0.02039,2011-01-31 11:30:17.75,Intermediário
0.02041,0.02043,2011-01-31 12:00:21.057,Intermediário
0.02042,0.02045,2011-01-31 12:30:20.701,Intermediário
0.02043,0.02046,2011-01-31 13:00:23.248,Intermediário
0.02045,0.02048,2011-01-31 13:30:16.592,Intermediário
0.02046,0.02048,2011-01-31 14:00:18.324,Intermediário
0.0204,0.02043,2011-01-31 14:30:17.071,Intermediário
0.02041,0.02044,2011-01-31 15:00:19.26,Intermediário
0.02041,0.02044,2011-01-31 15:30:17.458,Intermediário
0.0204,0.02042,2011-01-31 16:00:20.13,Intermediário
0.02037,0.02039,2011-01-31 16:30:17.534,Fechamento Interbancário
0.02037,0.02038,2011-01-31 17:36:10.585,Fechamento
0.02033,0.02046,2011-02-01 09:16:16.609,Abertura
0.02037,0.0204,2011-02-01 09:30:16.116,Intermediário
0.02038,0.02041,2011-02-01 10:00:18.993,Intermediário
0.02037,0.0204,2011-02-01 10:46:34.883,Intermediário
0.02043,0.02046,2011-02-01 11:00:17.952,Intermediário
0.02041,0.02044,2011-02-01 11:30:16.681,Intermediário
0.02038,0.02041,2011-02-01 12:00:21.682,Intermediário
0.02038,0.02041,2011-02-01 12:30:16.804,Intermediário
0.02034,0.02036,2011-02-01 13:01:19.424,Intermediário
0.02035,0.02038,2011-02-01 13:30:20.365,Intermediário
0.0204,0.02043,2011-02-01 14:00:19.17,Intermediário
0.02039,0.02041,2011-02-01 14:30:15.293,Intermediário
0.02039,0.02041,2011-02-01 15:00:17.679,Intermediário
0.0204,0.02043,2011-02-01 15:31:34.234,Intermediário
0.02041,0.02044,2011-02-01 16:01:37.22,Intermediário
0.02043,0.02045,2011-02-01 16:30:15.77,Fechamento Interbancário
0.02043,0.02044,2011-02-01 17:35:29.186,Fechamento
0.02037,0.0205,2011-02-02 09:24:19.019,Abertura
0.02039,0.02042,2011-02-02 09:30:16.826,Intermediário
0.02043,0.02046,2011-02-02 10:00:16.893,Intermediário
0.02042,0.02045,2011-02-02 10:30:17.378,Intermediário
0.02042,0.02045,2011-02-02 11:00:17.25,Intermediário
0.02044,0.02046,2011-02-02 11:30:16.553,Intermediário
0.02042,0.02045,2011-02-02 12:00:18.816,Intermediário
0.02041,0.02044,2011-02-02 12:30:18.526,Intermediário
0.02042,0.02045,2011-02-02 13:00:21.556,Intermediário
0.02042,0.02045,2011-02-02 13:30:21.664,Intermediário
0.02039,0.02042,2011-02-02 14:00:20.926,Intermediário
0.02037,0.02039,2011-02-02 14:30:16.803,Intermediário
0.02034,0.02037,2011-02-02 15:00:18.096,Intermediário
0.02036,0.02038,2011-02-02 15:31:07.76,Intermediário
0.0204,0.02043,2011-02-02 16:00:18.835,Intermediário
0.02039,0.02042,2011-02-02 16:31:04.883,Fechamento Interbancário
0.02039,0.02041,2011-02-02 17:36:11.33,Fechamento
0.02033,0.02046,2011-02-03 09:16:27.482,Abertura
0.02038,0.02041,2011-02-03 09:30:16.16,Intermediário
0.02041,0.02044,2011-02-03 10:00:17.92,Intermediário
0.0204,0.02042,2011-02-03 10:30:15.559,Intermediário
0.02037,0.0204,2011-02-03 11:00:19.78,Intermediário
0.02038,0.0204,2011-02-03 11:30:17.395,Intermediário
0.02039,0.02041,2011-02-03 12:00:20.132,Intermediário
0.02039,0.02042,2011-02-03 12:30:17.712,Intermediário
0.02035,0.02038,2011-02-03 13:01:39.678,Intermediário
0.02038,0.02041,2011-02-03 13:31:34.128,Intermediário
0.02038,0.02041,2011-02-03 14:00:17.213,Intermediário
0.02045,0.02048,2011-02-03 14:30:17.388,Intermediário
0.02046,0.02048,2011-02-03 15:00:18.936,Intermediário
0.02048,0.0205,2011-02-03 15:30:16.197,Intermediário
0.02048,0.0205,2011-02-03 16:00:17.653,Intermediário
0.02045,0.02048,2011-02-03 16:30:17.103,Fechamento Interbancário
0.02046,0.02047,2011-02-03 17:35:34.51,Fechamento
0.02036,0.02048,2011-02-04 09:24:17.092,Abertura
0.02041,0.02044,2011-02-04 09:30:16.752,Intermediário
0.02039,0.02042,2011-02-04 10:00:17.518,Intermediário
0.02039,0.02042,2011-02-04 10:30:15.345,Intermediário
0.02039,0.02041,2011-02-04 11:00:16.766,Intermediário
0.02047,0.02051,2011-02-04 11:30:17.873,Intermediário
0.02034,0.02037,2011-02-04 12:55:01.452,Intermediário
0.02043,0.02045,2011-02-04 12:59:41.099,Intermediário
0.02045,0.02047,2011-02-04 13:01:33.452,Intermediário
0.02041,0.02043,2011-02-04 13:30:19.898,Intermediário
0.02038,0.02041,2011-02-04 14:00:19.345,Intermediário
0.02043,0.02046,2011-02-04 14:30:19.057,Intermediário
0.02041,0.02044,2011-02-04 15:00:19.462,Intermediário
0.02035,0.02038,2011-02-04 15:30:17.775,Intermediário
0.02032,0.02035,2011-02-04 16:00:18.182,Intermediário
0.02033,0.02036,2011-02-04 16:30:16.113,Fechamento Interbancário
0.02032,0.02033,2011-02-04 17:35:28.524,Fechamento
0.0203,0.02042,2011-02-07 09:20:28.978,Abertura
0.02033,0.02036,2011-02-07 09:30:18.875,Intermediário
0.02034,0.02036,2011-02-07 10:00:19.95,Intermediário
0.02034,0.02037,2011-02-07 10:34:57.348,Intermediário
0.02034,0.02037,2011-02-07 11:00:22.615,Intermediário
0.02036,0.02038,2011-02-07 11:30:16.888,Intermediário
0.02034,0.02037,2011-02-07 12:00:24.872,Intermediário
0.02036,0.02039,2011-02-07 12:30:20.638,Intermediário
0.02034,0.02037,2011-02-07 13:00:20.264,Intermediário
0.02036,0.02039,2011-02-07 13:30:17.386,Intermediário
0.02036,0.02039,2011-02-07 14:00:20.814,Intermediário
0.02034,0.02037,2011-02-07 14:30:19.066,Intermediário
0.02034,0.02036,2011-02-07 15:00:22.978,Intermediário
0.02034,0.02037,2011-02-07 15:30:18.956,Intermediário
0.02035,0.02038,2011-02-07 16:00:19.964,Intermediário
0.02036,0.02039,2011-02-07 16:30:21.116,Fechamento Interbancário
0.02035,0.02036,2011-02-07 17:35:26.278,Fechamento
0.02036,0.02048,2011-02-08 09:18:27.133,Abertura
0.02041,0.02044,2011-02-08 09:30:17.152,Intermediário
0.0204,0.02043,2011-02-08 10:00:20.492,Intermediário
0.02038,0.02041,2011-02-08 10:30:18.792,Intermediário
0.02037,0.0204,2011-02-08 11:00:22.837,Intermediário
0.02039,0.02041,2011-02-08 11:30:19.327,Intermediário
0.02036,0.02039,2011-02-08 12:00:23.282,Intermediário
0.02038,0.02041,2011-02-08 12:30:16.959,Intermediário
0.02034,0.02035,2011-02-08 13:00:20.021,Intermediário
0.02034,0.02035,2011-02-08 13:30:16.958,Intermediário
0.02038,0.02041,2011-02-08 14:00:24.599,Intermediário
0.02037,0.0204,2011-02-08 14:30:16.663,Intermediário
0.02036,0.02039,2011-02-08 15:00:19.46,Intermediário
0.02035,0.02038,2011-02-08 15:30:22.562,Intermediário
0.02032,0.02034,2011-02-08 16:00:25.722,Intermediário
0.02026,0.02029,2011-02-08 16:30:21.071,Fechamento Interbancário
0.02032,0.02034,2011-02-08 17:36:17.567,Fechamento
0.02013,0.02026,2011-02-09 09:29:19.417,Abertura
0.0202,0.02022,2011-02-09 09:35:35.173,Intermediário
0.02017,0.0202,2011-02-09 10:00:21.724,Intermediário
0.0202,0.02022,2011-02-09 10:30:18.218,Intermediário
0.02022,0.02024,2011-02-09 11:01:28.105,Intermediário
0.0202,0.02022,2011-02-09 11:30:19.973,Intermediário
0.02021,0.02024,2011-02-09 12:00:22.851,Intermediário
0.02022,0.02025,2011-02-09 12:30:20.629,Intermediário
0.02021,0.02024,2011-02-09 13:00:21.675,Intermediário
0.02018,0.02021,2011-02-09 13:30:17.894,Intermediário
0.02014,0.02016,2011-02-09 14:00:24.68,Intermediário
0.02011,0.02014,2011-02-09 14:30:19.756,Intermediário
0.02016,0.02019,2011-02-09 15:00:22.694,Intermediário
0.02014,0.02017,2011-02-09 15:31:28.489,Intermediário
0.02015,0.02017,2011-02-09 16:00:19.24,Intermediário
0.02013,0.02016,2011-02-09 16:30:17.093,Fechamento Interbancário
0.02019,0.0202,2011-02-09 17:35:59.365,Fechamento
0.02007,0.02019,2011-02-10 09:24:33.49,Abertura
0.02012,0.02014,2011-02-10 09:30:16.774,Intermediário
0.02011,0.02014,2011-02-10 10:00:18.783,Intermediário
0.02011,0.02014,2011-02-10 10:30:14.637,Intermediário
0.0201,0.02013,2011-02-10 11:00:19.551,Intermediário
0.02009,0.02012,2011-02-10 11:30:18.309,Intermediário
0.02006,0.02009,2011-02-10 12:01:16.692,Intermediário
0.02007,0.0201,2011-02-10 12:30:18.16,Intermediário
0.02006,0.02008,2011-02-10 13:00:22.122,Intermediário
0.02004,0.02007,2011-02-10 13:30:17.262,Intermediário
0.02005,0.02008,2011-02-10 14:01:44.55,Intermediário
0.02006,0.02009,2011-02-10 14:30:17.106,Intermediário
0.02006,0.02009,2011-02-10 15:00:19.546,Intermediário
0.02004,0.02006,2011-02-10 15:30:16.719,Intermediário
0.02006,0.02008,2011-02-10 16:00:20.444,Intermediário
0.02007,0.0201,2011-02-10 16:30:19.617,Fechamento Interbancário
0.02005,0.02006,2011-02-10 17:36:02.75,Fechamento
0.01996,0.02008,2011-02-11 09:23:43.302,Abertura
0.02001,0.02004,2011-02-11 09:30:13.28,Intermediário
0.01999,0.02002,2011-02-11 10:00:14.577,Intermediário
0.01998,0.02,2011-02-11 10:31:09.866,Intermediário
0.01998,0.02,2011-02-11 11:00:14.939,Intermediário
0.01999,0.02001,2011-02-11 11:30:13.129,Intermediário
0.01997,0.02,2011-02-11 12:00:17.107,Intermediário
0.01997,0.01999,2011-02-11 12:30:13.406,Intermediário
0.01999,0.02001,2011-02-11 13:00:17.684,Intermediário
0.01998,0.02,2011-02-11 13:30:13.684,Intermediário
0.01996,0.01999,2011-02-11 14:00:15.458,Intermediário
0.01992,0.01995,2011-02-11 14:30:16.663,Intermediário
0.01993,0.01996,2011-02-11 15:00:17.233,Intermediário
0.01993,0.01996,2011-02-11 15:31:30.136,Intermediário
0.01993,0.01996,2011-02-11 16:00:19.518,Intermediário
0.01993,0.01996,2011-02-11 16:30:13.297,Fechamento Interbancário
0.01995,0.01997,2011-02-11 17:35:25.488,Fechamento
0.01998,0.0201,2011-02-14 09:18:09.659,Abertura
0.02001,0.02004,2011-02-14 09:30:13.494,Intermediário
0.02001,0.02003,2011-02-14 10:00:18.066,Intermediário
0.01999,0.02002,2011-02-14 10:30:13.462,Intermediário
0.01999,0.02001,2011-02-14 11:00:17.175,Intermediário
0.01998,0.02001,2011-02-14 11:30:15.069,Intermediário
0.01999,0.02001,2011-02-14 12:00:25.78,Intermediário
0.01998,0.02,2011-02-14 12:30:19.03,Intermediário
0.02001,0.02004,2011-02-14 13:00:19.29,Intermediário
0.02001,0.02004,2011-02-14 13:30:16.176,Intermediário
0.01998,0.02001,2011-02-14 14:00:16.437,Intermediário
0.01999,0.02001,2011-02-14 14:30:16.59,Intermediário
0.01999,0.02002,2011-02-14 15:00:16.2,Intermediário
0.02001,0.02003,2011-02-14 15:31:08.309,Intermediário
0.02002,0.02005,2011-02-14 16:04:03.743,Intermediário
0.02001,0.02004,2011-02-14 16:30:42.391,Fechamento Interbancário
0.02002,0.02003,2011-02-14 17:35:22.08,Fechamento
0.01987,0.01999,2011-02-15 09:24:09.228,Abertura
0.01991,0.01993,2011-02-15 09:30:14.071,Intermediário
0.0199,0.01993,2011-02-15 10:00:17.721,Intermediário
0.01989,0.01992,2011-02-15 10:30:13.217,Intermediário
0.01989,0.01991,2011-02-15 11:00:18.331,Intermediário
0.01987,0.0199,2011-02-15 11:30:17.263,Intermediário
0.0199,0.01992,2011-02-15 12:00:21.905,Intermediário
0.01988,0.0199,2011-02-15 12:30:18.878,Intermediário
0.0199,0.01992,2011-02-15 13:00:23.109,Intermediário
0.01993,0.01995,2011-02-15 13:30:23.287,Intermediário
0.0199,0.01993,2011-02-15 14:00:17.976,Intermediário
0.01991,0.01993,2011-02-15 14:30:14.205,Intermediário
0.0199,0.01993,2011-02-15 15:00:19.155,Intermediário
0.01991,0.01994,2011-02-15 15:30:58.761,Intermediário
0.01992,0.01995,2011-02-15 16:00:16.155,Intermediário
0.0199,0.01993,2011-02-15 16:30:12.108,Fechamento Interbancário
0.0199,0.01991,2011-02-15 17:35:40.077,Fechamento
0.01986,0.01998,2011-02-16 09:16:09.313,Abertura
0.01989,0.01992,2011-02-16 09:30:14.538,Intermediário
0.0199,0.01993,2011-02-16 10:00:14.362,Intermediário
0.01989,0.01991,2011-02-16 10:30:13.673,Intermediário
0.0199,0.01993,2011-02-16 11:00:17.731,Intermediário
0.01988,0.01991,2011-02-16 11:30:13.649,Intermediário
0.01987,0.0199,2011-02-16 12:00:17.445,Intermediário
0.01989,0.01992,2011-02-16 12:30:53.29,Intermediário
0.01989,0.01992,2011-02-16 13:00:18.538,Intermediário
0.01989,0.01992,2011-02-16 13:31:15.35,Intermediário
0.0199,0.01992,2011-02-16 14:00:20.598,Intermediário
0.01994,0.01996,2011-02-16 14:30:16.321,Intermediário
0.01996,0.01999,2011-02-16 15:00:20.568,Intermediário
0.02,0.02002,2011-02-16 15:30:14.009,Intermediário
0.01995,0.01998,2011-02-16 16:00:13.168,Intermediário
0.01998,0.02,2011-02-16 16:30:14.318,Fechamento Interbancário
0.01997,0.01998,2011-02-16 17:38:49.723,Fechamento
0.01991,0.02004,2011-02-17 09:18:10.614,Abertura
0.01996,0.01999,2011-02-17 09:31:04.877,Intermediário
0.01996,0.01999,2011-02-17 10:00:16.749,Intermediário
0.01996,0.01998,2011-02-17 10:30:12.321,Intermediário
0.01998,0.02,2011-02-17 11:00:15.886,Intermediário
0.01993,0.01996,2011-02-17 11:30:14.155,Intermediário
0.02001,0.02003,2011-02-17 12:00:17.75,Intermediário
0.02001,0.02003,2011-02-17 12:30:57.204,Intermediário
0.02,0.02003,2011-02-17 13:00:19.763,Intermediário
0.02004,0.02006,2011-02-17 13:31:14.467,Intermediário
0.01998,0.02001,2011-02-17 14:00:17.274,Intermediário
0.01997,0.02,2011-02-17 14:30:14.705,Intermediário
0.01996,0.01998,2011-02-17 15:00:16.908,Intermediário
0.01996,0.01999,2011-02-17 15:30:12.751,Intermediário
0.01994,0.01997,2011-02-17 16:00:14.425,Intermediário
0.01994,0.01997,2011-02-17 16:30:12.645,Fechamento Interbancário
0.02,0.02001,2011-02-17 17:35:30.731,Fechamento
0.01989,0.02001,2011-02-18 09:16:10.986,Abertura
0.01992,0.01995,2011-02-18 09:30:14.04,Intermediário
0.01992,0.01994,2011-02-18 10:00:15.371,Intermediário
0.01994,0.01997,2011-02-18 10:30:16.392,Intermediário
0.01995,0.01998,2011-02-18 11:00:19.358,Intermediário
0.01998,0.02001,2011-02-18 11:30:13.554,Intermediário
0.02,0.02002,2011-02-18 12:00:21.053,Intermediário
0.02001,0.02004,2011-02-18 12:30:21.816,Intermediário
0.02,0.02002,2011-02-18 13:01:12.141,Intermediário
0.01998,0.02001,2011-02-18 13:30:15.574,Intermediário
0.02,0.02002,2011-02-18 14:00:16.524,Intermediário
0.02002,0.02005,2011-02-18 14:30:15.822,Intermediário
0.02,0.02003,2011-02-18 15:00:20.804,Intermediário
0.02,0.02002,2011-02-18 15:30:14.721,Intermediário
0.01999,0.02001,2011-02-18 16:00:26.125,Intermediário
0.01999,0.02002,2011-02-18 16:30:14.892,Fechamento Interbancário
0.02005,0.02006,2011-02-18 17:37:41.925,Fechamento
0.01996,0.02009,2011-02-21 09:20:13.372,Abertura
0.02002,0.02005,2011-02-21 09:30:13.948,Intermediário
0.02001,0.02004,2011-02-21 10:00:14.48,Intermediário
0.02,0.02003,2011-02-21 10:32:27.495,Intermediário
0.02,0.02003,2011-02-21 11:00:15.638,Intermediário
0.02001,0.02003,2011-02-21 11:30:12.753,Intermediário
0.02001,0.02004,2011-02-21 12:00:14.911,Intermediário
0.02,0.02002,2011-02-21 12:30:14.984,Intermediário
0.02004,0.02007,2011-02-21 13:00:19.45,Intermediário
0.02004,0.02007,2011-02-21 13:30:11.974,Intermediário
0.02002,0.02005,2011-02-21 14:00:14.68,Intermediário
0.02002,0.02005,2011-02-21 14:30:12.702,Intermediário
0.02005,0.02007,2011-02-21 15:00:17.109,Intermediário
0.02005,0.02008,2011-02-21 15:30:12.826,Intermediário
0.02006,0.02008,2011-02-21 16:00:13.782,Intermediário
0.02004,0.02007,2011-02-21 16:30:14.344,Fechamento Interbancário
0.02004,0.02005,2011-02-21 17:35:23.05,Fechamento
0.02001,0.02013,2011-02-22 09:30:23.264,Abertura
0.02006,0.02008,2011-02-22 09:31:59.387,Intermediário
0.02006,0.02009,2011-02-22 10:00:17.105,Intermediário
0.02008,0.02011,2011-02-22 10:30:16.636,Intermediário
0.02004,0.02006,2011-02-22 11:00:16.698,Intermediário
0.02004,0.02006,2011-02-22 11:33:49.597,Intermediário
0.02002,0.02005,2011-02-22 12:00:21.053,Intermediário
0.02004,0.02006,2011-02-22 12:30:13.492,Intermediário
0.02006,0.02008,2011-02-22 13:00:16.978,Intermediário
0.02007,0.02009,2011-02-22 13:31:04.756,Intermediário
0.02007,0.0201,2011-02-22 14:00:20.843,Intermediário
0.02014,0.02016,2011-02-22 14:31:14.26,Intermediário
0.02017,0.0202,2011-02-22 15:01:49.088,Intermediário
0.02019,0.02022,2011-02-22 15:30:14.325,Intermediário
0.02017,0.02019,2011-02-22 16:00:15.355,Intermediário
0.02019,0.02022,2011-02-22 16:30:15.872,Fechamento Interbancário
0.02016,0.02017,2011-02-22 17:35:24.33,Fechamento
0.02009,0.02021,2011-02-23 09:22:10.133,Abertura
0.02013,0.02016,2011-02-23 09:31:59.122,Intermediário
0.02012,0.02014,2011-02-23 10:00:15.499,Intermediário
0.02016,0.02019,2011-02-23 10:30:13.39,Intermediário
0.02017,0.0202,2011-02-23 11:01:54.623,Intermediário
0.02019,0.02022,2011-02-23 11:30:15.612,Intermediário
0.02017,0.0202,2011-02-23 12:00:19.732,Intermediário
0.02024,0.02026,2011-02-23 12:30:13.676,Intermediário
0.02023,0.02025,2011-02-23 13:00:14.285,Intermediário
0.02024,0.02026,2011-02-23 13:31:12.345,Intermediário
0.02027,0.02029,2011-02-23 14:00:13.69,Intermediário
0.02032,0.02035,2011-02-23 14:30:13.198,Intermediário
0.02032,0.02034,2011-02-23 15:00:14.425,Intermediário
0.02028,0.02031,2011-02-23 15:30:12.808,Intermediário
0.02026,0.02028,2011-02-23 16:00:15.275,Intermediário
0.02026,0.02029,2011-02-23 16:30:11.767,Fechamento Interbancário
0.02024,0.02025,2011-02-23 17:35:48.918,Fechamento
0.02035,0.02047,2011-02-24 09:14:19.432,Abertura
0.02039,0.02041,2011-02-24 09:32:57.676,Intermediário
0.02037,0.0204,2011-02-24 10:00:15.093,Intermediário
0.0204,0.02043,2011-02-24 10:30:12.343,Intermediário
0.02039,0.02042,2011-02-24 11:00:19.029,Intermediário
0.02034,0.02037,2011-02-24 11:30:14.068,Intermediário
0.02035,0.02038,2011-02-24 12:00:15.341,Intermediário
0.02033,0.02036,2011-02-24 12:31:04.799,Intermediário
0.02035,0.02037,2011-02-24 13:00:15.476,Intermediário
0.02033,0.02035,2011-02-24 13:30:12.446,Intermediário
0.02035,0.02037,2011-02-24 14:00:14.132,Intermediário
0.02035,0.02038,2011-02-24 14:30:13.065,Intermediário
0.02034,0.02036,2011-02-24 15:00:16.194,Intermediário
0.02032,0.02034,2011-02-24 15:30:15.039,Intermediário
0.02034,0.02036,2011-02-24 16:00:17.222,Intermediário
0.02031,0.02033,2011-02-24 16:30:14.212,Fechamento Interbancário
0.02033,0.02034,2011-02-24 17:35:36.285,Fechamento
0.02024,0.02036,2011-02-25 09:24:14.275,Abertura
0.02029,0.02032,2011-02-25 09:30:47.593,Intermediário
0.02033,0.02036,2011-02-25 10:00:18.088,Intermediário
0.02029,0.02032,2011-02-25 10:30:14.51,Intermediário
0.02028,0.02031,2011-02-25 11:01:09.909,Intermediário
0.02033,0.02035,2011-02-25 11:30:45.453,Intermediário
0.02032,0.02035,2011-02-25 12:00:17.864,Intermediário
0.02031,0.02034,2011-02-25 12:30:13.938,Intermediário
0.0203,0.02032,2011-02-25 13:00:16.796,Intermediário
0.0203,0.02033,2011-02-25 13:30:14.264,Intermediário
0.02029,0.02032,2011-02-25 14:01:11.27,Intermediário
0.02029,0.02032,2011-02-25 14:30:59.558,Intermediário
0.02028,0.02031,2011-02-25 15:00:16.795,Intermediário
0.02031,0.02034,2011-02-25 15:30:15.154,Intermediário
0.02032,0.02034,2011-02-25 16:02:46.488,Intermediário
0.02034,0.02036,2011-02-25 16:30:53.522,Fechamento Interbancário
0.02033,0.02034,2011-02-25 17:35:44.632,Fechamento
0.0202,0.02033,2011-02-28 09:22:11.043,Abertura
0.02026,0.02028,2011-02-28 09:30:14.166,Intermediário
0.02023,0.02025,2011-02-28 10:00:16.494,Intermediário
0.02026,0.02029,2011-02-28 10:30:15.524,Intermediário
0.02027,0.0203,2011-02-28 11:01:20.019,Intermediário
0.02028,0.02031,2011-02-28 11:30:14.338,Intermediário
0.02024,0.02027,2011-02-28 12:00:18.589,Intermediário
0.02025,0.02028,2011-02-28 12:30:16.144,Intermediário
0.02023,0.02026,2011-02-28 13:00:22.538,Intermediário
0.02023,0.02026,2011-02-28 13:30:14.172,Intermediário
0.02022,0.02025,2011-02-28 14:00:19.226,Intermediário
0.02023,0.02025,2011-02-28 14:30:14.723,Intermediário
0.02027,0.0203,2011-02-28 15:00:15.45,Intermediário
0.02026,0.02029,2011-02-28 15:30:13.608,Intermediário
0.0203,0.02032,2011-02-28 16:00:15.953,Intermediário
0.0203,0.02033,2011-02-28 16:30:12.751,Fechamento Interbancário
0.0203,0.02031,2011-02-28 18:03:02.564,Fechamento
0.02017,0.0203,2011-03-01 09:16:08.975,Abertura
0.02027,0.02029,2011-03-01 09:30:14.278,Intermediário
0.02025,0.02028,2011-03-01 10:00:17.936,Intermediário
0.02021,0.02024,2011-03-01 10:30:17.703,Intermediário
0.02022,0.02025,2011-03-01 11:00:25.207,Intermediário
0.0202,0.02023,2011-03-01 11:30:14.185,Intermediário
0.02023,0.02026,2011-03-01 12:00:17.917,Intermediário
0.02022,0.02025,2011-03-01 12:30:17.61,Intermediário
0.02023,0.02026,2011-03-01 13:01:17.444,Intermediário
0.02025,0.02028,2011-03-01 13:30:12.548,Intermediário
0.02027,0.0203,2011-03-01 14:01:22.494,Intermediário
0.02029,0.02031,2011-03-01 14:30:12.346,Intermediário
0.02029,0.02032,2011-03-01 15:00:16.083,Intermediário
0.02031,0.02033,2011-03-01 15:30:13.953,Intermediário
0.02029,0.02032,2011-03-01 16:00:15.802,Intermediário
0.0203,0.02032,2011-03-01 16:31:09.016,Fechamento Interbancário
0.0203,0.02031,2011-03-01 17:35:23.45,Fechamento
0.0202,0.02033,2011-03-02 09:18:09.641,Abertura
0.02025,0.02028,2011-03-02 09:30:15.201,Intermediário
0.02025,0.02028,2011-03-02 10:00:16.71,Intermediário
0.02026,0.02029,2011-03-02 10:30:15.916,Intermediário
0.02031,0.02033,2011-03-02 11:01:25.031,Intermediário
0.02033,0.02036,2011-03-02 11:30:12.862,Intermediário
0.02033,0.02035,2011-03-02 12:00:17.784,Intermediário
0.02033,0.02036,2011-03-02 12:30:13.209,Intermediário
0.02033,0.02036,2011-03-02 13:00:14.379,Intermediário
0.02031,0.02034,2011-03-02 13:31:31.576,Intermediário
0.02034,0.02036,2011-03-02 14:00:14.251,Intermediário
0.02032,0.02034,2011-03-02 14:30:50.792,Intermediário
0.0203,0.02033,2011-03-02 15:00:18.611,Intermediário
0.02029,0.02031,2011-03-02 15:30:12.151,Intermediário
0.02028,0.02031,2011-03-02 16:00:16.792,Intermediário
0.02026,0.02029,2011-03-02 16:30:12.856,Fechamento Interbancário
0.02029,0.0203,2011-03-02 17:35:27.994,Fechamento
0.02018,0.02031,2011-03-03 09:22:11.082,Abertura
0.02022,0.02024,2011-03-03 09:30:14.672,Intermediário
0.02021,0.02024,2011-03-03 10:00:17.119,Intermediário
0.02019,0.02022,2011-03-03 10:30:13.897,Intermediário
0.02014,0.02017,2011-03-03 11:00:20.027,Intermediário
0.02012,0.02015,2011-03-03 11:30:14.911,Intermediário
0.02011,0.02013,2011-03-03 12:00:21.505,Intermediário
0.02011,0.02014,2011-03-03 12:30:15.054,Intermediário
0.02009,0.02012,2011-03-03 13:00:14.394,Intermediário
0.02008,0.0201,2011-03-03 13:30:13.804,Intermediário
0.02008,0.0201,2011-03-03 14:00:17.812,Intermediário
0.02005,0.02008,2011-03-03 14:30:12.59,Intermediário
0.02006,0.02009,2011-03-03 15:00:14.744,Intermediário
0.02003,0.02006,2011-03-03 15:30:12.099,Intermediário
0.02003,0.02006,2011-03-03 16:00:14.414,Intermediário
0.02002,0.02005,2011-03-03 16:30:14.584,Fechamento Interbancário
0.02007,0.02008,2011-03-03 17:35:30.136,Fechamento
0.01989,0.02001,2011-03-04 09:23:16.49,Abertura
0.01993,0.01995,2011-03-04 09:30:13.749,Intermediário
0.0199,0.01993,2011-03-04 10:00:15.785,Intermediário
0.01984,0.01987,2011-03-04 10:30:17.52,Intermediário
0.01991,0.01993,2011-03-04 11:00:18.096,Intermediário
0.01995,0.01997,2011-03-04 11:30:22.587,Intermediário
0.01996,0.01999,2011-03-04 12:00:20.533,Intermediário
0.01998,0.02,2011-03-04 12:30:19.629,Intermediário
0.01996,0.01998,2011-03-04 13:00:22.42,Intermediário
0.01995,0.01998,2011-03-04 13:30:14.274,Intermediário
0.01996,0.01999,2011-03-04 14:00:18.662,Intermediário
0.01996,0.01999,2011-03-04 14:30:14.477,Intermediário
0.01995,0.01997,2011-03-04 15:00:17.021,Intermediário
0.01995,0.01997,2011-03-04 15:30:13.495,Intermediário
0.01996,0.01999,2011-03-04 16:00:22.716,Intermediário
0.01995,0.01998,2011-03-04 16:30:12.966,Fechamento Interbancário
0.01998,0.01999,2011-03-04 17:38:49.199,Fechamento
0.01992,0.02004,2011-03-09 12:26:38.099,Abertura
0.01997,0.02,2011-03-09 12:30:13.239,Intermediário
0.01996,0.01999,2011-03-09 13:00:12.979,Intermediário
0.01998,0.02,2011-03-09 13:30:12.798,Intermediário
0.01998,0.02,2011-03-09 14:01:18.682,Intermediário
0.01998,0.02001,2011-03-09 14:30:15.531,Intermediário
0.01996,0.01999,2011-03-09 15:00:18.962,Intermediário
0.01998,0.02001,2011-03-09 15:30:13.256,Intermediário
0.02002,0.02005,2011-03-09 16:00:16.054,Intermediário
0.02003,0.02005,2011-03-09 16:30:13.242,Fechamento Interbancário
0.02003,0.02004,2011-03-09 17:46:14.122,Fechamento
0.01993,0.02006,2011-03-10 09:25:47.216,Abertura
0.01997,0.02,2011-03-10 09:30:13.629,Intermediário
0.01998,0.02,2011-03-10 10:00:14.77,Intermediário
0.01995,0.01998,2011-03-10 10:31:26.546,Intermediário
0.01997,0.01999,2011-03-10 11:00:15.239,Intermediário
0.01998,0.02,2011-03-10 11:30:15.002,Intermediário
0.02001,0.02004,2011-03-10 12:00:17.464,Intermediário
0.01999,0.02002,2011-03-10 12:30:16.116,Intermediário
0.01999,0.02001,2011-03-10 13:00:19.958,Intermediário
0.01999,0.02002,2011-03-10 13:32:14.981,Intermediário
0.01999,0.02002,2011-03-10 14:01:28.331,Intermediário
0.02,0.02003,2011-03-10 14:31:13.272,Intermediário
0.01999,0.02001,2011-03-10 15:01:20.578,Intermediário
0.02001,0.02004,2011-03-10 15:31:27.271,Intermediário
0.02004,0.02007,2011-03-10 16:01:03.941,Intermediário
0.02,0.02003,2011-03-10 16:30:13.556,Fechamento Interbancário
0.02002,0.02003,2011-03-10 17:36:06.816,Fechamento
0.02017,0.0203,2011-03-11 09:23:29.162,Abertura
0.02019,0.02022,2011-03-11 09:30:14.554,Intermediário
0.02022,0.02024,2011-03-11 10:00:17.123,Intermediário
0.02021,0.02024,2011-03-11 10:30:15.925,Intermediário
0.02022,0.02025,2011-03-11 11:00:19.274,Intermediário
0.02022,0.02025,2011-03-11 11:30:14.835,Intermediário
0.02023,0.02025,2011-03-11 12:00:20.873,Intermediário
0.02027,0.02029,2011-03-11 12:30:15.1,Intermediário
0.02031,0.02034,2011-03-11 13:00:19.341,Intermediário
0.0203,0.02033,2011-03-11 13:30:13.265,Intermediário
0.02031,0.02034,2011-03-11 14:01:08.324,Intermediário
0.02031,0.02033,2011-03-11 14:30:16.29,Intermediário
0.0203,0.02033,2011-03-11 15:00:21.864,Intermediário
0.02034,0.02037,2011-03-11 15:30:13.214,Intermediário
0.02032,0.02034,2011-03-11 16:00:14.623,Intermediário
0.02032,0.02034,2011-03-11 16:30:13.432,Fechamento Interbancário
0.02032,0.02033,2011-03-11 17:35:40.852,Fechamento
0.02025,0.02037,2011-03-14 09:24:33.453,Abertura
0.02029,0.02032,2011-03-14 09:30:15.448,Intermediário
0.02032,0.02035,2011-03-14 10:00:23.03,Intermediário
0.0203,0.02033,2011-03-14 10:30:16.705,Intermediário
0.02032,0.02034,2011-03-14 11:00:19.496,Intermediário
0.02031,0.02034,2011-03-14 11:30:13.801,Intermediário
0.02033,0.02036,2011-03-14 12:01:22.554,Intermediário
0.02033,0.02036,2011-03-14 12:31:22.485,Intermediário
0.02038,0.0204,2011-03-14 13:00:16.962,Intermediário
0.02038,0.02041,2011-03-14 13:30:13.651,Intermediário
0.02038,0.02041,2011-03-14 14:00:32.543,Intermediário
0.02038,0.02041,2011-03-14 14:30:14.226,Intermediário
0.02038,0.02041,2011-03-14 15:00:21.236,Intermediário
0.02036,0.02039,2011-03-14 15:49:17.881,Intermediário
0.02036,0.02039,2011-03-14 16:00:19.449,Intermediário
0.02032,0.02035,2011-03-14 16:30:27.393,Fechamento Interbancário
0.02035,0.02036,2011-03-14 17:35:21.778,Fechamento
0.02059,0.02072,2011-03-15 09:12:11.75,Abertura
0.02065,0.02068,2011-03-15 09:30:16.183,Intermediário
0.02073,0.02076,2011-03-15 10:00:19.323,Intermediário
0.02068,0.02071,2011-03-15 10:31:15.617,Intermediário
0.02066,0.02069,2011-03-15 11:00:20.139,Intermediário
0.02061,0.02064,2011-03-15 11:30:13.639,Intermediário
0.02062,0.02065,2011-03-15 12:00:23.129,Intermediário
0.02061,0.02064,2011-03-15 12:30:52.824,Intermediário
0.02062,0.02065,2011-03-15 13:00:17.753,Intermediário
0.0206,0.02063,2011-03-15 13:30:15.005,Intermediário
0.02063,0.02066,2011-03-15 14:00:16.992,Intermediário
0.02057,0.0206,2011-03-15 14:30:16.456,Intermediário
0.02056,0.02059,2011-03-15 15:00:27.582,Intermediário
0.02054,0.02057,2011-03-15 15:30:14.562,Intermediário
0.02059,0.02062,2011-03-15 16:00:17.312,Intermediário
0.02059,0.02062,2011-03-15 16:32:23.708,Fechamento Interbancário
0.02063,0.02065,2011-03-15 17:35:38.384,Fechamento
0.02051,0.02063,2011-03-16 09:22:12.992,Abertura
0.02058,0.02061,2011-03-16 09:30:16.599,Intermediário
0.02059,0.02062,2011-03-16 10:01:16.27,Intermediário
0.0206,0.02062,2011-03-16 10:30:17.642,Intermediário
0.02059,0.02062,2011-03-16 11:00:23.324,Intermediário
0.02063,0.02065,2011-03-16 11:30:15.805,Intermediário
0.02063,0.02066,2011-03-16 12:00:22.915,Intermediário
0.02068,0.02071,2011-03-16 12:33:51.175,Intermediário
0.02077,0.0208,2011-03-16 13:00:21.572,Intermediário
0.02081,0.02084,2011-03-16 13:30:15.726,Intermediário
0.0208,0.02083,2011-03-16 14:00:21.597,Intermediário
0.02082,0.02085,2011-03-16 14:30:17.126,Intermediário
0.02085,0.02088,2011-03-16 15:00:19.036,Intermediário
0.02091,0.02094,2011-03-16 15:30:14.071,Intermediário
0.02083,0.02085,2011-03-16 16:00:19.35,Intermediário
0.02091,0.02094,2011-03-16 16:30:14.145,Fechamento Interbancário
0.02085,0.02086,2011-03-16 17:39:32.112,Fechamento
0.02118,0.02131,2011-03-17 09:22:20.699,Abertura
0.02123,0.02126,2011-03-17 09:30:16.667,Intermediário
0.02116,0.02118,2011-03-17 10:00:23.09,Intermediário
0.0212,0.02123,2011-03-17 10:30:14.657,Intermediário
0.02121,0.02124,2011-03-17 11:00:16.788,Intermediário
0.02115,0.02117,2011-03-17 11:30:22.644,Intermediário
0.02119,0.02122,2011-03-17 12:00:21.873,Intermediário
0.02109,0.02112,2011-03-17 12:30:14.984,Intermediário
0.02116,0.02119,2011-03-17 13:00:19.868,Intermediário
0.0212,0.02123,2011-03-17 13:30:14.756,Intermediário
0.02118,0.02121,2011-03-17 14:00:15.185,Intermediário
0.02112,0.02115,2011-03-17 14:30:14.053,Intermediário
0.0213,0.02133,2011-03-17 15:00:18.592,Intermediário
0.02125,0.02128,2011-03-17 15:30:13.149,Intermediário
0.02129,0.02132,2011-03-17 16:00:15.122,Intermediário
0.02129,0.02131,2011-03-17 16:30:12.889,Fechamento Interbancário
0.02117,0.02118,2011-03-17 17:35:35.775,Fechamento
0.02051,0.02063,2011-03-18 09:24:09.814,Abertura
0.02054,0.02057,2011-03-18 09:30:14.494,Intermediário
0.02051,0.02054,2011-03-18 10:00:17.0,Intermediário
0.02055,0.02058,2011-03-18 10:31:23.208,Intermediário
0.02063,0.02066,2011-03-18 11:00:28.343,Intermediário
0.02058,0.02061,2011-03-18 11:30:20.573,Intermediário
0.02062,0.02065,2011-03-18 12:01:37.185,Intermediário
0.02064,0.02067,2011-03-18 12:30:20.59,Intermediário
0.02063,0.02066,2011-03-18 13:00:19.883,Intermediário
0.02057,0.0206,2011-03-18 13:30:17.887,Intermediário
0.02059,0.02062,2011-03-18 14:00:23.031,Intermediário
0.02061,0.02064,2011-03-18 14:30:19.288,Intermediário
0.02065,0.02068,2011-03-18 15:00:16.819,Intermediário
0.02065,0.02068,2011-03-18 15:30:19.604,Intermediário
0.0206,0.02062,2011-03-18 16:29:54.172,Intermediário
0.02063,0.02066,2011-03-18 16:36:33.007,Fechamento Interbancário
0.02067,0.02068,2011-03-18 17:42:02.649,Fechamento
0.02041,0.02054,2011-03-21 09:31:23.607,Abertura
0.02047,0.0205,2011-03-21 09:33:27.076,Intermediário
0.02049,0.02052,2011-03-21 10:03:52.084,Intermediário
0.02048,0.02051,2011-03-21 10:32:40.542,Intermediário
0.02048,0.0205,2011-03-21 11:00:18.775,Intermediário
0.02049,0.02052,2011-03-21 11:30:13.292,Intermediário
0.02051,0.02053,2011-03-21 12:03:14.697,Intermediário
0.02048,0.02053,2011-03-21 12:33:57.355,Intermediário
0.0205,0.02053,2011-03-21 13:00:24.797,Intermediário
0.02054,0.02056,2011-03-21 13:30:15.402,Intermediário
0.02053,0.02056,2011-03-21 14:00:14.906,Intermediário
0.02054,0.02057,2011-03-21 14:32:09.484,Intermediário
0.02052,0.02055,2011-03-21 15:00:21.087,Intermediário
0.02053,0.02056,2011-03-21 15:30:18.012,Intermediário
0.02051,0.02054,2011-03-21 16:00:17.684,Intermediário
0.02055,0.02058,2011-03-21 16:30:13.563,Fechamento Interbancário
0.02054,0.02055,2011-03-21 17:36:01.956,Fechamento
0.02048,0.02061,2011-03-22 09:22:09.914,Abertura
0.02052,0.02055,2011-03-22 09:30:13.634,Intermediário
0.02051,0.02053,2011-03-22 10:00:17.074,Intermediário
0.02054,0.02057,2011-03-22 10:30:15.365,Intermediário
0.02053,0.02056,2011-03-22 11:00:19.326,Intermediário
0.02054,0.02056,2011-03-22 11:30:19.167,Intermediário
0.02053,0.02055,2011-03-22 12:00:21.886,Intermediário
0.02054,0.02057,2011-03-22 12:30:15.646,Intermediário
0.02053,0.02056,2011-03-22 13:00:19.588,Intermediário
0.02054,0.02057,2011-03-22 13:30:15.569,Intermediário
0.02054,0.02056,2011-03-22 14:00:15.741,Intermediário
0.02054,0.02057,2011-03-22 14:30:16.849,Intermediário
0.02054,0.02057,2011-03-22 15:00:20.141,Intermediário
0.02054,0.02057,2011-03-22 15:30:16.876,Intermediário
0.02054,0.02056,2011-03-22 16:00:16.825,Intermediário
0.02053,0.02055,2011-03-22 16:30:17.767,Fechamento Interbancário
0.02055,0.02056,2011-03-22 17:37:06.386,Fechamento
0.02047,0.0206,2011-03-23 09:25:06.059,Abertura
0.02052,0.02054,2011-03-23 09:30:13.16,Intermediário
0.02053,0.02055,2011-03-23 10:00:15.138,Intermediário
0.02051,0.02054,2011-03-23 10:30:12.918,Intermediário
0.02052,0.02055,2011-03-23 11:00:14.022,Intermediário
0.02054,0.02056,2011-03-23 11:30:15.11,Intermediário
0.02054,0.02056,2011-03-23 12:00:17.764,Intermediário
0.02051,0.02054,2011-03-23 12:30:49.5,Intermediário
0.02051,0.02054,2011-03-23 13:00:16.146,Intermediário
0.02053,0.02056,2011-03-23 13:30:12.419,Intermediário
0.02053,0.02056,2011-03-23 14:00:14.991,Intermediário
0.02053,0.02055,2011-03-23 14:30:11.779,Intermediário
0.02051,0.02054,2011-03-23 15:01:02.874,Intermediário
0.02052,0.02055,2011-03-23 15:30:12.176,Intermediário
0.02052,0.02054,2011-03-23 16:02:31.144,Intermediário
0.02053,0.02055,2011-03-23 16:30:12.394,Fechamento Interbancário
0.02053,0.02054,2011-03-23 17:35:46.713,Fechamento
0.02038,0.02051,2011-03-24 09:20:24.036,Abertura
0.02045,0.02048,2011-03-24 09:31:28.273,Intermediário
0.02047,0.0205,2011-03-24 10:01:03.745,Intermediário
0.02047,0.02049,2011-03-24 10:30:13.751,Intermediário
0.02046,0.02049,2011-03-24 11:01:04.5,Intermediário
0.02048,0.02051,2011-03-24 11:30:13.251,Intermediário
0.02051,0.02054,2011-03-24 12:00:23.47,Intermediário
0.02051,0.02053,2011-03-24 12:30:14.847,Intermediário
0.02051,0.02053,2011-03-24 13:00:14.922,Intermediário
0.02047,0.02049,2011-03-24 13:30:58.523,Intermediário
0.02046,0.02049,2011-03-24 14:00:15.374,Intermediário
0.02044,0.02047,2011-03-24 14:31:23.248,Intermediário
0.02047,0.0205,2011-03-24 15:00:20.733,Intermediário
0.02047,0.0205,2011-03-24 15:30:12.956,Intermediário
0.02047,0.0205,2011-03-24 16:00:13.419,Intermediário
0.02045,0.02048,2011-03-24 16:30:11.475,Fechamento Interbancário
0.02048,0.02049,2011-03-24 17:36:15.489,Fechamento
0.02041,0.02054,2011-03-25 09:16:09.799,Abertura
0.02045,0.02048,2011-03-25 09:30:13.718,Intermediário
0.02044,0.02047,2011-03-25 10:00:16.369,Intermediário
0.02043,0.02046,2011-03-25 10:31:21.701,Intermediário
0.02041,0.02044,2011-03-25 11:00:15.717,Intermediário
0.02041,0.02044,2011-03-25 11:30:12.343,Intermediário
0.02041,0.02044,2011-03-25 12:00:17.98,Intermediário
0.02038,0.02041,2011-03-25 12:30:14.981,Intermediário
0.0204,0.02043,2011-03-25 13:00:16.489,Intermediário
0.02033,0.02036,2011-03-25 13:30:12.263,Intermediário
0.02031,0.02034,2011-03-25 14:00:13.44,Intermediário
0.02036,0.02039,2011-03-25 14:31:12.188,Intermediário
0.02036,0.02039,2011-03-25 15:00:15.89,Intermediário
0.02036,0.02039,2011-03-25 15:30:12.196,Intermediário
0.02036,0.02039,2011-03-25 16:00:13.817,Intermediário
0.02036,0.02038,2011-03-25 16:30:12.653,Fechamento Interbancário
0.02035,0.02036,2011-03-25 17:35:38.815,Fechamento
0.02028,0.0204,2011-03-28 09:21:40.767,Abertura
0.02032,0.02035,2011-03-28 09:30:14.258,Intermediário
0.02033,0.02036,2011-03-28 10:00:23.687,Intermediário
0.02034,0.02036,2011-03-28 10:30:19.657,Intermediário
0.02033,0.02035,2011-03-28 11:01:24.679,Intermediário
0.02032,0.02035,2011-03-28 11:31:06.917,Intermediário
0.02028,0.02031,2011-03-28 12:01:55.289,Intermediário
0.02031,0.02033,2011-03-28 12:30:18.888,Intermediário
0.02032,0.02034,2011-03-28 13:01:00.698,Intermediário
0.02031,0.02034,2011-03-28 13:30:59.671,Intermediário
0.02029,0.02032,2011-03-28 14:00:20.802,Intermediário
0.02029,0.02031,2011-03-28 14:30:21.316,Intermediário
0.0203,0.02033,2011-03-28 15:01:29.078,Intermediário
0.02032,0.02035,2011-03-28 15:30:14.586,Intermediário
0.02034,0.02037,2011-03-28 16:00:19.458,Intermediário
0.02031,0.02034,2011-03-28 16:30:17.883,Fechamento Interbancário
0.02032,0.02033,2011-03-28 17:36:12.792,Fechamento
0.02016,0.02029,2011-03-29 09:16:09.622,Abertura
0.02015,0.02017,2011-03-29 09:31:09.137,Intermediário
0.02012,0.02014,2011-03-29 10:00:19.685,Intermediário
0.02011,0.02014,2011-03-29 10:32:38.699,Intermediário
0.02015,0.02018,2011-03-29 11:00:16.198,Intermediário
0.0201,0.02013,2011-03-29 11:30:13.999,Intermediário
0.0201,0.02013,2011-03-29 12:00:26.782,Intermediário
0.02011,0.02014,2011-03-29 12:30:14.117,Intermediário
0.0201,0.02012,2011-03-29 13:00:16.469,Intermediário
0.02008,0.02011,2011-03-29 13:36:11.466,Intermediário
0.02009,0.02012,2011-03-29 14:00:16.394,Intermediário
0.02008,0.0201,2011-03-29 14:30:13.751,Intermediário
0.02004,0.02007,2011-03-29 15:00:16.992,Intermediário
0.02004,0.02007,2011-03-29 15:30:57.031,Intermediário
0.02004,0.02006,2011-03-29 16:00:15.642,Intermediário
0.02004,0.02007,2011-03-29 16:30:16.914,Fechamento Interbancário
0.02006,0.02008,2011-03-29 17:35:33.252,Fechamento
0.01969,0.01981,2011-03-30 09:10:11.991,Abertura
0.01975,0.01978,2011-03-30 09:30:19.153,Intermediário
0.01975,0.01978,2011-03-30 10:00:23.012,Intermediário
0.01976,0.01979,2011-03-30 10:30:13.817,Intermediário
0.01973,0.01976,2011-03-30 11:00:17.591,Intermediário
0.0197,0.01973,2011-03-30 11:30:14.862,Intermediário
0.01971,0.01974,2011-03-30 12:00:22.234,Intermediário
0.01963,0.01966,2011-03-30 12:30:13.268,Intermediário
0.01963,0.01966,2011-03-30 13:01:18.392,Intermediário
0.01966,0.01969,2011-03-30 13:30:48.756,Intermediário
0.01972,0.01975,2011-03-30 14:01:12.471,Intermediário
0.01969,0.01972,2011-03-30 14:30:14.03,Intermediário
0.0197,0.01973,2011-03-30 15:00:49.723,Intermediário
0.01967,0.0197,2011-03-30 15:30:56.046,Intermediário
0.01966,0.01969,2011-03-30 16:00:15.37,Intermediário
0.01962,0.01965,2011-03-30 16:30:14.478,Fechamento Interbancário
0.01972,0.01973,2011-03-30 17:36:43.286,Fechamento
0.01953,0.01965,2011-03-31 09:17:20.338,Abertura
0.01958,0.0196,2011-03-31 09:30:13.665,Intermediário
0.01958,0.01961,2011-03-31 10:00:15.541,Intermediário
0.01964,0.01966,2011-03-31 10:30:13.435,Intermediário
0.0196,0.01963,2011-03-31 11:00:16.758,Intermediário
0.0196,0.01963,2011-03-31 11:30:17.945,Intermediário
0.0196,0.01962,2011-03-31 12:01:33.119,Intermediário
0.01965,0.01967,2011-03-31 12:30:13.545,Intermediário
0.01965,0.01968,2011-03-31 13:00:21.721,Intermediário
0.01965,0.01968,2011-03-31 13:30:12.759,Intermediário
0.01963,0.01966,2011-03-31 14:00:15.019,Intermediário
0.01964,0.01966,2011-03-31 14:36:55.893,Intermediário
0.0196,0.01963,2011-03-31 15:00:16.411,Intermediário
0.0196,0.01963,2011-03-31 15:30:13.883,Intermediário
0.01961,0.01963,2011-03-31 16:00:14.035,Intermediário
0.01961,0.01964,2011-03-31 16:30:13.926,Fechamento Interbancário
0.0196,0.01961,2011-03-31 17:37:06.336,Fechamento
0.01937,0.01949,2011-04-01 09:18:10.042,Abertura
0.01932,0.01934,2011-04-01 09:44:44.456,Intermediário
0.01924,0.01927,2011-04-01 10:00:32.281,Intermediário
0.01921,0.01924,2011-04-01 10:31:04.963,Intermediário
0.01918,0.0192,2011-04-01 11:00:22.734,Intermediário
0.01921,0.01923,2011-04-01 11:30:12.716,Intermediário
0.01919,0.01922,2011-04-01 12:00:19.151,Intermediário
0.01919,0.01922,2011-04-01 12:31:28.811,Intermediário
0.01923,0.01926,2011-04-01 13:00:47.365,Intermediário
0.0192,0.01922,2011-04-01 13:32:07.584,Intermediário
0.01921,0.01923,2011-04-01 14:00:17.038,Intermediário
0.01918,0.01921,2011-04-01 14:30:12.101,Intermediário
0.01916,0.01919,2011-04-01 15:00:15.321,Intermediário
0.01915,0.01918,2011-04-01 15:30:11.872,Intermediário
0.01914,0.01917,2011-04-01 16:00:14.15,Intermediário
0.01915,0.01917,2011-04-01 16:30:15.297,Fechamento Interbancário
0.01925,0.01926,2011-04-01 17:35:33.458,Fechamento
0.01909,0.01921,2011-04-04 09:14:09.858,Abertura
0.01915,0.01918,2011-04-04 09:30:12.597,Intermediário
0.01918,0.0192,2011-04-04 10:00:14.799,Intermediário
0.01922,0.01924,2011-04-04 10:30:13.901,Intermediário
0.01925,0.01927,2011-04-04 11:00:18.699,Intermediário
0.01923,0.01926,2011-04-04 11:30:15.488,Intermediário
0.01923,0.01925,2011-04-04 12:00:21.812,Intermediário
0.01921,0.01924,2011-04-04 12:30:14.699,Intermediário
0.01914,0.01917,2011-04-04 13:02:04.839,Intermediário
0.01917,0.01919,2011-04-04 13:30:12.975,Intermediário
0.01916,0.01918,2011-04-04 14:00:15.387,Intermediário
0.01916,0.01919,2011-04-04 14:30:56.052,Intermediário
0.01919,0.01921,2011-04-04 15:01:01.415,Intermediário
0.01916,0.01918,2011-04-04 15:31:08.623,Intermediário
0.01916,0.01919,2011-04-04 16:00:18.454,Intermediário
0.01912,0.01915,2011-04-04 16:30:15.946,Fechamento Interbancário
0.01916,0.01917,2011-04-04 17:36:52.876,Fechamento
0.01905,0.01917,2011-04-05 09:22:10.818,Abertura
0.0191,0.01912,2011-04-05 09:30:14.392,Intermediário
0.01908,0.01911,2011-04-05 10:00:14.467,Intermediário
0.01904,0.01907,2011-04-05 10:30:15.425,Intermediário
0.01907,0.01909,2011-04-05 11:00:13.743,Intermediário
0.01902,0.01905,2011-04-05 11:30:12.098,Intermediário
0.01901,0.01903,2011-04-05 12:00:16.647,Intermediário
0.01896,0.01899,2011-04-05 12:30:12.294,Intermediário
0.01897,0.019,2011-04-05 13:00:14.278,Intermediário
0.01898,0.019,2011-04-05 13:30:12.627,Intermediário
0.01901,0.01903,2011-04-05 14:00:16.154,Intermediário
0.019,0.01901,2011-04-05 14:30:13.99,Intermediário
0.01896,0.01899,2011-04-05 15:00:18.05,Intermediário
0.01897,0.019,2011-04-05 15:31:08.882,Intermediário
0.01893,0.01895,2011-04-05 16:00:21.766,Intermediário
0.01894,0.01897,2011-04-05 16:30:12.704,Fechamento Interbancário
0.01895,0.01896,2011-04-05 17:36:25.073,Fechamento
0.01876,0.01888,2011-04-06 09:20:05.326,Abertura
0.01879,0.01882,2011-04-06 09:30:24.434,Intermediário
0.01878,0.0188,2011-04-06 10:00:21.907,Intermediário
0.01879,0.01882,2011-04-06 10:30:46.36,Intermediário
0.01882,0.01884,2011-04-06 11:00:16.552,Intermediário
0.0188,0.01882,2011-04-06 11:30:49.798,Intermediário
0.01876,0.01879,2011-04-06 12:00:24.523,Intermediário
0.01878,0.0188,2011-04-06 12:30:14.556,Intermediário
0.01878,0.0188,2011-04-06 13:01:01.157,Intermediário
0.01885,0.01887,2011-04-06 13:30:15.707,Intermediário
0.01887,0.0189,2011-04-06 14:00:15.851,Intermediário
0.0189,0.01893,2011-04-06 14:30:11.888,Intermediário
0.01888,0.01891,2011-04-06 15:00:16.279,Intermediário
0.01889,0.01892,2011-04-06 15:30:13.295,Intermediário
0.01887,0.0189,2011-04-06 16:00:14.95,Intermediário
0.01888,0.0189,2011-04-06 16:31:28.132,Fechamento Interbancário
0.01884,0.01885,2011-04-06 17:35:36.241,Fechamento
0.01871,0.01883,2011-04-07 09:24:49.177,Abertura
0.01874,0.01877,2011-04-07 09:30:13.924,Intermediário
0.01874,0.01876,2011-04-07 10:00:55.385,Intermediário
0.01873,0.01875,2011-04-07 10:30:13.292,Intermediário
0.01868,0.01871,2011-04-07 11:00:15.907,Intermediário
0.01869,0.01872,2011-04-07 11:30:12.196,Intermediário
0.01871,0.01873,2011-04-07 12:00:17.946,Intermediário
0.01877,0.01879,2011-04-07 12:31:15.036,Intermediário
0.01874,0.01876,2011-04-07 13:00:16.195,Intermediário
0.01875,0.01878,2011-04-07 13:31:18.378,Intermediário
0.01874,0.01877,2011-04-07 14:00:17.985,Intermediário
0.01871,0.01873,2011-04-07 14:31:26.899,Intermediário
0.01868,0.01871,2011-04-07 15:00:24.226,Intermediário
0.01867,0.01869,2011-04-07 15:30:12.425,Intermediário
0.01863,0.01866,2011-04-07 16:00:14.334,Intermediário
0.01864,0.01866,2011-04-07 16:30:59.373,Fechamento Interbancário
0.01875,0.01876,2011-04-07 17:35:58.491,Fechamento
0.01835,0.01847,2011-04-08 09:16:09.363,Abertura
0.01841,0.01843,2011-04-08 09:30:12.995,Intermediário
0.01845,0.01848,2011-04-08 10:00:15.099,Intermediário
0.01848,0.01851,2011-04-08 10:30:12.822,Intermediário
0.01854,0.01856,2011-04-08 11:00:16.027,Intermediário
0.01851,0.01854,2011-04-08 11:30:13.177,Intermediário
0.01853,0.01855,2011-04-08 12:00:20.34,Intermediário
0.01853,0.01856,2011-04-08 12:30:14.609,Intermediário
0.01854,0.01857,2011-04-08 13:01:31.775,Intermediário
0.01853,0.01855,2011-04-08 13:32:13.92,Intermediário
0.01853,0.01856,2011-04-08 14:00:15.364,Intermediário
0.01852,0.01854,2011-04-08 14:30:12.576,Intermediário
0.01853,0.01856,2011-04-08 15:00:15.692,Intermediário
0.01856,0.01858,2011-04-08 15:30:12.736,Intermediário
0.01853,0.01856,2011-04-08 16:00:58.309,Intermediário
0.01852,0.01855,2011-04-08 16:30:13.793,Fechamento Interbancário
0.01856,0.01858,2011-04-08 17:36:33.44,Fechamento
0.01853,0.01865,2011-04-11 09:20:15.838,Abertura
0.01858,0.01861,2011-04-11 09:31:14.92,Intermediário
0.01861,0.01863,2011-04-11 10:00:18.393,Intermediário
0.01861,0.01864,2011-04-11 10:30:15.235,Intermediário
0.01861,0.01863,2011-04-11 11:01:10.173,Intermediário
0.0186,0.01863,2011-04-11 11:30:46.883,Intermediário
0.01862,0.01865,2011-04-11 12:00:28.132,Intermediário
0.01865,0.01867,2011-04-11 12:30:16.077,Intermediário
0.01867,0.01869,2011-04-11 13:00:16.586,Intermediário
0.01866,0.01868,2011-04-11 13:30:13.954,Intermediário
0.01868,0.01871,2011-04-11 14:00:18.422,Intermediário
0.01869,0.01872,2011-04-11 14:30:15.866,Intermediário
0.0187,0.01872,2011-04-11 15:00:18.367,Intermediário
0.01866,0.01868,2011-04-11 15:30:18.661,Intermediário
0.01865,0.01868,2011-04-11 16:00:16.312,Intermediário
0.01865,0.01868,2011-04-11 16:30:17.783,Fechamento Interbancário
0.01866,0.01867,2011-04-11 17:35:24.788,Fechamento
0.01868,0.0188,2011-04-12 09:16:14.904,Abertura
0.01873,0.01876,2011-04-12 09:30:18.47,Intermediário
0.01877,0.01879,2011-04-12 10:00:23.353,Intermediário
0.01873,0.01875,2011-04-12 10:30:17.141,Intermediário
0.01871,0.01874,2011-04-12 11:01:24.589,Intermediário
0.01882,0.01885,2011-04-12 11:30:13.105,Intermediário
0.01897,0.01899,2011-04-12 12:00:19.404,Intermediário
0.01897,0.019,2011-04-12 12:30:13.667,Intermediário
0.01895,0.01897,2011-04-12 13:00:21.689,Intermediário
0.01897,0.019,2011-04-12 13:30:21.016,Intermediário
0.01898,0.019,2011-04-12 14:00:17.985,Intermediário
0.01896,0.01898,2011-04-12 14:30:15.987,Intermediário
0.01896,0.01899,2011-04-12 15:00:19.008,Intermediário
0.01895,0.01897,2011-04-12 15:30:21.481,Intermediário
0.01897,0.01899,2011-04-12 16:00:15.256,Intermediário
0.01901,0.01903,2011-04-12 16:30:21.671,Fechamento Interbancário
0.01895,0.01896,2011-04-12 17:35:42.342,Fechamento
0.01879,0.01892,2011-04-13 09:16:15.699,Abertura
0.01882,0.01885,2011-04-13 09:30:18.669,Intermediário
0.01879,0.01882,2011-04-13 10:00:20.845,Intermediário
0.01882,0.01885,2011-04-13 10:30:18.215,Intermediário
0.01883,0.01886,2011-04-13 11:01:17.122,Intermediário
0.01888,0.0189,2011-04-13 11:30:18.858,Intermediário
0.01891,0.01894,2011-04-13 12:00:19.99,Intermediário
0.01898,0.019,2011-04-13 12:31:10.167,Intermediário
0.01901,0.01903,2011-04-13 13:00:53.98,Intermediário
0.01901,0.01903,2011-04-13 13:30:48.946,Intermediário
0.01899,0.01902,2011-04-13 14:01:10.369,Intermediário
0.019,0.01902,2011-04-13 14:31:14.356,Intermediário
0.01901,0.01903,2011-04-13 15:00:27.508,Intermediário
0.01901,0.01904,2011-04-13 15:30:23.808,Intermediário
0.01895,0.01897,2011-04-13 16:00:17.164,Intermediário
0.01895,0.01898,2011-04-13 16:30:14.888,Fechamento Interbancário
0.01891,0.01892,2011-04-13 17:36:21.931,Fechamento
0.01903,0.01915,2011-04-14 09:18:15.734,Abertura
0.01911,0.01914,2011-04-14 09:30:20.894,Intermediário
0.01909,0.01912,2011-04-14 10:00:20.5,Intermediário
0.01906,0.01909,2011-04-14 10:30:16.444,Intermediário
0.01909,0.01911,2011-04-14 11:00:19.682,Intermediário
0.019,0.01903,2011-04-14 11:30:12.569,Intermediário
0.01904,0.01906,2011-04-14 12:17:12.406,Intermediário
0.019,0.01903,2011-04-14 12:30:17.001,Intermediário
0.01902,0.01904,2011-04-14 13:01:11.435,Intermediário
0.01898,0.01901,2011-04-14 13:30:24.895,Intermediário
0.01893,0.01896,2011-04-14 14:00:16.626,Intermediário
0.01895,0.01898,2011-04-14 14:30:57.935,Intermediário
0.01897,0.01899,2011-04-14 15:00:56.886,Intermediário
0.01894,0.01897,2011-04-14 15:30:14.998,Intermediário
0.01892,0.01895,2011-04-14 16:00:16.161,Intermediário
0.01892,0.01895,2011-04-14 16:31:10.409,Fechamento Interbancário
0.01899,0.019,2011-04-14 17:36:11.304,Fechamento
0.01889,0.01901,2011-04-15 09:21:47.742,Abertura
0.01894,0.01897,2011-04-15 09:30:29.221,Intermediário
0.019,0.01903,2011-04-15 10:00:18.82,Intermediário
0.01899,0.01902,2011-04-15 10:30:15.544,Intermediário
0.01901,0.01904,2011-04-15 11:01:04.207,Intermediário
0.01901,0.01904,2011-04-15 11:30:14.194,Intermediário
0.01892,0.01895,2011-04-15 12:00:19.763,Intermediário
0.01892,0.01895,2011-04-15 12:31:02.277,Intermediário
0.01891,0.01893,2011-04-15 13:00:16.525,Intermediário
0.01891,0.01893,2011-04-15 13:30:15.277,Intermediário
0.01892,0.01894,2011-04-15 14:00:17.318,Intermediário
0.01897,0.01899,2011-04-15 14:30:15.759,Intermediário
0.01897,0.01899,2011-04-15 15:00:16.773,Intermediário
0.01896,0.01899,2011-04-15 15:30:14.177,Intermediário
0.01896,0.01899,2011-04-15 16:00:18.395,Intermediário
0.01896,0.01898,2011-04-15 16:30:15.108,Fechamento Interbancário
0.01897,0.01898,2011-04-15 17:37:04.846,Fechamento
0.01907,0.0192,2011-04-18 09:22:33.04,Abertura
0.01911,0.01914,2011-04-18 09:30:18.225,Intermediário
0.01912,0.01915,2011-04-18 10:00:17.766,Intermediário
0.01923,0.01926,2011-04-18 10:30:17.655,Intermediário
0.01923,0.01926,2011-04-18 11:00:17.796,Intermediário
0.01927,0.0193,2011-04-18 11:30:14.352,Intermediário
0.01943,0.01945,2011-04-18 12:00:20.976,Intermediário
0.01937,0.01939,2011-04-18 12:30:31.484,Intermediário
0.01935,0.01938,2011-04-18 13:00:17.371,Intermediário
0.01932,0.01935,2011-04-18 14:00:33.574,Intermediário
0.01931,0.01933,2011-04-18 14:03:22.506,Intermediário
0.01932,0.01935,2011-04-18 14:30:15.161,Intermediário
0.01926,0.01928,2011-04-18 15:00:17.208,Intermediário
0.01922,0.01925,2011-04-18 15:30:28.511,Intermediário
0.01921,0.01924,2011-04-18 16:00:15.687,Intermediário
0.01922,0.01925,2011-04-18 16:30:16.929,Fechamento Interbancário
0.01925,0.01926,2011-04-18 17:35:29.035,Fechamento
0.01908,0.0192,2011-04-19 09:23:27.341,Abertura
0.01911,0.01914,2011-04-19 09:31:04.353,Intermediário
0.01915,0.01918,2011-04-19 10:00:24.079,Intermediário
0.01919,0.01921,2011-04-19 10:30:20.98,Intermediário
0.0192,0.01923,2011-04-19 11:00:21.102,Intermediário
0.01917,0.01919,2011-04-19 11:30:13.823,Intermediário
0.01918,0.0192,2011-04-19 12:00:33.586,Intermediário
0.0192,0.01922,2011-04-19 12:30:14.813,Intermediário
0.01916,0.01919,2011-04-19 13:00:23.182,Intermediário
0.01915,0.01917,2011-04-19 13:30:31.241,Intermediário
0.01914,0.01917,2011-04-19 14:01:25.356,Intermediário
0.01909,0.01912,2011-04-19 14:30:15.959,Intermediário
0.01909,0.01911,2011-04-19 15:00:17.093,Intermediário
0.01908,0.0191,2011-04-19 15:30:15.619,Intermediário
0.0191,0.01913,2011-04-19 16:01:28.648,Intermediário
0.01909,0.01912,2011-04-19 16:31:23.727,Fechamento Interbancário
0.01914,0.01916,2011-04-19 17:36:41.291,Fechamento
0.01884,0.01896,2011-04-20 09:20:21.428,Abertura
0.01889,0.01892,2011-04-20 09:33:12.111,Intermediário
0.0189,0.01893,2011-04-20 10:00:17.666,Intermediário
0.01901,0.01904,2011-04-20 10:30:16.028,Intermediário
0.019,0.01903,2011-04-20 11:00:22.86,Intermediário
0.01903,0.01905,2011-04-20 11:31:42.835,Intermediário
0.01902,0.01904,2011-04-20 12:00:32.18,Intermediário
0.019,0.01903,2011-04-20 12:30:14.221,Intermediário
0.01899,0.01901,2011-04-20 13:00:31.646,Intermediário
0.01909,0.01911,2011-04-20 13:30:55.256,Intermediário
0.01912,0.01915,2011-04-20 14:00:16.351,Intermediário
0.01911,0.01914,2011-04-20 14:30:19.541,Intermediário
0.01913,0.01916,2011-04-20 15:00:18.764,Intermediário
0.01911,0.01913,2011-04-20 15:30:28.938,Intermediário
0.01904,0.01907,2011-04-20 16:00:33.415,Intermediário
0.01903,0.01906,2011-04-20 16:31:20.379,Fechamento Interbancário
0.01906,0.01907,2011-04-20 17:35:32.338,Fechamento
0.019,0.01912,2011-04-25 09:14:18.289,Abertura
0.01905,0.01908,2011-04-25 09:31:17.68,Intermediário
0.01906,0.01909,2011-04-25 10:00:17.671,Intermediário
0.0191,0.01913,2011-04-25 10:30:16.595,Intermediário
0.0191,0.01913,2011-04-25 11:00:20.909,Intermediário
0.01914,0.01916,2011-04-25 11:30:22.71,Intermediário
0.01917,0.0192,2011-04-25 12:00:17.936,Intermediário
0.01916,0.01919,2011-04-25 12:30:16.675,Intermediário
0.01917,0.0192,2011-04-25 13:00:17.227,Intermediário
0.01916,0.01918,2011-04-25 13:30:16.453,Intermediário
0.01917,0.01919,2011-04-25 14:00:18.06,Intermediário
0.01919,0.01922,2011-04-25 14:30:17.348,Intermediário
0.01923,0.01926,2011-04-25 15:01:12.708,Intermediário
0.01923,0.01926,2011-04-25 15:30:17.736,Intermediário
0.01922,0.01925,2011-04-25 16:00:19.114,Intermediário
0.01922,0.01925,2011-04-25 16:30:18.399,Fechamento Interbancário
0.01922,0.01924,2011-04-25 17:35:36.02,Fechamento
0.0191,0.01923,2011-04-26 09:16:16.245,Abertura
0.01914,0.01917,2011-04-26 09:30:17.755,Intermediário
0.01913,0.01916,2011-04-26 10:00:19.09,Intermediário
0.01917,0.0192,2011-04-26 10:30:16.847,Intermediário
0.01916,0.01919,2011-04-26 11:00:18.897,Intermediário
0.01914,0.01917,2011-04-26 11:30:19.23,Intermediário
0.01913,0.01916,2011-04-26 12:01:22.37,Intermediário
0.01913,0.01916,2011-04-26 12:30:16.07,Intermediário
0.01907,0.01909,2011-04-26 13:00:25.059,Intermediário
0.0191,0.01912,2011-04-26 13:30:59.797,Intermediário
0.01912,0.01915,2011-04-26 14:00:25.055,Intermediário
0.01914,0.01917,2011-04-26 14:30:16.811,Intermediário
0.01917,0.0192,2011-04-26 15:00:28.698,Intermediário
0.01915,0.01917,2011-04-26 15:30:27.583,Intermediário
0.01914,0.01917,2011-04-26 16:01:44.044,Intermediário
0.01915,0.01918,2011-04-26 16:48:07.203,Fechamento Interbancário
0.01918,0.0192,2011-04-26 17:35:38.079,Fechamento
0.01891,0.01903,2011-04-27 09:27:17.218,Abertura
0.01894,0.01896,2011-04-27 09:30:30.983,Intermediário
0.01894,0.01897,2011-04-27 10:01:29.068,Intermediário
0.01895,0.01897,2011-04-27 10:30:17.624,Intermediário
0.01899,0.01901,2011-04-27 11:00:42.645,Intermediário
0.01904,0.01907,2011-04-27 11:30:33.151,Intermediário
0.01899,0.01901,2011-04-27 12:00:27.567,Intermediário
0.01898,0.01901,2011-04-27 12:34:17.875,Intermediário
0.019,0.01902,2011-04-27 13:00:19.02,Intermediário
0.019,0.01902,2011-04-27 13:30:15.881,Intermediário
0.019,0.01903,2011-04-27 14:00:20.273,Intermediário
0.01903,0.01906,2011-04-27 14:30:15.586,Intermediário
0.01908,0.0191,2011-04-27 15:00:29.574,Intermediário
0.01907,0.01909,2011-04-27 15:30:58.988,Intermediário
0.0191,0.01912,2011-04-27 16:00:21.504,Intermediário
0.0191,0.01913,2011-04-27 16:30:15.811,Fechamento Interbancário
0.01911,0.01912,2011-04-27 17:35:58.894,Fechamento
0.0192,0.01933,2011-04-28 09:19:52.948,Abertura
0.01926,0.01928,2011-04-28 09:30:26.883,Intermediário
0.01932,0.01935,2011-04-28 10:00:21.046,Intermediário
0.01945,0.01947,2011-04-28 10:37:19.263,Intermediário
0.01944,0.01946,2011-04-28 11:00:30.203,Intermediário
0.01946,0.01949,2011-04-28 11:30:55.689,Intermediário
0.01952,0.01954,2011-04-28 12:01:00.352,Intermediário
0.01946,0.01949,2011-04-28 12:30:20.646,Intermediário
0.01946,0.01949,2011-04-28 13:00:25.181,Intermediário
0.01943,0.01946,2011-04-28 13:38:41.216,Intermediário
0.01943,0.01946,2011-04-28 14:00:19.005,Intermediário
0.01943,0.01946,2011-04-28 14:30:14.738,Intermediário
0.01945,0.01948,2011-04-28 15:00:37.386,Intermediário
0.01946,0.01948,2011-04-28 15:30:13.492,Intermediário
0.01941,0.01944,2011-04-28 16:00:19.114,Intermediário
0.0194,0.01943,2011-04-28 16:30:27.522,Fechamento Interbancário
0.01945,0.01946,2011-04-28 17:37:36.51,Fechamento
0.01936,0.01948,2011-04-29 09:18:16.546,Abertura
0.01939,0.01941,2011-04-29 09:30:12.796,Intermediário
0.01935,0.01937,2011-04-29 10:00:24.41,Intermediário
0.01935,0.01937,2011-04-29 10:30:16.518,Intermediário
0.0193,0.01932,2011-04-29 11:00:22.523,Intermediário
0.01934,0.01937,2011-04-29 11:30:13.046,Intermediário
0.01938,0.01941,2011-04-29 12:00:21.221,Intermediário
0.01934,0.01937,2011-04-29 12:31:30.938,Intermediário
0.01929,0.01932,2011-04-29 13:00:25.216,Intermediário
0.01928,0.01931,2011-04-29 13:30:13.767,Intermediário
0.01933,0.01935,2011-04-29 14:00:22.428,Intermediário
0.01932,0.01934,2011-04-29 14:30:13.582,Intermediário
0.01932,0.01934,2011-04-29 15:00:46.339,Intermediário
0.01935,0.01938,2011-04-29 15:31:36.641,Intermediário
0.01937,0.0194,2011-04-29 16:00:25.896,Intermediário
0.01938,0.01941,2011-04-29 16:31:16.692,Fechamento Interbancário
0.0194,0.01941,2011-04-29 17:35:24.698,Fechamento
0.01928,0.0194,2011-05-02 09:27:58.941,Abertura
0.01932,0.01935,2011-05-02 09:30:15.759,Intermediário
0.0193,0.01933,2011-05-02 10:00:25.004,Intermediário
0.01929,0.01932,2011-05-02 10:30:18.388,Intermediário
0.01931,0.01933,2011-05-02 11:00:38.406,Intermediário
0.01935,0.01937,2011-05-02 11:30:24.028,Intermediário
0.01935,0.01938,2011-05-02 12:00:25.235,Intermediário
0.01936,0.01939,2011-05-02 12:30:14.066,Intermediário
0.01938,0.01941,2011-05-02 13:01:41.013,Intermediário
0.01939,0.01942,2011-05-02 13:30:27.946,Intermediário
0.01937,0.0194,2011-05-02 14:00:23.62,Intermediário
0.01937,0.01939,2011-05-02 14:30:16.84,Intermediário
0.01934,0.01937,2011-05-02 15:00:29.307,Intermediário
0.01936,0.01939,2011-05-02 15:31:15.821,Intermediário
0.01937,0.0194,2011-05-02 16:00:25.679,Intermediário
0.01937,0.0194,2011-05-02 16:30:20.449,Fechamento Interbancário
0.01937,0.01938,2011-05-02 17:35:41.206,Fechamento
0.01965,0.01977,2011-05-03 09:20:18.166,Abertura
0.01968,0.01971,2011-05-03 09:30:32.996,Intermediário
0.01972,0.01975,2011-05-03 10:00:38.133,Intermediário
0.01975,0.01978,2011-05-03 10:30:21.716,Intermediário
0.01969,0.01971,2011-05-03 11:00:47.945,Intermediário
0.01966,0.01969,2011-05-03 11:30:20.494,Intermediário
0.01967,0.01969,2011-05-03 12:01:38.419,Intermediário
0.0196,0.01962,2011-05-03 12:30:18.177,Intermediário
0.01955,0.01957,2011-05-03 13:01:34.277,Intermediário
0.01957,0.01959,2011-05-03 13:31:41.107,Intermediário
0.01962,0.01965,2011-05-03 14:00:26.14,Intermediário
0.0196,0.01962,2011-05-03 14:30:17.416,Intermediário
0.01967,0.0197,2011-05-03 15:00:31.939,Intermediário
0.01963,0.01966,2011-05-03 15:30:16.62,Intermediário
0.01962,0.01965,2011-05-03 16:00:24.117,Intermediário
0.0196,0.01962,2011-05-03 16:30:19.922,Fechamento Interbancário
0.01961,0.01962,2011-05-03 17:35:35.769,Fechamento
0.01948,0.01961,2011-05-04 09:14:11.187,Abertura
0.01953,0.01955,2011-05-04 09:31:30.323,Intermediário
0.01954,0.01957,2011-05-04 10:00:33.254,Intermediário
0.01958,0.0196,2011-05-04 10:30:19.301,Intermediário
0.01972,0.01975,2011-05-04 11:01:13.811,Intermediário
0.0198,0.01983,2011-05-04 11:30:14.386,Intermediário
0.01981,0.01984,2011-05-04 12:00:44.601,Intermediário
0.01988,0.01991,2011-05-04 12:30:16.461,Intermediário
0.01988,0.01991,2011-05-04 13:15:53.068,Intermediário
0.01992,0.01995,2011-05-04 13:30:13.789,Intermediário
0.01997,0.02,2011-05-04 14:00:22.002,Intermediário
0.01993,0.01996,2011-05-04 14:30:15.902,Intermediário
0.01989,0.01992,2011-05-04 15:00:30.59,Intermediário
0.01988,0.01991,2011-05-04 15:30:57.78,Intermediário
0.01989,0.01992,2011-05-04 16:00:20.797,Intermediário
0.01988,0.01991,2011-05-04 16:30:14.576,Fechamento Interbancário
0.01987,0.01988,2011-05-04 17:35:32.961,Fechamento
0.02013,0.02026,2011-05-05 09:21:02.074,Abertura
0.02022,0.02024,2011-05-05 09:31:21.617,Intermediário
0.02029,0.02032,2011-05-05 10:00:26.785,Intermediário
0.02022,0.02024,2011-05-05 10:30:18.29,Intermediário
0.02019,0.02022,2011-05-05 11:00:28.537,Intermediário
0.02019,0.02021,2011-05-05 11:30:14.939,Intermediário
0.02018,0.02021,2011-05-05 12:00:31.661,Intermediário
0.02025,0.02028,2011-05-05 12:30:54.327,Intermediário
0.02018,0.0202,2011-05-05 13:00:20.72,Intermediário
0.02016,0.02019,2011-05-05 13:31:27.275,Intermediário
0.02018,0.0202,2011-05-05 14:00:23.741,Intermediário
0.02014,0.02016,2011-05-05 14:31:25.873,Intermediário
0.0202,0.02023,2011-05-05 15:00:24.289,Intermediário
0.02017,0.0202,2011-05-05 15:30:17.179,Intermediário
0.02024,0.02027,2011-05-05 16:00:38.924,Intermediário
0.02027,0.0203,2011-05-05 16:30:16.331,Fechamento Interbancário
0.02025,0.02026,2011-05-05 17:35:53.066,Fechamento
0.02007,0.02019,2011-05-06 09:18:10.361,Abertura
0.02,0.02003,2011-05-06 09:30:19.067,Intermediário
0.01991,0.01994,2011-05-06 10:00:25.485,Intermediário
0.01991,0.01994,2011-05-06 10:30:18.786,Intermediário
0.01991,0.01994,2011-05-06 11:00:28.332,Intermediário
0.01991,0.01993,2011-05-06 11:30:16.747,Intermediário
0.01989,0.01991,2011-05-06 12:00:36.996,Intermediário
0.01988,0.01991,2011-05-06 12:31:23.867,Intermediário
0.01993,0.01996,2011-05-06 13:00:20.119,Intermediário
0.01999,0.02001,2011-05-06 13:30:16.34,Intermediário
0.01999,0.02001,2011-05-06 14:00:28.06,Intermediário
0.02003,0.02005,2011-05-06 14:30:13.599,Intermediário
0.02008,0.0201,2011-05-06 15:00:39.819,Intermediário
0.02008,0.02011,2011-05-06 15:30:19.087,Intermediário
0.0201,0.02013,2011-05-06 16:00:37.872,Intermediário
0.02003,0.02006,2011-05-06 16:30:15.104,Fechamento Interbancário
0.01998,0.01999,2011-05-06 17:35:35.263,Fechamento
0.01987,0.02,2011-05-09 09:20:14.459,Abertura
0.01998,0.02001,2011-05-09 09:30:15.297,Intermediário
0.02002,0.02005,2011-05-09 10:01:08.259,Intermediário
0.02003,0.02005,2011-05-09 10:30:21.658,Intermediário
0.02006,0.02009,2011-05-09 11:00:27.077,Intermediário
0.02009,0.02012,2011-05-09 11:30:16.237,Intermediário
0.02012,0.02014,2011-05-09 12:00:39.048,Intermediário
0.0201,0.02013,2011-05-09 12:30:31.821,Intermediário
0.02014,0.02017,2011-05-09 13:00:21.87,Intermediário
0.02015,0.02018,2011-05-09 13:30:16.668,Intermediário
0.02018,0.0202,2011-05-09 14:00:24.126,Intermediário
0.02011,0.02014,2011-05-09 14:30:34.858,Intermediário
0.02011,0.02014,2011-05-09 15:00:51.552,Intermediário
0.02011,0.02014,2011-05-09 15:30:20.462,Intermediário
0.02013,0.02015,2011-05-09 16:01:22.344,Intermediário
0.02016,0.02019,2011-05-09 16:30:16.185,Fechamento Interbancário
0.02018,0.02019,2011-05-09 17:36:28.314,Fechamento
0.01988,0.02,2011-05-10 09:24:11.055,Abertura
0.01992,0.01995,2011-05-10 09:30:15.552,Intermediário
0.01994,0.01997,2011-05-10 10:00:27.447,Intermediário
0.01997,0.02,2011-05-10 10:31:27.154,Intermediário
0.01995,0.01997,2011-05-10 11:00:23.226,Intermediário
0.01995,0.01997,2011-05-10 11:30:14.293,Intermediário
0.01993,0.01996,2011-05-10 12:00:17.654,Intermediário
0.01991,0.01993,2011-05-10 12:30:14.171,Intermediário
0.0199,0.01993,2011-05-10 13:00:16.319,Intermediário
0.0199,0.01993,2011-05-10 13:30:16.49,Intermediário
0.01991,0.01993,2011-05-10 14:00:15.199,Intermediário
0.01989,0.01992,2011-05-10 14:30:12.435,Intermediário
0.01989,0.01992,2011-05-10 15:00:16.505,Intermediário
0.01989,0.01992,2011-05-10 15:30:22.55,Intermediário
0.01988,0.01991,2011-05-10 16:00:16.02,Intermediário
0.01985,0.01988,2011-05-10 16:30:17.167,Fechamento Interbancário
0.01989,0.0199,2011-05-10 17:37:32.405,Fechamento
0.01977,0.0199,2011-05-11 09:24:31.493,Abertura
0.01985,0.01988,2011-05-11 09:30:11.529,Intermediário
0.01982,0.01984,2011-05-11 10:00:28.718,Intermediário
0.01982,0.01984,2011-05-11 10:30:13.081,Intermediário
0.01981,0.01984,2011-05-11 11:00:36.527,Intermediário
0.0199,0.01993,2011-05-11 11:30:12.652,Intermediário
0.01991,0.01994,2011-05-11 12:00:20.518,Intermediário
0.01999,0.02002,2011-05-11 12:30:11.682,Intermediário
0.02,0.02003,2011-05-11 13:01:26.826,Intermediário
0.02005,0.02007,2011-05-11 13:31:01.807,Intermediário
0.02004,0.02006,2011-05-11 14:00:20.387,Intermediário
0.02005,0.02008,2011-05-11 14:30:12.064,Intermediário
0.02004,0.02007,2011-05-11 15:00:20.269,Intermediário
0.02002,0.02005,2011-05-11 15:30:55.616,Intermediário
0.01999,0.02002,2011-05-11 16:00:21.208,Intermediário
0.01998,0.02001,2011-05-11 16:30:53.437,Fechamento Interbancário
0.01997,0.01998,2011-05-11 17:38:12.597,Fechamento
0.02006,0.02019,2011-05-12 09:18:12.364,Abertura
0.02009,0.02012,2011-05-12 09:30:13.47,Intermediário
0.02011,0.02014,2011-05-12 10:00:21.051,Intermediário
0.02002,0.02005,2011-05-12 10:30:29.729,Intermediário
0.02007,0.0201,2011-05-12 11:00:29.61,Intermediário
0.02009,0.02012,2011-05-12 11:31:29.144,Intermediário
0.0201,0.02013,2011-05-12 12:00:38.784,Intermediário
0.02008,0.02011,2011-05-12 12:30:21.419,Intermediário
0.02004,0.02007,2011-05-12 13:00:21.553,Intermediário
0.02003,0.02006,2011-05-12 13:30:14.955,Intermediário
0.02001,0.02004,2011-05-12 14:00:22.878,Intermediário
0.01999,0.02002,2011-05-12 14:30:18.911,Intermediário
0.01998,0.02,2011-05-12 15:00:25.939,Intermediário
0.02,0.02002,2011-05-12 15:30:17.115,Intermediário
0.02004,0.02006,2011-05-12 16:00:16.037,Intermediário
0.02004,0.02007,2011-05-12 16:30:27.123,Fechamento Interbancário
0.02003,0.02004,2011-05-12 17:36:11.243,Fechamento
0.01992,0.02005,2011-05-13 09:22:23.908,Abertura
0.01995,0.01998,2011-05-13 09:30:14.541,Intermediário
0.02,0.02003,2011-05-13 10:00:19.958,Intermediário
0.0201,0.02013,2011-05-13 10:30:15.525,Intermediário
0.0202,0.02022,2011-05-13 11:00:23.749,Intermediário
0.02021,0.02024,2011-05-13 11:30:14.259,Intermediário
0.02024,0.02027,2011-05-13 12:00:21.525,Intermediário
0.02028,0.0203,2011-05-13 12:30:13.198,Intermediário
0.02027,0.0203,2011-05-13 13:00:21.177,Intermediário
0.02035,0.02037,2011-05-13 13:30:12.325,Intermediário
0.02026,0.02029,2011-05-13 14:00:17.889,Intermediário
0.02021,0.02023,2011-05-13 14:30:12.907,Intermediário
0.02022,0.02025,2011-05-13 15:00:21.135,Intermediário
0.0202,0.02023,2011-05-13 15:30:14.773,Intermediário
0.02017,0.0202,2011-05-13 16:00:18.821,Intermediário
0.02018,0.02021,2011-05-13 16:30:12.113,Fechamento Interbancário
0.0202,0.02021,2011-05-13 17:58:18.231,Fechamento
0.02009,0.02022,2011-05-16 09:24:15.48,Abertura
0.02019,0.02022,2011-05-16 09:30:14.031,Intermediário
0.0202,0.02023,2011-05-16 10:01:32.923,Intermediário
0.02023,0.02026,2011-05-16 10:30:16.876,Intermediário
0.02022,0.02025,2011-05-16 11:00:21.06,Intermediário
0.02013,0.02016,2011-05-16 11:30:12.237,Intermediário
0.02011,0.02015,2011-05-16 12:06:41.835,Intermediário
0.0201,0.02013,2011-05-16 12:37:04.848,Intermediário
0.02012,0.02016,2011-05-16 13:06:08.142,Intermediário
0.02014,0.02016,2011-05-16 13:37:45.211,Intermediário
0.02012,0.02015,2011-05-16 14:22:30.528,Intermediário
0.02018,0.02021,2011-05-16 14:39:50.636,Intermediário
0.02014,0.02017,2011-05-16 15:00:33.094,Intermediário
0.02019,0.02022,2011-05-16 15:30:13.437,Intermediário
0.02019,0.02022,2011-05-16 16:00:22.027,Intermediário
0.02019,0.02022,2011-05-16 16:30:13.636,Fechamento Interbancário
0.0202,0.02021,2011-05-16 17:36:13.639,Fechamento
0.01994,0.02007,2011-05-17 09:24:21.263,Abertura
0.01999,0.02002,2011-05-17 09:30:49.801,Intermediário
0.02005,0.02008,2011-05-17 10:06:28.722,Intermediário
0.02008,0.02011,2011-05-17 10:30:24.974,Intermediário
0.02004,0.02006,2011-05-17 11:00:19.635,Intermediário
0.02003,0.02006,2011-05-17 11:30:11.834,Intermediário
0.02004,0.02007,2011-05-17 12:00:19.664,Intermediário
0.02007,0.02009,2011-05-17 12:30:17.804,Intermediário
0.02006,0.02009,2011-05-17 13:00:18.081,Intermediário
0.02007,0.0201,2011-05-17 13:31:07.093,Intermediário
0.02002,0.02005,2011-05-17 14:00:18.59,Intermediário
0.02,0.02003,2011-05-17 14:30:11.88,Intermediário
0.01991,0.01994,2011-05-17 15:00:30.786,Intermediário
0.01991,0.01994,2011-05-17 15:30:16.002,Intermediário
0.01988,0.01991,2011-05-17 16:01:21.943,Intermediário
0.0199,0.01993,2011-05-17 16:30:18.979,Fechamento Interbancário
0.02,0.02001,2011-05-17 17:38:53.231,Fechamento
0.01985,0.01998,2011-05-18 09:22:10.879,Abertura
0.0199,0.01993,2011-05-18 09:30:28.179,Intermediário
0.01993,0.01995,2011-05-18 10:00:16.481,Intermediário
0.01987,0.0199,2011-05-18 10:30:11.936,Intermediário
0.01991,0.01994,2011-05-18 11:00:19.319,Intermediário
0.01987,0.0199,2011-05-18 11:30:11.268,Intermediário
0.0199,0.01992,2011-05-18 12:00:19.086,Intermediário
0.01984,0.01987,2011-05-18 12:41:20.319,Intermediário
0.01983,0.01986,2011-05-18 13:00:19.425,Intermediário
0.01982,0.01985,2011-05-18 13:30:22.917,Intermediário
0.01981,0.01983,2011-05-18 14:00:27.829,Intermediário
0.01981,0.01984,2011-05-18 14:30:13.082,Intermediário
0.01978,0.01981,2011-05-18 15:00:24.828,Intermediário
0.01977,0.0198,2011-05-18 15:30:12.023,Intermediário
0.01976,0.01979,2011-05-18 16:00:19.722,Intermediário
0.01971,0.01974,2011-05-18 16:30:13.951,Fechamento Interbancário
0.01978,0.01979,2011-05-18 17:36:15.01,Fechamento
0.01956,0.01968,2011-05-19 09:22:21.657,Abertura
0.01962,0.01964,2011-05-19 09:30:13.462,Intermediário
0.01961,0.01964,2011-05-19 10:00:20.11,Intermediário
0.01962,0.01965,2011-05-19 10:30:13.918,Intermediário
0.01968,0.01971,2011-05-19 11:00:23.102,Intermediário
0.0197,0.01972,2011-05-19 11:30:14.423,Intermediário
0.01971,0.01974,2011-05-19 12:00:21.389,Intermediário
0.01977,0.01979,2011-05-19 12:30:13.144,Intermediário
0.01976,0.01978,2011-05-19 13:00:18.063,Intermediário
0.01976,0.01978,2011-05-19 13:31:03.788,Intermediário
0.01977,0.01979,2011-05-19 14:00:16.907,Intermediário
0.01977,0.0198,2011-05-19 14:31:01.451,Intermediário
0.01976,0.01978,2011-05-19 15:00:18.259,Intermediário
0.01982,0.01985,2011-05-19 15:30:17.632,Intermediário
0.01982,0.01985,2011-05-19 16:00:16.919,Intermediário
0.0198,0.01983,2011-05-19 16:30:12.498,Fechamento Interbancário
0.01981,0.01982,2011-05-19 17:39:43.259,Fechamento
0.01976,0.01989,2011-05-20 09:24:09.525,Abertura
0.01981,0.01984,2011-05-20 09:34:00.723,Intermediário
0.01978,0.01981,2011-05-20 10:00:18.218,Intermediário
0.01974,0.01977,2011-05-20 10:30:11.572,Intermediário
0.01978,0.01981,2011-05-20 11:00:25.637,Intermediário
0.0198,0.01983,2011-05-20 11:30:24.695,Intermediário
0.01984,0.01987,2011-05-20 12:00:16.976,Intermediário
0.01984,0.01986,2011-05-20 12:30:20.395,Intermediário
0.01983,0.01986,2011-05-20 13:00:17.45,Intermediário
0.01975,0.01978,2011-05-20 13:30:15.603,Intermediário
0.01975,0.01977,2011-05-20 14:30:08.402,Intermediário
0.01973,0.01976,2011-05-20 14:30:11.237,Intermediário
0.01975,0.01977,2011-05-20 15:00:28.161,Intermediário
0.01975,0.01978,2011-05-20 15:30:11.937,Intermediário
0.01977,0.01979,2011-05-20 16:00:28.984,Intermediário
0.01976,0.01979,2011-05-20 16:30:13.66,Fechamento Interbancário
0.0198,0.01981,2011-05-20 17:35:44.773,Fechamento
0.01994,0.02006,2011-05-23 09:18:10.091,Abertura
0.01997,0.01999,2011-05-23 09:30:11.255,Intermediário
0.01999,0.02001,2011-05-23 10:00:22.997,Intermediário
0.02,0.02002,2011-05-23 10:30:12.482,Intermediário
0.01997,0.01999,2011-05-23 11:00:19.558,Intermediário
0.01997,0.01999,2011-05-23 11:35:19.871,Intermediário
0.01999,0.02001,2011-05-23 12:00:17.927,Intermediário
0.01997,0.02,2011-05-23 12:30:50.774,Intermediário
0.01998,0.02001,2011-05-23 13:00:20.599,Intermediário
0.02,0.02003,2011-05-23 13:32:39.293,Intermediário
0.01999,0.02002,2011-05-23 14:00:32.659,Intermediário
0.01997,0.02,2011-05-23 14:30:20.31,Intermediário
0.01997,0.02,2011-05-23 15:00:33.277,Intermediário
0.01992,0.01995,2011-05-23 15:30:19.314,Intermediário
0.0199,0.01992,2011-05-23 16:01:03.901,Intermediário
0.0199,0.01992,2011-05-23 16:30:14.622,Fechamento Interbancário
0.01993,0.01995,2011-05-23 17:37:36.356,Fechamento
0.01978,0.0199,2011-05-24 09:16:10.519,Abertura
0.01983,0.01985,2011-05-24 09:30:56.476,Intermediário
0.01981,0.01984,2011-05-24 10:00:20.053,Intermediário
0.01974,0.01977,2011-05-24 10:30:26.964,Intermediário
0.01977,0.01979,2011-05-24 11:00:21.376,Intermediário
0.01976,0.01979,2011-05-24 11:30:12.008,Intermediário
0.01979,0.01981,2011-05-24 12:00:18.958,Intermediário
0.01977,0.0198,2011-05-24 12:30:54.148,Intermediário
0.0198,0.01982,2011-05-24 13:00:22.658,Intermediário
0.01981,0.01983,2011-05-24 13:30:11.771,Intermediário
0.01982,0.01985,2011-05-24 14:00:16.912,Intermediário
0.01988,0.0199,2011-05-24 14:30:11.295,Intermediário
0.01988,0.0199,2011-05-24 15:00:17.413,Intermediário
0.01984,0.01987,2011-05-24 15:32:16.924,Intermediário
0.01981,0.01984,2011-05-24 16:18:44.656,Intermediário
0.01979,0.01981,2011-05-24 16:30:16.08,Fechamento Interbancário
0.01982,0.01983,2011-05-24 17:36:05.71,Fechamento
0.01981,0.01994,2011-05-25 09:18:03.419,Abertura
0.01986,0.01989,2011-05-25 09:30:15.875,Intermediário
0.01985,0.01988,2011-05-25 10:00:19.021,Intermediário
0.01987,0.0199,2011-05-25 10:30:25.904,Intermediário
0.01985,0.01988,2011-05-25 11:02:02.199,Intermediário
0.01985,0.01988,2011-05-25 11:30:26.412,Intermediário
0.01985,0.01988,2011-05-25 12:01:17.258,Intermediário
0.01985,0.01988,2011-05-25 12:30:13.427,Intermediário
0.01983,0.01986,2011-05-25 13:00:20.925,Intermediário
0.01982,0.01985,2011-05-25 13:30:26.495,Intermediário
0.01983,0.01986,2011-05-25 14:00:17.359,Intermediário
0.01984,0.01987,2011-05-25 14:30:13.547,Intermediário
0.01985,0.01988,2011-05-25 15:00:24.81,Intermediário
0.01987,0.0199,2011-05-25 15:30:13.411,Intermediário
0.01985,0.01988,2011-05-25 16:00:33.915,Intermediário
0.01985,0.01987,2011-05-25 16:30:14.158,Fechamento Interbancário
0.01987,0.01988,2011-05-25 17:36:20.489,Fechamento
0.01978,0.0199,2011-05-26 09:22:12.945,Abertura
0.01986,0.01989,2011-05-26 09:30:17.955,Intermediário
0.01999,0.02001,2011-05-26 10:00:22.648,Intermediário
0.01996,0.01999,2011-05-26 10:30:17.644,Intermediário
0.01994,0.01997,2011-05-26 11:00:23.768,Intermediário
0.01996,0.01999,2011-05-26 11:31:20.222,Intermediário
0.01995,0.01998,2011-05-26 12:00:21.865,Intermediário
0.01995,0.01997,2011-05-26 12:30:29.711,Intermediário
0.01993,0.01995,2011-05-26 13:00:17.071,Intermediário
0.01994,0.01997,2011-05-26 13:30:25.8,Intermediário
0.01994,0.01997,2011-05-26 14:00:16.172,Intermediário
0.0199,0.01992,2011-05-26 14:31:14.764,Intermediário
0.01989,0.01992,2011-05-26 15:01:06.021,Intermediário
0.01988,0.0199,2011-05-26 15:31:26.032,Intermediário
0.01988,0.01991,2011-05-26 16:00:23.149,Intermediário
0.01986,0.01989,2011-05-26 16:30:24.324,Fechamento Interbancário
0.01991,0.01992,2011-05-26 17:36:50.022,Fechamento
0.01975,0.01987,2011-05-27 09:23:06.983,Abertura
0.0198,0.01983,2011-05-27 09:30:57.342,Intermediário
0.0198,0.01983,2011-05-27 10:00:21.018,Intermediário
0.01979,0.01982,2011-05-27 10:30:16.03,Intermediário
0.01977,0.0198,2011-05-27 11:00:20.018,Intermediário
0.01981,0.01983,2011-05-27 11:30:18.438,Intermediário
0.01978,0.01981,2011-05-27 12:00:22.884,Intermediário
0.01981,0.01984,2011-05-27 12:30:12.923,Intermediário
0.01978,0.01981,2011-05-27 13:00:51.78,Intermediário
0.01976,0.01979,2011-05-27 13:32:35.307,Intermediário
0.01974,0.01977,2011-05-27 14:00:20.592,Intermediário
0.01975,0.01978,2011-05-27 14:31:13.499,Intermediário
0.01975,0.01978,2011-05-27 15:00:17.34,Intermediário
0.01977,0.01979,2011-05-27 15:30:11.615,Intermediário
0.01978,0.0198,2011-05-27 16:00:17.521,Intermediário
0.01977,0.0198,2011-05-27 16:30:13.862,Fechamento Interbancário
0.01982,0.01983,2011-05-27 17:37:03.004,Fechamento
0.01965,0.01978,2011-05-30 09:25:06.376,Abertura
0.01971,0.01973,2011-05-30 09:30:13.052,Intermediário
0.01971,0.01974,2011-05-30 10:00:18.205,Intermediário
0.01973,0.01975,2011-05-30 10:30:24.932,Intermediário
0.01971,0.01974,2011-05-30 11:00:18.194,Intermediário
0.01972,0.01975,2011-05-30 11:30:16.553,Intermediário
0.01971,0.01974,2011-05-30 12:00:18.632,Intermediário
0.01971,0.01974,2011-05-30 12:30:11.261,Intermediário
0.0197,0.01973,2011-05-30 13:00:17.839,Intermediário
0.01971,0.01974,2011-05-30 13:30:11.884,Intermediário
0.01971,0.01974,2011-05-30 14:00:16.372,Intermediário
0.01971,0.01974,2011-05-30 14:30:13.75,Intermediário
0.01971,0.01974,2011-05-30 15:00:17.142,Intermediário
0.01971,0.01974,2011-05-30 15:30:11.145,Intermediário
0.01969,0.01972,2011-05-30 16:00:19.642,Intermediário
0.01965,0.01968,2011-05-30 16:30:12.756,Fechamento Interbancário
0.0197,0.01972,2011-05-30 17:35:51.764,Fechamento
0.01934,0.01947,2011-05-31 09:19:05.188,Abertura
0.01937,0.0194,2011-05-31 09:30:15.035,Intermediário
0.01938,0.01941,2011-05-31 10:00:33.921,Intermediário
0.01938,0.0194,2011-05-31 10:30:15.996,Intermediário
0.01944,0.01947,2011-05-31 11:17:18.646,Intermediário
0.01947,0.0195,2011-05-31 11:30:20.434,Intermediário
0.01948,0.01951,2011-05-31 12:00:21.867,Intermediário
0.01947,0.0195,2011-05-31 12:30:15.499,Intermediário
0.01946,0.01949,2011-05-31 13:01:19.765,Intermediário
0.01946,0.01949,2011-05-31 13:30:12.518,Intermediário
0.01945,0.01947,2011-05-31 14:00:16.49,Intermediário
0.01943,0.01946,2011-05-31 14:31:10.444,Intermediário
0.01944,0.01947,2011-05-31 15:00:18.072,Intermediário
0.0194,0.01942,2011-05-31 15:30:54.513,Intermediário
0.01936,0.01939,2011-05-31 16:01:20.436,Intermediário
0.01937,0.0194,2011-05-31 16:30:13.141,Fechamento Interbancário
0.01938,0.0194,2011-05-31 17:35:48.96,Fechamento
0.01944,0.01956,2011-06-01 09:28:10.684,Abertura
0.01948,0.01951,2011-06-01 09:30:16.773,Intermediário
0.01951,0.01954,2011-06-01 10:02:00.935,Intermediário
0.01955,0.01958,2011-06-01 10:30:13.418,Intermediário
0.01963,0.01966,2011-06-01 11:00:28.615,Intermediário
0.01964,0.01967,2011-06-01 11:30:56.989,Intermediário
0.0196,0.01963,2011-06-01 12:00:21.526,Intermediário
0.01961,0.01963,2011-06-01 12:32:38.32,Intermediário
0.01958,0.01961,2011-06-01 13:00:19.293,Intermediário
0.01962,0.01964,2011-06-01 13:30:14.737,Intermediário
0.01959,0.01962,2011-06-01 14:00:18.867,Intermediário
0.0196,0.01963,2011-06-01 14:30:13.165,Intermediário
0.01961,0.01963,2011-06-01 15:00:18.832,Intermediário
0.01961,0.01963,2011-06-01 15:30:18.187,Intermediário
0.01964,0.01967,2011-06-01 16:00:16.872,Intermediário
0.0197,0.01973,2011-06-01 16:30:20.785,Fechamento Interbancário
0.01961,0.01962,2011-06-01 17:36:25.696,Fechamento
0.0196,0.01973,2011-06-02 09:20:14.422,Abertura
0.01966,0.01968,2011-06-02 09:30:27.978,Intermediário
0.01962,0.01964,2011-06-02 10:00:25.69,Intermediário
0.01961,0.01963,2011-06-02 10:31:41.689,Intermediário
0.01963,0.01965,2011-06-02 11:00:25.433,Intermediário
0.01958,0.01961,2011-06-02 11:30:15.093,Intermediário
0.01952,0.01955,2011-06-02 12:00:20.707,Intermediário
0.01954,0.01956,2011-06-02 12:30:17.953,Intermediário
0.01954,0.01956,2011-06-02 13:00:19.074,Intermediário
0.01954,0.01957,2011-06-02 13:30:14.009,Intermediário
0.0195,0.01953,2011-06-02 14:00:17.394,Intermediário
0.01947,0.0195,2011-06-02 14:30:26.615,Intermediário
0.0195,0.01952,2011-06-02 15:00:31.035,Intermediário
0.01952,0.01955,2011-06-02 16:00:17.973,Intermediário
0.01952,0.01955,2011-06-02 16:06:21.175,Intermediário
0.01949,0.01952,2011-06-02 16:30:17.349,Fechamento Interbancário
0.01953,0.01955,2011-06-02 17:36:31.604,Fechamento
0.0195,0.01962,2011-06-03 09:18:10.435,Abertura
0.01965,0.01968,2011-06-03 09:30:16.876,Intermediário
0.0197,0.01973,2011-06-03 10:00:19.697,Intermediário
0.01972,0.01974,2011-06-03 10:30:16.094,Intermediário
0.01963,0.01966,2011-06-03 11:00:30.867,Intermediário
0.01956,0.01959,2011-06-03 11:30:23.618,Intermediário
0.01956,0.01958,2011-06-03 12:00:26.007,Intermediário
0.01957,0.01959,2011-06-03 12:55:55.153,Intermediário
0.01955,0.01958,2011-06-03 13:00:21.179,Intermediário
0.01956,0.01959,2011-06-03 13:30:13.23,Intermediário
0.01957,0.01959,2011-06-03 14:00:17.414,Intermediário
0.01959,0.01962,2011-06-03 14:30:12.401,Intermediário
0.01958,0.01961,2011-06-03 15:00:19.658,Intermediário
0.01958,0.01961,2011-06-03 15:30:15.562,Intermediário
0.01961,0.01964,2011-06-03 16:00:17.216,Intermediário
0.01961,0.01964,2011-06-03 16:30:12.609,Fechamento Interbancário
0.01961,0.01962,2011-06-03 17:35:38.619,Fechamento
0.01967,0.01979,2011-06-06 09:20:16.484,Abertura
0.01968,0.01971,2011-06-06 09:37:43.264,Intermediário
0.01967,0.0197,2011-06-06 10:00:19.179,Intermediário
0.01965,0.01968,2011-06-06 10:30:14.163,Intermediário
0.01969,0.01971,2011-06-06 11:00:32.863,Intermediário
0.01972,0.01974,2011-06-06 11:31:46.145,Intermediário
0.01975,0.01977,2011-06-06 12:00:27.44,Intermediário
0.01972,0.01975,2011-06-06 12:30:13.241,Intermediário
0.01971,0.01974,2011-06-06 13:00:51.055,Intermediário
0.01969,0.01972,2011-06-06 13:30:12.09,Intermediário
0.01971,0.01973,2011-06-06 14:00:16.032,Intermediário
0.0197,0.01973,2011-06-06 14:30:12.572,Intermediário
0.01975,0.01978,2011-06-06 15:00:17.64,Intermediário
0.01972,0.01975,2011-06-06 15:30:57.023,Intermediário
0.01974,0.01977,2011-06-06 16:00:15.774,Intermediário
0.01974,0.01977,2011-06-06 16:30:13.366,Fechamento Interbancário
0.01973,0.01974,2011-06-06 17:36:10.808,Fechamento
0.01959,0.01972,2011-06-07 09:16:10.533,Abertura
0.01962,0.01965,2011-06-07 09:30:15.233,Intermediário
0.01963,0.01965,2011-06-07 10:01:45.186,Intermediário
0.01963,0.01965,2011-06-07 10:31:24.902,Intermediário
0.01965,0.01968,2011-06-07 11:01:35.892,Intermediário
0.01964,0.01967,2011-06-07 11:31:05.327,Intermediário
0.01962,0.01965,2011-06-07 12:00:17.114,Intermediário
0.01964,0.01966,2011-06-07 12:30:12.021,Intermediário
0.01963,0.01966,2011-06-07 13:00:17.13,Intermediário
0.01962,0.01965,2011-06-07 13:31:37.189,Intermediário
0.01966,0.01969,2011-06-07 14:00:29.051,Intermediário
0.01967,0.0197,2011-06-07 14:30:15.012,Intermediário
0.01968,0.0197,2011-06-07 15:00:18.265,Intermediário
0.01967,0.0197,2011-06-07 15:30:13.714,Intermediário
0.01967,0.0197,2011-06-07 16:00:17.452,Intermediário
0.01968,0.01971,2011-06-07 16:30:14.427,Fechamento Interbancário
0.01967,0.01969,2011-06-07 17:35:29.479,Fechamento
0.01982,0.01995,2011-06-08 09:23:48.632,Abertura
0.01986,0.01989,2011-06-08 09:31:31.248,Intermediário
0.01984,0.01987,2011-06-08 10:00:17.558,Intermediário
0.01979,0.01982,2011-06-08 10:30:14.994,Intermediário
0.0198,0.01982,2011-06-08 11:00:24.565,Intermediário
0.01977,0.0198,2011-06-08 11:30:18.498,Intermediário
0.01977,0.0198,2011-06-08 12:00:22.707,Intermediário
0.01978,0.01981,2011-06-08 12:31:14.535,Intermediário
0.01978,0.01981,2011-06-08 13:00:44.443,Intermediário
0.01978,0.01981,2011-06-08 13:30:13.719,Intermediário
0.01978,0.01981,2011-06-08 14:00:17.248,Intermediário
0.01978,0.0198,2011-06-08 14:31:10.128,Intermediário
0.01982,0.01985,2011-06-08 15:00:19.566,Intermediário
0.01981,0.01983,2011-06-08 15:30:13.956,Intermediário
0.01977,0.0198,2011-06-08 16:00:16.906,Intermediário
0.01978,0.01981,2011-06-08 16:30:13.05,Fechamento Interbancário
0.01978,0.01979,2011-06-08 17:35:51.746,Fechamento
0.01969,0.01982,2011-06-09 09:20:15.204,Abertura
0.01974,0.01977,2011-06-09 09:30:14.457,Intermediário
0.01979,0.01982,2011-06-09 10:00:18.548,Intermediário
0.01977,0.0198,2011-06-09 10:30:14.43,Intermediário
0.01979,0.01982,2011-06-09 11:00:20.093,Intermediário
0.01978,0.01981,2011-06-09 11:30:12.278,Intermediário
0.01978,0.01981,2011-06-09 12:01:02.123,Intermediário
0.01977,0.0198,2011-06-09 12:31:43.344,Intermediário
0.01975,0.01978,2011-06-09 13:00:38.567,Intermediário
0.01975,0.01978,2011-06-09 13:30:12.436,Intermediário
0.01977,0.0198,2011-06-09 14:01:39.715,Intermediário
0.01972,0.01975,2011-06-09 14:31:21.453,Intermediário
0.0197,0.01973,2011-06-09 15:00:23.698,Intermediário
0.01975,0.01977,2011-06-09 15:31:15.054,Intermediário
0.01976,0.01979,2011-06-09 16:01:22.167,Intermediário
0.01977,0.01979,2011-06-09 16:32:03.452,Fechamento Interbancário
0.01976,0.01978,2011-06-09 17:46:17.94,Fechamento
0.01976,0.01989,2011-06-10 09:24:12.922,Abertura
0.01981,0.01984,2011-06-10 09:31:26.566,Intermediário
0.01978,0.01981,2011-06-10 10:01:11.798,Intermediário
0.01977,0.0198,2011-06-10 10:30:13.943,Intermediário
0.01982,0.01985,2011-06-10 11:02:13.623,Intermediário
0.01984,0.01987,2011-06-10 11:30:13.842,Intermediário
0.01989,0.01992,2011-06-10 12:00:23.698,Intermediário
0.01992,0.01995,2011-06-10 12:30:15.415,Intermediário
0.01989,0.01992,2011-06-10 13:03:58.743,Intermediário
0.0199,0.01993,2011-06-10 13:30:14.002,Intermediário
0.0199,0.01993,2011-06-10 14:00:17.846,Intermediário
0.0199,0.01993,2011-06-10 14:30:14.402,Intermediário
0.01991,0.01994,2011-06-10 15:00:20.243,Intermediário
0.01989,0.01991,2011-06-10 15:30:12.581,Intermediário
0.01985,0.01988,2011-06-10 16:01:10.788,Intermediário
0.01986,0.01989,2011-06-10 16:30:14.484,Fechamento Interbancário
0.01984,0.01985,2011-06-10 17:37:02.412,Fechamento
0.01975,0.01988,2011-06-13 09:27:58.239,Abertura
0.01979,0.01982,2011-06-13 09:33:52.849,Intermediário
0.01978,0.0198,2011-06-13 10:00:31.434,Intermediário
0.0198,0.01983,2011-06-13 10:31:09.127,Intermediário
0.01979,0.01981,2011-06-13 11:00:39.488,Intermediário
0.01978,0.01981,2011-06-13 11:30:19.335,Intermediário
0.01979,0.01982,2011-06-13 12:00:36.4,Intermediário
0.01979,0.01982,2011-06-13 12:30:16.555,Intermediário
0.01981,0.01984,2011-06-13 13:00:30.045,Intermediário
0.01982,0.01985,2011-06-13 13:30:15.49,Intermediário
0.01982,0.01985,2011-06-13 14:00:18.918,Intermediário
0.01984,0.01986,2011-06-13 14:30:17.201,Intermediário
0.0198,0.01982,2011-06-13 15:00:27.254,Intermediário
0.01978,0.01981,2011-06-13 15:30:15.186,Intermediário
0.01978,0.0198,2011-06-13 16:00:21.242,Intermediário
0.01978,0.0198,2011-06-13 16:30:18.946,Fechamento Interbancário
0.0198,0.01981,2011-06-13 17:35:36.77,Fechamento
0.01964,0.01977,2011-06-14 09:25:49.163,Abertura
0.01963,0.01966,2011-06-14 09:30:20.755,Intermediário
0.01962,0.01964,2011-06-14 10:00:36.858,Intermediário
0.01966,0.01969,2011-06-14 10:30:26.319,Intermediário
0.01966,0.01969,2011-06-14 11:01:41.094,Intermediário
0.01963,0.01966,2011-06-14 11:47:20.981,Intermediário
0.01963,0.01966,2011-06-14 12:03:47.987,Intermediário
0.01963,0.01966,2011-06-14 12:30:24.984,Intermediário
0.01964,0.01966,2011-06-14 13:00:29.494,Intermediário
0.01963,0.01966,2011-06-14 13:30:16.406,Intermediário
0.01964,0.01967,2011-06-14 14:00:22.626,Intermediário
0.01965,0.01967,2011-06-14 14:30:19.277,Intermediário
0.01964,0.01966,2011-06-14 15:00:37.093,Intermediário
0.01962,0.01965,2011-06-14 15:30:28.893,Intermediário
0.01963,0.01966,2011-06-14 16:00:31.591,Intermediário
0.01963,0.01966,2011-06-14 16:36:24.109,Fechamento Interbancário
0.01965,0.01966,2011-06-14 17:37:00.528,Fechamento
0.01959,0.01972,2011-06-15 09:20:21.583,Abertura
0.01967,0.0197,2011-06-15 09:30:23.911,Intermediário
0.01967,0.0197,2011-06-15 10:00:35.323,Intermediário
0.01969,0.01972,2011-06-15 10:30:18.017,Intermediário
0.0197,0.01973,2011-06-15 11:00:33.533,Intermediário
0.01971,0.01974,2011-06-15 11:30:19.22,Intermediário
0.01972,0.01974,2011-06-15 12:00:45.445,Intermediário
0.01973,0.01976,2011-06-15 12:30:17.561,Intermediário
0.01976,0.01979,2011-06-15 13:00:44.752,Intermediário
0.01974,0.01977,2011-06-15 13:30:19.506,Intermediário
0.01976,0.01979,2011-06-15 14:00:30.4,Intermediário
0.01972,0.01974,2011-06-15 14:30:17.489,Intermediário
0.01979,0.01981,2011-06-15 15:00:45.08,Intermediário
0.01977,0.0198,2011-06-15 15:30:18.003,Intermediário
0.01975,0.01978,2011-06-15 16:00:29.858,Intermediário
0.01974,0.01977,2011-06-15 16:31:09.741,Fechamento Interbancário
0.0197,0.01972,2011-06-15 17:35:46.072,Fechamento
0.01991,0.02003,2011-06-16 09:16:05.267,Abertura
0.01992,0.01995,2011-06-16 09:30:19.695,Intermediário
0.01988,0.01991,2011-06-16 10:01:10.67,Intermediário
0.01989,0.01992,2011-06-16 10:30:18.561,Intermediário
0.01992,0.01995,2011-06-16 11:01:05.285,Intermediário
0.0199,0.01993,2011-06-16 11:31:30.533,Intermediário
0.01989,0.01992,2011-06-16 12:00:45.556,Intermediário
0.01991,0.01994,2011-06-16 12:30:55.248,Intermediário
0.01993,0.01996,2011-06-16 13:00:51.535,Intermediário
0.01994,0.01996,2011-06-16 13:30:16.619,Intermediário
0.01992,0.01995,2011-06-16 14:00:54.142,Intermediário
0.01994,0.01996,2011-06-16 14:30:19.19,Intermediário
0.01995,0.01998,2011-06-16 15:00:49.541,Intermediário
0.01994,0.01997,2011-06-16 15:31:21.085,Intermediário
0.01995,0.01998,2011-06-16 16:00:28.111,Intermediário
0.01994,0.01997,2011-06-16 16:30:19.977,Fechamento Interbancário
0.01996,0.01998,2011-06-16 17:36:42.875,Fechamento
0.01982,0.01994,2011-06-17 09:14:14.069,Abertura
0.01989,0.01992,2011-06-17 09:30:15.559,Intermediário
0.01988,0.01991,2011-06-17 10:04:06.013,Intermediário
0.01991,0.01994,2011-06-17 10:30:16.27,Intermediário
0.01992,0.01995,2011-06-17 11:00:44.211,Intermediário
0.01995,0.01998,2011-06-17 11:31:01.35,Intermediário
0.01993,0.01996,2011-06-17 12:00:28.671,Intermediário
0.0199,0.01993,2011-06-17 12:30:16.339,Intermediário
0.01992,0.01995,2011-06-17 13:01:24.671,Intermediário
0.01993,0.01996,2011-06-17 13:30:15.72,Intermediário
0.01991,0.01994,2011-06-17 14:00:16.707,Intermediário
0.01994,0.01996,2011-06-17 14:30:17.52,Intermediário
0.01995,0.01998,2011-06-17 15:00:31.008,Intermediário
0.01992,0.01995,2011-06-17 15:30:13.634,Intermediário
0.01992,0.01995,2011-06-17 16:00:18.07,Intermediário
0.01992,0.01995,2011-06-17 16:30:12.355,Fechamento Interbancário
0.01994,0.01996,2011-06-17 17:35:49.064,Fechamento
0.01995,0.02008,2011-06-20 09:18:13.834,Abertura
0.01998,0.02,2011-06-20 09:30:25.87,Intermediário
0.02,0.02003,2011-06-20 10:00:36.856,Intermediário
0.01995,0.01998,2011-06-20 10:30:19.576,Intermediário
0.01992,0.01995,2011-06-20 11:00:31.06,Intermediário
0.0199,0.01993,2011-06-20 11:30:17.619,Intermediário
0.0199,0.01993,2011-06-20 12:00:32.353,Intermediário
0.0199,0.01993,2011-06-20 12:30:25.874,Intermediário
0.01985,0.01988,2011-06-20 13:00:32.986,Intermediário
0.01985,0.01988,2011-06-20 13:31:57.583,Intermediário
0.01986,0.01989,2011-06-20 14:00:30.535,Intermediário
0.01985,0.01988,2011-06-20 14:31:14.994,Intermediário
0.01984,0.01987,2011-06-20 15:00:33.487,Intermediário
0.01986,0.01988,2011-06-20 15:31:10.564,Intermediário
0.01984,0.01987,2011-06-20 16:00:35.692,Intermediário
0.01985,0.01988,2011-06-20 16:30:28.217,Fechamento Interbancário
0.01989,0.0199,2011-06-20 17:35:33.152,Fechamento
0.01979,0.01991,2011-06-21 09:16:12.103,Abertura
0.01984,0.01986,2011-06-21 09:30:25.5,Intermediário
0.01987,0.0199,2011-06-21 10:02:08.007,Intermediário
0.01987,0.0199,2011-06-21 10:30:14.034,Intermediário
0.01988,0.0199,2011-06-21 11:01:35.39,Intermediário
0.01985,0.01988,2011-06-21 11:30:14.233,Intermediário
0.01983,0.01986,2011-06-21 12:00:28.589,Intermediário
0.01981,0.01984,2011-06-21 12:30:15.046,Intermediário
0.0198,0.01983,2011-06-21 13:00:31.755,Intermediário
0.01981,0.01984,2011-06-21 13:41:13.839,Intermediário
0.01981,0.01983,2011-06-21 14:00:26.77,Intermediário
0.01982,0.01984,2011-06-21 14:30:17.316,Intermediário
0.01981,0.01984,2011-06-21 15:00:42.532,Intermediário
0.01981,0.01983,2011-06-21 15:30:17.472,Intermediário
0.01981,0.01984,2011-06-21 16:00:27.549,Intermediário
0.0198,0.01983,2011-06-21 16:30:19.363,Fechamento Interbancário
0.01984,0.01985,2011-06-21 17:35:59.84,Fechamento
0.01975,0.01987,2011-06-22 09:18:11.362,Abertura
0.01979,0.01982,2011-06-22 09:30:20.991,Intermediário
0.01981,0.01984,2011-06-22 10:00:43.172,Intermediário
0.01981,0.01984,2011-06-22 10:30:18.82,Intermediário
0.01979,0.01981,2011-06-22 11:00:37.825,Intermediário
0.01983,0.01985,2011-06-22 11:30:18.377,Intermediário
0.0198,0.01983,2011-06-22 12:01:15.307,Intermediário
0.01981,0.01984,2011-06-22 12:30:16.316,Intermediário
0.01981,0.01983,2011-06-22 13:00:42.015,Intermediário
0.01979,0.01982,2011-06-22 13:30:16.37,Intermediário
0.01977,0.0198,2011-06-22 14:00:21.694,Intermediário
0.01976,0.01978,2011-06-22 14:30:33.069,Intermediário
0.01974,0.01977,2011-06-22 15:01:30.175,Intermediário
0.01974,0.01977,2011-06-22 15:40:24.566,Intermediário
0.01976,0.01979,2011-06-22 16:00:38.319,Intermediário
0.01975,0.01978,2011-06-22 16:30:16.753,Fechamento Interbancário
0.01975,0.01976,2011-06-22 17:37:04.824,Fechamento
0.01985,0.01997,2011-06-24 09:18:13.989,Abertura
0.01985,0.01987,2011-06-24 09:33:01.03,Intermediário
0.01984,0.01987,2011-06-24 10:00:31.75,Intermediário
0.01983,0.01985,2011-06-24 10:31:43.831,Intermediário
0.01986,0.01989,2011-06-24 11:00:45.495,Intermediário
0.01985,0.01987,2011-06-24 11:30:18.994,Intermediário
0.01982,0.01985,2011-06-24 12:00:36.402,Intermediário
0.01984,0.01986,2011-06-24 12:30:18.076,Intermediário
0.01986,0.01988,2011-06-24 13:00:33.45,Intermediário
0.01985,0.01988,2011-06-24 13:32:26.193,Intermediário
0.01989,0.01992,2011-06-24 14:00:39.655,Intermediário
0.01991,0.01993,2011-06-24 14:30:29.335,Intermediário
0.01989,0.01991,2011-06-24 15:00:35.922,Intermediário
0.0199,0.01992,2011-06-24 15:30:22.055,Intermediário
0.01988,0.01991,2011-06-24 16:00:36.013,Intermediário
0.01991,0.01994,2011-06-24 16:30:19.203,Fechamento Interbancário
0.01986,0.01988,2011-06-24 17:38:48.145,Fechamento
0.01975,0.01987,2011-06-27 09:20:39.134,Abertura
0.01977,0.01979,2011-06-27 09:30:24.88,Intermediário
0.01977,0.0198,2011-06-27 10:06:41.696,Intermediário
0.01979,0.01982,2011-06-27 10:30:53.239,Intermediário
0.01975,0.01977,2011-06-27 11:00:50.912,Intermediário
0.01971,0.01974,2011-06-27 11:30:24.299,Intermediário
0.01972,0.01974,2011-06-27 12:00:54.228,Intermediário
0.01972,0.01975,2011-06-27 12:35:09.466,Intermediário
0.01972,0.01974,2011-06-27 13:00:45.074,Intermediário
0.01972,0.01975,2011-06-27 13:49:49.854,Intermediário
0.01972,0.01975,2011-06-27 14:00:38.614,Intermediário
0.01973,0.01976,2011-06-27 14:31:15.785,Intermediário
0.01973,0.01976,2011-06-27 15:01:30.022,Intermediário
0.01972,0.01974,2011-06-27 15:30:25.312,Intermediário
0.0197,0.01973,2011-06-27 16:00:47.901,Intermediário
0.01971,0.01974,2011-06-27 16:30:26.708,Fechamento Interbancário
0.01973,0.01975,2011-06-27 17:37:10.863,Fechamento
0.01964,0.01976,2011-06-28 09:28:07.904,Abertura
0.01967,0.0197,2011-06-28 09:33:07.186,Intermediário
0.01969,0.01972,2011-06-28 10:01:14.268,Intermediário
0.01968,0.01971,2011-06-28 10:30:22.951,Intermediário
0.01968,0.01971,2011-06-28 11:01:12.963,Intermediário
0.0196,0.01963,2011-06-28 11:30:47.12,Intermediário
0.01957,0.0196,2011-06-28 12:01:07.154,Intermediário
0.01954,0.01957,2011-06-28 12:30:58.224,Intermediário
0.01954,0.01957,2011-06-28 13:00:46.728,Intermediário
0.01949,0.01952,2011-06-28 13:30:22.39,Intermediário
0.0195,0.01953,2011-06-28 14:03:46.45,Intermediário
0.01946,0.01948,2011-06-28 14:30:21.949,Intermediário
0.01943,0.01946,2011-06-28 15:01:00.333,Intermediário
0.01944,0.01947,2011-06-28 15:30:22.493,Intermediário
0.01942,0.01945,2011-06-28 16:00:52.645,Intermediário
0.01942,0.01945,2011-06-28 16:30:22.923,Fechamento Interbancário
0.0195,0.01952,2011-06-28 17:38:48.435,Fechamento
0.01934,0.01946,2011-06-29 09:22:15.445,Abertura
0.01939,0.01941,2011-06-29 09:32:08.444,Intermediário
0.01942,0.01945,2011-06-29 10:01:18.754,Intermediário
0.01953,0.01956,2011-06-29 10:32:36.774,Intermediário
0.0195,0.01953,2011-06-29 11:00:54.926,Intermediário
0.01946,0.01949,2011-06-29 11:30:30.743,Intermediário
0.01944,0.01947,2011-06-29 12:01:01.55,Intermediário
0.0194,0.01943,2011-06-29 12:30:56.572,Intermediário
0.0194,0.01943,2011-06-29 13:01:17.177,Intermediário
0.01938,0.01941,2011-06-29 13:31:13.497,Intermediário
0.0194,0.01942,2011-06-29 14:01:07.363,Intermediário
0.0194,0.01942,2011-06-29 14:30:27.883,Intermediário
0.01941,0.01943,2011-06-29 15:01:19.332,Intermediário
0.01942,0.01945,2011-06-29 15:30:27.515,Intermediário
0.01941,0.01943,2011-06-29 16:01:03.721,Intermediário
0.01941,0.01943,2011-06-29 16:31:28.251,Fechamento Interbancário
0.01943,0.01945,2011-06-29 17:46:04.836,Fechamento
0.0194,0.01952,2011-06-30 09:22:19.614,Abertura
0.01944,0.01947,2011-06-30 09:30:28.413,Intermediário
0.01942,0.01945,2011-06-30 10:00:54.076,Intermediário
0.01939,0.01941,2011-06-30 10:30:27.478,Intermediário
0.01934,0.01937,2011-06-30 11:01:55.491,Intermediário
0.01933,0.01936,2011-06-30 11:30:34.64,Intermediário
0.01934,0.01937,2011-06-30 12:02:07.309,Intermediário
0.01935,0.01937,2011-06-30 12:31:46.175,Intermediário
0.01932,0.01934,2011-06-30 13:01:15.291,Intermediário
0.01934,0.01937,2011-06-30 13:43:26.469,Intermediário
0.01935,0.01938,2011-06-30 14:01:27.172,Intermediário
0.01934,0.01937,2011-06-30 14:30:27.595,Intermediário
0.01934,0.01937,2011-06-30 15:01:05.037,Intermediário
0.01934,0.01937,2011-06-30 15:31:22.955,Intermediário
0.01938,0.01941,2011-06-30 16:00:48.366,Intermediário
0.01937,0.0194,2011-06-30 16:31:10.679,Fechamento Interbancário
0.01938,0.01939,2011-06-30 17:44:48.602,Fechamento
0.01935,0.01936,2011-07-01 10:31:16.12,Abertura
0.01926,0.01926,2011-07-01 11:10:35.719,Intermediário
0.01923,0.01924,2011-07-01 12:10:29.996,Intermediário
0.01926,0.01927,2011-07-01 13:05:09.105,Intermediário
0.01929,0.0193,2011-07-01 13:05:09.112,Fechamento
0.01928,0.01929,2011-07-04 10:04:47.54,Abertura
0.01928,0.01929,2011-07-04 11:04:44.765,Intermediário
0.01928,0.01929,2011-07-04 12:04:44.392,Intermediário
0.01924,0.01925,2011-07-04 13:05:16.116,Intermediário
0.01927,0.01928,2011-07-04 13:05:16.125,Fechamento
0.01925,0.01926,2011-07-05 10:04:46.028,Abertura
0.01926,0.01927,2011-07-05 11:10:32.582,Intermediário
0.01931,0.01932,2011-07-05 12:10:38.294,Intermediário
0.01928,0.01929,2011-07-05 13:04:48.424,Intermediário
0.01926,0.01928,2011-07-05 13:04:48.43,Fechamento
0.01939,0.0194,2011-07-06 10:04:47.642,Abertura
0.01935,0.01936,2011-07-06 11:06:51.509,Intermediário
0.01932,0.01933,2011-07-06 12:12:56.512,Intermediário
0.01934,0.01935,2011-07-06 13:09:35.744,Intermediário
0.01934,0.01935,2011-07-06 13:09:35.755,Fechamento
0.01923,0.01924,2011-07-07 10:11:21.706,Abertura
0.01916,0.01917,2011-07-07 11:09:00.484,Intermediário
0.01913,0.01914,2011-07-07 12:10:17.868,Intermediário
0.01914,0.01915,2011-07-07 13:10:09.43,Intermediário
0.01916,0.01917,2011-07-07 13:10:09.435,Fechamento
0.01935,0.01936,2011-07-08 10:08:36.663,Abertura
0.01937,0.01938,2011-07-08 11:08:15.943,Intermediário
0.0194,0.01942,2011-07-08 12:12:20.034,Intermediário
0.01939,0.0194,2011-07-08 13:10:10.16,Intermediário
0.01937,0.01939,2011-07-08 13:10:10.169,Fechamento
0.01964,0.01966,2011-07-11 10:05:33.01,Abertura
0.01961,0.01962,2011-07-11 11:04:36.827,Intermediário
0.01966,0.01967,2011-07-11 12:08:41.481,Intermediário
0.01964,0.01965,2011-07-11 13:11:00.665,Intermediário
0.01964,0.01965,2011-07-11 13:11:00.684,Fechamento
0.0198,0.01981,2011-07-12 10:06:43.966,Abertura
0.01977,0.01978,2011-07-12 11:05:49.683,Intermediário
0.01981,0.01983,2011-07-12 12:05:47.402,Intermediário
0.01982,0.01983,2011-07-12 13:08:36.701,Intermediário
0.01982,0.01983,2011-07-12 13:08:36.713,Fechamento
0.01993,0.01994,2011-07-13 10:10:47.112,Abertura
0.01993,0.01994,2011-07-13 11:04:32.788,Intermediário
0.01988,0.01989,2011-07-13 12:12:19.844,Intermediário
0.01987,0.01989,2011-07-13 13:09:09.099,Intermediário
0.01994,0.01995,2011-07-13 13:09:09.112,Fechamento
0.01988,0.01989,2011-07-14 10:06:12.689,Abertura
0.01985,0.01986,2011-07-14 11:03:52.427,Intermediário
0.01986,0.01987,2011-07-14 12:04:26.442,Intermediário
0.0199,0.01991,2011-07-14 13:11:58.45,Intermediário
0.01987,0.01988,2011-07-14 13:11:58.463,Fechamento
0.01987,0.01988,2011-07-15 10:07:06.55,Abertura
0.0199,0.01991,2011-07-15 11:07:06.399,Intermediário
0.01993,0.01994,2011-07-15 12:06:25.991,Intermediário
0.01989,0.0199,2011-07-15 13:09:20.144,Intermediário
0.01991,0.01992,2011-07-15 13:09:20.17,Fechamento
0.01999,0.02,2011-07-18 10:03:20.772,Abertura
0.01999,0.02,2011-07-18 11:11:21.127,Intermediário
0.02,0.02001,2011-07-18 12:06:08.247,Intermediário
0.02002,0.02003,2011-07-18 13:11:44.984,Intermediário
0.02,0.02002,2011-07-18 13:11:45.034,Fechamento
0.01987,0.01988,2011-07-19 10:04:38.774,Abertura
0.01985,0.01986,2011-07-19 11:08:25.241,Intermediário
0.01985,0.01986,2011-07-19 12:06:38.649,Intermediário
0.01986,0.01987,2011-07-19 13:08:56.968,Intermediário
0.01987,0.01988,2011-07-19 13:08:56.977,Fechamento
0.01982,0.01983,2011-07-20 10:11:01.788,Abertura
0.01983,0.01984,2011-07-20 11:05:55.81,Intermediário
0.01984,0.01985,2011-07-20 12:09:37.838,Intermediário
0.01986,0.01987,2011-07-20 13:10:00.313,Intermediário
0.01986,0.01987,2011-07-20 13:10:00.322,Fechamento
0.01979,0.01979,2011-07-21 10:09:00.912,Abertura
0.01979,0.0198,2011-07-21 11:04:14.766,Intermediário
0.01981,0.01982,2011-07-21 12:11:53.911,Intermediário
0.01981,0.01982,2011-07-21 13:04:38.599,Intermediário
0.01983,0.01984,2011-07-21 13:04:38.608,Fechamento
0.01983,0.01984,2011-07-22 10:04:32.49,Abertura
0.01985,0.01986,2011-07-22 11:06:37.112,Intermediário
0.01982,0.01983,2011-07-22 12:08:39.613,Intermediário
0.01978,0.01979,2011-07-22 13:08:06.712,Intermediário
0.01981,0.01982,2011-07-22 13:08:06.724,Fechamento
0.01982,0.01983,2011-07-25 10:06:34.329,Abertura
0.01975,0.01976,2011-07-25 11:06:34.847,Intermediário
0.01967,0.01968,2011-07-25 12:03:54.407,Intermediário
0.01967,0.01967,2011-07-25 13:09:00.434,Intermediário
0.01971,0.01973,2011-07-25 13:09:00.439,Fechamento
0.01961,0.01962,2011-07-26 10:08:50.4,Abertura
0.01964,0.01965,2011-07-26 11:06:36.158,Intermediário
0.01964,0.01965,2011-07-26 12:04:20.154,Intermediário
0.0197,0.01971,2011-07-26 13:03:39.059,Intermediário
0.01965,0.01966,2011-07-26 13:03:39.063,Fechamento
0.01995,0.01998,2011-07-27 10:14:22.535,Abertura
0.02011,0.02013,2011-07-27 11:11:46.055,Intermediário
0.02011,0.02013,2011-07-27 12:11:35.522,Intermediário
0.02008,0.02009,2011-07-27 13:06:54.204,Intermediário
0.02004,0.02005,2011-07-27 13:06:54.21,Fechamento
0.0201,0.02013,2011-07-28 10:08:08.321,Abertura
0.02009,0.02011,2011-07-28 11:09:33.898,Intermediário
0.02011,0.02013,2011-07-28 12:06:56.746,Intermediário
0.02007,0.02008,2011-07-28 13:08:28.701,Intermediário
0.02009,0.0201,2011-07-28 13:08:28.709,Fechamento
0.02021,0.02022,2011-07-29 10:09:34.12,Abertura
0.02022,0.02023,2011-07-29 11:08:34.273,Intermediário
0.02014,0.02015,2011-07-29 12:08:34.385,Intermediário
0.02007,0.02008,2011-07-29 13:04:45.396,Intermediário
0.02015,0.02016,2011-07-29 13:04:45.407,Fechamento
0.02013,0.02014,2011-08-01 10:02:45.431,Abertura
0.02027,0.02028,2011-08-01 11:06:33.196,Intermediário
0.02034,0.02036,2011-08-01 12:10:32.483,Intermediário
0.02028,0.02029,2011-08-01 13:11:36.516,Intermediário
0.02021,0.02023,2011-08-01 13:11:36.533,Fechamento
0.02026,0.02027,2011-08-02 10:10:31.498,Abertura
0.02027,0.02028,2011-08-02 11:10:27.788,Intermediário
0.02028,0.02029,2011-08-02 12:03:40.713,Intermediário
0.02029,0.0203,2011-08-02 13:11:02.982,Intermediário
0.02029,0.0203,2011-08-02 13:11:02.987,Fechamento
0.02026,0.02027,2011-08-03 10:06:27.952,Abertura
0.02034,0.02035,2011-08-03 11:10:29.293,Intermediário
0.02036,0.02037,2011-08-03 12:03:28.382,Intermediário
0.02035,0.02036,2011-08-03 13:07:58.985,Intermediário
0.02035,0.02036,2011-08-03 13:07:58.994,Fechamento
0.01977,0.01978,2011-08-04 10:06:28.151,Abertura
0.01987,0.01989,2011-08-04 11:02:53.911,Intermediário
0.01993,0.01994,2011-08-04 12:11:27.23,Intermediário
0.01998,0.01999,2011-08-04 13:09:50.53,Intermediário
0.01993,0.01994,2011-08-04 13:09:50.54,Fechamento
0.02008,0.02009,2011-08-05 10:11:30.255,Abertura
0.02022,0.02023,2011-08-05 11:07:41.718,Intermediário
0.02021,0.02022,2011-08-05 12:06:30.805,Intermediário
0.02039,0.02041,2011-08-05 13:04:04.926,Intermediário
0.02024,0.02026,2011-08-05 13:04:04.938,Fechamento
0.02048,0.0205,2011-08-08 10:06:28.142,Abertura
0.02059,0.0206,2011-08-08 11:07:26.838,Intermediário
0.02062,0.02063,2011-08-08 12:08:28.81,Intermediário
0.02063,0.02064,2011-08-08 13:03:44.771,Intermediário
0.02062,0.02063,2011-08-08 13:03:44.781,Fechamento
0.02103,0.02104,2011-08-09 10:05:27.948,Abertura
0.02103,0.02105,2011-08-09 11:03:26.96,Intermediário
0.02139,0.0214,2011-08-09 12:06:28.158,Intermediário
0.02111,0.02112,2011-08-09 13:03:07.997,Intermediário
0.02116,0.02117,2011-08-09 13:03:08.0,Fechamento
0.02109,0.0211,2011-08-10 10:11:27.072,Abertura
0.02114,0.02116,2011-08-10 11:07:27.179,Intermediário
0.02118,0.02119,2011-08-10 12:18:03.735,Intermediário
0.02123,0.02124,2011-08-10 13:12:03.081,Intermediário
0.02117,0.02118,2011-08-10 13:12:03.089,Fechamento
0.02125,0.02126,2011-08-11 10:09:29.325,Abertura
0.02124,0.02125,2011-08-11 11:09:27.423,Intermediário
0.0212,0.02121,2011-08-11 12:02:51.795,Intermediário
0.02124,0.02125,2011-08-11 13:11:20.845,Intermediário
0.02125,0.02126,2011-08-11 13:11:20.856,Fechamento
0.02104,0.02105,2011-08-12 10:08:28.391,Abertura
0.02108,0.02109,2011-08-12 11:07:28.645,Intermediário
0.02106,0.02107,2011-08-12 12:10:26.63,Intermediário
0.02102,0.02103,2011-08-12 13:08:43.509,Intermediário
0.02103,0.02104,2011-08-12 13:08:43.513,Fechamento
0.02083,0.02084,2011-08-15 10:07:29.281,Abertura
0.02083,0.02084,2011-08-15 11:07:28.075,Intermediário
0.02078,0.02079,2011-08-15 12:07:29.698,Intermediário
0.02075,0.02076,2011-08-15 13:09:44.527,Intermediário
0.02078,0.0208,2011-08-15 13:09:44.536,Fechamento
0.02076,0.02077,2011-08-16 10:11:28.675,Abertura
0.02073,0.02075,2011-08-16 11:11:27.31,Intermediário
0.02071,0.02072,2011-08-16 12:05:26.626,Intermediário
0.02068,0.02069,2011-08-16 13:03:41.989,Intermediário
0.02073,0.02074,2011-08-16 13:03:42.014,Fechamento
0.02065,0.02066,2011-08-17 10:02:37.194,Abertura
0.02066,0.02067,2011-08-17 11:06:27.701,Intermediário
0.02068,0.02069,2011-08-17 12:03:01.816,Intermediário
0.02074,0.02075,2011-08-17 13:12:21.853,Intermediário
0.02069,0.0207,2011-08-17 13:12:21.859,Fechamento
0.02091,0.02092,2011-08-18 10:08:30.319,Abertura
0.02102,0.02103,2011-08-18 11:24:54.06,Intermediário
0.02099,0.021,2011-08-18 12:09:30.15,Intermediário
0.02097,0.02098,2011-08-18 13:08:50.634,Intermediário
0.02098,0.02099,2011-08-18 13:08:50.639,Fechamento
0.02083,0.02085,2011-08-19 10:03:27.363,Abertura
0.02087,0.02088,2011-08-19 11:06:24.112,Intermediário
0.02093,0.02094,2011-08-19 12:02:59.803,Intermediário
0.02091,0.02093,2011-08-19 13:07:38.753,Intermediário
0.02086,0.02087,2011-08-19 13:07:38.763,Fechamento
0.02075,0.02076,2011-08-22 10:02:39.502,Abertura
0.02081,0.02082,2011-08-22 11:09:23.226,Intermediário
0.02089,0.0209,2011-08-22 12:06:25.964,Intermediário
0.02091,0.02092,2011-08-22 13:08:10.431,Intermediário
0.02084,0.02085,2011-08-22 13:08:10.436,Fechamento
0.02092,0.02093,2011-08-23 10:10:31.647,Abertura
0.02095,0.02096,2011-08-23 11:09:38.889,Intermediário
0.02099,0.021,2011-08-23 12:10:24.59,Intermediário
0.02088,0.02089,2011-08-23 13:03:20.573,Intermediário
0.02092,0.02094,2011-08-23 13:03:20.586,Fechamento
0.0209,0.02091,2011-08-24 10:06:34.426,Abertura
0.02093,0.02095,2011-08-24 11:02:41.175,Intermediário
0.02091,0.02092,2011-08-24 12:16:57.509,Intermediário
0.02093,0.02094,2011-08-24 13:07:34.556,Intermediário
0.02088,0.02089,2011-08-24 13:07:34.564,Fechamento
0.02094,0.02095,2011-08-25 10:06:30.261,Abertura
0.02096,0.02097,2011-08-25 11:05:26.95,Intermediário
0.02087,0.02088,2011-08-25 12:06:28.628,Intermediário
0.02081,0.02082,2011-08-25 13:03:40.494,Intermediário
0.02086,0.02088,2011-08-25 13:03:40.505,Fechamento
0.02107,0.02108,2011-08-26 10:05:28.611,Abertura
0.02107,0.02108,2011-08-26 11:02:35.514,Intermediário
0.02097,0.02099,2011-08-26 12:03:30.591,Intermediário
0.02093,0.02094,2011-08-26 13:17:30.44,Intermediário
0.02102,0.02104,2011-08-26 13:17:30.445,Fechamento
0.02078,0.02079,2011-08-29 10:11:59.514,Abertura
0.02078,0.02079,2011-08-29 11:08:07.03,Intermediário
0.02074,0.02075,2011-08-29 12:03:24.367,Intermediário
0.02074,0.02075,2011-08-29 13:12:19.079,Intermediário
0.02075,0.02076,2011-08-29 13:12:19.089,Fechamento
0.02078,0.02079,2011-08-30 10:04:25.187,Abertura
0.02076,0.02077,2011-08-30 11:04:24.504,Intermediário
0.02066,0.02067,2011-08-30 12:08:25.863,Intermediário
0.02067,0.02068,2011-08-30 13:02:57.451,Intermediário
0.02071,0.02072,2011-08-30 13:02:57.467,Fechamento
0.02076,0.02077,2011-08-31 10:03:26.161,Abertura
0.02069,0.0207,2011-08-31 11:03:24.482,Intermediário
0.02074,0.02076,2011-08-31 12:06:24.825,Intermediário
0.02071,0.02072,2011-08-31 13:03:26.269,Intermediário
0.02073,0.02075,2011-08-31 13:03:26.273,Fechamento
0.02079,0.02081,2011-09-01 10:06:28.683,Abertura
0.02088,0.0209,2011-09-01 11:02:37.408,Intermediário
0.02085,0.02086,2011-09-01 12:03:24.166,Intermediário
0.02081,0.02082,2011-09-01 13:04:54.409,Intermediário
0.02088,0.02089,2011-09-01 13:04:54.423,Fechamento
0.02128,0.0213,2011-09-02 10:02:38.567,Abertura
0.02134,0.02135,2011-09-02 11:10:51.014,Intermediário
0.02126,0.02127,2011-09-02 12:08:26.089,Intermediário
0.02126,0.02127,2011-09-02 13:10:54.863,Intermediário
0.02127,0.02128,2011-09-02 13:10:54.87,Fechamento
0.02146,0.02147,2011-09-05 10:12:25.223,Abertura
0.02148,0.02149,2011-09-05 11:10:24.046,Intermediário
0.02148,0.02149,2011-09-05 12:07:27.666,Intermediário
0.02145,0.02146,2011-09-05 13:11:57.483,Intermediário
0.02148,0.02149,2011-09-05 13:11:57.494,Fechamento
0.02136,0.02137,2011-09-06 10:03:42.671,Abertura
0.02137,0.02139,2011-09-06 11:06:25.501,Intermediário
0.0215,0.02151,2011-09-06 12:04:40.172,Intermediário
0.02141,0.02142,2011-09-06 13:11:57.523,Intermediário
0.02139,0.0214,2011-09-06 13:11:57.531,Fechamento
0.02143,0.02144,2011-09-08 10:07:32.342,Abertura
0.02143,0.02145,2011-09-08 11:08:24.812,Intermediário
0.02138,0.02139,2011-09-08 12:06:24.461,Intermediário
0.02137,0.02139,2011-09-08 13:09:51.533,Intermediário
0.02138,0.02139,2011-09-08 13:09:51.542,Fechamento
0.02151,0.02152,2011-09-09 10:11:28.354,Abertura
0.02155,0.02156,2011-09-09 11:10:24.901,Intermediário
0.02155,0.02157,2011-09-09 12:05:26.048,Intermediário
0.02173,0.02174,2011-09-09 13:04:33.517,Intermediário
0.02168,0.02169,2011-09-09 13:04:33.526,Fechamento
0.02182,0.02183,2011-09-12 10:10:30.323,Abertura
0.02179,0.0218,2011-09-12 11:08:25.89,Intermediário
0.02205,0.02206,2011-09-12 12:10:26.28,Intermediário
0.02197,0.02198,2011-09-12 13:07:53.654,Intermediário
0.02189,0.0219,2011-09-12 13:07:53.666,Fechamento
0.0223,0.02232,2011-09-13 10:11:28.268,Abertura
0.02218,0.02219,2011-09-13 11:09:25.674,Intermediário
0.0223,0.02231,2011-09-13 12:11:26.777,Intermediário
0.02231,0.02232,2011-09-13 13:09:29.159,Intermediário
0.02226,0.02227,2011-09-13 13:09:29.168,Fechamento
0.0224,0.02241,2011-09-14 10:05:27.536,Abertura
0.02261,0.02262,2011-09-14 11:06:25.445,Intermediário
0.02256,0.02257,2011-09-14 12:03:29.751,Intermediário
0.02253,0.02254,2011-09-14 13:04:43.212,Intermediário
0.02253,0.02254,2011-09-14 13:04:43.218,Fechamento
0.02224,0.02225,2011-09-15 10:05:27.757,Abertura
0.02219,0.0222,2011-09-15 11:08:25.334,Intermediário
0.02232,0.02233,2011-09-15 12:03:52.668,Intermediário
0.02234,0.02235,2011-09-15 13:11:51.255,Intermediário
0.02229,0.0223,2011-09-15 13:11:51.26,Fechamento
0.02233,0.02234,2011-09-16 10:10:22.878,Abertura
0.02228,0.02229,2011-09-16 11:09:29.834,Intermediário
0.02224,0.02226,2011-09-16 12:02:49.555,Intermediário
0.02226,0.02227,2011-09-16 13:10:06.074,Intermediário
0.02226,0.02227,2011-09-16 13:10:06.08,Fechamento
0.02298,0.02299,2011-09-19 10:08:28.917,Abertura
0.02314,0.02316,2011-09-19 11:05:26.048,Intermediário
0.02327,0.02328,2011-09-19 12:06:26.176,Intermediário
0.02335,0.02336,2011-09-19 13:07:09.901,Intermediário
0.02322,0.02323,2011-09-19 13:07:09.912,Fechamento
0.02317,0.02319,2011-09-20 10:05:26.856,Abertura
0.02337,0.02339,2011-09-20 11:03:24.26,Intermediário
0.0234,0.02341,2011-09-20 12:02:38.43,Intermediário
0.02339,0.0234,2011-09-20 13:03:53.648,Intermediário
0.02334,0.02335,2011-09-20 13:03:53.655,Fechamento
0.0238,0.02381,2011-09-21 10:03:27.328,Abertura
0.02384,0.02386,2011-09-21 11:08:31.266,Intermediário
0.02403,0.02404,2011-09-21 12:05:26.811,Intermediário
0.024,0.02401,2011-09-21 13:12:16.601,Intermediário
0.02392,0.02393,2011-09-21 13:12:16.613,Fechamento
0.02544,0.02545,2011-09-22 10:08:36.955,Abertura
0.02499,0.025,2011-09-22 11:06:32.479,Intermediário
0.0246,0.02461,2011-09-22 12:08:25.676,Intermediário
0.02461,0.02462,2011-09-22 13:08:49.622,Intermediário
0.0249,0.02492,2011-09-22 13:08:49.627,Fechamento
0.02467,0.02469,2011-09-23 10:11:27.437,Abertura
0.02459,0.0246,2011-09-23 11:06:25.509,Intermediário
0.0246,0.02461,2011-09-23 12:05:26.206,Intermediário
0.02439,0.02441,2011-09-23 13:09:31.461,Intermediário
0.02454,0.02455,2011-09-23 13:09:31.466,Fechamento
0.0239,0.02391,2011-09-26 10:03:26.65,Abertura
0.0243,0.02431,2011-09-26 11:04:25.201,Intermediário
0.0242,0.02422,2011-09-26 12:04:25.992,Intermediário
0.02418,0.02419,2011-09-26 13:12:30.013,Intermediário
0.02414,0.02416,2011-09-26 13:12:30.024,Fechamento
0.02348,0.02349,2011-09-27 10:05:26.195,Abertura
0.02351,0.02352,2011-09-27 11:09:26.085,Intermediário
0.0235,0.02351,2011-09-27 12:08:24.359,Intermediário
0.02355,0.02356,2011-09-27 13:05:39.765,Intermediário
0.0235,0.02351,2011-09-27 13:05:39.776,Fechamento
0.02361,0.02362,2011-09-28 10:03:24.475,Abertura
0.02371,0.02372,2011-09-28 11:05:29.488,Intermediário
0.02377,0.02378,2011-09-28 12:11:54.339,Intermediário
0.02372,0.02373,2011-09-28 13:03:52.019,Intermediário
0.02369,0.0237,2011-09-28 13:03:52.032,Fechamento
0.02388,0.02389,2011-09-29 10:05:28.361,Abertura
0.02376,0.02378,2011-09-29 11:06:25.561,Intermediário
0.0238,0.02381,2011-09-29 12:07:34.263,Intermediário
0.0238,0.02382,2011-09-29 13:12:28.008,Intermediário
0.02384,0.02385,2011-09-29 13:12:28.015,Fechamento
0.02412,0.02414,2011-09-30 10:02:43.941,Abertura
0.02421,0.02422,2011-09-30 11:05:25.181,Intermediário
0.02404,0.02406,2011-09-30 12:10:25.6,Intermediário
0.02401,0.02402,2011-09-30 13:03:01.625,Intermediário
0.02406,0.02407,2011-09-30 13:03:01.646,Fechamento
0.02449,0.0245,2011-10-03 10:02:38.95,Abertura
0.02437,0.02439,2011-10-03 11:10:26.665,Intermediário
0.02463,0.02464,2011-10-03 12:06:26.477,Intermediário
0.02454,0.02456,2011-10-03 13:07:55.566,Intermediário
0.02453,0.02454,2011-10-03 13:07:55.576,Fechamento
0.02467,0.02469,2011-10-04 10:04:26.696,Abertura
0.02461,0.02462,2011-10-04 11:06:26.199,Intermediário
0.02449,0.0245,2011-10-04 12:05:26.941,Intermediário
0.02444,0.02445,2011-10-04 13:09:35.59,Intermediário
0.02452,0.02454,2011-10-04 13:09:35.6,Fechamento
0.02414,0.02416,2011-10-05 10:07:31.012,Abertura
0.0241,0.02411,2011-10-05 11:04:24.502,Intermediário
0.0239,0.02391,2011-10-05 12:02:37.897,Intermediário
0.02386,0.02387,2011-10-05 13:06:43.321,Intermediário
0.024,0.02402,2011-10-05 13:06:43.326,Fechamento
0.0237,0.02371,2011-10-06 10:04:30.054,Abertura
0.02365,0.02367,2011-10-06 11:11:25.039,Intermediário
0.02351,0.02353,2011-10-06 12:11:25.844,Intermediário
0.02358,0.02359,2011-10-06 13:02:42.887,Intermediário
0.02363,0.02364,2011-10-06 13:02:42.892,Fechamento
0.02299,0.02301,2011-10-07 10:08:31.618,Abertura
0.02299,0.023,2011-10-07 11:09:30.363,Intermediário
0.02299,0.02301,2011-10-07 12:05:27.299,Intermediário
0.02302,0.02304,2011-10-07 13:05:42.772,Intermediário
0.023,0.02301,2011-10-07 13:05:42.778,Fechamento
0.02272,0.02273,2011-10-10 10:08:29.256,Abertura
0.02281,0.02283,2011-10-10 11:04:27.167,Intermediário
0.02277,0.02278,2011-10-10 12:07:28.517,Intermediário
0.02281,0.02282,2011-10-10 13:06:56.975,Intermediário
0.02279,0.0228,2011-10-10 13:06:56.988,Fechamento
0.02317,0.02318,2011-10-11 10:08:28.101,Abertura
0.02307,0.02308,2011-10-11 11:07:29.935,Intermediário
0.02295,0.02296,2011-10-11 12:06:27.534,Intermediário
0.02288,0.02289,2011-10-11 13:09:20.365,Intermediário
0.02302,0.02303,2011-10-11 13:09:20.377,Fechamento
0.02282,0.02283,2011-10-13 10:07:30.384,Abertura
0.02288,0.0229,2011-10-13 11:09:45.092,Intermediário
0.02282,0.02283,2011-10-13 12:11:26.161,Intermediário
0.02271,0.02272,2011-10-13 13:04:50.299,Intermediário
0.0228,0.02281,2011-10-13 13:04:50.306,Fechamento
0.02252,0.02254,2011-10-14 10:05:28.396,Abertura
0.02254,0.02256,2011-10-14 11:08:26.402,Intermediário
0.02246,0.02247,2011-10-14 12:03:26.255,Intermediário
0.02247,0.02248,2011-10-14 13:05:18.201,Intermediário
0.02245,0.02246,2011-10-14 13:05:18.216,Fechamento
0.02259,0.0226,2011-10-17 10:03:28.422,Abertura
0.02263,0.02264,2011-10-17 11:03:28.501,Intermediário
0.02272,0.02273,2011-10-17 12:09:26.021,Intermediário
0.02283,0.02284,2011-10-17 13:35:32.68,Intermediário
0.02279,0.0228,2011-10-17 13:35:32.688,Fechamento
0.02322,0.02324,2011-10-18 10:11:37.61,Abertura
0.02305,0.02306,2011-10-18 11:07:45.741,Intermediário
0.0231,0.02311,2011-10-18 12:09:31.102,Intermediário
0.02295,0.02296,2011-10-18 13:09:22.846,Intermediário
0.02308,0.02309,2011-10-18 13:09:22.852,Fechamento
0.02286,0.02287,2011-10-19 10:04:31.515,Abertura
0.0229,0.02291,2011-10-19 11:04:28.271,Intermediário
0.02296,0.02297,2011-10-19 12:03:26.332,Intermediário
0.02295,0.02296,2011-10-19 13:06:36.353,Intermediário
0.02292,0.02293,2011-10-19 13:06:36.376,Fechamento
0.02301,0.02302,2011-10-20 10:10:28.659,Abertura
0.02309,0.0231,2011-10-20 11:03:26.544,Intermediário
0.02322,0.02323,2011-10-20 12:09:56.573,Intermediário
0.02332,0.02333,2011-10-20 13:05:45.652,Intermediário
0.02318,0.02319,2011-10-20 13:05:45.658,Fechamento
0.02328,0.02329,2011-10-21 10:10:45.665,Abertura
0.02342,0.02343,2011-10-21 11:05:38.953,Intermediário
0.02327,0.02328,2011-10-21 12:07:29.565,Intermediário
0.02337,0.02338,2011-10-21 13:10:20.155,Intermediário
0.02337,0.02338,2011-10-21 13:10:20.162,Fechamento
0.02338,0.02339,2011-10-24 10:07:33.944,Abertura
0.02333,0.02334,2011-10-24 11:11:08.485,Intermediário
0.02337,0.02338,2011-10-24 12:13:36.475,Intermediário
0.02324,0.02325,2011-10-24 13:02:48.34,Intermediário
0.02334,0.02335,2011-10-24 13:02:48.352,Fechamento
0.02282,0.02283,2011-10-25 10:03:30.684,Abertura
0.02303,0.02304,2011-10-25 11:07:29.238,Intermediário
0.02321,0.02322,2011-10-25 12:09:10.017,Intermediário
0.02327,0.02328,2011-10-25 13:02:50.185,Intermediário
0.02315,0.02316,2011-10-25 13:02:50.199,Fechamento
0.02315,0.02317,2011-10-26 10:10:31.325,Abertura
0.02315,0.02317,2011-10-26 11:03:27.685,Intermediário
0.02316,0.02318,2011-10-26 12:11:28.738,Intermediário
0.02324,0.02326,2011-10-26 13:15:58.726,Intermediário
0.02316,0.02317,2011-10-26 13:15:58.735,Fechamento
0.02288,0.02289,2011-10-27 10:11:29.987,Abertura
0.0229,0.02291,2011-10-27 11:04:28.585,Intermediário
0.02283,0.02284,2011-10-27 12:10:34.047,Intermediário
0.0228,0.02281,2011-10-27 13:09:00.086,Intermediário
0.02283,0.02284,2011-10-27 13:09:00.094,Fechamento
0.02238,0.02239,2011-10-28 10:25:16.267,Abertura
0.02249,0.0225,2011-10-28 11:06:26.644,Intermediário
0.02244,0.02245,2011-10-28 12:09:29.411,Intermediário
0.02233,0.02234,2011-10-28 13:07:14.773,Intermediário
0.02241,0.02242,2011-10-28 13:07:14.779,Fechamento
0.02156,0.02157,2011-10-31 10:05:28.825,Abertura
0.02162,0.02163,2011-10-31 11:06:27.004,Intermediário
0.02172,0.02173,2011-10-31 12:04:25.511,Intermediário
0.02169,0.0217,2011-10-31 13:09:33.806,Intermediário
0.02164,0.02166,2011-10-31 13:09:33.819,Fechamento
0.02244,0.02245,2011-11-01 10:07:30.275,Abertura
0.02245,0.02247,2011-11-01 11:06:26.18,Intermediário
0.02235,0.02236,2011-11-01 12:06:28.285,Intermediário
0.02223,0.02224,2011-11-01 13:05:18.45,Intermediário
0.02235,0.02236,2011-11-01 13:05:18.463,Fechamento
0.02217,0.02218,2011-11-03 10:07:33.306,Abertura
0.02204,0.02205,2011-11-03 11:03:26.945,Intermediário
0.02213,0.02215,2011-11-03 12:03:27.56,Intermediário
0.02219,0.0222,2011-11-03 13:08:31.372,Intermediário
0.02213,0.02214,2011-11-03 13:08:31.379,Fechamento
0.02225,0.02226,2011-11-04 10:03:31.482,Abertura
0.02221,0.02222,2011-11-04 11:05:38.852,Intermediário
0.02231,0.02233,2011-11-04 12:03:27.231,Intermediário
0.02237,0.02238,2011-11-04 13:17:53.847,Intermediário
0.02226,0.02227,2011-11-04 13:17:53.856,Fechamento
0.02253,0.02254,2011-11-07 10:07:38.405,Abertura
0.02236,0.02237,2011-11-07 11:07:49.062,Intermediário
0.02243,0.02244,2011-11-07 12:06:29.28,Intermediário
0.02235,0.02236,2011-11-07 13:29:35.579,Intermediário
0.02243,0.02244,2011-11-07 13:29:35.587,Fechamento
0.02242,0.02243,2011-11-08 10:25:19.314,Abertura
0.02235,0.02236,2011-11-08 11:06:34.901,Intermediário
0.02236,0.02237,2011-11-08 12:11:28.727,Intermediário
0.02246,0.02247,2011-11-08 13:11:28.013,Intermediário
0.02247,0.02248,2011-11-08 13:11:28.113,Fechamento
0.02262,0.02263,2011-11-09 10:04:45.181,Abertura
0.0225,0.02252,2011-11-09 11:07:28.771,Intermediário
0.0225,0.02251,2011-11-09 12:11:26.857,Intermediário
0.02253,0.02254,2011-11-09 13:11:08.055,Intermediário
0.02254,0.02255,2011-11-09 13:11:08.066,Fechamento
0.02271,0.02272,2011-11-10 10:11:29.644,Abertura
0.02269,0.0227,2011-11-10 11:11:05.329,Intermediário
0.0226,0.02261,2011-11-10 12:08:37.83,Intermediário
0.02269,0.0227,2011-11-10 13:08:10.787,Intermediário
0.02267,0.02268,2011-11-10 13:08:10.795,Fechamento
0.02271,0.02272,2011-11-11 10:10:30.262,Abertura
0.02268,0.0227,2011-11-11 11:21:15.641,Intermediário
0.02265,0.02266,2011-11-11 12:09:27.846,Intermediário
0.02268,0.02269,2011-11-11 13:05:13.239,Intermediário
0.02272,0.02274,2011-11-11 13:05:13.248,Fechamento
0.0229,0.02291,2011-11-14 10:07:49.173,Abertura
0.02292,0.02293,2011-11-14 11:06:17.24,Intermediário
0.02289,0.0229,2011-11-14 12:08:27.002,Intermediário
0.02292,0.02294,2011-11-14 13:06:15.382,Intermediário
0.02291,0.02292,2011-11-14 13:06:15.392,Fechamento
0.02313,0.02315,2011-11-16 10:07:29.322,Abertura
0.02308,0.0231,2011-11-16 11:02:45.013,Intermediário
0.02307,0.02308,2011-11-16 12:11:27.954,Intermediário
0.02304,0.02305,2011-11-16 13:07:09.747,Intermediário
0.02307,0.02308,2011-11-16 13:07:09.761,Fechamento
0.02318,0.0232,2011-11-17 10:09:29.187,Abertura
0.02308,0.02309,2011-11-17 11:07:29.576,Intermediário
0.02309,0.0231,2011-11-17 12:02:34.554,Intermediário
0.02298,0.023,2011-11-17 13:08:47.734,Intermediário
0.02308,0.02309,2011-11-17 13:08:47.742,Fechamento
0.02309,0.02311,2011-11-18 10:10:32.381,Abertura
0.02309,0.0231,2011-11-18 11:05:26.725,Intermediário
0.02307,0.02308,2011-11-18 12:05:21.627,Intermediário
0.02314,0.02316,2011-11-18 13:03:27.576,Intermediário
0.02306,0.02307,2011-11-18 13:03:27.595,Fechamento
0.0235,0.02351,2011-11-21 10:07:30.697,Abertura
0.02345,0.02346,2011-11-21 11:10:28.406,Intermediário
0.02343,0.02344,2011-11-21 12:07:28.612,Intermediário
0.02355,0.02356,2011-11-21 13:10:51.237,Intermediário
0.02347,0.02348,2011-11-21 13:10:51.25,Fechamento
0.02341,0.02343,2011-11-22 10:07:31.924,Abertura
0.02347,0.02348,2011-11-22 11:06:26.682,Intermediário
0.0235,0.02351,2011-11-22 12:08:26.561,Intermediário
0.02347,0.02348,2011-11-22 13:11:51.81,Intermediário
0.02344,0.02345,2011-11-22 13:11:51.822,Fechamento
0.02379,0.0238,2011-11-23 10:03:29.484,Abertura
0.02385,0.02386,2011-11-23 11:02:37.905,Intermediário
0.02388,0.02389,2011-11-23 12:11:27.255,Intermediário
0.02395,0.02396,2011-11-23 13:06:39.367,Intermediário
0.02384,0.02385,2011-11-23 13:06:39.379,Fechamento
0.02402,0.02404,2011-11-24 10:02:35.036,Abertura
0.02411,0.02412,2011-11-24 11:08:26.998,Intermediário
0.02421,0.02422,2011-11-24 12:05:28.181,Intermediário
0.02443,0.02445,2011-11-24 13:11:03.573,Intermediário
0.02418,0.0242,2011-11-24 13:11:03.581,Fechamento
0.02446,0.02447,2011-11-25 10:05:30.594,Abertura
0.02454,0.02455,2011-11-25 11:03:31.726,Intermediário
0.0244,0.02441,2011-11-25 12:04:28.005,Intermediário
0.0242,0.02421,2011-11-25 13:06:57.634,Intermediário
0.02438,0.02439,2011-11-25 13:06:57.642,Fechamento
0.02403,0.02404,2011-11-28 10:07:30.378,Abertura
0.024,0.02401,2011-11-28 11:06:28.02,Intermediário
0.0238,0.02381,2011-11-28 12:10:25.368,Intermediário
0.02373,0.02374,2011-11-28 13:10:49.81,Intermediário
0.02384,0.02385,2011-11-28 13:10:49.829,Fechamento
0.02377,0.02378,2011-11-29 10:11:30.16,Abertura
0.02374,0.02376,2011-11-29 11:05:24.599,Intermediário
0.02376,0.02377,2011-11-29 12:02:29.536,Intermediário
0.02368,0.0237,2011-11-29 13:10:05.021,Intermediário
0.0237,0.02371,2011-11-29 13:10:05.039,Fechamento
0.02341,0.02343,2011-11-30 10:17:57.201,Abertura
0.02334,0.02335,2011-11-30 11:08:31.757,Intermediário
0.0232,0.02321,2011-11-30 12:15:40.816,Intermediário
0.02321,0.02323,2011-11-30 13:10:04.46,Intermediário
0.02335,0.02336,2011-11-30 13:10:04.474,Fechamento
0.0231,0.02311,2011-12-01 10:06:33.835,Abertura
0.02306,0.02307,2011-12-01 11:08:26.54,Intermediário
0.02308,0.02309,2011-12-01 12:09:29.096,Intermediário
0.02299,0.02301,2011-12-01 13:04:08.337,Intermediário
0.02306,0.02307,2011-12-01 13:04:08.357,Fechamento
0.02283,0.02284,2011-12-02 10:04:29.28,Abertura
0.02293,0.02295,2011-12-02 11:04:29.306,Intermediário
0.02285,0.02286,2011-12-02 12:07:29.037,Intermediário
0.02295,0.02296,2011-12-02 13:06:02.9,Intermediário
0.02289,0.0229,2011-12-02 13:06:02.917,Fechamento
0.02285,0.02286,2011-12-05 10:09:29.312,Abertura
0.02285,0.02286,2011-12-05 11:04:30.529,Intermediário
0.02285,0.02286,2011-12-05 12:03:25.595,Intermediário
0.02289,0.0229,2011-12-05 13:03:44.242,Intermediário
0.02289,0.0229,2011-12-05 13:03:44.254,Fechamento
0.02299,0.02301,2011-12-06 10:06:30.056,Abertura
0.02303,0.02304,2011-12-06 11:06:29.432,Intermediário
0.02307,0.02308,2011-12-06 12:09:27.304,Intermediário
0.02302,0.02303,2011-12-06 13:10:57.79,Intermediário
0.02302,0.02303,2011-12-06 13:10:57.813,Fechamento
0.02316,0.02318,2011-12-07 10:09:32.162,Abertura
0.02312,0.02313,2011-12-07 11:09:28.116,Intermediário
0.02311,0.02312,2011-12-07 12:11:31.091,Intermediário
0.02309,0.0231,2011-12-07 13:12:30.149,Intermediário
0.02312,0.02313,2011-12-07 13:12:30.157,Fechamento
0.02321,0.02322,2011-12-08 10:03:30.06,Abertura
0.02311,0.02313,2011-12-08 11:07:27.974,Intermediário
0.02315,0.02317,2011-12-08 12:09:29.151,Intermediário
0.02324,0.02325,2011-12-08 13:02:47.728,Intermediário
0.02316,0.02317,2011-12-08 13:02:47.737,Fechamento
0.02331,0.02333,2011-12-09 10:05:28.424,Abertura
0.0233,0.02331,2011-12-09 11:06:18.556,Intermediário
0.02342,0.02343,2011-12-09 12:10:28.416,Intermediário
0.0233,0.02331,2011-12-09 13:04:38.016,Intermediário
0.02333,0.02335,2011-12-09 13:04:38.022,Fechamento
0.02335,0.02336,2011-12-12 10:02:38.271,Abertura
0.02337,0.02339,2011-12-12 11:06:27.54,Intermediário
0.02336,0.02337,2011-12-12 12:02:36.281,Intermediário
0.02345,0.02346,2011-12-12 13:04:51.458,Intermediário
0.02337,0.02338,2011-12-12 13:04:51.472,Fechamento
0.02372,0.02373,2011-12-13 10:06:29.186,Abertura
0.02365,0.02366,2011-12-13 11:02:31.159,Intermediário
0.02361,0.02362,2011-12-13 12:03:30.863,Intermediário
0.02363,0.02364,2011-12-13 13:09:57.797,Intermediário
0.02367,0.02368,2011-12-13 13:09:57.807,Fechamento
0.02399,0.02401,2011-12-14 10:03:45.735,Abertura
0.02392,0.02393,2011-12-14 11:07:31.213,Intermediário
0.02398,0.024,2011-12-14 12:11:27.092,Intermediário
0.02404,0.02406,2011-12-14 13:12:01.755,Intermediário
0.02399,0.024,2011-12-14 13:12:01.764,Fechamento
0.02399,0.024,2011-12-15 10:09:30.663,Abertura
0.02389,0.0239,2011-12-15 11:11:28.313,Intermediário
0.02384,0.02386,2011-12-15 12:02:52.789,Intermediário
0.02387,0.02389,2011-12-15 13:13:04.423,Intermediário
0.0239,0.02392,2011-12-15 13:13:04.435,Fechamento
0.02373,0.02375,2011-12-16 10:02:32.345,Abertura
0.02372,0.02373,2011-12-16 11:06:27.661,Intermediário
0.0237,0.02371,2011-12-16 12:10:27.209,Intermediário
0.0237,0.02372,2011-12-16 13:11:34.62,Intermediário
0.02372,0.02373,2011-12-16 13:11:34.63,Fechamento
0.02384,0.02385,2011-12-19 10:08:30.227,Abertura
0.02391,0.02393,2011-12-19 11:06:29.092,Intermediário
0.02392,0.02393,2011-12-19 12:07:33.029,Intermediário
0.0239,0.02391,2011-12-19 13:04:36.327,Intermediário
0.0239,0.02391,2011-12-19 13:04:36.348,Fechamento
0.02381,0.02382,2011-12-20 10:02:56.144,Abertura
0.02383,0.02384,2011-12-20 11:06:27.942,Intermediário
0.02371,0.02373,2011-12-20 12:06:27.557,Intermediário
0.02366,0.02367,2011-12-20 13:11:42.089,Intermediário
0.02379,0.0238,2011-12-20 13:11:42.104,Fechamento
0.02379,0.0238,2011-12-21 10:05:28.409,Abertura
0.02383,0.02384,2011-12-21 11:08:28.831,Intermediário
0.02381,0.02382,2011-12-21 12:07:29.998,Intermediário
0.02387,0.02389,2011-12-21 13:06:53.832,Intermediário
0.02382,0.02383,2011-12-21 13:06:53.845,Fechamento
0.02374,0.02375,2011-12-22 10:07:33.084,Abertura
0.02377,0.02378,2011-12-22 11:11:26.858,Intermediário
0.02379,0.0238,2011-12-22 12:11:28.103,Intermediário
0.02377,0.02379,2011-12-22 13:11:34.408,Intermediário
0.02376,0.02378,2011-12-22 13:11:34.419,Fechamento
0.02369,0.0237,2011-12-23 10:04:31.247,Abertura
0.02375,0.02376,2011-12-23 11:07:30.699,Intermediário
0.0238,0.02381,2011-12-23 12:04:47.78,Intermediário
0.02383,0.02384,2011-12-23 13:08:21.156,Intermediário
0.02375,0.02376,2011-12-23 13:08:21.163,Fechamento
0.02376,0.0238,2011-12-26 10:03:28.659,Abertura
0.02378,0.02381,2011-12-26 11:05:26.52,Intermediário
0.02383,0.02386,2011-12-26 12:03:25.932,Intermediário
0.02383,0.02387,2011-12-26 13:05:19.365,Intermediário
0.02381,0.02384,2011-12-26 13:05:19.379,Fechamento
0.02383,0.02385,2011-12-27 10:07:30.081,Abertura
0.02383,0.02385,2011-12-27 11:03:26.563,Intermediário
0.0239,0.02391,2011-12-27 12:04:27.502,Intermediário
0.02387,0.02389,2011-12-27 13:10:52.586,Intermediário
0.02385,0.02387,2011-12-27 13:10:52.594,Fechamento
0.02393,0.02395,2011-12-28 10:11:29.977,Abertura
0.02397,0.02398,2011-12-28 11:10:26.992,Intermediário
0.02397,0.02398,2011-12-28 12:04:26.335,Intermediário
0.02406,0.02407,2011-12-28 13:16:42.796,Intermediário
0.02395,0.02397,2011-12-28 13:16:42.805,Fechamento
0.02419,0.02421,2011-12-29 10:10:40.756,Abertura
0.02414,0.02416,2011-12-29 11:04:50.715,Intermediário
0.02406,0.02407,2011-12-29 12:08:33.664,Intermediário
0.02403,0.02404,2011-12-29 13:12:34.043,Intermediário
0.0241,0.02411,2011-12-29 13:12:34.052,Fechamento
0.02424,0.02425,2011-12-30 10:02:07.751,Abertura
0.02422,0.02424,2011-12-30 11:03:23.975,Intermediário
0.02424,0.02426,2011-12-30 12:02:23.766,Intermediário
0.02429,0.02431,2011-12-30 13:02:18.353,Intermediário
0.02429,0.02431,2011-12-30 13:02:18.36,Fechamento
