cotacaoCompra,cotacaoVenda,dataHoraCotacao,tipoBoletim
2.32,2.33,2009-01-02 09:22:00.0,Abertura
2.32,2.322,2009-01-02 09:30:00.0,Intermediário
2.319,2.321,2009-01-02 10:00:00.0,Intermediário
2.321,2.323,2009-01-02 10:30:00.0,Intermediário
2.327,2.329,2009-01-02 11:00:00.0,Intermediário
2.328,2.33,2009-01-02 11:30:00.0,Intermediário
2.33,2.332,2009-01-02 12:00:00.0,Intermediário
2.331,2.333,2009-01-02 12:30:00.0,Intermediário
2.33,2.332,2009-01-02 13:01:00.0,Intermediário
2.326,2.328,2009-01-02 13:30:00.0,Intermediário
2.317,2.319,2009-01-02 14:00:00.0,Intermediário
2.325,2.327,2009-01-02 14:30:00.0,Intermediário
2.32,2.322,2009-01-02 15:00:00.0,Intermediário
2.328,2.33,2009-01-02 15:30:00.0,Intermediário
2.334,2.336,2009-01-02 16:00:00.0,Intermediário
2.331,2.333,2009-01-02 16:30:00.0,Fechamento Interbancário
2.329,2.3298,2009-01-02 17:48:00.0,Fechamento
2.313,2.323,2009-01-05 09:21:00.0,Abertura
2.316,2.318,2009-01-05 09:30:00.0,Intermediário
2.326,2.328,2009-01-05 10:00:00.0,Intermediário
2.32,2.322,2009-01-05 10:30:00.0,Intermediário
2.322,2.324,2009-01-05 11:00:00.0,Intermediário
2.322,2.324,2009-01-05 11:30:00.0,Intermediário
2.316,2.318,2009-01-05 12:00:00.0,Intermediário
2.31,2.312,2009-01-05 12:30:00.0,Intermediário
2.292,2.294,2009-01-05 13:00:00.0,Intermediário
2.292,2.294,2009-01-05 13:30:00.0,Intermediário
2.289,2.291,2009-01-05 14:00:00.0,Intermediário
2.268,2.27,2009-01-05 14:30:00.0,Intermediário
2.265,2.267,2009-01-05 15:00:00.0,Intermediário
2.25,2.252,2009-01-05 15:30:00.0,Intermediário
2.252,2.254,2009-01-05 16:00:00.0,Intermediário
2.251,2.253,2009-01-05 16:30:00.0,Fechamento Interbancário
2.2772,2.278,2009-01-05 17:41:00.0,Fechamento
2.204,2.214,2009-01-06 09:24:00.0,Abertura
2.203,2.205,2009-01-06 09:30:00.0,Intermediário
2.183,2.185,2009-01-06 10:00:00.0,Intermediário
2.193,2.195,2009-01-06 10:30:00.0,Intermediário
2.206,2.208,2009-01-06 11:00:00.0,Intermediário
2.212,2.214,2009-01-06 11:30:00.0,Intermediário
2.2,2.205,2009-01-06 12:00:00.0,Intermediário
2.2,2.202,2009-01-06 12:30:00.0,Intermediário
2.206,2.208,2009-01-06 13:00:00.0,Intermediário
2.206,2.208,2009-01-06 13:30:00.0,Intermediário
2.206,2.208,2009-01-06 14:00:00.0,Intermediário
2.21,2.212,2009-01-06 14:30:00.0,Intermediário
2.189,2.191,2009-01-06 15:00:00.0,Intermediário
2.199,2.201,2009-01-06 15:30:00.0,Intermediário
2.171,2.173,2009-01-06 16:00:00.0,Intermediário
2.178,2.18,2009-01-06 16:30:00.0,Fechamento Interbancário
2.1881,2.1889,2009-01-06 17:33:00.0,Fechamento
2.188,2.198,2009-01-07 09:22:00.0,Abertura
2.191,2.193,2009-01-07 09:30:00.0,Intermediário
2.204,2.206,2009-01-07 10:01:00.0,Intermediário
2.203,2.205,2009-01-07 10:30:00.0,Intermediário
2.2,2.202,2009-01-07 11:00:00.0,Intermediário
2.212,2.214,2009-01-07 11:30:00.0,Intermediário
2.209,2.211,2009-01-07 12:00:00.0,Intermediário
2.226,2.228,2009-01-07 12:30:00.0,Intermediário
2.222,2.224,2009-01-07 13:00:00.0,Intermediário
2.222,2.224,2009-01-07 13:30:00.0,Intermediário
2.232,2.234,2009-01-07 14:00:00.0,Intermediário
2.231,2.233,2009-01-07 14:30:00.0,Intermediário
2.22,2.222,2009-01-07 15:00:00.0,Intermediário
2.22,2.222,2009-01-07 15:30:00.0,Intermediário
2.236,2.238,2009-01-07 16:00:00.0,Intermediário
2.238,2.24,2009-01-07 16:30:00.0,Fechamento Interbancário
2.2166,2.2174,2009-01-07 17:34:00.0,Fechamento
2.264,2.274,2009-01-08 09:27:00.0,Abertura
2.267,2.269,2009-01-08 09:30:00.0,Intermediário
2.262,2.264,2009-01-08 10:00:00.0,Intermediário
2.251,2.253,2009-01-08 10:30:00.0,Intermediário
2.271,2.273,2009-01-08 11:00:00.0,Intermediário
2.279,2.281,2009-01-08 11:30:00.0,Intermediário
2.262,2.264,2009-01-08 12:00:00.0,Intermediário
2.256,2.258,2009-01-08 12:30:00.0,Intermediário
2.274,2.276,2009-01-08 13:00:00.0,Intermediário
2.274,2.276,2009-01-08 13:30:00.0,Intermediário
2.274,2.276,2009-01-08 14:00:00.0,Intermediário
2.274,2.276,2009-01-08 14:30:00.0,Intermediário
2.264,2.266,2009-01-08 15:00:00.0,Intermediário
2.259,2.261,2009-01-08 15:30:00.0,Intermediário
2.282,2.284,2009-01-08 16:00:00.0,Intermediário
2.29,2.292,2009-01-08 16:30:00.0,Fechamento Interbancário
2.2675,2.2683,2009-01-08 17:32:00.0,Fechamento
2.285,2.295,2009-01-09 09:20:00.0,Abertura
2.299,2.301,2009-01-09 09:30:00.0,Intermediário
2.299,2.301,2009-01-09 10:00:00.0,Intermediário
2.28,2.282,2009-01-09 10:30:00.0,Intermediário
2.272,2.274,2009-01-09 11:00:00.0,Intermediário
2.285,2.287,2009-01-09 11:30:00.0,Intermediário
2.259,2.261,2009-01-09 12:00:00.0,Intermediário
2.267,2.269,2009-01-09 12:30:00.0,Intermediário
2.288,2.29,2009-01-09 13:00:00.0,Intermediário
2.288,2.29,2009-01-09 13:30:00.0,Intermediário
2.295,2.297,2009-01-09 14:00:00.0,Intermediário
2.296,2.298,2009-01-09 14:30:00.0,Intermediário
2.288,2.29,2009-01-09 15:00:00.0,Intermediário
2.271,2.273,2009-01-09 15:30:00.0,Intermediário
2.27,2.272,2009-01-09 16:00:00.0,Intermediário
2.27,2.272,2009-01-09 16:30:00.0,Fechamento Interbancário
2.2859,2.2867,2009-01-09 17:33:00.0,Fechamento
2.283,2.293,2009-01-12 09:21:00.0,Abertura
2.286,2.292,2009-01-12 09:30:00.0,Intermediário
2.283,2.285,2009-01-12 10:00:00.0,Intermediário
2.283,2.285,2009-01-12 10:30:00.0,Intermediário
2.284,2.286,2009-01-12 11:00:00.0,Intermediário
2.288,2.29,2009-01-12 11:30:00.0,Intermediário
2.282,2.284,2009-01-12 12:00:00.0,Intermediário
2.298,2.3,2009-01-12 12:30:00.0,Intermediário
2.298,2.3,2009-01-12 13:00:00.0,Intermediário
2.298,2.3,2009-01-12 13:30:00.0,Intermediário
2.303,2.305,2009-01-12 14:00:00.0,Intermediário
2.321,2.323,2009-01-12 14:30:00.0,Intermediário
2.319,2.321,2009-01-12 15:00:00.0,Intermediário
2.322,2.324,2009-01-12 15:30:00.0,Intermediário
2.291,2.293,2009-01-12 16:00:00.0,Intermediário
2.294,2.296,2009-01-12 16:30:00.0,Fechamento Interbancário
2.2961,2.2969,2009-01-12 17:36:00.0,Fechamento
2.325,2.335,2009-01-13 09:14:00.0,Abertura
2.311,2.313,2009-01-13 09:30:00.0,Intermediário
2.322,2.324,2009-01-13 10:00:00.0,Intermediário
2.307,2.309,2009-01-13 10:30:00.0,Intermediário
2.325,2.327,2009-01-13 11:00:00.0,Intermediário
2.324,2.326,2009-01-13 11:30:00.0,Intermediário
2.324,2.326,2009-01-13 12:00:00.0,Intermediário
2.324,2.326,2009-01-13 12:30:00.0,Intermediário
2.301,2.303,2009-01-13 13:00:00.0,Intermediário
2.306,2.308,2009-01-13 13:30:00.0,Intermediário
2.301,2.303,2009-01-13 14:00:00.0,Intermediário
2.306,2.308,2009-01-13 14:30:00.0,Intermediário
2.292,2.294,2009-01-13 15:00:00.0,Intermediário
2.304,2.306,2009-01-13 15:31:00.0,Intermediário
2.325,2.327,2009-01-13 16:01:00.0,Intermediário
2.325,2.327,2009-01-13 16:31:00.0,Fechamento Interbancário
2.3075,2.3083,2009-01-13 17:37:00.0,Fechamento
2.3,2.31,2009-01-14 09:19:00.0,Abertura
2.308,2.31,2009-01-14 09:30:00.0,Intermediário
2.314,2.316,2009-01-14 10:00:00.0,Intermediário
2.3,2.302,2009-01-14 10:30:00.0,Intermediário
2.311,2.313,2009-01-14 11:00:00.0,Intermediário
2.318,2.32,2009-01-14 11:30:00.0,Intermediário
2.328,2.33,2009-01-14 12:00:00.0,Intermediário
2.336,2.338,2009-01-14 12:30:00.0,Intermediário
2.348,2.35,2009-01-14 13:00:00.0,Intermediário
2.358,2.36,2009-01-14 13:30:00.0,Intermediário
2.358,2.36,2009-01-14 14:00:00.0,Intermediário
2.362,2.364,2009-01-14 14:30:00.0,Intermediário
2.354,2.356,2009-01-14 15:00:00.0,Intermediário
2.355,2.357,2009-01-14 15:30:00.0,Intermediário
2.344,2.346,2009-01-14 16:01:00.0,Intermediário
2.344,2.346,2009-01-14 16:30:00.0,Fechamento Interbancário
2.3333,2.3341,2009-01-14 17:38:00.0,Fechamento
2.375,2.385,2009-01-15 09:23:00.0,Abertura
2.383,2.385,2009-01-15 09:30:00.0,Intermediário
2.377,2.379,2009-01-15 10:00:00.0,Intermediário
2.393,2.395,2009-01-15 10:30:00.0,Intermediário
2.393,2.395,2009-01-15 11:00:00.0,Intermediário
2.377,2.379,2009-01-15 11:30:00.0,Intermediário
2.368,2.37,2009-01-15 12:00:00.0,Intermediário
2.371,2.373,2009-01-15 12:30:00.0,Intermediário
2.374,2.376,2009-01-15 13:00:00.0,Intermediário
2.391,2.393,2009-01-15 13:30:00.0,Intermediário
2.391,2.393,2009-01-15 14:00:00.0,Intermediário
2.366,2.368,2009-01-15 14:30:00.0,Intermediário
2.372,2.374,2009-01-15 15:00:00.0,Intermediário
2.377,2.379,2009-01-15 15:30:00.0,Intermediário
2.386,2.388,2009-01-15 16:00:00.0,Intermediário
2.378,2.38,2009-01-15 16:30:00.0,Fechamento Interbancário
2.3795,2.3803,2009-01-15 17:37:00.0,Fechamento
2.324,2.334,2009-01-16 09:24:00.0,Abertura
2.324,2.326,2009-01-16 09:30:00.0,Intermediário
2.319,2.321,2009-01-16 10:00:00.0,Intermediário
2.333,2.335,2009-01-16 10:30:00.0,Intermediário
2.327,2.329,2009-01-16 11:00:00.0,Intermediário
2.326,2.328,2009-01-16 11:31:00.0,Intermediário
2.326,2.328,2009-01-16 12:00:00.0,Intermediário
2.307,2.309,2009-01-16 12:30:00.0,Intermediário
2.318,2.32,2009-01-16 13:00:00.0,Intermediário
2.318,2.32,2009-01-16 13:30:00.0,Intermediário
2.331,2.333,2009-01-16 14:00:00.0,Intermediário
2.331,2.333,2009-01-16 14:30:00.0,Intermediário
2.337,2.339,2009-01-16 15:00:00.0,Intermediário
2.341,2.343,2009-01-16 15:30:00.0,Intermediário
2.341,2.343,2009-01-16 16:00:00.0,Intermediário
2.341,2.343,2009-01-16 16:30:00.0,Fechamento Interbancário
2.324,2.3248,2009-01-16 17:34:00.0,Fechamento
2.32,2.33,2009-01-19 09:19:00.0,Abertura
2.326,2.328,2009-01-19 09:30:00.0,Intermediário
2.321,2.323,2009-01-19 10:00:00.0,Intermediário
2.313,2.315,2009-01-19 10:30:00.0,Intermediário
2.332,2.334,2009-01-19 11:00:00.0,Intermediário
2.328,2.33,2009-01-19 11:30:00.0,Intermediário
2.324,2.326,2009-01-19 12:00:00.0,Intermediário
2.329,2.331,2009-01-19 12:30:00.0,Intermediário
2.33,2.332,2009-01-19 13:00:00.0,Intermediário
2.33,2.332,2009-01-19 13:30:00.0,Intermediário
2.33,2.332,2009-01-19 14:00:00.0,Intermediário
2.334,2.336,2009-01-19 14:30:00.0,Intermediário
2.331,2.333,2009-01-19 15:00:00.0,Intermediário
2.333,2.335,2009-01-19 15:30:00.0,Intermediário
2.327,2.329,2009-01-19 16:00:00.0,Intermediário
2.33,2.332,2009-01-19 16:30:00.0,Fechamento Interbancário
2.3298,2.3306,2009-01-19 17:35:00.0,Fechamento
2.364,2.374,2009-01-20 09:25:00.0,Abertura
2.361,2.363,2009-01-20 09:30:00.0,Intermediário
2.361,2.363,2009-01-20 10:01:00.0,Intermediário
2.348,2.35,2009-01-20 10:30:00.0,Intermediário
2.356,2.358,2009-01-20 11:00:00.0,Intermediário
2.358,2.36,2009-01-20 11:30:00.0,Intermediário
2.353,2.355,2009-01-20 12:00:00.0,Intermediário
2.35,2.352,2009-01-20 12:30:00.0,Intermediário
2.364,2.366,2009-01-20 13:00:00.0,Intermediário
2.357,2.359,2009-01-20 13:30:00.0,Intermediário
2.361,2.363,2009-01-20 14:00:00.0,Intermediário
2.364,2.366,2009-01-20 14:30:00.0,Intermediário
2.36,2.362,2009-01-20 15:00:00.0,Intermediário
2.358,2.36,2009-01-20 15:30:00.0,Intermediário
2.364,2.366,2009-01-20 16:00:00.0,Intermediário
2.37,2.372,2009-01-20 16:30:00.0,Fechamento Interbancário
2.354,2.3548,2009-01-20 17:36:00.0,Fechamento
2.355,2.365,2009-01-21 09:25:00.0,Abertura
2.358,2.36,2009-01-21 09:30:00.0,Intermediário
2.359,2.361,2009-01-21 10:00:00.0,Intermediário
2.36,2.362,2009-01-21 10:30:00.0,Intermediário
2.363,2.365,2009-01-21 11:00:00.0,Intermediário
2.365,2.367,2009-01-21 11:40:00.0,Intermediário
2.354,2.356,2009-01-21 12:00:00.0,Intermediário
2.353,2.355,2009-01-21 12:30:00.0,Intermediário
2.35,2.352,2009-01-21 13:00:00.0,Intermediário
2.352,2.354,2009-01-21 13:30:00.0,Intermediário
2.362,2.364,2009-01-21 14:00:00.0,Intermediário
2.354,2.356,2009-01-21 14:30:00.0,Intermediário
2.356,2.358,2009-01-21 15:00:00.0,Intermediário
2.353,2.355,2009-01-21 15:30:00.0,Intermediário
2.351,2.353,2009-01-21 16:00:00.0,Intermediário
2.35,2.352,2009-01-21 16:30:00.0,Fechamento Interbancário
2.3536,2.3544,2009-01-21 17:37:00.0,Fechamento
2.334,2.344,2009-01-22 09:24:00.0,Abertura
2.323,2.325,2009-01-22 09:30:00.0,Intermediário
2.32,2.322,2009-01-22 10:00:00.0,Intermediário
2.316,2.318,2009-01-22 10:30:00.0,Intermediário
2.324,2.326,2009-01-22 11:00:00.0,Intermediário
2.332,2.334,2009-01-22 11:30:00.0,Intermediário
2.335,2.337,2009-01-22 12:00:00.0,Intermediário
2.344,2.346,2009-01-22 12:30:00.0,Intermediário
2.344,2.346,2009-01-22 13:00:00.0,Intermediário
2.348,2.35,2009-01-22 13:30:00.0,Intermediário
2.346,2.348,2009-01-22 14:00:00.0,Intermediário
2.337,2.339,2009-01-22 14:30:00.0,Intermediário
2.35,2.352,2009-01-22 15:00:00.0,Intermediário
2.345,2.347,2009-01-22 15:30:00.0,Intermediário
2.329,2.331,2009-01-22 16:00:00.0,Intermediário
2.329,2.331,2009-01-22 16:30:00.0,Fechamento Interbancário
2.3291,2.3299,2009-01-22 17:40:00.0,Fechamento
2.345,2.355,2009-01-23 09:22:00.0,Abertura
2.35,2.352,2009-01-23 09:30:00.0,Intermediário
2.348,2.35,2009-01-23 10:01:00.0,Intermediário
2.341,2.343,2009-01-23 10:30:00.0,Intermediário
2.349,2.351,2009-01-23 11:00:00.0,Intermediário
2.363,2.365,2009-01-23 11:30:00.0,Intermediário
2.36,2.362,2009-01-23 12:00:00.0,Intermediário
2.353,2.355,2009-01-23 12:30:00.0,Intermediário
2.346,2.348,2009-01-23 13:00:00.0,Intermediário
2.346,2.348,2009-01-23 13:30:00.0,Intermediário
2.348,2.35,2009-01-23 14:00:00.0,Intermediário
2.345,2.347,2009-01-23 14:30:00.0,Intermediário
2.344,2.346,2009-01-23 15:00:00.0,Intermediário
2.336,2.338,2009-01-23 15:30:00.0,Intermediário
2.346,2.348,2009-01-23 16:00:00.0,Intermediário
2.339,2.341,2009-01-23 16:30:00.0,Fechamento Interbancário
2.356,2.3568,2009-01-23 17:37:00.0,Fechamento
2.31,2.32,2009-01-26 09:20:00.0,Abertura
2.31,2.312,2009-01-26 09:45:00.0,Intermediário
2.308,2.31,2009-01-26 10:00:00.0,Intermediário
2.305,2.307,2009-01-26 10:30:00.0,Intermediário
2.311,2.313,2009-01-26 11:13:00.0,Intermediário
2.313,2.315,2009-01-26 11:42:00.0,Intermediário
2.307,2.309,2009-01-26 12:00:00.0,Intermediário
2.307,2.309,2009-01-26 12:30:00.0,Intermediário
2.306,2.308,2009-01-26 13:00:00.0,Intermediário
2.306,2.308,2009-01-26 13:30:00.0,Intermediário
2.303,2.305,2009-01-26 14:00:00.0,Intermediário
2.309,2.311,2009-01-26 14:30:00.0,Intermediário
2.311,2.313,2009-01-26 15:00:00.0,Intermediário
2.309,2.311,2009-01-26 15:30:00.0,Intermediário
2.308,2.31,2009-01-26 16:00:00.0,Intermediário
2.308,2.31,2009-01-26 16:30:00.0,Fechamento Interbancário
2.3141,2.3149,2009-01-26 17:57:00.0,Fechamento
2.303,2.313,2009-01-27 09:20:00.0,Abertura
2.308,2.31,2009-01-27 09:40:00.0,Intermediário
2.305,2.307,2009-01-27 10:00:00.0,Intermediário
2.314,2.316,2009-01-27 10:30:00.0,Intermediário
2.313,2.315,2009-01-27 11:00:00.0,Intermediário
2.308,2.31,2009-01-27 11:30:00.0,Intermediário
2.309,2.311,2009-01-27 12:00:00.0,Intermediário
2.313,2.315,2009-01-27 12:30:00.0,Intermediário
2.312,2.314,2009-01-27 13:00:00.0,Intermediário
2.317,2.319,2009-01-27 13:30:00.0,Intermediário
2.316,2.318,2009-01-27 14:00:00.0,Intermediário
2.315,2.317,2009-01-27 14:30:00.0,Intermediário
2.316,2.318,2009-01-27 15:00:00.0,Intermediário
2.313,2.315,2009-01-27 15:30:00.0,Intermediário
2.328,2.33,2009-01-27 16:00:00.0,Intermediário
2.328,2.33,2009-01-27 16:30:00.0,Fechamento Interbancário
2.3101,2.3109,2009-01-27 17:36:00.0,Fechamento
2.318,2.328,2009-01-28 09:22:00.0,Abertura
2.316,2.318,2009-01-28 09:30:00.0,Intermediário
2.318,2.32,2009-01-28 10:00:00.0,Intermediário
2.307,2.309,2009-01-28 10:30:00.0,Intermediário
2.29,2.292,2009-01-28 11:00:00.0,Intermediário
2.292,2.294,2009-01-28 11:30:00.0,Intermediário
2.297,2.299,2009-01-28 12:00:00.0,Intermediário
2.298,2.3,2009-01-28 12:30:00.0,Intermediário
2.303,2.305,2009-01-28 13:00:00.0,Intermediário
2.295,2.297,2009-01-28 13:30:00.0,Intermediário
2.29,2.292,2009-01-28 14:00:00.0,Intermediário
2.29,2.292,2009-01-28 14:30:00.0,Intermediário
2.288,2.29,2009-01-28 15:00:00.0,Intermediário
2.283,2.285,2009-01-28 15:30:00.0,Intermediário
2.274,2.276,2009-01-28 16:00:00.0,Intermediário
2.273,2.275,2009-01-28 16:30:00.0,Fechamento Interbancário
2.2974,2.2982,2009-01-28 17:35:00.0,Fechamento
2.271,2.281,2009-01-29 09:22:00.0,Abertura
2.272,2.274,2009-01-29 09:30:00.0,Intermediário
2.253,2.255,2009-01-29 10:00:00.0,Intermediário
2.267,2.269,2009-01-29 10:30:00.0,Intermediário
2.265,2.267,2009-01-29 11:00:00.0,Intermediário
2.274,2.276,2009-01-29 11:30:00.0,Intermediário
2.281,2.283,2009-01-29 12:00:00.0,Intermediário
2.285,2.287,2009-01-29 12:30:00.0,Intermediário
2.284,2.286,2009-01-29 13:00:00.0,Intermediário
2.288,2.29,2009-01-29 13:30:00.0,Intermediário
2.288,2.29,2009-01-29 14:00:00.0,Intermediário
2.282,2.284,2009-01-29 14:30:00.0,Intermediário
2.291,2.293,2009-01-29 15:00:00.0,Intermediário
2.29,2.292,2009-01-29 15:30:00.0,Intermediário
2.294,2.296,2009-01-29 16:00:00.0,Intermediário
2.292,2.294,2009-01-29 16:30:00.0,Fechamento Interbancário
2.2753,2.2761,2009-01-29 18:03:00.0,Fechamento
2.295,2.305,2009-01-30 09:25:00.0,Abertura
2.303,2.305,2009-01-30 09:30:00.0,Intermediário
2.32,2.322,2009-01-30 10:00:00.0,Intermediário
2.308,2.31,2009-01-30 10:30:00.0,Intermediário
2.313,2.315,2009-01-30 11:00:00.0,Intermediário
2.305,2.307,2009-01-30 11:30:00.0,Intermediário
2.303,2.305,2009-01-30 12:00:00.0,Intermediário
2.302,2.304,2009-01-30 12:30:00.0,Intermediário
2.313,2.315,2009-01-30 13:00:00.0,Intermediário
2.313,2.315,2009-01-30 13:30:00.0,Intermediário
2.321,2.323,2009-01-30 14:00:00.0,Intermediário
2.324,2.326,2009-01-30 14:30:00.0,Intermediário
2.313,2.315,2009-01-30 15:00:00.0,Intermediário
2.314,2.316,2009-01-30 15:30:00.0,Intermediário
2.308,2.31,2009-01-30 16:00:00.0,Intermediário
2.316,2.318,2009-01-30 16:30:00.0,Fechamento Interbancário
2.3154,2.3162,2009-01-30 17:36:00.0,Fechamento
2.341,2.351,2009-02-02 09:23:00.0,Abertura
2.348,2.35,2009-02-02 09:30:00.0,Intermediário
2.346,2.348,2009-02-02 10:00:00.0,Intermediário
2.366,2.368,2009-02-02 10:30:00.0,Intermediário
2.359,2.361,2009-02-02 11:00:00.0,Intermediário
2.355,2.357,2009-02-02 11:30:00.0,Intermediário
2.363,2.365,2009-02-02 12:00:00.0,Intermediário
2.36,2.362,2009-02-02 12:30:00.0,Intermediário
2.352,2.354,2009-02-02 13:00:00.0,Intermediário
2.35,2.352,2009-02-02 13:30:00.0,Intermediário
2.341,2.343,2009-02-02 14:00:00.0,Intermediário
2.341,2.343,2009-02-02 14:30:00.0,Intermediário
2.327,2.329,2009-02-02 15:00:00.0,Intermediário
2.325,2.327,2009-02-02 15:30:00.0,Intermediário
2.321,2.323,2009-02-02 16:00:00.0,Intermediário
2.322,2.324,2009-02-02 16:30:00.0,Fechamento Interbancário
2.3467,2.3475,2009-02-02 17:41:00.0,Fechamento
2.307,2.317,2009-02-03 09:24:00.0,Abertura
2.308,2.31,2009-02-03 09:30:00.0,Intermediário
2.311,2.313,2009-02-03 10:00:00.0,Intermediário
2.314,2.316,2009-02-03 10:30:00.0,Intermediário
2.326,2.328,2009-02-03 11:00:00.0,Intermediário
2.324,2.326,2009-02-03 11:30:00.0,Intermediário
2.324,2.326,2009-02-03 12:00:00.0,Intermediário
2.32,2.322,2009-02-03 12:30:00.0,Intermediário
2.318,2.32,2009-02-03 13:00:00.0,Intermediário
2.318,2.32,2009-02-03 13:30:00.0,Intermediário
2.311,2.313,2009-02-03 14:00:00.0,Intermediário
2.312,2.314,2009-02-03 14:30:00.0,Intermediário
2.313,2.315,2009-02-03 15:00:00.0,Intermediário
2.321,2.323,2009-02-03 15:30:00.0,Intermediário
2.321,2.322,2009-02-03 16:00:00.0,Intermediário
2.319,2.321,2009-02-03 16:30:00.0,Fechamento Interbancário
2.3136,2.3144,2009-02-03 17:38:00.0,Fechamento
2.3,2.31,2009-02-04 09:14:00.0,Abertura
2.305,2.307,2009-02-04 09:30:00.0,Intermediário
2.313,2.315,2009-02-04 10:00:00.0,Intermediário
2.316,2.318,2009-02-04 10:30:00.0,Intermediário
2.31,2.312,2009-02-04 11:00:00.0,Intermediário
2.308,2.31,2009-02-04 11:30:00.0,Intermediário
2.301,2.303,2009-02-04 12:00:00.0,Intermediário
2.297,2.299,2009-02-04 12:30:00.0,Intermediário
2.288,2.29,2009-02-04 13:00:00.0,Intermediário
2.278,2.28,2009-02-04 13:30:00.0,Intermediário
2.278,2.28,2009-02-04 14:00:00.0,Intermediário
2.286,2.288,2009-02-04 14:30:00.0,Intermediário
2.291,2.293,2009-02-04 15:00:00.0,Intermediário
2.292,2.294,2009-02-04 15:30:00.0,Intermediário
2.305,2.307,2009-02-04 16:00:00.0,Intermediário
2.306,2.308,2009-02-04 16:30:00.0,Fechamento Interbancário
2.2986,2.2994,2009-02-04 17:33:00.0,Fechamento
2.304,2.314,2009-02-05 09:21:00.0,Abertura
2.307,2.309,2009-02-05 09:30:00.0,Intermediário
2.309,2.311,2009-02-05 10:00:00.0,Intermediário
2.301,2.307,2009-02-05 10:30:00.0,Intermediário
2.306,2.308,2009-02-05 11:00:00.0,Intermediário
2.303,2.305,2009-02-05 11:30:00.0,Intermediário
2.313,2.315,2009-02-05 12:00:00.0,Intermediário
2.315,2.317,2009-02-05 12:30:00.0,Intermediário
2.317,2.32,2009-02-05 13:00:00.0,Intermediário
2.317,2.32,2009-02-05 13:30:00.0,Intermediário
2.301,2.303,2009-02-05 14:00:00.0,Intermediário
2.303,2.305,2009-02-05 14:30:00.0,Intermediário
2.296,2.298,2009-02-05 15:00:00.0,Intermediário
2.293,2.295,2009-02-05 15:30:00.0,Intermediário
2.288,2.29,2009-02-05 16:00:00.0,Intermediário
2.286,2.288,2009-02-05 16:30:00.0,Fechamento Interbancário
2.3057,2.3065,2009-02-05 17:32:00.0,Fechamento
2.26,2.27,2009-02-06 09:16:00.0,Abertura
2.262,2.264,2009-02-06 09:30:00.0,Intermediário
2.268,2.27,2009-02-06 10:00:00.0,Intermediário
2.289,2.291,2009-02-06 10:30:00.0,Intermediário
2.286,2.288,2009-02-06 11:00:00.0,Intermediário
2.281,2.283,2009-02-06 11:30:00.0,Intermediário
2.272,2.274,2009-02-06 12:00:00.0,Intermediário
2.277,2.279,2009-02-06 12:30:00.0,Intermediário
2.263,2.265,2009-02-06 13:00:00.0,Intermediário
2.263,2.265,2009-02-06 13:30:00.0,Intermediário
2.258,2.26,2009-02-06 14:00:00.0,Intermediário
2.26,2.262,2009-02-06 14:30:00.0,Intermediário
2.261,2.263,2009-02-06 15:00:00.0,Intermediário
2.264,2.266,2009-02-06 15:30:00.0,Intermediário
2.252,2.254,2009-02-06 16:00:00.0,Intermediário
2.252,2.254,2009-02-06 16:30:00.0,Fechamento Interbancário
2.265,2.2658,2009-02-06 17:34:00.0,Fechamento
2.24,2.25,2009-02-09 09:26:00.0,Abertura
2.235,2.237,2009-02-09 09:47:00.0,Intermediário
2.244,2.246,2009-02-09 10:05:00.0,Intermediário
2.242,2.244,2009-02-09 10:42:00.0,Intermediário
2.246,2.248,2009-02-09 11:00:00.0,Intermediário
2.241,2.243,2009-02-09 11:30:00.0,Intermediário
2.244,2.246,2009-02-09 12:00:00.0,Intermediário
2.24,2.242,2009-02-09 12:30:00.0,Intermediário
2.232,2.234,2009-02-09 13:00:00.0,Intermediário
2.242,2.244,2009-02-09 13:30:00.0,Intermediário
2.234,2.236,2009-02-09 14:00:00.0,Intermediário
2.236,2.238,2009-02-09 14:30:00.0,Intermediário
2.237,2.239,2009-02-09 15:00:00.0,Intermediário
2.236,2.238,2009-02-09 15:30:00.0,Intermediário
2.235,2.237,2009-02-09 16:00:00.0,Intermediário
2.235,2.237,2009-02-09 16:30:00.0,Fechamento Interbancário
2.2438,2.2446,2009-02-09 17:37:00.0,Fechamento
2.257,2.267,2009-02-10 09:19:00.0,Abertura
2.261,2.263,2009-02-10 09:30:00.0,Intermediário
2.26,2.262,2009-02-10 10:00:00.0,Intermediário
2.252,2.254,2009-02-10 10:30:00.0,Intermediário
2.253,2.255,2009-02-10 11:00:00.0,Intermediário
2.25,2.252,2009-02-10 11:30:00.0,Intermediário
2.249,2.251,2009-02-10 12:00:00.0,Intermediário
2.25,2.252,2009-02-10 12:30:00.0,Intermediário
2.246,2.248,2009-02-10 13:00:00.0,Intermediário
2.248,2.25,2009-02-10 13:30:00.0,Intermediário
2.245,2.247,2009-02-10 14:00:00.0,Intermediário
2.245,2.247,2009-02-10 14:30:00.0,Intermediário
2.267,2.269,2009-02-10 15:00:00.0,Intermediário
2.271,2.273,2009-02-10 15:30:00.0,Intermediário
2.273,2.275,2009-02-10 16:00:00.0,Intermediário
2.282,2.284,2009-02-10 16:30:00.0,Fechamento Interbancário
2.252,2.2528,2009-02-10 17:34:00.0,Fechamento
2.293,2.303,2009-02-11 09:21:00.0,Abertura
2.296,2.298,2009-02-11 09:30:00.0,Intermediário
2.287,2.289,2009-02-11 10:00:00.0,Intermediário
2.289,2.291,2009-02-11 10:30:00.0,Intermediário
2.296,2.298,2009-02-11 11:00:00.0,Intermediário
2.294,2.296,2009-02-11 11:30:00.0,Intermediário
2.277,2.279,2009-02-11 12:00:00.0,Intermediário
2.275,2.277,2009-02-11 12:30:00.0,Intermediário
2.266,2.268,2009-02-11 13:00:00.0,Intermediário
2.268,2.27,2009-02-11 13:30:00.0,Intermediário
2.268,2.27,2009-02-11 14:00:00.0,Intermediário
2.266,2.268,2009-02-11 14:30:00.0,Intermediário
2.264,2.266,2009-02-11 15:00:00.0,Intermediário
2.277,2.279,2009-02-11 15:30:00.0,Intermediário
2.283,2.285,2009-02-11 16:00:00.0,Intermediário
2.288,2.29,2009-02-11 16:30:00.0,Fechamento Interbancário
2.2862,2.287,2009-02-11 17:36:00.0,Fechamento
2.274,2.284,2009-02-12 09:22:00.0,Abertura
2.278,2.28,2009-02-12 09:30:00.0,Intermediário
2.29,2.292,2009-02-12 10:00:00.0,Intermediário
2.29,2.292,2009-02-12 10:30:00.0,Intermediário
2.296,2.298,2009-02-12 11:00:00.0,Intermediário
2.289,2.291,2009-02-12 11:30:00.0,Intermediário
2.285,2.287,2009-02-12 12:01:00.0,Intermediário
2.294,2.296,2009-02-12 12:30:00.0,Intermediário
2.297,2.299,2009-02-12 13:00:00.0,Intermediário
2.291,2.293,2009-02-12 13:30:00.0,Intermediário
2.286,2.288,2009-02-12 14:00:00.0,Intermediário
2.291,2.293,2009-02-12 14:30:00.0,Intermediário
2.293,2.295,2009-02-12 15:00:00.0,Intermediário
2.283,2.285,2009-02-12 15:30:00.0,Intermediário
2.286,2.288,2009-02-12 16:00:00.0,Intermediário
2.286,2.288,2009-02-12 16:30:00.0,Fechamento Interbancário
2.2901,2.2909,2009-02-12 17:39:00.0,Fechamento
2.275,2.285,2009-02-13 09:20:00.0,Abertura
2.28,2.282,2009-02-13 09:30:00.0,Intermediário
2.271,2.273,2009-02-13 10:00:00.0,Intermediário
2.273,2.275,2009-02-13 10:30:00.0,Intermediário
2.274,2.276,2009-02-13 11:00:00.0,Intermediário
2.277,2.279,2009-02-13 11:30:00.0,Intermediário
2.276,2.278,2009-02-13 12:00:00.0,Intermediário
2.277,2.279,2009-02-13 12:30:00.0,Intermediário
2.275,2.277,2009-02-13 13:00:00.0,Intermediário
2.282,2.284,2009-02-13 13:30:00.0,Intermediário
2.275,2.277,2009-02-13 14:00:00.0,Intermediário
2.275,2.277,2009-02-13 14:30:00.0,Intermediário
2.275,2.277,2009-02-13 15:00:00.0,Intermediário
2.267,2.269,2009-02-13 15:30:00.0,Intermediário
2.265,2.267,2009-02-13 16:00:00.0,Intermediário
2.262,2.264,2009-02-13 16:30:00.0,Fechamento Interbancário
2.2672,2.268,2009-02-13 17:42:00.0,Fechamento
2.259,2.269,2009-02-16 09:22:00.0,Abertura
2.266,2.268,2009-02-16 09:30:00.0,Intermediário
2.266,2.268,2009-02-16 10:00:00.0,Intermediário
2.267,2.269,2009-02-16 10:30:00.0,Intermediário
2.266,2.268,2009-02-16 11:00:00.0,Intermediário
2.267,2.269,2009-02-16 11:30:00.0,Intermediário
2.268,2.27,2009-02-16 12:00:00.0,Intermediário
2.268,2.27,2009-02-16 12:30:00.0,Intermediário
2.268,2.27,2009-02-16 13:00:00.0,Intermediário
2.268,2.27,2009-02-16 13:30:00.0,Intermediário
2.268,2.27,2009-02-16 14:00:00.0,Intermediário
2.268,2.27,2009-02-16 14:30:00.0,Intermediário
2.273,2.275,2009-02-16 15:00:00.0,Intermediário
2.273,2.275,2009-02-16 15:30:00.0,Intermediário
2.278,2.28,2009-02-16 16:00:00.0,Intermediário
2.277,2.279,2009-02-16 16:30:00.0,Fechamento Interbancário
2.2711,2.2719,2009-02-16 17:36:00.0,Fechamento
2.295,2.305,2009-02-17 09:11:00.0,Abertura
2.305,2.307,2009-02-17 09:30:00.0,Intermediário
2.3,2.302,2009-02-17 10:00:00.0,Intermediário
2.301,2.303,2009-02-17 10:30:00.0,Intermediário
2.304,2.306,2009-02-17 11:00:00.0,Intermediário
2.297,2.299,2009-02-17 11:30:00.0,Intermediário
2.312,2.314,2009-02-17 12:00:00.0,Intermediário
2.312,2.314,2009-02-17 12:30:00.0,Intermediário
2.308,2.31,2009-02-17 13:00:00.0,Intermediário
2.313,2.315,2009-02-17 13:30:00.0,Intermediário
2.318,2.32,2009-02-17 14:00:00.0,Intermediário
2.319,2.321,2009-02-17 14:30:00.0,Intermediário
2.316,2.318,2009-02-17 15:00:00.0,Intermediário
2.321,2.323,2009-02-17 15:30:00.0,Intermediário
2.323,2.325,2009-02-17 16:00:00.0,Intermediário
2.326,2.328,2009-02-17 16:30:00.0,Fechamento Interbancário
2.3123,2.3131,2009-02-17 17:39:00.0,Fechamento
2.323,2.333,2009-02-18 09:23:00.0,Abertura
2.328,2.33,2009-02-18 09:30:00.0,Intermediário
2.329,2.331,2009-02-18 10:00:00.0,Intermediário
2.329,2.331,2009-02-18 10:30:00.0,Intermediário
2.33,2.332,2009-02-18 11:00:00.0,Intermediário
2.323,2.325,2009-02-18 11:30:00.0,Intermediário
2.34,2.342,2009-02-18 12:00:00.0,Intermediário
2.35,2.352,2009-02-18 12:30:00.0,Intermediário
2.353,2.355,2009-02-18 13:00:00.0,Intermediário
2.353,2.355,2009-02-18 13:30:00.0,Intermediário
2.356,2.358,2009-02-18 14:00:00.0,Intermediário
2.352,2.354,2009-02-18 14:30:00.0,Intermediário
2.348,2.35,2009-02-18 15:00:00.0,Intermediário
2.345,2.347,2009-02-18 15:30:00.0,Intermediário
2.357,2.359,2009-02-18 16:00:00.0,Intermediário
2.35,2.352,2009-02-18 16:30:00.0,Fechamento Interbancário
2.3388,2.3396,2009-02-18 17:37:00.0,Fechamento
2.325,2.335,2009-02-19 09:14:00.0,Abertura
2.329,2.331,2009-02-19 09:30:00.0,Intermediário
2.319,2.321,2009-02-19 10:00:00.0,Intermediário
2.326,2.328,2009-02-19 10:30:00.0,Intermediário
2.32,2.322,2009-02-19 11:00:00.0,Intermediário
2.328,2.33,2009-02-19 12:20:00.0,Intermediário
2.322,2.324,2009-02-19 12:26:00.0,Intermediário
2.33,2.332,2009-02-19 12:30:00.0,Intermediário
2.334,2.336,2009-02-19 13:00:00.0,Intermediário
2.334,2.336,2009-02-19 13:30:00.0,Intermediário
2.352,2.354,2009-02-19 14:00:00.0,Intermediário
2.356,2.358,2009-02-19 14:30:00.0,Intermediário
2.351,2.353,2009-02-19 15:00:00.0,Intermediário
2.341,2.343,2009-02-19 15:30:00.0,Intermediário
2.353,2.355,2009-02-19 16:00:00.0,Intermediário
2.35,2.352,2009-02-19 16:30:00.0,Fechamento Interbancário
2.3241,2.3249,2009-02-19 17:37:00.0,Fechamento
2.381,2.391,2009-02-20 09:22:00.0,Abertura
2.383,2.385,2009-02-20 09:30:00.0,Intermediário
2.382,2.384,2009-02-20 10:00:00.0,Intermediário
2.371,2.373,2009-02-20 10:30:00.0,Intermediário
2.384,2.386,2009-02-20 11:00:00.0,Intermediário
2.384,2.386,2009-02-20 11:30:00.0,Intermediário
2.386,2.388,2009-02-20 12:00:00.0,Intermediário
2.386,2.388,2009-02-20 12:30:00.0,Intermediário
2.388,2.39,2009-02-20 13:00:00.0,Intermediário
2.388,2.39,2009-02-20 13:30:00.0,Intermediário
2.39,2.392,2009-02-20 14:00:00.0,Intermediário
2.385,2.387,2009-02-20 14:30:00.0,Intermediário
2.394,2.396,2009-02-20 15:00:00.0,Intermediário
2.392,2.394,2009-02-20 15:30:00.0,Intermediário
2.391,2.393,2009-02-20 16:00:00.0,Intermediário
2.39,2.392,2009-02-20 16:30:00.0,Fechamento Interbancário
2.3908,2.3916,2009-02-20 17:34:00.0,Fechamento
2.39,2.4,2009-02-25 12:23:00.0,Abertura
2.398,2.4,2009-02-25 12:30:00.0,Intermediário
2.398,2.4,2009-02-25 13:00:00.0,Intermediário
2.392,2.394,2009-02-25 13:30:00.0,Intermediário
2.388,2.39,2009-02-25 14:00:00.0,Intermediário
2.39,2.392,2009-02-25 14:30:00.0,Intermediário
2.389,2.391,2009-02-25 15:00:00.0,Intermediário
2.381,2.383,2009-02-25 15:30:00.0,Intermediário
2.371,2.373,2009-02-25 16:00:00.0,Intermediário
2.373,2.375,2009-02-25 16:30:00.0,Fechamento Interbancário
2.3806,2.3814,2009-02-25 17:47:00.0,Fechamento
2.349,2.359,2009-02-26 09:26:00.0,Abertura
2.355,2.357,2009-02-26 09:30:00.0,Intermediário
2.354,2.356,2009-02-26 10:00:00.0,Intermediário
2.353,2.355,2009-02-26 10:30:00.0,Intermediário
2.347,2.349,2009-02-26 11:00:00.0,Intermediário
2.35,2.352,2009-02-26 11:30:00.0,Intermediário
2.353,2.355,2009-02-26 12:00:00.0,Intermediário
2.35,2.352,2009-02-26 12:30:00.0,Intermediário
2.346,2.348,2009-02-26 13:00:00.0,Intermediário
2.346,2.348,2009-02-26 13:30:00.0,Intermediário
2.346,2.348,2009-02-26 14:00:00.0,Intermediário
2.346,2.348,2009-02-26 14:30:00.0,Intermediário
2.344,2.346,2009-02-26 15:00:00.0,Intermediário
2.346,2.348,2009-02-26 15:30:00.0,Intermediário
2.346,2.348,2009-02-26 16:00:00.0,Intermediário
2.344,2.346,2009-02-26 16:30:00.0,Fechamento Interbancário
2.3495,2.3503,2009-02-26 17:38:00.0,Fechamento
2.356,2.366,2009-02-27 09:21:00.0,Abertura
2.359,2.361,2009-02-27 09:30:00.0,Intermediário
2.383,2.385,2009-02-27 10:00:00.0,Intermediário
2.379,2.381,2009-02-27 10:30:00.0,Intermediário
2.384,2.386,2009-02-27 11:00:00.0,Intermediário
2.38,2.382,2009-02-27 11:30:00.0,Intermediário
2.374,2.376,2009-02-27 12:00:00.0,Intermediário
2.376,2.378,2009-02-27 12:30:00.0,Intermediário
2.376,2.378,2009-02-27 13:00:00.0,Intermediário
2.378,2.38,2009-02-27 13:30:00.0,Intermediário
2.373,2.375,2009-02-27 14:00:00.0,Intermediário
2.373,2.375,2009-02-27 14:30:00.0,Intermediário
2.369,2.371,2009-02-27 15:00:00.0,Intermediário
2.367,2.369,2009-02-27 15:30:00.0,Intermediário
2.369,2.371,2009-02-27 16:00:00.0,Intermediário
2.368,2.37,2009-02-27 16:30:00.0,Fechamento Interbancário
2.3776,2.3784,2009-02-27 17:34:00.0,Fechamento
2.41,2.42,2009-03-02 09:23:00.0,Abertura
2.418,2.42,2009-03-02 09:30:00.0,Intermediário
2.419,2.421,2009-03-02 10:00:00.0,Intermediário
2.409,2.411,2009-03-02 10:30:00.0,Intermediário
2.401,2.403,2009-03-02 11:00:00.0,Intermediário
2.407,2.409,2009-03-02 11:30:00.0,Intermediário
2.409,2.411,2009-03-02 12:00:00.0,Intermediário
2.417,2.419,2009-03-02 12:30:00.0,Intermediário
2.423,2.425,2009-03-02 13:00:00.0,Intermediário
2.423,2.425,2009-03-02 13:30:00.0,Intermediário
2.429,2.431,2009-03-02 14:00:00.0,Intermediário
2.43,2.432,2009-03-02 14:30:00.0,Intermediário
2.434,2.436,2009-03-02 15:00:00.0,Intermediário
2.445,2.447,2009-03-02 15:30:00.0,Intermediário
2.434,2.436,2009-03-02 16:00:00.0,Intermediário
2.44,2.442,2009-03-02 16:30:00.0,Fechamento Interbancário
2.4113,2.4121,2009-03-02 17:39:00.0,Fechamento
2.422,2.432,2009-03-03 09:27:00.0,Abertura
2.427,2.429,2009-03-03 09:30:00.0,Intermediário
2.418,2.42,2009-03-03 10:00:00.0,Intermediário
2.413,2.415,2009-03-03 10:30:00.0,Intermediário
2.415,2.417,2009-03-03 11:00:00.0,Intermediário
2.414,2.416,2009-03-03 11:30:00.0,Intermediário
2.424,2.426,2009-03-03 12:00:00.0,Intermediário
2.43,2.432,2009-03-03 12:30:00.0,Intermediário
2.438,2.44,2009-03-03 13:00:00.0,Intermediário
2.438,2.44,2009-03-03 13:30:00.0,Intermediário
2.441,2.443,2009-03-03 14:00:00.0,Intermediário
2.433,2.435,2009-03-03 14:30:00.0,Intermediário
2.432,2.434,2009-03-03 15:00:00.0,Intermediário
2.433,2.435,2009-03-03 15:30:00.0,Intermediário
2.417,2.419,2009-03-03 16:00:00.0,Intermediário
2.409,2.411,2009-03-03 16:30:00.0,Fechamento Interbancário
2.421,2.4218,2009-03-03 17:37:00.0,Fechamento
2.393,2.403,2009-03-04 09:24:00.0,Abertura
2.403,2.405,2009-03-04 09:30:00.0,Intermediário
2.402,2.404,2009-03-04 10:00:00.0,Intermediário
2.407,2.409,2009-03-04 10:30:00.0,Intermediário
2.392,2.394,2009-03-04 11:00:00.0,Intermediário
2.398,2.4,2009-03-04 11:30:00.0,Intermediário
2.399,2.401,2009-03-04 12:00:00.0,Intermediário
2.399,2.401,2009-03-04 12:30:00.0,Intermediário
2.387,2.389,2009-03-04 13:00:00.0,Intermediário
2.387,2.389,2009-03-04 13:30:00.0,Intermediário
2.374,2.376,2009-03-04 14:00:00.0,Intermediário
2.377,2.379,2009-03-04 14:30:00.0,Intermediário
2.376,2.378,2009-03-04 15:00:00.0,Intermediário
2.378,2.38,2009-03-04 15:30:00.0,Intermediário
2.368,2.37,2009-03-04 16:00:00.0,Intermediário
2.368,2.37,2009-03-04 16:30:00.0,Fechamento Interbancário
2.3909,2.3917,2009-03-04 17:40:00.0,Fechamento
2.385,2.395,2009-03-05 09:24:00.0,Abertura
2.388,2.39,2009-03-05 09:30:00.0,Intermediário
2.39,2.392,2009-03-05 10:00:00.0,Intermediário
2.386,2.388,2009-03-05 10:30:00.0,Intermediário
2.39,2.392,2009-03-05 11:00:00.0,Intermediário
2.39,2.392,2009-03-05 11:30:00.0,Intermediário
2.381,2.383,2009-03-05 12:00:00.0,Intermediário
2.383,2.385,2009-03-05 12:30:00.0,Intermediário
2.373,2.375,2009-03-05 13:00:00.0,Intermediário
2.388,2.39,2009-03-05 13:30:00.0,Intermediário
2.388,2.39,2009-03-05 14:00:00.0,Intermediário
2.386,2.388,2009-03-05 14:30:00.0,Intermediário
2.383,2.385,2009-03-05 15:00:00.0,Intermediário
2.376,2.378,2009-03-05 15:30:00.0,Intermediário
2.376,2.378,2009-03-05 16:00:00.0,Intermediário
2.38,2.382,2009-03-05 16:30:00.0,Fechamento Interbancário
2.3814,2.3822,2009-03-05 17:42:00.0,Fechamento
2.385,2.395,2009-03-06 09:20:00.0,Abertura
2.388,2.39,2009-03-06 09:30:00.0,Intermediário
2.386,2.388,2009-03-06 10:00:00.0,Intermediário
2.389,2.391,2009-03-06 10:30:00.0,Intermediário
2.373,2.375,2009-03-06 11:00:00.0,Intermediário
2.372,2.374,2009-03-06 11:30:00.0,Intermediário
2.367,2.369,2009-03-06 12:00:00.0,Intermediário
2.372,2.374,2009-03-06 12:30:00.0,Intermediário
2.373,2.375,2009-03-06 13:00:00.0,Intermediário
2.373,2.375,2009-03-06 13:30:00.0,Intermediário
2.372,2.374,2009-03-06 14:00:00.0,Intermediário
2.37,2.372,2009-03-06 14:30:00.0,Intermediário
2.376,2.378,2009-03-06 15:00:00.0,Intermediário
2.378,2.379,2009-03-06 15:30:00.0,Intermediário
2.378,2.38,2009-03-06 16:00:00.0,Intermediário
2.373,2.375,2009-03-06 16:30:00.0,Fechamento Interbancário
2.376,2.3768,2009-03-06 17:34:00.0,Fechamento
2.371,2.381,2009-03-09 09:27:00.0,Abertura
2.376,2.378,2009-03-09 09:30:00.0,Intermediário
2.383,2.385,2009-03-09 10:00:00.0,Intermediário
2.389,2.391,2009-03-09 10:30:00.0,Intermediário
2.379,2.381,2009-03-09 11:00:00.0,Intermediário
2.373,2.375,2009-03-09 11:30:00.0,Intermediário
2.374,2.376,2009-03-09 12:00:00.0,Intermediário
2.366,2.368,2009-03-09 12:30:00.0,Intermediário
2.366,2.368,2009-03-09 13:00:00.0,Intermediário
2.366,2.368,2009-03-09 13:30:00.0,Intermediário
2.368,2.37,2009-03-09 14:00:00.0,Intermediário
2.373,2.375,2009-03-09 14:30:00.0,Intermediário
2.37,2.372,2009-03-09 15:00:00.0,Intermediário
2.37,2.372,2009-03-09 15:30:00.0,Intermediário
2.374,2.376,2009-03-09 16:00:00.0,Intermediário
2.378,2.38,2009-03-09 16:30:00.0,Fechamento Interbancário
2.3773,2.3781,2009-03-09 17:34:00.0,Fechamento
2.355,2.365,2009-03-10 09:18:00.0,Abertura
2.354,2.356,2009-03-10 09:30:00.0,Intermediário
2.359,2.361,2009-03-10 10:00:00.0,Intermediário
2.354,2.356,2009-03-10 10:30:00.0,Intermediário
2.355,2.357,2009-03-10 11:00:00.0,Intermediário
2.348,2.35,2009-03-10 11:30:00.0,Intermediário
2.349,2.351,2009-03-10 12:00:00.0,Intermediário
2.348,2.35,2009-03-10 12:30:00.0,Intermediário
2.347,2.349,2009-03-10 13:00:00.0,Intermediário
2.347,2.349,2009-03-10 13:30:00.0,Intermediário
2.344,2.346,2009-03-10 14:00:00.0,Intermediário
2.346,2.348,2009-03-10 14:30:00.0,Intermediário
2.343,2.345,2009-03-10 15:00:00.0,Intermediário
2.344,2.346,2009-03-10 15:30:00.0,Intermediário
2.345,2.347,2009-03-10 16:00:00.0,Intermediário
2.347,2.349,2009-03-10 16:30:00.0,Fechamento Interbancário
2.3507,2.3515,2009-03-10 17:43:00.0,Fechamento
2.312,2.322,2009-03-11 09:25:00.0,Abertura
2.315,2.317,2009-03-11 09:30:00.0,Intermediário
2.322,2.324,2009-03-11 10:00:00.0,Intermediário
2.325,2.327,2009-03-11 10:30:00.0,Intermediário
2.326,2.328,2009-03-11 11:00:00.0,Intermediário
2.331,2.333,2009-03-11 11:30:00.0,Intermediário
2.331,2.333,2009-03-11 12:00:00.0,Intermediário
2.333,2.335,2009-03-11 12:30:00.0,Intermediário
2.335,2.337,2009-03-11 13:00:00.0,Intermediário
2.335,2.337,2009-03-11 13:30:00.0,Intermediário
2.337,2.339,2009-03-11 14:00:00.0,Intermediário
2.338,2.34,2009-03-11 14:30:00.0,Intermediário
2.337,2.339,2009-03-11 15:00:00.0,Intermediário
2.349,2.351,2009-03-11 15:30:00.0,Intermediário
2.349,2.351,2009-03-11 16:00:00.0,Intermediário
2.349,2.351,2009-03-11 16:30:00.0,Fechamento Interbancário
2.3358,2.3366,2009-03-11 17:47:00.0,Fechamento
2.339,2.349,2009-03-12 09:22:00.0,Abertura
2.334,2.336,2009-03-12 09:35:00.0,Intermediário
2.327,2.329,2009-03-12 10:00:00.0,Intermediário
2.329,2.331,2009-03-12 10:30:00.0,Intermediário
2.332,2.334,2009-03-12 11:00:00.0,Intermediário
2.324,2.326,2009-03-12 11:30:00.0,Intermediário
2.324,2.326,2009-03-12 12:00:00.0,Intermediário
2.33,2.332,2009-03-12 12:30:00.0,Intermediário
2.326,2.328,2009-03-12 13:00:00.0,Intermediário
2.326,2.328,2009-03-12 13:30:00.0,Intermediário
2.32,2.322,2009-03-12 14:00:00.0,Intermediário
2.32,2.322,2009-03-12 14:30:00.0,Intermediário
2.313,2.315,2009-03-12 15:00:00.0,Intermediário
2.311,2.313,2009-03-12 15:30:00.0,Intermediário
2.304,2.306,2009-03-12 16:00:00.0,Intermediário
2.299,2.301,2009-03-12 16:30:00.0,Fechamento Interbancário
2.315,2.3158,2009-03-12 17:33:00.0,Fechamento
2.283,2.293,2009-03-13 09:19:00.0,Abertura
2.286,2.288,2009-03-13 09:30:00.0,Intermediário
2.29,2.292,2009-03-13 10:00:00.0,Intermediário
2.295,2.297,2009-03-13 10:30:00.0,Intermediário
2.306,2.308,2009-03-13 11:00:00.0,Intermediário
2.297,2.299,2009-03-13 11:30:00.0,Intermediário
2.302,2.304,2009-03-13 12:00:00.0,Intermediário
2.306,2.308,2009-03-13 12:30:00.0,Intermediário
2.313,2.315,2009-03-13 13:00:00.0,Intermediário
2.312,2.314,2009-03-13 13:30:00.0,Intermediário
2.312,2.314,2009-03-13 14:00:00.0,Intermediário
2.303,2.305,2009-03-13 14:30:00.0,Intermediário
2.298,2.3,2009-03-13 15:00:00.0,Intermediário
2.302,2.304,2009-03-13 15:30:00.0,Intermediário
2.298,2.3,2009-03-13 16:00:00.0,Intermediário
2.298,2.3,2009-03-13 16:30:00.0,Fechamento Interbancário
2.3004,2.3012,2009-03-13 17:38:00.0,Fechamento
2.267,2.277,2009-03-16 09:23:00.0,Abertura
2.272,2.274,2009-03-16 09:30:00.0,Intermediário
2.272,2.274,2009-03-16 10:00:00.0,Intermediário
2.279,2.281,2009-03-16 10:30:00.0,Intermediário
2.268,2.27,2009-03-16 11:00:00.0,Intermediário
2.273,2.275,2009-03-16 11:30:00.0,Intermediário
2.263,2.265,2009-03-16 12:00:00.0,Intermediário
2.261,2.263,2009-03-16 12:30:00.0,Intermediário
2.263,2.265,2009-03-16 13:00:00.0,Intermediário
2.263,2.265,2009-03-16 13:30:00.0,Intermediário
2.258,2.26,2009-03-16 14:00:00.0,Intermediário
2.258,2.26,2009-03-16 14:30:00.0,Intermediário
2.262,2.264,2009-03-16 15:00:00.0,Intermediário
2.267,2.269,2009-03-16 15:30:00.0,Intermediário
2.275,2.277,2009-03-16 16:00:00.0,Intermediário
2.275,2.277,2009-03-16 16:30:00.0,Fechamento Interbancário
2.2697,2.2705,2009-03-16 17:33:00.0,Fechamento
2.283,2.293,2009-03-17 09:24:00.0,Abertura
2.286,2.288,2009-03-17 09:30:00.0,Intermediário
2.281,2.283,2009-03-17 10:00:00.0,Intermediário
2.285,2.287,2009-03-17 10:30:00.0,Intermediário
2.287,2.289,2009-03-17 11:00:00.0,Intermediário
2.285,2.287,2009-03-17 11:30:00.0,Intermediário
2.281,2.283,2009-03-17 12:00:00.0,Intermediário
2.281,2.283,2009-03-17 12:30:00.0,Intermediário
2.28,2.282,2009-03-17 13:00:00.0,Intermediário
2.278,2.28,2009-03-17 13:30:00.0,Intermediário
2.278,2.28,2009-03-17 14:00:00.0,Intermediário
2.278,2.28,2009-03-17 14:30:00.0,Intermediário
2.276,2.278,2009-03-17 15:00:00.0,Intermediário
2.282,2.284,2009-03-17 15:30:00.0,Intermediário
2.28,2.282,2009-03-17 16:00:00.0,Intermediário
2.283,2.285,2009-03-17 16:30:00.0,Fechamento Interbancário
2.2825,2.2833,2009-03-17 17:34:00.0,Fechamento
2.283,2.293,2009-03-18 09:23:00.0,Abertura
2.284,2.286,2009-03-18 09:30:00.0,Intermediário
2.278,2.28,2009-03-18 10:00:00.0,Intermediário
2.282,2.284,2009-03-18 10:30:00.0,Intermediário
2.29,2.292,2009-03-18 11:00:00.0,Intermediário
2.293,2.295,2009-03-18 11:30:00.0,Intermediário
2.297,2.299,2009-03-18 12:00:00.0,Intermediário
2.301,2.303,2009-03-18 12:30:00.0,Intermediário
2.302,2.304,2009-03-18 13:00:00.0,Intermediário
2.298,2.3,2009-03-18 13:30:00.0,Intermediário
2.302,2.304,2009-03-18 14:00:00.0,Intermediário
2.299,2.301,2009-03-18 14:30:00.0,Intermediário
2.294,2.296,2009-03-18 15:00:00.0,Intermediário
2.27,2.272,2009-03-18 15:30:00.0,Intermediário
2.256,2.258,2009-03-18 16:00:00.0,Intermediário
2.249,2.251,2009-03-18 16:30:00.0,Fechamento Interbancário
2.2798,2.2806,2009-03-18 17:33:00.0,Fechamento
2.225,2.235,2009-03-19 09:14:00.0,Abertura
2.226,2.228,2009-03-19 09:30:00.0,Intermediário
2.231,2.233,2009-03-19 10:00:00.0,Intermediário
2.235,2.237,2009-03-19 10:30:00.0,Intermediário
2.24,2.242,2009-03-19 11:01:00.0,Intermediário
2.237,2.239,2009-03-19 11:30:00.0,Intermediário
2.237,2.239,2009-03-19 12:00:00.0,Intermediário
2.246,2.248,2009-03-19 12:30:00.0,Intermediário
2.251,2.253,2009-03-19 13:00:00.0,Intermediário
2.253,2.255,2009-03-19 13:30:00.0,Intermediário
2.245,2.247,2009-03-19 14:00:00.0,Intermediário
2.247,2.249,2009-03-19 14:30:00.0,Intermediário
2.245,2.247,2009-03-19 15:00:00.0,Intermediário
2.248,2.25,2009-03-19 15:30:00.0,Intermediário
2.247,2.249,2009-03-19 16:00:00.0,Intermediário
2.247,2.249,2009-03-19 16:30:00.0,Fechamento Interbancário
2.2371,2.2379,2009-03-19 17:35:00.0,Fechamento
2.24,2.25,2009-03-20 09:17:00.0,Abertura
2.245,2.247,2009-03-20 09:43:00.0,Intermediário
2.256,2.258,2009-03-20 10:00:00.0,Intermediário
2.25,2.252,2009-03-20 10:30:00.0,Intermediário
2.25,2.252,2009-03-20 11:00:00.0,Intermediário
2.249,2.251,2009-03-20 11:30:00.0,Intermediário
2.251,2.253,2009-03-20 12:00:00.0,Intermediário
2.254,2.256,2009-03-20 12:30:00.0,Intermediário
2.25,2.252,2009-03-20 13:00:00.0,Intermediário
2.25,2.252,2009-03-20 13:30:00.0,Intermediário
2.252,2.254,2009-03-20 14:00:00.0,Intermediário
2.254,2.256,2009-03-20 14:30:00.0,Intermediário
2.255,2.257,2009-03-20 15:00:00.0,Intermediário
2.259,2.261,2009-03-20 15:30:00.0,Intermediário
2.262,2.264,2009-03-20 16:00:00.0,Intermediário
2.262,2.264,2009-03-20 16:30:00.0,Fechamento Interbancário
2.2559,2.2567,2009-03-20 17:36:00.0,Fechamento
2.235,2.245,2009-03-23 09:21:00.0,Abertura
2.24,2.242,2009-03-23 09:30:00.0,Intermediário
2.246,2.248,2009-03-23 10:00:00.0,Intermediário
2.252,2.254,2009-03-23 10:30:00.0,Intermediário
2.25,2.254,2009-03-23 11:00:00.0,Intermediário
2.247,2.249,2009-03-23 11:30:00.0,Intermediário
2.252,2.254,2009-03-23 12:00:00.0,Intermediário
2.266,2.268,2009-03-23 12:30:00.0,Intermediário
2.27,2.272,2009-03-23 13:45:00.0,Intermediário
2.275,2.277,2009-03-23 13:53:00.0,Intermediário
2.272,2.274,2009-03-23 14:00:00.0,Intermediário
2.266,2.268,2009-03-23 14:30:00.0,Intermediário
2.26,2.262,2009-03-23 15:00:00.0,Intermediário
2.254,2.256,2009-03-23 15:30:00.0,Intermediário
2.25,2.252,2009-03-23 16:00:00.0,Intermediário
2.244,2.246,2009-03-23 16:30:00.0,Fechamento Interbancário
2.2497,2.2505,2009-03-23 17:36:00.0,Fechamento
2.261,2.271,2009-03-24 09:17:00.0,Abertura
2.26,2.262,2009-03-24 09:30:00.0,Intermediário
2.26,2.262,2009-03-24 10:00:00.0,Intermediário
2.263,2.265,2009-03-24 10:30:00.0,Intermediário
2.261,2.263,2009-03-24 11:00:00.0,Intermediário
2.257,2.259,2009-03-24 11:30:00.0,Intermediário
2.26,2.262,2009-03-24 12:00:00.0,Intermediário
2.256,2.258,2009-03-24 12:30:00.0,Intermediário
2.255,2.257,2009-03-24 13:00:00.0,Intermediário
2.25,2.252,2009-03-24 13:30:00.0,Intermediário
2.247,2.249,2009-03-24 14:00:00.0,Intermediário
2.245,2.247,2009-03-24 14:30:00.0,Intermediário
2.248,2.25,2009-03-24 15:00:00.0,Intermediário
2.243,2.245,2009-03-24 15:30:00.0,Intermediário
2.24,2.242,2009-03-24 16:00:00.0,Intermediário
2.241,2.243,2009-03-24 16:30:00.0,Fechamento Interbancário
2.2559,2.2567,2009-03-24 17:37:00.0,Fechamento
2.255,2.265,2009-03-25 09:22:00.0,Abertura
2.263,2.265,2009-03-25 09:58:00.0,Intermediário
2.257,2.259,2009-03-25 10:00:00.0,Intermediário
2.255,2.257,2009-03-25 10:30:00.0,Intermediário
2.248,2.25,2009-03-25 11:00:00.0,Intermediário
2.241,2.243,2009-03-25 11:30:00.0,Intermediário
2.239,2.241,2009-03-25 12:00:00.0,Intermediário
2.241,2.243,2009-03-25 12:30:00.0,Intermediário
2.237,2.239,2009-03-25 13:00:00.0,Intermediário
2.237,2.239,2009-03-25 13:30:00.0,Intermediário
2.237,2.239,2009-03-25 14:00:00.0,Intermediário
2.245,2.247,2009-03-25 14:30:00.0,Intermediário
2.239,2.241,2009-03-25 15:00:00.0,Intermediário
2.243,2.245,2009-03-25 15:30:00.0,Intermediário
2.246,2.248,2009-03-25 16:00:00.0,Intermediário
2.247,2.249,2009-03-25 16:30:00.0,Fechamento Interbancário
2.2427,2.2435,2009-03-25 17:35:00.0,Fechamento
2.217,2.227,2009-03-26 09:13:00.0,Abertura
2.224,2.226,2009-03-26 09:30:00.0,Intermediário
2.231,2.233,2009-03-26 10:00:00.0,Intermediário
2.231,2.233,2009-03-26 10:30:00.0,Intermediário
2.24,2.242,2009-03-26 11:00:00.0,Intermediário
2.241,2.243,2009-03-26 11:30:00.0,Intermediário
2.236,2.238,2009-03-26 12:00:00.0,Intermediário
2.233,2.235,2009-03-26 12:30:00.0,Intermediário
2.236,2.238,2009-03-26 13:00:00.0,Intermediário
2.233,2.235,2009-03-26 13:30:00.0,Intermediário
2.233,2.235,2009-03-26 14:00:00.0,Intermediário
2.231,2.233,2009-03-26 14:30:00.0,Intermediário
2.236,2.238,2009-03-26 15:00:00.0,Intermediário
2.236,2.238,2009-03-26 15:30:00.0,Intermediário
2.239,2.241,2009-03-26 16:00:00.0,Intermediário
2.238,2.24,2009-03-26 16:30:00.0,Fechamento Interbancário
2.2367,2.2375,2009-03-26 17:38:00.0,Fechamento
2.266,2.276,2009-03-27 09:22:00.0,Abertura
2.266,2.268,2009-03-27 09:30:00.0,Intermediário
2.259,2.261,2009-03-27 10:00:00.0,Intermediário
2.266,2.268,2009-03-27 10:30:00.0,Intermediário
2.266,2.268,2009-03-27 11:02:00.0,Intermediário
2.272,2.274,2009-03-27 11:31:00.0,Intermediário
2.271,2.273,2009-03-27 12:01:00.0,Intermediário
2.271,2.273,2009-03-27 12:31:00.0,Intermediário
2.275,2.277,2009-03-27 13:01:00.0,Intermediário
2.275,2.277,2009-03-27 13:31:00.0,Intermediário
2.278,2.28,2009-03-27 14:01:00.0,Intermediário
2.278,2.28,2009-03-27 14:31:00.0,Intermediário
2.278,2.28,2009-03-27 15:01:00.0,Intermediário
2.279,2.281,2009-03-27 15:31:00.0,Intermediário
2.29,2.292,2009-03-27 16:00:00.0,Intermediário
2.291,2.293,2009-03-27 16:30:00.0,Fechamento Interbancário
2.2737,2.2745,2009-03-27 17:41:00.0,Fechamento
2.306,2.316,2009-03-30 09:22:00.0,Abertura
2.311,2.313,2009-03-30 09:30:00.0,Intermediário
2.315,2.317,2009-03-30 10:00:00.0,Intermediário
2.317,2.319,2009-03-30 10:30:00.0,Intermediário
2.321,2.323,2009-03-30 11:01:00.0,Intermediário
2.327,2.329,2009-03-30 11:30:00.0,Intermediário
2.329,2.331,2009-03-30 12:00:00.0,Intermediário
2.329,2.331,2009-03-30 12:30:00.0,Intermediário
2.329,2.331,2009-03-30 13:00:00.0,Intermediário
2.329,2.331,2009-03-30 13:30:00.0,Intermediário
2.33,2.332,2009-03-30 14:00:00.0,Intermediário
2.333,2.335,2009-03-30 14:30:00.0,Intermediário
2.334,2.336,2009-03-30 15:00:00.0,Intermediário
2.33,2.332,2009-03-30 15:30:00.0,Intermediário
2.33,2.332,2009-03-30 16:00:00.0,Intermediário
2.33,2.332,2009-03-30 16:30:00.0,Fechamento Interbancário
2.3289,2.3297,2009-03-30 17:38:00.0,Fechamento
2.305,2.315,2009-03-31 09:21:00.0,Abertura
2.312,2.314,2009-03-31 09:30:00.0,Intermediário
2.316,2.318,2009-03-31 10:00:00.0,Intermediário
2.3,2.302,2009-03-31 10:30:00.0,Intermediário
2.308,2.31,2009-03-31 11:00:00.0,Intermediário
2.302,2.304,2009-03-31 11:30:00.0,Intermediário
2.303,2.305,2009-03-31 12:00:00.0,Intermediário
2.299,2.301,2009-03-31 12:30:00.0,Intermediário
2.3,2.302,2009-03-31 13:00:00.0,Intermediário
2.306,2.308,2009-03-31 13:30:00.0,Intermediário
2.306,2.308,2009-03-31 14:00:00.0,Intermediário
2.308,2.31,2009-03-31 14:30:00.0,Intermediário
2.304,2.306,2009-03-31 15:00:00.0,Intermediário
2.305,2.307,2009-03-31 15:30:00.0,Intermediário
2.307,2.309,2009-03-31 16:00:00.0,Intermediário
2.316,2.318,2009-03-31 16:30:00.0,Fechamento Interbancário
2.3144,2.3152,2009-03-31 17:36:00.0,Fechamento
2.3,2.31,2009-04-01 09:22:00.0,Abertura
2.302,2.304,2009-04-01 09:30:00.0,Intermediário
2.288,2.29,2009-04-01 10:00:00.0,Intermediário
2.296,2.298,2009-04-01 10:30:00.0,Intermediário
2.304,2.306,2009-04-01 11:00:00.0,Intermediário
2.295,2.297,2009-04-01 11:30:00.0,Intermediário
2.291,2.293,2009-04-01 12:00:00.0,Intermediário
2.292,2.294,2009-04-01 12:30:00.0,Intermediário
2.287,2.289,2009-04-01 13:00:00.0,Intermediário
2.287,2.289,2009-04-01 13:30:00.0,Intermediário
2.282,2.284,2009-04-01 14:00:00.0,Intermediário
2.281,2.283,2009-04-01 14:30:00.0,Intermediário
2.282,2.284,2009-04-01 15:00:00.0,Intermediário
2.28,2.282,2009-04-01 15:30:00.0,Intermediário
2.277,2.279,2009-04-01 16:04:00.0,Intermediário
2.278,2.28,2009-04-01 16:32:00.0,Fechamento Interbancário
2.2891,2.2899,2009-04-01 17:36:00.0,Fechamento
2.24,2.25,2009-04-02 09:16:00.0,Abertura
2.245,2.247,2009-04-02 09:30:00.0,Intermediário
2.247,2.249,2009-04-02 10:00:00.0,Intermediário
2.24,2.242,2009-04-02 10:30:00.0,Intermediário
2.241,2.243,2009-04-02 11:00:00.0,Intermediário
2.245,2.248,2009-04-02 11:30:00.0,Intermediário
2.245,2.247,2009-04-02 12:00:00.0,Intermediário
2.239,2.241,2009-04-02 12:30:00.0,Intermediário
2.24,2.243,2009-04-02 13:00:00.0,Intermediário
2.24,2.242,2009-04-02 13:30:00.0,Intermediário
2.234,2.236,2009-04-02 14:00:00.0,Intermediário
2.234,2.236,2009-04-02 14:30:00.0,Intermediário
2.229,2.231,2009-04-02 15:00:00.0,Intermediário
2.225,2.227,2009-04-02 15:30:00.0,Intermediário
2.232,2.234,2009-04-02 16:00:00.0,Intermediário
2.233,2.235,2009-04-02 16:30:00.0,Fechamento Interbancário
2.2347,2.2355,2009-04-02 17:35:00.0,Fechamento
2.223,2.233,2009-04-03 09:13:00.0,Abertura
2.213,2.215,2009-04-03 09:30:00.0,Intermediário
2.216,2.218,2009-04-03 10:00:00.0,Intermediário
2.218,2.22,2009-04-03 10:30:00.0,Intermediário
2.212,2.214,2009-04-03 11:00:00.0,Intermediário
2.214,2.216,2009-04-03 11:30:00.0,Intermediário
2.206,2.208,2009-04-03 12:00:00.0,Intermediário
2.206,2.208,2009-04-03 12:30:00.0,Intermediário
2.202,2.204,2009-04-03 13:00:00.0,Intermediário
2.202,2.204,2009-04-03 13:30:00.0,Intermediário
2.198,2.2,2009-04-03 14:00:00.0,Intermediário
2.199,2.201,2009-04-03 14:30:00.0,Intermediário
2.203,2.205,2009-04-03 15:00:00.0,Intermediário
2.196,2.198,2009-04-03 15:30:00.0,Intermediário
2.2,2.202,2009-04-03 16:00:00.0,Intermediário
2.203,2.205,2009-04-03 16:30:00.0,Fechamento Interbancário
2.2064,2.2072,2009-04-03 17:32:00.0,Fechamento
2.205,2.215,2009-04-06 09:18:00.0,Abertura
2.214,2.216,2009-04-06 09:30:00.0,Intermediário
2.218,2.22,2009-04-06 10:00:00.0,Intermediário
2.224,2.226,2009-04-06 10:30:00.0,Intermediário
2.224,2.226,2009-04-06 11:00:00.0,Intermediário
2.227,2.229,2009-04-06 11:30:00.0,Intermediário
2.221,2.223,2009-04-06 12:00:00.0,Intermediário
2.223,2.225,2009-04-06 12:30:00.0,Intermediário
2.223,2.225,2009-04-06 13:00:00.0,Intermediário
2.223,2.225,2009-04-06 13:30:00.0,Intermediário
2.22,2.222,2009-04-06 14:00:00.0,Intermediário
2.222,2.224,2009-04-06 14:30:00.0,Intermediário
2.218,2.22,2009-04-06 15:00:00.0,Intermediário
2.219,2.221,2009-04-06 15:30:00.0,Intermediário
2.217,2.219,2009-04-06 16:00:00.0,Intermediário
2.216,2.218,2009-04-06 16:30:00.0,Fechamento Interbancário
2.2244,2.2252,2009-04-06 17:35:00.0,Fechamento
2.233,2.243,2009-04-07 09:21:00.0,Abertura
2.236,2.238,2009-04-07 09:30:00.0,Intermediário
2.234,2.236,2009-04-07 10:00:00.0,Intermediário
2.23,2.232,2009-04-07 10:30:00.0,Intermediário
2.233,2.235,2009-04-07 11:00:00.0,Intermediário
2.231,2.233,2009-04-07 11:30:00.0,Intermediário
2.231,2.233,2009-04-07 12:00:00.0,Intermediário
2.231,2.233,2009-04-07 12:30:00.0,Intermediário
2.224,2.226,2009-04-07 13:00:00.0,Intermediário
2.223,2.225,2009-04-07 13:30:00.0,Intermediário
2.223,2.225,2009-04-07 14:00:00.0,Intermediário
2.225,2.227,2009-04-07 14:30:00.0,Intermediário
2.225,2.227,2009-04-07 15:00:00.0,Intermediário
2.223,2.225,2009-04-07 15:30:00.0,Intermediário
2.217,2.219,2009-04-07 16:00:00.0,Intermediário
2.215,2.217,2009-04-07 16:30:00.0,Fechamento Interbancário
2.2241,2.2249,2009-04-07 17:32:00.0,Fechamento
2.205,2.215,2009-04-08 09:17:00.0,Abertura
2.204,2.206,2009-04-08 09:30:00.0,Intermediário
2.198,2.2,2009-04-08 10:00:00.0,Intermediário
2.201,2.203,2009-04-08 10:30:00.0,Intermediário
2.199,2.201,2009-04-08 11:00:00.0,Intermediário
2.204,2.206,2009-04-08 11:30:00.0,Intermediário
2.2,2.202,2009-04-08 12:00:00.0,Intermediário
2.2,2.202,2009-04-08 12:30:00.0,Intermediário
2.198,2.2,2009-04-08 13:00:00.0,Intermediário
2.198,2.2,2009-04-08 13:30:00.0,Intermediário
2.193,2.195,2009-04-08 14:00:00.0,Intermediário
2.193,2.195,2009-04-08 14:30:00.0,Intermediário
2.198,2.2,2009-04-08 15:00:00.0,Intermediário
2.199,2.201,2009-04-08 15:30:00.0,Intermediário
2.201,2.203,2009-04-08 16:00:00.0,Intermediário
2.201,2.203,2009-04-08 16:30:00.0,Fechamento Interbancário
2.2006,2.2014,2009-04-08 17:34:00.0,Fechamento
2.182,2.192,2009-04-09 09:17:00.0,Abertura
2.182,2.184,2009-04-09 09:30:00.0,Intermediário
2.176,2.178,2009-04-09 10:00:00.0,Intermediário
2.178,2.18,2009-04-09 10:30:00.0,Intermediário
2.178,2.18,2009-04-09 11:00:00.0,Intermediário
2.177,2.179,2009-04-09 11:30:00.0,Intermediário
2.178,2.18,2009-04-09 12:00:00.0,Intermediário
2.179,2.181,2009-04-09 12:30:00.0,Intermediário
2.179,2.181,2009-04-09 13:00:00.0,Intermediário
2.179,2.181,2009-04-09 13:30:00.0,Intermediário
2.179,2.181,2009-04-09 14:00:00.0,Intermediário
2.175,2.177,2009-04-09 14:30:00.0,Intermediário
2.169,2.171,2009-04-09 15:00:00.0,Intermediário
2.17,2.172,2009-04-09 15:30:00.0,Intermediário
2.17,2.172,2009-04-09 16:00:00.0,Intermediário
2.169,2.171,2009-04-09 16:30:00.0,Fechamento Interbancário
2.1758,2.1766,2009-04-09 17:37:00.0,Fechamento
2.168,2.178,2009-04-13 09:21:00.0,Abertura
2.173,2.175,2009-04-13 09:30:00.0,Intermediário
2.163,2.165,2009-04-13 10:00:00.0,Intermediário
2.168,2.17,2009-04-13 10:30:00.0,Intermediário
2.174,2.176,2009-04-13 11:00:00.0,Intermediário
2.171,2.173,2009-04-13 11:30:00.0,Intermediário
2.17,2.171,2009-04-13 12:00:00.0,Intermediário
2.166,2.168,2009-04-13 12:30:00.0,Intermediário
2.174,2.176,2009-04-13 13:00:00.0,Intermediário
2.173,2.175,2009-04-13 13:30:00.0,Intermediário
2.17,2.172,2009-04-13 14:00:00.0,Intermediário
2.166,2.168,2009-04-13 14:30:00.0,Intermediário
2.164,2.166,2009-04-13 15:00:00.0,Intermediário
2.167,2.169,2009-04-13 15:30:00.0,Intermediário
2.171,2.173,2009-04-13 16:00:00.0,Intermediário
2.171,2.173,2009-04-13 16:30:00.0,Fechamento Interbancário
2.1691,2.1699,2009-04-13 17:42:00.0,Fechamento
2.169,2.179,2009-04-14 09:28:00.0,Abertura
2.174,2.176,2009-04-14 09:30:00.0,Intermediário
2.191,2.193,2009-04-14 10:00:00.0,Intermediário
2.187,2.189,2009-04-14 10:30:00.0,Intermediário
2.184,2.186,2009-04-14 11:00:00.0,Intermediário
2.184,2.186,2009-04-14 11:30:00.0,Intermediário
2.18,2.182,2009-04-14 12:00:00.0,Intermediário
2.178,2.18,2009-04-14 12:30:00.0,Intermediário
2.175,2.177,2009-04-14 13:00:00.0,Intermediário
2.185,2.187,2009-04-14 13:30:00.0,Intermediário
2.192,2.194,2009-04-14 14:00:00.0,Intermediário
2.19,2.192,2009-04-14 14:30:00.0,Intermediário
2.191,2.193,2009-04-14 15:00:00.0,Intermediário
2.189,2.191,2009-04-14 15:30:00.0,Intermediário
2.194,2.196,2009-04-14 16:00:00.0,Intermediário
2.193,2.195,2009-04-14 16:30:00.0,Fechamento Interbancário
2.1868,2.1876,2009-04-14 17:39:00.0,Fechamento
2.215,2.225,2009-04-15 09:11:00.0,Abertura
2.21,2.212,2009-04-15 09:30:00.0,Intermediário
2.207,2.209,2009-04-15 10:00:00.0,Intermediário
2.212,2.214,2009-04-15 10:30:00.0,Intermediário
2.207,2.209,2009-04-15 11:00:00.0,Intermediário
2.2,2.202,2009-04-15 11:30:00.0,Intermediário
2.201,2.203,2009-04-15 12:00:00.0,Intermediário
2.198,2.2,2009-04-15 12:30:00.0,Intermediário
2.195,2.197,2009-04-15 13:00:00.0,Intermediário
2.196,2.198,2009-04-15 13:30:00.0,Intermediário
2.193,2.195,2009-04-15 14:00:00.0,Intermediário
2.192,2.194,2009-04-15 14:30:00.0,Intermediário
2.196,2.198,2009-04-15 15:00:00.0,Intermediário
2.194,2.196,2009-04-15 15:30:00.0,Intermediário
2.195,2.197,2009-04-15 16:00:00.0,Intermediário
2.195,2.197,2009-04-15 16:30:00.0,Fechamento Interbancário
2.1984,2.1992,2009-04-15 17:33:00.0,Fechamento
2.177,2.187,2009-04-16 09:20:00.0,Abertura
2.18,2.182,2009-04-16 09:30:00.0,Intermediário
2.175,2.177,2009-04-16 10:00:00.0,Intermediário
2.168,2.17,2009-04-16 10:30:00.0,Intermediário
2.173,2.175,2009-04-16 11:00:00.0,Intermediário
2.178,2.18,2009-04-16 11:30:00.0,Intermediário
2.181,2.183,2009-04-16 12:00:00.0,Intermediário
2.181,2.183,2009-04-16 12:30:00.0,Intermediário
2.174,2.176,2009-04-16 13:00:00.0,Intermediário
2.174,2.176,2009-04-16 13:30:00.0,Intermediário
2.177,2.179,2009-04-16 14:00:00.0,Intermediário
2.178,2.18,2009-04-16 14:30:00.0,Intermediário
2.184,2.186,2009-04-16 15:00:00.0,Intermediário
2.178,2.18,2009-04-16 15:30:00.0,Intermediário
2.173,2.175,2009-04-16 16:00:00.0,Intermediário
2.175,2.177,2009-04-16 16:30:00.0,Fechamento Interbancário
2.1783,2.1791,2009-04-16 17:33:00.0,Fechamento
2.17,2.18,2009-04-17 09:18:00.0,Abertura
2.17,2.172,2009-04-17 09:30:00.0,Intermediário
2.173,2.175,2009-04-17 10:00:00.0,Intermediário
2.174,2.176,2009-04-17 10:30:00.0,Intermediário
2.179,2.181,2009-04-17 11:00:00.0,Intermediário
2.18,2.182,2009-04-17 11:30:00.0,Intermediário
2.189,2.191,2009-04-17 12:00:00.0,Intermediário
2.189,2.191,2009-04-17 12:30:00.0,Intermediário
2.184,2.186,2009-04-17 13:00:00.0,Intermediário
2.184,2.186,2009-04-17 13:30:00.0,Intermediário
2.184,2.186,2009-04-17 14:00:00.0,Intermediário
2.182,2.184,2009-04-17 14:30:00.0,Intermediário
2.18,2.182,2009-04-17 15:00:00.0,Intermediário
2.189,2.191,2009-04-17 15:30:00.0,Intermediário
2.192,2.194,2009-04-17 16:00:00.0,Intermediário
2.192,2.194,2009-04-17 16:30:00.0,Fechamento Interbancário
2.1856,2.1864,2009-04-17 17:32:00.0,Fechamento
2.217,2.227,2009-04-20 09:19:00.0,Abertura
2.225,2.227,2009-04-20 09:30:00.0,Intermediário
2.225,2.227,2009-04-20 10:00:00.0,Intermediário
2.223,2.225,2009-04-20 10:30:00.0,Intermediário
2.233,2.235,2009-04-20 11:00:00.0,Intermediário
2.233,2.235,2009-04-20 11:30:00.0,Intermediário
2.235,2.237,2009-04-20 12:00:00.0,Intermediário
2.231,2.233,2009-04-20 12:30:00.0,Intermediário
2.231,2.233,2009-04-20 13:00:00.0,Intermediário
2.231,2.233,2009-04-20 13:30:00.0,Intermediário
2.234,2.236,2009-04-20 14:00:00.0,Intermediário
2.239,2.241,2009-04-20 14:30:00.0,Intermediário
2.237,2.239,2009-04-20 15:00:00.0,Intermediário
2.239,2.241,2009-04-20 15:37:00.0,Intermediário
2.241,2.243,2009-04-20 16:00:00.0,Intermediário
2.242,2.244,2009-04-20 16:30:00.0,Fechamento Interbancário
2.2342,2.235,2009-04-20 17:32:00.0,Fechamento
2.229,2.239,2009-04-22 09:26:00.0,Abertura
2.23,2.232,2009-04-22 09:30:00.0,Intermediário
2.232,2.234,2009-04-22 10:00:00.0,Intermediário
2.228,2.23,2009-04-22 10:30:00.0,Intermediário
2.226,2.228,2009-04-22 11:00:00.0,Intermediário
2.215,2.217,2009-04-22 11:30:00.0,Intermediário
2.212,2.214,2009-04-22 12:00:00.0,Intermediário
2.21,2.212,2009-04-22 12:30:00.0,Intermediário
2.21,2.212,2009-04-22 13:00:00.0,Intermediário
2.207,2.208,2009-04-22 13:30:00.0,Intermediário
2.208,2.21,2009-04-22 14:00:00.0,Intermediário
2.205,2.207,2009-04-22 14:30:00.0,Intermediário
2.208,2.21,2009-04-22 15:00:00.0,Intermediário
2.208,2.21,2009-04-22 15:30:00.0,Intermediário
2.201,2.203,2009-04-22 16:00:00.0,Intermediário
2.198,2.2,2009-04-22 16:30:00.0,Fechamento Interbancário
2.212,2.2128,2009-04-22 17:42:00.0,Fechamento
2.193,2.203,2009-04-23 09:11:00.0,Abertura
2.196,2.198,2009-04-23 09:30:00.0,Intermediário
2.191,2.193,2009-04-23 10:00:00.0,Intermediário
2.202,2.204,2009-04-23 10:30:00.0,Intermediário
2.206,2.208,2009-04-23 11:00:00.0,Intermediário
2.201,2.203,2009-04-23 11:30:00.0,Intermediário
2.208,2.21,2009-04-23 12:00:00.0,Intermediário
2.214,2.216,2009-04-23 12:30:00.0,Intermediário
2.217,2.219,2009-04-23 13:00:00.0,Intermediário
2.217,2.219,2009-04-23 13:30:00.0,Intermediário
2.208,2.21,2009-04-23 14:00:00.0,Intermediário
2.208,2.21,2009-04-23 14:30:00.0,Intermediário
2.211,2.213,2009-04-23 15:00:00.0,Intermediário
2.223,2.225,2009-04-23 15:30:00.0,Intermediário
2.219,2.221,2009-04-23 16:00:00.0,Intermediário
2.217,2.219,2009-04-23 16:30:00.0,Fechamento Interbancário
2.2099,2.2107,2009-04-23 17:36:00.0,Fechamento
2.19,2.2,2009-04-24 09:16:00.0,Abertura
2.193,2.195,2009-04-24 09:30:00.0,Intermediário
2.188,2.19,2009-04-24 10:00:00.0,Intermediário
2.185,2.187,2009-04-24 10:30:00.0,Intermediário
2.188,2.19,2009-04-24 11:00:00.0,Intermediário
2.192,2.194,2009-04-24 11:30:00.0,Intermediário
2.19,2.192,2009-04-24 12:00:00.0,Intermediário
2.196,2.198,2009-04-24 12:30:00.0,Intermediário
2.194,2.196,2009-04-24 13:00:00.0,Intermediário
2.194,2.196,2009-04-24 13:30:00.0,Intermediário
2.194,2.196,2009-04-24 14:00:00.0,Intermediário
2.197,2.199,2009-04-24 14:30:00.0,Intermediário
2.195,2.197,2009-04-24 15:00:00.0,Intermediário
2.195,2.197,2009-04-24 15:30:00.0,Intermediário
2.19,2.192,2009-04-24 16:00:00.0,Intermediário
2.19,2.192,2009-04-24 16:30:00.0,Fechamento Interbancário
2.1925,2.1933,2009-04-24 17:36:00.0,Fechamento
2.21,2.22,2009-04-27 09:21:00.0,Abertura
2.217,2.219,2009-04-27 09:30:00.0,Intermediário
2.214,2.216,2009-04-27 10:00:00.0,Intermediário
2.21,2.212,2009-04-27 10:30:00.0,Intermediário
2.206,2.208,2009-04-27 11:00:00.0,Intermediário
2.205,2.207,2009-04-27 11:30:00.0,Intermediário
2.196,2.198,2009-04-27 12:00:00.0,Intermediário
2.195,2.198,2009-04-27 12:30:00.0,Intermediário
2.195,2.198,2009-04-27 13:00:00.0,Intermediário
2.195,2.198,2009-04-27 13:30:00.0,Intermediário
2.196,2.198,2009-04-27 14:00:00.0,Intermediário
2.203,2.205,2009-04-27 14:30:00.0,Intermediário
2.214,2.216,2009-04-27 15:00:00.0,Intermediário
2.222,2.224,2009-04-27 15:30:00.0,Intermediário
2.218,2.22,2009-04-27 16:00:00.0,Intermediário
2.218,2.22,2009-04-27 16:34:00.0,Fechamento Interbancário
2.2157,2.2165,2009-04-27 17:37:00.0,Fechamento
2.23,2.24,2009-04-28 09:23:00.0,Abertura
2.226,2.228,2009-04-28 09:30:00.0,Intermediário
2.212,2.214,2009-04-28 10:00:00.0,Intermediário
2.214,2.216,2009-04-28 10:30:00.0,Intermediário
2.203,2.205,2009-04-28 11:00:00.0,Intermediário
2.204,2.206,2009-04-28 11:30:00.0,Intermediário
2.2,2.202,2009-04-28 12:00:00.0,Intermediário
2.2,2.202,2009-04-28 12:30:00.0,Intermediário
2.205,2.207,2009-04-28 13:00:00.0,Intermediário
2.203,2.205,2009-04-28 13:30:00.0,Intermediário
2.203,2.205,2009-04-28 14:00:00.0,Intermediário
2.201,2.203,2009-04-28 14:30:00.0,Intermediário
2.2,2.201,2009-04-28 15:00:00.0,Intermediário
2.195,2.197,2009-04-28 15:30:00.0,Intermediário
2.197,2.199,2009-04-28 16:00:00.0,Intermediário
2.193,2.195,2009-04-28 16:30:00.0,Fechamento Interbancário
2.2029,2.2037,2009-04-28 17:35:00.0,Fechamento
2.179,2.189,2009-04-29 09:22:00.0,Abertura
2.184,2.186,2009-04-29 09:30:00.0,Intermediário
2.183,2.185,2009-04-29 10:00:00.0,Intermediário
2.189,2.191,2009-04-29 10:30:00.0,Intermediário
2.186,2.188,2009-04-29 11:00:00.0,Intermediário
2.18,2.182,2009-04-29 11:30:00.0,Intermediário
2.176,2.178,2009-04-29 12:00:00.0,Intermediário
2.167,2.169,2009-04-29 12:30:00.0,Intermediário
2.16,2.162,2009-04-29 13:00:00.0,Intermediário
2.16,2.162,2009-04-29 13:30:00.0,Intermediário
2.16,2.162,2009-04-29 14:00:00.0,Intermediário
2.162,2.164,2009-04-29 14:30:00.0,Intermediário
2.168,2.17,2009-04-29 15:00:00.0,Intermediário
2.168,2.17,2009-04-29 15:30:00.0,Intermediário
2.171,2.173,2009-04-29 16:00:00.0,Intermediário
2.171,2.173,2009-04-29 16:30:00.0,Fechamento Interbancário
2.183,2.1838,2009-04-29 17:40:00.0,Fechamento
2.17,2.18,2009-04-30 09:14:00.0,Abertura
2.175,2.177,2009-04-30 09:30:00.0,Intermediário
2.175,2.177,2009-04-30 10:00:00.0,Intermediário
2.181,2.183,2009-04-30 10:30:00.0,Intermediário
2.18,2.182,2009-04-30 11:00:00.0,Intermediário
2.166,2.168,2009-04-30 11:30:00.0,Intermediário
2.166,2.168,2009-04-30 12:00:00.0,Intermediário
2.164,2.166,2009-04-30 12:30:00.0,Intermediário
2.17,2.172,2009-04-30 13:00:00.0,Intermediário
2.17,2.172,2009-04-30 13:30:00.0,Intermediário
2.172,2.174,2009-04-30 14:00:00.0,Intermediário
2.176,2.178,2009-04-30 14:30:00.0,Intermediário
2.176,2.178,2009-04-30 15:00:00.0,Intermediário
2.171,2.173,2009-04-30 15:30:00.0,Intermediário
2.175,2.177,2009-04-30 16:00:00.0,Intermediário
2.179,2.181,2009-04-30 16:30:00.0,Fechamento Interbancário
2.1775,2.1783,2009-04-30 17:33:00.0,Fechamento
2.163,2.173,2009-05-04 09:21:00.0,Abertura
2.166,2.168,2009-05-04 09:30:00.0,Intermediário
2.158,2.16,2009-05-04 10:00:00.0,Intermediário
2.152,2.154,2009-05-04 10:30:00.0,Intermediário
2.142,2.144,2009-05-04 11:01:00.0,Intermediário
2.137,2.139,2009-05-04 11:30:00.0,Intermediário
2.135,2.137,2009-05-04 12:00:00.0,Intermediário
2.136,2.138,2009-05-04 12:30:00.0,Intermediário
2.135,2.137,2009-05-04 13:00:00.0,Intermediário
2.135,2.137,2009-05-04 13:30:00.0,Intermediário
2.135,2.137,2009-05-04 14:00:00.0,Intermediário
2.128,2.13,2009-05-04 14:30:00.0,Intermediário
2.129,2.131,2009-05-04 15:00:00.0,Intermediário
2.127,2.129,2009-05-04 15:30:00.0,Intermediário
2.125,2.127,2009-05-04 16:00:00.0,Intermediário
2.128,2.13,2009-05-04 16:30:00.0,Fechamento Interbancário
2.1361,2.1369,2009-05-04 17:38:00.0,Fechamento
2.105,2.115,2009-05-05 09:19:00.0,Abertura
2.108,2.11,2009-05-05 09:30:00.0,Intermediário
2.106,2.108,2009-05-05 10:00:00.0,Intermediário
2.113,2.115,2009-05-05 10:30:00.0,Intermediário
2.119,2.121,2009-05-05 11:00:00.0,Intermediário
2.142,2.144,2009-05-05 11:30:00.0,Intermediário
2.137,2.139,2009-05-05 12:00:00.0,Intermediário
2.141,2.143,2009-05-05 12:30:00.0,Intermediário
2.148,2.15,2009-05-05 13:00:00.0,Intermediário
2.148,2.15,2009-05-05 13:30:00.0,Intermediário
2.151,2.153,2009-05-05 14:00:00.0,Intermediário
2.149,2.151,2009-05-05 14:30:00.0,Intermediário
2.145,2.147,2009-05-05 15:00:00.0,Intermediário
2.156,2.158,2009-05-05 15:30:00.0,Intermediário
2.145,2.147,2009-05-05 16:00:00.0,Intermediário
2.146,2.148,2009-05-05 16:30:00.0,Fechamento Interbancário
2.1468,2.1476,2009-05-05 17:35:00.0,Fechamento
2.123,2.133,2009-05-06 09:24:00.0,Abertura
2.127,2.129,2009-05-06 10:16:00.0,Intermediário
2.128,2.13,2009-05-06 10:18:00.0,Intermediário
2.128,2.13,2009-05-06 10:30:00.0,Intermediário
2.12,2.122,2009-05-06 11:00:00.0,Intermediário
2.126,2.128,2009-05-06 11:30:00.0,Intermediário
2.122,2.124,2009-05-06 12:00:00.0,Intermediário
2.124,2.126,2009-05-06 12:30:00.0,Intermediário
2.12,2.122,2009-05-06 13:00:00.0,Intermediário
2.118,2.12,2009-05-06 13:30:00.0,Intermediário
2.118,2.12,2009-05-06 14:00:00.0,Intermediário
2.121,2.123,2009-05-06 14:30:00.0,Intermediário
2.114,2.116,2009-05-06 15:00:00.0,Intermediário
2.108,2.11,2009-05-06 15:30:00.0,Intermediário
2.111,2.113,2009-05-06 16:00:00.0,Intermediário
2.109,2.111,2009-05-06 16:30:00.0,Fechamento Interbancário
2.1205,2.1213,2009-05-06 17:32:00.0,Fechamento
2.092,2.102,2009-05-07 09:22:00.0,Abertura
2.09,2.092,2009-05-07 09:30:00.0,Intermediário
2.091,2.093,2009-05-07 10:00:00.0,Intermediário
2.092,2.094,2009-05-07 10:30:00.0,Intermediário
2.096,2.098,2009-05-07 11:00:00.0,Intermediário
2.104,2.106,2009-05-07 11:30:00.0,Intermediário
2.102,2.104,2009-05-07 12:00:00.0,Intermediário
2.112,2.114,2009-05-07 12:30:00.0,Intermediário
2.105,2.107,2009-05-07 13:00:00.0,Intermediário
2.104,2.106,2009-05-07 13:30:00.0,Intermediário
2.104,2.106,2009-05-07 14:00:00.0,Intermediário
2.109,2.111,2009-05-07 14:30:00.0,Intermediário
2.111,2.113,2009-05-07 15:00:00.0,Intermediário
2.104,2.106,2009-05-07 15:30:00.0,Intermediário
2.106,2.108,2009-05-07 16:00:00.0,Intermediário
2.109,2.111,2009-05-07 16:30:00.0,Fechamento Interbancário
2.0976,2.0984,2009-05-07 17:35:00.0,Fechamento
2.085,2.095,2009-05-08 09:15:00.0,Abertura
2.078,2.08,2009-05-08 09:30:00.0,Intermediário
2.086,2.088,2009-05-08 10:00:00.0,Intermediário
2.08,2.082,2009-05-08 10:30:00.0,Intermediário
2.078,2.08,2009-05-08 11:00:00.0,Intermediário
2.086,2.088,2009-05-08 11:30:00.0,Intermediário
2.083,2.085,2009-05-08 12:00:00.0,Intermediário
2.08,2.082,2009-05-08 12:30:00.0,Intermediário
2.073,2.075,2009-05-08 13:00:00.0,Intermediário
2.069,2.071,2009-05-08 13:30:00.0,Intermediário
2.07,2.072,2009-05-08 14:00:00.0,Intermediário
2.068,2.07,2009-05-08 14:30:00.0,Intermediário
2.069,2.071,2009-05-08 15:00:00.0,Intermediário
2.07,2.072,2009-05-08 15:30:00.0,Intermediário
2.066,2.068,2009-05-08 16:00:00.0,Intermediário
2.066,2.068,2009-05-08 16:30:00.0,Fechamento Interbancário
2.0742,2.075,2009-05-08 17:35:00.0,Fechamento
2.069,2.079,2009-05-11 09:14:00.0,Abertura
2.076,2.078,2009-05-11 09:30:00.0,Intermediário
2.074,2.076,2009-05-11 10:00:00.0,Intermediário
2.073,2.075,2009-05-11 10:30:00.0,Intermediário
2.075,2.077,2009-05-11 11:00:00.0,Intermediário
2.068,2.07,2009-05-11 11:30:00.0,Intermediário
2.06,2.062,2009-05-11 12:00:00.0,Intermediário
2.057,2.059,2009-05-11 12:30:00.0,Intermediário
2.051,2.053,2009-05-11 13:00:00.0,Intermediário
2.051,2.053,2009-05-11 13:30:00.0,Intermediário
2.051,2.053,2009-05-11 14:00:00.0,Intermediário
2.058,2.06,2009-05-11 14:30:00.0,Intermediário
2.059,2.061,2009-05-11 15:00:00.0,Intermediário
2.058,2.06,2009-05-11 15:30:00.0,Intermediário
2.053,2.055,2009-05-11 16:00:00.0,Intermediário
2.057,2.059,2009-05-11 16:30:00.0,Fechamento Interbancário
2.0571,2.0579,2009-05-11 17:33:00.0,Fechamento
2.047,2.057,2009-05-12 09:12:00.0,Abertura
2.048,2.05,2009-05-12 09:30:00.0,Intermediário
2.051,2.053,2009-05-12 10:00:00.0,Intermediário
2.051,2.053,2009-05-12 10:30:00.0,Intermediário
2.058,2.06,2009-05-12 11:00:00.0,Intermediário
2.062,2.064,2009-05-12 11:30:00.0,Intermediário
2.065,2.067,2009-05-12 12:00:00.0,Intermediário
2.069,2.071,2009-05-12 12:30:00.0,Intermediário
2.068,2.07,2009-05-12 13:00:00.0,Intermediário
2.068,2.07,2009-05-12 13:30:00.0,Intermediário
2.075,2.077,2009-05-12 14:00:00.0,Intermediário
2.075,2.077,2009-05-12 14:30:00.0,Intermediário
2.07,2.072,2009-05-12 15:00:00.0,Intermediário
2.067,2.069,2009-05-12 15:30:00.0,Intermediário
2.066,2.068,2009-05-12 16:00:00.0,Intermediário
2.066,2.068,2009-05-12 16:30:00.0,Fechamento Interbancário
2.0641,2.0649,2009-05-12 17:35:00.0,Fechamento
2.07,2.08,2009-05-13 09:13:00.0,Abertura
2.088,2.09,2009-05-13 09:30:00.0,Intermediário
2.089,2.091,2009-05-13 10:00:00.0,Intermediário
2.09,2.092,2009-05-13 10:30:00.0,Intermediário
2.098,2.1,2009-05-13 11:00:00.0,Intermediário
2.097,2.099,2009-05-13 11:30:00.0,Intermediário
2.101,2.103,2009-05-13 12:00:00.0,Intermediário
2.093,2.095,2009-05-13 12:30:00.0,Intermediário
2.1,2.102,2009-05-13 13:00:00.0,Intermediário
2.095,2.097,2009-05-13 13:30:00.0,Intermediário
2.102,2.104,2009-05-13 14:00:00.0,Intermediário
2.106,2.108,2009-05-13 14:30:00.0,Intermediário
2.107,2.109,2009-05-13 15:00:00.0,Intermediário
2.101,2.103,2009-05-13 15:30:00.0,Intermediário
2.094,2.096,2009-05-13 16:00:00.0,Intermediário
2.104,2.106,2009-05-13 16:30:00.0,Fechamento Interbancário
2.0984,2.0992,2009-05-13 17:33:00.0,Fechamento
2.113,2.123,2009-05-14 09:22:00.0,Abertura
2.118,2.12,2009-05-14 09:30:00.0,Intermediário
2.115,2.117,2009-05-14 10:00:00.0,Intermediário
2.107,2.109,2009-05-14 10:30:00.0,Intermediário
2.108,2.11,2009-05-14 11:00:00.0,Intermediário
2.098,2.1,2009-05-14 11:30:00.0,Intermediário
2.098,2.1,2009-05-14 12:00:00.0,Intermediário
2.094,2.096,2009-05-14 12:30:00.0,Intermediário
2.093,2.095,2009-05-14 13:00:00.0,Intermediário
2.093,2.095,2009-05-14 13:30:00.0,Intermediário
2.092,2.094,2009-05-14 14:00:00.0,Intermediário
2.093,2.095,2009-05-14 14:30:00.0,Intermediário
2.091,2.093,2009-05-14 15:00:00.0,Intermediário
2.088,2.09,2009-05-14 15:30:00.0,Intermediário
2.078,2.08,2009-05-14 16:00:00.0,Intermediário
2.08,2.082,2009-05-14 16:30:00.0,Fechamento Interbancário
2.0921,2.0929,2009-05-14 17:42:00.0,Fechamento
2.091,2.101,2009-05-15 09:24:00.0,Abertura
2.092,2.094,2009-05-15 09:30:00.0,Intermediário
2.078,2.08,2009-05-15 10:00:00.0,Intermediário
2.073,2.075,2009-05-15 10:30:00.0,Intermediário
2.069,2.071,2009-05-15 11:00:00.0,Intermediário
2.072,2.074,2009-05-15 11:30:00.0,Intermediário
2.071,2.073,2009-05-15 12:00:00.0,Intermediário
2.071,2.073,2009-05-15 12:30:00.0,Intermediário
2.078,2.08,2009-05-15 13:00:00.0,Intermediário
2.078,2.08,2009-05-15 13:30:00.0,Intermediário
2.078,2.08,2009-05-15 14:00:00.0,Intermediário
2.083,2.085,2009-05-15 14:30:00.0,Intermediário
2.093,2.095,2009-05-15 15:00:00.0,Intermediário
2.098,2.1,2009-05-15 15:30:00.0,Intermediário
2.107,2.109,2009-05-15 16:00:00.0,Intermediário
2.109,2.11,2009-05-15 16:30:00.0,Fechamento Interbancário
2.0754,2.0762,2009-05-15 17:36:00.0,Fechamento
2.085,2.095,2009-05-18 09:20:00.0,Abertura
2.088,2.09,2009-05-18 09:30:00.0,Intermediário
2.091,2.093,2009-05-18 10:00:00.0,Intermediário
2.082,2.084,2009-05-18 10:30:00.0,Intermediário
2.078,2.08,2009-05-18 11:00:00.0,Intermediário
2.078,2.08,2009-05-18 11:30:00.0,Intermediário
2.078,2.08,2009-05-18 12:00:00.0,Intermediário
2.078,2.08,2009-05-18 12:30:00.0,Intermediário
2.076,2.078,2009-05-18 13:00:00.0,Intermediário
2.08,2.082,2009-05-18 13:30:00.0,Intermediário
2.075,2.077,2009-05-18 14:00:00.0,Intermediário
2.076,2.078,2009-05-18 14:30:00.0,Intermediário
2.077,2.079,2009-05-18 15:00:00.0,Intermediário
2.077,2.079,2009-05-18 15:30:00.0,Intermediário
2.073,2.075,2009-05-18 16:00:00.0,Intermediário
2.074,2.076,2009-05-18 16:30:00.0,Fechamento Interbancário
2.0776,2.0784,2009-05-18 17:36:00.0,Fechamento
2.05,2.06,2009-05-19 09:24:00.0,Abertura
2.055,2.057,2009-05-19 09:30:00.0,Intermediário
2.058,2.06,2009-05-19 10:00:00.0,Intermediário
2.062,2.064,2009-05-19 10:30:00.0,Intermediário
2.061,2.063,2009-05-19 11:00:00.0,Intermediário
2.059,2.061,2009-05-19 11:30:00.0,Intermediário
2.056,2.058,2009-05-19 12:00:00.0,Intermediário
2.053,2.055,2009-05-19 12:30:00.0,Intermediário
2.049,2.051,2009-05-19 13:00:00.0,Intermediário
2.049,2.051,2009-05-19 13:30:00.0,Intermediário
2.047,2.049,2009-05-19 14:00:00.0,Intermediário
2.041,2.043,2009-05-19 14:30:00.0,Intermediário
2.037,2.039,2009-05-19 15:00:00.0,Intermediário
2.036,2.038,2009-05-19 15:30:00.0,Intermediário
2.033,2.035,2009-05-19 16:00:00.0,Intermediário
2.033,2.035,2009-05-19 16:30:00.0,Fechamento Interbancário
2.048,2.0488,2009-05-19 17:37:00.0,Fechamento
2.028,2.038,2009-05-20 09:22:00.0,Abertura
2.031,2.033,2009-05-20 09:30:00.0,Intermediário
2.025,2.027,2009-05-20 10:00:00.0,Intermediário
2.025,2.027,2009-05-20 10:30:00.0,Intermediário
2.021,2.023,2009-05-20 11:00:00.0,Intermediário
2.017,2.019,2009-05-20 11:30:00.0,Intermediário
2.015,2.017,2009-05-20 12:00:00.0,Intermediário
2.019,2.021,2009-05-20 12:30:00.0,Intermediário
2.019,2.021,2009-05-20 13:00:00.0,Intermediário
2.019,2.021,2009-05-20 13:30:00.0,Intermediário
2.021,2.023,2009-05-20 14:00:00.0,Intermediário
2.02,2.022,2009-05-20 14:30:00.0,Intermediário
2.013,2.015,2009-05-20 15:00:00.0,Intermediário
2.015,2.017,2009-05-20 15:30:00.0,Intermediário
2.017,2.019,2009-05-20 16:00:00.0,Intermediário
2.025,2.027,2009-05-20 16:30:00.0,Fechamento Interbancário
2.0191,2.0199,2009-05-20 17:34:00.0,Fechamento
2.029,2.039,2009-05-21 09:25:00.0,Abertura
2.033,2.035,2009-05-21 09:30:00.0,Intermediário
2.041,2.042,2009-05-21 10:00:00.0,Intermediário
2.035,2.037,2009-05-21 10:30:00.0,Intermediário
2.03,2.032,2009-05-21 11:00:00.0,Intermediário
2.039,2.041,2009-05-21 11:31:00.0,Intermediário
2.04,2.042,2009-05-21 12:00:00.0,Intermediário
2.038,2.04,2009-05-21 12:30:00.0,Intermediário
2.034,2.036,2009-05-21 13:00:00.0,Intermediário
2.034,2.036,2009-05-21 13:30:00.0,Intermediário
2.025,2.027,2009-05-21 14:00:00.0,Intermediário
2.02,2.022,2009-05-21 14:30:00.0,Intermediário
2.019,2.021,2009-05-21 15:00:00.0,Intermediário
2.019,2.021,2009-05-21 15:30:00.0,Intermediário
2.032,2.034,2009-05-21 16:00:00.0,Intermediário
2.035,2.037,2009-05-21 16:30:00.0,Fechamento Interbancário
2.0256,2.0264,2009-05-21 17:39:00.0,Fechamento
2.016,2.026,2009-05-22 09:23:00.0,Abertura
2.016,2.018,2009-05-22 09:30:00.0,Intermediário
2.017,2.019,2009-05-22 10:00:00.0,Intermediário
2.018,2.02,2009-05-22 10:30:00.0,Intermediário
2.026,2.028,2009-05-22 11:00:00.0,Intermediário
2.026,2.028,2009-05-22 11:30:00.0,Intermediário
2.025,2.027,2009-05-22 12:00:00.0,Intermediário
2.026,2.028,2009-05-22 12:30:00.0,Intermediário
2.027,2.029,2009-05-22 13:00:00.0,Intermediário
2.026,2.028,2009-05-22 13:30:00.0,Intermediário
2.025,2.027,2009-05-22 14:00:00.0,Intermediário
2.025,2.027,2009-05-22 14:30:00.0,Intermediário
2.031,2.033,2009-05-22 15:00:00.0,Intermediário
2.028,2.03,2009-05-22 15:30:00.0,Intermediário
2.025,2.027,2009-05-22 16:00:00.0,Intermediário
2.025,2.027,2009-05-22 16:30:00.0,Fechamento Interbancário
2.0271,2.0279,2009-05-22 17:53:00.0,Fechamento
2.018,2.028,2009-05-25 09:23:00.0,Abertura
2.021,2.023,2009-05-25 09:30:00.0,Intermediário
2.02,2.022,2009-05-25 10:00:00.0,Intermediário
2.019,2.021,2009-05-25 10:30:00.0,Intermediário
2.02,2.022,2009-05-25 11:00:00.0,Intermediário
2.02,2.022,2009-05-25 11:30:00.0,Intermediário
2.022,2.024,2009-05-25 12:00:00.0,Intermediário
2.023,2.025,2009-05-25 12:30:00.0,Intermediário
2.022,2.024,2009-05-25 13:00:00.0,Intermediário
2.022,2.024,2009-05-25 13:30:00.0,Intermediário
2.022,2.024,2009-05-25 14:00:00.0,Intermediário
2.022,2.024,2009-05-25 14:30:00.0,Intermediário
2.022,2.024,2009-05-25 15:00:00.0,Intermediário
2.022,2.024,2009-05-25 15:30:00.0,Intermediário
2.024,2.026,2009-05-25 16:00:00.0,Intermediário
2.024,2.026,2009-05-25 16:30:00.0,Fechamento Interbancário
2.0226,2.0234,2009-05-25 17:37:00.0,Fechamento
2.03,2.04,2009-05-26 09:16:00.0,Abertura
2.037,2.039,2009-05-26 09:30:00.0,Intermediário
2.038,2.04,2009-05-26 10:00:00.0,Intermediário
2.044,2.046,2009-05-26 10:30:00.0,Intermediário
2.044,2.046,2009-05-26 11:01:00.0,Intermediário
2.04,2.042,2009-05-26 11:30:00.0,Intermediário
2.033,2.035,2009-05-26 12:00:00.0,Intermediário
2.027,2.029,2009-05-26 12:30:00.0,Intermediário
2.02,2.022,2009-05-26 13:00:00.0,Intermediário
2.022,2.024,2009-05-26 13:30:00.0,Intermediário
2.022,2.024,2009-05-26 14:00:00.0,Intermediário
2.022,2.024,2009-05-26 14:30:00.0,Intermediário
2.022,2.024,2009-05-26 15:00:00.0,Intermediário
2.02,2.022,2009-05-26 15:30:00.0,Intermediário
2.018,2.02,2009-05-26 16:00:00.0,Intermediário
2.016,2.018,2009-05-26 16:30:00.0,Fechamento Interbancário
2.0253,2.0261,2009-05-26 17:42:00.0,Fechamento
2.008,2.018,2009-05-27 09:25:00.0,Abertura
2.012,2.014,2009-05-27 09:30:00.0,Intermediário
2.001,2.003,2009-05-27 10:00:00.0,Intermediário
2.001,2.003,2009-05-27 10:30:00.0,Intermediário
2.012,2.014,2009-05-27 11:00:00.0,Intermediário
2.008,2.01,2009-05-27 11:30:00.0,Intermediário
2.011,2.013,2009-05-27 12:00:00.0,Intermediário
2.013,2.015,2009-05-27 12:30:00.0,Intermediário
2.013,2.015,2009-05-27 13:00:00.0,Intermediário
2.01,2.012,2009-05-27 13:30:00.0,Intermediário
2.008,2.01,2009-05-27 14:00:00.0,Intermediário
2.008,2.01,2009-05-27 14:30:00.0,Intermediário
2.013,2.015,2009-05-27 15:00:00.0,Intermediário
2.013,2.015,2009-05-27 15:30:00.0,Intermediário
2.013,2.015,2009-05-27 16:00:00.0,Intermediário
2.013,2.015,2009-05-27 16:30:00.0,Fechamento Interbancário
2.0087,2.0095,2009-05-27 17:32:00.0,Fechamento
2.026,2.036,2009-05-28 09:22:00.0,Abertura
2.024,2.026,2009-05-28 09:30:00.0,Intermediário
2.023,2.025,2009-05-28 10:00:00.0,Intermediário
2.01,2.012,2009-05-28 10:30:00.0,Intermediário
2.015,2.017,2009-05-28 11:00:00.0,Intermediário
2.019,2.021,2009-05-28 11:30:00.0,Intermediário
2.017,2.019,2009-05-28 12:00:00.0,Intermediário
2.013,2.015,2009-05-28 12:30:00.0,Intermediário
2.007,2.009,2009-05-28 13:00:00.0,Intermediário
2.007,2.009,2009-05-28 13:30:00.0,Intermediário
2.007,2.009,2009-05-28 14:00:00.0,Intermediário
2.01,2.012,2009-05-28 14:30:00.0,Intermediário
2.012,2.014,2009-05-28 15:00:00.0,Intermediário
2.012,2.014,2009-05-28 15:30:00.0,Intermediário
2.005,2.007,2009-05-28 16:00:00.0,Intermediário
2.007,2.009,2009-05-28 16:30:00.0,Fechamento Interbancário
2.0136,2.0144,2009-05-28 17:38:00.0,Fechamento
1.995,2.005,2009-05-29 09:19:00.0,Abertura
1.977,1.979,2009-05-29 09:30:00.0,Intermediário
1.98,1.982,2009-05-29 10:00:00.0,Intermediário
1.978,1.98,2009-05-29 10:30:00.0,Intermediário
1.978,1.981,2009-05-29 11:00:00.0,Intermediário
1.97,1.972,2009-05-29 11:30:00.0,Intermediário
1.967,1.969,2009-05-29 12:00:00.0,Intermediário
1.968,1.97,2009-05-29 12:30:00.0,Intermediário
1.966,1.968,2009-05-29 13:00:00.0,Intermediário
1.966,1.968,2009-05-29 13:30:00.0,Intermediário
1.966,1.968,2009-05-29 14:00:00.0,Intermediário
1.967,1.969,2009-05-29 14:30:00.0,Intermediário
1.966,1.968,2009-05-29 15:00:00.0,Intermediário
1.97,1.972,2009-05-29 15:30:00.0,Intermediário
1.978,1.98,2009-05-29 16:00:00.0,Intermediário
1.968,1.97,2009-05-29 16:30:00.0,Fechamento Interbancário
1.9722,1.973,2009-05-29 17:33:00.0,Fechamento
1.945,1.955,2009-06-01 09:08:00.0,Abertura
1.948,1.95,2009-06-01 09:30:00.0,Intermediário
1.943,1.945,2009-06-01 10:00:00.0,Intermediário
1.948,1.95,2009-06-01 10:30:00.0,Intermediário
1.948,1.95,2009-06-01 11:00:00.0,Intermediário
1.944,1.946,2009-06-01 11:30:00.0,Intermediário
1.945,1.947,2009-06-01 12:00:00.0,Intermediário
1.945,1.947,2009-06-01 12:30:00.0,Intermediário
1.945,1.947,2009-06-01 13:00:00.0,Intermediário
1.944,1.946,2009-06-01 13:30:00.0,Intermediário
1.944,1.946,2009-06-01 14:00:00.0,Intermediário
1.942,1.944,2009-06-01 14:30:00.0,Intermediário
1.94,1.942,2009-06-01 15:00:00.0,Intermediário
1.941,1.943,2009-06-01 15:30:00.0,Intermediário
1.949,1.951,2009-06-01 16:00:00.0,Intermediário
1.951,1.953,2009-06-01 16:30:00.0,Fechamento Interbancário
1.9432,1.944,2009-06-01 17:36:00.0,Fechamento
1.936,1.946,2009-06-02 09:11:00.0,Abertura
1.946,1.948,2009-06-02 09:30:00.0,Intermediário
1.95,1.952,2009-06-02 10:00:00.0,Intermediário
1.948,1.95,2009-06-02 10:30:00.0,Intermediário
1.945,1.947,2009-06-02 11:00:00.0,Intermediário
1.942,1.944,2009-06-02 11:30:00.0,Intermediário
1.945,1.947,2009-06-02 12:00:00.0,Intermediário
1.939,1.941,2009-06-02 12:30:00.0,Intermediário
1.94,1.942,2009-06-02 13:00:00.0,Intermediário
1.939,1.941,2009-06-02 13:30:00.0,Intermediário
1.939,1.941,2009-06-02 14:00:00.0,Intermediário
1.94,1.942,2009-06-02 14:30:00.0,Intermediário
1.927,1.929,2009-06-02 15:00:00.0,Intermediário
1.923,1.925,2009-06-02 15:30:00.0,Intermediário
1.923,1.925,2009-06-02 16:00:00.0,Intermediário
1.922,1.924,2009-06-02 16:30:00.0,Fechamento Interbancário
1.9362,1.937,2009-06-02 17:35:00.0,Fechamento
1.925,1.935,2009-06-03 09:11:00.0,Abertura
1.932,1.934,2009-06-03 09:30:00.0,Intermediário
1.938,1.94,2009-06-03 10:00:00.0,Intermediário
1.941,1.943,2009-06-03 10:30:00.0,Intermediário
1.946,1.948,2009-06-03 11:00:00.0,Intermediário
1.944,1.946,2009-06-03 11:30:00.0,Intermediário
1.942,1.944,2009-06-03 12:00:00.0,Intermediário
1.946,1.948,2009-06-03 12:30:00.0,Intermediário
1.946,1.948,2009-06-03 13:00:00.0,Intermediário
1.946,1.948,2009-06-03 13:30:00.0,Intermediário
1.958,1.96,2009-06-03 14:00:00.0,Intermediário
1.967,1.969,2009-06-03 14:30:00.0,Intermediário
1.963,1.965,2009-06-03 15:00:00.0,Intermediário
1.966,1.968,2009-06-03 15:30:00.0,Intermediário
1.967,1.968,2009-06-03 16:00:00.0,Intermediário
1.962,1.964,2009-06-03 16:30:00.0,Fechamento Interbancário
1.9592,1.96,2009-06-03 17:34:00.0,Fechamento
1.966,1.976,2009-06-04 09:12:00.0,Abertura
1.97,1.972,2009-06-04 09:30:00.0,Intermediário
1.964,1.966,2009-06-04 10:00:00.0,Intermediário
1.957,1.959,2009-06-04 10:30:00.0,Intermediário
1.96,1.962,2009-06-04 11:00:00.0,Intermediário
1.955,1.957,2009-06-04 11:30:00.0,Intermediário
1.95,1.952,2009-06-04 12:00:00.0,Intermediário
1.943,1.945,2009-06-04 12:30:00.0,Intermediário
1.943,1.945,2009-06-04 13:00:00.0,Intermediário
1.943,1.945,2009-06-04 13:30:00.0,Intermediário
1.943,1.945,2009-06-04 14:00:00.0,Intermediário
1.938,1.94,2009-06-04 14:30:00.0,Intermediário
1.936,1.938,2009-06-04 15:00:00.0,Intermediário
1.938,1.94,2009-06-04 15:30:00.0,Intermediário
1.939,1.941,2009-06-04 16:00:00.0,Intermediário
1.94,1.942,2009-06-04 16:30:00.0,Fechamento Interbancário
1.9489,1.9497,2009-06-04 17:34:00.0,Fechamento
1.925,1.935,2009-06-05 09:22:00.0,Abertura
1.925,1.927,2009-06-05 10:16:00.0,Intermediário
1.928,1.93,2009-06-05 10:22:00.0,Intermediário
1.933,1.935,2009-06-05 10:30:00.0,Intermediário
1.95,1.952,2009-06-05 11:00:00.0,Intermediário
1.958,1.96,2009-06-05 11:30:00.0,Intermediário
1.956,1.958,2009-06-05 12:00:00.0,Intermediário
1.958,1.96,2009-06-05 12:30:00.0,Intermediário
1.96,1.962,2009-06-05 13:00:00.0,Intermediário
1.96,1.962,2009-06-05 13:30:00.0,Intermediário
1.96,1.962,2009-06-05 14:00:00.0,Intermediário
1.959,1.961,2009-06-05 14:30:00.0,Intermediário
1.96,1.962,2009-06-05 15:00:00.0,Intermediário
1.963,1.965,2009-06-05 15:30:00.0,Intermediário
1.957,1.959,2009-06-05 16:00:00.0,Intermediário
1.956,1.958,2009-06-05 16:30:00.0,Fechamento Interbancário
1.9526,1.9534,2009-06-05 17:41:00.0,Fechamento
1.977,1.987,2009-06-08 09:22:00.0,Abertura
1.978,1.98,2009-06-08 09:30:00.0,Intermediário
1.973,1.975,2009-06-08 10:00:00.0,Intermediário
1.967,1.969,2009-06-08 10:30:00.0,Intermediário
1.976,1.978,2009-06-08 11:00:00.0,Intermediário
1.974,1.976,2009-06-08 11:30:00.0,Intermediário
1.975,1.977,2009-06-08 12:00:00.0,Intermediário
1.971,1.973,2009-06-08 12:30:00.0,Intermediário
1.977,1.979,2009-06-08 13:00:00.0,Intermediário
1.977,1.979,2009-06-08 13:30:00.0,Intermediário
1.977,1.979,2009-06-08 14:00:00.0,Intermediário
1.973,1.975,2009-06-08 14:30:00.0,Intermediário
1.969,1.971,2009-06-08 15:00:00.0,Intermediário
1.971,1.973,2009-06-08 15:30:00.0,Intermediário
1.965,1.967,2009-06-08 16:00:00.0,Intermediário
1.964,1.966,2009-06-08 16:30:00.0,Fechamento Interbancário
1.9696,1.9704,2009-06-08 17:36:00.0,Fechamento
1.938,1.948,2009-06-09 09:10:00.0,Abertura
1.939,1.941,2009-06-09 09:30:00.0,Intermediário
1.937,1.939,2009-06-09 10:00:00.0,Intermediário
1.933,1.935,2009-06-09 10:30:00.0,Intermediário
1.937,1.939,2009-06-09 11:00:00.0,Intermediário
1.941,1.942,2009-06-09 11:30:00.0,Intermediário
1.945,1.947,2009-06-09 12:00:00.0,Intermediário
1.944,1.946,2009-06-09 12:30:00.0,Intermediário
1.944,1.946,2009-06-09 13:00:00.0,Intermediário
1.944,1.946,2009-06-09 13:30:00.0,Intermediário
1.944,1.946,2009-06-09 14:00:00.0,Intermediário
1.94,1.942,2009-06-09 14:30:00.0,Intermediário
1.941,1.943,2009-06-09 15:00:00.0,Intermediário
1.932,1.934,2009-06-09 15:30:00.0,Intermediário
1.935,1.937,2009-06-09 16:00:00.0,Intermediário
1.935,1.937,2009-06-09 16:30:00.0,Fechamento Interbancário
1.9377,1.9385,2009-06-09 17:34:00.0,Fechamento
1.921,1.931,2009-06-10 09:18:00.0,Abertura
1.924,1.926,2009-06-10 09:30:00.0,Intermediário
1.93,1.932,2009-06-10 10:00:00.0,Intermediário
1.93,1.932,2009-06-10 10:30:00.0,Intermediário
1.939,1.941,2009-06-10 11:00:00.0,Intermediário
1.944,1.946,2009-06-10 11:30:00.0,Intermediário
1.942,1.944,2009-06-10 12:00:00.0,Intermediário
1.947,1.949,2009-06-10 12:30:00.0,Intermediário
1.948,1.95,2009-06-10 13:00:00.0,Intermediário
1.944,1.946,2009-06-10 13:30:00.0,Intermediário
1.944,1.946,2009-06-10 14:00:00.0,Intermediário
1.951,1.953,2009-06-10 14:30:00.0,Intermediário
1.954,1.956,2009-06-10 15:00:00.0,Intermediário
1.954,1.956,2009-06-10 15:30:00.0,Intermediário
1.947,1.949,2009-06-10 16:00:00.0,Intermediário
1.949,1.951,2009-06-10 16:30:00.0,Fechamento Interbancário
1.9466,1.9474,2009-06-10 17:33:00.0,Fechamento
1.93,1.94,2009-06-12 09:24:00.0,Abertura
1.943,1.945,2009-06-12 09:30:00.0,Intermediário
1.946,1.948,2009-06-12 10:00:00.0,Intermediário
1.941,1.943,2009-06-12 10:30:00.0,Intermediário
1.937,1.939,2009-06-12 11:00:00.0,Intermediário
1.931,1.933,2009-06-12 11:30:00.0,Intermediário
1.928,1.93,2009-06-12 12:00:00.0,Intermediário
1.926,1.928,2009-06-12 12:30:00.0,Intermediário
1.922,1.924,2009-06-12 13:00:00.0,Intermediário
1.922,1.924,2009-06-12 13:30:00.0,Intermediário
1.922,1.924,2009-06-12 14:00:00.0,Intermediário
1.918,1.92,2009-06-12 14:30:00.0,Intermediário
1.918,1.92,2009-06-12 15:00:00.0,Intermediário
1.922,1.924,2009-06-12 15:30:00.0,Intermediário
1.922,1.924,2009-06-12 16:00:00.0,Intermediário
1.922,1.924,2009-06-12 16:30:00.0,Fechamento Interbancário
1.9293,1.9301,2009-06-12 17:37:00.0,Fechamento
1.935,1.945,2009-06-15 09:23:00.0,Abertura
1.938,1.94,2009-06-15 09:37:00.0,Intermediário
1.935,1.937,2009-06-15 10:00:00.0,Intermediário
1.937,1.939,2009-06-15 10:30:00.0,Intermediário
1.938,1.94,2009-06-15 11:00:00.0,Intermediário
1.941,1.943,2009-06-15 11:30:00.0,Intermediário
1.943,1.945,2009-06-15 12:00:00.0,Intermediário
1.946,1.948,2009-06-15 12:30:00.0,Intermediário
1.947,1.949,2009-06-15 13:00:00.0,Intermediário
1.947,1.949,2009-06-15 13:30:00.0,Intermediário
1.947,1.949,2009-06-15 14:00:00.0,Intermediário
1.958,1.96,2009-06-15 14:30:00.0,Intermediário
1.957,1.959,2009-06-15 15:00:00.0,Intermediário
1.953,1.955,2009-06-15 15:30:00.0,Intermediário
1.953,1.955,2009-06-15 16:00:00.0,Intermediário
1.951,1.953,2009-06-15 16:30:00.0,Fechamento Interbancário
1.945,1.9458,2009-06-15 17:35:00.0,Fechamento
1.93,1.94,2009-06-16 09:25:00.0,Abertura
1.933,1.935,2009-06-16 09:30:00.0,Intermediário
1.934,1.936,2009-06-16 10:00:00.0,Intermediário
1.936,1.938,2009-06-16 10:30:00.0,Intermediário
1.945,1.947,2009-06-16 11:00:00.0,Intermediário
1.945,1.947,2009-06-16 11:30:00.0,Intermediário
1.946,1.948,2009-06-16 12:00:00.0,Intermediário
1.942,1.944,2009-06-16 12:30:00.0,Intermediário
1.946,1.948,2009-06-16 13:00:00.0,Intermediário
1.943,1.945,2009-06-16 13:30:00.0,Intermediário
1.95,1.952,2009-06-16 14:00:00.0,Intermediário
1.95,1.952,2009-06-16 14:30:00.0,Intermediário
1.955,1.957,2009-06-16 15:00:00.0,Intermediário
1.968,1.97,2009-06-16 15:30:00.0,Intermediário
1.963,1.965,2009-06-16 16:00:00.0,Intermediário
1.964,1.966,2009-06-16 16:30:00.0,Fechamento Interbancário
1.9453,1.9461,2009-06-16 17:36:00.0,Fechamento
1.977,1.987,2009-06-17 09:18:00.0,Abertura
1.976,1.978,2009-06-17 09:30:00.0,Intermediário
1.969,1.971,2009-06-17 10:00:00.0,Intermediário
1.977,1.979,2009-06-17 10:30:00.0,Intermediário
1.984,1.986,2009-06-17 11:00:00.0,Intermediário
1.985,1.987,2009-06-17 11:30:00.0,Intermediário
1.997,1.999,2009-06-17 12:00:00.0,Intermediário
1.991,1.993,2009-06-17 12:30:00.0,Intermediário
1.984,1.986,2009-06-17 13:00:00.0,Intermediário
1.984,1.986,2009-06-17 13:30:00.0,Intermediário
1.985,1.987,2009-06-17 14:00:00.0,Intermediário
1.98,1.982,2009-06-17 14:30:00.0,Intermediário
1.972,1.974,2009-06-17 15:00:00.0,Intermediário
1.959,1.961,2009-06-17 15:30:00.0,Intermediário
1.963,1.965,2009-06-17 16:00:00.0,Intermediário
1.962,1.964,2009-06-17 16:30:00.0,Fechamento Interbancário
1.9776,1.9784,2009-06-17 17:34:00.0,Fechamento
1.972,1.982,2009-06-18 09:23:00.0,Abertura
1.974,1.976,2009-06-18 09:53:00.0,Intermediário
1.967,1.969,2009-06-18 10:00:00.0,Intermediário
1.964,1.966,2009-06-18 10:30:00.0,Intermediário
1.964,1.966,2009-06-18 11:00:00.0,Intermediário
1.957,1.959,2009-06-18 11:30:00.0,Intermediário
1.962,1.964,2009-06-18 12:00:00.0,Intermediário
1.959,1.961,2009-06-18 12:30:00.0,Intermediário
1.96,1.962,2009-06-18 13:00:00.0,Intermediário
1.96,1.962,2009-06-18 13:30:00.0,Intermediário
1.96,1.962,2009-06-18 14:00:00.0,Intermediário
1.96,1.962,2009-06-18 14:30:00.0,Intermediário
1.97,1.972,2009-06-18 15:00:00.0,Intermediário
1.971,1.973,2009-06-18 15:30:00.0,Intermediário
1.969,1.971,2009-06-18 16:00:00.0,Intermediário
1.971,1.973,2009-06-18 16:30:00.0,Fechamento Interbancário
1.9701,1.9709,2009-06-18 17:36:00.0,Fechamento
1.957,1.967,2009-06-19 09:22:00.0,Abertura
1.959,1.961,2009-06-19 11:03:00.0,Intermediário
1.955,1.957,2009-06-19 11:06:00.0,Intermediário
1.955,1.957,2009-06-19 11:09:00.0,Intermediário
1.952,1.954,2009-06-19 11:11:00.0,Intermediário
1.952,1.954,2009-06-19 11:30:00.0,Intermediário
1.953,1.955,2009-06-19 12:00:00.0,Intermediário
1.956,1.958,2009-06-19 12:30:00.0,Intermediário
1.952,1.954,2009-06-19 13:00:00.0,Intermediário
1.958,1.96,2009-06-19 13:30:00.0,Intermediário
1.958,1.96,2009-06-19 14:00:00.0,Intermediário
1.959,1.961,2009-06-19 14:30:00.0,Intermediário
1.959,1.961,2009-06-19 15:00:00.0,Intermediário
1.967,1.969,2009-06-19 15:30:00.0,Intermediário
1.97,1.972,2009-06-19 16:00:00.0,Intermediário
1.971,1.973,2009-06-19 16:30:00.0,Fechamento Interbancário
1.9584,1.9592,2009-06-19 17:36:00.0,Fechamento
1.99,2.0,2009-06-22 09:25:00.0,Abertura
1.994,1.996,2009-06-22 09:30:00.0,Intermediário
2.0,2.002,2009-06-22 10:00:00.0,Intermediário
1.996,1.998,2009-06-22 10:30:00.0,Intermediário
1.998,2.0,2009-06-22 11:05:00.0,Intermediário
1.996,1.998,2009-06-22 11:30:00.0,Intermediário
2.003,2.005,2009-06-22 12:00:00.0,Intermediário
2.002,2.004,2009-06-22 12:30:00.0,Intermediário
2.005,2.007,2009-06-22 13:00:00.0,Intermediário
2.005,2.007,2009-06-22 13:30:00.0,Intermediário
2.01,2.012,2009-06-22 14:00:00.0,Intermediário
2.011,2.013,2009-06-22 14:30:00.0,Intermediário
2.012,2.014,2009-06-22 15:00:00.0,Intermediário
2.015,2.017,2009-06-22 15:30:00.0,Intermediário
2.023,2.025,2009-06-22 16:00:00.0,Intermediário
2.022,2.024,2009-06-22 16:30:00.0,Fechamento Interbancário
2.0066,2.0074,2009-06-22 17:36:00.0,Fechamento
2.007,2.017,2009-06-23 09:20:00.0,Abertura
2.013,2.015,2009-06-23 09:30:00.0,Intermediário
2.012,2.014,2009-06-23 10:00:00.0,Intermediário
2.005,2.007,2009-06-23 10:30:00.0,Intermediário
2.004,2.006,2009-06-23 11:00:00.0,Intermediário
2.018,2.02,2009-06-23 11:30:00.0,Intermediário
2.015,2.017,2009-06-23 12:00:00.0,Intermediário
2.015,2.017,2009-06-23 12:30:00.0,Intermediário
2.015,2.017,2009-06-23 13:00:00.0,Intermediário
2.001,2.003,2009-06-23 13:30:00.0,Intermediário
1.996,1.998,2009-06-23 14:00:00.0,Intermediário
1.993,1.995,2009-06-23 14:30:00.0,Intermediário
1.991,1.993,2009-06-23 15:00:00.0,Intermediário
1.983,1.985,2009-06-23 15:30:00.0,Intermediário
1.978,1.98,2009-06-23 16:00:00.0,Intermediário
1.98,1.982,2009-06-23 16:30:00.0,Fechamento Interbancário
2.0011,2.0019,2009-06-23 17:35:00.0,Fechamento
1.965,1.975,2009-06-24 09:23:00.0,Abertura
1.971,1.973,2009-06-24 09:30:00.0,Intermediário
1.965,1.967,2009-06-24 10:00:00.0,Intermediário
1.968,1.97,2009-06-24 10:30:00.0,Intermediário
1.964,1.966,2009-06-24 11:00:00.0,Intermediário
1.962,1.964,2009-06-24 11:30:00.0,Intermediário
1.963,1.965,2009-06-24 12:00:00.0,Intermediário
1.963,1.965,2009-06-24 12:30:00.0,Intermediário
1.965,1.967,2009-06-24 13:00:00.0,Intermediário
1.964,1.966,2009-06-24 13:30:00.0,Intermediário
1.964,1.966,2009-06-24 14:00:00.0,Intermediário
1.968,1.97,2009-06-24 14:30:00.0,Intermediário
1.972,1.974,2009-06-24 15:00:00.0,Intermediário
1.972,1.974,2009-06-24 15:30:00.0,Intermediário
1.981,1.983,2009-06-24 16:00:00.0,Intermediário
1.983,1.985,2009-06-24 16:30:00.0,Fechamento Interbancário
1.9716,1.9724,2009-06-24 17:34:00.0,Fechamento
1.959,1.969,2009-06-25 09:24:00.0,Abertura
1.97,1.972,2009-06-25 09:30:00.0,Intermediário
1.972,1.974,2009-06-25 10:00:00.0,Intermediário
1.964,1.966,2009-06-25 10:30:00.0,Intermediário
1.964,1.966,2009-06-25 11:25:00.0,Intermediário
1.96,1.962,2009-06-25 11:33:00.0,Intermediário
1.968,1.97,2009-06-25 12:00:00.0,Intermediário
1.966,1.968,2009-06-25 12:30:00.0,Intermediário
1.966,1.968,2009-06-25 13:00:00.0,Intermediário
1.966,1.968,2009-06-25 13:30:00.0,Intermediário
1.966,1.968,2009-06-25 14:00:00.0,Intermediário
1.956,1.958,2009-06-25 14:30:00.0,Intermediário
1.953,1.955,2009-06-25 15:00:00.0,Intermediário
1.954,1.956,2009-06-25 15:30:00.0,Intermediário
1.95,1.952,2009-06-25 16:00:00.0,Intermediário
1.95,1.952,2009-06-25 16:30:00.0,Fechamento Interbancário
1.9554,1.9562,2009-06-25 17:35:00.0,Fechamento
1.927,1.937,2009-06-26 09:25:00.0,Abertura
1.928,1.93,2009-06-26 09:30:00.0,Intermediário
1.936,1.938,2009-06-26 10:00:00.0,Intermediário
1.94,1.943,2009-06-26 10:30:00.0,Intermediário
1.941,1.943,2009-06-26 11:00:00.0,Intermediário
1.933,1.935,2009-06-26 11:30:00.0,Intermediário
1.948,1.95,2009-06-26 12:00:00.0,Intermediário
1.945,1.947,2009-06-26 12:30:00.0,Intermediário
1.944,1.946,2009-06-26 13:00:00.0,Intermediário
1.945,1.947,2009-06-26 13:30:00.0,Intermediário
1.945,1.947,2009-06-26 14:00:00.0,Intermediário
1.943,1.945,2009-06-26 14:30:00.0,Intermediário
1.942,1.944,2009-06-26 15:00:00.0,Intermediário
1.938,1.94,2009-06-26 15:30:00.0,Intermediário
1.934,1.936,2009-06-26 16:00:00.0,Intermediário
1.937,1.939,2009-06-26 16:30:00.0,Fechamento Interbancário
1.9388,1.9396,2009-06-26 17:36:00.0,Fechamento
1.932,1.942,2009-06-29 09:27:00.0,Abertura
1.937,1.939,2009-06-29 09:30:00.0,Intermediário
1.943,1.945,2009-06-29 10:00:00.0,Intermediário
1.942,1.944,2009-06-29 10:30:00.0,Intermediário
1.952,1.954,2009-06-29 11:00:00.0,Intermediário
1.948,1.95,2009-06-29 11:30:00.0,Intermediário
1.949,1.951,2009-06-29 12:00:00.0,Intermediário
1.951,1.953,2009-06-29 12:30:00.0,Intermediário
1.955,1.957,2009-06-29 13:00:00.0,Intermediário
1.951,1.953,2009-06-29 13:30:00.0,Intermediário
1.951,1.953,2009-06-29 14:00:00.0,Intermediário
1.953,1.955,2009-06-29 14:30:00.0,Intermediário
1.954,1.956,2009-06-29 15:00:00.0,Intermediário
1.955,1.957,2009-06-29 15:30:00.0,Intermediário
1.963,1.965,2009-06-29 16:00:00.0,Intermediário
1.961,1.963,2009-06-29 16:30:00.0,Fechamento Interbancário
1.9479,1.9487,2009-06-29 17:38:00.0,Fechamento
1.939,1.949,2009-06-30 09:27:00.0,Abertura
1.943,1.945,2009-06-30 09:30:00.0,Intermediário
1.938,1.94,2009-06-30 10:00:00.0,Intermediário
1.945,1.947,2009-06-30 10:30:00.0,Intermediário
1.944,1.946,2009-06-30 11:00:00.0,Intermediário
1.954,1.956,2009-06-30 11:30:00.0,Intermediário
1.96,1.962,2009-06-30 12:00:00.0,Intermediário
1.964,1.966,2009-06-30 12:30:00.0,Intermediário
1.964,1.966,2009-06-30 13:00:00.0,Intermediário
1.964,1.966,2009-06-30 13:30:00.0,Intermediário
1.964,1.966,2009-06-30 14:00:00.0,Intermediário
1.964,1.966,2009-06-30 14:30:00.0,Intermediário
1.961,1.963,2009-06-30 15:00:00.0,Intermediário
1.961,1.963,2009-06-30 15:30:00.0,Intermediário
1.958,1.96,2009-06-30 16:00:00.0,Intermediário
1.962,1.964,2009-06-30 16:30:00.0,Fechamento Interbancário
1.9508,1.9516,2009-06-30 17:37:00.0,Fechamento
1.932,1.942,2009-07-01 09:26:00.0,Abertura
1.936,1.938,2009-07-01 09:30:00.0,Intermediário
1.937,1.939,2009-07-01 10:00:00.0,Intermediário
1.928,1.93,2009-07-01 10:30:00.0,Intermediário
1.93,1.932,2009-07-01 11:00:00.0,Intermediário
1.926,1.928,2009-07-01 11:30:00.0,Intermediário
1.929,1.931,2009-07-01 12:00:00.0,Intermediário
1.928,1.93,2009-07-01 12:30:00.0,Intermediário
1.929,1.931,2009-07-01 13:00:00.0,Intermediário
1.928,1.93,2009-07-01 13:30:00.0,Intermediário
1.928,1.93,2009-07-01 14:00:00.0,Intermediário
1.932,1.934,2009-07-01 14:30:00.0,Intermediário
1.933,1.935,2009-07-01 15:00:00.0,Intermediário
1.934,1.936,2009-07-01 15:30:00.0,Intermediário
1.931,1.933,2009-07-01 16:00:00.0,Intermediário
1.927,1.929,2009-07-01 16:30:00.0,Fechamento Interbancário
1.9334,1.9342,2009-07-01 17:41:00.0,Fechamento
1.935,1.945,2009-07-02 09:17:00.0,Abertura
1.938,1.94,2009-07-02 09:30:00.0,Intermediário
1.941,1.943,2009-07-02 10:00:00.0,Intermediário
1.945,1.947,2009-07-02 10:30:00.0,Intermediário
1.952,1.954,2009-07-02 11:00:00.0,Intermediário
1.953,1.955,2009-07-02 11:30:00.0,Intermediário
1.948,1.95,2009-07-02 12:00:00.0,Intermediário
1.95,1.952,2009-07-02 12:30:00.0,Intermediário
1.955,1.957,2009-07-02 13:00:00.0,Intermediário
1.955,1.957,2009-07-02 13:30:00.0,Intermediário
1.955,1.957,2009-07-02 14:00:00.0,Intermediário
1.955,1.957,2009-07-02 14:30:00.0,Intermediário
1.952,1.954,2009-07-02 15:00:00.0,Intermediário
1.95,1.952,2009-07-02 15:30:00.0,Intermediário
1.95,1.952,2009-07-02 16:00:00.0,Intermediário
1.95,1.952,2009-07-02 16:30:00.0,Fechamento Interbancário
1.9461,1.9469,2009-07-02 17:35:00.0,Fechamento
1.94,1.95,2009-07-03 09:23:00.0,Abertura
1.948,1.95,2009-07-03 10:06:00.0,Intermediário
1.945,1.947,2009-07-03 10:09:00.0,Intermediário
1.948,1.95,2009-07-03 10:30:00.0,Intermediário
1.95,1.952,2009-07-03 11:00:00.0,Intermediário
1.949,1.951,2009-07-03 11:30:00.0,Intermediário
1.948,1.95,2009-07-03 12:00:00.0,Intermediário
1.951,1.953,2009-07-03 12:30:00.0,Intermediário
1.952,1.954,2009-07-03 13:00:00.0,Intermediário
1.952,1.954,2009-07-03 13:30:00.0,Intermediário
1.952,1.954,2009-07-03 14:00:00.0,Intermediário
1.95,1.952,2009-07-03 14:30:00.0,Intermediário
1.949,1.951,2009-07-03 15:00:00.0,Intermediário
1.945,1.947,2009-07-03 15:30:00.0,Intermediário
1.951,1.953,2009-07-03 16:00:00.0,Intermediário
1.951,1.953,2009-07-03 16:30:00.0,Fechamento Interbancário
1.9466,1.9474,2009-07-03 17:36:00.0,Fechamento
1.965,1.975,2009-07-06 09:12:00.0,Abertura
1.976,1.978,2009-07-06 09:30:00.0,Intermediário
1.971,1.973,2009-07-06 10:00:00.0,Intermediário
1.978,1.98,2009-07-06 10:30:00.0,Intermediário
1.973,1.975,2009-07-06 11:00:00.0,Intermediário
1.979,1.981,2009-07-06 11:30:00.0,Intermediário
1.973,1.975,2009-07-06 12:00:00.0,Intermediário
1.974,1.976,2009-07-06 12:30:00.0,Intermediário
1.972,1.974,2009-07-06 13:00:00.0,Intermediário
1.97,1.972,2009-07-06 13:30:00.0,Intermediário
1.97,1.972,2009-07-06 14:00:00.0,Intermediário
1.97,1.972,2009-07-06 14:30:00.0,Intermediário
1.969,1.971,2009-07-06 15:00:00.0,Intermediário
1.963,1.965,2009-07-06 15:30:00.0,Intermediário
1.958,1.96,2009-07-06 16:00:00.0,Intermediário
1.959,1.961,2009-07-06 16:30:00.0,Fechamento Interbancário
1.9703,1.9711,2009-07-06 17:42:00.0,Fechamento
1.945,1.955,2009-07-07 09:17:00.0,Abertura
1.944,1.946,2009-07-07 09:30:00.0,Intermediário
1.944,1.946,2009-07-07 10:00:00.0,Intermediário
1.953,1.955,2009-07-07 10:30:00.0,Intermediário
1.951,1.953,2009-07-07 11:00:00.0,Intermediário
1.954,1.956,2009-07-07 11:30:00.0,Intermediário
1.957,1.959,2009-07-07 12:00:00.0,Intermediário
1.955,1.957,2009-07-07 12:30:00.0,Intermediário
1.966,1.968,2009-07-07 13:00:00.0,Intermediário
1.966,1.968,2009-07-07 13:30:00.0,Intermediário
1.966,1.968,2009-07-07 14:00:00.0,Intermediário
1.97,1.972,2009-07-07 14:30:00.0,Intermediário
1.976,1.978,2009-07-07 15:00:00.0,Intermediário
1.98,1.982,2009-07-07 15:30:00.0,Intermediário
1.988,1.99,2009-07-07 16:00:00.0,Intermediário
1.991,1.993,2009-07-07 16:30:00.0,Fechamento Interbancário
1.9633,1.9641,2009-07-07 17:39:00.0,Fechamento
1.985,1.995,2009-07-08 09:12:00.0,Abertura
1.992,1.994,2009-07-08 09:30:00.0,Intermediário
1.998,2.0,2009-07-08 10:00:00.0,Intermediário
1.984,1.986,2009-07-08 10:30:00.0,Intermediário
1.988,1.99,2009-07-08 11:00:00.0,Intermediário
1.985,1.987,2009-07-08 11:30:00.0,Intermediário
1.988,1.99,2009-07-08 12:00:00.0,Intermediário
2.002,2.004,2009-07-08 12:30:00.0,Intermediário
2.002,2.004,2009-07-08 13:00:00.0,Intermediário
2.005,2.007,2009-07-08 13:30:00.0,Intermediário
2.015,2.017,2009-07-08 14:00:00.0,Intermediário
2.011,2.013,2009-07-08 14:30:00.0,Intermediário
2.016,2.018,2009-07-08 15:00:00.0,Intermediário
2.016,2.018,2009-07-08 15:30:00.0,Intermediário
2.015,2.017,2009-07-08 16:00:00.0,Intermediário
2.014,2.016,2009-07-08 16:30:00.0,Fechamento Interbancário
1.9974,1.9982,2009-07-08 17:33:00.0,Fechamento
1.988,1.998,2009-07-09 09:27:00.0,Abertura
1.991,1.993,2009-07-09 09:30:00.0,Intermediário
1.99,1.992,2009-07-09 10:00:00.0,Intermediário
1.989,1.991,2009-07-09 10:30:00.0,Intermediário
1.991,1.993,2009-07-09 11:00:00.0,Intermediário
1.994,1.996,2009-07-09 11:30:00.0,Intermediário
1.998,2.0,2009-07-09 12:00:00.0,Intermediário
1.996,1.998,2009-07-09 12:30:00.0,Intermediário
1.994,1.996,2009-07-09 13:00:00.0,Intermediário
1.992,1.994,2009-07-09 13:30:00.0,Intermediário
1.992,1.994,2009-07-09 14:00:00.0,Intermediário
1.992,1.994,2009-07-09 14:30:00.0,Intermediário
1.991,1.993,2009-07-09 15:00:00.0,Intermediário
1.991,1.993,2009-07-09 15:30:00.0,Intermediário
1.99,1.992,2009-07-09 16:00:00.0,Intermediário
1.99,1.992,2009-07-09 16:30:00.0,Fechamento Interbancário
1.9913,1.9921,2009-07-09 17:34:00.0,Fechamento
2.02,2.03,2009-07-10 09:26:00.0,Abertura
2.023,2.025,2009-07-10 09:30:00.0,Intermediário
2.014,2.016,2009-07-10 10:00:00.0,Intermediário
2.016,2.018,2009-07-10 10:30:00.0,Intermediário
2.015,2.017,2009-07-10 11:00:00.0,Intermediário
2.004,2.006,2009-07-10 11:30:00.0,Intermediário
2.004,2.006,2009-07-10 12:00:00.0,Intermediário
2.011,2.013,2009-07-10 12:30:00.0,Intermediário
2.011,2.013,2009-07-10 13:00:00.0,Intermediário
2.008,2.01,2009-07-10 13:30:00.0,Intermediário
2.008,2.01,2009-07-10 14:00:00.0,Intermediário
2.008,2.01,2009-07-10 14:30:00.0,Intermediário
2.005,2.007,2009-07-10 15:00:00.0,Intermediário
2.002,2.004,2009-07-10 15:30:00.0,Intermediário
1.997,1.999,2009-07-10 16:00:00.0,Intermediário
2.0,2.002,2009-07-10 16:30:00.0,Fechamento Interbancário
2.0139,2.0147,2009-07-10 17:36:00.0,Fechamento
1.992,2.002,2009-07-13 09:16:00.0,Abertura
1.988,1.99,2009-07-13 09:30:00.0,Intermediário
1.992,1.994,2009-07-13 10:00:00.0,Intermediário
1.998,2.0,2009-07-13 10:30:00.0,Intermediário
2.0,2.002,2009-07-13 11:00:00.0,Intermediário
2.001,2.003,2009-07-13 11:30:00.0,Intermediário
1.999,2.001,2009-07-13 12:00:00.0,Intermediário
1.994,1.996,2009-07-13 12:30:00.0,Intermediário
1.988,1.99,2009-07-13 13:00:00.0,Intermediário
1.988,1.99,2009-07-13 13:30:00.0,Intermediário
1.988,1.99,2009-07-13 14:00:00.0,Intermediário
1.978,1.98,2009-07-13 14:30:00.0,Intermediário
1.981,1.983,2009-07-13 15:00:00.0,Intermediário
1.979,1.981,2009-07-13 15:30:00.0,Intermediário
1.98,1.982,2009-07-13 16:00:00.0,Intermediário
1.978,1.98,2009-07-13 16:30:00.0,Fechamento Interbancário
1.9887,1.9895,2009-07-13 17:35:00.0,Fechamento
1.966,1.976,2009-07-14 09:24:00.0,Abertura
1.966,1.968,2009-07-14 09:30:00.0,Intermediário
1.972,1.974,2009-07-14 10:00:00.0,Intermediário
1.969,1.971,2009-07-14 10:30:00.0,Intermediário
1.971,1.973,2009-07-14 11:00:00.0,Intermediário
1.972,1.974,2009-07-14 11:30:00.0,Intermediário
1.974,1.976,2009-07-14 12:00:00.0,Intermediário
1.97,1.972,2009-07-14 12:30:00.0,Intermediário
1.968,1.97,2009-07-14 13:00:00.0,Intermediário
1.969,1.971,2009-07-14 13:30:00.0,Intermediário
1.969,1.971,2009-07-14 14:00:00.0,Intermediário
1.973,1.975,2009-07-14 14:30:00.0,Intermediário
1.973,1.975,2009-07-14 15:00:00.0,Intermediário
1.972,1.974,2009-07-14 15:30:00.0,Intermediário
1.968,1.97,2009-07-14 16:00:00.0,Intermediário
1.967,1.969,2009-07-14 16:30:00.0,Fechamento Interbancário
1.9696,1.9704,2009-07-14 17:32:00.0,Fechamento
1.943,1.953,2009-07-15 09:19:00.0,Abertura
1.945,1.947,2009-07-15 09:30:00.0,Intermediário
1.948,1.95,2009-07-15 10:00:00.0,Intermediário
1.951,1.953,2009-07-15 10:30:00.0,Intermediário
1.945,1.947,2009-07-15 11:00:00.0,Intermediário
1.943,1.945,2009-07-15 11:30:00.0,Intermediário
1.943,1.945,2009-07-15 12:00:00.0,Intermediário
1.938,1.94,2009-07-15 12:30:00.0,Intermediário
1.934,1.936,2009-07-15 13:00:00.0,Intermediário
1.934,1.936,2009-07-15 13:30:00.0,Intermediário
1.934,1.936,2009-07-15 14:00:00.0,Intermediário
1.934,1.936,2009-07-15 14:30:00.0,Intermediário
1.935,1.937,2009-07-15 15:00:00.0,Intermediário
1.936,1.938,2009-07-15 15:30:00.0,Intermediário
1.933,1.935,2009-07-15 16:00:00.0,Intermediário
1.933,1.935,2009-07-15 16:30:00.0,Fechamento Interbancário
1.9412,1.942,2009-07-15 17:37:00.0,Fechamento
1.92,1.93,2009-07-16 09:24:00.0,Abertura
1.925,1.927,2009-07-16 09:30:00.0,Intermediário
1.93,1.932,2009-07-16 10:00:00.0,Intermediário
1.933,1.935,2009-07-16 10:30:00.0,Intermediário
1.932,1.934,2009-07-16 11:00:00.0,Intermediário
1.934,1.936,2009-07-16 11:30:00.0,Intermediário
1.938,1.94,2009-07-16 12:00:00.0,Intermediário
1.937,1.939,2009-07-16 12:30:00.0,Intermediário
1.935,1.937,2009-07-16 13:00:00.0,Intermediário
1.935,1.937,2009-07-16 13:30:00.0,Intermediário
1.935,1.937,2009-07-16 14:00:00.0,Intermediário
1.935,1.937,2009-07-16 14:30:00.0,Intermediário
1.933,1.935,2009-07-16 15:00:00.0,Intermediário
1.93,1.932,2009-07-16 15:30:00.0,Intermediário
1.927,1.929,2009-07-16 16:00:00.0,Intermediário
1.929,1.931,2009-07-16 16:30:00.0,Fechamento Interbancário
1.9332,1.934,2009-07-16 17:36:00.0,Fechamento
1.932,1.942,2009-07-17 09:16:00.0,Abertura
1.935,1.937,2009-07-17 09:30:00.0,Intermediário
1.931,1.933,2009-07-17 10:00:00.0,Intermediário
1.921,1.923,2009-07-17 10:30:00.0,Intermediário
1.927,1.929,2009-07-17 11:00:00.0,Intermediário
1.924,1.926,2009-07-17 11:30:00.0,Intermediário
1.929,1.931,2009-07-17 12:00:00.0,Intermediário
1.925,1.927,2009-07-17 12:30:00.0,Intermediário
1.926,1.928,2009-07-17 13:00:00.0,Intermediário
1.925,1.927,2009-07-17 13:30:00.0,Intermediário
1.925,1.927,2009-07-17 14:00:00.0,Intermediário
1.925,1.927,2009-07-17 14:30:00.0,Intermediário
1.927,1.929,2009-07-17 15:00:00.0,Intermediário
1.926,1.928,2009-07-17 15:30:00.0,Intermediário
1.925,1.927,2009-07-17 16:00:00.0,Intermediário
1.926,1.928,2009-07-17 16:30:00.0,Fechamento Interbancário
1.9282,1.929,2009-07-17 17:37:00.0,Fechamento
1.904,1.914,2009-07-20 09:11:00.0,Abertura
1.905,1.907,2009-07-20 09:30:00.0,Intermediário
1.905,1.907,2009-07-20 10:00:00.0,Intermediário
1.907,1.909,2009-07-20 10:30:00.0,Intermediário
1.905,1.907,2009-07-20 11:00:00.0,Intermediário
1.907,1.909,2009-07-20 11:30:00.0,Intermediário
1.908,1.91,2009-07-20 12:00:00.0,Intermediário
1.908,1.91,2009-07-20 12:30:00.0,Intermediário
1.906,1.908,2009-07-20 13:00:00.0,Intermediário
1.903,1.905,2009-07-20 13:30:00.0,Intermediário
1.903,1.905,2009-07-20 14:00:00.0,Intermediário
1.903,1.905,2009-07-20 14:30:00.0,Intermediário
1.902,1.904,2009-07-20 15:00:00.0,Intermediário
1.901,1.903,2009-07-20 15:31:00.0,Intermediário
1.902,1.904,2009-07-20 16:00:00.0,Intermediário
1.901,1.903,2009-07-20 16:31:00.0,Fechamento Interbancário
1.906,1.9068,2009-07-20 17:33:00.0,Fechamento
1.895,1.905,2009-07-21 09:17:00.0,Abertura
1.896,1.898,2009-07-21 09:30:00.0,Intermediário
1.894,1.896,2009-07-21 10:00:00.0,Intermediário
1.892,1.894,2009-07-21 10:30:00.0,Intermediário
1.895,1.897,2009-07-21 11:00:00.0,Intermediário
1.898,1.9,2009-07-21 11:30:00.0,Intermediário
1.9,1.902,2009-07-21 12:00:00.0,Intermediário
1.899,1.901,2009-07-21 12:30:00.0,Intermediário
1.907,1.909,2009-07-21 13:00:00.0,Intermediário
1.906,1.908,2009-07-21 13:30:00.0,Intermediário
1.908,1.91,2009-07-21 14:00:00.0,Intermediário
1.908,1.91,2009-07-21 14:30:00.0,Intermediário
1.91,1.912,2009-07-21 15:00:00.0,Intermediário
1.909,1.911,2009-07-21 15:31:00.0,Intermediário
1.909,1.91,2009-07-21 16:01:00.0,Intermediário
1.906,1.908,2009-07-21 16:30:00.0,Fechamento Interbancário
1.9035,1.9043,2009-07-21 17:35:00.0,Fechamento
1.898,1.908,2009-07-22 09:17:00.0,Abertura
1.903,1.905,2009-07-22 09:30:00.0,Intermediário
1.906,1.908,2009-07-22 10:00:00.0,Intermediário
1.907,1.909,2009-07-22 10:30:00.0,Intermediário
1.904,1.906,2009-07-22 11:00:00.0,Intermediário
1.905,1.907,2009-07-22 11:30:00.0,Intermediário
1.903,1.905,2009-07-22 12:00:00.0,Intermediário
1.898,1.9,2009-07-22 12:30:00.0,Intermediário
1.904,1.906,2009-07-22 13:00:00.0,Intermediário
1.902,1.904,2009-07-22 13:30:00.0,Intermediário
1.902,1.904,2009-07-22 14:00:00.0,Intermediário
1.899,1.901,2009-07-22 14:30:00.0,Intermediário
1.9,1.902,2009-07-22 15:00:00.0,Intermediário
1.901,1.903,2009-07-22 15:30:00.0,Intermediário
1.901,1.903,2009-07-22 16:00:00.0,Intermediário
1.902,1.904,2009-07-22 16:30:00.0,Fechamento Interbancário
1.9021,1.9029,2009-07-22 17:34:00.0,Fechamento
1.889,1.899,2009-07-23 09:15:00.0,Abertura
1.889,1.891,2009-07-23 09:30:00.0,Intermediário
1.893,1.895,2009-07-23 10:00:00.0,Intermediário
1.899,1.901,2009-07-23 10:30:00.0,Intermediário
1.893,1.895,2009-07-23 11:00:00.0,Intermediário
1.892,1.894,2009-07-23 11:30:00.0,Intermediário
1.891,1.893,2009-07-23 12:00:00.0,Intermediário
1.884,1.886,2009-07-23 12:30:00.0,Intermediário
1.886,1.888,2009-07-23 13:00:00.0,Intermediário
1.885,1.887,2009-07-23 13:30:00.0,Intermediário
1.885,1.887,2009-07-23 14:00:00.0,Intermediário
1.885,1.887,2009-07-23 14:30:00.0,Intermediário
1.89,1.892,2009-07-23 15:00:00.0,Intermediário
1.89,1.892,2009-07-23 15:30:00.0,Intermediário
1.888,1.89,2009-07-23 16:00:00.0,Intermediário
1.887,1.889,2009-07-23 16:30:00.0,Fechamento Interbancário
1.8914,1.8922,2009-07-23 17:32:00.0,Fechamento
1.886,1.896,2009-07-24 09:11:00.0,Abertura
1.892,1.894,2009-07-24 09:30:00.0,Intermediário
1.893,1.895,2009-07-24 10:00:00.0,Intermediário
1.893,1.895,2009-07-24 10:30:00.0,Intermediário
1.895,1.897,2009-07-24 11:00:00.0,Intermediário
1.894,1.896,2009-07-24 11:30:00.0,Intermediário
1.9,1.902,2009-07-24 12:00:00.0,Intermediário
1.895,1.897,2009-07-24 12:30:00.0,Intermediário
1.897,1.899,2009-07-24 13:00:00.0,Intermediário
1.896,1.898,2009-07-24 13:30:00.0,Intermediário
1.896,1.898,2009-07-24 14:00:00.0,Intermediário
1.894,1.896,2009-07-24 14:30:00.0,Intermediário
1.892,1.894,2009-07-24 15:00:00.0,Intermediário
1.895,1.897,2009-07-24 15:30:00.0,Intermediário
1.894,1.896,2009-07-24 16:00:00.0,Intermediário
1.895,1.897,2009-07-24 16:30:00.0,Fechamento Interbancário
1.8952,1.896,2009-07-24 17:34:00.0,Fechamento
1.883,1.893,2009-07-27 09:21:00.0,Abertura
1.886,1.888,2009-07-27 09:30:00.0,Intermediário
1.886,1.888,2009-07-27 10:00:00.0,Intermediário
1.889,1.891,2009-07-27 10:30:00.0,Intermediário
1.889,1.891,2009-07-27 11:00:00.0,Intermediário
1.886,1.888,2009-07-27 11:30:00.0,Intermediário
1.888,1.89,2009-07-27 12:00:00.0,Intermediário
1.886,1.888,2009-07-27 12:30:00.0,Intermediário
1.883,1.885,2009-07-27 13:00:00.0,Intermediário
1.883,1.885,2009-07-27 13:30:00.0,Intermediário
1.884,1.886,2009-07-27 14:00:00.0,Intermediário
1.885,1.887,2009-07-27 14:30:00.0,Intermediário
1.879,1.881,2009-07-27 15:00:00.0,Intermediário
1.877,1.879,2009-07-27 15:30:00.0,Intermediário
1.876,1.878,2009-07-27 16:00:00.0,Intermediário
1.873,1.875,2009-07-27 16:30:00.0,Fechamento Interbancário
1.8829,1.8837,2009-07-27 17:36:00.0,Fechamento
1.871,1.881,2009-07-28 09:26:00.0,Abertura
1.874,1.876,2009-07-28 09:30:00.0,Intermediário
1.874,1.876,2009-07-28 10:00:00.0,Intermediário
1.88,1.882,2009-07-28 10:30:00.0,Intermediário
1.878,1.88,2009-07-28 11:00:00.0,Intermediário
1.883,1.885,2009-07-28 11:30:00.0,Intermediário
1.884,1.886,2009-07-28 12:00:00.0,Intermediário
1.89,1.892,2009-07-28 12:30:00.0,Intermediário
1.89,1.892,2009-07-28 13:00:00.0,Intermediário
1.89,1.892,2009-07-28 13:30:00.0,Intermediário
1.89,1.892,2009-07-28 14:00:00.0,Intermediário
1.89,1.892,2009-07-28 14:30:00.0,Intermediário
1.883,1.885,2009-07-28 15:00:00.0,Intermediário
1.879,1.881,2009-07-28 15:30:00.0,Intermediário
1.879,1.881,2009-07-28 16:00:00.0,Intermediário
1.88,1.882,2009-07-28 16:30:00.0,Fechamento Interbancário
1.8811,1.8819,2009-07-28 17:35:00.0,Fechamento
1.884,1.894,2009-07-29 09:26:00.0,Abertura
1.885,1.887,2009-07-29 09:30:00.0,Intermediário
1.889,1.891,2009-07-29 10:00:00.0,Intermediário
1.885,1.887,2009-07-29 10:30:00.0,Intermediário
1.89,1.892,2009-07-29 11:00:00.0,Intermediário
1.89,1.892,2009-07-29 11:30:00.0,Intermediário
1.892,1.894,2009-07-29 12:00:00.0,Intermediário
1.897,1.899,2009-07-29 12:30:00.0,Intermediário
1.897,1.899,2009-07-29 13:00:00.0,Intermediário
1.9,1.901,2009-07-29 13:30:00.0,Intermediário
1.899,1.901,2009-07-29 14:00:00.0,Intermediário
1.901,1.903,2009-07-29 14:30:00.0,Intermediário
1.903,1.905,2009-07-29 15:00:00.0,Intermediário
1.902,1.904,2009-07-29 15:30:00.0,Intermediário
1.9,1.902,2009-07-29 16:00:00.0,Intermediário
1.902,1.904,2009-07-29 16:30:00.0,Fechamento Interbancário
1.8974,1.8982,2009-07-29 17:35:00.0,Fechamento
1.8785,1.8885,2009-07-30 09:25:00.0,Abertura
1.88,1.882,2009-07-30 09:30:00.0,Intermediário
1.88,1.882,2009-07-30 10:00:00.0,Intermediário
1.88,1.882,2009-07-30 10:30:00.0,Intermediário
1.882,1.884,2009-07-30 11:00:00.0,Intermediário
1.881,1.883,2009-07-30 11:30:00.0,Intermediário
1.879,1.881,2009-07-30 12:00:00.0,Intermediário
1.878,1.88,2009-07-30 12:30:00.0,Intermediário
1.877,1.879,2009-07-30 13:00:00.0,Intermediário
1.88,1.882,2009-07-30 13:30:00.0,Intermediário
1.88,1.882,2009-07-30 14:00:00.0,Intermediário
1.877,1.879,2009-07-30 14:30:00.0,Intermediário
1.877,1.879,2009-07-30 15:00:00.0,Intermediário
1.877,1.879,2009-07-30 15:30:00.0,Intermediário
1.874,1.876,2009-07-30 16:00:00.0,Intermediário
1.872,1.874,2009-07-30 16:30:00.0,Fechamento Interbancário
1.8803,1.8811,2009-07-30 17:36:00.0,Fechamento
1.867,1.877,2009-07-31 09:23:00.0,Abertura
1.87,1.872,2009-07-31 09:30:00.0,Intermediário
1.879,1.881,2009-07-31 10:00:00.0,Intermediário
1.878,1.88,2009-07-31 10:30:00.0,Intermediário
1.875,1.877,2009-07-31 11:00:00.0,Intermediário
1.877,1.879,2009-07-31 11:30:00.0,Intermediário
1.877,1.879,2009-07-31 12:00:00.0,Intermediário
1.877,1.879,2009-07-31 12:30:00.0,Intermediário
1.868,1.87,2009-07-31 13:00:00.0,Intermediário
1.863,1.865,2009-07-31 13:30:00.0,Intermediário
1.863,1.865,2009-07-31 14:00:00.0,Intermediário
1.868,1.87,2009-07-31 14:30:00.0,Intermediário
1.862,1.864,2009-07-31 15:00:00.0,Intermediário
1.861,1.863,2009-07-31 15:30:00.0,Intermediário
1.863,1.865,2009-07-31 16:00:00.0,Intermediário
1.863,1.865,2009-07-31 16:30:00.0,Fechamento Interbancário
1.8718,1.8726,2009-07-31 17:35:00.0,Fechamento
1.847,1.857,2009-08-03 09:15:00.0,Abertura
1.843,1.845,2009-08-03 09:30:00.0,Intermediário
1.847,1.849,2009-08-03 10:00:00.0,Intermediário
1.844,1.846,2009-08-03 10:30:00.0,Intermediário
1.843,1.845,2009-08-03 11:10:00.0,Intermediário
1.836,1.838,2009-08-03 11:30:00.0,Intermediário
1.833,1.835,2009-08-03 12:00:00.0,Intermediário
1.834,1.836,2009-08-03 12:30:00.0,Intermediário
1.834,1.836,2009-08-03 13:00:00.0,Intermediário
1.834,1.836,2009-08-03 13:30:00.0,Intermediário
1.832,1.834,2009-08-03 14:00:00.0,Intermediário
1.831,1.833,2009-08-03 14:30:00.0,Intermediário
1.829,1.831,2009-08-03 15:00:00.0,Intermediário
1.83,1.832,2009-08-03 15:30:00.0,Intermediário
1.833,1.835,2009-08-03 16:00:00.0,Intermediário
1.833,1.835,2009-08-03 16:30:00.0,Fechamento Interbancário
1.8361,1.8369,2009-08-03 17:33:00.0,Fechamento
1.829,1.839,2009-08-04 09:20:00.0,Abertura
1.831,1.833,2009-08-04 09:30:00.0,Intermediário
1.836,1.838,2009-08-04 10:00:00.0,Intermediário
1.836,1.838,2009-08-04 10:30:00.0,Intermediário
1.835,1.837,2009-08-04 11:00:00.0,Intermediário
1.836,1.838,2009-08-04 11:30:00.0,Intermediário
1.835,1.837,2009-08-04 12:00:00.0,Intermediário
1.833,1.835,2009-08-04 12:30:00.0,Intermediário
1.833,1.835,2009-08-04 13:00:00.0,Intermediário
1.832,1.834,2009-08-04 13:30:00.0,Intermediário
1.821,1.823,2009-08-04 14:00:00.0,Intermediário
1.823,1.825,2009-08-04 14:30:00.0,Intermediário
1.825,1.827,2009-08-04 15:00:00.0,Intermediário
1.824,1.826,2009-08-04 15:30:00.0,Intermediário
1.822,1.824,2009-08-04 16:00:00.0,Intermediário
1.821,1.823,2009-08-04 16:30:00.0,Fechamento Interbancário
1.8264,1.8272,2009-08-04 17:35:00.0,Fechamento
1.808,1.818,2009-08-05 09:19:00.0,Abertura
1.818,1.82,2009-08-05 09:30:00.0,Intermediário
1.822,1.824,2009-08-05 10:00:00.0,Intermediário
1.824,1.826,2009-08-05 10:30:00.0,Intermediário
1.83,1.832,2009-08-05 11:00:00.0,Intermediário
1.832,1.834,2009-08-05 11:30:00.0,Intermediário
1.831,1.833,2009-08-05 12:00:00.0,Intermediário
1.829,1.831,2009-08-05 12:30:00.0,Intermediário
1.827,1.829,2009-08-05 13:00:00.0,Intermediário
1.827,1.829,2009-08-05 13:30:00.0,Intermediário
1.827,1.829,2009-08-05 14:00:00.0,Intermediário
1.827,1.829,2009-08-05 14:30:00.0,Intermediário
1.814,1.816,2009-08-05 15:00:00.0,Intermediário
1.81,1.812,2009-08-05 15:30:00.0,Intermediário
1.807,1.809,2009-08-05 16:00:00.0,Intermediário
1.808,1.81,2009-08-05 16:30:00.0,Fechamento Interbancário
1.8173,1.8181,2009-08-05 17:33:00.0,Fechamento
1.813,1.823,2009-08-06 09:16:00.0,Abertura
1.816,1.818,2009-08-06 09:30:00.0,Intermediário
1.815,1.817,2009-08-06 10:00:00.0,Intermediário
1.817,1.819,2009-08-06 10:30:00.0,Intermediário
1.828,1.83,2009-08-06 11:00:00.0,Intermediário
1.83,1.832,2009-08-06 11:30:00.0,Intermediário
1.826,1.828,2009-08-06 12:00:00.0,Intermediário
1.824,1.826,2009-08-06 12:30:00.0,Intermediário
1.828,1.83,2009-08-06 13:00:00.0,Intermediário
1.836,1.838,2009-08-06 13:30:00.0,Intermediário
1.836,1.838,2009-08-06 14:00:00.0,Intermediário
1.834,1.836,2009-08-06 14:30:00.0,Intermediário
1.834,1.836,2009-08-06 15:00:00.0,Intermediário
1.84,1.842,2009-08-06 15:30:00.0,Intermediário
1.838,1.84,2009-08-06 16:00:00.0,Intermediário
1.835,1.837,2009-08-06 16:30:00.0,Fechamento Interbancário
1.834,1.8348,2009-08-06 17:35:00.0,Fechamento
1.832,1.842,2009-08-07 09:20:00.0,Abertura
1.835,1.837,2009-08-07 09:30:00.0,Intermediário
1.829,1.831,2009-08-07 10:00:00.0,Intermediário
1.821,1.823,2009-08-07 10:30:00.0,Intermediário
1.823,1.825,2009-08-07 11:00:00.0,Intermediário
1.824,1.826,2009-08-07 11:30:00.0,Intermediário
1.824,1.826,2009-08-07 12:00:00.0,Intermediário
1.821,1.823,2009-08-07 12:30:00.0,Intermediário
1.819,1.821,2009-08-07 13:00:00.0,Intermediário
1.822,1.824,2009-08-07 13:30:00.0,Intermediário
1.823,1.825,2009-08-07 14:00:00.0,Intermediário
1.823,1.825,2009-08-07 14:30:00.0,Intermediário
1.82,1.822,2009-08-07 15:00:00.0,Intermediário
1.819,1.821,2009-08-07 15:30:00.0,Intermediário
1.82,1.822,2009-08-07 16:00:00.0,Intermediário
1.82,1.822,2009-08-07 16:30:00.0,Fechamento Interbancário
1.8224,1.8232,2009-08-07 17:36:00.0,Fechamento
1.811,1.821,2009-08-10 09:28:00.0,Abertura
1.818,1.82,2009-08-10 09:30:00.0,Intermediário
1.825,1.827,2009-08-10 10:00:00.0,Intermediário
1.828,1.83,2009-08-10 10:30:00.0,Intermediário
1.829,1.831,2009-08-10 11:00:00.0,Intermediário
1.835,1.837,2009-08-10 11:30:00.0,Intermediário
1.835,1.837,2009-08-10 12:00:00.0,Intermediário
1.84,1.842,2009-08-10 12:30:00.0,Intermediário
1.843,1.845,2009-08-10 13:00:00.0,Intermediário
1.841,1.843,2009-08-10 13:30:00.0,Intermediário
1.842,1.844,2009-08-10 14:00:00.0,Intermediário
1.847,1.849,2009-08-10 14:30:00.0,Intermediário
1.848,1.85,2009-08-10 15:00:00.0,Intermediário
1.848,1.85,2009-08-10 15:30:00.0,Intermediário
1.846,1.848,2009-08-10 16:00:00.0,Intermediário
1.848,1.85,2009-08-10 16:30:00.0,Fechamento Interbancário
1.8404,1.8412,2009-08-10 17:32:00.0,Fechamento
1.85,1.86,2009-08-11 09:20:00.0,Abertura
1.853,1.855,2009-08-11 09:30:00.0,Intermediário
1.854,1.856,2009-08-11 10:00:00.0,Intermediário
1.853,1.855,2009-08-11 10:30:00.0,Intermediário
1.859,1.861,2009-08-11 11:00:00.0,Intermediário
1.858,1.86,2009-08-11 11:30:00.0,Intermediário
1.856,1.858,2009-08-11 12:00:00.0,Intermediário
1.855,1.857,2009-08-11 12:30:00.0,Intermediário
1.853,1.855,2009-08-11 13:00:00.0,Intermediário
1.85,1.852,2009-08-11 13:30:00.0,Intermediário
1.848,1.85,2009-08-11 14:00:00.0,Intermediário
1.848,1.85,2009-08-11 14:30:00.0,Intermediário
1.838,1.84,2009-08-11 15:00:00.0,Intermediário
1.84,1.842,2009-08-11 15:30:00.0,Intermediário
1.843,1.845,2009-08-11 16:00:00.0,Intermediário
1.841,1.843,2009-08-11 16:30:00.0,Fechamento Interbancário
1.8449,1.8457,2009-08-11 17:36:00.0,Fechamento
1.842,1.852,2009-08-12 09:15:00.0,Abertura
1.845,1.847,2009-08-12 09:30:00.0,Intermediário
1.848,1.85,2009-08-12 10:00:00.0,Intermediário
1.844,1.846,2009-08-12 10:30:00.0,Intermediário
1.836,1.838,2009-08-12 11:00:00.0,Intermediário
1.837,1.839,2009-08-12 11:30:00.0,Intermediário
1.833,1.835,2009-08-12 12:00:00.0,Intermediário
1.832,1.834,2009-08-12 12:30:00.0,Intermediário
1.83,1.832,2009-08-12 13:00:00.0,Intermediário
1.83,1.832,2009-08-12 13:30:00.0,Intermediário
1.83,1.832,2009-08-12 14:00:00.0,Intermediário
1.83,1.832,2009-08-12 14:30:00.0,Intermediário
1.835,1.837,2009-08-12 15:00:00.0,Intermediário
1.839,1.841,2009-08-12 15:30:00.0,Intermediário
1.836,1.838,2009-08-12 16:00:00.0,Intermediário
1.834,1.836,2009-08-12 16:30:00.0,Fechamento Interbancário
1.8378,1.8386,2009-08-12 17:33:00.0,Fechamento
1.817,1.827,2009-08-13 09:24:00.0,Abertura
1.82,1.822,2009-08-13 09:30:00.0,Intermediário
1.823,1.825,2009-08-13 10:00:00.0,Intermediário
1.829,1.831,2009-08-13 10:30:00.0,Intermediário
1.836,1.838,2009-08-13 11:00:00.0,Intermediário
1.834,1.836,2009-08-13 11:30:00.0,Intermediário
1.83,1.832,2009-08-13 12:00:00.0,Intermediário
1.832,1.834,2009-08-13 12:30:00.0,Intermediário
1.831,1.833,2009-08-13 13:00:00.0,Intermediário
1.829,1.831,2009-08-13 13:30:00.0,Intermediário
1.828,1.83,2009-08-13 14:00:00.0,Intermediário
1.828,1.83,2009-08-13 14:30:00.0,Intermediário
1.83,1.832,2009-08-13 15:00:00.0,Intermediário
1.831,1.833,2009-08-13 15:30:00.0,Intermediário
1.831,1.833,2009-08-13 16:00:00.0,Intermediário
1.832,1.834,2009-08-13 16:30:00.0,Fechamento Interbancário
1.8317,1.8325,2009-08-13 17:35:00.0,Fechamento
1.818,1.828,2009-08-14 09:14:00.0,Abertura
1.818,1.82,2009-08-14 09:30:00.0,Intermediário
1.821,1.823,2009-08-14 10:00:00.0,Intermediário
1.823,1.825,2009-08-14 10:30:00.0,Intermediário
1.827,1.829,2009-08-14 11:00:00.0,Intermediário
1.831,1.833,2009-08-14 11:30:00.0,Intermediário
1.834,1.836,2009-08-14 12:00:00.0,Intermediário
1.84,1.842,2009-08-14 12:30:00.0,Intermediário
1.845,1.847,2009-08-14 13:00:00.0,Intermediário
1.845,1.847,2009-08-14 13:30:00.0,Intermediário
1.845,1.847,2009-08-14 14:00:00.0,Intermediário
1.847,1.849,2009-08-14 14:30:00.0,Intermediário
1.851,1.853,2009-08-14 15:00:00.0,Intermediário
1.855,1.857,2009-08-14 15:30:00.0,Intermediário
1.851,1.853,2009-08-14 16:00:00.0,Intermediário
1.851,1.853,2009-08-14 16:30:00.0,Fechamento Interbancário
1.8377,1.8385,2009-08-14 17:36:00.0,Fechamento
1.868,1.878,2009-08-17 09:21:00.0,Abertura
1.873,1.875,2009-08-17 09:30:00.0,Intermediário
1.875,1.877,2009-08-17 10:00:00.0,Intermediário
1.876,1.878,2009-08-17 10:30:00.0,Intermediário
1.875,1.877,2009-08-17 11:00:00.0,Intermediário
1.876,1.878,2009-08-17 11:30:00.0,Intermediário
1.875,1.877,2009-08-17 12:00:00.0,Intermediário
1.869,1.871,2009-08-17 12:30:00.0,Intermediário
1.866,1.868,2009-08-17 13:00:00.0,Intermediário
1.866,1.868,2009-08-17 13:30:00.0,Intermediário
1.866,1.868,2009-08-17 14:00:00.0,Intermediário
1.868,1.87,2009-08-17 14:30:00.0,Intermediário
1.864,1.866,2009-08-17 15:00:00.0,Intermediário
1.862,1.864,2009-08-17 15:30:00.0,Intermediário
1.867,1.868,2009-08-17 16:00:00.0,Intermediário
1.867,1.869,2009-08-17 16:30:00.0,Fechamento Interbancário
1.8674,1.8682,2009-08-17 17:33:00.0,Fechamento
1.857,1.867,2009-08-18 09:17:00.0,Abertura
1.86,1.862,2009-08-18 09:30:00.0,Intermediário
1.867,1.869,2009-08-18 10:00:00.0,Intermediário
1.87,1.872,2009-08-18 10:30:00.0,Intermediário
1.87,1.872,2009-08-18 11:00:00.0,Intermediário
1.864,1.866,2009-08-18 11:30:00.0,Intermediário
1.864,1.866,2009-08-18 12:00:00.0,Intermediário
1.858,1.86,2009-08-18 12:30:00.0,Intermediário
1.852,1.854,2009-08-18 13:00:00.0,Intermediário
1.852,1.854,2009-08-18 13:30:00.0,Intermediário
1.852,1.854,2009-08-18 14:00:00.0,Intermediário
1.852,1.854,2009-08-18 14:30:00.0,Intermediário
1.852,1.854,2009-08-18 15:00:00.0,Intermediário
1.849,1.851,2009-08-18 15:30:00.0,Intermediário
1.848,1.85,2009-08-18 16:00:00.0,Intermediário
1.843,1.845,2009-08-18 17:28:00.0,Fechamento Interbancário
1.8566,1.8574,2009-08-18 19:18:00.0,Fechamento
1.855,1.865,2009-08-19 09:19:00.0,Abertura
1.862,1.864,2009-08-19 09:40:00.0,Intermediário
1.86,1.862,2009-08-19 10:23:00.0,Intermediário
1.862,1.864,2009-08-19 10:34:00.0,Intermediário
1.854,1.856,2009-08-19 11:00:00.0,Intermediário
1.852,1.854,2009-08-19 11:31:00.0,Intermediário
1.85,1.852,2009-08-19 12:01:00.0,Intermediário
1.842,1.844,2009-08-19 12:31:00.0,Intermediário
1.831,1.833,2009-08-19 13:00:00.0,Intermediário
1.831,1.833,2009-08-19 14:39:00.0,Intermediário
1.828,1.83,2009-08-19 14:41:00.0,Intermediário
1.828,1.83,2009-08-19 14:45:00.0,Intermediário
1.829,1.831,2009-08-19 15:00:00.0,Intermediário
1.836,1.838,2009-08-19 15:30:00.0,Intermediário
1.842,1.844,2009-08-19 16:00:00.0,Intermediário
1.844,1.846,2009-08-19 16:30:00.0,Fechamento Interbancário
1.8425,1.8433,2009-08-19 17:42:00.0,Fechamento
1.828,1.838,2009-08-20 09:17:00.0,Abertura
1.838,1.84,2009-08-20 09:30:00.0,Intermediário
1.846,1.848,2009-08-20 10:00:00.0,Intermediário
1.851,1.853,2009-08-20 10:30:00.0,Intermediário
1.847,1.849,2009-08-20 11:00:00.0,Intermediário
1.846,1.848,2009-08-20 11:30:00.0,Intermediário
1.845,1.847,2009-08-20 12:00:00.0,Intermediário
1.843,1.845,2009-08-20 12:30:00.0,Intermediário
1.845,1.847,2009-08-20 13:00:00.0,Intermediário
1.845,1.847,2009-08-20 13:30:00.0,Intermediário
1.842,1.844,2009-08-20 14:00:00.0,Intermediário
1.842,1.844,2009-08-20 14:30:00.0,Intermediário
1.84,1.842,2009-08-20 15:00:00.0,Intermediário
1.84,1.842,2009-08-20 15:30:00.0,Intermediário
1.842,1.844,2009-08-20 16:00:00.0,Intermediário
1.841,1.843,2009-08-20 16:30:00.0,Fechamento Interbancário
1.8426,1.8434,2009-08-20 17:34:00.0,Fechamento
1.829,1.839,2009-08-21 09:28:00.0,Abertura
1.832,1.834,2009-08-21 09:30:00.0,Intermediário
1.834,1.836,2009-08-21 10:00:00.0,Intermediário
1.832,1.834,2009-08-21 10:30:00.0,Intermediário
1.832,1.834,2009-08-21 11:00:00.0,Intermediário
1.828,1.83,2009-08-21 11:30:00.0,Intermediário
1.832,1.834,2009-08-21 12:00:00.0,Intermediário
1.829,1.831,2009-08-21 12:30:00.0,Intermediário
1.827,1.829,2009-08-21 13:00:00.0,Intermediário
1.827,1.829,2009-08-21 13:30:00.0,Intermediário
1.828,1.83,2009-08-21 14:00:00.0,Intermediário
1.826,1.828,2009-08-21 14:30:00.0,Intermediário
1.828,1.83,2009-08-21 15:00:00.0,Intermediário
1.828,1.83,2009-08-21 15:30:00.0,Intermediário
1.829,1.831,2009-08-21 16:00:00.0,Intermediário
1.829,1.831,2009-08-21 16:30:00.0,Fechamento Interbancário
1.8289,1.8297,2009-08-21 17:33:00.0,Fechamento
1.821,1.831,2009-08-24 09:10:00.0,Abertura
1.825,1.827,2009-08-24 09:30:00.0,Intermediário
1.825,1.827,2009-08-24 10:00:00.0,Intermediário
1.826,1.828,2009-08-24 10:30:00.0,Intermediário
1.828,1.83,2009-08-24 11:00:00.0,Intermediário
1.827,1.829,2009-08-24 11:30:00.0,Intermediário
1.827,1.829,2009-08-24 12:00:00.0,Intermediário
1.827,1.829,2009-08-24 12:30:00.0,Intermediário
1.832,1.834,2009-08-24 13:00:00.0,Intermediário
1.832,1.834,2009-08-24 13:30:00.0,Intermediário
1.832,1.834,2009-08-24 14:00:00.0,Intermediário
1.836,1.838,2009-08-24 14:30:00.0,Intermediário
1.836,1.838,2009-08-24 15:00:00.0,Intermediário
1.84,1.842,2009-08-24 15:30:00.0,Intermediário
1.839,1.841,2009-08-24 16:00:00.0,Intermediário
1.843,1.845,2009-08-24 16:30:00.0,Fechamento Interbancário
1.8331,1.8339,2009-08-24 17:34:00.0,Fechamento
1.833,1.843,2009-08-25 09:12:00.0,Abertura
1.834,1.836,2009-08-25 09:31:00.0,Intermediário
1.831,1.833,2009-08-25 10:00:00.0,Intermediário
1.832,1.834,2009-08-25 10:30:00.0,Intermediário
1.83,1.832,2009-08-25 11:00:00.0,Intermediário
1.835,1.837,2009-08-25 11:30:00.0,Intermediário
1.835,1.837,2009-08-25 12:00:00.0,Intermediário
1.836,1.838,2009-08-25 12:30:00.0,Intermediário
1.838,1.84,2009-08-25 13:00:00.0,Intermediário
1.838,1.84,2009-08-25 13:30:00.0,Intermediário
1.838,1.84,2009-08-25 14:00:00.0,Intermediário
1.848,1.85,2009-08-25 14:30:00.0,Intermediário
1.85,1.852,2009-08-25 15:00:00.0,Intermediário
1.851,1.853,2009-08-25 15:30:00.0,Intermediário
1.858,1.86,2009-08-25 16:00:00.0,Intermediário
1.855,1.857,2009-08-25 16:30:00.0,Fechamento Interbancário
1.8411,1.8419,2009-08-25 17:33:00.0,Fechamento
1.86,1.87,2009-08-26 09:14:00.0,Abertura
1.861,1.863,2009-08-26 09:30:00.0,Intermediário
1.866,1.868,2009-08-26 10:00:00.0,Intermediário
1.87,1.872,2009-08-26 10:30:00.0,Intermediário
1.872,1.874,2009-08-26 11:00:00.0,Intermediário
1.864,1.866,2009-08-26 11:30:00.0,Intermediário
1.867,1.869,2009-08-26 12:00:00.0,Intermediário
1.869,1.871,2009-08-26 12:30:00.0,Intermediário
1.869,1.871,2009-08-26 13:00:00.0,Intermediário
1.868,1.87,2009-08-26 13:30:00.0,Intermediário
1.868,1.87,2009-08-26 14:00:00.0,Intermediário
1.871,1.873,2009-08-26 14:30:00.0,Intermediário
1.868,1.87,2009-08-26 15:00:00.0,Intermediário
1.861,1.863,2009-08-26 15:30:00.0,Intermediário
1.859,1.861,2009-08-26 16:00:00.0,Intermediário
1.859,1.861,2009-08-26 16:30:00.0,Fechamento Interbancário
1.8662,1.867,2009-08-26 17:47:00.0,Fechamento
1.853,1.863,2009-08-27 09:09:00.0,Abertura
1.853,1.855,2009-08-27 09:30:00.0,Intermediário
1.853,1.855,2009-08-27 10:00:00.0,Intermediário
1.863,1.865,2009-08-27 10:30:00.0,Intermediário
1.868,1.87,2009-08-27 11:00:00.0,Intermediário
1.876,1.878,2009-08-27 11:30:00.0,Intermediário
1.882,1.884,2009-08-27 12:00:00.0,Intermediário
1.885,1.887,2009-08-27 12:30:00.0,Intermediário
1.882,1.884,2009-08-27 13:00:00.0,Intermediário
1.88,1.882,2009-08-27 13:30:00.0,Intermediário
1.88,1.882,2009-08-27 14:00:00.0,Intermediário
1.878,1.88,2009-08-27 14:30:00.0,Intermediário
1.873,1.875,2009-08-27 15:00:00.0,Intermediário
1.863,1.865,2009-08-27 15:30:00.0,Intermediário
1.862,1.864,2009-08-27 16:00:00.0,Intermediário
1.863,1.865,2009-08-27 16:30:00.0,Fechamento Interbancário
1.8661,1.8669,2009-08-27 17:33:00.0,Fechamento
1.86,1.87,2009-08-28 09:24:00.0,Abertura
1.866,1.868,2009-08-28 09:30:00.0,Intermediário
1.873,1.875,2009-08-28 10:00:00.0,Intermediário
1.869,1.871,2009-08-28 10:30:00.0,Intermediário
1.868,1.87,2009-08-28 11:00:00.0,Intermediário
1.87,1.872,2009-08-28 11:30:00.0,Intermediário
1.874,1.876,2009-08-28 12:00:00.0,Intermediário
1.875,1.877,2009-08-28 12:30:00.0,Intermediário
1.873,1.875,2009-08-28 13:00:00.0,Intermediário
1.873,1.875,2009-08-28 13:30:00.0,Intermediário
1.873,1.875,2009-08-28 14:00:00.0,Intermediário
1.873,1.875,2009-08-28 14:30:00.0,Intermediário
1.871,1.873,2009-08-28 15:00:00.0,Intermediário
1.868,1.871,2009-08-28 15:30:00.0,Intermediário
1.88,1.882,2009-08-28 16:00:00.0,Intermediário
1.88,1.882,2009-08-28 16:30:00.0,Fechamento Interbancário
1.8732,1.874,2009-08-28 17:39:00.0,Fechamento
1.898,1.908,2009-08-31 09:23:00.0,Abertura
1.9,1.902,2009-08-31 09:30:00.0,Intermediário
1.892,1.894,2009-08-31 10:00:00.0,Intermediário
1.886,1.888,2009-08-31 10:30:00.0,Intermediário
1.885,1.887,2009-08-31 11:00:00.0,Intermediário
1.879,1.881,2009-08-31 11:30:00.0,Intermediário
1.871,1.873,2009-08-31 12:00:00.0,Intermediário
1.872,1.874,2009-08-31 12:30:00.0,Intermediário
1.871,1.873,2009-08-31 13:00:00.0,Intermediário
1.871,1.873,2009-08-31 13:30:00.0,Intermediário
1.871,1.873,2009-08-31 14:00:00.0,Intermediário
1.874,1.876,2009-08-31 14:30:00.0,Intermediário
1.874,1.876,2009-08-31 15:00:00.0,Intermediário
1.884,1.886,2009-08-31 15:30:00.0,Intermediário
1.885,1.887,2009-08-31 16:00:00.0,Intermediário
1.888,1.89,2009-08-31 16:30:00.0,Fechamento Interbancário
1.8856,1.8864,2009-08-31 17:35:00.0,Fechamento
1.882,1.892,2009-09-01 09:13:00.0,Abertura
1.877,1.879,2009-09-01 09:30:00.0,Intermediário
1.88,1.882,2009-09-01 10:00:00.0,Intermediário
1.877,1.879,2009-09-01 10:30:00.0,Intermediário
1.871,1.873,2009-09-01 11:00:00.0,Intermediário
1.87,1.872,2009-09-01 11:30:00.0,Intermediário
1.87,1.872,2009-09-01 12:00:00.0,Intermediário
1.882,1.884,2009-09-01 12:30:00.0,Intermediário
1.89,1.892,2009-09-01 13:00:00.0,Intermediário
1.89,1.892,2009-09-01 13:30:00.0,Intermediário
1.891,1.893,2009-09-01 14:00:00.0,Intermediário
1.91,1.912,2009-09-01 14:30:00.0,Intermediário
1.902,1.904,2009-09-01 15:00:00.0,Intermediário
1.909,1.911,2009-09-01 15:30:00.0,Intermediário
1.904,1.906,2009-09-01 16:00:00.0,Intermediário
1.903,1.905,2009-09-01 16:30:00.0,Fechamento Interbancário
1.8821,1.8829,2009-09-01 17:36:00.0,Fechamento
1.902,1.912,2009-09-02 09:18:00.0,Abertura
1.914,1.916,2009-09-02 09:30:00.0,Intermediário
1.918,1.92,2009-09-02 10:00:00.0,Intermediário
1.913,1.915,2009-09-02 10:30:00.0,Intermediário
1.904,1.906,2009-09-02 11:00:00.0,Intermediário
1.905,1.907,2009-09-02 11:30:00.0,Intermediário
1.895,1.897,2009-09-02 12:00:00.0,Intermediário
1.894,1.896,2009-09-02 12:30:00.0,Intermediário
1.894,1.896,2009-09-02 13:00:00.0,Intermediário
1.894,1.896,2009-09-02 13:30:00.0,Intermediário
1.894,1.896,2009-09-02 14:00:00.0,Intermediário
1.888,1.89,2009-09-02 14:30:00.0,Intermediário
1.884,1.886,2009-09-02 15:00:00.0,Intermediário
1.882,1.884,2009-09-02 15:30:00.0,Intermediário
1.88,1.882,2009-09-02 16:00:00.0,Intermediário
1.883,1.885,2009-09-02 16:30:00.0,Fechamento Interbancário
1.903,1.9038,2009-09-02 17:37:00.0,Fechamento
1.865,1.875,2009-09-03 09:15:00.0,Abertura
1.868,1.87,2009-09-03 09:30:00.0,Intermediário
1.872,1.874,2009-09-03 10:00:00.0,Intermediário
1.872,1.874,2009-09-03 10:30:00.0,Intermediário
1.873,1.875,2009-09-03 11:00:00.0,Intermediário
1.874,1.876,2009-09-03 11:30:00.0,Intermediário
1.874,1.876,2009-09-03 12:00:00.0,Intermediário
1.872,1.874,2009-09-03 12:30:00.0,Intermediário
1.873,1.875,2009-09-03 13:00:00.0,Intermediário
1.871,1.873,2009-09-03 13:30:00.0,Intermediário
1.871,1.873,2009-09-03 14:00:00.0,Intermediário
1.871,1.873,2009-09-03 14:30:00.0,Intermediário
1.863,1.865,2009-09-03 15:00:00.0,Intermediário
1.865,1.867,2009-09-03 15:30:00.0,Intermediário
1.865,1.867,2009-09-03 16:00:00.0,Intermediário
1.864,1.866,2009-09-03 16:30:00.0,Fechamento Interbancário
1.8694,1.8702,2009-09-03 17:39:00.0,Fechamento
1.852,1.862,2009-09-04 09:24:00.0,Abertura
1.857,1.859,2009-09-04 09:30:00.0,Intermediário
1.858,1.86,2009-09-04 10:00:00.0,Intermediário
1.854,1.856,2009-09-04 10:30:00.0,Intermediário
1.857,1.859,2009-09-04 11:00:00.0,Intermediário
1.853,1.855,2009-09-04 11:30:00.0,Intermediário
1.852,1.854,2009-09-04 12:00:00.0,Intermediário
1.851,1.853,2009-09-04 12:30:00.0,Intermediário
1.845,1.847,2009-09-04 13:00:00.0,Intermediário
1.845,1.847,2009-09-04 13:30:00.0,Intermediário
1.845,1.847,2009-09-04 14:00:00.0,Intermediário
1.841,1.843,2009-09-04 14:30:00.0,Intermediário
1.838,1.84,2009-09-04 15:00:00.0,Intermediário
1.839,1.841,2009-09-04 15:30:00.0,Intermediário
1.838,1.84,2009-09-04 16:00:00.0,Intermediário
1.838,1.84,2009-09-04 16:30:00.0,Fechamento Interbancário
1.8493,1.8501,2009-09-04 17:41:00.0,Fechamento
1.822,1.832,2009-09-08 09:18:00.0,Abertura
1.826,1.828,2009-09-08 09:30:00.0,Intermediário
1.828,1.83,2009-09-08 10:00:00.0,Intermediário
1.823,1.825,2009-09-08 10:30:00.0,Intermediário
1.828,1.83,2009-09-08 11:00:00.0,Intermediário
1.827,1.829,2009-09-08 11:30:00.0,Intermediário
1.824,1.826,2009-09-08 12:00:00.0,Intermediário
1.822,1.824,2009-09-08 12:30:00.0,Intermediário
1.824,1.826,2009-09-08 13:00:00.0,Intermediário
1.824,1.826,2009-09-08 13:30:00.0,Intermediário
1.824,1.826,2009-09-08 14:00:00.0,Intermediário
1.824,1.826,2009-09-08 14:30:00.0,Intermediário
1.823,1.825,2009-09-08 15:00:00.0,Intermediário
1.823,1.825,2009-09-08 15:30:00.0,Intermediário
1.824,1.826,2009-09-08 16:00:00.0,Intermediário
1.825,1.827,2009-09-08 16:30:00.0,Fechamento Interbancário
1.8246,1.8254,2009-09-08 17:34:00.0,Fechamento
1.821,1.831,2009-09-09 09:09:00.0,Abertura
1.821,1.823,2009-09-09 09:30:00.0,Intermediário
1.818,1.82,2009-09-09 10:00:00.0,Intermediário
1.818,1.82,2009-09-09 10:30:00.0,Intermediário
1.822,1.824,2009-09-09 11:00:00.0,Intermediário
1.823,1.825,2009-09-09 11:30:00.0,Intermediário
1.823,1.825,2009-09-09 12:00:00.0,Intermediário
1.824,1.826,2009-09-09 12:30:00.0,Intermediário
1.828,1.83,2009-09-09 13:00:00.0,Intermediário
1.83,1.832,2009-09-09 13:30:00.0,Intermediário
1.83,1.832,2009-09-09 14:00:00.0,Intermediário
1.83,1.832,2009-09-09 14:30:00.0,Intermediário
1.835,1.837,2009-09-09 15:00:00.0,Intermediário
1.834,1.836,2009-09-09 15:30:00.0,Intermediário
1.836,1.838,2009-09-09 16:00:00.0,Intermediário
1.834,1.836,2009-09-09 16:30:00.0,Fechamento Interbancário
1.8272,1.828,2009-09-09 17:35:00.0,Fechamento
1.835,1.845,2009-09-10 09:18:00.0,Abertura
1.838,1.84,2009-09-10 09:30:00.0,Intermediário
1.828,1.83,2009-09-10 10:00:00.0,Intermediário
1.833,1.835,2009-09-10 10:30:00.0,Intermediário
1.834,1.836,2009-09-10 11:00:00.0,Intermediário
1.831,1.833,2009-09-10 11:30:00.0,Intermediário
1.82,1.822,2009-09-10 12:00:00.0,Intermediário
1.822,1.824,2009-09-10 12:30:00.0,Intermediário
1.819,1.821,2009-09-10 13:00:00.0,Intermediário
1.82,1.822,2009-09-10 13:30:00.0,Intermediário
1.818,1.82,2009-09-10 14:00:00.0,Intermediário
1.814,1.816,2009-09-10 14:30:00.0,Intermediário
1.814,1.816,2009-09-10 15:00:00.0,Intermediário
1.817,1.819,2009-09-10 15:30:00.0,Intermediário
1.819,1.821,2009-09-10 16:00:00.0,Intermediário
1.819,1.821,2009-09-10 16:30:00.0,Fechamento Interbancário
1.8253,1.8261,2009-09-10 17:48:00.0,Fechamento
1.812,1.822,2009-09-11 09:24:00.0,Abertura
1.812,1.814,2009-09-11 09:30:00.0,Intermediário
1.812,1.814,2009-09-11 10:00:00.0,Intermediário
1.812,1.814,2009-09-11 10:30:00.0,Intermediário
1.814,1.816,2009-09-11 11:00:00.0,Intermediário
1.819,1.821,2009-09-11 11:30:00.0,Intermediário
1.806,1.808,2009-09-11 12:00:00.0,Intermediário
1.809,1.811,2009-09-11 12:30:00.0,Intermediário
1.812,1.814,2009-09-11 13:00:00.0,Intermediário
1.812,1.814,2009-09-11 13:30:00.0,Intermediário
1.816,1.818,2009-09-11 14:00:00.0,Intermediário
1.813,1.815,2009-09-11 14:30:00.0,Intermediário
1.816,1.818,2009-09-11 15:00:00.0,Intermediário
1.82,1.822,2009-09-11 15:30:00.0,Intermediário
1.822,1.824,2009-09-11 16:00:00.0,Intermediário
1.825,1.827,2009-09-11 16:30:00.0,Fechamento Interbancário
1.8171,1.8179,2009-09-11 17:38:00.0,Fechamento
1.827,1.837,2009-09-14 09:16:00.0,Abertura
1.83,1.832,2009-09-14 09:30:00.0,Intermediário
1.828,1.83,2009-09-14 10:00:00.0,Intermediário
1.822,1.824,2009-09-14 10:30:00.0,Intermediário
1.816,1.818,2009-09-14 11:00:00.0,Intermediário
1.815,1.817,2009-09-14 11:30:00.0,Intermediário
1.813,1.815,2009-09-14 12:00:00.0,Intermediário
1.814,1.816,2009-09-14 12:30:00.0,Intermediário
1.815,1.817,2009-09-14 13:00:00.0,Intermediário
1.815,1.817,2009-09-14 13:30:00.0,Intermediário
1.815,1.817,2009-09-14 14:00:00.0,Intermediário
1.813,1.815,2009-09-14 14:30:00.0,Intermediário
1.815,1.817,2009-09-14 15:00:00.0,Intermediário
1.812,1.814,2009-09-14 15:30:00.0,Intermediário
1.811,1.813,2009-09-14 16:00:00.0,Intermediário
1.812,1.814,2009-09-14 16:30:00.0,Fechamento Interbancário
1.8189,1.8197,2009-09-14 17:35:00.0,Fechamento
1.808,1.818,2009-09-15 09:18:00.0,Abertura
1.813,1.815,2009-09-15 09:30:00.0,Intermediário
1.814,1.816,2009-09-15 10:00:00.0,Intermediário
1.814,1.816,2009-09-15 10:30:00.0,Intermediário
1.815,1.817,2009-09-15 11:00:00.0,Intermediário
1.812,1.814,2009-09-15 11:30:00.0,Intermediário
1.812,1.814,2009-09-15 12:00:00.0,Intermediário
1.81,1.812,2009-09-15 12:30:00.0,Intermediário
1.806,1.808,2009-09-15 13:00:00.0,Intermediário
1.807,1.809,2009-09-15 13:30:00.0,Intermediário
1.807,1.809,2009-09-15 14:00:00.0,Intermediário
1.804,1.806,2009-09-15 14:30:00.0,Intermediário
1.803,1.805,2009-09-15 15:00:00.0,Intermediário
1.804,1.806,2009-09-15 15:30:00.0,Intermediário
1.807,1.809,2009-09-15 16:00:00.0,Intermediário
1.805,1.807,2009-09-15 16:30:00.0,Fechamento Interbancário
1.8079,1.8087,2009-09-15 17:34:00.0,Fechamento
1.793,1.803,2009-09-16 09:15:00.0,Abertura
1.797,1.799,2009-09-16 09:30:00.0,Intermediário
1.795,1.797,2009-09-16 10:00:00.0,Intermediário
1.798,1.8,2009-09-16 10:30:00.0,Intermediário
1.803,1.805,2009-09-16 11:00:00.0,Intermediário
1.803,1.805,2009-09-16 11:30:00.0,Intermediário
1.799,1.801,2009-09-16 12:00:00.0,Intermediário
1.799,1.801,2009-09-16 12:30:00.0,Intermediário
1.798,1.8,2009-09-16 13:00:00.0,Intermediário
1.799,1.801,2009-09-16 13:30:00.0,Intermediário
1.799,1.801,2009-09-16 14:00:00.0,Intermediário
1.794,1.796,2009-09-16 14:30:00.0,Intermediário
1.798,1.8,2009-09-16 15:00:00.0,Intermediário
1.8,1.802,2009-09-16 15:30:00.0,Intermediário
1.798,1.8,2009-09-16 16:00:00.0,Intermediário
1.798,1.8,2009-09-16 16:30:00.0,Fechamento Interbancário
1.7976,1.7984,2009-09-16 17:39:00.0,Fechamento
1.8,1.81,2009-09-17 09:22:00.0,Abertura
1.803,1.805,2009-09-17 09:30:00.0,Intermediário
1.812,1.814,2009-09-17 10:00:00.0,Intermediário
1.809,1.811,2009-09-17 10:30:00.0,Intermediário
1.803,1.805,2009-09-17 11:00:00.0,Intermediário
1.804,1.806,2009-09-17 11:30:00.0,Intermediário
1.801,1.803,2009-09-17 12:00:00.0,Intermediário
1.802,1.804,2009-09-17 12:30:00.0,Intermediário
1.802,1.804,2009-09-17 13:00:00.0,Intermediário
1.809,1.811,2009-09-17 13:30:00.0,Intermediário
1.809,1.811,2009-09-17 14:00:00.0,Intermediário
1.815,1.817,2009-09-17 14:30:00.0,Intermediário
1.809,1.811,2009-09-17 15:00:00.0,Intermediário
1.81,1.812,2009-09-17 15:30:00.0,Intermediário
1.806,1.808,2009-09-17 16:00:00.0,Intermediário
1.805,1.807,2009-09-17 16:30:00.0,Fechamento Interbancário
1.8086,1.8094,2009-09-17 17:33:00.0,Fechamento
1.803,1.813,2009-09-18 09:23:00.0,Abertura
1.806,1.808,2009-09-18 09:30:00.0,Intermediário
1.803,1.805,2009-09-18 10:00:00.0,Intermediário
1.801,1.803,2009-09-18 10:30:00.0,Intermediário
1.799,1.801,2009-09-18 11:00:00.0,Intermediário
1.804,1.806,2009-09-18 11:30:00.0,Intermediário
1.803,1.805,2009-09-18 12:00:00.0,Intermediário
1.803,1.805,2009-09-18 12:30:00.0,Intermediário
1.804,1.806,2009-09-18 13:00:00.0,Intermediário
1.808,1.81,2009-09-18 13:30:00.0,Intermediário
1.808,1.81,2009-09-18 14:00:00.0,Intermediário
1.805,1.807,2009-09-18 14:30:00.0,Intermediário
1.805,1.807,2009-09-18 15:00:00.0,Intermediário
1.806,1.808,2009-09-18 15:30:00.0,Intermediário
1.809,1.811,2009-09-18 16:00:00.0,Intermediário
1.807,1.809,2009-09-18 16:30:00.0,Fechamento Interbancário
1.8041,1.8049,2009-09-18 17:45:00.0,Fechamento
1.814,1.824,2009-09-21 09:27:00.0,Abertura
1.817,1.819,2009-09-21 09:30:00.0,Intermediário
1.817,1.819,2009-09-21 10:00:00.0,Intermediário
1.817,1.819,2009-09-21 10:30:00.0,Intermediário
1.818,1.82,2009-09-21 11:00:00.0,Intermediário
1.815,1.817,2009-09-21 11:30:00.0,Intermediário
1.817,1.819,2009-09-21 12:00:00.0,Intermediário
1.814,1.816,2009-09-21 12:30:00.0,Intermediário
1.812,1.814,2009-09-21 13:00:00.0,Intermediário
1.813,1.815,2009-09-21 13:30:00.0,Intermediário
1.813,1.815,2009-09-21 14:00:00.0,Intermediário
1.814,1.816,2009-09-21 14:30:00.0,Intermediário
1.817,1.819,2009-09-21 15:00:00.0,Intermediário
1.816,1.818,2009-09-21 15:30:00.0,Intermediário
1.816,1.818,2009-09-21 16:00:00.0,Intermediário
1.816,1.818,2009-09-21 16:30:00.0,Fechamento Interbancário
1.8164,1.8172,2009-09-21 17:34:00.0,Fechamento
1.803,1.813,2009-09-22 09:21:00.0,Abertura
1.807,1.809,2009-09-22 09:30:00.0,Intermediário
1.81,1.812,2009-09-22 10:00:00.0,Intermediário
1.81,1.812,2009-09-22 10:30:00.0,Intermediário
1.81,1.812,2009-09-22 11:00:00.0,Intermediário
1.81,1.812,2009-09-22 11:30:00.0,Intermediário
1.81,1.812,2009-09-22 12:00:00.0,Intermediário
1.806,1.808,2009-09-22 12:30:00.0,Intermediário
1.803,1.805,2009-09-22 13:00:00.0,Intermediário
1.801,1.803,2009-09-22 13:30:00.0,Intermediário
1.801,1.803,2009-09-22 14:00:00.0,Intermediário
1.801,1.803,2009-09-22 14:30:00.0,Intermediário
1.8,1.802,2009-09-22 15:00:00.0,Intermediário
1.798,1.8,2009-09-22 15:30:00.0,Intermediário
1.796,1.798,2009-09-22 16:00:00.0,Intermediário
1.796,1.798,2009-09-22 16:30:00.0,Fechamento Interbancário
1.8053,1.8061,2009-09-22 17:36:00.0,Fechamento
1.787,1.797,2009-09-23 09:17:00.0,Abertura
1.79,1.792,2009-09-23 09:30:00.0,Intermediário
1.793,1.795,2009-09-23 10:00:00.0,Intermediário
1.795,1.797,2009-09-23 10:30:00.0,Intermediário
1.798,1.8,2009-09-23 11:00:00.0,Intermediário
1.795,1.797,2009-09-23 11:30:00.0,Intermediário
1.792,1.794,2009-09-23 12:00:00.0,Intermediário
1.791,1.793,2009-09-23 12:30:00.0,Intermediário
1.789,1.791,2009-09-23 13:00:00.0,Intermediário
1.786,1.788,2009-09-23 13:30:00.0,Intermediário
1.786,1.788,2009-09-23 14:00:00.0,Intermediário
1.786,1.788,2009-09-23 14:30:00.0,Intermediário
1.784,1.786,2009-09-23 15:00:00.0,Intermediário
1.78,1.782,2009-09-23 15:30:00.0,Intermediário
1.783,1.785,2009-09-23 16:00:00.0,Intermediário
1.786,1.788,2009-09-23 16:30:00.0,Fechamento Interbancário
1.7908,1.7916,2009-09-23 17:35:00.0,Fechamento
1.781,1.791,2009-09-24 09:25:00.0,Abertura
1.784,1.786,2009-09-24 09:30:00.0,Intermediário
1.782,1.784,2009-09-24 10:00:00.0,Intermediário
1.784,1.786,2009-09-24 10:30:00.0,Intermediário
1.786,1.788,2009-09-24 11:00:00.0,Intermediário
1.793,1.795,2009-09-24 11:30:00.0,Intermediário
1.795,1.797,2009-09-24 12:00:00.0,Intermediário
1.798,1.8,2009-09-24 12:30:00.0,Intermediário
1.8,1.803,2009-09-24 13:00:00.0,Intermediário
1.8,1.803,2009-09-24 13:30:00.0,Intermediário
1.803,1.805,2009-09-24 14:00:00.0,Intermediário
1.803,1.805,2009-09-24 14:30:00.0,Intermediário
1.808,1.81,2009-09-24 15:00:00.0,Intermediário
1.809,1.811,2009-09-24 15:30:00.0,Intermediário
1.805,1.807,2009-09-24 16:00:00.0,Intermediário
1.803,1.805,2009-09-24 16:30:00.0,Fechamento Interbancário
1.7909,1.7917,2009-09-24 17:34:00.0,Fechamento
1.795,1.805,2009-09-25 09:20:00.0,Abertura
1.803,1.805,2009-09-25 09:30:00.0,Intermediário
1.813,1.815,2009-09-25 10:00:00.0,Intermediário
1.804,1.806,2009-09-25 10:30:00.0,Intermediário
1.8,1.802,2009-09-25 11:00:00.0,Intermediário
1.796,1.798,2009-09-25 11:30:00.0,Intermediário
1.798,1.8,2009-09-25 12:00:00.0,Intermediário
1.799,1.801,2009-09-25 12:30:00.0,Intermediário
1.798,1.799,2009-09-25 13:00:00.0,Intermediário
1.798,1.799,2009-09-25 13:30:00.0,Intermediário
1.799,1.801,2009-09-25 14:00:00.0,Intermediário
1.799,1.801,2009-09-25 14:30:00.0,Intermediário
1.798,1.8,2009-09-25 15:00:00.0,Intermediário
1.798,1.8,2009-09-25 15:30:00.0,Intermediário
1.798,1.8,2009-09-25 16:00:00.0,Intermediário
1.798,1.8,2009-09-25 16:30:00.0,Fechamento Interbancário
1.8009,1.8017,2009-09-25 17:34:00.0,Fechamento
1.787,1.797,2009-09-28 09:29:00.0,Abertura
1.79,1.792,2009-09-28 09:30:00.0,Intermediário
1.785,1.787,2009-09-28 10:00:00.0,Intermediário
1.786,1.788,2009-09-28 10:30:00.0,Intermediário
1.786,1.788,2009-09-28 11:00:00.0,Intermediário
1.79,1.792,2009-09-28 11:30:00.0,Intermediário
1.79,1.792,2009-09-28 12:00:00.0,Intermediário
1.79,1.792,2009-09-28 12:30:00.0,Intermediário
1.788,1.79,2009-09-28 13:00:00.0,Intermediário
1.787,1.789,2009-09-28 13:30:00.0,Intermediário
1.787,1.789,2009-09-28 14:00:00.0,Intermediário
1.788,1.79,2009-09-28 14:30:00.0,Intermediário
1.789,1.791,2009-09-28 15:00:00.0,Intermediário
1.79,1.792,2009-09-28 15:30:00.0,Intermediário
1.791,1.793,2009-09-28 16:00:00.0,Intermediário
1.791,1.793,2009-09-28 16:30:00.0,Fechamento Interbancário
1.7902,1.791,2009-09-28 17:44:00.0,Fechamento
1.788,1.798,2009-09-29 09:24:00.0,Abertura
1.791,1.793,2009-09-29 09:30:00.0,Intermediário
1.794,1.796,2009-09-29 10:00:00.0,Intermediário
1.788,1.79,2009-09-29 10:32:00.0,Intermediário
1.787,1.789,2009-09-29 11:00:00.0,Intermediário
1.791,1.793,2009-09-29 11:30:00.0,Intermediário
1.788,1.79,2009-09-29 12:00:00.0,Intermediário
1.788,1.79,2009-09-29 12:30:00.0,Intermediário
1.788,1.79,2009-09-29 13:00:00.0,Intermediário
1.789,1.791,2009-09-29 13:30:00.0,Intermediário
1.789,1.791,2009-09-29 14:00:00.0,Intermediário
1.789,1.791,2009-09-29 14:30:00.0,Intermediário
1.789,1.791,2009-09-29 15:00:00.0,Intermediário
1.791,1.793,2009-09-29 15:30:00.0,Intermediário
1.791,1.793,2009-09-29 16:00:00.0,Intermediário
1.791,1.793,2009-09-29 16:30:00.0,Fechamento Interbancário
1.792,1.7928,2009-09-29 17:35:00.0,Fechamento
1.774,1.784,2009-09-30 09:09:00.0,Abertura
1.777,1.779,2009-09-30 09:30:00.0,Intermediário
1.779,1.781,2009-09-30 10:00:00.0,Intermediário
1.778,1.78,2009-09-30 10:30:00.0,Intermediário
1.782,1.784,2009-09-30 11:00:00.0,Intermediário
1.785,1.787,2009-09-30 11:30:00.0,Intermediário
1.78,1.782,2009-09-30 12:00:00.0,Intermediário
1.778,1.78,2009-09-30 12:30:00.0,Intermediário
1.776,1.778,2009-09-30 13:00:00.0,Intermediário
1.773,1.775,2009-09-30 13:30:00.0,Intermediário
1.766,1.768,2009-09-30 14:00:00.0,Intermediário
1.766,1.768,2009-09-30 14:30:00.0,Intermediário
1.765,1.767,2009-09-30 15:00:00.0,Intermediário
1.767,1.769,2009-09-30 15:30:00.0,Intermediário
1.77,1.772,2009-09-30 16:00:00.0,Intermediário
1.77,1.772,2009-09-30 16:30:00.0,Fechamento Interbancário
1.7773,1.7781,2009-09-30 17:36:00.0,Fechamento
1.769,1.779,2009-10-01 09:23:00.0,Abertura
1.77,1.772,2009-10-01 09:30:00.0,Intermediário
1.77,1.772,2009-10-01 10:00:00.0,Intermediário
1.767,1.769,2009-10-01 10:30:00.0,Intermediário
1.774,1.776,2009-10-01 11:00:00.0,Intermediário
1.774,1.776,2009-10-01 11:30:00.0,Intermediário
1.774,1.776,2009-10-01 12:00:00.0,Intermediário
1.78,1.782,2009-10-01 12:30:00.0,Intermediário
1.783,1.785,2009-10-01 13:00:00.0,Intermediário
1.783,1.785,2009-10-01 13:30:00.0,Intermediário
1.783,1.785,2009-10-01 14:00:00.0,Intermediário
1.783,1.785,2009-10-01 14:30:00.0,Intermediário
1.786,1.788,2009-10-01 15:00:00.0,Intermediário
1.78,1.782,2009-10-01 15:30:00.0,Intermediário
1.784,1.786,2009-10-01 16:00:00.0,Intermediário
1.786,1.788,2009-10-01 16:56:00.0,Fechamento Interbancário
1.7786,1.7794,2009-10-01 17:34:00.0,Fechamento
1.788,1.798,2009-10-02 09:23:00.0,Abertura
1.791,1.793,2009-10-02 09:30:00.0,Intermediário
1.802,1.804,2009-10-02 10:00:00.0,Intermediário
1.797,1.799,2009-10-02 10:30:00.0,Intermediário
1.787,1.789,2009-10-02 11:00:00.0,Intermediário
1.784,1.786,2009-10-02 11:30:00.0,Intermediário
1.782,1.784,2009-10-02 12:00:00.0,Intermediário
1.781,1.783,2009-10-02 12:30:00.0,Intermediário
1.78,1.782,2009-10-02 13:00:00.0,Intermediário
1.778,1.78,2009-10-02 13:30:00.0,Intermediário
1.778,1.78,2009-10-02 14:00:00.0,Intermediário
1.783,1.785,2009-10-02 14:30:00.0,Intermediário
1.772,1.774,2009-10-02 15:00:00.0,Intermediário
1.774,1.775,2009-10-02 15:30:00.0,Intermediário
1.774,1.775,2009-10-02 16:00:00.0,Intermediário
1.776,1.778,2009-10-02 16:30:00.0,Fechamento Interbancário
1.7836,1.7844,2009-10-02 17:32:00.0,Fechamento
1.765,1.775,2009-10-05 09:20:00.0,Abertura
1.773,1.775,2009-10-05 09:30:00.0,Intermediário
1.773,1.775,2009-10-05 10:00:00.0,Intermediário
1.775,1.777,2009-10-05 10:30:00.0,Intermediário
1.773,1.775,2009-10-05 11:00:00.0,Intermediário
1.772,1.774,2009-10-05 11:30:00.0,Intermediário
1.77,1.772,2009-10-05 12:00:00.0,Intermediário
1.771,1.773,2009-10-05 12:30:00.0,Intermediário
1.771,1.773,2009-10-05 13:00:00.0,Intermediário
1.77,1.772,2009-10-05 13:30:00.0,Intermediário
1.768,1.77,2009-10-05 14:00:00.0,Intermediário
1.765,1.767,2009-10-05 14:30:00.0,Intermediário
1.765,1.767,2009-10-05 15:00:00.0,Intermediário
1.764,1.766,2009-10-05 15:30:00.0,Intermediário
1.76,1.762,2009-10-05 16:00:00.0,Intermediário
1.759,1.761,2009-10-05 16:30:00.0,Fechamento Interbancário
1.7665,1.7673,2009-10-05 17:37:00.0,Fechamento
1.745,1.755,2009-10-06 09:12:00.0,Abertura
1.748,1.75,2009-10-06 09:30:00.0,Intermediário
1.748,1.75,2009-10-06 10:00:00.0,Intermediário
1.75,1.752,2009-10-06 10:30:00.0,Intermediário
1.747,1.749,2009-10-06 11:00:00.0,Intermediário
1.744,1.746,2009-10-06 11:30:00.0,Intermediário
1.744,1.746,2009-10-06 12:00:00.0,Intermediário
1.746,1.748,2009-10-06 12:30:00.0,Intermediário
1.748,1.75,2009-10-06 13:00:00.0,Intermediário
1.748,1.75,2009-10-06 13:30:00.0,Intermediário
1.748,1.75,2009-10-06 14:00:00.0,Intermediário
1.75,1.752,2009-10-06 14:30:00.0,Intermediário
1.753,1.755,2009-10-06 15:00:00.0,Intermediário
1.757,1.759,2009-10-06 15:30:00.0,Intermediário
1.753,1.755,2009-10-06 16:00:00.0,Intermediário
1.75,1.752,2009-10-06 16:30:00.0,Fechamento Interbancário
1.7525,1.7533,2009-10-06 17:36:00.0,Fechamento
1.762,1.772,2009-10-07 09:23:00.0,Abertura
1.765,1.767,2009-10-07 09:30:00.0,Intermediário
1.767,1.769,2009-10-07 10:00:00.0,Intermediário
1.762,1.764,2009-10-07 10:30:00.0,Intermediário
1.761,1.763,2009-10-07 11:00:00.0,Intermediário
1.757,1.759,2009-10-07 11:30:00.0,Intermediário
1.755,1.757,2009-10-07 12:00:00.0,Intermediário
1.755,1.757,2009-10-07 12:30:00.0,Intermediário
1.758,1.76,2009-10-07 13:00:00.0,Intermediário
1.758,1.76,2009-10-07 13:30:00.0,Intermediário
1.758,1.76,2009-10-07 14:00:00.0,Intermediário
1.758,1.76,2009-10-07 14:30:00.0,Intermediário
1.758,1.76,2009-10-07 15:00:00.0,Intermediário
1.758,1.76,2009-10-07 15:30:00.0,Intermediário
1.758,1.76,2009-10-07 16:00:00.0,Intermediário
1.754,1.756,2009-10-07 16:30:00.0,Fechamento Interbancário
1.7587,1.7595,2009-10-07 17:39:00.0,Fechamento
1.736,1.746,2009-10-08 09:09:00.0,Abertura
1.743,1.745,2009-10-08 09:30:00.0,Intermediário
1.742,1.744,2009-10-08 10:00:00.0,Intermediário
1.744,1.746,2009-10-08 10:30:00.0,Intermediário
1.745,1.747,2009-10-08 11:00:00.0,Intermediário
1.746,1.748,2009-10-08 11:30:00.0,Intermediário
1.746,1.748,2009-10-08 12:00:00.0,Intermediário
1.743,1.745,2009-10-08 12:30:00.0,Intermediário
1.744,1.746,2009-10-08 13:00:00.0,Intermediário
1.744,1.746,2009-10-08 13:30:00.0,Intermediário
1.737,1.739,2009-10-08 14:00:00.0,Intermediário
1.739,1.741,2009-10-08 14:30:00.0,Intermediário
1.739,1.741,2009-10-08 15:00:00.0,Intermediário
1.74,1.742,2009-10-08 15:30:00.0,Intermediário
1.737,1.739,2009-10-08 16:00:00.0,Intermediário
1.737,1.739,2009-10-08 16:30:00.0,Fechamento Interbancário
1.7404,1.7412,2009-10-08 17:33:00.0,Fechamento
1.737,1.747,2009-10-09 09:14:00.0,Abertura
1.743,1.745,2009-10-09 09:30:00.0,Intermediário
1.741,1.743,2009-10-09 10:00:00.0,Intermediário
1.74,1.742,2009-10-09 10:30:00.0,Intermediário
1.738,1.74,2009-10-09 11:00:00.0,Intermediário
1.738,1.74,2009-10-09 11:30:00.0,Intermediário
1.738,1.74,2009-10-09 12:00:00.0,Intermediário
1.736,1.738,2009-10-09 12:30:00.0,Intermediário
1.739,1.741,2009-10-09 13:00:00.0,Intermediário
1.74,1.742,2009-10-09 13:30:00.0,Intermediário
1.74,1.742,2009-10-09 14:00:00.0,Intermediário
1.74,1.742,2009-10-09 14:30:00.0,Intermediário
1.737,1.739,2009-10-09 15:00:00.0,Intermediário
1.738,1.74,2009-10-09 15:30:00.0,Intermediário
1.735,1.737,2009-10-09 16:00:00.0,Intermediário
1.735,1.737,2009-10-09 16:30:00.0,Fechamento Interbancário
1.7381,1.7389,2009-10-09 17:41:00.0,Fechamento
1.728,1.738,2009-10-13 09:27:00.0,Abertura
1.731,1.733,2009-10-13 09:30:00.0,Intermediário
1.731,1.733,2009-10-13 10:00:00.0,Intermediário
1.733,1.735,2009-10-13 10:30:00.0,Intermediário
1.734,1.736,2009-10-13 11:00:00.0,Intermediário
1.736,1.738,2009-10-13 11:30:00.0,Intermediário
1.734,1.736,2009-10-13 12:00:00.0,Intermediário
1.734,1.736,2009-10-13 12:30:00.0,Intermediário
1.731,1.733,2009-10-13 13:00:00.0,Intermediário
1.731,1.733,2009-10-13 13:30:00.0,Intermediário
1.731,1.733,2009-10-13 14:00:00.0,Intermediário
1.731,1.733,2009-10-13 14:30:00.0,Intermediário
1.728,1.73,2009-10-13 15:00:00.0,Intermediário
1.728,1.73,2009-10-13 15:30:00.0,Intermediário
1.726,1.728,2009-10-13 16:00:00.0,Intermediário
1.725,1.727,2009-10-13 16:30:00.0,Fechamento Interbancário
1.729,1.7298,2009-10-13 17:41:00.0,Fechamento
1.71,1.72,2009-10-14 09:22:00.0,Abertura
1.713,1.715,2009-10-14 09:30:00.0,Intermediário
1.711,1.713,2009-10-14 10:00:00.0,Intermediário
1.712,1.714,2009-10-14 10:30:00.0,Intermediário
1.712,1.714,2009-10-14 11:00:00.0,Intermediário
1.71,1.712,2009-10-14 11:30:00.0,Intermediário
1.708,1.71,2009-10-14 12:00:00.0,Intermediário
1.707,1.709,2009-10-14 12:30:00.0,Intermediário
1.704,1.706,2009-10-14 13:00:00.0,Intermediário
1.705,1.707,2009-10-14 13:30:00.0,Intermediário
1.705,1.707,2009-10-14 14:00:00.0,Intermediário
1.705,1.707,2009-10-14 14:30:00.0,Intermediário
1.704,1.706,2009-10-14 15:00:00.0,Intermediário
1.701,1.703,2009-10-14 15:30:00.0,Intermediário
1.701,1.703,2009-10-14 16:00:00.0,Intermediário
1.701,1.703,2009-10-14 16:30:00.0,Fechamento Interbancário
1.7091,1.7099,2009-10-14 17:38:00.0,Fechamento
1.707,1.717,2009-10-15 09:21:00.0,Abertura
1.71,1.712,2009-10-15 09:30:00.0,Intermediário
1.711,1.713,2009-10-15 10:00:00.0,Intermediário
1.709,1.711,2009-10-15 10:30:00.0,Intermediário
1.709,1.711,2009-10-15 11:00:00.0,Intermediário
1.707,1.709,2009-10-15 11:30:00.0,Intermediário
1.704,1.706,2009-10-15 12:00:00.0,Intermediário
1.701,1.703,2009-10-15 12:30:00.0,Intermediário
1.7,1.702,2009-10-15 13:00:00.0,Intermediário
1.7,1.702,2009-10-15 13:30:00.0,Intermediário
1.7,1.702,2009-10-15 14:00:00.0,Intermediário
1.7,1.702,2009-10-15 14:30:00.0,Intermediário
1.702,1.704,2009-10-15 15:00:00.0,Intermediário
1.701,1.703,2009-10-15 15:30:00.0,Intermediário
1.698,1.7,2009-10-15 16:00:00.0,Intermediário
1.698,1.7,2009-10-15 16:30:00.0,Fechamento Interbancário
1.7029,1.7037,2009-10-15 17:42:00.0,Fechamento
1.71,1.72,2009-10-16 09:15:00.0,Abertura
1.718,1.72,2009-10-16 09:30:00.0,Intermediário
1.717,1.719,2009-10-16 10:00:00.0,Intermediário
1.715,1.717,2009-10-16 10:30:00.0,Intermediário
1.711,1.713,2009-10-16 11:00:00.0,Intermediário
1.708,1.71,2009-10-16 11:30:00.0,Intermediário
1.71,1.712,2009-10-16 12:00:00.0,Intermediário
1.709,1.711,2009-10-16 12:30:00.0,Intermediário
1.709,1.711,2009-10-16 13:00:00.0,Intermediário
1.709,1.711,2009-10-16 13:30:00.0,Intermediário
1.709,1.711,2009-10-16 14:00:00.0,Intermediário
1.709,1.711,2009-10-16 14:30:00.0,Intermediário
1.707,1.709,2009-10-16 15:00:00.0,Intermediário
1.707,1.709,2009-10-16 15:30:00.0,Intermediário
1.706,1.708,2009-10-16 16:00:00.0,Intermediário
1.706,1.708,2009-10-16 16:30:00.0,Fechamento Interbancário
1.7127,1.7135,2009-10-16 17:47:00.0,Fechamento
1.71,1.72,2009-10-19 09:25:00.0,Abertura
1.713,1.715,2009-10-19 09:30:00.0,Intermediário
1.712,1.714,2009-10-19 10:00:00.0,Intermediário
1.714,1.716,2009-10-19 10:30:00.0,Intermediário
1.71,1.712,2009-10-19 11:00:00.0,Intermediário
1.712,1.714,2009-10-19 11:30:00.0,Intermediário
1.717,1.719,2009-10-19 12:00:00.0,Intermediário
1.713,1.715,2009-10-19 12:30:00.0,Intermediário
1.708,1.71,2009-10-19 13:00:00.0,Intermediário
1.708,1.71,2009-10-19 13:30:00.0,Intermediário
1.708,1.71,2009-10-19 14:00:00.0,Intermediário
1.708,1.71,2009-10-19 14:30:00.0,Intermediário
1.705,1.707,2009-10-19 15:00:00.0,Intermediário
1.706,1.708,2009-10-19 15:30:00.0,Intermediário
1.712,1.714,2009-10-19 16:00:00.0,Intermediário
1.711,1.713,2009-10-19 16:30:00.0,Fechamento Interbancário
1.7122,1.713,2009-10-19 17:38:00.0,Fechamento
1.735,1.745,2009-10-20 09:21:00.0,Abertura
1.738,1.74,2009-10-20 09:30:00.0,Intermediário
1.735,1.737,2009-10-20 10:00:00.0,Intermediário
1.735,1.737,2009-10-20 10:30:00.0,Intermediário
1.736,1.737,2009-10-20 11:00:00.0,Intermediário
1.738,1.74,2009-10-20 11:30:00.0,Intermediário
1.74,1.742,2009-10-20 12:00:00.0,Intermediário
1.74,1.742,2009-10-20 12:30:00.0,Intermediário
1.745,1.747,2009-10-20 13:00:00.0,Intermediário
1.753,1.755,2009-10-20 13:30:00.0,Intermediário
1.76,1.762,2009-10-20 14:00:00.0,Intermediário
1.754,1.756,2009-10-20 14:30:00.0,Intermediário
1.75,1.752,2009-10-20 15:00:00.0,Intermediário
1.747,1.749,2009-10-20 15:30:00.0,Intermediário
1.748,1.75,2009-10-20 16:01:00.0,Intermediário
1.743,1.745,2009-10-20 16:30:00.0,Fechamento Interbancário
1.7442,1.745,2009-10-20 17:35:00.0,Fechamento
1.757,1.767,2009-10-21 09:19:00.0,Abertura
1.76,1.762,2009-10-21 09:30:00.0,Intermediário
1.765,1.767,2009-10-21 10:00:00.0,Intermediário
1.755,1.757,2009-10-21 10:30:00.0,Intermediário
1.756,1.758,2009-10-21 11:00:00.0,Intermediário
1.748,1.75,2009-10-21 11:30:00.0,Intermediário
1.742,1.744,2009-10-21 12:00:00.0,Intermediário
1.738,1.74,2009-10-21 12:30:00.0,Intermediário
1.733,1.734,2009-10-21 13:00:00.0,Intermediário
1.733,1.735,2009-10-21 13:30:00.0,Intermediário
1.731,1.733,2009-10-21 14:00:00.0,Intermediário
1.734,1.736,2009-10-21 14:30:00.0,Intermediário
1.73,1.732,2009-10-21 15:00:00.0,Intermediário
1.725,1.727,2009-10-21 15:30:00.0,Intermediário
1.723,1.725,2009-10-21 16:00:00.0,Intermediário
1.723,1.725,2009-10-21 16:30:00.0,Fechamento Interbancário
1.7432,1.744,2009-10-21 17:32:00.0,Fechamento
1.73,1.74,2009-10-22 09:26:00.0,Abertura
1.733,1.735,2009-10-22 09:30:00.0,Intermediário
1.733,1.735,2009-10-22 10:00:00.0,Intermediário
1.734,1.736,2009-10-22 10:30:00.0,Intermediário
1.732,1.734,2009-10-22 11:00:00.0,Intermediário
1.732,1.734,2009-10-22 11:30:00.0,Intermediário
1.733,1.735,2009-10-22 12:00:00.0,Intermediário
1.733,1.735,2009-10-22 12:30:00.0,Intermediário
1.733,1.735,2009-10-22 13:00:00.0,Intermediário
1.733,1.735,2009-10-22 13:30:00.0,Intermediário
1.733,1.735,2009-10-22 14:00:00.0,Intermediário
1.728,1.73,2009-10-22 14:30:00.0,Intermediário
1.726,1.728,2009-10-22 15:00:00.0,Intermediário
1.726,1.728,2009-10-22 15:30:00.0,Intermediário
1.726,1.728,2009-10-22 16:00:00.0,Intermediário
1.723,1.725,2009-10-22 16:30:00.0,Fechamento Interbancário
1.7296,1.7304,2009-10-22 17:54:00.0,Fechamento
1.71,1.72,2009-10-23 09:15:00.0,Abertura
1.714,1.716,2009-10-23 09:30:00.0,Intermediário
1.713,1.715,2009-10-23 10:00:00.0,Intermediário
1.714,1.716,2009-10-23 10:30:00.0,Intermediário
1.71,1.712,2009-10-23 11:00:00.0,Intermediário
1.71,1.712,2009-10-23 11:30:00.0,Intermediário
1.71,1.712,2009-10-23 12:00:00.0,Intermediário
1.713,1.715,2009-10-23 12:30:00.0,Intermediário
1.713,1.715,2009-10-23 13:00:00.0,Intermediário
1.714,1.716,2009-10-23 13:30:00.0,Intermediário
1.714,1.716,2009-10-23 14:00:00.0,Intermediário
1.712,1.714,2009-10-23 14:30:00.0,Intermediário
1.709,1.711,2009-10-23 15:00:00.0,Intermediário
1.711,1.713,2009-10-23 15:30:00.0,Intermediário
1.711,1.713,2009-10-23 16:00:00.0,Intermediário
1.711,1.713,2009-10-23 16:30:00.0,Fechamento Interbancário
1.7105,1.7113,2009-10-23 17:38:00.0,Fechamento
1.707,1.717,2009-10-26 09:13:00.0,Abertura
1.711,1.713,2009-10-26 09:30:00.0,Intermediário
1.711,1.713,2009-10-26 10:00:00.0,Intermediário
1.708,1.71,2009-10-26 10:30:00.0,Intermediário
1.705,1.707,2009-10-26 11:00:00.0,Intermediário
1.704,1.706,2009-10-26 11:30:00.0,Intermediário
1.703,1.705,2009-10-26 12:00:00.0,Intermediário
1.703,1.705,2009-10-26 12:30:00.0,Intermediário
1.704,1.706,2009-10-26 13:00:00.0,Intermediário
1.708,1.71,2009-10-26 13:30:00.0,Intermediário
1.714,1.716,2009-10-26 14:00:00.0,Intermediário
1.714,1.717,2009-10-26 14:30:00.0,Intermediário
1.716,1.718,2009-10-26 15:00:00.0,Intermediário
1.725,1.727,2009-10-26 15:30:00.0,Intermediário
1.728,1.73,2009-10-26 16:00:00.0,Intermediário
1.737,1.739,2009-10-26 16:30:00.0,Fechamento Interbancário
1.7149,1.7157,2009-10-26 17:33:00.0,Fechamento
1.722,1.732,2009-10-27 09:13:00.0,Abertura
1.729,1.731,2009-10-27 09:30:00.0,Intermediário
1.728,1.73,2009-10-27 10:00:00.0,Intermediário
1.737,1.739,2009-10-27 10:30:00.0,Intermediário
1.73,1.732,2009-10-27 11:00:00.0,Intermediário
1.732,1.734,2009-10-27 11:30:00.0,Intermediário
1.735,1.737,2009-10-27 12:00:00.0,Intermediário
1.738,1.74,2009-10-27 12:30:00.0,Intermediário
1.73,1.732,2009-10-27 13:00:00.0,Intermediário
1.73,1.732,2009-10-27 13:30:00.0,Intermediário
1.73,1.732,2009-10-27 14:00:00.0,Intermediário
1.734,1.736,2009-10-27 14:30:00.0,Intermediário
1.737,1.739,2009-10-27 15:00:00.0,Intermediário
1.74,1.742,2009-10-27 15:30:00.0,Intermediário
1.738,1.74,2009-10-27 16:00:00.0,Intermediário
1.737,1.739,2009-10-27 16:30:00.0,Fechamento Interbancário
1.7334,1.7342,2009-10-27 17:33:00.0,Fechamento
1.747,1.757,2009-10-28 09:20:00.0,Abertura
1.75,1.752,2009-10-28 09:30:00.0,Intermediário
1.747,1.749,2009-10-28 10:00:00.0,Intermediário
1.738,1.74,2009-10-28 10:30:00.0,Intermediário
1.732,1.734,2009-10-28 11:00:00.0,Intermediário
1.736,1.738,2009-10-28 11:30:00.0,Intermediário
1.736,1.738,2009-10-28 12:00:00.0,Intermediário
1.74,1.742,2009-10-28 12:30:00.0,Intermediário
1.747,1.749,2009-10-28 13:00:00.0,Intermediário
1.743,1.745,2009-10-28 13:30:00.0,Intermediário
1.743,1.745,2009-10-28 14:00:00.0,Intermediário
1.755,1.757,2009-10-28 14:30:00.0,Intermediário
1.756,1.758,2009-10-28 15:00:00.0,Intermediário
1.752,1.754,2009-10-28 15:30:00.0,Intermediário
1.753,1.755,2009-10-28 16:00:00.0,Intermediário
1.753,1.755,2009-10-28 16:30:00.0,Fechamento Interbancário
1.7439,1.7447,2009-10-28 17:32:00.0,Fechamento
1.755,1.765,2009-10-29 09:23:00.0,Abertura
1.76,1.762,2009-10-29 09:30:00.0,Intermediário
1.765,1.767,2009-10-29 10:00:00.0,Intermediário
1.772,1.774,2009-10-29 10:30:00.0,Intermediário
1.746,1.748,2009-10-29 11:00:00.0,Intermediário
1.75,1.752,2009-10-29 11:30:00.0,Intermediário
1.752,1.754,2009-10-29 12:00:00.0,Intermediário
1.741,1.743,2009-10-29 12:30:00.0,Intermediário
1.744,1.746,2009-10-29 13:00:00.0,Intermediário
1.734,1.736,2009-10-29 13:30:00.0,Intermediário
1.735,1.737,2009-10-29 14:00:00.0,Intermediário
1.732,1.734,2009-10-29 14:30:00.0,Intermediário
1.734,1.736,2009-10-29 15:00:00.0,Intermediário
1.733,1.735,2009-10-29 15:30:00.0,Intermediário
1.729,1.731,2009-10-29 16:00:00.0,Intermediário
1.729,1.731,2009-10-29 16:30:00.0,Fechamento Interbancário
1.7428,1.7436,2009-10-29 17:32:00.0,Fechamento
1.718,1.728,2009-10-30 09:27:00.0,Abertura
1.721,1.723,2009-10-30 09:30:00.0,Intermediário
1.728,1.73,2009-10-30 10:00:00.0,Intermediário
1.724,1.726,2009-10-30 10:30:00.0,Intermediário
1.727,1.729,2009-10-30 11:00:00.0,Intermediário
1.726,1.728,2009-10-30 11:30:00.0,Intermediário
1.728,1.73,2009-10-30 12:00:00.0,Intermediário
1.737,1.739,2009-10-30 12:30:00.0,Intermediário
1.735,1.737,2009-10-30 13:00:00.0,Intermediário
1.736,1.738,2009-10-30 13:30:00.0,Intermediário
1.747,1.749,2009-10-30 14:00:00.0,Intermediário
1.747,1.749,2009-10-30 14:30:00.0,Intermediário
1.753,1.755,2009-10-30 15:00:00.0,Intermediário
1.753,1.755,2009-10-30 15:30:00.0,Intermediário
1.757,1.759,2009-10-30 16:00:00.0,Intermediário
1.755,1.757,2009-10-30 16:30:00.0,Fechamento Interbancário
1.7432,1.744,2009-10-30 17:35:00.0,Fechamento
1.771,1.781,2009-11-03 09:23:00.0,Abertura
1.778,1.78,2009-11-03 09:30:00.0,Intermediário
1.773,1.775,2009-11-03 10:00:00.0,Intermediário
1.772,1.774,2009-11-03 10:30:00.0,Intermediário
1.766,1.768,2009-11-03 11:00:00.0,Intermediário
1.763,1.765,2009-11-03 11:30:00.0,Intermediário
1.768,1.77,2009-11-03 12:00:00.0,Intermediário
1.769,1.771,2009-11-03 12:30:00.0,Intermediário
1.76,1.762,2009-11-03 13:00:00.0,Intermediário
1.758,1.76,2009-11-03 13:30:00.0,Intermediário
1.753,1.755,2009-11-03 14:00:00.0,Intermediário
1.752,1.754,2009-11-03 14:30:00.0,Intermediário
1.753,1.755,2009-11-03 15:00:00.0,Intermediário
1.748,1.75,2009-11-03 15:30:00.0,Intermediário
1.743,1.745,2009-11-03 16:00:00.0,Intermediário
1.743,1.745,2009-11-03 16:30:00.0,Fechamento Interbancário
1.758,1.7588,2009-11-03 17:37:00.0,Fechamento
1.729,1.739,2009-11-04 09:12:00.0,Abertura
1.73,1.732,2009-11-04 09:30:00.0,Intermediário
1.728,1.73,2009-11-04 10:00:00.0,Intermediário
1.732,1.734,2009-11-04 10:30:00.0,Intermediário
1.732,1.734,2009-11-04 11:00:00.0,Intermediário
1.726,1.728,2009-11-04 11:30:00.0,Intermediário
1.725,1.727,2009-11-04 12:00:00.0,Intermediário
1.725,1.727,2009-11-04 12:30:00.0,Intermediário
1.725,1.727,2009-11-04 13:00:00.0,Intermediário
1.725,1.727,2009-11-04 13:30:00.0,Intermediário
1.724,1.726,2009-11-04 14:00:00.0,Intermediário
1.721,1.723,2009-11-04 14:30:00.0,Intermediário
1.723,1.725,2009-11-04 15:00:00.0,Intermediário
1.726,1.728,2009-11-04 15:30:00.0,Intermediário
1.726,1.728,2009-11-04 16:00:00.0,Intermediário
1.726,1.728,2009-11-04 16:30:00.0,Fechamento Interbancário
1.7263,1.7271,2009-11-04 17:34:00.0,Fechamento
1.719,1.729,2009-11-05 09:19:00.0,Abertura
1.722,1.724,2009-11-05 09:30:00.0,Intermediário
1.726,1.728,2009-11-05 10:00:00.0,Intermediário
1.722,1.724,2009-11-05 10:30:00.0,Intermediário
1.722,1.724,2009-11-05 11:00:00.0,Intermediário
1.724,1.726,2009-11-05 11:30:00.0,Intermediário
1.722,1.724,2009-11-05 12:00:00.0,Intermediário
1.725,1.727,2009-11-05 12:30:00.0,Intermediário
1.721,1.723,2009-11-05 13:00:00.0,Intermediário
1.72,1.722,2009-11-05 13:30:00.0,Intermediário
1.718,1.72,2009-11-05 14:00:00.0,Intermediário
1.718,1.72,2009-11-05 14:30:00.0,Intermediário
1.722,1.724,2009-11-05 15:00:00.0,Intermediário
1.721,1.723,2009-11-05 15:30:00.0,Intermediário
1.72,1.722,2009-11-05 16:00:00.0,Intermediário
1.72,1.722,2009-11-05 16:30:00.0,Fechamento Interbancário
1.7232,1.724,2009-11-05 17:33:00.0,Fechamento
1.708,1.718,2009-11-06 09:16:00.0,Abertura
1.711,1.713,2009-11-06 09:30:00.0,Intermediário
1.719,1.721,2009-11-06 10:00:00.0,Intermediário
1.717,1.719,2009-11-06 10:30:00.0,Intermediário
1.717,1.719,2009-11-06 11:00:00.0,Intermediário
1.719,1.721,2009-11-06 11:30:00.0,Intermediário
1.719,1.721,2009-11-06 12:00:00.0,Intermediário
1.719,1.721,2009-11-06 12:30:00.0,Intermediário
1.715,1.717,2009-11-06 13:00:00.0,Intermediário
1.718,1.72,2009-11-06 13:30:00.0,Intermediário
1.72,1.722,2009-11-06 14:00:00.0,Intermediário
1.715,1.717,2009-11-06 14:30:00.0,Intermediário
1.716,1.718,2009-11-06 15:00:00.0,Intermediário
1.715,1.717,2009-11-06 15:30:00.0,Intermediário
1.715,1.717,2009-11-06 16:00:00.0,Intermediário
1.717,1.719,2009-11-06 16:30:00.0,Fechamento Interbancário
1.7171,1.7179,2009-11-06 17:37:00.0,Fechamento
1.699,1.709,2009-11-09 09:15:00.0,Abertura
1.705,1.707,2009-11-09 09:30:00.0,Intermediário
1.704,1.706,2009-11-09 10:00:00.0,Intermediário
1.704,1.706,2009-11-09 10:30:00.0,Intermediário
1.702,1.704,2009-11-09 11:00:00.0,Intermediário
1.704,1.706,2009-11-09 11:30:00.0,Intermediário
1.704,1.706,2009-11-09 12:00:00.0,Intermediário
1.704,1.706,2009-11-09 12:30:00.0,Intermediário
1.701,1.703,2009-11-09 13:00:00.0,Intermediário
1.698,1.7,2009-11-09 13:30:00.0,Intermediário
1.699,1.701,2009-11-09 14:00:00.0,Intermediário
1.697,1.699,2009-11-09 14:30:00.0,Intermediário
1.698,1.7,2009-11-09 15:00:00.0,Intermediário
1.699,1.701,2009-11-09 15:30:00.0,Intermediário
1.698,1.7,2009-11-09 16:00:00.0,Intermediário
1.699,1.701,2009-11-09 16:30:00.0,Fechamento Interbancário
1.7016,1.7024,2009-11-09 17:37:00.0,Fechamento
1.697,1.707,2009-11-10 09:22:00.0,Abertura
1.702,1.704,2009-11-10 09:30:00.0,Intermediário
1.708,1.71,2009-11-10 10:00:00.0,Intermediário
1.71,1.712,2009-11-10 10:30:00.0,Intermediário
1.708,1.71,2009-11-10 11:00:00.0,Intermediário
1.713,1.715,2009-11-10 11:30:00.0,Intermediário
1.713,1.715,2009-11-10 12:00:00.0,Intermediário
1.713,1.715,2009-11-10 12:30:00.0,Intermediário
1.707,1.709,2009-11-10 13:00:00.0,Intermediário
1.703,1.705,2009-11-10 13:30:00.0,Intermediário
1.705,1.707,2009-11-10 14:00:00.0,Intermediário
1.707,1.709,2009-11-10 14:30:00.0,Intermediário
1.705,1.707,2009-11-10 15:00:00.0,Intermediário
1.713,1.715,2009-11-10 15:30:00.0,Intermediário
1.713,1.715,2009-11-10 16:00:00.0,Intermediário
1.715,1.717,2009-11-10 16:30:00.0,Fechamento Interbancário
1.7088,1.7096,2009-11-10 17:34:00.0,Fechamento
1.7,1.71,2009-11-11 10:14:00.0,Abertura
1.702,1.704,2009-11-11 10:19:00.0,Intermediário
1.699,1.701,2009-11-11 10:23:00.0,Intermediário
1.703,1.705,2009-11-11 10:30:00.0,Intermediário
1.705,1.707,2009-11-11 11:00:00.0,Intermediário
1.704,1.706,2009-11-11 11:30:00.0,Intermediário
1.707,1.709,2009-11-11 12:00:00.0,Intermediário
1.705,1.707,2009-11-11 12:30:00.0,Intermediário
1.708,1.71,2009-11-11 13:00:00.0,Intermediário
1.709,1.711,2009-11-11 13:30:00.0,Intermediário
1.715,1.717,2009-11-11 14:00:00.0,Intermediário
1.715,1.717,2009-11-11 14:30:00.0,Intermediário
1.719,1.721,2009-11-11 15:00:00.0,Intermediário
1.72,1.722,2009-11-11 15:30:00.0,Intermediário
1.723,1.725,2009-11-11 16:00:00.0,Intermediário
1.72,1.722,2009-11-11 16:30:00.0,Fechamento Interbancário
1.7104,1.7112,2009-11-11 17:36:00.0,Fechamento
1.716,1.726,2009-11-12 09:24:00.0,Abertura
1.72,1.722,2009-11-12 09:30:00.0,Intermediário
1.716,1.718,2009-11-12 10:00:00.0,Intermediário
1.722,1.724,2009-11-12 10:30:00.0,Intermediário
1.726,1.728,2009-11-12 11:00:00.0,Intermediário
1.724,1.726,2009-11-12 11:30:00.0,Intermediário
1.723,1.725,2009-11-12 12:00:00.0,Intermediário
1.724,1.726,2009-11-12 12:30:00.0,Intermediário
1.717,1.719,2009-11-12 13:00:00.0,Intermediário
1.721,1.722,2009-11-12 13:30:00.0,Intermediário
1.721,1.722,2009-11-12 14:00:00.0,Intermediário
1.728,1.73,2009-11-12 14:30:00.0,Intermediário
1.733,1.735,2009-11-12 15:00:00.0,Intermediário
1.733,1.735,2009-11-12 15:30:00.0,Intermediário
1.734,1.736,2009-11-12 16:00:00.0,Intermediário
1.736,1.738,2009-11-12 16:30:00.0,Fechamento Interbancário
1.7242,1.725,2009-11-12 17:36:00.0,Fechamento
1.724,1.734,2009-11-13 09:17:00.0,Abertura
1.729,1.731,2009-11-13 09:30:00.0,Intermediário
1.73,1.732,2009-11-13 10:00:00.0,Intermediário
1.732,1.734,2009-11-13 10:30:00.0,Intermediário
1.736,1.738,2009-11-13 11:00:00.0,Intermediário
1.738,1.74,2009-11-13 11:30:00.0,Intermediário
1.736,1.738,2009-11-13 12:00:00.0,Intermediário
1.736,1.738,2009-11-13 12:30:00.0,Intermediário
1.737,1.739,2009-11-13 13:00:00.0,Intermediário
1.734,1.736,2009-11-13 13:30:00.0,Intermediário
1.728,1.73,2009-11-13 14:00:00.0,Intermediário
1.728,1.73,2009-11-13 14:30:00.0,Intermediário
1.726,1.728,2009-11-13 15:02:00.0,Intermediário
1.716,1.718,2009-11-13 15:30:00.0,Intermediário
1.72,1.722,2009-11-13 16:00:00.0,Intermediário
1.72,1.722,2009-11-13 16:30:00.0,Fechamento Interbancário
1.7282,1.729,2009-11-13 17:43:00.0,Fechamento
1.712,1.722,2009-11-16 09:14:00.0,Abertura
1.713,1.715,2009-11-16 09:30:00.0,Intermediário
1.715,1.717,2009-11-16 10:00:00.0,Intermediário
1.713,1.715,2009-11-16 10:30:00.0,Intermediário
1.712,1.714,2009-11-16 11:00:00.0,Intermediário
1.712,1.714,2009-11-16 11:30:00.0,Intermediário
1.712,1.714,2009-11-16 12:00:00.0,Intermediário
1.711,1.713,2009-11-16 12:30:00.0,Intermediário
1.708,1.71,2009-11-16 13:00:00.0,Intermediário
1.709,1.711,2009-11-16 13:30:00.0,Intermediário
1.709,1.711,2009-11-16 14:00:00.0,Intermediário
1.71,1.712,2009-11-16 14:30:00.0,Intermediário
1.708,1.71,2009-11-16 15:00:00.0,Intermediário
1.714,1.716,2009-11-16 15:30:00.0,Intermediário
1.71,1.712,2009-11-16 16:00:00.0,Intermediário
1.708,1.71,2009-11-16 16:30:00.0,Fechamento Interbancário
1.7119,1.7127,2009-11-16 17:35:00.0,Fechamento
1.715,1.725,2009-11-17 09:18:00.0,Abertura
1.718,1.72,2009-11-17 09:30:00.0,Intermediário
1.715,1.717,2009-11-17 10:00:00.0,Intermediário
1.718,1.72,2009-11-17 10:30:00.0,Intermediário
1.714,1.716,2009-11-17 11:00:00.0,Intermediário
1.711,1.713,2009-11-17 11:30:00.0,Intermediário
1.712,1.714,2009-11-17 12:00:00.0,Intermediário
1.711,1.713,2009-11-17 12:30:00.0,Intermediário
1.712,1.714,2009-11-17 13:00:00.0,Intermediário
1.716,1.718,2009-11-17 13:30:00.0,Intermediário
1.717,1.719,2009-11-17 14:00:00.0,Intermediário
1.721,1.723,2009-11-17 14:30:00.0,Intermediário
1.721,1.723,2009-11-17 15:00:00.0,Intermediário
1.717,1.719,2009-11-17 15:30:00.0,Intermediário
1.715,1.717,2009-11-17 16:00:00.0,Intermediário
1.715,1.717,2009-11-17 16:30:00.0,Fechamento Interbancário
1.7145,1.7153,2009-11-17 17:36:00.0,Fechamento
1.703,1.713,2009-11-18 09:19:00.0,Abertura
1.706,1.708,2009-11-18 09:30:00.0,Intermediário
1.706,1.708,2009-11-18 10:00:00.0,Intermediário
1.706,1.708,2009-11-18 10:30:00.0,Intermediário
1.705,1.707,2009-11-18 11:00:00.0,Intermediário
1.706,1.708,2009-11-18 11:30:00.0,Intermediário
1.707,1.709,2009-11-18 12:00:00.0,Intermediário
1.703,1.705,2009-11-18 12:30:00.0,Intermediário
1.708,1.71,2009-11-18 13:00:00.0,Intermediário
1.708,1.71,2009-11-18 13:30:00.0,Intermediário
1.706,1.708,2009-11-18 14:00:00.0,Intermediário
1.706,1.708,2009-11-18 14:30:00.0,Intermediário
1.707,1.709,2009-11-18 15:00:00.0,Intermediário
1.712,1.714,2009-11-18 15:30:00.0,Intermediário
1.715,1.717,2009-11-18 16:00:00.0,Intermediário
1.715,1.717,2009-11-18 16:30:00.0,Fechamento Interbancário
1.7095,1.7103,2009-11-18 17:36:00.0,Fechamento
1.715,1.725,2009-11-19 09:16:00.0,Abertura
1.723,1.725,2009-11-19 09:30:00.0,Intermediário
1.725,1.727,2009-11-19 10:00:00.0,Intermediário
1.726,1.728,2009-11-19 10:30:00.0,Intermediário
1.725,1.727,2009-11-19 11:00:00.0,Intermediário
1.726,1.728,2009-11-19 11:30:00.0,Intermediário
1.721,1.723,2009-11-19 12:00:00.0,Intermediário
1.719,1.721,2009-11-19 12:30:00.0,Intermediário
1.731,1.733,2009-11-19 13:00:00.0,Intermediário
1.731,1.733,2009-11-19 13:30:00.0,Intermediário
1.731,1.733,2009-11-19 14:00:00.0,Intermediário
1.734,1.736,2009-11-19 14:30:00.0,Intermediário
1.734,1.736,2009-11-19 15:00:00.0,Intermediário
1.729,1.731,2009-11-19 15:30:00.0,Intermediário
1.732,1.734,2009-11-19 16:00:00.0,Intermediário
1.732,1.734,2009-11-19 16:30:00.0,Fechamento Interbancário
1.7279,1.7287,2009-11-19 17:36:00.0,Fechamento
1.722,1.732,2009-11-20 09:24:00.0,Abertura
1.725,1.727,2009-11-20 09:30:00.0,Intermediário
1.735,1.737,2009-11-20 10:00:00.0,Intermediário
1.738,1.74,2009-11-20 10:30:00.0,Intermediário
1.736,1.738,2009-11-20 11:00:00.0,Intermediário
1.736,1.738,2009-11-20 11:30:00.0,Intermediário
1.734,1.736,2009-11-20 12:00:00.0,Intermediário
1.733,1.735,2009-11-20 12:30:00.0,Intermediário
1.733,1.735,2009-11-20 13:00:00.0,Intermediário
1.733,1.735,2009-11-20 13:30:00.0,Intermediário
1.733,1.735,2009-11-20 14:00:00.0,Intermediário
1.735,1.737,2009-11-20 14:30:00.0,Intermediário
1.734,1.736,2009-11-20 15:00:00.0,Intermediário
1.734,1.736,2009-11-20 15:30:00.0,Intermediário
1.731,1.733,2009-11-20 16:00:00.0,Intermediário
1.73,1.732,2009-11-20 16:30:00.0,Fechamento Interbancário
1.7348,1.7356,2009-11-20 17:31:00.0,Fechamento
1.713,1.723,2009-11-23 09:23:00.0,Abertura
1.716,1.718,2009-11-23 09:30:00.0,Intermediário
1.717,1.719,2009-11-23 10:00:00.0,Intermediário
1.72,1.722,2009-11-23 10:30:00.0,Intermediário
1.723,1.725,2009-11-23 11:00:00.0,Intermediário
1.722,1.724,2009-11-23 11:30:00.0,Intermediário
1.722,1.724,2009-11-23 12:00:00.0,Intermediário
1.721,1.723,2009-11-23 12:30:00.0,Intermediário
1.721,1.723,2009-11-23 13:00:00.0,Intermediário
1.723,1.725,2009-11-23 13:30:00.0,Intermediário
1.724,1.726,2009-11-23 14:00:00.0,Intermediário
1.722,1.724,2009-11-23 14:30:00.0,Intermediário
1.723,1.725,2009-11-23 15:00:00.0,Intermediário
1.727,1.729,2009-11-23 15:30:00.0,Intermediário
1.727,1.729,2009-11-23 16:00:00.0,Intermediário
1.726,1.728,2009-11-23 16:30:00.0,Fechamento Interbancário
1.7237,1.7245,2009-11-23 17:34:00.0,Fechamento
1.723,1.733,2009-11-24 09:30:00.0,Abertura
1.726,1.728,2009-11-24 09:30:00.0,Intermediário
1.725,1.727,2009-11-24 10:00:00.0,Intermediário
1.725,1.727,2009-11-24 10:30:00.0,Intermediário
1.721,1.723,2009-11-24 11:00:00.0,Intermediário
1.722,1.724,2009-11-24 11:30:00.0,Intermediário
1.725,1.727,2009-11-24 12:00:00.0,Intermediário
1.726,1.728,2009-11-24 12:30:00.0,Intermediário
1.732,1.734,2009-11-24 13:00:00.0,Intermediário
1.731,1.733,2009-11-24 13:30:00.0,Intermediário
1.728,1.73,2009-11-24 14:00:00.0,Intermediário
1.728,1.73,2009-11-24 14:30:00.0,Intermediário
1.728,1.73,2009-11-24 15:00:00.0,Intermediário
1.731,1.733,2009-11-24 15:30:00.0,Intermediário
1.733,1.735,2009-11-24 16:00:00.0,Intermediário
1.733,1.735,2009-11-24 16:30:00.0,Fechamento Interbancário
1.7274,1.7282,2009-11-24 17:36:00.0,Fechamento
1.723,1.733,2009-11-25 09:23:00.0,Abertura
1.727,1.729,2009-11-25 09:30:00.0,Intermediário
1.723,1.725,2009-11-25 10:00:00.0,Intermediário
1.724,1.726,2009-11-25 10:30:00.0,Intermediário
1.724,1.726,2009-11-25 11:00:00.0,Intermediário
1.723,1.725,2009-11-25 11:30:00.0,Intermediário
1.725,1.727,2009-11-25 12:00:00.0,Intermediário
1.728,1.73,2009-11-25 12:30:00.0,Intermediário
1.731,1.733,2009-11-25 13:00:00.0,Intermediário
1.73,1.732,2009-11-25 13:30:00.0,Intermediário
1.73,1.732,2009-11-25 14:00:00.0,Intermediário
1.73,1.732,2009-11-25 14:30:00.0,Intermediário
1.726,1.728,2009-11-25 15:00:00.0,Intermediário
1.726,1.728,2009-11-25 15:30:00.0,Intermediário
1.727,1.729,2009-11-25 16:00:00.0,Intermediário
1.724,1.726,2009-11-25 16:30:00.0,Fechamento Interbancário
1.7264,1.7272,2009-11-25 17:39:00.0,Fechamento
1.73,1.74,2009-11-26 09:22:00.0,Abertura
1.733,1.735,2009-11-26 09:30:00.0,Intermediário
1.733,1.735,2009-11-26 10:00:00.0,Intermediário
1.733,1.735,2009-11-26 10:30:00.0,Intermediário
1.732,1.734,2009-11-26 11:00:00.0,Intermediário
1.734,1.736,2009-11-26 11:30:00.0,Intermediário
1.734,1.736,2009-11-26 12:00:00.0,Intermediário
1.737,1.739,2009-11-26 12:30:00.0,Intermediário
1.745,1.747,2009-11-26 13:00:00.0,Intermediário
1.746,1.748,2009-11-26 13:30:00.0,Intermediário
1.746,1.748,2009-11-26 14:00:00.0,Intermediário
1.746,1.748,2009-11-26 14:30:00.0,Intermediário
1.753,1.755,2009-11-26 15:00:00.0,Intermediário
1.746,1.748,2009-11-26 15:30:00.0,Intermediário
1.748,1.75,2009-11-26 16:00:00.0,Intermediário
1.748,1.75,2009-11-26 16:30:00.0,Fechamento Interbancário
1.7401,1.7409,2009-11-26 17:36:00.0,Fechamento
1.754,1.764,2009-11-27 09:11:00.0,Abertura
1.759,1.761,2009-11-27 09:30:00.0,Intermediário
1.755,1.757,2009-11-27 10:00:00.0,Intermediário
1.745,1.747,2009-11-27 10:30:00.0,Intermediário
1.741,1.743,2009-11-27 11:00:00.0,Intermediário
1.743,1.745,2009-11-27 11:30:00.0,Intermediário
1.747,1.749,2009-11-27 12:00:00.0,Intermediário
1.75,1.752,2009-11-27 12:30:00.0,Intermediário
1.742,1.744,2009-11-27 13:00:00.0,Intermediário
1.741,1.743,2009-11-27 13:30:00.0,Intermediário
1.742,1.744,2009-11-27 14:00:00.0,Intermediário
1.734,1.736,2009-11-27 14:30:00.0,Intermediário
1.737,1.739,2009-11-27 15:00:00.0,Intermediário
1.741,1.743,2009-11-27 15:30:00.0,Intermediário
1.742,1.744,2009-11-27 16:00:00.0,Intermediário
1.742,1.744,2009-11-27 16:30:00.0,Fechamento Interbancário
1.7435,1.7443,2009-11-27 17:37:00.0,Fechamento
1.735,1.745,2009-11-30 09:19:00.0,Abertura
1.738,1.74,2009-11-30 09:30:00.0,Intermediário
1.739,1.741,2009-11-30 10:00:00.0,Intermediário
1.744,1.746,2009-11-30 10:30:00.0,Intermediário
1.748,1.75,2009-11-30 11:00:00.0,Intermediário
1.746,1.748,2009-11-30 11:30:00.0,Intermediário
1.746,1.748,2009-11-30 12:00:00.0,Intermediário
1.746,1.748,2009-11-30 12:30:00.0,Intermediário
1.746,1.748,2009-11-30 13:00:00.0,Intermediário
1.746,1.748,2009-11-30 13:30:00.0,Intermediário
1.746,1.748,2009-11-30 14:00:00.0,Intermediário
1.746,1.748,2009-11-30 14:30:00.0,Intermediário
1.748,1.75,2009-11-30 15:00:00.0,Intermediário
1.75,1.752,2009-11-30 15:30:00.0,Intermediário
1.751,1.752,2009-11-30 16:00:00.0,Intermediário
1.752,1.754,2009-11-30 16:30:00.0,Fechamento Interbancário
1.7497,1.7505,2009-11-30 17:35:00.0,Fechamento
1.741,1.751,2009-12-01 09:23:00.0,Abertura
1.744,1.746,2009-12-01 09:30:00.0,Intermediário
1.741,1.743,2009-12-01 10:00:00.0,Intermediário
1.738,1.74,2009-12-01 10:30:00.0,Intermediário
1.733,1.735,2009-12-01 11:00:00.0,Intermediário
1.731,1.733,2009-12-01 11:30:00.0,Intermediário
1.73,1.732,2009-12-01 12:00:00.0,Intermediário
1.732,1.734,2009-12-01 12:30:00.0,Intermediário
1.731,1.733,2009-12-01 13:00:00.0,Intermediário
1.731,1.733,2009-12-01 13:30:00.0,Intermediário
1.728,1.73,2009-12-01 14:00:00.0,Intermediário
1.723,1.725,2009-12-01 14:30:00.0,Intermediário
1.724,1.726,2009-12-01 15:00:00.0,Intermediário
1.722,1.724,2009-12-01 15:30:00.0,Intermediário
1.721,1.723,2009-12-01 16:00:00.0,Intermediário
1.721,1.723,2009-12-01 16:30:00.0,Fechamento Interbancário
1.7285,1.7293,2009-12-01 17:34:00.0,Fechamento
1.713,1.723,2009-12-02 09:22:00.0,Abertura
1.716,1.718,2009-12-02 09:30:00.0,Intermediário
1.719,1.721,2009-12-02 10:00:00.0,Intermediário
1.716,1.718,2009-12-02 10:30:00.0,Intermediário
1.72,1.722,2009-12-02 11:00:00.0,Intermediário
1.718,1.72,2009-12-02 11:30:00.0,Intermediário
1.72,1.722,2009-12-02 12:00:00.0,Intermediário
1.722,1.724,2009-12-02 12:30:00.0,Intermediário
1.719,1.721,2009-12-02 13:00:00.0,Intermediário
1.715,1.717,2009-12-02 13:30:00.0,Intermediário
1.716,1.718,2009-12-02 14:00:00.0,Intermediário
1.716,1.718,2009-12-02 14:30:00.0,Intermediário
1.719,1.721,2009-12-02 15:00:00.0,Intermediário
1.719,1.721,2009-12-02 15:30:00.0,Intermediário
1.72,1.722,2009-12-02 16:00:00.0,Intermediário
1.72,1.722,2009-12-02 16:30:00.0,Fechamento Interbancário
1.7193,1.7201,2009-12-02 17:40:00.0,Fechamento
1.705,1.715,2009-12-03 09:21:00.0,Abertura
1.709,1.711,2009-12-03 09:30:00.0,Intermediário
1.709,1.711,2009-12-03 10:00:00.0,Intermediário
1.707,1.709,2009-12-03 10:30:00.0,Intermediário
1.705,1.707,2009-12-03 11:00:00.0,Intermediário
1.705,1.707,2009-12-03 11:30:00.0,Intermediário
1.708,1.71,2009-12-03 12:00:00.0,Intermediário
1.708,1.71,2009-12-03 12:30:00.0,Intermediário
1.705,1.707,2009-12-03 13:00:00.0,Intermediário
1.711,1.713,2009-12-03 13:30:00.0,Intermediário
1.709,1.711,2009-12-03 14:00:00.0,Intermediário
1.708,1.71,2009-12-03 14:30:00.0,Intermediário
1.706,1.708,2009-12-03 15:00:00.0,Intermediário
1.707,1.709,2009-12-03 15:30:00.0,Intermediário
1.707,1.709,2009-12-03 16:00:00.0,Intermediário
1.707,1.709,2009-12-03 16:30:00.0,Fechamento Interbancário
1.7088,1.7096,2009-12-03 17:35:00.0,Fechamento
1.705,1.715,2009-12-04 09:22:00.0,Abertura
1.709,1.711,2009-12-04 09:30:00.0,Intermediário
1.706,1.708,2009-12-04 10:00:00.0,Intermediário
1.705,1.707,2009-12-04 10:30:00.0,Intermediário
1.705,1.707,2009-12-04 11:00:00.0,Intermediário
1.703,1.705,2009-12-04 11:30:00.0,Intermediário
1.706,1.708,2009-12-04 12:00:00.0,Intermediário
1.705,1.707,2009-12-04 12:30:00.0,Intermediário
1.704,1.706,2009-12-04 13:00:00.0,Intermediário
1.708,1.71,2009-12-04 13:30:00.0,Intermediário
1.713,1.715,2009-12-04 14:00:00.0,Intermediário
1.723,1.725,2009-12-04 14:30:00.0,Intermediário
1.724,1.726,2009-12-04 15:00:00.0,Intermediário
1.73,1.732,2009-12-04 15:30:00.0,Intermediário
1.723,1.725,2009-12-04 16:00:00.0,Intermediário
1.723,1.725,2009-12-04 16:30:00.0,Fechamento Interbancário
1.7123,1.7131,2009-12-04 17:40:00.0,Fechamento
1.731,1.741,2009-12-07 09:24:00.0,Abertura
1.736,1.738,2009-12-07 09:30:00.0,Intermediário
1.738,1.74,2009-12-07 10:00:00.0,Intermediário
1.741,1.743,2009-12-07 10:30:00.0,Intermediário
1.732,1.734,2009-12-07 11:00:00.0,Intermediário
1.735,1.737,2009-12-07 11:30:00.0,Intermediário
1.733,1.735,2009-12-07 12:00:00.0,Intermediário
1.733,1.735,2009-12-07 12:30:00.0,Intermediário
1.73,1.732,2009-12-07 13:00:00.0,Intermediário
1.732,1.734,2009-12-07 13:30:00.0,Intermediário
1.731,1.733,2009-12-07 14:00:00.0,Intermediário
1.729,1.731,2009-12-07 14:30:00.0,Intermediário
1.726,1.728,2009-12-07 15:00:00.0,Intermediário
1.725,1.727,2009-12-07 15:30:00.0,Intermediário
1.725,1.727,2009-12-07 16:00:00.0,Intermediário
1.719,1.721,2009-12-07 16:30:00.0,Fechamento Interbancário
1.7294,1.7302,2009-12-07 17:33:00.0,Fechamento
1.731,1.741,2009-12-08 09:26:00.0,Abertura
1.734,1.736,2009-12-08 09:30:00.0,Intermediário
1.738,1.74,2009-12-08 10:00:00.0,Intermediário
1.738,1.74,2009-12-08 10:30:00.0,Intermediário
1.743,1.745,2009-12-08 11:00:00.0,Intermediário
1.748,1.75,2009-12-08 11:30:00.0,Intermediário
1.747,1.749,2009-12-08 12:00:00.0,Intermediário
1.745,1.747,2009-12-08 12:30:00.0,Intermediário
1.748,1.75,2009-12-08 13:00:00.0,Intermediário
1.748,1.75,2009-12-08 13:30:00.0,Intermediário
1.75,1.752,2009-12-08 14:00:00.0,Intermediário
1.749,1.751,2009-12-08 14:30:00.0,Intermediário
1.748,1.75,2009-12-08 15:00:00.0,Intermediário
1.755,1.757,2009-12-08 15:30:00.0,Intermediário
1.751,1.753,2009-12-08 16:00:00.0,Intermediário
1.756,1.758,2009-12-08 16:30:00.0,Fechamento Interbancário
1.7474,1.7482,2009-12-08 17:34:00.0,Fechamento
1.749,1.759,2009-12-09 09:18:00.0,Abertura
1.752,1.754,2009-12-09 09:30:00.0,Intermediário
1.749,1.751,2009-12-09 10:00:00.0,Intermediário
1.755,1.757,2009-12-09 10:30:00.0,Intermediário
1.761,1.763,2009-12-09 11:00:00.0,Intermediário
1.761,1.763,2009-12-09 11:30:00.0,Intermediário
1.761,1.763,2009-12-09 12:00:00.0,Intermediário
1.766,1.768,2009-12-09 12:30:00.0,Intermediário
1.766,1.768,2009-12-09 13:00:00.0,Intermediário
1.766,1.768,2009-12-09 13:30:00.0,Intermediário
1.758,1.76,2009-12-09 14:00:00.0,Intermediário
1.759,1.761,2009-12-09 14:30:00.0,Intermediário
1.762,1.764,2009-12-09 15:00:00.0,Intermediário
1.771,1.773,2009-12-09 15:30:00.0,Intermediário
1.769,1.771,2009-12-09 16:00:00.0,Intermediário
1.769,1.771,2009-12-09 16:30:00.0,Fechamento Interbancário
1.7603,1.7611,2009-12-09 17:36:00.0,Fechamento
1.749,1.759,2009-12-10 09:22:00.0,Abertura
1.754,1.756,2009-12-10 09:30:00.0,Intermediário
1.754,1.756,2009-12-10 10:10:00.0,Intermediário
1.754,1.756,2009-12-10 10:30:00.0,Intermediário
1.755,1.757,2009-12-10 11:00:00.0,Intermediário
1.752,1.754,2009-12-10 11:30:00.0,Intermediário
1.752,1.754,2009-12-10 12:00:00.0,Intermediário
1.758,1.76,2009-12-10 12:30:00.0,Intermediário
1.759,1.761,2009-12-10 13:00:00.0,Intermediário
1.764,1.766,2009-12-10 13:30:00.0,Intermediário
1.764,1.766,2009-12-10 14:00:00.0,Intermediário
1.76,1.762,2009-12-10 14:30:00.0,Intermediário
1.771,1.773,2009-12-10 15:00:00.0,Intermediário
1.77,1.772,2009-12-10 15:30:00.0,Intermediário
1.768,1.77,2009-12-10 16:00:00.0,Intermediário
1.764,1.766,2009-12-10 16:30:00.0,Fechamento Interbancário
1.7619,1.7627,2009-12-10 17:35:00.0,Fechamento
1.749,1.759,2009-12-11 09:23:00.0,Abertura
1.752,1.754,2009-12-11 09:30:00.0,Intermediário
1.75,1.752,2009-12-11 10:00:00.0,Intermediário
1.748,1.75,2009-12-11 10:30:00.0,Intermediário
1.748,1.75,2009-12-11 11:00:00.0,Intermediário
1.751,1.753,2009-12-11 11:30:00.0,Intermediário
1.756,1.758,2009-12-11 12:00:00.0,Intermediário
1.758,1.76,2009-12-11 12:30:00.0,Intermediário
1.76,1.762,2009-12-11 13:00:00.0,Intermediário
1.76,1.762,2009-12-11 13:30:00.0,Intermediário
1.76,1.762,2009-12-11 14:00:00.0,Intermediário
1.76,1.762,2009-12-11 14:30:00.0,Intermediário
1.758,1.76,2009-12-11 15:00:00.0,Intermediário
1.758,1.76,2009-12-11 15:30:00.0,Intermediário
1.758,1.76,2009-12-11 16:00:00.0,Intermediário
1.755,1.757,2009-12-11 16:30:00.0,Fechamento Interbancário
1.7513,1.7521,2009-12-11 17:32:00.0,Fechamento
1.748,1.758,2009-12-14 09:24:00.0,Abertura
1.751,1.753,2009-12-14 09:30:00.0,Intermediário
1.751,1.753,2009-12-14 10:00:00.0,Intermediário
1.749,1.751,2009-12-14 10:30:00.0,Intermediário
1.748,1.75,2009-12-14 11:00:00.0,Intermediário
1.749,1.751,2009-12-14 11:30:00.0,Intermediário
1.754,1.756,2009-12-14 12:00:00.0,Intermediário
1.749,1.751,2009-12-14 12:30:00.0,Intermediário
1.748,1.75,2009-12-14 13:00:00.0,Intermediário
1.75,1.752,2009-12-14 13:30:00.0,Intermediário
1.745,1.747,2009-12-14 14:00:00.0,Intermediário
1.745,1.747,2009-12-14 14:30:00.0,Intermediário
1.745,1.747,2009-12-14 15:00:00.0,Intermediário
1.743,1.745,2009-12-14 15:30:00.0,Intermediário
1.741,1.743,2009-12-14 16:00:00.0,Intermediário
1.742,1.744,2009-12-14 16:30:00.0,Fechamento Interbancário
1.7475,1.7483,2009-12-14 17:33:00.0,Fechamento
1.748,1.758,2009-12-15 09:20:00.0,Abertura
1.753,1.755,2009-12-15 09:30:00.0,Intermediário
1.755,1.757,2009-12-15 10:00:00.0,Intermediário
1.76,1.762,2009-12-15 10:30:00.0,Intermediário
1.762,1.764,2009-12-15 11:00:00.0,Intermediário
1.763,1.765,2009-12-15 11:30:00.0,Intermediário
1.76,1.762,2009-12-15 12:00:00.0,Intermediário
1.756,1.758,2009-12-15 12:30:00.0,Intermediário
1.754,1.756,2009-12-15 13:00:00.0,Intermediário
1.749,1.751,2009-12-15 13:30:00.0,Intermediário
1.749,1.751,2009-12-15 14:00:00.0,Intermediário
1.752,1.754,2009-12-15 14:30:00.0,Intermediário
1.753,1.755,2009-12-15 15:00:00.0,Intermediário
1.75,1.752,2009-12-15 15:30:00.0,Intermediário
1.752,1.754,2009-12-15 16:00:00.0,Intermediário
1.752,1.754,2009-12-15 16:30:00.0,Fechamento Interbancário
1.7549,1.7557,2009-12-15 17:37:00.0,Fechamento
1.749,1.759,2009-12-16 09:23:00.0,Abertura
1.75,1.752,2009-12-16 09:30:00.0,Intermediário
1.75,1.752,2009-12-16 10:00:00.0,Intermediário
1.748,1.75,2009-12-16 10:30:00.0,Intermediário
1.749,1.751,2009-12-16 11:00:00.0,Intermediário
1.754,1.756,2009-12-16 11:30:00.0,Intermediário
1.751,1.753,2009-12-16 12:00:00.0,Intermediário
1.751,1.753,2009-12-16 12:30:00.0,Intermediário
1.748,1.75,2009-12-16 13:00:00.0,Intermediário
1.748,1.75,2009-12-16 13:30:00.0,Intermediário
1.748,1.75,2009-12-16 14:00:00.0,Intermediário
1.746,1.748,2009-12-16 14:30:00.0,Intermediário
1.746,1.748,2009-12-16 15:00:00.0,Intermediário
1.748,1.75,2009-12-16 15:30:00.0,Intermediário
1.748,1.75,2009-12-16 16:00:00.0,Intermediário
1.748,1.75,2009-12-16 16:30:00.0,Fechamento Interbancário
1.751,1.7518,2009-12-16 17:32:00.0,Fechamento
1.765,1.775,2009-12-17 09:22:00.0,Abertura
1.769,1.771,2009-12-17 09:30:00.0,Intermediário
1.771,1.773,2009-12-17 10:00:00.0,Intermediário
1.768,1.77,2009-12-17 10:30:00.0,Intermediário
1.773,1.775,2009-12-17 11:00:00.0,Intermediário
1.775,1.777,2009-12-17 11:30:00.0,Intermediário
1.777,1.779,2009-12-17 12:00:00.0,Intermediário
1.774,1.776,2009-12-17 12:30:00.0,Intermediário
1.777,1.779,2009-12-17 13:00:00.0,Intermediário
1.777,1.779,2009-12-17 13:30:00.0,Intermediário
1.777,1.779,2009-12-17 14:00:00.0,Intermediário
1.777,1.779,2009-12-17 14:30:00.0,Intermediário
1.79,1.792,2009-12-17 15:00:00.0,Intermediário
1.794,1.796,2009-12-17 15:30:00.0,Intermediário
1.79,1.792,2009-12-17 16:00:00.0,Intermediário
1.789,1.791,2009-12-17 16:30:00.0,Fechamento Interbancário
1.7815,1.7823,2009-12-17 17:35:00.0,Fechamento
1.776,1.786,2009-12-18 09:25:00.0,Abertura
1.779,1.781,2009-12-18 09:30:00.0,Intermediário
1.782,1.784,2009-12-18 10:00:00.0,Intermediário
1.79,1.792,2009-12-18 10:30:00.0,Intermediário
1.789,1.791,2009-12-18 11:00:00.0,Intermediário
1.793,1.795,2009-12-18 11:30:00.0,Intermediário
1.798,1.8,2009-12-18 12:00:00.0,Intermediário
1.798,1.8,2009-12-18 12:30:00.0,Intermediário
1.786,1.788,2009-12-18 13:00:00.0,Intermediário
1.785,1.787,2009-12-18 13:30:00.0,Intermediário
1.785,1.787,2009-12-18 14:00:00.0,Intermediário
1.789,1.791,2009-12-18 14:30:00.0,Intermediário
1.788,1.79,2009-12-18 15:00:00.0,Intermediário
1.784,1.786,2009-12-18 15:30:00.0,Intermediário
1.781,1.783,2009-12-18 16:00:00.0,Intermediário
1.781,1.783,2009-12-18 16:30:00.0,Fechamento Interbancário
1.7871,1.7879,2009-12-18 17:41:00.0,Fechamento
1.779,1.789,2009-12-21 09:22:00.0,Abertura
1.782,1.784,2009-12-21 09:30:00.0,Intermediário
1.778,1.78,2009-12-21 10:00:00.0,Intermediário
1.77,1.772,2009-12-21 10:30:00.0,Intermediário
1.771,1.773,2009-12-21 11:00:00.0,Intermediário
1.778,1.78,2009-12-21 11:30:00.0,Intermediário
1.775,1.777,2009-12-21 12:00:00.0,Intermediário
1.778,1.78,2009-12-21 12:30:00.0,Intermediário
1.776,1.778,2009-12-21 13:00:00.0,Intermediário
1.776,1.778,2009-12-21 13:30:00.0,Intermediário
1.777,1.779,2009-12-21 14:00:00.0,Intermediário
1.778,1.78,2009-12-21 14:30:00.0,Intermediário
1.782,1.784,2009-12-21 15:00:00.0,Intermediário
1.781,1.783,2009-12-21 15:30:00.0,Intermediário
1.783,1.785,2009-12-21 16:00:00.0,Intermediário
1.783,1.785,2009-12-21 16:30:00.0,Fechamento Interbancário
1.7779,1.7787,2009-12-21 17:36:00.0,Fechamento
1.778,1.788,2009-12-22 09:25:00.0,Abertura
1.781,1.783,2009-12-22 09:30:00.0,Intermediário
1.781,1.783,2009-12-22 10:00:00.0,Intermediário
1.779,1.781,2009-12-22 10:30:00.0,Intermediário
1.782,1.784,2009-12-22 11:00:00.0,Intermediário
1.781,1.783,2009-12-22 11:30:00.0,Intermediário
1.78,1.782,2009-12-22 12:00:00.0,Intermediário
1.781,1.783,2009-12-22 12:30:00.0,Intermediário
1.781,1.783,2009-12-22 13:00:00.0,Intermediário
1.782,1.784,2009-12-22 13:30:00.0,Intermediário
1.782,1.784,2009-12-22 14:00:00.0,Intermediário
1.782,1.784,2009-12-22 14:30:00.0,Intermediário
1.781,1.783,2009-12-22 15:00:00.0,Intermediário
1.781,1.783,2009-12-22 15:30:00.0,Intermediário
1.78,1.782,2009-12-22 16:00:00.0,Intermediário
1.78,1.782,2009-12-22 16:30:00.0,Fechamento Interbancário
1.7817,1.7825,2009-12-22 17:32:00.0,Fechamento
1.775,1.785,2009-12-23 09:20:00.0,Abertura
1.778,1.78,2009-12-23 09:30:00.0,Intermediário
1.778,1.78,2009-12-23 10:00:00.0,Intermediário
1.778,1.78,2009-12-23 10:30:00.0,Intermediário
1.779,1.781,2009-12-23 11:00:00.0,Intermediário
1.776,1.778,2009-12-23 11:30:00.0,Intermediário
1.777,1.779,2009-12-23 12:00:00.0,Intermediário
1.777,1.779,2009-12-23 12:30:00.0,Intermediário
1.777,1.779,2009-12-23 13:00:00.0,Intermediário
1.777,1.779,2009-12-23 13:30:00.0,Intermediário
1.777,1.779,2009-12-23 14:00:00.0,Intermediário
1.773,1.775,2009-12-23 14:30:00.0,Intermediário
1.761,1.763,2009-12-23 15:00:00.0,Intermediário
1.755,1.757,2009-12-23 15:30:00.0,Intermediário
1.756,1.758,2009-12-23 16:00:00.0,Intermediário
1.755,1.757,2009-12-23 16:30:00.0,Fechamento Interbancário
1.7755,1.7763,2009-12-23 17:35:00.0,Fechamento
1.746,1.756,2009-12-24 09:18:00.0,Abertura
1.749,1.751,2009-12-24 09:30:00.0,Intermediário
1.751,1.753,2009-12-24 10:00:00.0,Intermediário
1.75,1.752,2009-12-24 10:30:00.0,Intermediário
1.75,1.752,2009-12-24 11:00:00.0,Intermediário
1.75,1.752,2009-12-24 11:30:00.0,Fechamento Interbancário
1.7519,1.7527,2009-12-24 12:07:00.0,Fechamento
1.742,1.752,2009-12-28 09:26:00.0,Abertura
1.745,1.747,2009-12-28 09:30:00.0,Intermediário
1.746,1.748,2009-12-28 10:00:00.0,Intermediário
1.747,1.749,2009-12-28 10:30:00.0,Intermediário
1.739,1.741,2009-12-28 11:00:00.0,Intermediário
1.737,1.739,2009-12-28 11:30:00.0,Intermediário
1.735,1.737,2009-12-28 12:00:00.0,Intermediário
1.735,1.737,2009-12-28 12:30:00.0,Intermediário
1.735,1.737,2009-12-28 13:00:00.0,Intermediário
1.738,1.74,2009-12-28 13:30:00.0,Intermediário
1.738,1.74,2009-12-28 14:00:00.0,Intermediário
1.738,1.74,2009-12-28 14:30:00.0,Intermediário
1.736,1.738,2009-12-28 15:00:00.0,Intermediário
1.738,1.74,2009-12-28 15:30:00.0,Intermediário
1.74,1.742,2009-12-28 16:00:00.0,Intermediário
1.739,1.741,2009-12-28 16:30:00.0,Fechamento Interbancário
1.739,1.7398,2009-12-28 17:36:00.0,Fechamento
1.731,1.741,2009-12-29 09:25:00.0,Abertura
1.734,1.736,2009-12-29 09:30:00.0,Intermediário
1.732,1.734,2009-12-29 10:00:00.0,Intermediário
1.732,1.734,2009-12-29 10:30:00.0,Intermediário
1.73,1.732,2009-12-29 11:00:00.0,Intermediário
1.733,1.735,2009-12-29 11:30:00.0,Intermediário
1.735,1.737,2009-12-29 12:00:00.0,Intermediário
1.735,1.737,2009-12-29 12:30:00.0,Intermediário
1.737,1.739,2009-12-29 13:00:00.0,Intermediário
1.737,1.739,2009-12-29 13:30:00.0,Intermediário
1.737,1.739,2009-12-29 14:00:00.0,Intermediário
1.743,1.745,2009-12-29 14:30:00.0,Intermediário
1.737,1.739,2009-12-29 15:00:00.0,Intermediário
1.738,1.74,2009-12-29 15:30:00.0,Intermediário
1.74,1.742,2009-12-29 16:00:00.0,Intermediário
1.741,1.743,2009-12-29 16:30:00.0,Fechamento Interbancário
1.7413,1.7421,2009-12-29 17:34:00.0,Fechamento
1.74,1.75,2009-12-30 09:27:00.0,Abertura
1.743,1.745,2009-12-30 09:30:00.0,Intermediário
1.741,1.743,2009-12-30 10:00:00.0,Intermediário
1.739,1.741,2009-12-30 10:30:00.0,Intermediário
1.741,1.743,2009-12-30 11:00:00.0,Intermediário
1.737,1.739,2009-12-30 11:30:00.0,Intermediário
1.741,1.743,2009-12-30 12:00:00.0,Intermediário
1.742,1.744,2009-12-30 12:30:00.0,Intermediário
1.747,1.749,2009-12-30 13:00:00.0,Intermediário
1.747,1.749,2009-12-30 13:30:00.0,Intermediário
1.743,1.745,2009-12-30 14:00:00.0,Intermediário
1.744,1.746,2009-12-30 14:30:00.0,Intermediário
1.741,1.743,2009-12-30 15:00:00.0,Intermediário
1.739,1.741,2009-12-30 15:30:00.0,Intermediário
1.741,1.743,2009-12-30 16:00:00.0,Intermediário
1.741,1.743,2009-12-30 16:30:00.0,Fechamento Interbancário
1.7404,1.7412,2009-12-30 17:40:00.0,Fechamento
1.737,1.747,2009-12-31 09:12:00.0,Abertura
1.741,1.743,2009-12-31 09:30:00.0,Intermediário
1.741,1.743,2009-12-31 10:00:00.0,Intermediário
1.741,1.743,2009-12-31 10:30:00.0,Intermediário
1.741,1.743,2009-12-31 11:00:00.0,Intermediário
1.741,1.743,2009-12-31 11:30:00.0,Fechamento Interbancário
1.7404,1.7412,2009-12-31 12:08:00.0,Fechamento
