cotacaoCompra,cotacaoVenda,dataHoraCotacao,tipoBoletim
0.40102,0.4043,2004-01-02 09:50:00.0,Abertura
0.40116,0.40333,2004-01-02 10:00:00.0,Intermediário
0.40098,0.40328,2004-01-02 10:30:00.0,Intermediário
0.4016,0.4039,2004-01-02 11:00:00.0,Intermediário
0.40165,0.40382,2004-01-02 11:30:00.0,Intermediário
0.40214,0.40432,2004-01-02 12:00:00.0,Intermediário
0.40182,0.40399,2004-01-02 12:30:00.0,Intermediário
0.40118,0.40335,2004-01-02 13:00:00.0,Intermediário
0.40094,0.40311,2004-01-02 13:30:00.0,Intermediário
0.40062,0.40278,2004-01-02 14:00:00.0,Intermediário
0.40088,0.40304,2004-01-02 14:30:00.0,Intermediário
0.40011,0.40242,2004-01-02 15:00:00.0,Intermediário
0.3999,0.40206,2004-01-02 15:30:00.0,Intermediário
0.3998,0.4021,2004-01-02 16:00:00.0,Intermediário
0.39955,0.40171,2004-01-02 16:30:00.0,Fechamento Interbancário
0.4012,0.40199,2004-01-02 17:58:00.0,Fechamento
0.39965,0.40293,2004-01-05 09:41:00.0,Abertura
0.40079,0.40296,2004-01-05 10:00:00.0,Intermediário
0.39984,0.40187,2004-01-05 10:30:00.0,Intermediário
0.3987,0.401,2004-01-05 11:00:00.0,Intermediário
0.39819,0.40048,2004-01-05 11:30:00.0,Intermediário
0.3981,0.40026,2004-01-05 12:00:00.0,Intermediário
0.39904,0.40119,2004-01-05 12:30:00.0,Intermediário
0.39829,0.4003,2004-01-05 13:00:00.0,Intermediário
0.3988,0.40109,2004-01-05 13:30:00.0,Intermediário
0.39885,0.40114,2004-01-05 14:00:00.0,Intermediário
0.39848,0.40078,2004-01-05 14:30:00.0,Intermediário
0.39773,0.39988,2004-01-05 15:06:00.0,Intermediário
0.39778,0.39979,2004-01-05 15:30:00.0,Intermediário
0.39754,0.39983,2004-01-05 16:00:00.0,Intermediário
0.39712,0.39927,2004-01-05 16:30:00.0,Fechamento Interbancário
0.39932,0.40011,2004-01-05 17:47:00.0,Fechamento
0.39684,0.40011,2004-01-06 09:49:00.0,Abertura
0.39648,0.39863,2004-01-06 10:00:00.0,Intermediário
0.39644,0.39859,2004-01-06 10:30:00.0,Intermediário
0.39689,0.39904,2004-01-06 11:00:00.0,Intermediário
0.39616,0.39831,2004-01-06 11:30:00.0,Intermediário
0.39732,0.39947,2004-01-06 12:00:00.0,Intermediário
0.39834,0.40063,2004-01-06 12:30:00.0,Intermediário
0.39808,0.40024,2004-01-06 13:00:00.0,Intermediário
0.39783,0.39999,2004-01-06 13:30:00.0,Intermediário
0.39767,0.39983,2004-01-06 14:00:00.0,Intermediário
0.39856,0.40072,2004-01-06 14:30:00.0,Intermediário
0.39926,0.40142,2004-01-06 15:00:00.0,Intermediário
0.40017,0.40234,2004-01-06 15:30:00.0,Intermediário
0.40073,0.4029,2004-01-06 16:00:00.0,Intermediário
0.40044,0.4026,2004-01-06 16:30:00.0,Fechamento Interbancário
0.39903,0.39982,2004-01-06 17:39:00.0,Fechamento
0.39946,0.40273,2004-01-07 09:53:00.0,Abertura
0.40005,0.40221,2004-01-07 10:00:00.0,Intermediário
0.3991,0.4014,2004-01-07 10:30:00.0,Intermediário
0.39965,0.40181,2004-01-07 11:00:00.0,Intermediário
0.39934,0.40164,2004-01-07 11:30:00.0,Intermediário
0.39908,0.40124,2004-01-07 12:00:00.0,Intermediário
0.399,0.40115,2004-01-07 12:30:00.0,Intermediário
0.39885,0.401,2004-01-07 13:00:00.0,Intermediário
0.39883,0.40113,2004-01-07 13:30:00.0,Intermediário
0.3991,0.4014,2004-01-07 14:00:00.0,Intermediário
0.39912,0.40142,2004-01-07 14:30:00.0,Intermediário
0.39783,0.39984,2004-01-07 15:00:00.0,Intermediário
0.39776,0.39991,2004-01-07 15:30:00.0,Intermediário
0.39754,0.39969,2004-01-07 16:00:00.0,Intermediário
0.39756,0.39971,2004-01-07 16:30:00.0,Fechamento Interbancário
0.39878,0.39957,2004-01-07 17:51:00.0,Fechamento
0.39494,0.39819,2004-01-08 09:32:00.0,Abertura
0.39533,0.39747,2004-01-08 10:00:00.0,Intermediário
0.39718,0.39933,2004-01-08 10:30:00.0,Intermediário
0.39715,0.3993,2004-01-08 11:00:00.0,Intermediário
0.39845,0.40061,2004-01-08 11:34:00.0,Intermediário
0.39903,0.40134,2004-01-08 12:00:00.0,Intermediário
0.39816,0.40031,2004-01-08 12:30:00.0,Intermediário
0.39628,0.39857,2004-01-08 13:00:00.0,Intermediário
0.39648,0.39862,2004-01-08 13:30:00.0,Intermediário
0.39624,0.39838,2004-01-08 14:00:00.0,Intermediário
0.39626,0.39841,2004-01-08 14:30:00.0,Intermediário
0.39873,0.40089,2004-01-08 15:00:00.0,Intermediário
0.3984,0.4007,2004-01-08 15:30:00.0,Intermediário
0.39916,0.40132,2004-01-08 16:28:00.0,Intermediário
0.39905,0.40121,2004-01-08 16:35:00.0,Fechamento Interbancário
0.40047,0.40127,2004-01-08 17:45:00.0,Fechamento
0.39631,0.39958,2004-01-09 09:47:00.0,Abertura
0.39725,0.3994,2004-01-09 10:07:00.0,Intermediário
0.3971,0.39925,2004-01-09 10:30:00.0,Intermediário
0.39651,0.39866,2004-01-09 11:00:00.0,Intermediário
0.39706,0.39921,2004-01-09 11:30:00.0,Intermediário
0.39808,0.40023,2004-01-09 12:03:00.0,Intermediário
0.39867,0.40069,2004-01-09 12:30:00.0,Intermediário
0.39888,0.40104,2004-01-09 13:00:00.0,Intermediário
0.39922,0.40139,2004-01-09 13:30:00.0,Intermediário
0.39985,0.40202,2004-01-09 14:00:00.0,Intermediário
0.39982,0.40199,2004-01-09 14:30:00.0,Intermediário
0.3991,0.40126,2004-01-09 15:00:00.0,Intermediário
0.39844,0.4006,2004-01-09 15:30:00.0,Intermediário
0.39794,0.40024,2004-01-09 16:00:00.0,Intermediário
0.39767,0.39982,2004-01-09 16:30:00.0,Fechamento Interbancário
0.39993,0.40073,2004-01-09 17:41:00.0,Fechamento
0.39656,0.39984,2004-01-12 09:59:00.0,Abertura
0.397,0.39944,2004-01-12 10:00:00.0,Intermediário
0.39759,0.40003,2004-01-12 10:30:00.0,Intermediário
0.39707,0.39922,2004-01-12 11:00:00.0,Intermediário
0.3967,0.39886,2004-01-12 11:30:00.0,Intermediário
0.39571,0.39786,2004-01-12 12:00:00.0,Intermediário
0.39483,0.39697,2004-01-12 12:30:00.0,Intermediário
0.39402,0.3963,2004-01-12 13:00:00.0,Intermediário
0.39391,0.39619,2004-01-12 13:30:00.0,Intermediário
0.39418,0.39646,2004-01-12 14:00:00.0,Intermediário
0.39343,0.39571,2004-01-12 14:30:00.0,Intermediário
0.39289,0.39503,2004-01-12 15:00:00.0,Intermediário
0.39216,0.39443,2004-01-12 15:30:00.0,Intermediário
0.39019,0.39231,2004-01-12 16:00:00.0,Intermediário
0.39021,0.39233,2004-01-12 16:30:00.0,Fechamento Interbancário
0.39347,0.39425,2004-01-12 17:40:00.0,Fechamento
0.38579,0.38901,2004-01-13 09:42:00.0,Abertura
0.38657,0.38866,2004-01-13 10:00:00.0,Intermediário
0.38742,0.38952,2004-01-13 10:30:00.0,Intermediário
0.38948,0.39159,2004-01-13 11:00:00.0,Intermediário
0.39091,0.39317,2004-01-13 11:30:00.0,Intermediário
0.39017,0.39229,2004-01-13 12:00:00.0,Intermediário
0.39303,0.39516,2004-01-13 12:30:00.0,Intermediário
0.39198,0.39439,2004-01-13 13:00:00.0,Intermediário
0.39115,0.39355,2004-01-13 13:30:00.0,Intermediário
0.392,0.39441,2004-01-13 14:00:00.0,Intermediário
0.39106,0.39346,2004-01-13 14:30:00.0,Intermediário
0.39124,0.39336,2004-01-13 15:00:00.0,Intermediário
0.39047,0.39259,2004-01-13 15:30:00.0,Intermediário
0.39015,0.39241,2004-01-13 16:00:00.0,Intermediário
0.39051,0.39249,2004-01-13 16:31:00.0,Fechamento Interbancário
0.3907,0.39148,2004-01-13 17:38:00.0,Fechamento
0.38712,0.39033,2004-01-14 09:56:00.0,Abertura
0.38776,0.39,2004-01-14 10:00:00.0,Intermediário
0.3875,0.3896,2004-01-14 10:30:00.0,Intermediário
0.38775,0.38985,2004-01-14 11:00:00.0,Intermediário
0.38782,0.39006,2004-01-14 11:30:00.0,Intermediário
0.38613,0.38836,2004-01-14 12:11:00.0,Intermediário
0.38726,0.38935,2004-01-14 12:30:00.0,Intermediário
0.38697,0.38906,2004-01-14 13:00:00.0,Intermediário
0.38664,0.38874,2004-01-14 13:30:00.0,Intermediário
0.38715,0.38925,2004-01-14 14:00:00.0,Intermediário
0.38766,0.38976,2004-01-14 14:30:00.0,Intermediário
0.38938,0.39149,2004-01-14 15:00:00.0,Intermediário
0.38952,0.39177,2004-01-14 15:30:00.0,Intermediário
0.38942,0.39153,2004-01-14 16:00:00.0,Intermediário
0.38922,0.39133,2004-01-14 16:30:00.0,Fechamento Interbancário
0.38808,0.38885,2004-01-14 17:39:00.0,Fechamento
0.3867,0.3899,2004-01-15 10:01:00.0,Abertura
0.38714,0.38938,2004-01-15 10:07:00.0,Intermediário
0.38747,0.38957,2004-01-15 10:30:00.0,Intermediário
0.38722,0.38932,2004-01-15 11:00:00.0,Intermediário
0.38762,0.38958,2004-01-15 11:30:00.0,Intermediário
0.38652,0.38861,2004-01-15 12:00:00.0,Intermediário
0.38529,0.38752,2004-01-15 12:30:00.0,Intermediário
0.3846,0.38668,2004-01-15 13:00:00.0,Intermediário
0.38398,0.38606,2004-01-15 13:30:00.0,Intermediário
0.38394,0.38602,2004-01-15 14:00:00.0,Intermediário
0.38464,0.38672,2004-01-15 14:30:00.0,Intermediário
0.3846,0.38668,2004-01-15 15:00:00.0,Intermediário
0.3845,0.38644,2004-01-15 15:30:00.0,Intermediário
0.3853,0.38725,2004-01-15 16:00:00.0,Intermediário
0.38458,0.38693,2004-01-15 16:30:00.0,Fechamento Interbancário
0.38504,0.3858,2004-01-15 18:37:00.0,Fechamento
0.38156,0.38471,2004-01-16 09:50:00.0,Abertura
0.38158,0.38378,2004-01-16 10:00:00.0,Intermediário
0.38139,0.38345,2004-01-16 10:30:00.0,Intermediário
0.38185,0.38391,2004-01-16 11:00:00.0,Intermediário
0.3817,0.38363,2004-01-16 11:30:00.0,Intermediário
0.3817,0.38377,2004-01-16 12:00:00.0,Intermediário
0.37992,0.38197,2004-01-16 12:32:00.0,Intermediário
0.38033,0.38252,2004-01-16 13:00:00.0,Intermediário
0.37988,0.38206,2004-01-16 13:30:00.0,Intermediário
0.37988,0.38206,2004-01-16 14:00:00.0,Intermediário
0.38001,0.38219,2004-01-16 14:30:00.0,Intermediário
0.38022,0.38228,2004-01-16 15:00:00.0,Intermediário
0.37888,0.38092,2004-01-16 15:30:00.0,Intermediário
0.38033,0.38252,2004-01-16 16:00:00.0,Intermediário
0.38007,0.38212,2004-01-16 16:30:00.0,Fechamento Interbancário
0.37933,0.38007,2004-01-16 17:42:00.0,Fechamento
0.38009,0.38322,2004-01-19 09:56:00.0,Abertura
0.38061,0.38293,2004-01-19 10:00:00.0,Intermediário
0.38117,0.38322,2004-01-19 10:30:00.0,Intermediário
0.38178,0.38397,2004-01-19 11:00:00.0,Intermediário
0.38214,0.38434,2004-01-19 11:30:00.0,Intermediário
0.38335,0.38555,2004-01-19 12:00:00.0,Intermediário
0.3828,0.385,2004-01-19 12:30:00.0,Intermediário
0.38252,0.38445,2004-01-19 13:00:00.0,Intermediário
0.38301,0.38494,2004-01-19 13:30:00.0,Intermediário
0.38295,0.38488,2004-01-19 14:00:00.0,Intermediário
0.38308,0.38501,2004-01-19 14:30:00.0,Intermediário
0.38321,0.38527,2004-01-19 15:00:00.0,Intermediário
0.38321,0.38527,2004-01-19 15:30:00.0,Intermediário
0.38221,0.38413,2004-01-19 16:00:00.0,Intermediário
0.38193,0.38399,2004-01-19 16:30:00.0,Fechamento Interbancário
0.38273,0.38348,2004-01-19 17:43:00.0,Fechamento
0.38537,0.38854,2004-01-20 09:58:00.0,Abertura
0.38592,0.388,2004-01-20 10:00:00.0,Intermediário
0.38635,0.38844,2004-01-20 10:30:00.0,Intermediário
0.38776,0.38986,2004-01-20 11:00:00.0,Intermediário
0.38779,0.39002,2004-01-20 11:30:00.0,Intermediário
0.38736,0.38945,2004-01-20 12:00:00.0,Intermediário
0.38669,0.38891,2004-01-20 12:30:00.0,Intermediário
0.38735,0.38958,2004-01-20 13:00:00.0,Intermediário
0.38785,0.38995,2004-01-20 13:30:00.0,Intermediário
0.38786,0.38996,2004-01-20 14:00:00.0,Intermediário
0.38848,0.39058,2004-01-20 14:30:00.0,Intermediário
0.38816,0.39026,2004-01-20 15:00:00.0,Intermediário
0.3887,0.39094,2004-01-20 15:30:00.0,Intermediário
0.38891,0.39101,2004-01-20 16:00:00.0,Intermediário
0.38909,0.39106,2004-01-20 16:30:00.0,Fechamento Interbancário
0.38922,0.38999,2004-01-20 17:45:00.0,Fechamento
0.38701,0.39021,2004-01-21 09:58:00.0,Abertura
0.38934,0.39145,2004-01-21 10:00:00.0,Intermediário
0.38896,0.39106,2004-01-21 10:30:00.0,Intermediário
0.38941,0.39151,2004-01-21 11:00:00.0,Intermediário
0.38961,0.39186,2004-01-21 11:30:00.0,Intermediário
0.39043,0.39254,2004-01-21 12:00:00.0,Intermediário
0.39068,0.39279,2004-01-21 12:30:00.0,Intermediário
0.39099,0.39311,2004-01-21 13:00:00.0,Intermediário
0.392,0.39413,2004-01-21 13:30:00.0,Intermediário
0.39223,0.39435,2004-01-21 14:00:00.0,Intermediário
0.39304,0.39516,2004-01-21 14:30:00.0,Intermediário
0.39348,0.39547,2004-01-21 15:00:00.0,Intermediário
0.39399,0.39612,2004-01-21 15:30:00.0,Intermediário
0.39338,0.39565,2004-01-21 16:00:00.0,Intermediário
0.39307,0.3952,2004-01-21 16:50:00.0,Fechamento Interbancário
0.39324,0.39401,2004-01-21 17:39:00.0,Fechamento
0.395,0.39826,2004-01-22 10:00:00.0,Abertura
0.39535,0.39763,2004-01-22 10:00:00.0,Intermediário
0.39599,0.39814,2004-01-22 10:30:00.0,Intermediário
0.39604,0.39819,2004-01-22 11:00:00.0,Intermediário
0.3963,0.39831,2004-01-22 11:30:00.0,Intermediário
0.39546,0.3976,2004-01-22 12:00:00.0,Intermediário
0.39519,0.39719,2004-01-22 12:30:00.0,Intermediário
0.39485,0.39699,2004-01-22 13:00:00.0,Intermediário
0.39505,0.39719,2004-01-22 13:30:00.0,Intermediário
0.39488,0.39702,2004-01-22 14:00:00.0,Intermediário
0.39508,0.39722,2004-01-22 14:30:00.0,Intermediário
0.39495,0.39709,2004-01-22 15:00:00.0,Intermediário
0.39509,0.39723,2004-01-22 15:30:00.0,Intermediário
0.3947,0.39669,2004-01-22 16:01:00.0,Intermediário
0.39469,0.39683,2004-01-22 16:30:00.0,Fechamento Interbancário
0.39579,0.39657,2004-01-22 17:37:00.0,Fechamento
0.39403,0.39728,2004-01-23 09:50:00.0,Abertura
0.39495,0.39694,2004-01-23 10:00:00.0,Intermediário
0.39402,0.39615,2004-01-23 10:30:00.0,Intermediário
0.39429,0.39629,2004-01-23 11:00:00.0,Intermediário
0.39372,0.39585,2004-01-23 11:30:00.0,Intermediário
0.39289,0.39501,2004-01-23 12:00:00.0,Intermediário
0.393,0.39512,2004-01-23 12:30:00.0,Intermediário
0.39359,0.39572,2004-01-23 13:00:00.0,Intermediário
0.39325,0.39538,2004-01-23 13:30:00.0,Intermediário
0.39285,0.39497,2004-01-23 14:00:00.0,Intermediário
0.3923,0.39442,2004-01-23 14:30:00.0,Intermediário
0.39138,0.39336,2004-01-23 15:00:00.0,Intermediário
0.39105,0.39317,2004-01-23 15:30:00.0,Intermediário
0.39064,0.39289,2004-01-23 16:00:00.0,Intermediário
0.3893,0.39154,2004-01-23 16:30:00.0,Fechamento Interbancário
0.39095,0.39172,2004-01-23 17:39:00.0,Fechamento
0.389,0.3922,2004-01-26 09:57:00.0,Abertura
0.3895,0.3916,2004-01-26 10:00:00.0,Intermediário
0.38867,0.39091,2004-01-26 10:30:00.0,Intermediário
0.38922,0.39132,2004-01-26 11:00:00.0,Intermediário
0.38986,0.39197,2004-01-26 11:30:00.0,Intermediário
0.38917,0.39114,2004-01-26 12:00:00.0,Intermediário
0.38966,0.39177,2004-01-26 12:30:00.0,Intermediário
0.38945,0.39142,2004-01-26 13:00:00.0,Intermediário
0.38831,0.39027,2004-01-26 13:30:00.0,Intermediário
0.38819,0.39015,2004-01-26 14:00:00.0,Intermediário
0.38792,0.38988,2004-01-26 14:30:00.0,Intermediário
0.388,0.39009,2004-01-26 15:00:00.0,Intermediário
0.38747,0.38956,2004-01-26 15:30:00.0,Intermediário
0.38732,0.38941,2004-01-26 16:00:00.0,Intermediário
0.38677,0.38886,2004-01-26 16:30:00.0,Fechamento Interbancário
0.3857,0.38645,2004-01-26 17:42:00.0,Fechamento
0.38651,0.38969,2004-01-27 09:54:00.0,Abertura
0.38705,0.389,2004-01-27 10:00:00.0,Intermediário
0.38805,0.39014,2004-01-27 10:30:00.0,Intermediário
0.38869,0.39079,2004-01-27 11:00:00.0,Intermediário
0.38892,0.39102,2004-01-27 11:30:00.0,Intermediário
0.39082,0.3928,2004-01-27 12:00:00.0,Intermediário
0.39039,0.3925,2004-01-27 12:30:00.0,Intermediário
0.39082,0.39293,2004-01-27 13:00:00.0,Intermediário
0.39171,0.39383,2004-01-27 13:30:00.0,Intermediário
0.39233,0.39445,2004-01-27 14:00:00.0,Intermediário
0.39315,0.39527,2004-01-27 14:30:00.0,Intermediário
0.39421,0.39634,2004-01-27 15:00:00.0,Intermediário
0.39445,0.39645,2004-01-27 15:30:00.0,Intermediário
0.39483,0.39696,2004-01-27 16:00:00.0,Intermediário
0.39521,0.39735,2004-01-27 16:30:00.0,Fechamento Interbancário
0.39419,0.39496,2004-01-27 17:46:00.0,Fechamento
0.39602,0.39927,2004-01-28 09:47:00.0,Abertura
0.397,0.39942,2004-01-28 10:00:00.0,Intermediário
0.39646,0.3986,2004-01-28 10:30:00.0,Intermediário
0.39578,0.39791,2004-01-28 11:00:00.0,Intermediário
0.39551,0.39765,2004-01-28 11:30:00.0,Intermediário
0.3948,0.39693,2004-01-28 12:00:00.0,Intermediário
0.39409,0.39608,2004-01-28 12:30:00.0,Intermediário
0.39492,0.39705,2004-01-28 13:00:00.0,Intermediário
0.394,0.39613,2004-01-28 13:30:00.0,Intermediário
0.39553,0.39767,2004-01-28 14:00:00.0,Intermediário
0.39534,0.39747,2004-01-28 14:30:00.0,Intermediário
0.39672,0.399,2004-01-28 15:00:00.0,Intermediário
0.39777,0.39978,2004-01-28 15:30:00.0,Intermediário
0.39957,0.40173,2004-01-28 16:00:00.0,Intermediário
0.39959,0.40175,2004-01-28 16:30:00.0,Fechamento Interbancário
0.39343,0.3942,2004-01-28 17:55:00.0,Fechamento
0.39625,0.39948,2004-01-29 09:46:00.0,Abertura
0.39666,0.39894,2004-01-29 10:00:00.0,Intermediário
0.39588,0.39829,2004-01-29 10:30:00.0,Intermediário
0.39477,0.39676,2004-01-29 11:00:00.0,Intermediário
0.39793,0.40021,2004-01-29 11:30:00.0,Intermediário
0.39637,0.3985,2004-01-29 12:00:00.0,Intermediário
0.39644,0.39857,2004-01-29 12:30:00.0,Intermediário
0.39804,0.40004,2004-01-29 13:00:00.0,Intermediário
0.39685,0.39885,2004-01-29 13:30:00.0,Intermediário
0.39474,0.39673,2004-01-29 14:06:00.0,Intermediário
0.39538,0.39736,2004-01-29 14:30:00.0,Intermediário
0.39674,0.39887,2004-01-29 15:00:00.0,Intermediário
0.39578,0.39791,2004-01-29 15:30:00.0,Intermediário
0.39475,0.39688,2004-01-29 16:00:00.0,Intermediário
0.39445,0.39656,2004-01-29 16:30:00.0,Fechamento Interbancário
0.39512,0.39589,2004-01-29 17:41:00.0,Fechamento
0.3947,0.39789,2004-01-30 09:38:00.0,Abertura
0.39582,0.39795,2004-01-30 10:00:00.0,Intermediário
0.39603,0.39816,2004-01-30 10:30:00.0,Intermediário
0.3953,0.39742,2004-01-30 11:00:00.0,Intermediário
0.39633,0.39832,2004-01-30 11:30:00.0,Intermediário
0.39639,0.39879,2004-01-30 12:02:00.0,Intermediário
0.39509,0.39762,2004-01-30 12:30:00.0,Intermediário
0.39365,0.39576,2004-01-30 13:00:00.0,Intermediário
0.39278,0.39502,2004-01-30 13:30:00.0,Intermediário
0.39317,0.39542,2004-01-30 14:00:00.0,Intermediário
0.3923,0.39454,2004-01-30 14:30:00.0,Intermediário
0.39329,0.3954,2004-01-30 15:00:00.0,Intermediário
0.39469,0.39681,2004-01-30 15:30:00.0,Intermediário
0.39433,0.39658,2004-01-30 16:00:00.0,Intermediário
0.39543,0.39755,2004-01-30 16:30:00.0,Fechamento Interbancário
0.39681,0.39759,2004-01-30 17:52:00.0,Fechamento
0.39717,0.40038,2004-02-02 09:48:00.0,Abertura
0.39729,0.39969,2004-02-02 10:00:00.0,Intermediário
0.39753,0.39993,2004-02-02 10:30:00.0,Intermediário
0.39762,0.39975,2004-02-02 11:00:00.0,Intermediário
0.39745,0.39958,2004-02-02 11:30:00.0,Intermediário
0.3981,0.40024,2004-02-02 12:00:00.0,Intermediário
0.39812,0.40053,2004-02-02 12:30:00.0,Intermediário
0.39737,0.3995,2004-02-02 13:00:00.0,Intermediário
0.39766,0.3998,2004-02-02 13:30:00.0,Intermediário
0.39741,0.39954,2004-02-02 14:00:00.0,Intermediário
0.39742,0.39955,2004-02-02 14:30:00.0,Intermediário
0.3984,0.40054,2004-02-02 15:00:00.0,Intermediário
0.39664,0.39877,2004-02-02 15:30:00.0,Intermediário
0.39604,0.39817,2004-02-02 16:00:00.0,Intermediário
0.3962,0.39832,2004-02-02 16:30:00.0,Fechamento Interbancário
0.39755,0.39833,2004-02-02 17:46:00.0,Fechamento
0.39953,0.40278,2004-02-03 09:51:00.0,Abertura
0.39991,0.40206,2004-02-03 10:00:00.0,Intermediário
0.40032,0.40248,2004-02-03 10:30:00.0,Intermediário
0.40101,0.40317,2004-02-03 11:00:00.0,Intermediário
0.40208,0.40424,2004-02-03 11:30:00.0,Intermediário
0.40029,0.40245,2004-02-03 12:00:00.0,Intermediário
0.4,0.40215,2004-02-03 12:30:00.0,Intermediário
0.39905,0.4012,2004-02-03 13:00:00.0,Intermediário
0.39957,0.40158,2004-02-03 13:30:00.0,Intermediário
0.39909,0.4011,2004-02-03 14:00:00.0,Intermediário
0.39878,0.40079,2004-02-03 14:30:00.0,Intermediário
0.39942,0.40157,2004-02-03 15:00:00.0,Intermediário
0.39881,0.40096,2004-02-03 15:30:00.0,Intermediário
0.39689,0.39889,2004-02-03 16:00:00.0,Intermediário
0.39629,0.39856,2004-02-03 16:30:00.0,Fechamento Interbancário
0.39928,0.40006,2004-02-03 17:48:00.0,Fechamento
0.39577,0.399,2004-02-04 09:55:00.0,Abertura
0.39614,0.39827,2004-02-04 10:00:00.0,Intermediário
0.39605,0.39818,2004-02-04 10:30:00.0,Intermediário
0.39621,0.39834,2004-02-04 11:00:00.0,Intermediário
0.39599,0.39798,2004-02-04 11:30:00.0,Intermediário
0.39515,0.39727,2004-02-04 12:00:00.0,Intermediário
0.39537,0.3975,2004-02-04 12:30:00.0,Intermediário
0.39462,0.39674,2004-02-04 13:00:00.0,Intermediário
0.39438,0.39664,2004-02-04 13:30:00.0,Intermediário
0.39432,0.39658,2004-02-04 14:00:00.0,Intermediário
0.3946,0.39686,2004-02-04 14:30:00.0,Intermediário
0.39597,0.3981,2004-02-04 15:00:00.0,Intermediário
0.3977,0.39984,2004-02-04 15:30:00.0,Intermediário
0.39743,0.39971,2004-02-04 16:00:00.0,Intermediário
0.39778,0.39993,2004-02-04 16:30:00.0,Fechamento Interbancário
0.39672,0.3975,2004-02-04 17:45:00.0,Fechamento
0.40024,0.4035,2004-02-05 09:55:00.0,Abertura
0.40018,0.40233,2004-02-05 10:00:00.0,Intermediário
0.40112,0.40342,2004-02-05 10:30:00.0,Intermediário
0.40246,0.40462,2004-02-05 11:00:00.0,Intermediário
0.40188,0.40405,2004-02-05 11:30:00.0,Intermediário
0.40137,0.40353,2004-02-05 12:00:00.0,Intermediário
0.40122,0.40337,2004-02-05 12:30:00.0,Intermediário
0.40161,0.40377,2004-02-05 13:00:00.0,Intermediário
0.40156,0.40372,2004-02-05 13:30:00.0,Intermediário
0.40085,0.403,2004-02-05 14:00:00.0,Intermediário
0.40128,0.40344,2004-02-05 14:30:00.0,Intermediário
0.40036,0.40265,2004-02-05 15:00:00.0,Intermediário
0.40068,0.40297,2004-02-05 15:30:00.0,Intermediário
0.40023,0.40238,2004-02-05 16:00:00.0,Intermediário
0.39951,0.40166,2004-02-05 16:30:00.0,Fechamento Interbancário
0.39968,0.40047,2004-02-05 17:47:00.0,Fechamento
0.40364,0.40691,2004-02-06 09:39:00.0,Abertura
0.40532,0.40764,2004-02-06 10:00:00.0,Intermediário
0.40601,0.4082,2004-02-06 10:30:00.0,Intermediário
0.40545,0.40749,2004-02-06 11:00:00.0,Intermediário
0.40503,0.40721,2004-02-06 11:35:00.0,Intermediário
0.40943,0.4115,2004-02-06 12:07:00.0,Intermediário
0.40804,0.41023,2004-02-06 12:43:00.0,Intermediário
0.40831,0.41079,2004-02-06 13:00:00.0,Intermediário
0.40889,0.41109,2004-02-06 13:30:00.0,Intermediário
0.40888,0.41109,2004-02-06 14:00:00.0,Intermediário
0.40847,0.41067,2004-02-06 14:30:00.0,Intermediário
0.40819,0.41053,2004-02-06 15:00:00.0,Intermediário
0.40766,0.40985,2004-02-06 15:30:00.0,Intermediário
0.40763,0.40983,2004-02-06 16:00:00.0,Intermediário
0.40723,0.40943,2004-02-06 16:30:00.0,Fechamento Interbancário
0.4102,0.41101,2004-02-06 17:48:00.0,Fechamento
0.40675,0.41006,2004-02-09 09:58:00.0,Abertura
0.40725,0.40972,2004-02-09 10:00:00.0,Intermediário
0.40879,0.41114,2004-02-09 10:30:00.0,Intermediário
0.40904,0.41125,2004-02-09 11:00:00.0,Intermediário
0.40945,0.41166,2004-02-09 11:30:00.0,Intermediário
0.40873,0.41093,2004-02-09 12:00:00.0,Intermediário
0.4081,0.41016,2004-02-09 12:30:00.0,Intermediário
0.40733,0.40939,2004-02-09 13:00:00.0,Intermediário
0.40688,0.40893,2004-02-09 13:30:00.0,Intermediário
0.40634,0.40839,2004-02-09 14:00:00.0,Intermediário
0.40527,0.40731,2004-02-09 14:30:00.0,Intermediário
0.40521,0.4074,2004-02-09 15:00:00.0,Intermediário
0.40569,0.40802,2004-02-09 15:30:00.0,Intermediário
0.4049,0.40709,2004-02-09 16:00:00.0,Intermediário
0.40595,0.40814,2004-02-09 16:30:00.0,Fechamento Interbancário
0.40753,0.40834,2004-02-09 17:46:00.0,Fechamento
0.40846,0.41178,2004-02-10 09:50:00.0,Abertura
0.40818,0.41038,2004-02-10 10:00:00.0,Intermediário
0.40747,0.40967,2004-02-10 10:30:00.0,Intermediário
0.40713,0.40933,2004-02-10 11:00:00.0,Intermediário
0.40705,0.40939,2004-02-10 11:30:00.0,Intermediário
0.40712,0.40931,2004-02-10 12:00:00.0,Intermediário
0.40619,0.40838,2004-02-10 12:30:00.0,Intermediário
0.40575,0.40794,2004-02-10 13:00:00.0,Intermediário
0.40606,0.40812,2004-02-10 13:30:00.0,Intermediário
0.40473,0.40677,2004-02-10 14:00:00.0,Intermediário
0.40576,0.40781,2004-02-10 14:30:00.0,Intermediário
0.40546,0.40751,2004-02-10 15:00:00.0,Intermediário
0.40545,0.4075,2004-02-10 15:30:00.0,Intermediário
0.40628,0.40847,2004-02-10 16:00:00.0,Intermediário
0.40588,0.40807,2004-02-10 16:30:00.0,Fechamento Interbancário
0.40701,0.40782,2004-02-10 17:52:00.0,Fechamento
0.40563,0.40893,2004-02-11 09:34:00.0,Abertura
0.40609,0.40814,2004-02-11 10:00:00.0,Intermediário
0.40595,0.40828,2004-02-11 10:30:00.0,Intermediário
0.40631,0.4085,2004-02-11 11:00:00.0,Intermediário
0.40678,0.40897,2004-02-11 11:30:00.0,Intermediário
0.40675,0.40894,2004-02-11 12:00:00.0,Intermediário
0.40683,0.40902,2004-02-11 12:30:00.0,Intermediário
0.40613,0.40819,2004-02-11 13:00:00.0,Intermediário
0.40492,0.40696,2004-02-11 13:30:00.0,Intermediário
0.40512,0.40717,2004-02-11 14:00:00.0,Intermediário
0.40985,0.41192,2004-02-11 14:43:00.0,Intermediário
0.40817,0.41038,2004-02-11 15:00:00.0,Intermediário
0.40736,0.40956,2004-02-11 15:30:00.0,Intermediário
0.40645,0.40865,2004-02-11 16:00:00.0,Intermediário
0.40617,0.40822,2004-02-11 16:30:00.0,Fechamento Interbancário
0.41048,0.41129,2004-02-11 17:45:00.0,Fechamento
0.40544,0.40876,2004-02-12 09:39:00.0,Abertura
0.40658,0.40878,2004-02-12 10:00:00.0,Intermediário
0.40649,0.40869,2004-02-12 10:30:00.0,Intermediário
0.40563,0.40782,2004-02-12 11:00:00.0,Intermediário
0.40515,0.40747,2004-02-12 11:30:00.0,Intermediário
0.40421,0.4064,2004-02-12 12:11:00.0,Intermediário
0.40433,0.40666,2004-02-12 12:30:00.0,Intermediário
0.40439,0.40658,2004-02-12 13:00:00.0,Intermediário
0.4047,0.40689,2004-02-12 13:30:00.0,Intermediário
0.4055,0.4077,2004-02-12 14:00:00.0,Intermediário
0.40499,0.40718,2004-02-12 14:30:00.0,Intermediário
0.40527,0.40746,2004-02-12 15:00:00.0,Intermediário
0.40512,0.40745,2004-02-12 15:30:00.0,Intermediário
0.40533,0.40739,2004-02-12 16:00:00.0,Intermediário
0.4048,0.40699,2004-02-12 16:30:00.0,Fechamento Interbancário
0.40632,0.40713,2004-02-12 17:41:00.0,Fechamento
0.40675,0.41007,2004-02-13 09:44:00.0,Abertura
0.40699,0.40919,2004-02-13 10:00:00.0,Intermediário
0.40681,0.40901,2004-02-13 10:30:00.0,Intermediário
0.40632,0.40852,2004-02-13 11:00:00.0,Intermediário
0.40681,0.40915,2004-02-13 11:30:00.0,Intermediário
0.40634,0.40854,2004-02-13 12:00:00.0,Intermediário
0.40693,0.40927,2004-02-13 12:30:00.0,Intermediário
0.40803,0.41023,2004-02-13 13:00:00.0,Intermediário
0.40614,0.40833,2004-02-13 13:35:00.0,Intermediário
0.40534,0.40753,2004-02-13 14:00:00.0,Intermediário
0.40382,0.406,2004-02-13 14:30:00.0,Intermediário
0.40596,0.40829,2004-02-13 15:00:00.0,Intermediário
0.40533,0.40737,2004-02-13 15:30:00.0,Intermediário
0.40369,0.40587,2004-02-13 16:00:00.0,Intermediário
0.40399,0.40618,2004-02-13 16:30:00.0,Fechamento Interbancário
0.40457,0.40537,2004-02-13 17:51:00.0,Fechamento
0.40239,0.40567,2004-02-16 09:45:00.0,Abertura
0.40229,0.4046,2004-02-16 10:00:00.0,Intermediário
0.40433,0.40652,2004-02-16 10:30:00.0,Intermediário
0.40378,0.40596,2004-02-16 11:00:00.0,Intermediário
0.40302,0.40519,2004-02-16 11:30:00.0,Intermediário
0.40281,0.40498,2004-02-16 12:00:00.0,Intermediário
0.40277,0.40495,2004-02-16 12:30:00.0,Intermediário
0.40276,0.40493,2004-02-16 13:00:00.0,Intermediário
0.40288,0.40491,2004-02-16 13:30:00.0,Intermediário
0.40287,0.40491,2004-02-16 14:00:00.0,Intermediário
0.40274,0.40478,2004-02-16 14:30:00.0,Intermediário
0.40242,0.40473,2004-02-16 15:00:00.0,Intermediário
0.40288,0.40505,2004-02-16 15:30:00.0,Intermediário
0.4031,0.40528,2004-02-16 16:00:00.0,Intermediário
0.40288,0.40505,2004-02-16 16:30:00.0,Fechamento Interbancário
0.40351,0.40431,2004-02-16 17:41:00.0,Fechamento
0.40488,0.40819,2004-02-17 09:48:00.0,Abertura
0.40559,0.40778,2004-02-17 10:00:00.0,Intermediário
0.40447,0.40666,2004-02-17 10:30:00.0,Intermediário
0.40422,0.4064,2004-02-17 11:00:00.0,Intermediário
0.40535,0.4074,2004-02-17 11:30:00.0,Intermediário
0.40516,0.40748,2004-02-17 12:00:00.0,Intermediário
0.40465,0.40683,2004-02-17 12:30:00.0,Intermediário
0.4043,0.40649,2004-02-17 13:00:00.0,Intermediário
0.40496,0.40715,2004-02-17 13:30:00.0,Intermediário
0.40585,0.40804,2004-02-17 14:00:00.0,Intermediário
0.40603,0.40822,2004-02-17 14:30:00.0,Intermediário
0.40664,0.40883,2004-02-17 15:00:00.0,Intermediário
0.40689,0.40908,2004-02-17 15:30:00.0,Intermediário
0.40621,0.4084,2004-02-17 16:00:00.0,Intermediário
0.40643,0.40863,2004-02-17 16:30:00.0,Fechamento Interbancário
0.40644,0.40724,2004-02-17 17:44:00.0,Fechamento
0.40611,0.40942,2004-02-18 09:49:00.0,Abertura
0.40604,0.40823,2004-02-18 10:00:00.0,Intermediário
0.40569,0.40788,2004-02-18 10:30:00.0,Intermediário
0.40716,0.40936,2004-02-18 11:00:00.0,Intermediário
0.40736,0.4097,2004-02-18 11:30:00.0,Intermediário
0.4086,0.41081,2004-02-18 12:00:00.0,Intermediário
0.40891,0.41112,2004-02-18 12:30:00.0,Intermediário
0.40939,0.4116,2004-02-18 13:00:00.0,Intermediário
0.40872,0.41092,2004-02-18 13:30:00.0,Intermediário
0.40868,0.41088,2004-02-18 14:00:00.0,Intermediário
0.40841,0.41062,2004-02-18 14:30:00.0,Intermediário
0.40777,0.41011,2004-02-18 15:00:00.0,Intermediário
0.4075,0.40997,2004-02-18 15:30:00.0,Intermediário
0.40688,0.40907,2004-02-18 16:00:00.0,Intermediário
0.40658,0.40877,2004-02-18 16:30:00.0,Fechamento Interbancário
0.40431,0.4051,2004-02-18 17:41:00.0,Fechamento
0.40808,0.41139,2004-02-19 09:51:00.0,Abertura
0.40771,0.40991,2004-02-19 10:00:00.0,Intermediário
0.40794,0.41013,2004-02-19 10:30:00.0,Intermediário
0.40588,0.40807,2004-02-19 11:00:00.0,Intermediário
0.40735,0.40954,2004-02-19 11:30:00.0,Intermediário
0.4059,0.40808,2004-02-19 12:00:00.0,Intermediário
0.40648,0.40881,2004-02-19 12:30:00.0,Intermediário
0.40554,0.40772,2004-02-19 13:00:00.0,Intermediário
0.40616,0.40834,2004-02-19 13:30:00.0,Intermediário
0.40617,0.40835,2004-02-19 14:00:00.0,Intermediário
0.40704,0.40924,2004-02-19 14:30:00.0,Intermediário
0.40742,0.40975,2004-02-19 15:00:00.0,Intermediário
0.4081,0.41029,2004-02-19 15:30:00.0,Intermediário
0.40839,0.41059,2004-02-19 16:00:00.0,Intermediário
0.40811,0.41031,2004-02-19 16:30:00.0,Fechamento Interbancário
0.40744,0.40824,2004-02-19 17:42:00.0,Fechamento
0.41023,0.41354,2004-02-20 09:47:00.0,Abertura
0.41361,0.41583,2004-02-20 10:00:00.0,Intermediário
0.41164,0.41454,2004-02-20 10:30:00.0,Intermediário
0.41246,0.41481,2004-02-20 11:00:00.0,Intermediário
0.41211,0.41432,2004-02-20 11:30:00.0,Intermediário
0.41019,0.41253,2004-02-20 12:00:00.0,Intermediário
0.40754,0.40973,2004-02-20 12:38:00.0,Intermediário
0.40673,0.40878,2004-02-20 13:00:00.0,Intermediário
0.40654,0.40872,2004-02-20 13:30:00.0,Intermediário
0.40646,0.40864,2004-02-20 14:00:00.0,Intermediário
0.40543,0.4076,2004-02-20 14:30:00.0,Intermediário
0.40501,0.40705,2004-02-20 15:03:00.0,Intermediário
0.4033,0.40561,2004-02-20 15:36:00.0,Intermediário
0.40167,0.40383,2004-02-20 16:00:00.0,Intermediário
0.40219,0.40435,2004-02-20 16:30:00.0,Fechamento Interbancário
0.40611,0.4069,2004-02-20 17:42:00.0,Fechamento
0.40061,0.40385,2004-02-25 12:58:00.0,Abertura
0.40088,0.40304,2004-02-25 13:00:00.0,Intermediário
0.39767,0.39994,2004-02-25 13:30:00.0,Intermediário
0.39704,0.39944,2004-02-25 14:00:00.0,Intermediário
0.39704,0.39917,2004-02-25 14:30:00.0,Intermediário
0.39685,0.39898,2004-02-25 15:00:00.0,Intermediário
0.39505,0.39718,2004-02-25 15:30:00.0,Intermediário
0.39699,0.39912,2004-02-25 16:00:00.0,Intermediário
0.39656,0.39883,2004-02-25 16:30:00.0,Fechamento Interbancário
0.39731,0.39808,2004-02-25 17:46:00.0,Fechamento
0.39535,0.39856,2004-02-26 09:55:00.0,Abertura
0.39621,0.39834,2004-02-26 10:00:00.0,Intermediário
0.39577,0.3979,2004-02-26 10:30:00.0,Intermediário
0.39499,0.39711,2004-02-26 11:00:00.0,Intermediário
0.39436,0.39648,2004-02-26 11:30:00.0,Intermediário
0.39586,0.39798,2004-02-26 12:00:00.0,Intermediário
0.3954,0.39752,2004-02-26 12:30:00.0,Intermediário
0.39481,0.39693,2004-02-26 13:00:00.0,Intermediário
0.39551,0.39764,2004-02-26 13:30:00.0,Intermediário
0.39543,0.39755,2004-02-26 14:00:00.0,Intermediário
0.39532,0.39744,2004-02-26 14:30:00.0,Intermediário
0.39591,0.3979,2004-02-26 15:00:00.0,Intermediário
0.39531,0.39743,2004-02-26 15:30:00.0,Intermediário
0.39447,0.39645,2004-02-26 16:00:00.0,Intermediário
0.39422,0.39634,2004-02-26 16:30:00.0,Fechamento Interbancário
0.39497,0.39574,2004-02-26 17:44:00.0,Fechamento
0.39008,0.39326,2004-02-27 09:46:00.0,Abertura
0.39161,0.39371,2004-02-27 10:00:00.0,Intermediário
0.39146,0.39343,2004-02-27 10:30:00.0,Intermediário
0.39153,0.39363,2004-02-27 11:00:00.0,Intermediário
0.39184,0.39395,2004-02-27 11:30:00.0,Intermediário
0.39306,0.39517,2004-02-27 12:00:00.0,Intermediário
0.39146,0.39357,2004-02-27 12:30:00.0,Intermediário
0.39026,0.39235,2004-02-27 13:00:00.0,Intermediário
0.39123,0.39333,2004-02-27 13:30:00.0,Intermediário
0.39101,0.39311,2004-02-27 14:00:00.0,Intermediário
0.39246,0.39457,2004-02-27 14:30:00.0,Intermediário
0.39196,0.39407,2004-02-27 15:00:00.0,Intermediário
0.3917,0.39394,2004-02-27 15:30:00.0,Intermediário
0.3917,0.39381,2004-02-27 16:00:00.0,Intermediário
0.39142,0.39352,2004-02-27 16:30:00.0,Fechamento Interbancário
0.39374,0.39451,2004-02-27 18:07:00.0,Fechamento
0.39052,0.39371,2004-03-01 09:54:00.0,Abertura
0.39085,0.39295,2004-03-01 10:00:00.0,Intermediário
0.39046,0.39269,2004-03-01 10:30:00.0,Intermediário
0.39079,0.39303,2004-03-01 11:00:00.0,Intermediário
0.38994,0.39204,2004-03-01 11:30:00.0,Intermediário
0.38946,0.39155,2004-03-01 12:00:00.0,Intermediário
0.38856,0.39065,2004-03-01 12:38:00.0,Intermediário
0.38875,0.39071,2004-03-01 13:00:00.0,Intermediário
0.38816,0.39025,2004-03-01 13:30:00.0,Intermediário
0.38812,0.3902,2004-03-01 14:00:00.0,Intermediário
0.38845,0.39054,2004-03-01 14:30:00.0,Intermediário
0.38812,0.39007,2004-03-01 15:00:00.0,Intermediário
0.38832,0.39027,2004-03-01 15:30:00.0,Intermediário
0.38881,0.39103,2004-03-01 16:00:00.0,Intermediário
0.38833,0.39029,2004-03-01 16:30:00.0,Fechamento Interbancário
0.38928,0.39004,2004-03-01 17:46:00.0,Fechamento
0.38825,0.39141,2004-03-02 09:32:00.0,Abertura
0.39092,0.39316,2004-03-02 10:00:00.0,Intermediário
0.38923,0.39132,2004-03-02 10:30:00.0,Intermediário
0.38929,0.39138,2004-03-02 11:00:00.0,Intermediário
0.38889,0.39098,2004-03-02 11:30:00.0,Intermediário
0.38874,0.39083,2004-03-02 12:00:00.0,Intermediário
0.38745,0.38953,2004-03-02 12:30:00.0,Intermediário
0.38443,0.3865,2004-03-02 13:03:00.0,Intermediário
0.38373,0.38579,2004-03-02 13:30:00.0,Intermediário
0.38185,0.3839,2004-03-02 14:04:00.0,Intermediário
0.38201,0.38406,2004-03-02 14:30:00.0,Intermediário
0.38056,0.3826,2004-03-02 15:00:00.0,Intermediário
0.38057,0.38274,2004-03-02 15:30:00.0,Intermediário
0.38007,0.38211,2004-03-02 16:00:00.0,Intermediário
0.3802,0.38224,2004-03-02 16:30:00.0,Fechamento Interbancário
0.38389,0.38463,2004-03-02 17:44:00.0,Fechamento
0.37663,0.37971,2004-03-03 09:57:00.0,Abertura
0.37762,0.37965,2004-03-03 10:00:00.0,Intermediário
0.37614,0.37816,2004-03-03 10:30:00.0,Intermediário
0.37683,0.37886,2004-03-03 11:00:00.0,Intermediário
0.37722,0.37938,2004-03-03 11:30:00.0,Intermediário
0.37784,0.38,2004-03-03 12:00:00.0,Intermediário
0.37742,0.37957,2004-03-03 12:30:00.0,Intermediário
0.37764,0.37954,2004-03-03 13:00:00.0,Intermediário
0.37659,0.37861,2004-03-03 13:54:00.0,Intermediário
0.37668,0.3787,2004-03-03 14:00:00.0,Intermediário
0.37733,0.37935,2004-03-03 14:30:00.0,Intermediário
0.37853,0.38069,2004-03-03 15:00:00.0,Intermediário
0.3788,0.38083,2004-03-03 15:30:00.0,Intermediário
0.37898,0.38102,2004-03-03 16:00:00.0,Intermediário
0.37965,0.38156,2004-03-03 16:30:00.0,Fechamento Interbancário
0.37982,0.38056,2004-03-03 17:39:00.0,Fechamento
0.38096,0.38407,2004-03-04 09:46:00.0,Abertura
0.37948,0.38165,2004-03-04 10:00:00.0,Intermediário
0.38031,0.38248,2004-03-04 10:30:00.0,Intermediário
0.38013,0.38217,2004-03-04 11:00:00.0,Intermediário
0.37946,0.3815,2004-03-04 11:30:00.0,Intermediário
0.37938,0.38155,2004-03-04 12:00:00.0,Intermediário
0.37993,0.38196,2004-03-04 12:30:00.0,Intermediário
0.38103,0.38308,2004-03-04 13:00:00.0,Intermediário
0.38159,0.38364,2004-03-04 13:30:00.0,Intermediário
0.38258,0.38463,2004-03-04 14:00:00.0,Intermediário
0.38164,0.38369,2004-03-04 14:30:00.0,Intermediário
0.38007,0.38197,2004-03-04 15:00:00.0,Intermediário
0.38049,0.38253,2004-03-04 15:30:00.0,Intermediário
0.38126,0.38318,2004-03-04 16:00:00.0,Intermediário
0.38109,0.383,2004-03-04 16:30:00.0,Fechamento Interbancário
0.3816,0.38234,2004-03-04 17:41:00.0,Fechamento
0.3821,0.38522,2004-03-05 09:57:00.0,Abertura
0.38248,0.38454,2004-03-05 10:00:00.0,Intermediário
0.3813,0.38335,2004-03-05 10:33:00.0,Intermediário
0.38499,0.38706,2004-03-05 11:02:00.0,Intermediário
0.38713,0.38922,2004-03-05 11:42:00.0,Intermediário
0.38836,0.39045,2004-03-05 12:00:00.0,Intermediário
0.38799,0.39008,2004-03-05 12:30:00.0,Intermediário
0.38783,0.38992,2004-03-05 13:00:00.0,Intermediário
0.38675,0.38883,2004-03-05 13:32:00.0,Intermediário
0.38715,0.38923,2004-03-05 14:00:00.0,Intermediário
0.38746,0.38955,2004-03-05 14:30:00.0,Intermediário
0.38666,0.38874,2004-03-05 15:00:00.0,Intermediário
0.38607,0.38815,2004-03-05 15:30:00.0,Intermediário
0.3859,0.38784,2004-03-05 16:00:00.0,Intermediário
0.38622,0.38844,2004-03-05 16:30:00.0,Fechamento Interbancário
0.38804,0.3888,2004-03-05 17:43:00.0,Fechamento
0.38396,0.38711,2004-03-08 09:59:00.0,Abertura
0.3841,0.38617,2004-03-08 10:00:00.0,Intermediário
0.38521,0.38742,2004-03-08 10:30:00.0,Intermediário
0.38497,0.38704,2004-03-08 11:00:00.0,Intermediário
0.38593,0.38801,2004-03-08 11:30:00.0,Intermediário
0.38627,0.38848,2004-03-08 12:00:00.0,Intermediário
0.38856,0.39065,2004-03-08 12:30:00.0,Intermediário
0.388,0.38995,2004-03-08 13:00:00.0,Intermediário
0.38808,0.39017,2004-03-08 13:30:00.0,Intermediário
0.3882,0.39029,2004-03-08 14:00:00.0,Intermediário
0.38812,0.39021,2004-03-08 14:30:00.0,Intermediário
0.38696,0.38918,2004-03-08 15:00:00.0,Intermediário
0.38701,0.38923,2004-03-08 15:30:00.0,Intermediário
0.3882,0.39029,2004-03-08 16:02:00.0,Intermediário
0.38841,0.39051,2004-03-08 16:30:00.0,Fechamento Interbancário
0.38912,0.38988,2004-03-08 17:42:00.0,Fechamento
0.38695,0.39011,2004-03-09 09:51:00.0,Abertura
0.38754,0.38962,2004-03-09 10:00:00.0,Intermediário
0.38596,0.38803,2004-03-09 10:30:00.0,Intermediário
0.38663,0.38871,2004-03-09 11:00:00.0,Intermediário
0.38769,0.38964,2004-03-09 11:30:00.0,Intermediário
0.38793,0.39001,2004-03-09 12:00:00.0,Intermediário
0.38769,0.38978,2004-03-09 12:30:00.0,Intermediário
0.38803,0.39013,2004-03-09 13:00:00.0,Intermediário
0.38797,0.39006,2004-03-09 13:30:00.0,Intermediário
0.38858,0.39067,2004-03-09 14:00:00.0,Intermediário
0.38848,0.39057,2004-03-09 14:30:00.0,Intermediário
0.38844,0.39054,2004-03-09 15:02:00.0,Intermediário
0.38758,0.3898,2004-03-09 15:33:00.0,Intermediário
0.38834,0.39044,2004-03-09 16:00:00.0,Intermediário
0.38866,0.39075,2004-03-09 16:30:00.0,Fechamento Interbancário
0.38571,0.38647,2004-03-09 17:42:00.0,Fechamento
0.3865,0.38965,2004-03-10 09:54:00.0,Abertura
0.38691,0.38899,2004-03-10 10:00:00.0,Intermediário
0.38655,0.38863,2004-03-10 10:30:00.0,Intermediário
0.38422,0.38642,2004-03-10 11:02:00.0,Intermediário
0.38414,0.38621,2004-03-10 11:30:00.0,Intermediário
0.38474,0.3868,2004-03-10 12:00:00.0,Intermediário
0.38384,0.3859,2004-03-10 12:30:00.0,Intermediário
0.38381,0.38587,2004-03-10 13:00:00.0,Intermediário
0.38354,0.3856,2004-03-10 13:30:00.0,Intermediário
0.38405,0.38611,2004-03-10 14:00:00.0,Intermediário
0.38428,0.38635,2004-03-10 14:30:00.0,Intermediário
0.38547,0.38754,2004-03-10 15:00:00.0,Intermediário
0.38509,0.38702,2004-03-10 15:30:00.0,Intermediário
0.38561,0.38768,2004-03-10 16:00:00.0,Intermediário
0.38616,0.38823,2004-03-10 16:30:00.0,Fechamento Interbancário
0.38495,0.38569,2004-03-10 17:53:00.0,Fechamento
0.38537,0.3885,2004-03-11 09:41:00.0,Abertura
0.38739,0.38947,2004-03-11 10:01:00.0,Intermediário
0.38834,0.39042,2004-03-11 10:35:00.0,Intermediário
0.3866,0.38868,2004-03-11 11:00:00.0,Intermediário
0.38582,0.3879,2004-03-11 11:30:00.0,Intermediário
0.38659,0.38867,2004-03-11 12:00:00.0,Intermediário
0.38686,0.38893,2004-03-11 12:30:00.0,Intermediário
0.38626,0.38834,2004-03-11 13:00:00.0,Intermediário
0.38689,0.38896,2004-03-11 13:30:00.0,Intermediário
0.38689,0.38897,2004-03-11 14:00:00.0,Intermediário
0.38724,0.38932,2004-03-11 14:30:00.0,Intermediário
0.38759,0.38967,2004-03-11 15:00:00.0,Intermediário
0.38792,0.39014,2004-03-11 15:30:00.0,Intermediário
0.38748,0.38956,2004-03-11 16:00:00.0,Intermediário
0.38776,0.38985,2004-03-11 16:30:00.0,Fechamento Interbancário
0.38997,0.39073,2004-03-11 17:41:00.0,Fechamento
0.38455,0.38767,2004-03-12 09:42:00.0,Abertura
0.38483,0.38689,2004-03-12 10:00:00.0,Intermediário
0.38466,0.38685,2004-03-12 10:30:00.0,Intermediário
0.38484,0.38691,2004-03-12 11:00:00.0,Intermediário
0.38421,0.3864,2004-03-12 11:30:00.0,Intermediário
0.38211,0.38416,2004-03-12 12:00:00.0,Intermediário
0.38221,0.38426,2004-03-12 12:30:00.0,Intermediário
0.38131,0.38336,2004-03-12 13:00:00.0,Intermediário
0.38167,0.38372,2004-03-12 13:30:00.0,Intermediário
0.38181,0.38385,2004-03-12 14:00:00.0,Intermediário
0.38187,0.38391,2004-03-12 14:30:00.0,Intermediário
0.3825,0.38468,2004-03-12 15:00:00.0,Intermediário
0.38106,0.38323,2004-03-12 15:30:00.0,Intermediário
0.38112,0.38303,2004-03-12 16:00:00.0,Intermediário
0.38101,0.38305,2004-03-12 16:30:00.0,Fechamento Interbancário
0.38298,0.38372,2004-03-12 17:53:00.0,Fechamento
0.38418,0.38731,2004-03-15 09:49:00.0,Abertura
0.38463,0.3867,2004-03-15 10:00:00.0,Intermediário
0.38458,0.38664,2004-03-15 10:30:00.0,Intermediário
0.38293,0.38498,2004-03-15 11:02:00.0,Intermediário
0.38352,0.38544,2004-03-15 11:30:00.0,Intermediário
0.38277,0.38469,2004-03-15 12:00:00.0,Intermediário
0.3831,0.38515,2004-03-15 12:30:00.0,Intermediário
0.38325,0.38531,2004-03-15 13:00:00.0,Intermediário
0.38378,0.38584,2004-03-15 13:30:00.0,Intermediário
0.38361,0.38567,2004-03-15 14:00:00.0,Intermediário
0.38309,0.38514,2004-03-15 14:30:00.0,Intermediário
0.38386,0.38606,2004-03-15 15:04:00.0,Intermediário
0.38387,0.38593,2004-03-15 15:32:00.0,Intermediário
0.38394,0.386,2004-03-15 16:00:00.0,Intermediário
0.38402,0.38608,2004-03-15 16:30:00.0,Fechamento Interbancário
0.38499,0.38573,2004-03-15 17:38:00.0,Fechamento
0.38568,0.38883,2004-03-16 09:48:00.0,Abertura
0.38669,0.38876,2004-03-16 10:00:00.0,Intermediário
0.38625,0.38833,2004-03-16 10:30:00.0,Intermediário
0.38684,0.38878,2004-03-16 11:00:00.0,Intermediário
0.38666,0.38861,2004-03-16 11:30:00.0,Intermediário
0.38663,0.38857,2004-03-16 12:00:00.0,Intermediário
0.38653,0.38848,2004-03-16 12:30:00.0,Intermediário
0.38609,0.38816,2004-03-16 13:00:00.0,Intermediário
0.38445,0.38651,2004-03-16 13:30:00.0,Intermediário
0.38354,0.3856,2004-03-16 14:00:00.0,Intermediário
0.38292,0.38498,2004-03-16 14:30:00.0,Intermediário
0.38399,0.38605,2004-03-16 15:00:00.0,Intermediário
0.38345,0.38564,2004-03-16 15:30:00.0,Intermediário
0.38392,0.38585,2004-03-16 16:00:00.0,Intermediário
0.38414,0.3862,2004-03-16 16:30:00.0,Fechamento Interbancário
0.38446,0.3852,2004-03-16 17:39:00.0,Fechamento
0.38361,0.38673,2004-03-17 09:44:00.0,Abertura
0.38361,0.38567,2004-03-17 10:00:00.0,Intermediário
0.38302,0.38508,2004-03-17 10:30:00.0,Intermediário
0.38295,0.385,2004-03-17 11:00:00.0,Intermediário
0.38349,0.38555,2004-03-17 11:30:00.0,Intermediário
0.38317,0.38523,2004-03-17 12:00:00.0,Intermediário
0.38255,0.38447,2004-03-17 12:30:00.0,Intermediário
0.38301,0.38507,2004-03-17 13:00:00.0,Intermediário
0.38289,0.38494,2004-03-17 13:30:00.0,Intermediário
0.38341,0.38546,2004-03-17 14:00:00.0,Intermediário
0.38426,0.38633,2004-03-17 14:30:00.0,Intermediário
0.38368,0.38587,2004-03-17 15:00:00.0,Intermediário
0.38458,0.38665,2004-03-17 15:30:00.0,Intermediário
0.38481,0.38688,2004-03-17 16:00:00.0,Intermediário
0.38502,0.38708,2004-03-17 16:30:00.0,Fechamento Interbancário
0.38411,0.38486,2004-03-17 17:41:00.0,Fechamento
0.38381,0.38694,2004-03-18 09:35:00.0,Abertura
0.3849,0.38683,2004-03-18 10:00:00.0,Intermediário
0.38417,0.38623,2004-03-18 10:30:00.0,Intermediário
0.38481,0.38687,2004-03-18 11:00:00.0,Intermediário
0.38658,0.38865,2004-03-18 11:32:00.0,Intermediário
0.38717,0.38911,2004-03-18 12:00:00.0,Intermediário
0.38795,0.39004,2004-03-18 12:30:00.0,Intermediário
0.38899,0.39108,2004-03-18 13:00:00.0,Intermediário
0.38972,0.39181,2004-03-18 13:30:00.0,Intermediário
0.38946,0.39155,2004-03-18 14:00:00.0,Intermediário
0.3904,0.3925,2004-03-18 14:30:00.0,Intermediário
0.38894,0.39117,2004-03-18 15:00:00.0,Intermediário
0.38757,0.38965,2004-03-18 15:30:00.0,Intermediário
0.38846,0.39041,2004-03-18 16:00:00.0,Intermediário
0.38815,0.39024,2004-03-18 16:30:00.0,Fechamento Interbancário
0.38977,0.39053,2004-03-18 17:45:00.0,Fechamento
0.38458,0.38771,2004-03-19 09:35:00.0,Abertura
0.38506,0.38713,2004-03-19 10:10:00.0,Intermediário
0.3847,0.38676,2004-03-19 10:30:00.0,Intermediário
0.38536,0.38757,2004-03-19 11:00:00.0,Intermediário
0.38585,0.38806,2004-03-19 11:30:00.0,Intermediário
0.38662,0.38856,2004-03-19 12:00:00.0,Intermediário
0.38664,0.38885,2004-03-19 12:30:00.0,Intermediário
0.38599,0.38806,2004-03-19 13:00:00.0,Intermediário
0.38402,0.38608,2004-03-19 13:35:00.0,Intermediário
0.38456,0.38662,2004-03-19 14:00:00.0,Intermediário
0.3847,0.38676,2004-03-19 14:30:00.0,Intermediário
0.38495,0.38688,2004-03-19 15:00:00.0,Intermediário
0.38507,0.38714,2004-03-19 15:30:00.0,Intermediário
0.38484,0.38704,2004-03-19 16:00:00.0,Intermediário
0.38484,0.3869,2004-03-19 16:30:00.0,Fechamento Interbancário
0.38527,0.38602,2004-03-19 17:37:00.0,Fechamento
0.38882,0.39199,2004-03-22 09:50:00.0,Abertura
0.38936,0.39145,2004-03-22 10:00:00.0,Intermediário
0.38886,0.39095,2004-03-22 10:30:00.0,Intermediário
0.38845,0.39054,2004-03-22 11:00:00.0,Intermediário
0.38906,0.39115,2004-03-22 11:30:00.0,Intermediário
0.38956,0.39165,2004-03-22 12:00:00.0,Intermediário
0.38981,0.39191,2004-03-22 12:30:00.0,Intermediário
0.38966,0.39176,2004-03-22 13:00:00.0,Intermediário
0.38912,0.39122,2004-03-22 13:30:00.0,Intermediário
0.38976,0.39185,2004-03-22 14:00:00.0,Intermediário
0.38985,0.39195,2004-03-22 14:30:00.0,Intermediário
0.38993,0.39202,2004-03-22 15:00:00.0,Intermediário
0.39049,0.39259,2004-03-22 15:30:00.0,Intermediário
0.38986,0.39182,2004-03-22 16:00:00.0,Intermediário
0.38935,0.39144,2004-03-22 16:30:00.0,Fechamento Interbancário
0.3888,0.38956,2004-03-22 17:41:00.0,Fechamento
0.38565,0.38878,2004-03-23 09:54:00.0,Abertura
0.38556,0.38763,2004-03-23 10:00:00.0,Intermediário
0.38663,0.38871,2004-03-23 10:30:00.0,Intermediário
0.38651,0.38859,2004-03-23 11:00:00.0,Intermediário
0.38733,0.38941,2004-03-23 11:30:00.0,Intermediário
0.38713,0.3892,2004-03-23 12:00:00.0,Intermediário
0.38776,0.38984,2004-03-23 12:30:00.0,Intermediário
0.38774,0.38969,2004-03-23 13:00:00.0,Intermediário
0.38812,0.39007,2004-03-23 13:30:00.0,Intermediário
0.38813,0.39008,2004-03-23 14:00:00.0,Intermediário
0.38916,0.39112,2004-03-23 14:30:00.0,Intermediário
0.38913,0.39135,2004-03-23 15:00:00.0,Intermediário
0.38904,0.39113,2004-03-23 15:30:00.0,Intermediário
0.38852,0.3906,2004-03-23 16:00:00.0,Intermediário
0.38856,0.39051,2004-03-23 16:30:00.0,Fechamento Interbancário
0.38884,0.3896,2004-03-23 18:13:00.0,Fechamento
0.3844,0.38752,2004-03-24 09:53:00.0,Abertura
0.38449,0.38655,2004-03-24 10:00:00.0,Intermediário
0.38469,0.38662,2004-03-24 10:30:00.0,Intermediário
0.38456,0.38649,2004-03-24 11:00:00.0,Intermediário
0.38382,0.38588,2004-03-24 11:30:00.0,Intermediário
0.38334,0.38539,2004-03-24 12:00:00.0,Intermediário
0.38431,0.38637,2004-03-24 12:30:00.0,Intermediário
0.3844,0.38633,2004-03-24 13:00:00.0,Intermediário
0.3843,0.38649,2004-03-24 13:30:00.0,Intermediário
0.38424,0.38643,2004-03-24 14:00:00.0,Intermediário
0.38432,0.38651,2004-03-24 14:30:00.0,Intermediário
0.3833,0.38535,2004-03-24 15:00:00.0,Intermediário
0.38326,0.38531,2004-03-24 15:30:00.0,Intermediário
0.38289,0.38494,2004-03-24 16:00:00.0,Intermediário
0.38274,0.38466,2004-03-24 16:30:00.0,Fechamento Interbancário
0.38224,0.38298,2004-03-24 17:44:00.0,Fechamento
0.38146,0.38455,2004-03-25 10:01:00.0,Abertura
0.38209,0.38426,2004-03-25 10:06:00.0,Intermediário
0.38249,0.38454,2004-03-25 10:30:00.0,Intermediário
0.38209,0.38413,2004-03-25 11:00:00.0,Intermediário
0.38243,0.38461,2004-03-25 11:30:00.0,Intermediário
0.38209,0.38426,2004-03-25 12:00:00.0,Intermediário
0.38311,0.38516,2004-03-25 12:30:00.0,Intermediário
0.38364,0.38569,2004-03-25 13:00:00.0,Intermediário
0.38348,0.38553,2004-03-25 13:30:00.0,Intermediário
0.38374,0.38579,2004-03-25 14:00:00.0,Intermediário
0.38388,0.38594,2004-03-25 14:30:00.0,Intermediário
0.38347,0.38552,2004-03-25 15:00:00.0,Intermediário
0.38281,0.38486,2004-03-25 15:30:00.0,Intermediário
0.38343,0.38535,2004-03-25 16:00:00.0,Intermediário
0.38347,0.38539,2004-03-25 16:30:00.0,Fechamento Interbancário
0.3839,0.38464,2004-03-25 17:44:00.0,Fechamento
0.38512,0.38823,2004-03-26 09:47:00.0,Abertura
0.386,0.38807,2004-03-26 10:00:00.0,Intermediário
0.38561,0.38755,2004-03-26 10:30:00.0,Intermediário
0.38645,0.38852,2004-03-26 11:03:00.0,Intermediário
0.38547,0.3874,2004-03-26 11:30:00.0,Intermediário
0.38484,0.3869,2004-03-26 12:00:00.0,Intermediário
0.38406,0.38611,2004-03-26 12:30:00.0,Intermediário
0.38268,0.38473,2004-03-26 13:00:00.0,Intermediário
0.38316,0.38521,2004-03-26 13:30:00.0,Intermediário
0.38235,0.3844,2004-03-26 14:00:00.0,Intermediário
0.38385,0.3859,2004-03-26 14:30:00.0,Intermediário
0.38387,0.38592,2004-03-26 15:00:00.0,Intermediário
0.38366,0.38571,2004-03-26 15:30:00.0,Intermediário
0.38351,0.38556,2004-03-26 16:00:00.0,Intermediário
0.38321,0.38513,2004-03-26 16:30:00.0,Fechamento Interbancário
0.38469,0.38543,2004-03-26 17:43:00.0,Fechamento
0.38319,0.38629,2004-03-29 09:58:00.0,Abertura
0.38356,0.38561,2004-03-29 10:00:00.0,Intermediário
0.38326,0.38531,2004-03-29 10:30:00.0,Intermediário
0.38392,0.38597,2004-03-29 11:00:00.0,Intermediário
0.38414,0.38606,2004-03-29 11:30:00.0,Intermediário
0.38376,0.38582,2004-03-29 12:00:00.0,Intermediário
0.38414,0.38606,2004-03-29 12:30:00.0,Intermediário
0.38471,0.38676,2004-03-29 13:00:00.0,Intermediário
0.38438,0.38643,2004-03-29 13:30:00.0,Intermediário
0.38383,0.38588,2004-03-29 14:00:00.0,Intermediário
0.38399,0.38605,2004-03-29 14:30:00.0,Intermediário
0.38399,0.38604,2004-03-29 15:00:00.0,Intermediário
0.38414,0.3862,2004-03-29 15:30:00.0,Intermediário
0.38403,0.38609,2004-03-29 16:00:00.0,Intermediário
0.38388,0.38593,2004-03-29 16:30:00.0,Fechamento Interbancário
0.38456,0.3853,2004-03-29 17:54:00.0,Fechamento
0.38497,0.38809,2004-03-30 09:54:00.0,Abertura
0.38547,0.38753,2004-03-30 10:00:00.0,Intermediário
0.38554,0.38748,2004-03-30 10:30:00.0,Intermediário
0.38431,0.38637,2004-03-30 11:00:00.0,Intermediário
0.38356,0.38561,2004-03-30 11:30:00.0,Intermediário
0.38308,0.38526,2004-03-30 12:00:00.0,Intermediário
0.38314,0.38519,2004-03-30 12:30:00.0,Intermediário
0.38219,0.38424,2004-03-30 13:00:00.0,Intermediário
0.38306,0.38512,2004-03-30 13:30:00.0,Intermediário
0.38288,0.38493,2004-03-30 14:00:00.0,Intermediário
0.38228,0.38433,2004-03-30 14:30:00.0,Intermediário
0.382,0.38405,2004-03-30 15:00:00.0,Intermediário
0.38235,0.3844,2004-03-30 15:30:00.0,Intermediário
0.38161,0.38353,2004-03-30 16:00:00.0,Intermediário
0.38159,0.38363,2004-03-30 16:30:00.0,Fechamento Interbancário
0.3834,0.38414,2004-03-30 17:45:00.0,Fechamento
0.38216,0.38527,2004-03-31 09:37:00.0,Abertura
0.38296,0.38488,2004-03-31 10:00:00.0,Intermediário
0.38264,0.38482,2004-03-31 10:30:00.0,Intermediário
0.38316,0.38521,2004-03-31 11:00:00.0,Intermediário
0.38368,0.38561,2004-03-31 11:30:00.0,Intermediário
0.38528,0.38734,2004-03-31 12:00:00.0,Intermediário
0.3849,0.38697,2004-03-31 12:30:00.0,Intermediário
0.38445,0.38664,2004-03-31 13:00:00.0,Intermediário
0.38413,0.38633,2004-03-31 13:30:00.0,Intermediário
0.38416,0.38635,2004-03-31 14:00:00.0,Intermediário
0.38451,0.38671,2004-03-31 14:30:00.0,Intermediário
0.38388,0.38581,2004-03-31 15:00:00.0,Intermediário
0.38432,0.38638,2004-03-31 15:30:00.0,Intermediário
0.38314,0.38506,2004-03-31 16:00:00.0,Intermediário
0.38304,0.3851,2004-03-31 16:30:00.0,Fechamento Interbancário
0.3852,0.38595,2004-03-31 17:47:00.0,Fechamento
0.38521,0.38835,2004-04-01 09:54:00.0,Abertura
0.3855,0.38757,2004-04-01 10:00:00.0,Intermediário
0.38689,0.3891,2004-04-01 10:32:00.0,Intermediário
0.38632,0.38826,2004-04-01 11:00:00.0,Intermediário
0.38591,0.38799,2004-04-01 11:30:00.0,Intermediário
0.38669,0.38877,2004-04-01 12:00:00.0,Intermediário
0.38497,0.38691,2004-04-01 12:30:00.0,Intermediário
0.38455,0.38662,2004-04-01 13:00:00.0,Intermediário
0.3849,0.38697,2004-04-01 13:30:00.0,Intermediário
0.3858,0.38787,2004-04-01 14:00:00.0,Intermediário
0.38571,0.38779,2004-04-01 14:30:00.0,Intermediário
0.38576,0.38783,2004-04-01 15:00:00.0,Intermediário
0.38575,0.38782,2004-04-01 15:30:00.0,Intermediário
0.38563,0.38757,2004-04-01 16:00:00.0,Intermediário
0.38587,0.38781,2004-04-01 16:30:00.0,Fechamento Interbancário
0.38694,0.38769,2004-04-01 17:39:00.0,Fechamento
0.38441,0.38754,2004-04-02 10:02:00.0,Abertura
0.38455,0.38662,2004-04-02 10:04:00.0,Intermediário
0.38372,0.38565,2004-04-02 10:36:00.0,Intermediário
0.38131,0.38336,2004-04-02 11:02:00.0,Intermediário
0.3794,0.38144,2004-04-02 11:30:00.0,Intermediário
0.37919,0.3811,2004-04-02 12:00:00.0,Intermediário
0.38,0.38217,2004-04-02 12:30:00.0,Intermediário
0.37933,0.38137,2004-04-02 13:00:00.0,Intermediário
0.37929,0.38119,2004-04-02 13:30:00.0,Intermediário
0.37865,0.38055,2004-04-02 14:00:00.0,Intermediário
0.37885,0.38075,2004-04-02 14:30:00.0,Intermediário
0.3791,0.38113,2004-04-02 15:00:00.0,Intermediário
0.37982,0.38186,2004-04-02 15:30:00.0,Intermediário
0.37941,0.38144,2004-04-02 16:00:00.0,Intermediário
0.37976,0.38166,2004-04-02 16:30:00.0,Fechamento Interbancário
0.37984,0.38057,2004-04-02 17:40:00.0,Fechamento
0.37733,0.3804,2004-04-05 09:43:00.0,Abertura
0.37741,0.37943,2004-04-05 10:00:00.0,Intermediário
0.37791,0.37993,2004-04-05 10:30:00.0,Intermediário
0.37733,0.37935,2004-04-05 11:00:00.0,Intermediário
0.37698,0.37887,2004-04-05 11:30:00.0,Intermediário
0.37582,0.37783,2004-04-05 12:00:00.0,Intermediário
0.37422,0.37623,2004-04-05 12:30:00.0,Intermediário
0.37548,0.37749,2004-04-05 13:00:00.0,Intermediário
0.37528,0.37729,2004-04-05 13:30:00.0,Intermediário
0.37493,0.37694,2004-04-05 14:00:00.0,Intermediário
0.37517,0.37718,2004-04-05 14:30:00.0,Intermediário
0.37486,0.37673,2004-04-05 15:00:00.0,Intermediário
0.37511,0.37712,2004-04-05 15:30:00.0,Intermediário
0.37479,0.3768,2004-04-05 16:00:00.0,Intermediário
0.37485,0.37673,2004-04-05 16:30:00.0,Fechamento Interbancário
0.37664,0.37737,2004-04-05 17:45:00.0,Fechamento
0.37671,0.37979,2004-04-06 09:47:00.0,Abertura
0.37691,0.37893,2004-04-06 10:00:00.0,Intermediário
0.37666,0.37868,2004-04-06 10:30:00.0,Intermediário
0.37578,0.3778,2004-04-06 11:00:00.0,Intermediário
0.37421,0.37622,2004-04-06 11:30:00.0,Intermediário
0.37517,0.37718,2004-04-06 12:00:00.0,Intermediário
0.37548,0.3775,2004-04-06 12:30:00.0,Intermediário
0.3763,0.37832,2004-04-06 13:00:00.0,Intermediário
0.3766,0.37862,2004-04-06 13:30:00.0,Intermediário
0.37625,0.37827,2004-04-06 14:00:00.0,Intermediário
0.37675,0.37877,2004-04-06 14:30:00.0,Intermediário
0.37681,0.37883,2004-04-06 15:00:00.0,Intermediário
0.37691,0.3788,2004-04-06 15:30:00.0,Intermediário
0.37669,0.37858,2004-04-06 16:00:00.0,Intermediário
0.37664,0.37853,2004-04-06 16:30:00.0,Fechamento Interbancário
0.37838,0.37911,2004-04-06 17:41:00.0,Fechamento
0.37823,0.38132,2004-04-07 09:52:00.0,Abertura
0.37896,0.38086,2004-04-07 10:00:00.0,Intermediário
0.3801,0.38214,2004-04-07 10:33:00.0,Intermediário
0.37945,0.38149,2004-04-07 11:00:00.0,Intermediário
0.37945,0.38136,2004-04-07 11:30:00.0,Intermediário
0.38118,0.38323,2004-04-07 12:02:00.0,Intermediário
0.3811,0.38314,2004-04-07 12:30:00.0,Intermediário
0.38063,0.38267,2004-04-07 13:00:00.0,Intermediário
0.38128,0.38333,2004-04-07 13:30:00.0,Intermediário
0.38094,0.38299,2004-04-07 14:00:00.0,Intermediário
0.38137,0.38342,2004-04-07 14:30:00.0,Intermediário
0.38066,0.38271,2004-04-07 15:00:00.0,Intermediário
0.38036,0.38241,2004-04-07 15:30:00.0,Intermediário
0.38015,0.3822,2004-04-07 16:00:00.0,Intermediário
0.38003,0.38207,2004-04-07 16:30:00.0,Fechamento Interbancário
0.38138,0.38213,2004-04-07 17:48:00.0,Fechamento
0.37829,0.38138,2004-04-08 09:56:00.0,Abertura
0.37824,0.38027,2004-04-08 10:00:00.0,Intermediário
0.37896,0.38099,2004-04-08 10:30:00.0,Intermediário
0.37922,0.38126,2004-04-08 11:00:00.0,Intermediário
0.37957,0.3816,2004-04-08 11:30:00.0,Intermediário
0.37951,0.38154,2004-04-08 12:00:00.0,Intermediário
0.37919,0.38123,2004-04-08 12:32:00.0,Intermediário
0.37875,0.38065,2004-04-08 13:00:00.0,Intermediário
0.37844,0.38034,2004-04-08 13:30:00.0,Intermediário
0.37804,0.37994,2004-04-08 14:00:00.0,Intermediário
0.37818,0.38008,2004-04-08 14:30:00.0,Intermediário
0.37876,0.38066,2004-04-08 15:00:00.0,Intermediário
0.37919,0.38109,2004-04-08 15:30:00.0,Intermediário
0.37927,0.38131,2004-04-08 16:00:00.0,Intermediário
0.37931,0.38134,2004-04-08 16:30:00.0,Fechamento Interbancário
0.37939,0.38013,2004-04-08 17:47:00.0,Fechamento
0.37893,0.38202,2004-04-12 09:46:00.0,Abertura
0.37941,0.38131,2004-04-12 10:00:00.0,Intermediário
0.37919,0.38122,2004-04-12 10:30:00.0,Intermediário
0.37816,0.38005,2004-04-12 11:00:00.0,Intermediário
0.37859,0.38062,2004-04-12 11:30:00.0,Intermediário
0.37864,0.38067,2004-04-12 12:00:00.0,Intermediário
0.37871,0.38074,2004-04-12 12:30:00.0,Intermediário
0.37867,0.38071,2004-04-12 13:00:00.0,Intermediário
0.37847,0.3805,2004-04-12 13:30:00.0,Intermediário
0.37846,0.38049,2004-04-12 14:00:00.0,Intermediário
0.37873,0.38076,2004-04-12 14:30:00.0,Intermediário
0.37832,0.38022,2004-04-12 15:00:00.0,Intermediário
0.37849,0.38052,2004-04-12 15:30:00.0,Intermediário
0.37804,0.38007,2004-04-12 16:00:00.0,Intermediário
0.37824,0.38027,2004-04-12 16:30:00.0,Fechamento Interbancário
0.37932,0.38005,2004-04-12 17:48:00.0,Fechamento
0.375,0.37806,2004-04-13 09:49:00.0,Abertura
0.3755,0.37738,2004-04-13 10:00:00.0,Intermediário
0.37487,0.37688,2004-04-13 10:30:00.0,Intermediário
0.37501,0.37689,2004-04-13 11:00:00.0,Intermediário
0.37445,0.37632,2004-04-13 11:30:00.0,Intermediário
0.37367,0.37567,2004-04-13 12:00:00.0,Intermediário
0.37434,0.37635,2004-04-13 12:30:00.0,Intermediário
0.37472,0.37673,2004-04-13 13:00:00.0,Intermediário
0.37501,0.37702,2004-04-13 13:30:00.0,Intermediário
0.37464,0.37665,2004-04-13 14:00:00.0,Intermediário
0.37426,0.37626,2004-04-13 14:30:00.0,Intermediário
0.37473,0.37673,2004-04-13 15:00:00.0,Intermediário
0.37576,0.37764,2004-04-13 15:30:00.0,Intermediário
0.37585,0.37774,2004-04-13 16:00:00.0,Intermediário
0.37546,0.37747,2004-04-13 16:30:00.0,Fechamento Interbancário
0.37539,0.37611,2004-04-13 17:55:00.0,Fechamento
0.37393,0.37697,2004-04-14 10:02:00.0,Abertura
0.37451,0.37652,2004-04-14 10:11:00.0,Intermediário
0.37457,0.37657,2004-04-14 10:57:00.0,Intermediário
0.37466,0.37654,2004-04-14 11:09:00.0,Intermediário
0.37494,0.37682,2004-04-14 11:30:00.0,Intermediário
0.375,0.37688,2004-04-14 12:00:00.0,Intermediário
0.37509,0.3771,2004-04-14 12:30:00.0,Intermediário
0.37487,0.37688,2004-04-14 13:00:00.0,Intermediário
0.37479,0.37679,2004-04-14 13:30:00.0,Intermediário
0.37492,0.37693,2004-04-14 14:00:00.0,Intermediário
0.37545,0.37746,2004-04-14 14:30:00.0,Intermediário
0.3748,0.3768,2004-04-14 15:00:00.0,Intermediário
0.37483,0.37684,2004-04-14 15:30:00.0,Intermediário
0.37499,0.377,2004-04-14 16:00:00.0,Intermediário
0.37519,0.37707,2004-04-14 16:30:00.0,Fechamento Interbancário
0.37657,0.37729,2004-04-14 17:50:00.0,Fechamento
0.37443,0.37748,2004-04-15 09:40:00.0,Abertura
0.37533,0.37733,2004-04-15 10:00:00.0,Intermediário
0.37599,0.378,2004-04-15 10:30:00.0,Intermediário
0.37579,0.37781,2004-04-15 11:00:00.0,Intermediário
0.37608,0.37809,2004-04-15 11:30:00.0,Intermediário
0.37577,0.37779,2004-04-15 12:00:00.0,Intermediário
0.37574,0.37775,2004-04-15 12:30:00.0,Intermediário
0.37695,0.37922,2004-04-15 13:00:00.0,Intermediário
0.37739,0.37928,2004-04-15 13:30:00.0,Intermediário
0.37808,0.37997,2004-04-15 14:00:00.0,Intermediário
0.37822,0.38012,2004-04-15 14:30:00.0,Intermediário
0.3796,0.38164,2004-04-15 15:00:00.0,Intermediário
0.37901,0.38117,2004-04-15 15:30:00.0,Intermediário
0.37916,0.38119,2004-04-15 16:00:00.0,Intermediário
0.37893,0.38095,2004-04-15 16:30:00.0,Fechamento Interbancário
0.37806,0.37879,2004-04-15 17:49:00.0,Fechamento
0.37759,0.38065,2004-04-16 09:56:00.0,Abertura
0.37909,0.38112,2004-04-16 10:00:00.0,Intermediário
0.37906,0.38109,2004-04-16 10:30:00.0,Intermediário
0.37941,0.38144,2004-04-16 11:04:00.0,Intermediário
0.37891,0.38094,2004-04-16 11:30:00.0,Intermediário
0.38026,0.3823,2004-04-16 12:00:00.0,Intermediário
0.38022,0.38225,2004-04-16 12:30:00.0,Intermediário
0.37946,0.3815,2004-04-16 13:00:00.0,Intermediário
0.37933,0.38137,2004-04-16 13:30:00.0,Intermediário
0.37757,0.37959,2004-04-16 14:00:00.0,Intermediário
0.37876,0.38079,2004-04-16 14:30:00.0,Intermediário
0.37914,0.38117,2004-04-16 15:00:00.0,Intermediário
0.37871,0.3806,2004-04-16 15:30:00.0,Intermediário
0.37771,0.37987,2004-04-16 16:00:00.0,Intermediário
0.37834,0.38036,2004-04-16 16:30:00.0,Fechamento Interbancário
0.3799,0.38063,2004-04-16 17:42:00.0,Fechamento
0.37818,0.38126,2004-04-19 09:55:00.0,Abertura
0.37898,0.38101,2004-04-19 10:00:00.0,Intermediário
0.37892,0.38095,2004-04-19 10:30:00.0,Intermediário
0.37855,0.38044,2004-04-19 11:00:00.0,Intermediário
0.37894,0.38097,2004-04-19 11:30:00.0,Intermediário
0.37895,0.38085,2004-04-19 12:00:00.0,Intermediário
0.37895,0.38098,2004-04-19 12:30:00.0,Intermediário
0.3791,0.38126,2004-04-19 13:00:00.0,Intermediário
0.37949,0.38153,2004-04-19 13:30:00.0,Intermediário
0.37903,0.38106,2004-04-19 14:00:00.0,Intermediário
0.3796,0.38164,2004-04-19 14:30:00.0,Intermediário
0.37942,0.38132,2004-04-19 15:00:00.0,Intermediário
0.37894,0.38097,2004-04-19 15:30:00.0,Intermediário
0.37843,0.38046,2004-04-19 16:00:00.0,Intermediário
0.37828,0.38031,2004-04-19 16:30:00.0,Fechamento Interbancário
0.37973,0.38047,2004-04-19 18:00:00.0,Fechamento
0.37649,0.37955,2004-04-20 09:43:00.0,Abertura
0.37686,0.37874,2004-04-20 10:00:00.0,Intermediário
0.37725,0.37926,2004-04-20 10:30:00.0,Intermediário
0.37791,0.37993,2004-04-20 11:00:00.0,Intermediário
0.37783,0.37985,2004-04-20 11:30:00.0,Intermediário
0.3781,0.38012,2004-04-20 12:00:00.0,Intermediário
0.37867,0.3807,2004-04-20 12:30:00.0,Intermediário
0.37831,0.38033,2004-04-20 13:00:00.0,Intermediário
0.37826,0.38028,2004-04-20 13:30:00.0,Intermediário
0.37848,0.38051,2004-04-20 14:00:00.0,Intermediário
0.37898,0.38101,2004-04-20 14:30:00.0,Intermediário
0.37828,0.38031,2004-04-20 15:00:00.0,Intermediário
0.37879,0.38081,2004-04-20 15:30:00.0,Intermediário
0.37925,0.38127,2004-04-20 16:00:00.0,Intermediário
0.37878,0.38081,2004-04-20 16:30:00.0,Fechamento Interbancário
0.37672,0.37744,2004-04-20 17:38:00.0,Fechamento
0.38141,0.38449,2004-04-22 09:38:00.0,Abertura
0.38109,0.38313,2004-04-22 10:00:00.0,Intermediário
0.38,0.38203,2004-04-22 10:30:00.0,Intermediário
0.38055,0.38245,2004-04-22 11:00:00.0,Intermediário
0.37996,0.382,2004-04-22 11:30:00.0,Intermediário
0.38012,0.38216,2004-04-22 12:00:00.0,Intermediário
0.37936,0.38126,2004-04-22 12:30:00.0,Intermediário
0.37862,0.38064,2004-04-22 13:00:00.0,Intermediário
0.37901,0.38091,2004-04-22 13:30:00.0,Intermediário
0.37824,0.38013,2004-04-22 14:00:00.0,Intermediário
0.37933,0.38123,2004-04-22 14:30:00.0,Intermediário
0.3784,0.38042,2004-04-22 15:00:00.0,Intermediário
0.37857,0.38059,2004-04-22 15:30:00.0,Intermediário
0.37972,0.38175,2004-04-22 16:00:00.0,Intermediário
0.37979,0.38182,2004-04-22 16:30:00.0,Fechamento Interbancário
0.38122,0.38196,2004-04-22 17:41:00.0,Fechamento
0.37791,0.38097,2004-04-23 09:40:00.0,Abertura
0.37795,0.37997,2004-04-23 10:00:00.0,Intermediário
0.37795,0.37998,2004-04-23 10:30:00.0,Intermediário
0.37722,0.37923,2004-04-23 11:00:00.0,Intermediário
0.37718,0.37919,2004-04-23 11:30:00.0,Intermediário
0.37665,0.37854,2004-04-23 12:00:00.0,Intermediário
0.37503,0.3769,2004-04-23 12:30:00.0,Intermediário
0.37484,0.37684,2004-04-23 13:00:00.0,Intermediário
0.37519,0.37719,2004-04-23 13:30:00.0,Intermediário
0.37542,0.37743,2004-04-23 14:00:00.0,Intermediário
0.37556,0.37757,2004-04-23 14:30:00.0,Intermediário
0.376,0.37801,2004-04-23 15:00:00.0,Intermediário
0.37588,0.37802,2004-04-23 15:30:00.0,Intermediário
0.37566,0.37766,2004-04-23 16:00:00.0,Intermediário
0.3754,0.37741,2004-04-23 16:30:00.0,Fechamento Interbancário
0.37741,0.37814,2004-04-23 17:46:00.0,Fechamento
0.37682,0.37989,2004-04-26 09:50:00.0,Abertura
0.37776,0.37992,2004-04-26 10:00:00.0,Intermediário
0.37785,0.37974,2004-04-26 10:30:00.0,Intermediário
0.37737,0.37926,2004-04-26 11:00:00.0,Intermediário
0.37735,0.37937,2004-04-26 11:30:00.0,Intermediário
0.37741,0.3793,2004-04-26 12:00:00.0,Intermediário
0.37715,0.37904,2004-04-26 12:30:00.0,Intermediário
0.37723,0.37925,2004-04-26 13:00:00.0,Intermediário
0.3774,0.37942,2004-04-26 13:30:00.0,Intermediário
0.37706,0.37908,2004-04-26 14:00:00.0,Intermediário
0.37751,0.37953,2004-04-26 14:30:00.0,Intermediário
0.37755,0.37957,2004-04-26 15:00:00.0,Intermediário
0.37751,0.37953,2004-04-26 15:30:00.0,Intermediário
0.37832,0.38034,2004-04-26 16:00:00.0,Intermediário
0.37797,0.37999,2004-04-26 16:30:00.0,Fechamento Interbancário
0.37818,0.37891,2004-04-26 17:42:00.0,Fechamento
0.37909,0.38217,2004-04-27 09:35:00.0,Abertura
0.37984,0.38187,2004-04-27 10:00:00.0,Intermediário
0.37924,0.38114,2004-04-27 10:30:00.0,Intermediário
0.37914,0.38117,2004-04-27 11:00:00.0,Intermediário
0.37941,0.38144,2004-04-27 11:30:00.0,Intermediário
0.3795,0.3814,2004-04-27 12:00:00.0,Intermediário
0.37996,0.38186,2004-04-27 12:30:00.0,Intermediário
0.38091,0.38295,2004-04-27 13:00:00.0,Intermediário
0.38026,0.3823,2004-04-27 13:30:00.0,Intermediário
0.37978,0.38182,2004-04-27 14:00:00.0,Intermediário
0.38026,0.3823,2004-04-27 14:30:00.0,Intermediário
0.38065,0.38269,2004-04-27 15:00:00.0,Intermediário
0.38147,0.38352,2004-04-27 15:30:00.0,Intermediário
0.3808,0.38284,2004-04-27 16:00:00.0,Intermediário
0.38061,0.38265,2004-04-27 16:30:00.0,Fechamento Interbancário
0.38112,0.38185,2004-04-27 17:42:00.0,Fechamento
0.37996,0.38304,2004-04-28 09:53:00.0,Abertura
0.38038,0.38241,2004-04-28 10:00:00.0,Intermediário
0.38048,0.38251,2004-04-28 10:30:00.0,Intermediário
0.38095,0.38312,2004-04-28 11:00:00.0,Intermediário
0.37986,0.38176,2004-04-28 11:30:00.0,Intermediário
0.38019,0.38222,2004-04-28 12:00:00.0,Intermediário
0.38006,0.38196,2004-04-28 12:30:00.0,Intermediário
0.38017,0.38207,2004-04-28 13:00:00.0,Intermediário
0.38086,0.38277,2004-04-28 13:30:00.0,Intermediário
0.37951,0.38141,2004-04-28 14:00:00.0,Intermediário
0.38037,0.38227,2004-04-28 14:30:00.0,Intermediário
0.38133,0.38336,2004-04-28 15:00:00.0,Intermediário
0.381,0.38303,2004-04-28 15:30:00.0,Intermediário
0.38213,0.38417,2004-04-28 16:00:00.0,Intermediário
0.38207,0.38411,2004-04-28 16:30:00.0,Fechamento Interbancário
0.38086,0.38159,2004-04-28 17:42:00.0,Fechamento
0.3823,0.38539,2004-04-29 09:50:00.0,Abertura
0.38337,0.38542,2004-04-29 10:10:00.0,Intermediário
0.3835,0.38555,2004-04-29 10:30:00.0,Intermediário
0.38428,0.38634,2004-04-29 11:00:00.0,Intermediário
0.3851,0.38716,2004-04-29 11:30:00.0,Intermediário
0.384,0.38605,2004-04-29 12:00:00.0,Intermediário
0.38449,0.38654,2004-04-29 12:30:00.0,Intermediário
0.3863,0.38837,2004-04-29 13:00:00.0,Intermediário
0.38577,0.38783,2004-04-29 13:30:00.0,Intermediário
0.38583,0.38789,2004-04-29 14:00:00.0,Intermediário
0.38883,0.39104,2004-04-29 14:30:00.0,Intermediário
0.3867,0.38876,2004-04-29 15:00:00.0,Intermediário
0.38601,0.38808,2004-04-29 15:30:00.0,Intermediário
0.38759,0.38966,2004-04-29 16:00:00.0,Intermediário
0.3876,0.38967,2004-04-29 16:30:00.0,Fechamento Interbancário
0.3862,0.38694,2004-04-29 19:16:00.0,Fechamento
0.38324,0.38633,2004-04-30 09:40:00.0,Abertura
0.38446,0.38664,2004-04-30 10:00:00.0,Intermediário
0.38566,0.38772,2004-04-30 10:30:00.0,Intermediário
0.38571,0.38777,2004-04-30 11:00:00.0,Intermediário
0.38515,0.38748,2004-04-30 11:30:00.0,Intermediário
0.38447,0.38665,2004-04-30 12:00:00.0,Intermediário
0.38411,0.38616,2004-04-30 12:30:00.0,Intermediário
0.384,0.38605,2004-04-30 13:00:00.0,Intermediário
0.38414,0.3862,2004-04-30 13:30:00.0,Intermediário
0.3841,0.38616,2004-04-30 14:00:00.0,Intermediário
0.3844,0.38645,2004-04-30 14:30:00.0,Intermediário
0.38431,0.38624,2004-04-30 15:00:00.0,Intermediário
0.38361,0.38553,2004-04-30 15:30:00.0,Intermediário
0.383,0.38492,2004-04-30 16:00:00.0,Intermediário
0.38298,0.3849,2004-04-30 16:30:00.0,Fechamento Interbancário
0.38477,0.38551,2004-04-30 18:02:00.0,Fechamento
0.38351,0.38661,2004-05-03 09:51:00.0,Abertura
0.38435,0.3864,2004-05-03 10:00:00.0,Intermediário
0.38321,0.38526,2004-05-03 10:30:00.0,Intermediário
0.3838,0.38585,2004-05-03 11:00:00.0,Intermediário
0.38552,0.38758,2004-05-03 11:30:00.0,Intermediário
0.3845,0.38655,2004-05-03 12:00:00.0,Intermediário
0.38414,0.38606,2004-05-03 12:30:00.0,Intermediário
0.3851,0.38728,2004-05-03 13:00:00.0,Intermediário
0.38506,0.38712,2004-05-03 13:30:00.0,Intermediário
0.3846,0.38665,2004-05-03 14:00:00.0,Intermediário
0.38506,0.38712,2004-05-03 14:30:00.0,Intermediário
0.38611,0.38817,2004-05-03 15:00:00.0,Intermediário
0.38611,0.38817,2004-05-03 15:30:00.0,Intermediário
0.38779,0.39078,2004-05-03 16:00:00.0,Intermediário
0.38737,0.38956,2004-05-03 16:30:00.0,Fechamento Interbancário
0.38536,0.38611,2004-05-03 17:47:00.0,Fechamento
0.39053,0.39368,2004-05-04 09:54:00.0,Abertura
0.39154,0.39364,2004-05-04 10:00:00.0,Intermediário
0.39019,0.39215,2004-05-04 10:30:00.0,Intermediário
0.39074,0.39283,2004-05-04 11:00:00.0,Intermediário
0.3907,0.39279,2004-05-04 11:30:00.0,Intermediário
0.3925,0.3946,2004-05-04 12:00:00.0,Intermediário
0.39075,0.39297,2004-05-04 12:30:00.0,Intermediário
0.39084,0.39307,2004-05-04 13:00:00.0,Intermediário
0.39064,0.39273,2004-05-04 13:30:00.0,Intermediário
0.391,0.3931,2004-05-04 14:00:00.0,Intermediário
0.39075,0.39284,2004-05-04 14:30:00.0,Intermediário
0.3919,0.39387,2004-05-04 15:00:00.0,Intermediário
0.39085,0.39294,2004-05-04 15:30:00.0,Intermediário
0.39127,0.39336,2004-05-04 16:00:00.0,Intermediário
0.39112,0.39308,2004-05-04 16:30:00.0,Fechamento Interbancário
0.39229,0.39305,2004-05-04 17:44:00.0,Fechamento
0.39194,0.3951,2004-05-05 09:46:00.0,Abertura
0.39185,0.39395,2004-05-05 10:00:00.0,Intermediário
0.39299,0.39522,2004-05-05 10:30:00.0,Intermediário
0.39252,0.39462,2004-05-05 11:00:00.0,Intermediário
0.39337,0.39547,2004-05-05 11:30:00.0,Intermediário
0.39245,0.39455,2004-05-05 12:00:00.0,Intermediário
0.39386,0.39597,2004-05-05 12:30:00.0,Intermediário
0.39439,0.39651,2004-05-05 13:00:00.0,Intermediário
0.39446,0.39657,2004-05-05 13:30:00.0,Intermediário
0.3935,0.3956,2004-05-05 14:00:00.0,Intermediário
0.39427,0.39638,2004-05-05 14:30:00.0,Intermediário
0.39397,0.39608,2004-05-05 15:00:00.0,Intermediário
0.39429,0.3964,2004-05-05 15:30:00.0,Intermediário
0.39382,0.3962,2004-05-05 16:00:00.0,Intermediário
0.39337,0.39548,2004-05-05 16:30:00.0,Fechamento Interbancário
0.39472,0.39549,2004-05-05 17:39:00.0,Fechamento
0.39382,0.39699,2004-05-06 09:55:00.0,Abertura
0.39439,0.39637,2004-05-06 10:00:00.0,Intermediário
0.39488,0.39699,2004-05-06 10:30:00.0,Intermediário
0.39475,0.39687,2004-05-06 11:00:00.0,Intermediário
0.39516,0.39728,2004-05-06 11:30:00.0,Intermediário
0.39668,0.3988,2004-05-06 12:00:00.0,Intermediário
0.39612,0.39811,2004-05-06 12:30:00.0,Intermediário
0.39655,0.3988,2004-05-06 13:00:00.0,Intermediário
0.39632,0.39857,2004-05-06 13:30:00.0,Intermediário
0.39649,0.39874,2004-05-06 14:00:00.0,Intermediário
0.39667,0.39893,2004-05-06 14:30:00.0,Intermediário
0.3976,0.39973,2004-05-06 15:00:00.0,Intermediário
0.39684,0.39896,2004-05-06 15:30:00.0,Intermediário
0.39633,0.39858,2004-05-06 16:00:00.0,Intermediário
0.39628,0.3984,2004-05-06 16:30:00.0,Fechamento Interbancário
0.39578,0.39655,2004-05-06 17:41:00.0,Fechamento
0.39603,0.3992,2004-05-07 09:55:00.0,Abertura
0.39981,0.40194,2004-05-07 10:00:00.0,Intermediário
0.39723,0.39935,2004-05-07 10:30:00.0,Intermediário
0.39661,0.39872,2004-05-07 11:00:00.0,Intermediário
0.39874,0.40073,2004-05-07 11:30:00.0,Intermediário
0.39988,0.40214,2004-05-07 12:00:00.0,Intermediário
0.40357,0.40558,2004-05-07 12:30:00.0,Intermediário
0.40129,0.40369,2004-05-07 13:00:00.0,Intermediário
0.4009,0.4033,2004-05-07 13:30:00.0,Intermediário
0.40113,0.40352,2004-05-07 14:00:00.0,Intermediário
0.40084,0.40323,2004-05-07 14:30:00.0,Intermediário
0.40059,0.40311,2004-05-07 15:00:00.0,Intermediário
0.39983,0.40196,2004-05-07 15:30:00.0,Intermediário
0.39946,0.40158,2004-05-07 16:00:00.0,Intermediário
0.39919,0.40131,2004-05-07 16:30:00.0,Fechamento Interbancário
0.39832,0.39909,2004-05-07 17:53:00.0,Fechamento
0.40401,0.40719,2004-05-10 09:38:00.0,Abertura
0.40249,0.40488,2004-05-10 10:00:00.0,Intermediário
0.40114,0.40327,2004-05-10 10:30:00.0,Intermediário
0.40476,0.40716,2004-05-10 11:00:00.0,Intermediário
0.40498,0.40726,2004-05-10 11:30:00.0,Intermediário
0.40374,0.40601,2004-05-10 12:00:00.0,Intermediário
0.40222,0.40448,2004-05-10 12:30:00.0,Intermediário
0.39862,0.40086,2004-05-10 13:00:00.0,Intermediário
0.39887,0.40111,2004-05-10 13:30:00.0,Intermediário
0.39879,0.40104,2004-05-10 14:00:00.0,Intermediário
0.3992,0.40145,2004-05-10 14:30:00.0,Intermediário
0.40169,0.40382,2004-05-10 15:00:00.0,Intermediário
0.4016,0.40373,2004-05-10 15:30:00.0,Intermediário
0.40526,0.40779,2004-05-10 16:00:00.0,Intermediário
0.40494,0.40721,2004-05-10 16:30:00.0,Fechamento Interbancário
0.40313,0.40389,2004-05-10 17:40:00.0,Fechamento
0.40147,0.40463,2004-05-11 09:57:00.0,Abertura
0.40052,0.40303,2004-05-11 10:00:00.0,Intermediário
0.3992,0.40157,2004-05-11 10:30:00.0,Intermediário
0.39925,0.4015,2004-05-11 11:00:00.0,Intermediário
0.40064,0.40289,2004-05-11 11:30:00.0,Intermediário
0.39854,0.40091,2004-05-11 12:00:00.0,Intermediário
0.39671,0.39907,2004-05-11 12:30:00.0,Intermediário
0.39643,0.39866,2004-05-11 13:00:00.0,Intermediário
0.39688,0.39899,2004-05-11 13:30:00.0,Intermediário
0.39682,0.39892,2004-05-11 14:00:00.0,Intermediário
0.39703,0.39913,2004-05-11 14:30:00.0,Intermediário
0.39763,0.40013,2004-05-11 15:00:00.0,Intermediário
0.39644,0.39881,2004-05-11 15:30:00.0,Intermediário
0.39607,0.39818,2004-05-11 16:00:00.0,Intermediário
0.39621,0.39832,2004-05-11 16:30:00.0,Fechamento Interbancário
0.40071,0.40148,2004-05-11 17:51:00.0,Fechamento
0.3972,0.40035,2004-05-12 21:08:00.0,Abertura
0.40453,0.4053,2004-05-12 21:30:00.0,Fechamento
0.40368,0.40686,2004-05-13 09:36:00.0,Abertura
0.40424,0.40638,2004-05-13 10:00:00.0,Intermediário
0.40718,0.40986,2004-05-13 10:30:00.0,Intermediário
0.40476,0.4069,2004-05-13 11:00:00.0,Intermediário
0.40301,0.40541,2004-05-13 11:30:00.0,Intermediário
0.40228,0.40441,2004-05-13 12:00:00.0,Intermediário
0.40231,0.40471,2004-05-13 12:30:00.0,Intermediário
0.40145,0.40345,2004-05-13 13:00:00.0,Intermediário
0.40153,0.40353,2004-05-13 13:30:00.0,Intermediário
0.40229,0.4043,2004-05-13 14:00:00.0,Intermediário
0.40203,0.40403,2004-05-13 14:30:00.0,Intermediário
0.40323,0.40549,2004-05-13 15:00:00.0,Intermediário
0.40421,0.40648,2004-05-13 15:30:00.0,Intermediário
0.40398,0.40612,2004-05-13 16:00:00.0,Intermediário
0.40391,0.40605,2004-05-13 16:30:00.0,Fechamento Interbancário
0.40383,0.4046,2004-05-13 17:41:00.0,Fechamento
0.40139,0.40456,2004-05-14 09:51:00.0,Abertura
0.40006,0.40231,2004-05-14 10:00:00.0,Intermediário
0.40003,0.40215,2004-05-14 10:30:00.0,Intermediário
0.40146,0.40385,2004-05-14 11:05:00.0,Intermediário
0.40105,0.40331,2004-05-14 11:30:00.0,Intermediário
0.39967,0.40192,2004-05-14 12:00:00.0,Intermediário
0.39982,0.40194,2004-05-14 12:30:00.0,Intermediário
0.39974,0.40199,2004-05-14 13:00:00.0,Intermediário
0.39965,0.4019,2004-05-14 13:30:00.0,Intermediário
0.39949,0.40174,2004-05-14 14:00:00.0,Intermediário
0.39962,0.40187,2004-05-14 14:30:00.0,Intermediário
0.3972,0.39944,2004-05-14 15:00:00.0,Intermediário
0.39799,0.40011,2004-05-14 15:30:00.0,Intermediário
0.39926,0.40164,2004-05-14 16:00:00.0,Intermediário
0.39941,0.40153,2004-05-14 16:30:00.0,Fechamento Interbancário
0.40112,0.40188,2004-05-14 17:40:00.0,Fechamento
0.40399,0.40718,2004-05-17 09:34:00.0,Abertura
0.40602,0.40844,2004-05-17 10:00:00.0,Intermediário
0.40824,0.41081,2004-05-17 10:30:00.0,Intermediário
0.40897,0.41114,2004-05-17 11:00:00.0,Intermediário
0.40705,0.40921,2004-05-17 11:30:00.0,Intermediário
0.4069,0.40932,2004-05-17 12:00:00.0,Intermediário
0.40736,0.40952,2004-05-17 12:30:00.0,Intermediário
0.40662,0.40878,2004-05-17 13:00:00.0,Intermediário
0.40834,0.41064,2004-05-17 13:30:00.0,Intermediário
0.4085,0.4108,2004-05-17 14:00:00.0,Intermediário
0.40746,0.40975,2004-05-17 14:30:00.0,Intermediário
0.40702,0.40931,2004-05-17 15:00:00.0,Intermediário
0.407,0.40929,2004-05-17 15:30:00.0,Intermediário
0.40769,0.40998,2004-05-17 16:00:00.0,Intermediário
0.40788,0.41018,2004-05-17 16:30:00.0,Fechamento Interbancário
0.40831,0.40909,2004-05-17 17:44:00.0,Fechamento
0.40479,0.40799,2004-05-18 09:36:00.0,Abertura
0.40533,0.40748,2004-05-18 10:00:00.0,Intermediário
0.40511,0.40726,2004-05-18 10:30:00.0,Intermediário
0.40548,0.40777,2004-05-18 11:00:00.0,Intermediário
0.4054,0.40756,2004-05-18 11:30:00.0,Intermediário
0.40584,0.40799,2004-05-18 12:00:00.0,Intermediário
0.40654,0.40857,2004-05-18 12:30:00.0,Intermediário
0.40743,0.40959,2004-05-18 13:00:00.0,Intermediário
0.40736,0.40953,2004-05-18 13:30:00.0,Intermediário
0.40709,0.40925,2004-05-18 14:00:00.0,Intermediário
0.40686,0.40902,2004-05-18 14:30:00.0,Intermediário
0.40952,0.41183,2004-05-18 15:00:00.0,Intermediário
0.40897,0.41114,2004-05-18 15:30:00.0,Intermediário
0.40816,0.41032,2004-05-18 16:00:00.0,Intermediário
0.40817,0.41034,2004-05-18 16:30:00.0,Fechamento Interbancário
0.40706,0.40783,2004-05-18 19:43:00.0,Fechamento
0.40724,0.41046,2004-05-19 09:56:00.0,Abertura
0.40796,0.41026,2004-05-19 10:00:00.0,Intermediário
0.40788,0.41005,2004-05-19 10:30:00.0,Intermediário
0.40737,0.40954,2004-05-19 11:00:00.0,Intermediário
0.40638,0.40855,2004-05-19 11:35:00.0,Intermediário
0.40804,0.41021,2004-05-19 12:00:00.0,Intermediário
0.40823,0.41066,2004-05-19 12:30:00.0,Intermediário
0.41005,0.41223,2004-05-19 13:00:00.0,Intermediário
0.40932,0.4115,2004-05-19 13:30:00.0,Intermediário
0.4097,0.41188,2004-05-19 14:00:00.0,Intermediário
0.40971,0.41189,2004-05-19 14:30:00.0,Intermediário
0.41065,0.41283,2004-05-19 15:00:00.0,Intermediário
0.41177,0.41422,2004-05-19 15:30:00.0,Intermediário
0.41206,0.41425,2004-05-19 16:00:00.0,Intermediário
0.41213,0.41432,2004-05-19 16:30:00.0,Fechamento Interbancário
0.40948,0.41027,2004-05-19 17:45:00.0,Fechamento
0.41356,0.41681,2004-05-20 09:54:00.0,Abertura
0.41351,0.41571,2004-05-20 10:00:00.0,Intermediário
0.41215,0.41473,2004-05-20 10:30:00.0,Intermediário
0.41346,0.41565,2004-05-20 11:00:00.0,Intermediário
0.41697,0.41918,2004-05-20 11:30:00.0,Intermediário
0.41521,0.41754,2004-05-20 12:00:00.0,Intermediário
0.41816,0.4205,2004-05-20 12:30:00.0,Intermediário
0.41923,0.42158,2004-05-20 13:00:00.0,Intermediário
0.41902,0.42137,2004-05-20 13:30:00.0,Intermediário
0.419,0.42135,2004-05-20 14:00:00.0,Intermediário
0.41842,0.42077,2004-05-20 14:30:00.0,Intermediário
0.42073,0.42296,2004-05-20 15:00:00.0,Intermediário
0.41914,0.42162,2004-05-20 15:30:00.0,Intermediário
0.42052,0.42275,2004-05-20 16:00:00.0,Intermediário
0.42101,0.42324,2004-05-20 16:30:00.0,Fechamento Interbancário
0.41843,0.41923,2004-05-20 17:46:00.0,Fechamento
0.42623,0.42954,2004-05-21 09:57:00.0,Abertura
0.42773,0.42999,2004-05-21 10:00:00.0,Intermediário
0.42434,0.42659,2004-05-21 10:30:00.0,Intermediário
0.42281,0.42531,2004-05-21 11:00:00.0,Intermediário
0.42241,0.42465,2004-05-21 11:30:00.0,Intermediário
0.421,0.4235,2004-05-21 12:00:00.0,Intermediário
0.42175,0.42412,2004-05-21 12:30:00.0,Intermediário
0.42072,0.42322,2004-05-21 13:00:00.0,Intermediário
0.42046,0.42296,2004-05-21 13:30:00.0,Intermediário
0.42049,0.42299,2004-05-21 14:00:00.0,Intermediário
0.42067,0.42317,2004-05-21 14:30:00.0,Intermediário
0.42446,0.42684,2004-05-21 15:00:00.0,Intermediário
0.42468,0.42707,2004-05-21 15:30:00.0,Intermediário
0.42348,0.42572,2004-05-21 16:00:00.0,Intermediário
0.42114,0.42338,2004-05-21 16:30:00.0,Fechamento Interbancário
0.42248,0.42328,2004-05-21 17:39:00.0,Fechamento
0.41515,0.41841,2004-05-24 09:37:00.0,Abertura
0.41506,0.41739,2004-05-24 10:00:00.0,Intermediário
0.41623,0.41844,2004-05-24 10:30:00.0,Intermediário
0.41626,0.4186,2004-05-24 11:00:00.0,Intermediário
0.41768,0.42003,2004-05-24 11:30:00.0,Intermediário
0.41671,0.41905,2004-05-24 12:00:00.0,Intermediário
0.41849,0.42097,2004-05-24 12:30:00.0,Intermediário
0.41908,0.42157,2004-05-24 13:00:00.0,Intermediário
0.41984,0.42246,2004-05-24 13:30:00.0,Intermediário
0.4204,0.42302,2004-05-24 14:00:00.0,Intermediário
0.42025,0.42287,2004-05-24 14:30:00.0,Intermediário
0.41803,0.42024,2004-05-24 15:00:00.0,Intermediário
0.41845,0.42066,2004-05-24 15:30:00.0,Intermediário
0.41791,0.42012,2004-05-24 16:00:00.0,Intermediário
0.41774,0.41996,2004-05-24 16:30:00.0,Fechamento Interbancário
0.41841,0.41921,2004-05-24 17:43:00.0,Fechamento
0.41817,0.42145,2004-05-25 09:57:00.0,Abertura
0.41777,0.41999,2004-05-25 10:00:00.0,Intermediário
0.41738,0.41986,2004-05-25 10:30:00.0,Intermediário
0.4185,0.42085,2004-05-25 11:00:00.0,Intermediário
0.41722,0.41957,2004-05-25 11:30:00.0,Intermediário
0.41713,0.41948,2004-05-25 12:00:00.0,Intermediário
0.41645,0.41866,2004-05-25 12:30:00.0,Intermediário
0.41614,0.41835,2004-05-25 13:00:00.0,Intermediário
0.41608,0.41829,2004-05-25 13:30:00.0,Intermediário
0.41606,0.41827,2004-05-25 14:00:00.0,Intermediário
0.41627,0.41848,2004-05-25 14:30:00.0,Intermediário
0.41558,0.41779,2004-05-25 15:00:00.0,Intermediário
0.41538,0.41772,2004-05-25 15:30:00.0,Intermediário
0.4147,0.4169,2004-05-25 16:00:00.0,Intermediário
0.41457,0.41678,2004-05-25 16:30:00.0,Fechamento Interbancário
0.41835,0.41916,2004-05-25 17:41:00.0,Fechamento
0.41538,0.41866,2004-05-26 10:00:00.0,Abertura
0.41628,0.41863,2004-05-26 10:04:00.0,Intermediário
0.41756,0.41978,2004-05-26 10:30:00.0,Intermediário
0.4169,0.41925,2004-05-26 11:00:00.0,Intermediário
0.41811,0.42047,2004-05-26 11:30:00.0,Intermediário
0.41936,0.42159,2004-05-26 12:00:00.0,Intermediário
0.41898,0.42134,2004-05-26 12:30:00.0,Intermediário
0.42182,0.42433,2004-05-26 13:00:00.0,Intermediário
0.42198,0.42448,2004-05-26 13:30:00.0,Intermediário
0.42211,0.42461,2004-05-26 14:00:00.0,Intermediário
0.42211,0.42461,2004-05-26 14:30:00.0,Intermediário
0.42142,0.42366,2004-05-26 15:08:00.0,Intermediário
0.42136,0.42373,2004-05-26 15:33:00.0,Intermediário
0.42036,0.4226,2004-05-26 16:00:00.0,Intermediário
0.42012,0.42235,2004-05-26 16:30:00.0,Fechamento Interbancário
0.41974,0.42055,2004-05-26 17:36:00.0,Fechamento
0.42397,0.4273,2004-05-27 09:59:00.0,Abertura
0.42432,0.42658,2004-05-27 10:00:00.0,Intermediário
0.42354,0.42593,2004-05-27 10:30:00.0,Intermediário
0.42554,0.42794,2004-05-27 11:00:00.0,Intermediário
0.42435,0.42674,2004-05-27 11:30:00.0,Intermediário
0.42491,0.42704,2004-05-27 12:00:00.0,Intermediário
0.42451,0.42677,2004-05-27 12:30:00.0,Intermediário
0.42312,0.42524,2004-05-27 13:00:00.0,Intermediário
0.42266,0.42477,2004-05-27 13:30:00.0,Intermediário
0.42254,0.42466,2004-05-27 14:00:00.0,Intermediário
0.42291,0.42502,2004-05-27 14:30:00.0,Intermediário
0.42157,0.42382,2004-05-27 15:00:00.0,Intermediário
0.42218,0.42443,2004-05-27 15:30:00.0,Intermediário
0.41948,0.42172,2004-05-27 16:00:00.0,Intermediário
0.41927,0.42151,2004-05-27 16:30:00.0,Fechamento Interbancário
0.42465,0.42547,2004-05-27 17:39:00.0,Fechamento
0.41584,0.41914,2004-05-28 09:56:00.0,Abertura
0.41667,0.41916,2004-05-28 10:00:00.0,Intermediário
0.41499,0.4172,2004-05-28 10:56:00.0,Intermediário
0.41349,0.41597,2004-05-28 11:00:00.0,Intermediário
0.41496,0.41717,2004-05-28 11:33:00.0,Intermediário
0.41474,0.41708,2004-05-28 12:00:00.0,Intermediário
0.41522,0.4177,2004-05-28 12:30:00.0,Intermediário
0.41606,0.41841,2004-05-28 13:00:00.0,Intermediário
0.41597,0.41832,2004-05-28 13:30:00.0,Intermediário
0.41585,0.4182,2004-05-28 14:00:00.0,Intermediário
0.41587,0.41822,2004-05-28 14:30:00.0,Intermediário
0.41424,0.41671,2004-05-28 15:00:00.0,Intermediário
0.41432,0.41653,2004-05-28 15:30:00.0,Intermediário
0.41359,0.41593,2004-05-28 16:00:00.0,Intermediário
0.41386,0.41607,2004-05-28 16:30:00.0,Fechamento Interbancário
0.41578,0.41659,2004-05-28 17:38:00.0,Fechamento
0.41187,0.41514,2004-05-31 09:31:00.0,Abertura
0.41529,0.41751,2004-05-31 10:00:00.0,Intermediário
0.41805,0.42028,2004-05-31 10:30:00.0,Intermediário
0.41977,0.42228,2004-05-31 11:00:00.0,Intermediário
0.41919,0.42156,2004-05-31 11:30:00.0,Intermediário
0.41898,0.42161,2004-05-31 12:00:00.0,Intermediário
0.41968,0.42192,2004-05-31 12:30:00.0,Intermediário
0.42112,0.4235,2004-05-31 13:00:00.0,Intermediário
0.42136,0.42373,2004-05-31 13:30:00.0,Intermediário
0.42133,0.42371,2004-05-31 14:00:00.0,Intermediário
0.42119,0.42356,2004-05-31 14:30:00.0,Intermediário
0.42315,0.4254,2004-05-31 15:00:00.0,Intermediário
0.42585,0.42824,2004-05-31 15:30:00.0,Intermediário
0.42634,0.42848,2004-05-31 16:00:00.0,Intermediário
0.42696,0.42936,2004-05-31 19:34:00.0,Fechamento Interbancário
0.41922,0.42003,2004-05-31 20:01:00.0,Fechamento
0.42332,0.42665,2004-06-01 21:22:00.0,Abertura
0.42384,0.42622,2004-06-01 21:37:00.0,Intermediário
0.421,0.42338,2004-06-01 21:45:00.0,Intermediário
0.42168,0.42392,2004-06-01 21:51:00.0,Intermediário
0.42431,0.4267,2004-06-01 21:58:00.0,Intermediário
0.42357,0.42583,2004-06-01 22:03:00.0,Intermediário
0.42416,0.42655,2004-06-01 22:08:00.0,Intermediário
0.42219,0.42443,2004-06-01 22:14:00.0,Intermediário
0.4223,0.42455,2004-06-01 22:20:00.0,Intermediário
0.42318,0.42543,2004-06-01 22:26:00.0,Intermediário
0.42287,0.42512,2004-06-01 22:31:00.0,Intermediário
0.42097,0.42348,2004-06-01 22:37:00.0,Intermediário
0.42139,0.42377,2004-06-01 22:43:00.0,Intermediário
0.42184,0.42409,2004-06-01 22:48:00.0,Intermediário
0.4219,0.42415,2004-06-01 22:54:00.0,Fechamento Interbancário
0.42417,0.42499,2004-06-01 23:05:00.0,Fechamento
0.41954,0.42285,2004-06-02 09:45:00.0,Abertura
0.41997,0.42234,2004-06-02 10:04:00.0,Intermediário
0.42168,0.42393,2004-06-02 10:30:00.0,Intermediário
0.42023,0.42261,2004-06-02 11:00:00.0,Intermediário
0.42071,0.42308,2004-06-02 11:30:00.0,Intermediário
0.41909,0.42146,2004-06-02 12:00:00.0,Intermediário
0.41947,0.42184,2004-06-02 12:30:00.0,Intermediário
0.41875,0.42098,2004-06-02 13:00:00.0,Intermediário
0.41807,0.4203,2004-06-02 13:30:00.0,Intermediário
0.41798,0.4202,2004-06-02 14:00:00.0,Intermediário
0.41797,0.42019,2004-06-02 14:30:00.0,Intermediário
0.41722,0.41957,2004-06-02 15:00:00.0,Intermediário
0.41748,0.41971,2004-06-02 15:30:00.0,Intermediário
0.41838,0.4206,2004-06-02 16:00:00.0,Intermediário
0.41891,0.42114,2004-06-02 16:30:00.0,Fechamento Interbancário
0.41862,0.41943,2004-06-02 17:55:00.0,Fechamento
0.41902,0.42233,2004-06-03 09:45:00.0,Abertura
0.41886,0.42122,2004-06-03 10:00:00.0,Intermediário
0.41832,0.42041,2004-06-03 10:30:00.0,Intermediário
0.41981,0.42204,2004-06-03 11:03:00.0,Intermediário
0.41923,0.42159,2004-06-03 11:30:00.0,Intermediário
0.41973,0.42209,2004-06-03 12:00:00.0,Intermediário
0.41871,0.42094,2004-06-03 12:30:00.0,Intermediário
0.41816,0.42039,2004-06-03 13:03:00.0,Intermediário
0.41819,0.42042,2004-06-03 13:30:00.0,Intermediário
0.41825,0.42047,2004-06-03 14:00:00.0,Intermediário
0.41831,0.42053,2004-06-03 14:30:00.0,Intermediário
0.42034,0.42285,2004-06-03 15:00:00.0,Intermediário
0.42158,0.42395,2004-06-03 15:30:00.0,Intermediário
0.42045,0.42269,2004-06-03 16:00:00.0,Intermediário
0.42053,0.42277,2004-06-03 16:30:00.0,Fechamento Interbancário
0.41992,0.42073,2004-06-03 17:45:00.0,Fechamento
0.41871,0.42201,2004-06-04 09:49:00.0,Abertura
0.41877,0.42113,2004-06-04 10:00:00.0,Intermediário
0.41938,0.42188,2004-06-04 10:30:00.0,Intermediário
0.41998,0.42235,2004-06-04 11:00:00.0,Intermediário
0.42023,0.42274,2004-06-04 11:30:00.0,Intermediário
0.41926,0.42149,2004-06-04 12:00:00.0,Intermediário
0.41942,0.42166,2004-06-04 12:30:00.0,Intermediário
0.41893,0.42116,2004-06-04 13:00:00.0,Intermediário
0.41928,0.42151,2004-06-04 13:30:00.0,Intermediário
0.41971,0.42195,2004-06-04 14:00:00.0,Intermediário
0.4197,0.42194,2004-06-04 14:30:00.0,Intermediário
0.41951,0.42175,2004-06-04 15:00:00.0,Intermediário
0.41972,0.42209,2004-06-04 15:30:00.0,Intermediário
0.41982,0.42219,2004-06-04 16:00:00.0,Intermediário
0.41966,0.4219,2004-06-04 16:30:00.0,Fechamento Interbancário
0.4212,0.42201,2004-06-04 17:46:00.0,Fechamento
0.41749,0.4208,2004-06-07 09:56:00.0,Abertura
0.41844,0.42067,2004-06-07 10:00:00.0,Intermediário
0.41837,0.4206,2004-06-07 10:30:00.0,Intermediário
0.41879,0.42102,2004-06-07 11:00:00.0,Intermediário
0.41848,0.42085,2004-06-07 11:30:00.0,Intermediário
0.41899,0.42149,2004-06-07 12:00:00.0,Intermediário
0.41911,0.42134,2004-06-07 12:30:00.0,Intermediário
0.41915,0.42138,2004-06-07 13:00:00.0,Intermediário
0.41963,0.42187,2004-06-07 13:30:00.0,Intermediário
0.41986,0.4221,2004-06-07 14:00:00.0,Intermediário
0.41964,0.42187,2004-06-07 14:30:00.0,Intermediário
0.41888,0.42112,2004-06-07 15:00:00.0,Intermediário
0.419,0.42123,2004-06-07 15:30:00.0,Intermediário
0.41875,0.42099,2004-06-07 16:00:00.0,Intermediário
0.41915,0.42138,2004-06-07 16:30:00.0,Fechamento Interbancário
0.42036,0.42117,2004-06-07 17:39:00.0,Fechamento
0.41972,0.42304,2004-06-08 09:32:00.0,Abertura
0.41983,0.42207,2004-06-08 10:00:00.0,Intermediário
0.41881,0.42104,2004-06-08 10:30:00.0,Intermediário
0.41878,0.42115,2004-06-08 11:00:00.0,Intermediário
0.41936,0.42159,2004-06-08 11:30:00.0,Intermediário
0.41906,0.42129,2004-06-08 12:00:00.0,Intermediário
0.41868,0.42092,2004-06-08 12:30:00.0,Intermediário
0.41896,0.42119,2004-06-08 13:00:00.0,Intermediário
0.41871,0.42094,2004-06-08 13:30:00.0,Intermediário
0.41871,0.42094,2004-06-08 14:00:00.0,Intermediário
0.41857,0.4208,2004-06-08 14:30:00.0,Intermediário
0.41834,0.42057,2004-06-08 15:00:00.0,Intermediário
0.41796,0.42019,2004-06-08 15:30:00.0,Intermediário
0.41827,0.4205,2004-06-08 16:00:00.0,Intermediário
0.41825,0.42048,2004-06-08 16:30:00.0,Fechamento Interbancário
0.41962,0.42043,2004-06-08 17:40:00.0,Fechamento
0.41287,0.41614,2004-06-09 09:47:00.0,Abertura
0.41343,0.41563,2004-06-09 10:00:00.0,Intermediário
0.41444,0.41665,2004-06-09 10:30:00.0,Intermediário
0.4138,0.41587,2004-06-09 11:00:00.0,Intermediário
0.41338,0.41558,2004-06-09 11:35:00.0,Intermediário
0.41188,0.41407,2004-06-09 12:00:00.0,Intermediário
0.41283,0.41502,2004-06-09 12:30:00.0,Intermediário
0.41179,0.41398,2004-06-09 13:00:00.0,Intermediário
0.41115,0.41334,2004-06-09 13:30:00.0,Intermediário
0.41129,0.41348,2004-06-09 14:00:00.0,Intermediário
0.41104,0.41323,2004-06-09 14:30:00.0,Intermediário
0.41274,0.41494,2004-06-09 15:00:00.0,Intermediário
0.41303,0.41523,2004-06-09 15:30:00.0,Intermediário
0.41211,0.4143,2004-06-09 16:03:00.0,Intermediário
0.41199,0.41418,2004-06-09 16:34:00.0,Fechamento Interbancário
0.41181,0.4126,2004-06-09 17:40:00.0,Fechamento
0.40951,0.41274,2004-06-11 09:54:00.0,Abertura
0.40994,0.41212,2004-06-11 10:00:00.0,Intermediário
0.41039,0.4127,2004-06-11 10:30:00.0,Intermediário
0.41105,0.41323,2004-06-11 11:00:00.0,Intermediário
0.41129,0.41347,2004-06-11 11:30:00.0,Intermediário
0.41156,0.41361,2004-06-11 12:03:00.0,Intermediário
0.41194,0.41426,2004-06-11 12:33:00.0,Intermediário
0.41184,0.41402,2004-06-11 13:02:00.0,Intermediário
0.4118,0.41399,2004-06-11 13:34:00.0,Intermediário
0.41205,0.41423,2004-06-11 14:02:00.0,Intermediário
0.41217,0.41436,2004-06-11 14:33:00.0,Intermediário
0.41169,0.41388,2004-06-11 15:02:00.0,Intermediário
0.41176,0.41408,2004-06-11 15:30:00.0,Intermediário
0.41109,0.41327,2004-06-11 16:00:00.0,Intermediário
0.41117,0.41322,2004-06-11 16:30:00.0,Fechamento Interbancário
0.41189,0.41268,2004-06-11 17:39:00.0,Fechamento
0.41324,0.41649,2004-06-14 09:32:00.0,Abertura
0.41419,0.41638,2004-06-14 10:00:00.0,Intermediário
0.41467,0.41687,2004-06-14 10:30:00.0,Intermediário
0.41544,0.41778,2004-06-14 11:00:00.0,Intermediário
0.41569,0.41803,2004-06-14 11:30:00.0,Intermediário
0.41573,0.41793,2004-06-14 12:00:00.0,Intermediário
0.41418,0.41651,2004-06-14 12:30:00.0,Intermediário
0.41475,0.41695,2004-06-14 13:00:00.0,Intermediário
0.4145,0.4167,2004-06-14 13:30:00.0,Intermediário
0.41475,0.41695,2004-06-14 14:00:00.0,Intermediário
0.41425,0.41644,2004-06-14 14:30:00.0,Intermediário
0.41472,0.41691,2004-06-14 15:00:00.0,Intermediário
0.41468,0.41688,2004-06-14 15:30:00.0,Intermediário
0.4154,0.4176,2004-06-14 16:00:00.0,Intermediário
0.41567,0.41774,2004-06-14 16:30:00.0,Fechamento Interbancário
0.41567,0.41647,2004-06-14 17:44:00.0,Fechamento
0.41488,0.41814,2004-06-15 09:53:00.0,Abertura
0.41537,0.41785,2004-06-15 10:00:00.0,Intermediário
0.41487,0.4172,2004-06-15 10:30:00.0,Intermediário
0.41459,0.41679,2004-06-15 11:00:00.0,Intermediário
0.41256,0.41461,2004-06-15 11:30:00.0,Intermediário
0.41213,0.41432,2004-06-15 12:00:00.0,Intermediário
0.41152,0.4137,2004-06-15 12:30:00.0,Intermediário
0.41313,0.41533,2004-06-15 13:11:00.0,Intermediário
0.41348,0.41567,2004-06-15 13:30:00.0,Intermediário
0.41359,0.41579,2004-06-15 14:00:00.0,Intermediário
0.41389,0.41609,2004-06-15 14:30:00.0,Intermediário
0.41431,0.41651,2004-06-15 15:00:00.0,Intermediário
0.41469,0.41689,2004-06-15 15:30:00.0,Intermediário
0.41422,0.41643,2004-06-15 16:00:00.0,Intermediário
0.414,0.41634,2004-06-15 16:30:00.0,Fechamento Interbancário
0.41657,0.41737,2004-06-15 17:43:00.0,Fechamento
0.41054,0.41378,2004-06-16 09:52:00.0,Abertura
0.41092,0.4131,2004-06-16 10:00:00.0,Intermediário
0.41209,0.41441,2004-06-16 10:30:00.0,Intermediário
0.41214,0.41433,2004-06-16 11:00:00.0,Intermediário
0.41204,0.41436,2004-06-16 11:30:00.0,Intermediário
0.41121,0.41353,2004-06-16 12:00:00.0,Intermediário
0.41057,0.41275,2004-06-16 12:30:00.0,Intermediário
0.41156,0.41374,2004-06-16 13:00:00.0,Intermediário
0.41161,0.41379,2004-06-16 13:30:00.0,Intermediário
0.41134,0.41352,2004-06-16 14:00:00.0,Intermediário
0.41135,0.41353,2004-06-16 14:30:00.0,Intermediário
0.41029,0.41247,2004-06-16 15:00:00.0,Intermediário
0.41097,0.41329,2004-06-16 15:30:00.0,Intermediário
0.41027,0.41258,2004-06-16 16:00:00.0,Intermediário
0.41048,0.41265,2004-06-16 16:30:00.0,Fechamento Interbancário
0.41149,0.41228,2004-06-16 18:07:00.0,Fechamento
0.4118,0.41504,2004-06-17 09:41:00.0,Abertura
0.41061,0.41279,2004-06-17 10:00:00.0,Intermediário
0.41068,0.41286,2004-06-17 10:30:00.0,Intermediário
0.41102,0.4132,2004-06-17 11:00:00.0,Intermediário
0.41083,0.41301,2004-06-17 11:30:00.0,Intermediário
0.41081,0.41299,2004-06-17 12:00:00.0,Intermediário
0.41025,0.41256,2004-06-17 12:30:00.0,Intermediário
0.40941,0.41159,2004-06-17 13:00:00.0,Intermediário
0.41049,0.41267,2004-06-17 13:30:00.0,Intermediário
0.41043,0.41261,2004-06-17 14:00:00.0,Intermediário
0.41029,0.41247,2004-06-17 14:30:00.0,Intermediário
0.41019,0.41237,2004-06-17 15:00:00.0,Intermediário
0.41042,0.41273,2004-06-17 15:30:00.0,Intermediário
0.41106,0.41337,2004-06-17 16:00:00.0,Intermediário
0.41111,0.41343,2004-06-17 16:30:00.0,Fechamento Interbancário
0.41178,0.41257,2004-06-17 17:44:00.0,Fechamento
0.41202,0.41526,2004-06-18 10:02:00.0,Abertura
0.41267,0.415,2004-06-18 10:04:00.0,Intermediário
0.41413,0.41646,2004-06-18 10:49:00.0,Intermediário
0.41449,0.41696,2004-06-18 11:00:00.0,Intermediário
0.41494,0.41714,2004-06-18 11:30:00.0,Intermediário
0.41451,0.41684,2004-06-18 12:00:00.0,Intermediário
0.41472,0.41692,2004-06-18 12:30:00.0,Intermediário
0.41495,0.41715,2004-06-18 13:00:00.0,Intermediário
0.41566,0.41787,2004-06-18 13:30:00.0,Intermediário
0.41537,0.41758,2004-06-18 14:00:00.0,Intermediário
0.41515,0.41735,2004-06-18 14:30:00.0,Intermediário
0.41477,0.41698,2004-06-18 15:00:00.0,Intermediário
0.41479,0.41699,2004-06-18 15:30:00.0,Intermediário
0.41549,0.4177,2004-06-18 16:00:00.0,Intermediário
0.41534,0.41755,2004-06-18 16:30:00.0,Fechamento Interbancário
0.41602,0.41682,2004-06-18 17:50:00.0,Fechamento
0.41367,0.41693,2004-06-21 09:57:00.0,Abertura
0.41387,0.41607,2004-06-21 10:00:00.0,Intermediário
0.41356,0.41589,2004-06-21 10:30:00.0,Intermediário
0.41187,0.41419,2004-06-21 11:00:00.0,Intermediário
0.41232,0.41465,2004-06-21 11:30:00.0,Intermediário
0.41241,0.41461,2004-06-21 12:00:00.0,Intermediário
0.41248,0.41467,2004-06-21 12:30:00.0,Intermediário
0.41331,0.4155,2004-06-21 13:00:00.0,Intermediário
0.41297,0.41516,2004-06-21 13:30:00.0,Intermediário
0.4128,0.415,2004-06-21 14:00:00.0,Intermediário
0.41315,0.41535,2004-06-21 14:30:00.0,Intermediário
0.41341,0.41561,2004-06-21 15:00:00.0,Intermediário
0.41343,0.41562,2004-06-21 15:30:00.0,Intermediário
0.41346,0.41552,2004-06-21 16:00:00.0,Intermediário
0.41373,0.41579,2004-06-21 16:30:00.0,Fechamento Interbancário
0.41387,0.41467,2004-06-21 17:51:00.0,Fechamento
0.41135,0.41459,2004-06-22 09:49:00.0,Abertura
0.41266,0.41472,2004-06-22 10:00:00.0,Intermediário
0.41217,0.41436,2004-06-22 10:30:00.0,Intermediário
0.41256,0.41475,2004-06-22 11:00:00.0,Intermediário
0.4122,0.41439,2004-06-22 11:30:00.0,Intermediário
0.41214,0.41433,2004-06-22 12:00:00.0,Intermediário
0.41231,0.4145,2004-06-22 12:30:00.0,Intermediário
0.41248,0.41468,2004-06-22 13:00:00.0,Intermediário
0.41235,0.41454,2004-06-22 13:30:00.0,Intermediário
0.41246,0.41465,2004-06-22 14:00:00.0,Intermediário
0.4128,0.41499,2004-06-22 14:30:00.0,Intermediário
0.41261,0.4148,2004-06-22 15:00:00.0,Intermediário
0.41242,0.41461,2004-06-22 15:30:00.0,Intermediário
0.41257,0.41463,2004-06-22 16:00:00.0,Intermediário
0.41278,0.41484,2004-06-22 16:30:00.0,Fechamento Interbancário
0.41373,0.41452,2004-06-22 17:46:00.0,Fechamento
0.41176,0.41501,2004-06-23 09:33:00.0,Abertura
0.41216,0.41435,2004-06-23 10:00:00.0,Intermediário
0.41125,0.41343,2004-06-23 10:30:00.0,Intermediário
0.41049,0.41267,2004-06-23 11:00:00.0,Intermediário
0.40984,0.41215,2004-06-23 11:30:00.0,Intermediário
0.41061,0.41279,2004-06-23 12:02:00.0,Intermediário
0.41121,0.41326,2004-06-23 12:30:00.0,Intermediário
0.41107,0.41338,2004-06-23 13:00:00.0,Intermediário
0.41101,0.41319,2004-06-23 13:30:00.0,Intermediário
0.41105,0.41323,2004-06-23 14:00:00.0,Intermediário
0.41066,0.41284,2004-06-23 14:30:00.0,Intermediário
0.40974,0.41191,2004-06-23 15:00:00.0,Intermediário
0.40961,0.41192,2004-06-23 15:30:00.0,Intermediário
0.4103,0.41235,2004-06-23 16:00:00.0,Intermediário
0.41011,0.41243,2004-06-23 16:30:00.0,Fechamento Interbancário
0.41157,0.41236,2004-06-23 17:37:00.0,Fechamento
0.41008,0.41333,2004-06-24 09:48:00.0,Abertura
0.41008,0.41226,2004-06-24 10:00:00.0,Intermediário
0.41027,0.41232,2004-06-24 10:30:00.0,Intermediário
0.41035,0.41253,2004-06-24 11:00:00.0,Intermediário
0.40954,0.41185,2004-06-24 11:30:00.0,Intermediário
0.41098,0.41317,2004-06-24 12:00:00.0,Intermediário
0.41066,0.41285,2004-06-24 12:30:00.0,Intermediário
0.41083,0.41302,2004-06-24 13:00:00.0,Intermediário
0.41128,0.41347,2004-06-24 13:30:00.0,Intermediário
0.41066,0.41285,2004-06-24 14:00:00.0,Intermediário
0.41075,0.41293,2004-06-24 14:30:00.0,Intermediário
0.41105,0.41323,2004-06-24 15:00:00.0,Intermediário
0.41089,0.41334,2004-06-24 15:30:00.0,Intermediário
0.40914,0.41145,2004-06-24 16:00:00.0,Intermediário
0.40941,0.41159,2004-06-24 16:30:00.0,Fechamento Interbancário
0.41181,0.4126,2004-06-24 17:39:00.0,Fechamento
0.41084,0.41409,2004-06-25 09:42:00.0,Abertura
0.41145,0.41364,2004-06-25 10:00:00.0,Intermediário
0.41102,0.41321,2004-06-25 10:30:00.0,Intermediário
0.41099,0.41304,2004-06-25 11:00:00.0,Intermediário
0.41113,0.41345,2004-06-25 11:30:00.0,Intermediário
0.41103,0.41334,2004-06-25 12:00:00.0,Intermediário
0.41164,0.41383,2004-06-25 12:30:00.0,Intermediário
0.4116,0.41378,2004-06-25 13:00:00.0,Intermediário
0.41149,0.41368,2004-06-25 13:30:00.0,Intermediário
0.41097,0.41316,2004-06-25 14:03:00.0,Intermediário
0.41108,0.41326,2004-06-25 14:30:00.0,Intermediário
0.41185,0.41404,2004-06-25 15:00:00.0,Intermediário
0.41158,0.41364,2004-06-25 15:30:00.0,Intermediário
0.4111,0.41356,2004-06-25 16:00:00.0,Intermediário
0.41155,0.41374,2004-06-25 16:30:00.0,Fechamento Interbancário
0.41291,0.41371,2004-06-25 17:39:00.0,Fechamento
0.41403,0.41731,2004-06-28 09:56:00.0,Abertura
0.41465,0.41713,2004-06-28 10:00:00.0,Intermediário
0.41515,0.41736,2004-06-28 10:30:00.0,Intermediário
0.41568,0.41803,2004-06-28 11:00:00.0,Intermediário
0.4161,0.41832,2004-06-28 11:30:00.0,Intermediário
0.41567,0.41801,2004-06-28 12:00:00.0,Intermediário
0.41573,0.41794,2004-06-28 12:30:00.0,Intermediário
0.41702,0.41937,2004-06-28 13:00:00.0,Intermediário
0.41643,0.41878,2004-06-28 13:30:00.0,Intermediário
0.41542,0.41776,2004-06-28 14:00:00.0,Intermediário
0.41568,0.41802,2004-06-28 14:30:00.0,Intermediário
0.41553,0.41774,2004-06-28 15:00:00.0,Intermediário
0.41544,0.41778,2004-06-28 15:30:00.0,Intermediário
0.41554,0.41788,2004-06-28 16:00:00.0,Intermediário
0.41615,0.41836,2004-06-28 16:30:00.0,Fechamento Interbancário
0.41629,0.41709,2004-06-28 17:50:00.0,Fechamento
0.41587,0.41915,2004-06-29 09:47:00.0,Abertura
0.41654,0.41875,2004-06-29 10:00:00.0,Intermediário
0.41511,0.41745,2004-06-29 10:30:00.0,Intermediário
0.41391,0.41625,2004-06-29 11:00:00.0,Intermediário
0.41306,0.41526,2004-06-29 11:36:00.0,Intermediário
0.41285,0.41492,2004-06-29 12:00:00.0,Intermediário
0.41316,0.41536,2004-06-29 12:30:00.0,Intermediário
0.41317,0.41523,2004-06-29 13:00:00.0,Intermediário
0.41291,0.41497,2004-06-29 13:30:00.0,Intermediário
0.4129,0.41496,2004-06-29 14:00:00.0,Intermediário
0.41293,0.41499,2004-06-29 14:30:00.0,Intermediário
0.41307,0.41527,2004-06-29 15:00:00.0,Intermediário
0.4114,0.41372,2004-06-29 15:30:00.0,Intermediário
0.41081,0.41286,2004-06-29 16:00:00.0,Intermediário
0.41022,0.4124,2004-06-29 16:30:00.0,Fechamento Interbancário
0.41243,0.41322,2004-06-29 17:49:00.0,Fechamento
0.41272,0.41599,2004-06-30 09:36:00.0,Abertura
0.41228,0.4146,2004-06-30 10:00:00.0,Intermediário
0.41395,0.41616,2004-06-30 10:30:00.0,Intermediário
0.41238,0.41458,2004-06-30 11:00:00.0,Intermediário
0.4121,0.41429,2004-06-30 11:30:00.0,Intermediário
0.41009,0.41227,2004-06-30 12:00:00.0,Intermediário
0.41043,0.41275,2004-06-30 12:30:00.0,Intermediário
0.41077,0.41309,2004-06-30 13:00:00.0,Intermediário
0.41096,0.41328,2004-06-30 13:30:00.0,Intermediário
0.41064,0.41296,2004-06-30 14:00:00.0,Intermediário
0.41069,0.41301,2004-06-30 14:30:00.0,Intermediário
0.41064,0.41283,2004-06-30 15:00:00.0,Intermediário
0.4112,0.41352,2004-06-30 15:30:00.0,Intermediário
0.40935,0.41153,2004-06-30 16:00:00.0,Intermediário
0.4098,0.41185,2004-06-30 16:30:00.0,Fechamento Interbancário
0.41322,0.41401,2004-06-30 17:47:00.0,Fechamento
0.40714,0.41038,2004-07-01 09:50:00.0,Abertura
0.40766,0.40983,2004-07-01 10:00:00.0,Intermediário
0.40624,0.40854,2004-07-01 10:30:00.0,Intermediário
0.40566,0.40796,2004-07-01 11:07:00.0,Intermediário
0.40566,0.40796,2004-07-01 11:07:00.0,Intermediário
0.40663,0.40893,2004-07-01 11:30:00.0,Intermediário
0.40714,0.40931,2004-07-01 12:00:00.0,Intermediário
0.40724,0.40941,2004-07-01 12:30:00.0,Intermediário
0.40751,0.40968,2004-07-01 13:00:00.0,Intermediário
0.40788,0.41006,2004-07-01 13:30:00.0,Intermediário
0.40799,0.41017,2004-07-01 14:00:00.0,Intermediário
0.40819,0.41036,2004-07-01 14:30:00.0,Intermediário
0.4084,0.41057,2004-07-01 15:00:00.0,Intermediário
0.40717,0.40934,2004-07-01 15:30:00.0,Intermediário
0.40697,0.40927,2004-07-01 16:15:00.0,Intermediário
0.40652,0.40882,2004-07-01 17:52:00.0,Fechamento Interbancário
0.40741,0.4082,2004-07-01 17:56:00.0,Fechamento
0.41035,0.41361,2004-07-02 09:50:00.0,Abertura
0.4084,0.41058,2004-07-02 10:06:00.0,Intermediário
0.4074,0.40971,2004-07-02 10:30:00.0,Intermediário
0.40803,0.41021,2004-07-02 11:00:00.0,Intermediário
0.40806,0.41024,2004-07-02 11:30:00.0,Intermediário
0.40755,0.40972,2004-07-02 12:00:00.0,Intermediário
0.4066,0.40877,2004-07-02 12:30:00.0,Intermediário
0.40655,0.40872,2004-07-02 13:00:00.0,Intermediário
0.4066,0.40877,2004-07-02 13:30:00.0,Intermediário
0.40705,0.40922,2004-07-02 14:00:00.0,Intermediário
0.40702,0.4092,2004-07-02 14:30:00.0,Intermediário
0.40731,0.40949,2004-07-02 15:00:00.0,Intermediário
0.40736,0.40954,2004-07-02 15:30:00.0,Intermediário
0.40644,0.40861,2004-07-02 16:00:00.0,Intermediário
0.4065,0.40867,2004-07-02 16:30:00.0,Fechamento Interbancário
0.40865,0.40944,2004-07-02 17:51:00.0,Fechamento
0.40445,0.40768,2004-07-05 09:49:00.0,Abertura
0.4052,0.40737,2004-07-05 10:00:00.0,Intermediário
0.40631,0.40875,2004-07-05 10:30:00.0,Intermediário
0.40557,0.4076,2004-07-05 11:00:00.0,Intermediário
0.40487,0.40704,2004-07-05 11:30:00.0,Intermediário
0.40448,0.40664,2004-07-05 12:00:00.0,Intermediário
0.40477,0.40693,2004-07-05 12:30:00.0,Intermediário
0.40307,0.40523,2004-07-05 13:00:00.0,Intermediário
0.4037,0.40585,2004-07-05 13:30:00.0,Intermediário
0.40392,0.40608,2004-07-05 14:00:00.0,Intermediário
0.40383,0.40598,2004-07-05 14:30:00.0,Intermediário
0.404,0.40602,2004-07-05 15:00:00.0,Intermediário
0.40321,0.40537,2004-07-05 15:30:00.0,Intermediário
0.40328,0.40543,2004-07-05 16:00:00.0,Intermediário
0.40321,0.40537,2004-07-05 16:30:00.0,Fechamento Interbancário
0.40471,0.4055,2004-07-05 17:58:00.0,Fechamento
0.40529,0.40853,2004-07-06 09:44:00.0,Abertura
0.40635,0.40866,2004-07-06 10:00:00.0,Intermediário
0.40623,0.4084,2004-07-06 10:30:00.0,Intermediário
0.40632,0.40876,2004-07-06 11:00:00.0,Intermediário
0.40552,0.40769,2004-07-06 11:30:00.0,Intermediário
0.4054,0.40769,2004-07-06 12:00:00.0,Intermediário
0.40555,0.40772,2004-07-06 12:30:00.0,Intermediário
0.40573,0.4079,2004-07-06 13:00:00.0,Intermediário
0.40599,0.40816,2004-07-06 13:30:00.0,Intermediário
0.40648,0.40865,2004-07-06 14:00:00.0,Intermediário
0.4069,0.40908,2004-07-06 17:33:00.0,Fechamento Interbancário
0.40611,0.4069,2004-07-06 18:25:00.0,Fechamento
0.40781,0.41107,2004-07-07 09:41:00.0,Abertura
0.40781,0.40999,2004-07-07 10:00:00.0,Intermediário
0.40853,0.41085,2004-07-07 10:30:00.0,Intermediário
0.40881,0.41099,2004-07-07 11:00:00.0,Intermediário
0.40817,0.41035,2004-07-07 11:30:00.0,Intermediário
0.40854,0.41059,2004-07-07 12:00:00.0,Intermediário
0.40776,0.40994,2004-07-07 12:30:00.0,Intermediário
0.40755,0.40973,2004-07-07 13:00:00.0,Intermediário
0.40749,0.40967,2004-07-07 13:30:00.0,Intermediário
0.40733,0.40951,2004-07-07 14:00:00.0,Intermediário
0.40719,0.40937,2004-07-07 14:30:00.0,Intermediário
0.40785,0.40989,2004-07-07 15:00:00.0,Intermediário
0.40776,0.41007,2004-07-07 15:30:00.0,Intermediário
0.40778,0.40996,2004-07-07 16:00:00.0,Intermediário
0.40764,0.40982,2004-07-07 16:30:00.0,Fechamento Interbancário
0.40866,0.40945,2004-07-07 17:39:00.0,Fechamento
0.40893,0.41219,2004-07-08 10:02:00.0,Abertura
0.40895,0.41114,2004-07-08 10:05:00.0,Intermediário
0.40911,0.4113,2004-07-08 10:30:00.0,Intermediário
0.40945,0.41177,2004-07-08 11:00:00.0,Intermediário
0.40996,0.41229,2004-07-08 11:30:00.0,Intermediário
0.41017,0.41236,2004-07-08 12:00:00.0,Intermediário
0.40936,0.41155,2004-07-08 12:30:00.0,Intermediário
0.40945,0.41163,2004-07-08 13:00:00.0,Intermediário
0.40954,0.41173,2004-07-08 13:30:00.0,Intermediário
0.40947,0.41166,2004-07-08 14:00:00.0,Intermediário
0.40959,0.41178,2004-07-08 14:30:00.0,Intermediário
0.41021,0.41241,2004-07-08 15:00:00.0,Intermediário
0.41167,0.41387,2004-07-08 15:30:00.0,Intermediário
0.41197,0.41417,2004-07-08 16:00:00.0,Intermediário
0.41157,0.41377,2004-07-08 16:30:00.0,Fechamento Interbancário
0.41071,0.4115,2004-07-08 17:41:00.0,Fechamento
0.40929,0.41256,2004-07-09 09:49:00.0,Abertura
0.4099,0.41223,2004-07-09 10:00:00.0,Intermediário
0.40983,0.41203,2004-07-09 10:30:00.0,Intermediário
0.40997,0.41216,2004-07-09 11:00:00.0,Intermediário
0.40922,0.41127,2004-07-09 11:30:00.0,Intermediário
0.4087,0.41129,2004-07-09 12:00:00.0,Intermediário
0.40858,0.41077,2004-07-09 12:30:00.0,Intermediário
0.40836,0.4104,2004-07-09 13:00:00.0,Intermediário
0.4089,0.41095,2004-07-09 13:30:00.0,Intermediário
0.40845,0.4105,2004-07-09 14:00:00.0,Intermediário
0.40849,0.41054,2004-07-09 14:30:00.0,Intermediário
0.40914,0.41146,2004-07-09 15:00:00.0,Intermediário
0.40916,0.41149,2004-07-09 15:30:00.0,Intermediário
0.40921,0.41154,2004-07-09 16:00:00.0,Intermediário
0.40916,0.41149,2004-07-09 16:30:00.0,Fechamento Interbancário
0.41058,0.41138,2004-07-09 18:02:00.0,Fechamento
0.40867,0.41193,2004-07-12 09:54:00.0,Abertura
0.4083,0.41062,2004-07-12 10:20:00.0,Intermediário
0.40849,0.41067,2004-07-12 10:30:00.0,Intermediário
0.40774,0.41006,2004-07-12 11:00:00.0,Intermediário
0.40875,0.41093,2004-07-12 11:30:00.0,Intermediário
0.409,0.41119,2004-07-12 13:11:00.0,Intermediário
0.40869,0.41088,2004-07-12 13:24:00.0,Intermediário
0.4087,0.41089,2004-07-12 13:30:00.0,Intermediário
0.40842,0.4106,2004-07-12 13:33:00.0,Intermediário
0.40886,0.41105,2004-07-12 14:00:00.0,Intermediário
0.40845,0.41064,2004-07-12 14:30:00.0,Intermediário
0.40807,0.41039,2004-07-12 15:00:00.0,Intermediário
0.40812,0.41017,2004-07-12 15:30:00.0,Intermediário
0.40754,0.40972,2004-07-12 16:24:00.0,Intermediário
0.40777,0.40995,2004-07-12 16:30:00.0,Fechamento Interbancário
0.40875,0.40955,2004-07-12 17:42:00.0,Fechamento
0.40667,0.40992,2004-07-13 09:40:00.0,Abertura
0.40674,0.40878,2004-07-13 10:00:00.0,Intermediário
0.40637,0.40867,2004-07-13 10:30:00.0,Intermediário
0.40674,0.40904,2004-07-13 11:00:00.0,Intermediário
0.40629,0.40846,2004-07-13 11:30:00.0,Intermediário
0.40674,0.40891,2004-07-13 12:00:00.0,Intermediário
0.40628,0.40845,2004-07-13 12:30:00.0,Intermediário
0.40606,0.40823,2004-07-13 13:00:00.0,Intermediário
0.40602,0.40818,2004-07-13 13:30:00.0,Intermediário
0.40646,0.40863,2004-07-13 14:00:00.0,Intermediário
0.406,0.40817,2004-07-13 14:30:00.0,Intermediário
0.40578,0.40794,2004-07-13 15:00:00.0,Intermediário
0.40484,0.407,2004-07-13 15:30:00.0,Intermediário
0.40569,0.40785,2004-07-13 16:00:00.0,Intermediário
0.40574,0.40778,2004-07-13 16:30:00.0,Fechamento Interbancário
0.40691,0.4077,2004-07-13 17:39:00.0,Fechamento
0.4071,0.41036,2004-07-14 09:34:00.0,Abertura
0.40824,0.41042,2004-07-14 10:00:00.0,Intermediário
0.40742,0.40959,2004-07-14 10:30:00.0,Intermediário
0.40703,0.40935,2004-07-14 11:00:00.0,Intermediário
0.40739,0.4097,2004-07-14 11:30:00.0,Intermediário
0.40768,0.40986,2004-07-14 12:00:00.0,Intermediário
0.40682,0.409,2004-07-14 12:30:00.0,Intermediário
0.40601,0.40819,2004-07-14 13:00:00.0,Intermediário
0.40614,0.40831,2004-07-14 13:30:00.0,Intermediário
0.40645,0.40863,2004-07-14 14:00:00.0,Intermediário
0.40669,0.40887,2004-07-14 14:30:00.0,Intermediário
0.4063,0.40848,2004-07-14 15:00:00.0,Intermediário
0.40572,0.40789,2004-07-14 15:30:00.0,Intermediário
0.40644,0.40862,2004-07-14 16:00:00.0,Intermediário
0.4062,0.40838,2004-07-14 16:30:00.0,Fechamento Interbancário
0.40741,0.4082,2004-07-14 17:45:00.0,Fechamento
0.40454,0.40778,2004-07-15 09:57:00.0,Abertura
0.40498,0.40715,2004-07-15 10:00:00.0,Intermediário
0.40594,0.40811,2004-07-15 10:30:00.0,Intermediário
0.40549,0.4078,2004-07-15 11:00:00.0,Intermediário
0.40518,0.40735,2004-07-15 11:30:00.0,Intermediário
0.40596,0.40813,2004-07-15 12:00:00.0,Intermediário
0.40552,0.40769,2004-07-15 12:30:00.0,Intermediário
0.40484,0.407,2004-07-15 13:00:00.0,Intermediário
0.40491,0.40708,2004-07-15 13:30:00.0,Intermediário
0.40462,0.40679,2004-07-15 14:00:00.0,Intermediário
0.40401,0.40617,2004-07-15 14:30:00.0,Intermediário
0.40364,0.40567,2004-07-15 15:00:00.0,Intermediário
0.4039,0.40606,2004-07-15 15:30:00.0,Intermediário
0.40339,0.40542,2004-07-15 16:00:00.0,Intermediário
0.40384,0.40586,2004-07-15 16:30:00.0,Fechamento Interbancário
0.40567,0.40646,2004-07-15 17:43:00.0,Fechamento
0.40272,0.40596,2004-07-16 10:01:00.0,Abertura
0.40337,0.40553,2004-07-16 10:05:00.0,Intermediário
0.4037,0.40599,2004-07-16 10:30:00.0,Intermediário
0.40513,0.4073,2004-07-16 11:00:00.0,Intermediário
0.4051,0.40727,2004-07-16 11:30:00.0,Intermediário
0.40522,0.40739,2004-07-16 12:00:00.0,Intermediário
0.40504,0.40721,2004-07-16 12:30:00.0,Intermediário
0.4043,0.40647,2004-07-16 13:00:00.0,Intermediário
0.40441,0.40658,2004-07-16 13:30:00.0,Intermediário
0.40482,0.40699,2004-07-16 14:00:00.0,Intermediário
0.40474,0.40691,2004-07-16 14:30:00.0,Intermediário
0.40464,0.40694,2004-07-16 15:00:00.0,Intermediário
0.40542,0.40759,2004-07-16 15:30:00.0,Intermediário
0.40536,0.40753,2004-07-16 16:00:00.0,Intermediário
0.40528,0.40745,2004-07-16 16:30:00.0,Fechamento Interbancário
0.40621,0.407,2004-07-16 17:46:00.0,Fechamento
0.40248,0.40571,2004-07-19 09:47:00.0,Abertura
0.40297,0.40513,2004-07-19 10:00:00.0,Intermediário
0.40382,0.40598,2004-07-19 10:30:00.0,Intermediário
0.40387,0.40617,2004-07-19 11:00:00.0,Intermediário
0.40309,0.40525,2004-07-19 11:30:00.0,Intermediário
0.4028,0.40496,2004-07-19 12:00:00.0,Intermediário
0.40341,0.40558,2004-07-19 12:30:00.0,Intermediário
0.404,0.40616,2004-07-19 13:00:00.0,Intermediário
0.40343,0.40559,2004-07-19 13:30:00.0,Intermediário
0.4034,0.40556,2004-07-19 14:00:00.0,Intermediário
0.40367,0.40583,2004-07-19 14:30:00.0,Intermediário
0.40349,0.40579,2004-07-19 15:00:00.0,Intermediário
0.40366,0.40582,2004-07-19 15:30:00.0,Intermediário
0.40336,0.40552,2004-07-19 16:00:00.0,Intermediário
0.40395,0.40612,2004-07-19 16:30:00.0,Fechamento Interbancário
0.40452,0.4053,2004-07-19 17:41:00.0,Fechamento
0.40268,0.40592,2004-07-20 09:45:00.0,Abertura
0.40344,0.4056,2004-07-20 10:00:00.0,Intermediário
0.40312,0.40528,2004-07-20 10:30:00.0,Intermediário
0.40241,0.40456,2004-07-20 11:00:00.0,Intermediário
0.40301,0.40517,2004-07-20 11:30:00.0,Intermediário
0.40253,0.40469,2004-07-20 12:00:00.0,Intermediário
0.40269,0.40485,2004-07-20 12:30:00.0,Intermediário
0.40309,0.40525,2004-07-20 13:00:00.0,Intermediário
0.40247,0.40462,2004-07-20 13:30:00.0,Intermediário
0.40253,0.40469,2004-07-20 14:00:00.0,Intermediário
0.40274,0.4049,2004-07-20 14:30:00.0,Intermediário
0.40187,0.40389,2004-07-20 15:00:00.0,Intermediário
0.40197,0.40412,2004-07-20 15:30:00.0,Intermediário
0.40097,0.40312,2004-07-20 16:00:00.0,Intermediário
0.40114,0.40329,2004-07-20 16:30:00.0,Fechamento Interbancário
0.40234,0.40312,2004-07-20 17:43:00.0,Fechamento
0.40168,0.4049,2004-07-21 09:49:00.0,Abertura
0.40152,0.40367,2004-07-21 10:00:00.0,Intermediário
0.40249,0.40478,2004-07-21 10:30:00.0,Intermediário
0.40251,0.40466,2004-07-21 11:00:00.0,Intermediário
0.40227,0.40442,2004-07-21 11:33:00.0,Intermediário
0.40308,0.40524,2004-07-21 12:00:00.0,Intermediário
0.40383,0.40612,2004-07-21 12:30:00.0,Intermediário
0.40309,0.40524,2004-07-21 13:00:00.0,Intermediário
0.40399,0.40614,2004-07-21 13:30:00.0,Intermediário
0.40348,0.40563,2004-07-21 14:00:00.0,Intermediário
0.40326,0.40541,2004-07-21 14:30:00.0,Intermediário
0.40372,0.40587,2004-07-21 15:00:00.0,Intermediário
0.40297,0.40512,2004-07-21 15:30:00.0,Intermediário
0.40195,0.40423,2004-07-21 16:00:00.0,Intermediário
0.40211,0.40426,2004-07-21 16:30:00.0,Fechamento Interbancário
0.40271,0.40348,2004-07-21 17:44:00.0,Fechamento
0.40261,0.40583,2004-07-22 09:55:00.0,Abertura
0.40386,0.40602,2004-07-22 10:00:00.0,Intermediário
0.4048,0.40696,2004-07-22 10:30:00.0,Intermediário
0.40442,0.40658,2004-07-22 11:00:00.0,Intermediário
0.40375,0.40578,2004-07-22 11:30:00.0,Intermediário
0.40357,0.40573,2004-07-22 12:00:00.0,Intermediário
0.40369,0.40585,2004-07-22 12:30:00.0,Intermediário
0.40558,0.40787,2004-07-22 13:00:00.0,Intermediário
0.40497,0.40714,2004-07-22 13:30:00.0,Intermediário
0.40452,0.40668,2004-07-22 14:00:00.0,Intermediário
0.40396,0.40612,2004-07-22 14:30:00.0,Intermediário
0.40609,0.40826,2004-07-22 15:00:00.0,Intermediário
0.40537,0.40753,2004-07-22 15:30:00.0,Intermediário
0.40428,0.40644,2004-07-22 16:00:00.0,Intermediário
0.40403,0.40618,2004-07-22 16:30:00.0,Fechamento Interbancário
0.40498,0.40577,2004-07-22 17:44:00.0,Fechamento
0.40227,0.40547,2004-07-23 09:52:00.0,Abertura
0.40223,0.40438,2004-07-23 10:00:00.0,Intermediário
0.40131,0.40345,2004-07-23 10:30:00.0,Intermediário
0.40102,0.40316,2004-07-23 11:00:00.0,Intermediário
0.40127,0.40341,2004-07-23 11:30:00.0,Intermediário
0.39821,0.40033,2004-07-23 12:03:00.0,Intermediário
0.39939,0.40151,2004-07-23 12:30:00.0,Intermediário
0.40033,0.40247,2004-07-23 13:00:00.0,Intermediário
0.40013,0.40226,2004-07-23 13:30:00.0,Intermediário
0.40025,0.40239,2004-07-23 14:00:00.0,Intermediário
0.40034,0.40248,2004-07-23 14:30:00.0,Intermediário
0.40103,0.40343,2004-07-23 15:00:00.0,Intermediário
0.40096,0.40336,2004-07-23 15:30:00.0,Intermediário
0.40057,0.40283,2004-07-23 16:00:00.0,Intermediário
0.40116,0.40317,2004-07-23 16:30:00.0,Fechamento Interbancário
0.40022,0.40099,2004-07-23 17:40:00.0,Fechamento
0.40064,0.40384,2004-07-26 09:56:00.0,Abertura
0.40142,0.40356,2004-07-26 10:00:00.0,Intermediário
0.40158,0.40372,2004-07-26 10:30:00.0,Intermediário
0.40075,0.40302,2004-07-26 11:00:00.0,Intermediário
0.40157,0.40371,2004-07-26 11:30:00.0,Intermediário
0.40253,0.40467,2004-07-26 12:00:00.0,Intermediário
0.40223,0.40437,2004-07-26 12:30:00.0,Intermediário
0.40399,0.40628,2004-07-26 13:00:00.0,Intermediário
0.40439,0.40667,2004-07-26 13:30:00.0,Intermediário
0.40426,0.40654,2004-07-26 14:00:00.0,Intermediário
0.40405,0.40633,2004-07-26 14:30:00.0,Intermediário
0.40339,0.40567,2004-07-26 15:00:00.0,Intermediário
0.40363,0.40578,2004-07-26 15:30:00.0,Intermediário
0.40475,0.40691,2004-07-26 16:00:00.0,Intermediário
0.40524,0.4074,2004-07-26 16:30:00.0,Fechamento Interbancário
0.40299,0.40376,2004-07-26 18:08:00.0,Fechamento
0.40353,0.40674,2004-07-27 09:56:00.0,Abertura
0.40408,0.40637,2004-07-27 10:00:00.0,Intermediário
0.40354,0.40569,2004-07-27 10:30:00.0,Intermediário
0.40316,0.4053,2004-07-27 11:00:00.0,Intermediário
0.40184,0.40398,2004-07-27 11:33:00.0,Intermediário
0.40033,0.4026,2004-07-27 12:00:00.0,Intermediário
0.40077,0.40291,2004-07-27 12:30:00.0,Intermediário
0.40134,0.40347,2004-07-27 13:00:00.0,Intermediário
0.40106,0.4032,2004-07-27 13:30:00.0,Intermediário
0.40086,0.403,2004-07-27 14:00:00.0,Intermediário
0.40115,0.40328,2004-07-27 14:30:00.0,Intermediário
0.40108,0.40321,2004-07-27 15:00:00.0,Intermediário
0.40029,0.40242,2004-07-27 15:30:00.0,Intermediário
0.3993,0.40169,2004-07-27 16:00:00.0,Intermediário
0.39986,0.40199,2004-07-27 16:30:00.0,Fechamento Interbancário
0.40107,0.40184,2004-07-27 17:44:00.0,Fechamento
0.39771,0.40088,2004-07-28 09:57:00.0,Abertura
0.39834,0.40046,2004-07-28 10:00:00.0,Intermediário
0.39856,0.40068,2004-07-28 10:30:00.0,Intermediário
0.39629,0.3984,2004-07-28 11:02:00.0,Intermediário
0.39773,0.39985,2004-07-28 11:30:00.0,Intermediário
0.39788,0.39986,2004-07-28 12:00:00.0,Intermediário
0.39763,0.39975,2004-07-28 12:30:00.0,Intermediário
0.39764,0.39976,2004-07-28 13:00:00.0,Intermediário
0.39824,0.40036,2004-07-28 13:30:00.0,Intermediário
0.39814,0.40026,2004-07-28 14:00:00.0,Intermediário
0.39798,0.40009,2004-07-28 14:30:00.0,Intermediário
0.39846,0.40058,2004-07-28 15:00:00.0,Intermediário
0.39895,0.40107,2004-07-28 15:30:00.0,Intermediário
0.39819,0.4003,2004-07-28 16:00:00.0,Intermediário
0.39781,0.39993,2004-07-28 16:30:00.0,Fechamento Interbancário
0.39882,0.39959,2004-07-28 17:42:00.0,Fechamento
0.39587,0.39902,2004-07-29 09:55:00.0,Abertura
0.39524,0.39735,2004-07-29 10:00:00.0,Intermediário
0.39517,0.3974,2004-07-29 10:30:00.0,Intermediário
0.39504,0.39715,2004-07-29 11:00:00.0,Intermediário
0.39639,0.3985,2004-07-29 11:30:00.0,Intermediário
0.39638,0.3985,2004-07-29 12:00:00.0,Intermediário
0.39672,0.39883,2004-07-29 12:30:00.0,Intermediário
0.39508,0.39718,2004-07-29 13:00:00.0,Intermediário
0.39539,0.39763,2004-07-29 13:30:00.0,Intermediário
0.39462,0.39686,2004-07-29 14:00:00.0,Intermediário
0.39422,0.39645,2004-07-29 14:30:00.0,Intermediário
0.39365,0.39588,2004-07-29 15:00:00.0,Intermediário
0.39384,0.39594,2004-07-29 15:30:00.0,Intermediário
0.39499,0.39709,2004-07-29 16:00:00.0,Intermediário
0.39488,0.39699,2004-07-29 16:30:00.0,Fechamento Interbancário
0.39568,0.39644,2004-07-29 17:59:00.0,Fechamento
0.3945,0.39765,2004-07-30 09:36:00.0,Abertura
0.39447,0.3967,2004-07-30 10:00:00.0,Intermediário
0.39567,0.39765,2004-07-30 10:30:00.0,Intermediário
0.39453,0.39677,2004-07-30 11:00:00.0,Intermediário
0.3945,0.39661,2004-07-30 11:30:00.0,Intermediário
0.39248,0.39444,2004-07-30 12:00:00.0,Intermediário
0.39412,0.39622,2004-07-30 12:30:00.0,Intermediário
0.39307,0.39516,2004-07-30 13:00:00.0,Intermediário
0.39292,0.39502,2004-07-30 13:30:00.0,Intermediário
0.3923,0.39439,2004-07-30 14:00:00.0,Intermediário
0.39283,0.39492,2004-07-30 14:30:00.0,Intermediário
0.3939,0.39613,2004-07-30 15:00:00.0,Intermediário
0.39468,0.39691,2004-07-30 15:30:00.0,Intermediário
0.39436,0.39646,2004-07-30 16:00:00.0,Intermediário
0.39453,0.39676,2004-07-30 16:30:00.0,Fechamento Interbancário
0.39359,0.39435,2004-07-30 17:56:00.0,Fechamento
0.39692,0.40009,2004-08-02 09:43:00.0,Abertura
0.39713,0.39938,2004-08-02 10:00:00.0,Intermediário
0.39829,0.40041,2004-08-02 10:30:00.0,Intermediário
0.39758,0.3997,2004-08-02 11:00:00.0,Intermediário
0.39745,0.39957,2004-08-02 11:30:00.0,Intermediário
0.39712,0.39924,2004-08-02 12:00:00.0,Intermediário
0.39661,0.39885,2004-08-02 12:30:00.0,Intermediário
0.3967,0.39881,2004-08-02 13:00:00.0,Intermediário
0.39683,0.39894,2004-08-02 13:30:00.0,Intermediário
0.39691,0.39902,2004-08-02 14:00:00.0,Intermediário
0.39668,0.39879,2004-08-02 14:30:00.0,Intermediário
0.39611,0.39822,2004-08-02 15:00:00.0,Intermediário
0.39628,0.39839,2004-08-02 15:30:00.0,Intermediário
0.39685,0.39896,2004-08-02 16:00:00.0,Intermediário
0.39682,0.3988,2004-08-02 16:30:00.0,Fechamento Interbancário
0.39723,0.39799,2004-08-02 17:38:00.0,Fechamento
0.3979,0.40106,2004-08-03 20:11:00.0,Abertura
0.39966,0.40043,2004-08-03 20:30:00.0,Fechamento
0.39727,0.40043,2004-08-04 09:56:00.0,Abertura
0.3978,0.39991,2004-08-04 10:00:00.0,Intermediário
0.39816,0.40027,2004-08-04 10:30:00.0,Intermediário
0.39759,0.3997,2004-08-04 11:00:00.0,Intermediário
0.39884,0.40096,2004-08-04 11:30:00.0,Intermediário
0.39968,0.40181,2004-08-04 12:00:00.0,Intermediário
0.39965,0.40177,2004-08-04 12:30:00.0,Intermediário
0.3998,0.40193,2004-08-04 13:00:00.0,Intermediário
0.39934,0.40146,2004-08-04 13:30:00.0,Intermediário
0.39893,0.40105,2004-08-04 14:00:00.0,Intermediário
0.39901,0.40114,2004-08-04 14:30:00.0,Intermediário
0.39888,0.40101,2004-08-04 15:00:00.0,Intermediário
0.39827,0.40039,2004-08-04 15:30:00.0,Intermediário
0.39823,0.40035,2004-08-04 16:09:00.0,Intermediário
0.39818,0.4003,2004-08-04 16:30:00.0,Fechamento Interbancário
0.39938,0.40015,2004-08-04 17:41:00.0,Fechamento
0.40009,0.40327,2004-08-05 09:54:00.0,Abertura
0.40033,0.40246,2004-08-05 10:00:00.0,Intermediário
0.40085,0.40298,2004-08-05 10:30:00.0,Intermediário
0.40054,0.40267,2004-08-05 11:00:00.0,Intermediário
0.40038,0.40238,2004-08-05 11:30:00.0,Intermediário
0.40045,0.40259,2004-08-05 12:00:00.0,Intermediário
0.4001,0.4021,2004-08-05 12:30:00.0,Intermediário
0.39987,0.40187,2004-08-05 13:00:00.0,Intermediário
0.40004,0.40204,2004-08-05 13:30:00.0,Intermediário
0.40035,0.40235,2004-08-05 14:00:00.0,Intermediário
0.40045,0.40245,2004-08-05 14:30:00.0,Intermediário
0.40121,0.40335,2004-08-05 15:00:00.0,Intermediário
0.40175,0.40388,2004-08-05 15:30:00.0,Intermediário
0.40227,0.40428,2004-08-05 16:00:00.0,Intermediário
0.40178,0.40392,2004-08-05 16:30:00.0,Fechamento Interbancário
0.4017,0.40247,2004-08-05 17:43:00.0,Fechamento
0.40465,0.40788,2004-08-06 09:45:00.0,Abertura
0.40571,0.40801,2004-08-06 10:00:00.0,Intermediário
0.40592,0.40808,2004-08-06 10:30:00.0,Intermediário
0.40525,0.40755,2004-08-06 11:00:00.0,Intermediário
0.40617,0.40834,2004-08-06 11:30:00.0,Intermediário
0.40621,0.40838,2004-08-06 12:00:00.0,Intermediário
0.40509,0.40726,2004-08-06 12:30:00.0,Intermediário
0.40494,0.40723,2004-08-06 13:00:00.0,Intermediário
0.40511,0.40727,2004-08-06 13:30:00.0,Intermediário
0.40506,0.40723,2004-08-06 14:00:00.0,Intermediário
0.40485,0.40701,2004-08-06 14:30:00.0,Intermediário
0.40496,0.40726,2004-08-06 15:19:00.0,Intermediário
0.40408,0.40624,2004-08-06 15:30:00.0,Intermediário
0.4036,0.40576,2004-08-06 16:18:00.0,Intermediário
0.40429,0.40645,2004-08-06 16:30:00.0,Fechamento Interbancário
0.4073,0.40808,2004-08-06 17:41:00.0,Fechamento
0.40332,0.40655,2004-08-09 20:17:00.0,Abertura
0.40589,0.40668,2004-08-09 20:38:00.0,Fechamento
0.40426,0.4075,2004-08-10 21:19:00.0,Abertura
0.40271,0.40349,2004-08-10 21:42:00.0,Fechamento
0.40291,0.40613,2004-08-11 21:56:00.0,Abertura
0.40352,0.4043,2004-08-11 22:23:00.0,Fechamento
0.40228,0.4055,2004-08-12 22:05:00.0,Abertura
0.40268,0.40346,2004-08-12 22:24:00.0,Fechamento
0.40397,0.4072,2004-08-13 18:36:00.0,Abertura
0.40515,0.40593,2004-08-13 18:55:00.0,Fechamento
0.40248,0.40571,2004-08-16 20:43:00.0,Abertura
0.4032,0.40398,2004-08-16 21:05:00.0,Fechamento
0.40295,0.40618,2004-08-17 20:16:00.0,Abertura
0.40104,0.40182,2004-08-17 20:42:00.0,Fechamento
0.40027,0.40348,2004-08-18 17:03:00.0,Abertura
0.39976,0.40053,2004-08-18 17:55:00.0,Fechamento
0.39776,0.40096,2004-08-19 09:34:00.0,Abertura
0.39701,0.39927,2004-08-19 10:03:00.0,Intermediário
0.39744,0.39957,2004-08-19 10:51:00.0,Intermediário
0.39808,0.40021,2004-08-19 11:00:00.0,Intermediário
0.39864,0.40078,2004-08-19 11:30:00.0,Intermediário
0.39811,0.40024,2004-08-19 12:00:00.0,Intermediário
0.39875,0.40088,2004-08-19 12:30:00.0,Intermediário
0.39885,0.40099,2004-08-19 13:00:00.0,Intermediário
0.39825,0.40038,2004-08-19 13:30:00.0,Intermediário
0.39815,0.40028,2004-08-19 14:00:00.0,Intermediário
0.39859,0.40072,2004-08-19 14:48:00.0,Intermediário
0.39834,0.40047,2004-08-19 15:09:00.0,Intermediário
0.39944,0.40158,2004-08-19 15:30:00.0,Intermediário
0.39952,0.40153,2004-08-19 16:00:00.0,Intermediário
0.39949,0.40162,2004-08-19 16:30:00.0,Fechamento Interbancário
0.39951,0.40028,2004-08-19 17:42:00.0,Fechamento
0.39802,0.40123,2004-08-20 09:55:00.0,Abertura
0.39829,0.40043,2004-08-20 10:00:00.0,Intermediário
0.39674,0.39887,2004-08-20 10:30:00.0,Intermediário
0.3964,0.39852,2004-08-20 11:00:00.0,Intermediário
0.39704,0.39916,2004-08-20 11:30:00.0,Intermediário
0.39772,0.39985,2004-08-20 12:00:00.0,Intermediário
0.39778,0.39992,2004-08-20 12:30:00.0,Intermediário
0.39785,0.39998,2004-08-20 13:09:00.0,Intermediário
0.39756,0.39969,2004-08-20 13:30:00.0,Intermediário
0.39724,0.39936,2004-08-20 14:00:00.0,Intermediário
0.39741,0.39954,2004-08-20 14:30:00.0,Intermediário
0.39609,0.39848,2004-08-20 15:00:00.0,Intermediário
0.39589,0.39787,2004-08-20 15:30:00.0,Intermediário
0.39538,0.39763,2004-08-20 16:00:00.0,Intermediário
0.39592,0.39791,2004-08-20 16:30:00.0,Fechamento Interbancário
0.39786,0.39864,2004-08-20 17:41:00.0,Fechamento
0.39505,0.39824,2004-08-23 09:52:00.0,Abertura
0.39562,0.39773,2004-08-23 10:00:00.0,Intermediário
0.39476,0.39688,2004-08-23 10:30:00.0,Intermediário
0.39509,0.39721,2004-08-23 11:00:00.0,Intermediário
0.39515,0.39727,2004-08-23 11:30:00.0,Intermediário
0.39461,0.39659,2004-08-23 12:00:00.0,Intermediário
0.39417,0.39641,2004-08-23 12:30:00.0,Intermediário
0.39291,0.39502,2004-08-23 13:00:00.0,Intermediário
0.39292,0.39502,2004-08-23 13:30:00.0,Intermediário
0.39272,0.39482,2004-08-23 14:00:00.0,Intermediário
0.39295,0.39505,2004-08-23 14:30:00.0,Intermediário
0.39207,0.39417,2004-08-23 15:00:00.0,Intermediário
0.39071,0.3928,2004-08-23 15:30:00.0,Intermediário
0.3913,0.3934,2004-08-23 16:00:00.0,Intermediário
0.39087,0.39296,2004-08-23 16:30:00.0,Fechamento Interbancário
0.39254,0.3933,2004-08-23 17:52:00.0,Fechamento
0.38977,0.39292,2004-08-24 09:42:00.0,Abertura
0.39044,0.39253,2004-08-24 10:00:00.0,Intermediário
0.39034,0.39243,2004-08-24 10:30:00.0,Intermediário
0.39047,0.3927,2004-08-24 11:00:00.0,Intermediário
0.39009,0.39218,2004-08-24 11:30:00.0,Intermediário
0.39066,0.39275,2004-08-24 12:00:00.0,Intermediário
0.38992,0.392,2004-08-24 12:30:00.0,Intermediário
0.38865,0.39073,2004-08-24 13:12:00.0,Intermediário
0.38808,0.39016,2004-08-24 13:30:00.0,Intermediário
0.38776,0.38983,2004-08-24 14:00:00.0,Intermediário
0.38823,0.39031,2004-08-24 14:30:00.0,Intermediário
0.38832,0.3904,2004-08-24 15:00:00.0,Intermediário
0.3881,0.3903,2004-08-24 15:30:00.0,Intermediário
0.38815,0.39023,2004-08-24 16:00:00.0,Intermediário
0.38861,0.39069,2004-08-24 16:30:00.0,Fechamento Interbancário
0.38923,0.38998,2004-08-24 17:50:00.0,Fechamento
0.3888,0.39194,2004-08-25 09:59:00.0,Abertura
0.38899,0.39121,2004-08-25 10:00:00.0,Intermediário
0.38904,0.39112,2004-08-25 10:30:00.0,Intermediário
0.3895,0.39158,2004-08-25 11:00:00.0,Intermediário
0.38843,0.39051,2004-08-25 11:30:00.0,Intermediário
0.38862,0.3907,2004-08-25 12:00:00.0,Intermediário
0.38831,0.39038,2004-08-25 12:30:00.0,Intermediário
0.38825,0.39033,2004-08-25 13:30:00.0,Intermediário
0.38816,0.39024,2004-08-25 13:34:00.0,Intermediário
0.38822,0.3903,2004-08-25 14:00:00.0,Intermediário
0.38821,0.39029,2004-08-25 14:30:00.0,Intermediário
0.38843,0.39051,2004-08-25 15:00:00.0,Intermediário
0.38825,0.39032,2004-08-25 15:30:00.0,Intermediário
0.38839,0.39046,2004-08-25 16:00:00.0,Intermediário
0.3885,0.39058,2004-08-25 16:30:00.0,Fechamento Interbancário
0.38909,0.38984,2004-08-25 17:45:00.0,Fechamento
0.3893,0.39245,2004-08-26 09:50:00.0,Abertura
0.39035,0.39244,2004-08-26 10:13:00.0,Intermediário
0.3896,0.39169,2004-08-26 10:30:00.0,Intermediário
0.3894,0.39148,2004-08-26 11:00:00.0,Intermediário
0.38993,0.39202,2004-08-26 11:30:00.0,Intermediário
0.38968,0.39177,2004-08-26 12:00:00.0,Intermediário
0.3891,0.39118,2004-08-26 12:30:00.0,Intermediário
0.38986,0.39194,2004-08-26 13:15:00.0,Intermediário
0.38993,0.39201,2004-08-26 13:30:00.0,Intermediário
0.39019,0.39227,2004-08-26 14:00:00.0,Intermediário
0.39057,0.39266,2004-08-26 14:30:00.0,Intermediário
0.39039,0.39248,2004-08-26 15:00:00.0,Intermediário
0.38995,0.39204,2004-08-26 15:30:00.0,Intermediário
0.39049,0.39245,2004-08-26 16:00:00.0,Intermediário
0.39055,0.39264,2004-08-26 16:30:00.0,Fechamento Interbancário
0.39089,0.39164,2004-08-26 17:44:00.0,Fechamento
0.38866,0.3918,2004-08-27 09:56:00.0,Abertura
0.38951,0.39173,2004-08-27 10:00:00.0,Intermediário
0.38941,0.39149,2004-08-27 10:30:00.0,Intermediário
0.38834,0.39055,2004-08-27 11:00:00.0,Intermediário
0.3893,0.39138,2004-08-27 11:30:00.0,Intermediário
0.38977,0.39199,2004-08-27 12:00:00.0,Intermediário
0.38924,0.39132,2004-08-27 12:30:00.0,Intermediário
0.38872,0.39079,2004-08-27 13:11:00.0,Intermediário
0.3888,0.39088,2004-08-27 13:30:00.0,Intermediário
0.3884,0.39048,2004-08-27 14:00:00.0,Intermediário
0.38854,0.39061,2004-08-27 14:30:00.0,Intermediário
0.38868,0.39076,2004-08-27 15:00:00.0,Intermediário
0.38811,0.39019,2004-08-27 15:30:00.0,Intermediário
0.38798,0.38993,2004-08-27 16:00:00.0,Intermediário
0.3879,0.38998,2004-08-27 16:30:00.0,Fechamento Interbancário
0.38902,0.38977,2004-08-27 17:40:00.0,Fechamento
0.38847,0.39161,2004-08-30 09:55:00.0,Abertura
0.38857,0.39078,2004-08-30 10:00:00.0,Intermediário
0.38809,0.3903,2004-08-30 10:30:00.0,Intermediário
0.38912,0.3912,2004-08-30 11:00:00.0,Intermediário
0.38819,0.39027,2004-08-30 11:30:00.0,Intermediário
0.38808,0.39029,2004-08-30 12:00:00.0,Intermediário
0.38808,0.39016,2004-08-30 12:30:00.0,Intermediário
0.38784,0.38992,2004-08-30 13:00:00.0,Intermediário
0.38756,0.38963,2004-08-30 13:30:00.0,Intermediário
0.38807,0.39015,2004-08-30 14:00:00.0,Intermediário
0.38817,0.39025,2004-08-30 14:30:00.0,Intermediário
0.38736,0.38943,2004-08-30 15:00:00.0,Intermediário
0.38728,0.38935,2004-08-30 15:30:00.0,Intermediário
0.38792,0.38987,2004-08-30 16:00:00.0,Intermediário
0.38809,0.39016,2004-08-30 16:30:00.0,Fechamento Interbancário
0.38913,0.38989,2004-08-30 17:46:00.0,Fechamento
0.38774,0.39088,2004-08-31 09:41:00.0,Abertura
0.38749,0.38957,2004-08-31 10:00:00.0,Intermediário
0.38809,0.39017,2004-08-31 10:30:00.0,Intermediário
0.38924,0.39119,2004-08-31 11:00:00.0,Intermediário
0.38964,0.39173,2004-08-31 11:30:00.0,Intermediário
0.38965,0.39174,2004-08-31 12:00:00.0,Intermediário
0.3902,0.39229,2004-08-31 12:30:00.0,Intermediário
0.391,0.3931,2004-08-31 13:00:00.0,Intermediário
0.39108,0.39318,2004-08-31 13:30:00.0,Intermediário
0.39107,0.39317,2004-08-31 14:00:00.0,Intermediário
0.39077,0.39286,2004-08-31 14:30:00.0,Intermediário
0.3909,0.393,2004-08-31 15:00:00.0,Intermediário
0.3907,0.39266,2004-08-31 15:30:00.0,Intermediário
0.38943,0.39138,2004-08-31 16:00:00.0,Intermediário
0.38931,0.3914,2004-08-31 16:30:00.0,Fechamento Interbancário
0.39061,0.39136,2004-08-31 18:11:00.0,Fechamento
0.38883,0.39198,2004-09-01 09:52:00.0,Abertura
0.38888,0.39097,2004-09-01 10:00:00.0,Intermediário
0.38893,0.39115,2004-09-01 10:30:00.0,Intermediário
0.38967,0.39176,2004-09-01 11:00:00.0,Intermediário
0.38921,0.3913,2004-09-01 11:30:00.0,Intermediário
0.38951,0.39159,2004-09-01 12:00:00.0,Intermediário
0.38914,0.39123,2004-09-01 12:30:00.0,Intermediário
0.38972,0.39181,2004-09-01 13:00:00.0,Intermediário
0.38945,0.39154,2004-09-01 13:30:00.0,Intermediário
0.38995,0.39204,2004-09-01 14:00:00.0,Intermediário
0.39023,0.39233,2004-09-01 14:30:00.0,Intermediário
0.39029,0.39238,2004-09-01 15:00:00.0,Intermediário
0.39042,0.39252,2004-09-01 15:30:00.0,Intermediário
0.3909,0.393,2004-09-01 16:00:00.0,Intermediário
0.39044,0.39254,2004-09-01 16:30:00.0,Fechamento Interbancário
0.39086,0.39162,2004-09-01 17:52:00.0,Fechamento
0.38961,0.39277,2004-09-02 09:56:00.0,Abertura
0.39016,0.39225,2004-09-02 10:00:00.0,Intermediário
0.39047,0.39243,2004-09-02 10:30:00.0,Intermediário
0.39024,0.39233,2004-09-02 11:00:00.0,Intermediário
0.38919,0.39128,2004-09-02 11:30:00.0,Intermediário
0.39019,0.39228,2004-09-02 12:00:00.0,Intermediário
0.39069,0.39265,2004-09-02 12:30:00.0,Intermediário
0.39079,0.39275,2004-09-02 13:12:00.0,Intermediário
0.39048,0.39244,2004-09-02 13:30:00.0,Intermediário
0.39028,0.39224,2004-09-02 14:00:00.0,Intermediário
0.39036,0.39232,2004-09-02 14:30:00.0,Intermediário
0.39035,0.39244,2004-09-02 15:00:00.0,Intermediário
0.3901,0.39219,2004-09-02 15:30:00.0,Intermediário
0.39096,0.39292,2004-09-02 16:00:00.0,Intermediário
0.39086,0.39295,2004-09-02 16:30:00.0,Fechamento Interbancário
0.39132,0.39208,2004-09-02 17:40:00.0,Fechamento
0.38784,0.39099,2004-09-03 09:46:00.0,Abertura
0.38774,0.38982,2004-09-03 10:00:00.0,Intermediário
0.38693,0.389,2004-09-03 10:30:00.0,Intermediário
0.38743,0.38964,2004-09-03 11:00:00.0,Intermediário
0.38668,0.38875,2004-09-03 11:30:00.0,Intermediário
0.38567,0.38774,2004-09-03 12:00:00.0,Intermediário
0.38574,0.38767,2004-09-03 12:30:00.0,Intermediário
0.38581,0.38788,2004-09-03 13:00:00.0,Intermediário
0.38606,0.38813,2004-09-03 13:30:00.0,Intermediário
0.38622,0.38829,2004-09-03 14:00:00.0,Intermediário
0.38587,0.38794,2004-09-03 14:30:00.0,Intermediário
0.38567,0.38773,2004-09-03 15:00:00.0,Intermediário
0.38567,0.38774,2004-09-03 15:30:00.0,Intermediário
0.38618,0.38825,2004-09-03 16:00:00.0,Intermediário
0.38618,0.38825,2004-09-03 16:30:00.0,Fechamento Interbancário
0.3868,0.38755,2004-09-03 17:43:00.0,Fechamento
0.38551,0.38863,2004-09-06 09:57:00.0,Abertura
0.38601,0.38808,2004-09-06 10:00:00.0,Intermediário
0.38471,0.38691,2004-09-06 10:30:00.0,Intermediário
0.38437,0.38643,2004-09-06 11:00:00.0,Intermediário
0.38445,0.38638,2004-09-06 11:30:00.0,Intermediário
0.38404,0.3861,2004-09-06 12:53:00.0,Intermediário
0.38375,0.3858,2004-09-06 12:54:00.0,Intermediário
0.3838,0.38586,2004-09-06 13:08:00.0,Intermediário
0.3838,0.38586,2004-09-06 13:41:00.0,Intermediário
0.38357,0.38563,2004-09-06 14:13:00.0,Intermediário
0.38373,0.38579,2004-09-06 14:41:00.0,Intermediário
0.38387,0.38593,2004-09-06 15:00:00.0,Intermediário
0.38403,0.38609,2004-09-06 15:30:00.0,Intermediário
0.38371,0.38577,2004-09-06 16:00:00.0,Intermediário
0.38365,0.38571,2004-09-06 16:30:00.0,Fechamento Interbancário
0.38452,0.38527,2004-09-06 17:48:00.0,Fechamento
0.38243,0.38554,2004-09-08 09:55:00.0,Abertura
0.38316,0.38522,2004-09-08 10:00:00.0,Intermediário
0.3832,0.38525,2004-09-08 10:30:00.0,Intermediário
0.38302,0.38507,2004-09-08 11:00:00.0,Intermediário
0.38267,0.38472,2004-09-08 11:30:00.0,Intermediário
0.38474,0.38681,2004-09-08 12:23:00.0,Intermediário
0.38641,0.38848,2004-09-08 12:30:00.0,Intermediário
0.38643,0.38851,2004-09-08 13:00:00.0,Intermediário
0.38662,0.38869,2004-09-08 13:30:00.0,Intermediário
0.38666,0.38874,2004-09-08 14:00:00.0,Intermediário
0.38658,0.38866,2004-09-08 14:30:00.0,Intermediário
0.38637,0.38858,2004-09-08 15:00:00.0,Intermediário
0.3865,0.38857,2004-09-08 15:30:00.0,Intermediário
0.38698,0.38905,2004-09-08 16:00:00.0,Intermediário
0.38701,0.38896,2004-09-08 16:30:00.0,Fechamento Interbancário
0.38731,0.38807,2004-09-08 17:47:00.0,Fechamento
0.38666,0.38981,2004-09-09 09:41:00.0,Abertura
0.38729,0.38937,2004-09-09 10:00:00.0,Intermediário
0.38668,0.38875,2004-09-09 10:30:00.0,Intermediário
0.38674,0.38882,2004-09-09 11:00:00.0,Intermediário
0.38702,0.3891,2004-09-09 11:30:00.0,Intermediário
0.38752,0.38947,2004-09-09 12:00:00.0,Intermediário
0.38781,0.38976,2004-09-09 12:30:00.0,Intermediário
0.38852,0.39061,2004-09-09 13:08:00.0,Intermediário
0.38824,0.39032,2004-09-09 13:30:00.0,Intermediário
0.38791,0.38999,2004-09-09 14:00:00.0,Intermediário
0.38762,0.3897,2004-09-09 14:30:00.0,Intermediário
0.38737,0.38945,2004-09-09 15:00:00.0,Intermediário
0.38704,0.38912,2004-09-09 15:30:00.0,Intermediário
0.38718,0.38926,2004-09-09 16:00:00.0,Intermediário
0.38713,0.38921,2004-09-09 16:30:00.0,Fechamento Interbancário
0.38826,0.38901,2004-09-09 17:39:00.0,Fechamento
0.3896,0.39278,2004-09-10 09:52:00.0,Abertura
0.39086,0.39283,2004-09-10 10:00:00.0,Intermediário
0.39052,0.39248,2004-09-10 10:30:00.0,Intermediário
0.39028,0.39238,2004-09-10 11:00:00.0,Intermediário
0.39046,0.39256,2004-09-10 11:30:00.0,Intermediário
0.39106,0.39303,2004-09-10 12:00:00.0,Intermediário
0.39053,0.39264,2004-09-10 12:30:00.0,Intermediário
0.3907,0.3928,2004-09-10 12:39:00.0,Intermediário
0.39102,0.39299,2004-09-10 13:00:00.0,Intermediário
0.39118,0.39315,2004-09-10 13:30:00.0,Intermediário
0.39106,0.39303,2004-09-10 14:00:00.0,Intermediário
0.39134,0.39331,2004-09-10 14:30:00.0,Intermediário
0.39014,0.39224,2004-09-10 15:00:00.0,Intermediário
0.39034,0.39244,2004-09-10 15:30:00.0,Intermediário
0.39012,0.39221,2004-09-10 16:00:00.0,Intermediário
0.39021,0.3923,2004-09-10 16:30:00.0,Fechamento Interbancário
0.3904,0.39116,2004-09-10 17:40:00.0,Fechamento
0.38885,0.39202,2004-09-13 09:55:00.0,Abertura
0.38977,0.39186,2004-09-13 10:00:00.0,Intermediário
0.38979,0.39175,2004-09-13 10:30:00.0,Intermediário
0.38968,0.39177,2004-09-13 11:00:00.0,Intermediário
0.39033,0.39243,2004-09-13 11:30:00.0,Intermediário
0.38978,0.39188,2004-09-13 12:00:00.0,Intermediário
0.38989,0.39199,2004-09-13 12:30:00.0,Intermediário
0.39019,0.39228,2004-09-13 13:09:00.0,Intermediário
0.39026,0.39236,2004-09-13 13:30:00.0,Intermediário
0.39026,0.39236,2004-09-13 14:00:00.0,Intermediário
0.3905,0.3926,2004-09-13 14:30:00.0,Intermediário
0.391,0.3931,2004-09-13 15:00:00.0,Intermediário
0.39107,0.39318,2004-09-13 15:30:00.0,Intermediário
0.39113,0.39323,2004-09-13 16:00:00.0,Intermediário
0.39139,0.39336,2004-09-13 16:30:00.0,Fechamento Interbancário
0.39136,0.39213,2004-09-13 17:38:00.0,Fechamento
0.39059,0.39378,2004-09-14 09:42:00.0,Abertura
0.39214,0.39438,2004-09-14 10:00:00.0,Intermediário
0.39135,0.39345,2004-09-14 10:30:00.0,Intermediário
0.39212,0.39422,2004-09-14 11:00:00.0,Intermediário
0.39207,0.39404,2004-09-14 11:30:00.0,Intermediário
0.3926,0.39457,2004-09-14 12:00:00.0,Intermediário
0.39235,0.39446,2004-09-14 12:30:00.0,Intermediário
0.3913,0.39327,2004-09-14 13:15:00.0,Intermediário
0.39154,0.3935,2004-09-14 13:30:00.0,Intermediário
0.39172,0.39369,2004-09-14 14:17:00.0,Intermediário
0.39151,0.39348,2004-09-14 14:30:00.0,Intermediário
0.39166,0.39377,2004-09-14 15:00:00.0,Intermediário
0.39122,0.39318,2004-09-14 15:30:00.0,Intermediário
0.39058,0.39281,2004-09-14 16:00:00.0,Intermediário
0.39056,0.39266,2004-09-14 16:30:00.0,Fechamento Interbancário
0.39144,0.3922,2004-09-14 17:41:00.0,Fechamento
0.38766,0.39082,2004-09-15 09:54:00.0,Abertura
0.38855,0.39064,2004-09-15 10:27:00.0,Intermediário
0.38785,0.38993,2004-09-15 10:33:00.0,Intermediário
0.38661,0.38868,2004-09-15 11:00:00.0,Intermediário
0.38602,0.38809,2004-09-15 11:30:00.0,Intermediário
0.38488,0.38695,2004-09-15 12:00:00.0,Intermediário
0.38522,0.38729,2004-09-15 12:30:00.0,Intermediário
0.3853,0.38737,2004-09-15 13:00:00.0,Intermediário
0.38555,0.38762,2004-09-15 13:30:00.0,Intermediário
0.38541,0.38747,2004-09-15 14:00:00.0,Intermediário
0.3855,0.38757,2004-09-15 14:30:00.0,Intermediário
0.38525,0.38732,2004-09-15 15:00:00.0,Intermediário
0.38463,0.38657,2004-09-15 15:30:00.0,Intermediário
0.38465,0.38672,2004-09-15 16:00:00.0,Intermediário
0.38508,0.38715,2004-09-15 16:30:00.0,Fechamento Interbancário
0.38611,0.38686,2004-09-15 17:46:00.0,Fechamento
0.3844,0.38753,2004-09-16 09:46:00.0,Abertura
0.384,0.38606,2004-09-16 10:00:00.0,Intermediário
0.38377,0.38583,2004-09-16 10:30:00.0,Intermediário
0.38343,0.38549,2004-09-16 11:00:00.0,Intermediário
0.38347,0.38553,2004-09-16 11:30:00.0,Intermediário
0.38418,0.38624,2004-09-16 12:00:00.0,Intermediário
0.38454,0.38661,2004-09-16 12:30:00.0,Intermediário
0.38485,0.38692,2004-09-16 13:00:00.0,Intermediário
0.38395,0.38601,2004-09-16 13:30:00.0,Intermediário
0.38464,0.3867,2004-09-16 14:00:00.0,Intermediário
0.38541,0.38748,2004-09-16 14:30:00.0,Intermediário
0.38462,0.38668,2004-09-16 15:00:00.0,Intermediário
0.38456,0.38662,2004-09-16 15:30:00.0,Intermediário
0.38455,0.38662,2004-09-16 16:00:00.0,Intermediário
0.38458,0.38664,2004-09-16 16:30:00.0,Fechamento Interbancário
0.38565,0.3864,2004-09-16 17:44:00.0,Fechamento
0.38473,0.38787,2004-09-17 09:34:00.0,Abertura
0.38509,0.38717,2004-09-17 10:00:00.0,Intermediário
0.38502,0.38709,2004-09-17 10:30:00.0,Intermediário
0.38529,0.38736,2004-09-17 11:00:00.0,Intermediário
0.38453,0.38659,2004-09-17 11:30:00.0,Intermediário
0.38402,0.38609,2004-09-17 12:00:00.0,Intermediário
0.38407,0.38613,2004-09-17 12:30:00.0,Intermediário
0.38381,0.38588,2004-09-17 13:00:00.0,Intermediário
0.38397,0.38603,2004-09-17 13:30:00.0,Intermediário
0.38401,0.38607,2004-09-17 14:00:00.0,Intermediário
0.38399,0.38605,2004-09-17 14:30:00.0,Intermediário
0.38395,0.38588,2004-09-17 15:00:00.0,Intermediário
0.3833,0.38537,2004-09-17 15:30:00.0,Intermediário
0.38322,0.38528,2004-09-17 16:00:00.0,Intermediário
0.38286,0.38492,2004-09-17 16:30:00.0,Fechamento Interbancário
0.38444,0.38519,2004-09-17 17:42:00.0,Fechamento
0.38104,0.38417,2004-09-20 09:57:00.0,Abertura
0.38169,0.38374,2004-09-20 10:00:00.0,Intermediário
0.38124,0.38342,2004-09-20 10:30:00.0,Intermediário
0.38313,0.38519,2004-09-20 11:00:00.0,Intermediário
0.38322,0.38528,2004-09-20 11:30:00.0,Intermediário
0.38359,0.38565,2004-09-20 12:00:00.0,Intermediário
0.38335,0.38555,2004-09-20 12:30:00.0,Intermediário
0.38305,0.38511,2004-09-20 13:00:00.0,Intermediário
0.38361,0.38567,2004-09-20 13:30:00.0,Intermediário
0.38333,0.3854,2004-09-20 14:00:00.0,Intermediário
0.38394,0.38601,2004-09-20 14:30:00.0,Intermediário
0.38383,0.38589,2004-09-20 15:00:00.0,Intermediário
0.38422,0.38629,2004-09-20 15:30:00.0,Intermediário
0.38496,0.38703,2004-09-20 16:00:00.0,Intermediário
0.38497,0.38704,2004-09-20 16:30:00.0,Fechamento Interbancário
0.38476,0.38551,2004-09-20 17:42:00.0,Fechamento
0.38801,0.39119,2004-09-21 09:53:00.0,Abertura
0.38823,0.39032,2004-09-21 10:00:00.0,Intermediário
0.38815,0.39024,2004-09-21 10:30:00.0,Intermediário
0.38817,0.39026,2004-09-21 11:00:00.0,Intermediário
0.38819,0.39028,2004-09-21 11:30:00.0,Intermediário
0.3882,0.39016,2004-09-21 12:00:00.0,Intermediário
0.38881,0.39091,2004-09-21 12:30:00.0,Intermediário
0.38864,0.39073,2004-09-21 13:00:00.0,Intermediário
0.38889,0.39098,2004-09-21 13:30:00.0,Intermediário
0.38879,0.39089,2004-09-21 14:00:00.0,Intermediário
0.38855,0.39065,2004-09-21 14:30:00.0,Intermediário
0.38937,0.39147,2004-09-21 15:00:00.0,Intermediário
0.39051,0.39262,2004-09-21 15:30:00.0,Intermediário
0.38943,0.39153,2004-09-21 16:00:00.0,Intermediário
0.38956,0.39166,2004-09-21 16:30:00.0,Fechamento Interbancário
0.39106,0.39183,2004-09-21 17:38:00.0,Fechamento
0.38463,0.38779,2004-09-22 09:59:00.0,Abertura
0.38604,0.38812,2004-09-22 10:00:00.0,Intermediário
0.38692,0.38887,2004-09-22 10:30:00.0,Intermediário
0.38754,0.38962,2004-09-22 11:00:00.0,Intermediário
0.38814,0.39037,2004-09-22 11:30:00.0,Intermediário
0.38754,0.38962,2004-09-22 12:00:00.0,Intermediário
0.38753,0.38962,2004-09-22 12:30:00.0,Intermediário
0.38777,0.38986,2004-09-22 13:08:00.0,Intermediário
0.38719,0.38928,2004-09-22 13:30:00.0,Intermediário
0.38732,0.38941,2004-09-22 14:00:00.0,Intermediário
0.38716,0.38925,2004-09-22 14:30:00.0,Intermediário
0.38864,0.39073,2004-09-22 15:00:00.0,Intermediário
0.38897,0.39106,2004-09-22 15:30:00.0,Intermediário
0.38891,0.391,2004-09-22 16:00:00.0,Intermediário
0.38872,0.39082,2004-09-22 16:30:00.0,Fechamento Interbancário
0.38783,0.38859,2004-09-22 17:49:00.0,Fechamento
0.38946,0.39265,2004-09-23 09:52:00.0,Abertura
0.39027,0.39224,2004-09-23 10:00:00.0,Intermediário
0.38969,0.39166,2004-09-23 10:30:00.0,Intermediário
0.38978,0.39188,2004-09-23 11:00:00.0,Intermediário
0.38977,0.39187,2004-09-23 11:30:00.0,Intermediário
0.38932,0.39142,2004-09-23 12:00:00.0,Intermediário
0.38934,0.39144,2004-09-23 12:30:00.0,Intermediário
0.38964,0.39174,2004-09-23 13:06:00.0,Intermediário
0.38969,0.39179,2004-09-23 13:30:00.0,Intermediário
0.39037,0.39247,2004-09-23 14:00:00.0,Intermediário
0.39059,0.3927,2004-09-23 14:30:00.0,Intermediário
0.39128,0.39339,2004-09-23 15:00:00.0,Intermediário
0.39062,0.39272,2004-09-23 15:30:00.0,Intermediário
0.39038,0.39248,2004-09-23 16:00:00.0,Intermediário
0.39058,0.39268,2004-09-23 16:30:00.0,Fechamento Interbancário
0.39011,0.39087,2004-09-23 17:41:00.0,Fechamento
0.39169,0.3949,2004-09-24 09:53:00.0,Abertura
0.3923,0.39442,2004-09-24 10:00:00.0,Intermediário
0.39169,0.39394,2004-09-24 10:30:00.0,Intermediário
0.391,0.3931,2004-09-24 11:00:00.0,Intermediário
0.38976,0.39186,2004-09-24 11:30:00.0,Intermediário
0.3884,0.39062,2004-09-24 12:00:00.0,Intermediário
0.38781,0.3899,2004-09-24 12:30:00.0,Intermediário
0.38721,0.3893,2004-09-24 13:00:00.0,Intermediário
0.3872,0.38929,2004-09-24 13:30:00.0,Intermediário
0.38742,0.3895,2004-09-24 14:00:00.0,Intermediário
0.38752,0.38961,2004-09-24 14:53:00.0,Intermediário
0.38841,0.3905,2004-09-24 15:00:00.0,Intermediário
0.38865,0.39074,2004-09-24 15:30:00.0,Intermediário
0.38792,0.39001,2004-09-24 16:00:00.0,Intermediário
0.38853,0.39062,2004-09-24 16:30:00.0,Fechamento Interbancário
0.38975,0.39051,2004-09-24 17:47:00.0,Fechamento
0.38814,0.39131,2004-09-27 09:53:00.0,Abertura
0.3888,0.39076,2004-09-27 10:00:00.0,Intermediário
0.38918,0.39128,2004-09-27 10:30:00.0,Intermediário
0.38864,0.39073,2004-09-27 11:00:00.0,Intermediário
0.38899,0.39108,2004-09-27 11:30:00.0,Intermediário
0.3895,0.39159,2004-09-27 12:00:00.0,Intermediário
0.38933,0.39129,2004-09-27 12:30:00.0,Intermediário
0.38912,0.39122,2004-09-27 13:00:00.0,Intermediário
0.38936,0.39146,2004-09-27 13:30:00.0,Intermediário
0.38896,0.39106,2004-09-27 14:00:00.0,Intermediário
0.38908,0.39118,2004-09-27 14:30:00.0,Intermediário
0.38814,0.39023,2004-09-27 15:00:00.0,Intermediário
0.38884,0.3908,2004-09-27 15:30:00.0,Intermediário
0.38883,0.39093,2004-09-27 16:00:00.0,Intermediário
0.38864,0.3906,2004-09-27 16:30:00.0,Fechamento Interbancário
0.38969,0.39046,2004-09-27 17:43:00.0,Fechamento
0.38969,0.39288,2004-09-28 09:54:00.0,Abertura
0.39047,0.39272,2004-09-28 10:00:00.0,Intermediário
0.38975,0.39185,2004-09-28 10:30:00.0,Intermediário
0.39016,0.39213,2004-09-28 11:00:00.0,Intermediário
0.38985,0.39195,2004-09-28 11:30:00.0,Intermediário
0.38838,0.39047,2004-09-28 12:00:00.0,Intermediário
0.38803,0.39012,2004-09-28 12:30:00.0,Intermediário
0.38781,0.38976,2004-09-28 13:00:00.0,Intermediário
0.38771,0.38967,2004-09-28 13:30:00.0,Intermediário
0.38805,0.39001,2004-09-28 14:00:00.0,Intermediário
0.38797,0.38992,2004-09-28 14:30:00.0,Intermediário
0.38801,0.3901,2004-09-28 15:01:00.0,Intermediário
0.38833,0.39029,2004-09-28 15:30:00.0,Intermediário
0.38848,0.39058,2004-09-28 16:00:00.0,Intermediário
0.38829,0.39025,2004-09-28 16:30:00.0,Fechamento Interbancário
0.38977,0.39054,2004-09-28 17:38:00.0,Fechamento
0.3873,0.39048,2004-09-29 09:43:00.0,Abertura
0.3888,0.39104,2004-09-29 10:00:00.0,Intermediário
0.38992,0.39202,2004-09-29 10:30:00.0,Intermediário
0.38966,0.39176,2004-09-29 11:00:00.0,Intermediário
0.38915,0.39125,2004-09-29 11:30:00.0,Intermediário
0.38893,0.39103,2004-09-29 12:00:00.0,Intermediário
0.38797,0.38993,2004-09-29 12:30:00.0,Intermediário
0.38665,0.38874,2004-09-29 13:00:00.0,Intermediário
0.38723,0.38932,2004-09-29 13:30:00.0,Intermediário
0.38738,0.38947,2004-09-29 14:00:00.0,Intermediário
0.38738,0.38947,2004-09-29 14:30:00.0,Intermediário
0.38684,0.38879,2004-09-29 15:00:00.0,Intermediário
0.38752,0.38961,2004-09-29 15:30:00.0,Intermediário
0.38731,0.3894,2004-09-29 16:00:00.0,Intermediário
0.38742,0.38951,2004-09-29 16:30:00.0,Fechamento Interbancário
0.38908,0.38985,2004-09-29 17:54:00.0,Fechamento
0.38852,0.39172,2004-09-30 09:56:00.0,Abertura
0.38947,0.39158,2004-09-30 10:00:00.0,Intermediário
0.39035,0.39246,2004-09-30 10:30:00.0,Intermediário
0.39008,0.39218,2004-09-30 11:00:00.0,Intermediário
0.39098,0.39309,2004-09-30 11:30:00.0,Intermediário
0.39196,0.39394,2004-09-30 12:00:00.0,Intermediário
0.39094,0.39291,2004-09-30 12:30:00.0,Intermediário
0.39175,0.39387,2004-09-30 13:00:00.0,Intermediário
0.39235,0.39446,2004-09-30 13:30:00.0,Intermediário
0.39232,0.39444,2004-09-30 14:00:00.0,Intermediário
0.39212,0.39424,2004-09-30 14:30:00.0,Intermediário
0.39149,0.3936,2004-09-30 15:00:00.0,Intermediário
0.39156,0.39367,2004-09-30 15:30:00.0,Intermediário
0.39179,0.39391,2004-09-30 16:00:00.0,Intermediário
0.39177,0.39388,2004-09-30 16:30:00.0,Fechamento Interbancário
0.39213,0.3929,2004-09-30 17:51:00.0,Fechamento
0.39099,0.3942,2004-10-01 09:46:00.0,Abertura
0.39214,0.39426,2004-10-01 10:00:00.0,Intermediário
0.39194,0.39392,2004-10-01 10:30:00.0,Intermediário
0.39169,0.39367,2004-10-01 11:00:00.0,Intermediário
0.3913,0.39341,2004-10-01 11:30:00.0,Intermediário
0.3906,0.39257,2004-10-01 12:00:00.0,Intermediário
0.3904,0.39251,2004-10-01 12:30:00.0,Intermediário
0.3892,0.39131,2004-10-01 13:00:00.0,Intermediário
0.38875,0.39085,2004-10-01 13:30:00.0,Intermediário
0.38872,0.39082,2004-10-01 14:00:00.0,Intermediário
0.38879,0.39089,2004-10-01 14:30:00.0,Intermediário
0.3891,0.3912,2004-10-01 15:00:00.0,Intermediário
0.38863,0.39073,2004-10-01 15:30:00.0,Intermediário
0.38925,0.39122,2004-10-01 16:00:00.0,Intermediário
0.38913,0.39123,2004-10-01 16:30:00.0,Fechamento Interbancário
0.39188,0.39266,2004-10-01 17:59:00.0,Fechamento
0.38369,0.38685,2004-10-04 09:55:00.0,Abertura
0.38442,0.3865,2004-10-04 10:00:00.0,Intermediário
0.38413,0.38621,2004-10-04 10:30:00.0,Intermediário
0.38336,0.38543,2004-10-04 11:00:00.0,Intermediário
0.38272,0.38479,2004-10-04 11:30:00.0,Intermediário
0.38164,0.3837,2004-10-04 12:00:00.0,Intermediário
0.38162,0.38368,2004-10-04 12:30:00.0,Intermediário
0.38182,0.38388,2004-10-04 13:00:00.0,Intermediário
0.38157,0.38363,2004-10-04 13:30:00.0,Intermediário
0.38179,0.38385,2004-10-04 14:00:00.0,Intermediário
0.38156,0.38362,2004-10-04 14:30:00.0,Intermediário
0.38227,0.38434,2004-10-04 15:00:00.0,Intermediário
0.38222,0.38428,2004-10-04 15:30:00.0,Intermediário
0.38227,0.38434,2004-10-04 16:00:00.0,Intermediário
0.38226,0.38433,2004-10-04 16:30:00.0,Fechamento Interbancário
0.3833,0.38405,2004-10-04 17:43:00.0,Fechamento
0.38357,0.38673,2004-10-05 09:53:00.0,Abertura
0.38449,0.38657,2004-10-05 10:00:00.0,Intermediário
0.38421,0.38629,2004-10-05 10:30:00.0,Intermediário
0.38325,0.38532,2004-10-05 11:00:00.0,Intermediário
0.38266,0.38459,2004-10-05 11:30:00.0,Intermediário
0.38327,0.38534,2004-10-05 12:00:00.0,Intermediário
0.38268,0.38475,2004-10-05 12:30:00.0,Intermediário
0.38326,0.38533,2004-10-05 13:00:00.0,Intermediário
0.38335,0.38542,2004-10-05 13:30:00.0,Intermediário
0.38315,0.38522,2004-10-05 14:00:00.0,Intermediário
0.38318,0.38525,2004-10-05 14:30:00.0,Intermediário
0.38316,0.38523,2004-10-05 15:00:00.0,Intermediário
0.38419,0.38627,2004-10-05 15:30:00.0,Intermediário
0.38456,0.38664,2004-10-05 16:00:00.0,Intermediário
0.38449,0.38657,2004-10-05 16:30:00.0,Fechamento Interbancário
0.38372,0.38448,2004-10-05 18:11:00.0,Fechamento
0.38298,0.38613,2004-10-06 09:47:00.0,Abertura
0.38406,0.38613,2004-10-06 10:00:00.0,Intermediário
0.38456,0.38663,2004-10-06 10:30:00.0,Intermediário
0.38395,0.38616,2004-10-06 11:00:00.0,Intermediário
0.38419,0.38626,2004-10-06 11:30:00.0,Intermediário
0.38469,0.38677,2004-10-06 12:00:00.0,Intermediário
0.38439,0.38646,2004-10-06 12:30:00.0,Intermediário
0.38506,0.38714,2004-10-06 13:00:00.0,Intermediário
0.38473,0.38681,2004-10-06 13:30:00.0,Intermediário
0.38467,0.38675,2004-10-06 14:00:00.0,Intermediário
0.3851,0.38718,2004-10-06 14:30:00.0,Intermediário
0.38532,0.3874,2004-10-06 15:00:00.0,Intermediário
0.38508,0.38716,2004-10-06 15:30:00.0,Intermediário
0.38507,0.38715,2004-10-06 16:00:00.0,Intermediário
0.38514,0.38722,2004-10-06 16:30:00.0,Fechamento Interbancário
0.38524,0.386,2004-10-06 17:52:00.0,Fechamento
0.38553,0.3887,2004-10-07 09:49:00.0,Abertura
0.38623,0.38817,2004-10-07 10:00:00.0,Intermediário
0.3867,0.38878,2004-10-07 10:30:00.0,Intermediário
0.38727,0.38936,2004-10-07 11:00:00.0,Intermediário
0.38724,0.38919,2004-10-07 11:30:00.0,Intermediário
0.38676,0.38884,2004-10-07 12:00:00.0,Intermediário
0.38705,0.389,2004-10-07 12:30:00.0,Intermediário
0.38653,0.38862,2004-10-07 13:00:00.0,Intermediário
0.38674,0.38883,2004-10-07 13:30:00.0,Intermediário
0.38663,0.38872,2004-10-07 14:00:00.0,Intermediário
0.38644,0.38852,2004-10-07 14:30:00.0,Intermediário
0.38612,0.3882,2004-10-07 15:00:00.0,Intermediário
0.38604,0.38813,2004-10-07 15:30:00.0,Intermediário
0.38639,0.38834,2004-10-07 16:00:00.0,Intermediário
0.38643,0.38851,2004-10-07 16:30:00.0,Fechamento Interbancário
0.38685,0.38761,2004-10-07 17:46:00.0,Fechamento
0.38577,0.38895,2004-10-08 09:48:00.0,Abertura
0.38654,0.38862,2004-10-08 10:00:00.0,Intermediário
0.38661,0.3887,2004-10-08 10:30:00.0,Intermediário
0.3861,0.38819,2004-10-08 11:00:00.0,Intermediário
0.38584,0.38792,2004-10-08 11:30:00.0,Intermediário
0.38581,0.38789,2004-10-08 12:00:00.0,Intermediário
0.38497,0.38705,2004-10-08 12:30:00.0,Intermediário
0.38452,0.3866,2004-10-08 13:00:00.0,Intermediário
0.38486,0.38694,2004-10-08 13:30:00.0,Intermediário
0.38456,0.38664,2004-10-08 14:00:00.0,Intermediário
0.38479,0.38687,2004-10-08 14:30:00.0,Intermediário
0.38566,0.38775,2004-10-08 15:00:00.0,Intermediário
0.38598,0.38807,2004-10-08 15:30:00.0,Intermediário
0.38604,0.38813,2004-10-08 16:00:00.0,Intermediário
0.38615,0.38824,2004-10-08 16:30:00.0,Fechamento Interbancário
0.38599,0.38675,2004-10-08 17:58:00.0,Fechamento
0.38576,0.38895,2004-10-11 09:56:00.0,Abertura
0.38703,0.38899,2004-10-11 10:00:00.0,Intermediário
0.38713,0.38909,2004-10-11 10:30:00.0,Intermediário
0.38459,0.38667,2004-10-11 11:00:00.0,Intermediário
0.38465,0.38673,2004-10-11 11:30:00.0,Intermediário
0.38547,0.38755,2004-10-11 12:00:00.0,Intermediário
0.38543,0.38752,2004-10-11 12:30:00.0,Intermediário
0.38529,0.38737,2004-10-11 13:00:00.0,Intermediário
0.38522,0.38731,2004-10-11 13:30:00.0,Intermediário
0.38496,0.38704,2004-10-11 14:00:00.0,Intermediário
0.38495,0.38703,2004-10-11 14:30:00.0,Intermediário
0.38523,0.38731,2004-10-11 15:00:00.0,Intermediário
0.38535,0.38744,2004-10-11 15:30:00.0,Intermediário
0.3846,0.38668,2004-10-11 16:00:00.0,Intermediário
0.3846,0.38668,2004-10-11 16:30:00.0,Fechamento Interbancário
0.38675,0.38751,2004-10-11 17:44:00.0,Fechamento
0.37937,0.3825,2004-10-13 09:54:00.0,Abertura
0.38094,0.38299,2004-10-13 10:00:00.0,Intermediário
0.38119,0.38325,2004-10-13 10:30:00.0,Intermediário
0.38153,0.38359,2004-10-13 11:00:00.0,Intermediário
0.38274,0.38481,2004-10-13 11:30:00.0,Intermediário
0.38305,0.38512,2004-10-13 12:00:00.0,Intermediário
0.38276,0.38483,2004-10-13 12:30:00.0,Intermediário
0.38397,0.38604,2004-10-13 13:00:00.0,Intermediário
0.38403,0.3861,2004-10-13 13:30:00.0,Intermediário
0.3844,0.38647,2004-10-13 14:00:00.0,Intermediário
0.38433,0.38641,2004-10-13 14:30:00.0,Intermediário
0.38659,0.38867,2004-10-13 15:07:00.0,Intermediário
0.38631,0.3884,2004-10-13 15:30:00.0,Intermediário
0.3858,0.38788,2004-10-13 16:00:00.0,Intermediário
0.38588,0.38796,2004-10-13 16:30:00.0,Fechamento Interbancário
0.38624,0.387,2004-10-13 17:41:00.0,Fechamento
0.38634,0.38952,2004-10-14 09:52:00.0,Abertura
0.38798,0.39008,2004-10-14 10:00:00.0,Intermediário
0.38837,0.39046,2004-10-14 10:30:00.0,Intermediário
0.38681,0.3889,2004-10-14 11:00:00.0,Intermediário
0.38764,0.38973,2004-10-14 11:30:00.0,Intermediário
0.3884,0.3905,2004-10-14 12:00:00.0,Intermediário
0.38843,0.39053,2004-10-14 12:30:00.0,Intermediário
0.38931,0.39141,2004-10-14 13:00:00.0,Intermediário
0.38928,0.39138,2004-10-14 13:30:00.0,Intermediário
0.38902,0.39112,2004-10-14 14:00:00.0,Intermediário
0.38909,0.39119,2004-10-14 14:30:00.0,Intermediário
0.38964,0.39174,2004-10-14 15:00:00.0,Intermediário
0.39103,0.39314,2004-10-14 15:30:00.0,Intermediário
0.39067,0.39277,2004-10-14 16:00:00.0,Intermediário
0.39045,0.39256,2004-10-14 16:30:00.0,Fechamento Interbancário
0.38935,0.39011,2004-10-14 17:48:00.0,Fechamento
0.39258,0.39579,2004-10-15 09:51:00.0,Abertura
0.39214,0.39425,2004-10-15 10:00:00.0,Intermediário
0.39256,0.39468,2004-10-15 10:30:00.0,Intermediário
0.391,0.39311,2004-10-15 11:00:00.0,Intermediário
0.3908,0.39291,2004-10-15 11:30:00.0,Intermediário
0.39098,0.39323,2004-10-15 12:00:00.0,Intermediário
0.39107,0.39318,2004-10-15 12:30:00.0,Intermediário
0.39048,0.39258,2004-10-15 13:00:00.0,Intermediário
0.38977,0.39187,2004-10-15 13:30:00.0,Intermediário
0.38991,0.39202,2004-10-15 14:00:00.0,Intermediário
0.39001,0.39212,2004-10-15 14:30:00.0,Intermediário
0.39037,0.39248,2004-10-15 15:00:00.0,Intermediário
0.3914,0.39351,2004-10-15 15:30:00.0,Intermediário
0.39029,0.39239,2004-10-15 16:00:00.0,Intermediário
0.39054,0.39264,2004-10-15 16:30:00.0,Fechamento Interbancário
0.39131,0.39208,2004-10-15 17:43:00.0,Fechamento
0.38917,0.39237,2004-10-18 09:51:00.0,Abertura
0.39008,0.39205,2004-10-18 10:00:00.0,Intermediário
0.3914,0.39365,2004-10-18 10:30:00.0,Intermediário
0.39229,0.3944,2004-10-18 11:00:00.0,Intermediário
0.39257,0.39469,2004-10-18 11:30:00.0,Intermediário
0.39318,0.39531,2004-10-18 12:00:00.0,Intermediário
0.39309,0.39521,2004-10-18 12:30:00.0,Intermediário
0.39304,0.39517,2004-10-18 13:00:00.0,Intermediário
0.392,0.39412,2004-10-18 13:30:00.0,Intermediário
0.3922,0.39432,2004-10-18 14:00:00.0,Intermediário
0.39206,0.39418,2004-10-18 14:30:00.0,Intermediário
0.39179,0.39391,2004-10-18 15:00:00.0,Intermediário
0.3916,0.39372,2004-10-18 15:30:00.0,Intermediário
0.3924,0.39452,2004-10-18 16:00:00.0,Intermediário
0.39265,0.39477,2004-10-18 16:30:00.0,Fechamento Interbancário
0.39234,0.39311,2004-10-18 17:43:00.0,Fechamento
0.39234,0.39556,2004-10-19 09:54:00.0,Abertura
0.3931,0.39523,2004-10-19 10:00:00.0,Intermediário
0.39376,0.39589,2004-10-19 10:30:00.0,Intermediário
0.39326,0.39539,2004-10-19 11:00:00.0,Intermediário
0.39352,0.39564,2004-10-19 11:30:00.0,Intermediário
0.39399,0.39612,2004-10-19 12:00:00.0,Intermediário
0.39469,0.39682,2004-10-19 12:30:00.0,Intermediário
0.39467,0.3968,2004-10-19 13:23:00.0,Intermediário
0.39485,0.39698,2004-10-19 13:30:00.0,Intermediário
0.39528,0.39742,2004-10-19 14:00:00.0,Intermediário
0.39532,0.39745,2004-10-19 14:30:00.0,Intermediário
0.39634,0.39848,2004-10-19 15:00:00.0,Intermediário
0.3963,0.39844,2004-10-19 15:30:00.0,Intermediário
0.39587,0.39814,2004-10-19 16:00:00.0,Intermediário
0.39593,0.39807,2004-10-19 16:30:00.0,Fechamento Interbancário
0.39498,0.39576,2004-10-19 17:38:00.0,Fechamento
0.39869,0.40195,2004-10-20 09:54:00.0,Abertura
0.40039,0.40255,2004-10-20 10:00:00.0,Intermediário
0.39959,0.40175,2004-10-20 10:30:00.0,Intermediário
0.39931,0.40147,2004-10-20 11:00:00.0,Intermediário
0.39976,0.40191,2004-10-20 11:30:00.0,Intermediário
0.40111,0.40328,2004-10-20 12:00:00.0,Intermediário
0.40132,0.40335,2004-10-20 12:30:00.0,Intermediário
0.40138,0.40354,2004-10-20 13:00:00.0,Intermediário
0.40096,0.40312,2004-10-20 13:30:00.0,Intermediário
0.40056,0.40273,2004-10-20 14:00:00.0,Intermediário
0.40013,0.40229,2004-10-20 14:30:00.0,Intermediário
0.39813,0.40028,2004-10-20 15:00:00.0,Intermediário
0.39821,0.40037,2004-10-20 15:30:00.0,Intermediário
0.39804,0.40005,2004-10-20 16:01:00.0,Intermediário
0.39755,0.39969,2004-10-20 16:30:00.0,Fechamento Interbancário
0.39902,0.3998,2004-10-20 17:42:00.0,Fechamento
0.39491,0.39816,2004-10-21 09:55:00.0,Abertura
0.3953,0.39744,2004-10-21 10:00:00.0,Intermediário
0.39496,0.3971,2004-10-21 10:30:00.0,Intermediário
0.39563,0.39777,2004-10-21 11:00:00.0,Intermediário
0.39618,0.39819,2004-10-21 11:30:00.0,Intermediário
0.3948,0.39693,2004-10-21 12:00:00.0,Intermediário
0.39461,0.39689,2004-10-21 12:30:00.0,Intermediário
0.39445,0.39659,2004-10-21 13:00:00.0,Intermediário
0.39462,0.39676,2004-10-21 13:30:00.0,Intermediário
0.39493,0.39706,2004-10-21 14:00:00.0,Intermediário
0.39534,0.39748,2004-10-21 14:30:00.0,Intermediário
0.39587,0.39801,2004-10-21 15:00:00.0,Intermediário
0.3958,0.39794,2004-10-21 15:30:00.0,Intermediário
0.3958,0.39794,2004-10-21 16:00:00.0,Intermediário
0.3956,0.39774,2004-10-21 16:30:00.0,Fechamento Interbancário
0.39552,0.3963,2004-10-21 17:42:00.0,Fechamento
0.39224,0.39547,2004-10-22 09:55:00.0,Abertura
0.39315,0.39528,2004-10-22 10:00:00.0,Intermediário
0.39314,0.39527,2004-10-22 10:30:00.0,Intermediário
0.39383,0.39582,2004-10-22 11:00:00.0,Intermediário
0.39462,0.39676,2004-10-22 11:30:00.0,Intermediário
0.39536,0.3975,2004-10-22 12:00:00.0,Intermediário
0.39538,0.39752,2004-10-22 12:30:00.0,Intermediário
0.39562,0.39776,2004-10-22 13:00:00.0,Intermediário
0.39563,0.39777,2004-10-22 13:30:00.0,Intermediário
0.39532,0.39746,2004-10-22 14:00:00.0,Intermediário
0.39571,0.39785,2004-10-22 14:30:00.0,Intermediário
0.39698,0.39927,2004-10-22 15:00:00.0,Intermediário
0.39677,0.39891,2004-10-22 15:30:00.0,Intermediário
0.39812,0.40027,2004-10-22 16:00:00.0,Intermediário
0.39817,0.40033,2004-10-22 16:30:00.0,Fechamento Interbancário
0.39617,0.39695,2004-10-22 17:38:00.0,Fechamento
0.4043,0.40761,2004-10-25 09:34:00.0,Abertura
0.40373,0.40577,2004-10-25 10:00:00.0,Intermediário
0.40325,0.40543,2004-10-25 10:30:00.0,Intermediário
0.40506,0.40725,2004-10-25 11:00:00.0,Intermediário
0.40461,0.4068,2004-10-25 11:30:00.0,Intermediário
0.40438,0.40657,2004-10-25 12:00:00.0,Intermediário
0.40445,0.40664,2004-10-25 12:30:00.0,Intermediário
0.40519,0.40738,2004-10-25 13:00:00.0,Intermediário
0.405,0.40719,2004-10-25 13:30:00.0,Intermediário
0.40587,0.40806,2004-10-25 14:00:00.0,Intermediário
0.40571,0.40791,2004-10-25 14:30:00.0,Intermediário
0.40594,0.40814,2004-10-25 15:00:00.0,Intermediário
0.40614,0.40834,2004-10-25 15:30:00.0,Intermediário
0.40556,0.40776,2004-10-25 16:00:00.0,Intermediário
0.40562,0.40782,2004-10-25 16:30:00.0,Fechamento Interbancário
0.40611,0.40692,2004-10-25 17:50:00.0,Fechamento
0.40416,0.40748,2004-10-26 09:55:00.0,Abertura
0.40502,0.40722,2004-10-26 10:00:00.0,Intermediário
0.40533,0.40753,2004-10-26 10:30:00.0,Intermediário
0.40673,0.40893,2004-10-26 11:00:00.0,Intermediário
0.40519,0.40739,2004-10-26 11:30:00.0,Intermediário
0.40558,0.40777,2004-10-26 12:00:00.0,Intermediário
0.40436,0.40669,2004-10-26 12:30:00.0,Intermediário
0.40485,0.4069,2004-10-26 13:00:00.0,Intermediário
0.40435,0.4064,2004-10-26 13:30:00.0,Intermediário
0.40442,0.40647,2004-10-26 14:00:00.0,Intermediário
0.40498,0.40704,2004-10-26 14:30:00.0,Intermediário
0.405,0.40705,2004-10-26 15:00:00.0,Intermediário
0.40483,0.40702,2004-10-26 15:30:00.0,Intermediário
0.40388,0.40607,2004-10-26 16:00:00.0,Intermediário
0.40404,0.40623,2004-10-26 16:30:00.0,Fechamento Interbancário
0.40556,0.40637,2004-10-26 17:47:00.0,Fechamento
0.40395,0.40728,2004-10-27 09:56:00.0,Abertura
0.40485,0.40704,2004-10-27 10:00:00.0,Intermediário
0.40398,0.40617,2004-10-27 10:30:00.0,Intermediário
0.40489,0.40723,2004-10-27 11:00:00.0,Intermediário
0.40455,0.40674,2004-10-27 11:30:00.0,Intermediário
0.40418,0.40637,2004-10-27 12:00:00.0,Intermediário
0.40266,0.40484,2004-10-27 12:30:00.0,Intermediário
0.40228,0.40446,2004-10-27 13:00:00.0,Intermediário
0.40161,0.40379,2004-10-27 13:30:00.0,Intermediário
0.4019,0.40408,2004-10-27 14:00:00.0,Intermediário
0.40147,0.40365,2004-10-27 14:30:00.0,Intermediário
0.40104,0.40321,2004-10-27 15:00:00.0,Intermediário
0.40103,0.4032,2004-10-27 15:30:00.0,Intermediário
0.40165,0.40382,2004-10-27 16:00:00.0,Intermediário
0.40145,0.40349,2004-10-27 16:30:00.0,Fechamento Interbancário
0.40159,0.40239,2004-10-27 17:46:00.0,Fechamento
0.40158,0.40488,2004-10-28 09:56:00.0,Abertura
0.40271,0.40475,2004-10-28 10:00:00.0,Intermediário
0.40378,0.40611,2004-10-28 10:30:00.0,Intermediário
0.40348,0.40567,2004-10-28 11:00:00.0,Intermediário
0.40275,0.40494,2004-10-28 11:30:00.0,Intermediário
0.4018,0.40398,2004-10-28 12:00:00.0,Intermediário
0.40226,0.40444,2004-10-28 12:30:00.0,Intermediário
0.40349,0.40553,2004-10-28 13:00:00.0,Intermediário
0.40339,0.40543,2004-10-28 13:30:00.0,Intermediário
0.40325,0.4053,2004-10-28 14:00:00.0,Intermediário
0.40316,0.4052,2004-10-28 14:30:00.0,Intermediário
0.40253,0.40471,2004-10-28 15:00:00.0,Intermediário
0.40293,0.40511,2004-10-28 15:30:00.0,Intermediário
0.40256,0.4046,2004-10-28 16:07:00.0,Intermediário
0.40299,0.40518,2004-10-28 16:30:00.0,Fechamento Interbancário
0.40313,0.40393,2004-10-28 17:55:00.0,Fechamento
0.4008,0.4041,2004-10-29 09:49:00.0,Abertura
0.40128,0.40346,2004-10-29 10:00:00.0,Intermediário
0.40133,0.40351,2004-10-29 10:30:00.0,Intermediário
0.40131,0.40348,2004-10-29 11:00:00.0,Intermediário
0.4012,0.40337,2004-10-29 11:30:00.0,Intermediário
0.40041,0.40258,2004-10-29 12:00:00.0,Intermediário
0.40177,0.40395,2004-10-29 12:30:00.0,Intermediário
0.40093,0.40297,2004-10-29 13:00:00.0,Intermediário
0.40111,0.40314,2004-10-29 13:30:00.0,Intermediário
0.40129,0.40332,2004-10-29 14:00:00.0,Intermediário
0.40177,0.4038,2004-10-29 14:30:00.0,Intermediário
0.4026,0.40478,2004-10-29 15:00:00.0,Intermediário
0.40244,0.40462,2004-10-29 15:30:00.0,Intermediário
0.40218,0.40436,2004-10-29 16:00:00.0,Intermediário
0.40294,0.40513,2004-10-29 16:30:00.0,Fechamento Interbancário
0.40269,0.40349,2004-10-29 18:26:00.0,Fechamento
0.40021,0.40351,2004-11-01 09:59:00.0,Abertura
0.40121,0.40339,2004-11-01 10:00:00.0,Intermediário
0.4022,0.40438,2004-11-01 10:30:00.0,Intermediário
0.40325,0.40544,2004-11-01 11:00:00.0,Intermediário
0.40225,0.40457,2004-11-01 11:30:00.0,Intermediário
0.40306,0.40524,2004-11-01 12:00:00.0,Intermediário
0.40301,0.40519,2004-11-01 12:30:00.0,Intermediário
0.40258,0.40476,2004-11-01 13:00:00.0,Intermediário
0.40204,0.40422,2004-11-01 13:30:00.0,Intermediário
0.40237,0.40455,2004-11-01 14:00:00.0,Intermediário
0.40269,0.40487,2004-11-01 14:30:00.0,Intermediário
0.40204,0.40422,2004-11-01 15:00:00.0,Intermediário
0.40158,0.4039,2004-11-01 15:30:00.0,Intermediário
0.40103,0.4032,2004-11-01 16:00:00.0,Intermediário
0.40068,0.40285,2004-11-01 16:30:00.0,Fechamento Interbancário
0.40215,0.40295,2004-11-01 17:43:00.0,Fechamento
0.39603,0.3993,2004-11-03 09:56:00.0,Abertura
0.39707,0.39923,2004-11-03 10:00:00.0,Intermediário
0.3989,0.40107,2004-11-03 10:33:00.0,Intermediário
0.39856,0.40072,2004-11-03 11:00:00.0,Intermediário
0.3992,0.40137,2004-11-03 11:30:00.0,Intermediário
0.39934,0.40151,2004-11-03 12:00:00.0,Intermediário
0.39854,0.40084,2004-11-03 12:30:00.0,Intermediário
0.3985,0.40066,2004-11-03 13:10:00.0,Intermediário
0.39833,0.40049,2004-11-03 13:40:00.0,Intermediário
0.39896,0.40112,2004-11-03 14:00:00.0,Intermediário
0.39872,0.40089,2004-11-03 14:30:00.0,Intermediário
0.39752,0.39968,2004-11-03 15:00:00.0,Intermediário
0.39754,0.3997,2004-11-03 15:30:00.0,Intermediário
0.39775,0.39991,2004-11-03 16:00:00.0,Intermediário
0.39814,0.4003,2004-11-03 16:30:00.0,Fechamento Interbancário
0.39969,0.40049,2004-11-03 17:42:00.0,Fechamento
0.39889,0.40219,2004-11-04 09:56:00.0,Abertura
0.40009,0.40226,2004-11-04 10:00:00.0,Intermediário
0.4005,0.40268,2004-11-04 10:30:00.0,Intermediário
0.39955,0.40172,2004-11-04 11:00:00.0,Intermediário
0.3992,0.40137,2004-11-04 11:30:00.0,Intermediário
0.39866,0.40083,2004-11-04 12:00:00.0,Intermediário
0.39916,0.40133,2004-11-04 12:30:00.0,Intermediário
0.39841,0.40072,2004-11-04 13:00:00.0,Intermediário
0.39821,0.40038,2004-11-04 13:30:00.0,Intermediário
0.39821,0.40038,2004-11-04 14:13:00.0,Intermediário
0.39891,0.40108,2004-11-04 14:30:00.0,Intermediário
0.39747,0.39963,2004-11-04 15:00:00.0,Intermediário
0.3978,0.39996,2004-11-04 15:30:00.0,Intermediário
0.39812,0.40028,2004-11-04 16:00:00.0,Intermediário
0.39764,0.3998,2004-11-04 16:30:00.0,Fechamento Interbancário
0.39824,0.39903,2004-11-04 17:42:00.0,Fechamento
0.39669,0.39998,2004-11-05 09:57:00.0,Abertura
0.39771,0.39987,2004-11-05 10:00:00.0,Intermediário
0.39821,0.40038,2004-11-05 10:30:00.0,Intermediário
0.39764,0.3998,2004-11-05 11:00:00.0,Intermediário
0.39578,0.39793,2004-11-05 11:35:00.0,Intermediário
0.39615,0.39844,2004-11-05 12:06:00.0,Intermediário
0.39816,0.40032,2004-11-05 12:30:00.0,Intermediário
0.39825,0.40041,2004-11-05 13:05:00.0,Intermediário
0.39832,0.40048,2004-11-05 13:30:00.0,Intermediário
0.39938,0.40155,2004-11-05 14:00:00.0,Intermediário
0.40018,0.40235,2004-11-05 14:30:00.0,Intermediário
0.40028,0.40246,2004-11-05 15:00:00.0,Intermediário
0.39872,0.40103,2004-11-05 15:30:00.0,Intermediário
0.39961,0.40178,2004-11-05 16:00:00.0,Intermediário
0.4,0.40217,2004-11-05 16:30:00.0,Fechamento Interbancário
0.40096,0.40176,2004-11-05 17:45:00.0,Fechamento
0.40025,0.40357,2004-11-08 09:55:00.0,Abertura
0.4007,0.40288,2004-11-08 10:00:00.0,Intermediário
0.40034,0.40252,2004-11-08 10:30:00.0,Intermediário
0.40096,0.40314,2004-11-08 11:00:00.0,Intermediário
0.40093,0.40296,2004-11-08 11:30:00.0,Intermediário
0.4011,0.40328,2004-11-08 12:00:00.0,Intermediário
0.40062,0.4028,2004-11-08 12:30:00.0,Intermediário
0.40132,0.40336,2004-11-08 13:00:00.0,Intermediário
0.40162,0.4038,2004-11-08 13:30:00.0,Intermediário
0.40209,0.40427,2004-11-08 14:00:00.0,Intermediário
0.40243,0.40462,2004-11-08 14:30:00.0,Intermediário
0.40238,0.40457,2004-11-08 15:00:00.0,Intermediário
0.4017,0.40374,2004-11-08 15:30:00.0,Intermediário
0.40194,0.40398,2004-11-08 16:00:00.0,Intermediário
0.40176,0.40394,2004-11-08 16:30:00.0,Fechamento Interbancário
0.40101,0.4018,2004-11-08 17:41:00.0,Fechamento
0.39913,0.40243,2004-11-09 09:54:00.0,Abertura
0.40001,0.40218,2004-11-09 10:00:00.0,Intermediário
0.39933,0.40149,2004-11-09 10:30:00.0,Intermediário
0.39889,0.40106,2004-11-09 11:00:00.0,Intermediário
0.39949,0.40166,2004-11-09 11:30:00.0,Intermediário
0.39887,0.40104,2004-11-09 12:00:00.0,Intermediário
0.39866,0.40082,2004-11-09 12:30:00.0,Intermediário
0.39982,0.402,2004-11-09 13:00:00.0,Intermediário
0.39994,0.40211,2004-11-09 13:30:00.0,Intermediário
0.39986,0.40204,2004-11-09 14:00:00.0,Intermediário
0.40065,0.40283,2004-11-09 14:30:00.0,Intermediário
0.40045,0.40262,2004-11-09 15:00:00.0,Intermediário
0.39984,0.40201,2004-11-09 15:30:00.0,Intermediário
0.40005,0.40222,2004-11-09 16:00:00.0,Intermediário
0.39968,0.40171,2004-11-09 16:30:00.0,Fechamento Interbancário
0.40005,0.40085,2004-11-09 17:41:00.0,Fechamento
0.40099,0.40432,2004-11-10 09:59:00.0,Abertura
0.4018,0.40398,2004-11-10 10:00:00.0,Intermediário
0.40228,0.40447,2004-11-10 10:30:00.0,Intermediário
0.40243,0.40447,2004-11-10 11:00:00.0,Intermediário
0.40201,0.40419,2004-11-10 11:36:00.0,Intermediário
0.40187,0.40391,2004-11-10 12:00:00.0,Intermediário
0.40088,0.40292,2004-11-10 12:30:00.0,Intermediário
0.40034,0.40251,2004-11-10 13:00:00.0,Intermediário
0.3993,0.40147,2004-11-10 13:30:00.0,Intermediário
0.40111,0.40329,2004-11-10 14:00:00.0,Intermediário
0.40122,0.40341,2004-11-10 14:30:00.0,Intermediário
0.40112,0.40316,2004-11-10 15:00:00.0,Intermediário
0.40095,0.40313,2004-11-10 15:30:00.0,Intermediário
0.40061,0.40265,2004-11-10 16:00:00.0,Intermediário
0.40061,0.40264,2004-11-10 16:30:00.0,Fechamento Interbancário
0.40132,0.40213,2004-11-10 17:41:00.0,Fechamento
0.39966,0.40297,2004-11-11 09:50:00.0,Abertura
0.40066,0.40269,2004-11-11 10:00:00.0,Intermediário
0.40098,0.40302,2004-11-11 10:30:00.0,Intermediário
0.4018,0.40384,2004-11-11 11:00:00.0,Intermediário
0.40181,0.404,2004-11-11 11:30:00.0,Intermediário
0.40332,0.40552,2004-11-11 12:00:00.0,Intermediário
0.40324,0.40543,2004-11-11 12:30:00.0,Intermediário
0.40272,0.40491,2004-11-11 13:00:00.0,Intermediário
0.40318,0.40537,2004-11-11 13:30:00.0,Intermediário
0.4025,0.40469,2004-11-11 14:00:00.0,Intermediário
0.40257,0.40476,2004-11-11 14:30:00.0,Intermediário
0.40268,0.40488,2004-11-11 15:00:00.0,Intermediário
0.40233,0.40452,2004-11-11 15:30:00.0,Intermediário
0.40295,0.40514,2004-11-11 16:00:00.0,Intermediário
0.40321,0.40541,2004-11-11 16:30:00.0,Fechamento Interbancário
0.40355,0.40436,2004-11-11 17:39:00.0,Fechamento
0.40239,0.40574,2004-11-12 09:55:00.0,Abertura
0.40305,0.40524,2004-11-12 10:00:00.0,Intermediário
0.40328,0.40548,2004-11-12 10:30:00.0,Intermediário
0.40321,0.40541,2004-11-12 11:00:00.0,Intermediário
0.40296,0.40501,2004-11-12 11:36:00.0,Intermediário
0.40267,0.40486,2004-11-12 12:00:00.0,Intermediário
0.40284,0.40489,2004-11-12 12:30:00.0,Intermediário
0.40267,0.40487,2004-11-12 13:00:00.0,Intermediário
0.40309,0.40529,2004-11-12 13:30:00.0,Intermediário
0.40363,0.40583,2004-11-12 14:00:00.0,Intermediário
0.40448,0.40668,2004-11-12 14:30:00.0,Intermediário
0.40233,0.40452,2004-11-12 15:00:00.0,Intermediário
0.40238,0.40458,2004-11-12 15:30:00.0,Intermediário
0.40216,0.40436,2004-11-12 16:00:00.0,Intermediário
0.40257,0.40476,2004-11-12 16:30:00.0,Fechamento Interbancário
0.4043,0.40511,2004-11-12 17:49:00.0,Fechamento
0.4017,0.40505,2004-11-16 09:57:00.0,Abertura
0.40257,0.40476,2004-11-16 10:00:00.0,Intermediário
0.40265,0.40484,2004-11-16 10:30:00.0,Intermediário
0.40222,0.40442,2004-11-16 11:00:00.0,Intermediário
0.40287,0.40492,2004-11-16 11:34:00.0,Intermediário
0.40299,0.40518,2004-11-16 12:00:00.0,Intermediário
0.40185,0.40404,2004-11-16 12:30:00.0,Intermediário
0.40177,0.40382,2004-11-16 13:00:00.0,Intermediário
0.40216,0.40421,2004-11-16 13:30:00.0,Intermediário
0.40249,0.40455,2004-11-16 14:00:00.0,Intermediário
0.40231,0.40436,2004-11-16 14:44:00.0,Intermediário
0.40167,0.40386,2004-11-16 15:00:00.0,Intermediário
0.40241,0.4046,2004-11-16 15:30:00.0,Intermediário
0.40224,0.40443,2004-11-16 16:00:00.0,Intermediário
0.402,0.40405,2004-11-16 16:30:00.0,Fechamento Interbancário
0.40274,0.40356,2004-11-16 17:38:00.0,Fechamento
0.40219,0.40555,2004-11-17 09:37:00.0,Abertura
0.40262,0.40482,2004-11-17 10:00:00.0,Intermediário
0.40268,0.40488,2004-11-17 10:30:00.0,Intermediário
0.403,0.4052,2004-11-17 11:00:00.0,Intermediário
0.40251,0.40471,2004-11-17 11:30:00.0,Intermediário
0.40115,0.40335,2004-11-17 12:00:00.0,Intermediário
0.40077,0.40296,2004-11-17 12:30:00.0,Intermediário
0.40094,0.40313,2004-11-17 13:00:00.0,Intermediário
0.4003,0.40249,2004-11-17 13:30:00.0,Intermediário
0.40021,0.4024,2004-11-17 14:00:00.0,Intermediário
0.40076,0.40295,2004-11-17 14:30:00.0,Intermediário
0.40015,0.40233,2004-11-17 15:00:00.0,Intermediário
0.39938,0.40156,2004-11-17 15:30:00.0,Intermediário
0.39968,0.40187,2004-11-17 16:00:00.0,Intermediário
0.39981,0.402,2004-11-17 16:30:00.0,Fechamento Interbancário
0.40121,0.40202,2004-11-17 17:45:00.0,Fechamento
0.39823,0.40157,2004-11-18 09:54:00.0,Abertura
0.39943,0.40162,2004-11-18 10:00:00.0,Intermediário
0.399,0.40118,2004-11-18 10:30:00.0,Intermediário
0.3999,0.40208,2004-11-18 11:00:00.0,Intermediário
0.39936,0.40155,2004-11-18 11:30:00.0,Intermediário
0.39964,0.40182,2004-11-18 12:00:00.0,Intermediário
0.40022,0.4024,2004-11-18 12:30:00.0,Intermediário
0.39907,0.4014,2004-11-18 13:00:00.0,Intermediário
0.39862,0.4008,2004-11-18 13:30:00.0,Intermediário
0.39836,0.40054,2004-11-18 14:00:00.0,Intermediário
0.39789,0.40007,2004-11-18 14:30:00.0,Intermediário
0.3994,0.40173,2004-11-18 15:00:00.0,Intermediário
0.39893,0.40111,2004-11-18 15:30:00.0,Intermediário
0.40018,0.40237,2004-11-18 16:00:00.0,Intermediário
0.4004,0.40244,2004-11-18 16:30:00.0,Fechamento Interbancário
0.39834,0.39914,2004-11-18 17:43:00.0,Fechamento
0.39943,0.40278,2004-11-19 09:57:00.0,Abertura
0.40056,0.40275,2004-11-19 10:00:00.0,Intermediário
0.4001,0.40229,2004-11-19 10:30:00.0,Intermediário
0.39996,0.40214,2004-11-19 11:00:00.0,Intermediário
0.40004,0.40223,2004-11-19 11:30:00.0,Intermediário
0.40014,0.40233,2004-11-19 12:00:00.0,Intermediário
0.39977,0.40196,2004-11-19 12:30:00.0,Intermediário
0.40071,0.4029,2004-11-19 13:09:00.0,Intermediário
0.40109,0.40328,2004-11-19 13:30:00.0,Intermediário
0.40177,0.40397,2004-11-19 14:00:00.0,Intermediário
0.40174,0.40394,2004-11-19 14:33:00.0,Intermediário
0.40364,0.40599,2004-11-19 15:00:00.0,Intermediário
0.4039,0.4061,2004-11-19 15:30:00.0,Intermediário
0.40495,0.40716,2004-11-19 16:00:00.0,Intermediário
0.40428,0.40649,2004-11-19 16:30:00.0,Fechamento Interbancário
0.4013,0.40211,2004-11-19 17:45:00.0,Fechamento
0.40107,0.40443,2004-11-22 09:55:00.0,Abertura
0.40163,0.40382,2004-11-22 10:00:00.0,Intermediário
0.40254,0.40489,2004-11-22 10:30:00.0,Intermediário
0.40173,0.40378,2004-11-22 11:00:00.0,Intermediário
0.40099,0.40318,2004-11-22 11:30:00.0,Intermediário
0.40031,0.4025,2004-11-22 12:00:00.0,Intermediário
0.40071,0.4029,2004-11-22 12:30:00.0,Intermediário
0.4008,0.40299,2004-11-22 13:00:00.0,Intermediário
0.401,0.40319,2004-11-22 13:30:00.0,Intermediário
0.40118,0.40337,2004-11-22 14:00:00.0,Intermediário
0.40122,0.40342,2004-11-22 14:30:00.0,Intermediário
0.40065,0.40284,2004-11-22 15:00:00.0,Intermediário
0.4,0.40219,2004-11-22 15:30:00.0,Intermediário
0.40017,0.40236,2004-11-22 16:00:00.0,Intermediário
0.39946,0.4015,2004-11-22 16:30:00.0,Fechamento Interbancário
0.40143,0.40224,2004-11-22 18:18:00.0,Fechamento
0.39739,0.40073,2004-11-23 09:45:00.0,Abertura
0.39832,0.40064,2004-11-23 10:00:00.0,Intermediário
0.39977,0.40196,2004-11-23 10:30:00.0,Intermediário
0.39946,0.40151,2004-11-23 11:00:00.0,Intermediário
0.39943,0.40162,2004-11-23 11:30:00.0,Intermediário
0.39896,0.401,2004-11-23 12:00:00.0,Intermediário
0.39967,0.40186,2004-11-23 12:30:00.0,Intermediário
0.40005,0.40224,2004-11-23 13:00:00.0,Intermediário
0.39996,0.40215,2004-11-23 13:30:00.0,Intermediário
0.40031,0.4025,2004-11-23 14:00:00.0,Intermediário
0.4,0.40219,2004-11-23 14:30:00.0,Intermediário
0.40041,0.4026,2004-11-23 15:00:00.0,Intermediário
0.40105,0.40324,2004-11-23 15:30:00.0,Intermediário
0.39965,0.40169,2004-11-23 16:00:00.0,Intermediário
0.39937,0.40155,2004-11-23 16:30:00.0,Fechamento Interbancário
0.39964,0.40045,2004-11-23 17:45:00.0,Fechamento
0.40089,0.40427,2004-11-24 09:42:00.0,Abertura
0.40145,0.40365,2004-11-24 10:00:00.0,Intermediário
0.40162,0.40383,2004-11-24 10:30:00.0,Intermediário
0.40175,0.40395,2004-11-24 11:00:00.0,Intermediário
0.40558,0.40781,2004-11-24 11:30:00.0,Intermediário
0.40519,0.40741,2004-11-24 12:00:00.0,Intermediário
0.40485,0.40707,2004-11-24 12:30:00.0,Intermediário
0.40375,0.40611,2004-11-24 13:00:00.0,Intermediário
0.40353,0.40559,2004-11-24 13:30:00.0,Intermediário
0.40432,0.40638,2004-11-24 14:00:00.0,Intermediário
0.40398,0.40604,2004-11-24 14:30:00.0,Intermediário
0.40344,0.40565,2004-11-24 15:00:00.0,Intermediário
0.4045,0.40672,2004-11-24 15:30:00.0,Intermediário
0.40487,0.40709,2004-11-24 16:00:00.0,Intermediário
0.40511,0.40718,2004-11-24 16:30:00.0,Fechamento Interbancário
0.40473,0.40555,2004-11-24 17:39:00.0,Fechamento
0.40642,0.40983,2004-11-25 09:40:00.0,Abertura
0.40637,0.4086,2004-11-25 10:00:00.0,Intermediário
0.4063,0.40838,2004-11-25 10:30:00.0,Intermediário
0.40568,0.4079,2004-11-25 11:00:00.0,Intermediário
0.40594,0.40817,2004-11-25 11:30:00.0,Intermediário
0.40592,0.40799,2004-11-25 12:00:00.0,Intermediário
0.40661,0.40869,2004-11-25 12:30:00.0,Intermediário
0.40733,0.40942,2004-11-25 13:00:00.0,Intermediário
0.40748,0.40972,2004-11-25 13:30:00.0,Intermediário
0.40769,0.40993,2004-11-25 14:00:00.0,Intermediário
0.40757,0.40981,2004-11-25 14:30:00.0,Intermediário
0.4063,0.40853,2004-11-25 15:00:00.0,Intermediário
0.40632,0.4084,2004-11-25 15:30:00.0,Intermediário
0.40607,0.40829,2004-11-25 16:00:00.0,Intermediário
0.40608,0.4083,2004-11-25 16:30:00.0,Fechamento Interbancário
0.40732,0.40815,2004-11-25 17:45:00.0,Fechamento
0.40349,0.40689,2004-11-26 09:50:00.0,Abertura
0.40493,0.40715,2004-11-26 10:00:00.0,Intermediário
0.40479,0.40701,2004-11-26 10:30:00.0,Intermediário
0.40518,0.4074,2004-11-26 11:00:00.0,Intermediário
0.40484,0.40706,2004-11-26 11:30:00.0,Intermediário
0.40452,0.40674,2004-11-26 12:00:00.0,Intermediário
0.40519,0.40741,2004-11-26 12:30:00.0,Intermediário
0.40525,0.40747,2004-11-26 13:00:00.0,Intermediário
0.40523,0.40746,2004-11-26 13:30:00.0,Intermediário
0.40588,0.40811,2004-11-26 14:00:00.0,Intermediário
0.40646,0.40869,2004-11-26 14:30:00.0,Intermediário
0.40559,0.40767,2004-11-26 15:00:00.0,Intermediário
0.40605,0.40813,2004-11-26 15:39:00.0,Intermediário
0.40603,0.40826,2004-11-26 16:00:00.0,Intermediário
0.40573,0.40796,2004-11-26 16:30:00.0,Fechamento Interbancário
0.40627,0.40709,2004-11-26 17:45:00.0,Fechamento
0.4045,0.40792,2004-11-29 09:58:00.0,Abertura
0.40579,0.40802,2004-11-29 10:00:00.0,Intermediário
0.40544,0.40767,2004-11-29 10:30:00.0,Intermediário
0.40546,0.40768,2004-11-29 11:08:00.0,Intermediário
0.40617,0.4084,2004-11-29 11:30:00.0,Intermediário
0.40619,0.40842,2004-11-29 12:06:00.0,Intermediário
0.40774,0.40998,2004-11-29 12:30:00.0,Intermediário
0.4077,0.40994,2004-11-29 13:00:00.0,Intermediário
0.40812,0.41021,2004-11-29 13:30:00.0,Intermediário
0.40865,0.41075,2004-11-29 14:00:00.0,Intermediário
0.40819,0.41028,2004-11-29 14:30:00.0,Intermediário
0.40797,0.4102,2004-11-29 15:04:00.0,Intermediário
0.41,0.41225,2004-11-29 15:30:00.0,Intermediário
0.40903,0.41128,2004-11-29 16:00:00.0,Intermediário
0.40861,0.41085,2004-11-29 16:30:00.0,Fechamento Interbancário
0.40766,0.40849,2004-11-29 17:44:00.0,Fechamento
0.40721,0.41064,2004-11-30 09:51:00.0,Abertura
0.40826,0.4105,2004-11-30 10:00:00.0,Intermediário
0.40755,0.40964,2004-11-30 10:30:00.0,Intermediário
0.40741,0.40949,2004-11-30 11:00:00.0,Intermediário
0.40594,0.40816,2004-11-30 11:31:00.0,Intermediário
0.40613,0.40821,2004-11-30 12:00:00.0,Intermediário
0.40594,0.40817,2004-11-30 12:30:00.0,Intermediário
0.40474,0.40696,2004-11-30 13:06:00.0,Intermediário
0.40504,0.40727,2004-11-30 13:30:00.0,Intermediário
0.40377,0.40599,2004-11-30 14:00:00.0,Intermediário
0.40361,0.40582,2004-11-30 14:30:00.0,Intermediário
0.40331,0.40553,2004-11-30 15:06:00.0,Intermediário
0.40321,0.40543,2004-11-30 15:30:00.0,Intermediário
0.40266,0.40487,2004-11-30 16:00:00.0,Intermediário
0.40304,0.40525,2004-11-30 16:30:00.0,Fechamento Interbancário
0.40498,0.40581,2004-11-30 18:08:00.0,Fechamento
0.402,0.40541,2004-12-01 09:56:00.0,Abertura
0.40287,0.40509,2004-12-01 10:00:00.0,Intermediário
0.40294,0.40516,2004-12-01 10:30:00.0,Intermediário
0.40241,0.40462,2004-12-01 11:00:00.0,Intermediário
0.40233,0.40454,2004-12-01 11:35:00.0,Intermediário
0.40294,0.40515,2004-12-01 12:06:00.0,Intermediário
0.40344,0.40566,2004-12-01 12:30:00.0,Intermediário
0.4033,0.40552,2004-12-01 13:00:00.0,Intermediário
0.40283,0.40504,2004-12-01 13:30:00.0,Intermediário
0.40242,0.40463,2004-12-01 14:00:00.0,Intermediário
0.40253,0.40474,2004-12-01 14:30:00.0,Intermediário
0.40188,0.40424,2004-12-01 15:00:00.0,Intermediário
0.40206,0.40427,2004-12-01 15:30:00.0,Intermediário
0.40223,0.40444,2004-12-01 16:00:00.0,Intermediário
0.40243,0.40465,2004-12-01 16:30:00.0,Fechamento Interbancário
0.40319,0.40401,2004-12-01 17:42:00.0,Fechamento
0.40113,0.40452,2004-12-02 09:49:00.0,Abertura
0.40191,0.40411,2004-12-02 10:00:00.0,Intermediário
0.40244,0.4048,2004-12-02 10:30:00.0,Intermediário
0.40247,0.40468,2004-12-02 11:00:00.0,Intermediário
0.40195,0.40416,2004-12-02 11:30:00.0,Intermediário
0.40294,0.40515,2004-12-02 12:00:00.0,Intermediário
0.40328,0.4055,2004-12-02 12:30:00.0,Intermediário
0.40415,0.40637,2004-12-02 13:00:00.0,Intermediário
0.40311,0.40517,2004-12-02 13:30:00.0,Intermediário
0.40087,0.40292,2004-12-02 14:16:00.0,Intermediário
0.40132,0.40337,2004-12-02 14:30:00.0,Intermediário
0.40224,0.40444,2004-12-02 15:07:00.0,Intermediário
0.40231,0.40451,2004-12-02 15:30:00.0,Intermediário
0.40255,0.40475,2004-12-02 16:00:00.0,Intermediário
0.40292,0.40498,2004-12-02 16:30:00.0,Fechamento Interbancário
0.4016,0.40241,2004-12-02 17:41:00.0,Fechamento
0.40245,0.40585,2004-12-03 09:57:00.0,Abertura
0.40383,0.40605,2004-12-03 10:00:00.0,Intermediário
0.40318,0.4054,2004-12-03 10:30:00.0,Intermediário
0.40366,0.40587,2004-12-03 11:00:00.0,Intermediário
0.40558,0.40781,2004-12-03 11:30:00.0,Intermediário
0.40207,0.40428,2004-12-03 12:06:00.0,Intermediário
0.40196,0.40447,2004-12-03 12:30:00.0,Intermediário
0.40341,0.40563,2004-12-03 13:00:00.0,Intermediário
0.40338,0.4056,2004-12-03 13:30:00.0,Intermediário
0.4047,0.40693,2004-12-03 14:00:00.0,Intermediário
0.40511,0.40733,2004-12-03 14:30:00.0,Intermediário
0.40374,0.40611,2004-12-03 15:07:00.0,Intermediário
0.40438,0.40661,2004-12-03 15:30:00.0,Intermediário
0.40629,0.40853,2004-12-03 16:00:00.0,Intermediário
0.40738,0.40962,2004-12-03 16:30:00.0,Fechamento Interbancário
0.40847,0.40931,2004-12-03 17:49:00.0,Fechamento
0.40579,0.40923,2004-12-06 09:57:00.0,Abertura
0.407,0.40925,2004-12-06 10:00:00.0,Intermediário
0.40705,0.40929,2004-12-06 10:30:00.0,Intermediário
0.40649,0.40873,2004-12-06 11:00:00.0,Intermediário
0.40946,0.41171,2004-12-06 11:31:00.0,Intermediário
0.40955,0.4118,2004-12-06 12:00:00.0,Intermediário
0.4097,0.41196,2004-12-06 12:30:00.0,Intermediário
0.41038,0.41264,2004-12-06 13:00:00.0,Intermediário
0.40942,0.41168,2004-12-06 13:30:00.0,Intermediário
0.40992,0.41217,2004-12-06 14:00:00.0,Intermediário
0.40933,0.41158,2004-12-06 14:30:00.0,Intermediário
0.40866,0.41091,2004-12-06 15:00:00.0,Intermediário
0.40854,0.41078,2004-12-06 15:30:00.0,Intermediário
0.4084,0.41064,2004-12-06 16:00:00.0,Intermediário
0.40825,0.41035,2004-12-06 16:30:00.0,Fechamento Interbancário
0.40841,0.40924,2004-12-06 17:38:00.0,Fechamento
0.40841,0.41187,2004-12-07 09:41:00.0,Abertura
0.40915,0.41155,2004-12-07 10:00:00.0,Intermediário
0.40903,0.41129,2004-12-07 10:30:00.0,Intermediário
0.40892,0.41117,2004-12-07 11:00:00.0,Intermediário
0.41037,0.41263,2004-12-07 11:30:00.0,Intermediário
0.41121,0.41347,2004-12-07 12:00:00.0,Intermediário
0.4125,0.41477,2004-12-07 12:36:00.0,Intermediário
0.41163,0.4139,2004-12-07 13:00:00.0,Intermediário
0.41103,0.41329,2004-12-07 13:30:00.0,Intermediário
0.41187,0.41413,2004-12-07 14:00:00.0,Intermediário
0.41184,0.41411,2004-12-07 14:30:00.0,Intermediário
0.41212,0.41438,2004-12-07 15:00:00.0,Intermediário
0.41166,0.41392,2004-12-07 15:30:00.0,Intermediário
0.41239,0.41465,2004-12-07 16:00:00.0,Intermediário
0.41245,0.41472,2004-12-07 16:30:00.0,Fechamento Interbancário
0.4107,0.41154,2004-12-07 17:37:00.0,Fechamento
0.40827,0.41169,2004-12-08 09:50:00.0,Abertura
0.40954,0.41178,2004-12-08 10:00:00.0,Intermediário
0.40924,0.41149,2004-12-08 10:30:00.0,Intermediário
0.40967,0.41191,2004-12-08 11:00:00.0,Intermediário
0.41007,0.41231,2004-12-08 11:30:00.0,Intermediário
0.40889,0.41113,2004-12-08 12:00:00.0,Intermediário
0.40773,0.40997,2004-12-08 12:30:00.0,Intermediário
0.40691,0.40914,2004-12-08 13:00:00.0,Intermediário
0.40781,0.41004,2004-12-08 13:30:00.0,Intermediário
0.40629,0.40851,2004-12-08 14:00:00.0,Intermediário
0.40618,0.40841,2004-12-08 14:30:00.0,Intermediário
0.40641,0.40863,2004-12-08 15:08:00.0,Intermediário
0.40753,0.40976,2004-12-08 15:30:00.0,Intermediário
0.40791,0.41014,2004-12-08 16:00:00.0,Intermediário
0.40755,0.40978,2004-12-08 16:30:00.0,Fechamento Interbancário
0.40934,0.41018,2004-12-08 17:38:00.0,Fechamento
0.40562,0.40902,2004-12-09 09:51:00.0,Abertura
0.40612,0.40834,2004-12-09 10:00:00.0,Intermediário
0.40581,0.40803,2004-12-09 10:30:00.0,Intermediário
0.40603,0.40825,2004-12-09 11:00:00.0,Intermediário
0.40792,0.4106,2004-12-09 11:35:00.0,Intermediário
0.40867,0.4109,2004-12-09 12:00:00.0,Intermediário
0.4092,0.41159,2004-12-09 12:30:00.0,Intermediário
0.41113,0.41338,2004-12-09 13:00:00.0,Intermediário
0.41049,0.41273,2004-12-09 13:30:00.0,Intermediário
0.40982,0.41206,2004-12-09 14:00:00.0,Intermediário
0.41028,0.41252,2004-12-09 14:30:00.0,Intermediário
0.40996,0.41221,2004-12-09 15:00:00.0,Intermediário
0.40959,0.41169,2004-12-09 15:30:00.0,Intermediário
0.40922,0.41146,2004-12-09 16:00:00.0,Intermediário
0.4101,0.41234,2004-12-09 16:30:00.0,Fechamento Interbancário
0.41032,0.41115,2004-12-09 17:44:00.0,Fechamento
0.40749,0.41088,2004-12-10 09:43:00.0,Abertura
0.40798,0.41035,2004-12-10 10:00:00.0,Intermediário
0.4068,0.40902,2004-12-10 10:30:00.0,Intermediário
0.40721,0.40943,2004-12-10 11:00:00.0,Intermediário
0.40693,0.40916,2004-12-10 11:30:00.0,Intermediário
0.40666,0.40888,2004-12-10 12:00:00.0,Intermediário
0.4064,0.40862,2004-12-10 12:30:00.0,Intermediário
0.40584,0.40791,2004-12-10 13:00:00.0,Intermediário
0.40726,0.40934,2004-12-10 13:30:00.0,Intermediário
0.40716,0.40924,2004-12-10 14:00:00.0,Intermediário
0.4071,0.40918,2004-12-10 14:30:00.0,Intermediário
0.40694,0.40917,2004-12-10 15:00:00.0,Intermediário
0.40755,0.40978,2004-12-10 15:30:00.0,Intermediário
0.40737,0.40945,2004-12-10 16:00:00.0,Intermediário
0.40711,0.40934,2004-12-10 16:30:00.0,Fechamento Interbancário
0.40979,0.41062,2004-12-10 17:40:00.0,Fechamento
0.40734,0.41076,2004-12-13 09:57:00.0,Abertura
0.40796,0.41019,2004-12-13 10:00:00.0,Intermediário
0.40829,0.41053,2004-12-13 10:30:00.0,Intermediário
0.40919,0.41143,2004-12-13 11:00:00.0,Intermediário
0.40934,0.41158,2004-12-13 11:30:00.0,Intermediário
0.40973,0.41197,2004-12-13 12:00:00.0,Intermediário
0.40973,0.41182,2004-12-13 12:30:00.0,Intermediário
0.40905,0.41129,2004-12-13 13:00:00.0,Intermediário
0.40942,0.41166,2004-12-13 13:30:00.0,Intermediário
0.41084,0.41309,2004-12-13 14:00:00.0,Intermediário
0.41058,0.41283,2004-12-13 14:30:00.0,Intermediário
0.40953,0.41162,2004-12-13 15:07:00.0,Intermediário
0.41026,0.41251,2004-12-13 15:30:00.0,Intermediário
0.40993,0.41218,2004-12-13 16:00:00.0,Intermediário
0.40992,0.41202,2004-12-13 16:30:00.0,Fechamento Interbancário
0.41131,0.41215,2004-12-13 17:54:00.0,Fechamento
0.40825,0.41169,2004-12-14 09:48:00.0,Abertura
0.40933,0.41158,2004-12-14 10:00:00.0,Intermediário
0.40886,0.4111,2004-12-14 10:30:00.0,Intermediário
0.40846,0.4107,2004-12-14 11:00:00.0,Intermediário
0.40888,0.41112,2004-12-14 11:30:00.0,Intermediário
0.40864,0.41088,2004-12-14 12:03:00.0,Intermediário
0.40813,0.41036,2004-12-14 12:30:00.0,Intermediário
0.40796,0.41005,2004-12-14 13:00:00.0,Intermediário
0.40775,0.40983,2004-12-14 13:30:00.0,Intermediário
0.40654,0.40862,2004-12-14 14:00:00.0,Intermediário
0.40667,0.40875,2004-12-14 14:30:00.0,Intermediário
0.40807,0.41031,2004-12-14 15:00:00.0,Intermediário
0.40782,0.41006,2004-12-14 15:30:00.0,Intermediário
0.40826,0.4105,2004-12-14 16:00:00.0,Intermediário
0.40836,0.4106,2004-12-14 16:30:00.0,Fechamento Interbancário
0.40838,0.40921,2004-12-14 17:42:00.0,Fechamento
0.40847,0.41191,2004-12-15 09:51:00.0,Abertura
0.40893,0.41117,2004-12-15 10:00:00.0,Intermediário
0.40948,0.41173,2004-12-15 10:30:00.0,Intermediário
0.40973,0.41212,2004-12-15 11:00:00.0,Intermediário
0.40873,0.41112,2004-12-15 11:30:00.0,Intermediário
0.40922,0.41147,2004-12-15 12:13:00.0,Intermediário
0.40942,0.41182,2004-12-15 12:30:00.0,Intermediário
0.40764,0.41003,2004-12-15 13:00:00.0,Intermediário
0.4076,0.40984,2004-12-15 13:30:00.0,Intermediário
0.40873,0.41097,2004-12-15 14:00:00.0,Intermediário
0.40908,0.41132,2004-12-15 14:30:00.0,Intermediário
0.4078,0.40989,2004-12-15 15:00:00.0,Intermediário
0.40784,0.41008,2004-12-15 15:30:00.0,Intermediário
0.40619,0.40827,2004-12-15 16:00:00.0,Intermediário
0.40597,0.40805,2004-12-15 16:30:00.0,Fechamento Interbancário
0.40999,0.41083,2004-12-15 17:38:00.0,Fechamento
0.40455,0.40798,2004-12-16 09:52:00.0,Abertura
0.40538,0.40761,2004-12-16 10:00:00.0,Intermediário
0.40608,0.40831,2004-12-16 10:30:00.0,Intermediário
0.40627,0.4085,2004-12-16 11:00:00.0,Intermediário
0.406,0.40823,2004-12-16 11:30:00.0,Intermediário
0.40526,0.40749,2004-12-16 12:00:00.0,Intermediário
0.404,0.40621,2004-12-16 12:33:00.0,Intermediário
0.40452,0.40674,2004-12-16 13:00:00.0,Intermediário
0.40409,0.40631,2004-12-16 13:30:00.0,Intermediário
0.40303,0.40525,2004-12-16 14:00:00.0,Intermediário
0.403,0.40521,2004-12-16 14:30:00.0,Intermediário
0.40361,0.40582,2004-12-16 15:06:00.0,Intermediário
0.40366,0.40602,2004-12-16 15:30:00.0,Intermediário
0.40332,0.40538,2004-12-16 16:00:00.0,Intermediário
0.40187,0.40407,2004-12-16 16:30:00.0,Fechamento Interbancário
0.40067,0.40149,2004-12-16 17:53:00.0,Fechamento
0.40192,0.40531,2004-12-17 09:51:00.0,Abertura
0.40215,0.40435,2004-12-17 10:00:00.0,Intermediário
0.40206,0.40426,2004-12-17 10:30:00.0,Intermediário
0.40194,0.404,2004-12-17 11:00:00.0,Intermediário
0.40194,0.40415,2004-12-17 11:30:00.0,Intermediário
0.4019,0.40411,2004-12-17 12:00:00.0,Intermediário
0.40127,0.40347,2004-12-17 12:30:00.0,Intermediário
0.40106,0.40326,2004-12-17 13:00:00.0,Intermediário
0.40108,0.40329,2004-12-17 13:30:00.0,Intermediário
0.40065,0.40285,2004-12-17 14:00:00.0,Intermediário
0.40106,0.40326,2004-12-17 14:30:00.0,Intermediário
0.40137,0.40358,2004-12-17 15:00:00.0,Intermediário
0.40091,0.40312,2004-12-17 15:30:00.0,Intermediário
0.40022,0.40242,2004-12-17 16:00:00.0,Intermediário
0.40027,0.40247,2004-12-17 16:30:00.0,Fechamento Interbancário
0.40238,0.4032,2004-12-17 17:41:00.0,Fechamento
0.40155,0.40495,2004-12-20 09:55:00.0,Abertura
0.40241,0.40462,2004-12-20 10:00:00.0,Intermediário
0.40187,0.40408,2004-12-20 10:30:00.0,Intermediário
0.40208,0.40429,2004-12-20 11:00:00.0,Intermediário
0.40256,0.40477,2004-12-20 11:30:00.0,Intermediário
0.40185,0.40406,2004-12-20 12:00:00.0,Intermediário
0.40175,0.40381,2004-12-20 12:30:00.0,Intermediário
0.40024,0.40259,2004-12-20 13:00:00.0,Intermediário
0.40069,0.4029,2004-12-20 13:30:00.0,Intermediário
0.40115,0.40336,2004-12-20 14:00:00.0,Intermediário
0.40095,0.40315,2004-12-20 14:30:00.0,Intermediário
0.40047,0.40268,2004-12-20 15:00:00.0,Intermediário
0.40087,0.40338,2004-12-20 15:30:00.0,Intermediário
0.39938,0.40173,2004-12-20 16:00:00.0,Intermediário
0.39935,0.40155,2004-12-20 16:30:00.0,Fechamento Interbancário
0.40192,0.40274,2004-12-20 17:38:00.0,Fechamento
0.39713,0.40052,2004-12-21 09:52:00.0,Abertura
0.39834,0.40053,2004-12-21 10:00:00.0,Intermediário
0.39938,0.40143,2004-12-21 10:30:00.0,Intermediário
0.39971,0.40191,2004-12-21 11:00:00.0,Intermediário
0.4001,0.4023,2004-12-21 11:30:00.0,Intermediário
0.40063,0.40269,2004-12-21 12:00:00.0,Intermediário
0.40078,0.40299,2004-12-21 12:30:00.0,Intermediário
0.39974,0.40194,2004-12-21 13:00:00.0,Intermediário
0.39956,0.40176,2004-12-21 13:30:00.0,Intermediário
0.39901,0.4012,2004-12-21 14:00:00.0,Intermediário
0.39896,0.40116,2004-12-21 14:30:00.0,Intermediário
0.39958,0.40178,2004-12-21 15:00:00.0,Intermediário
0.40042,0.40262,2004-12-21 15:30:00.0,Intermediário
0.40103,0.40323,2004-12-21 16:00:00.0,Intermediário
0.40076,0.40297,2004-12-21 16:30:00.0,Fechamento Interbancário
0.39931,0.40012,2004-12-21 17:39:00.0,Fechamento
0.39924,0.40262,2004-12-22 10:01:00.0,Abertura
0.39944,0.40163,2004-12-22 10:20:00.0,Intermediário
0.39933,0.40152,2004-12-22 10:30:00.0,Intermediário
0.39921,0.40125,2004-12-22 11:00:00.0,Intermediário
0.39823,0.40042,2004-12-22 11:30:00.0,Intermediário
0.39865,0.40084,2004-12-22 12:00:00.0,Intermediário
0.39895,0.40115,2004-12-22 12:30:00.0,Intermediário
0.40007,0.40242,2004-12-22 13:00:00.0,Intermediário
0.40004,0.40239,2004-12-22 13:30:00.0,Intermediário
0.39984,0.40218,2004-12-22 14:00:00.0,Intermediário
0.39972,0.40206,2004-12-22 14:30:00.0,Intermediário
0.40046,0.40266,2004-12-22 15:00:00.0,Intermediário
0.39986,0.40191,2004-12-22 15:30:00.0,Intermediário
0.4002,0.40225,2004-12-22 16:00:00.0,Intermediário
0.40022,0.40242,2004-12-22 16:30:00.0,Fechamento Interbancário
0.40001,0.40082,2004-12-22 17:42:00.0,Fechamento
0.39955,0.40295,2004-12-23 09:49:00.0,Abertura
0.40121,0.40342,2004-12-23 10:00:00.0,Intermediário
0.40283,0.40505,2004-12-23 10:30:00.0,Intermediário
0.40364,0.40586,2004-12-23 11:00:00.0,Intermediário
0.40331,0.40552,2004-12-23 11:30:00.0,Intermediário
0.40299,0.40505,2004-12-23 12:00:00.0,Intermediário
0.4036,0.40567,2004-12-23 12:30:00.0,Intermediário
0.40257,0.40478,2004-12-23 13:00:00.0,Intermediário
0.40266,0.40488,2004-12-23 13:30:00.0,Intermediário
0.40286,0.40508,2004-12-23 14:00:00.0,Intermediário
0.40302,0.40524,2004-12-23 14:30:00.0,Intermediário
0.402,0.40406,2004-12-23 15:00:00.0,Intermediário
0.40175,0.40396,2004-12-23 15:30:00.0,Intermediário
0.40203,0.40425,2004-12-23 16:00:00.0,Intermediário
0.40236,0.40458,2004-12-23 16:30:00.0,Fechamento Interbancário
0.40385,0.40468,2004-12-23 17:39:00.0,Fechamento
0.40189,0.40441,2004-12-24 09:51:00.0,Abertura
0.40328,0.40581,2004-12-24 10:00:00.0,Intermediário
0.40243,0.40494,2004-12-24 10:30:00.0,Intermediário
0.40266,0.40488,2004-12-24 11:00:00.0,Intermediário
0.40256,0.40478,2004-12-24 11:30:00.0,Fechamento Interbancário
0.40266,0.40349,2004-12-24 12:13:00.0,Fechamento
0.40257,0.40598,2004-12-27 09:57:00.0,Abertura
0.40286,0.40508,2004-12-27 10:00:00.0,Intermediário
0.40415,0.40637,2004-12-27 10:30:00.0,Intermediário
0.40449,0.40656,2004-12-27 11:00:00.0,Intermediário
0.40438,0.4066,2004-12-27 11:30:00.0,Intermediário
0.4045,0.40673,2004-12-27 12:00:00.0,Intermediário
0.40456,0.40664,2004-12-27 12:30:00.0,Intermediário
0.40404,0.40627,2004-12-27 13:00:00.0,Intermediário
0.40551,0.40775,2004-12-27 13:30:00.0,Intermediário
0.40669,0.40893,2004-12-27 14:00:00.0,Intermediário
0.40749,0.40974,2004-12-27 14:30:00.0,Intermediário
0.40678,0.40978,2004-12-27 15:00:00.0,Intermediário
0.4062,0.40859,2004-12-27 15:30:00.0,Intermediário
0.40609,0.40848,2004-12-27 16:00:00.0,Intermediário
0.40613,0.40837,2004-12-27 16:30:00.0,Fechamento Interbancário
0.4071,0.40794,2004-12-27 18:29:00.0,Fechamento
0.40497,0.40841,2004-12-28 09:55:00.0,Abertura
0.40627,0.40851,2004-12-28 10:00:00.0,Intermediário
0.40626,0.4085,2004-12-28 10:30:00.0,Intermediário
0.40645,0.40869,2004-12-28 11:00:00.0,Intermediário
0.40626,0.40851,2004-12-28 11:30:00.0,Intermediário
0.40716,0.40941,2004-12-28 12:00:00.0,Intermediário
0.40725,0.40965,2004-12-28 12:30:00.0,Intermediário
0.40664,0.40888,2004-12-28 13:00:00.0,Intermediário
0.40666,0.40876,2004-12-28 13:30:00.0,Intermediário
0.40636,0.40845,2004-12-28 14:00:00.0,Intermediário
0.40645,0.40854,2004-12-28 14:30:00.0,Intermediário
0.40715,0.4094,2004-12-28 15:00:00.0,Intermediário
0.40686,0.40926,2004-12-28 15:30:00.0,Intermediário
0.40688,0.40912,2004-12-28 16:00:00.0,Intermediário
0.40683,0.40892,2004-12-28 16:30:00.0,Fechamento Interbancário
0.40675,0.40759,2004-12-28 18:06:00.0,Fechamento
0.406,0.40945,2004-12-29 09:56:00.0,Abertura
0.40686,0.40895,2004-12-29 10:00:00.0,Intermediário
0.40688,0.40913,2004-12-29 10:30:00.0,Intermediário
0.40622,0.40846,2004-12-29 11:00:00.0,Intermediário
0.40569,0.40793,2004-12-29 11:30:00.0,Intermediário
0.40573,0.40796,2004-12-29 12:00:00.0,Intermediário
0.40501,0.40725,2004-12-29 12:30:00.0,Intermediário
0.40547,0.4077,2004-12-29 13:00:00.0,Intermediário
0.40491,0.40714,2004-12-29 13:30:00.0,Intermediário
0.40474,0.40697,2004-12-29 14:00:00.0,Intermediário
0.40452,0.40675,2004-12-29 14:30:00.0,Intermediário
0.4043,0.40653,2004-12-29 15:00:00.0,Intermediário
0.40259,0.40466,2004-12-29 15:55:00.0,Intermediário
0.40121,0.40327,2004-12-29 16:16:00.0,Intermediário
0.40161,0.40367,2004-12-29 16:30:00.0,Fechamento Interbancário
0.40446,0.40529,2004-12-29 17:43:00.0,Fechamento
0.40037,0.40379,2004-12-30 09:56:00.0,Abertura
0.40043,0.40249,2004-12-30 10:00:00.0,Intermediário
0.40007,0.40228,2004-12-30 10:30:00.0,Intermediário
0.39999,0.40204,2004-12-30 11:00:00.0,Intermediário
0.39991,0.40212,2004-12-30 11:30:00.0,Intermediário
0.4001,0.40216,2004-12-30 12:00:00.0,Intermediário
0.39986,0.40192,2004-12-30 12:30:00.0,Intermediário
0.39903,0.40124,2004-12-30 13:00:00.0,Intermediário
0.40048,0.40269,2004-12-30 13:30:00.0,Intermediário
0.40031,0.40252,2004-12-30 14:00:00.0,Intermediário
0.3998,0.40201,2004-12-30 14:30:00.0,Intermediário
0.39925,0.4013,2004-12-30 15:00:00.0,Intermediário
0.39954,0.4016,2004-12-30 15:30:00.0,Intermediário
0.39967,0.40188,2004-12-30 16:00:00.0,Intermediário
0.40002,0.40223,2004-12-30 16:30:00.0,Fechamento Interbancário
0.40079,0.40161,2004-12-30 17:38:00.0,Fechamento
0.39999,0.40201,2004-12-31 09:53:00.0,Abertura
0.40027,0.4023,2004-12-31 10:00:00.0,Intermediário
0.39996,0.40198,2004-12-31 10:30:00.0,Intermediário
0.4006,0.40263,2004-12-31 11:00:00.0,Intermediário
0.4002,0.40223,2004-12-31 11:30:00.0,Fechamento Interbancário
0.39991,0.40074,2004-12-31 12:38:00.0,Fechamento
