cotacaoCompra,cotacaoVenda,dataHoraCotacao,tipoBoletim
0.21046,0.21379,2000-01-03 09:36:00.0,Abertura
0.21143,0.21299,2000-01-03 10:00:00.0,Intermediário
0.21121,0.21242,2000-01-03 10:30:00.0,Intermediário
0.21115,0.21235,2000-01-03 11:04:00.0,Intermediário
0.2117,0.21291,2000-01-03 11:34:00.0,Intermediário
0.21138,0.21259,2000-01-03 12:03:00.0,Intermediário
0.21055,0.21175,2000-01-03 12:33:00.0,Intermediário
0.21142,0.21251,2000-01-03 13:00:00.0,Intermediário
0.21119,0.21228,2000-01-03 13:34:00.0,Intermediário
0.21237,0.21346,2000-01-03 14:03:00.0,Intermediário
0.21231,0.21341,2000-01-03 14:30:00.0,Intermediário
0.213,0.21422,2000-01-03 15:00:00.0,Intermediário
0.21452,0.21563,2000-01-03 15:34:00.0,Intermediário
0.21471,0.21594,2000-01-03 16:00:00.0,Intermediário
0.21568,0.21691,2000-01-03 16:30:00.0,Intermediário
0.21583,0.21707,2000-01-03 17:06:00.0,Fechamento Interbancário
0.21487,0.21531,2000-01-03 19:43:00.0,Fechamento
0.21647,0.21986,2000-01-04 09:24:00.0,Abertura
0.21827,0.21952,2000-01-04 10:00:00.0,Intermediário
0.21824,0.21948,2000-01-04 10:30:00.0,Intermediário
0.21808,0.21932,2000-01-04 11:00:00.0,Intermediário
0.21843,0.21967,2000-01-04 11:30:00.0,Intermediário
0.21889,0.22014,2000-01-04 12:00:00.0,Intermediário
0.21907,0.22032,2000-01-04 12:30:00.0,Intermediário
0.2195,0.22075,2000-01-04 13:00:00.0,Intermediário
0.21885,0.21998,2000-01-04 13:30:00.0,Intermediário
0.21879,0.21991,2000-01-04 14:00:00.0,Intermediário
0.21893,0.22006,2000-01-04 14:30:00.0,Intermediário
0.21949,0.22074,2000-01-04 15:00:00.0,Intermediário
0.21979,0.22105,2000-01-04 15:30:00.0,Intermediário
0.22037,0.22163,2000-01-04 16:00:00.0,Intermediário
0.22081,0.22231,2000-01-04 16:30:00.0,Intermediário
0.21977,0.22126,2000-01-04 17:00:00.0,Fechamento Interbancário
0.21841,0.21885,2000-01-04 19:13:00.0,Fechamento
0.21989,0.22331,2000-01-05 09:41:00.0,Abertura
0.22077,0.22215,2000-01-05 10:00:00.0,Intermediário
0.22136,0.22274,2000-01-05 10:30:00.0,Intermediário
0.22197,0.22323,2000-01-05 11:00:00.0,Intermediário
0.22274,0.22401,2000-01-05 11:30:00.0,Intermediário
0.22296,0.22423,2000-01-05 12:00:00.0,Intermediário
0.22207,0.22358,2000-01-05 12:30:00.0,Intermediário
0.22249,0.22388,2000-01-05 13:00:00.0,Intermediário
0.2222,0.22382,2000-01-05 13:30:00.0,Intermediário
0.22217,0.2238,2000-01-05 14:00:00.0,Intermediário
0.22212,0.22375,2000-01-05 14:30:00.0,Intermediário
0.22113,0.22239,2000-01-05 15:00:00.0,Intermediário
0.22092,0.22218,2000-01-05 15:30:00.0,Intermediário
0.22015,0.2214,2000-01-05 16:00:00.0,Intermediário
0.21937,0.22062,2000-01-05 16:30:00.0,Intermediário
0.21921,0.22046,2000-01-05 17:00:00.0,Fechamento Interbancário
0.22103,0.22148,2000-01-05 19:11:00.0,Fechamento
0.21854,0.22208,2000-01-06 09:34:00.0,Abertura
0.2217,0.22306,2000-01-06 10:08:00.0,Intermediário
0.22225,0.22351,2000-01-06 10:30:00.0,Intermediário
0.22207,0.22334,2000-01-06 11:00:00.0,Intermediário
0.22127,0.22253,2000-01-06 11:30:00.0,Intermediário
0.22023,0.22161,2000-01-06 12:00:00.0,Intermediário
0.2202,0.22145,2000-01-06 12:30:00.0,Intermediário
0.21994,0.2212,2000-01-06 13:00:00.0,Intermediário
0.21981,0.22107,2000-01-06 13:30:00.0,Intermediário
0.21965,0.22091,2000-01-06 14:00:00.0,Intermediário
0.21926,0.22051,2000-01-06 14:30:00.0,Intermediário
0.21902,0.22039,2000-01-06 15:00:00.0,Intermediário
0.2185,0.21974,2000-01-06 15:30:00.0,Intermediário
0.21864,0.21976,2000-01-06 16:00:00.0,Intermediário
0.21909,0.22022,2000-01-06 16:30:00.0,Intermediário
0.21903,0.22028,2000-01-06 17:00:00.0,Fechamento Interbancário
0.21998,0.22043,2000-01-06 19:16:00.0,Fechamento
0.21723,0.22061,2000-01-07 09:25:00.0,Abertura
0.21631,0.21766,2000-01-07 10:00:00.0,Intermediário
0.21734,0.21858,2000-01-07 10:30:00.0,Intermediário
0.21736,0.2186,2000-01-07 11:00:00.0,Intermediário
0.21703,0.21827,2000-01-07 11:30:00.0,Intermediário
0.21687,0.21798,2000-01-07 12:00:00.0,Intermediário
0.21765,0.21889,2000-01-07 12:30:00.0,Intermediário
0.21711,0.21823,2000-01-07 13:00:00.0,Intermediário
0.21715,0.21839,2000-01-07 13:30:00.0,Intermediário
0.21665,0.21788,2000-01-07 14:00:00.0,Intermediário
0.21692,0.21815,2000-01-07 14:30:00.0,Intermediário
0.21679,0.21791,2000-01-07 15:00:00.0,Intermediário
0.217,0.21812,2000-01-07 15:30:00.0,Intermediário
0.21737,0.2186,2000-01-07 16:00:00.0,Intermediário
0.21676,0.218,2000-01-07 16:30:00.0,Intermediário
0.21619,0.21743,2000-01-07 17:00:00.0,Fechamento Interbancário
0.21646,0.2169,2000-01-07 19:23:00.0,Fechamento
0.21347,0.21682,2000-01-10 09:25:00.0,Abertura
0.21443,0.21566,2000-01-10 10:00:00.0,Intermediário
0.21388,0.2151,2000-01-10 10:30:00.0,Intermediário
0.21394,0.21516,2000-01-10 11:00:00.0,Intermediário
0.21413,0.21535,2000-01-10 11:30:00.0,Intermediário
0.21437,0.2156,2000-01-10 12:00:00.0,Intermediário
0.21456,0.21578,2000-01-10 12:30:00.0,Intermediário
0.21452,0.21563,2000-01-10 13:00:00.0,Intermediário
0.21418,0.21528,2000-01-10 13:30:00.0,Intermediário
0.21494,0.21605,2000-01-10 14:00:00.0,Intermediário
0.21486,0.21597,2000-01-10 14:30:00.0,Intermediário
0.21419,0.21541,2000-01-10 15:00:00.0,Intermediário
0.21424,0.21546,2000-01-10 15:30:00.0,Intermediário
0.21433,0.21555,2000-01-10 16:00:00.0,Intermediário
0.21431,0.21553,2000-01-10 16:30:00.0,Intermediário
0.21432,0.21555,2000-01-10 17:00:00.0,Fechamento Interbancário
0.21447,0.21491,2000-01-10 19:12:00.0,Fechamento
0.21469,0.21806,2000-01-11 09:34:00.0,Abertura
0.2157,0.21693,2000-01-11 10:01:00.0,Intermediário
0.21555,0.21678,2000-01-11 10:30:00.0,Intermediário
0.21581,0.21693,2000-01-11 11:00:00.0,Intermediário
0.21533,0.21656,2000-01-11 11:30:00.0,Intermediário
0.21554,0.21677,2000-01-11 12:00:00.0,Intermediário
0.21618,0.21729,2000-01-11 12:30:00.0,Intermediário
0.21561,0.21684,2000-01-11 13:00:00.0,Intermediário
0.21586,0.21709,2000-01-11 13:30:00.0,Intermediário
0.21581,0.21704,2000-01-11 14:00:00.0,Intermediário
0.21605,0.21728,2000-01-11 14:30:00.0,Intermediário
0.21629,0.21752,2000-01-11 15:00:00.0,Intermediário
0.21609,0.21732,2000-01-11 15:30:00.0,Intermediário
0.21604,0.21727,2000-01-11 16:00:00.0,Intermediário
0.21611,0.21734,2000-01-11 16:30:00.0,Intermediário
0.21616,0.21727,2000-01-11 17:00:00.0,Fechamento Interbancário
0.21646,0.2169,2000-01-11 19:19:00.0,Fechamento
0.21562,0.21899,2000-01-12 09:25:00.0,Abertura
0.21651,0.21774,2000-01-12 10:00:00.0,Intermediário
0.21638,0.21762,2000-01-12 10:30:00.0,Intermediário
0.21706,0.21818,2000-01-12 11:00:00.0,Intermediário
0.21656,0.21768,2000-01-12 11:30:00.0,Intermediário
0.21751,0.21875,2000-01-12 12:00:00.0,Intermediário
0.21699,0.21823,2000-01-12 12:30:00.0,Intermediário
0.2174,0.21852,2000-01-12 13:00:00.0,Intermediário
0.2172,0.21832,2000-01-12 13:30:00.0,Intermediário
0.2169,0.21801,2000-01-12 14:00:00.0,Intermediário
0.21742,0.21854,2000-01-12 14:30:00.0,Intermediário
0.21677,0.218,2000-01-12 15:00:00.0,Intermediário
0.21717,0.21841,2000-01-12 15:30:00.0,Intermediário
0.21714,0.21826,2000-01-12 16:00:00.0,Intermediário
0.21672,0.21796,2000-01-12 16:30:00.0,Intermediário
0.21695,0.21819,2000-01-12 17:00:00.0,Fechamento Interbancário
0.21755,0.21799,2000-01-12 19:12:00.0,Fechamento
0.21482,0.21819,2000-01-13 09:26:00.0,Abertura
0.21581,0.21704,2000-01-13 10:00:00.0,Intermediário
0.21576,0.21699,2000-01-13 10:30:00.0,Intermediário
0.21554,0.21677,2000-01-13 11:00:00.0,Intermediário
0.21546,0.21669,2000-01-13 11:30:00.0,Intermediário
0.2156,0.21683,2000-01-13 12:00:00.0,Intermediário
0.21491,0.21613,2000-01-13 12:30:00.0,Intermediário
0.21524,0.21647,2000-01-13 13:00:00.0,Intermediário
0.2153,0.21641,2000-01-13 13:30:00.0,Intermediário
0.21536,0.21647,2000-01-13 14:00:00.0,Intermediário
0.21556,0.21668,2000-01-13 14:30:00.0,Intermediário
0.21495,0.21606,2000-01-13 15:00:00.0,Intermediário
0.21448,0.2157,2000-01-13 15:30:00.0,Intermediário
0.21465,0.21588,2000-01-13 16:00:00.0,Intermediário
0.21467,0.2159,2000-01-13 16:30:00.0,Intermediário
0.21458,0.21581,2000-01-13 17:00:00.0,Fechamento Interbancário
0.21566,0.2161,2000-01-13 19:15:00.0,Fechamento
0.21189,0.21524,2000-01-14 09:25:00.0,Abertura
0.21267,0.21389,2000-01-14 10:00:00.0,Intermediário
0.21321,0.21455,2000-01-14 10:30:00.0,Intermediário
0.21314,0.21424,2000-01-14 11:00:00.0,Intermediário
0.21285,0.21395,2000-01-14 11:30:00.0,Intermediário
0.21214,0.21324,2000-01-14 12:00:00.0,Intermediário
0.21225,0.21346,2000-01-14 12:30:00.0,Intermediário
0.21291,0.21413,2000-01-14 13:00:00.0,Intermediário
0.21174,0.21295,2000-01-14 13:45:00.0,Intermediário
0.21197,0.21318,2000-01-14 14:00:00.0,Intermediário
0.21216,0.21337,2000-01-14 14:30:00.0,Intermediário
0.21214,0.21335,2000-01-14 15:00:00.0,Intermediário
0.213,0.2141,2000-01-14 15:30:00.0,Intermediário
0.21322,0.21444,2000-01-14 16:00:00.0,Intermediário
0.2129,0.21411,2000-01-14 16:30:00.0,Intermediário
0.21296,0.21418,2000-01-14 17:00:00.0,Fechamento Interbancário
0.21235,0.21278,2000-01-14 19:15:00.0,Fechamento
0.21078,0.21411,2000-01-17 09:34:00.0,Abertura
0.21092,0.21213,2000-01-17 10:00:00.0,Intermediário
0.21146,0.21255,2000-01-17 10:30:00.0,Intermediário
0.21142,0.21263,2000-01-17 11:00:00.0,Intermediário
0.21131,0.21251,2000-01-17 11:30:00.0,Intermediário
0.21112,0.21233,2000-01-17 12:00:00.0,Intermediário
0.21126,0.21247,2000-01-17 12:30:00.0,Intermediário
0.2109,0.21211,2000-01-17 13:00:00.0,Intermediário
0.21108,0.21229,2000-01-17 13:30:00.0,Intermediário
0.21098,0.21219,2000-01-17 14:00:00.0,Intermediário
0.21118,0.21239,2000-01-17 14:30:00.0,Intermediário
0.21139,0.21248,2000-01-17 15:00:00.0,Intermediário
0.21159,0.2128,2000-01-17 15:30:00.0,Intermediário
0.21138,0.21247,2000-01-17 16:00:00.0,Intermediário
0.21127,0.21236,2000-01-17 16:30:00.0,Intermediário
0.21132,0.21253,2000-01-17 17:00:00.0,Fechamento Interbancário
0.21173,0.21216,2000-01-17 19:13:00.0,Fechamento
0.20881,0.21213,2000-01-18 09:28:00.0,Abertura
0.20977,0.21085,2000-01-18 10:00:00.0,Intermediário
0.21019,0.2114,2000-01-18 10:30:00.0,Intermediário
0.21032,0.21153,2000-01-18 11:00:00.0,Intermediário
0.21029,0.21149,2000-01-18 11:30:00.0,Intermediário
0.21032,0.21152,2000-01-18 12:00:00.0,Intermediário
0.21094,0.21203,2000-01-18 12:30:00.0,Intermediário
0.21089,0.21198,2000-01-18 13:00:00.0,Intermediário
0.21109,0.21218,2000-01-18 13:30:00.0,Intermediário
0.21094,0.21203,2000-01-18 14:00:00.0,Intermediário
0.21117,0.21226,2000-01-18 14:30:00.0,Intermediário
0.21148,0.21269,2000-01-18 15:00:00.0,Intermediário
0.21158,0.21268,2000-01-18 15:30:00.0,Intermediário
0.21118,0.21239,2000-01-18 16:00:00.0,Intermediário
0.21126,0.21246,2000-01-18 16:30:00.0,Intermediário
0.21149,0.2127,2000-01-18 17:00:00.0,Fechamento Interbancário
0.21137,0.2118,2000-01-18 19:19:00.0,Fechamento
0.21,0.21339,2000-01-19 09:33:00.0,Abertura
0.21165,0.21285,2000-01-19 10:00:00.0,Intermediário
0.21154,0.21263,2000-01-19 10:30:00.0,Intermediário
0.2115,0.21271,2000-01-19 11:00:00.0,Intermediário
0.21124,0.21233,2000-01-19 11:30:00.0,Intermediário
0.21095,0.21216,2000-01-19 12:00:00.0,Intermediário
0.21107,0.21228,2000-01-19 12:30:00.0,Intermediário
0.21116,0.21237,2000-01-19 13:00:00.0,Intermediário
0.2111,0.21219,2000-01-19 13:30:00.0,Intermediário
0.2111,0.21219,2000-01-19 14:00:00.0,Intermediário
0.21115,0.21224,2000-01-19 14:30:00.0,Intermediário
0.21076,0.21196,2000-01-19 15:00:00.0,Intermediário
0.21097,0.21206,2000-01-19 15:30:00.0,Intermediário
0.21083,0.21204,2000-01-19 16:00:00.0,Intermediário
0.21071,0.2118,2000-01-19 16:30:00.0,Intermediário
0.21058,0.21178,2000-01-19 17:00:00.0,Fechamento Interbancário
0.21171,0.21214,2000-01-19 19:14:00.0,Fechamento
0.20819,0.21149,2000-01-20 09:39:00.0,Abertura
0.20898,0.21018,2000-01-20 10:00:00.0,Intermediário
0.20893,0.21013,2000-01-20 10:30:00.0,Intermediário
0.20889,0.20996,2000-01-20 11:00:00.0,Intermediário
0.20868,0.20975,2000-01-20 11:30:00.0,Intermediário
0.20917,0.21037,2000-01-20 12:00:00.0,Intermediário
0.20901,0.21009,2000-01-20 12:30:00.0,Intermediário
0.20875,0.20995,2000-01-20 13:00:00.0,Intermediário
0.20827,0.20947,2000-01-20 13:30:00.0,Intermediário
0.20859,0.20979,2000-01-20 14:00:00.0,Intermediário
0.20858,0.20977,2000-01-20 14:30:00.0,Intermediário
0.20946,0.21078,2000-01-20 15:00:00.0,Intermediário
0.20965,0.21085,2000-01-20 15:30:00.0,Intermediário
0.21052,0.21161,2000-01-20 16:00:00.0,Intermediário
0.2105,0.2117,2000-01-20 16:30:00.0,Intermediário
0.21051,0.21172,2000-01-20 17:00:00.0,Fechamento Interbancário
0.21013,0.21056,2000-01-20 19:10:00.0,Fechamento
0.20858,0.21191,2000-01-21 09:40:00.0,Abertura
0.20928,0.21048,2000-01-21 10:00:00.0,Intermediário
0.20923,0.21054,2000-01-21 10:30:00.0,Intermediário
0.20953,0.21073,2000-01-21 11:00:00.0,Intermediário
0.20864,0.20984,2000-01-21 11:30:00.0,Intermediário
0.20869,0.20977,2000-01-21 12:00:00.0,Intermediário
0.20862,0.20969,2000-01-21 12:30:00.0,Intermediário
0.20828,0.20936,2000-01-21 13:00:00.0,Intermediário
0.20832,0.20952,2000-01-21 13:30:00.0,Intermediário
0.20816,0.20935,2000-01-21 14:00:00.0,Intermediário
0.20821,0.2094,2000-01-21 14:30:00.0,Intermediário
0.20921,0.21029,2000-01-21 15:00:00.0,Intermediário
0.20802,0.20921,2000-01-21 15:30:00.0,Intermediário
0.20798,0.20917,2000-01-21 16:00:00.0,Intermediário
0.20796,0.20915,2000-01-21 16:30:00.0,Intermediário
0.20795,0.20902,2000-01-21 17:00:00.0,Fechamento Interbancário
0.20856,0.20898,2000-01-21 19:09:00.0,Fechamento
0.20558,0.20887,2000-01-24 09:30:00.0,Abertura
0.20662,0.2078,2000-01-24 10:00:00.0,Intermediário
0.20607,0.20725,2000-01-24 10:30:00.0,Intermediário
0.20615,0.20722,2000-01-24 11:00:00.0,Intermediário
0.20622,0.2074,2000-01-24 11:30:00.0,Intermediário
0.20603,0.20709,2000-01-24 12:00:00.0,Intermediário
0.20634,0.20753,2000-01-24 12:30:00.0,Intermediário
0.20639,0.20745,2000-01-24 13:00:00.0,Intermediário
0.20655,0.20773,2000-01-24 13:30:00.0,Intermediário
0.20633,0.20751,2000-01-24 14:00:00.0,Intermediário
0.20656,0.20774,2000-01-24 14:30:00.0,Intermediário
0.20682,0.208,2000-01-24 15:00:00.0,Intermediário
0.20703,0.20822,2000-01-24 15:30:00.0,Intermediário
0.20688,0.20795,2000-01-24 16:00:00.0,Intermediário
0.20735,0.20854,2000-01-24 16:30:00.0,Intermediário
0.2075,0.20869,2000-01-24 17:00:00.0,Fechamento Interbancário
0.20662,0.20704,2000-01-24 19:14:00.0,Fechamento
0.2065,0.2098,2000-01-25 09:25:00.0,Abertura
0.20793,0.209,2000-01-25 10:00:00.0,Intermediário
0.20802,0.20909,2000-01-25 10:30:00.0,Intermediário
0.20861,0.20981,2000-01-25 11:00:00.0,Intermediário
0.20857,0.20976,2000-01-25 11:30:00.0,Intermediário
0.20861,0.2098,2000-01-25 12:00:00.0,Intermediário
0.20866,0.20986,2000-01-25 12:30:00.0,Intermediário
0.20884,0.21004,2000-01-25 13:00:00.0,Intermediário
0.20862,0.20982,2000-01-25 13:30:00.0,Intermediário
0.20891,0.2101,2000-01-25 14:00:00.0,Intermediário
0.2084,0.2096,2000-01-25 14:30:00.0,Intermediário
0.20802,0.20921,2000-01-25 15:00:00.0,Intermediário
0.20798,0.20917,2000-01-25 15:30:00.0,Intermediário
0.20811,0.20931,2000-01-25 16:00:00.0,Intermediário
0.20806,0.20926,2000-01-25 16:30:00.0,Intermediário
0.20811,0.2093,2000-01-25 17:00:00.0,Fechamento Interbancário
0.20788,0.2083,2000-01-25 19:10:00.0,Fechamento
0.20577,0.20907,2000-01-26 09:59:00.0,Abertura
0.20679,0.20798,2000-01-26 10:00:00.0,Intermediário
0.20766,0.20874,2000-01-26 10:30:00.0,Intermediário
0.20796,0.20927,2000-01-26 11:00:00.0,Intermediário
0.20831,0.20951,2000-01-26 11:30:00.0,Intermediário
0.20862,0.2097,2000-01-26 12:00:00.0,Intermediário
0.20817,0.20924,2000-01-26 12:30:00.0,Intermediário
0.2083,0.20949,2000-01-26 13:00:00.0,Intermediário
0.20822,0.20941,2000-01-26 13:30:00.0,Intermediário
0.2079,0.20909,2000-01-26 14:00:00.0,Intermediário
0.20809,0.20928,2000-01-26 14:30:00.0,Intermediário
0.20821,0.20928,2000-01-26 15:00:00.0,Intermediário
0.20841,0.2096,2000-01-26 15:30:00.0,Intermediário
0.20795,0.20914,2000-01-26 16:00:00.0,Intermediário
0.20801,0.20908,2000-01-26 16:30:00.0,Intermediário
0.20782,0.20901,2000-01-26 17:00:00.0,Fechamento Interbancário
0.20811,0.20853,2000-01-26 19:31:00.0,Fechamento
0.20541,0.2087,2000-01-27 09:29:00.0,Abertura
0.20706,0.20825,2000-01-27 10:00:00.0,Intermediário
0.20776,0.20883,2000-01-27 10:30:00.0,Intermediário
0.20709,0.20828,2000-01-27 11:00:00.0,Intermediário
0.2071,0.20817,2000-01-27 11:30:00.0,Intermediário
0.20638,0.20756,2000-01-27 12:00:00.0,Intermediário
0.20551,0.20657,2000-01-27 12:30:00.0,Intermediário
0.20567,0.20673,2000-01-27 13:00:00.0,Intermediário
0.2058,0.20687,2000-01-27 13:30:00.0,Intermediário
0.2052,0.20625,2000-01-27 14:00:00.0,Intermediário
0.20563,0.20669,2000-01-27 14:30:00.0,Intermediário
0.20585,0.20691,2000-01-27 15:00:00.0,Intermediário
0.20597,0.20703,2000-01-27 15:30:00.0,Intermediário
0.20616,0.20722,2000-01-27 16:00:00.0,Intermediário
0.20583,0.207,2000-01-27 16:30:00.0,Intermediário
0.20581,0.20699,2000-01-27 17:00:00.0,Fechamento Interbancário
0.20562,0.20604,2000-01-27 19:24:00.0,Fechamento
0.20429,0.20754,2000-01-28 09:24:00.0,Abertura
0.20568,0.20685,2000-01-28 10:00:00.0,Intermediário
0.20609,0.20726,2000-01-28 10:30:00.0,Intermediário
0.20632,0.20739,2000-01-28 11:00:00.0,Intermediário
0.20594,0.20723,2000-01-28 11:30:00.0,Intermediário
0.20627,0.20744,2000-01-28 12:00:00.0,Intermediário
0.20598,0.20716,2000-01-28 12:30:00.0,Intermediário
0.20598,0.20704,2000-01-28 13:00:00.0,Intermediário
0.2049,0.20596,2000-01-28 13:36:00.0,Intermediário
0.20455,0.2056,2000-01-28 14:00:00.0,Intermediário
0.20462,0.20568,2000-01-28 14:32:00.0,Intermediário
0.20235,0.2035,2000-01-28 15:06:00.0,Intermediário
0.20265,0.20381,2000-01-28 15:30:00.0,Intermediário
0.20225,0.2034,2000-01-28 16:00:00.0,Intermediário
0.20259,0.20374,2000-01-28 16:30:00.0,Intermediário
0.20242,0.20357,2000-01-28 17:00:00.0,Fechamento Interbancário
0.20133,0.20174,2000-01-28 19:10:00.0,Fechamento
0.20275,0.20596,2000-01-31 09:21:00.0,Abertura
0.20616,0.20734,2000-01-31 10:00:00.0,Intermediário
0.20622,0.20739,2000-01-31 10:30:00.0,Intermediário
0.20594,0.20711,2000-01-31 11:00:00.0,Intermediário
0.20636,0.20742,2000-01-31 11:30:00.0,Intermediário
0.20565,0.20694,2000-01-31 12:00:00.0,Intermediário
0.20563,0.2068,2000-01-31 12:30:00.0,Intermediário
0.20507,0.20624,2000-01-31 13:00:00.0,Intermediário
0.20472,0.20588,2000-01-31 13:30:00.0,Intermediário
0.20526,0.20643,2000-01-31 14:00:00.0,Intermediário
0.20507,0.20624,2000-01-31 14:30:00.0,Intermediário
0.204,0.20516,2000-01-31 15:00:00.0,Intermediário
0.2034,0.20445,2000-01-31 15:30:00.0,Intermediário
0.20114,0.20228,2000-01-31 16:00:00.0,Intermediário
0.20123,0.20238,2000-01-31 16:30:00.0,Intermediário
0.20065,0.20179,2000-01-31 17:00:00.0,Fechamento Interbancário
0.20298,0.20339,2000-01-31 19:22:00.0,Fechamento
0.19999,0.20316,2000-02-01 09:29:00.0,Abertura
0.20161,0.20276,2000-02-01 10:08:00.0,Intermediário
0.20188,0.20291,2000-02-01 10:30:00.0,Intermediário
0.20217,0.20332,2000-02-01 11:00:00.0,Intermediário
0.20243,0.20347,2000-02-01 11:30:00.0,Intermediário
0.2035,0.20466,2000-02-01 12:04:00.0,Intermediário
0.20332,0.20448,2000-02-01 12:30:00.0,Intermediário
0.20342,0.20457,2000-02-01 13:00:00.0,Intermediário
0.20439,0.20544,2000-02-01 13:30:00.0,Intermediário
0.20364,0.20469,2000-02-01 14:03:00.0,Intermediário
0.20376,0.20481,2000-02-01 14:30:00.0,Intermediário
0.20408,0.20525,2000-02-01 15:00:00.0,Intermediário
0.20341,0.20457,2000-02-01 15:30:00.0,Intermediário
0.2031,0.20426,2000-02-01 16:00:00.0,Intermediário
0.20319,0.20435,2000-02-01 16:30:00.0,Intermediário
0.20305,0.20421,2000-02-01 17:00:00.0,Fechamento Interbancário
0.20358,0.20399,2000-02-01 19:13:00.0,Fechamento
0.20238,0.20559,2000-02-02 09:35:00.0,Abertura
0.20414,0.2053,2000-02-02 10:00:00.0,Intermediário
0.20388,0.20505,2000-02-02 10:30:00.0,Intermediário
0.20399,0.20504,2000-02-02 11:00:00.0,Intermediário
0.20381,0.20486,2000-02-02 11:30:00.0,Intermediário
0.20387,0.20492,2000-02-02 12:00:00.0,Intermediário
0.20322,0.20438,2000-02-02 12:30:00.0,Intermediário
0.20339,0.20455,2000-02-02 13:00:00.0,Intermediário
0.20377,0.20494,2000-02-02 13:30:00.0,Intermediário
0.20382,0.20498,2000-02-02 14:00:00.0,Intermediário
0.20431,0.20548,2000-02-02 14:30:00.0,Intermediário
0.20439,0.20556,2000-02-02 15:00:00.0,Intermediário
0.20415,0.2052,2000-02-02 15:30:00.0,Intermediário
0.20402,0.20518,2000-02-02 16:00:00.0,Intermediário
0.20434,0.2054,2000-02-02 16:30:00.0,Intermediário
0.20454,0.20571,2000-02-02 17:00:00.0,Fechamento Interbancário
0.20522,0.20564,2000-02-02 19:14:00.0,Fechamento
0.20253,0.20576,2000-02-03 09:24:00.0,Abertura
0.20313,0.20441,2000-02-03 10:00:00.0,Intermediário
0.20299,0.20415,2000-02-03 10:30:00.0,Intermediário
0.20304,0.20408,2000-02-03 11:00:00.0,Intermediário
0.20322,0.20438,2000-02-03 11:30:00.0,Intermediário
0.20361,0.20466,2000-02-03 12:00:00.0,Intermediário
0.20385,0.2049,2000-02-03 12:30:00.0,Intermediário
0.20418,0.20524,2000-02-03 13:00:00.0,Intermediário
0.20447,0.20552,2000-02-03 13:30:00.0,Intermediário
0.20504,0.20609,2000-02-03 14:00:00.0,Intermediário
0.20589,0.20695,2000-02-03 14:30:00.0,Intermediário
0.206,0.20718,2000-02-03 15:00:00.0,Intermediário
0.20753,0.20872,2000-02-03 15:35:00.0,Intermediário
0.2065,0.20769,2000-02-03 16:06:00.0,Intermediário
0.20697,0.20815,2000-02-03 16:30:00.0,Intermediário
0.207,0.20807,2000-02-03 17:00:00.0,Fechamento Interbancário
0.20661,0.20703,2000-02-03 19:10:00.0,Fechamento
0.2054,0.20868,2000-02-04 09:16:00.0,Abertura
0.20664,0.20783,2000-02-04 10:00:00.0,Intermediário
0.20652,0.20759,2000-02-04 10:30:00.0,Intermediário
0.20636,0.20754,2000-02-04 11:00:00.0,Intermediário
0.20578,0.20696,2000-02-04 11:30:00.0,Intermediário
0.20508,0.20626,2000-02-04 12:00:00.0,Intermediário
0.20482,0.20599,2000-02-04 12:30:00.0,Intermediário
0.2048,0.20586,2000-02-04 13:00:00.0,Intermediário
0.20488,0.20605,2000-02-04 13:30:00.0,Intermediário
0.20494,0.20611,2000-02-04 14:00:00.0,Intermediário
0.20456,0.20573,2000-02-04 14:30:00.0,Intermediário
0.20412,0.2054,2000-02-04 15:00:00.0,Intermediário
0.20441,0.20558,2000-02-04 15:30:00.0,Intermediário
0.20347,0.20464,2000-02-04 16:00:00.0,Intermediário
0.20436,0.20553,2000-02-04 16:30:00.0,Intermediário
0.20449,0.20566,2000-02-04 17:00:00.0,Fechamento Interbancário
0.206,0.20642,2000-02-04 19:11:00.0,Fechamento
0.20149,0.20473,2000-02-07 09:34:00.0,Abertura
0.20264,0.2038,2000-02-07 10:00:00.0,Intermediário
0.20297,0.20402,2000-02-07 10:30:00.0,Intermediário
0.20322,0.20438,2000-02-07 11:01:00.0,Intermediário
0.2033,0.20435,2000-02-07 11:30:00.0,Intermediário
0.20322,0.20426,2000-02-07 12:00:00.0,Intermediário
0.20329,0.20434,2000-02-07 12:30:00.0,Intermediário
0.20365,0.20482,2000-02-07 13:00:00.0,Intermediário
0.2035,0.20467,2000-02-07 13:30:00.0,Intermediário
0.20387,0.20503,2000-02-07 14:00:00.0,Intermediário
0.20344,0.20461,2000-02-07 14:30:00.0,Intermediário
0.20368,0.20485,2000-02-07 15:00:00.0,Intermediário
0.20401,0.20518,2000-02-07 15:30:00.0,Intermediário
0.20407,0.20524,2000-02-07 16:00:00.0,Intermediário
0.20408,0.20513,2000-02-07 16:30:00.0,Intermediário
0.20379,0.20496,2000-02-07 17:00:00.0,Fechamento Interbancário
0.20435,0.20477,2000-02-07 19:17:00.0,Fechamento
0.20318,0.20644,2000-02-08 09:21:00.0,Abertura
0.20506,0.20624,2000-02-08 10:00:00.0,Intermediário
0.20566,0.20684,2000-02-08 10:30:00.0,Intermediário
0.20597,0.20703,2000-02-08 11:00:00.0,Intermediário
0.20562,0.20668,2000-02-08 11:30:00.0,Intermediário
0.20531,0.20649,2000-02-08 12:00:00.0,Intermediário
0.20496,0.20602,2000-02-08 12:30:00.0,Intermediário
0.20479,0.20596,2000-02-08 13:00:00.0,Intermediário
0.20455,0.20572,2000-02-08 13:30:00.0,Intermediário
0.20476,0.20594,2000-02-08 14:00:00.0,Intermediário
0.20413,0.2053,2000-02-08 14:30:00.0,Intermediário
0.20469,0.20574,2000-02-08 15:00:00.0,Intermediário
0.2049,0.20608,2000-02-08 15:30:00.0,Intermediário
0.20504,0.2061,2000-02-08 16:00:00.0,Intermediário
0.20483,0.206,2000-02-08 16:30:00.0,Intermediário
0.20499,0.20604,2000-02-08 17:00:00.0,Fechamento Interbancário
0.20516,0.20558,2000-02-08 19:42:00.0,Fechamento
0.20367,0.20695,2000-02-09 09:31:00.0,Abertura
0.20491,0.20597,2000-02-09 10:00:00.0,Intermediário
0.20512,0.20618,2000-02-09 10:30:00.0,Intermediário
0.20543,0.20661,2000-02-09 11:00:00.0,Intermediário
0.20548,0.20665,2000-02-09 11:30:00.0,Intermediário
0.20584,0.20702,2000-02-09 12:00:00.0,Intermediário
0.2059,0.20708,2000-02-09 12:30:00.0,Intermediário
0.20606,0.20724,2000-02-09 13:00:00.0,Intermediário
0.20549,0.20667,2000-02-09 13:30:00.0,Intermediário
0.20556,0.20674,2000-02-09 14:00:00.0,Intermediário
0.20564,0.20682,2000-02-09 14:30:00.0,Intermediário
0.20649,0.20768,2000-02-09 15:00:00.0,Intermediário
0.20642,0.20749,2000-02-09 15:30:00.0,Intermediário
0.20668,0.20775,2000-02-09 16:00:00.0,Intermediário
0.20628,0.20747,2000-02-09 16:30:00.0,Intermediário
0.20648,0.20767,2000-02-09 17:00:00.0,Fechamento Interbancário
0.20626,0.20668,2000-02-09 19:24:00.0,Fechamento
0.20448,0.20775,2000-02-10 09:36:00.0,Abertura
0.20592,0.2071,2000-02-10 10:00:00.0,Intermediário
0.20594,0.207,2000-02-10 10:30:00.0,Intermediário
0.20596,0.20703,2000-02-10 11:00:00.0,Intermediário
0.20596,0.20702,2000-02-10 11:30:00.0,Intermediário
0.20555,0.20661,2000-02-10 12:00:00.0,Intermediário
0.20562,0.2068,2000-02-10 12:30:00.0,Intermediário
0.20568,0.20685,2000-02-10 13:00:00.0,Intermediário
0.20502,0.20619,2000-02-10 13:30:00.0,Intermediário
0.20533,0.20651,2000-02-10 14:00:00.0,Intermediário
0.20552,0.2067,2000-02-10 14:30:00.0,Intermediário
0.20557,0.20664,2000-02-10 15:00:00.0,Intermediário
0.20575,0.20682,2000-02-10 15:30:00.0,Intermediário
0.2055,0.20656,2000-02-10 16:00:00.0,Intermediário
0.20579,0.20697,2000-02-10 16:30:00.0,Intermediário
0.20551,0.20669,2000-02-10 17:00:00.0,Fechamento Interbancário
0.2059,0.20632,2000-02-10 19:22:00.0,Fechamento
0.20345,0.20672,2000-02-11 09:19:00.0,Abertura
0.2044,0.20557,2000-02-11 10:04:00.0,Intermediário
0.2048,0.20597,2000-02-11 10:30:00.0,Intermediário
0.20435,0.20552,2000-02-11 11:00:00.0,Intermediário
0.20442,0.20547,2000-02-11 11:30:00.0,Intermediário
0.20445,0.20562,2000-02-11 12:00:00.0,Intermediário
0.20479,0.20585,2000-02-11 12:30:00.0,Intermediário
0.2047,0.20587,2000-02-11 13:00:00.0,Intermediário
0.20486,0.20603,2000-02-11 13:30:00.0,Intermediário
0.20533,0.20651,2000-02-11 14:00:00.0,Intermediário
0.20498,0.20615,2000-02-11 14:30:00.0,Intermediário
0.20482,0.20599,2000-02-11 15:00:00.0,Intermediário
0.20489,0.20595,2000-02-11 15:30:00.0,Intermediário
0.20512,0.20618,2000-02-11 16:00:00.0,Intermediário
0.20503,0.20621,2000-02-11 16:30:00.0,Intermediário
0.20524,0.20642,2000-02-11 17:00:00.0,Fechamento Interbancário
0.20541,0.20583,2000-02-11 19:21:00.0,Fechamento
0.20431,0.20759,2000-02-14 09:29:00.0,Abertura
0.20601,0.20719,2000-02-14 10:00:00.0,Intermediário
0.20595,0.20701,2000-02-14 10:30:00.0,Intermediário
0.20575,0.20681,2000-02-14 11:00:00.0,Intermediário
0.20561,0.20667,2000-02-14 11:30:00.0,Intermediário
0.20528,0.20634,2000-02-14 12:00:00.0,Intermediário
0.20463,0.2058,2000-02-14 12:30:00.0,Intermediário
0.20473,0.20578,2000-02-14 13:00:00.0,Intermediário
0.20455,0.20561,2000-02-14 13:30:00.0,Intermediário
0.20384,0.20489,2000-02-14 14:00:00.0,Intermediário
0.20381,0.20486,2000-02-14 14:30:00.0,Intermediário
0.20338,0.20443,2000-02-14 15:00:00.0,Intermediário
0.20387,0.20492,2000-02-14 15:30:00.0,Intermediário
0.20387,0.20503,2000-02-14 16:00:00.0,Intermediário
0.20452,0.20557,2000-02-14 16:30:00.0,Intermediário
0.20394,0.2051,2000-02-14 17:00:00.0,Fechamento Interbancário
0.204,0.20442,2000-02-14 19:17:00.0,Fechamento
0.20271,0.20596,2000-02-15 09:24:00.0,Abertura
0.20411,0.20516,2000-02-15 10:00:00.0,Intermediário
0.20355,0.20471,2000-02-15 10:30:00.0,Intermediário
0.20391,0.20496,2000-02-15 11:00:00.0,Intermediário
0.20392,0.20508,2000-02-15 11:30:00.0,Intermediário
0.20432,0.20537,2000-02-15 12:00:00.0,Intermediário
0.20412,0.20529,2000-02-15 12:30:00.0,Intermediário
0.20372,0.20489,2000-02-15 13:00:00.0,Intermediário
0.20455,0.20571,2000-02-15 13:30:00.0,Intermediário
0.20468,0.20585,2000-02-15 14:00:00.0,Intermediário
0.20524,0.20642,2000-02-15 14:30:00.0,Intermediário
0.20476,0.20593,2000-02-15 15:00:00.0,Intermediário
0.20483,0.206,2000-02-15 15:30:00.0,Intermediário
0.20464,0.20581,2000-02-15 16:00:00.0,Intermediário
0.20434,0.20551,2000-02-15 16:30:00.0,Intermediário
0.20425,0.20542,2000-02-15 17:00:00.0,Fechamento Interbancário
0.2039,0.20431,2000-02-15 19:16:00.0,Fechamento
0.20162,0.20484,2000-02-16 09:43:00.0,Abertura
0.20319,0.20436,2000-02-16 10:00:00.0,Intermediário
0.20281,0.20397,2000-02-16 10:30:00.0,Intermediário
0.2029,0.20406,2000-02-16 11:00:00.0,Intermediário
0.20275,0.20379,2000-02-16 11:30:00.0,Intermediário
0.20323,0.20428,2000-02-16 12:00:00.0,Intermediário
0.20356,0.20472,2000-02-16 12:30:00.0,Intermediário
0.20328,0.20433,2000-02-16 13:00:00.0,Intermediário
0.20372,0.20489,2000-02-16 13:30:00.0,Intermediário
0.20352,0.20468,2000-02-16 14:00:00.0,Intermediário
0.20347,0.20463,2000-02-16 14:30:00.0,Intermediário
0.20421,0.20526,2000-02-16 15:00:00.0,Intermediário
0.20417,0.20533,2000-02-16 15:30:00.0,Intermediário
0.20435,0.20541,2000-02-16 16:00:00.0,Intermediário
0.20437,0.20543,2000-02-16 16:30:00.0,Intermediário
0.20426,0.20543,2000-02-16 17:00:00.0,Fechamento Interbancário
0.20498,0.2054,2000-02-16 19:20:00.0,Fechamento
0.20299,0.20624,2000-02-17 09:45:00.0,Abertura
0.20482,0.206,2000-02-17 10:00:00.0,Intermediário
0.20511,0.20617,2000-02-17 10:30:00.0,Intermediário
0.20518,0.20636,2000-02-17 11:00:00.0,Intermediário
0.20513,0.20618,2000-02-17 11:30:00.0,Intermediário
0.20449,0.20566,2000-02-17 12:00:00.0,Intermediário
0.20423,0.2054,2000-02-17 12:30:00.0,Intermediário
0.20473,0.20578,2000-02-17 13:00:00.0,Intermediário
0.20437,0.20543,2000-02-17 13:30:00.0,Intermediário
0.20378,0.20484,2000-02-17 14:00:00.0,Intermediário
0.20351,0.20456,2000-02-17 14:30:00.0,Intermediário
0.2042,0.20537,2000-02-17 15:00:00.0,Intermediário
0.20404,0.2051,2000-02-17 15:30:00.0,Intermediário
0.20405,0.2051,2000-02-17 16:00:00.0,Intermediário
0.20398,0.20503,2000-02-17 16:30:00.0,Intermediário
0.20399,0.20516,2000-02-17 17:00:00.0,Fechamento Interbancário
0.20461,0.20503,2000-02-17 19:16:00.0,Fechamento
0.20285,0.2061,2000-02-18 09:30:00.0,Abertura
0.20378,0.20483,2000-02-18 10:00:00.0,Intermediário
0.20365,0.2047,2000-02-18 10:30:00.0,Intermediário
0.20398,0.20515,2000-02-18 11:00:00.0,Intermediário
0.20415,0.20531,2000-02-18 11:30:00.0,Intermediário
0.20383,0.205,2000-02-18 12:00:00.0,Intermediário
0.20381,0.20497,2000-02-18 12:30:00.0,Intermediário
0.20434,0.20539,2000-02-18 13:01:00.0,Intermediário
0.20444,0.20561,2000-02-18 13:30:00.0,Intermediário
0.20432,0.20549,2000-02-18 14:00:00.0,Intermediário
0.20386,0.20503,2000-02-18 14:30:00.0,Intermediário
0.2043,0.20547,2000-02-18 15:00:00.0,Intermediário
0.20451,0.20556,2000-02-18 15:30:00.0,Intermediário
0.20456,0.20584,2000-02-18 16:00:00.0,Intermediário
0.20483,0.20601,2000-02-18 16:30:00.0,Intermediário
0.20486,0.20603,2000-02-18 17:00:00.0,Fechamento Interbancário
0.20384,0.20425,2000-02-18 19:12:00.0,Fechamento
0.20197,0.2052,2000-02-21 09:41:00.0,Abertura
0.20364,0.2048,2000-02-21 10:00:00.0,Intermediário
0.2036,0.20465,2000-02-21 10:30:00.0,Intermediário
0.20406,0.20522,2000-02-21 11:00:00.0,Intermediário
0.20451,0.20557,2000-02-21 11:30:00.0,Intermediário
0.20438,0.20554,2000-02-21 12:00:00.0,Intermediário
0.20445,0.2055,2000-02-21 12:30:00.0,Intermediário
0.20475,0.20592,2000-02-21 13:00:00.0,Intermediário
0.20483,0.20589,2000-02-21 13:30:00.0,Intermediário
0.20494,0.20599,2000-02-21 14:00:00.0,Intermediário
0.20496,0.20602,2000-02-21 14:30:00.0,Intermediário
0.20478,0.20595,2000-02-21 15:00:00.0,Intermediário
0.20496,0.20602,2000-02-21 15:30:00.0,Intermediário
0.20483,0.206,2000-02-21 16:00:00.0,Intermediário
0.20448,0.20565,2000-02-21 16:30:00.0,Intermediário
0.20461,0.20567,2000-02-21 17:00:00.0,Fechamento Interbancário
0.20461,0.20503,2000-02-21 19:16:00.0,Fechamento
0.2042,0.20746,2000-02-22 09:32:00.0,Abertura
0.20609,0.20727,2000-02-22 10:00:00.0,Intermediário
0.20684,0.20802,2000-02-22 10:30:00.0,Intermediário
0.20709,0.20816,2000-02-22 11:00:00.0,Intermediário
0.20758,0.20865,2000-02-22 11:30:00.0,Intermediário
0.20763,0.2087,2000-02-22 12:00:00.0,Intermediário
0.20735,0.20842,2000-02-22 12:30:00.0,Intermediário
0.20784,0.20891,2000-02-22 13:00:00.0,Intermediário
0.20856,0.20964,2000-02-22 13:30:00.0,Intermediário
0.20893,0.21001,2000-02-22 14:00:00.0,Intermediário
0.20846,0.20965,2000-02-22 14:30:00.0,Intermediário
0.20865,0.20985,2000-02-22 15:00:00.0,Intermediário
0.2086,0.20979,2000-02-22 15:30:00.0,Intermediário
0.2088,0.20987,2000-02-22 16:00:00.0,Intermediário
0.20884,0.20992,2000-02-22 16:30:00.0,Intermediário
0.20876,0.20996,2000-02-22 17:00:00.0,Fechamento Interbancário
0.2082,0.20863,2000-02-22 19:20:00.0,Fechamento
0.20785,0.20997,2000-02-23 09:43:00.0,Abertura
0.20893,0.21001,2000-02-23 10:00:00.0,Intermediário
0.20906,0.21026,2000-02-23 10:30:00.0,Intermediário
0.20891,0.21011,2000-02-23 11:00:00.0,Intermediário
0.20901,0.21021,2000-02-23 11:30:00.0,Intermediário
0.20875,0.20995,2000-02-23 12:00:00.0,Intermediário
0.20859,0.20978,2000-02-23 12:30:00.0,Intermediário
0.20911,0.21031,2000-02-23 13:00:00.0,Intermediário
0.20865,0.20972,2000-02-23 13:30:00.0,Intermediário
0.20867,0.20975,2000-02-23 14:00:00.0,Intermediário
0.20863,0.20971,2000-02-23 14:30:00.0,Intermediário
0.20764,0.20883,2000-02-23 15:00:00.0,Intermediário
0.2082,0.20927,2000-02-23 15:30:00.0,Intermediário
0.20766,0.20884,2000-02-23 16:00:00.0,Intermediário
0.20764,0.20871,2000-02-23 16:30:00.0,Intermediário
0.20748,0.20855,2000-02-23 17:00:00.0,Fechamento Interbancário
0.2084,0.20882,2000-02-23 19:11:00.0,Fechamento
0.20502,0.20713,2000-02-24 10:07:00.0,Abertura
0.20502,0.20713,2000-02-24 10:08:00.0,Intermediário
0.20557,0.20675,2000-02-24 10:26:00.0,Intermediário
0.20574,0.20691,2000-02-24 10:30:00.0,Intermediário
0.20554,0.20672,2000-02-24 11:00:00.0,Intermediário
0.20493,0.20599,2000-02-24 11:30:00.0,Intermediário
0.20523,0.20641,2000-02-24 12:00:00.0,Intermediário
0.20581,0.20687,2000-02-24 12:30:00.0,Intermediário
0.20622,0.2074,2000-02-24 13:00:00.0,Intermediário
0.20626,0.20744,2000-02-24 13:30:00.0,Intermediário
0.20646,0.20764,2000-02-24 14:00:00.0,Intermediário
0.20618,0.20736,2000-02-24 14:30:00.0,Intermediário
0.20597,0.20703,2000-02-24 15:00:00.0,Intermediário
0.20638,0.20744,2000-02-24 15:30:00.0,Intermediário
0.2063,0.20736,2000-02-24 16:00:00.0,Intermediário
0.20615,0.20733,2000-02-24 16:30:00.0,Intermediário
0.20629,0.20747,2000-02-24 17:00:00.0,Fechamento Interbancário
0.20639,0.20681,2000-02-24 19:16:00.0,Fechamento
0.20398,0.20607,2000-02-25 09:34:00.0,Abertura
0.20399,0.20504,2000-02-25 10:00:00.0,Intermediário
0.20423,0.20528,2000-02-25 10:30:00.0,Intermediário
0.20387,0.20492,2000-02-25 11:00:00.0,Intermediário
0.20399,0.20504,2000-02-25 11:30:00.0,Intermediário
0.20364,0.20469,2000-02-25 12:00:00.0,Intermediário
0.20341,0.20458,2000-02-25 12:30:00.0,Intermediário
0.20391,0.20508,2000-02-25 13:00:00.0,Intermediário
0.20304,0.2042,2000-02-25 13:30:00.0,Intermediário
0.20335,0.20451,2000-02-25 14:00:00.0,Intermediário
0.20362,0.20478,2000-02-25 14:30:00.0,Intermediário
0.20344,0.20448,2000-02-25 15:00:00.0,Intermediário
0.20268,0.20384,2000-02-25 15:30:00.0,Intermediário
0.20283,0.20388,2000-02-25 16:00:00.0,Intermediário
0.20304,0.2042,2000-02-25 16:30:00.0,Intermediário
0.20323,0.20439,2000-02-25 17:00:00.0,Fechamento Interbancário
0.20351,0.20392,2000-02-25 19:17:00.0,Fechamento
0.20241,0.20449,2000-02-28 09:25:00.0,Abertura
0.20289,0.20405,2000-02-28 10:05:00.0,Intermediário
0.20323,0.20428,2000-02-28 10:30:00.0,Intermediário
0.20349,0.20454,2000-02-28 11:00:00.0,Intermediário
0.20361,0.20477,2000-02-28 11:37:00.0,Intermediário
0.20409,0.20514,2000-02-28 12:00:00.0,Intermediário
0.20368,0.20473,2000-02-28 12:30:00.0,Intermediário
0.20382,0.20487,2000-02-28 13:00:00.0,Intermediário
0.20424,0.20529,2000-02-28 13:30:00.0,Intermediário
0.20419,0.20524,2000-02-28 14:00:00.0,Intermediário
0.2045,0.20555,2000-02-28 14:30:00.0,Intermediário
0.20477,0.20594,2000-02-28 15:00:00.0,Intermediário
0.20386,0.20502,2000-02-28 15:30:00.0,Intermediário
0.20363,0.2048,2000-02-28 16:00:00.0,Intermediário
0.20404,0.20521,2000-02-28 16:30:00.0,Intermediário
0.20407,0.20524,2000-02-28 17:00:00.0,Fechamento Interbancário
0.20477,0.20519,2000-02-28 19:18:00.0,Fechamento
0.20365,0.20574,2000-02-29 09:33:00.0,Abertura
0.20346,0.20451,2000-02-29 10:00:00.0,Intermediário
0.20377,0.20493,2000-02-29 10:30:00.0,Intermediário
0.20352,0.20457,2000-02-29 11:00:00.0,Intermediário
0.20203,0.20318,2000-02-29 11:36:00.0,Intermediário
0.20207,0.20323,2000-02-29 12:00:00.0,Intermediário
0.20221,0.20337,2000-02-29 12:30:00.0,Intermediário
0.20139,0.20254,2000-02-29 13:00:00.0,Intermediário
0.20142,0.20246,2000-02-29 13:30:00.0,Intermediário
0.20162,0.20266,2000-02-29 14:00:00.0,Intermediário
0.20205,0.20309,2000-02-29 14:30:00.0,Intermediário
0.20221,0.20325,2000-02-29 15:00:00.0,Intermediário
0.20209,0.20325,2000-02-29 15:30:00.0,Intermediário
0.202,0.20304,2000-02-29 16:00:00.0,Intermediário
0.20203,0.20319,2000-02-29 16:30:00.0,Intermediário
0.20172,0.20276,2000-02-29 17:00:00.0,Fechamento Interbancário
0.20169,0.2021,2000-02-29 19:09:00.0,Fechamento
0.20127,0.20334,2000-03-01 09:27:00.0,Abertura
0.20233,0.20349,2000-03-01 10:00:00.0,Intermediário
0.20216,0.20332,2000-03-01 10:34:00.0,Intermediário
0.20203,0.20318,2000-03-01 11:00:00.0,Intermediário
0.20229,0.20345,2000-03-01 11:30:00.0,Intermediário
0.20217,0.20321,2000-03-01 12:00:00.0,Intermediário
0.20239,0.20355,2000-03-01 12:30:00.0,Intermediário
0.20238,0.20354,2000-03-01 13:00:00.0,Intermediário
0.20276,0.20392,2000-03-01 13:30:00.0,Intermediário
0.20291,0.20407,2000-03-01 14:00:00.0,Intermediário
0.2034,0.20456,2000-03-01 14:30:00.0,Intermediário
0.20336,0.20452,2000-03-01 15:00:00.0,Intermediário
0.20343,0.20459,2000-03-01 15:30:00.0,Intermediário
0.20348,0.20453,2000-03-01 16:00:00.0,Intermediário
0.20329,0.20434,2000-03-01 16:30:00.0,Intermediário
0.20286,0.20402,2000-03-01 17:00:00.0,Fechamento Interbancário
0.20342,0.20383,2000-03-01 19:19:00.0,Fechamento
0.20139,0.20347,2000-03-02 09:34:00.0,Abertura
0.20251,0.20367,2000-03-02 10:00:00.0,Intermediário
0.2022,0.20324,2000-03-02 10:30:00.0,Intermediário
0.2021,0.20314,2000-03-02 11:00:00.0,Intermediário
0.20217,0.20322,2000-03-02 11:30:00.0,Intermediário
0.20178,0.20282,2000-03-02 12:00:00.0,Intermediário
0.20058,0.20161,2000-03-02 12:34:00.0,Intermediário
0.20035,0.20139,2000-03-02 13:00:00.0,Intermediário
0.19953,0.20068,2000-03-02 13:30:00.0,Intermediário
0.19937,0.20052,2000-03-02 14:00:00.0,Intermediário
0.20001,0.20116,2000-03-02 14:30:00.0,Intermediário
0.20056,0.20159,2000-03-02 15:00:00.0,Intermediário
0.20024,0.20127,2000-03-02 15:30:00.0,Intermediário
0.20016,0.2012,2000-03-02 16:00:00.0,Intermediário
0.19976,0.2009,2000-03-02 16:30:00.0,Intermediário
0.20005,0.20108,2000-03-02 17:00:00.0,Fechamento Interbancário
0.20016,0.20057,2000-03-02 19:10:00.0,Fechamento
0.19828,0.20033,2000-03-03 09:32:00.0,Abertura
0.19969,0.20084,2000-03-03 10:00:00.0,Intermediário
0.19953,0.20068,2000-03-03 10:30:00.0,Intermediário
0.19894,0.19997,2000-03-03 11:00:00.0,Intermediário
0.19819,0.19922,2000-03-03 11:30:00.0,Intermediário
0.19801,0.19915,2000-03-03 12:00:00.0,Intermediário
0.19757,0.1987,2000-03-03 12:30:00.0,Intermediário
0.19734,0.19847,2000-03-03 13:00:00.0,Intermediário
0.19756,0.19869,2000-03-03 13:30:00.0,Intermediário
0.19763,0.19876,2000-03-03 14:00:00.0,Intermediário
0.19793,0.19907,2000-03-03 14:30:00.0,Intermediário
0.19788,0.1989,2000-03-03 15:00:00.0,Intermediário
0.1979,0.19903,2000-03-03 15:30:00.0,Intermediário
0.19769,0.19883,2000-03-03 16:00:00.0,Intermediário
0.19804,0.19906,2000-03-03 16:30:00.0,Intermediário
0.19803,0.19917,2000-03-03 17:00:00.0,Fechamento Interbancário
0.1989,0.1993,2000-03-03 19:17:00.0,Fechamento
0.19761,0.19965,2000-03-08 12:42:00.0,Abertura
0.19888,0.1999,2000-03-08 13:00:00.0,Intermediário
0.19782,0.19895,2000-03-08 13:30:00.0,Intermediário
0.19848,0.19961,2000-03-08 14:00:00.0,Intermediário
0.19705,0.19818,2000-03-08 14:30:00.0,Intermediário
0.19766,0.19879,2000-03-08 15:00:00.0,Intermediário
0.19779,0.19892,2000-03-08 15:30:00.0,Intermediário
0.1977,0.19884,2000-03-08 16:00:00.0,Intermediário
0.19731,0.19844,2000-03-08 16:30:00.0,Intermediário
0.19736,0.19849,2000-03-08 17:00:00.0,Fechamento Interbancário
0.19836,0.19876,2000-03-08 19:17:00.0,Fechamento
0.19719,0.19924,2000-03-09 09:32:00.0,Abertura
0.19733,0.19846,2000-03-09 10:00:00.0,Intermediário
0.19669,0.19771,2000-03-09 10:30:00.0,Intermediário
0.19687,0.198,2000-03-09 11:00:00.0,Intermediário
0.1971,0.19823,2000-03-09 11:30:00.0,Intermediário
0.19736,0.1985,2000-03-09 12:00:00.0,Intermediário
0.19787,0.19889,2000-03-09 12:30:00.0,Intermediário
0.19797,0.19899,2000-03-09 13:00:00.0,Intermediário
0.19805,0.19907,2000-03-09 13:57:00.0,Intermediário
0.19842,0.19944,2000-03-09 14:00:00.0,Intermediário
0.19825,0.19928,2000-03-09 14:30:00.0,Intermediário
0.19814,0.19916,2000-03-09 15:00:00.0,Intermediário
0.19825,0.19928,2000-03-09 15:30:00.0,Intermediário
0.1985,0.19952,2000-03-09 16:00:00.0,Intermediário
0.19884,0.19998,2000-03-09 16:30:00.0,Intermediário
0.19881,0.19984,2000-03-09 17:00:00.0,Fechamento Interbancário
0.1982,0.1986,2000-03-09 19:11:00.0,Fechamento
0.19671,0.19876,2000-03-10 09:27:00.0,Abertura
0.19715,0.19828,2000-03-10 10:00:00.0,Intermediário
0.1974,0.19853,2000-03-10 10:30:00.0,Intermediário
0.1978,0.19894,2000-03-10 11:00:00.0,Intermediário
0.1979,0.19903,2000-03-10 11:30:00.0,Intermediário
0.19778,0.19891,2000-03-10 12:00:00.0,Intermediário
0.19838,0.1994,2000-03-10 12:30:00.0,Intermediário
0.19834,0.19948,2000-03-10 13:00:00.0,Intermediário
0.19823,0.19937,2000-03-10 13:30:00.0,Intermediário
0.19871,0.19985,2000-03-10 14:00:00.0,Intermediário
0.19864,0.19978,2000-03-10 14:30:00.0,Intermediário
0.19866,0.19969,2000-03-10 15:00:00.0,Intermediário
0.19885,0.19999,2000-03-10 15:30:00.0,Intermediário
0.19953,0.20067,2000-03-10 16:00:00.0,Intermediário
0.19962,0.20076,2000-03-10 16:30:00.0,Intermediário
0.19958,0.20061,2000-03-10 17:00:00.0,Fechamento Interbancário
0.19884,0.19924,2000-03-10 19:14:00.0,Fechamento
0.20054,0.20262,2000-03-13 09:22:00.0,Abertura
0.20112,0.20227,2000-03-13 10:00:00.0,Intermediário
0.20165,0.20269,2000-03-13 10:30:00.0,Intermediário
0.20204,0.2032,2000-03-13 11:00:00.0,Intermediário
0.20129,0.20244,2000-03-13 11:30:00.0,Intermediário
0.20114,0.20229,2000-03-13 12:00:00.0,Intermediário
0.20105,0.20209,2000-03-13 12:30:00.0,Intermediário
0.20029,0.20132,2000-03-13 13:00:00.0,Intermediário
0.20036,0.20139,2000-03-13 13:30:00.0,Intermediário
0.20006,0.20109,2000-03-13 14:00:00.0,Intermediário
0.19962,0.20065,2000-03-13 14:30:00.0,Intermediário
0.19956,0.2007,2000-03-13 15:00:00.0,Intermediário
0.19974,0.20077,2000-03-13 15:30:00.0,Intermediário
0.20002,0.20116,2000-03-13 16:00:00.0,Intermediário
0.19975,0.2009,2000-03-13 16:30:00.0,Intermediário
0.19972,0.20086,2000-03-13 17:00:00.0,Fechamento Interbancário
0.20085,0.20126,2000-03-13 19:12:00.0,Fechamento
0.19796,0.20001,2000-03-14 09:27:00.0,Abertura
0.19894,0.20008,2000-03-14 10:00:00.0,Intermediário
0.19873,0.19976,2000-03-14 10:30:00.0,Intermediário
0.19891,0.19994,2000-03-14 11:00:00.0,Intermediário
0.19884,0.19999,2000-03-14 11:30:00.0,Intermediário
0.19866,0.1998,2000-03-14 13:30:00.0,Intermediário
0.19855,0.19969,2000-03-14 13:32:00.0,Intermediário
0.19878,0.19992,2000-03-14 13:35:00.0,Intermediário
0.19885,0.19999,2000-03-14 13:38:00.0,Intermediário
0.19896,0.2001,2000-03-14 14:00:00.0,Intermediário
0.19935,0.20049,2000-03-14 14:30:00.0,Intermediário
0.19905,0.20019,2000-03-14 15:04:00.0,Intermediário
0.19939,0.20042,2000-03-14 15:30:00.0,Intermediário
0.19954,0.20057,2000-03-14 16:00:00.0,Intermediário
0.19985,0.201,2000-03-14 16:30:00.0,Intermediário
0.19986,0.20089,2000-03-14 17:00:00.0,Fechamento Interbancário
0.19988,0.20029,2000-03-14 19:16:00.0,Fechamento
0.19831,0.20036,2000-03-15 09:29:00.0,Abertura
0.1991,0.20024,2000-03-15 10:00:00.0,Intermediário
0.19937,0.2004,2000-03-15 10:30:00.0,Intermediário
0.20013,0.20116,2000-03-15 11:00:00.0,Intermediário
0.19956,0.20071,2000-03-15 11:30:00.0,Intermediário
0.19969,0.20072,2000-03-15 12:00:00.0,Intermediário
0.1999,0.20093,2000-03-15 12:30:00.0,Intermediário
0.19969,0.20084,2000-03-15 13:00:00.0,Intermediário
0.19958,0.20072,2000-03-15 13:30:00.0,Intermediário
0.1999,0.20105,2000-03-15 14:00:00.0,Intermediário
0.20006,0.20121,2000-03-15 14:30:00.0,Intermediário
0.19988,0.20091,2000-03-15 15:00:00.0,Intermediário
0.19987,0.20101,2000-03-15 15:30:00.0,Intermediário
0.19998,0.20112,2000-03-15 16:00:00.0,Intermediário
0.19953,0.20067,2000-03-15 16:30:00.0,Intermediário
0.19927,0.2003,2000-03-15 17:00:00.0,Fechamento Interbancário
0.19939,0.1998,2000-03-15 19:08:00.0,Fechamento
0.19811,0.20016,2000-03-16 09:40:00.0,Abertura
0.19865,0.19979,2000-03-16 10:00:00.0,Intermediário
0.19818,0.19921,2000-03-16 10:30:00.0,Intermediário
0.19853,0.19955,2000-03-16 11:00:00.0,Intermediário
0.19884,0.19987,2000-03-16 11:30:00.0,Intermediário
0.19862,0.19977,2000-03-16 12:00:00.0,Intermediário
0.19919,0.20022,2000-03-16 12:30:00.0,Intermediário
0.19953,0.20068,2000-03-16 13:00:00.0,Intermediário
0.19962,0.20077,2000-03-16 13:30:00.0,Intermediário
0.19906,0.2002,2000-03-16 14:00:00.0,Intermediário
0.19896,0.2001,2000-03-16 14:30:00.0,Intermediário
0.19866,0.1998,2000-03-16 15:00:00.0,Intermediário
0.19974,0.20077,2000-03-16 15:30:00.0,Intermediário
0.19952,0.20067,2000-03-16 16:00:00.0,Intermediário
0.19981,0.20096,2000-03-16 16:30:00.0,Intermediário
0.2001,0.20125,2000-03-16 17:00:00.0,Fechamento Interbancário
0.19953,0.19993,2000-03-16 19:15:00.0,Fechamento
0.19852,0.20058,2000-03-17 09:29:00.0,Abertura
0.19926,0.2004,2000-03-17 10:00:00.0,Intermediário
0.19955,0.20058,2000-03-17 10:30:00.0,Intermediário
0.19953,0.20056,2000-03-17 11:00:00.0,Intermediário
0.19972,0.20086,2000-03-17 11:30:00.0,Intermediário
0.19967,0.2007,2000-03-17 12:00:00.0,Intermediário
0.19985,0.201,2000-03-17 12:30:00.0,Intermediário
0.19981,0.20085,2000-03-17 13:00:00.0,Intermediário
0.20025,0.20128,2000-03-17 13:30:00.0,Intermediário
0.20012,0.20115,2000-03-17 14:00:00.0,Intermediário
0.20017,0.20121,2000-03-17 14:30:00.0,Intermediário
0.20022,0.20126,2000-03-17 15:00:00.0,Intermediário
0.20015,0.2013,2000-03-17 15:30:00.0,Intermediário
0.20018,0.20133,2000-03-17 16:00:00.0,Intermediário
0.20027,0.20131,2000-03-17 16:30:00.0,Intermediário
0.20092,0.20208,2000-03-17 17:00:00.0,Fechamento Interbancário
0.20115,0.20156,2000-03-17 19:10:00.0,Fechamento
0.19942,0.20149,2000-03-20 09:30:00.0,Abertura
0.20014,0.20129,2000-03-20 10:00:00.0,Intermediário
0.1999,0.20093,2000-03-20 10:30:00.0,Intermediário
0.20013,0.20116,2000-03-20 11:00:00.0,Intermediário
0.20005,0.20108,2000-03-20 11:30:00.0,Intermediário
0.19988,0.20091,2000-03-20 12:00:00.0,Intermediário
0.19997,0.201,2000-03-20 12:30:00.0,Intermediário
0.19983,0.20098,2000-03-20 13:00:00.0,Intermediário
0.20004,0.20119,2000-03-20 13:30:00.0,Intermediário
0.20048,0.20163,2000-03-20 14:00:00.0,Intermediário
0.20057,0.20172,2000-03-20 14:30:00.0,Intermediário
0.20062,0.20166,2000-03-20 15:00:00.0,Intermediário
0.2009,0.20205,2000-03-20 15:30:00.0,Intermediário
0.20105,0.20221,2000-03-20 16:00:00.0,Intermediário
0.20101,0.20205,2000-03-20 16:30:00.0,Intermediário
0.20094,0.2021,2000-03-20 17:00:00.0,Fechamento Interbancário
0.20108,0.20149,2000-03-20 19:10:00.0,Fechamento
0.19981,0.20188,2000-03-21 09:40:00.0,Abertura
0.20043,0.20147,2000-03-21 10:00:00.0,Intermediário
0.20012,0.20115,2000-03-21 10:30:00.0,Intermediário
0.20034,0.20137,2000-03-21 11:00:00.0,Intermediário
0.20036,0.20151,2000-03-21 11:30:00.0,Intermediário
0.2005,0.20154,2000-03-21 12:00:00.0,Intermediário
0.20026,0.20129,2000-03-21 12:30:00.0,Intermediário
0.20046,0.20149,2000-03-21 13:00:00.0,Intermediário
0.20059,0.20163,2000-03-21 13:30:00.0,Intermediário
0.20043,0.20147,2000-03-21 14:00:00.0,Intermediário
0.20036,0.2014,2000-03-21 14:30:00.0,Intermediário
0.19962,0.20077,2000-03-21 15:04:00.0,Intermediário
0.19946,0.20049,2000-03-21 15:30:00.0,Intermediário
0.19987,0.2009,2000-03-21 16:00:00.0,Intermediário
0.19986,0.20089,2000-03-21 16:30:00.0,Intermediário
0.19935,0.20038,2000-03-21 17:00:00.0,Fechamento Interbancário
0.19974,0.20015,2000-03-21 19:13:00.0,Fechamento
0.19709,0.19914,2000-03-22 09:33:00.0,Abertura
0.19816,0.1993,2000-03-22 10:00:00.0,Intermediário
0.19799,0.19901,2000-03-22 10:30:00.0,Intermediário
0.19782,0.19895,2000-03-22 11:00:00.0,Intermediário
0.19768,0.1987,2000-03-22 11:30:00.0,Intermediário
0.19795,0.19898,2000-03-22 12:00:00.0,Intermediário
0.19752,0.19854,2000-03-22 12:30:00.0,Intermediário
0.19791,0.19893,2000-03-22 13:00:00.0,Intermediário
0.19766,0.19868,2000-03-22 13:30:00.0,Intermediário
0.19816,0.19918,2000-03-22 14:00:00.0,Intermediário
0.19765,0.19867,2000-03-22 14:30:00.0,Intermediário
0.19804,0.19918,2000-03-22 15:00:00.0,Intermediário
0.19829,0.19943,2000-03-22 15:30:00.0,Intermediário
0.1985,0.19964,2000-03-22 16:00:00.0,Intermediário
0.19827,0.19941,2000-03-22 16:30:00.0,Intermediário
0.1985,0.19953,2000-03-22 17:00:00.0,Fechamento Interbancário
0.19897,0.19937,2000-03-22 19:09:00.0,Fechamento
0.1971,0.19916,2000-03-23 09:33:00.0,Abertura
0.19786,0.19888,2000-03-23 10:00:00.0,Intermediário
0.19852,0.19954,2000-03-23 10:34:00.0,Intermediário
0.19886,0.2,2000-03-23 11:00:00.0,Intermediário
0.19845,0.19948,2000-03-23 11:30:00.0,Intermediário
0.19914,0.20017,2000-03-23 12:04:00.0,Intermediário
0.19909,0.20012,2000-03-23 12:30:00.0,Intermediário
0.19865,0.1998,2000-03-23 13:00:00.0,Intermediário
0.19879,0.19993,2000-03-23 13:30:00.0,Intermediário
0.1988,0.19994,2000-03-23 14:00:00.0,Intermediário
0.19863,0.19978,2000-03-23 14:30:00.0,Intermediário
0.19856,0.1997,2000-03-23 15:00:00.0,Intermediário
0.19868,0.19982,2000-03-23 15:30:00.0,Intermediário
0.19854,0.19957,2000-03-23 16:00:00.0,Intermediário
0.19827,0.1993,2000-03-23 16:30:00.0,Intermediário
0.19841,0.19956,2000-03-23 17:00:00.0,Fechamento Interbancário
0.19914,0.19955,2000-03-23 19:20:00.0,Fechamento
0.19729,0.19936,2000-03-24 09:21:00.0,Abertura
0.19814,0.19917,2000-03-24 10:00:00.0,Intermediário
0.19797,0.199,2000-03-24 10:30:00.0,Intermediário
0.19787,0.19889,2000-03-24 11:00:00.0,Intermediário
0.19805,0.19931,2000-03-24 11:30:00.0,Intermediário
0.20063,0.2019,2000-03-24 12:08:00.0,Intermediário
0.20041,0.20157,2000-03-24 12:30:00.0,Intermediário
0.20074,0.20178,2000-03-24 13:00:00.0,Intermediário
0.20139,0.20255,2000-03-24 13:30:00.0,Intermediário
0.2016,0.20276,2000-03-24 14:00:00.0,Intermediário
0.20163,0.20279,2000-03-24 14:30:00.0,Intermediário
0.20173,0.20289,2000-03-24 15:00:00.0,Intermediário
0.20166,0.20282,2000-03-24 15:30:00.0,Intermediário
0.20237,0.20354,2000-03-24 16:00:00.0,Intermediário
0.20256,0.20373,2000-03-24 16:30:00.0,Intermediário
0.20191,0.20307,2000-03-24 17:00:00.0,Fechamento Interbancário
0.2015,0.20192,2000-03-24 19:10:00.0,Fechamento
0.201,0.20309,2000-03-27 09:40:00.0,Abertura
0.20158,0.20274,2000-03-27 10:00:00.0,Intermediário
0.20163,0.20279,2000-03-27 10:30:00.0,Intermediário
0.2014,0.20244,2000-03-27 11:00:00.0,Intermediário
0.20139,0.20255,2000-03-27 11:30:00.0,Intermediário
0.20165,0.20269,2000-03-27 12:00:00.0,Intermediário
0.20148,0.20253,2000-03-27 13:40:00.0,Intermediário
0.20134,0.20238,2000-03-27 13:44:00.0,Intermediário
0.2002,0.20124,2000-03-27 13:47:00.0,Intermediário
0.20032,0.20135,2000-03-27 14:00:00.0,Intermediário
0.2002,0.20124,2000-03-27 14:30:00.0,Intermediário
0.20052,0.20167,2000-03-27 15:00:00.0,Intermediário
0.20114,0.20218,2000-03-27 15:30:00.0,Intermediário
0.2012,0.20224,2000-03-27 16:00:00.0,Intermediário
0.20202,0.20306,2000-03-27 16:30:00.0,Intermediário
0.20213,0.20317,2000-03-27 17:00:00.0,Fechamento Interbancário
0.20103,0.20144,2000-03-27 19:17:00.0,Fechamento
0.20307,0.20517,2000-03-28 09:35:00.0,Abertura
0.20337,0.20453,2000-03-28 10:00:00.0,Intermediário
0.20373,0.2049,2000-03-28 10:30:00.0,Intermediário
0.2041,0.20527,2000-03-28 11:00:00.0,Intermediário
0.20423,0.20528,2000-03-28 11:30:00.0,Intermediário
0.20408,0.20514,2000-03-28 12:00:00.0,Intermediário
0.2043,0.20536,2000-03-28 12:30:00.0,Intermediário
0.20385,0.20491,2000-03-28 13:00:00.0,Intermediário
0.20371,0.20476,2000-03-28 13:30:00.0,Intermediário
0.20359,0.20464,2000-03-28 14:00:00.0,Intermediário
0.20368,0.20473,2000-03-28 14:30:00.0,Intermediário
0.20359,0.20464,2000-03-28 15:00:00.0,Intermediário
0.20323,0.20429,2000-03-28 15:30:00.0,Intermediário
0.20289,0.20405,2000-03-28 16:00:00.0,Intermediário
0.20294,0.20411,2000-03-28 16:30:00.0,Intermediário
0.20297,0.20414,2000-03-28 17:00:00.0,Fechamento Interbancário
0.2036,0.20402,2000-03-28 19:13:00.0,Fechamento
0.20027,0.20236,2000-03-29 09:32:00.0,Abertura
0.20122,0.20238,2000-03-29 10:00:00.0,Intermediário
0.20067,0.2017,2000-03-29 10:30:00.0,Intermediário
0.20124,0.20228,2000-03-29 11:00:00.0,Intermediário
0.20078,0.20181,2000-03-29 11:30:00.0,Intermediário
0.20076,0.20191,2000-03-29 12:00:00.0,Intermediário
0.20018,0.20133,2000-03-29 12:32:00.0,Intermediário
0.20051,0.20155,2000-03-29 13:00:00.0,Intermediário
0.20059,0.20163,2000-03-29 13:30:00.0,Intermediário
0.20029,0.20133,2000-03-29 14:00:00.0,Intermediário
0.20013,0.20116,2000-03-29 14:30:00.0,Intermediário
0.20079,0.20183,2000-03-29 15:00:00.0,Intermediário
0.20056,0.20171,2000-03-29 15:30:00.0,Intermediário
0.20088,0.20204,2000-03-29 16:00:00.0,Intermediário
0.20097,0.20213,2000-03-29 16:30:00.0,Intermediário
0.20087,0.20191,2000-03-29 17:00:00.0,Fechamento Interbancário
0.20062,0.20103,2000-03-29 19:12:00.0,Fechamento
0.20167,0.20376,2000-03-30 09:27:00.0,Abertura
0.20186,0.2029,2000-03-30 10:00:00.0,Intermediário
0.20164,0.20279,2000-03-30 10:30:00.0,Intermediário
0.20193,0.20309,2000-03-30 11:08:00.0,Intermediário
0.20146,0.20262,2000-03-30 11:30:00.0,Intermediário
0.2021,0.20326,2000-03-30 12:00:00.0,Intermediário
0.20242,0.20358,2000-03-30 12:30:00.0,Intermediário
0.20252,0.20368,2000-03-30 13:00:00.0,Intermediário
0.20289,0.20394,2000-03-30 13:30:00.0,Intermediário
0.20245,0.20349,2000-03-30 14:00:00.0,Intermediário
0.20254,0.20359,2000-03-30 14:30:00.0,Intermediário
0.20286,0.20403,2000-03-30 15:00:00.0,Intermediário
0.20195,0.20299,2000-03-30 15:30:00.0,Intermediário
0.2021,0.20314,2000-03-30 16:00:00.0,Intermediário
0.20243,0.20359,2000-03-30 16:30:00.0,Intermediário
0.20231,0.20335,2000-03-30 17:00:00.0,Fechamento Interbancário
0.20269,0.20311,2000-03-30 19:16:00.0,Fechamento
0.20029,0.20237,2000-03-31 09:40:00.0,Abertura
0.20121,0.20236,2000-03-31 10:00:00.0,Intermediário
0.20103,0.20218,2000-03-31 10:30:00.0,Intermediário
0.20125,0.20229,2000-03-31 11:00:00.0,Intermediário
0.20134,0.20238,2000-03-31 11:30:00.0,Intermediário
0.20167,0.20271,2000-03-31 12:00:00.0,Intermediário
0.20116,0.20231,2000-03-31 12:43:00.0,Intermediário
0.20091,0.20206,2000-03-31 13:00:00.0,Intermediário
0.20099,0.20214,2000-03-31 13:30:00.0,Intermediário
0.20131,0.20247,2000-03-31 14:00:00.0,Intermediário
0.20117,0.20233,2000-03-31 14:30:00.0,Intermediário
0.20069,0.20185,2000-03-31 15:00:00.0,Intermediário
0.20037,0.20152,2000-03-31 15:34:00.0,Intermediário
0.20013,0.20128,2000-03-31 16:00:00.0,Intermediário
0.20013,0.20128,2000-03-31 16:30:00.0,Intermediário
0.19999,0.20114,2000-03-31 17:15:00.0,Fechamento Interbancário
0.20151,0.20192,2000-03-31 19:24:00.0,Fechamento
0.19927,0.20134,2000-04-03 09:39:00.0,Abertura
0.19997,0.20112,2000-04-03 10:10:00.0,Intermediário
0.20036,0.20139,2000-04-03 10:35:00.0,Intermediário
0.20036,0.20139,2000-04-03 10:36:00.0,Intermediário
0.20018,0.20132,2000-04-03 11:06:00.0,Intermediário
0.20073,0.20188,2000-04-03 11:40:00.0,Intermediário
0.19969,0.20084,2000-04-03 12:10:00.0,Intermediário
0.19976,0.2008,2000-04-03 12:30:00.0,Intermediário
0.20025,0.20128,2000-04-03 13:00:00.0,Intermediário
0.20008,0.20123,2000-04-03 13:30:00.0,Intermediário
0.20008,0.20123,2000-04-03 14:00:00.0,Intermediário
0.20062,0.20177,2000-04-03 14:30:00.0,Intermediário
0.20036,0.20152,2000-04-03 15:00:00.0,Intermediário
0.20002,0.20105,2000-04-03 15:30:00.0,Intermediário
0.20073,0.20176,2000-04-03 16:00:00.0,Intermediário
0.20049,0.20164,2000-04-03 16:30:00.0,Intermediário
0.19989,0.20092,2000-04-03 17:00:00.0,Fechamento Interbancário
0.19964,0.20005,2000-04-03 19:18:00.0,Fechamento
0.19884,0.20091,2000-04-04 09:22:00.0,Abertura
0.19917,0.2002,2000-04-04 10:00:00.0,Intermediário
0.19939,0.20054,2000-04-04 10:30:00.0,Intermediário
0.19921,0.20036,2000-04-04 11:00:00.0,Intermediário
0.19926,0.20029,2000-04-04 11:30:00.0,Intermediário
0.19922,0.20025,2000-04-04 12:00:00.0,Intermediário
0.19903,0.20017,2000-04-04 12:30:00.0,Intermediário
0.20058,0.20173,2000-04-04 13:03:00.0,Intermediário
0.20046,0.20149,2000-04-04 13:30:00.0,Intermediário
0.20198,0.20303,2000-04-04 14:03:00.0,Intermediário
0.20324,0.20441,2000-04-04 14:30:00.0,Intermediário
0.20246,0.20362,2000-04-04 15:00:00.0,Intermediário
0.2019,0.20306,2000-04-04 15:30:00.0,Intermediário
0.20266,0.20383,2000-04-04 16:00:00.0,Intermediário
0.20192,0.20308,2000-04-04 16:30:00.0,Intermediário
0.2014,0.20256,2000-04-04 17:00:00.0,Fechamento Interbancário
0.20147,0.20188,2000-04-04 19:15:00.0,Fechamento
0.20268,0.20478,2000-04-05 10:08:00.0,Abertura
0.20392,0.20509,2000-04-05 10:30:00.0,Intermediário
0.20359,0.20464,2000-04-05 11:00:00.0,Intermediário
0.20305,0.20422,2000-04-05 11:30:00.0,Intermediário
0.20315,0.20431,2000-04-05 12:00:00.0,Intermediário
0.20319,0.20424,2000-04-05 12:30:00.0,Intermediário
0.20301,0.20418,2000-04-05 13:00:00.0,Intermediário
0.20289,0.20405,2000-04-05 13:30:00.0,Intermediário
0.20245,0.20361,2000-04-05 14:00:00.0,Intermediário
0.20265,0.20381,2000-04-05 14:30:00.0,Intermediário
0.20216,0.2032,2000-04-05 15:00:00.0,Intermediário
0.20187,0.20291,2000-04-05 15:30:00.0,Intermediário
0.20104,0.2022,2000-04-05 16:00:00.0,Intermediário
0.20192,0.20319,2000-04-05 16:30:00.0,Intermediário
0.20188,0.20292,2000-04-05 17:00:00.0,Fechamento Interbancário
0.20219,0.2026,2000-04-05 19:15:00.0,Fechamento
0.20106,0.20314,2000-04-06 09:45:00.0,Abertura
0.20131,0.20247,2000-04-06 10:00:00.0,Intermediário
0.20069,0.20172,2000-04-06 10:30:00.0,Intermediário
0.20081,0.20196,2000-04-06 11:00:00.0,Intermediário
0.20082,0.20198,2000-04-06 11:30:00.0,Intermediário
0.2009,0.20194,2000-04-06 12:00:00.0,Intermediário
0.20068,0.20184,2000-04-06 12:30:00.0,Intermediário
0.20099,0.20202,2000-04-06 13:00:00.0,Intermediário
0.20111,0.20215,2000-04-06 13:30:00.0,Intermediário
0.20117,0.20221,2000-04-06 14:00:00.0,Intermediário
0.20094,0.20198,2000-04-06 14:30:00.0,Intermediário
0.20093,0.20197,2000-04-06 15:00:00.0,Intermediário
0.20119,0.20223,2000-04-06 15:30:00.0,Intermediário
0.20153,0.20257,2000-04-06 16:00:00.0,Intermediário
0.20125,0.20241,2000-04-06 16:30:00.0,Intermediário
0.20139,0.20243,2000-04-06 17:00:00.0,Fechamento Interbancário
0.20117,0.20158,2000-04-06 19:19:00.0,Fechamento
0.20072,0.2028,2000-04-07 09:39:00.0,Abertura
0.20071,0.20186,2000-04-07 10:00:00.0,Intermediário
0.20074,0.20178,2000-04-07 10:30:00.0,Intermediário
0.2011,0.20214,2000-04-07 11:00:00.0,Intermediário
0.20099,0.20214,2000-04-07 11:30:00.0,Intermediário
0.20161,0.20265,2000-04-07 12:00:00.0,Intermediário
0.20159,0.20263,2000-04-07 12:30:00.0,Intermediário
0.20141,0.20256,2000-04-07 13:00:00.0,Intermediário
0.20164,0.20279,2000-04-07 13:30:00.0,Intermediário
0.20154,0.2027,2000-04-07 14:00:00.0,Intermediário
0.20108,0.20223,2000-04-07 14:30:00.0,Intermediário
0.2011,0.20225,2000-04-07 15:00:00.0,Intermediário
0.20086,0.20201,2000-04-07 15:30:00.0,Intermediário
0.20069,0.20173,2000-04-07 16:00:00.0,Intermediário
0.20018,0.20121,2000-04-07 16:30:00.0,Intermediário
0.20041,0.20156,2000-04-07 17:00:00.0,Fechamento Interbancário
0.20089,0.2013,2000-04-07 19:08:00.0,Fechamento
0.20023,0.20231,2000-04-10 09:33:00.0,Abertura
0.20052,0.20167,2000-04-10 10:09:00.0,Intermediário
0.20087,0.20203,2000-04-10 10:38:00.0,Intermediário
0.20078,0.20194,2000-04-10 11:05:00.0,Intermediário
0.20097,0.20212,2000-04-10 12:02:00.0,Intermediário
0.20087,0.20191,2000-04-10 12:07:00.0,Intermediário
0.20134,0.20238,2000-04-10 12:34:00.0,Intermediário
0.20118,0.20222,2000-04-10 13:02:00.0,Intermediário
0.20123,0.20227,2000-04-10 13:32:00.0,Intermediário
0.2016,0.20264,2000-04-10 14:01:00.0,Intermediário
0.20155,0.20259,2000-04-10 14:39:00.0,Intermediário
0.20175,0.20279,2000-04-10 15:05:00.0,Intermediário
0.20175,0.20279,2000-04-10 15:35:00.0,Intermediário
0.20199,0.20315,2000-04-10 16:06:00.0,Intermediário
0.2021,0.20326,2000-04-10 16:41:00.0,Intermediário
0.2023,0.20334,2000-04-10 17:04:00.0,Fechamento Interbancário
0.20216,0.20258,2000-04-10 19:16:00.0,Fechamento
0.20085,0.20293,2000-04-11 09:29:00.0,Abertura
0.20203,0.20319,2000-04-11 10:01:00.0,Intermediário
0.20242,0.20347,2000-04-11 10:36:00.0,Intermediário
0.20227,0.20344,2000-04-11 11:00:00.0,Intermediário
0.20252,0.20357,2000-04-11 11:30:00.0,Intermediário
0.20238,0.20343,2000-04-11 12:00:00.0,Intermediário
0.2022,0.20324,2000-04-11 12:30:00.0,Intermediário
0.20145,0.20261,2000-04-11 13:00:00.0,Intermediário
0.20156,0.20272,2000-04-11 13:30:00.0,Intermediário
0.20094,0.2021,2000-04-11 14:00:00.0,Intermediário
0.20125,0.20241,2000-04-11 14:30:00.0,Intermediário
0.20164,0.2028,2000-04-11 15:00:00.0,Intermediário
0.20148,0.20252,2000-04-11 15:30:00.0,Intermediário
0.20124,0.2024,2000-04-11 16:00:00.0,Intermediário
0.2014,0.20244,2000-04-11 16:30:00.0,Intermediário
0.20087,0.20202,2000-04-11 17:00:00.0,Fechamento Interbancário
0.20118,0.20159,2000-04-11 19:10:00.0,Fechamento
0.19992,0.20199,2000-04-12 09:24:00.0,Abertura
0.20075,0.2019,2000-04-12 10:00:00.0,Intermediário
0.20107,0.20223,2000-04-12 10:30:00.0,Intermediário
0.20133,0.20249,2000-04-12 11:00:00.0,Intermediário
0.20128,0.20232,2000-04-12 11:30:00.0,Intermediário
0.20089,0.20193,2000-04-12 12:08:00.0,Intermediário
0.20013,0.20128,2000-04-12 12:30:00.0,Intermediário
0.20047,0.20151,2000-04-12 13:00:00.0,Intermediário
0.20034,0.20137,2000-04-12 13:30:00.0,Intermediário
0.20004,0.20107,2000-04-12 14:04:00.0,Intermediário
0.20054,0.20158,2000-04-12 14:30:00.0,Intermediário
0.20046,0.20149,2000-04-12 15:00:00.0,Intermediário
0.20025,0.20128,2000-04-12 15:37:00.0,Intermediário
0.2007,0.20185,2000-04-12 16:00:00.0,Intermediário
0.20102,0.20217,2000-04-12 16:30:00.0,Intermediário
0.20136,0.20252,2000-04-12 17:00:00.0,Fechamento Interbancário
0.20073,0.20114,2000-04-12 19:32:00.0,Fechamento
0.20061,0.20268,2000-04-13 09:31:00.0,Abertura
0.20173,0.20289,2000-04-13 10:00:00.0,Intermediário
0.20202,0.20317,2000-04-13 10:30:00.0,Intermediário
0.20274,0.2039,2000-04-13 11:00:00.0,Intermediário
0.20266,0.2037,2000-04-13 11:30:00.0,Intermediário
0.20244,0.20348,2000-04-13 12:00:00.0,Intermediário
0.20197,0.20313,2000-04-13 12:30:00.0,Intermediário
0.2018,0.20295,2000-04-13 13:00:00.0,Intermediário
0.2021,0.20326,2000-04-13 13:30:00.0,Intermediário
0.20198,0.20314,2000-04-13 14:00:00.0,Intermediário
0.20191,0.20307,2000-04-13 14:30:00.0,Intermediário
0.20206,0.20322,2000-04-13 15:00:00.0,Intermediário
0.20304,0.2042,2000-04-13 15:30:00.0,Intermediário
0.20403,0.20508,2000-04-13 16:00:00.0,Intermediário
0.2047,0.20587,2000-04-13 16:30:00.0,Intermediário
0.20436,0.20565,2000-04-13 17:00:00.0,Fechamento Interbancário
0.20237,0.20278,2000-04-13 19:14:00.0,Fechamento
0.20414,0.20622,2000-04-14 09:36:00.0,Abertura
0.20553,0.20671,2000-04-14 10:07:00.0,Intermediário
0.20553,0.20671,2000-04-14 10:30:00.0,Intermediário
0.20558,0.20676,2000-04-14 11:00:00.0,Intermediário
0.2058,0.20686,2000-04-14 11:30:00.0,Intermediário
0.20377,0.20494,2000-04-14 12:10:00.0,Intermediário
0.20456,0.20561,2000-04-14 12:30:00.0,Intermediário
0.20498,0.20615,2000-04-14 13:00:00.0,Intermediário
0.20453,0.2057,2000-04-14 13:30:00.0,Intermediário
0.20444,0.2056,2000-04-14 14:00:00.0,Intermediário
0.20486,0.20603,2000-04-14 14:30:00.0,Intermediário
0.20444,0.20584,2000-04-14 15:00:00.0,Intermediário
0.20352,0.20503,2000-04-14 15:30:00.0,Intermediário
0.20421,0.20538,2000-04-14 16:00:00.0,Intermediário
0.20459,0.20576,2000-04-14 16:34:00.0,Intermediário
0.20556,0.20673,2000-04-14 17:00:00.0,Fechamento Interbancário
0.20546,0.20587,2000-04-14 19:24:00.0,Fechamento
0.20465,0.20674,2000-04-17 09:44:00.0,Abertura
0.20535,0.20652,2000-04-17 10:10:00.0,Intermediário
0.20583,0.207,2000-04-17 10:36:00.0,Intermediário
0.2056,0.20677,2000-04-17 11:08:00.0,Intermediário
0.20552,0.20669,2000-04-17 11:37:00.0,Intermediário
0.20427,0.20543,2000-04-17 12:06:00.0,Intermediário
0.20422,0.20538,2000-04-17 12:48:00.0,Intermediário
0.20446,0.20551,2000-04-17 13:00:00.0,Intermediário
0.20448,0.20553,2000-04-17 13:30:00.0,Intermediário
0.20396,0.20501,2000-04-17 14:05:00.0,Intermediário
0.20438,0.20544,2000-04-17 14:30:00.0,Intermediário
0.2053,0.20648,2000-04-17 15:00:00.0,Intermediário
0.2041,0.20527,2000-04-17 15:30:00.0,Intermediário
0.20349,0.20466,2000-04-17 16:00:00.0,Intermediário
0.20284,0.204,2000-04-17 16:34:00.0,Intermediário
0.20313,0.20429,2000-04-17 17:00:00.0,Fechamento Interbancário
0.20418,0.20459,2000-04-17 19:18:00.0,Fechamento
0.2028,0.20488,2000-04-18 09:48:00.0,Abertura
0.20298,0.20414,2000-04-18 10:00:00.0,Intermediário
0.20248,0.20364,2000-04-18 10:30:00.0,Intermediário
0.20235,0.20351,2000-04-18 11:00:00.0,Intermediário
0.20206,0.20322,2000-04-18 11:30:00.0,Intermediário
0.20228,0.20343,2000-04-18 12:00:00.0,Intermediário
0.20155,0.20259,2000-04-18 12:30:00.0,Intermediário
0.20121,0.20236,2000-04-18 13:00:00.0,Intermediário
0.20171,0.20286,2000-04-18 13:30:00.0,Intermediário
0.20164,0.20279,2000-04-18 14:00:00.0,Intermediário
0.20155,0.20271,2000-04-18 14:39:00.0,Intermediário
0.20056,0.20171,2000-04-18 15:07:00.0,Intermediário
0.20055,0.2017,2000-04-18 15:36:00.0,Intermediário
0.20075,0.20189,2000-04-18 16:00:00.0,Intermediário
0.2012,0.20235,2000-04-18 16:30:00.0,Intermediário
0.20105,0.2022,2000-04-18 17:00:00.0,Fechamento Interbancário
0.2024,0.20281,2000-04-18 19:13:00.0,Fechamento
0.20091,0.20298,2000-04-19 09:27:00.0,Abertura
0.2016,0.20276,2000-04-19 10:00:00.0,Intermediário
0.20113,0.20217,2000-04-19 10:30:00.0,Intermediário
0.20127,0.20242,2000-04-19 11:00:00.0,Intermediário
0.20104,0.20219,2000-04-19 11:30:00.0,Intermediário
0.20083,0.20187,2000-04-19 12:00:00.0,Intermediário
0.20076,0.20179,2000-04-19 12:30:00.0,Intermediário
0.20019,0.20122,2000-04-19 13:00:00.0,Intermediário
0.20033,0.20136,2000-04-19 13:30:00.0,Intermediário
0.20052,0.20155,2000-04-19 14:00:00.0,Intermediário
0.20069,0.20173,2000-04-19 14:30:00.0,Intermediário
0.20116,0.2022,2000-04-19 15:00:00.0,Intermediário
0.20111,0.20226,2000-04-19 15:30:00.0,Intermediário
0.20133,0.20248,2000-04-19 16:00:00.0,Intermediário
0.20207,0.20311,2000-04-19 16:30:00.0,Intermediário
0.20199,0.20315,2000-04-19 17:00:00.0,Fechamento Interbancário
0.20111,0.20152,2000-04-19 19:14:00.0,Fechamento
0.20009,0.20214,2000-04-20 09:43:00.0,Abertura
0.20112,0.20227,2000-04-20 10:00:00.0,Intermediário
0.20187,0.20302,2000-04-20 10:30:00.0,Intermediário
0.2018,0.20284,2000-04-20 11:00:00.0,Intermediário
0.20156,0.20271,2000-04-20 11:30:00.0,Intermediário
0.20268,0.20372,2000-04-20 12:00:00.0,Intermediário
0.20188,0.20303,2000-04-20 12:30:00.0,Intermediário
0.20187,0.20302,2000-04-20 13:00:00.0,Intermediário
0.20164,0.20268,2000-04-20 13:30:00.0,Intermediário
0.20157,0.20261,2000-04-20 14:00:00.0,Intermediário
0.20161,0.20265,2000-04-20 14:40:00.0,Intermediário
0.20185,0.203,2000-04-20 15:00:00.0,Intermediário
0.20203,0.20318,2000-04-20 15:38:00.0,Intermediário
0.20276,0.20392,2000-04-20 16:00:00.0,Intermediário
0.20173,0.20299,2000-04-20 16:30:00.0,Intermediário
0.20199,0.20315,2000-04-20 17:00:00.0,Fechamento Interbancário
0.20232,0.20273,2000-04-20 19:14:00.0,Fechamento
0.20291,0.20499,2000-04-24 09:39:00.0,Abertura
0.20436,0.20552,2000-04-24 10:00:00.0,Intermediário
0.20488,0.20605,2000-04-24 10:30:00.0,Intermediário
0.20384,0.205,2000-04-24 11:00:00.0,Intermediário
0.20425,0.2053,2000-04-24 11:30:00.0,Intermediário
0.20319,0.20435,2000-04-24 12:05:00.0,Intermediário
0.20379,0.20496,2000-04-24 12:30:00.0,Intermediário
0.20358,0.20463,2000-04-24 13:00:00.0,Intermediário
0.20349,0.20454,2000-04-24 13:30:00.0,Intermediário
0.20356,0.20461,2000-04-24 14:00:00.0,Intermediário
0.20354,0.20458,2000-04-24 14:31:00.0,Intermediário
0.20298,0.20402,2000-04-24 15:08:00.0,Intermediário
0.20319,0.20435,2000-04-24 15:34:00.0,Intermediário
0.20323,0.20428,2000-04-24 16:00:00.0,Intermediário
0.20328,0.20444,2000-04-24 16:35:00.0,Intermediário
0.20328,0.20433,2000-04-24 17:00:00.0,Fechamento Interbancário
0.20322,0.20363,2000-04-24 19:15:00.0,Fechamento
0.19998,0.20203,2000-04-25 09:37:00.0,Abertura
0.20088,0.20203,2000-04-25 10:00:00.0,Intermediário
0.20027,0.20142,2000-04-25 10:35:00.0,Intermediário
0.20069,0.20183,2000-04-25 11:00:00.0,Intermediário
0.20111,0.20214,2000-04-25 11:30:00.0,Intermediário
0.2017,0.20274,2000-04-25 12:00:00.0,Intermediário
0.20175,0.20278,2000-04-25 12:30:00.0,Intermediário
0.20189,0.20292,2000-04-25 13:00:00.0,Intermediário
0.20141,0.20245,2000-04-25 13:30:00.0,Intermediário
0.20138,0.20241,2000-04-25 14:00:00.0,Intermediário
0.20075,0.20178,2000-04-25 14:41:00.0,Intermediário
0.20045,0.20159,2000-04-25 15:00:00.0,Intermediário
0.19992,0.20106,2000-04-25 15:36:00.0,Intermediário
0.2004,0.20154,2000-04-25 16:00:00.0,Intermediário
0.20061,0.20175,2000-04-25 16:30:00.0,Intermediário
0.20048,0.20162,2000-04-25 17:00:00.0,Fechamento Interbancário
0.20065,0.20105,2000-04-25 19:14:00.0,Fechamento
0.20069,0.20274,2000-04-26 09:55:00.0,Abertura
0.20191,0.20306,2000-04-26 10:00:00.0,Intermediário
0.20187,0.20302,2000-04-26 10:30:00.0,Intermediário
0.2018,0.20295,2000-04-26 11:00:00.0,Intermediário
0.20208,0.20311,2000-04-26 11:30:00.0,Intermediário
0.20215,0.20319,2000-04-26 12:00:00.0,Intermediário
0.20199,0.20314,2000-04-26 12:30:00.0,Intermediário
0.20185,0.203,2000-04-26 13:00:00.0,Intermediário
0.20167,0.20281,2000-04-26 13:30:00.0,Intermediário
0.20187,0.20302,2000-04-26 14:00:00.0,Intermediário
0.20189,0.20304,2000-04-26 14:30:00.0,Intermediário
0.2018,0.20284,2000-04-26 15:00:00.0,Intermediário
0.20205,0.2032,2000-04-26 15:30:00.0,Intermediário
0.2019,0.20294,2000-04-26 16:00:00.0,Intermediário
0.20215,0.20342,2000-04-26 16:30:00.0,Intermediário
0.20207,0.20333,2000-04-26 17:08:00.0,Fechamento Interbancário
0.2021,0.20251,2000-04-26 19:14:00.0,Fechamento
0.20177,0.20382,2000-04-27 09:47:00.0,Abertura
0.20287,0.20425,2000-04-27 10:00:00.0,Intermediário
0.20291,0.20395,2000-04-27 10:30:00.0,Intermediário
0.20189,0.20303,2000-04-27 11:06:00.0,Intermediário
0.2016,0.20275,2000-04-27 11:30:00.0,Intermediário
0.20143,0.20257,2000-04-27 12:00:00.0,Intermediário
0.20176,0.2028,2000-04-27 12:30:00.0,Intermediário
0.20086,0.202,2000-04-27 13:00:00.0,Intermediário
0.20107,0.20221,2000-04-27 13:30:00.0,Intermediário
0.20078,0.20192,2000-04-27 14:00:00.0,Intermediário
0.20134,0.20248,2000-04-27 14:30:00.0,Intermediário
0.20111,0.20214,2000-04-27 15:00:00.0,Intermediário
0.20076,0.20179,2000-04-27 15:30:00.0,Intermediário
0.201,0.20214,2000-04-27 16:00:00.0,Intermediário
0.20114,0.20217,2000-04-27 16:30:00.0,Intermediário
0.20132,0.20246,2000-04-27 17:00:00.0,Fechamento Interbancário
0.2017,0.2021,2000-04-27 19:10:00.0,Fechamento
0.19999,0.20202,2000-04-28 09:43:00.0,Abertura
0.20143,0.20258,2000-04-28 10:00:00.0,Intermediário
0.20053,0.20167,2000-04-28 10:30:00.0,Intermediário
0.20103,0.20217,2000-04-28 11:00:00.0,Intermediário
0.2011,0.20224,2000-04-28 11:30:00.0,Intermediário
0.20085,0.20199,2000-04-28 12:00:00.0,Intermediário
0.20134,0.20249,2000-04-28 12:30:00.0,Intermediário
0.20074,0.20188,2000-04-28 13:03:00.0,Intermediário
0.20125,0.2024,2000-04-28 13:30:00.0,Intermediário
0.2015,0.20264,2000-04-28 14:00:00.0,Intermediário
0.20148,0.20262,2000-04-28 14:30:00.0,Intermediário
0.20135,0.20238,2000-04-28 15:00:00.0,Intermediário
0.20143,0.20257,2000-04-28 15:30:00.0,Intermediário
0.20178,0.20292,2000-04-28 16:00:00.0,Intermediário
0.20168,0.20282,2000-04-28 16:30:00.0,Intermediário
0.20164,0.20278,2000-04-28 17:04:00.0,Fechamento Interbancário
0.20193,0.20233,2000-04-28 19:17:00.0,Fechamento
0.20034,0.20237,2000-05-02 09:50:00.0,Abertura
0.20103,0.20218,2000-05-02 10:10:00.0,Intermediário
0.2009,0.20204,2000-05-02 10:34:00.0,Intermediário
0.20108,0.20211,2000-05-02 11:00:00.0,Intermediário
0.20087,0.20202,2000-05-02 11:30:00.0,Intermediário
0.20049,0.20163,2000-05-02 12:00:00.0,Intermediário
0.20033,0.20135,2000-05-02 12:30:00.0,Intermediário
0.20065,0.20179,2000-05-02 13:00:00.0,Intermediário
0.20061,0.20175,2000-05-02 13:30:00.0,Intermediário
0.20018,0.20132,2000-05-02 14:00:00.0,Intermediário
0.20036,0.2015,2000-05-02 14:30:00.0,Intermediário
0.20095,0.20209,2000-05-02 15:00:00.0,Intermediário
0.20149,0.20252,2000-05-02 15:30:00.0,Intermediário
0.20153,0.20256,2000-05-02 16:00:00.0,Intermediário
0.20152,0.20256,2000-05-02 16:30:00.0,Intermediário
0.20154,0.20268,2000-05-02 17:12:00.0,Fechamento Interbancário
0.20161,0.20202,2000-05-02 19:10:00.0,Fechamento
0.19893,0.20095,2000-05-03 09:41:00.0,Abertura
0.20013,0.20116,2000-05-03 10:00:00.0,Intermediário
0.20092,0.20195,2000-05-03 10:30:00.0,Intermediário
0.20057,0.2016,2000-05-03 11:00:00.0,Intermediário
0.20011,0.20124,2000-05-03 11:30:00.0,Intermediário
0.1998,0.20093,2000-05-03 12:00:00.0,Intermediário
0.20026,0.20129,2000-05-03 12:30:00.0,Intermediário
0.19967,0.2008,2000-05-03 13:00:00.0,Intermediário
0.19991,0.20093,2000-05-03 13:30:00.0,Intermediário
0.20037,0.2014,2000-05-03 14:00:00.0,Intermediário
0.20091,0.20194,2000-05-03 14:30:00.0,Intermediário
0.20065,0.20179,2000-05-03 15:00:00.0,Intermediário
0.20103,0.20217,2000-05-03 15:30:00.0,Intermediário
0.2012,0.20234,2000-05-03 16:00:00.0,Intermediário
0.2011,0.20224,2000-05-03 16:30:00.0,Intermediário
0.20077,0.2019,2000-05-03 17:00:00.0,Fechamento Interbancário
0.20104,0.20144,2000-05-03 19:15:00.0,Fechamento
0.19903,0.20104,2000-05-04 09:54:00.0,Abertura
0.1996,0.20073,2000-05-04 10:00:00.0,Intermediário
0.19958,0.2006,2000-05-04 10:30:00.0,Intermediário
0.19976,0.20078,2000-05-04 11:00:00.0,Intermediário
0.19952,0.20054,2000-05-04 11:30:00.0,Intermediário
0.1991,0.20022,2000-05-04 12:00:00.0,Intermediário
0.19859,0.19972,2000-05-04 12:30:00.0,Intermediário
0.19868,0.1997,2000-05-04 13:00:00.0,Intermediário
0.1991,0.20022,2000-05-04 13:30:00.0,Intermediário
0.19901,0.20014,2000-05-04 14:00:00.0,Intermediário
0.19894,0.20007,2000-05-04 14:30:00.0,Intermediário
0.19883,0.19985,2000-05-04 15:00:00.0,Intermediário
0.19848,0.1996,2000-05-04 15:30:00.0,Intermediário
0.19829,0.19941,2000-05-04 16:00:00.0,Intermediário
0.1984,0.19952,2000-05-04 16:30:00.0,Intermediário
0.19822,0.19924,2000-05-04 17:00:00.0,Fechamento Interbancário
0.19871,0.1991,2000-05-04 19:15:00.0,Fechamento
0.1987,0.20071,2000-05-05 09:28:00.0,Abertura
0.19987,0.201,2000-05-05 10:00:00.0,Intermediário
0.19996,0.20109,2000-05-05 10:30:00.0,Intermediário
0.19983,0.20086,2000-05-05 11:00:00.0,Intermediário
0.19862,0.19964,2000-05-05 11:36:00.0,Intermediário
0.19817,0.19918,2000-05-05 12:00:00.0,Intermediário
0.19849,0.19961,2000-05-05 12:30:00.0,Intermediário
0.19861,0.19973,2000-05-05 13:00:00.0,Intermediário
0.19917,0.2003,2000-05-05 13:30:00.0,Intermediário
0.19888,0.2,2000-05-05 14:00:00.0,Intermediário
0.19888,0.2,2000-05-05 14:30:00.0,Intermediário
0.1986,0.19962,2000-05-05 15:00:00.0,Intermediário
0.19825,0.19937,2000-05-05 15:30:00.0,Intermediário
0.19787,0.19899,2000-05-05 16:00:00.0,Intermediário
0.19752,0.19864,2000-05-05 16:30:00.0,Intermediário
0.19751,0.19863,2000-05-05 17:00:00.0,Fechamento Interbancário
0.1988,0.1992,2000-05-05 19:12:00.0,Fechamento
0.19677,0.19877,2000-05-08 09:39:00.0,Abertura
0.19797,0.1991,2000-05-08 10:24:00.0,Intermediário
0.19793,0.19906,2000-05-08 10:35:00.0,Intermediário
0.19733,0.19845,2000-05-08 11:16:00.0,Intermediário
0.19783,0.19895,2000-05-08 11:42:00.0,Intermediário
0.1978,0.19893,2000-05-08 11:42:00.0,Intermediário
0.1978,0.19893,2000-05-08 11:43:00.0,Intermediário
0.19785,0.19886,2000-05-08 12:00:00.0,Intermediário
0.19815,0.19917,2000-05-08 12:42:00.0,Intermediário
0.19798,0.1991,2000-05-08 13:00:00.0,Intermediário
0.19828,0.19941,2000-05-08 13:30:00.0,Intermediário
0.19828,0.19941,2000-05-08 14:20:00.0,Intermediário
0.19848,0.19961,2000-05-08 14:30:00.0,Intermediário
0.19843,0.19945,2000-05-08 15:00:00.0,Intermediário
0.19852,0.19965,2000-05-08 15:30:00.0,Intermediário
0.19847,0.19959,2000-05-08 16:00:00.0,Intermediário
0.19858,0.1997,2000-05-08 16:30:00.0,Intermediário
0.19857,0.19969,2000-05-08 17:00:00.0,Fechamento Interbancário
0.19866,0.19906,2000-05-08 19:06:00.0,Fechamento
0.19722,0.19922,2000-05-09 09:50:00.0,Abertura
0.19798,0.1991,2000-05-09 10:00:00.0,Intermediário
0.19789,0.19901,2000-05-09 10:54:00.0,Intermediário
0.19863,0.19965,2000-05-09 11:01:00.0,Intermediário
0.19872,0.19974,2000-05-09 11:30:00.0,Intermediário
0.19916,0.20029,2000-05-09 12:00:00.0,Intermediário
0.1992,0.20033,2000-05-09 12:30:00.0,Intermediário
0.1992,0.20022,2000-05-09 13:00:00.0,Intermediário
0.19996,0.20109,2000-05-09 13:30:00.0,Intermediário
0.19971,0.20085,2000-05-09 14:00:00.0,Intermediário
0.19971,0.20085,2000-05-09 14:30:00.0,Intermediário
0.20008,0.20122,2000-05-09 15:00:00.0,Intermediário
0.20001,0.20114,2000-05-09 15:30:00.0,Intermediário
0.20012,0.20125,2000-05-09 16:00:00.0,Intermediário
0.20023,0.20136,2000-05-09 16:30:00.0,Intermediário
0.20034,0.20147,2000-05-09 17:00:00.0,Fechamento Interbancário
0.19998,0.20038,2000-05-09 19:12:00.0,Fechamento
0.19978,0.2018,2000-05-10 09:52:00.0,Abertura
0.20084,0.20198,2000-05-10 10:09:00.0,Intermediário
0.20061,0.20175,2000-05-10 10:38:00.0,Intermediário
0.20068,0.20182,2000-05-10 11:13:00.0,Intermediário
0.20066,0.2018,2000-05-10 11:30:00.0,Intermediário
0.201,0.20213,2000-05-10 12:00:00.0,Intermediário
0.20034,0.20137,2000-05-10 12:30:00.0,Intermediário
0.20033,0.20135,2000-05-10 13:00:00.0,Intermediário
0.20024,0.20126,2000-05-10 13:30:00.0,Intermediário
0.20058,0.20161,2000-05-10 14:00:00.0,Intermediário
0.20033,0.20135,2000-05-10 14:30:00.0,Intermediário
0.20001,0.20114,2000-05-10 15:00:00.0,Intermediário
0.19996,0.2011,2000-05-10 15:30:00.0,Intermediário
0.19966,0.20079,2000-05-10 16:00:00.0,Intermediário
0.19948,0.20061,2000-05-10 16:30:00.0,Intermediário
0.19956,0.20069,2000-05-10 17:00:00.0,Fechamento Interbancário
0.19943,0.19982,2000-05-10 19:19:00.0,Fechamento
0.19953,0.20154,2000-05-11 09:47:00.0,Abertura
0.19967,0.2008,2000-05-11 10:00:00.0,Intermediário
0.19923,0.20025,2000-05-11 10:30:00.0,Intermediário
0.19882,0.19983,2000-05-11 11:00:00.0,Intermediário
0.19852,0.19954,2000-05-11 11:30:00.0,Intermediário
0.19877,0.1999,2000-05-11 12:00:00.0,Intermediário
0.19806,0.19907,2000-05-11 12:30:00.0,Intermediário
0.19821,0.19922,2000-05-11 13:00:00.0,Intermediário
0.19847,0.19948,2000-05-11 13:30:00.0,Intermediário
0.19805,0.19907,2000-05-11 14:00:00.0,Intermediário
0.19829,0.19931,2000-05-11 14:30:00.0,Intermediário
0.19801,0.19902,2000-05-11 15:00:00.0,Intermediário
0.19803,0.19915,2000-05-11 15:30:00.0,Intermediário
0.19794,0.19895,2000-05-11 16:00:00.0,Intermediário
0.19869,0.19981,2000-05-11 16:30:00.0,Intermediário
0.19851,0.19964,2000-05-11 17:00:00.0,Fechamento Interbancário
0.19744,0.19783,2000-05-11 19:10:00.0,Fechamento
0.19908,0.20109,2000-05-12 09:33:00.0,Abertura
0.20004,0.20117,2000-05-12 10:00:00.0,Intermediário
0.2003,0.20144,2000-05-12 10:30:00.0,Intermediário
0.20054,0.20157,2000-05-12 11:00:00.0,Intermediário
0.20059,0.20161,2000-05-12 11:30:00.0,Intermediário
0.20003,0.20116,2000-05-12 12:00:00.0,Intermediário
0.20079,0.20192,2000-05-12 12:30:00.0,Intermediário
0.20066,0.20168,2000-05-12 13:00:00.0,Intermediário
0.2007,0.20173,2000-05-12 13:30:00.0,Intermediário
0.20125,0.20228,2000-05-12 14:00:00.0,Intermediário
0.20154,0.20257,2000-05-12 14:30:00.0,Intermediário
0.20267,0.20381,2000-05-12 15:00:00.0,Intermediário
0.20322,0.20437,2000-05-12 15:30:00.0,Intermediário
0.20311,0.20415,2000-05-12 16:00:00.0,Intermediário
0.20311,0.20426,2000-05-12 16:30:00.0,Intermediário
0.20311,0.20426,2000-05-12 17:00:00.0,Fechamento Interbancário
0.20217,0.20257,2000-05-12 19:14:00.0,Fechamento
0.20158,0.2036,2000-05-15 09:49:00.0,Abertura
0.20232,0.20357,2000-05-15 10:00:00.0,Intermediário
0.20297,0.20401,2000-05-15 10:30:00.0,Intermediário
0.20311,0.20426,2000-05-15 11:00:00.0,Intermediário
0.20358,0.20473,2000-05-15 11:30:00.0,Intermediário
0.20385,0.205,2000-05-15 12:00:00.0,Intermediário
0.2036,0.20475,2000-05-15 12:30:00.0,Intermediário
0.20287,0.2039,2000-05-15 13:00:00.0,Intermediário
0.20266,0.20381,2000-05-15 13:30:00.0,Intermediário
0.20262,0.20376,2000-05-15 14:00:00.0,Intermediário
0.20271,0.20385,2000-05-15 14:30:00.0,Intermediário
0.20246,0.20349,2000-05-15 15:00:00.0,Intermediário
0.20176,0.2028,2000-05-15 15:30:00.0,Intermediário
0.20125,0.20239,2000-05-15 16:00:00.0,Intermediário
0.20058,0.20183,2000-05-15 16:30:00.0,Intermediário
0.20051,0.20165,2000-05-15 17:00:00.0,Fechamento Interbancário
0.2025,0.2029,2000-05-15 19:12:00.0,Fechamento
0.19857,0.20058,2000-05-16 09:37:00.0,Abertura
0.19855,0.19968,2000-05-16 10:00:00.0,Intermediário
0.19853,0.19966,2000-05-16 10:30:00.0,Intermediário
0.19931,0.20032,2000-05-16 11:00:00.0,Intermediário
0.19973,0.20075,2000-05-16 11:30:00.0,Intermediário
0.19975,0.20078,2000-05-16 12:00:00.0,Intermediário
0.19991,0.20094,2000-05-16 12:30:00.0,Intermediário
0.19986,0.20089,2000-05-16 13:00:00.0,Intermediário
0.19971,0.20073,2000-05-16 13:30:00.0,Intermediário
0.19984,0.20086,2000-05-16 14:00:00.0,Intermediário
0.19982,0.20084,2000-05-16 14:30:00.0,Intermediário
0.19978,0.20091,2000-05-16 15:00:00.0,Intermediário
0.19998,0.20112,2000-05-16 15:30:00.0,Intermediário
0.19965,0.20067,2000-05-16 16:00:00.0,Intermediário
0.19934,0.20047,2000-05-16 16:30:00.0,Intermediário
0.1991,0.20023,2000-05-16 17:00:00.0,Fechamento Interbancário
0.19931,0.19971,2000-05-16 19:16:00.0,Fechamento
0.19807,0.20006,2000-05-17 09:43:00.0,Abertura
0.19932,0.20034,2000-05-17 10:11:00.0,Intermediário
0.19949,0.20062,2000-05-17 10:30:00.0,Intermediário
0.19954,0.20055,2000-05-17 11:00:00.0,Intermediário
0.19911,0.20024,2000-05-17 11:30:00.0,Intermediário
0.19851,0.19963,2000-05-17 12:00:00.0,Intermediário
0.19868,0.19969,2000-05-17 12:30:00.0,Intermediário
0.19872,0.19985,2000-05-17 13:00:00.0,Intermediário
0.19878,0.1999,2000-05-17 13:30:00.0,Intermediário
0.19873,0.19986,2000-05-17 14:00:00.0,Intermediário
0.19864,0.19977,2000-05-17 14:30:00.0,Intermediário
0.19839,0.19951,2000-05-17 15:00:00.0,Intermediário
0.19862,0.19963,2000-05-17 15:30:00.0,Intermediário
0.19921,0.20034,2000-05-17 16:00:00.0,Intermediário
0.1989,0.20002,2000-05-17 16:30:00.0,Intermediário
0.19934,0.20047,2000-05-17 17:00:00.0,Fechamento Interbancário
0.19987,0.20026,2000-05-17 19:15:00.0,Fechamento
0.19944,0.20145,2000-05-18 09:30:00.0,Abertura
0.19958,0.2006,2000-05-18 10:00:00.0,Intermediário
0.19921,0.20034,2000-05-18 10:30:00.0,Intermediário
0.1996,0.20073,2000-05-18 11:00:00.0,Intermediário
0.19916,0.20029,2000-05-18 11:30:00.0,Intermediário
0.19932,0.20034,2000-05-18 12:00:00.0,Intermediário
0.19973,0.20086,2000-05-18 12:30:00.0,Intermediário
0.20004,0.20117,2000-05-18 13:00:00.0,Intermediário
0.19982,0.20095,2000-05-18 13:30:00.0,Intermediário
0.19989,0.20102,2000-05-18 14:00:00.0,Intermediário
0.19982,0.20095,2000-05-18 14:30:00.0,Intermediário
0.20019,0.20122,2000-05-18 15:00:00.0,Intermediário
0.19997,0.20099,2000-05-18 15:30:00.0,Intermediário
0.19979,0.20081,2000-05-18 16:00:00.0,Intermediário
0.20014,0.20127,2000-05-18 16:30:00.0,Intermediário
0.19993,0.20106,2000-05-18 17:06:00.0,Fechamento Interbancário
0.20017,0.20057,2000-05-18 19:15:00.0,Fechamento
0.19941,0.2014,2000-05-19 09:49:00.0,Abertura
0.20043,0.20156,2000-05-19 10:05:00.0,Intermediário
0.20038,0.20151,2000-05-19 10:30:00.0,Intermediário
0.20049,0.20152,2000-05-19 11:00:00.0,Intermediário
0.20045,0.20147,2000-05-19 11:30:00.0,Intermediário
0.20087,0.20189,2000-05-19 12:00:00.0,Intermediário
0.20078,0.2018,2000-05-19 12:30:00.0,Intermediário
0.20078,0.2018,2000-05-19 13:00:00.0,Intermediário
0.20142,0.20244,2000-05-19 13:30:00.0,Intermediário
0.20095,0.20198,2000-05-19 14:00:00.0,Intermediário
0.20159,0.20262,2000-05-19 14:30:00.0,Intermediário
0.20104,0.20218,2000-05-19 15:00:00.0,Intermediário
0.20119,0.20232,2000-05-19 15:30:00.0,Intermediário
0.20031,0.20144,2000-05-19 16:00:00.0,Intermediário
0.20031,0.20144,2000-05-19 16:08:00.0,Intermediário
0.20043,0.20145,2000-05-19 16:30:00.0,Intermediário
0.20064,0.20177,2000-05-19 17:00:00.0,Fechamento Interbancário
0.20132,0.20172,2000-05-19 19:23:00.0,Fechamento
0.19794,0.19992,2000-05-22 09:42:00.0,Abertura
0.19826,0.19949,2000-05-22 10:00:00.0,Intermediário
0.19893,0.19995,2000-05-22 10:30:00.0,Intermediário
0.19949,0.20051,2000-05-22 11:00:00.0,Intermediário
0.20025,0.20138,2000-05-22 11:30:00.0,Intermediário
0.20044,0.20157,2000-05-22 12:00:00.0,Intermediário
0.20032,0.20145,2000-05-22 12:30:00.0,Intermediário
0.20069,0.20172,2000-05-22 13:00:00.0,Intermediário
0.20084,0.20186,2000-05-22 13:30:00.0,Intermediário
0.20092,0.20195,2000-05-22 14:00:00.0,Intermediário
0.20112,0.20215,2000-05-22 14:30:00.0,Intermediário
0.20157,0.20271,2000-05-22 15:00:00.0,Intermediário
0.20122,0.20224,2000-05-22 15:30:00.0,Intermediário
0.2006,0.20162,2000-05-22 16:00:00.0,Intermediário
0.19987,0.201,2000-05-22 16:30:00.0,Intermediário
0.20008,0.20121,2000-05-22 17:00:00.0,Fechamento Interbancário
0.2,0.20039,2000-05-22 19:13:00.0,Fechamento
0.20102,0.20303,2000-05-23 09:38:00.0,Abertura
0.20266,0.2038,2000-05-23 10:00:00.0,Intermediário
0.20236,0.20339,2000-05-23 10:30:00.0,Intermediário
0.20198,0.20312,2000-05-23 11:00:00.0,Intermediário
0.2022,0.20334,2000-05-23 11:30:00.0,Intermediário
0.20149,0.20252,2000-05-23 12:00:00.0,Intermediário
0.20047,0.20149,2000-05-23 12:30:00.0,Intermediário
0.20016,0.20129,2000-05-23 13:00:00.0,Intermediário
0.20016,0.20129,2000-05-23 13:30:00.0,Intermediário
0.20038,0.20151,2000-05-23 14:00:00.0,Intermediário
0.20029,0.20142,2000-05-23 14:30:00.0,Intermediário
0.20008,0.2011,2000-05-23 15:00:00.0,Intermediário
0.19997,0.2011,2000-05-23 15:30:00.0,Intermediário
0.20081,0.20183,2000-05-23 16:00:00.0,Intermediário
0.20129,0.20232,2000-05-23 16:30:00.0,Intermediário
0.20125,0.20239,2000-05-23 17:00:00.0,Fechamento Interbancário
0.20117,0.20157,2000-05-23 19:22:00.0,Fechamento
0.20104,0.20304,2000-05-24 09:47:00.0,Abertura
0.20171,0.20274,2000-05-24 10:00:00.0,Intermediário
0.20156,0.20259,2000-05-24 10:30:00.0,Intermediário
0.20167,0.2027,2000-05-24 11:00:00.0,Intermediário
0.20045,0.20158,2000-05-24 11:30:00.0,Intermediário
0.20124,0.20226,2000-05-24 12:00:00.0,Intermediário
0.20134,0.20247,2000-05-24 12:30:00.0,Intermediário
0.20149,0.20252,2000-05-24 13:00:00.0,Intermediário
0.20158,0.20272,2000-05-24 13:30:00.0,Intermediário
0.20204,0.20318,2000-05-24 14:00:00.0,Intermediário
0.20193,0.20307,2000-05-24 14:30:00.0,Intermediário
0.20087,0.202,2000-05-24 15:00:00.0,Intermediário
0.20077,0.2019,2000-05-24 15:30:00.0,Intermediário
0.20041,0.20154,2000-05-24 16:00:00.0,Intermediário
0.19966,0.20068,2000-05-24 16:30:00.0,Intermediário
0.19949,0.20062,2000-05-24 17:00:00.0,Fechamento Interbancário
0.20107,0.20146,2000-05-24 19:25:00.0,Fechamento
0.1982,0.20018,2000-05-25 09:41:00.0,Abertura
0.19837,0.19949,2000-05-25 10:00:00.0,Intermediário
0.19909,0.2001,2000-05-25 10:30:00.0,Intermediário
0.19949,0.20051,2000-05-25 11:00:00.0,Intermediário
0.19949,0.20051,2000-05-25 11:18:00.0,Intermediário
0.19949,0.20051,2000-05-25 11:19:00.0,Intermediário
0.20028,0.2013,2000-05-25 11:30:00.0,Intermediário
0.20052,0.20165,2000-05-25 12:00:00.0,Intermediário
0.20093,0.20207,2000-05-25 12:30:00.0,Intermediário
0.2008,0.20193,2000-05-25 13:00:00.0,Intermediário
0.20065,0.20178,2000-05-25 13:30:00.0,Intermediário
0.20091,0.20204,2000-05-25 14:00:00.0,Intermediário
0.2008,0.20193,2000-05-25 14:30:00.0,Intermediário
0.20132,0.20235,2000-05-25 15:00:00.0,Intermediário
0.20185,0.20288,2000-05-25 15:30:00.0,Intermediário
0.20221,0.20324,2000-05-25 16:00:00.0,Intermediário
0.20198,0.20312,2000-05-25 16:30:00.0,Intermediário
0.20191,0.20294,2000-05-25 17:00:00.0,Fechamento Interbancário
0.20094,0.20134,2000-05-25 19:14:00.0,Fechamento
0.2008,0.20281,2000-05-26 09:37:00.0,Abertura
0.2013,0.20244,2000-05-26 10:00:00.0,Intermediário
0.2011,0.20213,2000-05-26 10:30:00.0,Intermediário
0.2013,0.20244,2000-05-26 11:00:00.0,Intermediário
0.20128,0.20242,2000-05-26 11:30:00.0,Intermediário
0.20265,0.20368,2000-05-26 12:08:00.0,Intermediário
0.2025,0.20365,2000-05-26 12:30:00.0,Intermediário
0.20367,0.20471,2000-05-26 13:08:00.0,Intermediário
0.2035,0.20454,2000-05-26 13:30:00.0,Intermediário
0.20363,0.20467,2000-05-26 14:00:00.0,Intermediário
0.20392,0.20497,2000-05-26 14:30:00.0,Intermediário
0.20358,0.20473,2000-05-26 15:00:00.0,Intermediário
0.2036,0.20475,2000-05-26 15:30:00.0,Intermediário
0.20354,0.20469,2000-05-26 16:00:00.0,Intermediário
0.20322,0.20426,2000-05-26 16:30:00.0,Intermediário
0.20301,0.20416,2000-05-26 17:00:00.0,Fechamento Interbancário
0.20386,0.20426,2000-05-26 19:31:00.0,Fechamento
0.20118,0.20321,2000-05-29 09:50:00.0,Abertura
0.2014,0.20254,2000-05-29 10:00:00.0,Intermediário
0.20127,0.20241,2000-05-29 10:30:00.0,Intermediário
0.20213,0.20316,2000-05-29 11:00:00.0,Intermediário
0.20255,0.2037,2000-05-29 11:30:00.0,Intermediário
0.2024,0.20343,2000-05-29 12:00:00.0,Intermediário
0.20251,0.20354,2000-05-29 12:30:00.0,Intermediário
0.20238,0.20341,2000-05-29 13:00:00.0,Intermediário
0.20202,0.20305,2000-05-29 13:30:00.0,Intermediário
0.2025,0.20353,2000-05-29 14:00:00.0,Intermediário
0.20207,0.20321,2000-05-29 14:30:00.0,Intermediário
0.20229,0.20343,2000-05-29 15:00:00.0,Intermediário
0.20229,0.20343,2000-05-29 15:30:00.0,Intermediário
0.20196,0.20321,2000-05-29 16:00:00.0,Intermediário
0.20207,0.2031,2000-05-29 16:30:00.0,Intermediário
0.20218,0.20332,2000-05-29 17:00:00.0,Fechamento Interbancário
0.20226,0.20266,2000-05-29 19:18:00.0,Fechamento
0.20293,0.20497,2000-05-30 09:34:00.0,Abertura
0.20323,0.20427,2000-05-30 10:00:00.0,Intermediário
0.20372,0.20477,2000-05-30 10:31:00.0,Intermediário
0.20395,0.20499,2000-05-30 11:00:00.0,Intermediário
0.20379,0.20483,2000-05-30 11:30:00.0,Intermediário
0.20275,0.2039,2000-05-30 12:00:00.0,Intermediário
0.20282,0.20386,2000-05-30 12:30:00.0,Intermediário
0.20306,0.20421,2000-05-30 13:00:00.0,Intermediário
0.20299,0.20414,2000-05-30 13:30:00.0,Intermediário
0.20313,0.20428,2000-05-30 14:00:00.0,Intermediário
0.20257,0.20371,2000-05-30 14:30:00.0,Intermediário
0.20256,0.2037,2000-05-30 15:00:00.0,Intermediário
0.20223,0.20337,2000-05-30 15:30:00.0,Intermediário
0.20215,0.2033,2000-05-30 16:00:00.0,Intermediário
0.20257,0.20372,2000-05-30 16:30:00.0,Intermediário
0.2024,0.20355,2000-05-30 17:00:00.0,Fechamento Interbancário
0.20278,0.20318,2000-05-30 19:26:00.0,Fechamento
0.20189,0.20393,2000-05-31 09:41:00.0,Abertura
0.20262,0.20377,2000-05-31 10:00:00.0,Intermediário
0.20277,0.20392,2000-05-31 10:30:00.0,Intermediário
0.20302,0.20406,2000-05-31 11:00:00.0,Intermediário
0.20244,0.20347,2000-05-31 11:30:00.0,Intermediário
0.20206,0.2032,2000-05-31 12:00:00.0,Intermediário
0.20237,0.20341,2000-05-31 12:30:00.0,Intermediário
0.20248,0.20362,2000-05-31 13:00:00.0,Intermediário
0.20316,0.20432,2000-05-31 13:30:00.0,Intermediário
0.20312,0.20427,2000-05-31 14:00:00.0,Intermediário
0.20323,0.20438,2000-05-31 14:30:00.0,Intermediário
0.20265,0.2038,2000-05-31 15:00:00.0,Intermediário
0.2028,0.20384,2000-05-31 15:30:00.0,Intermediário
0.20291,0.20406,2000-05-31 16:00:00.0,Intermediário
0.20337,0.20453,2000-05-31 16:30:00.0,Intermediário
0.20326,0.20441,2000-05-31 17:14:00.0,Fechamento Interbancário
0.20388,0.20428,2000-05-31 19:09:00.0,Fechamento
0.2023,0.20434,2000-06-01 09:41:00.0,Abertura
0.20265,0.20369,2000-06-01 10:00:00.0,Intermediário
0.20278,0.20393,2000-06-01 10:30:00.0,Intermediário
0.20308,0.20423,2000-06-01 11:00:00.0,Intermediário
0.20302,0.20406,2000-06-01 11:30:00.0,Intermediário
0.20283,0.20398,2000-06-01 12:00:00.0,Intermediário
0.20272,0.20376,2000-06-01 12:30:00.0,Intermediário
0.2025,0.20364,2000-06-01 13:00:00.0,Intermediário
0.20272,0.20387,2000-06-01 13:30:00.0,Intermediário
0.20236,0.20351,2000-06-01 14:00:00.0,Intermediário
0.20281,0.20396,2000-06-01 14:30:00.0,Intermediário
0.20228,0.20342,2000-06-01 15:00:00.0,Intermediário
0.20227,0.20342,2000-06-01 15:30:00.0,Intermediário
0.20247,0.20362,2000-06-01 16:00:00.0,Intermediário
0.2027,0.20374,2000-06-01 16:30:00.0,Intermediário
0.20269,0.20384,2000-06-01 17:00:00.0,Fechamento Interbancário
0.20304,0.20344,2000-06-01 19:17:00.0,Fechamento
0.20381,0.20587,2000-06-02 09:49:00.0,Abertura
0.20328,0.20443,2000-06-02 10:00:00.0,Intermediário
0.20329,0.20445,2000-06-02 10:30:00.0,Intermediário
0.20484,0.20589,2000-06-02 11:06:00.0,Intermediário
0.20463,0.2058,2000-06-02 11:30:00.0,Intermediário
0.2043,0.20535,2000-06-02 12:00:00.0,Intermediário
0.20463,0.2058,2000-06-02 12:30:00.0,Intermediário
0.20425,0.20541,2000-06-02 13:00:00.0,Intermediário
0.20422,0.20538,2000-06-02 13:30:00.0,Intermediário
0.20424,0.20541,2000-06-02 14:00:00.0,Intermediário
0.20397,0.20514,2000-06-02 14:30:00.0,Intermediário
0.20409,0.20514,2000-06-02 15:00:00.0,Intermediário
0.20377,0.20493,2000-06-02 15:30:00.0,Intermediário
0.20394,0.20499,2000-06-02 16:00:00.0,Intermediário
0.20335,0.2045,2000-06-02 16:30:00.0,Intermediário
0.20381,0.20497,2000-06-02 17:00:00.0,Fechamento Interbancário
0.20522,0.20563,2000-06-02 19:15:00.0,Fechamento
0.20289,0.20496,2000-06-05 09:26:00.0,Abertura
0.20286,0.20402,2000-06-05 10:00:00.0,Intermediário
0.20252,0.20356,2000-06-05 10:30:00.0,Intermediário
0.20213,0.20317,2000-06-05 11:00:00.0,Intermediário
0.20227,0.20342,2000-06-05 11:30:00.0,Intermediário
0.20247,0.20362,2000-06-05 12:00:00.0,Intermediário
0.20284,0.20388,2000-06-05 12:30:00.0,Intermediário
0.20293,0.20409,2000-06-05 13:00:00.0,Intermediário
0.20291,0.20407,2000-06-05 13:30:00.0,Intermediário
0.20318,0.20434,2000-06-05 14:00:00.0,Intermediário
0.20291,0.20406,2000-06-05 14:30:00.0,Intermediário
0.20316,0.2042,2000-06-05 15:00:00.0,Intermediário
0.20311,0.20427,2000-06-05 15:30:00.0,Intermediário
0.20284,0.20399,2000-06-05 16:00:00.0,Intermediário
0.2027,0.20386,2000-06-05 16:30:00.0,Intermediário
0.203,0.20416,2000-06-05 17:00:00.0,Fechamento Interbancário
0.20348,0.20389,2000-06-05 19:25:00.0,Fechamento
0.20304,0.20511,2000-06-06 09:50:00.0,Abertura
0.20366,0.20482,2000-06-06 10:00:00.0,Intermediário
0.20431,0.20548,2000-06-06 10:33:00.0,Intermediário
0.20513,0.2063,2000-06-06 11:00:00.0,Intermediário
0.20494,0.20599,2000-06-06 11:35:00.0,Intermediário
0.20527,0.20632,2000-06-06 12:00:00.0,Intermediário
0.20505,0.20622,2000-06-06 12:30:00.0,Intermediário
0.20522,0.20627,2000-06-06 13:00:00.0,Intermediário
0.20557,0.20663,2000-06-06 13:30:00.0,Intermediário
0.20461,0.20566,2000-06-06 14:08:00.0,Intermediário
0.20456,0.20561,2000-06-06 14:30:00.0,Intermediário
0.20502,0.20607,2000-06-06 15:00:00.0,Intermediário
0.20556,0.20673,2000-06-06 15:30:00.0,Intermediário
0.20567,0.20684,2000-06-06 16:00:00.0,Intermediário
0.20588,0.20694,2000-06-06 16:30:00.0,Intermediário
0.20596,0.20702,2000-06-06 17:00:00.0,Fechamento Interbancário
0.20455,0.20497,2000-06-06 19:17:00.0,Fechamento
0.20501,0.20709,2000-06-07 09:49:00.0,Abertura
0.20637,0.20755,2000-06-07 10:00:00.0,Intermediário
0.20618,0.20724,2000-06-07 10:38:00.0,Intermediário
0.20701,0.20808,2000-06-07 11:09:00.0,Intermediário
0.20716,0.20822,2000-06-07 11:30:00.0,Intermediário
0.20682,0.208,2000-06-07 12:00:00.0,Intermediário
0.20738,0.20856,2000-06-07 12:30:00.0,Intermediário
0.20762,0.2088,2000-06-07 13:00:00.0,Intermediário
0.20796,0.20914,2000-06-07 13:30:00.0,Intermediário
0.20749,0.20868,2000-06-07 14:00:00.0,Intermediário
0.20768,0.20886,2000-06-07 14:30:00.0,Intermediário
0.20773,0.2088,2000-06-07 15:00:00.0,Intermediário
0.20758,0.20876,2000-06-07 15:30:00.0,Intermediário
0.20691,0.20809,2000-06-07 16:00:00.0,Intermediário
0.20705,0.20824,2000-06-07 16:30:00.0,Intermediário
0.20701,0.20819,2000-06-07 17:00:00.0,Fechamento Interbancário
0.20812,0.20854,2000-06-07 19:11:00.0,Fechamento
0.20562,0.20773,2000-06-08 09:45:00.0,Abertura
0.20625,0.20743,2000-06-08 10:00:00.0,Intermediário
0.20587,0.20704,2000-06-08 10:30:00.0,Intermediário
0.20495,0.20601,2000-06-08 11:03:00.0,Intermediário
0.20478,0.20583,2000-06-08 11:30:00.0,Intermediário
0.2046,0.20565,2000-06-08 12:00:00.0,Intermediário
0.20471,0.20576,2000-06-08 12:30:00.0,Intermediário
0.2051,0.20615,2000-06-08 13:00:00.0,Intermediário
0.20442,0.20547,2000-06-08 13:30:00.0,Intermediário
0.20506,0.20611,2000-06-08 14:00:00.0,Intermediário
0.20482,0.20587,2000-06-08 14:30:00.0,Intermediário
0.20508,0.20625,2000-06-08 15:00:00.0,Intermediário
0.20464,0.2058,2000-06-08 15:30:00.0,Intermediário
0.20536,0.20653,2000-06-08 16:00:00.0,Intermediário
0.20547,0.20652,2000-06-08 16:30:00.0,Intermediário
0.20532,0.20649,2000-06-08 17:00:00.0,Fechamento Interbancário
0.20475,0.20517,2000-06-08 19:13:00.0,Fechamento
0.20336,0.20542,2000-06-09 09:40:00.0,Abertura
0.2037,0.20475,2000-06-09 10:28:00.0,Intermediário
0.2037,0.20475,2000-06-09 10:30:00.0,Intermediário
0.20405,0.2051,2000-06-09 11:00:00.0,Intermediário
0.20463,0.20568,2000-06-09 11:30:00.0,Intermediário
0.20425,0.2053,2000-06-09 12:00:00.0,Intermediário
0.20464,0.20569,2000-06-09 12:30:00.0,Intermediário
0.20539,0.20657,2000-06-09 13:00:00.0,Intermediário
0.20596,0.20713,2000-06-09 13:30:00.0,Intermediário
0.20605,0.20723,2000-06-09 14:00:00.0,Intermediário
0.20608,0.20725,2000-06-09 14:30:00.0,Intermediário
0.20646,0.20753,2000-06-09 15:00:00.0,Intermediário
0.20619,0.20736,2000-06-09 15:30:00.0,Intermediário
0.20651,0.20769,2000-06-09 16:00:00.0,Intermediário
0.20596,0.20714,2000-06-09 16:30:00.0,Intermediário
0.20593,0.2071,2000-06-09 17:00:00.0,Fechamento Interbancário
0.20592,0.20634,2000-06-09 19:12:00.0,Fechamento
0.20497,0.20706,2000-06-12 09:37:00.0,Abertura
0.20606,0.20724,2000-06-12 10:06:00.0,Intermediário
0.20641,0.20759,2000-06-12 10:30:00.0,Intermediário
0.20668,0.20786,2000-06-12 11:00:00.0,Intermediário
0.20692,0.2081,2000-06-12 11:30:00.0,Intermediário
0.20659,0.20777,2000-06-12 12:00:00.0,Intermediário
0.20671,0.20789,2000-06-12 12:30:00.0,Intermediário
0.20713,0.20819,2000-06-12 13:00:00.0,Intermediário
0.20739,0.20846,2000-06-12 13:30:00.0,Intermediário
0.20718,0.20824,2000-06-12 14:00:00.0,Intermediário
0.20713,0.20819,2000-06-12 14:30:00.0,Intermediário
0.20687,0.20793,2000-06-12 15:00:00.0,Intermediário
0.20704,0.20822,2000-06-12 15:30:00.0,Intermediário
0.20715,0.20821,2000-06-12 16:00:00.0,Intermediário
0.20702,0.2082,2000-06-12 16:30:00.0,Intermediário
0.2069,0.20808,2000-06-12 17:00:00.0,Fechamento Interbancário
0.20697,0.20738,2000-06-12 19:17:00.0,Fechamento
0.20775,0.20986,2000-06-13 09:32:00.0,Abertura
0.2091,0.21029,2000-06-13 10:00:00.0,Intermediário
0.20931,0.2105,2000-06-13 10:30:00.0,Intermediário
0.20944,0.21064,2000-06-13 11:00:00.0,Intermediário
0.20957,0.21065,2000-06-13 11:30:00.0,Intermediário
0.20898,0.21017,2000-06-13 12:00:00.0,Intermediário
0.20927,0.21034,2000-06-13 12:30:00.0,Intermediário
0.20958,0.21066,2000-06-13 13:00:00.0,Intermediário
0.20982,0.2109,2000-06-13 13:30:00.0,Intermediário
0.20989,0.21097,2000-06-13 14:00:00.0,Intermediário
0.21031,0.21139,2000-06-13 14:30:00.0,Intermediário
0.20991,0.2111,2000-06-13 15:00:00.0,Intermediário
0.20982,0.2109,2000-06-13 15:30:00.0,Intermediário
0.2098,0.21099,2000-06-13 16:00:00.0,Intermediário
0.21002,0.21121,2000-06-13 16:30:00.0,Intermediário
0.21013,0.21133,2000-06-13 17:00:00.0,Fechamento Interbancário
0.20991,0.21034,2000-06-13 19:07:00.0,Fechamento
0.21018,0.21232,2000-06-14 09:46:00.0,Abertura
0.21097,0.21217,2000-06-14 10:00:00.0,Intermediário
0.21082,0.21202,2000-06-14 10:30:00.0,Intermediário
0.21119,0.21239,2000-06-14 11:00:00.0,Intermediário
0.21132,0.2124,2000-06-14 11:30:00.0,Intermediário
0.21145,0.21266,2000-06-14 12:00:00.0,Intermediário
0.21152,0.21273,2000-06-14 12:30:00.0,Intermediário
0.21167,0.21288,2000-06-14 13:00:00.0,Intermediário
0.21165,0.21285,2000-06-14 13:30:00.0,Intermediário
0.21152,0.21273,2000-06-14 14:00:00.0,Intermediário
0.21155,0.21275,2000-06-14 14:30:00.0,Intermediário
0.2121,0.21331,2000-06-14 15:00:00.0,Intermediário
0.2122,0.2133,2000-06-14 15:30:00.0,Intermediário
0.21197,0.21318,2000-06-14 16:00:00.0,Intermediário
0.2116,0.21269,2000-06-14 16:30:00.0,Intermediário
0.212,0.21321,2000-06-14 17:00:00.0,Fechamento Interbancário
0.2123,0.21273,2000-06-14 19:10:00.0,Fechamento
0.2076,0.20971,2000-06-15 09:55:00.0,Abertura
0.20839,0.20958,2000-06-15 10:00:00.0,Intermediário
0.20891,0.2101,2000-06-15 10:30:00.0,Intermediário
0.2094,0.21048,2000-06-15 11:00:00.0,Intermediário
0.20915,0.21034,2000-06-15 11:30:00.0,Intermediário
0.20941,0.2106,2000-06-15 12:00:00.0,Intermediário
0.20967,0.21075,2000-06-15 12:30:00.0,Intermediário
0.20946,0.21066,2000-06-15 13:00:00.0,Intermediário
0.20917,0.21036,2000-06-15 13:30:00.0,Intermediário
0.20905,0.21024,2000-06-15 14:00:00.0,Intermediário
0.20907,0.21026,2000-06-15 14:30:00.0,Intermediário
0.20949,0.21057,2000-06-15 15:00:00.0,Intermediário
0.2093,0.21038,2000-06-15 15:30:00.0,Intermediário
0.20945,0.21064,2000-06-15 16:00:00.0,Intermediário
0.20948,0.21067,2000-06-15 16:30:00.0,Intermediário
0.20953,0.21072,2000-06-15 17:00:00.0,Fechamento Interbancário
0.2096,0.21003,2000-06-15 19:18:00.0,Fechamento
0.20813,0.21024,2000-06-16 09:38:00.0,Abertura
0.20875,0.20994,2000-06-16 10:00:00.0,Intermediário
0.20865,0.20972,2000-06-16 10:30:00.0,Intermediário
0.20937,0.21056,2000-06-16 11:00:00.0,Intermediário
0.20935,0.21042,2000-06-16 11:30:00.0,Intermediário
0.20898,0.21017,2000-06-16 12:00:00.0,Intermediário
0.20962,0.21082,2000-06-16 12:30:00.0,Intermediário
0.2097,0.21078,2000-06-16 13:00:00.0,Intermediário
0.20913,0.21021,2000-06-16 13:30:00.0,Intermediário
0.20924,0.21031,2000-06-16 14:00:00.0,Intermediário
0.20933,0.21041,2000-06-16 14:30:00.0,Intermediário
0.20863,0.20982,2000-06-16 15:00:00.0,Intermediário
0.20819,0.20927,2000-06-16 15:30:00.0,Intermediário
0.20839,0.20946,2000-06-16 16:00:00.0,Intermediário
0.20833,0.20952,2000-06-16 16:30:00.0,Intermediário
0.20854,0.20973,2000-06-16 17:00:00.0,Fechamento Interbancário
0.20901,0.20943,2000-06-16 19:19:00.0,Fechamento
0.20821,0.21033,2000-06-19 09:48:00.0,Abertura
0.20823,0.2093,2000-06-19 10:00:00.0,Intermediário
0.20877,0.20985,2000-06-19 10:30:00.0,Intermediário
0.20872,0.20979,2000-06-19 11:00:00.0,Intermediário
0.20873,0.2098,2000-06-19 11:30:00.0,Intermediário
0.20863,0.2097,2000-06-19 12:00:00.0,Intermediário
0.20875,0.20983,2000-06-19 12:30:00.0,Intermediário
0.20891,0.20999,2000-06-19 13:00:00.0,Intermediário
0.20874,0.20982,2000-06-19 13:30:00.0,Intermediário
0.20832,0.20939,2000-06-19 14:00:00.0,Intermediário
0.20819,0.20926,2000-06-19 14:30:00.0,Intermediário
0.20824,0.20931,2000-06-19 15:00:00.0,Intermediário
0.20836,0.20955,2000-06-19 15:30:00.0,Intermediário
0.2084,0.20947,2000-06-19 16:00:00.0,Intermediário
0.20817,0.20935,2000-06-19 16:30:00.0,Intermediário
0.20817,0.20935,2000-06-19 17:00:00.0,Fechamento Interbancário
0.20828,0.20871,2000-06-19 19:18:00.0,Fechamento
0.20698,0.20909,2000-06-20 09:37:00.0,Abertura
0.20792,0.20899,2000-06-20 10:00:00.0,Intermediário
0.2076,0.20866,2000-06-20 10:30:00.0,Intermediário
0.20774,0.2088,2000-06-20 11:00:00.0,Intermediário
0.20748,0.20866,2000-06-20 11:30:00.0,Intermediário
0.20764,0.20882,2000-06-20 12:00:00.0,Intermediário
0.20742,0.20861,2000-06-20 12:30:00.0,Intermediário
0.20749,0.20868,2000-06-20 13:00:00.0,Intermediário
0.20747,0.20865,2000-06-20 13:30:00.0,Intermediário
0.20745,0.20863,2000-06-20 14:00:00.0,Intermediário
0.20769,0.20887,2000-06-20 14:30:00.0,Intermediário
0.20784,0.20902,2000-06-20 15:00:00.0,Intermediário
0.20793,0.209,2000-06-20 15:30:00.0,Intermediário
0.20836,0.20955,2000-06-20 16:00:00.0,Intermediário
0.20859,0.20978,2000-06-20 16:30:00.0,Intermediário
0.20859,0.20967,2000-06-20 17:00:00.0,Fechamento Interbancário
0.20847,0.20889,2000-06-20 19:19:00.0,Fechamento
0.20544,0.20753,2000-06-21 09:52:00.0,Abertura
0.20686,0.20792,2000-06-21 10:00:00.0,Intermediário
0.2076,0.20878,2000-06-21 10:30:00.0,Intermediário
0.20752,0.2087,2000-06-21 11:00:00.0,Intermediário
0.20739,0.20857,2000-06-21 11:30:00.0,Intermediário
0.20746,0.20864,2000-06-21 12:00:00.0,Intermediário
0.20763,0.20881,2000-06-21 12:30:00.0,Intermediário
0.20739,0.20857,2000-06-21 13:00:00.0,Intermediário
0.20704,0.20822,2000-06-21 13:30:00.0,Intermediário
0.20677,0.20794,2000-06-21 14:00:00.0,Intermediário
0.20723,0.20841,2000-06-21 14:30:00.0,Intermediário
0.2075,0.20868,2000-06-21 15:00:00.0,Intermediário
0.20765,0.20883,2000-06-21 15:30:00.0,Intermediário
0.20747,0.20854,2000-06-21 16:00:00.0,Intermediário
0.20752,0.20871,2000-06-21 16:30:00.0,Intermediário
0.20739,0.20857,2000-06-21 17:00:00.0,Fechamento Interbancário
0.20766,0.20808,2000-06-21 19:19:00.0,Fechamento
0.20564,0.20772,2000-06-23 09:35:00.0,Abertura
0.20685,0.20803,2000-06-23 10:00:00.0,Intermediário
0.20645,0.20751,2000-06-23 10:30:00.0,Intermediário
0.20637,0.20755,2000-06-23 11:00:00.0,Intermediário
0.20582,0.20699,2000-06-23 11:30:00.0,Intermediário
0.20501,0.20617,2000-06-23 12:00:00.0,Intermediário
0.20506,0.20622,2000-06-23 12:30:00.0,Intermediário
0.20533,0.20638,2000-06-23 13:00:00.0,Intermediário
0.20542,0.20648,2000-06-23 13:30:00.0,Intermediário
0.20549,0.20655,2000-06-23 14:00:00.0,Intermediário
0.20556,0.20662,2000-06-23 14:30:00.0,Intermediário
0.2057,0.20676,2000-06-23 15:00:00.0,Intermediário
0.20538,0.20654,2000-06-23 15:30:00.0,Intermediário
0.20559,0.20676,2000-06-23 16:00:00.0,Intermediário
0.2057,0.20687,2000-06-23 16:30:00.0,Intermediário
0.20554,0.2067,2000-06-23 17:00:00.0,Fechamento Interbancário
0.20498,0.20539,2000-06-23 19:15:00.0,Fechamento
0.20427,0.20633,2000-06-26 09:33:00.0,Abertura
0.20557,0.20674,2000-06-26 10:00:00.0,Intermediário
0.20593,0.2071,2000-06-26 10:30:00.0,Intermediário
0.20544,0.2066,2000-06-26 11:00:00.0,Intermediário
0.20529,0.20634,2000-06-26 11:30:00.0,Intermediário
0.20508,0.20613,2000-06-26 12:00:00.0,Intermediário
0.20496,0.20601,2000-06-26 12:30:00.0,Intermediário
0.20526,0.20643,2000-06-26 13:00:00.0,Intermediário
0.20508,0.20613,2000-06-26 13:30:00.0,Intermediário
0.20516,0.20622,2000-06-26 14:00:00.0,Intermediário
0.20501,0.20606,2000-06-26 14:30:00.0,Intermediário
0.20518,0.20634,2000-06-26 15:00:00.0,Intermediário
0.20468,0.20573,2000-06-26 15:30:00.0,Intermediário
0.20487,0.20603,2000-06-26 16:00:00.0,Intermediário
0.20373,0.20489,2000-06-26 16:30:00.0,Intermediário
0.2037,0.20485,2000-06-26 17:00:00.0,Fechamento Interbancário
0.20445,0.20486,2000-06-26 19:10:00.0,Fechamento
0.20344,0.2055,2000-06-27 09:41:00.0,Abertura
0.20412,0.20517,2000-06-27 10:00:00.0,Intermediário
0.20377,0.20493,2000-06-27 10:30:00.0,Intermediário
0.2042,0.20536,2000-06-27 11:00:00.0,Intermediário
0.20435,0.20551,2000-06-27 11:30:00.0,Intermediário
0.20498,0.20603,2000-06-27 12:00:00.0,Intermediário
0.205,0.20605,2000-06-27 12:30:00.0,Intermediário
0.20512,0.20617,2000-06-27 13:00:00.0,Intermediário
0.20491,0.20596,2000-06-27 13:30:00.0,Intermediário
0.20489,0.20594,2000-06-27 14:00:00.0,Intermediário
0.20505,0.2061,2000-06-27 14:30:00.0,Intermediário
0.20453,0.20558,2000-06-27 15:20:00.0,Intermediário
0.20468,0.20573,2000-06-27 15:31:00.0,Intermediário
0.20518,0.20635,2000-06-27 16:00:00.0,Intermediário
0.2055,0.20655,2000-06-27 16:30:00.0,Intermediário
0.20567,0.20683,2000-06-27 17:00:00.0,Fechamento Interbancário
0.20581,0.20622,2000-06-27 19:16:00.0,Fechamento
0.20311,0.20516,2000-06-28 09:43:00.0,Abertura
0.20422,0.20527,2000-06-28 10:00:00.0,Intermediário
0.20436,0.20553,2000-06-28 10:30:00.0,Intermediário
0.20483,0.20588,2000-06-28 11:00:00.0,Intermediário
0.20462,0.20567,2000-06-28 11:30:00.0,Intermediário
0.20501,0.20606,2000-06-28 12:00:00.0,Intermediário
0.2051,0.20615,2000-06-28 12:30:00.0,Intermediário
0.20505,0.20611,2000-06-28 13:00:00.0,Intermediário
0.20448,0.20564,2000-06-28 13:30:00.0,Intermediário
0.20437,0.20553,2000-06-28 14:00:00.0,Intermediário
0.20428,0.20544,2000-06-28 14:30:00.0,Intermediário
0.20432,0.20548,2000-06-28 15:00:00.0,Intermediário
0.20495,0.206,2000-06-28 15:30:00.0,Intermediário
0.20431,0.20547,2000-06-28 16:00:00.0,Intermediário
0.20389,0.20504,2000-06-28 16:30:00.0,Intermediário
0.20408,0.20513,2000-06-28 17:00:00.0,Fechamento Interbancário
0.20407,0.20448,2000-06-28 19:13:00.0,Fechamento
0.2047,0.20677,2000-06-29 09:39:00.0,Abertura
0.2059,0.20695,2000-06-29 10:00:00.0,Intermediário
0.20527,0.20643,2000-06-29 10:30:00.0,Intermediário
0.20542,0.20658,2000-06-29 11:00:00.0,Intermediário
0.20512,0.20628,2000-06-29 11:30:00.0,Intermediário
0.20556,0.20661,2000-06-29 12:00:00.0,Intermediário
0.20549,0.20654,2000-06-29 12:30:00.0,Intermediário
0.20535,0.20652,2000-06-29 13:00:00.0,Intermediário
0.20523,0.2064,2000-06-29 13:30:00.0,Intermediário
0.20479,0.20596,2000-06-29 14:00:00.0,Intermediário
0.20443,0.2056,2000-06-29 14:46:00.0,Intermediário
0.20428,0.20532,2000-06-29 15:00:00.0,Intermediário
0.20387,0.20503,2000-06-29 15:30:00.0,Intermediário
0.20409,0.20525,2000-06-29 16:00:00.0,Intermediário
0.20427,0.20531,2000-06-29 16:30:00.0,Intermediário
0.20409,0.20525,2000-06-29 17:00:00.0,Fechamento Interbancário
0.20499,0.2054,2000-06-29 19:11:00.0,Fechamento
0.20401,0.20608,2000-06-30 09:41:00.0,Abertura
0.20376,0.20503,2000-06-30 10:00:00.0,Intermediário
0.20447,0.20552,2000-06-30 10:30:00.0,Intermediário
0.20432,0.20538,2000-06-30 11:08:00.0,Intermediário
0.20473,0.20589,2000-06-30 11:47:00.0,Intermediário
0.20531,0.20637,2000-06-30 12:00:00.0,Intermediário
0.20376,0.20492,2000-06-30 13:05:00.0,Intermediário
0.20376,0.20492,2000-06-30 13:05:00.0,Intermediário
0.20399,0.20515,2000-06-30 13:30:00.0,Intermediário
0.20446,0.20562,2000-06-30 14:21:00.0,Intermediário
0.20462,0.20579,2000-06-30 14:30:00.0,Intermediário
0.20426,0.20531,2000-06-30 15:00:00.0,Intermediário
0.20426,0.20531,2000-06-30 15:30:00.0,Intermediário
0.2046,0.20565,2000-06-30 16:00:00.0,Intermediário
0.20483,0.20588,2000-06-30 16:41:00.0,Intermediário
0.20483,0.20588,2000-06-30 17:26:00.0,Fechamento Interbancário
0.20436,0.20478,2000-06-30 19:22:00.0,Fechamento
0.20317,0.20523,2000-07-03 09:49:00.0,Abertura
0.20351,0.20478,2000-07-03 10:00:00.0,Intermediário
0.2041,0.20515,2000-07-03 10:30:00.0,Intermediário
0.2043,0.20546,2000-07-03 11:00:00.0,Intermediário
0.20456,0.20572,2000-07-03 11:30:00.0,Intermediário
0.20467,0.20572,2000-07-03 12:00:00.0,Intermediário
0.20468,0.20573,2000-07-03 12:30:00.0,Intermediário
0.205,0.20616,2000-07-03 13:00:00.0,Intermediário
0.20512,0.20628,2000-07-03 13:30:00.0,Intermediário
0.2047,0.20586,2000-07-03 14:00:00.0,Intermediário
0.20474,0.20591,2000-07-03 14:30:00.0,Intermediário
0.20453,0.2057,2000-07-03 15:00:00.0,Intermediário
0.2046,0.20565,2000-07-03 15:30:00.0,Intermediário
0.20464,0.2058,2000-07-03 16:13:00.0,Intermediário
0.20504,0.20621,2000-07-03 16:42:00.0,Intermediário
0.20522,0.20639,2000-07-03 17:00:00.0,Fechamento Interbancário
0.20471,0.20513,2000-07-03 19:16:00.0,Fechamento
0.20434,0.20641,2000-07-04 09:34:00.0,Abertura
0.20484,0.20589,2000-07-04 10:00:00.0,Intermediário
0.20465,0.2057,2000-07-04 10:30:00.0,Intermediário
0.20428,0.20544,2000-07-04 11:00:00.0,Intermediário
0.20476,0.20592,2000-07-04 11:30:00.0,Intermediário
0.2045,0.20567,2000-07-04 12:00:00.0,Intermediário
0.20441,0.20546,2000-07-04 12:30:00.0,Intermediário
0.20448,0.20565,2000-07-04 13:00:00.0,Intermediário
0.20462,0.20579,2000-07-04 13:30:00.0,Intermediário
0.20455,0.20572,2000-07-04 14:00:00.0,Intermediário
0.2046,0.20576,2000-07-04 14:30:00.0,Intermediário
0.20473,0.20589,2000-07-04 15:00:00.0,Intermediário
0.20468,0.20584,2000-07-04 15:30:00.0,Intermediário
0.20445,0.2055,2000-07-04 16:00:00.0,Intermediário
0.20457,0.20573,2000-07-04 16:30:00.0,Intermediário
0.20479,0.20584,2000-07-04 17:01:00.0,Fechamento Interbancário
0.20501,0.20543,2000-07-04 19:09:00.0,Fechamento
0.20401,0.20608,2000-07-05 09:42:00.0,Abertura
0.20502,0.20618,2000-07-05 10:00:00.0,Intermediário
0.20482,0.20587,2000-07-05 10:30:00.0,Intermediário
0.20445,0.2055,2000-07-05 11:00:00.0,Intermediário
0.20432,0.20548,2000-07-05 11:30:00.0,Intermediário
0.2045,0.20555,2000-07-05 12:00:00.0,Intermediário
0.20414,0.2053,2000-07-05 12:30:00.0,Intermediário
0.20392,0.20497,2000-07-05 13:00:00.0,Intermediário
0.20359,0.20463,2000-07-05 13:30:00.0,Intermediário
0.20364,0.20469,2000-07-05 14:00:00.0,Intermediário
0.20381,0.20485,2000-07-05 14:30:00.0,Intermediário
0.20348,0.20464,2000-07-05 15:00:00.0,Intermediário
0.20343,0.20447,2000-07-05 15:30:00.0,Intermediário
0.20346,0.20462,2000-07-05 16:00:00.0,Intermediário
0.20362,0.20467,2000-07-05 16:30:00.0,Intermediário
0.20372,0.20476,2000-07-05 17:00:00.0,Fechamento Interbancário
0.20379,0.2042,2000-07-05 19:09:00.0,Fechamento
0.20231,0.20436,2000-07-06 09:34:00.0,Abertura
0.20276,0.20392,2000-07-06 10:00:00.0,Intermediário
0.20267,0.20382,2000-07-06 10:30:00.0,Intermediário
0.20233,0.20348,2000-07-06 11:00:00.0,Intermediário
0.20265,0.20381,2000-07-06 11:30:00.0,Intermediário
0.20258,0.20374,2000-07-06 12:00:00.0,Intermediário
0.20224,0.20327,2000-07-06 12:30:00.0,Intermediário
0.20215,0.20318,2000-07-06 13:00:00.0,Intermediário
0.20212,0.20316,2000-07-06 13:30:00.0,Intermediário
0.20201,0.20305,2000-07-06 14:00:00.0,Intermediário
0.20171,0.20275,2000-07-06 14:30:00.0,Intermediário
0.20177,0.20292,2000-07-06 15:00:00.0,Intermediário
0.20197,0.20312,2000-07-06 15:30:00.0,Intermediário
0.20209,0.20312,2000-07-06 16:00:00.0,Intermediário
0.20202,0.20306,2000-07-06 16:30:00.0,Intermediário
0.20219,0.20323,2000-07-06 17:00:00.0,Fechamento Interbancário
0.20183,0.20224,2000-07-06 19:15:00.0,Fechamento
0.2017,0.20375,2000-07-07 09:37:00.0,Abertura
0.20117,0.20231,2000-07-07 10:00:00.0,Intermediário
0.20138,0.20252,2000-07-07 10:30:00.0,Intermediário
0.20133,0.20248,2000-07-07 11:00:00.0,Intermediário
0.20097,0.202,2000-07-07 11:30:00.0,Intermediário
0.20103,0.20218,2000-07-07 12:00:00.0,Intermediário
0.20115,0.20229,2000-07-07 12:30:00.0,Intermediário
0.20112,0.20227,2000-07-07 13:00:00.0,Intermediário
0.20099,0.20213,2000-07-07 13:30:00.0,Intermediário
0.20108,0.20222,2000-07-07 14:00:00.0,Intermediário
0.20131,0.20246,2000-07-07 14:30:00.0,Intermediário
0.20123,0.20237,2000-07-07 15:00:00.0,Intermediário
0.2013,0.20244,2000-07-07 15:30:00.0,Intermediário
0.20115,0.20229,2000-07-07 16:00:00.0,Intermediário
0.20129,0.20243,2000-07-07 16:30:00.0,Intermediário
0.20125,0.20239,2000-07-07 17:00:00.0,Fechamento Interbancário
0.20118,0.20159,2000-07-07 19:17:00.0,Fechamento
0.20228,0.20433,2000-07-10 09:32:00.0,Abertura
0.2027,0.20374,2000-07-10 10:00:00.0,Intermediário
0.20238,0.20342,2000-07-10 10:30:00.0,Intermediário
0.20191,0.20295,2000-07-10 11:00:00.0,Intermediário
0.20204,0.20308,2000-07-10 11:30:00.0,Intermediário
0.20221,0.20336,2000-07-10 12:00:00.0,Intermediário
0.20214,0.20318,2000-07-10 12:30:00.0,Intermediário
0.20223,0.20338,2000-07-10 13:00:00.0,Intermediário
0.20215,0.2033,2000-07-10 13:30:00.0,Intermediário
0.20262,0.20377,2000-07-10 14:00:00.0,Intermediário
0.20272,0.20387,2000-07-10 14:30:00.0,Intermediário
0.20259,0.20363,2000-07-10 15:00:00.0,Intermediário
0.20248,0.20363,2000-07-10 15:30:00.0,Intermediário
0.20276,0.2038,2000-07-10 16:00:00.0,Intermediário
0.20228,0.20331,2000-07-10 16:30:00.0,Intermediário
0.20232,0.20336,2000-07-10 17:00:00.0,Fechamento Interbancário
0.20314,0.20355,2000-07-10 19:06:00.0,Fechamento
0.20137,0.20342,2000-07-11 09:39:00.0,Abertura
0.20267,0.20372,2000-07-11 10:00:00.0,Intermediário
0.20294,0.20398,2000-07-11 10:30:00.0,Intermediário
0.20273,0.20377,2000-07-11 11:00:00.0,Intermediário
0.20223,0.20339,2000-07-11 11:30:00.0,Intermediário
0.20162,0.20266,2000-07-11 12:44:00.0,Intermediário
0.20169,0.20272,2000-07-11 12:47:00.0,Intermediário
0.20189,0.20293,2000-07-11 13:00:00.0,Intermediário
0.20212,0.20316,2000-07-11 13:30:00.0,Intermediário
0.20228,0.20332,2000-07-11 14:00:00.0,Intermediário
0.2023,0.20334,2000-07-11 14:30:00.0,Intermediário
0.2028,0.20384,2000-07-11 15:00:00.0,Intermediário
0.20261,0.20376,2000-07-11 15:30:00.0,Intermediário
0.20254,0.2037,2000-07-11 16:00:00.0,Intermediário
0.20305,0.20409,2000-07-11 16:30:00.0,Intermediário
0.20298,0.20402,2000-07-11 17:00:00.0,Fechamento Interbancário
0.20247,0.20288,2000-07-11 19:06:00.0,Fechamento
0.20297,0.20503,2000-07-12 09:39:00.0,Abertura
0.20346,0.20462,2000-07-12 10:00:00.0,Intermediário
0.20372,0.20488,2000-07-12 10:30:00.0,Intermediário
0.20371,0.20476,2000-07-12 11:00:00.0,Intermediário
0.20361,0.20476,2000-07-12 11:30:00.0,Intermediário
0.20316,0.20432,2000-07-12 12:00:00.0,Intermediário
0.20275,0.20379,2000-07-12 12:30:00.0,Intermediário
0.20227,0.20342,2000-07-12 13:00:00.0,Intermediário
0.20254,0.2037,2000-07-12 13:30:00.0,Intermediário
0.20244,0.20359,2000-07-12 14:00:00.0,Intermediário
0.20275,0.2039,2000-07-12 14:30:00.0,Intermediário
0.20245,0.2036,2000-07-12 15:00:00.0,Intermediário
0.2027,0.20386,2000-07-12 15:33:00.0,Intermediário
0.20258,0.20362,2000-07-12 16:10:00.0,Intermediário
0.20287,0.20391,2000-07-12 16:30:00.0,Intermediário
0.20298,0.20402,2000-07-12 17:00:00.0,Fechamento Interbancário
0.2034,0.20381,2000-07-12 19:13:00.0,Fechamento
0.20119,0.20323,2000-07-13 09:51:00.0,Abertura
0.20251,0.20366,2000-07-13 10:00:00.0,Intermediário
0.20258,0.20373,2000-07-13 10:30:00.0,Intermediário
0.20256,0.2036,2000-07-13 11:00:00.0,Intermediário
0.20172,0.20275,2000-07-13 11:41:00.0,Intermediário
0.20192,0.20307,2000-07-13 12:00:00.0,Intermediário
0.20233,0.20348,2000-07-13 12:30:00.0,Intermediário
0.20128,0.20243,2000-07-13 13:00:00.0,Intermediário
0.20188,0.20303,2000-07-13 13:30:00.0,Intermediário
0.20195,0.2031,2000-07-13 14:00:00.0,Intermediário
0.20213,0.20328,2000-07-13 14:30:00.0,Intermediário
0.20221,0.20336,2000-07-13 15:00:00.0,Intermediário
0.20253,0.20368,2000-07-13 15:30:00.0,Intermediário
0.20275,0.20379,2000-07-13 16:00:00.0,Intermediário
0.20271,0.20387,2000-07-13 16:30:00.0,Intermediário
0.20288,0.20404,2000-07-13 17:00:00.0,Fechamento Interbancário
0.20281,0.20322,2000-07-13 19:21:00.0,Fechamento
0.20118,0.20322,2000-07-14 09:44:00.0,Abertura
0.20203,0.20318,2000-07-14 10:00:00.0,Intermediário
0.202,0.20315,2000-07-14 10:30:00.0,Intermediário
0.20201,0.20316,2000-07-14 11:00:00.0,Intermediário
0.20283,0.20398,2000-07-14 11:30:00.0,Intermediário
0.20299,0.20403,2000-07-14 12:00:00.0,Intermediário
0.20276,0.20391,2000-07-14 12:30:00.0,Intermediário
0.20306,0.20421,2000-07-14 13:00:00.0,Intermediário
0.20297,0.20412,2000-07-14 13:30:00.0,Intermediário
0.20281,0.20396,2000-07-14 14:00:00.0,Intermediário
0.20271,0.20387,2000-07-14 14:30:00.0,Intermediário
0.20221,0.20336,2000-07-14 15:00:00.0,Intermediário
0.20235,0.20338,2000-07-14 15:30:00.0,Intermediário
0.20211,0.20326,2000-07-14 16:00:00.0,Intermediário
0.20223,0.20338,2000-07-14 16:30:00.0,Intermediário
0.20201,0.20316,2000-07-14 17:00:00.0,Fechamento Interbancário
0.20308,0.20349,2000-07-14 19:36:00.0,Fechamento
0.19987,0.2019,2000-07-17 09:37:00.0,Abertura
0.20016,0.20119,2000-07-17 10:00:00.0,Intermediário
0.2007,0.20172,2000-07-17 10:30:00.0,Intermediário
0.20096,0.20199,2000-07-17 11:00:00.0,Intermediário
0.20079,0.20181,2000-07-17 11:30:00.0,Intermediário
0.20041,0.20155,2000-07-17 12:00:00.0,Intermediário
0.20058,0.20161,2000-07-17 12:30:00.0,Intermediário
0.20014,0.20117,2000-07-17 13:00:00.0,Intermediário
0.20038,0.20141,2000-07-17 13:30:00.0,Intermediário
0.20049,0.20152,2000-07-17 14:00:00.0,Intermediário
0.20054,0.20157,2000-07-17 14:30:00.0,Intermediário
0.20044,0.20158,2000-07-17 15:01:00.0,Intermediário
0.20058,0.20172,2000-07-17 15:30:00.0,Intermediário
0.20076,0.20179,2000-07-17 16:00:00.0,Intermediário
0.20017,0.20131,2000-07-17 16:30:00.0,Intermediário
0.20024,0.20138,2000-07-17 17:00:00.0,Fechamento Interbancário
0.20075,0.20115,2000-07-17 19:28:00.0,Fechamento
0.19917,0.20119,2000-07-18 09:45:00.0,Abertura
0.20001,0.20104,2000-07-18 10:00:00.0,Intermediário
0.20009,0.20112,2000-07-18 10:30:00.0,Intermediário
0.20014,0.20116,2000-07-18 11:00:00.0,Intermediário
0.19989,0.20103,2000-07-18 11:30:00.0,Intermediário
0.19931,0.20045,2000-07-18 12:00:00.0,Intermediário
0.1994,0.20042,2000-07-18 12:30:00.0,Intermediário
0.19929,0.20031,2000-07-18 13:00:00.0,Intermediário
0.19962,0.20065,2000-07-18 13:30:00.0,Intermediário
0.19978,0.2008,2000-07-18 14:00:00.0,Intermediário
0.19806,0.19907,2000-07-18 14:40:00.0,Intermediário
0.19722,0.19834,2000-07-18 15:00:00.0,Intermediário
0.19693,0.19804,2000-07-18 15:30:00.0,Intermediário
0.1968,0.19792,2000-07-18 16:00:00.0,Intermediário
0.19712,0.19824,2000-07-18 16:30:00.0,Intermediário
0.19705,0.19806,2000-07-18 17:00:00.0,Fechamento Interbancário
0.19695,0.19735,2000-07-18 19:13:00.0,Fechamento
0.19656,0.19855,2000-07-19 09:38:00.0,Abertura
0.19798,0.1991,2000-07-19 10:00:00.0,Intermediário
0.19848,0.19961,2000-07-19 10:30:00.0,Intermediário
0.198,0.19901,2000-07-19 11:00:00.0,Intermediário
0.19817,0.1993,2000-07-19 11:30:00.0,Intermediário
0.19826,0.19938,2000-07-19 12:00:00.0,Intermediário
0.19828,0.1993,2000-07-19 12:30:00.0,Intermediário
0.19826,0.19939,2000-07-19 13:00:00.0,Intermediário
0.19835,0.19947,2000-07-19 13:30:00.0,Intermediário
0.19752,0.19864,2000-07-19 14:00:00.0,Intermediário
0.19811,0.19923,2000-07-19 14:30:00.0,Intermediário
0.19853,0.19955,2000-07-19 15:00:00.0,Intermediário
0.19829,0.1993,2000-07-19 15:30:00.0,Intermediário
0.19819,0.19931,2000-07-19 16:00:00.0,Intermediário
0.19813,0.19914,2000-07-19 16:30:00.0,Intermediário
0.19821,0.19923,2000-07-19 17:00:00.0,Fechamento Interbancário
0.19851,0.19891,2000-07-19 19:12:00.0,Fechamento
0.19715,0.19915,2000-07-20 09:59:00.0,Abertura
0.19793,0.19895,2000-07-20 10:00:00.0,Intermediário
0.19809,0.1991,2000-07-20 10:30:00.0,Intermediário
0.19857,0.19969,2000-07-20 11:00:00.0,Intermediário
0.1987,0.19971,2000-07-20 11:30:00.0,Intermediário
0.19835,0.19947,2000-07-20 12:00:00.0,Intermediário
0.19857,0.1997,2000-07-20 12:30:00.0,Intermediário
0.19915,0.20017,2000-07-20 13:00:00.0,Intermediário
0.19918,0.2002,2000-07-20 13:30:00.0,Intermediário
0.19943,0.20045,2000-07-20 14:00:00.0,Intermediário
0.19958,0.2006,2000-07-20 14:30:00.0,Intermediário
0.19965,0.20067,2000-07-20 15:00:00.0,Intermediário
0.19931,0.20033,2000-07-20 15:30:00.0,Intermediário
0.19956,0.20058,2000-07-20 16:00:00.0,Intermediário
0.19948,0.20051,2000-07-20 16:30:00.0,Intermediário
0.19944,0.20058,2000-07-20 17:00:00.0,Fechamento Interbancário
0.19997,0.20037,2000-07-20 19:13:00.0,Fechamento
0.19918,0.20121,2000-07-21 09:29:00.0,Abertura
0.1992,0.20022,2000-07-21 10:00:00.0,Intermediário
0.19869,0.19971,2000-07-21 10:30:00.0,Intermediário
0.19856,0.19969,2000-07-21 11:00:00.0,Intermediário
0.19865,0.19978,2000-07-21 11:30:00.0,Intermediário
0.19792,0.19894,2000-07-21 12:00:00.0,Intermediário
0.19856,0.19969,2000-07-21 12:30:00.0,Intermediário
0.19889,0.20002,2000-07-21 13:00:00.0,Intermediário
0.19913,0.20027,2000-07-21 13:30:00.0,Intermediário
0.19877,0.1999,2000-07-21 14:00:00.0,Intermediário
0.19951,0.20065,2000-07-21 14:30:00.0,Intermediário
0.19975,0.20078,2000-07-21 15:00:00.0,Intermediário
0.19976,0.20079,2000-07-21 15:30:00.0,Intermediário
0.19967,0.20069,2000-07-21 16:00:00.0,Intermediário
0.19981,0.20095,2000-07-21 16:30:00.0,Intermediário
0.19981,0.20095,2000-07-21 17:00:00.0,Fechamento Interbancário
0.19936,0.19976,2000-07-21 19:22:00.0,Fechamento
0.19768,0.19969,2000-07-24 09:30:00.0,Abertura
0.19872,0.19984,2000-07-24 10:00:00.0,Intermediário
0.19889,0.19991,2000-07-24 10:30:00.0,Intermediário
0.19876,0.19989,2000-07-24 11:00:00.0,Intermediário
0.19909,0.20022,2000-07-24 11:30:00.0,Intermediário
0.19906,0.20019,2000-07-24 12:00:00.0,Intermediário
0.19953,0.20056,2000-07-24 12:30:00.0,Intermediário
0.19928,0.20041,2000-07-24 13:00:00.0,Intermediário
0.19991,0.20105,2000-07-24 13:30:00.0,Intermediário
0.19991,0.20105,2000-07-24 14:00:00.0,Intermediário
0.1998,0.20094,2000-07-24 14:30:00.0,Intermediário
0.2,0.20102,2000-07-24 15:00:00.0,Intermediário
0.19961,0.20075,2000-07-24 15:30:00.0,Intermediário
0.19953,0.20067,2000-07-24 16:00:00.0,Intermediário
0.19924,0.20026,2000-07-24 16:30:00.0,Intermediário
0.19906,0.20019,2000-07-24 17:00:00.0,Fechamento Interbancário
0.19957,0.19997,2000-07-24 19:11:00.0,Fechamento
0.19963,0.20167,2000-07-25 09:39:00.0,Abertura
0.2,0.20114,2000-07-25 10:00:00.0,Intermediário
0.20022,0.20124,2000-07-25 10:30:00.0,Intermediário
0.20005,0.20119,2000-07-25 11:00:00.0,Intermediário
0.2001,0.20113,2000-07-25 11:30:00.0,Intermediário
0.20031,0.20145,2000-07-25 12:00:00.0,Intermediário
0.19947,0.20049,2000-07-25 12:30:00.0,Intermediário
0.19969,0.20072,2000-07-25 13:00:00.0,Intermediário
0.19969,0.20072,2000-07-25 13:30:00.0,Intermediário
0.19953,0.20056,2000-07-25 14:00:00.0,Intermediário
0.19938,0.20052,2000-07-25 14:43:00.0,Intermediário
0.19951,0.20053,2000-07-25 15:02:00.0,Intermediário
0.19947,0.20061,2000-07-25 15:33:00.0,Intermediário
0.19944,0.20057,2000-07-25 16:04:00.0,Intermediário
0.19952,0.20054,2000-07-25 16:30:00.0,Intermediário
0.19941,0.20054,2000-07-25 17:03:00.0,Fechamento Interbancário
0.19943,0.19983,2000-07-25 19:11:00.0,Fechamento
0.19933,0.20136,2000-07-26 09:31:00.0,Abertura
0.20018,0.20132,2000-07-26 10:00:00.0,Intermediário
0.20045,0.20148,2000-07-26 10:30:00.0,Intermediário
0.20042,0.20145,2000-07-26 11:00:00.0,Intermediário
0.20045,0.20159,2000-07-26 11:30:00.0,Intermediário
0.20036,0.2015,2000-07-26 12:00:00.0,Intermediário
0.20029,0.20132,2000-07-26 12:30:00.0,Intermediário
0.20014,0.20116,2000-07-26 13:08:00.0,Intermediário
0.20026,0.20128,2000-07-26 13:31:00.0,Intermediário
0.20047,0.2015,2000-07-26 14:00:00.0,Intermediário
0.20036,0.20139,2000-07-26 14:31:00.0,Intermediário
0.20013,0.20127,2000-07-26 15:01:00.0,Intermediário
0.19981,0.20095,2000-07-26 15:32:00.0,Intermediário
0.19986,0.20088,2000-07-26 16:01:00.0,Intermediário
0.19979,0.20082,2000-07-26 16:32:00.0,Intermediário
0.19993,0.20096,2000-07-26 17:02:00.0,Fechamento Interbancário
0.20081,0.20122,2000-07-26 19:16:00.0,Fechamento
0.19768,0.1997,2000-07-27 09:39:00.0,Abertura
0.19854,0.19956,2000-07-27 10:00:00.0,Intermediário
0.1978,0.19892,2000-07-27 10:35:00.0,Intermediário
0.19734,0.19847,2000-07-27 11:00:00.0,Intermediário
0.19668,0.1978,2000-07-27 11:30:00.0,Intermediário
0.19717,0.19829,2000-07-27 12:00:00.0,Intermediário
0.19658,0.19759,2000-07-27 12:30:00.0,Intermediário
0.19564,0.19664,2000-07-27 13:00:00.0,Intermediário
0.19617,0.19718,2000-07-27 13:30:00.0,Intermediário
0.19602,0.19702,2000-07-27 14:00:00.0,Intermediário
0.19587,0.19687,2000-07-27 14:30:00.0,Intermediário
0.19573,0.19684,2000-07-27 15:00:00.0,Intermediário
0.19533,0.19644,2000-07-27 15:30:00.0,Intermediário
0.19468,0.19579,2000-07-27 16:00:00.0,Intermediário
0.19514,0.19625,2000-07-27 16:30:00.0,Intermediário
0.19501,0.19612,2000-07-27 17:00:00.0,Fechamento Interbancário
0.19549,0.19588,2000-07-27 19:07:00.0,Fechamento
0.19303,0.19719,2000-07-28 09:37:00.0,Abertura
0.19404,0.19514,2000-07-28 10:00:00.0,Intermediário
0.19361,0.19471,2000-07-28 10:30:00.0,Intermediário
0.19406,0.19505,2000-07-28 11:00:00.0,Intermediário
0.1947,0.1958,2000-07-28 12:23:00.0,Intermediário
0.19546,0.19646,2000-07-28 12:29:00.0,Intermediário
0.19472,0.19582,2000-07-28 12:30:00.0,Intermediário
0.19452,0.19563,2000-07-28 13:00:00.0,Intermediário
0.19454,0.19565,2000-07-28 13:30:00.0,Intermediário
0.19429,0.19539,2000-07-28 14:00:00.0,Intermediário
0.19461,0.19571,2000-07-28 14:30:00.0,Intermediário
0.19432,0.19542,2000-07-28 15:00:00.0,Intermediário
0.19466,0.19577,2000-07-28 15:30:00.0,Intermediário
0.19445,0.19556,2000-07-28 16:32:00.0,Intermediário
0.19413,0.19523,2000-07-28 16:37:00.0,Intermediário
0.19423,0.19534,2000-07-28 17:00:00.0,Fechamento Interbancário
0.19401,0.19439,2000-07-28 19:22:00.0,Fechamento
0.1926,0.19457,2000-07-31 09:34:00.0,Abertura
0.19249,0.19347,2000-07-31 10:00:00.0,Intermediário
0.19312,0.19422,2000-07-31 10:30:00.0,Intermediário
0.19311,0.1942,2000-07-31 11:00:00.0,Intermediário
0.19268,0.19367,2000-07-31 11:30:00.0,Intermediário
0.19323,0.19433,2000-07-31 12:00:00.0,Intermediário
0.1935,0.19449,2000-07-31 12:30:00.0,Intermediário
0.19309,0.19419,2000-07-31 13:00:00.0,Intermediário
0.19339,0.19449,2000-07-31 13:30:00.0,Intermediário
0.19322,0.19432,2000-07-31 14:00:00.0,Intermediário
0.19309,0.19419,2000-07-31 14:30:00.0,Intermediário
0.19339,0.19449,2000-07-31 15:00:00.0,Intermediário
0.19359,0.19469,2000-07-31 15:30:00.0,Intermediário
0.19375,0.19485,2000-07-31 16:00:00.0,Intermediário
0.19417,0.19527,2000-07-31 16:30:00.0,Intermediário
0.19434,0.19544,2000-07-31 17:00:00.0,Fechamento Interbancário
0.1934,0.19379,2000-07-31 19:11:00.0,Fechamento
0.19377,0.19575,2000-08-01 09:40:00.0,Abertura
0.1949,0.19601,2000-08-01 10:00:00.0,Intermediário
0.19543,0.19654,2000-08-01 10:30:00.0,Intermediário
0.19498,0.19609,2000-08-01 11:00:00.0,Intermediário
0.19523,0.19633,2000-08-01 11:30:00.0,Intermediário
0.19436,0.19546,2000-08-01 12:00:00.0,Intermediário
0.1941,0.19509,2000-08-01 12:30:00.0,Intermediário
0.19323,0.19433,2000-08-01 13:00:00.0,Intermediário
0.19306,0.19416,2000-08-01 13:30:00.0,Intermediário
0.19299,0.19408,2000-08-01 14:00:00.0,Intermediário
0.1925,0.19359,2000-08-01 14:30:00.0,Intermediário
0.19253,0.19362,2000-08-01 15:00:00.0,Intermediário
0.19247,0.19346,2000-08-01 15:30:00.0,Intermediário
0.19299,0.19397,2000-08-01 16:00:00.0,Intermediário
0.19206,0.19315,2000-08-01 16:30:00.0,Intermediário
0.19177,0.19286,2000-08-01 17:00:00.0,Fechamento Interbancário
0.19217,0.19255,2000-08-01 19:11:00.0,Fechamento
0.19253,0.19449,2000-08-02 09:47:00.0,Abertura
0.19321,0.19431,2000-08-02 10:00:00.0,Intermediário
0.19295,0.19393,2000-08-02 10:30:00.0,Intermediário
0.19235,0.19333,2000-08-02 11:00:00.0,Intermediário
0.19279,0.19378,2000-08-02 11:30:00.0,Intermediário
0.19307,0.19405,2000-08-02 12:00:00.0,Intermediário
0.19325,0.19435,2000-08-02 12:30:00.0,Intermediário
0.19316,0.19414,2000-08-02 13:00:00.0,Intermediário
0.19326,0.19425,2000-08-02 13:30:00.0,Intermediário
0.19336,0.19435,2000-08-02 14:00:00.0,Intermediário
0.19336,0.19435,2000-08-02 14:30:00.0,Intermediário
0.19345,0.19444,2000-08-02 15:00:00.0,Intermediário
0.19344,0.19442,2000-08-02 15:30:00.0,Intermediário
0.19314,0.19413,2000-08-02 16:00:00.0,Intermediário
0.19347,0.19446,2000-08-02 16:30:00.0,Intermediário
0.19345,0.19455,2000-08-02 17:00:00.0,Fechamento Interbancário
0.19324,0.19363,2000-08-02 19:30:00.0,Fechamento
0.19218,0.19413,2000-08-03 09:30:00.0,Abertura
0.19315,0.19424,2000-08-03 10:00:00.0,Intermediário
0.1937,0.19479,2000-08-03 10:30:00.0,Intermediário
0.19358,0.19468,2000-08-03 11:00:00.0,Intermediário
0.19273,0.19371,2000-08-03 11:30:00.0,Intermediário
0.19295,0.19404,2000-08-03 12:00:00.0,Intermediário
0.19282,0.19381,2000-08-03 12:30:00.0,Intermediário
0.19263,0.19361,2000-08-03 13:00:00.0,Intermediário
0.19269,0.19367,2000-08-03 13:30:00.0,Intermediário
0.19292,0.1939,2000-08-03 14:00:00.0,Intermediário
0.19321,0.19419,2000-08-03 14:30:00.0,Intermediário
0.19329,0.19439,2000-08-03 15:00:00.0,Intermediário
0.19345,0.19444,2000-08-03 15:30:00.0,Intermediário
0.19284,0.19393,2000-08-03 16:00:00.0,Intermediário
0.19247,0.19345,2000-08-03 16:30:00.0,Intermediário
0.19225,0.19334,2000-08-03 17:00:00.0,Fechamento Interbancário
0.19396,0.19435,2000-08-03 19:08:00.0,Fechamento
0.19111,0.19305,2000-08-04 09:38:00.0,Abertura
0.19251,0.1936,2000-08-04 10:07:00.0,Intermediário
0.19253,0.19351,2000-08-04 10:30:00.0,Intermediário
0.19275,0.19373,2000-08-04 11:00:00.0,Intermediário
0.19242,0.1934,2000-08-04 11:14:00.0,Intermediário
0.19328,0.19427,2000-08-04 11:30:00.0,Intermediário
0.1937,0.19469,2000-08-04 12:00:00.0,Intermediário
0.1929,0.194,2000-08-04 12:30:00.0,Intermediário
0.1933,0.19429,2000-08-04 13:00:00.0,Intermediário
0.19341,0.19439,2000-08-04 13:30:00.0,Intermediário
0.19341,0.19439,2000-08-04 14:00:00.0,Intermediário
0.19336,0.19435,2000-08-04 14:30:00.0,Intermediário
0.19333,0.19442,2000-08-04 15:00:00.0,Intermediário
0.19338,0.19448,2000-08-04 15:30:00.0,Intermediário
0.19329,0.19439,2000-08-04 16:00:00.0,Intermediário
0.1934,0.19439,2000-08-04 16:30:00.0,Intermediário
0.1934,0.19449,2000-08-04 17:00:00.0,Fechamento Interbancário
0.19349,0.19387,2000-08-04 19:55:00.0,Fechamento
0.19326,0.19522,2000-08-07 09:44:00.0,Abertura
0.19453,0.19552,2000-08-07 10:00:00.0,Intermediário
0.19462,0.19561,2000-08-07 10:30:00.0,Intermediário
0.19438,0.19538,2000-08-07 11:00:00.0,Intermediário
0.19421,0.19531,2000-08-07 11:30:00.0,Intermediário
0.19457,0.19556,2000-08-07 12:00:00.0,Intermediário
0.19474,0.19585,2000-08-07 12:30:00.0,Intermediário
0.19484,0.19595,2000-08-07 13:00:00.0,Intermediário
0.1947,0.1958,2000-08-07 13:30:00.0,Intermediário
0.19448,0.19559,2000-08-07 14:00:00.0,Intermediário
0.19457,0.19567,2000-08-07 14:30:00.0,Intermediário
0.19479,0.19578,2000-08-07 15:00:00.0,Intermediário
0.195,0.19599,2000-08-07 15:30:00.0,Intermediário
0.19488,0.19599,2000-08-07 16:00:00.0,Intermediário
0.19488,0.19588,2000-08-07 16:30:00.0,Intermediário
0.19483,0.19593,2000-08-07 17:00:00.0,Fechamento Interbancário
0.19484,0.19523,2000-08-07 19:14:00.0,Fechamento
0.19348,0.19544,2000-08-08 09:36:00.0,Abertura
0.19441,0.1954,2000-08-08 10:00:00.0,Intermediário
0.19443,0.19553,2000-08-08 10:30:00.0,Intermediário
0.19404,0.19503,2000-08-08 11:00:00.0,Intermediário
0.19398,0.19508,2000-08-08 11:30:00.0,Intermediário
0.19404,0.19503,2000-08-08 12:00:00.0,Intermediário
0.19416,0.19526,2000-08-08 12:30:00.0,Intermediário
0.19425,0.19524,2000-08-08 13:00:00.0,Intermediário
0.19406,0.19505,2000-08-08 13:30:00.0,Intermediário
0.19418,0.19517,2000-08-08 14:00:00.0,Intermediário
0.19435,0.19534,2000-08-08 14:30:00.0,Intermediário
0.19415,0.19515,2000-08-08 15:00:00.0,Intermediário
0.19389,0.19498,2000-08-08 15:30:00.0,Intermediário
0.19394,0.19504,2000-08-08 16:00:00.0,Intermediário
0.19359,0.19458,2000-08-08 16:30:00.0,Intermediário
0.19369,0.19479,2000-08-08 17:00:00.0,Fechamento Interbancário
0.1945,0.19489,2000-08-08 19:14:00.0,Fechamento
0.19273,0.19469,2000-08-09 09:39:00.0,Abertura
0.19349,0.19459,2000-08-09 10:00:00.0,Intermediário
0.19349,0.19448,2000-08-09 10:30:00.0,Intermediário
0.19377,0.19486,2000-08-09 11:00:00.0,Intermediário
0.1936,0.19459,2000-08-09 11:30:00.0,Intermediário
0.19344,0.19453,2000-08-09 12:00:00.0,Intermediário
0.19382,0.19492,2000-08-09 12:30:00.0,Intermediário
0.1936,0.1947,2000-08-09 13:00:00.0,Intermediário
0.19396,0.19506,2000-08-09 13:30:00.0,Intermediário
0.19373,0.19483,2000-08-09 14:00:00.0,Intermediário
0.19381,0.19491,2000-08-09 14:30:00.0,Intermediário
0.19388,0.19498,2000-08-09 15:00:00.0,Intermediário
0.19359,0.19458,2000-08-09 15:30:00.0,Intermediário
0.19352,0.1945,2000-08-09 16:00:00.0,Intermediário
0.19365,0.19464,2000-08-09 16:30:00.0,Intermediário
0.19338,0.19437,2000-08-09 17:00:00.0,Fechamento Interbancário
0.19358,0.19397,2000-08-09 19:15:00.0,Fechamento
0.19361,0.19558,2000-08-10 09:42:00.0,Abertura
0.19453,0.19563,2000-08-10 10:00:00.0,Intermediário
0.19468,0.19567,2000-08-10 10:30:00.0,Intermediário
0.19457,0.19557,2000-08-10 11:00:00.0,Intermediário
0.19466,0.19576,2000-08-10 11:36:00.0,Intermediário
0.19491,0.19591,2000-08-10 12:00:00.0,Intermediário
0.19487,0.19597,2000-08-10 12:30:00.0,Intermediário
0.1948,0.19591,2000-08-10 13:00:00.0,Intermediário
0.19432,0.19542,2000-08-10 13:30:00.0,Intermediário
0.19466,0.19576,2000-08-10 14:00:00.0,Intermediário
0.19497,0.19608,2000-08-10 14:30:00.0,Intermediário
0.19509,0.19609,2000-08-10 15:00:00.0,Intermediário
0.19482,0.19592,2000-08-10 15:30:00.0,Intermediário
0.19469,0.19569,2000-08-10 16:00:00.0,Intermediário
0.19475,0.19574,2000-08-10 16:30:00.0,Intermediário
0.19457,0.19568,2000-08-10 17:00:00.0,Fechamento Interbancário
0.19474,0.19513,2000-08-10 19:17:00.0,Fechamento
0.19458,0.19656,2000-08-11 09:51:00.0,Abertura
0.19525,0.19624,2000-08-11 10:00:00.0,Intermediário
0.19478,0.19577,2000-08-11 10:30:00.0,Intermediário
0.19469,0.19569,2000-08-11 11:00:00.0,Intermediário
0.19457,0.19556,2000-08-11 11:30:00.0,Intermediário
0.19418,0.19529,2000-08-11 12:00:00.0,Intermediário
0.19425,0.19525,2000-08-11 12:30:00.0,Intermediário
0.1944,0.1954,2000-08-11 13:00:00.0,Intermediário
0.1943,0.19529,2000-08-11 13:30:00.0,Intermediário
0.19432,0.19531,2000-08-11 14:00:00.0,Intermediário
0.19421,0.19521,2000-08-11 14:30:00.0,Intermediário
0.19412,0.19512,2000-08-11 15:00:00.0,Intermediário
0.19395,0.19505,2000-08-11 15:30:00.0,Intermediário
0.19414,0.19524,2000-08-11 16:00:00.0,Intermediário
0.19431,0.19542,2000-08-11 16:30:00.0,Intermediário
0.19406,0.19516,2000-08-11 17:00:00.0,Fechamento Interbancário
0.19389,0.19428,2000-08-11 19:17:00.0,Fechamento
0.19444,0.19642,2000-08-14 09:58:00.0,Abertura
0.195,0.19622,2000-08-14 10:00:00.0,Intermediário
0.19563,0.19663,2000-08-14 10:30:00.0,Intermediário
0.19573,0.19673,2000-08-14 11:00:00.0,Intermediário
0.19569,0.19669,2000-08-14 11:30:00.0,Intermediário
0.19552,0.19663,2000-08-14 12:00:00.0,Intermediário
0.19515,0.19615,2000-08-14 12:30:00.0,Intermediário
0.19539,0.1965,2000-08-14 13:00:00.0,Intermediário
0.19578,0.19689,2000-08-14 13:30:00.0,Intermediário
0.19573,0.19684,2000-08-14 14:00:00.0,Intermediário
0.19563,0.19674,2000-08-14 14:30:00.0,Intermediário
0.19561,0.19661,2000-08-14 15:00:00.0,Intermediário
0.19593,0.19704,2000-08-14 15:30:00.0,Intermediário
0.19583,0.19694,2000-08-14 16:00:00.0,Intermediário
0.19587,0.19687,2000-08-14 16:30:00.0,Intermediário
0.19546,0.19657,2000-08-14 17:00:00.0,Fechamento Interbancário
0.1956,0.19599,2000-08-14 19:10:00.0,Fechamento
0.19615,0.19814,2000-08-15 09:29:00.0,Abertura
0.19712,0.19812,2000-08-15 10:00:00.0,Intermediário
0.19661,0.19773,2000-08-15 10:30:00.0,Intermediário
0.19623,0.19723,2000-08-15 11:00:00.0,Intermediário
0.1964,0.1974,2000-08-15 11:30:00.0,Intermediário
0.19653,0.19753,2000-08-15 12:00:00.0,Intermediário
0.19681,0.19782,2000-08-15 12:30:00.0,Intermediário
0.1967,0.19771,2000-08-15 13:00:00.0,Intermediário
0.19644,0.19745,2000-08-15 13:30:00.0,Intermediário
0.19633,0.19734,2000-08-15 14:00:00.0,Intermediário
0.19644,0.19745,2000-08-15 14:30:00.0,Intermediário
0.19648,0.19749,2000-08-15 15:00:00.0,Intermediário
0.19614,0.19725,2000-08-15 15:30:00.0,Intermediário
0.19622,0.19722,2000-08-15 16:00:00.0,Intermediário
0.19641,0.19752,2000-08-15 16:30:00.0,Intermediário
0.1964,0.1974,2000-08-15 17:00:00.0,Fechamento Interbancário
0.19647,0.19686,2000-08-15 19:12:00.0,Fechamento
0.19428,0.19625,2000-08-16 09:33:00.0,Abertura
0.19533,0.19643,2000-08-16 10:00:00.0,Intermediário
0.19532,0.19631,2000-08-16 10:30:00.0,Intermediário
0.1953,0.1964,2000-08-16 11:00:00.0,Intermediário
0.19568,0.19668,2000-08-16 11:30:00.0,Intermediário
0.19547,0.19657,2000-08-16 12:00:00.0,Intermediário
0.19589,0.19689,2000-08-16 12:30:00.0,Intermediário
0.19596,0.19707,2000-08-16 13:00:00.0,Intermediário
0.19604,0.19715,2000-08-16 13:30:00.0,Intermediário
0.19604,0.19715,2000-08-16 14:00:00.0,Intermediário
0.19637,0.19748,2000-08-16 14:30:00.0,Intermediário
0.19629,0.1973,2000-08-16 15:00:00.0,Intermediário
0.19632,0.19732,2000-08-16 15:30:00.0,Intermediário
0.19668,0.19768,2000-08-16 16:00:00.0,Intermediário
0.19678,0.1979,2000-08-16 16:30:00.0,Intermediário
0.19661,0.19772,2000-08-16 17:00:00.0,Fechamento Interbancário
0.19645,0.19684,2000-08-16 19:10:00.0,Fechamento
0.19545,0.19742,2000-08-17 09:34:00.0,Abertura
0.19609,0.1972,2000-08-17 10:00:00.0,Intermediário
0.19619,0.1973,2000-08-17 10:30:00.0,Intermediário
0.19636,0.19747,2000-08-17 11:00:00.0,Intermediário
0.19593,0.19704,2000-08-17 11:30:00.0,Intermediário
0.1954,0.1964,2000-08-17 12:00:00.0,Intermediário
0.19562,0.19662,2000-08-17 12:30:00.0,Intermediário
0.19598,0.19709,2000-08-17 13:00:00.0,Intermediário
0.19592,0.19703,2000-08-17 13:30:00.0,Intermediário
0.19579,0.1969,2000-08-17 14:00:00.0,Intermediário
0.19604,0.19715,2000-08-17 14:30:00.0,Intermediário
0.19629,0.1974,2000-08-17 15:00:00.0,Intermediário
0.19632,0.19743,2000-08-17 15:30:00.0,Intermediário
0.19638,0.19738,2000-08-17 16:00:00.0,Intermediário
0.19644,0.19756,2000-08-17 16:30:00.0,Intermediário
0.19662,0.19773,2000-08-17 17:00:00.0,Fechamento Interbancário
0.1965,0.1969,2000-08-17 19:03:00.0,Fechamento
0.19545,0.19742,2000-08-18 09:39:00.0,Abertura
0.1958,0.19691,2000-08-18 10:00:00.0,Intermediário
0.196,0.19711,2000-08-18 10:30:00.0,Intermediário
0.1957,0.1967,2000-08-18 11:00:00.0,Intermediário
0.19583,0.19693,2000-08-18 11:30:00.0,Intermediário
0.19612,0.19712,2000-08-18 12:00:00.0,Intermediário
0.1958,0.19691,2000-08-18 12:30:00.0,Intermediário
0.1957,0.1967,2000-08-18 13:00:00.0,Intermediário
0.19559,0.19659,2000-08-18 13:30:00.0,Intermediário
0.19547,0.19647,2000-08-18 14:00:00.0,Intermediário
0.19574,0.19674,2000-08-18 14:30:00.0,Intermediário
0.19566,0.19666,2000-08-18 15:00:00.0,Intermediário
0.19558,0.19658,2000-08-18 15:30:00.0,Intermediário
0.19521,0.19631,2000-08-18 16:00:00.0,Intermediário
0.19514,0.19625,2000-08-18 16:30:00.0,Intermediário
0.1951,0.1962,2000-08-18 17:00:00.0,Fechamento Interbancário
0.19531,0.1957,2000-08-18 19:12:00.0,Fechamento
0.19427,0.19623,2000-08-21 09:36:00.0,Abertura
0.19486,0.19596,2000-08-21 10:00:00.0,Intermediário
0.19488,0.19598,2000-08-21 10:30:00.0,Intermediário
0.19509,0.19609,2000-08-21 11:00:00.0,Intermediário
0.19501,0.196,2000-08-21 11:30:00.0,Intermediário
0.1955,0.1965,2000-08-21 12:00:00.0,Intermediário
0.19562,0.19662,2000-08-21 12:30:00.0,Intermediário
0.19524,0.19624,2000-08-21 13:00:00.0,Intermediário
0.19524,0.19624,2000-08-21 13:30:00.0,Intermediário
0.19526,0.19626,2000-08-21 14:00:00.0,Intermediário
0.19512,0.19611,2000-08-21 14:30:00.0,Intermediário
0.19533,0.19643,2000-08-21 15:00:00.0,Intermediário
0.19514,0.19613,2000-08-21 15:30:00.0,Intermediário
0.19531,0.19641,2000-08-21 16:00:00.0,Intermediário
0.19537,0.19637,2000-08-21 16:30:00.0,Intermediário
0.19539,0.19639,2000-08-21 17:00:00.0,Fechamento Interbancário
0.19529,0.19568,2000-08-21 19:10:00.0,Fechamento
0.19346,0.19541,2000-08-22 09:51:00.0,Abertura
0.19371,0.1947,2000-08-22 10:00:00.0,Intermediário
0.19402,0.19512,2000-08-22 10:30:00.0,Intermediário
0.194,0.1951,2000-08-22 11:00:00.0,Intermediário
0.19497,0.19596,2000-08-22 11:30:00.0,Intermediário
0.19486,0.19586,2000-08-22 12:00:00.0,Intermediário
0.19466,0.19566,2000-08-22 12:30:00.0,Intermediário
0.19398,0.19508,2000-08-22 13:14:00.0,Intermediário
0.1941,0.1952,2000-08-22 13:30:00.0,Intermediário
0.19419,0.19529,2000-08-22 14:00:00.0,Intermediário
0.19421,0.19531,2000-08-22 14:30:00.0,Intermediário
0.19406,0.19505,2000-08-22 15:00:00.0,Intermediário
0.19406,0.19516,2000-08-22 15:30:00.0,Intermediário
0.19439,0.19538,2000-08-22 16:00:00.0,Intermediário
0.19405,0.19515,2000-08-22 16:30:00.0,Intermediário
0.1941,0.1952,2000-08-22 17:00:00.0,Fechamento Interbancário
0.19419,0.19457,2000-08-22 19:16:00.0,Fechamento
0.19322,0.19517,2000-08-23 09:34:00.0,Abertura
0.19375,0.19485,2000-08-23 10:00:00.0,Intermediário
0.19394,0.19493,2000-08-23 10:30:00.0,Intermediário
0.1943,0.1954,2000-08-23 11:00:00.0,Intermediário
0.1942,0.19519,2000-08-23 11:30:00.0,Intermediário
0.19411,0.1951,2000-08-23 12:00:00.0,Intermediário
0.19421,0.19531,2000-08-23 12:30:00.0,Intermediário
0.1944,0.1954,2000-08-23 13:00:00.0,Intermediário
0.19491,0.1959,2000-08-23 13:30:00.0,Intermediário
0.19499,0.19598,2000-08-23 14:00:00.0,Intermediário
0.19491,0.1959,2000-08-23 14:30:00.0,Intermediário
0.19528,0.19627,2000-08-23 15:00:00.0,Intermediário
0.19543,0.19642,2000-08-23 15:30:00.0,Intermediário
0.19556,0.19655,2000-08-23 16:00:00.0,Intermediário
0.1956,0.19671,2000-08-23 16:30:00.0,Intermediário
0.19559,0.19669,2000-08-23 17:00:00.0,Fechamento Interbancário
0.1955,0.19588,2000-08-23 19:11:00.0,Fechamento
0.19495,0.19692,2000-08-24 09:40:00.0,Abertura
0.19594,0.19694,2000-08-24 10:00:00.0,Intermediário
0.19632,0.19743,2000-08-24 10:30:00.0,Intermediário
0.19611,0.19722,2000-08-24 11:00:00.0,Intermediário
0.19574,0.19674,2000-08-24 11:30:00.0,Intermediário
0.19573,0.19673,2000-08-24 12:00:00.0,Intermediário
0.19562,0.19673,2000-08-24 12:30:00.0,Intermediário
0.19579,0.1969,2000-08-24 13:00:00.0,Intermediário
0.19543,0.19654,2000-08-24 13:30:00.0,Intermediário
0.1956,0.19671,2000-08-24 14:00:00.0,Intermediário
0.1956,0.19682,2000-08-24 14:30:00.0,Intermediário
0.19566,0.19676,2000-08-24 15:00:00.0,Intermediário
0.19592,0.19703,2000-08-24 15:30:00.0,Intermediário
0.1957,0.1967,2000-08-24 16:00:00.0,Intermediário
0.19553,0.19652,2000-08-24 16:30:00.0,Intermediário
0.19549,0.19659,2000-08-24 17:00:00.0,Fechamento Interbancário
0.19574,0.19612,2000-08-24 19:07:00.0,Fechamento
0.19479,0.19676,2000-08-25 09:38:00.0,Abertura
0.19556,0.19656,2000-08-25 10:00:00.0,Intermediário
0.19544,0.19654,2000-08-25 10:30:00.0,Intermediário
0.19532,0.19632,2000-08-25 11:00:00.0,Intermediário
0.19592,0.19703,2000-08-25 11:30:00.0,Intermediário
0.19584,0.19684,2000-08-25 12:00:00.0,Intermediário
0.19553,0.19653,2000-08-25 12:30:00.0,Intermediário
0.19533,0.19644,2000-08-25 13:00:00.0,Intermediário
0.19533,0.19644,2000-08-25 13:30:00.0,Intermediário
0.19533,0.19644,2000-08-25 14:00:00.0,Intermediário
0.1954,0.1965,2000-08-25 14:30:00.0,Intermediário
0.19529,0.19628,2000-08-25 15:00:00.0,Intermediário
0.19503,0.19613,2000-08-25 15:30:00.0,Intermediário
0.19507,0.19606,2000-08-25 16:00:00.0,Intermediário
0.19508,0.19618,2000-08-25 16:30:00.0,Intermediário
0.19515,0.19615,2000-08-25 17:00:00.0,Fechamento Interbancário
0.19518,0.19556,2000-08-25 19:13:00.0,Fechamento
0.19395,0.1959,2000-08-28 09:30:00.0,Abertura
0.19457,0.19567,2000-08-28 10:00:00.0,Intermediário
0.19462,0.19561,2000-08-28 10:30:00.0,Intermediário
0.19501,0.19611,2000-08-28 11:00:00.0,Intermediário
0.19488,0.19598,2000-08-28 11:30:00.0,Intermediário
0.19451,0.19561,2000-08-28 12:00:00.0,Intermediário
0.1952,0.19619,2000-08-28 12:30:00.0,Intermediário
0.19507,0.19617,2000-08-28 13:00:00.0,Intermediário
0.19493,0.19603,2000-08-28 13:30:00.0,Intermediário
0.19507,0.19617,2000-08-28 14:00:00.0,Intermediário
0.19499,0.19609,2000-08-28 14:30:00.0,Intermediário
0.19499,0.19609,2000-08-28 15:00:00.0,Intermediário
0.19506,0.19606,2000-08-28 15:30:00.0,Intermediário
0.19513,0.19612,2000-08-28 16:00:00.0,Intermediário
0.19521,0.19632,2000-08-28 16:30:00.0,Intermediário
0.1952,0.19619,2000-08-28 17:00:00.0,Fechamento Interbancário
0.19472,0.1951,2000-08-28 19:13:00.0,Fechamento
0.1929,0.19484,2000-08-29 09:41:00.0,Abertura
0.19414,0.19524,2000-08-29 10:00:00.0,Intermediário
0.19451,0.1956,2000-08-29 10:30:00.0,Intermediário
0.19455,0.19565,2000-08-29 11:00:00.0,Intermediário
0.19474,0.19573,2000-08-29 11:30:00.0,Intermediário
0.19424,0.19523,2000-08-29 12:00:00.0,Intermediário
0.19453,0.19552,2000-08-29 12:30:00.0,Intermediário
0.19419,0.19518,2000-08-29 13:00:00.0,Intermediário
0.19329,0.19427,2000-08-29 13:30:00.0,Intermediário
0.19345,0.19444,2000-08-29 14:00:00.0,Intermediário
0.19333,0.19431,2000-08-29 14:30:00.0,Intermediário
0.19349,0.19447,2000-08-29 15:00:00.0,Intermediário
0.19362,0.19461,2000-08-29 15:30:00.0,Intermediário
0.19297,0.19406,2000-08-29 16:00:00.0,Intermediário
0.19302,0.194,2000-08-29 16:30:00.0,Intermediário
0.19289,0.19398,2000-08-29 17:00:00.0,Fechamento Interbancário
0.19381,0.19419,2000-08-29 19:10:00.0,Fechamento
0.19204,0.19397,2000-08-30 09:58:00.0,Abertura
0.19287,0.19385,2000-08-30 10:00:00.0,Intermediário
0.19297,0.19406,2000-08-30 10:30:00.0,Intermediário
0.19284,0.19393,2000-08-30 11:00:00.0,Intermediário
0.19287,0.19385,2000-08-30 11:30:00.0,Intermediário
0.19327,0.19425,2000-08-30 12:00:00.0,Intermediário
0.19296,0.19394,2000-08-30 12:30:00.0,Intermediário
0.19244,0.19353,2000-08-30 13:00:00.0,Intermediário
0.19232,0.1934,2000-08-30 13:30:00.0,Intermediário
0.19252,0.1936,2000-08-30 14:00:00.0,Intermediário
0.1925,0.19359,2000-08-30 14:30:00.0,Intermediário
0.19247,0.19345,2000-08-30 15:00:00.0,Intermediário
0.19237,0.19345,2000-08-30 15:30:00.0,Intermediário
0.19232,0.1933,2000-08-30 16:00:00.0,Intermediário
0.19265,0.19373,2000-08-30 16:30:00.0,Intermediário
0.19297,0.19395,2000-08-30 17:00:00.0,Fechamento Interbancário
0.19326,0.19364,2000-08-30 19:13:00.0,Fechamento
0.19232,0.19426,2000-08-31 09:25:00.0,Abertura
0.19262,0.19371,2000-08-31 10:00:00.0,Intermediário
0.19289,0.19398,2000-08-31 10:30:00.0,Intermediário
0.19265,0.19374,2000-08-31 11:00:00.0,Intermediário
0.19311,0.19409,2000-08-31 11:30:00.0,Intermediário
0.19239,0.19347,2000-08-31 12:00:00.0,Intermediário
0.1916,0.19258,2000-08-31 12:37:00.0,Intermediário
0.19196,0.19304,2000-08-31 13:08:00.0,Intermediário
0.19164,0.19272,2000-08-31 13:41:00.0,Intermediário
0.192,0.19309,2000-08-31 14:11:00.0,Intermediário
0.19205,0.19314,2000-08-31 14:41:00.0,Intermediário
0.19214,0.19322,2000-08-31 15:11:00.0,Intermediário
0.19235,0.19343,2000-08-31 15:39:00.0,Intermediário
0.19242,0.1935,2000-08-31 16:25:00.0,Intermediário
0.19259,0.19358,2000-08-31 16:43:00.0,Intermediário
0.19266,0.19364,2000-08-31 17:07:00.0,Fechamento Interbancário
0.19297,0.19335,2000-08-31 19:02:00.0,Fechamento
0.19301,0.19495,2000-09-01 09:44:00.0,Abertura
0.1937,0.1948,2000-09-01 10:00:00.0,Intermediário
0.1941,0.19509,2000-09-01 10:30:00.0,Intermediário
0.194,0.19509,2000-09-01 11:00:00.0,Intermediário
0.19481,0.19591,2000-09-01 11:41:00.0,Intermediário
0.19519,0.19619,2000-09-01 12:00:00.0,Intermediário
0.195,0.1961,2000-09-01 12:30:00.0,Intermediário
0.1949,0.196,2000-09-01 13:00:00.0,Intermediário
0.19479,0.19589,2000-09-01 13:30:00.0,Intermediário
0.1949,0.196,2000-09-01 14:00:00.0,Intermediário
0.19494,0.19604,2000-09-01 14:30:00.0,Intermediário
0.1953,0.19629,2000-09-01 15:00:00.0,Intermediário
0.19512,0.19623,2000-09-01 15:30:00.0,Intermediário
0.19502,0.19612,2000-09-01 16:00:00.0,Intermediário
0.19544,0.19644,2000-09-01 16:30:00.0,Intermediário
0.19551,0.19662,2000-09-01 17:00:00.0,Fechamento Interbancário
0.19538,0.19577,2000-09-01 19:18:00.0,Fechamento
0.19445,0.19641,2000-09-04 09:53:00.0,Abertura
0.19519,0.1964,2000-09-04 10:00:00.0,Intermediário
0.19503,0.19602,2000-09-04 10:30:00.0,Intermediário
0.19528,0.19627,2000-09-04 11:00:00.0,Intermediário
0.19538,0.19638,2000-09-04 11:30:00.0,Intermediário
0.19552,0.19662,2000-09-04 12:00:00.0,Intermediário
0.19559,0.1967,2000-09-04 12:30:00.0,Intermediário
0.19534,0.19634,2000-09-04 13:00:00.0,Intermediário
0.19517,0.19617,2000-09-04 13:30:00.0,Intermediário
0.19519,0.19619,2000-09-04 14:00:00.0,Intermediário
0.19536,0.19636,2000-09-04 14:30:00.0,Intermediário
0.19545,0.19644,2000-09-04 15:00:00.0,Intermediário
0.1956,0.19659,2000-09-04 15:30:00.0,Intermediário
0.19557,0.19657,2000-09-04 16:00:00.0,Intermediário
0.19549,0.19659,2000-09-04 16:30:00.0,Intermediário
0.19549,0.19659,2000-09-04 17:00:00.0,Fechamento Interbancário
0.19548,0.19586,2000-09-04 19:12:00.0,Fechamento
0.19259,0.19453,2000-09-05 09:31:00.0,Abertura
0.19301,0.1941,2000-09-05 10:00:00.0,Intermediário
0.19336,0.19445,2000-09-05 10:30:00.0,Intermediário
0.1933,0.19439,2000-09-05 11:00:00.0,Intermediário
0.19311,0.1941,2000-09-05 11:30:00.0,Intermediário
0.19306,0.19404,2000-09-05 12:00:00.0,Intermediário
0.19264,0.19362,2000-09-05 12:30:00.0,Intermediário
0.19244,0.19342,2000-09-05 13:00:00.0,Intermediário
0.19254,0.19352,2000-09-05 13:30:00.0,Intermediário
0.1926,0.19358,2000-09-05 14:00:00.0,Intermediário
0.19264,0.19362,2000-09-05 14:30:00.0,Intermediário
0.19261,0.19359,2000-09-05 15:00:00.0,Intermediário
0.19261,0.19359,2000-09-05 15:30:00.0,Intermediário
0.19228,0.19337,2000-09-05 16:00:00.0,Intermediário
0.19258,0.19356,2000-09-05 16:30:00.0,Intermediário
0.19237,0.19346,2000-09-05 17:00:00.0,Fechamento Interbancário
0.19312,0.1935,2000-09-05 19:18:00.0,Fechamento
0.18976,0.19167,2000-09-06 09:36:00.0,Abertura
0.18917,0.19014,2000-09-06 10:00:00.0,Intermediário
0.18959,0.19055,2000-09-06 10:30:00.0,Intermediário
0.18924,0.1902,2000-09-06 11:00:00.0,Intermediário
0.18969,0.19065,2000-09-06 11:30:00.0,Intermediário
0.19011,0.19108,2000-09-06 12:00:00.0,Intermediário
0.18975,0.19071,2000-09-06 12:30:00.0,Intermediário
0.18819,0.18915,2000-09-06 13:02:00.0,Intermediário
0.18835,0.1893,2000-09-06 13:30:00.0,Intermediário
0.18778,0.18874,2000-09-06 14:00:00.0,Intermediário
0.18795,0.1889,2000-09-06 14:30:00.0,Intermediário
0.18804,0.18899,2000-09-06 15:00:00.0,Intermediário
0.18824,0.1892,2000-09-06 15:30:00.0,Intermediário
0.18836,0.18932,2000-09-06 16:00:00.0,Intermediário
0.18854,0.1895,2000-09-06 16:30:00.0,Intermediário
0.18841,0.18948,2000-09-06 17:00:00.0,Fechamento Interbancário
0.18852,0.18889,2000-09-06 19:13:00.0,Fechamento
0.18872,0.19062,2000-09-08 09:46:00.0,Abertura
0.1894,0.19047,2000-09-08 10:00:00.0,Intermediário
0.1898,0.19076,2000-09-08 10:30:00.0,Intermediário
0.18926,0.19022,2000-09-08 11:00:00.0,Intermediário
0.18844,0.1895,2000-09-08 11:30:00.0,Intermediário
0.18838,0.18934,2000-09-08 12:00:00.0,Intermediário
0.18792,0.18887,2000-09-08 12:30:00.0,Intermediário
0.1882,0.18916,2000-09-08 13:00:00.0,Intermediário
0.18835,0.1893,2000-09-08 13:30:00.0,Intermediário
0.18811,0.18907,2000-09-08 14:00:00.0,Intermediário
0.18831,0.18927,2000-09-08 14:30:00.0,Intermediário
0.18856,0.18952,2000-09-08 15:00:00.0,Intermediário
0.18896,0.19003,2000-09-08 15:30:00.0,Intermediário
0.1889,0.18997,2000-09-08 16:20:00.0,Intermediário
0.18878,0.18974,2000-09-08 16:30:00.0,Intermediário
0.18863,0.1897,2000-09-08 17:00:00.0,Fechamento Interbancário
0.18862,0.18899,2000-09-08 19:09:00.0,Fechamento
0.18571,0.18758,2000-09-11 09:36:00.0,Abertura
0.18624,0.18719,2000-09-11 10:00:00.0,Intermediário
0.18644,0.18739,2000-09-11 10:30:00.0,Intermediário
0.18633,0.18738,2000-09-11 11:00:00.0,Intermediário
0.18631,0.18736,2000-09-11 11:30:00.0,Intermediário
0.18622,0.18727,2000-09-11 12:00:00.0,Intermediário
0.18616,0.1871,2000-09-11 12:30:00.0,Intermediário
0.18651,0.18746,2000-09-11 13:00:00.0,Intermediário
0.18589,0.18683,2000-09-11 13:30:00.0,Intermediário
0.18601,0.18696,2000-09-11 14:00:00.0,Intermediário
0.18589,0.18683,2000-09-11 14:30:00.0,Intermediário
0.18599,0.18704,2000-09-11 15:00:00.0,Intermediário
0.186,0.18695,2000-09-11 15:30:00.0,Intermediário
0.18611,0.18715,2000-09-11 16:00:00.0,Intermediário
0.18626,0.1873,2000-09-11 16:30:00.0,Intermediário
0.18637,0.18742,2000-09-11 17:00:00.0,Fechamento Interbancário
0.18632,0.18668,2000-09-11 19:20:00.0,Fechamento
0.18699,0.18887,2000-09-12 10:03:00.0,Abertura
0.18788,0.18884,2000-09-12 10:11:00.0,Intermediário
0.18806,0.18901,2000-09-12 10:30:00.0,Intermediário
0.18866,0.18961,2000-09-12 11:00:00.0,Intermediário
0.18782,0.18877,2000-09-12 11:30:00.0,Intermediário
0.18618,0.18722,2000-09-12 12:13:00.0,Intermediário
0.18674,0.18768,2000-09-12 12:30:00.0,Intermediário
0.18659,0.18754,2000-09-12 13:00:00.0,Intermediário
0.18686,0.18781,2000-09-12 13:30:00.0,Intermediário
0.18667,0.18762,2000-09-12 14:00:00.0,Intermediário
0.1866,0.18755,2000-09-12 14:30:00.0,Intermediário
0.18674,0.18769,2000-09-12 15:00:00.0,Intermediário
0.18729,0.18835,2000-09-12 15:30:00.0,Intermediário
0.18744,0.18839,2000-09-12 16:00:00.0,Intermediário
0.18741,0.18836,2000-09-12 16:30:00.0,Intermediário
0.18737,0.18832,2000-09-12 17:00:00.0,Fechamento Interbancário
0.18742,0.18779,2000-09-12 19:30:00.0,Fechamento
0.18698,0.18885,2000-09-13 09:59:00.0,Abertura
0.18796,0.18891,2000-09-13 10:00:00.0,Intermediário
0.18761,0.18856,2000-09-13 10:30:00.0,Intermediário
0.18735,0.1884,2000-09-13 11:00:00.0,Intermediário
0.18782,0.18877,2000-09-13 11:30:00.0,Intermediário
0.18808,0.18903,2000-09-13 12:00:00.0,Intermediário
0.18825,0.18921,2000-09-13 12:30:00.0,Intermediário
0.1881,0.18906,2000-09-13 13:00:00.0,Intermediário
0.18826,0.18921,2000-09-13 13:30:00.0,Intermediário
0.18826,0.18921,2000-09-13 14:00:00.0,Intermediário
0.18785,0.1888,2000-09-13 14:30:00.0,Intermediário
0.18739,0.18844,2000-09-13 15:00:00.0,Intermediário
0.18721,0.18816,2000-09-13 15:30:00.0,Intermediário
0.18736,0.18842,2000-09-13 16:00:00.0,Intermediário
0.18716,0.18811,2000-09-13 16:30:00.0,Intermediário
0.18674,0.18769,2000-09-13 17:00:00.0,Fechamento Interbancário
0.18697,0.18734,2000-09-13 19:10:00.0,Fechamento
0.1879,0.18979,2000-09-14 09:30:00.0,Abertura
0.18776,0.18882,2000-09-14 10:00:00.0,Intermediário
0.1879,0.18886,2000-09-14 10:30:00.0,Intermediário
0.18797,0.18902,2000-09-14 11:00:00.0,Intermediário
0.1877,0.18866,2000-09-14 11:30:00.0,Intermediário
0.18738,0.18833,2000-09-14 12:00:00.0,Intermediário
0.18749,0.18844,2000-09-14 12:30:00.0,Intermediário
0.18736,0.18831,2000-09-14 13:00:00.0,Intermediário
0.18734,0.18829,2000-09-14 13:30:00.0,Intermediário
0.18761,0.18856,2000-09-14 14:00:00.0,Intermediário
0.18799,0.18895,2000-09-14 14:30:00.0,Intermediário
0.18818,0.18924,2000-09-14 15:00:00.0,Intermediário
0.1883,0.18935,2000-09-14 15:30:00.0,Intermediário
0.18852,0.18948,2000-09-14 16:00:00.0,Intermediário
0.18867,0.18973,2000-09-14 16:30:00.0,Intermediário
0.18893,0.18999,2000-09-14 17:00:00.0,Fechamento Interbancário
0.1881,0.18846,2000-09-14 19:12:00.0,Fechamento
0.18789,0.18977,2000-09-15 09:44:00.0,Abertura
0.1889,0.18996,2000-09-15 10:00:00.0,Intermediário
0.18885,0.18981,2000-09-15 10:30:00.0,Intermediário
0.1885,0.18946,2000-09-15 11:00:00.0,Intermediário
0.18872,0.18978,2000-09-15 11:30:00.0,Intermediário
0.1887,0.18976,2000-09-15 12:00:00.0,Intermediário
0.18801,0.18907,2000-09-15 12:30:00.0,Intermediário
0.1881,0.18915,2000-09-15 13:30:00.0,Intermediário
0.18844,0.1895,2000-09-15 14:00:00.0,Intermediário
0.18829,0.18934,2000-09-15 14:30:00.0,Intermediário
0.18826,0.18921,2000-09-15 15:00:00.0,Intermediário
0.18828,0.18934,2000-09-15 15:30:00.0,Intermediário
0.18815,0.1891,2000-09-15 16:00:00.0,Intermediário
0.18733,0.18838,2000-09-15 16:30:00.0,Intermediário
0.18724,0.18829,2000-09-15 17:00:00.0,Fechamento Interbancário
0.18747,0.18783,2000-09-15 19:10:00.0,Fechamento
0.18692,0.18879,2000-09-18 09:34:00.0,Abertura
0.18802,0.18908,2000-09-18 10:00:00.0,Intermediário
0.18821,0.18917,2000-09-18 10:30:00.0,Intermediário
0.18804,0.18909,2000-09-18 11:00:00.0,Intermediário
0.18808,0.18903,2000-09-18 11:30:00.0,Intermediário
0.18822,0.18927,2000-09-18 12:00:00.0,Intermediário
0.1883,0.18936,2000-09-18 12:30:00.0,Intermediário
0.18855,0.18961,2000-09-18 13:00:00.0,Intermediário
0.18865,0.1896,2000-09-18 13:30:00.0,Intermediário
0.18857,0.18953,2000-09-18 14:00:00.0,Intermediário
0.18878,0.18974,2000-09-18 14:30:00.0,Intermediário
0.18935,0.1903,2000-09-18 15:00:00.0,Intermediário
0.18914,0.1902,2000-09-18 15:30:00.0,Intermediário
0.18875,0.18971,2000-09-18 16:00:00.0,Intermediário
0.18889,0.18995,2000-09-18 16:30:00.0,Intermediário
0.18877,0.18982,2000-09-18 17:00:00.0,Fechamento Interbancário
0.18854,0.1889,2000-09-18 19:32:00.0,Fechamento
0.18817,0.19005,2000-09-19 09:27:00.0,Abertura
0.18863,0.18968,2000-09-19 10:00:00.0,Intermediário
0.18887,0.18983,2000-09-19 10:30:00.0,Intermediário
0.18849,0.18955,2000-09-19 11:00:00.0,Intermediário
0.18861,0.18966,2000-09-19 11:30:00.0,Intermediário
0.18852,0.18948,2000-09-19 12:00:00.0,Intermediário
0.18804,0.18899,2000-09-19 12:30:00.0,Intermediário
0.188,0.18905,2000-09-19 13:00:00.0,Intermediário
0.18794,0.189,2000-09-19 13:30:00.0,Intermediário
0.18773,0.18879,2000-09-19 14:00:00.0,Intermediário
0.18775,0.1888,2000-09-19 14:30:00.0,Intermediário
0.18794,0.189,2000-09-19 15:00:00.0,Intermediário
0.18788,0.18883,2000-09-19 15:30:00.0,Intermediário
0.18781,0.18876,2000-09-19 16:00:00.0,Intermediário
0.18801,0.18896,2000-09-19 16:30:00.0,Intermediário
0.18777,0.18883,2000-09-19 17:00:00.0,Fechamento Interbancário
0.18791,0.18828,2000-09-19 19:16:00.0,Fechamento
0.18678,0.18864,2000-09-20 09:27:00.0,Abertura
0.18788,0.18883,2000-09-20 10:00:00.0,Intermediário
0.18757,0.18862,2000-09-20 10:30:00.0,Intermediário
0.18748,0.18853,2000-09-20 11:00:00.0,Intermediário
0.18733,0.18828,2000-09-20 11:30:00.0,Intermediário
0.18775,0.1888,2000-09-20 12:00:00.0,Intermediário
0.18747,0.18852,2000-09-20 12:30:00.0,Intermediário
0.1876,0.18865,2000-09-20 13:00:00.0,Intermediário
0.18753,0.18858,2000-09-20 13:30:00.0,Intermediário
0.18761,0.18866,2000-09-20 14:00:00.0,Intermediário
0.18791,0.18896,2000-09-20 14:30:00.0,Intermediário
0.18752,0.18857,2000-09-20 15:00:00.0,Intermediário
0.18742,0.18837,2000-09-20 15:30:00.0,Intermediário
0.18749,0.18844,2000-09-20 16:00:00.0,Intermediário
0.18722,0.18827,2000-09-20 16:30:00.0,Intermediário
0.1872,0.18825,2000-09-20 17:00:00.0,Fechamento Interbancário
0.18758,0.18794,2000-09-20 19:08:00.0,Fechamento
0.18769,0.18956,2000-09-21 09:34:00.0,Abertura
0.18776,0.18881,2000-09-21 10:00:00.0,Intermediário
0.18777,0.18872,2000-09-21 10:30:00.0,Intermediário
0.18754,0.1886,2000-09-21 11:00:00.0,Intermediário
0.18775,0.1888,2000-09-21 11:30:00.0,Intermediário
0.18812,0.18918,2000-09-21 12:00:00.0,Intermediário
0.18842,0.18937,2000-09-21 12:30:00.0,Intermediário
0.18833,0.18938,2000-09-21 13:00:00.0,Intermediário
0.18908,0.19014,2000-09-21 13:30:00.0,Intermediário
0.1891,0.19016,2000-09-21 14:00:00.0,Intermediário
0.18916,0.19022,2000-09-21 14:30:00.0,Intermediário
0.18888,0.18984,2000-09-21 15:00:00.0,Intermediário
0.18901,0.18997,2000-09-21 15:30:00.0,Intermediário
0.18916,0.19022,2000-09-21 16:00:00.0,Intermediário
0.18913,0.19019,2000-09-21 16:30:00.0,Intermediário
0.18872,0.18978,2000-09-21 17:13:00.0,Fechamento Interbancário
0.18883,0.1892,2000-09-21 19:09:00.0,Fechamento
0.19524,0.19718,2000-09-22 09:32:00.0,Abertura
0.19541,0.1965,2000-09-22 10:00:00.0,Intermediário
0.19537,0.19637,2000-09-22 10:34:00.0,Intermediário
0.19426,0.19525,2000-09-22 11:00:00.0,Intermediário
0.19356,0.19454,2000-09-22 11:30:00.0,Intermediário
0.19335,0.19444,2000-09-22 12:00:00.0,Intermediário
0.19315,0.19423,2000-09-22 12:30:00.0,Intermediário
0.19262,0.1937,2000-09-22 13:04:00.0,Intermediário
0.19301,0.19409,2000-09-22 13:30:00.0,Intermediário
0.19262,0.19381,2000-09-22 14:30:00.0,Intermediário
0.19212,0.1933,2000-09-22 14:51:00.0,Intermediário
0.19205,0.19313,2000-09-22 15:00:00.0,Intermediário
0.19181,0.19279,2000-09-22 15:30:00.0,Intermediário
0.19122,0.1925,2000-09-22 16:00:00.0,Intermediário
0.19081,0.19188,2000-09-22 16:30:00.0,Intermediário
0.19062,0.19169,2000-09-22 17:00:00.0,Fechamento Interbancário
0.19195,0.19232,2000-09-22 19:21:00.0,Fechamento
0.18953,0.19143,2000-09-25 09:39:00.0,Abertura
0.18991,0.19098,2000-09-25 10:00:00.0,Intermediário
0.19014,0.1912,2000-09-25 10:30:00.0,Intermediário
0.19002,0.19098,2000-09-25 11:00:00.0,Intermediário
0.19032,0.19139,2000-09-25 11:30:00.0,Intermediário
0.19001,0.19108,2000-09-25 12:00:00.0,Intermediário
0.18999,0.19095,2000-09-25 12:30:00.0,Intermediário
0.19038,0.19134,2000-09-25 13:00:00.0,Intermediário
0.18982,0.19078,2000-09-25 13:30:00.0,Intermediário
0.19002,0.19099,2000-09-25 14:00:00.0,Intermediário
0.19017,0.19113,2000-09-25 14:30:00.0,Intermediário
0.19037,0.19134,2000-09-25 15:00:00.0,Intermediário
0.19055,0.19162,2000-09-25 15:30:00.0,Intermediário
0.19016,0.19112,2000-09-25 16:00:00.0,Intermediário
0.19048,0.19145,2000-09-25 16:30:00.0,Intermediário
0.19042,0.19149,2000-09-25 17:01:00.0,Fechamento Interbancário
0.18999,0.19036,2000-09-25 18:09:00.0,Fechamento
0.19092,0.19283,2000-09-26 09:50:00.0,Abertura
0.19182,0.19279,2000-09-26 10:00:00.0,Intermediário
0.19227,0.19324,2000-09-26 10:30:00.0,Intermediário
0.1922,0.19328,2000-09-26 11:00:00.0,Intermediário
0.19156,0.19263,2000-09-26 11:30:00.0,Intermediário
0.19168,0.19276,2000-09-26 12:00:00.0,Intermediário
0.19182,0.1928,2000-09-26 12:30:00.0,Intermediário
0.19169,0.19266,2000-09-26 13:00:00.0,Intermediário
0.19159,0.19256,2000-09-26 13:30:00.0,Intermediário
0.19155,0.19252,2000-09-26 14:00:00.0,Intermediário
0.19151,0.19248,2000-09-26 14:30:00.0,Intermediário
0.19131,0.19239,2000-09-26 15:00:00.0,Intermediário
0.19133,0.19231,2000-09-26 15:30:00.0,Intermediário
0.1919,0.19297,2000-09-26 16:00:00.0,Intermediário
0.19186,0.19294,2000-09-26 16:30:00.0,Intermediário
0.19204,0.19302,2000-09-26 17:00:00.0,Fechamento Interbancário
0.19203,0.19241,2000-09-26 18:13:00.0,Fechamento
0.19175,0.19366,2000-09-27 09:34:00.0,Abertura
0.19159,0.19267,2000-09-27 10:00:00.0,Intermediário
0.19161,0.19258,2000-09-27 10:37:00.0,Intermediário
0.19159,0.19257,2000-09-27 11:00:00.0,Intermediário
0.1912,0.19228,2000-09-27 11:30:00.0,Intermediário
0.19111,0.19207,2000-09-27 12:00:00.0,Intermediário
0.19112,0.19209,2000-09-27 12:30:00.0,Intermediário
0.1908,0.19177,2000-09-27 13:00:00.0,Intermediário
0.19061,0.19157,2000-09-27 13:30:00.0,Intermediário
0.19051,0.19147,2000-09-27 14:00:00.0,Intermediário
0.18986,0.19082,2000-09-27 14:30:00.0,Intermediário
0.1904,0.19137,2000-09-27 15:00:00.0,Intermediário
0.19089,0.19186,2000-09-27 15:30:00.0,Intermediário
0.19113,0.1921,2000-09-27 16:00:00.0,Intermediário
0.19089,0.19196,2000-09-27 16:30:00.0,Intermediário
0.19103,0.1921,2000-09-27 17:00:00.0,Fechamento Interbancário
0.19099,0.19137,2000-09-27 18:13:00.0,Fechamento
0.19038,0.19227,2000-09-28 09:34:00.0,Abertura
0.19092,0.19199,2000-09-28 10:00:00.0,Intermediário
0.19108,0.19215,2000-09-28 10:30:00.0,Intermediário
0.19122,0.19219,2000-09-28 11:00:00.0,Intermediário
0.19114,0.19211,2000-09-28 11:30:00.0,Intermediário
0.19065,0.19162,2000-09-28 12:00:00.0,Intermediário
0.19055,0.19151,2000-09-28 12:30:00.0,Intermediário
0.19027,0.19134,2000-09-28 13:00:00.0,Intermediário
0.19045,0.19151,2000-09-28 13:30:00.0,Intermediário
0.19041,0.19147,2000-09-28 14:00:00.0,Intermediário
0.19013,0.19109,2000-09-28 14:30:00.0,Intermediário
0.18953,0.19049,2000-09-28 15:00:00.0,Intermediário
0.18993,0.19099,2000-09-28 15:30:00.0,Intermediário
0.18984,0.1909,2000-09-28 16:00:00.0,Intermediário
0.18925,0.19021,2000-09-28 16:40:00.0,Intermediário
0.18934,0.19041,2000-09-28 17:00:00.0,Fechamento Interbancário
0.18982,0.19019,2000-09-28 18:13:00.0,Fechamento
0.18833,0.19021,2000-09-29 09:32:00.0,Abertura
0.18949,0.19045,2000-09-29 10:00:00.0,Intermediário
0.18946,0.19042,2000-09-29 10:30:00.0,Intermediário
0.19,0.19096,2000-09-29 11:00:00.0,Intermediário
0.19031,0.19127,2000-09-29 11:30:00.0,Intermediário
0.19098,0.19195,2000-09-29 12:00:00.0,Intermediário
0.19148,0.19255,2000-09-29 12:30:00.0,Intermediário
0.19125,0.19233,2000-09-29 13:00:00.0,Intermediário
0.19086,0.19193,2000-09-29 13:30:00.0,Intermediário
0.19084,0.19191,2000-09-29 14:00:00.0,Intermediário
0.19101,0.19209,2000-09-29 14:30:00.0,Intermediário
0.19096,0.19192,2000-09-29 15:00:00.0,Intermediário
0.19059,0.19167,2000-09-29 15:30:00.0,Intermediário
0.19078,0.19185,2000-09-29 16:00:00.0,Intermediário
0.19082,0.19189,2000-09-29 16:30:00.0,Intermediário
0.19074,0.19181,2000-09-29 17:00:00.0,Fechamento Interbancário
0.19108,0.19145,2000-09-29 18:12:00.0,Fechamento
0.18918,0.19106,2000-10-02 09:51:00.0,Abertura
0.18989,0.19096,2000-10-02 10:00:00.0,Intermediário
0.18967,0.19073,2000-10-02 10:30:00.0,Intermediário
0.1906,0.19157,2000-10-02 11:00:00.0,Intermediário
0.19035,0.19131,2000-10-02 11:30:00.0,Intermediário
0.19038,0.19135,2000-10-02 12:00:00.0,Intermediário
0.19022,0.19118,2000-10-02 12:30:00.0,Intermediário
0.18993,0.191,2000-10-02 13:00:00.0,Intermediário
0.18992,0.19098,2000-10-02 13:30:00.0,Intermediário
0.18988,0.19094,2000-10-02 14:00:00.0,Intermediário
0.18999,0.19106,2000-10-02 14:30:00.0,Intermediário
0.1902,0.19127,2000-10-02 15:00:00.0,Intermediário
0.19002,0.19098,2000-10-02 15:30:00.0,Intermediário
0.18989,0.19096,2000-10-02 16:00:00.0,Intermediário
0.19011,0.19107,2000-10-02 16:30:00.0,Intermediário
0.18995,0.19102,2000-10-02 17:00:00.0,Fechamento Interbancário
0.18939,0.18976,2000-10-02 18:10:00.0,Fechamento
0.18898,0.19086,2000-10-03 09:38:00.0,Abertura
0.18958,0.19064,2000-10-03 10:00:00.0,Intermediário
0.18906,0.19002,2000-10-03 10:30:00.0,Intermediário
0.189,0.18996,2000-10-03 11:00:00.0,Intermediário
0.18901,0.19007,2000-10-03 11:30:00.0,Intermediário
0.18902,0.18998,2000-10-03 12:00:00.0,Intermediário
0.18872,0.18967,2000-10-03 12:30:00.0,Intermediário
0.18857,0.18963,2000-10-03 13:00:00.0,Intermediário
0.18842,0.18948,2000-10-03 13:30:00.0,Intermediário
0.18848,0.18954,2000-10-03 14:00:00.0,Intermediário
0.18831,0.18936,2000-10-03 14:30:00.0,Intermediário
0.1885,0.18945,2000-10-03 15:00:00.0,Intermediário
0.18812,0.18917,2000-10-03 15:30:00.0,Intermediário
0.18839,0.18945,2000-10-03 16:00:00.0,Intermediário
0.18856,0.18951,2000-10-03 16:30:00.0,Intermediário
0.1884,0.18946,2000-10-03 17:00:00.0,Fechamento Interbancário
0.18837,0.18873,2000-10-03 18:16:00.0,Fechamento
0.18814,0.19002,2000-10-04 09:48:00.0,Abertura
0.18846,0.18952,2000-10-04 10:00:00.0,Intermediário
0.18856,0.18962,2000-10-04 10:30:00.0,Intermediário
0.18903,0.19009,2000-10-04 11:00:00.0,Intermediário
0.18858,0.18964,2000-10-04 11:30:00.0,Intermediário
0.18831,0.18927,2000-10-04 12:00:00.0,Intermediário
0.18867,0.18962,2000-10-04 12:30:00.0,Intermediário
0.18863,0.18969,2000-10-04 13:00:00.0,Intermediário
0.18891,0.18997,2000-10-04 13:30:00.0,Intermediário
0.18874,0.1898,2000-10-04 14:00:00.0,Intermediário
0.18866,0.18971,2000-10-04 14:30:00.0,Intermediário
0.18887,0.18983,2000-10-04 15:00:00.0,Intermediário
0.18907,0.19013,2000-10-04 15:30:00.0,Intermediário
0.18907,0.19013,2000-10-04 16:00:00.0,Intermediário
0.18914,0.1901,2000-10-04 16:30:00.0,Intermediário
0.18914,0.1902,2000-10-04 17:00:00.0,Fechamento Interbancário
0.18932,0.18969,2000-10-04 18:18:00.0,Fechamento
0.1887,0.19058,2000-10-05 09:27:00.0,Abertura
0.18876,0.18982,2000-10-05 10:00:00.0,Intermediário
0.18862,0.18957,2000-10-05 10:30:00.0,Intermediário
0.18812,0.18918,2000-10-05 11:00:00.0,Intermediário
0.18871,0.18966,2000-10-05 11:30:00.0,Intermediário
0.1883,0.18936,2000-10-05 12:00:00.0,Intermediário
0.18827,0.18932,2000-10-05 12:30:00.0,Intermediário
0.18788,0.18893,2000-10-05 13:00:00.0,Intermediário
0.18805,0.18911,2000-10-05 13:30:00.0,Intermediário
0.18813,0.18919,2000-10-05 14:00:00.0,Intermediário
0.18811,0.18917,2000-10-05 14:30:00.0,Intermediário
0.18811,0.18906,2000-10-05 15:00:00.0,Intermediário
0.18818,0.18914,2000-10-05 15:30:00.0,Intermediário
0.18809,0.18904,2000-10-05 16:00:00.0,Intermediário
0.18822,0.18917,2000-10-05 16:30:00.0,Intermediário
0.18814,0.1891,2000-10-05 17:00:00.0,Fechamento Interbancário
0.18826,0.18863,2000-10-05 18:15:00.0,Fechamento
0.18766,0.18953,2000-10-06 09:29:00.0,Abertura
0.18837,0.18932,2000-10-06 10:00:00.0,Intermediário
0.1885,0.18945,2000-10-06 10:30:00.0,Intermediário
0.18844,0.18939,2000-10-06 11:00:00.0,Intermediário
0.18813,0.18908,2000-10-06 11:30:00.0,Intermediário
0.18815,0.1892,2000-10-06 12:05:00.0,Intermediário
0.18824,0.1893,2000-10-06 12:30:00.0,Intermediário
0.18798,0.18903,2000-10-06 13:00:00.0,Intermediário
0.18773,0.18878,2000-10-06 13:30:00.0,Intermediário
0.18798,0.18903,2000-10-06 14:00:00.0,Intermediário
0.18803,0.18909,2000-10-06 14:30:00.0,Intermediário
0.18826,0.18921,2000-10-06 15:00:00.0,Intermediário
0.1881,0.18916,2000-10-06 15:30:00.0,Intermediário
0.18834,0.18929,2000-10-06 16:00:00.0,Intermediário
0.18815,0.18921,2000-10-06 16:30:00.0,Intermediário
0.18791,0.18896,2000-10-06 17:00:00.0,Fechamento Interbancário
0.1876,0.18796,2000-10-06 18:43:00.0,Fechamento
0.1877,0.18956,2000-10-09 09:38:00.0,Abertura
0.18838,0.18943,2000-10-09 10:00:00.0,Intermediário
0.18823,0.18928,2000-10-09 10:30:00.0,Intermediário
0.18807,0.18912,2000-10-09 11:00:00.0,Intermediário
0.18823,0.18918,2000-10-09 11:30:00.0,Intermediário
0.18809,0.18905,2000-10-09 12:00:00.0,Intermediário
0.18796,0.18891,2000-10-09 12:30:00.0,Intermediário
0.18813,0.18908,2000-10-09 13:00:00.0,Intermediário
0.18783,0.18878,2000-10-09 13:30:00.0,Intermediário
0.18737,0.18832,2000-10-09 14:00:00.0,Intermediário
0.18726,0.18831,2000-10-09 14:30:00.0,Intermediário
0.18743,0.18838,2000-10-09 15:00:00.0,Intermediário
0.18754,0.18848,2000-10-09 15:30:00.0,Intermediário
0.1876,0.18865,2000-10-09 16:01:00.0,Intermediário
0.18698,0.18803,2000-10-09 16:30:00.0,Intermediário
0.18717,0.18822,2000-10-09 17:00:00.0,Fechamento Interbancário
0.18775,0.18811,2000-10-09 18:13:00.0,Fechamento
0.18692,0.18879,2000-10-10 09:42:00.0,Abertura
0.18787,0.18892,2000-10-10 10:00:00.0,Intermediário
0.18787,0.18882,2000-10-10 10:30:00.0,Intermediário
0.18758,0.18853,2000-10-10 11:00:00.0,Intermediário
0.18756,0.18851,2000-10-10 11:30:00.0,Intermediário
0.18729,0.18824,2000-10-10 12:00:00.0,Intermediário
0.18712,0.18807,2000-10-10 12:30:00.0,Intermediário
0.18682,0.18786,2000-10-10 13:00:00.0,Intermediário
0.18678,0.18783,2000-10-10 13:30:00.0,Intermediário
0.18648,0.18752,2000-10-10 14:00:00.0,Intermediário
0.18669,0.18773,2000-10-10 14:30:00.0,Intermediário
0.18692,0.18787,2000-10-10 15:00:00.0,Intermediário
0.18681,0.18785,2000-10-10 15:30:00.0,Intermediário
0.18679,0.18773,2000-10-10 16:00:00.0,Intermediário
0.18723,0.18828,2000-10-10 16:30:00.0,Intermediário
0.18734,0.18839,2000-10-10 17:00:00.0,Fechamento Interbancário
0.18726,0.18762,2000-10-10 18:16:00.0,Fechamento
0.18717,0.18903,2000-10-11 09:33:00.0,Abertura
0.18814,0.18909,2000-10-11 10:00:00.0,Intermediário
0.18772,0.18877,2000-10-11 10:30:00.0,Intermediário
0.18821,0.18917,2000-10-11 11:00:00.0,Intermediário
0.18811,0.18906,2000-10-11 11:30:00.0,Intermediário
0.18767,0.18862,2000-10-11 12:00:00.0,Intermediário
0.18789,0.18894,2000-10-11 12:30:00.0,Intermediário
0.18839,0.18944,2000-10-11 13:00:00.0,Intermediário
0.18784,0.18889,2000-10-11 13:30:00.0,Intermediário
0.18799,0.18904,2000-10-11 14:00:00.0,Intermediário
0.18772,0.18877,2000-10-11 14:30:00.0,Intermediário
0.18756,0.18861,2000-10-11 15:00:00.0,Intermediário
0.18776,0.18871,2000-10-11 15:30:00.0,Intermediário
0.18752,0.18847,2000-10-11 16:00:00.0,Intermediário
0.18773,0.18868,2000-10-11 16:30:00.0,Intermediário
0.18781,0.18886,2000-10-11 17:00:00.0,Fechamento Interbancário
0.18785,0.18821,2000-10-11 18:10:00.0,Fechamento
0.18848,0.19035,2000-10-13 09:29:00.0,Abertura
0.18936,0.19041,2000-10-13 10:00:00.0,Intermediário
0.18932,0.19038,2000-10-13 10:30:00.0,Intermediário
0.1897,0.19066,2000-10-13 11:00:00.0,Intermediário
0.19039,0.19145,2000-10-13 11:30:00.0,Intermediário
0.18949,0.19044,2000-10-13 12:00:00.0,Intermediário
0.18944,0.19049,2000-10-13 12:30:00.0,Intermediário
0.18917,0.19022,2000-10-13 13:00:00.0,Intermediário
0.18871,0.18977,2000-10-13 13:30:00.0,Intermediário
0.18857,0.18962,2000-10-13 14:00:00.0,Intermediário
0.18884,0.1899,2000-10-13 14:30:00.0,Intermediário
0.18795,0.1889,2000-10-13 15:00:00.0,Intermediário
0.18736,0.1884,2000-10-13 15:34:00.0,Intermediário
0.18706,0.1881,2000-10-13 16:00:00.0,Intermediário
0.18761,0.18866,2000-10-13 16:30:00.0,Intermediário
0.18769,0.18874,2000-10-13 17:11:00.0,Fechamento Interbancário
0.18769,0.18805,2000-10-13 19:13:00.0,Fechamento
0.18577,0.18761,2000-10-16 09:50:00.0,Abertura
0.18645,0.18749,2000-10-16 10:00:00.0,Intermediário
0.18637,0.18731,2000-10-16 10:30:00.0,Intermediário
0.18638,0.18742,2000-10-16 11:00:00.0,Intermediário
0.18668,0.18762,2000-10-16 11:30:00.0,Intermediário
0.1858,0.18684,2000-10-16 12:00:00.0,Intermediário
0.18644,0.18738,2000-10-16 12:30:00.0,Intermediário
0.18638,0.18742,2000-10-16 13:00:00.0,Intermediário
0.18616,0.18719,2000-10-16 13:30:00.0,Intermediário
0.18635,0.18739,2000-10-16 14:00:00.0,Intermediário
0.18622,0.18726,2000-10-16 14:30:00.0,Intermediário
0.18608,0.18712,2000-10-16 15:00:00.0,Intermediário
0.18608,0.18702,2000-10-16 15:30:00.0,Intermediário
0.18608,0.18702,2000-10-16 16:00:00.0,Intermediário
0.18601,0.18705,2000-10-16 16:30:00.0,Intermediário
0.18601,0.18705,2000-10-16 17:00:00.0,Fechamento Interbancário
0.18683,0.18719,2000-10-16 18:20:00.0,Fechamento
0.18471,0.18654,2000-10-17 09:33:00.0,Abertura
0.18544,0.18647,2000-10-17 10:00:00.0,Intermediário
0.18544,0.18647,2000-10-17 10:30:00.0,Intermediário
0.18596,0.1869,2000-10-17 11:00:00.0,Intermediário
0.18566,0.18659,2000-10-17 11:30:00.0,Intermediário
0.18632,0.18726,2000-10-17 12:00:00.0,Intermediário
0.18623,0.18727,2000-10-17 12:30:00.0,Intermediário
0.1865,0.18754,2000-10-17 13:00:00.0,Intermediário
0.1865,0.18754,2000-10-17 13:30:00.0,Intermediário
0.18656,0.1876,2000-10-17 14:00:00.0,Intermediário
0.1866,0.18765,2000-10-17 14:30:00.0,Intermediário
0.18645,0.18749,2000-10-17 15:00:00.0,Intermediário
0.18625,0.18719,2000-10-17 15:30:00.0,Intermediário
0.18684,0.18778,2000-10-17 16:00:00.0,Intermediário
0.18703,0.18807,2000-10-17 16:30:00.0,Intermediário
0.1873,0.18835,2000-10-17 17:00:00.0,Fechamento Interbancário
0.18689,0.18725,2000-10-17 18:08:00.0,Fechamento
0.18664,0.18848,2000-10-18 09:30:00.0,Abertura
0.18702,0.18806,2000-10-18 10:00:00.0,Intermediário
0.18732,0.18836,2000-10-18 10:30:00.0,Intermediário
0.18703,0.18807,2000-10-18 11:00:00.0,Intermediário
0.18697,0.18791,2000-10-18 11:30:00.0,Intermediário
0.18751,0.18846,2000-10-18 12:05:00.0,Intermediário
0.18713,0.18817,2000-10-18 12:30:00.0,Intermediário
0.1853,0.18633,2000-10-18 13:17:00.0,Intermediário
0.18502,0.18605,2000-10-18 13:30:00.0,Intermediário
0.18502,0.18605,2000-10-18 14:00:00.0,Intermediário
0.18502,0.18605,2000-10-18 14:37:00.0,Intermediário
0.18502,0.18605,2000-10-18 15:13:00.0,Intermediário
0.18512,0.18605,2000-10-18 15:30:00.0,Intermediário
0.18502,0.18595,2000-10-18 16:00:00.0,Intermediário
0.18482,0.18585,2000-10-18 16:30:00.0,Intermediário
0.18482,0.18585,2000-10-18 17:00:00.0,Fechamento Interbancário
0.18548,0.18584,2000-10-18 18:16:00.0,Fechamento
0.18429,0.18612,2000-10-19 09:36:00.0,Abertura
0.18443,0.18545,2000-10-19 10:00:00.0,Intermediário
0.18456,0.18559,2000-10-19 10:30:00.0,Intermediário
0.18512,0.18606,2000-10-19 11:00:00.0,Intermediário
0.18529,0.18622,2000-10-19 11:30:00.0,Intermediário
0.18512,0.18605,2000-10-19 12:00:00.0,Intermediário
0.18543,0.18636,2000-10-19 12:30:00.0,Intermediário
0.18496,0.18599,2000-10-19 13:00:00.0,Intermediário
0.18525,0.18629,2000-10-19 13:30:00.0,Intermediário
0.18555,0.18658,2000-10-19 14:00:00.0,Intermediário
0.18566,0.18669,2000-10-19 14:30:00.0,Intermediário
0.18548,0.18652,2000-10-19 15:00:00.0,Intermediário
0.18561,0.18654,2000-10-19 15:30:00.0,Intermediário
0.18589,0.18682,2000-10-19 16:00:00.0,Intermediário
0.18607,0.18701,2000-10-19 16:30:00.0,Intermediário
0.18616,0.18719,2000-10-19 17:00:00.0,Fechamento Interbancário
0.18541,0.18577,2000-10-19 18:17:00.0,Fechamento
0.18522,0.18705,2000-10-20 09:35:00.0,Abertura
0.18577,0.18681,2000-10-20 10:00:00.0,Intermediário
0.18547,0.1864,2000-10-20 10:30:00.0,Intermediário
0.18509,0.18602,2000-10-20 11:00:00.0,Intermediário
0.18458,0.18561,2000-10-20 11:30:00.0,Intermediário
0.1848,0.18583,2000-10-20 12:00:00.0,Intermediário
0.18474,0.18567,2000-10-20 12:30:00.0,Intermediário
0.18535,0.18638,2000-10-20 13:00:00.0,Intermediário
0.18517,0.1862,2000-10-20 13:30:00.0,Intermediário
0.18562,0.18666,2000-10-20 14:00:00.0,Intermediário
0.18625,0.18729,2000-10-20 14:30:00.0,Intermediário
0.18664,0.18768,2000-10-20 15:00:00.0,Intermediário
0.18592,0.18696,2000-10-20 15:30:00.0,Intermediário
0.18646,0.1875,2000-10-20 16:00:00.0,Intermediário
0.18668,0.18772,2000-10-20 16:30:00.0,Intermediário
0.18646,0.1875,2000-10-20 17:00:00.0,Fechamento Interbancário
0.18572,0.18608,2000-10-20 18:18:00.0,Fechamento
0.18522,0.18704,2000-10-23 09:51:00.0,Abertura
0.18584,0.18678,2000-10-23 10:00:00.0,Intermediário
0.18632,0.18736,2000-10-23 10:30:00.0,Intermediário
0.18658,0.18752,2000-10-23 11:00:00.0,Intermediário
0.18674,0.18778,2000-10-23 11:30:00.0,Intermediário
0.18714,0.18808,2000-10-23 12:00:00.0,Intermediário
0.18707,0.18801,2000-10-23 12:30:00.0,Intermediário
0.18616,0.18719,2000-10-23 13:03:00.0,Intermediário
0.18625,0.18729,2000-10-23 13:30:00.0,Intermediário
0.18645,0.18749,2000-10-23 14:00:00.0,Intermediário
0.18642,0.18745,2000-10-23 14:30:00.0,Intermediário
0.18661,0.18765,2000-10-23 15:00:00.0,Intermediário
0.18681,0.18784,2000-10-23 15:30:00.0,Intermediário
0.18652,0.18746,2000-10-23 16:00:00.0,Intermediário
0.18668,0.18762,2000-10-23 16:30:00.0,Intermediário
0.18642,0.18736,2000-10-23 17:00:00.0,Fechamento Interbancário
0.18618,0.18653,2000-10-23 18:18:00.0,Fechamento
0.18642,0.18825,2000-10-24 09:29:00.0,Abertura
0.1872,0.18814,2000-10-24 10:00:00.0,Intermediário
0.18754,0.18848,2000-10-24 10:30:00.0,Intermediário
0.18729,0.18824,2000-10-24 11:00:00.0,Intermediário
0.18742,0.18846,2000-10-24 11:30:00.0,Intermediário
0.18747,0.18841,2000-10-24 12:00:00.0,Intermediário
0.18702,0.18806,2000-10-24 12:30:00.0,Intermediário
0.1873,0.18824,2000-10-24 13:00:00.0,Intermediário
0.18745,0.18839,2000-10-24 13:30:00.0,Intermediário
0.18734,0.18828,2000-10-24 14:00:00.0,Intermediário
0.18728,0.18822,2000-10-24 14:30:00.0,Intermediário
0.18755,0.18859,2000-10-24 15:00:00.0,Intermediário
0.18795,0.189,2000-10-24 15:30:00.0,Intermediário
0.18825,0.1892,2000-10-24 16:00:00.0,Intermediário
0.18837,0.18941,2000-10-24 16:30:00.0,Intermediário
0.18878,0.18983,2000-10-24 17:00:00.0,Fechamento Interbancário
0.18726,0.18762,2000-10-24 18:21:00.0,Fechamento
0.18761,0.18944,2000-10-25 09:28:00.0,Abertura
0.18876,0.18971,2000-10-25 10:30:00.0,Intermediário
0.18822,0.18927,2000-10-25 10:52:00.0,Intermediário
0.18883,0.18988,2000-10-25 11:00:00.0,Intermediário
0.18863,0.18958,2000-10-25 11:30:00.0,Intermediário
0.18862,0.18966,2000-10-25 12:00:00.0,Intermediário
0.18829,0.18933,2000-10-25 12:30:00.0,Intermediário
0.18813,0.18907,2000-10-25 13:00:00.0,Intermediário
0.18783,0.18878,2000-10-25 13:30:00.0,Intermediário
0.18758,0.18852,2000-10-25 14:00:00.0,Intermediário
0.18738,0.18832,2000-10-25 14:30:00.0,Intermediário
0.18755,0.18858,2000-10-25 15:00:00.0,Intermediário
0.18693,0.18787,2000-10-25 15:31:00.0,Intermediário
0.18697,0.188,2000-10-25 16:01:00.0,Intermediário
0.18724,0.18828,2000-10-25 16:39:00.0,Intermediário
0.18758,0.18862,2000-10-25 17:00:00.0,Fechamento Interbancário
0.18793,0.18828,2000-10-25 18:28:00.0,Fechamento
0.18743,0.18925,2000-10-26 09:46:00.0,Abertura
0.18805,0.18909,2000-10-26 10:00:00.0,Intermediário
0.1872,0.18814,2000-10-26 10:35:00.0,Intermediário
0.18816,0.1891,2000-10-26 11:00:00.0,Intermediário
0.18811,0.18915,2000-10-26 11:30:00.0,Intermediário
0.18854,0.18948,2000-10-26 12:00:00.0,Intermediário
0.18797,0.18902,2000-10-26 12:30:00.0,Intermediário
0.1888,0.18985,2000-10-26 13:00:00.0,Intermediário
0.18822,0.18926,2000-10-26 13:30:00.0,Intermediário
0.18824,0.18928,2000-10-26 14:00:00.0,Intermediário
0.18848,0.18952,2000-10-26 14:30:00.0,Intermediário
0.18806,0.1891,2000-10-26 15:00:00.0,Intermediário
0.18848,0.18953,2000-10-26 15:30:00.0,Intermediário
0.18821,0.18925,2000-10-26 16:00:00.0,Intermediário
0.18807,0.18902,2000-10-26 16:30:00.0,Intermediário
0.18756,0.1885,2000-10-26 17:00:00.0,Fechamento Interbancário
0.18785,0.18821,2000-10-26 18:15:00.0,Fechamento
0.18743,0.18925,2000-10-27 09:25:00.0,Abertura
0.18829,0.18934,2000-10-27 10:00:00.0,Intermediário
0.18844,0.18949,2000-10-27 10:30:00.0,Intermediário
0.1887,0.18975,2000-10-27 11:00:00.0,Intermediário
0.18917,0.19021,2000-10-27 11:30:00.0,Intermediário
0.18972,0.19067,2000-10-27 12:00:00.0,Intermediário
0.18983,0.19078,2000-10-27 12:30:00.0,Intermediário
0.19044,0.1915,2000-10-27 13:10:00.0,Intermediário
0.19006,0.19112,2000-10-27 13:30:00.0,Intermediário
0.18997,0.19102,2000-10-27 14:00:00.0,Intermediário
0.18976,0.19082,2000-10-27 14:30:00.0,Intermediário
0.18951,0.19047,2000-10-27 15:00:00.0,Intermediário
0.18916,0.19021,2000-10-27 15:30:00.0,Intermediário
0.18882,0.18986,2000-10-27 16:00:00.0,Intermediário
0.18882,0.18987,2000-10-27 16:30:00.0,Intermediário
0.18836,0.18941,2000-10-27 17:00:00.0,Fechamento Interbancário
0.18993,0.19029,2000-10-27 18:26:00.0,Fechamento
0.19091,0.19277,2000-10-30 09:47:00.0,Abertura
0.19119,0.19215,2000-10-30 10:00:00.0,Intermediário
0.19133,0.1923,2000-10-30 10:30:00.0,Intermediário
0.19124,0.1922,2000-10-30 11:00:00.0,Intermediário
0.19119,0.19215,2000-10-30 11:30:00.0,Intermediário
0.19103,0.1921,2000-10-30 12:00:00.0,Intermediário
0.19081,0.19187,2000-10-30 12:30:00.0,Intermediário
0.19051,0.19157,2000-10-30 13:00:00.0,Intermediário
0.19022,0.19128,2000-10-30 13:30:00.0,Intermediário
0.1903,0.19135,2000-10-30 14:13:00.0,Intermediário
0.18976,0.19081,2000-10-30 14:30:00.0,Intermediário
0.19021,0.19127,2000-10-30 15:00:00.0,Intermediário
0.19001,0.19106,2000-10-30 15:30:00.0,Intermediário
0.18997,0.19092,2000-10-30 16:00:00.0,Intermediário
0.1899,0.19086,2000-10-30 16:30:00.0,Intermediário
0.18969,0.19074,2000-10-30 17:00:00.0,Fechamento Interbancário
0.18977,0.19013,2000-10-30 18:29:00.0,Fechamento
0.18806,0.1899,2000-10-31 09:39:00.0,Abertura
0.18877,0.18982,2000-10-31 10:00:00.0,Intermediário
0.18857,0.18952,2000-10-31 10:30:00.0,Intermediário
0.18879,0.18974,2000-10-31 11:00:00.0,Intermediário
0.18912,0.19007,2000-10-31 11:30:00.0,Intermediário
0.18985,0.1908,2000-10-31 12:00:00.0,Intermediário
0.18978,0.19074,2000-10-31 12:30:00.0,Intermediário
0.18993,0.19089,2000-10-31 13:00:00.0,Intermediário
0.19023,0.19119,2000-10-31 13:30:00.0,Intermediário
0.19022,0.19117,2000-10-31 14:00:00.0,Intermediário
0.19031,0.19127,2000-10-31 14:30:00.0,Intermediário
0.19057,0.19153,2000-10-31 15:00:00.0,Intermediário
0.19059,0.19165,2000-10-31 15:30:00.0,Intermediário
0.19013,0.19119,2000-10-31 16:00:00.0,Intermediário
0.18973,0.19079,2000-10-31 16:30:00.0,Intermediário
0.18964,0.1907,2000-10-31 17:00:00.0,Fechamento Interbancário
0.19057,0.19094,2000-10-31 18:13:00.0,Fechamento
0.19066,0.19253,2000-11-01 09:35:00.0,Abertura
0.19147,0.19253,2000-11-01 10:00:00.0,Intermediário
0.19159,0.19256,2000-11-01 10:30:00.0,Intermediário
0.19182,0.19279,2000-11-01 11:00:00.0,Intermediário
0.19236,0.19343,2000-11-01 11:30:00.0,Intermediário
0.1919,0.19297,2000-11-01 12:00:00.0,Intermediário
0.192,0.19307,2000-11-01 12:30:00.0,Intermediário
0.19193,0.1929,2000-11-01 13:00:00.0,Intermediário
0.19302,0.194,2000-11-01 13:33:00.0,Intermediário
0.19278,0.19376,2000-11-01 14:07:00.0,Intermediário
0.19269,0.19366,2000-11-01 14:30:00.0,Intermediário
0.19257,0.19365,2000-11-01 15:00:00.0,Intermediário
0.19283,0.19391,2000-11-01 15:30:00.0,Intermediário
0.19318,0.19426,2000-11-01 16:00:00.0,Intermediário
0.1937,0.19478,2000-11-01 16:30:00.0,Intermediário
0.19384,0.19482,2000-11-01 17:00:00.0,Fechamento Interbancário
0.19317,0.19354,2000-11-01 18:21:00.0,Fechamento
0.1948,0.1967,2000-11-03 09:32:00.0,Abertura
0.1957,0.19679,2000-11-03 10:00:00.0,Intermediário
0.196,0.19699,2000-11-03 10:30:00.0,Intermediário
0.19628,0.19727,2000-11-03 11:00:00.0,Intermediário
0.19631,0.19741,2000-11-03 11:30:00.0,Intermediário
0.19544,0.19653,2000-11-03 12:03:00.0,Intermediário
0.1945,0.19558,2000-11-03 12:30:00.0,Intermediário
0.19468,0.19566,2000-11-03 13:00:00.0,Intermediário
0.195,0.19609,2000-11-03 13:30:00.0,Intermediário
0.19495,0.19603,2000-11-03 14:00:00.0,Intermediário
0.19507,0.19616,2000-11-03 14:30:00.0,Intermediário
0.19495,0.19603,2000-11-03 15:00:00.0,Intermediário
0.19558,0.19667,2000-11-03 15:30:00.0,Intermediário
0.19598,0.19707,2000-11-03 16:00:00.0,Intermediário
0.19583,0.19702,2000-11-03 16:30:00.0,Intermediário
0.19597,0.19705,2000-11-03 17:14:00.0,Fechamento Interbancário
0.19495,0.19532,2000-11-03 18:19:00.0,Fechamento
0.19576,0.19766,2000-11-06 09:47:00.0,Abertura
0.19667,0.19766,2000-11-06 10:00:00.0,Intermediário
0.19699,0.19798,2000-11-06 10:30:00.0,Intermediário
0.19679,0.19778,2000-11-06 11:00:00.0,Intermediário
0.19673,0.19772,2000-11-06 11:30:00.0,Intermediário
0.19633,0.19732,2000-11-06 12:00:00.0,Intermediário
0.19599,0.19708,2000-11-06 12:30:00.0,Intermediário
0.19564,0.19662,2000-11-06 13:00:00.0,Intermediário
0.19507,0.19605,2000-11-06 13:30:00.0,Intermediário
0.19468,0.19566,2000-11-06 14:00:00.0,Intermediário
0.1947,0.19568,2000-11-06 14:30:00.0,Intermediário
0.19385,0.19492,2000-11-06 15:00:00.0,Intermediário
0.1932,0.19417,2000-11-06 15:30:00.0,Intermediário
0.1931,0.19407,2000-11-06 16:00:00.0,Intermediário
0.19308,0.19415,2000-11-06 16:30:00.0,Intermediário
0.19351,0.19448,2000-11-06 17:00:00.0,Fechamento Interbancário
0.19454,0.19491,2000-11-06 18:12:00.0,Fechamento
0.1944,0.19628,2000-11-07 09:46:00.0,Abertura
0.19519,0.19627,2000-11-07 10:00:00.0,Intermediário
0.19509,0.19617,2000-11-07 10:30:00.0,Intermediário
0.19501,0.19599,2000-11-07 11:00:00.0,Intermediário
0.19524,0.19632,2000-11-07 11:30:00.0,Intermediário
0.19581,0.19689,2000-11-07 12:00:00.0,Intermediário
0.19557,0.19655,2000-11-07 12:30:00.0,Intermediário
0.19597,0.19695,2000-11-07 13:00:00.0,Intermediário
0.19558,0.19656,2000-11-07 13:30:00.0,Intermediário
0.19539,0.19637,2000-11-07 14:00:00.0,Intermediário
0.19539,0.19637,2000-11-07 14:30:00.0,Intermediário
0.19495,0.19593,2000-11-07 15:00:00.0,Intermediário
0.19504,0.19612,2000-11-07 15:30:00.0,Intermediário
0.19499,0.19597,2000-11-07 16:00:00.0,Intermediário
0.19516,0.19625,2000-11-07 16:30:00.0,Intermediário
0.19493,0.19601,2000-11-07 17:00:00.0,Fechamento Interbancário
0.19622,0.1966,2000-11-07 18:11:00.0,Fechamento
0.19327,0.19515,2000-11-08 09:36:00.0,Abertura
0.19345,0.19452,2000-11-08 10:00:00.0,Intermediário
0.19337,0.19445,2000-11-08 10:30:00.0,Intermediário
0.19387,0.19494,2000-11-08 11:00:00.0,Intermediário
0.19406,0.19514,2000-11-08 11:30:00.0,Intermediário
0.19413,0.19511,2000-11-08 12:00:00.0,Intermediário
0.19457,0.19565,2000-11-08 12:30:00.0,Intermediário
0.19465,0.19573,2000-11-08 13:00:00.0,Intermediário
0.19492,0.196,2000-11-08 13:30:00.0,Intermediário
0.19472,0.1958,2000-11-08 14:00:00.0,Intermediário
0.19477,0.19585,2000-11-08 14:30:00.0,Intermediário
0.19513,0.19611,2000-11-08 15:00:00.0,Intermediário
0.19536,0.19644,2000-11-08 15:31:00.0,Intermediário
0.1956,0.19688,2000-11-08 16:03:00.0,Intermediário
0.19588,0.19696,2000-11-08 16:30:00.0,Intermediário
0.19566,0.19684,2000-11-08 17:18:00.0,Fechamento Interbancário
0.1946,0.19497,2000-11-08 18:15:00.0,Fechamento
0.19569,0.19757,2000-11-09 09:53:00.0,Abertura
0.19599,0.19707,2000-11-09 10:00:00.0,Intermediário
0.19608,0.19717,2000-11-09 10:30:00.0,Intermediário
0.19563,0.19661,2000-11-09 11:00:00.0,Intermediário
0.19536,0.19644,2000-11-09 11:30:00.0,Intermediário
0.19651,0.1975,2000-11-09 12:00:00.0,Intermediário
0.19632,0.1974,2000-11-09 12:30:00.0,Intermediário
0.19662,0.19771,2000-11-09 13:00:00.0,Intermediário
0.19671,0.1978,2000-11-09 13:30:00.0,Intermediário
0.19598,0.19706,2000-11-09 14:00:00.0,Intermediário
0.1957,0.19678,2000-11-09 14:30:00.0,Intermediário
0.1954,0.19648,2000-11-09 15:00:00.0,Intermediário
0.1953,0.19638,2000-11-09 15:30:00.0,Intermediário
0.19594,0.19702,2000-11-09 16:00:00.0,Intermediário
0.1954,0.19648,2000-11-09 16:30:00.0,Intermediário
0.19764,0.19873,2000-11-09 17:02:00.0,Fechamento Interbancário
0.19766,0.19804,2000-11-09 18:22:00.0,Fechamento
0.19569,0.19758,2000-11-10 09:26:00.0,Abertura
0.19602,0.197,2000-11-10 10:00:00.0,Intermediário
0.1965,0.19749,2000-11-10 10:30:00.0,Intermediário
0.19667,0.19776,2000-11-10 11:00:00.0,Intermediário
0.19703,0.19802,2000-11-10 11:30:00.0,Intermediário
0.19702,0.19801,2000-11-10 12:00:00.0,Intermediário
0.19657,0.19766,2000-11-10 12:30:00.0,Intermediário
0.19553,0.19662,2000-11-10 13:00:00.0,Intermediário
0.19541,0.1965,2000-11-10 13:30:00.0,Intermediário
0.19518,0.19626,2000-11-10 14:00:00.0,Intermediário
0.19498,0.19606,2000-11-10 14:30:00.0,Intermediário
0.19512,0.1962,2000-11-10 15:00:00.0,Intermediário
0.19385,0.19492,2000-11-10 15:30:00.0,Intermediário
0.19458,0.19566,2000-11-10 16:00:00.0,Intermediário
0.19482,0.1959,2000-11-10 16:30:00.0,Intermediário
0.19492,0.196,2000-11-10 17:00:00.0,Fechamento Interbancário
0.19589,0.19627,2000-11-10 18:27:00.0,Fechamento
0.19382,0.1957,2000-11-13 09:47:00.0,Abertura
0.19513,0.19621,2000-11-13 10:00:00.0,Intermediário
0.19557,0.19665,2000-11-13 10:30:00.0,Intermediário
0.19559,0.19667,2000-11-13 11:00:00.0,Intermediário
0.19527,0.19635,2000-11-13 11:30:00.0,Intermediário
0.19537,0.19645,2000-11-13 12:00:00.0,Intermediário
0.19474,0.19581,2000-11-13 12:30:00.0,Intermediário
0.19443,0.19551,2000-11-13 13:00:00.0,Intermediário
0.19467,0.19575,2000-11-13 13:30:00.0,Intermediário
0.19422,0.19529,2000-11-13 14:00:00.0,Intermediário
0.19404,0.19512,2000-11-13 14:30:00.0,Intermediário
0.19453,0.19561,2000-11-13 15:00:00.0,Intermediário
0.19452,0.19559,2000-11-13 15:30:00.0,Intermediário
0.19459,0.19557,2000-11-13 16:00:00.0,Intermediário
0.19405,0.19513,2000-11-13 16:30:00.0,Intermediário
0.19384,0.19491,2000-11-13 17:00:00.0,Fechamento Interbancário
0.19443,0.1948,2000-11-13 18:18:00.0,Fechamento
0.19202,0.19388,2000-11-14 09:40:00.0,Abertura
0.19236,0.19343,2000-11-14 10:00:00.0,Intermediário
0.19273,0.1937,2000-11-14 10:30:00.0,Intermediário
0.19268,0.19364,2000-11-14 11:00:00.0,Intermediário
0.19195,0.19292,2000-11-14 11:30:00.0,Intermediário
0.19189,0.19295,2000-11-14 12:00:00.0,Intermediário
0.19174,0.1927,2000-11-14 12:30:00.0,Intermediário
0.19229,0.19336,2000-11-14 13:00:00.0,Intermediário
0.19225,0.19332,2000-11-14 13:30:00.0,Intermediário
0.1924,0.19347,2000-11-14 14:00:00.0,Intermediário
0.19225,0.19332,2000-11-14 14:30:00.0,Intermediário
0.19214,0.1932,2000-11-14 15:00:00.0,Intermediário
0.19271,0.19378,2000-11-14 15:30:00.0,Intermediário
0.19217,0.19314,2000-11-14 16:00:00.0,Intermediário
0.1933,0.19427,2000-11-14 16:30:00.0,Intermediário
0.19332,0.19439,2000-11-14 17:00:00.0,Fechamento Interbancário
0.1924,0.19277,2000-11-14 18:25:00.0,Fechamento
0.19235,0.19422,2000-11-16 09:42:00.0,Abertura
0.1931,0.19407,2000-11-16 10:00:00.0,Intermediário
0.19257,0.19364,2000-11-16 10:30:00.0,Intermediário
0.19242,0.19349,2000-11-16 11:00:00.0,Intermediário
0.19237,0.19334,2000-11-16 11:30:00.0,Intermediário
0.19193,0.19299,2000-11-16 12:00:00.0,Intermediário
0.19208,0.19305,2000-11-16 12:30:00.0,Intermediário
0.19208,0.19304,2000-11-16 13:00:00.0,Intermediário
0.19144,0.1924,2000-11-16 13:30:00.0,Intermediário
0.19134,0.1923,2000-11-16 14:00:00.0,Intermediário
0.1914,0.19236,2000-11-16 14:30:00.0,Intermediário
0.19147,0.19253,2000-11-16 15:00:00.0,Intermediário
0.19157,0.19253,2000-11-16 15:30:00.0,Intermediário
0.19192,0.19288,2000-11-16 16:00:00.0,Intermediário
0.19168,0.19264,2000-11-16 16:30:00.0,Intermediário
0.19187,0.19283,2000-11-16 17:00:00.0,Fechamento Interbancário
0.19152,0.19189,2000-11-16 18:24:00.0,Fechamento
0.19143,0.19328,2000-11-17 09:44:00.0,Abertura
0.19212,0.19318,2000-11-17 10:00:00.0,Intermediário
0.19204,0.1931,2000-11-17 10:30:00.0,Intermediário
0.19233,0.19339,2000-11-17 11:00:00.0,Intermediário
0.1927,0.19366,2000-11-17 11:30:00.0,Intermediário
0.19285,0.19392,2000-11-17 12:00:00.0,Intermediário
0.19288,0.19394,2000-11-17 12:30:00.0,Intermediário
0.1936,0.19467,2000-11-17 13:00:00.0,Intermediário
0.19365,0.19462,2000-11-17 13:30:00.0,Intermediário
0.19355,0.19452,2000-11-17 14:00:00.0,Intermediário
0.19331,0.19427,2000-11-17 14:30:00.0,Intermediário
0.19281,0.19378,2000-11-17 15:00:00.0,Intermediário
0.19325,0.19432,2000-11-17 15:30:00.0,Intermediário
0.1931,0.19417,2000-11-17 16:00:00.0,Intermediário
0.19304,0.19411,2000-11-17 16:30:00.0,Intermediário
0.19281,0.19388,2000-11-17 17:00:00.0,Fechamento Interbancário
0.19198,0.19234,2000-11-17 18:20:00.0,Fechamento
0.19171,0.19355,2000-11-20 09:32:00.0,Abertura
0.19254,0.1936,2000-11-20 10:00:00.0,Intermediário
0.18905,0.1902,2000-11-20 10:30:00.0,Intermediário
0.18909,0.19014,2000-11-20 11:00:00.0,Intermediário
0.18935,0.19059,2000-11-20 11:30:00.0,Intermediário
0.18953,0.19048,2000-11-20 12:00:00.0,Intermediário
0.18959,0.19064,2000-11-20 12:30:00.0,Intermediário
0.18968,0.19063,2000-11-20 13:00:00.0,Intermediário
0.18946,0.19041,2000-11-20 13:30:00.0,Intermediário
0.18942,0.19037,2000-11-20 14:00:00.0,Intermediário
0.18944,0.19039,2000-11-20 14:30:00.0,Intermediário
0.18831,0.18935,2000-11-20 15:00:00.0,Intermediário
0.18821,0.18915,2000-11-20 15:30:00.0,Intermediário
0.18769,0.18864,2000-11-20 16:00:00.0,Intermediário
0.18695,0.18799,2000-11-20 16:30:00.0,Intermediário
0.18706,0.18819,2000-11-20 17:00:00.0,Fechamento Interbancário
0.1894,0.18976,2000-11-20 18:43:00.0,Fechamento
0.18579,0.18761,2000-11-21 09:32:00.0,Abertura
0.185,0.18603,2000-11-21 10:04:00.0,Intermediário
0.18506,0.18609,2000-11-21 10:30:00.0,Intermediário
0.18456,0.18548,2000-11-21 11:00:00.0,Intermediário
0.18487,0.1858,2000-11-21 11:30:00.0,Intermediário
0.18674,0.18807,2000-11-21 12:00:00.0,Intermediário
0.18689,0.18822,2000-11-21 12:30:00.0,Intermediário
0.18685,0.18799,2000-11-21 13:00:00.0,Intermediário
0.18682,0.18795,2000-11-21 13:30:00.0,Intermediário
0.18645,0.18758,2000-11-21 14:00:00.0,Intermediário
0.18616,0.18729,2000-11-21 14:30:00.0,Intermediário
0.18641,0.18744,2000-11-21 15:00:00.0,Intermediário
0.18589,0.18682,2000-11-21 15:30:00.0,Intermediário
0.18534,0.18637,2000-11-21 16:00:00.0,Intermediário
0.18564,0.18666,2000-11-21 16:30:00.0,Intermediário
0.18545,0.18648,2000-11-21 17:00:00.0,Fechamento Interbancário
0.18496,0.18532,2000-11-21 18:24:00.0,Fechamento
0.18619,0.188,2000-11-22 09:42:00.0,Abertura
0.18676,0.18779,2000-11-22 10:00:00.0,Intermediário
0.18745,0.18848,2000-11-22 10:30:00.0,Intermediário
0.18784,0.18888,2000-11-22 11:00:00.0,Intermediário
0.18767,0.18871,2000-11-22 11:30:00.0,Intermediário
0.18774,0.18868,2000-11-22 12:00:00.0,Intermediário
0.18753,0.18847,2000-11-22 12:30:00.0,Intermediário
0.1873,0.18834,2000-11-22 13:00:00.0,Intermediário
0.18705,0.18808,2000-11-22 13:30:00.0,Intermediário
0.18708,0.18812,2000-11-22 14:00:00.0,Intermediário
0.18691,0.18794,2000-11-22 14:30:00.0,Intermediário
0.18679,0.18783,2000-11-22 15:00:00.0,Intermediário
0.18691,0.18795,2000-11-22 15:33:00.0,Intermediário
0.18789,0.18892,2000-11-22 16:08:00.0,Intermediário
0.18783,0.18887,2000-11-22 16:30:00.0,Intermediário
0.18753,0.18857,2000-11-22 17:00:00.0,Fechamento Interbancário
0.18755,0.1879,2000-11-22 18:17:00.0,Fechamento
0.18781,0.18963,2000-11-23 09:43:00.0,Abertura
0.18862,0.18966,2000-11-23 10:00:00.0,Intermediário
0.18856,0.1896,2000-11-23 10:30:00.0,Intermediário
0.18826,0.1893,2000-11-23 11:00:00.0,Intermediário
0.18861,0.18965,2000-11-23 11:30:00.0,Intermediário
0.18883,0.18988,2000-11-23 12:00:00.0,Intermediário
0.18911,0.19006,2000-11-23 12:30:00.0,Intermediário
0.18877,0.18972,2000-11-23 13:00:00.0,Intermediário
0.18859,0.18953,2000-11-23 13:30:00.0,Intermediário
0.18842,0.18937,2000-11-23 14:00:00.0,Intermediário
0.18762,0.18856,2000-11-23 14:38:00.0,Intermediário
0.18788,0.18892,2000-11-23 15:00:00.0,Intermediário
0.18775,0.18869,2000-11-23 15:30:00.0,Intermediário
0.188,0.18904,2000-11-23 16:00:00.0,Intermediário
0.18818,0.18922,2000-11-23 16:30:00.0,Intermediário
0.188,0.18904,2000-11-23 17:00:00.0,Fechamento Interbancário
0.18705,0.18741,2000-11-23 18:19:00.0,Fechamento
0.18856,0.19038,2000-11-24 09:35:00.0,Abertura
0.18969,0.19074,2000-11-24 10:00:00.0,Intermediário
0.18942,0.19047,2000-11-24 10:30:00.0,Intermediário
0.18892,0.18997,2000-11-24 11:00:00.0,Intermediário
0.18877,0.18981,2000-11-24 11:30:00.0,Intermediário
0.18913,0.19008,2000-11-24 12:00:00.0,Intermediário
0.18885,0.18989,2000-11-24 12:30:00.0,Intermediário
0.18867,0.18961,2000-11-24 13:00:00.0,Intermediário
0.18898,0.19002,2000-11-24 13:30:00.0,Intermediário
0.18876,0.18981,2000-11-24 14:00:00.0,Intermediário
0.18874,0.18978,2000-11-24 14:30:00.0,Intermediário
0.18857,0.18952,2000-11-24 15:00:00.0,Intermediário
0.18876,0.1898,2000-11-24 15:30:00.0,Intermediário
0.18857,0.18951,2000-11-24 16:00:00.0,Intermediário
0.18857,0.18961,2000-11-24 16:30:00.0,Intermediário
0.18871,0.18966,2000-11-24 17:00:00.0,Fechamento Interbancário
0.18858,0.18893,2000-11-24 18:16:00.0,Fechamento
0.18783,0.18964,2000-11-27 09:54:00.0,Abertura
0.18826,0.1893,2000-11-27 10:00:00.0,Intermediário
0.18813,0.18917,2000-11-27 10:30:00.0,Intermediário
0.18835,0.18929,2000-11-27 11:00:00.0,Intermediário
0.18958,0.19062,2000-11-27 11:40:00.0,Intermediário
0.1899,0.19095,2000-11-27 12:00:00.0,Intermediário
0.1899,0.19095,2000-11-27 12:30:00.0,Intermediário
0.19009,0.19104,2000-11-27 13:00:00.0,Intermediário
0.19105,0.1921,2000-11-27 13:58:00.0,Intermediário
0.19081,0.19187,2000-11-27 14:00:00.0,Intermediário
0.19057,0.19162,2000-11-27 14:30:00.0,Intermediário
0.19107,0.19202,2000-11-27 15:00:00.0,Intermediário
0.19213,0.19309,2000-11-27 15:30:00.0,Intermediário
0.1925,0.19346,2000-11-27 16:00:00.0,Intermediário
0.19236,0.19343,2000-11-27 16:30:00.0,Intermediário
0.1927,0.19366,2000-11-27 17:00:00.0,Fechamento Interbancário
0.19127,0.19163,2000-11-27 18:23:00.0,Fechamento
0.19292,0.19477,2000-11-28 09:41:00.0,Abertura
0.1936,0.19457,2000-11-28 10:00:00.0,Intermediário
0.19357,0.19464,2000-11-28 10:30:00.0,Intermediário
0.19422,0.19529,2000-11-28 11:00:00.0,Intermediário
0.19441,0.19539,2000-11-28 11:30:00.0,Intermediário
0.19429,0.19537,2000-11-28 12:00:00.0,Intermediário
0.19443,0.1954,2000-11-28 12:30:00.0,Intermediário
0.19462,0.1957,2000-11-28 13:00:00.0,Intermediário
0.19428,0.19525,2000-11-28 13:30:00.0,Intermediário
0.19426,0.19523,2000-11-28 14:00:00.0,Intermediário
0.19427,0.19524,2000-11-28 14:30:00.0,Intermediário
0.1942,0.19527,2000-11-28 15:00:00.0,Intermediário
0.19409,0.19506,2000-11-28 15:30:00.0,Intermediário
0.19392,0.19489,2000-11-28 16:00:00.0,Intermediário
0.1934,0.19447,2000-11-28 16:30:00.0,Intermediário
0.1934,0.19447,2000-11-28 17:00:00.0,Fechamento Interbancário
0.19459,0.19496,2000-11-28 18:14:00.0,Fechamento
0.19432,0.19619,2000-11-29 09:32:00.0,Abertura
0.1949,0.19598,2000-11-29 10:00:00.0,Intermediário
0.19442,0.1955,2000-11-29 10:30:00.0,Intermediário
0.19405,0.19502,2000-11-29 11:00:00.0,Intermediário
0.1947,0.19578,2000-11-29 11:30:00.0,Intermediário
0.19369,0.19476,2000-11-29 12:07:00.0,Intermediário
0.19423,0.1953,2000-11-29 12:30:00.0,Intermediário
0.19388,0.19496,2000-11-29 13:00:00.0,Intermediário
0.19316,0.19422,2000-11-29 13:30:00.0,Intermediário
0.1935,0.19457,2000-11-29 14:00:00.0,Intermediário
0.19346,0.19453,2000-11-29 14:30:00.0,Intermediário
0.19296,0.19393,2000-11-29 15:00:00.0,Intermediário
0.19325,0.19432,2000-11-29 15:30:00.0,Intermediário
0.19259,0.19365,2000-11-29 16:00:00.0,Intermediário
0.19283,0.1939,2000-11-29 16:30:00.0,Intermediário
0.19297,0.19404,2000-11-29 17:00:00.0,Fechamento Interbancário
0.19324,0.1936,2000-11-29 18:14:00.0,Fechamento
0.1939,0.19578,2000-11-30 09:32:00.0,Abertura
0.19506,0.19604,2000-11-30 10:00:00.0,Intermediário
0.19544,0.19643,2000-11-30 10:30:00.0,Intermediário
0.19573,0.19671,2000-11-30 11:00:00.0,Intermediário
0.19585,0.19683,2000-11-30 11:30:00.0,Intermediário
0.19568,0.19676,2000-11-30 12:00:00.0,Intermediário
0.19509,0.19617,2000-11-30 12:30:00.0,Intermediário
0.19504,0.19611,2000-11-30 13:00:00.0,Intermediário
0.19477,0.19584,2000-11-30 13:30:00.0,Intermediário
0.1955,0.19658,2000-11-30 14:00:00.0,Intermediário
0.19535,0.19643,2000-11-30 14:30:00.0,Intermediário
0.19578,0.19687,2000-11-30 15:00:00.0,Intermediário
0.1965,0.19758,2000-11-30 15:30:00.0,Intermediário
0.19681,0.1979,2000-11-30 16:00:00.0,Intermediário
0.19664,0.19773,2000-11-30 16:30:00.0,Intermediário
0.19717,0.19826,2000-11-30 17:00:00.0,Fechamento Interbancário
0.19537,0.19575,2000-11-30 18:11:00.0,Fechamento
0.19793,0.19983,2000-12-01 09:32:00.0,Abertura
0.19861,0.19971,2000-12-01 10:00:00.0,Intermediário
0.19845,0.19945,2000-12-01 10:30:00.0,Intermediário
0.19878,0.19977,2000-12-01 11:00:00.0,Intermediário
0.19922,0.20032,2000-12-01 11:30:00.0,Intermediário
0.19944,0.20054,2000-12-01 12:00:00.0,Intermediário
0.19938,0.20038,2000-12-01 12:30:00.0,Intermediário
0.19949,0.20049,2000-12-01 13:00:00.0,Intermediário
0.19924,0.20024,2000-12-01 13:30:00.0,Intermediário
0.19924,0.20024,2000-12-01 14:00:00.0,Intermediário
0.19943,0.20043,2000-12-01 14:30:00.0,Intermediário
0.19944,0.20054,2000-12-01 15:00:00.0,Intermediário
0.19854,0.19964,2000-12-01 15:30:00.0,Intermediário
0.19853,0.19963,2000-12-01 16:00:00.0,Intermediário
0.19844,0.19954,2000-12-01 16:30:00.0,Intermediário
0.19909,0.20009,2000-12-01 17:00:00.0,Fechamento Interbancário
0.19991,0.20029,2000-12-01 18:16:00.0,Fechamento
0.20233,0.20427,2000-12-04 09:52:00.0,Abertura
0.20335,0.20448,2000-12-04 10:00:00.0,Intermediário
0.20444,0.20558,2000-12-04 10:30:00.0,Intermediário
0.20476,0.2059,2000-12-04 11:00:00.0,Intermediário
0.20444,0.20547,2000-12-04 11:31:00.0,Intermediário
0.20435,0.20549,2000-12-04 12:00:00.0,Intermediário
0.20428,0.2053,2000-12-04 12:30:00.0,Intermediário
0.2038,0.20493,2000-12-04 13:00:00.0,Intermediário
0.20346,0.20459,2000-12-04 13:30:00.0,Intermediário
0.20365,0.20478,2000-12-04 14:00:00.0,Intermediário
0.20373,0.20486,2000-12-04 14:30:00.0,Intermediário
0.20355,0.20457,2000-12-04 15:00:00.0,Intermediário
0.20369,0.20482,2000-12-04 15:30:00.0,Intermediário
0.20297,0.20409,2000-12-04 16:01:00.0,Intermediário
0.20299,0.20412,2000-12-04 16:30:00.0,Intermediário
0.20309,0.20422,2000-12-04 17:00:00.0,Fechamento Interbancário
0.20394,0.20433,2000-12-04 18:32:00.0,Fechamento
0.20093,0.20287,2000-12-05 09:44:00.0,Abertura
0.20134,0.20246,2000-12-05 10:00:00.0,Intermediário
0.2017,0.20272,2000-12-05 10:30:00.0,Intermediário
0.2018,0.20281,2000-12-05 11:00:00.0,Intermediário
0.20157,0.20269,2000-12-05 11:30:00.0,Intermediário
0.20172,0.20283,2000-12-05 12:00:00.0,Intermediário
0.20207,0.20308,2000-12-05 12:30:00.0,Intermediário
0.2024,0.20352,2000-12-05 13:00:00.0,Intermediário
0.20232,0.20344,2000-12-05 13:30:00.0,Intermediário
0.20248,0.20361,2000-12-05 14:00:00.0,Intermediário
0.2019,0.20302,2000-12-05 14:30:00.0,Intermediário
0.20069,0.2018,2000-12-05 15:00:00.0,Intermediário
0.20056,0.20168,2000-12-05 15:30:00.0,Intermediário
0.20085,0.20197,2000-12-05 16:00:00.0,Intermediário
0.20042,0.20143,2000-12-05 16:30:00.0,Intermediário
0.20013,0.20124,2000-12-05 17:00:00.0,Fechamento Interbancário
0.20103,0.20141,2000-12-05 18:25:00.0,Fechamento
0.20187,0.20382,2000-12-06 09:38:00.0,Abertura
0.20226,0.20328,2000-12-06 10:00:00.0,Intermediário
0.20196,0.20298,2000-12-06 10:30:00.0,Intermediário
0.20169,0.2027,2000-12-06 11:00:00.0,Intermediário
0.20158,0.2027,2000-12-06 11:30:00.0,Intermediário
0.2018,0.20293,2000-12-06 12:00:00.0,Intermediário
0.2021,0.20322,2000-12-06 12:30:00.0,Intermediário
0.20218,0.2032,2000-12-06 13:00:00.0,Intermediário
0.20276,0.20378,2000-12-06 13:30:00.0,Intermediário
0.20239,0.20341,2000-12-06 14:00:00.0,Intermediário
0.20331,0.20434,2000-12-06 14:48:00.0,Intermediário
0.20365,0.20467,2000-12-06 15:00:00.0,Intermediário
0.20436,0.20549,2000-12-06 15:30:00.0,Intermediário
0.20459,0.20573,2000-12-06 16:00:00.0,Intermediário
0.20562,0.20676,2000-12-06 16:30:00.0,Intermediário
0.20522,0.20625,2000-12-06 17:00:00.0,Fechamento Interbancário
0.20477,0.20516,2000-12-06 18:24:00.0,Fechamento
0.2029,0.20486,2000-12-07 09:45:00.0,Abertura
0.20391,0.20505,2000-12-07 10:00:00.0,Intermediário
0.20398,0.20511,2000-12-07 10:30:00.0,Intermediário
0.204,0.20513,2000-12-07 11:00:00.0,Intermediário
0.20449,0.20552,2000-12-07 11:30:00.0,Intermediário
0.20449,0.20563,2000-12-07 12:00:00.0,Intermediário
0.20387,0.205,2000-12-07 12:30:00.0,Intermediário
0.20361,0.20463,2000-12-07 13:00:00.0,Intermediário
0.20297,0.20399,2000-12-07 13:30:00.0,Intermediário
0.20336,0.20438,2000-12-07 14:00:00.0,Intermediário
0.20316,0.20418,2000-12-07 14:30:00.0,Intermediário
0.20277,0.20389,2000-12-07 15:00:00.0,Intermediário
0.20227,0.20328,2000-12-07 15:30:00.0,Intermediário
0.2026,0.20362,2000-12-07 16:00:00.0,Intermediário
0.20289,0.20402,2000-12-07 16:30:00.0,Intermediário
0.20268,0.20381,2000-12-07 17:00:00.0,Fechamento Interbancário
0.20233,0.20271,2000-12-07 18:57:00.0,Fechamento
0.20211,0.20406,2000-12-08 09:40:00.0,Abertura
0.20215,0.20317,2000-12-08 10:00:00.0,Intermediário
0.20198,0.2031,2000-12-08 10:30:00.0,Intermediário
0.20213,0.20325,2000-12-08 11:00:00.0,Intermediário
0.20264,0.20377,2000-12-08 11:30:00.0,Intermediário
0.20252,0.20365,2000-12-08 12:02:00.0,Intermediário
0.20284,0.20386,2000-12-08 12:30:00.0,Intermediário
0.20275,0.20388,2000-12-08 13:00:00.0,Intermediário
0.20309,0.20422,2000-12-08 13:30:00.0,Intermediário
0.20339,0.20452,2000-12-08 14:00:00.0,Intermediário
0.20221,0.20333,2000-12-08 14:34:00.0,Intermediário
0.20166,0.20278,2000-12-08 15:00:00.0,Intermediário
0.2026,0.20373,2000-12-08 15:30:00.0,Intermediário
0.20265,0.20367,2000-12-08 16:00:00.0,Intermediário
0.20204,0.20317,2000-12-08 16:30:00.0,Intermediário
0.20171,0.20283,2000-12-08 17:00:00.0,Fechamento Interbancário
0.20204,0.20242,2000-12-08 18:37:00.0,Fechamento
0.201,0.20294,2000-12-11 09:59:00.0,Abertura
0.20162,0.20273,2000-12-11 10:22:00.0,Intermediário
0.20163,0.20275,2000-12-11 10:48:00.0,Intermediário
0.20168,0.20279,2000-12-11 11:03:00.0,Intermediário
0.2017,0.20271,2000-12-11 11:30:00.0,Intermediário
0.20151,0.20253,2000-12-11 12:00:00.0,Intermediário
0.20128,0.2023,2000-12-11 12:30:00.0,Intermediário
0.20174,0.20275,2000-12-11 13:00:00.0,Intermediário
0.20136,0.20238,2000-12-11 13:30:00.0,Intermediário
0.20131,0.20233,2000-12-11 14:00:00.0,Intermediário
0.20141,0.20242,2000-12-11 14:36:00.0,Intermediário
0.20114,0.20226,2000-12-11 15:06:00.0,Intermediário
0.20079,0.2018,2000-12-11 15:34:00.0,Intermediário
0.20077,0.20188,2000-12-11 16:06:00.0,Intermediário
0.20114,0.20225,2000-12-11 16:34:00.0,Intermediário
0.20176,0.20288,2000-12-11 17:58:00.0,Fechamento Interbancário
0.2014,0.20178,2000-12-11 18:18:00.0,Fechamento
0.20218,0.20413,2000-12-12 09:33:00.0,Abertura
0.20224,0.20336,2000-12-12 10:08:00.0,Intermediário
0.20261,0.20373,2000-12-12 10:30:00.0,Intermediário
0.20269,0.20371,2000-12-12 11:00:00.0,Intermediário
0.20267,0.20369,2000-12-12 11:30:00.0,Intermediário
0.20223,0.20336,2000-12-12 12:00:00.0,Intermediário
0.2024,0.20352,2000-12-12 12:30:00.0,Intermediário
0.2025,0.20352,2000-12-12 13:00:00.0,Intermediário
0.20229,0.20331,2000-12-12 13:30:00.0,Intermediário
0.20203,0.20305,2000-12-12 14:00:00.0,Intermediário
0.20234,0.20336,2000-12-12 14:30:00.0,Intermediário
0.20211,0.20323,2000-12-12 15:00:00.0,Intermediário
0.20258,0.20371,2000-12-12 15:30:00.0,Intermediário
0.20219,0.2032,2000-12-12 16:00:00.0,Intermediário
0.20196,0.20308,2000-12-12 16:30:00.0,Intermediário
0.20212,0.20324,2000-12-12 17:00:00.0,Fechamento Interbancário
0.20256,0.20295,2000-12-12 18:30:00.0,Fechamento
0.19999,0.20192,2000-12-13 09:46:00.0,Abertura
0.20036,0.20147,2000-12-13 10:00:00.0,Intermediário
0.20089,0.202,2000-12-13 10:30:00.0,Intermediário
0.20085,0.20186,2000-12-13 11:00:00.0,Intermediário
0.20094,0.20196,2000-12-13 11:30:00.0,Intermediário
0.2012,0.20221,2000-12-13 12:00:00.0,Intermediário
0.20112,0.20223,2000-12-13 12:30:00.0,Intermediário
0.20113,0.20225,2000-12-13 13:00:00.0,Intermediário
0.20013,0.20124,2000-12-13 13:30:00.0,Intermediário
0.20009,0.2012,2000-12-13 14:00:00.0,Intermediário
0.20005,0.20116,2000-12-13 14:30:00.0,Intermediário
0.20009,0.2012,2000-12-13 15:00:00.0,Intermediário
0.19995,0.20106,2000-12-13 15:30:00.0,Intermediário
0.1994,0.2005,2000-12-13 16:00:00.0,Intermediário
0.19924,0.20035,2000-12-13 16:30:00.0,Intermediário
0.19932,0.20042,2000-12-13 17:00:00.0,Fechamento Interbancário
0.20024,0.20062,2000-12-13 18:19:00.0,Fechamento
0.20162,0.20356,2000-12-14 09:32:00.0,Abertura
0.20214,0.20326,2000-12-14 10:00:00.0,Intermediário
0.2022,0.20333,2000-12-14 10:30:00.0,Intermediário
0.20219,0.20332,2000-12-14 11:00:00.0,Intermediário
0.20219,0.20332,2000-12-14 11:30:00.0,Intermediário
0.20209,0.20321,2000-12-14 12:00:00.0,Intermediário
0.20259,0.20372,2000-12-14 12:30:00.0,Intermediário
0.20265,0.20378,2000-12-14 13:00:00.0,Intermediário
0.20305,0.20418,2000-12-14 13:30:00.0,Intermediário
0.20328,0.20441,2000-12-14 14:00:00.0,Intermediário
0.20298,0.2041,2000-12-14 14:30:00.0,Intermediário
0.20257,0.20369,2000-12-14 15:00:00.0,Intermediário
0.20291,0.20404,2000-12-14 15:30:00.0,Intermediário
0.20298,0.2041,2000-12-14 16:00:00.0,Intermediário
0.20312,0.20414,2000-12-14 16:30:00.0,Intermediário
0.20327,0.2044,2000-12-14 17:00:00.0,Fechamento Interbancário
0.20344,0.20383,2000-12-14 18:26:00.0,Fechamento
0.20423,0.2062,2000-12-15 09:38:00.0,Abertura
0.20547,0.20651,2000-12-15 10:00:00.0,Intermediário
0.20553,0.20657,2000-12-15 10:30:00.0,Intermediário
0.20549,0.20653,2000-12-15 11:00:00.0,Intermediário
0.20501,0.20615,2000-12-15 11:30:00.0,Intermediário
0.20427,0.2053,2000-12-15 12:00:00.0,Intermediário
0.20425,0.20528,2000-12-15 12:30:00.0,Intermediário
0.20469,0.20583,2000-12-15 13:00:00.0,Intermediário
0.20397,0.2051,2000-12-15 13:30:00.0,Intermediário
0.20414,0.20527,2000-12-15 14:00:00.0,Intermediário
0.20397,0.2051,2000-12-15 14:30:00.0,Intermediário
0.20409,0.20523,2000-12-15 15:00:00.0,Intermediário
0.20398,0.20512,2000-12-15 15:30:00.0,Intermediário
0.20415,0.20529,2000-12-15 16:00:00.0,Intermediário
0.20365,0.20478,2000-12-15 16:46:00.0,Intermediário
0.20394,0.20507,2000-12-15 17:13:00.0,Fechamento Interbancário
0.20405,0.20444,2000-12-15 18:23:00.0,Fechamento
0.20113,0.20308,2000-12-18 09:43:00.0,Abertura
0.20169,0.20281,2000-12-18 10:12:00.0,Intermediário
0.20219,0.20321,2000-12-18 10:40:00.0,Intermediário
0.20167,0.20279,2000-12-18 11:04:00.0,Intermediário
0.20183,0.20296,2000-12-18 11:38:00.0,Intermediário
0.20167,0.20279,2000-12-18 12:08:00.0,Intermediário
0.20206,0.20308,2000-12-18 12:40:00.0,Intermediário
0.20148,0.20249,2000-12-18 13:12:00.0,Intermediário
0.20156,0.20258,2000-12-18 13:43:00.0,Intermediário
0.20175,0.20277,2000-12-18 14:07:00.0,Intermediário
0.20164,0.20266,2000-12-18 14:30:00.0,Intermediário
0.20115,0.20226,2000-12-18 15:00:00.0,Intermediário
0.20131,0.20243,2000-12-18 15:30:00.0,Intermediário
0.20109,0.2021,2000-12-18 16:00:00.0,Intermediário
0.20173,0.20285,2000-12-18 16:30:00.0,Intermediário
0.20171,0.20283,2000-12-18 17:00:00.0,Fechamento Interbancário
0.20169,0.20208,2000-12-18 18:28:00.0,Fechamento
0.19879,0.20071,2000-12-19 09:47:00.0,Abertura
0.19923,0.20024,2000-12-19 10:00:00.0,Intermediário
0.19994,0.20094,2000-12-19 10:30:00.0,Intermediário
0.19983,0.20094,2000-12-19 11:00:00.0,Intermediário
0.19999,0.201,2000-12-19 11:30:00.0,Intermediário
0.20002,0.20103,2000-12-19 12:00:00.0,Intermediário
0.20019,0.20131,2000-12-19 12:30:00.0,Intermediário
0.20003,0.20104,2000-12-19 13:00:00.0,Intermediário
0.19969,0.20079,2000-12-19 13:30:00.0,Intermediário
0.19991,0.20102,2000-12-19 14:00:00.0,Intermediário
0.19976,0.20087,2000-12-19 14:30:00.0,Intermediário
0.19938,0.20048,2000-12-19 15:00:00.0,Intermediário
0.1994,0.2004,2000-12-19 15:30:00.0,Intermediário
0.19913,0.20024,2000-12-19 16:00:00.0,Intermediário
0.19895,0.20005,2000-12-19 16:30:00.0,Intermediário
0.19891,0.19991,2000-12-19 17:00:00.0,Fechamento Interbancário
0.20008,0.20047,2000-12-19 18:21:00.0,Fechamento
0.2015,0.20345,2000-12-20 09:50:00.0,Abertura
0.20239,0.20341,2000-12-20 10:00:00.0,Intermediário
0.20343,0.20456,2000-12-20 10:47:00.0,Intermediário
0.20296,0.20409,2000-12-20 11:00:00.0,Intermediário
0.20298,0.20401,2000-12-20 11:30:00.0,Intermediário
0.20282,0.20394,2000-12-20 12:00:00.0,Intermediário
0.20292,0.20394,2000-12-20 12:30:00.0,Intermediário
0.203,0.20403,2000-12-20 13:00:00.0,Intermediário
0.20347,0.2045,2000-12-20 13:30:00.0,Intermediário
0.2035,0.20453,2000-12-20 14:00:00.0,Intermediário
0.20379,0.20482,2000-12-20 14:30:00.0,Intermediário
0.20372,0.20486,2000-12-20 15:00:00.0,Intermediário
0.20332,0.20435,2000-12-20 15:30:00.0,Intermediário
0.20349,0.20452,2000-12-20 16:00:00.0,Intermediário
0.20355,0.20468,2000-12-20 16:30:00.0,Intermediário
0.20355,0.20468,2000-12-20 17:00:00.0,Fechamento Interbancário
0.2032,0.20359,2000-12-20 18:22:00.0,Fechamento
0.20377,0.20575,2000-12-21 09:35:00.0,Abertura
0.20462,0.20565,2000-12-21 10:00:00.0,Intermediário
0.20497,0.20611,2000-12-21 10:30:00.0,Intermediário
0.20477,0.20591,2000-12-21 11:00:00.0,Intermediário
0.20527,0.20631,2000-12-21 11:30:00.0,Intermediário
0.2049,0.20593,2000-12-21 12:00:00.0,Intermediário
0.20464,0.20567,2000-12-21 12:30:00.0,Intermediário
0.20409,0.20522,2000-12-21 13:00:00.0,Intermediário
0.20402,0.20505,2000-12-21 13:30:00.0,Intermediário
0.20404,0.20507,2000-12-21 14:00:00.0,Intermediário
0.20406,0.20509,2000-12-21 14:30:00.0,Intermediário
0.20316,0.20419,2000-12-21 15:00:00.0,Intermediário
0.20361,0.20474,2000-12-21 15:30:00.0,Intermediário
0.20395,0.20508,2000-12-21 16:00:00.0,Intermediário
0.20348,0.20461,2000-12-21 16:30:00.0,Intermediário
0.20368,0.2047,2000-12-21 17:00:00.0,Fechamento Interbancário
0.20411,0.20451,2000-12-21 18:13:00.0,Fechamento
0.20379,0.20576,2000-12-22 09:41:00.0,Abertura
0.20457,0.20561,2000-12-22 10:00:00.0,Intermediário
0.20475,0.20589,2000-12-22 10:30:00.0,Intermediário
0.20407,0.2051,2000-12-22 11:00:00.0,Intermediário
0.20445,0.20548,2000-12-22 11:30:00.0,Intermediário
0.2045,0.20553,2000-12-22 12:00:00.0,Intermediário
0.20441,0.20544,2000-12-22 12:30:00.0,Intermediário
0.20411,0.20524,2000-12-22 13:00:00.0,Intermediário
0.20453,0.20567,2000-12-22 13:30:00.0,Intermediário
0.20445,0.20559,2000-12-22 14:00:00.0,Intermediário
0.20432,0.20546,2000-12-22 14:30:00.0,Intermediário
0.20452,0.20555,2000-12-22 15:00:00.0,Intermediário
0.20492,0.20595,2000-12-22 15:30:00.0,Intermediário
0.20412,0.20526,2000-12-22 16:00:00.0,Intermediário
0.20387,0.205,2000-12-22 16:30:00.0,Intermediário
0.20394,0.20517,2000-12-22 17:00:00.0,Fechamento Interbancário
0.20359,0.20399,2000-12-22 18:10:00.0,Fechamento
0.20447,0.20645,2000-12-26 09:27:00.0,Abertura
0.20518,0.20633,2000-12-26 10:00:00.0,Intermediário
0.20506,0.20609,2000-12-26 10:30:00.0,Intermediário
0.20529,0.20643,2000-12-26 11:00:00.0,Intermediário
0.20544,0.20658,2000-12-26 11:30:00.0,Intermediário
0.20539,0.20653,2000-12-26 12:00:00.0,Intermediário
0.20543,0.20657,2000-12-26 12:30:00.0,Intermediário
0.20545,0.20649,2000-12-26 13:00:00.0,Intermediário
0.20555,0.20659,2000-12-26 13:30:00.0,Intermediário
0.20584,0.20688,2000-12-26 14:00:00.0,Intermediário
0.20588,0.20692,2000-12-26 14:30:00.0,Intermediário
0.20618,0.20733,2000-12-26 15:00:00.0,Intermediário
0.20579,0.20683,2000-12-26 15:30:00.0,Intermediário
0.20578,0.20692,2000-12-26 16:00:00.0,Intermediário
0.20591,0.20705,2000-12-26 16:30:00.0,Intermediário
0.20573,0.20688,2000-12-26 17:00:00.0,Fechamento Interbancário
0.20562,0.20601,2000-12-26 18:18:00.0,Fechamento
0.2047,0.20668,2000-12-27 09:39:00.0,Abertura
0.20552,0.20666,2000-12-27 10:00:00.0,Intermediário
0.20509,0.20623,2000-12-27 10:30:00.0,Intermediário
0.20568,0.20672,2000-12-27 11:00:00.0,Intermediário
0.20581,0.20695,2000-12-27 11:30:00.0,Intermediário
0.20591,0.20705,2000-12-27 12:00:00.0,Intermediário
0.20606,0.20721,2000-12-27 12:30:00.0,Intermediário
0.20519,0.20633,2000-12-27 13:00:00.0,Intermediário
0.20471,0.20585,2000-12-27 13:30:00.0,Intermediário
0.20471,0.20585,2000-12-27 14:00:00.0,Intermediário
0.20484,0.20598,2000-12-27 14:30:00.0,Intermediário
0.2044,0.20554,2000-12-27 15:00:00.0,Intermediário
0.20482,0.20596,2000-12-27 15:47:00.0,Intermediário
0.20489,0.20603,2000-12-27 16:00:00.0,Intermediário
0.20459,0.20562,2000-12-27 16:30:00.0,Intermediário
0.20438,0.20552,2000-12-27 17:00:00.0,Fechamento Interbancário
0.20474,0.20513,2000-12-27 18:18:00.0,Fechamento
0.20389,0.20586,2000-12-28 09:41:00.0,Abertura
0.20502,0.20616,2000-12-28 10:00:00.0,Intermediário
0.20511,0.20615,2000-12-28 10:30:00.0,Intermediário
0.20507,0.2061,2000-12-28 11:00:00.0,Intermediário
0.20502,0.20605,2000-12-28 11:30:00.0,Intermediário
0.20482,0.20596,2000-12-28 12:00:00.0,Intermediário
0.2049,0.20594,2000-12-28 12:30:00.0,Intermediário
0.20464,0.20578,2000-12-28 13:00:00.0,Intermediário
0.20418,0.20521,2000-12-28 13:30:00.0,Intermediário
0.20384,0.20487,2000-12-28 14:00:00.0,Intermediário
0.20392,0.20495,2000-12-28 14:30:00.0,Intermediário
0.2039,0.20504,2000-12-28 15:00:00.0,Intermediário
0.2035,0.20453,2000-12-28 15:30:00.0,Intermediário
0.2037,0.20473,2000-12-28 16:00:00.0,Intermediário
0.2041,0.20513,2000-12-28 16:30:00.0,Intermediário
0.20391,0.20505,2000-12-28 17:00:00.0,Fechamento Interbancário
0.20442,0.20481,2000-12-28 18:29:00.0,Fechamento
0.20466,0.20664,2000-12-29 09:40:00.0,Abertura
0.20557,0.20671,2000-12-29 10:00:00.0,Intermediário
0.20576,0.2068,2000-12-29 10:30:00.0,Intermediário
0.20559,0.20662,2000-12-29 11:00:00.0,Intermediário
0.20548,0.20652,2000-12-29 11:30:00.0,Intermediário
0.20513,0.20628,2000-12-29 12:00:00.0,Intermediário
0.20568,0.20672,2000-12-29 12:30:00.0,Intermediário
0.2054,0.20654,2000-12-29 13:00:00.0,Intermediário
0.20543,0.20646,2000-12-29 13:30:00.0,Intermediário
0.20673,0.20777,2000-12-29 14:29:00.0,Intermediário
0.20627,0.20731,2000-12-29 14:30:00.0,Intermediário
0.2065,0.20765,2000-12-29 15:00:00.0,Intermediário
0.20592,0.20696,2000-12-29 15:30:00.0,Intermediário
0.20607,0.20711,2000-12-29 16:00:00.0,Intermediário
0.20588,0.20692,2000-12-29 16:35:00.0,Intermediário
0.20577,0.20691,2000-12-29 17:10:00.0,Fechamento Interbancário
0.20698,0.20738,2000-12-29 18:07:00.0,Fechamento
