cotacaoCompra,cotacaoVenda,dataHoraCotacao,tipoBoletim
0.31414,0.31589,2007-01-02 09:22:00.0,Abertura
0.31419,0.31463,2007-01-02 09:30:00.0,Intermediário
0.3144,0.31476,2007-01-02 10:00:00.0,Intermediário
0.31427,0.31488,2007-01-02 10:30:00.0,Intermediário
0.31416,0.31477,2007-01-02 11:07:00.0,Intermediário
0.31428,0.31504,2007-01-02 11:43:00.0,Intermediário
0.31436,0.31494,2007-01-02 12:00:00.0,Intermediário
0.31394,0.31432,2007-01-02 12:30:00.0,Intermediário
0.27851,0.31436,2007-01-02 13:00:00.0,Intermediário
0.31377,0.31423,2007-01-02 13:30:00.0,Intermediário
0.31388,0.31464,2007-01-02 14:00:00.0,Intermediário
0.314,0.31458,2007-01-02 14:30:00.0,Intermediário
0.31403,0.31464,2007-01-02 15:00:00.0,Intermediário
0.31384,0.31413,2007-01-02 15:30:00.0,Intermediário
0.31385,0.31427,2007-01-02 16:00:00.0,Intermediário
0.31337,0.31413,2007-01-02 16:30:00.0,Fechamento Interbancário
0.31387,0.31445,2007-01-02 17:38:00.0,Fechamento
0.31188,0.31381,2007-01-03 09:18:00.0,Abertura
0.31291,0.31334,2007-01-03 09:30:00.0,Intermediário
0.31294,0.31365,2007-01-03 10:00:00.0,Intermediário
0.31334,0.31377,2007-01-03 10:30:00.0,Intermediário
0.31299,0.31342,2007-01-03 11:00:00.0,Intermediário
0.31376,0.31452,2007-01-03 11:30:00.0,Intermediário
0.31296,0.31342,2007-01-03 12:00:00.0,Intermediário
0.31333,0.31408,2007-01-03 12:30:00.0,Intermediário
0.31356,0.31386,2007-01-03 13:00:00.0,Intermediário
0.31222,0.31253,2007-01-03 13:30:00.0,Intermediário
0.31241,0.31269,2007-01-03 14:00:00.0,Intermediário
0.31193,0.31213,2007-01-03 14:30:00.0,Intermediário
0.31175,0.31218,2007-01-03 15:00:00.0,Intermediário
0.31194,0.31251,2007-01-03 15:30:00.0,Intermediário
0.28564,0.31196,2007-01-03 16:00:00.0,Intermediário
0.31097,0.31171,2007-01-03 16:30:00.0,Fechamento Interbancário
0.31074,0.31131,2007-01-03 17:43:00.0,Fechamento
0.30978,0.31139,2007-01-04 09:22:00.0,Abertura
0.31028,0.31073,2007-01-04 09:30:00.0,Intermediário
0.31006,0.31066,2007-01-04 10:00:00.0,Intermediário
0.30965,0.3103,2007-01-04 10:30:00.0,Intermediário
0.30904,0.30978,2007-01-04 11:00:00.0,Intermediário
0.30896,0.30969,2007-01-04 11:30:00.0,Intermediário
0.30934,0.30993,2007-01-04 12:00:00.0,Intermediário
0.30968,0.3099,2007-01-04 12:30:00.0,Intermediário
0.30844,0.30917,2007-01-04 13:00:00.0,Intermediário
0.30875,0.30948,2007-01-04 13:30:00.0,Intermediário
0.30878,0.30916,2007-01-04 14:00:00.0,Intermediário
0.30866,0.30939,2007-01-04 14:30:00.0,Intermediário
0.30868,0.30922,2007-01-04 15:00:00.0,Intermediário
0.30833,0.30892,2007-01-04 15:30:00.0,Intermediário
0.30892,0.30926,2007-01-04 16:00:00.0,Intermediário
0.30866,0.30925,2007-01-04 16:30:00.0,Fechamento Interbancário
0.30853,0.30909,2007-01-04 17:44:00.0,Fechamento
0.3084,0.30998,2007-01-05 09:19:00.0,Abertura
0.30908,0.30936,2007-01-05 09:30:00.0,Intermediário
0.30912,0.3094,2007-01-05 10:00:00.0,Intermediário
0.30937,0.30965,2007-01-05 10:30:00.0,Intermediário
0.30941,0.30976,2007-01-05 11:00:00.0,Intermediário
0.30918,0.30991,2007-01-05 11:30:00.0,Intermediário
0.30672,0.30739,2007-01-05 12:00:00.0,Intermediário
0.30689,0.30733,2007-01-05 12:30:00.0,Intermediário
0.30727,0.3076,2007-01-05 13:00:00.0,Intermediário
0.30749,0.3079,2007-01-05 13:30:00.0,Intermediário
0.3072,0.3076,2007-01-05 14:00:00.0,Intermediário
0.3075,0.30792,2007-01-05 14:30:00.0,Intermediário
0.30769,0.30824,2007-01-05 15:00:00.0,Intermediário
0.30806,0.30879,2007-01-05 15:30:00.0,Intermediário
0.30797,0.30856,2007-01-05 16:00:00.0,Intermediário
0.30838,0.30865,2007-01-05 16:30:00.0,Fechamento Interbancário
0.30775,0.308,2007-01-05 17:39:00.0,Fechamento
0.30772,0.30962,2007-01-08 09:24:00.0,Abertura
0.3085,0.30878,2007-01-08 09:30:00.0,Intermediário
0.30806,0.30841,2007-01-08 10:00:00.0,Intermediário
0.30805,0.30858,2007-01-08 10:30:00.0,Intermediário
0.30828,0.3088,2007-01-08 11:00:00.0,Intermediário
0.30784,0.30847,2007-01-08 11:30:00.0,Intermediário
0.30746,0.30804,2007-01-08 12:00:00.0,Intermediário
0.30784,0.30813,2007-01-08 12:30:00.0,Intermediário
0.30813,0.30853,2007-01-08 13:00:00.0,Intermediário
0.30827,0.30869,2007-01-08 13:30:00.0,Intermediário
0.30782,0.30815,2007-01-08 14:00:00.0,Intermediário
0.30759,0.30832,2007-01-08 14:30:00.0,Intermediário
0.30744,0.30772,2007-01-08 15:00:00.0,Intermediário
0.30788,0.30817,2007-01-08 15:30:00.0,Intermediário
0.30739,0.30772,2007-01-08 16:00:00.0,Intermediário
0.30733,0.30775,2007-01-08 16:30:00.0,Fechamento Interbancário
0.30729,0.30754,2007-01-08 17:34:00.0,Fechamento
0.30667,0.30828,2007-01-09 09:21:00.0,Abertura
0.30732,0.30776,2007-01-09 09:30:00.0,Intermediário
0.30707,0.30749,2007-01-09 10:00:00.0,Intermediário
0.30704,0.30731,2007-01-09 10:30:00.0,Intermediário
0.30707,0.30736,2007-01-09 11:00:00.0,Intermediário
0.30718,0.30737,2007-01-09 11:30:00.0,Intermediário
0.30628,0.30679,2007-01-09 12:10:00.0,Intermediário
0.30702,0.30723,2007-01-09 12:30:00.0,Intermediário
0.3069,0.30723,2007-01-09 13:00:00.0,Intermediário
0.30645,0.30699,2007-01-09 13:30:00.0,Intermediário
0.30605,0.30677,2007-01-09 14:05:00.0,Intermediário
0.306,0.30672,2007-01-09 14:30:00.0,Intermediário
0.30671,0.30704,2007-01-09 15:00:00.0,Intermediário
0.30623,0.30676,2007-01-09 15:30:00.0,Intermediário
0.30589,0.30622,2007-01-09 16:00:00.0,Intermediário
0.28269,0.30667,2007-01-09 16:30:00.0,Fechamento Interbancário
0.3062,0.30675,2007-01-09 17:36:00.0,Fechamento
0.30603,0.3076,2007-01-10 09:21:00.0,Abertura
0.30614,0.30686,2007-01-10 09:30:00.0,Intermediário
0.30701,0.30729,2007-01-10 10:00:00.0,Intermediário
0.30702,0.30788,2007-01-10 10:30:00.0,Intermediário
0.30711,0.30762,2007-01-10 11:00:00.0,Intermediário
0.30676,0.30722,2007-01-10 11:30:00.0,Intermediário
0.30629,0.30674,2007-01-10 12:00:00.0,Intermediário
0.3061,0.30665,2007-01-10 12:30:00.0,Intermediário
0.30559,0.30631,2007-01-10 13:07:00.0,Intermediário
0.30577,0.3061,2007-01-10 13:30:00.0,Intermediário
0.305,0.30536,2007-01-10 14:00:00.0,Intermediário
0.30494,0.30539,2007-01-10 14:30:00.0,Intermediário
0.30486,0.30532,2007-01-10 15:00:00.0,Intermediário
0.30472,0.30513,2007-01-10 15:30:00.0,Intermediário
0.30389,0.30461,2007-01-10 16:00:00.0,Intermediário
0.30403,0.30434,2007-01-10 16:30:00.0,Fechamento Interbancário
0.30499,0.30527,2007-01-10 17:36:00.0,Fechamento
0.3041,0.30595,2007-01-11 09:23:00.0,Abertura
0.30467,0.30509,2007-01-11 09:30:00.0,Intermediário
0.30426,0.30469,2007-01-11 10:00:00.0,Intermediário
0.30476,0.30516,2007-01-11 10:30:00.0,Intermediário
0.30536,0.3058,2007-01-11 11:00:00.0,Intermediário
0.3053,0.30574,2007-01-11 11:30:00.0,Intermediário
0.30397,0.30468,2007-01-11 12:00:00.0,Intermediário
0.30395,0.30452,2007-01-11 12:30:00.0,Intermediário
0.3039,0.30419,2007-01-11 13:00:00.0,Intermediário
0.30273,0.30301,2007-01-11 13:30:00.0,Intermediário
0.30246,0.30303,2007-01-11 14:00:00.0,Intermediário
0.30255,0.30312,2007-01-11 14:30:00.0,Intermediário
0.30279,0.30306,2007-01-11 15:00:00.0,Intermediário
0.30269,0.30298,2007-01-11 15:30:00.0,Intermediário
0.30239,0.30271,2007-01-11 16:00:00.0,Intermediário
0.30222,0.30263,2007-01-11 16:30:00.0,Fechamento Interbancário
0.30246,0.3027,2007-01-11 17:32:00.0,Fechamento
0.30281,0.30456,2007-01-12 09:22:00.0,Abertura
0.30323,0.30367,2007-01-12 09:30:00.0,Intermediário
0.29784,0.30367,2007-01-12 10:00:00.0,Intermediário
0.30319,0.30337,2007-01-12 10:31:00.0,Intermediário
0.30265,0.30319,2007-01-12 11:00:00.0,Intermediário
0.30244,0.30287,2007-01-12 11:30:00.0,Intermediário
0.30354,0.30398,2007-01-12 12:00:00.0,Intermediário
0.30393,0.3042,2007-01-12 12:30:00.0,Intermediário
0.3035,0.30409,2007-01-12 13:00:00.0,Intermediário
0.30422,0.30493,2007-01-12 13:30:00.0,Intermediário
0.30451,0.30494,2007-01-12 14:00:00.0,Intermediário
0.30448,0.30483,2007-01-12 14:30:00.0,Intermediário
0.30444,0.30476,2007-01-12 15:00:00.0,Intermediário
0.30428,0.30471,2007-01-12 15:30:00.0,Intermediário
0.3047,0.30497,2007-01-12 16:00:00.0,Intermediário
0.30483,0.30523,2007-01-12 16:30:00.0,Fechamento Interbancário
0.30502,0.30539,2007-01-12 17:33:00.0,Fechamento
0.30415,0.30571,2007-01-15 09:21:00.0,Abertura
0.30439,0.30509,2007-01-15 09:34:00.0,Intermediário
0.30469,0.30506,2007-01-15 10:00:00.0,Intermediário
0.30454,0.30481,2007-01-15 10:30:00.0,Intermediário
0.30451,0.30509,2007-01-15 11:00:00.0,Intermediário
0.30458,0.30513,2007-01-15 11:30:00.0,Intermediário
0.3049,0.30517,2007-01-15 12:00:00.0,Intermediário
0.30494,0.30535,2007-01-15 12:30:00.0,Intermediário
0.30471,0.30501,2007-01-15 13:00:00.0,Intermediário
0.30446,0.30503,2007-01-15 13:30:00.0,Intermediário
0.305,0.3053,2007-01-15 14:00:00.0,Intermediário
0.30504,0.30562,2007-01-15 14:30:00.0,Intermediário
0.30518,0.30549,2007-01-15 15:00:00.0,Intermediário
0.3049,0.30531,2007-01-15 15:30:00.0,Intermediário
0.30497,0.30567,2007-01-15 16:00:00.0,Intermediário
0.30502,0.30544,2007-01-15 16:30:00.0,Fechamento Interbancário
0.30486,0.30511,2007-01-15 17:40:00.0,Fechamento
0.30535,0.30716,2007-01-16 09:22:00.0,Abertura
0.30623,0.30669,2007-01-16 09:30:00.0,Intermediário
0.30632,0.30673,2007-01-16 10:00:00.0,Intermediário
0.30675,0.30717,2007-01-16 10:30:00.0,Intermediário
0.30643,0.30683,2007-01-16 11:00:00.0,Intermediário
0.30619,0.30638,2007-01-16 11:30:00.0,Intermediário
0.30607,0.30653,2007-01-16 12:00:00.0,Intermediário
0.30562,0.30608,2007-01-16 12:30:00.0,Intermediário
0.30542,0.30575,2007-01-16 13:00:00.0,Intermediário
0.30527,0.30599,2007-01-16 13:30:00.0,Intermediário
0.30598,0.30644,2007-01-16 14:00:00.0,Intermediário
0.30631,0.3066,2007-01-16 14:30:00.0,Intermediário
0.30584,0.30613,2007-01-16 15:00:00.0,Intermediário
0.29056,0.30563,2007-01-16 15:30:00.0,Intermediário
0.30483,0.30515,2007-01-16 16:00:00.0,Intermediário
0.29068,0.30549,2007-01-16 16:30:00.0,Fechamento Interbancário
0.30568,0.30597,2007-01-16 17:44:00.0,Fechamento
0.30389,0.30547,2007-01-17 09:22:00.0,Abertura
0.30453,0.30504,2007-01-17 09:30:00.0,Intermediário
0.30422,0.30494,2007-01-17 10:00:00.0,Intermediário
0.30448,0.3048,2007-01-17 10:30:00.0,Intermediário
0.30434,0.30461,2007-01-17 11:00:00.0,Intermediário
0.30393,0.3042,2007-01-17 11:30:00.0,Intermediário
0.3039,0.30419,2007-01-17 12:01:00.0,Intermediário
0.30382,0.30426,2007-01-17 12:30:00.0,Intermediário
0.30366,0.30385,2007-01-17 13:00:00.0,Intermediário
0.30357,0.30388,2007-01-17 13:30:00.0,Intermediário
0.30393,0.30424,2007-01-17 14:00:00.0,Intermediário
0.30362,0.30408,2007-01-17 14:30:00.0,Intermediário
0.30359,0.3043,2007-01-17 15:00:00.0,Intermediário
0.30351,0.3038,2007-01-17 15:30:00.0,Intermediário
0.30374,0.30406,2007-01-17 16:00:00.0,Intermediário
0.304,0.30431,2007-01-17 16:30:00.0,Fechamento Interbancário
0.30403,0.30431,2007-01-17 17:40:00.0,Fechamento
0.30252,0.30437,2007-01-18 09:24:00.0,Abertura
0.30322,0.30363,2007-01-18 09:30:00.0,Intermediário
0.30322,0.30365,2007-01-18 10:00:00.0,Intermediário
0.30277,0.30309,2007-01-18 10:30:00.0,Intermediário
0.30288,0.30316,2007-01-18 11:00:00.0,Intermediário
0.3023,0.3031,2007-01-18 11:30:00.0,Intermediário
0.30191,0.30245,2007-01-18 12:00:00.0,Intermediário
0.30231,0.30285,2007-01-18 12:30:00.0,Intermediário
0.30316,0.3037,2007-01-18 13:00:00.0,Intermediário
0.30259,0.30313,2007-01-18 13:30:00.0,Intermediário
0.30296,0.3035,2007-01-18 14:00:00.0,Intermediário
0.30297,0.3034,2007-01-18 14:30:00.0,Intermediário
0.30282,0.3031,2007-01-18 15:00:00.0,Intermediário
0.30271,0.30313,2007-01-18 15:30:00.0,Intermediário
0.30281,0.30353,2007-01-18 16:00:00.0,Intermediário
0.28421,0.30327,2007-01-18 16:30:00.0,Fechamento Interbancário
0.30267,0.30315,2007-01-18 17:37:00.0,Fechamento
0.30279,0.30449,2007-01-19 09:22:00.0,Abertura
0.30316,0.30362,2007-01-19 09:30:00.0,Intermediário
0.30318,0.30361,2007-01-19 10:00:00.0,Intermediário
0.30329,0.30366,2007-01-19 10:30:00.0,Intermediário
0.30291,0.30323,2007-01-19 11:00:00.0,Intermediário
0.30268,0.30319,2007-01-19 11:30:00.0,Intermediário
0.30272,0.30302,2007-01-19 12:00:00.0,Intermediário
0.30209,0.30239,2007-01-19 12:30:00.0,Intermediário
0.30129,0.30297,2007-01-19 13:00:00.0,Intermediário
0.30146,0.30189,2007-01-19 13:30:00.0,Intermediário
0.30238,0.3031,2007-01-19 14:00:00.0,Intermediário
0.30242,0.30297,2007-01-19 14:30:00.0,Intermediário
0.30306,0.30338,2007-01-19 15:00:00.0,Intermediário
0.3034,0.30364,2007-01-19 15:30:00.0,Intermediário
0.30337,0.30356,2007-01-19 16:00:00.0,Intermediário
0.30328,0.30359,2007-01-19 16:30:00.0,Fechamento Interbancário
0.30341,0.30369,2007-01-19 17:36:00.0,Fechamento
0.30122,0.30304,2007-01-22 09:22:00.0,Abertura
0.3019,0.30227,2007-01-22 09:30:00.0,Intermediário
0.30234,0.30306,2007-01-22 10:00:00.0,Intermediário
0.30227,0.30268,2007-01-22 10:30:00.0,Intermediário
0.30171,0.30216,2007-01-22 11:00:00.0,Intermediário
0.30183,0.30214,2007-01-22 11:30:00.0,Intermediário
0.30233,0.30278,2007-01-22 12:00:00.0,Intermediário
0.30213,0.30254,2007-01-22 12:30:00.0,Intermediário
0.30251,0.30296,2007-01-22 13:00:00.0,Intermediário
0.30241,0.30287,2007-01-22 13:30:00.0,Intermediário
0.30257,0.30303,2007-01-22 14:00:00.0,Intermediário
0.30276,0.30308,2007-01-22 14:30:00.0,Intermediário
0.30314,0.30333,2007-01-22 15:00:00.0,Intermediário
0.30283,0.30315,2007-01-22 15:30:00.0,Intermediário
0.26759,0.30335,2007-01-22 16:00:00.0,Intermediário
0.30288,0.30333,2007-01-22 16:30:00.0,Fechamento Interbancário
0.30244,0.30272,2007-01-22 17:37:00.0,Fechamento
0.30472,0.30628,2007-01-23 09:21:00.0,Abertura
0.30516,0.30549,2007-01-23 09:30:00.0,Intermediário
0.30554,0.30618,2007-01-23 10:00:00.0,Intermediário
0.30597,0.30639,2007-01-23 10:30:00.0,Intermediário
0.30635,0.30675,2007-01-23 11:00:00.0,Intermediário
0.30656,0.30675,2007-01-23 11:30:00.0,Intermediário
0.30648,0.3069,2007-01-23 12:00:00.0,Intermediário
0.30673,0.30692,2007-01-23 12:30:00.0,Intermediário
0.30604,0.30662,2007-01-23 13:00:00.0,Intermediário
0.30608,0.30638,2007-01-23 13:30:00.0,Intermediário
0.30629,0.30661,2007-01-23 14:00:00.0,Intermediário
0.30624,0.30652,2007-01-23 14:30:00.0,Intermediário
0.3062,0.30666,2007-01-23 15:00:00.0,Intermediário
0.30623,0.30655,2007-01-23 15:30:00.0,Intermediário
0.30523,0.30593,2007-01-23 16:00:00.0,Intermediário
0.30558,0.30602,2007-01-23 16:30:00.0,Fechamento Interbancário
0.30615,0.30642,2007-01-23 17:36:00.0,Fechamento
0.30457,0.30618,2007-01-24 09:22:00.0,Abertura
0.30501,0.30544,2007-01-24 09:30:00.0,Intermediário
0.30514,0.30546,2007-01-24 10:00:00.0,Intermediário
0.30486,0.30537,2007-01-24 10:30:00.0,Intermediário
0.30518,0.3055,2007-01-24 11:00:00.0,Intermediário
0.30531,0.30562,2007-01-24 11:30:00.0,Intermediário
0.30469,0.30542,2007-01-24 12:00:00.0,Intermediário
0.30472,0.30518,2007-01-24 12:30:00.0,Intermediário
0.30447,0.30491,2007-01-24 13:00:00.0,Intermediário
0.30361,0.30433,2007-01-24 13:30:00.0,Intermediário
0.30394,0.30466,2007-01-24 14:00:00.0,Intermediário
0.30372,0.30444,2007-01-24 14:30:00.0,Intermediário
0.30419,0.30465,2007-01-24 15:00:00.0,Intermediário
0.30403,0.30442,2007-01-24 15:30:00.0,Intermediário
0.30357,0.30386,2007-01-24 16:00:00.0,Intermediário
0.30351,0.30378,2007-01-24 16:30:00.0,Fechamento Interbancário
0.30348,0.30373,2007-01-24 17:36:00.0,Fechamento
0.30382,0.3054,2007-01-25 09:24:00.0,Abertura
0.30412,0.30445,2007-01-25 09:30:00.0,Intermediário
0.30434,0.30466,2007-01-25 10:00:00.0,Intermediário
0.30398,0.3043,2007-01-25 10:30:00.0,Intermediário
0.30358,0.30404,2007-01-25 11:00:00.0,Intermediário
0.30334,0.30467,2007-01-25 11:30:00.0,Intermediário
0.3039,0.30436,2007-01-25 12:00:00.0,Intermediário
0.30372,0.30444,2007-01-25 12:30:00.0,Intermediário
0.30358,0.30547,2007-01-25 13:00:00.0,Intermediário
0.30412,0.30456,2007-01-25 13:30:00.0,Intermediário
0.30406,0.30461,2007-01-25 14:14:00.0,Intermediário
0.30398,0.3047,2007-01-25 14:30:00.0,Intermediário
0.30417,0.30474,2007-01-25 15:00:00.0,Intermediário
0.30454,0.305,2007-01-25 15:30:00.0,Intermediário
0.30439,0.30482,2007-01-25 16:00:00.0,Intermediário
0.3046,0.30504,2007-01-25 16:30:00.0,Fechamento Interbancário
0.30393,0.30419,2007-01-25 17:34:00.0,Fechamento
0.30226,0.30411,2007-01-26 09:26:00.0,Abertura
0.30288,0.30329,2007-01-26 09:30:00.0,Intermediário
0.30297,0.30355,2007-01-26 10:00:00.0,Intermediário
0.30267,0.30299,2007-01-26 10:52:00.0,Intermediário
0.28486,0.30356,2007-01-26 11:00:00.0,Intermediário
0.30303,0.30344,2007-01-26 11:30:00.0,Intermediário
0.30275,0.30293,2007-01-26 12:00:00.0,Intermediário
0.30275,0.30321,2007-01-26 12:30:00.0,Intermediário
0.30266,0.30312,2007-01-26 13:00:00.0,Intermediário
0.28598,0.30329,2007-01-26 13:30:00.0,Intermediário
0.30276,0.30321,2007-01-26 14:00:00.0,Intermediário
0.30313,0.30357,2007-01-26 14:30:00.0,Intermediário
0.30324,0.30365,2007-01-26 15:00:00.0,Intermediário
0.30249,0.30306,2007-01-26 15:30:00.0,Intermediário
0.30294,0.30323,2007-01-26 16:00:00.0,Intermediário
0.30334,0.3038,2007-01-26 16:46:00.0,Fechamento Interbancário
0.30309,0.30338,2007-01-26 17:35:00.0,Fechamento
0.30355,0.30511,2007-01-29 09:23:00.0,Abertura
0.30404,0.30445,2007-01-29 09:30:00.0,Intermediário
0.30406,0.30452,2007-01-29 10:00:00.0,Intermediário
0.30358,0.3043,2007-01-29 10:30:00.0,Intermediário
0.30381,0.30421,2007-01-29 11:00:00.0,Intermediário
0.30385,0.30438,2007-01-29 11:30:00.0,Intermediário
0.30419,0.3045,2007-01-29 12:00:00.0,Intermediário
0.30431,0.30459,2007-01-29 12:30:00.0,Intermediário
0.3046,0.30492,2007-01-29 13:00:00.0,Intermediário
0.30446,0.30474,2007-01-29 13:30:00.0,Intermediário
0.30476,0.30507,2007-01-29 14:00:00.0,Intermediário
0.30496,0.30536,2007-01-29 14:30:00.0,Intermediário
0.30534,0.30588,2007-01-29 15:00:00.0,Intermediário
0.3055,0.30596,2007-01-29 15:30:00.0,Intermediário
0.3054,0.30572,2007-01-29 16:00:00.0,Intermediário
0.30503,0.30561,2007-01-29 16:30:00.0,Fechamento Interbancário
0.30535,0.3059,2007-01-29 17:35:00.0,Fechamento
0.30569,0.30742,2007-01-30 09:23:00.0,Abertura
0.30614,0.30647,2007-01-30 09:30:00.0,Intermediário
0.30572,0.30645,2007-01-30 10:00:00.0,Intermediário
0.3056,0.30618,2007-01-30 10:30:00.0,Intermediário
0.30605,0.30663,2007-01-30 11:00:00.0,Intermediário
0.30609,0.30638,2007-01-30 11:30:00.0,Intermediário
0.30576,0.30627,2007-01-30 12:00:00.0,Intermediário
0.3055,0.30608,2007-01-30 12:30:00.0,Intermediário
0.30443,0.307,2007-01-30 13:00:00.0,Intermediário
0.30563,0.30609,2007-01-30 13:30:00.0,Intermediário
0.30579,0.30614,2007-01-30 14:00:00.0,Intermediário
0.3056,0.30602,2007-01-30 14:30:00.0,Intermediário
0.28169,0.306,2007-01-30 15:00:00.0,Intermediário
0.30527,0.30555,2007-01-30 15:30:00.0,Intermediário
0.30488,0.30534,2007-01-30 16:00:00.0,Intermediário
0.30516,0.30549,2007-01-30 16:30:00.0,Fechamento Interbancário
0.30561,0.30577,2007-01-30 17:48:00.0,Fechamento
0.30379,0.30535,2007-01-31 09:19:00.0,Abertura
0.30456,0.30489,2007-01-31 09:30:00.0,Intermediário
0.30447,0.30479,2007-01-31 10:00:00.0,Intermediário
0.30398,0.30456,2007-01-31 10:30:00.0,Intermediário
0.3042,0.30452,2007-01-31 11:00:00.0,Intermediário
0.30406,0.30432,2007-01-31 11:30:00.0,Intermediário
0.30343,0.30369,2007-01-31 12:00:00.0,Intermediário
0.30356,0.30383,2007-01-31 12:30:00.0,Intermediário
0.30392,0.3045,2007-01-31 13:00:00.0,Intermediário
0.30497,0.30529,2007-01-31 13:30:00.0,Intermediário
0.30474,0.30505,2007-01-31 14:00:00.0,Intermediário
0.30476,0.30549,2007-01-31 14:30:00.0,Intermediário
0.30426,0.30499,2007-01-31 15:00:00.0,Intermediário
0.30464,0.30493,2007-01-31 15:30:00.0,Intermediário
0.30471,0.30492,2007-01-31 16:01:00.0,Intermediário
0.3046,0.30512,2007-01-31 16:30:00.0,Fechamento Interbancário
0.30473,0.30522,2007-01-31 17:39:00.0,Fechamento
0.30424,0.30612,2007-02-01 09:13:00.0,Abertura
0.30481,0.30527,2007-02-01 09:30:00.0,Intermediário
0.30427,0.30482,2007-02-01 10:00:00.0,Intermediário
0.30403,0.30461,2007-02-01 10:30:00.0,Intermediário
0.30355,0.30411,2007-02-01 11:00:00.0,Intermediário
0.30378,0.30425,2007-02-01 11:30:00.0,Intermediário
0.30372,0.30401,2007-02-01 12:00:00.0,Intermediário
0.30337,0.3041,2007-02-01 12:30:00.0,Intermediário
0.3033,0.30374,2007-02-01 13:00:00.0,Intermediário
0.30325,0.30372,2007-02-01 13:30:00.0,Intermediário
0.3028,0.30312,2007-02-01 14:00:00.0,Intermediário
0.30278,0.3035,2007-02-01 14:30:00.0,Intermediário
0.30317,0.30375,2007-02-01 15:00:00.0,Intermediário
0.30316,0.30374,2007-02-01 15:30:00.0,Intermediário
0.30222,0.30254,2007-02-01 16:00:00.0,Intermediário
0.30171,0.30229,2007-02-01 16:30:00.0,Fechamento Interbancário
0.30293,0.30348,2007-02-01 17:47:00.0,Fechamento
0.29947,0.30104,2007-02-02 09:12:00.0,Abertura
0.29866,0.30027,2007-02-02 09:30:00.0,Intermediário
0.2998,0.30044,2007-02-02 10:00:00.0,Intermediário
0.29968,0.30037,2007-02-02 10:30:00.0,Intermediário
0.3004,0.30084,2007-02-02 11:00:00.0,Intermediário
0.30073,0.30101,2007-02-02 11:30:00.0,Intermediário
0.29965,0.30011,2007-02-02 12:01:00.0,Intermediário
0.29989,0.30065,2007-02-02 12:30:00.0,Intermediário
0.30029,0.30071,2007-02-02 13:00:00.0,Intermediário
0.30037,0.3008,2007-02-02 13:30:00.0,Intermediário
0.3004,0.30086,2007-02-02 14:00:00.0,Intermediário
0.29998,0.30069,2007-02-02 14:30:00.0,Intermediário
0.29987,0.30033,2007-02-02 15:00:00.0,Intermediário
0.3003,0.30059,2007-02-02 15:30:00.0,Intermediário
0.27554,0.30124,2007-02-02 16:00:00.0,Intermediário
0.30072,0.30105,2007-02-02 16:30:00.0,Fechamento Interbancário
0.29978,0.29994,2007-02-02 17:35:00.0,Fechamento
0.29865,0.30024,2007-02-05 09:22:00.0,Abertura
0.29924,0.29957,2007-02-05 09:30:00.0,Intermediário
0.299,0.29943,2007-02-05 10:00:00.0,Intermediário
0.29836,0.29881,2007-02-05 10:41:00.0,Intermediário
0.29787,0.29822,2007-02-05 11:00:00.0,Intermediário
0.29701,0.29742,2007-02-05 11:30:00.0,Intermediário
0.29694,0.29715,2007-02-05 12:00:00.0,Intermediário
0.29683,0.29728,2007-02-05 12:30:00.0,Intermediário
0.29633,0.29676,2007-02-05 13:00:00.0,Intermediário
0.29627,0.29698,2007-02-05 13:30:00.0,Intermediário
0.29655,0.29699,2007-02-05 14:00:00.0,Intermediário
0.2963,0.29701,2007-02-05 14:40:00.0,Intermediário
0.29664,0.29688,2007-02-05 15:00:00.0,Intermediário
0.29655,0.29726,2007-02-05 15:37:00.0,Intermediário
0.29631,0.29676,2007-02-05 16:00:00.0,Intermediário
0.29649,0.2968,2007-02-05 16:30:00.0,Fechamento Interbancário
0.29686,0.29714,2007-02-05 17:39:00.0,Fechamento
0.29408,0.29562,2007-02-06 09:21:00.0,Abertura
0.29412,0.29479,2007-02-06 09:30:00.0,Intermediário
0.29488,0.29508,2007-02-06 10:00:00.0,Intermediário
0.29458,0.29528,2007-02-06 10:30:00.0,Intermediário
0.29478,0.29517,2007-02-06 11:00:00.0,Intermediário
0.29461,0.29531,2007-02-06 11:30:00.0,Intermediário
0.29483,0.29515,2007-02-06 12:00:00.0,Intermediário
0.29492,0.29512,2007-02-06 12:30:00.0,Intermediário
0.29467,0.29501,2007-02-06 13:00:00.0,Intermediário
0.29463,0.29502,2007-02-06 13:30:00.0,Intermediário
0.29483,0.29526,2007-02-06 14:00:00.0,Intermediário
0.29535,0.29553,2007-02-06 14:30:00.0,Intermediário
0.27512,0.29628,2007-02-06 15:00:00.0,Intermediário
0.29601,0.29626,2007-02-06 15:30:00.0,Intermediário
0.29331,0.29648,2007-02-06 16:00:00.0,Intermediário
0.29663,0.29699,2007-02-06 16:30:00.0,Fechamento Interbancário
0.29628,0.2966,2007-02-06 17:40:00.0,Fechamento
0.29551,0.29706,2007-02-07 09:26:00.0,Abertura
0.29574,0.29645,2007-02-07 09:30:00.0,Intermediário
0.29623,0.2968,2007-02-07 10:00:00.0,Intermediário
0.29591,0.29647,2007-02-07 10:30:00.0,Intermediário
0.29637,0.29694,2007-02-07 11:00:00.0,Intermediário
0.29653,0.29671,2007-02-07 11:30:00.0,Intermediário
0.29629,0.2967,2007-02-07 12:00:00.0,Intermediário
0.29682,0.29728,2007-02-07 12:30:00.0,Intermediário
0.29686,0.29757,2007-02-07 13:00:00.0,Intermediário
0.29721,0.29764,2007-02-07 13:30:00.0,Intermediário
0.29715,0.29765,2007-02-07 14:00:00.0,Intermediário
0.29725,0.29766,2007-02-07 14:30:00.0,Intermediário
0.29765,0.29821,2007-02-07 15:00:00.0,Intermediário
0.29754,0.29811,2007-02-07 15:30:00.0,Intermediário
0.29116,0.29928,2007-02-07 16:00:00.0,Intermediário
0.29889,0.29916,2007-02-07 16:30:00.0,Fechamento Interbancário
0.29781,0.29805,2007-02-07 17:36:00.0,Fechamento
0.29774,0.29923,2007-02-08 09:12:00.0,Abertura
0.298,0.29872,2007-02-08 09:30:00.0,Intermediário
0.2981,0.29878,2007-02-08 10:00:00.0,Intermediário
0.29854,0.29897,2007-02-08 10:30:00.0,Intermediário
0.29911,0.29953,2007-02-08 11:00:00.0,Intermediário
0.29913,0.29968,2007-02-08 11:30:00.0,Intermediário
0.29994,0.30024,2007-02-08 12:00:00.0,Intermediário
0.30034,0.30106,2007-02-08 12:30:00.0,Intermediário
0.30056,0.30099,2007-02-08 13:00:00.0,Intermediário
0.30072,0.30116,2007-02-08 13:30:00.0,Intermediário
0.30052,0.30094,2007-02-08 14:00:00.0,Intermediário
0.30098,0.3014,2007-02-08 14:30:00.0,Intermediário
0.30085,0.30115,2007-02-08 15:00:00.0,Intermediário
0.30025,0.3006,2007-02-08 15:30:00.0,Intermediário
0.30002,0.30071,2007-02-08 16:00:00.0,Intermediário
0.30008,0.30066,2007-02-08 16:30:00.0,Fechamento Interbancário
0.30027,0.30081,2007-02-08 17:48:00.0,Fechamento
0.29895,0.30051,2007-02-09 09:15:00.0,Abertura
0.29986,0.30027,2007-02-09 09:30:00.0,Intermediário
0.29954,0.29985,2007-02-09 10:00:00.0,Intermediário
0.29978,0.30032,2007-02-09 10:30:00.0,Intermediário
0.30007,0.30066,2007-02-09 11:14:00.0,Intermediário
0.30044,0.3009,2007-02-09 11:30:00.0,Intermediário
0.29991,0.30045,2007-02-09 12:00:00.0,Intermediário
0.29979,0.3005,2007-02-09 12:42:00.0,Intermediário
0.29967,0.30038,2007-02-09 13:00:00.0,Intermediário
0.29995,0.30037,2007-02-09 13:30:00.0,Intermediário
0.30001,0.30044,2007-02-09 14:00:00.0,Intermediário
0.26881,0.30001,2007-02-09 14:30:00.0,Intermediário
0.29988,0.30029,2007-02-09 15:00:00.0,Intermediário
0.29953,0.30024,2007-02-09 15:30:00.0,Intermediário
0.28339,0.30132,2007-02-09 16:00:00.0,Intermediário
0.30082,0.30113,2007-02-09 16:30:00.0,Fechamento Interbancário
0.30003,0.30032,2007-02-09 17:40:00.0,Fechamento
0.30012,0.30189,2007-02-12 09:25:00.0,Abertura
0.30046,0.30117,2007-02-12 09:30:00.0,Intermediário
0.30028,0.30071,2007-02-12 10:00:00.0,Intermediário
0.29865,0.30103,2007-02-12 10:30:00.0,Intermediário
0.30055,0.30096,2007-02-12 11:01:00.0,Intermediário
0.30036,0.30093,2007-02-12 11:31:00.0,Intermediário
0.30014,0.30047,2007-02-12 12:09:00.0,Intermediário
0.29893,0.30062,2007-02-12 12:30:00.0,Intermediário
0.30036,0.3007,2007-02-12 13:00:00.0,Intermediário
0.30054,0.30087,2007-02-12 13:30:00.0,Intermediário
0.30038,0.30071,2007-02-12 14:00:00.0,Intermediário
0.30079,0.30137,2007-02-12 14:30:00.0,Intermediário
0.29996,0.30042,2007-02-12 15:00:00.0,Intermediário
0.29968,0.30022,2007-02-12 15:30:00.0,Intermediário
0.29972,0.30003,2007-02-12 16:00:00.0,Intermediário
0.29976,0.30002,2007-02-12 16:30:00.0,Fechamento Interbancário
0.29978,0.30002,2007-02-12 17:53:00.0,Fechamento
0.29967,0.30122,2007-02-13 09:24:00.0,Abertura
0.30041,0.30081,2007-02-13 09:30:00.0,Intermediário
0.29963,0.29998,2007-02-13 10:08:00.0,Intermediário
0.29928,0.29984,2007-02-13 10:30:00.0,Intermediário
0.29876,0.29917,2007-02-13 11:00:00.0,Intermediário
0.29923,0.29968,2007-02-13 11:30:00.0,Intermediário
0.29913,0.29956,2007-02-13 12:00:00.0,Intermediário
0.29956,0.29983,2007-02-13 12:30:00.0,Intermediário
0.29853,0.29924,2007-02-13 13:00:00.0,Intermediário
0.29899,0.29934,2007-02-13 13:30:00.0,Intermediário
0.29904,0.29949,2007-02-13 14:00:00.0,Intermediário
0.29919,0.2996,2007-02-13 14:30:00.0,Intermediário
0.2997,0.30014,2007-02-13 15:00:00.0,Intermediário
0.29995,0.30013,2007-02-13 15:30:00.0,Intermediário
0.29984,0.30027,2007-02-13 16:00:00.0,Intermediário
0.29937,0.30008,2007-02-13 16:30:00.0,Fechamento Interbancário
0.29951,0.30005,2007-02-13 17:43:00.0,Fechamento
0.30031,0.30187,2007-02-14 09:22:00.0,Abertura
0.30066,0.30114,2007-02-14 09:30:00.0,Intermediário
0.30105,0.30144,2007-02-14 10:00:00.0,Intermediário
0.30128,0.3016,2007-02-14 10:30:00.0,Intermediário
0.30118,0.30159,2007-02-14 11:16:00.0,Intermediário
0.30109,0.30141,2007-02-14 11:30:00.0,Intermediário
0.30096,0.30129,2007-02-14 12:00:00.0,Intermediário
0.30082,0.30148,2007-02-14 12:30:00.0,Intermediário
0.30033,0.30087,2007-02-14 13:12:00.0,Intermediário
0.30159,0.30192,2007-02-14 13:39:00.0,Intermediário
0.30145,0.30186,2007-02-14 14:00:00.0,Intermediário
0.30116,0.30162,2007-02-14 14:30:00.0,Intermediário
0.30145,0.30179,2007-02-14 15:00:00.0,Intermediário
0.30136,0.30155,2007-02-14 15:30:00.0,Intermediário
0.3003,0.30049,2007-02-14 16:00:00.0,Intermediário
0.3002,0.30077,2007-02-14 16:30:00.0,Fechamento Interbancário
0.30138,0.30192,2007-02-14 17:45:00.0,Fechamento
0.29636,0.29821,2007-02-15 09:20:00.0,Abertura
0.29721,0.29762,2007-02-15 09:30:00.0,Intermediário
0.2973,0.29771,2007-02-15 10:00:00.0,Intermediário
0.29664,0.29732,2007-02-15 10:30:00.0,Intermediário
0.29684,0.29729,2007-02-15 11:00:00.0,Intermediário
0.297,0.29771,2007-02-15 11:30:00.0,Intermediário
0.2973,0.29761,2007-02-15 12:00:00.0,Intermediário
0.29735,0.29806,2007-02-15 12:30:00.0,Intermediário
0.2975,0.29781,2007-02-15 13:00:00.0,Intermediário
0.29709,0.29765,2007-02-15 13:30:00.0,Intermediário
0.29682,0.29713,2007-02-15 14:00:00.0,Intermediário
0.29685,0.29734,2007-02-15 14:30:00.0,Intermediário
0.29687,0.29716,2007-02-15 15:00:00.0,Intermediário
0.29718,0.29751,2007-02-15 15:30:00.0,Intermediário
0.29711,0.29742,2007-02-15 16:00:00.0,Intermediário
0.29744,0.29762,2007-02-15 16:30:00.0,Fechamento Interbancário
0.29684,0.297,2007-02-15 17:35:00.0,Fechamento
0.29498,0.2968,2007-02-16 09:21:00.0,Abertura
0.29531,0.29574,2007-02-16 09:30:00.0,Intermediário
0.2955,0.29579,2007-02-16 10:00:00.0,Intermediário
0.2957,0.2964,2007-02-16 10:30:00.0,Intermediário
0.29549,0.29576,2007-02-16 11:00:00.0,Intermediário
0.29535,0.29562,2007-02-16 11:30:00.0,Intermediário
0.29525,0.29564,2007-02-16 12:00:00.0,Intermediário
0.29508,0.29578,2007-02-16 12:30:00.0,Intermediário
0.29579,0.29649,2007-02-16 13:00:00.0,Intermediário
0.29568,0.29601,2007-02-16 13:30:00.0,Intermediário
0.29623,0.29666,2007-02-16 14:00:00.0,Intermediário
0.29655,0.29696,2007-02-16 14:30:00.0,Intermediário
0.29674,0.29708,2007-02-16 15:00:00.0,Intermediário
0.29711,0.29742,2007-02-16 15:30:00.0,Intermediário
0.29688,0.29721,2007-02-16 16:00:00.0,Intermediário
0.29709,0.2975,2007-02-16 16:30:00.0,Fechamento Interbancário
0.29702,0.29726,2007-02-16 17:34:00.0,Fechamento
0.29408,0.29574,2007-02-21 12:22:00.0,Abertura
0.2947,0.2951,2007-02-21 12:30:00.0,Intermediário
0.29508,0.29551,2007-02-21 13:00:00.0,Intermediário
0.29387,0.29414,2007-02-21 13:30:00.0,Intermediário
0.29325,0.29378,2007-02-21 14:00:00.0,Intermediário
0.29312,0.29382,2007-02-21 14:30:00.0,Intermediário
0.29328,0.29381,2007-02-21 15:00:00.0,Intermediário
0.29327,0.29396,2007-02-21 15:30:00.0,Intermediário
0.29305,0.29359,2007-02-21 16:00:00.0,Intermediário
0.27984,0.29354,2007-02-21 16:30:00.0,Fechamento Interbancário
0.29335,0.29385,2007-02-21 17:35:00.0,Fechamento
0.29126,0.29279,2007-02-22 09:23:00.0,Abertura
0.29142,0.29176,2007-02-22 09:30:00.0,Intermediário
0.29046,0.29088,2007-02-22 10:00:00.0,Intermediário
0.29028,0.29097,2007-02-22 10:30:00.0,Intermediário
0.29104,0.2916,2007-02-22 11:00:00.0,Intermediário
0.29118,0.29144,2007-02-22 11:30:00.0,Intermediário
0.29138,0.29156,2007-02-22 12:00:00.0,Intermediário
0.29146,0.29172,2007-02-22 12:30:00.0,Intermediário
0.29156,0.2922,2007-02-22 13:00:00.0,Intermediário
0.29179,0.29248,2007-02-22 13:30:00.0,Intermediário
0.29214,0.29257,2007-02-22 14:00:00.0,Intermediário
0.29257,0.29326,2007-02-22 14:30:00.0,Intermediário
0.29293,0.29335,2007-02-22 15:00:00.0,Intermediário
0.29305,0.29337,2007-02-22 15:30:00.0,Intermediário
0.29326,0.29396,2007-02-22 16:00:00.0,Intermediário
0.29353,0.29408,2007-02-22 16:30:00.0,Fechamento Interbancário
0.2928,0.29332,2007-02-22 17:36:00.0,Fechamento
0.29269,0.29424,2007-02-23 09:22:00.0,Abertura
0.29321,0.29386,2007-02-23 09:30:00.0,Intermediário
0.29354,0.29382,2007-02-23 10:00:00.0,Intermediário
0.29361,0.29379,2007-02-23 10:30:00.0,Intermediário
0.29321,0.29363,2007-02-23 11:00:00.0,Intermediário
0.29357,0.29413,2007-02-23 11:30:00.0,Intermediário
0.29377,0.29447,2007-02-23 12:00:00.0,Intermediário
0.29406,0.2947,2007-02-23 12:30:00.0,Intermediário
0.29449,0.29513,2007-02-23 13:00:00.0,Intermediário
0.29516,0.29559,2007-02-23 13:30:00.0,Intermediário
0.29529,0.29572,2007-02-23 14:00:00.0,Intermediário
0.29548,0.29588,2007-02-23 14:30:00.0,Intermediário
0.2954,0.29582,2007-02-23 15:00:00.0,Intermediário
0.29553,0.29612,2007-02-23 15:30:00.0,Intermediário
0.29578,0.29629,2007-02-23 16:00:00.0,Intermediário
0.29557,0.29604,2007-02-23 16:30:00.0,Fechamento Interbancário
0.29543,0.29573,2007-02-23 17:38:00.0,Fechamento
0.29424,0.29572,2007-02-26 09:12:00.0,Abertura
0.29449,0.29519,2007-02-26 09:30:00.0,Intermediário
0.29462,0.29529,2007-02-26 10:00:00.0,Intermediário
0.29448,0.29513,2007-02-26 10:30:00.0,Intermediário
0.29456,0.29499,2007-02-26 11:00:00.0,Intermediário
0.2948,0.2955,2007-02-26 11:30:00.0,Intermediário
0.2955,0.29623,2007-02-26 12:00:00.0,Intermediário
0.29538,0.29608,2007-02-26 12:30:00.0,Intermediário
0.29581,0.2962,2007-02-26 13:00:00.0,Intermediário
0.29543,0.29599,2007-02-26 13:30:00.0,Intermediário
0.29543,0.29599,2007-02-26 14:00:00.0,Intermediário
0.29587,0.29625,2007-02-26 14:30:00.0,Intermediário
0.29635,0.29667,2007-02-26 15:00:00.0,Intermediário
0.29649,0.29719,2007-02-26 15:30:00.0,Intermediário
0.29556,0.29626,2007-02-26 16:00:00.0,Intermediário
0.296,0.29657,2007-02-26 16:30:00.0,Fechamento Interbancário
0.29636,0.29689,2007-02-26 17:35:00.0,Fechamento
0.29868,0.30028,2007-02-27 09:10:00.0,Abertura
0.29954,0.30025,2007-02-27 09:30:00.0,Intermediário
0.3003,0.30062,2007-02-27 10:00:00.0,Intermediário
0.30072,0.30102,2007-02-27 10:30:00.0,Intermediário
0.30163,0.30211,2007-02-27 11:00:00.0,Intermediário
0.30148,0.30189,2007-02-27 11:30:00.0,Intermediário
0.30196,0.30268,2007-02-27 12:00:00.0,Intermediário
0.30079,0.30125,2007-02-27 12:30:00.0,Intermediário
0.30027,0.30098,2007-02-27 13:00:00.0,Intermediário
0.30077,0.3011,2007-02-27 13:30:00.0,Intermediário
0.30109,0.30156,2007-02-27 14:00:00.0,Intermediário
0.30144,0.30176,2007-02-27 14:30:00.0,Intermediário
0.30277,0.30306,2007-02-27 15:00:00.0,Intermediário
0.30259,0.3029,2007-02-27 15:30:00.0,Intermediário
0.304,0.30418,2007-02-27 16:00:00.0,Intermediário
0.30374,0.30414,2007-02-27 16:30:00.0,Fechamento Interbancário
0.30232,0.30269,2007-02-27 17:43:00.0,Fechamento
0.30164,0.3032,2007-02-28 09:22:00.0,Abertura
0.30299,0.30353,2007-02-28 09:30:00.0,Intermediário
0.30172,0.30217,2007-02-28 10:00:00.0,Intermediário
0.30178,0.30224,2007-02-28 10:30:00.0,Intermediário
0.30161,0.30206,2007-02-28 11:00:00.0,Intermediário
0.30106,0.30178,2007-02-28 11:30:00.0,Intermediário
0.30182,0.30228,2007-02-28 12:00:00.0,Intermediário
0.30189,0.30235,2007-02-28 12:30:00.0,Intermediário
0.30149,0.30192,2007-02-28 13:00:00.0,Intermediário
0.30132,0.30203,2007-02-28 13:30:00.0,Intermediário
0.3016,0.30202,2007-02-28 14:09:00.0,Intermediário
0.30208,0.30279,2007-02-28 14:30:00.0,Intermediário
0.30211,0.30265,2007-02-28 15:00:00.0,Intermediário
0.30186,0.30217,2007-02-28 15:30:00.0,Intermediário
0.30249,0.30294,2007-02-28 16:00:00.0,Intermediário
0.30265,0.30311,2007-02-28 16:30:00.0,Fechamento Interbancário
0.30228,0.30257,2007-02-28 17:33:00.0,Fechamento
0.30186,0.30342,2007-03-01 09:19:00.0,Abertura
0.30225,0.3026,2007-03-01 09:30:00.0,Intermediário
0.30366,0.30407,2007-03-01 10:00:00.0,Intermediário
0.30358,0.30396,2007-03-01 10:30:00.0,Intermediário
0.30309,0.30375,2007-03-01 11:00:00.0,Intermediário
0.30378,0.3042,2007-03-01 11:30:00.0,Intermediário
0.30349,0.3039,2007-03-01 12:00:00.0,Intermediário
0.30266,0.30309,2007-03-01 12:30:00.0,Intermediário
0.30025,0.30075,2007-03-01 13:00:00.0,Intermediário
0.30098,0.30141,2007-03-01 13:30:00.0,Intermediário
0.301,0.30141,2007-03-01 14:00:00.0,Intermediário
0.30067,0.30121,2007-03-01 14:30:00.0,Intermediário
0.30021,0.30077,2007-03-01 15:00:00.0,Intermediário
0.30029,0.30086,2007-03-01 15:30:00.0,Intermediário
0.29993,0.30064,2007-03-01 16:00:00.0,Intermediário
0.29996,0.3005,2007-03-01 16:30:00.0,Fechamento Interbancário
0.30098,0.30135,2007-03-01 17:35:00.0,Fechamento
0.29891,0.30075,2007-03-02 09:16:00.0,Abertura
0.30149,0.30206,2007-03-02 09:30:00.0,Intermediário
0.30081,0.30152,2007-03-02 10:00:00.0,Intermediário
0.30136,0.30182,2007-03-02 10:30:00.0,Intermediário
0.30113,0.30184,2007-03-02 11:00:00.0,Intermediário
0.30014,0.30085,2007-03-02 11:30:00.0,Intermediário
0.30011,0.30082,2007-03-02 12:00:00.0,Intermediário
0.29992,0.30063,2007-03-02 12:30:00.0,Intermediário
0.29982,0.30053,2007-03-02 13:00:00.0,Intermediário
0.30035,0.30077,2007-03-02 13:30:00.0,Intermediário
0.30045,0.30089,2007-03-02 14:00:00.0,Intermediário
0.30062,0.30108,2007-03-02 14:30:00.0,Intermediário
0.30184,0.30226,2007-03-02 15:17:00.0,Intermediário
0.30258,0.3033,2007-03-02 15:30:00.0,Intermediário
0.30258,0.30301,2007-03-02 16:00:00.0,Intermediário
0.30243,0.30309,2007-03-02 16:30:00.0,Fechamento Interbancário
0.30195,0.30244,2007-03-02 17:34:00.0,Fechamento
0.30093,0.30276,2007-03-05 09:30:00.0,Abertura
0.3015,0.30195,2007-03-05 09:38:00.0,Intermediário
0.30066,0.30137,2007-03-05 10:00:00.0,Intermediário
0.30106,0.30151,2007-03-05 10:30:00.0,Intermediário
0.30009,0.30073,2007-03-05 11:00:00.0,Intermediário
0.3004,0.30111,2007-03-05 11:30:00.0,Intermediário
0.30067,0.30112,2007-03-05 12:02:00.0,Intermediário
0.30063,0.30104,2007-03-05 12:30:00.0,Intermediário
0.30061,0.30106,2007-03-05 13:00:00.0,Intermediário
0.27602,0.30103,2007-03-05 13:30:00.0,Intermediário
0.30052,0.30092,2007-03-05 14:00:00.0,Intermediário
0.30027,0.30097,2007-03-05 14:30:00.0,Intermediário
0.29867,0.30184,2007-03-05 15:00:00.0,Intermediário
0.30071,0.30118,2007-03-05 15:30:00.0,Intermediário
0.29981,0.30037,2007-03-05 16:00:00.0,Intermediário
0.29993,0.30033,2007-03-05 16:30:00.0,Fechamento Interbancário
0.3005,0.30086,2007-03-05 17:35:00.0,Fechamento
0.29941,0.30124,2007-03-06 09:22:00.0,Abertura
0.29975,0.30032,2007-03-06 09:30:00.0,Intermediário
0.29964,0.30018,2007-03-06 10:00:00.0,Intermediário
0.29974,0.30028,2007-03-06 10:30:00.0,Intermediário
0.29869,0.29939,2007-03-06 11:00:00.0,Intermediário
0.29923,0.29958,2007-03-06 11:30:00.0,Intermediário
0.29937,0.2997,2007-03-06 12:00:00.0,Intermediário
0.29948,0.30019,2007-03-06 12:30:00.0,Intermediário
0.3005,0.30091,2007-03-06 13:00:00.0,Intermediário
0.30049,0.3012,2007-03-06 13:30:00.0,Intermediário
0.30048,0.30119,2007-03-06 14:00:00.0,Intermediário
0.30056,0.30127,2007-03-06 14:30:00.0,Intermediário
0.29968,0.30001,2007-03-06 15:00:00.0,Intermediário
0.29958,0.29992,2007-03-06 15:30:00.0,Intermediário
0.29933,0.29974,2007-03-06 16:00:00.0,Intermediário
0.29963,0.30009,2007-03-06 16:30:00.0,Fechamento Interbancário
0.30021,0.30064,2007-03-06 17:32:00.0,Fechamento
0.29891,0.30075,2007-03-07 09:23:00.0,Abertura
0.29948,0.30019,2007-03-07 09:30:00.0,Intermediário
0.29992,0.30063,2007-03-07 10:00:00.0,Intermediário
0.29989,0.30022,2007-03-07 10:30:00.0,Intermediário
0.29963,0.30019,2007-03-07 11:00:00.0,Intermediário
0.29963,0.30026,2007-03-07 11:30:00.0,Intermediário
0.29959,0.30005,2007-03-07 12:00:00.0,Intermediário
0.29944,0.29987,2007-03-07 12:30:00.0,Intermediário
0.29949,0.29992,2007-03-07 13:00:00.0,Intermediário
0.29954,0.29981,2007-03-07 13:30:00.0,Intermediário
0.2996,0.2998,2007-03-07 14:00:00.0,Intermediário
0.29932,0.29988,2007-03-07 14:30:00.0,Intermediário
0.29914,0.29984,2007-03-07 15:00:00.0,Intermediário
0.29902,0.29958,2007-03-07 15:30:00.0,Intermediário
0.29959,0.30022,2007-03-07 16:00:00.0,Intermediário
0.30018,0.30047,2007-03-07 16:30:00.0,Fechamento Interbancário
0.30008,0.30034,2007-03-07 17:33:00.0,Fechamento
0.29745,0.29929,2007-03-08 09:12:00.0,Abertura
0.29881,0.29924,2007-03-08 09:30:00.0,Intermediário
0.29832,0.29875,2007-03-08 10:00:00.0,Intermediário
0.29843,0.29914,2007-03-08 10:30:00.0,Intermediário
0.29767,0.29837,2007-03-08 11:00:00.0,Intermediário
0.29743,0.29801,2007-03-08 11:30:00.0,Intermediário
0.29716,0.29786,2007-03-08 12:00:00.0,Intermediário
0.29631,0.29701,2007-03-08 12:30:00.0,Intermediário
0.2968,0.29718,2007-03-08 13:00:00.0,Intermediário
0.29687,0.29749,2007-03-08 13:30:00.0,Intermediário
0.29691,0.29761,2007-03-08 14:00:00.0,Intermediário
0.29716,0.29748,2007-03-08 14:30:00.0,Intermediário
0.29746,0.29788,2007-03-08 15:00:00.0,Intermediário
0.29687,0.29738,2007-03-08 15:30:00.0,Intermediário
0.2969,0.29746,2007-03-08 16:00:00.0,Intermediário
0.29719,0.29775,2007-03-08 16:30:00.0,Fechamento Interbancário
0.29699,0.29752,2007-03-08 17:42:00.0,Fechamento
0.29671,0.29851,2007-03-09 09:11:00.0,Abertura
0.29748,0.29813,2007-03-09 09:30:00.0,Intermediário
0.29776,0.29809,2007-03-09 10:00:00.0,Intermediário
0.29715,0.29757,2007-03-09 10:30:00.0,Intermediário
0.29535,0.29569,2007-03-09 11:00:00.0,Intermediário
0.29531,0.29556,2007-03-09 11:30:00.0,Intermediário
0.29569,0.29608,2007-03-09 12:00:00.0,Intermediário
0.29586,0.29627,2007-03-09 12:30:00.0,Intermediário
0.29573,0.29614,2007-03-09 13:00:00.0,Intermediário
0.29539,0.29609,2007-03-09 13:30:00.0,Intermediário
0.29536,0.29571,2007-03-09 14:00:00.0,Intermediário
0.27817,0.29604,2007-03-09 14:30:00.0,Intermediário
0.29493,0.29529,2007-03-09 15:00:00.0,Intermediário
0.29503,0.29558,2007-03-09 15:30:00.0,Intermediário
0.29554,0.29586,2007-03-09 16:00:00.0,Intermediário
0.29527,0.29579,2007-03-09 16:30:00.0,Fechamento Interbancário
0.2952,0.29569,2007-03-09 17:41:00.0,Fechamento
0.29604,0.2975,2007-03-12 09:23:00.0,Abertura
0.29642,0.29683,2007-03-12 09:30:00.0,Intermediário
0.29662,0.29696,2007-03-12 10:00:00.0,Intermediário
0.29648,0.29702,2007-03-12 10:30:00.0,Intermediário
0.29634,0.29691,2007-03-12 11:00:00.0,Intermediário
0.2962,0.29646,2007-03-12 11:30:00.0,Intermediário
0.29616,0.29686,2007-03-12 12:00:00.0,Intermediário
0.29665,0.29692,2007-03-12 12:30:00.0,Intermediário
0.29681,0.29708,2007-03-12 13:00:00.0,Intermediário
0.29687,0.29714,2007-03-12 13:30:00.0,Intermediário
0.29662,0.29719,2007-03-12 14:00:00.0,Intermediário
0.29688,0.29714,2007-03-12 14:30:00.0,Intermediário
0.29636,0.29677,2007-03-12 15:00:00.0,Intermediário
0.2962,0.29662,2007-03-12 15:30:00.0,Intermediário
0.29606,0.29633,2007-03-12 16:00:00.0,Intermediário
0.29578,0.29649,2007-03-12 16:30:00.0,Fechamento Interbancário
0.29626,0.2968,2007-03-12 17:33:00.0,Fechamento
0.29675,0.2983,2007-03-13 09:25:00.0,Abertura
0.29748,0.29772,2007-03-13 09:30:00.0,Intermediário
0.29746,0.29817,2007-03-13 10:00:00.0,Intermediário
0.29801,0.2983,2007-03-13 10:30:00.0,Intermediário
0.29732,0.29786,2007-03-13 11:00:00.0,Intermediário
0.29684,0.29741,2007-03-13 11:30:00.0,Intermediário
0.29691,0.2976,2007-03-13 12:01:00.0,Intermediário
0.29642,0.29698,2007-03-13 12:31:00.0,Intermediário
0.29685,0.29742,2007-03-13 13:00:00.0,Intermediário
0.29728,0.29757,2007-03-13 13:30:00.0,Intermediário
0.29734,0.29761,2007-03-13 14:00:00.0,Intermediário
0.29727,0.29757,2007-03-13 14:30:00.0,Intermediário
0.29846,0.29883,2007-03-13 15:00:00.0,Intermediário
0.29854,0.29908,2007-03-13 15:30:00.0,Intermediário
0.29889,0.29944,2007-03-13 16:00:00.0,Intermediário
0.29861,0.29917,2007-03-13 16:30:00.0,Fechamento Interbancário
0.29753,0.29807,2007-03-13 17:38:00.0,Fechamento
0.29862,0.30042,2007-03-14 09:21:00.0,Abertura
0.29905,0.29952,2007-03-14 09:30:00.0,Intermediário
0.29803,0.29873,2007-03-14 10:00:00.0,Intermediário
0.29759,0.29815,2007-03-14 10:30:00.0,Intermediário
0.29792,0.29849,2007-03-14 11:00:00.0,Intermediário
0.29839,0.2988,2007-03-14 11:30:00.0,Intermediário
0.29852,0.29942,2007-03-14 12:00:00.0,Intermediário
0.29907,0.29948,2007-03-14 12:30:00.0,Intermediário
0.29904,0.29961,2007-03-14 13:00:00.0,Intermediário
0.29987,0.30028,2007-03-14 13:30:00.0,Intermediário
0.29993,0.30034,2007-03-14 14:00:00.0,Intermediário
0.29975,0.30009,2007-03-14 14:30:00.0,Intermediário
0.29975,0.30038,2007-03-14 15:00:00.0,Intermediário
0.29912,0.29954,2007-03-14 15:30:00.0,Intermediário
0.29869,0.29896,2007-03-14 16:00:00.0,Intermediário
0.29836,0.29892,2007-03-14 16:30:00.0,Fechamento Interbancário
0.2993,0.29984,2007-03-14 17:36:00.0,Fechamento
0.2969,0.29843,2007-03-15 09:18:00.0,Abertura
0.29698,0.29769,2007-03-15 09:30:00.0,Intermediário
0.29783,0.29812,2007-03-15 10:00:00.0,Intermediário
0.29817,0.2986,2007-03-15 10:30:00.0,Intermediário
0.29805,0.29834,2007-03-15 11:00:00.0,Intermediário
0.29783,0.29854,2007-03-15 11:30:00.0,Intermediário
0.29852,0.29893,2007-03-15 12:00:00.0,Intermediário
0.29837,0.29879,2007-03-15 12:30:00.0,Intermediário
0.29858,0.29899,2007-03-15 13:00:00.0,Intermediário
0.29839,0.2991,2007-03-15 13:30:00.0,Intermediário
0.29817,0.29859,2007-03-15 14:00:00.0,Intermediário
0.29837,0.29877,2007-03-15 14:30:00.0,Intermediário
0.29825,0.29879,2007-03-15 15:00:00.0,Intermediário
0.29833,0.29877,2007-03-15 15:30:00.0,Intermediário
0.29816,0.29845,2007-03-15 16:00:00.0,Intermediário
0.29829,0.29889,2007-03-15 16:30:00.0,Fechamento Interbancário
0.29859,0.29917,2007-03-15 17:37:00.0,Fechamento
0.30059,0.30222,2007-03-16 09:12:00.0,Abertura
0.30085,0.30128,2007-03-16 09:30:00.0,Intermediário
0.30004,0.30076,2007-03-16 10:00:00.0,Intermediário
0.29962,0.30002,2007-03-16 10:30:00.0,Intermediário
0.29995,0.30038,2007-03-16 11:00:00.0,Intermediário
0.29949,0.30021,2007-03-16 11:30:00.0,Intermediário
0.29988,0.3006,2007-03-16 12:00:00.0,Intermediário
0.30001,0.30073,2007-03-16 12:30:00.0,Intermediário
0.30016,0.30035,2007-03-16 13:00:00.0,Intermediário
0.29981,0.30053,2007-03-16 13:30:00.0,Intermediário
0.29999,0.3004,2007-03-16 14:12:00.0,Intermediário
0.29995,0.30036,2007-03-16 14:30:00.0,Intermediário
0.30009,0.30053,2007-03-16 15:00:00.0,Intermediário
0.30006,0.30056,2007-03-16 15:30:00.0,Intermediário
0.30005,0.30048,2007-03-16 16:00:00.0,Intermediário
0.29981,0.30041,2007-03-16 16:30:00.0,Fechamento Interbancário
0.29977,0.30019,2007-03-16 17:39:00.0,Fechamento
0.2972,0.29889,2007-03-19 09:18:00.0,Abertura
0.29815,0.29856,2007-03-19 09:30:00.0,Intermediário
0.29769,0.2984,2007-03-19 10:00:00.0,Intermediário
0.29781,0.29824,2007-03-19 10:32:00.0,Intermediário
0.29757,0.29797,2007-03-19 11:00:00.0,Intermediário
0.29765,0.29809,2007-03-19 11:31:00.0,Intermediário
0.29736,0.29793,2007-03-19 12:00:00.0,Intermediário
0.29732,0.29786,2007-03-19 12:44:00.0,Intermediário
0.29731,0.29802,2007-03-19 13:00:00.0,Intermediário
0.29706,0.29752,2007-03-19 13:30:00.0,Intermediário
0.29695,0.29749,2007-03-19 14:00:00.0,Intermediário
0.29667,0.29738,2007-03-19 14:30:00.0,Intermediário
0.29708,0.29763,2007-03-19 15:00:00.0,Intermediário
0.29712,0.29755,2007-03-19 15:30:00.0,Intermediário
0.29706,0.29777,2007-03-19 16:00:00.0,Intermediário
0.29725,0.29768,2007-03-19 16:30:00.0,Fechamento Interbancário
0.29745,0.29771,2007-03-19 17:33:00.0,Fechamento
0.29578,0.29746,2007-03-20 09:13:00.0,Abertura
0.29619,0.29665,2007-03-20 09:30:00.0,Intermediário
0.29622,0.29654,2007-03-20 10:00:00.0,Intermediário
0.29642,0.29713,2007-03-20 10:30:00.0,Intermediário
0.29671,0.29728,2007-03-20 11:00:00.0,Intermediário
0.29668,0.29739,2007-03-20 11:30:00.0,Intermediário
0.29651,0.29722,2007-03-20 12:00:00.0,Intermediário
0.29683,0.29715,2007-03-20 12:30:00.0,Intermediário
0.29687,0.29731,2007-03-20 13:00:00.0,Intermediário
0.29681,0.29727,2007-03-20 13:30:00.0,Intermediário
0.29684,0.29747,2007-03-20 14:00:00.0,Intermediário
0.29661,0.29732,2007-03-20 14:30:00.0,Intermediário
0.29722,0.29768,2007-03-20 15:00:00.0,Intermediário
0.29683,0.2974,2007-03-20 15:30:00.0,Intermediário
0.29717,0.29774,2007-03-20 16:01:00.0,Intermediário
0.29743,0.29774,2007-03-20 16:40:00.0,Fechamento Interbancário
0.29736,0.29764,2007-03-20 17:38:00.0,Fechamento
0.29618,0.29778,2007-03-21 09:26:00.0,Abertura
0.29631,0.29702,2007-03-21 09:30:00.0,Intermediário
0.29631,0.29662,2007-03-21 10:00:00.0,Intermediário
0.29593,0.2962,2007-03-21 10:30:00.0,Intermediário
0.29576,0.29647,2007-03-21 11:00:00.0,Intermediário
0.29592,0.29657,2007-03-21 11:30:00.0,Intermediário
0.2962,0.29666,2007-03-21 12:00:00.0,Intermediário
0.296,0.29657,2007-03-21 12:30:00.0,Intermediário
0.29618,0.29651,2007-03-21 13:00:00.0,Intermediário
0.29635,0.29679,2007-03-21 13:30:00.0,Intermediário
0.29609,0.29655,2007-03-21 14:00:00.0,Intermediário
0.29624,0.29657,2007-03-21 14:30:00.0,Intermediário
0.29596,0.29629,2007-03-21 15:00:00.0,Intermediário
0.29665,0.29703,2007-03-21 15:30:00.0,Intermediário
0.29608,0.29654,2007-03-21 16:00:00.0,Intermediário
0.29622,0.29651,2007-03-21 16:30:00.0,Fechamento Interbancário
0.29734,0.2976,2007-03-21 17:33:00.0,Fechamento
0.29384,0.29539,2007-03-22 09:12:00.0,Abertura
0.29487,0.29559,2007-03-22 09:30:00.0,Intermediário
0.29476,0.29518,2007-03-22 10:00:00.0,Intermediário
0.29541,0.29612,2007-03-22 10:30:00.0,Intermediário
0.29617,0.29647,2007-03-22 11:00:00.0,Intermediário
0.29606,0.29654,2007-03-22 11:30:00.0,Intermediário
0.29621,0.29649,2007-03-22 12:00:00.0,Intermediário
0.29535,0.29562,2007-03-22 12:30:00.0,Intermediário
0.29515,0.29547,2007-03-22 13:00:00.0,Intermediário
0.2949,0.29538,2007-03-22 13:30:00.0,Intermediário
0.29439,0.29483,2007-03-22 14:00:00.0,Intermediário
0.29407,0.29453,2007-03-22 14:30:00.0,Intermediário
0.29497,0.29524,2007-03-22 15:00:00.0,Intermediário
0.2948,0.29551,2007-03-22 15:30:00.0,Intermediário
0.29489,0.2956,2007-03-22 16:00:00.0,Intermediário
0.29511,0.29544,2007-03-22 16:30:00.0,Fechamento Interbancário
0.29517,0.29533,2007-03-22 17:35:00.0,Fechamento
0.29375,0.2956,2007-03-23 09:21:00.0,Abertura
0.29455,0.29497,2007-03-23 09:30:00.0,Intermediário
0.29562,0.29619,2007-03-23 10:00:00.0,Intermediário
0.29517,0.29588,2007-03-23 10:30:00.0,Intermediário
0.29521,0.29567,2007-03-23 11:00:00.0,Intermediário
0.29498,0.29569,2007-03-23 11:30:00.0,Intermediário
0.29546,0.29577,2007-03-23 12:00:00.0,Intermediário
0.2956,0.29631,2007-03-23 12:30:00.0,Intermediário
0.29573,0.29603,2007-03-23 13:00:00.0,Intermediário
0.29565,0.29604,2007-03-23 13:30:00.0,Intermediário
0.29543,0.29589,2007-03-23 14:00:00.0,Intermediário
0.29524,0.29556,2007-03-23 14:30:00.0,Intermediário
0.2949,0.29547,2007-03-23 15:00:00.0,Intermediário
0.29516,0.29556,2007-03-23 15:30:00.0,Intermediário
0.2941,0.29472,2007-03-23 16:00:00.0,Intermediário
0.29403,0.29459,2007-03-23 16:30:00.0,Fechamento Interbancário
0.29466,0.29519,2007-03-23 17:38:00.0,Fechamento
0.29256,0.29419,2007-03-26 09:27:00.0,Abertura
0.29283,0.2933,2007-03-26 09:33:00.0,Intermediário
0.29333,0.29372,2007-03-26 10:00:00.0,Intermediário
0.29326,0.29396,2007-03-26 10:30:00.0,Intermediário
0.29357,0.29478,2007-03-26 11:00:00.0,Intermediário
0.29542,0.29599,2007-03-26 11:30:00.0,Intermediário
0.29501,0.29572,2007-03-26 12:00:00.0,Intermediário
0.29499,0.29555,2007-03-26 12:30:00.0,Intermediário
0.29509,0.29542,2007-03-26 13:00:00.0,Intermediário
0.29514,0.29587,2007-03-26 13:37:00.0,Intermediário
0.29483,0.29554,2007-03-26 14:00:00.0,Intermediário
0.29504,0.29569,2007-03-26 14:30:00.0,Intermediário
0.29491,0.2951,2007-03-26 15:01:00.0,Intermediário
0.29502,0.29549,2007-03-26 15:31:00.0,Intermediário
0.29474,0.29545,2007-03-26 16:11:00.0,Intermediário
0.29509,0.29565,2007-03-26 16:30:00.0,Fechamento Interbancário
0.29499,0.29552,2007-03-26 17:34:00.0,Fechamento
0.29471,0.29627,2007-03-27 09:24:00.0,Abertura
0.29495,0.29551,2007-03-27 09:30:00.0,Intermediário
0.29534,0.29579,2007-03-27 10:00:00.0,Intermediário
0.29482,0.29539,2007-03-27 10:30:00.0,Intermediário
0.29554,0.29585,2007-03-27 11:00:00.0,Intermediário
0.29541,0.29598,2007-03-27 11:30:00.0,Intermediário
0.29497,0.2952,2007-03-27 12:00:00.0,Intermediário
0.2956,0.29587,2007-03-27 12:30:00.0,Intermediário
0.29507,0.29563,2007-03-27 13:00:00.0,Intermediário
0.29514,0.29546,2007-03-27 13:30:00.0,Intermediário
0.29478,0.29549,2007-03-27 14:00:00.0,Intermediário
0.29517,0.29544,2007-03-27 14:35:00.0,Intermediário
0.29513,0.29547,2007-03-27 15:00:00.0,Intermediário
0.29491,0.29547,2007-03-27 15:30:00.0,Intermediário
0.29535,0.29592,2007-03-27 16:00:00.0,Intermediário
0.2951,0.29565,2007-03-27 16:30:00.0,Fechamento Interbancário
0.29508,0.2956,2007-03-27 17:43:00.0,Fechamento
0.29563,0.29719,2007-03-28 20:59:00.0,Abertura
0.29463,0.29497,2007-03-28 21:21:00.0,Fechamento
0.29335,0.2952,2007-03-29 09:21:00.0,Abertura
0.29354,0.2941,2007-03-29 09:30:00.0,Intermediário
0.29362,0.29404,2007-03-29 10:00:00.0,Intermediário
0.29333,0.29389,2007-03-29 10:30:00.0,Intermediário
0.29353,0.29409,2007-03-29 11:00:00.0,Intermediário
0.29338,0.29394,2007-03-29 11:30:00.0,Intermediário
0.29372,0.29428,2007-03-29 12:02:00.0,Intermediário
0.29313,0.29345,2007-03-29 12:30:00.0,Intermediário
0.29353,0.29403,2007-03-29 13:00:00.0,Intermediário
0.29372,0.29412,2007-03-29 13:30:00.0,Intermediário
0.29367,0.29394,2007-03-29 14:00:00.0,Intermediário
0.29344,0.29414,2007-03-29 14:30:00.0,Intermediário
0.29368,0.29387,2007-03-29 15:00:00.0,Intermediário
0.29316,0.29342,2007-03-29 15:31:00.0,Intermediário
0.29192,0.29262,2007-03-29 16:00:00.0,Intermediário
0.29197,0.29253,2007-03-29 16:31:00.0,Fechamento Interbancário
0.2935,0.29403,2007-03-29 17:35:00.0,Fechamento
0.28922,0.29105,2007-03-30 09:21:00.0,Abertura
0.28985,0.29027,2007-03-30 09:30:00.0,Intermediário
0.29027,0.29098,2007-03-30 10:00:00.0,Intermediário
0.29105,0.29175,2007-03-30 10:30:00.0,Intermediário
0.29062,0.29106,2007-03-30 11:00:00.0,Intermediário
0.29063,0.29119,2007-03-30 11:30:00.0,Intermediário
0.29121,0.29191,2007-03-30 12:00:00.0,Intermediário
0.29374,0.29418,2007-03-30 12:30:00.0,Intermediário
0.29476,0.29503,2007-03-30 13:00:00.0,Intermediário
0.29445,0.29501,2007-03-30 13:30:00.0,Intermediário
0.29466,0.29481,2007-03-30 14:00:00.0,Intermediário
0.29441,0.29478,2007-03-30 14:30:00.0,Intermediário
0.29475,0.29502,2007-03-30 15:00:00.0,Intermediário
0.29463,0.29504,2007-03-30 15:30:00.0,Intermediário
0.29465,0.29521,2007-03-30 16:00:00.0,Intermediário
0.29463,0.29517,2007-03-30 16:30:00.0,Fechamento Interbancário
0.29328,0.2938,2007-03-30 17:38:00.0,Fechamento
0.2924,0.29398,2007-04-02 09:24:00.0,Abertura
0.29311,0.29346,2007-04-02 09:30:00.0,Intermediário
0.29273,0.29311,2007-04-02 10:00:00.0,Intermediário
0.29261,0.29318,2007-04-02 10:30:00.0,Intermediário
0.29253,0.29295,2007-04-02 11:00:00.0,Intermediário
0.29265,0.29321,2007-04-02 11:30:00.0,Intermediário
0.29255,0.29298,2007-04-02 12:00:00.0,Intermediário
0.29197,0.29229,2007-04-02 12:30:00.0,Intermediário
0.29181,0.29235,2007-04-02 13:00:00.0,Intermediário
0.29213,0.29259,2007-04-02 13:30:00.0,Intermediário
0.29191,0.29247,2007-04-02 14:00:00.0,Intermediário
0.29197,0.29226,2007-04-02 14:30:00.0,Intermediário
0.29114,0.2917,2007-04-02 15:00:00.0,Intermediário
0.29141,0.29212,2007-04-02 15:30:00.0,Intermediário
0.2917,0.29203,2007-04-02 16:00:00.0,Intermediário
0.29151,0.29207,2007-04-02 16:30:00.0,Fechamento Interbancário
0.29151,0.29204,2007-04-02 17:34:00.0,Fechamento
0.29035,0.29181,2007-04-03 09:19:00.0,Abertura
0.29079,0.29149,2007-04-03 09:30:00.0,Intermediário
0.29099,0.29151,2007-04-03 10:00:00.0,Intermediário
0.29109,0.29165,2007-04-03 10:30:00.0,Intermediário
0.29056,0.29126,2007-04-03 11:00:00.0,Intermediário
0.29095,0.29126,2007-04-03 11:30:00.0,Intermediário
0.29095,0.29126,2007-04-03 12:00:00.0,Intermediário
0.29056,0.29126,2007-04-03 12:30:00.0,Intermediário
0.2906,0.29101,2007-04-03 13:00:00.0,Intermediário
0.29052,0.29093,2007-04-03 13:30:00.0,Intermediário
0.29041,0.29095,2007-04-03 14:00:00.0,Intermediário
0.29042,0.29081,2007-04-03 14:30:00.0,Intermediário
0.28997,0.29015,2007-04-03 15:00:00.0,Intermediário
0.29006,0.29039,2007-04-03 15:30:00.0,Intermediário
0.28985,0.29027,2007-04-03 16:00:00.0,Intermediário
0.28989,0.29023,2007-04-03 16:30:00.0,Fechamento Interbancário
0.28995,0.29025,2007-04-03 17:36:00.0,Fechamento
0.29016,0.29186,2007-04-04 09:17:00.0,Abertura
0.29117,0.29175,2007-04-04 09:30:00.0,Intermediário
0.29122,0.29163,2007-04-04 10:00:00.0,Intermediário
0.29132,0.29147,2007-04-04 10:30:00.0,Intermediário
0.2919,0.29219,2007-04-04 11:00:00.0,Intermediário
0.29164,0.29229,2007-04-04 11:30:00.0,Intermediário
0.29197,0.2924,2007-04-04 12:00:00.0,Intermediário
0.29179,0.29236,2007-04-04 12:30:00.0,Intermediário
0.29144,0.29229,2007-04-04 13:00:00.0,Intermediário
0.29175,0.29208,2007-04-04 13:30:00.0,Intermediário
0.29195,0.29236,2007-04-04 14:00:00.0,Intermediário
0.29161,0.29194,2007-04-04 14:37:00.0,Intermediário
0.2913,0.29186,2007-04-04 15:00:00.0,Intermediário
0.29176,0.29209,2007-04-04 15:35:00.0,Intermediário
0.29198,0.2924,2007-04-04 16:00:00.0,Intermediário
0.29174,0.29245,2007-04-04 16:30:00.0,Fechamento Interbancário
0.29164,0.29217,2007-04-04 17:47:00.0,Fechamento
0.29324,0.29481,2007-04-05 09:24:00.0,Abertura
0.29419,0.2945,2007-04-05 09:30:00.0,Intermediário
0.29409,0.29433,2007-04-05 10:00:00.0,Intermediário
0.29449,0.29481,2007-04-05 10:30:00.0,Intermediário
0.29467,0.29511,2007-04-05 11:00:00.0,Intermediário
0.29418,0.2949,2007-04-05 11:30:00.0,Intermediário
0.29422,0.29448,2007-04-05 12:00:00.0,Intermediário
0.29414,0.29456,2007-04-05 12:30:00.0,Intermediário
0.29375,0.29417,2007-04-05 13:00:00.0,Intermediário
0.29349,0.29421,2007-04-05 13:30:00.0,Intermediário
0.29338,0.2941,2007-04-05 14:00:00.0,Intermediário
0.29352,0.29423,2007-04-05 14:30:00.0,Intermediário
0.29384,0.2943,2007-04-05 15:00:00.0,Intermediário
0.29374,0.29405,2007-04-05 15:30:00.0,Intermediário
0.29357,0.29414,2007-04-05 16:00:00.0,Intermediário
0.29359,0.29416,2007-04-05 16:30:00.0,Fechamento Interbancário
0.29381,0.29435,2007-04-05 17:35:00.0,Fechamento
0.29104,0.2929,2007-04-09 09:22:00.0,Abertura
0.2916,0.29205,2007-04-09 09:30:00.0,Intermediário
0.29102,0.29173,2007-04-09 10:00:00.0,Intermediário
0.29124,0.29155,2007-04-09 10:30:00.0,Intermediário
0.29115,0.29171,2007-04-09 11:03:00.0,Intermediário
0.29141,0.29181,2007-04-09 11:33:00.0,Intermediário
0.29089,0.29121,2007-04-09 12:00:00.0,Intermediário
0.29048,0.29104,2007-04-09 12:30:00.0,Intermediário
0.29085,0.29131,2007-04-09 13:00:00.0,Intermediário
0.29067,0.29121,2007-04-09 13:30:00.0,Intermediário
0.29039,0.29085,2007-04-09 14:00:00.0,Intermediário
0.29018,0.29089,2007-04-09 14:30:00.0,Intermediário
0.2906,0.29102,2007-04-09 15:01:00.0,Intermediário
0.29083,0.29128,2007-04-09 15:31:00.0,Intermediário
0.29095,0.29149,2007-04-09 16:00:00.0,Intermediário
0.29124,0.29174,2007-04-09 16:30:00.0,Fechamento Interbancário
0.29121,0.29169,2007-04-09 17:40:00.0,Fechamento
0.29285,0.29472,2007-04-10 09:20:00.0,Abertura
0.29336,0.29377,2007-04-10 09:30:00.0,Intermediário
0.29371,0.29398,2007-04-10 10:00:00.0,Intermediário
0.29396,0.29424,2007-04-10 10:30:00.0,Intermediário
0.29391,0.29422,2007-04-10 11:00:00.0,Intermediário
0.29366,0.29408,2007-04-10 11:30:00.0,Intermediário
0.29358,0.29404,2007-04-10 12:00:00.0,Intermediário
0.29398,0.29455,2007-04-10 12:30:00.0,Intermediário
0.29429,0.29448,2007-04-10 13:00:00.0,Intermediário
0.29436,0.29468,2007-04-10 13:30:00.0,Intermediário
0.29443,0.29462,2007-04-10 14:00:00.0,Intermediário
0.29328,0.29376,2007-04-10 14:30:00.0,Intermediário
0.29341,0.29389,2007-04-10 15:00:00.0,Intermediário
0.2933,0.29402,2007-04-10 15:30:00.0,Intermediário
0.29365,0.29397,2007-04-10 16:00:00.0,Intermediário
0.29373,0.29404,2007-04-10 16:30:00.0,Fechamento Interbancário
0.29378,0.29407,2007-04-10 17:40:00.0,Fechamento
0.29348,0.29511,2007-04-11 20:42:00.0,Abertura
0.29467,0.29496,2007-04-11 21:15:00.0,Fechamento
0.29564,0.29714,2007-04-12 17:51:00.0,Abertura
0.29614,0.29643,2007-04-12 18:29:00.0,Fechamento
0.29577,0.29732,2007-04-13 09:16:00.0,Abertura
0.29599,0.29692,2007-04-13 09:30:00.0,Intermediário
0.2957,0.29607,2007-04-13 10:00:00.0,Intermediário
0.29491,0.29555,2007-04-13 10:30:00.0,Intermediário
0.29556,0.29585,2007-04-13 11:00:00.0,Intermediário
0.29573,0.29602,2007-04-13 11:30:00.0,Intermediário
0.29438,0.29482,2007-04-13 12:00:00.0,Intermediário
0.29421,0.29465,2007-04-13 12:30:00.0,Intermediário
0.29344,0.29416,2007-04-13 13:00:00.0,Intermediário
0.29387,0.29418,2007-04-13 13:30:00.0,Intermediário
0.29393,0.29426,2007-04-13 14:00:00.0,Intermediário
0.29346,0.29418,2007-04-13 14:30:00.0,Intermediário
0.29374,0.29455,2007-04-13 15:00:00.0,Intermediário
0.29422,0.29494,2007-04-13 15:30:00.0,Intermediário
0.29416,0.29471,2007-04-13 16:00:00.0,Intermediário
0.2941,0.2945,2007-04-13 16:30:00.0,Fechamento Interbancário
0.29429,0.29466,2007-04-13 17:44:00.0,Fechamento
0.29775,0.29966,2007-04-16 09:21:00.0,Abertura
0.29849,0.29889,2007-04-16 09:30:00.0,Intermediário
0.29814,0.29859,2007-04-16 10:00:00.0,Intermediário
0.29801,0.29848,2007-04-16 10:30:00.0,Intermediário
0.29805,0.29831,2007-04-16 11:00:00.0,Intermediário
0.29832,0.29853,2007-04-16 11:30:00.0,Intermediário
0.29815,0.29858,2007-04-16 12:00:00.0,Intermediário
0.29865,0.29891,2007-04-16 12:30:00.0,Intermediário
0.2984,0.29885,2007-04-16 13:00:00.0,Intermediário
0.29854,0.2988,2007-04-16 13:30:00.0,Intermediário
0.29865,0.29884,2007-04-16 14:00:00.0,Intermediário
0.29862,0.29894,2007-04-16 14:30:00.0,Intermediário
0.29886,0.2992,2007-04-16 15:00:00.0,Intermediário
0.29863,0.29936,2007-04-16 15:30:00.0,Intermediário
0.29889,0.29934,2007-04-16 16:00:00.0,Intermediário
0.29896,0.29955,2007-04-16 16:30:00.0,Fechamento Interbancário
0.29855,0.29911,2007-04-16 17:35:00.0,Fechamento
0.29831,0.30004,2007-04-17 20:57:00.0,Abertura
0.2998,0.30032,2007-04-17 21:19:00.0,Fechamento
0.29976,0.30138,2007-04-18 21:34:00.0,Abertura
0.30058,0.30108,2007-04-18 22:00:00.0,Fechamento
0.2998,0.3014,2007-04-19 20:48:00.0,Abertura
0.29998,0.30055,2007-04-19 21:54:00.0,Fechamento
0.29852,0.30012,2007-04-20 09:16:00.0,Abertura
0.29902,0.2995,2007-04-20 09:30:00.0,Intermediário
0.29869,0.2991,2007-04-20 10:00:00.0,Intermediário
0.29761,0.29804,2007-04-20 10:30:00.0,Intermediário
0.29899,0.29955,2007-04-20 11:00:00.0,Intermediário
0.29941,0.29984,2007-04-20 11:30:00.0,Intermediário
0.29934,0.29981,2007-04-20 12:00:00.0,Intermediário
0.29951,0.3001,2007-04-20 12:30:00.0,Intermediário
0.29944,0.29988,2007-04-20 13:00:00.0,Intermediário
0.29956,0.30012,2007-04-20 13:30:00.0,Intermediário
0.29954,0.30004,2007-04-20 14:00:00.0,Intermediário
0.29952,0.29995,2007-04-20 14:30:00.0,Intermediário
0.29955,0.30024,2007-04-20 15:00:00.0,Intermediário
0.2995,0.30024,2007-04-20 15:30:00.0,Intermediário
0.29932,0.29991,2007-04-20 16:00:00.0,Intermediário
0.29946,0.29976,2007-04-20 16:30:00.0,Fechamento Interbancário
0.29937,0.29965,2007-04-20 17:34:00.0,Fechamento
0.29793,0.29958,2007-04-23 09:12:00.0,Abertura
0.29847,0.29894,2007-04-23 09:30:00.0,Intermediário
0.29858,0.29905,2007-04-23 10:00:00.0,Intermediário
0.29836,0.29879,2007-04-23 10:30:00.0,Intermediário
0.29818,0.29861,2007-04-23 11:00:00.0,Intermediário
0.298,0.29859,2007-04-23 11:30:00.0,Intermediário
0.29813,0.29872,2007-04-23 12:00:00.0,Intermediário
0.2979,0.29863,2007-04-23 12:30:00.0,Intermediário
0.29858,0.29931,2007-04-23 13:00:00.0,Intermediário
0.29855,0.29899,2007-04-23 13:30:00.0,Intermediário
0.29829,0.29902,2007-04-23 14:00:00.0,Intermediário
0.29858,0.29905,2007-04-23 14:30:00.0,Intermediário
0.29998,0.30031,2007-04-23 15:00:00.0,Intermediário
0.29971,0.3003,2007-04-23 15:30:00.0,Intermediário
0.30041,0.30072,2007-04-23 16:00:00.0,Intermediário
0.30053,0.30094,2007-04-23 16:30:00.0,Fechamento Interbancário
0.29938,0.29976,2007-04-23 17:34:00.0,Fechamento
0.30017,0.30209,2007-04-24 09:10:00.0,Abertura
0.30038,0.30081,2007-04-24 09:30:00.0,Intermediário
0.30055,0.30088,2007-04-24 10:00:00.0,Intermediário
0.30086,0.30133,2007-04-24 10:30:00.0,Intermediário
0.3013,0.30178,2007-04-24 11:00:00.0,Intermediário
0.30176,0.3021,2007-04-24 11:30:00.0,Intermediário
0.30164,0.30211,2007-04-24 12:00:00.0,Intermediário
0.30171,0.30205,2007-04-24 12:30:00.0,Intermediário
0.30135,0.30178,2007-04-24 13:00:00.0,Intermediário
0.30144,0.30172,2007-04-24 13:30:00.0,Intermediário
0.30133,0.30174,2007-04-24 14:00:00.0,Intermediário
0.30165,0.30198,2007-04-24 14:30:00.0,Intermediário
0.30128,0.30177,2007-04-24 15:00:00.0,Intermediário
0.3012,0.3015,2007-04-24 15:30:00.0,Intermediário
0.30119,0.30176,2007-04-24 16:00:00.0,Intermediário
0.30137,0.30156,2007-04-24 16:30:00.0,Fechamento Interbancário
0.30192,0.30208,2007-04-24 17:38:00.0,Fechamento
0.3012,0.30273,2007-04-25 21:13:00.0,Abertura
0.30054,0.30111,2007-04-25 21:33:00.0,Fechamento
0.29977,0.3013,2007-04-26 09:36:00.0,Abertura
0.29988,0.30063,2007-04-26 09:37:00.0,Intermediário
0.30057,0.30105,2007-04-26 10:00:00.0,Intermediário
0.30013,0.3006,2007-04-26 10:30:00.0,Intermediário
0.30073,0.30118,2007-04-26 11:00:00.0,Intermediário
0.30056,0.30103,2007-04-26 11:30:00.0,Intermediário
0.30043,0.3009,2007-04-26 12:00:00.0,Intermediário
0.30043,0.30086,2007-04-26 12:30:00.0,Intermediário
0.30022,0.30041,2007-04-26 13:00:00.0,Intermediário
0.30005,0.30047,2007-04-26 13:30:00.0,Intermediário
0.30004,0.30046,2007-04-26 14:00:00.0,Intermediário
0.30048,0.30107,2007-04-26 14:30:00.0,Intermediário
0.30064,0.30108,2007-04-26 15:00:00.0,Intermediário
0.30048,0.30108,2007-04-26 15:30:00.0,Intermediário
0.30035,0.30109,2007-04-26 16:00:00.0,Intermediário
0.30066,0.30131,2007-04-26 16:30:00.0,Fechamento Interbancário
0.30057,0.30104,2007-04-26 17:35:00.0,Fechamento
0.30282,0.30446,2007-04-27 09:12:00.0,Abertura
0.30332,0.30375,2007-04-27 09:30:00.0,Intermediário
0.30356,0.30431,2007-04-27 10:00:00.0,Intermediário
0.30321,0.30396,2007-04-27 10:30:00.0,Intermediário
0.3034,0.30388,2007-04-27 11:00:00.0,Intermediário
0.30348,0.30408,2007-04-27 11:30:00.0,Intermediário
0.30368,0.30414,2007-04-27 12:00:00.0,Intermediário
0.30361,0.30395,2007-04-27 12:30:00.0,Intermediário
0.30252,0.30295,2007-04-27 13:00:00.0,Intermediário
0.30223,0.30285,2007-04-27 13:30:00.0,Intermediário
0.30239,0.30286,2007-04-27 14:00:00.0,Intermediário
0.3022,0.30277,2007-04-27 14:30:00.0,Intermediário
0.30266,0.30323,2007-04-27 15:00:00.0,Intermediário
0.30255,0.30315,2007-04-27 15:30:00.0,Intermediário
0.30325,0.30355,2007-04-27 16:00:00.0,Intermediário
0.30308,0.30377,2007-04-27 16:30:00.0,Fechamento Interbancário
0.30313,0.30379,2007-04-27 17:32:00.0,Fechamento
0.30147,0.3034,2007-04-30 09:16:00.0,Abertura
0.3025,0.30293,2007-04-30 09:30:00.0,Intermediário
0.30233,0.30276,2007-04-30 10:00:00.0,Intermediário
0.30223,0.30283,2007-04-30 10:30:00.0,Intermediário
0.30284,0.30317,2007-04-30 11:00:00.0,Intermediário
0.30271,0.30331,2007-04-30 11:30:00.0,Intermediário
0.30288,0.30321,2007-04-30 12:00:00.0,Intermediário
0.30311,0.30371,2007-04-30 12:30:00.0,Intermediário
0.30277,0.30352,2007-04-30 13:00:00.0,Intermediário
0.30312,0.30369,2007-04-30 13:30:00.0,Intermediário
0.30325,0.30359,2007-04-30 14:00:00.0,Intermediário
0.30365,0.30422,2007-04-30 14:30:00.0,Intermediário
0.30295,0.30348,2007-04-30 15:00:00.0,Intermediário
0.30339,0.304,2007-04-30 15:30:00.0,Intermediário
0.30375,0.30404,2007-04-30 16:00:00.0,Intermediário
0.30375,0.30417,2007-04-30 16:30:00.0,Fechamento Interbancário
0.30346,0.30385,2007-04-30 17:38:00.0,Fechamento
0.30021,0.30183,2007-05-02 09:22:00.0,Abertura
0.30063,0.30107,2007-05-02 09:30:00.0,Intermediário
0.30144,0.3017,2007-05-02 10:00:00.0,Intermediário
0.30152,0.30199,2007-05-02 10:30:00.0,Intermediário
0.30126,0.30165,2007-05-02 11:00:00.0,Intermediário
0.30164,0.30239,2007-05-02 11:30:00.0,Intermediário
0.3015,0.30198,2007-05-02 12:00:00.0,Intermediário
0.30178,0.30226,2007-05-02 12:30:00.0,Intermediário
0.30189,0.30232,2007-05-02 13:00:00.0,Intermediário
0.3019,0.30233,2007-05-02 13:30:00.0,Intermediário
0.30189,0.30232,2007-05-02 14:00:00.0,Intermediário
0.30159,0.30202,2007-05-02 14:30:00.0,Intermediário
0.30141,0.30189,2007-05-02 15:00:00.0,Intermediário
0.30101,0.30149,2007-05-02 15:30:00.0,Intermediário
0.30101,0.30167,2007-05-02 16:01:00.0,Intermediário
0.30082,0.30138,2007-05-02 16:30:00.0,Fechamento Interbancário
0.30141,0.3018,2007-05-02 17:37:00.0,Fechamento
0.29878,0.30071,2007-05-03 09:28:00.0,Abertura
0.29978,0.30021,2007-05-03 09:30:00.0,Intermediário
0.29863,0.29937,2007-05-03 10:00:00.0,Intermediário
0.29831,0.29877,2007-05-03 10:30:00.0,Intermediário
0.29806,0.2988,2007-05-03 11:00:00.0,Intermediário
0.29822,0.29856,2007-05-03 11:30:00.0,Intermediário
0.29977,0.30051,2007-05-03 12:00:00.0,Intermediário
0.29963,0.30006,2007-05-03 12:30:00.0,Intermediário
0.29968,0.30011,2007-05-03 13:00:00.0,Intermediário
0.29981,0.3003,2007-05-03 13:30:00.0,Intermediário
0.29973,0.30036,2007-05-03 14:00:00.0,Intermediário
0.29951,0.30025,2007-05-03 14:30:00.0,Intermediário
0.29921,0.29995,2007-05-03 15:00:00.0,Intermediário
0.29927,0.29974,2007-05-03 15:30:00.0,Intermediário
0.29911,0.29956,2007-05-03 16:00:00.0,Intermediário
0.29956,0.29997,2007-05-03 16:30:00.0,Fechamento Interbancário
0.29913,0.29951,2007-05-03 21:56:00.0,Fechamento
0.29889,0.30063,2007-05-04 20:16:00.0,Abertura
0.30071,0.30097,2007-05-04 20:45:00.0,Fechamento
0.30141,0.30294,2007-05-07 21:01:00.0,Abertura
0.30022,0.30048,2007-05-07 21:20:00.0,Fechamento
0.29717,0.29909,2007-05-08 21:02:00.0,Abertura
0.29752,0.29786,2007-05-08 21:34:00.0,Fechamento
0.29774,0.29947,2007-05-09 21:09:00.0,Abertura
0.29654,0.29692,2007-05-09 21:40:00.0,Fechamento
0.29651,0.29812,2007-05-10 20:37:00.0,Abertura
0.29523,0.2956,2007-05-10 21:03:00.0,Fechamento
0.29508,0.29695,2007-05-11 20:43:00.0,Abertura
0.29539,0.29594,2007-05-11 21:02:00.0,Fechamento
0.29472,0.29633,2007-05-14 17:39:00.0,Abertura
0.29561,0.29607,2007-05-14 18:03:00.0,Fechamento
0.29427,0.29477,2007-05-15 20:15:00.0,Abertura
0.29404,0.29459,2007-05-15 20:36:00.0,Fechamento
0.29043,0.29234,2007-05-16 21:06:00.0,Abertura
0.28722,0.28754,2007-05-16 21:23:00.0,Fechamento
0.28588,0.28754,2007-05-17 21:09:00.0,Abertura
0.28603,0.28627,2007-05-17 21:50:00.0,Fechamento
0.28635,0.288,2007-05-18 21:49:00.0,Abertura
0.28771,0.28825,2007-05-18 22:04:00.0,Fechamento Interbancário
0.28729,0.28825,2007-05-18 22:13:00.0,Fechamento
0.28439,0.2861,2007-05-21 21:30:00.0,Abertura
0.28321,0.28357,2007-05-21 21:52:00.0,Fechamento
0.28261,0.28412,2007-05-22 21:24:00.0,Abertura
0.28401,0.28426,2007-05-22 22:13:00.0,Fechamento
0.28436,0.28596,2007-05-23 17:25:00.0,Abertura
0.28494,0.28531,2007-05-23 17:46:00.0,Fechamento
0.28594,0.28753,2007-05-24 17:13:00.0,Abertura
0.28662,0.28706,2007-05-24 17:54:00.0,Fechamento
0.28526,0.28698,2007-05-25 17:34:00.0,Abertura
0.28505,0.28541,2007-05-25 17:58:00.0,Fechamento
0.28371,0.28542,2007-05-28 18:02:00.0,Abertura
0.28376,0.28417,2007-05-28 18:20:00.0,Fechamento
0.28306,0.28333,2007-05-29 17:45:00.0,Abertura
0.28187,0.28223,2007-05-29 18:08:00.0,Fechamento
0.2829,0.2831,2007-05-30 17:34:00.0,Abertura
0.28062,0.28078,2007-05-30 18:10:00.0,Fechamento
0.28003,0.28032,2007-05-31 17:43:00.0,Abertura
0.27847,0.27886,2007-05-31 18:19:00.0,Fechamento
0.27498,0.2767,2007-06-01 17:26:00.0,Abertura
0.2747,0.27513,2007-06-01 17:50:00.0,Fechamento
0.27579,0.27629,2007-06-04 17:39:00.0,Abertura
0.27757,0.27801,2007-06-04 18:14:00.0,Fechamento
0.28025,0.28064,2007-06-05 17:40:00.0,Abertura
0.28092,0.28128,2007-06-05 18:09:00.0,Fechamento
0.2824,0.28283,2007-06-06 17:38:00.0,Abertura
0.28375,0.2842,2007-06-06 17:56:00.0,Fechamento
0.28254,0.28273,2007-06-08 17:46:00.0,Abertura
0.28073,0.28117,2007-06-08 18:05:00.0,Fechamento
0.28034,0.28063,2007-06-11 17:47:00.0,Abertura
0.27789,0.27832,2007-06-11 18:09:00.0,Fechamento
0.27604,0.27624,2007-06-12 17:20:00.0,Abertura
0.27478,0.27507,2007-06-12 17:46:00.0,Fechamento
0.27534,0.27561,2007-06-13 17:24:00.0,Abertura
0.27504,0.27519,2007-06-13 17:48:00.0,Fechamento
0.27262,0.27415,2007-06-14 17:24:00.0,Abertura
0.27219,0.27261,2007-06-14 17:55:00.0,Fechamento
0.27058,0.27205,2007-06-15 09:20:00.0,Abertura
0.27089,0.27155,2007-06-15 09:30:00.0,Intermediário
0.27015,0.27058,2007-06-15 10:00:00.0,Intermediário
0.2706,0.27099,2007-06-15 11:12:00.0,Intermediário
0.27042,0.27097,2007-06-15 11:16:00.0,Intermediário
0.27,0.2704,2007-06-15 11:30:00.0,Intermediário
0.27054,0.27097,2007-06-15 12:00:00.0,Intermediário
0.27058,0.27098,2007-06-15 12:30:00.0,Intermediário
0.27087,0.27119,2007-06-15 13:00:00.0,Intermediário
0.27141,0.27182,2007-06-15 13:30:00.0,Intermediário
0.271,0.27158,2007-06-15 14:00:00.0,Intermediário
0.27148,0.27191,2007-06-15 14:30:00.0,Intermediário
0.27056,0.27123,2007-06-15 15:00:00.0,Intermediário
0.27055,0.27106,2007-06-15 15:30:00.0,Intermediário
0.27126,0.27185,2007-06-15 16:00:00.0,Intermediário
0.27144,0.27188,2007-06-15 16:30:00.0,Fechamento Interbancário
0.271,0.27126,2007-06-15 17:35:00.0,Fechamento
0.26992,0.27146,2007-06-18 09:19:00.0,Abertura
0.26989,0.27056,2007-06-18 09:30:00.0,Intermediário
0.26969,0.27021,2007-06-18 10:00:00.0,Intermediário
0.2702,0.27062,2007-06-18 10:33:00.0,Intermediário
0.27038,0.2707,2007-06-18 11:04:00.0,Intermediário
0.27003,0.2707,2007-06-18 11:31:00.0,Intermediário
0.27035,0.2706,2007-06-18 12:01:00.0,Intermediário
0.27013,0.27072,2007-06-18 12:31:00.0,Intermediário
0.27027,0.27067,2007-06-18 13:01:00.0,Intermediário
0.27039,0.27081,2007-06-18 13:31:00.0,Intermediário
0.27076,0.27117,2007-06-18 14:01:00.0,Intermediário
0.27067,0.27107,2007-06-18 14:31:00.0,Intermediário
0.27051,0.27117,2007-06-18 15:01:00.0,Intermediário
0.27032,0.27099,2007-06-18 15:31:00.0,Intermediário
0.27052,0.27119,2007-06-18 16:01:00.0,Intermediário
0.27057,0.27117,2007-06-18 16:31:00.0,Fechamento Interbancário
0.2707,0.27112,2007-06-18 17:35:00.0,Fechamento
0.27116,0.27286,2007-06-19 09:22:00.0,Abertura
0.27173,0.27215,2007-06-19 09:30:00.0,Intermediário
0.27125,0.27187,2007-06-19 10:00:00.0,Intermediário
0.27137,0.27204,2007-06-19 10:30:00.0,Intermediário
0.27141,0.27171,2007-06-19 11:00:00.0,Intermediário
0.27136,0.27159,2007-06-19 11:30:00.0,Intermediário
0.27093,0.27133,2007-06-19 12:00:00.0,Intermediário
0.27108,0.2715,2007-06-19 12:30:00.0,Intermediário
0.27096,0.27136,2007-06-19 13:00:00.0,Intermediário
0.27115,0.27159,2007-06-19 13:30:00.0,Intermediário
0.2712,0.27152,2007-06-19 14:00:00.0,Intermediário
0.27069,0.27098,2007-06-19 14:30:00.0,Intermediário
0.27076,0.2712,2007-06-19 15:00:00.0,Intermediário
0.27094,0.27138,2007-06-19 15:30:00.0,Intermediário
0.27126,0.27169,2007-06-19 16:00:00.0,Intermediário
0.27111,0.27178,2007-06-19 16:30:00.0,Fechamento Interbancário
0.27139,0.27189,2007-06-19 17:33:00.0,Fechamento
0.27339,0.27523,2007-06-20 09:10:00.0,Abertura
0.274,0.27469,2007-06-20 09:30:00.0,Intermediário
0.27522,0.27553,2007-06-20 10:00:00.0,Intermediário
0.27548,0.27595,2007-06-20 10:30:00.0,Intermediário
0.27583,0.27603,2007-06-20 11:00:00.0,Intermediário
0.27623,0.27643,2007-06-20 11:30:00.0,Intermediário
0.27624,0.27667,2007-06-20 12:00:00.0,Intermediário
0.27736,0.27779,2007-06-20 12:30:00.0,Intermediário
0.27767,0.27802,2007-06-20 13:00:00.0,Intermediário
0.27773,0.27842,2007-06-20 13:30:00.0,Intermediário
0.27775,0.2782,2007-06-20 14:00:00.0,Intermediário
0.2776,0.27829,2007-06-20 14:30:00.0,Intermediário
0.27834,0.27862,2007-06-20 15:00:00.0,Intermediário
0.27923,0.27993,2007-06-20 15:30:00.0,Intermediário
0.27928,0.27976,2007-06-20 16:00:00.0,Intermediário
0.27929,0.27957,2007-06-20 16:30:00.0,Fechamento Interbancário
0.27799,0.27824,2007-06-20 17:38:00.0,Fechamento
0.2782,0.27969,2007-06-21 09:17:00.0,Abertura
0.27825,0.2787,2007-06-21 09:30:00.0,Intermediário
0.27745,0.27786,2007-06-21 10:00:00.0,Intermediário
0.2779,0.27835,2007-06-21 10:30:00.0,Intermediário
0.27925,0.27968,2007-06-21 11:00:00.0,Intermediário
0.27828,0.27871,2007-06-21 11:30:00.0,Intermediário
0.27768,0.27797,2007-06-21 12:00:00.0,Intermediário
0.2775,0.27819,2007-06-21 12:30:00.0,Intermediário
0.27757,0.27819,2007-06-21 13:00:00.0,Intermediário
0.27792,0.27861,2007-06-21 13:30:00.0,Intermediário
0.27799,0.27868,2007-06-21 14:00:00.0,Intermediário
0.27821,0.27867,2007-06-21 14:30:00.0,Intermediário
0.27706,0.27775,2007-06-21 15:00:00.0,Intermediário
0.27764,0.27808,2007-06-21 15:30:00.0,Intermediário
0.27793,0.27823,2007-06-21 16:00:00.0,Intermediário
0.27761,0.27804,2007-06-21 16:30:00.0,Fechamento Interbancário
0.27817,0.27844,2007-06-21 17:38:00.0,Fechamento
0.27837,0.27987,2007-06-22 09:19:00.0,Abertura
0.27943,0.27986,2007-06-22 09:30:00.0,Intermediário
0.27958,0.27999,2007-06-22 10:00:00.0,Intermediário
0.28012,0.28055,2007-06-22 10:30:00.0,Intermediário
0.28047,0.28092,2007-06-22 11:00:00.0,Intermediário
0.28011,0.28054,2007-06-22 11:30:00.0,Intermediário
0.27974,0.28019,2007-06-22 12:00:00.0,Intermediário
0.28006,0.28051,2007-06-22 12:30:00.0,Intermediário
0.2794,0.27985,2007-06-22 13:00:00.0,Intermediário
0.27968,0.28012,2007-06-22 13:30:00.0,Intermediário
0.27987,0.28025,2007-06-22 14:00:00.0,Intermediário
0.28019,0.28089,2007-06-22 14:30:00.0,Intermediário
0.28193,0.28264,2007-06-22 15:00:00.0,Intermediário
0.28198,0.28269,2007-06-22 15:30:00.0,Intermediário
0.28242,0.28313,2007-06-22 16:00:00.0,Intermediário
0.28254,0.28308,2007-06-22 16:30:00.0,Fechamento Interbancário
0.28132,0.28168,2007-06-22 17:56:00.0,Fechamento
0.28172,0.28359,2007-06-25 09:06:00.0,Abertura
0.28212,0.28282,2007-06-25 09:30:00.0,Intermediário
0.28267,0.28338,2007-06-25 10:00:00.0,Intermediário
0.28282,0.28319,2007-06-25 10:31:00.0,Intermediário
0.28348,0.28385,2007-06-25 11:00:00.0,Intermediário
0.28245,0.28315,2007-06-25 11:30:00.0,Intermediário
0.28163,0.28207,2007-06-25 12:00:00.0,Intermediário
0.2816,0.28206,2007-06-25 12:30:00.0,Intermediário
0.28189,0.2823,2007-06-25 13:00:00.0,Intermediário
0.28047,0.28117,2007-06-25 13:30:00.0,Intermediário
0.28058,0.28104,2007-06-25 14:00:00.0,Intermediário
0.28081,0.28142,2007-06-25 14:30:00.0,Intermediário
0.28059,0.28129,2007-06-25 15:00:00.0,Intermediário
0.28173,0.28226,2007-06-25 15:30:00.0,Intermediário
0.28362,0.28408,2007-06-25 16:00:00.0,Intermediário
0.28365,0.28419,2007-06-25 16:30:00.0,Fechamento Interbancário
0.28192,0.28228,2007-06-25 18:02:00.0,Fechamento
0.28093,0.2825,2007-06-26 09:16:00.0,Abertura
0.28159,0.28194,2007-06-26 09:30:00.0,Intermediário
0.28215,0.28258,2007-06-26 10:00:00.0,Intermediário
0.28147,0.28189,2007-06-26 10:30:00.0,Intermediário
0.28174,0.28255,2007-06-26 11:00:00.0,Intermediário
0.28271,0.28315,2007-06-26 11:30:00.0,Intermediário
0.28287,0.2833,2007-06-26 12:01:00.0,Intermediário
0.28249,0.28292,2007-06-26 12:30:00.0,Intermediário
0.28179,0.2822,2007-06-26 13:00:00.0,Intermediário
0.28186,0.28231,2007-06-26 13:30:00.0,Intermediário
0.28209,0.28253,2007-06-26 14:00:00.0,Intermediário
0.28212,0.28253,2007-06-26 14:30:00.0,Intermediário
0.28272,0.28342,2007-06-26 15:00:00.0,Intermediário
0.28274,0.28336,2007-06-26 15:30:00.0,Intermediário
0.28326,0.28372,2007-06-26 16:00:00.0,Intermediário
0.283,0.2837,2007-06-26 16:30:00.0,Fechamento Interbancário
0.28242,0.28295,2007-06-26 17:34:00.0,Fechamento
0.28429,0.28599,2007-06-27 09:23:00.0,Abertura
0.28491,0.28562,2007-06-27 09:30:00.0,Intermediário
0.28379,0.28449,2007-06-27 10:00:00.0,Intermediário
0.28397,0.28438,2007-06-27 10:30:00.0,Intermediário
0.28393,0.28415,2007-06-27 11:00:00.0,Intermediário
0.28314,0.28384,2007-06-27 11:30:00.0,Intermediário
0.28261,0.28306,2007-06-27 12:00:00.0,Intermediário
0.28257,0.28298,2007-06-27 12:30:00.0,Intermediário
0.28277,0.28312,2007-06-27 13:00:00.0,Intermediário
0.28263,0.28333,2007-06-27 13:30:00.0,Intermediário
0.28309,0.28354,2007-06-27 14:00:00.0,Intermediário
0.28309,0.28363,2007-06-27 14:30:00.0,Intermediário
0.28306,0.28351,2007-06-27 15:00:00.0,Intermediário
0.28196,0.28266,2007-06-27 15:30:00.0,Intermediário
0.28198,0.28268,2007-06-27 16:01:00.0,Intermediário
0.28195,0.28265,2007-06-27 16:30:00.0,Fechamento Interbancário
0.28298,0.28351,2007-06-27 17:35:00.0,Fechamento
0.28099,0.28254,2007-06-28 09:07:00.0,Abertura
0.28154,0.28194,2007-06-28 09:30:00.0,Intermediário
0.28082,0.28152,2007-06-28 10:00:00.0,Intermediário
0.2809,0.28136,2007-06-28 10:30:00.0,Intermediário
0.28055,0.28099,2007-06-28 11:01:00.0,Intermediário
0.28057,0.28121,2007-06-28 11:30:00.0,Intermediário
0.28087,0.28129,2007-06-28 12:00:00.0,Intermediário
0.28064,0.28135,2007-06-28 12:30:00.0,Intermediário
0.27996,0.28066,2007-06-28 13:00:00.0,Intermediário
0.27993,0.28063,2007-06-28 13:30:00.0,Intermediário
0.28018,0.28059,2007-06-28 14:00:00.0,Intermediário
0.28008,0.28053,2007-06-28 14:30:00.0,Intermediário
0.27969,0.28039,2007-06-28 15:00:00.0,Intermediário
0.27998,0.2804,2007-06-28 15:30:00.0,Intermediário
0.27936,0.2797,2007-06-28 16:00:00.0,Intermediário
0.2788,0.27934,2007-06-28 16:31:00.0,Fechamento Interbancário
0.27965,0.28001,2007-06-28 17:34:00.0,Fechamento
0.28023,0.2821,2007-06-29 09:20:00.0,Abertura
0.28133,0.28167,2007-06-29 09:30:00.0,Intermediário
0.28033,0.28064,2007-06-29 10:00:00.0,Intermediário
0.2802,0.2809,2007-06-29 10:30:00.0,Intermediário
0.28033,0.28077,2007-06-29 11:00:00.0,Intermediário
0.28011,0.28082,2007-06-29 11:30:00.0,Intermediário
0.2806,0.28106,2007-06-29 12:00:00.0,Intermediário
0.28069,0.28104,2007-06-29 12:30:00.0,Intermediário
0.2816,0.28201,2007-06-29 13:00:00.0,Intermediário
0.282,0.28244,2007-06-29 13:30:00.0,Intermediário
0.28196,0.28237,2007-06-29 14:00:00.0,Intermediário
0.28203,0.28248,2007-06-29 14:30:00.0,Intermediário
0.28157,0.28228,2007-06-29 15:00:00.0,Intermediário
0.28206,0.28277,2007-06-29 15:30:00.0,Intermediário
0.28174,0.2822,2007-06-29 16:00:00.0,Intermediário
0.28166,0.2822,2007-06-29 16:30:00.0,Fechamento Interbancário
0.28128,0.28164,2007-06-29 17:35:00.0,Fechamento
0.28167,0.2833,2007-07-02 09:24:00.0,Abertura
0.28181,0.28217,2007-07-02 09:30:00.0,Intermediário
0.28254,0.283,2007-07-02 10:00:00.0,Intermediário
0.28209,0.2828,2007-07-02 10:30:00.0,Intermediário
0.28025,0.28288,2007-07-02 11:00:00.0,Intermediário
0.28196,0.28251,2007-07-02 11:39:00.0,Intermediário
0.28139,0.28183,2007-07-02 12:00:00.0,Intermediário
0.28162,0.28202,2007-07-02 12:30:00.0,Intermediário
0.28154,0.28223,2007-07-02 13:00:00.0,Intermediário
0.28179,0.28225,2007-07-02 13:30:00.0,Intermediário
0.28183,0.28216,2007-07-02 14:00:00.0,Intermediário
0.28163,0.28205,2007-07-02 14:30:00.0,Intermediário
0.28063,0.28134,2007-07-02 15:00:00.0,Intermediário
0.2812,0.2819,2007-07-02 15:30:00.0,Intermediário
0.28158,0.2818,2007-07-02 16:00:00.0,Intermediário
0.28122,0.28193,2007-07-02 16:30:00.0,Fechamento Interbancário
0.28149,0.28202,2007-07-02 17:38:00.0,Fechamento
0.28039,0.28228,2007-07-03 09:12:00.0,Abertura
0.28072,0.28115,2007-07-03 09:30:00.0,Intermediário
0.28136,0.28183,2007-07-03 10:00:00.0,Intermediário
0.28176,0.28218,2007-07-03 10:30:00.0,Intermediário
0.2819,0.28234,2007-07-03 11:01:00.0,Intermediário
0.28162,0.28207,2007-07-03 11:30:00.0,Intermediário
0.28241,0.28296,2007-07-03 12:00:00.0,Intermediário
0.28264,0.28308,2007-07-03 12:30:00.0,Intermediário
0.28254,0.28295,2007-07-03 13:00:00.0,Intermediário
0.28269,0.28341,2007-07-03 13:30:00.0,Intermediário
0.28295,0.2834,2007-07-03 14:00:00.0,Intermediário
0.28279,0.28325,2007-07-03 14:30:00.0,Intermediário
0.28251,0.28323,2007-07-03 15:00:00.0,Intermediário
0.28272,0.28344,2007-07-03 15:40:00.0,Intermediário
0.28195,0.28234,2007-07-03 16:00:00.0,Intermediário
0.28213,0.28276,2007-07-03 16:30:00.0,Fechamento Interbancário
0.28249,0.28294,2007-07-03 17:59:00.0,Fechamento
0.28253,0.28443,2007-07-04 09:18:00.0,Abertura
0.28315,0.28387,2007-07-04 09:30:00.0,Intermediário
0.28375,0.28422,2007-07-04 10:00:00.0,Intermediário
0.2838,0.28422,2007-07-04 10:30:00.0,Intermediário
0.28396,0.28438,2007-07-04 11:00:00.0,Intermediário
0.2842,0.28492,2007-07-04 11:30:00.0,Intermediário
0.28414,0.28459,2007-07-04 12:00:00.0,Intermediário
0.28359,0.28431,2007-07-04 12:30:00.0,Intermediário
0.2837,0.2841,2007-07-04 13:00:00.0,Intermediário
0.28373,0.28413,2007-07-04 13:30:00.0,Intermediário
0.28356,0.28413,2007-07-04 14:00:00.0,Intermediário
0.2834,0.28397,2007-07-04 14:30:00.0,Intermediário
0.28319,0.28366,2007-07-04 15:00:00.0,Intermediário
0.28309,0.28381,2007-07-04 15:30:00.0,Intermediário
0.28347,0.28411,2007-07-04 16:00:00.0,Intermediário
0.28353,0.28416,2007-07-04 16:30:00.0,Fechamento Interbancário
0.28354,0.284,2007-07-04 18:14:00.0,Fechamento
0.2839,0.28572,2007-07-05 09:29:00.0,Abertura
0.28447,0.28492,2007-07-05 09:30:00.0,Intermediário
0.28422,0.2846,2007-07-05 10:00:00.0,Intermediário
0.28435,0.28478,2007-07-05 10:30:00.0,Intermediário
0.28421,0.28461,2007-07-05 11:00:00.0,Intermediário
0.28418,0.28461,2007-07-05 11:30:00.0,Intermediário
0.2839,0.28456,2007-07-05 12:00:00.0,Intermediário
0.28396,0.28451,2007-07-05 12:30:00.0,Intermediário
0.28347,0.28418,2007-07-05 13:00:00.0,Intermediário
0.2838,0.28423,2007-07-05 13:30:00.0,Intermediário
0.28393,0.28426,2007-07-05 14:00:00.0,Intermediário
0.28427,0.28499,2007-07-05 14:30:00.0,Intermediário
0.28443,0.28487,2007-07-05 15:00:00.0,Intermediário
0.28415,0.2847,2007-07-05 15:30:00.0,Intermediário
0.28406,0.28444,2007-07-05 16:00:00.0,Intermediário
0.28402,0.28447,2007-07-05 16:30:00.0,Fechamento Interbancário
0.2843,0.28457,2007-07-05 17:34:00.0,Fechamento
0.28249,0.28401,2007-07-06 09:17:00.0,Abertura
0.28019,0.285,2007-07-06 09:30:00.0,Intermediário
0.28288,0.28335,2007-07-06 10:00:00.0,Intermediário
0.28249,0.28306,2007-07-06 10:30:00.0,Intermediário
0.28245,0.28316,2007-07-06 11:00:00.0,Intermediário
0.28292,0.28331,2007-07-06 11:30:00.0,Intermediário
0.28303,0.28343,2007-07-06 12:00:00.0,Intermediário
0.28267,0.28311,2007-07-06 12:30:00.0,Intermediário
0.28218,0.28261,2007-07-06 13:00:00.0,Intermediário
0.28194,0.28266,2007-07-06 13:30:00.0,Intermediário
0.28195,0.28267,2007-07-06 14:00:00.0,Intermediário
0.2819,0.28236,2007-07-06 14:30:00.0,Intermediário
0.28194,0.28251,2007-07-06 15:00:00.0,Intermediário
0.2818,0.28237,2007-07-06 15:30:00.0,Intermediário
0.28226,0.28282,2007-07-06 16:00:00.0,Intermediário
0.28249,0.28289,2007-07-06 16:30:00.0,Fechamento Interbancário
0.28256,0.28293,2007-07-06 17:39:00.0,Fechamento
0.28194,0.28356,2007-07-09 09:28:00.0,Abertura
0.28227,0.28284,2007-07-09 09:30:00.0,Intermediário
0.28222,0.28262,2007-07-09 10:00:00.0,Intermediário
0.28168,0.28193,2007-07-09 10:30:00.0,Intermediário
0.2816,0.28182,2007-07-09 11:00:00.0,Intermediário
0.28154,0.28173,2007-07-09 11:30:00.0,Intermediário
0.28138,0.28157,2007-07-09 12:00:00.0,Intermediário
0.28137,0.28208,2007-07-09 12:30:00.0,Intermediário
0.28125,0.28196,2007-07-09 13:00:00.0,Intermediário
0.28143,0.28214,2007-07-09 13:30:00.0,Intermediário
0.28141,0.28212,2007-07-09 14:00:00.0,Intermediário
0.28133,0.28205,2007-07-09 14:30:00.0,Intermediário
0.28115,0.28172,2007-07-09 15:00:00.0,Intermediário
0.2811,0.28174,2007-07-09 15:30:00.0,Intermediário
0.28096,0.28134,2007-07-09 16:00:00.0,Intermediário
0.28087,0.28131,2007-07-09 16:30:00.0,Fechamento Interbancário
0.28122,0.28149,2007-07-09 17:35:00.0,Fechamento
0.28255,0.28417,2007-07-10 09:23:00.0,Abertura
0.28288,0.2833,2007-07-10 09:30:00.0,Intermediário
0.28267,0.28338,2007-07-10 10:00:00.0,Intermediário
0.28374,0.28414,2007-07-10 10:30:00.0,Intermediário
0.2844,0.28479,2007-07-10 11:00:00.0,Intermediário
0.28375,0.28448,2007-07-10 11:30:00.0,Intermediário
0.28399,0.28421,2007-07-10 12:00:00.0,Intermediário
0.28332,0.2837,2007-07-10 12:30:00.0,Intermediário
0.28241,0.28283,2007-07-10 13:00:00.0,Intermediário
0.28213,0.28285,2007-07-10 13:30:00.0,Intermediário
0.28205,0.28274,2007-07-10 14:00:00.0,Intermediário
0.28212,0.28284,2007-07-10 14:30:00.0,Intermediário
0.28253,0.28325,2007-07-10 15:00:00.0,Intermediário
0.28267,0.28339,2007-07-10 15:30:00.0,Intermediário
0.2828,0.28314,2007-07-10 16:00:00.0,Intermediário
0.28234,0.28292,2007-07-10 16:30:00.0,Fechamento Interbancário
0.28278,0.28332,2007-07-10 17:58:00.0,Fechamento
0.28526,0.28702,2007-07-11 09:25:00.0,Abertura
0.28548,0.28596,2007-07-11 09:30:00.0,Intermediário
0.28508,0.28551,2007-07-11 10:00:00.0,Intermediário
0.28538,0.28585,2007-07-11 10:30:00.0,Intermediário
0.28508,0.28547,2007-07-11 11:00:00.0,Intermediário
0.28409,0.28482,2007-07-11 11:30:00.0,Intermediário
0.28475,0.28506,2007-07-11 12:00:00.0,Intermediário
0.2837,0.28415,2007-07-11 12:30:00.0,Intermediário
0.2834,0.28382,2007-07-11 13:00:00.0,Intermediário
0.28363,0.28405,2007-07-11 13:30:00.0,Intermediário
0.28342,0.28384,2007-07-11 14:00:00.0,Intermediário
0.28328,0.28375,2007-07-11 14:30:00.0,Intermediário
0.2827,0.28302,2007-07-11 15:00:00.0,Intermediário
0.28276,0.28323,2007-07-11 15:30:00.0,Intermediário
0.28394,0.28414,2007-07-11 16:00:00.0,Intermediário
0.28373,0.28401,2007-07-11 16:30:00.0,Fechamento Interbancário
0.28346,0.28371,2007-07-11 17:32:00.0,Fechamento
0.28264,0.28449,2007-07-12 09:23:00.0,Abertura
0.28328,0.28369,2007-07-12 09:30:00.0,Intermediário
0.28236,0.28274,2007-07-12 10:00:00.0,Intermediário
0.28254,0.28295,2007-07-12 10:30:00.0,Intermediário
0.28196,0.28226,2007-07-12 11:00:00.0,Intermediário
0.28205,0.28262,2007-07-12 11:30:00.0,Intermediário
0.28233,0.28272,2007-07-12 12:00:00.0,Intermediário
0.2822,0.28258,2007-07-12 12:30:00.0,Intermediário
0.28239,0.28276,2007-07-12 13:00:00.0,Intermediário
0.28244,0.28287,2007-07-12 13:30:00.0,Intermediário
0.28217,0.2829,2007-07-12 14:00:00.0,Intermediário
0.28262,0.28309,2007-07-12 14:30:00.0,Intermediário
0.28203,0.28243,2007-07-12 15:00:00.0,Intermediário
0.28263,0.28305,2007-07-12 15:30:00.0,Intermediário
0.28159,0.28232,2007-07-12 16:00:00.0,Intermediário
0.28163,0.28195,2007-07-12 16:30:00.0,Fechamento Interbancário
0.28222,0.28251,2007-07-12 17:38:00.0,Fechamento
0.2802,0.282,2007-07-13 09:11:00.0,Abertura
0.28037,0.28109,2007-07-13 09:30:00.0,Intermediário
0.28158,0.28205,2007-07-13 10:00:00.0,Intermediário
0.28194,0.28239,2007-07-13 10:30:00.0,Intermediário
0.28181,0.28217,2007-07-13 11:00:00.0,Intermediário
0.28142,0.28214,2007-07-13 11:30:00.0,Intermediário
0.28094,0.28134,2007-07-13 12:00:00.0,Intermediário
0.28143,0.28185,2007-07-13 12:30:00.0,Intermediário
0.28176,0.28216,2007-07-13 13:00:00.0,Intermediário
0.2816,0.28233,2007-07-13 13:30:00.0,Intermediário
0.28137,0.28184,2007-07-13 14:00:00.0,Intermediário
0.28122,0.28178,2007-07-13 14:30:00.0,Intermediário
0.28027,0.28071,2007-07-13 15:00:00.0,Intermediário
0.28025,0.28066,2007-07-13 15:30:00.0,Intermediário
0.27935,0.28007,2007-07-13 16:00:00.0,Intermediário
0.27974,0.28017,2007-07-13 16:30:00.0,Fechamento Interbancário
0.28088,0.28113,2007-07-13 17:33:00.0,Fechamento
0.27939,0.28132,2007-07-16 09:15:00.0,Abertura
0.28036,0.28083,2007-07-16 09:30:00.0,Intermediário
0.28048,0.28091,2007-07-16 10:00:00.0,Intermediário
0.28027,0.28085,2007-07-16 10:30:00.0,Intermediário
0.28059,0.28103,2007-07-16 11:00:00.0,Intermediário
0.2803,0.2807,2007-07-16 11:30:00.0,Intermediário
0.28053,0.28078,2007-07-16 12:00:00.0,Intermediário
0.2814,0.28183,2007-07-16 12:30:00.0,Intermediário
0.281,0.28172,2007-07-16 13:00:00.0,Intermediário
0.28101,0.2816,2007-07-16 13:30:00.0,Intermediário
0.28075,0.28148,2007-07-16 14:00:00.0,Intermediário
0.28149,0.2819,2007-07-16 14:30:00.0,Intermediário
0.28125,0.28213,2007-07-16 15:00:00.0,Intermediário
0.28068,0.28102,2007-07-16 15:30:00.0,Intermediário
0.28133,0.28157,2007-07-16 16:00:00.0,Intermediário
0.28126,0.28169,2007-07-16 16:30:00.0,Fechamento Interbancário
0.28035,0.28089,2007-07-16 17:37:00.0,Fechamento
0.27955,0.28113,2007-07-17 09:24:00.0,Abertura
0.27984,0.28029,2007-07-17 09:30:00.0,Intermediário
0.28039,0.28086,2007-07-17 10:00:00.0,Intermediário
0.27991,0.2803,2007-07-17 10:30:00.0,Intermediário
0.27986,0.28018,2007-07-17 11:00:00.0,Intermediário
0.27977,0.28001,2007-07-17 11:30:00.0,Intermediário
0.28016,0.28061,2007-07-17 12:00:00.0,Intermediário
0.28015,0.28072,2007-07-17 12:30:00.0,Intermediário
0.27987,0.28059,2007-07-17 13:00:00.0,Intermediário
0.27974,0.28046,2007-07-17 13:30:00.0,Intermediário
0.28007,0.2804,2007-07-17 14:00:00.0,Intermediário
0.27985,0.28057,2007-07-17 14:30:00.0,Intermediário
0.27961,0.27985,2007-07-17 15:00:00.0,Intermediário
0.27954,0.27986,2007-07-17 15:30:00.0,Intermediário
0.2793,0.28002,2007-07-17 16:00:00.0,Intermediário
0.27932,0.27989,2007-07-17 16:30:00.0,Fechamento Interbancário
0.27967,0.28021,2007-07-17 17:33:00.0,Fechamento
0.27953,0.28116,2007-07-18 09:14:00.0,Abertura
0.27986,0.28064,2007-07-18 09:30:00.0,Intermediário
0.27867,0.27939,2007-07-18 10:00:00.0,Intermediário
0.2788,0.27923,2007-07-18 10:31:00.0,Intermediário
0.27835,0.2789,2007-07-18 11:00:00.0,Intermediário
0.27835,0.2788,2007-07-18 11:30:00.0,Intermediário
0.2793,0.27968,2007-07-18 12:00:00.0,Intermediário
0.27858,0.27915,2007-07-18 12:30:00.0,Intermediário
0.27871,0.27917,2007-07-18 13:00:00.0,Intermediário
0.27887,0.2794,2007-07-18 13:30:00.0,Intermediário
0.27877,0.27918,2007-07-18 14:00:00.0,Intermediário
0.27973,0.28028,2007-07-18 14:30:00.0,Intermediário
0.27903,0.27972,2007-07-18 15:00:00.0,Intermediário
0.27957,0.28004,2007-07-18 15:30:00.0,Intermediário
0.27913,0.2797,2007-07-18 16:00:00.0,Intermediário
0.27918,0.27975,2007-07-18 16:30:00.0,Fechamento Interbancário
0.27934,0.27988,2007-07-18 17:32:00.0,Fechamento
0.27785,0.27953,2007-07-19 09:20:00.0,Abertura
0.27885,0.27932,2007-07-19 09:30:00.0,Intermediário
0.27879,0.27926,2007-07-19 10:00:00.0,Intermediário
0.27853,0.279,2007-07-19 10:30:00.0,Intermediário
0.2786,0.27907,2007-07-19 11:00:00.0,Intermediário
0.27845,0.27917,2007-07-19 11:30:00.0,Intermediário
0.27875,0.27932,2007-07-19 12:00:00.0,Intermediário
0.27826,0.27883,2007-07-19 12:30:00.0,Intermediário
0.27875,0.27918,2007-07-19 13:00:00.0,Intermediário
0.27878,0.27912,2007-07-19 13:30:00.0,Intermediário
0.27891,0.27938,2007-07-19 14:00:00.0,Intermediário
0.2788,0.27952,2007-07-19 14:30:00.0,Intermediário
0.27844,0.27889,2007-07-19 15:00:00.0,Intermediário
0.27869,0.27907,2007-07-19 15:30:00.0,Intermediário
0.27866,0.27921,2007-07-19 16:00:00.0,Intermediário
0.27868,0.27925,2007-07-19 16:30:00.0,Fechamento Interbancário
0.2785,0.27904,2007-07-19 17:35:00.0,Fechamento
0.27941,0.28105,2007-07-20 09:22:00.0,Abertura
0.27943,0.28106,2007-07-20 09:52:00.0,Intermediário
0.27943,0.28015,2007-07-20 10:03:00.0,Intermediário
0.27985,0.28021,2007-07-20 10:35:00.0,Intermediário
0.28017,0.28044,2007-07-20 11:00:00.0,Intermediário
0.28043,0.2808,2007-07-20 11:30:00.0,Intermediário
0.28059,0.28104,2007-07-20 12:00:00.0,Intermediário
0.28032,0.28072,2007-07-20 12:30:00.0,Intermediário
0.2806,0.28103,2007-07-20 13:00:00.0,Intermediário
0.28017,0.28089,2007-07-20 13:30:00.0,Intermediário
0.27979,0.28022,2007-07-20 14:00:00.0,Intermediário
0.28003,0.28046,2007-07-20 14:30:00.0,Intermediário
0.2794,0.28009,2007-07-20 15:00:00.0,Intermediário
0.27958,0.2803,2007-07-20 15:30:00.0,Intermediário
0.27971,0.28017,2007-07-20 16:00:00.0,Intermediário
0.27966,0.28015,2007-07-20 16:30:00.0,Fechamento Interbancário
0.28008,0.28039,2007-07-20 17:34:00.0,Fechamento
0.27786,0.27949,2007-07-23 09:12:00.0,Abertura
0.27868,0.27907,2007-07-23 09:30:00.0,Intermediário
0.27856,0.27894,2007-07-23 10:00:00.0,Intermediário
0.27804,0.27841,2007-07-23 10:30:00.0,Intermediário
0.27763,0.27808,2007-07-23 11:00:00.0,Intermediário
0.27762,0.27806,2007-07-23 11:30:00.0,Intermediário
0.27733,0.27762,2007-07-23 12:00:00.0,Intermediário
0.27636,0.27708,2007-07-23 12:30:00.0,Intermediário
0.27652,0.27712,2007-07-23 13:00:00.0,Intermediário
0.27652,0.27707,2007-07-23 13:30:00.0,Intermediário
0.27658,0.27705,2007-07-23 14:00:00.0,Intermediário
0.27635,0.27707,2007-07-23 14:30:00.0,Intermediário
0.27653,0.27709,2007-07-23 15:00:00.0,Intermediário
0.27675,0.27728,2007-07-23 15:30:00.0,Intermediário
0.27678,0.2772,2007-07-23 16:00:00.0,Intermediário
0.27653,0.2771,2007-07-23 16:30:00.0,Fechamento Interbancário
0.27698,0.27752,2007-07-23 17:36:00.0,Fechamento
0.27662,0.27855,2007-07-24 09:19:00.0,Abertura
0.27745,0.27782,2007-07-24 09:30:00.0,Intermediário
0.27693,0.27731,2007-07-24 10:00:00.0,Intermediário
0.27696,0.27724,2007-07-24 10:30:00.0,Intermediário
0.27792,0.27835,2007-07-24 11:00:00.0,Intermediário
0.27743,0.27785,2007-07-24 11:30:00.0,Intermediário
0.27653,0.27692,2007-07-24 12:01:00.0,Intermediário
0.27712,0.27767,2007-07-24 12:30:00.0,Intermediário
0.27741,0.27797,2007-07-24 13:01:00.0,Intermediário
0.27739,0.27779,2007-07-24 13:30:00.0,Intermediário
0.27735,0.27777,2007-07-24 14:00:00.0,Intermediário
0.27723,0.27795,2007-07-24 14:30:00.0,Intermediário
0.27805,0.27839,2007-07-24 15:00:00.0,Intermediário
0.27842,0.27913,2007-07-24 15:30:00.0,Intermediário
0.27905,0.2796,2007-07-24 16:00:00.0,Intermediário
0.27953,0.27984,2007-07-24 16:30:00.0,Fechamento Interbancário
0.27798,0.27827,2007-07-24 17:39:00.0,Fechamento
0.27637,0.27799,2007-07-25 09:22:00.0,Abertura
0.27661,0.27732,2007-07-25 09:30:00.0,Intermediário
0.27646,0.27693,2007-07-25 10:00:00.0,Intermediário
0.27739,0.2781,2007-07-25 10:30:00.0,Intermediário
0.27692,0.27739,2007-07-25 11:00:00.0,Intermediário
0.27717,0.27751,2007-07-25 11:30:00.0,Intermediário
0.27843,0.27884,2007-07-25 12:00:00.0,Intermediário
0.27812,0.27846,2007-07-25 12:30:00.0,Intermediário
0.27853,0.27896,2007-07-25 13:00:00.0,Intermediário
0.27801,0.27841,2007-07-25 13:30:00.0,Intermediário
0.27782,0.27839,2007-07-25 14:00:00.0,Intermediário
0.27832,0.27903,2007-07-25 14:30:00.0,Intermediário
0.27765,0.27829,2007-07-25 15:00:00.0,Intermediário
0.27782,0.27838,2007-07-25 15:30:00.0,Intermediário
0.27708,0.27779,2007-07-25 16:00:00.0,Intermediário
0.27754,0.27785,2007-07-25 16:30:00.0,Fechamento Interbancário
0.27732,0.2776,2007-07-25 17:36:00.0,Fechamento
0.27855,0.28046,2007-07-26 09:25:00.0,Abertura
0.27914,0.2799,2007-07-26 09:30:00.0,Intermediário
0.28031,0.28086,2007-07-26 10:00:00.0,Intermediário
0.28087,0.28144,2007-07-26 10:30:00.0,Intermediário
0.28027,0.2807,2007-07-26 11:00:00.0,Intermediário
0.27948,0.28007,2007-07-26 11:30:00.0,Intermediário
0.27917,0.27953,2007-07-26 12:00:00.0,Intermediário
0.28072,0.28116,2007-07-26 12:30:00.0,Intermediário
0.28084,0.28155,2007-07-26 13:00:00.0,Intermediário
0.28166,0.2821,2007-07-26 13:30:00.0,Intermediário
0.28168,0.2821,2007-07-26 14:00:00.0,Intermediário
0.284,0.28453,2007-07-26 14:30:00.0,Intermediário
0.28408,0.28464,2007-07-26 15:00:00.0,Intermediário
0.286,0.28644,2007-07-26 15:30:00.0,Intermediário
0.28572,0.28619,2007-07-26 16:00:00.0,Intermediário
0.286,0.28632,2007-07-26 16:30:00.0,Fechamento Interbancário
0.28267,0.28296,2007-07-26 17:44:00.0,Fechamento
0.28473,0.28635,2007-07-27 09:19:00.0,Abertura
0.28489,0.28571,2007-07-27 09:30:00.0,Intermediário
0.2837,0.28415,2007-07-27 10:00:00.0,Intermediário
0.28147,0.2817,2007-07-27 10:30:00.0,Intermediário
0.28248,0.28287,2007-07-27 11:00:00.0,Intermediário
0.28207,0.28245,2007-07-27 11:30:00.0,Intermediário
0.28256,0.28328,2007-07-27 12:00:00.0,Intermediário
0.2831,0.28365,2007-07-27 12:30:00.0,Intermediário
0.28364,0.28432,2007-07-27 13:00:00.0,Intermediário
0.28386,0.28428,2007-07-27 13:30:00.0,Intermediário
0.28331,0.28403,2007-07-27 14:00:00.0,Intermediário
0.28326,0.28372,2007-07-27 14:30:00.0,Intermediário
0.28061,0.28107,2007-07-27 15:00:00.0,Intermediário
0.28237,0.28275,2007-07-27 15:30:00.0,Intermediário
0.28101,0.28156,2007-07-27 16:00:00.0,Intermediário
0.28069,0.28103,2007-07-27 16:30:00.0,Fechamento Interbancário
0.28249,0.2828,2007-07-27 17:37:00.0,Fechamento
0.28217,0.28407,2007-07-30 09:18:00.0,Abertura
0.28307,0.28343,2007-07-30 09:30:00.0,Intermediário
0.28151,0.2819,2007-07-30 10:00:00.0,Intermediário
0.28054,0.28125,2007-07-30 10:30:00.0,Intermediário
0.28013,0.28069,2007-07-30 11:00:00.0,Intermediário
0.28001,0.28047,2007-07-30 11:30:00.0,Intermediário
0.28032,0.28069,2007-07-30 12:00:00.0,Intermediário
0.28042,0.28087,2007-07-30 12:30:00.0,Intermediário
0.28032,0.28073,2007-07-30 13:00:00.0,Intermediário
0.28042,0.28089,2007-07-30 13:30:00.0,Intermediário
0.28047,0.28119,2007-07-30 14:00:00.0,Intermediário
0.27981,0.2802,2007-07-30 14:30:00.0,Intermediário
0.27938,0.27985,2007-07-30 15:00:00.0,Intermediário
0.2793,0.27958,2007-07-30 15:30:00.0,Intermediário
0.27896,0.27925,2007-07-30 16:00:00.0,Intermediário
0.27913,0.27959,2007-07-30 16:30:00.0,Fechamento Interbancário
0.28004,0.28032,2007-07-30 17:36:00.0,Fechamento
0.27745,0.27899,2007-07-31 09:17:00.0,Abertura
0.27804,0.27848,2007-07-31 09:30:00.0,Intermediário
0.27855,0.27884,2007-07-31 10:00:00.0,Intermediário
0.27861,0.27904,2007-07-31 10:30:00.0,Intermediário
0.27894,0.27918,2007-07-31 11:00:00.0,Intermediário
0.27789,0.27823,2007-07-31 11:30:00.0,Intermediário
0.27732,0.27778,2007-07-31 12:00:00.0,Intermediário
0.27814,0.27857,2007-07-31 12:30:00.0,Intermediário
0.27802,0.2784,2007-07-31 13:00:00.0,Intermediário
0.27785,0.27856,2007-07-31 13:30:00.0,Intermediário
0.27784,0.2782,2007-07-31 14:00:00.0,Intermediário
0.27737,0.27779,2007-07-31 14:30:00.0,Intermediário
0.27777,0.27823,2007-07-31 15:00:00.0,Intermediário
0.27823,0.27867,2007-07-31 15:30:00.0,Intermediário
0.27916,0.27948,2007-07-31 16:00:00.0,Intermediário
0.27921,0.27952,2007-07-31 16:30:00.0,Fechamento Interbancário
0.27844,0.27872,2007-07-31 18:29:00.0,Fechamento
0.27855,0.28007,2007-08-01 09:22:00.0,Abertura
0.27853,0.27927,2007-08-01 09:30:00.0,Intermediário
0.27785,0.27839,2007-08-01 10:00:00.0,Intermediário
0.2782,0.27876,2007-08-01 10:30:00.0,Intermediário
0.2776,0.27876,2007-08-01 11:00:00.0,Intermediário
0.27806,0.27843,2007-08-01 11:30:00.0,Intermediário
0.27777,0.2781,2007-08-01 12:00:00.0,Intermediário
0.27774,0.27816,2007-08-01 12:30:00.0,Intermediário
0.27797,0.27832,2007-08-01 13:00:00.0,Intermediário
0.27752,0.27823,2007-08-01 13:30:00.0,Intermediário
0.27771,0.27825,2007-08-01 14:00:00.0,Intermediário
0.27834,0.27919,2007-08-01 14:30:00.0,Intermediário
0.2785,0.27869,2007-08-01 15:00:00.0,Intermediário
0.27866,0.2792,2007-08-01 15:30:00.0,Intermediário
0.27912,0.27954,2007-08-01 16:00:00.0,Intermediário
0.2794,0.27974,2007-08-01 16:30:00.0,Fechamento Interbancário
0.27834,0.27865,2007-08-01 17:36:00.0,Fechamento
0.27644,0.27819,2007-08-02 09:24:00.0,Abertura
0.27697,0.27751,2007-08-02 09:30:00.0,Intermediário
0.27658,0.27729,2007-08-02 10:00:00.0,Intermediário
0.27691,0.27724,2007-08-02 10:30:00.0,Intermediário
0.27723,0.27759,2007-08-02 11:00:00.0,Intermediário
0.27761,0.27831,2007-08-02 11:30:00.0,Intermediário
0.27747,0.27775,2007-08-02 12:00:00.0,Intermediário
0.27758,0.27829,2007-08-02 12:30:00.0,Intermediário
0.27764,0.27793,2007-08-02 13:00:00.0,Intermediário
0.27728,0.27814,2007-08-02 13:30:00.0,Intermediário
0.2776,0.27817,2007-08-02 14:00:00.0,Intermediário
0.27784,0.27855,2007-08-02 14:30:00.0,Intermediário
0.27828,0.27882,2007-08-02 15:00:00.0,Intermediário
0.27798,0.27854,2007-08-02 15:30:00.0,Intermediário
0.27822,0.27877,2007-08-02 16:00:00.0,Intermediário
0.27844,0.27884,2007-08-02 16:30:00.0,Fechamento Interbancário
0.27816,0.27853,2007-08-02 17:44:00.0,Fechamento
0.27719,0.27893,2007-08-03 09:26:00.0,Abertura
0.2775,0.2785,2007-08-03 09:30:00.0,Intermediário
0.27847,0.27907,2007-08-03 10:06:00.0,Intermediário
0.27867,0.27897,2007-08-03 10:30:00.0,Intermediário
0.27944,0.28008,2007-08-03 11:00:00.0,Intermediário
0.27968,0.27999,2007-08-03 11:30:00.0,Intermediário
0.27977,0.28009,2007-08-03 12:00:00.0,Intermediário
0.27956,0.28003,2007-08-03 12:30:00.0,Intermediário
0.28032,0.28092,2007-08-03 13:00:00.0,Intermediário
0.28029,0.28071,2007-08-03 13:30:00.0,Intermediário
0.28026,0.28058,2007-08-03 14:00:00.0,Intermediário
0.28016,0.28082,2007-08-03 14:30:00.0,Intermediário
0.28016,0.28073,2007-08-03 15:00:00.0,Intermediário
0.28219,0.28275,2007-08-03 15:30:00.0,Intermediário
0.28343,0.28396,2007-08-03 16:00:00.0,Intermediário
0.28352,0.28391,2007-08-03 16:30:00.0,Fechamento Interbancário
0.28077,0.28113,2007-08-03 17:38:00.0,Fechamento
0.28328,0.28521,2007-08-06 09:17:00.0,Abertura
0.28571,0.28632,2007-08-06 09:30:00.0,Intermediário
0.28576,0.28631,2007-08-06 10:00:00.0,Intermediário
0.28559,0.28603,2007-08-06 10:30:00.0,Intermediário
0.28551,0.28594,2007-08-06 11:01:00.0,Intermediário
0.2854,0.28596,2007-08-06 11:30:00.0,Intermediário
0.28487,0.28523,2007-08-06 12:00:00.0,Intermediário
0.28433,0.2848,2007-08-06 12:30:00.0,Intermediário
0.28342,0.28423,2007-08-06 13:00:00.0,Intermediário
0.28354,0.28417,2007-08-06 13:30:00.0,Intermediário
0.28346,0.28401,2007-08-06 14:00:00.0,Intermediário
0.28435,0.28478,2007-08-06 14:30:00.0,Intermediário
0.28577,0.28622,2007-08-06 15:00:00.0,Intermediário
0.28527,0.28584,2007-08-06 15:30:00.0,Intermediário
0.28487,0.28525,2007-08-06 16:00:00.0,Intermediário
0.28474,0.28493,2007-08-06 16:36:00.0,Fechamento Interbancário
0.28545,0.28562,2007-08-06 17:45:00.0,Fechamento
0.28272,0.28435,2007-08-07 09:19:00.0,Abertura
0.28339,0.28412,2007-08-07 09:30:00.0,Intermediário
0.28361,0.2838,2007-08-07 10:00:00.0,Intermediário
0.2832,0.28357,2007-08-07 10:30:00.0,Intermediário
0.28326,0.28356,2007-08-07 11:00:00.0,Intermediário
0.28277,0.28334,2007-08-07 11:30:00.0,Intermediário
0.28379,0.28426,2007-08-07 12:00:00.0,Intermediário
0.28372,0.28419,2007-08-07 12:30:00.0,Intermediário
0.28324,0.28357,2007-08-07 13:00:00.0,Intermediário
0.28328,0.28375,2007-08-07 13:30:00.0,Intermediário
0.28311,0.28345,2007-08-07 14:00:00.0,Intermediário
0.2828,0.28352,2007-08-07 14:30:00.0,Intermediário
0.28237,0.28286,2007-08-07 15:00:00.0,Intermediário
0.2837,0.28422,2007-08-07 15:30:00.0,Intermediário
0.2837,0.28407,2007-08-07 16:00:00.0,Intermediário
0.2832,0.28339,2007-08-07 16:55:00.0,Fechamento Interbancário
0.28335,0.28389,2007-08-07 17:49:00.0,Fechamento
0.28134,0.28298,2007-08-08 09:16:00.0,Abertura
0.28218,0.28288,2007-08-08 09:37:00.0,Intermediário
0.28207,0.28249,2007-08-08 10:03:00.0,Intermediário
0.28266,0.28294,2007-08-08 10:36:00.0,Intermediário
0.2822,0.28276,2007-08-08 11:00:00.0,Intermediário
0.28175,0.2822,2007-08-08 11:30:00.0,Intermediário
0.28119,0.28164,2007-08-08 12:00:00.0,Intermediário
0.282,0.28219,2007-08-08 12:30:00.0,Intermediário
0.281,0.28172,2007-08-08 13:00:00.0,Intermediário
0.28122,0.28172,2007-08-08 13:30:00.0,Intermediário
0.28127,0.28172,2007-08-08 14:00:00.0,Intermediário
0.2808,0.28135,2007-08-08 14:30:00.0,Intermediário
0.28126,0.28169,2007-08-08 15:00:00.0,Intermediário
0.28116,0.28163,2007-08-08 15:30:00.0,Intermediário
0.28097,0.28144,2007-08-08 16:00:00.0,Intermediário
0.2812,0.28152,2007-08-08 16:30:00.0,Fechamento Interbancário
0.28147,0.28176,2007-08-08 17:36:00.0,Fechamento
0.28032,0.28222,2007-08-09 09:14:00.0,Abertura
0.28169,0.28213,2007-08-09 09:30:00.0,Intermediário
0.28107,0.28154,2007-08-09 10:00:00.0,Intermediário
0.28249,0.28304,2007-08-09 10:30:00.0,Intermediário
0.28291,0.28347,2007-08-09 11:00:00.0,Intermediário
0.28252,0.28298,2007-08-09 11:30:00.0,Intermediário
0.28289,0.28335,2007-08-09 12:00:00.0,Intermediário
0.28295,0.28337,2007-08-09 12:30:00.0,Intermediário
0.28317,0.28358,2007-08-09 13:00:00.0,Intermediário
0.2832,0.28367,2007-08-09 13:30:00.0,Intermediário
0.28305,0.28362,2007-08-09 14:00:00.0,Intermediário
0.28287,0.28316,2007-08-09 14:30:00.0,Intermediário
0.2833,0.28386,2007-08-09 15:00:00.0,Intermediário
0.28392,0.28425,2007-08-09 15:30:00.0,Intermediário
0.28411,0.28452,2007-08-09 16:00:00.0,Intermediário
0.28426,0.28461,2007-08-09 16:30:00.0,Fechamento Interbancário
0.28312,0.28344,2007-08-09 17:39:00.0,Fechamento
0.28647,0.2881,2007-08-10 09:16:00.0,Abertura
0.28765,0.28803,2007-08-10 09:30:00.0,Intermediário
0.28799,0.28831,2007-08-10 10:00:00.0,Intermediário
0.28706,0.28751,2007-08-10 10:30:00.0,Intermediário
0.28719,0.28783,2007-08-10 11:00:00.0,Intermediário
0.28738,0.28841,2007-08-10 11:30:00.0,Intermediário
0.2882,0.28892,2007-08-10 12:00:00.0,Intermediário
0.28708,0.28755,2007-08-10 12:30:00.0,Intermediário
0.28664,0.28709,2007-08-10 13:00:00.0,Intermediário
0.28655,0.28696,2007-08-10 13:30:00.0,Intermediário
0.2865,0.28722,2007-08-10 14:22:00.0,Intermediário
0.28596,0.28643,2007-08-10 14:30:00.0,Intermediário
0.28718,0.28751,2007-08-10 15:00:00.0,Intermediário
0.28629,0.28685,2007-08-10 15:30:00.0,Intermediário
0.2879,0.28845,2007-08-10 16:00:00.0,Intermediário
0.2878,0.28821,2007-08-10 16:30:00.0,Fechamento Interbancário
0.28842,0.2888,2007-08-10 17:37:00.0,Fechamento
0.28291,0.28446,2007-08-13 09:16:00.0,Abertura
0.28383,0.28416,2007-08-13 09:30:00.0,Intermediário
0.28399,0.28442,2007-08-13 10:00:00.0,Intermediário
0.28361,0.28404,2007-08-13 10:30:00.0,Intermediário
0.28352,0.28383,2007-08-13 11:00:00.0,Intermediário
0.28319,0.28346,2007-08-13 11:30:00.0,Intermediário
0.28329,0.28431,2007-08-13 12:00:00.0,Intermediário
0.28359,0.28403,2007-08-13 12:30:00.0,Intermediário
0.2831,0.28346,2007-08-13 13:00:00.0,Intermediário
0.28291,0.28332,2007-08-13 13:30:00.0,Intermediário
0.28299,0.28355,2007-08-13 14:00:00.0,Intermediário
0.28311,0.28381,2007-08-13 14:30:00.0,Intermediário
0.28337,0.28401,2007-08-13 15:12:00.0,Intermediário
0.28331,0.28386,2007-08-13 15:30:00.0,Intermediário
0.28346,0.28397,2007-08-13 16:00:00.0,Intermediário
0.2837,0.28401,2007-08-13 16:30:00.0,Fechamento Interbancário
0.28345,0.28373,2007-08-13 17:44:00.0,Fechamento
0.28393,0.2858,2007-08-14 09:18:00.0,Abertura
0.28482,0.28554,2007-08-14 09:30:00.0,Intermediário
0.28428,0.28483,2007-08-14 10:00:00.0,Intermediário
0.285,0.28531,2007-08-14 10:30:00.0,Intermediário
0.28561,0.28624,2007-08-14 11:00:00.0,Intermediário
0.28613,0.28684,2007-08-14 11:30:00.0,Intermediário
0.28773,0.28819,2007-08-14 12:00:00.0,Intermediário
0.28784,0.28831,2007-08-14 12:30:00.0,Intermediário
0.2874,0.28786,2007-08-14 13:00:00.0,Intermediário
0.28684,0.28786,2007-08-14 13:30:00.0,Intermediário
0.28719,0.28773,2007-08-14 14:00:00.0,Intermediário
0.28884,0.28926,2007-08-14 14:30:00.0,Intermediário
0.28867,0.28913,2007-08-14 15:00:00.0,Intermediário
0.28804,0.28873,2007-08-14 15:30:00.0,Intermediário
0.28763,0.28817,2007-08-14 16:00:00.0,Intermediário
0.28782,0.28834,2007-08-14 16:30:00.0,Fechamento Interbancário
0.2871,0.2876,2007-08-14 17:54:00.0,Fechamento
0.28852,0.29005,2007-08-15 09:14:00.0,Abertura
0.28886,0.2895,2007-08-15 09:30:00.0,Intermediário
0.28664,0.28849,2007-08-15 10:00:00.0,Intermediário
0.28725,0.2878,2007-08-15 10:30:00.0,Intermediário
0.28629,0.2867,2007-08-15 11:00:00.0,Intermediário
0.28653,0.28699,2007-08-15 11:30:00.0,Intermediário
0.28613,0.28658,2007-08-15 12:00:00.0,Intermediário
0.28655,0.28725,2007-08-15 12:30:00.0,Intermediário
0.28679,0.28719,2007-08-15 13:00:00.0,Intermediário
0.28693,0.28748,2007-08-15 13:30:00.0,Intermediário
0.28663,0.28713,2007-08-15 14:00:00.0,Intermediário
0.28699,0.2873,2007-08-15 14:30:00.0,Intermediário
0.28667,0.28709,2007-08-15 15:00:00.0,Intermediário
0.288,0.28843,2007-08-15 15:30:00.0,Intermediário
0.29143,0.29187,2007-08-15 16:00:00.0,Intermediário
0.29106,0.29151,2007-08-15 16:30:00.0,Fechamento Interbancário
0.2874,0.28767,2007-08-15 17:43:00.0,Fechamento
0.30106,0.3027,2007-08-16 09:16:00.0,Abertura
0.30216,0.3026,2007-08-16 09:30:00.0,Intermediário
0.29672,0.29734,2007-08-16 10:00:00.0,Intermediário
0.29999,0.30073,2007-08-16 10:30:00.0,Intermediário
0.29894,0.29962,2007-08-16 11:00:00.0,Intermediário
0.29934,0.29962,2007-08-16 11:48:00.0,Intermediário
0.29882,0.2993,2007-08-16 12:00:00.0,Intermediário
0.29975,0.30046,2007-08-16 12:52:00.0,Intermediário
0.30016,0.30079,2007-08-16 13:13:00.0,Intermediário
0.30209,0.30252,2007-08-16 13:38:00.0,Intermediário
0.30338,0.30405,2007-08-16 14:06:00.0,Intermediário
0.30297,0.30339,2007-08-16 14:32:00.0,Intermediário
0.29907,0.29959,2007-08-16 15:00:00.0,Intermediário
0.29935,0.29994,2007-08-16 15:30:00.0,Intermediário
0.29833,0.29882,2007-08-16 16:00:00.0,Intermediário
0.29866,0.29906,2007-08-16 16:30:00.0,Fechamento Interbancário
0.30146,0.30183,2007-08-16 17:42:00.0,Fechamento
0.29611,0.29768,2007-08-17 09:13:00.0,Abertura
0.29234,0.29265,2007-08-17 09:30:00.0,Intermediário
0.29206,0.29254,2007-08-17 10:00:00.0,Intermediário
0.29368,0.29425,2007-08-17 11:21:00.0,Intermediário
0.29366,0.29412,2007-08-17 11:27:00.0,Intermediário
0.2951,0.29584,2007-08-17 11:50:00.0,Intermediário
0.29505,0.2956,2007-08-17 12:07:00.0,Intermediário
0.29401,0.29447,2007-08-17 12:30:00.0,Intermediário
0.29338,0.2937,2007-08-17 13:00:00.0,Intermediário
0.29359,0.29399,2007-08-17 13:30:00.0,Intermediário
0.29326,0.29369,2007-08-17 14:00:00.0,Intermediário
0.29131,0.2918,2007-08-17 14:30:00.0,Intermediário
0.29075,0.29142,2007-08-17 15:00:00.0,Intermediário
0.29218,0.29272,2007-08-17 15:30:00.0,Intermediário
0.29153,0.29193,2007-08-17 16:00:00.0,Intermediário
0.29242,0.29274,2007-08-17 16:30:00.0,Fechamento Interbancário
0.29413,0.29441,2007-08-17 17:46:00.0,Fechamento
0.2881,0.28991,2007-08-20 09:22:00.0,Abertura
0.28865,0.28907,2007-08-20 09:30:00.0,Intermediário
0.28955,0.2901,2007-08-20 10:00:00.0,Intermediário
0.28921,0.28991,2007-08-20 10:30:00.0,Intermediário
0.29032,0.29072,2007-08-20 11:00:00.0,Intermediário
0.28987,0.29032,2007-08-20 11:30:00.0,Intermediário
0.29132,0.29162,2007-08-20 12:00:00.0,Intermediário
0.29098,0.29169,2007-08-20 12:30:00.0,Intermediário
0.29311,0.29356,2007-08-20 13:00:00.0,Intermediário
0.29324,0.29391,2007-08-20 13:30:00.0,Intermediário
0.29317,0.29367,2007-08-20 14:00:00.0,Intermediário
0.29546,0.29591,2007-08-20 14:30:00.0,Intermediário
0.29448,0.29502,2007-08-20 15:00:00.0,Intermediário
0.293,0.29357,2007-08-20 15:30:00.0,Intermediário
0.29195,0.29258,2007-08-20 16:00:00.0,Intermediário
0.2922,0.29261,2007-08-20 16:30:00.0,Fechamento Interbancário
0.29208,0.29247,2007-08-20 17:45:00.0,Fechamento
0.29184,0.29339,2007-08-21 09:28:00.0,Abertura
0.29234,0.29273,2007-08-21 09:30:00.0,Intermediário
0.2929,0.29346,2007-08-21 10:00:00.0,Intermediário
0.29355,0.29401,2007-08-21 10:30:00.0,Intermediário
0.29261,0.29315,2007-08-21 11:00:00.0,Intermediário
0.29286,0.29341,2007-08-21 11:30:00.0,Intermediário
0.29271,0.29316,2007-08-21 12:00:00.0,Intermediário
0.29202,0.29262,2007-08-21 12:30:00.0,Intermediário
0.2911,0.29158,2007-08-21 13:00:00.0,Intermediário
0.29115,0.29158,2007-08-21 13:30:00.0,Intermediário
0.29082,0.29153,2007-08-21 14:00:00.0,Intermediário
0.29039,0.29082,2007-08-21 14:30:00.0,Intermediário
0.29062,0.29115,2007-08-21 15:00:00.0,Intermediário
0.29021,0.29092,2007-08-21 15:30:00.0,Intermediário
0.29161,0.29203,2007-08-21 16:00:00.0,Intermediário
0.29156,0.29202,2007-08-21 16:30:00.0,Fechamento Interbancário
0.29224,0.29252,2007-08-21 17:39:00.0,Fechamento
0.28964,0.29124,2007-08-22 09:13:00.0,Abertura
0.28947,0.29006,2007-08-22 09:30:00.0,Intermediário
0.28873,0.28918,2007-08-22 10:00:00.0,Intermediário
0.28907,0.28962,2007-08-22 10:30:00.0,Intermediário
0.28865,0.28911,2007-08-22 11:00:00.0,Intermediário
0.2902,0.29064,2007-08-22 11:30:00.0,Intermediário
0.28961,0.28995,2007-08-22 12:00:00.0,Intermediário
0.29033,0.29081,2007-08-22 12:30:00.0,Intermediário
0.2902,0.29077,2007-08-22 13:00:00.0,Intermediário
0.29018,0.2905,2007-08-22 13:30:00.0,Intermediário
0.29041,0.29068,2007-08-22 14:00:00.0,Intermediário
0.29038,0.29065,2007-08-22 14:30:00.0,Intermediário
0.29019,0.29073,2007-08-22 15:00:00.0,Intermediário
0.29084,0.29128,2007-08-22 15:30:00.0,Intermediário
0.29034,0.29084,2007-08-22 16:00:00.0,Intermediário
0.29022,0.29049,2007-08-22 16:30:00.0,Fechamento Interbancário
0.29116,0.2914,2007-08-22 17:40:00.0,Fechamento
0.28702,0.28888,2007-08-23 09:29:00.0,Abertura
0.28708,0.28762,2007-08-23 09:30:00.0,Intermediário
0.2863,0.28684,2007-08-23 10:00:00.0,Intermediário
0.28676,0.28722,2007-08-23 10:30:00.0,Intermediário
0.28701,0.28772,2007-08-23 11:00:00.0,Intermediário
0.28776,0.28818,2007-08-23 11:30:00.0,Intermediário
0.28765,0.28806,2007-08-23 12:00:00.0,Intermediário
0.28819,0.28864,2007-08-23 12:30:00.0,Intermediário
0.28879,0.28926,2007-08-23 13:00:00.0,Intermediário
0.28889,0.28934,2007-08-23 13:33:00.0,Intermediário
0.28875,0.28942,2007-08-23 14:00:00.0,Intermediário
0.28853,0.28923,2007-08-23 14:30:00.0,Intermediário
0.28837,0.28877,2007-08-23 15:00:00.0,Intermediário
0.28746,0.28792,2007-08-23 15:30:00.0,Intermediário
0.2871,0.28765,2007-08-23 16:00:00.0,Intermediário
0.28746,0.28786,2007-08-23 16:30:00.0,Fechamento Interbancário
0.2882,0.28857,2007-08-23 17:39:00.0,Fechamento
0.28799,0.28954,2007-08-24 09:13:00.0,Abertura
0.28798,0.289,2007-08-24 09:30:00.0,Intermediário
0.2889,0.28936,2007-08-24 10:08:00.0,Intermediário
0.28888,0.28933,2007-08-24 10:30:00.0,Intermediário
0.2894,0.28995,2007-08-24 11:00:00.0,Intermediário
0.28843,0.28885,2007-08-24 11:30:00.0,Intermediário
0.28881,0.28929,2007-08-24 12:00:00.0,Intermediário
0.28851,0.28906,2007-08-24 12:30:00.0,Intermediário
0.28714,0.28769,2007-08-24 13:00:00.0,Intermediário
0.28778,0.28811,2007-08-24 13:30:00.0,Intermediário
0.28809,0.28857,2007-08-24 14:00:00.0,Intermediário
0.28605,0.2867,2007-08-24 14:30:00.0,Intermediário
0.28535,0.28575,2007-08-24 15:00:00.0,Intermediário
0.28458,0.28512,2007-08-24 15:30:00.0,Intermediário
0.28345,0.28384,2007-08-24 16:11:00.0,Intermediário
0.28345,0.28401,2007-08-24 16:30:00.0,Fechamento Interbancário
0.28968,0.29022,2007-08-24 17:53:00.0,Fechamento
0.28318,0.28467,2007-08-27 09:20:00.0,Abertura
0.28354,0.28408,2007-08-27 09:30:00.0,Intermediário
0.28355,0.28425,2007-08-27 10:00:00.0,Intermediário
0.28398,0.2844,2007-08-27 10:30:00.0,Intermediário
0.28459,0.28529,2007-08-27 11:00:00.0,Intermediário
0.28442,0.28476,2007-08-27 11:30:00.0,Intermediário
0.28463,0.28519,2007-08-27 12:00:00.0,Intermediário
0.28463,0.28534,2007-08-27 12:51:00.0,Intermediário
0.28459,0.28522,2007-08-27 13:00:00.0,Intermediário
0.28479,0.28518,2007-08-27 13:12:00.0,Intermediário
0.28475,0.28525,2007-08-27 14:09:00.0,Intermediário
0.28378,0.28419,2007-08-27 14:53:00.0,Intermediário
0.2842,0.28451,2007-08-27 15:02:00.0,Intermediário
0.28373,0.28443,2007-08-27 15:30:00.0,Intermediário
0.28361,0.28417,2007-08-27 16:00:00.0,Intermediário
0.28382,0.28421,2007-08-27 16:30:00.0,Fechamento Interbancário
0.2834,0.28376,2007-08-27 17:43:00.0,Fechamento
0.28623,0.28773,2007-08-28 09:08:00.0,Abertura
0.28694,0.28765,2007-08-28 09:32:00.0,Intermediário
0.28608,0.28652,2007-08-28 10:01:00.0,Intermediário
0.28586,0.2863,2007-08-28 10:31:00.0,Intermediário
0.28653,0.28695,2007-08-28 11:01:00.0,Intermediário
0.28632,0.28691,2007-08-28 11:31:00.0,Intermediário
0.28756,0.288,2007-08-28 12:01:00.0,Intermediário
0.28776,0.28847,2007-08-28 12:31:00.0,Intermediário
0.28824,0.28857,2007-08-28 13:01:00.0,Intermediário
0.28828,0.2887,2007-08-28 13:31:00.0,Intermediário
0.28832,0.2888,2007-08-28 14:01:00.0,Intermediário
0.28832,0.28903,2007-08-28 14:31:00.0,Intermediário
0.28839,0.2889,2007-08-28 15:01:00.0,Intermediário
0.28954,0.29011,2007-08-28 15:31:00.0,Intermediário
0.29029,0.29085,2007-08-28 16:01:00.0,Intermediário
0.29051,0.29092,2007-08-28 16:31:00.0,Fechamento Interbancário
0.28805,0.28843,2007-08-28 17:42:00.0,Fechamento
0.28781,0.28958,2007-08-29 09:18:00.0,Abertura
0.28827,0.28881,2007-08-29 09:30:00.0,Intermediário
0.28826,0.2886,2007-08-29 10:00:00.0,Intermediário
0.28874,0.2891,2007-08-29 10:30:00.0,Intermediário
0.28815,0.28848,2007-08-29 11:00:00.0,Intermediário
0.28994,0.29038,2007-08-29 11:30:00.0,Intermediário
0.28875,0.2892,2007-08-29 12:00:00.0,Intermediário
0.28887,0.28938,2007-08-29 12:30:00.0,Intermediário
0.28798,0.28846,2007-08-29 13:00:00.0,Intermediário
0.28777,0.28849,2007-08-29 13:30:00.0,Intermediário
0.28796,0.28837,2007-08-29 14:00:00.0,Intermediário
0.28801,0.28872,2007-08-29 14:30:00.0,Intermediário
0.28843,0.28907,2007-08-29 15:00:00.0,Intermediário
0.2878,0.28823,2007-08-29 15:30:00.0,Intermediário
0.2861,0.28656,2007-08-29 16:00:00.0,Intermediário
0.28634,0.28668,2007-08-29 16:30:00.0,Fechamento Interbancário
0.28919,0.2895,2007-08-29 17:48:00.0,Fechamento
0.28551,0.28731,2007-08-30 09:10:00.0,Abertura
0.28729,0.28768,2007-08-30 09:30:00.0,Intermediário
0.28677,0.28718,2007-08-30 10:00:00.0,Intermediário
0.28824,0.28878,2007-08-30 10:30:00.0,Intermediário
0.28591,0.28659,2007-08-30 11:00:00.0,Intermediário
0.28474,0.28509,2007-08-30 11:30:00.0,Intermediário
0.28475,0.28526,2007-08-30 12:00:00.0,Intermediário
0.28505,0.28554,2007-08-30 12:30:00.0,Intermediário
0.28547,0.28618,2007-08-30 13:01:00.0,Intermediário
0.28552,0.28597,2007-08-30 13:30:00.0,Intermediário
0.28558,0.28612,2007-08-30 14:00:00.0,Intermediário
0.28589,0.28622,2007-08-30 14:30:00.0,Intermediário
0.2862,0.28684,2007-08-30 15:00:00.0,Intermediário
0.28654,0.28711,2007-08-30 15:30:00.0,Intermediário
0.28652,0.28703,2007-08-30 16:00:00.0,Intermediário
0.28636,0.28676,2007-08-30 16:30:00.0,Fechamento Interbancário
0.28693,0.28729,2007-08-30 17:40:00.0,Fechamento
0.28602,0.2879,2007-08-31 09:06:00.0,Abertura
0.28617,0.28675,2007-08-31 09:30:00.0,Intermediário
0.28522,0.28569,2007-08-31 10:00:00.0,Intermediário
0.28583,0.28604,2007-08-31 10:30:00.0,Intermediário
0.28479,0.2854,2007-08-31 11:00:00.0,Intermediário
0.28461,0.28517,2007-08-31 11:30:00.0,Intermediário
0.28414,0.28459,2007-08-31 12:00:00.0,Intermediário
0.2848,0.28534,2007-08-31 12:30:00.0,Intermediário
0.28542,0.28593,2007-08-31 13:00:00.0,Intermediário
0.2854,0.28581,2007-08-31 13:30:00.0,Intermediário
0.28536,0.28584,2007-08-31 14:00:00.0,Intermediário
0.28437,0.28495,2007-08-31 14:30:00.0,Intermediário
0.28468,0.2851,2007-08-31 15:00:00.0,Intermediário
0.28367,0.28432,2007-08-31 15:30:00.0,Intermediário
0.28394,0.2845,2007-08-31 16:00:00.0,Intermediário
0.28455,0.28486,2007-08-31 16:30:00.0,Fechamento Interbancário
0.28444,0.28472,2007-08-31 17:39:00.0,Fechamento
0.28412,0.2857,2007-09-03 09:25:00.0,Abertura
0.28438,0.28481,2007-09-03 09:30:00.0,Intermediário
0.28442,0.28488,2007-09-03 10:00:00.0,Intermediário
0.28367,0.28416,2007-09-03 10:30:00.0,Intermediário
0.283,0.28354,2007-09-03 11:00:00.0,Intermediário
0.28311,0.28363,2007-09-03 11:30:00.0,Intermediário
0.28295,0.28353,2007-09-03 12:00:00.0,Intermediário
0.28294,0.28349,2007-09-03 12:30:00.0,Intermediário
0.28284,0.28329,2007-09-03 13:00:00.0,Intermediário
0.28304,0.28337,2007-09-03 13:30:00.0,Intermediário
0.28289,0.28359,2007-09-03 14:00:00.0,Intermediário
0.283,0.28368,2007-09-03 14:30:00.0,Intermediário
0.28328,0.28347,2007-09-03 15:00:00.0,Intermediário
0.28285,0.28313,2007-09-03 15:30:00.0,Intermediário
0.28328,0.28358,2007-09-03 16:00:00.0,Intermediário
0.28305,0.28361,2007-09-03 16:30:00.0,Fechamento Interbancário
0.28318,0.28371,2007-09-03 17:35:00.0,Fechamento
0.28273,0.28443,2007-09-04 09:23:00.0,Abertura
0.28299,0.284,2007-09-04 09:30:00.0,Intermediário
0.28294,0.28395,2007-09-04 10:00:00.0,Intermediário
0.2833,0.28385,2007-09-04 10:36:00.0,Intermediário
0.28219,0.2832,2007-09-04 11:00:00.0,Intermediário
0.282,0.28253,2007-09-04 11:30:00.0,Intermediário
0.28134,0.28235,2007-09-04 12:00:00.0,Intermediário
0.282,0.28254,2007-09-04 12:30:00.0,Intermediário
0.28214,0.28262,2007-09-04 13:00:00.0,Intermediário
0.28203,0.28245,2007-09-04 13:30:00.0,Intermediário
0.28173,0.28215,2007-09-04 14:00:00.0,Intermediário
0.28156,0.28209,2007-09-04 14:30:00.0,Intermediário
0.28184,0.28226,2007-09-04 15:00:00.0,Intermediário
0.282,0.28219,2007-09-04 15:30:00.0,Intermediário
0.28208,0.28241,2007-09-04 16:00:00.0,Intermediário
0.28171,0.28226,2007-09-04 16:30:00.0,Fechamento Interbancário
0.28243,0.28296,2007-09-04 17:42:00.0,Fechamento
0.28241,0.28426,2007-09-05 09:13:00.0,Abertura
0.28311,0.28381,2007-09-05 09:30:00.0,Intermediário
0.28298,0.28331,2007-09-05 10:00:00.0,Intermediário
0.28332,0.28377,2007-09-05 10:30:00.0,Intermediário
0.2835,0.28369,2007-09-05 11:00:00.0,Intermediário
0.28559,0.28605,2007-09-05 11:30:00.0,Intermediário
0.28513,0.28568,2007-09-05 12:00:00.0,Intermediário
0.28544,0.28585,2007-09-05 12:30:00.0,Intermediário
0.2864,0.28684,2007-09-05 13:00:00.0,Intermediário
0.28611,0.28682,2007-09-05 13:30:00.0,Intermediário
0.28593,0.28647,2007-09-05 14:00:00.0,Intermediário
0.28555,0.28596,2007-09-05 14:30:00.0,Intermediário
0.28557,0.286,2007-09-05 15:09:00.0,Intermediário
0.28595,0.28638,2007-09-05 15:30:00.0,Intermediário
0.28598,0.28643,2007-09-05 16:00:00.0,Intermediário
0.28596,0.28623,2007-09-05 16:30:00.0,Fechamento Interbancário
0.2854,0.28565,2007-09-05 17:34:00.0,Fechamento
0.28708,0.28871,2007-09-06 09:20:00.0,Abertura
0.28634,0.28737,2007-09-06 09:30:00.0,Intermediário
0.28593,0.28639,2007-09-06 10:00:00.0,Intermediário
0.28533,0.28578,2007-09-06 10:30:00.0,Intermediário
0.28609,0.28658,2007-09-06 11:00:00.0,Intermediário
0.28672,0.28703,2007-09-06 11:30:00.0,Intermediário
0.28642,0.28687,2007-09-06 12:00:00.0,Intermediário
0.28604,0.28648,2007-09-06 12:30:00.0,Intermediário
0.28566,0.28615,2007-09-06 13:00:00.0,Intermediário
0.28555,0.28611,2007-09-06 13:30:00.0,Intermediário
0.28548,0.28617,2007-09-06 14:00:00.0,Intermediário
0.28536,0.28598,2007-09-06 14:30:00.0,Intermediário
0.28521,0.28575,2007-09-06 15:00:00.0,Intermediário
0.28511,0.28553,2007-09-06 15:30:00.0,Intermediário
0.28479,0.28523,2007-09-06 16:00:00.0,Intermediário
0.28478,0.28535,2007-09-06 16:30:00.0,Fechamento Interbancário
0.28606,0.28659,2007-09-06 17:35:00.0,Fechamento
0.28767,0.28931,2007-09-10 09:18:00.0,Abertura
0.28812,0.28859,2007-09-10 09:30:00.0,Intermediário
0.28729,0.28801,2007-09-10 10:07:00.0,Intermediário
0.28826,0.28872,2007-09-10 10:30:00.0,Intermediário
0.2884,0.28912,2007-09-10 11:00:00.0,Intermediário
0.28866,0.28938,2007-09-10 11:30:00.0,Intermediário
0.28928,0.28975,2007-09-10 12:00:00.0,Intermediário
0.28957,0.29,2007-09-10 12:30:00.0,Intermediário
0.28929,0.28971,2007-09-10 13:00:00.0,Intermediário
0.28916,0.28988,2007-09-10 13:30:00.0,Intermediário
0.28875,0.28947,2007-09-10 14:00:00.0,Intermediário
0.28891,0.28938,2007-09-10 14:30:00.0,Intermediário
0.28803,0.28875,2007-09-10 15:00:00.0,Intermediário
0.28748,0.28791,2007-09-10 15:30:00.0,Intermediário
0.28682,0.28724,2007-09-10 16:00:00.0,Intermediário
0.28691,0.28708,2007-09-10 16:30:00.0,Fechamento Interbancário
0.28887,0.28901,2007-09-10 17:36:00.0,Fechamento
0.28572,0.28725,2007-09-11 09:21:00.0,Abertura
0.28615,0.2865,2007-09-11 09:30:00.0,Intermediário
0.28651,0.2867,2007-09-11 10:00:00.0,Intermediário
0.28612,0.28716,2007-09-11 10:30:00.0,Intermediário
0.28557,0.28629,2007-09-11 11:00:00.0,Intermediário
0.2861,0.28633,2007-09-11 11:38:00.0,Intermediário
0.28541,0.28588,2007-09-11 12:00:00.0,Intermediário
0.28579,0.28626,2007-09-11 12:38:00.0,Intermediário
0.28563,0.28635,2007-09-11 13:00:00.0,Intermediário
0.28531,0.28603,2007-09-11 13:30:00.0,Intermediário
0.28573,0.28619,2007-09-11 14:00:00.0,Intermediário
0.28558,0.28615,2007-09-11 14:30:00.0,Intermediário
0.28503,0.28574,2007-09-11 15:00:00.0,Intermediário
0.28475,0.28522,2007-09-11 15:30:00.0,Intermediário
0.28533,0.28579,2007-09-11 16:00:00.0,Intermediário
0.28521,0.28549,2007-09-11 16:30:00.0,Fechamento Interbancário
0.28604,0.28629,2007-09-11 17:38:00.0,Fechamento
0.28721,0.28897,2007-09-12 09:19:00.0,Abertura
0.28785,0.28832,2007-09-12 09:30:00.0,Intermediário
0.2869,0.28724,2007-09-12 10:00:00.0,Intermediário
0.28607,0.28648,2007-09-12 10:30:00.0,Intermediário
0.28574,0.28643,2007-09-12 11:00:00.0,Intermediário
0.28589,0.28634,2007-09-12 11:30:00.0,Intermediário
0.28644,0.28687,2007-09-12 12:00:00.0,Intermediário
0.2861,0.2864,2007-09-12 12:30:00.0,Intermediário
0.28614,0.28657,2007-09-12 13:00:00.0,Intermediário
0.28607,0.28663,2007-09-12 13:30:00.0,Intermediário
0.28605,0.28678,2007-09-12 14:00:00.0,Intermediário
0.28664,0.28705,2007-09-12 14:30:00.0,Intermediário
0.28637,0.28671,2007-09-12 15:00:00.0,Intermediário
0.28607,0.28664,2007-09-12 15:30:00.0,Intermediário
0.28579,0.28635,2007-09-12 16:00:00.0,Intermediário
0.28579,0.2862,2007-09-12 16:30:00.0,Fechamento Interbancário
0.28634,0.28672,2007-09-12 17:50:00.0,Fechamento
0.28435,0.28589,2007-09-13 09:18:00.0,Abertura
0.28442,0.28504,2007-09-13 10:20:00.0,Intermediário
0.2844,0.28489,2007-09-13 10:23:00.0,Intermediário
0.28466,0.28522,2007-09-13 10:30:00.0,Intermediário
0.28475,0.28522,2007-09-13 11:00:00.0,Intermediário
0.28505,0.28563,2007-09-13 11:30:00.0,Intermediário
0.28483,0.28517,2007-09-13 12:00:00.0,Intermediário
0.28437,0.28484,2007-09-13 12:30:00.0,Intermediário
0.28442,0.2849,2007-09-13 13:00:00.0,Intermediário
0.2841,0.28482,2007-09-13 13:30:00.0,Intermediário
0.28436,0.28508,2007-09-13 14:00:00.0,Intermediário
0.28433,0.28499,2007-09-13 14:30:00.0,Intermediário
0.28463,0.28491,2007-09-13 15:00:00.0,Intermediário
0.28491,0.2854,2007-09-13 15:30:00.0,Intermediário
0.28505,0.28557,2007-09-13 16:00:00.0,Intermediário
0.28527,0.28571,2007-09-13 16:30:00.0,Fechamento Interbancário
0.28456,0.28483,2007-09-13 17:35:00.0,Fechamento
0.28515,0.28678,2007-09-14 09:21:00.0,Abertura
0.28582,0.28626,2007-09-14 09:30:00.0,Intermediário
0.28556,0.28629,2007-09-14 10:00:00.0,Intermediário
0.28443,0.28495,2007-09-14 10:30:00.0,Intermediário
0.2847,0.28526,2007-09-14 11:00:00.0,Intermediário
0.28314,0.28348,2007-09-14 11:30:00.0,Intermediário
0.28313,0.28354,2007-09-14 12:00:00.0,Intermediário
0.28296,0.28368,2007-09-14 12:30:00.0,Intermediário
0.28288,0.28335,2007-09-14 13:00:00.0,Intermediário
0.28298,0.28345,2007-09-14 13:30:00.0,Intermediário
0.28308,0.28363,2007-09-14 14:00:00.0,Intermediário
0.28343,0.28416,2007-09-14 14:30:00.0,Intermediário
0.28326,0.28398,2007-09-14 15:00:00.0,Intermediário
0.28418,0.28467,2007-09-14 15:30:00.0,Intermediário
0.28449,0.28505,2007-09-14 16:00:00.0,Intermediário
0.28438,0.28496,2007-09-14 16:30:00.0,Fechamento Interbancário
0.28472,0.28527,2007-09-14 17:35:00.0,Fechamento
0.28441,0.28636,2007-09-17 09:13:00.0,Abertura
0.28524,0.28558,2007-09-17 09:30:00.0,Intermediário
0.28511,0.28554,2007-09-17 10:00:00.0,Intermediário
0.28595,0.2863,2007-09-17 10:30:00.0,Intermediário
0.28492,0.28539,2007-09-17 11:00:00.0,Intermediário
0.28517,0.28549,2007-09-17 11:30:00.0,Intermediário
0.28554,0.28576,2007-09-17 12:20:00.0,Intermediário
0.28577,0.28611,2007-09-17 12:30:00.0,Intermediário
0.28549,0.28577,2007-09-17 13:00:00.0,Intermediário
0.28566,0.28609,2007-09-17 13:30:00.0,Intermediário
0.28561,0.28601,2007-09-17 14:00:00.0,Intermediário
0.28544,0.28571,2007-09-17 14:30:00.0,Intermediário
0.28545,0.28585,2007-09-17 15:00:00.0,Intermediário
0.28592,0.28664,2007-09-17 15:30:00.0,Intermediário
0.28675,0.28727,2007-09-17 16:00:00.0,Intermediário
0.28638,0.28689,2007-09-17 16:30:00.0,Fechamento Interbancário
0.28526,0.28574,2007-09-17 17:35:00.0,Fechamento
0.28501,0.28667,2007-09-18 09:24:00.0,Abertura
0.28483,0.28536,2007-09-18 09:30:00.0,Intermediário
0.28455,0.28502,2007-09-18 10:00:00.0,Intermediário
0.28395,0.28451,2007-09-18 10:30:00.0,Intermediário
0.28446,0.28475,2007-09-18 11:00:00.0,Intermediário
0.2846,0.28516,2007-09-18 11:30:00.0,Intermediário
0.28385,0.28419,2007-09-18 12:00:00.0,Intermediário
0.28362,0.28417,2007-09-18 12:30:00.0,Intermediário
0.28399,0.28442,2007-09-18 13:52:00.0,Intermediário
0.28404,0.2845,2007-09-18 13:54:00.0,Intermediário
0.28365,0.28437,2007-09-18 14:00:00.0,Intermediário
0.28416,0.28458,2007-09-18 14:30:00.0,Intermediário
0.28367,0.28423,2007-09-18 15:00:00.0,Intermediário
0.28284,0.28329,2007-09-18 15:30:00.0,Intermediário
0.2829,0.28338,2007-09-18 16:00:00.0,Intermediário
0.28271,0.28338,2007-09-18 16:30:00.0,Fechamento Interbancário
0.28576,0.28625,2007-09-18 17:52:00.0,Fechamento
0.2807,0.28263,2007-09-19 09:25:00.0,Abertura
0.28159,0.28227,2007-09-19 09:30:00.0,Intermediário
0.28109,0.28152,2007-09-19 10:00:00.0,Intermediário
0.28115,0.2815,2007-09-19 11:05:00.0,Intermediário
0.2814,0.28174,2007-09-19 11:19:00.0,Intermediário
0.28181,0.28235,2007-09-19 12:18:00.0,Intermediário
0.28099,0.28172,2007-09-19 12:23:00.0,Intermediário
0.28098,0.28142,2007-09-19 12:40:00.0,Intermediário
0.28215,0.28258,2007-09-19 13:00:00.0,Intermediário
0.28222,0.28256,2007-09-19 13:30:00.0,Intermediário
0.28253,0.28301,2007-09-19 14:00:00.0,Intermediário
0.28199,0.28272,2007-09-19 14:30:00.0,Intermediário
0.28125,0.28229,2007-09-19 15:00:00.0,Intermediário
0.28282,0.28355,2007-09-19 15:30:00.0,Intermediário
0.28219,0.28292,2007-09-19 16:00:00.0,Intermediário
0.28246,0.28308,2007-09-19 16:30:00.0,Fechamento Interbancário
0.28187,0.28231,2007-09-19 18:03:00.0,Fechamento
0.28331,0.28496,2007-09-20 09:17:00.0,Abertura
0.28363,0.28407,2007-09-20 09:30:00.0,Intermediário
0.28303,0.28349,2007-09-20 10:00:00.0,Intermediário
0.28326,0.2837,2007-09-20 10:30:00.0,Intermediário
0.28361,0.28409,2007-09-20 11:00:00.0,Intermediário
0.28375,0.28423,2007-09-20 11:30:00.0,Intermediário
0.28407,0.28455,2007-09-20 12:00:00.0,Intermediário
0.28344,0.28384,2007-09-20 12:30:00.0,Intermediário
0.28346,0.28398,2007-09-20 13:00:00.0,Intermediário
0.28331,0.28388,2007-09-20 13:30:00.0,Intermediário
0.28325,0.28373,2007-09-20 14:00:00.0,Intermediário
0.28615,0.28659,2007-09-20 14:30:00.0,Intermediário
0.28622,0.2869,2007-09-20 15:00:00.0,Intermediário
0.28661,0.28707,2007-09-20 15:30:00.0,Intermediário
0.28703,0.28752,2007-09-20 16:00:00.0,Intermediário
0.28748,0.28797,2007-09-20 16:30:00.0,Fechamento Interbancário
0.28471,0.28501,2007-09-20 17:39:00.0,Fechamento
0.28285,0.28481,2007-09-21 09:23:00.0,Abertura
0.28421,0.28459,2007-09-21 09:30:00.0,Intermediário
0.28374,0.28448,2007-09-21 10:00:00.0,Intermediário
0.28445,0.28502,2007-09-21 10:30:00.0,Intermediário
0.28449,0.2849,2007-09-21 11:00:00.0,Intermediário
0.28472,0.28515,2007-09-21 11:30:00.0,Intermediário
0.28473,0.28518,2007-09-21 12:00:00.0,Intermediário
0.28438,0.28522,2007-09-21 12:30:00.0,Intermediário
0.28474,0.28522,2007-09-21 13:00:00.0,Intermediário
0.28513,0.28557,2007-09-21 13:30:00.0,Intermediário
0.28515,0.28568,2007-09-21 14:00:00.0,Intermediário
0.28497,0.28571,2007-09-21 14:30:00.0,Intermediário
0.28553,0.28606,2007-09-21 15:00:00.0,Intermediário
0.28576,0.28628,2007-09-21 15:30:00.0,Intermediário
0.28594,0.28651,2007-09-21 16:00:00.0,Intermediário
0.28617,0.28668,2007-09-21 16:30:00.0,Fechamento Interbancário
0.28525,0.28558,2007-09-21 17:34:00.0,Fechamento
0.28542,0.28739,2007-09-24 09:17:00.0,Abertura
0.28569,0.28643,2007-09-24 09:30:00.0,Intermediário
0.28597,0.28645,2007-09-24 10:00:00.0,Intermediário
0.28587,0.28616,2007-09-24 10:30:00.0,Intermediário
0.28643,0.28718,2007-09-24 11:00:00.0,Intermediário
0.28705,0.28761,2007-09-24 11:30:00.0,Intermediário
0.28666,0.28699,2007-09-24 12:00:00.0,Intermediário
0.28664,0.28697,2007-09-24 12:30:00.0,Intermediário
0.28706,0.28741,2007-09-24 13:00:00.0,Intermediário
0.2869,0.28765,2007-09-24 13:30:00.0,Intermediário
0.2871,0.28758,2007-09-24 14:00:00.0,Intermediário
0.28682,0.28757,2007-09-24 14:30:00.0,Intermediário
0.28669,0.28713,2007-09-24 15:00:00.0,Intermediário
0.28724,0.28782,2007-09-24 15:30:00.0,Intermediário
0.2869,0.28738,2007-09-24 16:00:00.0,Intermediário
0.28674,0.28725,2007-09-24 16:30:00.0,Fechamento Interbancário
0.28667,0.287,2007-09-24 17:43:00.0,Fechamento
0.28631,0.28798,2007-09-25 09:24:00.0,Abertura
0.28674,0.2872,2007-09-25 09:30:00.0,Intermediário
0.28704,0.28812,2007-09-25 10:00:00.0,Intermediário
0.28697,0.28758,2007-09-25 10:30:00.0,Intermediário
0.28698,0.28812,2007-09-25 11:00:00.0,Intermediário
0.28666,0.28693,2007-09-25 11:30:00.0,Intermediário
0.28604,0.28652,2007-09-25 12:01:00.0,Intermediário
0.28618,0.28662,2007-09-25 12:30:00.0,Intermediário
0.28644,0.28668,2007-09-25 13:00:00.0,Intermediário
0.28667,0.287,2007-09-25 13:30:00.0,Intermediário
0.28664,0.28712,2007-09-25 14:00:00.0,Intermediário
0.28673,0.28706,2007-09-25 14:30:00.0,Intermediário
0.28564,0.28648,2007-09-25 15:00:00.0,Intermediário
0.28591,0.28648,2007-09-25 15:31:00.0,Intermediário
0.28566,0.28599,2007-09-25 16:00:00.0,Intermediário
0.28579,0.28607,2007-09-25 16:30:00.0,Fechamento Interbancário
0.28668,0.28693,2007-09-25 17:36:00.0,Fechamento
0.28277,0.28442,2007-09-26 09:29:00.0,Abertura
0.28309,0.28385,2007-09-26 09:30:00.0,Intermediário
0.28229,0.28281,2007-09-26 10:00:00.0,Intermediário
0.28268,0.28312,2007-09-26 10:30:00.0,Intermediário
0.28262,0.28315,2007-09-26 11:00:00.0,Intermediário
0.28272,0.28329,2007-09-26 11:34:00.0,Intermediário
0.28263,0.28307,2007-09-26 12:00:00.0,Intermediário
0.28221,0.28264,2007-09-26 12:30:00.0,Intermediário
0.2829,0.28334,2007-09-26 13:00:00.0,Intermediário
0.28283,0.28326,2007-09-26 13:30:00.0,Intermediário
0.28254,0.28328,2007-09-26 14:00:00.0,Intermediário
0.28272,0.28319,2007-09-26 14:30:00.0,Intermediário
0.28317,0.28375,2007-09-26 15:00:00.0,Intermediário
0.28329,0.2838,2007-09-26 15:36:00.0,Intermediário
0.2823,0.28249,2007-09-26 16:07:00.0,Intermediário
0.28195,0.28253,2007-09-26 16:30:00.0,Fechamento Interbancário
0.28233,0.28288,2007-09-26 17:40:00.0,Fechamento
0.28196,0.28354,2007-09-27 09:15:00.0,Abertura
0.28251,0.28299,2007-09-27 09:30:00.0,Intermediário
0.28236,0.28282,2007-09-27 10:00:00.0,Intermediário
0.2821,0.28253,2007-09-27 10:30:00.0,Intermediário
0.28247,0.28293,2007-09-27 11:00:00.0,Intermediário
0.2823,0.28276,2007-09-27 11:30:00.0,Intermediário
0.28195,0.28239,2007-09-27 12:00:00.0,Intermediário
0.28176,0.28243,2007-09-27 12:30:00.0,Intermediário
0.28191,0.28233,2007-09-27 13:00:00.0,Intermediário
0.28184,0.28232,2007-09-27 13:30:00.0,Intermediário
0.28168,0.28241,2007-09-27 14:00:00.0,Intermediário
0.28189,0.28263,2007-09-27 14:30:00.0,Intermediário
0.28189,0.28247,2007-09-27 15:00:00.0,Intermediário
0.28172,0.28241,2007-09-27 15:30:00.0,Intermediário
0.28262,0.28291,2007-09-27 16:00:00.0,Intermediário
0.28231,0.28268,2007-09-27 16:30:00.0,Fechamento Interbancário
0.28202,0.28236,2007-09-27 17:34:00.0,Fechamento
0.28297,0.28455,2007-09-28 09:22:00.0,Abertura
0.28332,0.28377,2007-09-28 09:30:00.0,Intermediário
0.2837,0.28399,2007-09-28 10:00:00.0,Intermediário
0.28383,0.28436,2007-09-28 10:30:00.0,Intermediário
0.28371,0.28415,2007-09-28 11:00:00.0,Intermediário
0.28416,0.2846,2007-09-28 11:30:00.0,Intermediário
0.2844,0.28487,2007-09-28 12:00:00.0,Intermediário
0.28402,0.28439,2007-09-28 12:30:00.0,Intermediário
0.28317,0.28375,2007-09-28 13:00:00.0,Intermediário
0.28391,0.28462,2007-09-28 13:30:00.0,Intermediário
0.28383,0.2844,2007-09-28 14:00:00.0,Intermediário
0.28437,0.28472,2007-09-28 14:30:00.0,Intermediário
0.28398,0.28473,2007-09-28 15:00:00.0,Intermediário
0.28457,0.28501,2007-09-28 15:30:00.0,Intermediário
0.28448,0.28499,2007-09-28 16:00:00.0,Intermediário
0.28433,0.28469,2007-09-28 16:30:00.0,Fechamento Interbancário
0.28528,0.28545,2007-09-28 17:35:00.0,Fechamento
0.28356,0.28537,2007-10-01 09:19:00.0,Abertura
0.28414,0.28458,2007-10-01 09:30:00.0,Intermediário
0.28343,0.28391,2007-10-01 10:00:00.0,Intermediário
0.28229,0.28277,2007-10-01 10:30:00.0,Intermediário
0.28113,0.28321,2007-10-01 11:00:00.0,Intermediário
0.28231,0.28276,2007-10-01 11:30:00.0,Intermediário
0.28255,0.2834,2007-10-01 12:00:00.0,Intermediário
0.28313,0.28353,2007-10-01 12:30:00.0,Intermediário
0.28147,0.28221,2007-10-01 13:00:00.0,Intermediário
0.28152,0.28203,2007-10-01 13:30:00.0,Intermediário
0.28175,0.28224,2007-10-01 14:00:00.0,Intermediário
0.28181,0.28244,2007-10-01 14:30:00.0,Intermediário
0.28205,0.28262,2007-10-01 15:00:00.0,Intermediário
0.28152,0.28216,2007-10-01 15:30:00.0,Intermediário
0.28017,0.28091,2007-10-01 16:00:00.0,Intermediário
0.28035,0.28083,2007-10-01 16:30:00.0,Fechamento Interbancário
0.28263,0.28293,2007-10-01 17:34:00.0,Fechamento
0.27882,0.28054,2007-10-02 09:17:00.0,Abertura
0.27904,0.27946,2007-10-02 09:30:00.0,Intermediário
0.2789,0.27936,2007-10-02 10:00:00.0,Intermediário
0.27935,0.27972,2007-10-02 10:30:00.0,Intermediário
0.28015,0.28059,2007-10-02 11:00:00.0,Intermediário
0.27982,0.28022,2007-10-02 11:30:00.0,Intermediário
0.2807,0.28122,2007-10-02 12:00:00.0,Intermediário
0.27992,0.28036,2007-10-02 12:30:00.0,Intermediário
0.28013,0.28061,2007-10-02 13:00:00.0,Intermediário
0.28011,0.28056,2007-10-02 13:30:00.0,Intermediário
0.27978,0.28013,2007-10-02 14:00:00.0,Intermediário
0.27983,0.28018,2007-10-02 14:30:00.0,Intermediário
0.27985,0.28037,2007-10-02 15:00:00.0,Intermediário
0.27924,0.27981,2007-10-02 15:30:00.0,Intermediário
0.27975,0.28021,2007-10-02 16:00:00.0,Intermediário
0.27976,0.28027,2007-10-02 16:30:00.0,Fechamento Interbancário
0.27972,0.28004,2007-10-02 17:43:00.0,Fechamento
0.28137,0.28313,2007-10-03 09:21:00.0,Abertura
0.28178,0.28208,2007-10-03 09:30:00.0,Intermediário
0.28077,0.28121,2007-10-03 10:00:00.0,Intermediário
0.28075,0.28119,2007-10-03 10:30:00.0,Intermediário
0.28159,0.28266,2007-10-03 11:00:00.0,Intermediário
0.28025,0.2806,2007-10-03 11:30:00.0,Intermediário
0.27999,0.28055,2007-10-03 12:00:00.0,Intermediário
0.28095,0.28138,2007-10-03 12:30:00.0,Intermediário
0.2804,0.28114,2007-10-03 13:00:00.0,Intermediário
0.28051,0.28099,2007-10-03 13:30:00.0,Intermediário
0.28064,0.28111,2007-10-03 14:00:00.0,Intermediário
0.28228,0.2828,2007-10-03 14:30:00.0,Intermediário
0.28268,0.2831,2007-10-03 15:00:00.0,Intermediário
0.2823,0.28282,2007-10-03 15:30:00.0,Intermediário
0.28241,0.28285,2007-10-03 16:00:00.0,Intermediário
0.28208,0.28282,2007-10-03 16:30:00.0,Fechamento Interbancário
0.28033,0.28088,2007-10-03 17:41:00.0,Fechamento
0.28087,0.28256,2007-10-04 09:16:00.0,Abertura
0.28188,0.28236,2007-10-04 09:30:00.0,Intermediário
0.2813,0.28174,2007-10-04 10:00:00.0,Intermediário
0.28046,0.28103,2007-10-04 10:30:00.0,Intermediário
0.28072,0.28128,2007-10-04 11:00:00.0,Intermediário
0.28124,0.28176,2007-10-04 11:30:00.0,Intermediário
0.28056,0.28104,2007-10-04 12:00:00.0,Intermediário
0.2809,0.28138,2007-10-04 12:30:00.0,Intermediário
0.28101,0.28136,2007-10-04 13:00:00.0,Intermediário
0.28107,0.28152,2007-10-04 13:30:00.0,Intermediário
0.28115,0.2816,2007-10-04 14:00:00.0,Intermediário
0.28112,0.28156,2007-10-04 14:30:00.0,Intermediário
0.28013,0.28148,2007-10-04 15:00:00.0,Intermediário
0.27983,0.28056,2007-10-04 15:30:00.0,Intermediário
0.2797,0.28003,2007-10-04 16:00:00.0,Intermediário
0.27998,0.28031,2007-10-04 16:30:00.0,Fechamento Interbancário
0.28054,0.28083,2007-10-04 17:47:00.0,Fechamento
0.27723,0.27918,2007-10-05 09:40:00.0,Abertura
0.27716,0.27759,2007-10-05 09:44:00.0,Intermediário
0.27728,0.27793,2007-10-05 10:00:00.0,Intermediário
0.27798,0.27843,2007-10-05 10:30:00.0,Intermediário
0.28007,0.28045,2007-10-05 11:00:00.0,Intermediário
0.27981,0.28027,2007-10-05 11:30:00.0,Intermediário
0.2795,0.27987,2007-10-05 12:00:00.0,Intermediário
0.27967,0.28015,2007-10-05 12:30:00.0,Intermediário
0.27899,0.27943,2007-10-05 13:00:00.0,Intermediário
0.27899,0.2795,2007-10-05 13:30:00.0,Intermediário
0.27903,0.27938,2007-10-05 14:00:00.0,Intermediário
0.27903,0.27955,2007-10-05 14:30:00.0,Intermediário
0.27899,0.27943,2007-10-05 15:00:00.0,Intermediário
0.27864,0.27913,2007-10-05 15:30:00.0,Intermediário
0.27827,0.27901,2007-10-05 16:00:00.0,Intermediário
0.27868,0.27916,2007-10-05 16:30:00.0,Fechamento Interbancário
0.27951,0.27981,2007-10-05 17:55:00.0,Fechamento
0.27667,0.2783,2007-10-08 09:19:00.0,Abertura
0.27706,0.27758,2007-10-08 09:30:00.0,Intermediário
0.27723,0.2778,2007-10-08 10:00:00.0,Intermediário
0.27714,0.27787,2007-10-08 10:30:00.0,Intermediário
0.27788,0.27831,2007-10-08 11:00:00.0,Intermediário
0.27859,0.27924,2007-10-08 11:30:00.0,Intermediário
0.27819,0.27871,2007-10-08 12:00:00.0,Intermediário
0.27853,0.27927,2007-10-08 12:30:00.0,Intermediário
0.27826,0.27869,2007-10-08 13:00:00.0,Intermediário
0.27809,0.27882,2007-10-08 13:30:00.0,Intermediário
0.27806,0.27871,2007-10-08 14:00:00.0,Intermediário
0.27808,0.27875,2007-10-08 14:30:00.0,Intermediário
0.27814,0.2787,2007-10-08 15:00:00.0,Intermediário
0.2788,0.27917,2007-10-08 15:30:00.0,Intermediário
0.27822,0.27872,2007-10-08 16:00:00.0,Intermediário
0.27814,0.27865,2007-10-08 16:30:00.0,Fechamento Interbancário
0.27761,0.27793,2007-10-08 17:38:00.0,Fechamento
0.27727,0.27894,2007-10-09 09:17:00.0,Abertura
0.27825,0.27862,2007-10-09 09:30:00.0,Intermediário
0.27782,0.2783,2007-10-09 10:00:00.0,Intermediário
0.27699,0.27746,2007-10-09 10:30:00.0,Intermediário
0.2773,0.27778,2007-10-09 11:00:00.0,Intermediário
0.27772,0.27824,2007-10-09 11:30:00.0,Intermediário
0.27799,0.27872,2007-10-09 12:00:00.0,Intermediário
0.27795,0.27827,2007-10-09 12:30:00.0,Intermediário
0.27648,0.27721,2007-10-09 13:00:00.0,Intermediário
0.27682,0.2773,2007-10-09 13:30:00.0,Intermediário
0.27681,0.27729,2007-10-09 14:00:00.0,Intermediário
0.27669,0.27742,2007-10-09 14:30:00.0,Intermediário
0.27672,0.27706,2007-10-09 15:00:00.0,Intermediário
0.27695,0.27743,2007-10-09 15:30:00.0,Intermediário
0.27762,0.27808,2007-10-09 16:00:00.0,Intermediário
0.27713,0.2776,2007-10-09 16:30:00.0,Fechamento Interbancário
0.27852,0.2788,2007-10-09 18:01:00.0,Fechamento
0.27837,0.28003,2007-10-10 09:22:00.0,Abertura
0.27904,0.27948,2007-10-10 09:30:00.0,Intermediário
0.27893,0.27967,2007-10-10 10:00:00.0,Intermediário
0.279,0.27942,2007-10-10 10:30:00.0,Intermediário
0.27902,0.27959,2007-10-10 11:00:00.0,Intermediário
0.27924,0.27961,2007-10-10 11:30:00.0,Intermediário
0.27886,0.27928,2007-10-10 12:00:00.0,Intermediário
0.27836,0.27942,2007-10-10 12:30:00.0,Intermediário
0.27877,0.27951,2007-10-10 13:00:00.0,Intermediário
0.27853,0.2796,2007-10-10 13:30:00.0,Intermediário
0.27872,0.27929,2007-10-10 14:00:00.0,Intermediário
0.27842,0.27899,2007-10-10 14:30:00.0,Intermediário
0.27871,0.2792,2007-10-10 15:00:00.0,Intermediário
0.27896,0.27945,2007-10-10 15:30:00.0,Intermediário
0.27876,0.27911,2007-10-10 16:00:00.0,Intermediário
0.2787,0.27935,2007-10-10 16:30:00.0,Fechamento Interbancário
0.27901,0.27947,2007-10-10 17:39:00.0,Fechamento
0.27732,0.27892,2007-10-11 09:22:00.0,Abertura
0.27809,0.27856,2007-10-11 09:30:00.0,Intermediário
0.27809,0.27858,2007-10-11 10:00:00.0,Intermediário
0.27856,0.27899,2007-10-11 10:30:00.0,Intermediário
0.27842,0.27884,2007-10-11 11:00:00.0,Intermediário
0.27902,0.27959,2007-10-11 11:30:00.0,Intermediário
0.27994,0.28043,2007-10-11 12:00:00.0,Intermediário
0.27954,0.27999,2007-10-11 12:30:00.0,Intermediário
0.27947,0.27982,2007-10-11 13:00:00.0,Intermediário
0.27904,0.27979,2007-10-11 13:30:00.0,Intermediário
0.27883,0.27958,2007-10-11 14:00:00.0,Intermediário
0.27906,0.2798,2007-10-11 14:30:00.0,Intermediário
0.27913,0.27988,2007-10-11 15:00:00.0,Intermediário
0.28083,0.28157,2007-10-11 15:30:00.0,Intermediário
0.28069,0.28177,2007-10-11 16:00:00.0,Intermediário
0.28031,0.28079,2007-10-11 16:30:00.0,Fechamento Interbancário
0.27847,0.27877,2007-10-11 17:41:00.0,Fechamento
0.28116,0.28292,2007-10-15 09:18:00.0,Abertura
0.28123,0.28198,2007-10-15 09:30:00.0,Intermediário
0.28151,0.28198,2007-10-15 10:00:00.0,Intermediário
0.28144,0.28173,2007-10-15 10:30:00.0,Intermediário
0.28029,0.28071,2007-10-15 11:00:00.0,Intermediário
0.27997,0.28072,2007-10-15 11:30:00.0,Intermediário
0.28093,0.2815,2007-10-15 12:00:00.0,Intermediário
0.28063,0.28092,2007-10-15 12:30:00.0,Intermediário
0.28102,0.28151,2007-10-15 13:00:00.0,Intermediário
0.28065,0.28113,2007-10-15 13:30:00.0,Intermediário
0.28045,0.2812,2007-10-15 14:00:00.0,Intermediário
0.28126,0.28146,2007-10-15 14:30:00.0,Intermediário
0.28231,0.2826,2007-10-15 15:00:00.0,Intermediário
0.28146,0.28205,2007-10-15 15:30:00.0,Intermediário
0.28204,0.28261,2007-10-15 16:00:00.0,Intermediário
0.28209,0.28268,2007-10-15 16:30:00.0,Fechamento Interbancário
0.281,0.28156,2007-10-15 17:39:00.0,Fechamento
0.28046,0.28218,2007-10-16 09:17:00.0,Abertura
0.28119,0.28154,2007-10-16 09:30:00.0,Intermediário
0.2813,0.28198,2007-10-16 10:00:00.0,Intermediário
0.28188,0.28237,2007-10-16 10:30:00.0,Intermediário
0.28166,0.28199,2007-10-16 11:00:00.0,Intermediário
0.28156,0.28197,2007-10-16 11:30:00.0,Intermediário
0.28272,0.28329,2007-10-16 12:00:00.0,Intermediário
0.28272,0.28347,2007-10-16 12:30:00.0,Intermediário
0.28261,0.283,2007-10-16 13:00:00.0,Intermediário
0.28232,0.28266,2007-10-16 13:30:00.0,Intermediário
0.28189,0.28233,2007-10-16 14:00:00.0,Intermediário
0.28207,0.28256,2007-10-16 14:30:00.0,Intermediário
0.28168,0.28204,2007-10-16 15:00:00.0,Intermediário
0.28042,0.28116,2007-10-16 15:30:00.0,Intermediário
0.28057,0.28116,2007-10-16 16:00:00.0,Intermediário
0.28048,0.2809,2007-10-16 16:30:00.0,Fechamento Interbancário
0.28194,0.28232,2007-10-16 17:39:00.0,Fechamento
0.27924,0.28092,2007-10-17 09:22:00.0,Abertura
0.2796,0.28017,2007-10-17 09:30:00.0,Intermediário
0.2804,0.28085,2007-10-17 10:00:00.0,Intermediário
0.28015,0.28064,2007-10-17 10:30:00.0,Intermediário
0.28023,0.28071,2007-10-17 11:00:00.0,Intermediário
0.27962,0.28011,2007-10-17 11:30:00.0,Intermediário
0.28003,0.28078,2007-10-17 12:00:00.0,Intermediário
0.28038,0.28082,2007-10-17 12:30:00.0,Intermediário
0.27963,0.28012,2007-10-17 13:00:00.0,Intermediário
0.27963,0.28,2007-10-17 13:30:00.0,Intermediário
0.27975,0.28019,2007-10-17 14:00:00.0,Intermediário
0.28061,0.28106,2007-10-17 14:30:00.0,Intermediário
0.28093,0.2814,2007-10-17 15:00:00.0,Intermediário
0.28146,0.28198,2007-10-17 15:30:00.0,Intermediário
0.28178,0.28252,2007-10-17 16:00:00.0,Intermediário
0.28193,0.28235,2007-10-17 16:30:00.0,Fechamento Interbancário
0.28069,0.28107,2007-10-17 18:12:00.0,Fechamento
0.28139,0.28301,2007-10-18 09:16:00.0,Abertura
0.28165,0.28229,2007-10-18 09:30:00.0,Intermediário
0.28244,0.28293,2007-10-18 10:00:00.0,Intermediário
0.28342,0.28387,2007-10-18 10:30:00.0,Intermediário
0.28305,0.28363,2007-10-18 11:00:00.0,Intermediário
0.28233,0.28308,2007-10-18 11:30:00.0,Intermediário
0.28282,0.28325,2007-10-18 12:00:00.0,Intermediário
0.28207,0.28247,2007-10-18 12:30:00.0,Intermediário
0.28116,0.28136,2007-10-18 13:00:00.0,Intermediário
0.28128,0.28157,2007-10-18 13:30:00.0,Intermediário
0.28086,0.28146,2007-10-18 14:00:00.0,Intermediário
0.28108,0.28142,2007-10-18 14:30:00.0,Intermediário
0.2802,0.28095,2007-10-18 15:00:00.0,Intermediário
0.27936,0.27972,2007-10-18 15:30:00.0,Intermediário
0.27783,0.27857,2007-10-18 16:00:00.0,Intermediário
0.278,0.27833,2007-10-18 16:30:00.0,Fechamento Interbancário
0.28132,0.28162,2007-10-18 17:33:00.0,Fechamento
0.27808,0.27972,2007-10-19 09:22:00.0,Abertura
0.27857,0.27901,2007-10-19 09:30:00.0,Intermediário
0.27844,0.27919,2007-10-19 10:00:00.0,Intermediário
0.27916,0.27951,2007-10-19 10:30:00.0,Intermediário
0.27835,0.27863,2007-10-19 11:00:00.0,Intermediário
0.27796,0.27845,2007-10-19 11:30:00.0,Intermediário
0.27907,0.27956,2007-10-19 12:00:00.0,Intermediário
0.27908,0.27957,2007-10-19 12:30:00.0,Intermediário
0.27939,0.27985,2007-10-19 13:00:00.0,Intermediário
0.27913,0.27987,2007-10-19 13:30:00.0,Intermediário
0.27959,0.28008,2007-10-19 14:00:00.0,Intermediário
0.27865,0.27913,2007-10-19 14:30:00.0,Intermediário
0.27928,0.27992,2007-10-19 15:00:00.0,Intermediário
0.28014,0.28059,2007-10-19 15:30:00.0,Intermediário
0.27964,0.28039,2007-10-19 16:00:00.0,Intermediário
0.28047,0.28084,2007-10-19 16:30:00.0,Fechamento Interbancário
0.27932,0.27966,2007-10-19 17:40:00.0,Fechamento
0.28133,0.283,2007-10-22 09:21:00.0,Abertura
0.2818,0.28208,2007-10-22 09:30:00.0,Intermediário
0.28242,0.28286,2007-10-22 10:00:00.0,Intermediário
0.28118,0.28166,2007-10-22 10:30:00.0,Intermediário
0.28063,0.28105,2007-10-22 11:00:00.0,Intermediário
0.28099,0.28135,2007-10-22 11:30:00.0,Intermediário
0.27934,0.28008,2007-10-22 12:00:00.0,Intermediário
0.27892,0.2794,2007-10-22 12:30:00.0,Intermediário
0.27962,0.28035,2007-10-22 13:00:00.0,Intermediário
0.27951,0.27997,2007-10-22 13:30:00.0,Intermediário
0.2793,0.27967,2007-10-22 14:00:00.0,Intermediário
0.27893,0.27936,2007-10-22 14:30:00.0,Intermediário
0.27793,0.27826,2007-10-22 15:00:00.0,Intermediário
0.27809,0.27883,2007-10-22 15:30:00.0,Intermediário
0.27933,0.27966,2007-10-22 16:00:00.0,Intermediário
0.27935,0.27978,2007-10-22 16:30:00.0,Fechamento Interbancário
0.27994,0.28018,2007-10-22 17:40:00.0,Fechamento
0.2783,0.27989,2007-10-23 09:15:00.0,Abertura
0.27868,0.2794,2007-10-23 09:30:00.0,Intermediário
0.27877,0.27923,2007-10-23 10:00:00.0,Intermediário
0.27948,0.27988,2007-10-23 10:30:00.0,Intermediário
0.27945,0.27994,2007-10-23 11:00:00.0,Intermediário
0.27891,0.27927,2007-10-23 11:30:00.0,Intermediário
0.27849,0.27886,2007-10-23 12:00:00.0,Intermediário
0.27872,0.27901,2007-10-23 12:30:00.0,Intermediário
0.27795,0.27829,2007-10-23 13:00:00.0,Intermediário
0.27784,0.27811,2007-10-23 13:30:00.0,Intermediário
0.27797,0.27839,2007-10-23 14:00:00.0,Intermediário
0.27851,0.27893,2007-10-23 14:30:00.0,Intermediário
0.27806,0.27826,2007-10-23 15:00:00.0,Intermediário
0.27817,0.27862,2007-10-23 15:30:00.0,Intermediário
0.27774,0.27848,2007-10-23 16:00:00.0,Intermediário
0.27811,0.27859,2007-10-23 16:30:00.0,Fechamento Interbancário
0.27887,0.27917,2007-10-23 17:45:00.0,Fechamento
0.27783,0.27942,2007-10-24 09:17:00.0,Abertura
0.27822,0.2787,2007-10-24 09:30:00.0,Intermediário
0.27774,0.27812,2007-10-24 10:00:00.0,Intermediário
0.27801,0.27838,2007-10-24 10:30:00.0,Intermediário
0.27756,0.27862,2007-10-24 11:00:00.0,Intermediário
0.27717,0.27757,2007-10-24 11:30:00.0,Intermediário
0.27699,0.27744,2007-10-24 12:00:00.0,Intermediário
0.27708,0.27747,2007-10-24 12:30:00.0,Intermediário
0.27703,0.27742,2007-10-24 13:00:00.0,Intermediário
0.27735,0.27781,2007-10-24 13:30:00.0,Intermediário
0.2779,0.27838,2007-10-24 14:00:00.0,Intermediário
0.27852,0.2788,2007-10-24 14:30:00.0,Intermediário
0.27831,0.2789,2007-10-24 15:00:00.0,Intermediário
0.27809,0.27857,2007-10-24 15:30:00.0,Intermediário
0.27797,0.27849,2007-10-24 16:00:00.0,Intermediário
0.27872,0.27902,2007-10-24 16:30:00.0,Fechamento Interbancário
0.27719,0.27746,2007-10-24 17:38:00.0,Fechamento
0.27619,0.27785,2007-10-25 09:10:00.0,Abertura
0.27676,0.2775,2007-10-25 09:30:00.0,Intermediário
0.27745,0.27786,2007-10-25 10:00:00.0,Intermediário
0.27759,0.27855,2007-10-25 10:30:00.0,Intermediário
0.27767,0.27816,2007-10-25 11:00:00.0,Intermediário
0.27791,0.27835,2007-10-25 11:30:00.0,Intermediário
0.27769,0.27825,2007-10-25 12:00:00.0,Intermediário
0.27739,0.27796,2007-10-25 12:30:00.0,Intermediário
0.27741,0.27775,2007-10-25 13:00:00.0,Intermediário
0.27732,0.2778,2007-10-25 13:30:00.0,Intermediário
0.27731,0.27776,2007-10-25 14:00:00.0,Intermediário
0.27829,0.27885,2007-10-25 14:30:00.0,Intermediário
0.27774,0.27848,2007-10-25 15:00:00.0,Intermediário
0.27883,0.27939,2007-10-25 15:30:00.0,Intermediário
0.2787,0.27916,2007-10-25 16:00:00.0,Intermediário
0.27863,0.27909,2007-10-25 16:30:00.0,Fechamento Interbancário
0.27797,0.27825,2007-10-25 17:37:00.0,Fechamento
0.27691,0.2786,2007-10-26 09:23:00.0,Abertura
0.27718,0.27784,2007-10-26 09:30:00.0,Intermediário
0.27793,0.27818,2007-10-26 10:00:00.0,Intermediário
0.27757,0.27811,2007-10-26 10:30:00.0,Intermediário
0.27735,0.27803,2007-10-26 11:00:00.0,Intermediário
0.27769,0.27797,2007-10-26 11:30:00.0,Intermediário
0.27765,0.27798,2007-10-26 12:00:00.0,Intermediário
0.27827,0.27866,2007-10-26 12:30:00.0,Intermediário
0.27808,0.27848,2007-10-26 13:00:00.0,Intermediário
0.27794,0.27868,2007-10-26 13:30:00.0,Intermediário
0.27794,0.2784,2007-10-26 14:00:00.0,Intermediário
0.27801,0.27845,2007-10-26 14:30:00.0,Intermediário
0.27759,0.27796,2007-10-26 15:00:00.0,Intermediário
0.27729,0.27773,2007-10-26 15:30:00.0,Intermediário
0.27626,0.27679,2007-10-26 16:00:00.0,Intermediário
0.27642,0.27684,2007-10-26 16:30:00.0,Fechamento Interbancário
0.27742,0.27781,2007-10-26 17:40:00.0,Fechamento
0.27602,0.27777,2007-10-29 09:09:00.0,Abertura
0.27614,0.27667,2007-10-29 09:30:00.0,Intermediário
0.27649,0.27673,2007-10-29 10:00:00.0,Intermediário
0.27618,0.27645,2007-10-29 10:30:00.0,Intermediário
0.27636,0.27656,2007-10-29 11:00:00.0,Intermediário
0.27618,0.27638,2007-10-29 11:30:00.0,Intermediário
0.27545,0.27593,2007-10-29 12:00:00.0,Intermediário
0.27562,0.27611,2007-10-29 12:30:00.0,Intermediário
0.27536,0.27585,2007-10-29 13:00:00.0,Intermediário
0.2756,0.27601,2007-10-29 13:30:00.0,Intermediário
0.27539,0.27586,2007-10-29 14:00:00.0,Intermediário
0.27468,0.27535,2007-10-29 14:30:00.0,Intermediário
0.27405,0.27425,2007-10-29 15:00:00.0,Intermediário
0.27435,0.2751,2007-10-29 15:30:00.0,Intermediário
0.27454,0.27499,2007-10-29 16:00:00.0,Intermediário
0.27471,0.27538,2007-10-29 16:30:00.0,Fechamento Interbancário
0.27529,0.27577,2007-10-29 17:35:00.0,Fechamento
0.27509,0.27709,2007-10-30 09:19:00.0,Abertura
0.27616,0.27653,2007-10-30 09:30:00.0,Intermediário
0.27635,0.27672,2007-10-30 10:00:00.0,Intermediário
0.27598,0.27622,2007-10-30 10:30:00.0,Intermediário
0.27585,0.27634,2007-10-30 11:00:00.0,Intermediário
0.27537,0.27593,2007-10-30 11:30:00.0,Intermediário
0.27518,0.2758,2007-10-30 12:00:00.0,Intermediário
0.27551,0.27599,2007-10-30 12:30:00.0,Intermediário
0.27477,0.27521,2007-10-30 13:00:00.0,Intermediário
0.27467,0.27542,2007-10-30 13:30:00.0,Intermediário
0.27486,0.27527,2007-10-30 14:00:00.0,Intermediário
0.27459,0.27503,2007-10-30 14:30:00.0,Intermediário
0.27479,0.27524,2007-10-30 15:00:00.0,Intermediário
0.27533,0.27553,2007-10-30 15:30:00.0,Intermediário
0.27493,0.27522,2007-10-30 16:00:00.0,Intermediário
0.27472,0.27512,2007-10-30 16:30:00.0,Fechamento Interbancário
0.27509,0.27547,2007-10-30 17:37:00.0,Fechamento
0.27287,0.2747,2007-10-31 09:15:00.0,Abertura
0.27387,0.27445,2007-10-31 09:30:00.0,Intermediário
0.27435,0.27471,2007-10-31 10:00:00.0,Intermediário
0.27368,0.27425,2007-10-31 10:30:00.0,Intermediário
0.27395,0.27439,2007-10-31 11:00:00.0,Intermediário
0.27346,0.27381,2007-10-31 11:30:00.0,Intermediário
0.27323,0.27378,2007-10-31 12:00:00.0,Intermediário
0.2725,0.27291,2007-10-31 12:30:00.0,Intermediário
0.27249,0.27289,2007-10-31 13:01:00.0,Intermediário
0.27245,0.27287,2007-10-31 13:30:00.0,Intermediário
0.27315,0.27381,2007-10-31 14:00:00.0,Intermediário
0.27288,0.27363,2007-10-31 14:30:00.0,Intermediário
0.27293,0.27326,2007-10-31 15:00:00.0,Intermediário
0.27289,0.27334,2007-10-31 15:30:00.0,Intermediário
0.272,0.27274,2007-10-31 16:00:00.0,Intermediário
0.272,0.27258,2007-10-31 16:30:00.0,Fechamento Interbancário
0.27329,0.27384,2007-10-31 17:47:00.0,Fechamento
0.27154,0.27324,2007-11-01 09:15:00.0,Abertura
0.2722,0.27255,2007-11-01 09:30:00.0,Intermediário
0.27248,0.27285,2007-11-01 10:00:00.0,Intermediário
0.27323,0.27363,2007-11-01 10:30:00.0,Intermediário
0.27329,0.27372,2007-11-01 11:00:00.0,Intermediário
0.27307,0.27346,2007-11-01 11:30:00.0,Intermediário
0.27251,0.27299,2007-11-01 12:00:00.0,Intermediário
0.27296,0.27336,2007-11-01 12:30:00.0,Intermediário
0.27227,0.27283,2007-11-01 13:00:00.0,Intermediário
0.27224,0.27329,2007-11-01 13:30:00.0,Intermediário
0.2725,0.27294,2007-11-01 14:00:00.0,Intermediário
0.27299,0.27348,2007-11-01 14:30:00.0,Intermediário
0.27283,0.27313,2007-11-01 15:00:00.0,Intermediário
0.27208,0.27256,2007-11-01 15:30:00.0,Intermediário
0.27238,0.27271,2007-11-01 16:00:00.0,Intermediário
0.27258,0.2729,2007-11-01 16:30:00.0,Fechamento Interbancário
0.2723,0.27259,2007-11-01 17:49:00.0,Fechamento
0.27358,0.27521,2007-11-05 09:16:00.0,Abertura
0.27401,0.27439,2007-11-05 09:30:00.0,Intermediário
0.27368,0.27425,2007-11-05 10:00:00.0,Intermediário
0.27435,0.27491,2007-11-05 10:30:00.0,Intermediário
0.2742,0.2746,2007-11-05 11:00:00.0,Intermediário
0.27388,0.27462,2007-11-05 11:30:00.0,Intermediário
0.27444,0.27518,2007-11-05 12:00:00.0,Intermediário
0.27496,0.27529,2007-11-05 12:30:00.0,Intermediário
0.27406,0.27453,2007-11-05 13:00:00.0,Intermediário
0.27365,0.27413,2007-11-05 13:30:00.0,Intermediário
0.27372,0.27421,2007-11-05 14:00:00.0,Intermediário
0.27362,0.27399,2007-11-05 14:30:00.0,Intermediário
0.27344,0.27392,2007-11-05 15:00:00.0,Intermediário
0.27346,0.2742,2007-11-05 15:30:00.0,Intermediário
0.27266,0.2734,2007-11-05 16:00:00.0,Intermediário
0.27248,0.27293,2007-11-05 16:30:00.0,Fechamento Interbancário
0.27354,0.27396,2007-11-05 17:40:00.0,Fechamento
0.27326,0.27496,2007-11-06 09:22:00.0,Abertura
0.27351,0.27404,2007-11-06 09:30:00.0,Intermediário
0.27247,0.27321,2007-11-06 10:00:00.0,Intermediário
0.27249,0.27295,2007-11-06 10:30:00.0,Intermediário
0.27162,0.27236,2007-11-06 11:00:00.0,Intermediário
0.27212,0.27265,2007-11-06 11:30:00.0,Intermediário
0.27237,0.27286,2007-11-06 12:00:00.0,Intermediário
0.27223,0.27271,2007-11-06 12:30:00.0,Intermediário
0.2717,0.27214,2007-11-06 13:00:00.0,Intermediário
0.2717,0.2721,2007-11-06 13:30:00.0,Intermediário
0.27106,0.2718,2007-11-06 14:00:00.0,Intermediário
0.27202,0.27243,2007-11-06 14:30:00.0,Intermediário
0.27158,0.27232,2007-11-06 15:00:00.0,Intermediário
0.27221,0.27277,2007-11-06 15:30:00.0,Intermediário
0.27278,0.27322,2007-11-06 16:00:00.0,Intermediário
0.27283,0.27341,2007-11-06 16:30:00.0,Fechamento Interbancário
0.27231,0.27286,2007-11-06 18:12:00.0,Fechamento
0.27349,0.27551,2007-11-07 09:21:00.0,Abertura
0.27526,0.27602,2007-11-07 09:30:00.0,Intermediário
0.27576,0.27621,2007-11-07 10:00:00.0,Intermediário
0.27565,0.27607,2007-11-07 10:30:00.0,Intermediário
0.27625,0.27665,2007-11-07 11:00:00.0,Intermediário
0.27543,0.27576,2007-11-07 11:30:00.0,Intermediário
0.27438,0.27494,2007-11-07 12:00:00.0,Intermediário
0.27475,0.27511,2007-11-07 12:30:00.0,Intermediário
0.27423,0.27465,2007-11-07 13:00:00.0,Intermediário
0.27441,0.27484,2007-11-07 13:30:00.0,Intermediário
0.27506,0.2755,2007-11-07 14:00:00.0,Intermediário
0.27458,0.27527,2007-11-07 14:30:00.0,Intermediário
0.27419,0.27495,2007-11-07 15:00:00.0,Intermediário
0.27525,0.276,2007-11-07 15:30:00.0,Intermediário
0.2757,0.27619,2007-11-07 16:00:00.0,Intermediário
0.27566,0.27634,2007-11-07 16:30:00.0,Fechamento Interbancário
0.27569,0.27618,2007-11-07 17:40:00.0,Fechamento
0.27535,0.27718,2007-11-08 09:21:00.0,Abertura
0.2752,0.27585,2007-11-08 09:30:00.0,Intermediário
0.27417,0.27462,2007-11-08 10:00:00.0,Intermediário
0.27366,0.27398,2007-11-08 10:30:00.0,Intermediário
0.27414,0.27453,2007-11-08 11:00:00.0,Intermediário
0.27409,0.2745,2007-11-08 11:30:00.0,Intermediário
0.27451,0.27493,2007-11-08 12:00:00.0,Intermediário
0.27498,0.2754,2007-11-08 12:30:00.0,Intermediário
0.27505,0.27581,2007-11-08 13:00:00.0,Intermediário
0.27593,0.27635,2007-11-08 13:30:00.0,Intermediário
0.27488,0.27596,2007-11-08 14:00:00.0,Intermediário
0.27499,0.27538,2007-11-08 14:30:00.0,Intermediário
0.27556,0.27601,2007-11-08 15:00:00.0,Intermediário
0.27582,0.27611,2007-11-08 15:30:00.0,Intermediário
0.27602,0.27677,2007-11-08 16:01:00.0,Intermediário
0.27661,0.27706,2007-11-08 16:30:00.0,Fechamento Interbancário
0.27527,0.27554,2007-11-08 17:34:00.0,Fechamento
0.27673,0.27846,2007-11-09 09:15:00.0,Abertura
0.27686,0.27729,2007-11-09 09:30:00.0,Intermediário
0.27645,0.27687,2007-11-09 10:00:00.0,Intermediário
0.27598,0.27629,2007-11-09 10:30:00.0,Intermediário
0.27525,0.2757,2007-11-09 11:00:00.0,Intermediário
0.27482,0.27526,2007-11-09 11:30:00.0,Intermediário
0.27447,0.27537,2007-11-09 12:00:00.0,Intermediário
0.27547,0.27591,2007-11-09 12:30:00.0,Intermediário
0.27624,0.27663,2007-11-09 13:00:00.0,Intermediário
0.27613,0.27654,2007-11-09 13:30:00.0,Intermediário
0.2763,0.27683,2007-11-09 14:00:00.0,Intermediário
0.27649,0.27724,2007-11-09 14:30:00.0,Intermediário
0.27653,0.27728,2007-11-09 15:00:00.0,Intermediário
0.27677,0.27713,2007-11-09 15:30:00.0,Intermediário
0.27553,0.276,2007-11-09 16:00:00.0,Intermediário
0.27567,0.27612,2007-11-09 16:30:00.0,Fechamento Interbancário
0.27618,0.27643,2007-11-09 17:35:00.0,Fechamento
0.27385,0.27554,2007-11-12 09:14:00.0,Abertura
0.27448,0.27475,2007-11-12 09:30:00.0,Intermediário
0.27469,0.27575,2007-11-12 10:00:00.0,Intermediário
0.27642,0.27682,2007-11-12 10:30:00.0,Intermediário
0.27566,0.2761,2007-11-12 11:00:00.0,Intermediário
0.27574,0.2761,2007-11-12 11:30:00.0,Intermediário
0.27576,0.27609,2007-11-12 12:00:00.0,Intermediário
0.27589,0.2763,2007-11-12 12:30:00.0,Intermediário
0.27573,0.27656,2007-11-12 13:00:00.0,Intermediário
0.27685,0.27729,2007-11-12 13:30:00.0,Intermediário
0.27708,0.27746,2007-11-12 14:00:00.0,Intermediário
0.27754,0.27809,2007-11-12 14:30:00.0,Intermediário
0.27745,0.2782,2007-11-12 15:00:00.0,Intermediário
0.2784,0.27898,2007-11-12 15:30:00.0,Intermediário
0.27817,0.27865,2007-11-12 16:00:00.0,Intermediário
0.27826,0.27868,2007-11-12 16:30:00.0,Fechamento Interbancário
0.27782,0.27821,2007-11-12 17:42:00.0,Fechamento
0.27822,0.27992,2007-11-13 09:19:00.0,Abertura
0.27894,0.27933,2007-11-13 09:30:00.0,Intermediário
0.27974,0.28018,2007-11-13 10:00:00.0,Intermediário
0.27862,0.27916,2007-11-13 10:30:00.0,Intermediário
0.2779,0.2783,2007-11-13 11:00:00.0,Intermediário
0.27831,0.27876,2007-11-13 11:30:00.0,Intermediário
0.27781,0.27806,2007-11-13 12:00:00.0,Intermediário
0.27754,0.27862,2007-11-13 12:42:00.0,Intermediário
0.27877,0.27916,2007-11-13 13:00:00.0,Intermediário
0.27902,0.27944,2007-11-13 13:30:00.0,Intermediário
0.27835,0.27857,2007-11-13 14:00:00.0,Intermediário
0.27833,0.27852,2007-11-13 14:30:00.0,Intermediário
0.27821,0.27896,2007-11-13 15:00:00.0,Intermediário
0.27785,0.27831,2007-11-13 15:30:00.0,Intermediário
0.27778,0.27823,2007-11-13 16:00:00.0,Intermediário
0.27802,0.27835,2007-11-13 16:30:00.0,Fechamento Interbancário
0.2784,0.2787,2007-11-13 17:33:00.0,Fechamento
0.27669,0.27845,2007-11-14 09:17:00.0,Abertura
0.27767,0.27811,2007-11-14 09:30:00.0,Intermediário
0.27738,0.27776,2007-11-14 10:00:00.0,Intermediário
0.27771,0.27816,2007-11-14 10:30:00.0,Intermediário
0.2769,0.27724,2007-11-14 11:00:00.0,Intermediário
0.27607,0.27823,2007-11-14 11:30:00.0,Intermediário
0.27593,0.27702,2007-11-14 12:00:00.0,Intermediário
0.27581,0.27624,2007-11-14 12:30:00.0,Intermediário
0.27602,0.27711,2007-11-14 13:00:00.0,Intermediário
0.27641,0.277,2007-11-14 13:30:00.0,Intermediário
0.27633,0.27682,2007-11-14 14:00:00.0,Intermediário
0.2759,0.27636,2007-11-14 14:30:00.0,Intermediário
0.27539,0.27648,2007-11-14 15:00:00.0,Intermediário
0.27554,0.27608,2007-11-14 15:30:00.0,Intermediário
0.27525,0.27601,2007-11-14 16:00:00.0,Intermediário
0.27542,0.27587,2007-11-14 16:30:00.0,Fechamento Interbancário
0.27606,0.27648,2007-11-14 17:36:00.0,Fechamento
0.27401,0.27571,2007-11-16 09:32:00.0,Abertura
0.27446,0.27501,2007-11-16 09:36:00.0,Intermediário
0.27438,0.27482,2007-11-16 10:09:00.0,Intermediário
0.27417,0.2747,2007-11-16 10:30:00.0,Intermediário
0.2744,0.27478,2007-11-16 11:00:00.0,Intermediário
0.27466,0.27511,2007-11-16 11:30:00.0,Intermediário
0.27447,0.2749,2007-11-16 12:00:00.0,Intermediário
0.27428,0.27472,2007-11-16 12:30:00.0,Intermediário
0.27482,0.27524,2007-11-16 13:00:00.0,Intermediário
0.27417,0.2746,2007-11-16 13:30:00.0,Intermediário
0.27465,0.27514,2007-11-16 14:00:00.0,Intermediário
0.27481,0.2753,2007-11-16 14:30:00.0,Intermediário
0.27548,0.27592,2007-11-16 15:00:00.0,Intermediário
0.27537,0.27584,2007-11-16 15:30:00.0,Intermediário
0.27554,0.27601,2007-11-16 16:00:00.0,Intermediário
0.27616,0.2767,2007-11-16 16:30:00.0,Fechamento Interbancário
0.27547,0.27581,2007-11-16 17:34:00.0,Fechamento
0.2745,0.2763,2007-11-19 09:23:00.0,Abertura
0.27605,0.27645,2007-11-19 09:30:00.0,Intermediário
0.27547,0.2759,2007-11-19 10:00:00.0,Intermediário
0.27535,0.2758,2007-11-19 10:30:00.0,Intermediário
0.27509,0.2755,2007-11-19 11:00:00.0,Intermediário
0.27548,0.27597,2007-11-19 11:31:00.0,Intermediário
0.27548,0.27593,2007-11-19 12:00:00.0,Intermediário
0.27555,0.2763,2007-11-19 12:30:00.0,Intermediário
0.27584,0.27608,2007-11-19 13:00:00.0,Intermediário
0.27613,0.27653,2007-11-19 13:30:00.0,Intermediário
0.27604,0.27627,2007-11-19 14:00:00.0,Intermediário
0.27757,0.27814,2007-11-19 14:31:00.0,Intermediário
0.27811,0.27855,2007-11-19 15:00:00.0,Intermediário
0.27797,0.27872,2007-11-19 15:30:00.0,Intermediário
0.27916,0.28,2007-11-19 16:01:00.0,Intermediário
0.27902,0.27928,2007-11-19 16:30:00.0,Fechamento Interbancário
0.27783,0.27807,2007-11-19 17:45:00.0,Fechamento
0.27937,0.28105,2007-11-20 09:24:00.0,Abertura
0.27935,0.28028,2007-11-20 09:51:00.0,Intermediário
0.27918,0.28025,2007-11-20 10:00:00.0,Intermediário
0.27963,0.28006,2007-11-20 10:30:00.0,Intermediário
0.27995,0.28059,2007-11-20 11:15:00.0,Intermediário
0.28058,0.28103,2007-11-20 11:30:00.0,Intermediário
0.2814,0.28179,2007-11-20 12:00:00.0,Intermediário
0.28104,0.28149,2007-11-20 12:30:00.0,Intermediário
0.28027,0.28084,2007-11-20 13:00:00.0,Intermediário
0.28028,0.28104,2007-11-20 13:30:00.0,Intermediário
0.27984,0.28094,2007-11-20 14:00:00.0,Intermediário
0.27963,0.28008,2007-11-20 14:30:00.0,Intermediário
0.27961,0.28026,2007-11-20 15:00:00.0,Intermediário
0.27937,0.2801,2007-11-20 15:30:00.0,Intermediário
0.27926,0.28002,2007-11-20 16:00:00.0,Intermediário
0.27962,0.28016,2007-11-20 16:30:00.0,Fechamento Interbancário
0.28055,0.28091,2007-11-20 17:47:00.0,Fechamento
0.28085,0.28271,2007-11-21 09:13:00.0,Abertura
0.28225,0.28283,2007-11-21 09:30:00.0,Intermediário
0.28263,0.28308,2007-11-21 10:00:00.0,Intermediário
0.28258,0.28315,2007-11-21 10:30:00.0,Intermediário
0.2832,0.28363,2007-11-21 11:00:00.0,Intermediário
0.28298,0.28375,2007-11-21 11:30:00.0,Intermediário
0.28307,0.28371,2007-11-21 12:00:00.0,Intermediário
0.28275,0.28334,2007-11-21 12:30:00.0,Intermediário
0.28289,0.28348,2007-11-21 13:00:00.0,Intermediário
0.28213,0.28256,2007-11-21 13:30:00.0,Intermediário
0.2818,0.28222,2007-11-21 14:00:00.0,Intermediário
0.28204,0.2826,2007-11-21 14:30:00.0,Intermediário
0.28359,0.28403,2007-11-21 15:00:00.0,Intermediário
0.28358,0.28412,2007-11-21 15:30:00.0,Intermediário
0.28352,0.28413,2007-11-21 16:00:00.0,Intermediário
0.28232,0.28309,2007-11-21 16:30:00.0,Fechamento Interbancário
0.28388,0.28446,2007-11-21 18:11:00.0,Fechamento
0.28095,0.28267,2007-11-22 09:24:00.0,Abertura
0.2813,0.28197,2007-11-22 09:30:00.0,Intermediário
0.28133,0.28174,2007-11-22 10:00:00.0,Intermediário
0.28129,0.28176,2007-11-22 10:30:00.0,Intermediário
0.28078,0.2815,2007-11-22 11:00:00.0,Intermediário
0.28103,0.28144,2007-11-22 11:30:00.0,Intermediário
0.28137,0.28173,2007-11-22 12:00:00.0,Intermediário
0.28174,0.28219,2007-11-22 12:30:00.0,Intermediário
0.28138,0.28215,2007-11-22 13:00:00.0,Intermediário
0.28138,0.28215,2007-11-22 13:30:00.0,Intermediário
0.28171,0.28248,2007-11-22 14:00:00.0,Intermediário
0.28227,0.28304,2007-11-22 14:30:00.0,Intermediário
0.28226,0.28303,2007-11-22 15:00:00.0,Intermediário
0.28272,0.28349,2007-11-22 15:30:00.0,Intermediário
0.28314,0.28382,2007-11-22 16:00:00.0,Intermediário
0.28306,0.28365,2007-11-22 16:30:00.0,Fechamento Interbancário
0.28241,0.28281,2007-11-22 17:46:00.0,Fechamento
0.28079,0.28272,2007-11-23 09:17:00.0,Abertura
0.28107,0.28184,2007-11-23 09:30:00.0,Intermediário
0.28311,0.28359,2007-11-23 10:00:00.0,Intermediário
0.28434,0.2848,2007-11-23 10:30:00.0,Intermediário
0.284,0.28459,2007-11-23 11:00:00.0,Intermediário
0.2842,0.28465,2007-11-23 11:30:00.0,Intermediário
0.28504,0.2855,2007-11-23 12:00:00.0,Intermediário
0.28542,0.28597,2007-11-23 12:30:00.0,Intermediário
0.28571,0.28628,2007-11-23 13:00:00.0,Intermediário
0.2864,0.28685,2007-11-23 13:30:00.0,Intermediário
0.28658,0.28703,2007-11-23 14:00:00.0,Intermediário
0.28638,0.28704,2007-11-23 14:30:00.0,Intermediário
0.28687,0.28764,2007-11-23 15:00:00.0,Intermediário
0.28675,0.2872,2007-11-23 15:30:00.0,Intermediário
0.28808,0.28868,2007-11-23 16:00:00.0,Intermediário
0.28749,0.28827,2007-11-23 16:30:00.0,Fechamento Interbancário
0.28644,0.28702,2007-11-23 17:40:00.0,Fechamento
0.28549,0.28755,2007-11-26 09:15:00.0,Abertura
0.28634,0.28693,2007-11-26 09:30:00.0,Intermediário
0.28622,0.28668,2007-11-26 10:00:00.0,Intermediário
0.28635,0.2869,2007-11-26 10:30:00.0,Intermediário
0.28883,0.28931,2007-11-26 11:00:00.0,Intermediário
0.29041,0.2908,2007-11-26 11:30:00.0,Intermediário
0.29076,0.29122,2007-11-26 12:00:00.0,Intermediário
0.29167,0.29207,2007-11-26 12:30:00.0,Intermediário
0.29049,0.29106,2007-11-26 13:00:00.0,Intermediário
0.2908,0.29137,2007-11-26 13:30:00.0,Intermediário
0.29071,0.29122,2007-11-26 14:00:00.0,Intermediário
0.2927,0.29312,2007-11-26 14:30:00.0,Intermediário
0.29294,0.29339,2007-11-26 15:00:00.0,Intermediário
0.29229,0.29308,2007-11-26 15:30:00.0,Intermediário
0.2919,0.29269,2007-11-26 16:00:00.0,Intermediário
0.29196,0.29275,2007-11-26 16:30:00.0,Fechamento Interbancário
0.28991,0.2905,2007-11-26 17:44:00.0,Fechamento
0.29327,0.29501,2007-11-27 09:19:00.0,Abertura
0.29356,0.29434,2007-11-27 09:30:00.0,Intermediário
0.29497,0.29539,2007-11-27 10:00:00.0,Intermediário
0.29661,0.29705,2007-11-27 10:30:00.0,Intermediário
0.29712,0.2978,2007-11-27 11:00:00.0,Intermediário
0.29722,0.29762,2007-11-27 11:30:00.0,Intermediário
0.29588,0.29634,2007-11-27 12:00:00.0,Intermediário
0.29604,0.29653,2007-11-27 12:30:00.0,Intermediário
0.2957,0.29649,2007-11-27 13:00:00.0,Intermediário
0.2951,0.29554,2007-11-27 13:30:00.0,Intermediário
0.29473,0.29515,2007-11-27 14:00:00.0,Intermediário
0.29349,0.29399,2007-11-27 14:30:00.0,Intermediário
0.29241,0.29289,2007-11-27 15:00:00.0,Intermediário
0.29186,0.29232,2007-11-27 15:30:00.0,Intermediário
0.29188,0.29237,2007-11-27 16:00:00.0,Intermediário
0.29213,0.29263,2007-11-27 16:30:00.0,Fechamento Interbancário
0.29441,0.29472,2007-11-27 17:46:00.0,Fechamento
0.28769,0.28939,2007-11-28 09:12:00.0,Abertura
0.28622,0.28679,2007-11-28 09:30:00.0,Intermediário
0.28621,0.28698,2007-11-28 10:00:00.0,Intermediário
0.28599,0.28676,2007-11-28 10:30:00.0,Intermediário
0.28689,0.28734,2007-11-28 11:00:00.0,Intermediário
0.28617,0.28694,2007-11-28 11:30:00.0,Intermediário
0.28581,0.28629,2007-11-28 12:00:00.0,Intermediário
0.28521,0.28598,2007-11-28 12:30:00.0,Intermediário
0.28346,0.28429,2007-11-28 13:00:00.0,Intermediário
0.28334,0.2838,2007-11-28 13:30:00.0,Intermediário
0.28348,0.28394,2007-11-28 14:00:00.0,Intermediário
0.28418,0.28495,2007-11-28 14:30:00.0,Intermediário
0.28322,0.2837,2007-11-28 15:00:00.0,Intermediário
0.28315,0.28362,2007-11-28 15:30:00.0,Intermediário
0.28303,0.2838,2007-11-28 16:00:00.0,Intermediário
0.28339,0.28359,2007-11-28 16:30:00.0,Fechamento Interbancário
0.28449,0.28466,2007-11-28 17:42:00.0,Fechamento
0.28027,0.28209,2007-11-29 09:25:00.0,Abertura
0.2812,0.28167,2007-11-29 09:30:00.0,Intermediário
0.28122,0.28162,2007-11-29 10:00:00.0,Intermediário
0.28317,0.28362,2007-11-29 10:30:00.0,Intermediário
0.28232,0.28268,2007-11-29 11:00:00.0,Intermediário
0.28189,0.28211,2007-11-29 11:30:00.0,Intermediário
0.28143,0.28187,2007-11-29 12:00:00.0,Intermediário
0.28075,0.28121,2007-11-29 12:30:00.0,Intermediário
0.28136,0.28181,2007-11-29 13:00:00.0,Intermediário
0.28147,0.28223,2007-11-29 13:30:00.0,Intermediário
0.28167,0.28203,2007-11-29 14:00:00.0,Intermediário
0.28175,0.2822,2007-11-29 14:30:00.0,Intermediário
0.27942,0.28016,2007-11-29 15:00:00.0,Intermediário
0.28012,0.28059,2007-11-29 15:30:00.0,Intermediário
0.28181,0.28223,2007-11-29 16:00:00.0,Intermediário
0.28197,0.28229,2007-11-29 16:30:00.0,Fechamento Interbancário
0.2813,0.28158,2007-11-29 17:34:00.0,Fechamento
0.27848,0.28019,2007-11-30 09:20:00.0,Abertura
0.27914,0.27959,2007-11-30 09:30:00.0,Intermediário
0.28004,0.28058,2007-11-30 10:00:00.0,Intermediário
0.27946,0.28002,2007-11-30 10:30:00.0,Intermediário
0.27901,0.27944,2007-11-30 11:00:00.0,Intermediário
0.27935,0.2798,2007-11-30 11:30:00.0,Intermediário
0.27934,0.27957,2007-11-30 12:00:00.0,Intermediário
0.27885,0.2793,2007-11-30 12:30:00.0,Intermediário
0.27856,0.27903,2007-11-30 13:00:00.0,Intermediário
0.27782,0.27839,2007-11-30 13:30:00.0,Intermediário
0.27677,0.27721,2007-11-30 14:00:00.0,Intermediário
0.277,0.27741,2007-11-30 14:30:00.0,Intermediário
0.2787,0.27919,2007-11-30 15:00:00.0,Intermediário
0.28197,0.28246,2007-11-30 15:30:00.0,Intermediário
0.28212,0.28269,2007-11-30 16:00:00.0,Intermediário
0.28152,0.28212,2007-11-30 16:30:00.0,Fechamento Interbancário
0.28009,0.28066,2007-11-30 18:50:00.0,Fechamento
0.27823,0.28024,2007-12-03 09:21:00.0,Abertura
0.27883,0.27927,2007-12-03 09:30:00.0,Intermediário
0.27816,0.27873,2007-12-03 10:00:00.0,Intermediário
0.27855,0.27929,2007-12-03 10:30:00.0,Intermediário
0.27973,0.28008,2007-12-03 11:00:00.0,Intermediário
0.27967,0.28011,2007-12-03 11:30:00.0,Intermediário
0.27919,0.27955,2007-12-03 12:00:00.0,Intermediário
0.27961,0.28005,2007-12-03 12:30:00.0,Intermediário
0.2791,0.27957,2007-12-03 13:00:00.0,Intermediário
0.27907,0.27953,2007-12-03 13:30:00.0,Intermediário
0.27885,0.27992,2007-12-03 14:00:00.0,Intermediário
0.27907,0.27942,2007-12-03 14:30:00.0,Intermediário
0.27842,0.2789,2007-12-03 15:00:00.0,Intermediário
0.27869,0.27896,2007-12-03 15:30:00.0,Intermediário
0.28005,0.28062,2007-12-03 16:00:00.0,Intermediário
0.27974,0.28033,2007-12-03 16:30:00.0,Fechamento Interbancário
0.27896,0.27952,2007-12-03 17:51:00.0,Fechamento
0.28155,0.28319,2007-12-04 09:20:00.0,Abertura
0.28177,0.28224,2007-12-04 09:30:00.0,Intermediário
0.28368,0.28408,2007-12-04 10:00:00.0,Intermediário
0.28503,0.28538,2007-12-04 10:30:00.0,Intermediário
0.28516,0.28564,2007-12-04 11:00:00.0,Intermediário
0.28587,0.28634,2007-12-04 11:30:00.0,Intermediário
0.28623,0.28672,2007-12-04 12:00:00.0,Intermediário
0.28553,0.28595,2007-12-04 12:30:00.0,Intermediário
0.28539,0.28595,2007-12-04 13:00:00.0,Intermediário
0.28563,0.2861,2007-12-04 13:30:00.0,Intermediário
0.28587,0.28628,2007-12-04 14:00:00.0,Intermediário
0.28434,0.28478,2007-12-04 14:30:00.0,Intermediário
0.28551,0.28611,2007-12-04 15:00:00.0,Intermediário
0.28418,0.28487,2007-12-04 15:30:00.0,Intermediário
0.28379,0.28424,2007-12-04 16:00:00.0,Intermediário
0.28429,0.28464,2007-12-04 16:30:00.0,Fechamento Interbancário
0.28672,0.28689,2007-12-04 17:38:00.0,Fechamento
0.28121,0.28321,2007-12-05 09:22:00.0,Abertura
0.28179,0.28224,2007-12-05 09:30:00.0,Intermediário
0.28154,0.28198,2007-12-05 10:00:00.0,Intermediário
0.28141,0.28185,2007-12-05 10:30:00.0,Intermediário
0.28183,0.28228,2007-12-05 11:00:00.0,Intermediário
0.28021,0.28045,2007-12-05 11:30:00.0,Intermediário
0.2797,0.28027,2007-12-05 12:00:00.0,Intermediário
0.27975,0.2805,2007-12-05 12:30:00.0,Intermediário
0.28038,0.28091,2007-12-05 13:00:00.0,Intermediário
0.2806,0.28104,2007-12-05 13:30:00.0,Intermediário
0.28018,0.28061,2007-12-05 14:00:00.0,Intermediário
0.27969,0.28025,2007-12-05 14:30:00.0,Intermediário
0.27954,0.27998,2007-12-05 15:00:00.0,Intermediário
0.27975,0.2805,2007-12-05 15:30:00.0,Intermediário
0.2803,0.28086,2007-12-05 16:00:00.0,Intermediário
0.28027,0.28058,2007-12-05 16:30:00.0,Fechamento Interbancário
0.28008,0.28037,2007-12-05 17:31:00.0,Fechamento
0.27604,0.27784,2007-12-06 09:22:00.0,Abertura
0.27691,0.27746,2007-12-06 09:30:00.0,Intermediário
0.27691,0.27739,2007-12-06 10:00:00.0,Intermediário
0.27644,0.27708,2007-12-06 10:30:00.0,Intermediário
0.27726,0.27771,2007-12-06 11:00:00.0,Intermediário
0.27774,0.27827,2007-12-06 11:30:00.0,Intermediário
0.27787,0.27894,2007-12-06 12:00:00.0,Intermediário
0.27873,0.27917,2007-12-06 12:30:00.0,Intermediário
0.27786,0.27815,2007-12-06 13:00:00.0,Intermediário
0.27762,0.27787,2007-12-06 13:30:00.0,Intermediário
0.27752,0.27781,2007-12-06 14:00:00.0,Intermediário
0.27751,0.27771,2007-12-06 14:30:00.0,Intermediário
0.2783,0.27883,2007-12-06 15:00:00.0,Intermediário
0.27732,0.27807,2007-12-06 15:30:00.0,Intermediário
0.27674,0.2771,2007-12-06 16:00:00.0,Intermediário
0.27628,0.27685,2007-12-06 16:30:00.0,Fechamento Interbancário
0.27823,0.27861,2007-12-06 17:46:00.0,Fechamento
0.27476,0.27653,2007-12-07 09:12:00.0,Abertura
0.27561,0.27605,2007-12-07 09:30:00.0,Intermediário
0.27478,0.27513,2007-12-07 10:00:00.0,Intermediário
0.27448,0.27492,2007-12-07 10:30:00.0,Intermediário
0.27492,0.27528,2007-12-07 11:00:00.0,Intermediário
0.27398,0.27538,2007-12-07 11:30:00.0,Intermediário
0.27484,0.2759,2007-12-07 12:00:00.0,Intermediário
0.27551,0.27595,2007-12-07 12:30:00.0,Intermediário
0.27514,0.27564,2007-12-07 13:00:00.0,Intermediário
0.27549,0.27623,2007-12-07 13:30:00.0,Intermediário
0.27536,0.2758,2007-12-07 14:00:00.0,Intermediário
0.27577,0.27613,2007-12-07 14:30:00.0,Intermediário
0.27537,0.27589,2007-12-07 15:00:00.0,Intermediário
0.27455,0.27499,2007-12-07 15:30:00.0,Intermediário
0.2739,0.27457,2007-12-07 16:00:00.0,Intermediário
0.27421,0.27496,2007-12-07 16:30:00.0,Fechamento Interbancário
0.27481,0.27536,2007-12-07 17:35:00.0,Fechamento
0.27288,0.2747,2007-12-10 09:26:00.0,Abertura
0.27375,0.27449,2007-12-10 09:30:00.0,Intermediário
0.27375,0.27407,2007-12-10 10:00:00.0,Intermediário
0.274,0.27443,2007-12-10 10:30:00.0,Intermediário
0.27433,0.27477,2007-12-10 11:00:00.0,Intermediário
0.27489,0.27518,2007-12-10 11:30:00.0,Intermediário
0.27648,0.27676,2007-12-10 12:00:00.0,Intermediário
0.27572,0.27618,2007-12-10 12:30:00.0,Intermediário
0.27539,0.27586,2007-12-10 13:00:00.0,Intermediário
0.27534,0.27577,2007-12-10 13:30:00.0,Intermediário
0.27563,0.27606,2007-12-10 14:00:00.0,Intermediário
0.2756,0.27609,2007-12-10 14:30:00.0,Intermediário
0.27564,0.27612,2007-12-10 15:00:00.0,Intermediário
0.27541,0.27589,2007-12-10 15:30:00.0,Intermediário
0.27536,0.27585,2007-12-10 16:00:00.0,Intermediário
0.27558,0.27587,2007-12-10 16:30:00.0,Fechamento Interbancário
0.27499,0.27524,2007-12-10 17:39:00.0,Fechamento
0.27423,0.27599,2007-12-11 09:20:00.0,Abertura
0.27473,0.2753,2007-12-11 09:30:00.0,Intermediário
0.27516,0.27572,2007-12-11 10:00:00.0,Intermediário
0.27521,0.27561,2007-12-11 10:30:00.0,Intermediário
0.27521,0.27567,2007-12-11 11:00:00.0,Intermediário
0.27495,0.27569,2007-12-11 11:30:00.0,Intermediário
0.27516,0.27568,2007-12-11 12:00:00.0,Intermediário
0.27495,0.27547,2007-12-11 12:30:00.0,Intermediário
0.2747,0.2751,2007-12-11 13:00:00.0,Intermediário
0.27474,0.27514,2007-12-11 13:30:00.0,Intermediário
0.27427,0.27471,2007-12-11 14:00:00.0,Intermediário
0.27464,0.27508,2007-12-11 14:30:00.0,Intermediário
0.27432,0.27488,2007-12-11 15:00:00.0,Intermediário
0.27443,0.27487,2007-12-11 15:30:00.0,Intermediário
0.27373,0.27447,2007-12-11 16:00:00.0,Intermediário
0.27425,0.27462,2007-12-11 16:30:00.0,Fechamento Interbancário
0.27537,0.27571,2007-12-11 17:40:00.0,Fechamento
0.2745,0.27633,2007-12-12 09:19:00.0,Abertura
0.27509,0.27549,2007-12-12 09:30:00.0,Intermediário
0.27494,0.27553,2007-12-12 10:00:00.0,Intermediário
0.27534,0.27572,2007-12-12 10:30:00.0,Intermediário
0.27442,0.27487,2007-12-12 11:00:00.0,Intermediário
0.27526,0.27577,2007-12-12 11:30:00.0,Intermediário
0.27513,0.27553,2007-12-12 12:00:00.0,Intermediário
0.27321,0.27364,2007-12-12 12:30:00.0,Intermediário
0.27319,0.27363,2007-12-12 13:00:00.0,Intermediário
0.27295,0.27357,2007-12-12 13:30:00.0,Intermediário
0.27296,0.27334,2007-12-12 14:00:00.0,Intermediário
0.27355,0.27399,2007-12-12 14:30:00.0,Intermediário
0.27407,0.27464,2007-12-12 15:00:00.0,Intermediário
0.27446,0.27502,2007-12-12 15:30:00.0,Intermediário
0.27575,0.27649,2007-12-12 16:00:00.0,Intermediário
0.2764,0.27697,2007-12-12 16:30:00.0,Fechamento Interbancário
0.27477,0.27516,2007-12-12 17:37:00.0,Fechamento
0.27699,0.27863,2007-12-13 09:18:00.0,Abertura
0.27674,0.27718,2007-12-13 09:30:00.0,Intermediário
0.27635,0.27679,2007-12-13 10:00:00.0,Intermediário
0.27695,0.27739,2007-12-13 10:30:00.0,Intermediário
0.27633,0.27661,2007-12-13 11:00:00.0,Intermediário
0.27551,0.27657,2007-12-13 11:30:00.0,Intermediário
0.27542,0.27583,2007-12-13 12:00:00.0,Intermediário
0.27539,0.27582,2007-12-13 12:30:00.0,Intermediário
0.27425,0.27471,2007-12-13 13:00:00.0,Intermediário
0.27345,0.27388,2007-12-13 13:30:00.0,Intermediário
0.27346,0.27393,2007-12-13 14:00:00.0,Intermediário
0.27398,0.27503,2007-12-13 14:30:00.0,Intermediário
0.27414,0.27458,2007-12-13 15:00:00.0,Intermediário
0.27438,0.27511,2007-12-13 15:30:00.0,Intermediário
0.27528,0.2759,2007-12-13 16:00:00.0,Intermediário
0.27549,0.2759,2007-12-13 16:30:00.0,Fechamento Interbancário
0.27438,0.27476,2007-12-13 17:44:00.0,Fechamento
0.27443,0.27611,2007-12-14 09:21:00.0,Abertura
0.27421,0.27453,2007-12-14 09:30:00.0,Intermediário
0.27487,0.27528,2007-12-14 10:00:00.0,Intermediário
0.27521,0.27568,2007-12-14 10:30:00.0,Intermediário
0.27483,0.27533,2007-12-14 11:00:00.0,Intermediário
0.27623,0.27682,2007-12-14 11:30:00.0,Intermediário
0.27629,0.27653,2007-12-14 12:00:00.0,Intermediário
0.27583,0.27635,2007-12-14 12:30:00.0,Intermediário
0.27498,0.27539,2007-12-14 13:00:00.0,Intermediário
0.2746,0.27512,2007-12-14 13:30:00.0,Intermediário
0.27472,0.27518,2007-12-14 14:00:00.0,Intermediário
0.27519,0.27556,2007-12-14 14:30:00.0,Intermediário
0.27556,0.27624,2007-12-14 15:00:00.0,Intermediário
0.27625,0.27683,2007-12-14 15:30:00.0,Intermediário
0.27623,0.27696,2007-12-14 16:00:00.0,Intermediário
0.27591,0.27649,2007-12-14 16:30:00.0,Fechamento Interbancário
0.27592,0.27647,2007-12-14 17:37:00.0,Fechamento
0.27414,0.27601,2007-12-17 09:20:00.0,Abertura
0.27454,0.27509,2007-12-17 09:30:00.0,Intermediário
0.27529,0.27584,2007-12-17 10:00:00.0,Intermediário
0.27634,0.27672,2007-12-17 10:30:00.0,Intermediário
0.27548,0.27615,2007-12-17 11:00:00.0,Intermediário
0.27623,0.27669,2007-12-17 11:30:00.0,Intermediário
0.275,0.27547,2007-12-17 12:00:00.0,Intermediário
0.27503,0.27571,2007-12-17 12:30:00.0,Intermediário
0.27588,0.27635,2007-12-17 13:00:00.0,Intermediário
0.27595,0.27637,2007-12-17 13:30:00.0,Intermediário
0.27616,0.27653,2007-12-17 14:00:00.0,Intermediário
0.27637,0.27685,2007-12-17 14:30:00.0,Intermediário
0.27598,0.27641,2007-12-17 15:00:00.0,Intermediário
0.27514,0.27569,2007-12-17 15:30:00.0,Intermediário
0.2759,0.27624,2007-12-17 16:00:00.0,Intermediário
0.27579,0.27636,2007-12-17 16:30:00.0,Fechamento Interbancário
0.27571,0.27625,2007-12-17 17:44:00.0,Fechamento
0.27504,0.27675,2007-12-18 09:21:00.0,Abertura
0.27523,0.27587,2007-12-18 09:30:00.0,Intermediário
0.27522,0.27557,2007-12-18 10:00:00.0,Intermediário
0.27578,0.27618,2007-12-18 10:30:00.0,Intermediário
0.27553,0.27596,2007-12-18 11:00:00.0,Intermediário
0.27411,0.27479,2007-12-18 11:30:00.0,Intermediário
0.27462,0.27517,2007-12-18 12:00:00.0,Intermediário
0.27475,0.27548,2007-12-18 12:30:00.0,Intermediário
0.27453,0.27501,2007-12-18 13:00:00.0,Intermediário
0.27404,0.2746,2007-12-18 13:30:00.0,Intermediário
0.27384,0.27435,2007-12-18 14:00:00.0,Intermediário
0.27393,0.27444,2007-12-18 14:30:00.0,Intermediário
0.27493,0.27525,2007-12-18 15:00:00.0,Intermediário
0.27509,0.27541,2007-12-18 15:30:00.0,Intermediário
0.27554,0.27629,2007-12-18 16:00:00.0,Intermediário
0.27607,0.27656,2007-12-18 16:30:00.0,Fechamento Interbancário
0.27551,0.27597,2007-12-18 17:40:00.0,Fechamento
0.27277,0.2747,2007-12-19 09:25:00.0,Abertura
0.27496,0.27528,2007-12-19 09:30:00.0,Intermediário
0.27482,0.27531,2007-12-19 10:00:00.0,Intermediário
0.2746,0.27507,2007-12-19 10:30:00.0,Intermediário
0.27435,0.27482,2007-12-19 11:00:00.0,Intermediário
0.27426,0.27474,2007-12-19 11:30:00.0,Intermediário
0.27372,0.27445,2007-12-19 12:00:00.0,Intermediário
0.27375,0.27436,2007-12-19 12:30:00.0,Intermediário
0.27379,0.27419,2007-12-19 13:00:00.0,Intermediário
0.27279,0.2733,2007-12-19 13:30:00.0,Intermediário
0.27275,0.27315,2007-12-19 14:00:00.0,Intermediário
0.27287,0.27325,2007-12-19 14:30:00.0,Intermediário
0.27224,0.27269,2007-12-19 15:00:00.0,Intermediário
0.27215,0.27263,2007-12-19 15:30:00.0,Intermediário
0.27241,0.27289,2007-12-19 16:00:00.0,Intermediário
0.27287,0.27338,2007-12-19 16:30:00.0,Fechamento Interbancário
0.27288,0.27321,2007-12-19 17:38:00.0,Fechamento
0.27225,0.27401,2007-12-20 09:22:00.0,Abertura
0.27248,0.2732,2007-12-20 09:30:00.0,Intermediário
0.27276,0.27329,2007-12-20 10:00:00.0,Intermediário
0.2734,0.27391,2007-12-20 10:30:00.0,Intermediário
0.27296,0.27399,2007-12-20 11:00:00.0,Intermediário
0.27322,0.27367,2007-12-20 11:30:00.0,Intermediário
0.27289,0.27336,2007-12-20 12:00:00.0,Intermediário
0.27231,0.27282,2007-12-20 12:30:00.0,Intermediário
0.27257,0.27291,2007-12-20 13:00:00.0,Intermediário
0.2719,0.27245,2007-12-20 13:30:00.0,Intermediário
0.27286,0.27327,2007-12-20 14:00:00.0,Intermediário
0.27291,0.27347,2007-12-20 14:30:00.0,Intermediário
0.27367,0.27391,2007-12-20 15:00:00.0,Intermediário
0.27308,0.27372,2007-12-20 15:30:00.0,Intermediário
0.27367,0.27438,2007-12-20 16:00:00.0,Intermediário
0.27371,0.27417,2007-12-20 16:30:00.0,Fechamento Interbancário
0.27347,0.27375,2007-12-20 17:40:00.0,Fechamento
0.272,0.27361,2007-12-21 09:15:00.0,Abertura
0.27249,0.273,2007-12-21 09:30:00.0,Intermediário
0.27306,0.27378,2007-12-21 10:00:00.0,Intermediário
0.27381,0.27424,2007-12-21 10:30:00.0,Intermediário
0.27352,0.274,2007-12-21 11:00:00.0,Intermediário
0.27401,0.27455,2007-12-21 11:30:00.0,Intermediário
0.27359,0.27414,2007-12-21 12:00:00.0,Intermediário
0.27277,0.27349,2007-12-21 12:30:00.0,Intermediário
0.27287,0.27328,2007-12-21 13:00:00.0,Intermediário
0.27291,0.27347,2007-12-21 13:30:00.0,Intermediário
0.27257,0.27306,2007-12-21 14:00:00.0,Intermediário
0.27233,0.27284,2007-12-21 14:30:00.0,Intermediário
0.27161,0.27216,2007-12-21 15:00:00.0,Intermediário
0.27118,0.27137,2007-12-21 15:30:00.0,Intermediário
0.27135,0.2719,2007-12-21 16:00:00.0,Intermediário
0.27124,0.27181,2007-12-21 16:30:00.0,Fechamento Interbancário
0.27182,0.27235,2007-12-21 17:35:00.0,Fechamento
0.27155,0.27328,2007-12-24 09:19:00.0,Abertura
0.27168,0.27241,2007-12-24 09:30:00.0,Intermediário
0.27162,0.2722,2007-12-24 10:00:00.0,Intermediário
0.27209,0.27264,2007-12-24 10:30:00.0,Intermediário
0.27223,0.2729,2007-12-24 11:00:00.0,Intermediário
0.27181,0.27264,2007-12-24 11:30:00.0,Fechamento Interbancário
0.27183,0.27232,2007-12-24 12:09:00.0,Fechamento
0.27047,0.27212,2007-12-26 09:21:00.0,Abertura
0.27089,0.27151,2007-12-26 09:30:00.0,Intermediário
0.2711,0.27182,2007-12-26 10:00:00.0,Intermediário
0.27134,0.27177,2007-12-26 10:30:00.0,Intermediário
0.27157,0.272,2007-12-26 11:00:00.0,Intermediário
0.27167,0.27239,2007-12-26 11:30:00.0,Intermediário
0.2717,0.27217,2007-12-26 12:00:00.0,Intermediário
0.27232,0.27272,2007-12-26 12:30:00.0,Intermediário
0.27173,0.27245,2007-12-26 13:00:00.0,Intermediário
0.27258,0.27285,2007-12-26 13:30:00.0,Intermediário
0.27353,0.27416,2007-12-26 14:00:00.0,Intermediário
0.27204,0.27255,2007-12-26 14:30:00.0,Intermediário
0.27178,0.27242,2007-12-26 15:00:00.0,Intermediário
0.27223,0.27273,2007-12-26 15:30:00.0,Intermediário
0.27191,0.27263,2007-12-26 16:00:00.0,Intermediário
0.27178,0.27218,2007-12-26 16:30:00.0,Fechamento Interbancário
0.27296,0.27333,2007-12-26 17:38:00.0,Fechamento
0.26978,0.27166,2007-12-27 09:19:00.0,Abertura
0.27044,0.27087,2007-12-27 09:48:00.0,Intermediário
0.27061,0.27104,2007-12-27 10:02:00.0,Intermediário
0.26978,0.27017,2007-12-27 10:30:00.0,Intermediário
0.27027,0.27059,2007-12-27 11:00:00.0,Intermediário
0.26978,0.27019,2007-12-27 11:30:00.0,Intermediário
0.27083,0.27156,2007-12-27 12:00:00.0,Intermediário
0.27233,0.27277,2007-12-27 12:30:00.0,Intermediário
0.27197,0.27265,2007-12-27 13:00:00.0,Intermediário
0.2715,0.27223,2007-12-27 13:30:00.0,Intermediário
0.27178,0.27222,2007-12-27 14:00:00.0,Intermediário
0.27209,0.27282,2007-12-27 14:30:00.0,Intermediário
0.27167,0.27223,2007-12-27 15:00:00.0,Intermediário
0.27218,0.2727,2007-12-27 15:30:00.0,Intermediário
0.2715,0.27213,2007-12-27 16:00:00.0,Intermediário
0.27159,0.27221,2007-12-27 16:30:00.0,Fechamento Interbancário
0.27287,0.27331,2007-12-27 17:49:00.0,Fechamento
0.273,0.27477,2007-12-28 09:21:00.0,Abertura
0.27388,0.27444,2007-12-28 09:30:00.0,Intermediário
0.27372,0.27411,2007-12-28 10:00:00.0,Intermediário
0.27362,0.27405,2007-12-28 10:30:00.0,Intermediário
0.27377,0.2742,2007-12-28 11:00:00.0,Intermediário
0.27345,0.27408,2007-12-28 11:30:00.0,Intermediário
0.27352,0.27396,2007-12-28 12:00:00.0,Intermediário
0.27402,0.27455,2007-12-28 12:30:00.0,Intermediário
0.27406,0.27447,2007-12-28 13:00:00.0,Intermediário
0.27485,0.27559,2007-12-28 13:30:00.0,Intermediário
0.2748,0.27526,2007-12-28 14:00:00.0,Intermediário
0.27467,0.27541,2007-12-28 14:30:00.0,Intermediário
0.27685,0.27732,2007-12-28 15:00:00.0,Intermediário
0.27701,0.27776,2007-12-28 15:30:00.0,Intermediário
0.27665,0.27739,2007-12-28 16:00:00.0,Intermediário
0.27625,0.27684,2007-12-28 16:30:00.0,Fechamento Interbancário
0.27571,0.27626,2007-12-28 17:42:00.0,Fechamento
0.27665,0.27843,2007-12-31 09:18:00.0,Abertura
0.27718,0.27793,2007-12-31 09:30:00.0,Intermediário
0.2768,0.27736,2007-12-31 10:00:00.0,Intermediário
0.27732,0.27792,2007-12-31 10:30:00.0,Intermediário
0.27732,0.2779,2007-12-31 11:00:00.0,Intermediário
0.27719,0.27793,2007-12-31 11:30:00.0,Fechamento Interbancário
0.27633,0.27689,2007-12-31 12:03:00.0,Fechamento
