cotacaoCompra,cotacaoVenda,dataHoraCotacao,tipoBoletim
0.20576,0.20776,2001-01-02 09:37:00.0,Abertura
0.20596,0.20711,2001-01-02 10:00:00.0,Intermediário
0.20569,0.20684,2001-01-02 10:30:00.0,Intermediário
0.20518,0.20632,2001-01-02 11:00:00.0,Intermediário
0.20495,0.2061,2001-01-02 11:30:00.0,Intermediário
0.20437,0.2054,2001-01-02 12:00:00.0,Intermediário
0.20384,0.20497,2001-01-02 12:30:00.0,Intermediário
0.20428,0.20531,2001-01-02 13:00:00.0,Intermediário
0.20489,0.20593,2001-01-02 13:30:00.0,Intermediário
0.20535,0.20638,2001-01-02 14:00:00.0,Intermediário
0.20526,0.2063,2001-01-02 14:30:00.0,Intermediário
0.20513,0.20628,2001-01-02 15:00:00.0,Intermediário
0.20514,0.20629,2001-01-02 15:30:00.0,Intermediário
0.20529,0.20633,2001-01-02 16:00:00.0,Intermediário
0.20575,0.2069,2001-01-02 16:30:00.0,Intermediário
0.20594,0.20698,2001-01-02 17:00:00.0,Fechamento Interbancário
0.20557,0.20597,2001-01-02 18:14:00.0,Fechamento
0.20616,0.20817,2001-01-03 09:40:00.0,Abertura
0.20678,0.20793,2001-01-03 10:00:00.0,Intermediário
0.20701,0.20806,2001-01-03 10:30:00.0,Intermediário
0.20678,0.20782,2001-01-03 11:00:00.0,Intermediário
0.20672,0.20776,2001-01-03 11:30:00.0,Intermediário
0.20648,0.20752,2001-01-03 12:00:00.0,Intermediário
0.20613,0.20728,2001-01-03 12:30:00.0,Intermediário
0.20583,0.20698,2001-01-03 13:00:00.0,Intermediário
0.2057,0.20685,2001-01-03 13:30:00.0,Intermediário
0.20509,0.20623,2001-01-03 14:00:00.0,Intermediário
0.20526,0.20641,2001-01-03 14:30:00.0,Intermediário
0.20559,0.20673,2001-01-03 15:00:00.0,Intermediário
0.20473,0.20577,2001-01-03 15:30:00.0,Intermediário
0.20445,0.20549,2001-01-03 16:00:00.0,Intermediário
0.20263,0.20365,2001-01-03 16:30:00.0,Intermediário
0.20175,0.20288,2001-01-03 17:02:00.0,Fechamento Interbancário
0.20207,0.20246,2001-01-03 18:10:00.0,Fechamento
0.20407,0.20606,2001-01-04 09:42:00.0,Abertura
0.20511,0.20615,2001-01-04 10:00:00.0,Intermediário
0.20464,0.20578,2001-01-04 10:30:00.0,Intermediário
0.20492,0.20606,2001-01-04 11:00:00.0,Intermediário
0.20438,0.20552,2001-01-04 11:30:00.0,Intermediário
0.20505,0.20609,2001-01-04 12:00:00.0,Intermediário
0.20539,0.20642,2001-01-04 12:30:00.0,Intermediário
0.20563,0.20667,2001-01-04 13:00:00.0,Intermediário
0.2049,0.20594,2001-01-04 13:30:00.0,Intermediário
0.20498,0.20601,2001-01-04 14:00:00.0,Intermediário
0.20496,0.20599,2001-01-04 14:30:00.0,Intermediário
0.20531,0.20645,2001-01-04 15:00:00.0,Intermediário
0.20528,0.20642,2001-01-04 15:30:00.0,Intermediário
0.20611,0.20715,2001-01-04 16:00:00.0,Intermediário
0.20656,0.20761,2001-01-04 16:30:00.0,Intermediário
0.20694,0.20809,2001-01-04 17:00:00.0,Fechamento Interbancário
0.20598,0.20638,2001-01-04 18:18:00.0,Fechamento
0.20696,0.20897,2001-01-05 09:47:00.0,Abertura
0.20763,0.20879,2001-01-05 10:00:00.0,Intermediário
0.20742,0.20858,2001-01-05 10:30:00.0,Intermediário
0.20758,0.20873,2001-01-05 11:00:00.0,Intermediário
0.20736,0.20841,2001-01-05 11:30:00.0,Intermediário
0.20752,0.20868,2001-01-05 12:00:00.0,Intermediário
0.20736,0.20841,2001-01-05 12:30:00.0,Intermediário
0.20808,0.20924,2001-01-05 13:00:00.0,Intermediário
0.20792,0.20908,2001-01-05 13:30:00.0,Intermediário
0.20804,0.2092,2001-01-05 14:00:00.0,Intermediário
0.20799,0.20915,2001-01-05 14:30:00.0,Intermediário
0.20871,0.20976,2001-01-05 15:00:00.0,Intermediário
0.2093,0.21047,2001-01-05 15:30:00.0,Intermediário
0.20917,0.21034,2001-01-05 16:00:00.0,Intermediário
0.20962,0.21068,2001-01-05 16:30:00.0,Intermediário
0.20942,0.21059,2001-01-05 17:00:00.0,Fechamento Interbancário
0.20903,0.20944,2001-01-05 18:12:00.0,Fechamento
0.20665,0.20865,2001-01-08 09:39:00.0,Abertura
0.20752,0.20868,2001-01-08 10:00:00.0,Intermediário
0.20735,0.2085,2001-01-08 10:30:00.0,Intermediário
0.20737,0.20842,2001-01-08 11:00:00.0,Intermediário
0.20716,0.20832,2001-01-08 11:30:00.0,Intermediário
0.20698,0.20813,2001-01-08 12:00:00.0,Intermediário
0.20704,0.20809,2001-01-08 12:30:00.0,Intermediário
0.20749,0.20854,2001-01-08 13:00:00.0,Intermediário
0.20739,0.20855,2001-01-08 13:30:00.0,Intermediário
0.20731,0.20847,2001-01-08 14:00:00.0,Intermediário
0.20735,0.2085,2001-01-08 14:30:00.0,Intermediário
0.20687,0.20802,2001-01-08 15:00:00.0,Intermediário
0.20692,0.20807,2001-01-08 15:30:00.0,Intermediário
0.20687,0.20802,2001-01-08 16:00:00.0,Intermediário
0.20651,0.20766,2001-01-08 16:30:00.0,Intermediário
0.20623,0.20727,2001-01-08 17:00:00.0,Fechamento Interbancário
0.20679,0.20719,2001-01-08 18:13:00.0,Fechamento
0.20366,0.20564,2001-01-09 09:58:00.0,Abertura
0.20411,0.20514,2001-01-09 10:00:00.0,Intermediário
0.20446,0.20559,2001-01-09 10:30:00.0,Intermediário
0.20429,0.20542,2001-01-09 11:00:00.0,Intermediário
0.20388,0.20501,2001-01-09 11:30:00.0,Intermediário
0.20405,0.20519,2001-01-09 12:00:00.0,Intermediário
0.20394,0.20498,2001-01-09 12:30:00.0,Intermediário
0.20397,0.205,2001-01-09 13:00:00.0,Intermediário
0.20401,0.20504,2001-01-09 13:30:00.0,Intermediário
0.20439,0.20542,2001-01-09 14:00:00.0,Intermediário
0.2044,0.20543,2001-01-09 14:30:00.0,Intermediário
0.20382,0.20496,2001-01-09 15:00:00.0,Intermediário
0.20434,0.20547,2001-01-09 15:30:00.0,Intermediário
0.20421,0.20534,2001-01-09 16:00:00.0,Intermediário
0.20421,0.20534,2001-01-09 16:30:00.0,Intermediário
0.20434,0.20547,2001-01-09 17:00:00.0,Fechamento Interbancário
0.20515,0.20555,2001-01-09 18:24:00.0,Fechamento
0.20408,0.20607,2001-01-10 09:34:00.0,Abertura
0.20468,0.20571,2001-01-10 10:00:00.0,Intermediário
0.20463,0.20577,2001-01-10 10:30:00.0,Intermediário
0.20471,0.20574,2001-01-10 11:00:00.0,Intermediário
0.20445,0.20559,2001-01-10 11:30:00.0,Intermediário
0.20494,0.20597,2001-01-10 12:00:00.0,Intermediário
0.20472,0.20586,2001-01-10 12:30:00.0,Intermediário
0.20468,0.20571,2001-01-10 13:00:00.0,Intermediário
0.20483,0.20587,2001-01-10 13:30:00.0,Intermediário
0.20581,0.20685,2001-01-10 14:00:00.0,Intermediário
0.20572,0.20676,2001-01-10 14:30:00.0,Intermediário
0.20525,0.2064,2001-01-10 15:00:00.0,Intermediário
0.20587,0.20692,2001-01-10 15:30:00.0,Intermediário
0.20606,0.2071,2001-01-10 16:00:00.0,Intermediário
0.20609,0.20724,2001-01-10 16:30:00.0,Intermediário
0.20611,0.20715,2001-01-10 17:00:00.0,Fechamento Interbancário
0.2054,0.20579,2001-01-10 18:12:00.0,Fechamento
0.20711,0.20913,2001-01-11 10:56:00.0,Abertura
0.20702,0.20903,2001-01-11 11:19:00.0,Intermediário
0.2073,0.20932,2001-01-11 11:39:00.0,Intermediário
0.20803,0.20908,2001-01-11 12:05:00.0,Intermediário
0.20789,0.20895,2001-01-11 12:32:00.0,Intermediário
0.20792,0.20897,2001-01-11 13:03:00.0,Intermediário
0.20772,0.20877,2001-01-11 13:32:00.0,Intermediário
0.20803,0.20908,2001-01-11 14:03:00.0,Intermediário
0.20792,0.20908,2001-01-11 14:38:00.0,Intermediário
0.20849,0.20955,2001-01-11 15:04:00.0,Intermediário
0.20899,0.21016,2001-01-11 15:30:00.0,Intermediário
0.20934,0.2105,2001-01-11 16:00:00.0,Intermediário
0.20985,0.21102,2001-01-11 16:30:00.0,Intermediário
0.20931,0.21047,2001-01-11 17:00:00.0,Fechamento Interbancário
0.20862,0.20903,2001-01-11 18:29:00.0,Fechamento
0.20866,0.21068,2001-01-12 09:36:00.0,Abertura
0.20941,0.21058,2001-01-12 10:00:00.0,Intermediário
0.20974,0.2108,2001-01-12 10:30:00.0,Intermediário
0.21017,0.21124,2001-01-12 11:00:00.0,Intermediário
0.20983,0.21089,2001-01-12 11:30:00.0,Intermediário
0.20856,0.20972,2001-01-12 12:16:00.0,Intermediário
0.20867,0.20983,2001-01-12 12:30:00.0,Intermediário
0.20865,0.20982,2001-01-12 13:00:00.0,Intermediário
0.2083,0.20946,2001-01-12 13:30:00.0,Intermediário
0.2083,0.20946,2001-01-12 14:00:00.0,Intermediário
0.20839,0.20955,2001-01-12 14:30:00.0,Intermediário
0.20817,0.20933,2001-01-12 15:00:00.0,Intermediário
0.20802,0.20918,2001-01-12 15:30:00.0,Intermediário
0.20824,0.2093,2001-01-12 16:00:00.0,Intermediário
0.20845,0.20961,2001-01-12 16:30:00.0,Intermediário
0.20871,0.20977,2001-01-12 17:00:00.0,Fechamento Interbancário
0.20915,0.20955,2001-01-12 18:24:00.0,Fechamento
0.20613,0.20813,2001-01-15 09:42:00.0,Abertura
0.20672,0.20776,2001-01-15 10:00:00.0,Intermediário
0.20678,0.20783,2001-01-15 10:30:00.0,Intermediário
0.20639,0.20754,2001-01-15 11:00:00.0,Intermediário
0.20626,0.20741,2001-01-15 11:30:00.0,Intermediário
0.20671,0.20776,2001-01-15 12:00:00.0,Intermediário
0.20623,0.20737,2001-01-15 12:30:00.0,Intermediário
0.20615,0.20719,2001-01-15 13:00:00.0,Intermediário
0.20576,0.2068,2001-01-15 13:30:00.0,Intermediário
0.20563,0.20667,2001-01-15 14:00:00.0,Intermediário
0.20575,0.2068,2001-01-15 14:30:00.0,Intermediário
0.20573,0.20688,2001-01-15 15:00:00.0,Intermediário
0.20586,0.20701,2001-01-15 15:30:00.0,Intermediário
0.2058,0.20695,2001-01-15 16:00:00.0,Intermediário
0.20586,0.20701,2001-01-15 16:30:00.0,Intermediário
0.20582,0.20696,2001-01-15 17:00:00.0,Fechamento Interbancário
0.20618,0.20658,2001-01-15 18:17:00.0,Fechamento
0.20444,0.20642,2001-01-16 09:39:00.0,Abertura
0.20541,0.20656,2001-01-16 10:00:00.0,Intermediário
0.20544,0.20648,2001-01-16 10:30:00.0,Intermediário
0.20531,0.20635,2001-01-16 11:00:00.0,Intermediário
0.20513,0.20617,2001-01-16 11:30:00.0,Intermediário
0.20518,0.20632,2001-01-16 12:00:00.0,Intermediário
0.20505,0.20608,2001-01-16 12:30:00.0,Intermediário
0.20494,0.20608,2001-01-16 13:00:00.0,Intermediário
0.20527,0.20642,2001-01-16 13:30:00.0,Intermediário
0.20523,0.20637,2001-01-16 14:00:00.0,Intermediário
0.20464,0.20577,2001-01-16 14:30:00.0,Intermediário
0.20478,0.20592,2001-01-16 15:00:00.0,Intermediário
0.205,0.20614,2001-01-16 15:30:00.0,Intermediário
0.20515,0.20618,2001-01-16 16:00:00.0,Intermediário
0.2052,0.20623,2001-01-16 16:30:00.0,Intermediário
0.20524,0.20628,2001-01-16 17:00:00.0,Fechamento Interbancário
0.20561,0.20601,2001-01-16 18:17:00.0,Fechamento
0.20395,0.20593,2001-01-17 09:35:00.0,Abertura
0.20443,0.20546,2001-01-17 10:00:00.0,Intermediário
0.20438,0.20542,2001-01-17 10:30:00.0,Intermediário
0.20447,0.2055,2001-01-17 11:00:00.0,Intermediário
0.20462,0.20565,2001-01-17 11:30:00.0,Intermediário
0.20385,0.20488,2001-01-17 12:06:00.0,Intermediário
0.20378,0.20481,2001-01-17 12:30:00.0,Intermediário
0.20418,0.20521,2001-01-17 13:00:00.0,Intermediário
0.20374,0.20487,2001-01-17 13:30:00.0,Intermediário
0.20351,0.20465,2001-01-17 14:03:00.0,Intermediário
0.20348,0.20461,2001-01-17 14:30:00.0,Intermediário
0.20359,0.20472,2001-01-17 15:00:00.0,Intermediário
0.20407,0.2051,2001-01-17 15:30:00.0,Intermediário
0.20407,0.2051,2001-01-17 16:00:00.0,Intermediário
0.20414,0.20527,2001-01-17 16:30:00.0,Intermediário
0.20438,0.20541,2001-01-17 17:00:00.0,Fechamento Interbancário
0.20416,0.20455,2001-01-17 18:19:00.0,Fechamento
0.20492,0.20691,2001-01-18 09:42:00.0,Abertura
0.20577,0.20681,2001-01-18 10:00:00.0,Intermediário
0.20541,0.20656,2001-01-18 10:30:00.0,Intermediário
0.20567,0.20671,2001-01-18 11:00:00.0,Intermediário
0.20536,0.20651,2001-01-18 11:30:00.0,Intermediário
0.20485,0.20599,2001-01-18 12:00:00.0,Intermediário
0.20509,0.20613,2001-01-18 12:30:00.0,Intermediário
0.20482,0.20596,2001-01-18 13:00:00.0,Intermediário
0.20654,0.20769,2001-01-18 14:09:00.0,Intermediário
0.20636,0.20751,2001-01-18 14:10:00.0,Intermediário
0.20663,0.20778,2001-01-18 14:30:00.0,Intermediário
0.20648,0.20763,2001-01-18 15:00:00.0,Intermediário
0.20653,0.20758,2001-01-18 15:30:00.0,Intermediário
0.20643,0.20758,2001-01-18 16:00:00.0,Intermediário
0.20636,0.20751,2001-01-18 16:30:00.0,Intermediário
0.20649,0.20754,2001-01-18 17:00:00.0,Fechamento Interbancário
0.20678,0.20718,2001-01-18 18:09:00.0,Fechamento
0.20578,0.20778,2001-01-19 09:37:00.0,Abertura
0.20611,0.20726,2001-01-19 10:00:00.0,Intermediário
0.20658,0.20773,2001-01-19 10:30:00.0,Intermediário
0.20637,0.20742,2001-01-19 11:00:00.0,Intermediário
0.20631,0.20736,2001-01-19 11:30:00.0,Intermediário
0.2065,0.20754,2001-01-19 12:00:00.0,Intermediário
0.20672,0.20787,2001-01-19 12:30:00.0,Intermediário
0.20687,0.20791,2001-01-19 13:00:00.0,Intermediário
0.20731,0.20835,2001-01-19 13:30:00.0,Intermediário
0.20731,0.20835,2001-01-19 14:00:00.0,Intermediário
0.207,0.20804,2001-01-19 14:30:00.0,Intermediário
0.2068,0.20785,2001-01-19 15:00:00.0,Intermediário
0.20656,0.20771,2001-01-19 15:30:00.0,Intermediário
0.20687,0.20791,2001-01-19 16:00:00.0,Intermediário
0.20661,0.20766,2001-01-19 16:30:00.0,Intermediário
0.20591,0.20695,2001-01-19 18:36:00.0,Fechamento Interbancário
0.20618,0.20658,2001-01-19 18:43:00.0,Fechamento
0.20367,0.20564,2001-01-22 09:44:00.0,Abertura
0.20396,0.20499,2001-01-22 10:00:00.0,Intermediário
0.2035,0.20463,2001-01-22 10:30:00.0,Intermediário
0.20263,0.20376,2001-01-22 11:28:00.0,Intermediário
0.20298,0.204,2001-01-22 11:30:00.0,Intermediário
0.20311,0.20413,2001-01-22 12:00:00.0,Intermediário
0.20349,0.20451,2001-01-22 12:30:00.0,Intermediário
0.20436,0.2055,2001-01-22 13:00:00.0,Intermediário
0.20449,0.20562,2001-01-22 13:30:00.0,Intermediário
0.20479,0.20593,2001-01-22 14:00:00.0,Intermediário
0.20582,0.20697,2001-01-22 14:53:00.0,Intermediário
0.20527,0.2063,2001-01-22 15:00:00.0,Intermediário
0.20518,0.20621,2001-01-22 15:30:00.0,Intermediário
0.20507,0.20611,2001-01-22 16:00:00.0,Intermediário
0.20538,0.20641,2001-01-22 16:30:00.0,Intermediário
0.20512,0.20615,2001-01-22 17:00:00.0,Fechamento Interbancário
0.20511,0.20551,2001-01-22 18:15:00.0,Fechamento
0.20454,0.20652,2001-01-23 10:06:00.0,Abertura
0.20498,0.20612,2001-01-23 10:14:00.0,Intermediário
0.20524,0.20628,2001-01-23 10:30:00.0,Intermediário
0.20501,0.20604,2001-01-23 11:00:00.0,Intermediário
0.20496,0.2061,2001-01-23 11:30:00.0,Intermediário
0.20533,0.20647,2001-01-23 12:00:00.0,Intermediário
0.20493,0.20607,2001-01-23 12:30:00.0,Intermediário
0.20487,0.2059,2001-01-23 13:00:00.0,Intermediário
0.20496,0.206,2001-01-23 13:30:00.0,Intermediário
0.20515,0.20619,2001-01-23 14:00:00.0,Intermediário
0.20487,0.2059,2001-01-23 14:30:00.0,Intermediário
0.20494,0.20608,2001-01-23 15:00:00.0,Intermediário
0.20509,0.20612,2001-01-23 15:30:00.0,Intermediário
0.20494,0.20608,2001-01-23 16:00:00.0,Intermediário
0.20513,0.20617,2001-01-23 16:30:00.0,Intermediário
0.20545,0.20649,2001-01-23 17:00:00.0,Fechamento Interbancário
0.20521,0.20561,2001-01-23 18:12:00.0,Fechamento
0.20378,0.20575,2001-01-24 09:36:00.0,Abertura
0.20402,0.20505,2001-01-24 10:00:00.0,Intermediário
0.20424,0.20537,2001-01-24 10:30:00.0,Intermediário
0.20427,0.2053,2001-01-24 11:00:00.0,Intermediário
0.20427,0.2054,2001-01-24 11:36:00.0,Intermediário
0.20399,0.20512,2001-01-24 12:00:00.0,Intermediário
0.20329,0.20431,2001-01-24 12:38:00.0,Intermediário
0.20337,0.2044,2001-01-24 13:00:00.0,Intermediário
0.20341,0.20444,2001-01-24 13:30:00.0,Intermediário
0.20308,0.2041,2001-01-24 14:00:00.0,Intermediário
0.2035,0.20453,2001-01-24 14:30:00.0,Intermediário
0.20352,0.20455,2001-01-24 15:00:00.0,Intermediário
0.2036,0.20463,2001-01-24 15:30:00.0,Intermediário
0.20426,0.20539,2001-01-24 16:00:00.0,Intermediário
0.20402,0.20515,2001-01-24 16:30:00.0,Intermediário
0.20419,0.20532,2001-01-24 17:00:00.0,Fechamento Interbancário
0.20302,0.20341,2001-01-24 18:10:00.0,Fechamento
0.20091,0.20284,2001-01-25 09:59:00.0,Abertura
0.20169,0.20281,2001-01-25 10:00:00.0,Intermediário
0.2018,0.20292,2001-01-25 10:30:00.0,Intermediário
0.20198,0.2031,2001-01-25 11:17:00.0,Intermediário
0.20246,0.20358,2001-01-25 11:30:00.0,Intermediário
0.20264,0.20366,2001-01-25 13:41:00.0,Intermediário
0.20268,0.2037,2001-01-25 13:44:00.0,Intermediário
0.2029,0.20393,2001-01-25 13:46:00.0,Intermediário
0.20285,0.20387,2001-01-25 13:48:00.0,Intermediário
0.20307,0.20409,2001-01-25 14:00:00.0,Intermediário
0.20306,0.20408,2001-01-25 14:30:00.0,Intermediário
0.20327,0.2044,2001-01-25 15:00:00.0,Intermediário
0.20375,0.20489,2001-01-25 15:30:00.0,Intermediário
0.20414,0.20527,2001-01-25 16:00:00.0,Intermediário
0.20424,0.20527,2001-01-25 16:30:00.0,Intermediário
0.20424,0.20537,2001-01-25 17:00:00.0,Fechamento Interbancário
0.20446,0.20485,2001-01-25 18:28:00.0,Fechamento
0.20476,0.20673,2001-01-26 09:46:00.0,Abertura
0.20538,0.20652,2001-01-26 10:00:00.0,Intermediário
0.20515,0.20619,2001-01-26 10:30:00.0,Intermediário
0.20431,0.20534,2001-01-26 11:03:00.0,Intermediário
0.20417,0.2053,2001-01-26 11:30:00.0,Intermediário
0.20461,0.20564,2001-01-26 12:00:00.0,Intermediário
0.20422,0.20524,2001-01-26 12:30:00.0,Intermediário
0.20394,0.20507,2001-01-26 13:00:00.0,Intermediário
0.20395,0.20508,2001-01-26 13:30:00.0,Intermediário
0.20432,0.20545,2001-01-26 14:00:00.0,Intermediário
0.20438,0.20552,2001-01-26 14:30:00.0,Intermediário
0.20457,0.20571,2001-01-26 15:00:00.0,Intermediário
0.20445,0.20558,2001-01-26 15:30:00.0,Intermediário
0.20474,0.20588,2001-01-26 16:00:00.0,Intermediário
0.20441,0.20554,2001-01-26 16:30:00.0,Intermediário
0.20445,0.20559,2001-01-26 17:00:00.0,Fechamento Interbancário
0.20533,0.20573,2001-01-26 18:16:00.0,Fechamento
0.20385,0.20581,2001-01-29 09:53:00.0,Abertura
0.20405,0.20518,2001-01-29 10:00:00.0,Intermediário
0.20436,0.20549,2001-01-29 10:30:00.0,Intermediário
0.20455,0.20558,2001-01-29 11:00:00.0,Intermediário
0.20462,0.20575,2001-01-29 11:30:00.0,Intermediário
0.20463,0.20566,2001-01-29 12:00:00.0,Intermediário
0.2048,0.20584,2001-01-29 12:30:00.0,Intermediário
0.20508,0.20622,2001-01-29 13:00:00.0,Intermediário
0.20487,0.20601,2001-01-29 13:30:00.0,Intermediário
0.20474,0.20588,2001-01-29 14:00:00.0,Intermediário
0.20453,0.20567,2001-01-29 14:30:00.0,Intermediário
0.20453,0.20556,2001-01-29 15:00:00.0,Intermediário
0.20459,0.20573,2001-01-29 15:30:00.0,Intermediário
0.20453,0.20567,2001-01-29 16:00:00.0,Intermediário
0.2043,0.20544,2001-01-29 16:30:00.0,Intermediário
0.20452,0.20565,2001-01-29 17:00:00.0,Fechamento Interbancário
0.205,0.2054,2001-01-29 18:25:00.0,Fechamento
0.20392,0.20588,2001-01-30 09:49:00.0,Abertura
0.20477,0.2059,2001-01-30 10:00:00.0,Intermediário
0.20508,0.20622,2001-01-30 10:30:00.0,Intermediário
0.20513,0.20626,2001-01-30 11:00:00.0,Intermediário
0.20506,0.20609,2001-01-30 11:30:00.0,Intermediário
0.20487,0.20601,2001-01-30 12:00:00.0,Intermediário
0.20525,0.20639,2001-01-30 12:30:00.0,Intermediário
0.20524,0.20638,2001-01-30 13:00:00.0,Intermediário
0.20554,0.20668,2001-01-30 13:55:00.0,Intermediário
0.20549,0.20663,2001-01-30 14:00:00.0,Intermediário
0.20581,0.20695,2001-01-30 14:30:00.0,Intermediário
0.2061,0.20725,2001-01-30 15:08:00.0,Intermediário
0.20568,0.20672,2001-01-30 15:30:00.0,Intermediário
0.20547,0.20662,2001-01-30 16:00:00.0,Intermediário
0.20552,0.20655,2001-01-30 16:30:00.0,Intermediário
0.2056,0.20664,2001-01-30 17:00:00.0,Fechamento Interbancário
0.20635,0.20675,2001-01-30 18:14:00.0,Fechamento
0.20554,0.20752,2001-01-31 09:35:00.0,Abertura
0.20685,0.208,2001-01-31 10:00:00.0,Intermediário
0.20707,0.20812,2001-01-31 10:30:00.0,Intermediário
0.20686,0.20791,2001-01-31 11:00:00.0,Intermediário
0.20663,0.20767,2001-01-31 11:30:00.0,Intermediário
0.20639,0.20754,2001-01-31 12:00:00.0,Intermediário
0.20728,0.20833,2001-01-31 12:30:00.0,Intermediário
0.20712,0.20827,2001-01-31 13:00:00.0,Intermediário
0.20631,0.20745,2001-01-31 13:30:00.0,Intermediário
0.20628,0.20742,2001-01-31 14:06:00.0,Intermediário
0.20626,0.2074,2001-01-31 14:30:00.0,Intermediário
0.20639,0.20754,2001-01-31 15:00:00.0,Intermediário
0.20671,0.20775,2001-01-31 15:30:00.0,Intermediário
0.20645,0.20749,2001-01-31 16:00:00.0,Intermediário
0.20626,0.2074,2001-01-31 16:30:00.0,Intermediário
0.20649,0.20764,2001-01-31 17:13:00.0,Fechamento Interbancário
0.20745,0.20785,2001-01-31 18:50:00.0,Fechamento
0.20747,0.20948,2001-02-01 09:29:00.0,Abertura
0.20836,0.20952,2001-02-01 10:00:00.0,Intermediário
0.20856,0.20972,2001-02-01 10:30:00.0,Intermediário
0.20878,0.20983,2001-02-01 11:00:00.0,Intermediário
0.20847,0.20962,2001-02-01 11:30:00.0,Intermediário
0.20854,0.2097,2001-02-01 12:00:00.0,Intermediário
0.20861,0.20966,2001-02-01 12:30:00.0,Intermediário
0.20883,0.20999,2001-02-01 13:00:00.0,Intermediário
0.20887,0.21003,2001-02-01 13:30:00.0,Intermediário
0.20843,0.20959,2001-02-01 14:00:00.0,Intermediário
0.20839,0.20955,2001-02-01 14:30:00.0,Intermediário
0.20851,0.20967,2001-02-01 15:00:00.0,Intermediário
0.2087,0.20986,2001-02-01 15:30:00.0,Intermediário
0.20936,0.21041,2001-02-01 16:00:00.0,Intermediário
0.20942,0.21058,2001-02-01 16:30:00.0,Intermediário
0.20999,0.21116,2001-02-01 17:00:00.0,Fechamento Interbancário
0.20843,0.20884,2001-02-01 18:24:00.0,Fechamento
0.20861,0.21061,2001-02-02 09:31:00.0,Abertura
0.20977,0.21093,2001-02-02 10:00:00.0,Intermediário
0.21015,0.21131,2001-02-02 10:30:00.0,Intermediário
0.20985,0.21101,2001-02-02 11:00:00.0,Intermediário
0.20991,0.21097,2001-02-02 11:30:00.0,Intermediário
0.2085,0.20966,2001-02-02 12:07:00.0,Intermediário
0.20849,0.20954,2001-02-02 12:30:00.0,Intermediário
0.20786,0.20891,2001-02-02 13:00:00.0,Intermediário
0.20764,0.20869,2001-02-02 13:30:00.0,Intermediário
0.20817,0.20922,2001-02-02 14:00:00.0,Intermediário
0.20847,0.20952,2001-02-02 14:30:00.0,Intermediário
0.20902,0.21008,2001-02-02 15:00:00.0,Intermediário
0.20891,0.20996,2001-02-02 15:30:00.0,Intermediário
0.20862,0.20967,2001-02-02 16:00:00.0,Intermediário
0.20823,0.20928,2001-02-02 16:30:00.0,Intermediário
0.20813,0.20929,2001-02-02 17:00:00.0,Fechamento Interbancário
0.2094,0.2098,2001-02-02 18:17:00.0,Fechamento
0.20836,0.21036,2001-02-05 09:37:00.0,Abertura
0.20938,0.21043,2001-02-05 10:00:00.0,Intermediário
0.20954,0.2107,2001-02-05 10:30:00.0,Intermediário
0.20924,0.21029,2001-02-05 11:00:00.0,Intermediário
0.20983,0.21099,2001-02-05 11:30:00.0,Intermediário
0.20962,0.21068,2001-02-05 12:00:00.0,Intermediário
0.20964,0.2107,2001-02-05 12:30:00.0,Intermediário
0.20956,0.21062,2001-02-05 13:00:00.0,Intermediário
0.20923,0.21029,2001-02-05 13:30:00.0,Intermediário
0.20915,0.2102,2001-02-05 14:00:00.0,Intermediário
0.20919,0.21024,2001-02-05 14:30:00.0,Intermediário
0.20943,0.21048,2001-02-05 15:00:00.0,Intermediário
0.20939,0.21055,2001-02-05 15:30:00.0,Intermediário
0.21006,0.21122,2001-02-05 16:00:00.0,Intermediário
0.21042,0.21158,2001-02-05 16:30:00.0,Intermediário
0.21015,0.2112,2001-02-05 17:00:00.0,Fechamento Interbancário
0.20921,0.20961,2001-02-05 18:34:00.0,Fechamento
0.20824,0.21023,2001-02-06 09:36:00.0,Abertura
0.20895,0.21,2001-02-06 10:00:00.0,Intermediário
0.20884,0.20999,2001-02-06 10:30:00.0,Intermediário
0.20835,0.2095,2001-02-06 11:00:00.0,Intermediário
0.20855,0.20971,2001-02-06 11:30:00.0,Intermediário
0.20838,0.20943,2001-02-06 12:00:00.0,Intermediário
0.20844,0.20949,2001-02-06 12:30:00.0,Intermediário
0.2089,0.20995,2001-02-06 13:00:00.0,Intermediário
0.2086,0.20965,2001-02-06 13:30:00.0,Intermediário
0.20873,0.20978,2001-02-06 14:00:00.0,Intermediário
0.20869,0.20974,2001-02-06 14:30:00.0,Intermediário
0.2083,0.20946,2001-02-06 15:00:00.0,Intermediário
0.20798,0.20914,2001-02-06 15:30:00.0,Intermediário
0.20816,0.20921,2001-02-06 16:00:00.0,Intermediário
0.20872,0.20977,2001-02-06 16:30:00.0,Intermediário
0.20872,0.20977,2001-02-06 17:00:00.0,Fechamento Interbancário
0.20818,0.20858,2001-02-06 18:41:00.0,Fechamento
0.20877,0.21076,2001-02-07 09:31:00.0,Abertura
0.20918,0.21034,2001-02-07 10:00:00.0,Intermediário
0.20936,0.21041,2001-02-07 10:30:00.0,Intermediário
0.20921,0.21036,2001-02-07 11:00:00.0,Intermediário
0.20938,0.21044,2001-02-07 11:30:00.0,Intermediário
0.20964,0.2107,2001-02-07 12:00:00.0,Intermediário
0.20983,0.21088,2001-02-07 12:30:00.0,Intermediário
0.20981,0.21087,2001-02-07 13:00:00.0,Intermediário
0.20956,0.21062,2001-02-07 13:30:00.0,Intermediário
0.20943,0.21048,2001-02-07 14:00:00.0,Intermediário
0.20926,0.21032,2001-02-07 14:30:00.0,Intermediário
0.20981,0.21098,2001-02-07 15:00:00.0,Intermediário
0.21004,0.2112,2001-02-07 15:30:00.0,Intermediário
0.21038,0.21144,2001-02-07 16:00:00.0,Intermediário
0.2103,0.21136,2001-02-07 16:30:00.0,Intermediário
0.2105,0.21167,2001-02-07 17:00:00.0,Fechamento Interbancário
0.20964,0.21004,2001-02-07 18:18:00.0,Fechamento
0.20702,0.209,2001-02-08 09:43:00.0,Abertura
0.20709,0.20824,2001-02-08 10:00:00.0,Intermediário
0.20692,0.20807,2001-02-08 10:30:00.0,Intermediário
0.20696,0.208,2001-02-08 11:00:00.0,Intermediário
0.20667,0.20781,2001-02-08 11:30:00.0,Intermediário
0.2063,0.20744,2001-02-08 12:00:00.0,Intermediário
0.20594,0.20697,2001-02-08 12:30:00.0,Intermediário
0.20552,0.20665,2001-02-08 13:26:00.0,Intermediário
0.20594,0.20708,2001-02-08 13:30:00.0,Intermediário
0.20616,0.2073,2001-02-08 14:00:00.0,Intermediário
0.20577,0.20691,2001-02-08 14:30:00.0,Intermediário
0.20546,0.2066,2001-02-08 15:00:00.0,Intermediário
0.20535,0.20639,2001-02-08 15:30:00.0,Intermediário
0.20544,0.20647,2001-02-08 16:00:00.0,Intermediário
0.20519,0.20622,2001-02-08 16:30:00.0,Intermediário
0.20534,0.20648,2001-02-08 17:00:00.0,Fechamento Interbancário
0.20607,0.20646,2001-02-08 18:35:00.0,Fechamento
0.20447,0.20643,2001-02-09 09:40:00.0,Abertura
0.2056,0.20674,2001-02-09 10:00:00.0,Intermediário
0.20591,0.20694,2001-02-09 10:30:00.0,Intermediário
0.20574,0.20688,2001-02-09 11:00:00.0,Intermediário
0.20601,0.20715,2001-02-09 11:30:00.0,Intermediário
0.20578,0.20682,2001-02-09 12:00:00.0,Intermediário
0.20555,0.20669,2001-02-09 12:30:00.0,Intermediário
0.20561,0.20665,2001-02-09 13:00:00.0,Intermediário
0.20541,0.20645,2001-02-09 13:30:00.0,Intermediário
0.20557,0.20661,2001-02-09 14:00:00.0,Intermediário
0.20579,0.20682,2001-02-09 14:30:00.0,Intermediário
0.20559,0.20673,2001-02-09 15:00:00.0,Intermediário
0.2054,0.20644,2001-02-09 15:30:00.0,Intermediário
0.20526,0.20639,2001-02-09 16:00:00.0,Intermediário
0.2049,0.20603,2001-02-09 16:30:00.0,Intermediário
0.20479,0.20593,2001-02-09 17:00:00.0,Fechamento Interbancário
0.20546,0.20586,2001-02-09 18:13:00.0,Fechamento
0.20438,0.20634,2001-02-12 09:30:00.0,Abertura
0.20492,0.20595,2001-02-12 10:00:00.0,Intermediário
0.20521,0.20625,2001-02-12 10:30:00.0,Intermediário
0.20515,0.20629,2001-02-12 11:00:00.0,Intermediário
0.20524,0.20628,2001-02-12 11:30:00.0,Intermediário
0.20504,0.20608,2001-02-12 12:00:00.0,Intermediário
0.20479,0.20593,2001-02-12 12:30:00.0,Intermediário
0.20458,0.20572,2001-02-12 13:00:00.0,Intermediário
0.20458,0.20572,2001-02-12 13:30:00.0,Intermediário
0.20454,0.20567,2001-02-12 14:00:00.0,Intermediário
0.20439,0.20553,2001-02-12 14:30:00.0,Intermediário
0.20473,0.20576,2001-02-12 15:00:00.0,Intermediário
0.20456,0.20569,2001-02-12 15:30:00.0,Intermediário
0.20453,0.20556,2001-02-12 16:00:00.0,Intermediário
0.20456,0.20569,2001-02-12 16:30:00.0,Intermediário
0.20502,0.20616,2001-02-12 17:00:00.0,Fechamento Interbancário
0.2049,0.20529,2001-02-12 18:21:00.0,Fechamento
0.20364,0.2056,2001-02-13 09:30:00.0,Abertura
0.20415,0.20529,2001-02-13 10:00:00.0,Intermediário
0.20444,0.20558,2001-02-13 10:30:00.0,Intermediário
0.20391,0.20493,2001-02-13 11:00:00.0,Intermediário
0.20373,0.20486,2001-02-13 11:30:00.0,Intermediário
0.20311,0.20423,2001-02-13 12:00:00.0,Intermediário
0.20294,0.20396,2001-02-13 12:30:00.0,Intermediário
0.20298,0.20401,2001-02-13 13:00:00.0,Intermediário
0.20282,0.20384,2001-02-13 13:30:00.0,Intermediário
0.20261,0.20363,2001-02-13 14:00:00.0,Intermediário
0.20246,0.20348,2001-02-13 14:30:00.0,Intermediário
0.20184,0.20286,2001-02-13 15:00:00.0,Intermediário
0.20135,0.20236,2001-02-13 15:30:00.0,Intermediário
0.20161,0.20273,2001-02-13 16:00:00.0,Intermediário
0.20169,0.20281,2001-02-13 16:30:00.0,Intermediário
0.20204,0.20306,2001-02-13 17:00:00.0,Fechamento Interbancário
0.20158,0.20197,2001-02-13 18:16:00.0,Fechamento
0.20103,0.20295,2001-02-14 09:33:00.0,Abertura
0.20165,0.20266,2001-02-14 10:00:00.0,Intermediário
0.20208,0.2032,2001-02-14 10:30:00.0,Intermediário
0.20202,0.20303,2001-02-14 11:00:00.0,Intermediário
0.20191,0.20303,2001-02-14 11:30:00.0,Intermediário
0.20221,0.20333,2001-02-14 12:00:00.0,Intermediário
0.20222,0.20334,2001-02-14 12:30:00.0,Intermediário
0.20178,0.20289,2001-02-14 13:00:00.0,Intermediário
0.20153,0.20265,2001-02-14 13:30:00.0,Intermediário
0.20136,0.20248,2001-02-14 14:00:00.0,Intermediário
0.20155,0.20266,2001-02-14 14:30:00.0,Intermediário
0.20187,0.20289,2001-02-14 15:00:00.0,Intermediário
0.20156,0.20268,2001-02-14 15:30:00.0,Intermediário
0.2013,0.20241,2001-02-14 16:00:00.0,Intermediário
0.20136,0.20238,2001-02-14 16:30:00.0,Intermediário
0.20109,0.2022,2001-02-14 17:00:00.0,Fechamento Interbancário
0.20156,0.20195,2001-02-14 18:20:00.0,Fechamento
0.19888,0.20078,2001-02-15 09:35:00.0,Abertura
0.1993,0.2004,2001-02-15 10:00:00.0,Intermediário
0.1996,0.2006,2001-02-15 10:30:00.0,Intermediário
0.19901,0.20001,2001-02-15 11:00:00.0,Intermediário
0.19934,0.20044,2001-02-15 11:30:00.0,Intermediário
0.1995,0.2006,2001-02-15 12:00:00.0,Intermediário
0.19978,0.20089,2001-02-15 12:30:00.0,Intermediário
0.20025,0.20135,2001-02-15 13:00:00.0,Intermediário
0.20063,0.20174,2001-02-15 13:30:00.0,Intermediário
0.20017,0.20127,2001-02-15 14:00:00.0,Intermediário
0.20013,0.20123,2001-02-15 14:30:00.0,Intermediário
0.20011,0.20111,2001-02-15 15:11:00.0,Intermediário
0.20086,0.20197,2001-02-15 15:38:00.0,Intermediário
0.20114,0.20225,2001-02-15 16:00:00.0,Intermediário
0.2014,0.20242,2001-02-15 16:30:00.0,Intermediário
0.20133,0.20234,2001-02-15 17:00:00.0,Fechamento Interbancário
0.19992,0.2003,2001-02-15 18:28:00.0,Fechamento
0.2019,0.20383,2001-02-16 09:37:00.0,Abertura
0.20243,0.20355,2001-02-16 10:00:00.0,Intermediário
0.20179,0.20291,2001-02-16 10:39:00.0,Intermediário
0.20194,0.20305,2001-02-16 11:00:00.0,Intermediário
0.20197,0.20309,2001-02-16 11:30:00.0,Intermediário
0.20312,0.20414,2001-02-16 12:00:00.0,Intermediário
0.20325,0.20437,2001-02-16 12:30:00.0,Intermediário
0.2036,0.20463,2001-02-16 13:00:00.0,Intermediário
0.20327,0.20429,2001-02-16 13:30:00.0,Intermediário
0.20352,0.20454,2001-02-16 14:00:00.0,Intermediário
0.20336,0.20438,2001-02-16 14:30:00.0,Intermediário
0.20276,0.20388,2001-02-16 15:00:00.0,Intermediário
0.20294,0.20406,2001-02-16 15:30:00.0,Intermediário
0.20282,0.20394,2001-02-16 16:00:00.0,Intermediário
0.20283,0.20395,2001-02-16 16:30:00.0,Intermediário
0.20304,0.20416,2001-02-16 17:00:00.0,Fechamento Interbancário
0.20265,0.20303,2001-02-16 18:33:00.0,Fechamento
0.20416,0.20611,2001-02-19 09:30:00.0,Abertura
0.20502,0.20605,2001-02-19 10:00:00.0,Intermediário
0.20436,0.20549,2001-02-19 10:30:00.0,Intermediário
0.2045,0.20553,2001-02-19 11:00:00.0,Intermediário
0.20392,0.20505,2001-02-19 11:30:00.0,Intermediário
0.20403,0.20505,2001-02-19 12:00:00.0,Intermediário
0.20444,0.20557,2001-02-19 12:30:00.0,Intermediário
0.20447,0.2056,2001-02-19 13:00:00.0,Intermediário
0.20451,0.20564,2001-02-19 13:30:00.0,Intermediário
0.20401,0.20513,2001-02-19 14:00:00.0,Intermediário
0.20417,0.2053,2001-02-19 14:30:00.0,Intermediário
0.20432,0.20545,2001-02-19 15:00:00.0,Intermediário
0.20458,0.2056,2001-02-19 15:30:00.0,Intermediário
0.20442,0.20545,2001-02-19 16:00:00.0,Intermediário
0.20453,0.20555,2001-02-19 16:30:00.0,Intermediário
0.20448,0.20551,2001-02-19 17:00:00.0,Fechamento Interbancário
0.20465,0.20505,2001-02-19 18:17:00.0,Fechamento
0.2017,0.20362,2001-02-20 09:36:00.0,Abertura
0.20251,0.20362,2001-02-20 10:00:00.0,Intermediário
0.20204,0.20316,2001-02-20 10:30:00.0,Intermediário
0.20145,0.20246,2001-02-20 11:07:00.0,Intermediário
0.202,0.20301,2001-02-20 11:30:00.0,Intermediário
0.20186,0.20287,2001-02-20 12:00:00.0,Intermediário
0.20224,0.20335,2001-02-20 12:30:00.0,Intermediário
0.20284,0.20385,2001-02-20 13:00:00.0,Intermediário
0.20296,0.20398,2001-02-20 13:30:00.0,Intermediário
0.20275,0.20377,2001-02-20 14:00:00.0,Intermediário
0.20279,0.20381,2001-02-20 14:30:00.0,Intermediário
0.20263,0.20365,2001-02-20 15:00:00.0,Intermediário
0.20308,0.2041,2001-02-20 15:30:00.0,Intermediário
0.2032,0.20422,2001-02-20 16:00:00.0,Intermediário
0.2032,0.20432,2001-02-20 16:30:00.0,Intermediário
0.20312,0.20424,2001-02-20 17:00:00.0,Fechamento Interbancário
0.20303,0.20342,2001-02-20 18:09:00.0,Fechamento
0.20367,0.20561,2001-02-21 09:22:00.0,Abertura
0.20447,0.2056,2001-02-21 10:00:00.0,Intermediário
0.20496,0.20609,2001-02-21 10:30:00.0,Intermediário
0.20509,0.20622,2001-02-21 11:00:00.0,Intermediário
0.2051,0.20613,2001-02-21 11:30:00.0,Intermediário
0.20433,0.20546,2001-02-21 12:00:00.0,Intermediário
0.20456,0.20558,2001-02-21 12:30:00.0,Intermediário
0.20383,0.20496,2001-02-21 13:00:00.0,Intermediário
0.20288,0.20399,2001-02-21 13:30:00.0,Intermediário
0.20279,0.20391,2001-02-21 14:00:00.0,Intermediário
0.20341,0.20453,2001-02-21 14:30:00.0,Intermediário
0.20486,0.20619,2001-02-21 15:00:00.0,Intermediário
0.20534,0.20647,2001-02-21 15:30:00.0,Intermediário
0.20538,0.20651,2001-02-21 16:00:00.0,Intermediário
0.20641,0.20754,2001-02-21 16:30:00.0,Intermediário
0.20518,0.20631,2001-02-21 17:12:00.0,Fechamento Interbancário
0.20379,0.20417,2001-02-21 18:57:00.0,Fechamento
0.20254,0.20445,2001-02-22 09:24:00.0,Abertura
0.20261,0.20373,2001-02-22 10:06:00.0,Intermediário
0.20287,0.20398,2001-02-22 10:41:00.0,Intermediário
0.20297,0.20409,2001-02-22 11:10:00.0,Intermediário
0.20281,0.20382,2001-02-22 11:38:00.0,Intermediário
0.20341,0.20443,2001-02-22 12:00:00.0,Intermediário
0.20354,0.20455,2001-02-22 12:30:00.0,Intermediário
0.204,0.20502,2001-02-22 13:00:00.0,Intermediário
0.20359,0.20461,2001-02-22 13:30:00.0,Intermediário
0.20408,0.2051,2001-02-22 14:00:00.0,Intermediário
0.20347,0.20449,2001-02-22 14:30:00.0,Intermediário
0.20359,0.2047,2001-02-22 15:00:00.0,Intermediário
0.20338,0.2044,2001-02-22 15:30:00.0,Intermediário
0.20329,0.20441,2001-02-22 16:00:00.0,Intermediário
0.20357,0.20469,2001-02-22 16:30:00.0,Intermediário
0.20389,0.20502,2001-02-22 17:11:00.0,Fechamento Interbancário
0.20328,0.20366,2001-02-22 18:17:00.0,Fechamento
0.20209,0.204,2001-02-23 09:26:00.0,Abertura
0.20368,0.2047,2001-02-23 10:00:00.0,Intermediário
0.20362,0.20474,2001-02-23 10:30:00.0,Intermediário
0.20377,0.20488,2001-02-23 11:00:00.0,Intermediário
0.20395,0.20497,2001-02-23 11:30:00.0,Intermediário
0.2041,0.20522,2001-02-23 12:00:00.0,Intermediário
0.20397,0.20509,2001-02-23 12:30:00.0,Intermediário
0.2044,0.20552,2001-02-23 13:00:00.0,Intermediário
0.2046,0.20573,2001-02-23 13:30:00.0,Intermediário
0.20514,0.20627,2001-02-23 14:00:00.0,Intermediário
0.20607,0.20721,2001-02-23 14:35:00.0,Intermediário
0.20574,0.20677,2001-02-23 15:00:00.0,Intermediário
0.20579,0.20682,2001-02-23 15:30:00.0,Intermediário
0.20648,0.20761,2001-02-23 16:00:00.0,Intermediário
0.20592,0.20705,2001-02-23 16:30:00.0,Intermediário
0.20583,0.20686,2001-02-23 17:00:00.0,Fechamento Interbancário
0.20664,0.20703,2001-02-23 18:15:00.0,Fechamento
0.20658,0.20853,2001-02-28 12:30:00.0,Abertura
0.20731,0.20845,2001-02-28 13:00:00.0,Intermediário
0.20791,0.20906,2001-02-28 13:30:00.0,Intermediário
0.20771,0.20875,2001-02-28 14:00:00.0,Intermediário
0.20826,0.20941,2001-02-28 14:30:00.0,Intermediário
0.20815,0.2092,2001-02-28 15:00:00.0,Intermediário
0.20855,0.2096,2001-02-28 15:30:00.0,Intermediário
0.20788,0.20893,2001-02-28 16:19:00.0,Intermediário
0.20777,0.20891,2001-02-28 16:41:00.0,Intermediário
0.20802,0.20917,2001-02-28 16:46:00.0,Intermediário
0.2082,0.20934,2001-02-28 16:47:00.0,Intermediário
0.20799,0.20913,2001-02-28 17:00:00.0,Fechamento Interbancário
0.20819,0.20859,2001-02-28 18:15:00.0,Fechamento
0.20834,0.2103,2001-03-01 09:43:00.0,Abertura
0.20854,0.20958,2001-03-01 10:00:00.0,Intermediário
0.20912,0.21027,2001-03-01 10:30:00.0,Intermediário
0.20893,0.20997,2001-03-01 11:09:00.0,Intermediário
0.20868,0.20972,2001-03-01 11:30:00.0,Intermediário
0.20916,0.21021,2001-03-01 12:00:00.0,Intermediário
0.20851,0.20955,2001-03-01 12:30:00.0,Intermediário
0.20936,0.21052,2001-03-01 13:00:00.0,Intermediário
0.20932,0.21047,2001-03-01 13:30:00.0,Intermediário
0.20952,0.21067,2001-03-01 14:00:00.0,Intermediário
0.20965,0.21081,2001-03-01 14:30:00.0,Intermediário
0.20999,0.21115,2001-03-01 15:00:00.0,Intermediário
0.21009,0.21125,2001-03-01 15:30:00.0,Intermediário
0.21021,0.21137,2001-03-01 16:00:00.0,Intermediário
0.21031,0.21147,2001-03-01 16:30:00.0,Intermediário
0.20991,0.21096,2001-03-01 17:00:00.0,Fechamento Interbancário
0.21004,0.21044,2001-03-01 18:21:00.0,Fechamento
0.21088,0.21287,2001-03-02 09:35:00.0,Abertura
0.21097,0.21213,2001-03-02 10:00:00.0,Intermediário
0.21086,0.21202,2001-03-02 10:30:00.0,Intermediário
0.21096,0.21202,2001-03-02 11:00:00.0,Intermediário
0.21081,0.21197,2001-03-02 11:30:00.0,Intermediário
0.21062,0.21178,2001-03-02 12:00:00.0,Intermediário
0.2105,0.21166,2001-03-02 12:30:00.0,Intermediário
0.21022,0.21138,2001-03-02 13:00:00.0,Intermediário
0.21028,0.21144,2001-03-02 13:30:00.0,Intermediário
0.2098,0.21096,2001-03-02 14:00:00.0,Intermediário
0.20977,0.21093,2001-03-02 14:30:00.0,Intermediário
0.209,0.21015,2001-03-02 15:00:00.0,Intermediário
0.20866,0.20981,2001-03-02 15:30:00.0,Intermediário
0.20864,0.20969,2001-03-02 16:00:00.0,Intermediário
0.20847,0.20962,2001-03-02 16:30:00.0,Intermediário
0.2086,0.20975,2001-03-02 17:00:00.0,Fechamento Interbancário
0.20981,0.21021,2001-03-02 18:15:00.0,Fechamento
0.2064,0.20836,2001-03-05 09:43:00.0,Abertura
0.20687,0.20801,2001-03-05 10:00:00.0,Intermediário
0.20715,0.20819,2001-03-05 10:30:00.0,Intermediário
0.20737,0.20841,2001-03-05 11:00:00.0,Intermediário
0.20742,0.20856,2001-03-05 11:30:00.0,Intermediário
0.2071,0.20824,2001-03-05 12:00:00.0,Intermediário
0.20705,0.20809,2001-03-05 12:30:00.0,Intermediário
0.20738,0.20842,2001-03-05 13:00:00.0,Intermediário
0.20739,0.20854,2001-03-05 13:30:00.0,Intermediário
0.20716,0.2083,2001-03-05 14:00:00.0,Intermediário
0.20722,0.20837,2001-03-05 14:30:00.0,Intermediário
0.2071,0.20824,2001-03-05 15:00:00.0,Intermediário
0.20679,0.20793,2001-03-05 15:30:00.0,Intermediário
0.20699,0.20802,2001-03-05 16:00:00.0,Intermediário
0.20715,0.20829,2001-03-05 16:30:00.0,Intermediário
0.20706,0.2082,2001-03-05 17:00:00.0,Fechamento Interbancário
0.20728,0.20768,2001-03-05 18:24:00.0,Fechamento
0.20605,0.20801,2001-03-06 09:31:00.0,Abertura
0.20664,0.20767,2001-03-06 10:00:00.0,Intermediário
0.20657,0.2076,2001-03-06 10:30:00.0,Intermediário
0.20675,0.20779,2001-03-06 11:00:00.0,Intermediário
0.20688,0.20802,2001-03-06 11:30:00.0,Intermediário
0.20732,0.20847,2001-03-06 12:00:00.0,Intermediário
0.20774,0.20888,2001-03-06 12:30:00.0,Intermediário
0.20774,0.20888,2001-03-06 13:00:00.0,Intermediário
0.2079,0.20904,2001-03-06 13:30:00.0,Intermediário
0.20828,0.20943,2001-03-06 14:00:00.0,Intermediário
0.20857,0.20973,2001-03-06 14:30:00.0,Intermediário
0.20858,0.20962,2001-03-06 15:00:00.0,Intermediário
0.20908,0.21013,2001-03-06 15:30:00.0,Intermediário
0.20892,0.21007,2001-03-06 16:00:00.0,Intermediário
0.20984,0.211,2001-03-06 16:30:00.0,Intermediário
0.21001,0.21107,2001-03-06 17:00:00.0,Fechamento Interbancário
0.20877,0.20917,2001-03-06 18:11:00.0,Fechamento
0.20828,0.21025,2001-03-07 09:37:00.0,Abertura
0.20878,0.20993,2001-03-07 10:00:00.0,Intermediário
0.20904,0.21019,2001-03-07 10:30:00.0,Intermediário
0.20936,0.21041,2001-03-07 11:00:00.0,Intermediário
0.20921,0.21026,2001-03-07 11:30:00.0,Intermediário
0.20903,0.21008,2001-03-07 12:00:00.0,Intermediário
0.20894,0.21009,2001-03-07 12:30:00.0,Intermediário
0.20975,0.2109,2001-03-07 13:00:00.0,Intermediário
0.20955,0.2106,2001-03-07 13:30:00.0,Intermediário
0.20947,0.21052,2001-03-07 14:00:00.0,Intermediário
0.20921,0.21026,2001-03-07 14:30:00.0,Intermediário
0.209,0.21015,2001-03-07 15:00:00.0,Intermediário
0.20884,0.20999,2001-03-07 15:30:00.0,Intermediário
0.20928,0.21043,2001-03-07 16:00:00.0,Intermediário
0.20896,0.21011,2001-03-07 16:30:00.0,Intermediário
0.20879,0.20994,2001-03-07 17:00:00.0,Fechamento Interbancário
0.2091,0.2095,2001-03-07 18:36:00.0,Fechamento
0.20883,0.21081,2001-03-08 09:41:00.0,Abertura
0.20915,0.2102,2001-03-08 10:00:00.0,Intermediário
0.20903,0.21007,2001-03-08 10:30:00.0,Intermediário
0.20936,0.21051,2001-03-08 11:00:00.0,Intermediário
0.2091,0.21026,2001-03-08 11:30:00.0,Intermediário
0.2088,0.20985,2001-03-08 12:00:00.0,Intermediário
0.20912,0.21017,2001-03-08 12:30:00.0,Intermediário
0.20931,0.21047,2001-03-08 13:00:00.0,Intermediário
0.20867,0.20982,2001-03-08 13:30:00.0,Intermediário
0.20849,0.20964,2001-03-08 14:00:00.0,Intermediário
0.20845,0.2096,2001-03-08 14:30:00.0,Intermediário
0.20955,0.2107,2001-03-08 15:00:00.0,Intermediário
0.21014,0.2113,2001-03-08 15:30:00.0,Intermediário
0.2108,0.21206,2001-03-08 16:00:00.0,Intermediário
0.21039,0.21155,2001-03-08 16:30:00.0,Intermediário
0.21048,0.21164,2001-03-08 17:00:00.0,Fechamento Interbancário
0.20921,0.20961,2001-03-08 18:17:00.0,Fechamento
0.21078,0.21276,2001-03-09 09:31:00.0,Abertura
0.2115,0.21266,2001-03-09 10:00:00.0,Intermediário
0.21194,0.21311,2001-03-09 10:30:00.0,Intermediário
0.21119,0.21235,2001-03-09 11:04:00.0,Intermediário
0.21076,0.21192,2001-03-09 11:30:00.0,Intermediário
0.21091,0.21207,2001-03-09 12:00:00.0,Intermediário
0.21095,0.21201,2001-03-09 12:30:00.0,Intermediário
0.21046,0.21162,2001-03-09 13:00:00.0,Intermediário
0.21027,0.21143,2001-03-09 13:30:00.0,Intermediário
0.2101,0.21125,2001-03-09 14:00:00.0,Intermediário
0.21027,0.21143,2001-03-09 14:30:00.0,Intermediário
0.20975,0.21091,2001-03-09 15:00:00.0,Intermediário
0.20897,0.21012,2001-03-09 15:41:00.0,Intermediário
0.20867,0.20982,2001-03-09 16:00:00.0,Intermediário
0.20912,0.21027,2001-03-09 16:30:00.0,Intermediário
0.20916,0.21031,2001-03-09 17:00:00.0,Fechamento Interbancário
0.21067,0.21107,2001-03-09 18:50:00.0,Fechamento
0.20731,0.20926,2001-03-12 09:42:00.0,Abertura
0.20731,0.20926,2001-03-12 09:52:00.0,Intermediário
0.20824,0.20928,2001-03-12 10:00:00.0,Intermediário
0.20818,0.20932,2001-03-12 10:30:00.0,Intermediário
0.2084,0.20954,2001-03-12 11:00:00.0,Intermediário
0.20831,0.20935,2001-03-12 11:30:00.0,Intermediário
0.20817,0.20922,2001-03-12 12:00:00.0,Intermediário
0.20814,0.20918,2001-03-12 12:30:00.0,Intermediário
0.20904,0.21019,2001-03-12 13:00:00.0,Intermediário
0.20929,0.21044,2001-03-12 13:30:00.0,Intermediário
0.20921,0.21036,2001-03-12 14:00:00.0,Intermediário
0.20908,0.21023,2001-03-12 14:30:00.0,Intermediário
0.20837,0.20962,2001-03-12 15:00:00.0,Intermediário
0.20774,0.20888,2001-03-12 15:30:00.0,Intermediário
0.20833,0.20947,2001-03-12 16:00:00.0,Intermediário
0.20793,0.20907,2001-03-12 16:30:00.0,Intermediário
0.20806,0.2092,2001-03-12 17:00:00.0,Fechamento Interbancário
0.20827,0.20867,2001-03-12 18:15:00.0,Fechamento
0.20613,0.20807,2001-03-13 09:37:00.0,Abertura
0.20675,0.20779,2001-03-13 10:00:00.0,Intermediário
0.20644,0.20757,2001-03-13 10:30:00.0,Intermediário
0.20623,0.20726,2001-03-13 11:00:00.0,Intermediário
0.20689,0.20792,2001-03-13 11:30:00.0,Intermediário
0.20651,0.20764,2001-03-13 12:00:00.0,Intermediário
0.20547,0.2066,2001-03-13 12:30:00.0,Intermediário
0.20547,0.2066,2001-03-13 13:00:00.0,Intermediário
0.20543,0.20656,2001-03-13 13:30:00.0,Intermediário
0.20506,0.20619,2001-03-13 14:00:00.0,Intermediário
0.20478,0.2059,2001-03-13 14:30:00.0,Intermediário
0.20519,0.20622,2001-03-13 15:00:00.0,Intermediário
0.20539,0.20652,2001-03-13 15:30:00.0,Intermediário
0.2056,0.20673,2001-03-13 16:00:00.0,Intermediário
0.20522,0.20634,2001-03-13 16:30:00.0,Intermediário
0.20518,0.2063,2001-03-13 17:00:00.0,Fechamento Interbancário
0.20556,0.20595,2001-03-13 18:10:00.0,Fechamento
0.20677,0.20871,2001-03-14 09:40:00.0,Abertura
0.20725,0.20828,2001-03-14 10:00:00.0,Intermediário
0.20669,0.20772,2001-03-14 10:39:00.0,Intermediário
0.2071,0.20823,2001-03-14 11:00:00.0,Intermediário
0.20678,0.20792,2001-03-14 11:30:00.0,Intermediário
0.20623,0.20726,2001-03-14 12:00:00.0,Intermediário
0.20611,0.20724,2001-03-14 12:30:00.0,Intermediário
0.20631,0.20744,2001-03-14 13:00:00.0,Intermediário
0.2066,0.20773,2001-03-14 13:30:00.0,Intermediário
0.20652,0.20765,2001-03-14 14:00:00.0,Intermediário
0.20574,0.20686,2001-03-14 14:30:00.0,Intermediário
0.20571,0.20674,2001-03-14 15:00:00.0,Intermediário
0.20548,0.20651,2001-03-14 15:30:00.0,Intermediário
0.20535,0.20637,2001-03-14 16:00:00.0,Intermediário
0.20532,0.20645,2001-03-14 16:30:00.0,Intermediário
0.20522,0.20634,2001-03-14 17:00:00.0,Fechamento Interbancário
0.20562,0.206,2001-03-14 18:16:00.0,Fechamento
0.20443,0.20634,2001-03-15 09:42:00.0,Abertura
0.20528,0.2064,2001-03-15 10:00:00.0,Intermediário
0.20621,0.20734,2001-03-15 10:40:00.0,Intermediário
0.20656,0.20769,2001-03-15 11:00:00.0,Intermediário
0.20645,0.20748,2001-03-15 11:30:00.0,Intermediário
0.2068,0.20793,2001-03-15 12:00:00.0,Intermediário
0.2071,0.20823,2001-03-15 12:30:00.0,Intermediário
0.20801,0.20915,2001-03-15 13:00:00.0,Intermediário
0.208,0.20943,2001-03-15 13:30:00.0,Intermediário
0.20773,0.20917,2001-03-15 14:00:00.0,Intermediário
0.2079,0.20904,2001-03-15 14:30:00.0,Intermediário
0.20777,0.2088,2001-03-15 15:00:00.0,Intermediário
0.20476,0.20588,2001-03-15 15:32:00.0,Intermediário
0.20466,0.20578,2001-03-15 16:00:00.0,Intermediário
0.20637,0.20739,2001-03-15 16:30:00.0,Intermediário
0.2066,0.20763,2001-03-15 17:00:00.0,Fechamento Interbancário
0.20475,0.20513,2001-03-15 18:39:00.0,Fechamento
0.20662,0.20853,2001-03-16 09:36:00.0,Abertura
0.20732,0.20884,2001-03-16 10:00:00.0,Intermediário
0.2073,0.20842,2001-03-16 10:30:00.0,Intermediário
0.20715,0.20828,2001-03-16 11:00:00.0,Intermediário
0.20677,0.20799,2001-03-16 11:30:00.0,Intermediário
0.20757,0.2087,2001-03-16 12:00:00.0,Intermediário
0.20826,0.2097,2001-03-16 12:30:00.0,Intermediário
0.20887,0.21031,2001-03-16 13:00:00.0,Intermediário
0.20803,0.20946,2001-03-16 13:30:00.0,Intermediário
0.2081,0.20953,2001-03-16 14:00:00.0,Intermediário
0.20834,0.20977,2001-03-16 14:30:00.0,Intermediário
0.20723,0.20846,2001-03-16 15:00:00.0,Intermediário
0.20788,0.20901,2001-03-16 15:30:00.0,Intermediário
0.20736,0.20859,2001-03-16 16:00:00.0,Intermediário
0.20745,0.20858,2001-03-16 16:58:00.0,Intermediário
0.20741,0.20854,2001-03-16 17:23:00.0,Fechamento Interbancário
0.20752,0.20791,2001-03-16 18:25:00.0,Fechamento
0.20756,0.20948,2001-03-19 09:50:00.0,Abertura
0.20844,0.20967,2001-03-19 10:14:00.0,Intermediário
0.20887,0.21011,2001-03-19 10:30:00.0,Intermediário
0.20916,0.21029,2001-03-19 11:00:00.0,Intermediário
0.20969,0.21093,2001-03-19 11:30:00.0,Intermediário
0.21042,0.21185,2001-03-19 12:00:00.0,Intermediário
0.21009,0.21113,2001-03-19 12:30:00.0,Intermediário
0.21251,0.21386,2001-03-19 13:00:00.0,Intermediário
0.21292,0.21408,2001-03-19 13:30:00.0,Intermediário
0.20867,0.20981,2001-03-19 14:00:00.0,Intermediário
0.20935,0.21078,2001-03-19 14:30:00.0,Intermediário
0.20914,0.21048,2001-03-19 15:00:00.0,Intermediário
0.20853,0.20956,2001-03-19 15:30:00.0,Intermediário
0.20786,0.20889,2001-03-19 16:00:00.0,Intermediário
0.20607,0.20729,2001-03-19 16:30:00.0,Intermediário
0.2069,0.20802,2001-03-19 17:00:00.0,Fechamento Interbancário
0.20841,0.2088,2001-03-19 18:26:00.0,Fechamento
0.20777,0.20969,2001-03-20 09:36:00.0,Abertura
0.2077,0.20893,2001-03-20 10:00:00.0,Intermediário
0.20839,0.20953,2001-03-20 10:30:00.0,Intermediário
0.20797,0.20911,2001-03-20 11:00:00.0,Intermediário
0.20746,0.20869,2001-03-20 11:30:00.0,Intermediário
0.2071,0.20823,2001-03-20 12:00:00.0,Intermediário
0.20696,0.20809,2001-03-20 12:30:00.0,Intermediário
0.20653,0.20776,2001-03-20 13:00:00.0,Intermediário
0.20661,0.20784,2001-03-20 13:30:00.0,Intermediário
0.20689,0.20812,2001-03-20 14:00:00.0,Intermediário
0.20669,0.20792,2001-03-20 14:30:00.0,Intermediário
0.20561,0.20674,2001-03-20 15:00:00.0,Intermediário
0.2062,0.20733,2001-03-20 15:30:00.0,Intermediário
0.2056,0.20672,2001-03-20 16:00:00.0,Intermediário
0.20464,0.20576,2001-03-20 16:30:00.0,Intermediário
0.20579,0.20692,2001-03-20 17:04:00.0,Fechamento Interbancário
0.20677,0.20716,2001-03-20 18:10:00.0,Fechamento
0.2039,0.2058,2001-03-21 09:37:00.0,Abertura
0.20527,0.20639,2001-03-21 10:00:00.0,Intermediário
0.20562,0.20665,2001-03-21 10:30:00.0,Intermediário
0.20469,0.20581,2001-03-21 11:00:00.0,Intermediário
0.20454,0.20556,2001-03-21 11:30:00.0,Intermediário
0.20419,0.2053,2001-03-21 12:00:00.0,Intermediário
0.20404,0.20516,2001-03-21 12:30:00.0,Intermediário
0.20483,0.20594,2001-03-21 13:00:00.0,Intermediário
0.20468,0.2058,2001-03-21 13:30:00.0,Intermediário
0.2046,0.20572,2001-03-21 14:00:00.0,Intermediário
0.20421,0.20532,2001-03-21 14:30:00.0,Intermediário
0.20396,0.20498,2001-03-21 15:00:00.0,Intermediário
0.20512,0.20652,2001-03-21 15:30:00.0,Intermediário
0.20547,0.20669,2001-03-21 16:00:00.0,Intermediário
0.20553,0.20664,2001-03-21 16:30:00.0,Intermediário
0.20571,0.20683,2001-03-21 17:00:00.0,Fechamento Interbancário
0.20368,0.20406,2001-03-21 18:14:00.0,Fechamento
0.20427,0.20615,2001-03-22 09:32:00.0,Abertura
0.20554,0.20685,2001-03-22 10:00:00.0,Intermediário
0.20519,0.20631,2001-03-22 10:30:00.0,Intermediário
0.20462,0.20573,2001-03-22 11:00:00.0,Intermediário
0.20475,0.20586,2001-03-22 11:30:00.0,Intermediário
0.2052,0.20631,2001-03-22 12:00:00.0,Intermediário
0.20512,0.20623,2001-03-22 12:30:00.0,Intermediário
0.20429,0.2054,2001-03-22 13:00:00.0,Intermediário
0.20437,0.20548,2001-03-22 13:30:00.0,Intermediário
0.2048,0.20592,2001-03-22 14:00:00.0,Intermediário
0.20488,0.20599,2001-03-22 14:30:00.0,Intermediário
0.2056,0.20672,2001-03-22 15:00:00.0,Intermediário
0.20652,0.20754,2001-03-22 15:30:00.0,Intermediário
0.2058,0.20692,2001-03-22 16:00:00.0,Intermediário
0.20658,0.2077,2001-03-22 16:30:00.0,Intermediário
0.20692,0.20805,2001-03-22 17:00:00.0,Fechamento Interbancário
0.20528,0.20566,2001-03-22 18:35:00.0,Fechamento
0.20825,0.21016,2001-03-23 09:41:00.0,Abertura
0.2094,0.21054,2001-03-23 10:00:00.0,Intermediário
0.20956,0.21069,2001-03-23 10:30:00.0,Intermediário
0.20948,0.21062,2001-03-23 11:00:00.0,Intermediário
0.20994,0.21108,2001-03-23 11:30:00.0,Intermediário
0.21004,0.21138,2001-03-23 12:00:00.0,Intermediário
0.21043,0.21177,2001-03-23 12:30:00.0,Intermediário
0.21148,0.21262,2001-03-23 13:00:00.0,Intermediário
0.21117,0.21251,2001-03-23 13:30:00.0,Intermediário
0.21129,0.21264,2001-03-23 14:00:00.0,Intermediário
0.21114,0.21248,2001-03-23 14:30:00.0,Intermediário
0.20955,0.21069,2001-03-23 15:00:00.0,Intermediário
0.20934,0.21048,2001-03-23 15:30:00.0,Intermediário
0.20906,0.2102,2001-03-23 16:00:00.0,Intermediário
0.21024,0.21138,2001-03-23 16:30:00.0,Intermediário
0.20992,0.21115,2001-03-23 17:00:00.0,Fechamento Interbancário
0.20896,0.20935,2001-03-23 18:28:00.0,Fechamento
0.20952,0.21144,2001-03-26 09:41:00.0,Abertura
0.20904,0.21038,2001-03-26 10:00:00.0,Intermediário
0.20988,0.21102,2001-03-26 10:30:00.0,Intermediário
0.21,0.21114,2001-03-26 11:00:00.0,Intermediário
0.20937,0.2105,2001-03-26 11:30:00.0,Intermediário
0.20853,0.20977,2001-03-26 12:00:00.0,Intermediário
0.20839,0.20952,2001-03-26 12:30:00.0,Intermediário
0.20852,0.20965,2001-03-26 13:00:00.0,Intermediário
0.20854,0.20967,2001-03-26 13:30:00.0,Intermediário
0.20831,0.20945,2001-03-26 14:00:00.0,Intermediário
0.20827,0.2094,2001-03-26 14:30:00.0,Intermediário
0.20807,0.2092,2001-03-26 15:00:00.0,Intermediário
0.20842,0.20955,2001-03-26 15:30:00.0,Intermediário
0.20876,0.2099,2001-03-26 16:00:00.0,Intermediário
0.20819,0.20932,2001-03-26 16:30:00.0,Intermediário
0.20811,0.20924,2001-03-26 17:00:00.0,Fechamento Interbancário
0.2086,0.20899,2001-03-26 18:09:00.0,Fechamento
0.20712,0.20904,2001-03-27 09:35:00.0,Abertura
0.20749,0.20862,2001-03-27 10:00:00.0,Intermediário
0.20789,0.20902,2001-03-27 10:30:00.0,Intermediário
0.20813,0.20926,2001-03-27 11:00:00.0,Intermediário
0.20845,0.20959,2001-03-27 11:30:00.0,Intermediário
0.20786,0.20899,2001-03-27 12:00:00.0,Intermediário
0.2073,0.20843,2001-03-27 12:42:00.0,Intermediário
0.20756,0.20859,2001-03-27 13:00:00.0,Intermediário
0.20707,0.2081,2001-03-27 13:30:00.0,Intermediário
0.20715,0.20818,2001-03-27 14:00:00.0,Intermediário
0.20687,0.2079,2001-03-27 14:30:00.0,Intermediário
0.20749,0.20852,2001-03-27 15:00:00.0,Intermediário
0.20726,0.20829,2001-03-27 15:30:00.0,Intermediário
0.20714,0.20827,2001-03-27 16:00:00.0,Intermediário
0.2077,0.20884,2001-03-27 16:30:00.0,Intermediário
0.20756,0.2086,2001-03-27 17:00:00.0,Fechamento Interbancário
0.20783,0.20822,2001-03-27 18:42:00.0,Fechamento
0.20441,0.2063,2001-03-28 09:43:00.0,Abertura
0.20495,0.20606,2001-03-28 10:00:00.0,Intermediário
0.20436,0.20548,2001-03-28 10:30:00.0,Intermediário
0.20432,0.20534,2001-03-28 11:00:00.0,Intermediário
0.20423,0.20534,2001-03-28 11:30:00.0,Intermediário
0.20467,0.20578,2001-03-28 12:00:00.0,Intermediário
0.20435,0.20546,2001-03-28 12:48:00.0,Intermediário
0.20505,0.20617,2001-03-28 13:00:00.0,Intermediário
0.20487,0.20599,2001-03-28 13:30:00.0,Intermediário
0.20475,0.20587,2001-03-28 14:00:00.0,Intermediário
0.20483,0.20595,2001-03-28 14:30:00.0,Intermediário
0.20487,0.20599,2001-03-28 15:00:00.0,Intermediário
0.20445,0.20546,2001-03-28 15:30:00.0,Intermediário
0.20442,0.20553,2001-03-28 16:00:00.0,Intermediário
0.20467,0.20568,2001-03-28 16:30:00.0,Intermediário
0.20418,0.20529,2001-03-28 17:00:00.0,Fechamento Interbancário
0.20363,0.20401,2001-03-28 18:13:00.0,Fechamento
0.2035,0.20537,2001-03-29 09:29:00.0,Abertura
0.20503,0.20605,2001-03-29 10:00:00.0,Intermediário
0.20486,0.20588,2001-03-29 10:30:00.0,Intermediário
0.2047,0.20581,2001-03-29 11:00:00.0,Intermediário
0.20549,0.20651,2001-03-29 11:30:00.0,Intermediário
0.20523,0.20634,2001-03-29 12:00:00.0,Intermediário
0.20494,0.20605,2001-03-29 12:41:00.0,Intermediário
0.20572,0.20674,2001-03-29 13:00:00.0,Intermediário
0.20564,0.20676,2001-03-29 13:30:00.0,Intermediário
0.20525,0.20636,2001-03-29 14:00:00.0,Intermediário
0.20552,0.20664,2001-03-29 14:30:00.0,Intermediário
0.20536,0.20648,2001-03-29 15:00:00.0,Intermediário
0.20585,0.20706,2001-03-29 15:30:00.0,Intermediário
0.20621,0.20734,2001-03-29 16:00:00.0,Intermediário
0.20675,0.20787,2001-03-29 16:30:00.0,Intermediário
0.20651,0.20763,2001-03-29 17:00:00.0,Fechamento Interbancário
0.20535,0.20573,2001-03-29 18:12:00.0,Fechamento
0.20674,0.20863,2001-03-30 09:34:00.0,Abertura
0.20748,0.2087,2001-03-30 10:00:00.0,Intermediário
0.20826,0.20939,2001-03-30 10:30:00.0,Intermediário
0.20912,0.21015,2001-03-30 11:00:00.0,Intermediário
0.2089,0.20993,2001-03-30 11:30:00.0,Intermediário
0.20974,0.21087,2001-03-30 12:00:00.0,Intermediário
0.20964,0.21078,2001-03-30 12:41:00.0,Intermediário
0.2085,0.20963,2001-03-30 13:24:00.0,Intermediário
0.20863,0.20976,2001-03-30 13:30:00.0,Intermediário
0.20848,0.20961,2001-03-30 14:00:00.0,Intermediário
0.20807,0.20919,2001-03-30 14:30:00.0,Intermediário
0.20805,0.20918,2001-03-30 15:00:00.0,Intermediário
0.20747,0.20859,2001-03-30 15:30:00.0,Intermediário
0.207,0.20812,2001-03-30 16:00:00.0,Intermediário
0.20604,0.20716,2001-03-30 16:30:00.0,Intermediário
0.20645,0.20747,2001-03-30 17:00:00.0,Fechamento Interbancário
0.20733,0.20771,2001-03-30 18:17:00.0,Fechamento
0.20633,0.20821,2001-04-02 09:54:00.0,Abertura
0.20708,0.2083,2001-04-02 10:00:00.0,Intermediário
0.20662,0.20774,2001-04-02 10:30:00.0,Intermediário
0.2072,0.20832,2001-04-02 11:00:00.0,Intermediário
0.20766,0.20878,2001-04-02 11:30:00.0,Intermediário
0.20753,0.20865,2001-04-02 12:00:00.0,Intermediário
0.20719,0.20832,2001-04-02 12:30:00.0,Intermediário
0.20727,0.2084,2001-04-02 13:00:00.0,Intermediário
0.20711,0.20824,2001-04-02 13:30:00.0,Intermediário
0.2066,0.20772,2001-04-02 14:00:00.0,Intermediário
0.20676,0.20788,2001-04-02 14:30:00.0,Intermediário
0.20742,0.20854,2001-04-02 15:00:00.0,Intermediário
0.20762,0.20874,2001-04-02 15:30:00.0,Intermediário
0.20703,0.20815,2001-04-02 16:00:00.0,Intermediário
0.20653,0.20774,2001-04-02 16:30:00.0,Intermediário
0.20686,0.20798,2001-04-02 17:00:00.0,Fechamento Interbancário
0.20627,0.20665,2001-04-02 18:15:00.0,Fechamento
0.20911,0.21101,2001-04-03 09:41:00.0,Abertura
0.20968,0.21082,2001-04-03 10:00:00.0,Intermediário
0.2097,0.21084,2001-04-03 10:30:00.0,Intermediário
0.20981,0.21085,2001-04-03 11:00:00.0,Intermediário
0.20949,0.21062,2001-04-03 11:30:00.0,Intermediário
0.21016,0.2112,2001-04-03 12:00:00.0,Intermediário
0.21066,0.2118,2001-04-03 12:34:00.0,Intermediário
0.21104,0.21218,2001-04-03 13:00:00.0,Intermediário
0.21077,0.21192,2001-04-03 13:30:00.0,Intermediário
0.21135,0.2125,2001-04-03 14:00:00.0,Intermediário
0.21123,0.21237,2001-04-03 14:30:00.0,Intermediário
0.211,0.21215,2001-04-03 15:00:00.0,Intermediário
0.21117,0.21231,2001-04-03 15:30:00.0,Intermediário
0.21163,0.21278,2001-04-03 16:00:00.0,Intermediário
0.21194,0.21309,2001-04-03 16:30:00.0,Intermediário
0.21191,0.21306,2001-04-03 17:00:00.0,Fechamento Interbancário
0.212,0.2124,2001-04-03 18:37:00.0,Fechamento
0.21038,0.21231,2001-04-04 09:49:00.0,Abertura
0.2111,0.21225,2001-04-04 10:00:00.0,Intermediário
0.21086,0.212,2001-04-04 10:30:00.0,Intermediário
0.21152,0.21267,2001-04-04 11:00:00.0,Intermediário
0.21114,0.21219,2001-04-04 11:30:00.0,Intermediário
0.2114,0.21245,2001-04-04 12:00:00.0,Intermediário
0.21097,0.21211,2001-04-04 12:30:00.0,Intermediário
0.21098,0.21212,2001-04-04 13:00:00.0,Intermediário
0.21115,0.21229,2001-04-04 13:30:00.0,Intermediário
0.21121,0.21235,2001-04-04 14:00:00.0,Intermediário
0.21133,0.21248,2001-04-04 14:30:00.0,Intermediário
0.21179,0.21285,2001-04-04 15:00:00.0,Intermediário
0.21127,0.21232,2001-04-04 15:30:00.0,Intermediário
0.21163,0.21278,2001-04-04 16:00:00.0,Intermediário
0.21212,0.21337,2001-04-04 16:30:00.0,Intermediário
0.21201,0.21316,2001-04-04 17:00:00.0,Fechamento Interbancário
0.21064,0.21103,2001-04-04 18:11:00.0,Fechamento
0.21111,0.21304,2001-04-05 09:44:00.0,Abertura
0.21196,0.21311,2001-04-05 10:00:00.0,Intermediário
0.21217,0.21332,2001-04-05 10:30:00.0,Intermediário
0.21194,0.21309,2001-04-05 11:00:00.0,Intermediário
0.21209,0.21324,2001-04-05 11:30:00.0,Intermediário
0.21222,0.21338,2001-04-05 12:00:00.0,Intermediário
0.21199,0.21314,2001-04-05 12:30:00.0,Intermediário
0.21227,0.21333,2001-04-05 13:00:00.0,Intermediário
0.21198,0.21303,2001-04-05 13:30:00.0,Intermediário
0.21233,0.21339,2001-04-05 14:00:00.0,Intermediário
0.21233,0.21339,2001-04-05 14:30:00.0,Intermediário
0.21181,0.21296,2001-04-05 15:00:00.0,Intermediário
0.2115,0.21264,2001-04-05 15:30:00.0,Intermediário
0.21085,0.212,2001-04-05 16:00:00.0,Intermediário
0.21095,0.2121,2001-04-05 16:30:00.0,Intermediário
0.21064,0.21179,2001-04-05 17:00:00.0,Fechamento Interbancário
0.21125,0.21164,2001-04-05 18:14:00.0,Fechamento
0.21022,0.21215,2001-04-06 09:47:00.0,Abertura
0.21154,0.21259,2001-04-06 10:00:00.0,Intermediário
0.21172,0.21288,2001-04-06 10:30:00.0,Intermediário
0.21199,0.21314,2001-04-06 11:00:00.0,Intermediário
0.21256,0.21362,2001-04-06 11:30:00.0,Intermediário
0.21257,0.21372,2001-04-06 12:00:00.0,Intermediário
0.21214,0.21329,2001-04-06 12:30:00.0,Intermediário
0.21206,0.21321,2001-04-06 13:00:00.0,Intermediário
0.21305,0.21421,2001-04-06 13:30:00.0,Intermediário
0.21336,0.21452,2001-04-06 14:00:00.0,Intermediário
0.21348,0.21464,2001-04-06 14:30:00.0,Intermediário
0.2135,0.21466,2001-04-06 15:00:00.0,Intermediário
0.21387,0.21503,2001-04-06 15:30:00.0,Intermediário
0.21448,0.21564,2001-04-06 16:00:00.0,Intermediário
0.21483,0.216,2001-04-06 16:30:00.0,Intermediário
0.21474,0.21591,2001-04-06 17:00:00.0,Fechamento Interbancário
0.21365,0.21404,2001-04-06 18:31:00.0,Fechamento
0.21333,0.21528,2001-04-09 09:43:00.0,Abertura
0.21407,0.21524,2001-04-09 10:00:00.0,Intermediário
0.21403,0.2151,2001-04-09 10:30:00.0,Intermediário
0.21388,0.21504,2001-04-09 11:00:00.0,Intermediário
0.21313,0.21429,2001-04-09 11:30:00.0,Intermediário
0.21361,0.21477,2001-04-09 12:00:00.0,Intermediário
0.21323,0.21429,2001-04-09 12:30:00.0,Intermediário
0.21333,0.21449,2001-04-09 13:00:00.0,Intermediário
0.21339,0.21455,2001-04-09 13:30:00.0,Intermediário
0.21308,0.21424,2001-04-09 14:00:00.0,Intermediário
0.2132,0.21436,2001-04-09 14:30:00.0,Intermediário
0.21257,0.21373,2001-04-09 15:00:00.0,Intermediário
0.21243,0.21359,2001-04-09 15:30:00.0,Intermediário
0.21161,0.21276,2001-04-09 16:00:00.0,Intermediário
0.21114,0.21229,2001-04-09 16:30:00.0,Intermediário
0.21114,0.21229,2001-04-09 17:00:00.0,Fechamento Interbancário
0.21221,0.21261,2001-04-09 18:13:00.0,Fechamento
0.21057,0.2125,2001-04-10 09:42:00.0,Abertura
0.21156,0.21271,2001-04-10 10:00:00.0,Intermediário
0.21116,0.21231,2001-04-10 10:30:00.0,Intermediário
0.21055,0.21159,2001-04-10 11:00:00.0,Intermediário
0.21064,0.21179,2001-04-10 11:30:00.0,Intermediário
0.21043,0.21157,2001-04-10 12:00:00.0,Intermediário
0.21043,0.21147,2001-04-10 12:30:00.0,Intermediário
0.21008,0.21122,2001-04-10 13:00:00.0,Intermediário
0.21024,0.21138,2001-04-10 13:30:00.0,Intermediário
0.20999,0.21113,2001-04-10 14:00:00.0,Intermediário
0.20974,0.21088,2001-04-10 14:30:00.0,Intermediário
0.20987,0.21102,2001-04-10 15:00:00.0,Intermediário
0.20913,0.21027,2001-04-10 15:30:00.0,Intermediário
0.20886,0.21,2001-04-10 16:00:00.0,Intermediário
0.20897,0.21011,2001-04-10 16:30:00.0,Intermediário
0.20889,0.21002,2001-04-10 17:00:00.0,Fechamento Interbancário
0.20969,0.21008,2001-04-10 18:13:00.0,Fechamento
0.20864,0.21056,2001-04-11 09:39:00.0,Abertura
0.20845,0.20958,2001-04-11 10:05:00.0,Intermediário
0.20862,0.20976,2001-04-11 10:30:00.0,Intermediário
0.20932,0.21046,2001-04-11 11:00:00.0,Intermediário
0.20911,0.21025,2001-04-11 11:30:00.0,Intermediário
0.20965,0.21069,2001-04-11 12:00:00.0,Intermediário
0.2096,0.21074,2001-04-11 12:30:00.0,Intermediário
0.21077,0.21191,2001-04-11 13:00:00.0,Intermediário
0.21141,0.21255,2001-04-11 13:30:00.0,Intermediário
0.21162,0.21277,2001-04-11 14:00:00.0,Intermediário
0.21138,0.21253,2001-04-11 14:30:00.0,Intermediário
0.21162,0.21277,2001-04-11 15:00:00.0,Intermediário
0.21109,0.21224,2001-04-11 15:30:00.0,Intermediário
0.21101,0.21216,2001-04-11 16:00:00.0,Intermediário
0.21192,0.21308,2001-04-11 16:30:00.0,Intermediário
0.21163,0.21278,2001-04-11 17:00:00.0,Fechamento Interbancário
0.21035,0.21074,2001-04-11 18:23:00.0,Fechamento
0.211,0.21293,2001-04-12 09:46:00.0,Abertura
0.21178,0.21293,2001-04-12 10:00:00.0,Intermediário
0.2135,0.21466,2001-04-12 10:30:00.0,Intermediário
0.2135,0.21466,2001-04-12 11:00:00.0,Intermediário
0.21381,0.21497,2001-04-12 11:30:00.0,Intermediário
0.21383,0.21499,2001-04-12 12:00:00.0,Intermediário
0.21361,0.21467,2001-04-12 12:30:00.0,Intermediário
0.21281,0.21397,2001-04-12 13:00:00.0,Intermediário
0.21277,0.21392,2001-04-12 13:30:00.0,Intermediário
0.21268,0.21384,2001-04-12 14:00:00.0,Intermediário
0.21268,0.21384,2001-04-12 14:30:00.0,Intermediário
0.21335,0.2145,2001-04-12 15:00:00.0,Intermediário
0.21272,0.21388,2001-04-12 15:30:00.0,Intermediário
0.21243,0.21341,2001-04-12 16:00:00.0,Intermediário
0.21208,0.21324,2001-04-12 16:30:00.0,Intermediário
0.21201,0.21316,2001-04-12 17:00:00.0,Fechamento Interbancário
0.21256,0.21295,2001-04-12 18:22:00.0,Fechamento
0.21158,0.21351,2001-04-16 09:53:00.0,Abertura
0.21233,0.21387,2001-04-16 10:00:00.0,Intermediário
0.21321,0.21436,2001-04-16 10:50:00.0,Intermediário
0.2138,0.21495,2001-04-16 11:00:00.0,Intermediário
0.2135,0.21456,2001-04-16 11:30:00.0,Intermediário
0.2133,0.21445,2001-04-16 12:00:00.0,Intermediário
0.21361,0.21467,2001-04-16 12:30:00.0,Intermediário
0.21382,0.21498,2001-04-16 13:00:00.0,Intermediário
0.21353,0.21469,2001-04-16 13:30:00.0,Intermediário
0.2137,0.21486,2001-04-16 14:00:00.0,Intermediário
0.21387,0.21503,2001-04-16 14:30:00.0,Intermediário
0.21361,0.21477,2001-04-16 15:00:00.0,Intermediário
0.21371,0.21487,2001-04-16 15:30:00.0,Intermediário
0.21368,0.21484,2001-04-16 16:00:00.0,Intermediário
0.21456,0.21573,2001-04-16 16:47:00.0,Intermediário
0.21444,0.2156,2001-04-16 17:16:00.0,Fechamento Interbancário
0.2136,0.21399,2001-04-16 21:33:00.0,Fechamento
0.21227,0.21419,2001-04-17 09:47:00.0,Abertura
0.21224,0.21348,2001-04-17 10:00:00.0,Intermediário
0.21154,0.21269,2001-04-17 10:30:00.0,Intermediário
0.21154,0.21269,2001-04-17 11:00:00.0,Intermediário
0.21204,0.21319,2001-04-17 12:35:00.0,Intermediário
0.21233,0.21348,2001-04-17 12:36:00.0,Intermediário
0.21249,0.21364,2001-04-17 12:38:00.0,Intermediário
0.2127,0.21385,2001-04-17 13:00:00.0,Intermediário
0.21258,0.21373,2001-04-17 13:30:00.0,Intermediário
0.21239,0.21353,2001-04-17 14:00:00.0,Intermediário
0.21286,0.21401,2001-04-17 14:30:00.0,Intermediário
0.21198,0.21313,2001-04-17 15:00:00.0,Intermediário
0.21128,0.21243,2001-04-17 15:30:00.0,Intermediário
0.21266,0.21381,2001-04-17 16:00:00.0,Intermediário
0.21296,0.21412,2001-04-17 16:30:00.0,Intermediário
0.21305,0.2142,2001-04-17 17:00:00.0,Fechamento Interbancário
0.21288,0.21327,2001-04-17 18:50:00.0,Fechamento
0.21062,0.21254,2001-04-18 09:49:00.0,Abertura
0.21139,0.21244,2001-04-18 10:00:00.0,Intermediário
0.21139,0.21253,2001-04-18 10:30:00.0,Intermediário
0.21131,0.21245,2001-04-18 11:00:00.0,Intermediário
0.21112,0.21227,2001-04-18 11:30:00.0,Intermediário
0.21037,0.21151,2001-04-18 12:04:00.0,Intermediário
0.21176,0.2129,2001-04-18 13:06:00.0,Intermediário
0.21059,0.21173,2001-04-18 13:09:00.0,Intermediário
0.21159,0.21274,2001-04-18 13:30:00.0,Intermediário
0.21168,0.21282,2001-04-18 14:00:00.0,Intermediário
0.21155,0.2127,2001-04-18 14:30:00.0,Intermediário
0.21202,0.21307,2001-04-18 15:00:00.0,Intermediário
0.21211,0.21326,2001-04-18 15:30:00.0,Intermediário
0.21286,0.21402,2001-04-18 16:00:00.0,Intermediário
0.21292,0.21407,2001-04-18 16:30:00.0,Intermediário
0.21286,0.21401,2001-04-18 17:00:00.0,Fechamento Interbancário
0.21183,0.21222,2001-04-18 18:20:00.0,Fechamento
0.21249,0.21442,2001-04-19 09:39:00.0,Abertura
0.21437,0.21553,2001-04-19 10:03:00.0,Intermediário
0.21458,0.21574,2001-04-19 10:30:00.0,Intermediário
0.21502,0.21619,2001-04-19 11:00:00.0,Intermediário
0.21503,0.21619,2001-04-19 11:30:00.0,Intermediário
0.2152,0.21637,2001-04-19 12:00:00.0,Intermediário
0.21528,0.21645,2001-04-19 12:30:00.0,Intermediário
0.21603,0.2172,2001-04-19 13:00:00.0,Intermediário
0.21625,0.21742,2001-04-19 13:30:00.0,Intermediário
0.21625,0.21742,2001-04-19 14:00:00.0,Intermediário
0.21607,0.21725,2001-04-19 14:30:00.0,Intermediário
0.21695,0.21822,2001-04-19 15:00:00.0,Intermediário
0.21738,0.21856,2001-04-19 15:35:00.0,Intermediário
0.21837,0.21975,2001-04-19 16:00:00.0,Intermediário
0.21597,0.21714,2001-04-19 16:30:00.0,Intermediário
0.21617,0.21744,2001-04-19 17:00:00.0,Fechamento Interbancário
0.21632,0.21672,2001-04-19 18:38:00.0,Fechamento
0.21749,0.21945,2001-04-20 09:51:00.0,Abertura
0.21955,0.22103,2001-04-20 10:00:00.0,Intermediário
0.21966,0.22104,2001-04-20 10:30:00.0,Intermediário
0.21959,0.22077,2001-04-20 11:07:00.0,Intermediário
0.21921,0.2204,2001-04-20 12:03:00.0,Intermediário
0.21965,0.22084,2001-04-20 12:06:00.0,Intermediário
0.2204,0.2216,2001-04-20 12:30:00.0,Intermediário
0.22022,0.22141,2001-04-20 13:00:00.0,Intermediário
0.21982,0.22101,2001-04-20 13:30:00.0,Intermediário
0.22021,0.22141,2001-04-20 14:00:00.0,Intermediário
0.21995,0.22114,2001-04-20 14:30:00.0,Intermediário
0.22126,0.22246,2001-04-20 15:00:00.0,Intermediário
0.22222,0.22342,2001-04-20 15:30:00.0,Intermediário
0.22314,0.22454,2001-04-20 16:00:00.0,Intermediário
0.22446,0.22596,2001-04-20 16:30:00.0,Intermediário
0.22211,0.22361,2001-04-20 17:00:00.0,Fechamento Interbancário
0.22179,0.2222,2001-04-20 18:24:00.0,Fechamento
0.22122,0.22321,2001-04-23 09:50:00.0,Abertura
0.22242,0.22402,2001-04-23 10:00:00.0,Intermediário
0.2234,0.2249,2001-04-23 10:30:00.0,Intermediário
0.22294,0.22434,2001-04-23 11:00:00.0,Intermediário
0.22204,0.22334,2001-04-23 11:30:00.0,Intermediário
0.22155,0.22274,2001-04-23 12:00:00.0,Intermediário
0.22098,0.22217,2001-04-23 12:30:00.0,Intermediário
0.22051,0.2217,2001-04-23 13:00:00.0,Intermediário
0.22089,0.22208,2001-04-23 14:23:00.0,Intermediário
0.22084,0.22203,2001-04-23 14:24:00.0,Intermediário
0.22097,0.22217,2001-04-23 14:30:00.0,Intermediário
0.22085,0.22204,2001-04-23 15:00:00.0,Intermediário
0.22183,0.22323,2001-04-23 15:30:00.0,Intermediário
0.22215,0.22335,2001-04-23 16:00:00.0,Intermediário
0.22135,0.22255,2001-04-23 16:30:00.0,Intermediário
0.22114,0.22233,2001-04-23 17:00:00.0,Fechamento Interbancário
0.22109,0.2215,2001-04-23 18:23:00.0,Fechamento
0.21963,0.2216,2001-04-24 09:44:00.0,Abertura
0.22062,0.222,2001-04-24 10:00:00.0,Intermediário
0.22099,0.22228,2001-04-24 10:30:00.0,Intermediário
0.22165,0.22284,2001-04-24 11:00:00.0,Intermediário
0.22149,0.22269,2001-04-24 11:30:00.0,Intermediário
0.21979,0.22088,2001-04-24 12:09:00.0,Intermediário
0.21975,0.22083,2001-04-24 12:30:00.0,Intermediário
0.22007,0.22116,2001-04-24 13:00:00.0,Intermediário
0.2202,0.22129,2001-04-24 13:30:00.0,Intermediário
0.22003,0.22111,2001-04-24 14:00:00.0,Intermediário
0.22008,0.22117,2001-04-24 14:30:00.0,Intermediário
0.21909,0.22017,2001-04-24 15:00:00.0,Intermediário
0.21924,0.22042,2001-04-24 15:30:00.0,Intermediário
0.21916,0.22034,2001-04-24 16:00:00.0,Intermediário
0.22016,0.22134,2001-04-24 16:30:00.0,Intermediário
0.2203,0.22139,2001-04-24 17:02:00.0,Fechamento Interbancário
0.21912,0.21952,2001-04-24 18:51:00.0,Fechamento
0.22287,0.22485,2001-04-25 09:44:00.0,Abertura
0.22479,0.226,2001-04-25 10:00:00.0,Intermediário
0.22565,0.22706,2001-04-25 10:30:00.0,Intermediário
0.22564,0.22675,2001-04-25 11:00:00.0,Intermediário
0.22447,0.22578,2001-04-25 11:30:00.0,Intermediário
0.22375,0.22495,2001-04-25 12:00:00.0,Intermediário
0.22391,0.22511,2001-04-25 12:30:00.0,Intermediário
0.22386,0.22507,2001-04-25 13:00:00.0,Intermediário
0.22404,0.22525,2001-04-25 13:30:00.0,Intermediário
0.22397,0.22518,2001-04-25 14:00:00.0,Intermediário
0.22382,0.22502,2001-04-25 14:30:00.0,Intermediário
0.22328,0.22459,2001-04-25 15:00:00.0,Intermediário
0.22272,0.22402,2001-04-25 15:30:00.0,Intermediário
0.22406,0.22526,2001-04-25 16:00:00.0,Intermediário
0.22366,0.22497,2001-04-25 16:30:00.0,Intermediário
0.22331,0.22451,2001-04-25 17:00:00.0,Fechamento Interbancário
0.22477,0.22518,2001-04-25 18:49:00.0,Fechamento
0.2218,0.22378,2001-04-26 09:50:00.0,Abertura
0.22251,0.22371,2001-04-26 10:00:00.0,Intermediário
0.2234,0.2245,2001-04-26 10:30:00.0,Intermediário
0.22364,0.22484,2001-04-26 11:00:00.0,Intermediário
0.22309,0.2243,2001-04-26 11:30:00.0,Intermediário
0.22347,0.22467,2001-04-26 12:00:00.0,Intermediário
0.2238,0.225,2001-04-26 12:30:00.0,Intermediário
0.22308,0.22419,2001-04-26 13:00:00.0,Intermediário
0.22264,0.22374,2001-04-26 13:30:00.0,Intermediário
0.2228,0.2239,2001-04-26 14:00:00.0,Intermediário
0.22264,0.22374,2001-04-26 14:30:00.0,Intermediário
0.22178,0.22288,2001-04-26 15:01:00.0,Intermediário
0.22147,0.22267,2001-04-26 15:30:00.0,Intermediário
0.2227,0.2239,2001-04-26 16:00:00.0,Intermediário
0.22131,0.2225,2001-04-26 16:30:00.0,Intermediário
0.22144,0.22263,2001-04-26 17:00:00.0,Fechamento Interbancário
0.22301,0.22342,2001-04-26 18:46:00.0,Fechamento
0.22026,0.22224,2001-04-27 09:48:00.0,Abertura
0.21989,0.22107,2001-04-27 10:00:00.0,Intermediário
0.21816,0.21924,2001-04-27 10:55:00.0,Intermediário
0.21706,0.21834,2001-04-27 11:00:00.0,Intermediário
0.21725,0.21843,2001-04-27 11:30:00.0,Intermediário
0.21755,0.21872,2001-04-27 12:00:00.0,Intermediário
0.21736,0.21854,2001-04-27 12:30:00.0,Intermediário
0.21718,0.21835,2001-04-27 13:00:00.0,Intermediário
0.21701,0.21818,2001-04-27 13:30:00.0,Intermediário
0.21663,0.2178,2001-04-27 14:00:00.0,Intermediário
0.21697,0.21814,2001-04-27 14:30:00.0,Intermediário
0.21689,0.21807,2001-04-27 15:00:00.0,Intermediário
0.21658,0.21775,2001-04-27 15:30:00.0,Intermediário
0.21557,0.21674,2001-04-27 16:00:00.0,Intermediário
0.2155,0.21657,2001-04-27 16:30:00.0,Intermediário
0.21539,0.21655,2001-04-27 17:00:00.0,Fechamento Interbancário
0.21729,0.21769,2001-04-27 18:18:00.0,Fechamento
0.21187,0.21379,2001-04-30 09:43:00.0,Abertura
0.21157,0.21301,2001-04-30 10:00:00.0,Intermediário
0.21231,0.21346,2001-04-30 10:30:00.0,Intermediário
0.21258,0.21373,2001-04-30 11:00:00.0,Intermediário
0.21241,0.21356,2001-04-30 11:30:00.0,Intermediário
0.21198,0.21313,2001-04-30 12:00:00.0,Intermediário
0.21274,0.21389,2001-04-30 12:30:00.0,Intermediário
0.21293,0.21409,2001-04-30 13:00:00.0,Intermediário
0.21281,0.21396,2001-04-30 13:30:00.0,Intermediário
0.21256,0.21371,2001-04-30 14:00:00.0,Intermediário
0.21274,0.21389,2001-04-30 14:30:00.0,Intermediário
0.21338,0.21453,2001-04-30 15:00:00.0,Intermediário
0.21467,0.21584,2001-04-30 15:30:00.0,Intermediário
0.21421,0.21537,2001-04-30 16:00:00.0,Intermediário
0.2144,0.21556,2001-04-30 16:30:00.0,Intermediário
0.21406,0.21522,2001-04-30 17:00:00.0,Fechamento Interbancário
0.21262,0.21301,2001-04-30 18:50:00.0,Fechamento
0.21406,0.216,2001-05-02 09:47:00.0,Abertura
0.21587,0.21703,2001-05-02 10:00:00.0,Intermediário
0.21564,0.21671,2001-05-02 10:30:00.0,Intermediário
0.21581,0.21688,2001-05-02 11:00:00.0,Intermediário
0.21588,0.21695,2001-05-02 11:30:00.0,Intermediário
0.21652,0.21769,2001-05-02 12:00:00.0,Intermediário
0.21764,0.21882,2001-05-02 12:30:00.0,Intermediário
0.2175,0.21868,2001-05-02 13:00:00.0,Intermediário
0.21771,0.21889,2001-05-02 13:30:00.0,Intermediário
0.21754,0.21872,2001-05-02 14:00:00.0,Intermediário
0.21754,0.21872,2001-05-02 14:30:00.0,Intermediário
0.217,0.21807,2001-05-02 15:00:00.0,Intermediário
0.21752,0.21869,2001-05-02 15:30:00.0,Intermediário
0.21831,0.21948,2001-05-02 16:00:00.0,Intermediário
0.21846,0.21973,2001-05-02 16:30:00.0,Intermediário
0.2185,0.21968,2001-05-02 17:00:00.0,Fechamento Interbancário
0.21752,0.21792,2001-05-02 18:24:00.0,Fechamento
0.21817,0.22013,2001-05-03 09:59:00.0,Abertura
0.21802,0.2192,2001-05-03 10:00:00.0,Intermediário
0.21889,0.22007,2001-05-03 10:30:00.0,Intermediário
0.21861,0.21979,2001-05-03 11:00:00.0,Intermediário
0.21918,0.22037,2001-05-03 11:30:00.0,Intermediário
0.21849,0.21967,2001-05-03 12:00:00.0,Intermediário
0.21782,0.2189,2001-05-03 12:30:00.0,Intermediário
0.21764,0.21882,2001-05-03 13:00:00.0,Intermediário
0.21811,0.21929,2001-05-03 13:30:00.0,Intermediário
0.21794,0.21912,2001-05-03 14:00:00.0,Intermediário
0.21794,0.21912,2001-05-03 14:30:00.0,Intermediário
0.21666,0.21783,2001-05-03 15:00:00.0,Intermediário
0.21598,0.21705,2001-05-03 15:30:00.0,Intermediário
0.21583,0.21699,2001-05-03 16:00:00.0,Intermediário
0.2154,0.21656,2001-05-03 16:30:00.0,Intermediário
0.21523,0.21639,2001-05-03 17:00:00.0,Fechamento Interbancário
0.21736,0.21776,2001-05-03 18:28:00.0,Fechamento
0.21645,0.21841,2001-05-04 09:43:00.0,Abertura
0.21864,0.21972,2001-05-04 10:00:00.0,Intermediário
0.21892,0.22,2001-05-04 10:30:00.0,Intermediário
0.21832,0.2195,2001-05-04 11:00:00.0,Intermediário
0.21744,0.21862,2001-05-04 11:30:00.0,Intermediário
0.21724,0.21832,2001-05-04 12:00:00.0,Intermediário
0.21715,0.21833,2001-05-04 12:30:00.0,Intermediário
0.21673,0.2179,2001-05-04 13:00:00.0,Intermediário
0.21677,0.21795,2001-05-04 13:30:00.0,Intermediário
0.21686,0.21803,2001-05-04 14:00:00.0,Intermediário
0.2169,0.21808,2001-05-04 14:30:00.0,Intermediário
0.21625,0.21732,2001-05-04 15:00:00.0,Intermediário
0.21615,0.21722,2001-05-04 15:30:00.0,Intermediário
0.21667,0.21785,2001-05-04 16:00:00.0,Intermediário
0.21709,0.21826,2001-05-04 16:30:00.0,Intermediário
0.21671,0.21778,2001-05-04 17:00:00.0,Fechamento Interbancário
0.21731,0.21771,2001-05-04 18:12:00.0,Fechamento
0.21434,0.21628,2001-05-07 09:47:00.0,Abertura
0.21424,0.2154,2001-05-07 10:00:00.0,Intermediário
0.21397,0.21513,2001-05-07 10:30:00.0,Intermediário
0.21409,0.21525,2001-05-07 11:00:00.0,Intermediário
0.21382,0.21498,2001-05-07 11:42:00.0,Intermediário
0.21385,0.21501,2001-05-07 12:14:00.0,Intermediário
0.21411,0.21527,2001-05-07 12:40:00.0,Intermediário
0.21425,0.21541,2001-05-07 13:15:00.0,Intermediário
0.21434,0.2155,2001-05-07 13:49:00.0,Intermediário
0.21434,0.2155,2001-05-07 14:08:00.0,Intermediário
0.21432,0.21548,2001-05-07 14:43:00.0,Intermediário
0.21395,0.21511,2001-05-07 15:03:00.0,Intermediário
0.21517,0.21634,2001-05-07 15:45:00.0,Intermediário
0.21458,0.21574,2001-05-07 16:07:00.0,Intermediário
0.21558,0.21674,2001-05-07 16:30:00.0,Intermediário
0.21563,0.2168,2001-05-07 17:00:00.0,Fechamento Interbancário
0.21393,0.21432,2001-05-07 18:19:00.0,Fechamento
0.21483,0.21677,2001-05-08 09:51:00.0,Abertura
0.21587,0.21704,2001-05-08 10:00:00.0,Intermediário
0.21578,0.21695,2001-05-08 10:30:00.0,Intermediário
0.21601,0.21718,2001-05-08 11:00:00.0,Intermediário
0.2161,0.21727,2001-05-08 11:49:00.0,Intermediário
0.21657,0.21773,2001-05-08 12:00:00.0,Intermediário
0.21679,0.21796,2001-05-08 12:46:00.0,Intermediário
0.21612,0.21729,2001-05-08 13:07:00.0,Intermediário
0.21596,0.21712,2001-05-08 13:34:00.0,Intermediário
0.21583,0.21699,2001-05-08 14:06:00.0,Intermediário
0.21607,0.21723,2001-05-08 14:30:00.0,Intermediário
0.2162,0.21736,2001-05-08 15:00:00.0,Intermediário
0.21636,0.21752,2001-05-08 15:30:00.0,Intermediário
0.21622,0.21738,2001-05-08 16:00:00.0,Intermediário
0.21732,0.2185,2001-05-08 16:30:00.0,Intermediário
0.21737,0.21854,2001-05-08 17:00:00.0,Fechamento Interbancário
0.21644,0.21684,2001-05-08 18:23:00.0,Fechamento
0.21795,0.2199,2001-05-09 09:41:00.0,Abertura
0.21905,0.22023,2001-05-09 10:00:00.0,Intermediário
0.21898,0.22016,2001-05-09 10:30:00.0,Intermediário
0.21894,0.22012,2001-05-09 11:00:00.0,Intermediário
0.21882,0.22,2001-05-09 11:30:00.0,Intermediário
0.21858,0.21976,2001-05-09 12:00:00.0,Intermediário
0.2186,0.21978,2001-05-09 12:30:00.0,Intermediário
0.21914,0.22032,2001-05-09 13:00:00.0,Intermediário
0.21914,0.22032,2001-05-09 13:30:00.0,Intermediário
0.21909,0.22027,2001-05-09 14:00:00.0,Intermediário
0.21922,0.2204,2001-05-09 14:30:00.0,Intermediário
0.21882,0.22,2001-05-09 15:00:00.0,Intermediário
0.21892,0.2201,2001-05-09 15:30:00.0,Intermediário
0.21908,0.22026,2001-05-09 16:00:00.0,Intermediário
0.21941,0.22049,2001-05-09 16:30:00.0,Intermediário
0.21938,0.22057,2001-05-09 17:00:00.0,Fechamento Interbancário
0.2195,0.2199,2001-05-09 18:21:00.0,Fechamento
0.21792,0.21988,2001-05-10 09:50:00.0,Abertura
0.2193,0.22048,2001-05-10 10:00:00.0,Intermediário
0.21943,0.22061,2001-05-10 10:30:00.0,Intermediário
0.22054,0.22172,2001-05-10 11:00:00.0,Intermediário
0.22067,0.22185,2001-05-10 11:30:00.0,Intermediário
0.22093,0.22212,2001-05-10 12:00:00.0,Intermediário
0.2211,0.22229,2001-05-10 12:30:00.0,Intermediário
0.22095,0.22224,2001-05-10 13:00:00.0,Intermediário
0.22103,0.22232,2001-05-10 13:30:00.0,Intermediário
0.22125,0.22254,2001-05-10 14:00:00.0,Intermediário
0.22116,0.22245,2001-05-10 14:30:00.0,Intermediário
0.22049,0.22168,2001-05-10 15:00:00.0,Intermediário
0.22019,0.22138,2001-05-10 15:30:00.0,Intermediário
0.2201,0.22129,2001-05-10 16:00:00.0,Intermediário
0.21984,0.22093,2001-05-10 16:30:00.0,Intermediário
0.21983,0.22102,2001-05-10 17:00:00.0,Fechamento Interbancário
0.22097,0.22138,2001-05-10 18:22:00.0,Fechamento
0.22018,0.22215,2001-05-11 09:45:00.0,Abertura
0.22092,0.22221,2001-05-11 10:00:00.0,Intermediário
0.2228,0.224,2001-05-11 10:30:00.0,Intermediário
0.22247,0.22367,2001-05-11 11:00:00.0,Intermediário
0.2225,0.2237,2001-05-11 11:30:00.0,Intermediário
0.22209,0.22329,2001-05-11 12:00:00.0,Intermediário
0.22219,0.22329,2001-05-11 12:30:00.0,Intermediário
0.22241,0.2236,2001-05-11 13:00:00.0,Intermediário
0.22266,0.22386,2001-05-11 13:30:00.0,Intermediário
0.22274,0.22394,2001-05-11 14:00:00.0,Intermediário
0.22261,0.22381,2001-05-11 14:30:00.0,Intermediário
0.2236,0.2248,2001-05-11 15:00:00.0,Intermediário
0.2235,0.2247,2001-05-11 15:30:00.0,Intermediário
0.22239,0.22358,2001-05-11 16:00:00.0,Intermediário
0.2224,0.22359,2001-05-11 16:30:00.0,Intermediário
0.22242,0.22362,2001-05-11 17:00:00.0,Fechamento Interbancário
0.22296,0.22337,2001-05-11 18:23:00.0,Fechamento
0.22158,0.22355,2001-05-14 09:47:00.0,Abertura
0.22181,0.223,2001-05-14 10:00:00.0,Intermediário
0.22276,0.22395,2001-05-14 10:30:00.0,Intermediário
0.2234,0.22459,2001-05-14 11:00:00.0,Intermediário
0.22277,0.22396,2001-05-14 11:36:00.0,Intermediário
0.22292,0.22411,2001-05-14 12:06:00.0,Intermediário
0.22295,0.22414,2001-05-14 12:30:00.0,Intermediário
0.22324,0.22444,2001-05-14 13:00:00.0,Intermediário
0.22316,0.22436,2001-05-14 13:30:00.0,Intermediário
0.22319,0.22438,2001-05-14 14:00:00.0,Intermediário
0.22299,0.22419,2001-05-14 14:30:00.0,Intermediário
0.2226,0.22379,2001-05-14 15:00:00.0,Intermediário
0.22326,0.22436,2001-05-14 15:30:00.0,Intermediário
0.2236,0.2248,2001-05-14 16:00:00.0,Intermediário
0.22414,0.22534,2001-05-14 16:30:00.0,Intermediário
0.22418,0.22529,2001-05-14 17:00:00.0,Fechamento Interbancário
0.22339,0.2238,2001-05-14 18:14:00.0,Fechamento
0.22602,0.22801,2001-05-15 09:46:00.0,Abertura
0.22688,0.2281,2001-05-15 10:00:00.0,Intermediário
0.22702,0.22823,2001-05-15 10:30:00.0,Intermediário
0.22708,0.2283,2001-05-15 11:00:00.0,Intermediário
0.22676,0.22798,2001-05-15 11:30:00.0,Intermediário
0.22729,0.22851,2001-05-15 12:00:00.0,Intermediário
0.22717,0.22839,2001-05-15 12:30:00.0,Intermediário
0.22719,0.2284,2001-05-15 13:00:00.0,Intermediário
0.22697,0.22818,2001-05-15 13:30:00.0,Intermediário
0.22696,0.22818,2001-05-15 14:00:00.0,Intermediário
0.22688,0.22809,2001-05-15 14:30:00.0,Intermediário
0.2273,0.22852,2001-05-15 15:00:00.0,Intermediário
0.22768,0.2289,2001-05-15 15:30:00.0,Intermediário
0.22735,0.22857,2001-05-15 16:00:00.0,Intermediário
0.22727,0.22848,2001-05-15 16:30:00.0,Intermediário
0.22746,0.22868,2001-05-15 17:00:00.0,Fechamento Interbancário
0.22748,0.22789,2001-05-15 19:38:00.0,Fechamento
0.22611,0.2281,2001-05-16 09:54:00.0,Abertura
0.22615,0.22737,2001-05-16 10:00:00.0,Intermediário
0.22563,0.22674,2001-05-16 10:30:00.0,Intermediário
0.22543,0.22674,2001-05-16 11:00:00.0,Intermediário
0.22538,0.22649,2001-05-16 11:30:00.0,Intermediário
0.22542,0.22663,2001-05-16 12:00:00.0,Intermediário
0.22585,0.22706,2001-05-16 12:30:00.0,Intermediário
0.22581,0.22702,2001-05-16 13:00:00.0,Intermediário
0.22607,0.22728,2001-05-16 13:30:00.0,Intermediário
0.22594,0.22715,2001-05-16 14:00:00.0,Intermediário
0.22618,0.22739,2001-05-16 14:30:00.0,Intermediário
0.22678,0.228,2001-05-16 15:00:00.0,Intermediário
0.2262,0.22741,2001-05-16 15:30:00.0,Intermediário
0.22575,0.22696,2001-05-16 16:00:00.0,Intermediário
0.22552,0.22673,2001-05-16 16:30:00.0,Intermediário
0.22535,0.22656,2001-05-16 17:00:00.0,Fechamento Interbancário
0.22597,0.22639,2001-05-16 18:10:00.0,Fechamento
0.22461,0.22659,2001-05-17 09:41:00.0,Abertura
0.22564,0.22685,2001-05-17 10:00:00.0,Intermediário
0.22538,0.22659,2001-05-17 10:30:00.0,Intermediário
0.22491,0.22611,2001-05-17 11:00:00.0,Intermediário
0.22455,0.22575,2001-05-17 11:30:00.0,Intermediário
0.22421,0.22542,2001-05-17 12:00:00.0,Intermediário
0.22383,0.22503,2001-05-17 12:30:00.0,Intermediário
0.22498,0.22609,2001-05-17 13:00:00.0,Intermediário
0.22485,0.22596,2001-05-17 13:30:00.0,Intermediário
0.22489,0.226,2001-05-17 14:00:00.0,Intermediário
0.22485,0.22596,2001-05-17 14:30:00.0,Intermediário
0.22526,0.22637,2001-05-17 15:00:00.0,Intermediário
0.2253,0.22651,2001-05-17 15:30:00.0,Intermediário
0.2247,0.22591,2001-05-17 16:00:00.0,Intermediário
0.22487,0.22608,2001-05-17 16:30:00.0,Intermediário
0.22465,0.22586,2001-05-17 17:00:00.0,Fechamento Interbancário
0.22479,0.22521,2001-05-17 18:14:00.0,Fechamento
0.22264,0.22462,2001-05-18 09:43:00.0,Abertura
0.22259,0.22378,2001-05-18 10:00:00.0,Intermediário
0.22218,0.22338,2001-05-18 10:49:00.0,Intermediário
0.22251,0.22371,2001-05-18 11:00:00.0,Intermediário
0.22341,0.22461,2001-05-18 11:30:00.0,Intermediário
0.22336,0.22446,2001-05-18 12:00:00.0,Intermediário
0.22397,0.22508,2001-05-18 12:30:00.0,Intermediário
0.22358,0.22468,2001-05-18 13:00:00.0,Intermediário
0.22362,0.22472,2001-05-18 13:30:00.0,Intermediário
0.22366,0.22477,2001-05-18 14:00:00.0,Intermediário
0.22421,0.22531,2001-05-18 14:30:00.0,Intermediário
0.22429,0.2255,2001-05-18 15:00:00.0,Intermediário
0.2242,0.2254,2001-05-18 15:30:00.0,Intermediário
0.22429,0.22549,2001-05-18 16:00:00.0,Intermediário
0.22491,0.22611,2001-05-18 16:30:00.0,Intermediário
0.22495,0.22616,2001-05-18 17:00:00.0,Fechamento Interbancário
0.22452,0.22494,2001-05-18 18:18:00.0,Fechamento
0.22564,0.22763,2001-05-21 09:44:00.0,Abertura
0.2268,0.22801,2001-05-21 10:00:00.0,Intermediário
0.22693,0.22815,2001-05-21 10:30:00.0,Intermediário
0.22699,0.22821,2001-05-21 11:00:00.0,Intermediário
0.22674,0.22796,2001-05-21 11:30:00.0,Intermediário
0.22623,0.22754,2001-05-21 12:00:00.0,Intermediário
0.22648,0.2276,2001-05-21 12:30:00.0,Intermediário
0.22671,0.22793,2001-05-21 13:00:00.0,Intermediário
0.22666,0.22788,2001-05-21 13:30:00.0,Intermediário
0.22693,0.22815,2001-05-21 14:00:00.0,Intermediário
0.22702,0.22824,2001-05-21 14:30:00.0,Intermediário
0.22723,0.22845,2001-05-21 15:00:00.0,Intermediário
0.227,0.22822,2001-05-21 15:30:00.0,Intermediário
0.2271,0.22832,2001-05-21 16:00:00.0,Intermediário
0.22666,0.22777,2001-05-21 16:30:00.0,Intermediário
0.22697,0.22819,2001-05-21 17:00:00.0,Fechamento Interbancário
0.22771,0.22813,2001-05-21 20:12:00.0,Fechamento
0.22194,0.2239,2001-05-22 09:48:00.0,Abertura
0.22205,0.22324,2001-05-22 10:00:00.0,Intermediário
0.22114,0.22232,2001-05-22 10:30:00.0,Intermediário
0.22167,0.22286,2001-05-22 11:00:00.0,Intermediário
0.22189,0.22298,2001-05-22 11:30:00.0,Intermediário
0.22137,0.22256,2001-05-22 12:00:00.0,Intermediário
0.22131,0.2225,2001-05-22 12:30:00.0,Intermediário
0.22147,0.22256,2001-05-22 13:00:00.0,Intermediário
0.22108,0.22218,2001-05-22 13:30:00.0,Intermediário
0.22087,0.22196,2001-05-22 14:00:00.0,Intermediário
0.22104,0.22213,2001-05-22 14:30:00.0,Intermediário
0.22208,0.22327,2001-05-22 15:00:00.0,Intermediário
0.22182,0.22301,2001-05-22 15:30:00.0,Intermediário
0.22341,0.22461,2001-05-22 16:00:00.0,Intermediário
0.22345,0.22464,2001-05-22 16:30:00.0,Intermediário
0.22353,0.22473,2001-05-22 17:00:00.0,Fechamento Interbancário
0.22203,0.22244,2001-05-22 18:17:00.0,Fechamento
0.22107,0.22302,2001-05-23 09:42:00.0,Abertura
0.22176,0.22313,2001-05-23 10:00:00.0,Intermediário
0.22119,0.22237,2001-05-23 10:30:00.0,Intermediário
0.22165,0.22274,2001-05-23 11:00:00.0,Intermediário
0.22251,0.22369,2001-05-23 11:30:00.0,Intermediário
0.22267,0.22386,2001-05-23 12:00:00.0,Intermediário
0.22285,0.22394,2001-05-23 12:30:00.0,Intermediário
0.22286,0.22405,2001-05-23 13:00:00.0,Intermediário
0.2229,0.22409,2001-05-23 13:30:00.0,Intermediário
0.22311,0.2243,2001-05-23 14:00:00.0,Intermediário
0.22248,0.22366,2001-05-23 14:30:00.0,Intermediário
0.22253,0.22372,2001-05-23 15:00:00.0,Intermediário
0.22219,0.22338,2001-05-23 15:30:00.0,Intermediário
0.22245,0.22364,2001-05-23 16:00:00.0,Intermediário
0.22244,0.22363,2001-05-23 16:30:00.0,Intermediário
0.22239,0.22358,2001-05-23 17:00:00.0,Fechamento Interbancário
0.22224,0.22265,2001-05-23 18:10:00.0,Fechamento
0.22186,0.22382,2001-05-24 09:42:00.0,Abertura
0.2223,0.22339,2001-05-24 10:00:00.0,Intermediário
0.22232,0.22351,2001-05-24 10:30:00.0,Intermediário
0.22332,0.22451,2001-05-24 11:00:00.0,Intermediário
0.224,0.22529,2001-05-24 11:30:00.0,Intermediário
0.22334,0.22453,2001-05-24 12:00:00.0,Intermediário
0.22313,0.22432,2001-05-24 12:30:00.0,Intermediário
0.22307,0.22426,2001-05-24 13:00:00.0,Intermediário
0.22299,0.22418,2001-05-24 13:30:00.0,Intermediário
0.22325,0.22444,2001-05-24 14:00:00.0,Intermediário
0.22354,0.22474,2001-05-24 14:30:00.0,Intermediário
0.22395,0.22543,2001-05-24 15:00:00.0,Intermediário
0.22331,0.22459,2001-05-24 15:30:00.0,Intermediário
0.22278,0.22397,2001-05-24 16:00:00.0,Intermediário
0.22206,0.22354,2001-05-24 16:30:00.0,Intermediário
0.22223,0.22371,2001-05-24 17:00:00.0,Fechamento Interbancário
0.2225,0.22291,2001-05-24 18:20:00.0,Fechamento
0.2231,0.22504,2001-05-25 09:51:00.0,Abertura
0.22325,0.22444,2001-05-25 10:00:00.0,Intermediário
0.22294,0.22413,2001-05-25 10:30:00.0,Intermediário
0.22353,0.22472,2001-05-25 11:00:00.0,Intermediário
0.22367,0.22486,2001-05-25 11:30:00.0,Intermediário
0.22384,0.22503,2001-05-25 12:00:00.0,Intermediário
0.22056,0.22174,2001-05-25 12:30:00.0,Intermediário
0.22142,0.22261,2001-05-25 13:00:00.0,Intermediário
0.22105,0.22233,2001-05-25 13:30:00.0,Intermediário
0.22098,0.22225,2001-05-25 14:00:00.0,Intermediário
0.22107,0.22225,2001-05-25 14:30:00.0,Intermediário
0.22164,0.22283,2001-05-25 15:00:00.0,Intermediário
0.21888,0.22025,2001-05-25 15:30:00.0,Intermediário
0.22033,0.2217,2001-05-25 16:00:00.0,Intermediário
0.21962,0.22089,2001-05-25 16:30:00.0,Intermediário
0.21956,0.22102,2001-05-25 17:00:00.0,Fechamento Interbancário
0.22206,0.22247,2001-05-25 18:19:00.0,Fechamento
0.21893,0.22086,2001-05-28 09:57:00.0,Abertura
0.21953,0.22099,2001-05-28 10:00:00.0,Intermediário
0.21942,0.2206,2001-05-28 10:30:00.0,Intermediário
0.2198,0.22097,2001-05-28 11:00:00.0,Intermediário
0.22036,0.22154,2001-05-28 11:30:00.0,Intermediário
0.22051,0.22169,2001-05-28 12:00:00.0,Intermediário
0.22053,0.22171,2001-05-28 12:30:00.0,Intermediário
0.22058,0.22167,2001-05-28 13:00:00.0,Intermediário
0.22035,0.22143,2001-05-28 13:30:00.0,Intermediário
0.22058,0.22166,2001-05-28 14:00:00.0,Intermediário
0.2207,0.22178,2001-05-28 14:30:00.0,Intermediário
0.22074,0.22192,2001-05-28 15:00:00.0,Intermediário
0.2209,0.22209,2001-05-28 15:30:00.0,Intermediário
0.2209,0.22209,2001-05-28 16:00:00.0,Intermediário
0.221,0.22218,2001-05-28 16:30:00.0,Intermediário
0.22108,0.22227,2001-05-28 17:00:00.0,Fechamento Interbancário
0.22059,0.22099,2001-05-28 18:34:00.0,Fechamento
0.22067,0.2226,2001-05-29 09:47:00.0,Abertura
0.22147,0.22265,2001-05-29 10:00:00.0,Intermediário
0.221,0.22218,2001-05-29 10:30:00.0,Intermediário
0.22083,0.22201,2001-05-29 11:00:00.0,Intermediário
0.2208,0.22198,2001-05-29 11:30:00.0,Intermediário
0.22038,0.22156,2001-05-29 12:00:00.0,Intermediário
0.22035,0.22153,2001-05-29 12:30:00.0,Intermediário
0.22051,0.22159,2001-05-29 13:00:00.0,Intermediário
0.22025,0.22133,2001-05-29 13:30:00.0,Intermediário
0.221,0.22209,2001-05-29 14:00:00.0,Intermediário
0.22104,0.22213,2001-05-29 14:30:00.0,Intermediário
0.22106,0.22214,2001-05-29 15:00:00.0,Intermediário
0.22095,0.22213,2001-05-29 15:30:00.0,Intermediário
0.22102,0.2222,2001-05-29 16:00:00.0,Intermediário
0.22101,0.22238,2001-05-29 16:30:00.0,Intermediário
0.22086,0.22204,2001-05-29 17:00:00.0,Fechamento Interbancário
0.22081,0.22121,2001-05-29 18:27:00.0,Fechamento
0.2213,0.22324,2001-05-30 09:53:00.0,Abertura
0.22197,0.22315,2001-05-30 10:00:00.0,Intermediário
0.22188,0.22306,2001-05-30 10:41:00.0,Intermediário
0.22206,0.22315,2001-05-30 10:44:00.0,Intermediário
0.22216,0.22334,2001-05-30 11:00:00.0,Intermediário
0.22261,0.22379,2001-05-30 11:30:00.0,Intermediário
0.22244,0.22363,2001-05-30 12:00:00.0,Intermediário
0.22227,0.22346,2001-05-30 12:30:00.0,Intermediário
0.2221,0.22329,2001-05-30 13:00:00.0,Intermediário
0.22227,0.22346,2001-05-30 13:30:00.0,Intermediário
0.2224,0.22358,2001-05-30 14:00:00.0,Intermediário
0.22227,0.22346,2001-05-30 14:30:00.0,Intermediário
0.22273,0.22391,2001-05-30 15:00:00.0,Intermediário
0.22246,0.22365,2001-05-30 15:30:00.0,Intermediário
0.22133,0.22251,2001-05-30 16:00:00.0,Intermediário
0.22051,0.2216,2001-05-30 16:30:00.0,Intermediário
0.2205,0.22159,2001-05-30 17:00:00.0,Fechamento Interbancário
0.22212,0.22253,2001-05-30 18:17:00.0,Fechamento
0.2168,0.2187,2001-05-31 09:57:00.0,Abertura
0.21752,0.21887,2001-05-31 10:00:00.0,Intermediário
0.21814,0.21921,2001-05-31 10:30:00.0,Intermediário
0.2184,0.21956,2001-05-31 11:00:00.0,Intermediário
0.21828,0.21944,2001-05-31 11:30:00.0,Intermediário
0.21895,0.22011,2001-05-31 12:00:00.0,Intermediário
0.21855,0.21962,2001-05-31 12:30:00.0,Intermediário
0.21808,0.21924,2001-05-31 13:00:00.0,Intermediário
0.21816,0.21932,2001-05-31 13:30:00.0,Intermediário
0.21828,0.21945,2001-05-31 14:00:00.0,Intermediário
0.2184,0.21957,2001-05-31 14:30:00.0,Intermediário
0.21839,0.21955,2001-05-31 15:00:00.0,Intermediário
0.21893,0.2201,2001-05-31 15:30:00.0,Intermediário
0.21872,0.22007,2001-05-31 16:00:00.0,Intermediário
0.21941,0.22086,2001-05-31 16:30:00.0,Intermediário
0.21923,0.22068,2001-05-31 17:00:00.0,Fechamento Interbancário
0.21854,0.21893,2001-05-31 18:17:00.0,Fechamento
0.21924,0.22115,2001-06-01 09:34:00.0,Abertura
0.21847,0.21964,2001-06-01 10:00:00.0,Intermediário
0.2195,0.22067,2001-06-01 10:30:00.0,Intermediário
0.21979,0.22096,2001-06-01 11:00:00.0,Intermediário
0.22079,0.22197,2001-06-01 11:30:00.0,Intermediário
0.21992,0.22118,2001-06-01 12:00:00.0,Intermediário
0.21905,0.22022,2001-06-01 12:30:00.0,Intermediário
0.21955,0.22062,2001-06-01 13:00:00.0,Intermediário
0.21852,0.21959,2001-06-01 13:30:00.0,Intermediário
0.21865,0.21972,2001-06-01 14:00:00.0,Intermediário
0.21921,0.22028,2001-06-01 14:30:00.0,Intermediário
0.21874,0.2199,2001-06-01 15:00:00.0,Intermediário
0.21845,0.21961,2001-06-01 15:30:00.0,Intermediário
0.21791,0.21916,2001-06-01 16:00:00.0,Intermediário
0.21823,0.21976,2001-06-01 16:30:00.0,Intermediário
0.21823,0.21976,2001-06-01 17:00:00.0,Fechamento Interbancário
0.21889,0.21928,2001-06-01 18:20:00.0,Fechamento
0.21671,0.21861,2001-06-04 09:47:00.0,Abertura
0.21664,0.21788,2001-06-04 10:00:00.0,Intermediário
0.21712,0.21827,2001-06-04 10:30:00.0,Intermediário
0.21695,0.21811,2001-06-04 11:00:00.0,Intermediário
0.21646,0.21761,2001-06-04 11:30:00.0,Intermediário
0.21626,0.21741,2001-06-04 12:00:00.0,Intermediário
0.21574,0.21689,2001-06-04 12:30:00.0,Intermediário
0.2153,0.21635,2001-06-04 13:00:00.0,Intermediário
0.21542,0.21647,2001-06-04 13:30:00.0,Intermediário
0.21546,0.21651,2001-06-04 14:00:00.0,Intermediário
0.21565,0.21671,2001-06-04 14:30:00.0,Intermediário
0.21595,0.21701,2001-06-04 15:00:00.0,Intermediário
0.21637,0.21743,2001-06-04 15:30:00.0,Intermediário
0.21777,0.21893,2001-06-04 16:00:00.0,Intermediário
0.21771,0.21877,2001-06-04 16:30:00.0,Fechamento Interbancário
0.21622,0.21661,2001-06-04 17:23:00.0,Fechamento
0.21711,0.21899,2001-06-05 09:44:00.0,Abertura
0.21817,0.21942,2001-06-05 10:00:00.0,Intermediário
0.2186,0.21976,2001-06-05 10:30:00.0,Intermediário
0.21852,0.21968,2001-06-05 11:00:00.0,Intermediário
0.21899,0.22006,2001-06-05 11:30:00.0,Intermediário
0.21866,0.21983,2001-06-05 12:00:00.0,Intermediário
0.21964,0.2208,2001-06-05 12:30:00.0,Intermediário
0.22004,0.22121,2001-06-05 13:00:00.0,Intermediário
0.21989,0.22106,2001-06-05 13:30:00.0,Intermediário
0.21989,0.22106,2001-06-05 14:00:00.0,Intermediário
0.21989,0.22106,2001-06-05 14:30:00.0,Intermediário
0.22021,0.22147,2001-06-05 15:00:00.0,Intermediário
0.22045,0.22152,2001-06-05 15:30:00.0,Intermediário
0.22053,0.2217,2001-06-05 16:00:00.0,Intermediário
0.22073,0.22191,2001-06-05 16:30:00.0,Fechamento Interbancário
0.22137,0.22177,2001-06-05 17:42:00.0,Fechamento
0.21763,0.21953,2001-06-06 09:40:00.0,Abertura
0.21849,0.21966,2001-06-06 10:00:00.0,Intermediário
0.21829,0.21936,2001-06-06 10:30:00.0,Intermediário
0.21833,0.2194,2001-06-06 11:00:00.0,Intermediário
0.21759,0.21875,2001-06-06 11:30:00.0,Intermediário
0.21769,0.21876,2001-06-06 12:00:00.0,Intermediário
0.21768,0.21884,2001-06-06 12:30:00.0,Intermediário
0.21746,0.21861,2001-06-06 13:00:00.0,Intermediário
0.21805,0.21912,2001-06-06 13:30:00.0,Intermediário
0.21817,0.21923,2001-06-06 14:00:00.0,Intermediário
0.2181,0.21917,2001-06-06 14:30:00.0,Intermediário
0.21886,0.22002,2001-06-06 15:00:00.0,Intermediário
0.21844,0.2196,2001-06-06 15:30:00.0,Intermediário
0.21804,0.21929,2001-06-06 16:00:00.0,Intermediário
0.21812,0.21928,2001-06-06 16:30:00.0,Fechamento Interbancário
0.21814,0.21853,2001-06-06 17:40:00.0,Fechamento
0.2168,0.21868,2001-06-07 09:37:00.0,Abertura
0.2172,0.21835,2001-06-07 10:00:00.0,Intermediário
0.21708,0.21823,2001-06-07 10:30:00.0,Intermediário
0.21688,0.21803,2001-06-07 11:00:00.0,Intermediário
0.21676,0.21782,2001-06-07 11:30:00.0,Intermediário
0.21751,0.21857,2001-06-07 12:00:00.0,Intermediário
0.21755,0.21871,2001-06-07 12:30:00.0,Intermediário
0.21767,0.21882,2001-06-07 13:00:00.0,Intermediário
0.21779,0.21894,2001-06-07 13:30:00.0,Intermediário
0.21737,0.21852,2001-06-07 14:00:00.0,Intermediário
0.21691,0.21807,2001-06-07 14:30:00.0,Intermediário
0.21636,0.21751,2001-06-07 15:00:00.0,Intermediário
0.21581,0.21696,2001-06-07 15:30:00.0,Intermediário
0.21488,0.21602,2001-06-07 16:00:00.0,Intermediário
0.21512,0.21626,2001-06-07 16:30:00.0,Fechamento Interbancário
0.21756,0.21795,2001-06-07 17:27:00.0,Fechamento
0.21306,0.21492,2001-06-08 09:43:00.0,Abertura
0.21386,0.215,2001-06-08 10:00:00.0,Intermediário
0.21351,0.21464,2001-06-08 10:30:00.0,Intermediário
0.21455,0.2156,2001-06-08 11:00:00.0,Intermediário
0.2145,0.21564,2001-06-08 11:30:00.0,Intermediário
0.21523,0.21637,2001-06-08 12:00:00.0,Intermediário
0.21564,0.21678,2001-06-08 12:30:00.0,Intermediário
0.21657,0.21772,2001-06-08 13:00:00.0,Intermediário
0.21662,0.21777,2001-06-08 13:30:00.0,Intermediário
0.21626,0.21741,2001-06-08 14:00:00.0,Intermediário
0.21617,0.21732,2001-06-08 14:30:00.0,Intermediário
0.21551,0.21665,2001-06-08 15:00:00.0,Intermediário
0.21589,0.21713,2001-06-08 15:30:00.0,Intermediário
0.2154,0.21655,2001-06-08 16:00:00.0,Intermediário
0.21543,0.21657,2001-06-08 16:30:00.0,Fechamento Interbancário
0.2155,0.21589,2001-06-08 17:26:00.0,Fechamento
0.21401,0.21587,2001-06-11 09:56:00.0,Abertura
0.21412,0.21526,2001-06-11 10:00:00.0,Intermediário
0.21469,0.21583,2001-06-11 10:30:00.0,Intermediário
0.21473,0.21596,2001-06-11 11:00:00.0,Intermediário
0.21475,0.21588,2001-06-11 11:30:00.0,Intermediário
0.21472,0.21577,2001-06-11 12:00:00.0,Intermediário
0.21536,0.21641,2001-06-11 12:30:00.0,Intermediário
0.21489,0.21603,2001-06-11 13:00:00.0,Intermediário
0.21504,0.21609,2001-06-11 13:30:00.0,Intermediário
0.21508,0.21613,2001-06-11 14:00:00.0,Intermediário
0.21514,0.21619,2001-06-11 14:30:00.0,Intermediário
0.21521,0.21635,2001-06-11 15:00:00.0,Intermediário
0.21502,0.21634,2001-06-11 15:30:00.0,Intermediário
0.21554,0.21668,2001-06-11 16:00:00.0,Intermediário
0.2157,0.21676,2001-06-11 16:30:00.0,Fechamento Interbancário
0.21506,0.21545,2001-06-11 17:28:00.0,Fechamento
0.21582,0.21769,2001-06-12 09:48:00.0,Abertura
0.21671,0.21776,2001-06-12 10:00:00.0,Intermediário
0.21687,0.21802,2001-06-12 10:30:00.0,Intermediário
0.21658,0.21773,2001-06-12 11:00:00.0,Intermediário
0.21661,0.21776,2001-06-12 11:36:00.0,Intermediário
0.21689,0.21795,2001-06-12 12:00:00.0,Intermediário
0.21674,0.21789,2001-06-12 12:30:00.0,Intermediário
0.21643,0.21749,2001-06-12 13:00:00.0,Intermediário
0.21627,0.21742,2001-06-12 13:30:00.0,Intermediário
0.21664,0.21779,2001-06-12 14:00:00.0,Intermediário
0.21647,0.21762,2001-06-12 14:30:00.0,Intermediário
0.21642,0.21757,2001-06-12 15:00:00.0,Intermediário
0.21718,0.21833,2001-06-12 15:30:00.0,Intermediário
0.21886,0.22002,2001-06-12 16:00:00.0,Intermediário
0.21933,0.22049,2001-06-12 16:30:00.0,Fechamento Interbancário
0.21816,0.21855,2001-06-12 17:39:00.0,Fechamento
0.22091,0.22283,2001-06-13 09:52:00.0,Abertura
0.22161,0.22287,2001-06-13 10:00:00.0,Intermediário
0.22178,0.22296,2001-06-13 10:41:00.0,Intermediário
0.22246,0.22364,2001-06-13 11:00:00.0,Intermediário
0.22232,0.2235,2001-06-13 11:40:00.0,Intermediário
0.22186,0.22304,2001-06-13 12:11:00.0,Intermediário
0.2222,0.22338,2001-06-13 12:39:00.0,Intermediário
0.2226,0.22378,2001-06-13 13:06:00.0,Intermediário
0.22245,0.22363,2001-06-13 13:47:00.0,Intermediário
0.22247,0.22365,2001-06-13 14:09:00.0,Intermediário
0.2225,0.22368,2001-06-13 14:30:00.0,Intermediário
0.22151,0.22277,2001-06-13 15:00:00.0,Intermediário
0.22154,0.22281,2001-06-13 15:30:00.0,Intermediário
0.22275,0.22393,2001-06-13 16:00:00.0,Intermediário
0.22315,0.22433,2001-06-13 16:30:00.0,Fechamento Interbancário
0.22237,0.22277,2001-06-13 17:31:00.0,Fechamento
0.22921,0.23119,2001-06-15 09:41:00.0,Abertura
0.22681,0.22868,2001-06-15 10:00:00.0,Intermediário
0.22631,0.22752,2001-06-15 10:30:00.0,Intermediário
0.22598,0.22727,2001-06-15 11:00:00.0,Intermediário
0.22705,0.22825,2001-06-15 11:30:00.0,Intermediário
0.2271,0.22831,2001-06-15 12:02:00.0,Intermediário
0.22616,0.22745,2001-06-15 12:30:00.0,Intermediário
0.22668,0.22789,2001-06-15 13:00:00.0,Intermediário
0.22633,0.22754,2001-06-15 13:30:00.0,Intermediário
0.2262,0.22741,2001-06-15 14:00:00.0,Intermediário
0.22597,0.22717,2001-06-15 14:30:00.0,Intermediário
0.22608,0.22728,2001-06-15 15:00:00.0,Intermediário
0.2265,0.22761,2001-06-15 15:30:00.0,Intermediário
0.22634,0.22754,2001-06-15 16:00:00.0,Intermediário
0.2265,0.2277,2001-06-15 16:30:00.0,Fechamento Interbancário
0.22642,0.22683,2001-06-15 17:29:00.0,Fechamento
0.23082,0.2328,2001-06-18 09:48:00.0,Abertura
0.2317,0.23312,2001-06-18 10:04:00.0,Intermediário
0.23284,0.23408,2001-06-18 10:30:00.0,Intermediário
0.2328,0.23403,2001-06-18 10:30:00.0,Intermediário
0.23331,0.23464,2001-06-18 11:00:00.0,Intermediário
0.23326,0.23459,2001-06-18 11:00:00.0,Intermediário
0.2331,0.23433,2001-06-18 11:30:00.0,Intermediário
0.23316,0.23439,2001-06-18 11:30:00.0,Intermediário
0.23351,0.23475,2001-06-18 12:03:00.0,Intermediário
0.23389,0.23532,2001-06-18 12:36:00.0,Intermediário
0.23406,0.2353,2001-06-18 13:01:00.0,Intermediário
0.23411,0.23535,2001-06-18 13:33:00.0,Intermediário
0.23433,0.23557,2001-06-18 14:04:00.0,Intermediário
0.2337,0.23494,2001-06-18 14:30:00.0,Intermediário
0.23313,0.23484,2001-06-18 15:00:00.0,Intermediário
0.23283,0.23454,2001-06-18 15:30:00.0,Intermediário
0.23266,0.23418,2001-06-18 16:00:00.0,Intermediário
0.23254,0.23377,2001-06-18 16:30:00.0,Fechamento Interbancário
0.23336,0.23378,2001-06-18 17:42:00.0,Fechamento
0.23138,0.23337,2001-06-19 09:57:00.0,Abertura
0.23159,0.2331,2001-06-19 10:00:00.0,Intermediário
0.23253,0.23376,2001-06-19 10:30:00.0,Intermediário
0.23278,0.23401,2001-06-19 11:00:00.0,Intermediário
0.2324,0.23373,2001-06-19 11:30:00.0,Intermediário
0.23202,0.23325,2001-06-19 12:00:00.0,Intermediário
0.23174,0.23297,2001-06-19 12:30:00.0,Intermediário
0.23197,0.23311,2001-06-19 13:00:00.0,Intermediário
0.2314,0.23253,2001-06-19 13:30:00.0,Intermediário
0.23049,0.23161,2001-06-19 14:00:00.0,Intermediário
0.23057,0.2317,2001-06-19 14:30:00.0,Intermediário
0.2297,0.23092,2001-06-19 15:00:00.0,Intermediário
0.2306,0.23183,2001-06-19 15:30:00.0,Intermediário
0.23177,0.23299,2001-06-19 16:00:00.0,Intermediário
0.23108,0.2325,2001-06-19 16:30:00.0,Fechamento Interbancário
0.23059,0.23101,2001-06-19 17:31:00.0,Fechamento
0.22981,0.23177,2001-06-20 09:44:00.0,Abertura
0.23007,0.23147,2001-06-20 10:00:00.0,Intermediário
0.22924,0.23046,2001-06-20 10:30:00.0,Intermediário
0.22942,0.23063,2001-06-20 11:00:00.0,Intermediário
0.22994,0.23116,2001-06-20 11:30:00.0,Intermediário
0.23063,0.23185,2001-06-20 12:00:00.0,Intermediário
0.23025,0.23147,2001-06-20 12:30:00.0,Intermediário
0.2304,0.23161,2001-06-20 13:00:00.0,Intermediário
0.23078,0.232,2001-06-20 13:30:00.0,Intermediário
0.23065,0.23187,2001-06-20 14:00:00.0,Intermediário
0.231,0.23222,2001-06-20 14:32:00.0,Intermediário
0.23132,0.23255,2001-06-20 15:00:00.0,Intermediário
0.23088,0.23219,2001-06-20 15:30:00.0,Intermediário
0.22995,0.23116,2001-06-20 16:00:00.0,Intermediário
0.23003,0.23125,2001-06-20 16:32:00.0,Fechamento Interbancário
0.23073,0.23115,2001-06-20 17:41:00.0,Fechamento
0.2278,0.22975,2001-06-21 09:44:00.0,Abertura
0.2259,0.2271,2001-06-21 10:00:00.0,Intermediário
0.22556,0.22686,2001-06-21 10:30:00.0,Intermediário
0.22462,0.22591,2001-06-21 11:00:00.0,Intermediário
0.22366,0.22485,2001-06-21 11:30:00.0,Intermediário
0.22448,0.22586,2001-06-21 12:00:00.0,Intermediário
0.2216,0.22297,2001-06-21 12:30:00.0,Intermediário
0.2215,0.22277,2001-06-21 13:00:00.0,Intermediário
0.22162,0.22308,2001-06-21 13:30:00.0,Intermediário
0.22181,0.22327,2001-06-21 14:00:00.0,Intermediário
0.22107,0.22252,2001-06-21 14:30:00.0,Intermediário
0.22059,0.22251,2001-06-21 15:00:00.0,Intermediário
0.22016,0.2218,2001-06-21 15:30:00.0,Intermediário
0.22106,0.22214,2001-06-21 16:00:00.0,Intermediário
0.22104,0.22212,2001-06-21 16:30:00.0,Fechamento Interbancário
0.22401,0.22441,2001-06-21 17:30:00.0,Fechamento
0.21831,0.22022,2001-06-22 09:49:00.0,Abertura
0.21665,0.21791,2001-06-22 10:00:00.0,Intermediário
0.21679,0.21785,2001-06-22 10:30:00.0,Intermediário
0.21651,0.21767,2001-06-22 11:00:00.0,Intermediário
0.21734,0.2184,2001-06-22 11:30:00.0,Intermediário
0.21666,0.21782,2001-06-22 12:00:00.0,Intermediário
0.21648,0.21764,2001-06-22 12:30:00.0,Intermediário
0.2162,0.21736,2001-06-22 13:00:00.0,Intermediário
0.21614,0.21721,2001-06-22 13:30:00.0,Intermediário
0.21551,0.21657,2001-06-22 14:00:00.0,Intermediário
0.21576,0.21681,2001-06-22 14:30:00.0,Intermediário
0.21596,0.21721,2001-06-22 15:00:00.0,Intermediário
0.21673,0.21789,2001-06-22 15:30:00.0,Intermediário
0.21601,0.21717,2001-06-22 16:00:00.0,Intermediário
0.21596,0.21739,2001-06-22 16:30:00.0,Fechamento Interbancário
0.21796,0.21835,2001-06-22 17:33:00.0,Fechamento
0.21324,0.21513,2001-06-25 09:52:00.0,Abertura
0.21361,0.21476,2001-06-25 10:00:00.0,Intermediário
0.21537,0.21653,2001-06-25 10:30:00.0,Intermediário
0.21563,0.21679,2001-06-25 11:00:00.0,Intermediário
0.21605,0.21711,2001-06-25 11:31:00.0,Intermediário
0.21676,0.21783,2001-06-25 12:00:00.0,Intermediário
0.21673,0.21789,2001-06-25 12:30:00.0,Intermediário
0.21661,0.21777,2001-06-25 13:00:00.0,Intermediário
0.21666,0.21782,2001-06-25 13:30:00.0,Intermediário
0.21674,0.2179,2001-06-25 14:00:00.0,Intermediário
0.21679,0.21795,2001-06-25 14:30:00.0,Intermediário
0.21715,0.21822,2001-06-25 15:00:00.0,Intermediário
0.21475,0.21609,2001-06-25 15:30:00.0,Intermediário
0.21527,0.21642,2001-06-25 16:00:00.0,Intermediário
0.2152,0.21626,2001-06-25 16:30:00.0,Fechamento Interbancário
0.21545,0.21584,2001-06-25 17:12:00.0,Fechamento
0.21488,0.21678,2001-06-26 09:34:00.0,Abertura
0.21572,0.21688,2001-06-26 10:00:00.0,Intermediário
0.21579,0.21695,2001-06-26 10:30:00.0,Intermediário
0.21523,0.21638,2001-06-26 11:00:00.0,Intermediário
0.21466,0.21581,2001-06-26 11:30:00.0,Intermediário
0.21503,0.21618,2001-06-26 12:00:00.0,Intermediário
0.21526,0.21641,2001-06-26 12:30:00.0,Intermediário
0.21537,0.21652,2001-06-26 13:00:00.0,Intermediário
0.21549,0.21664,2001-06-26 13:30:00.0,Intermediário
0.21573,0.21688,2001-06-26 14:00:00.0,Intermediário
0.21575,0.2169,2001-06-26 14:30:00.0,Intermediário
0.2154,0.21655,2001-06-26 15:00:00.0,Intermediário
0.21592,0.21707,2001-06-26 15:30:00.0,Intermediário
0.21689,0.21805,2001-06-26 16:00:00.0,Intermediário
0.21712,0.21828,2001-06-26 16:30:00.0,Fechamento Interbancário
0.21625,0.21664,2001-06-26 17:11:00.0,Fechamento
0.21569,0.21758,2001-06-27 09:48:00.0,Abertura
0.21679,0.21804,2001-06-27 10:00:00.0,Intermediário
0.21692,0.21798,2001-06-27 10:30:00.0,Intermediário
0.21717,0.21824,2001-06-27 11:00:00.0,Intermediário
0.216,0.21753,2001-06-27 11:30:00.0,Intermediário
0.21637,0.21753,2001-06-27 12:00:00.0,Intermediário
0.21702,0.21808,2001-06-27 12:30:00.0,Intermediário
0.21681,0.21787,2001-06-27 13:00:00.0,Intermediário
0.21661,0.21768,2001-06-27 13:30:00.0,Intermediário
0.21665,0.21772,2001-06-27 14:00:00.0,Intermediário
0.21653,0.2176,2001-06-27 14:30:00.0,Intermediário
0.21475,0.21628,2001-06-27 15:00:00.0,Intermediário
0.21502,0.21626,2001-06-27 15:30:00.0,Intermediário
0.21684,0.21799,2001-06-27 16:00:00.0,Intermediário
0.21377,0.21501,2001-06-27 16:30:00.0,Fechamento Interbancário
0.21575,0.21614,2001-06-27 17:44:00.0,Fechamento
0.20974,0.2116,2001-06-28 09:51:00.0,Abertura
0.21111,0.21224,2001-06-28 10:00:00.0,Intermediário
0.21227,0.2134,2001-06-28 10:30:00.0,Intermediário
0.21239,0.21362,2001-06-28 11:00:00.0,Intermediário
0.21163,0.21286,2001-06-28 11:30:00.0,Intermediário
0.21132,0.21245,2001-06-28 12:00:00.0,Intermediário
0.21058,0.21179,2001-06-28 12:30:00.0,Intermediário
0.21034,0.21156,2001-06-28 13:00:00.0,Intermediário
0.20996,0.21117,2001-06-28 13:30:00.0,Intermediário
0.20965,0.21086,2001-06-28 14:00:00.0,Intermediário
0.20976,0.21098,2001-06-28 14:30:00.0,Intermediário
0.20979,0.21092,2001-06-28 15:00:00.0,Intermediário
0.2102,0.21142,2001-06-28 15:36:00.0,Intermediário
0.21063,0.21176,2001-06-28 16:00:00.0,Intermediário
0.21078,0.21191,2001-06-28 16:30:00.0,Fechamento Interbancário
0.21022,0.2106,2001-06-28 17:30:00.0,Fechamento
0.21171,0.21357,2001-06-29 09:44:00.0,Abertura
0.21186,0.21299,2001-06-29 10:00:00.0,Intermediário
0.21191,0.21304,2001-06-29 10:30:00.0,Intermediário
0.21156,0.21269,2001-06-29 11:00:00.0,Intermediário
0.21127,0.2124,2001-06-29 11:30:00.0,Intermediário
0.21113,0.21226,2001-06-29 12:00:00.0,Intermediário
0.21148,0.21251,2001-06-29 12:30:00.0,Intermediário
0.21126,0.21239,2001-06-29 13:00:00.0,Intermediário
0.21092,0.21205,2001-06-29 13:30:00.0,Intermediário
0.21099,0.21212,2001-06-29 14:00:00.0,Intermediário
0.21099,0.21212,2001-06-29 14:30:00.0,Intermediário
0.21105,0.21217,2001-06-29 15:00:00.0,Intermediário
0.21116,0.2122,2001-06-29 15:30:00.0,Intermediário
0.2123,0.21344,2001-06-29 16:00:00.0,Intermediário
0.21238,0.21352,2001-06-29 16:30:00.0,Fechamento Interbancário
0.21204,0.21242,2001-06-29 17:31:00.0,Fechamento
0.21186,0.21372,2001-07-02 09:56:00.0,Abertura
0.21182,0.21322,2001-07-02 10:00:00.0,Intermediário
0.21216,0.2132,2001-07-02 10:30:00.0,Intermediário
0.21189,0.21293,2001-07-02 11:00:00.0,Intermediário
0.21228,0.21341,2001-07-02 11:30:00.0,Intermediário
0.21235,0.21339,2001-07-02 12:00:00.0,Intermediário
0.21153,0.21256,2001-07-02 12:30:00.0,Intermediário
0.21181,0.21285,2001-07-02 13:00:00.0,Intermediário
0.21177,0.21281,2001-07-02 13:30:00.0,Intermediário
0.21181,0.21285,2001-07-02 14:00:00.0,Intermediário
0.21177,0.21281,2001-07-02 14:30:00.0,Intermediário
0.21158,0.2127,2001-07-02 15:00:00.0,Intermediário
0.21187,0.21299,2001-07-02 15:30:00.0,Intermediário
0.21215,0.21328,2001-07-02 16:00:00.0,Intermediário
0.2122,0.21333,2001-07-02 16:30:00.0,Fechamento Interbancário
0.21181,0.21219,2001-07-02 17:21:00.0,Fechamento
0.2135,0.21537,2001-07-03 09:45:00.0,Abertura
0.21354,0.21477,2001-07-03 10:00:00.0,Intermediário
0.21318,0.21422,2001-07-03 10:30:00.0,Intermediário
0.21335,0.21449,2001-07-03 11:00:00.0,Intermediário
0.21385,0.2149,2001-07-03 11:30:00.0,Intermediário
0.21434,0.21539,2001-07-03 12:00:00.0,Intermediário
0.21485,0.21599,2001-07-03 12:30:00.0,Intermediário
0.21506,0.2162,2001-07-03 13:00:00.0,Intermediário
0.21506,0.2162,2001-07-03 13:30:00.0,Intermediário
0.21518,0.21632,2001-07-03 14:00:00.0,Intermediário
0.21534,0.21648,2001-07-03 14:30:00.0,Intermediário
0.21587,0.21693,2001-07-03 15:00:00.0,Intermediário
0.21538,0.21671,2001-07-03 15:30:00.0,Intermediário
0.21538,0.21726,2001-07-03 16:00:00.0,Intermediário
0.2159,0.21733,2001-07-03 16:31:00.0,Fechamento Interbancário
0.21503,0.21541,2001-07-03 17:39:00.0,Fechamento
0.21662,0.21851,2001-07-04 09:48:00.0,Abertura
0.21766,0.219,2001-07-04 10:00:00.0,Intermediário
0.218,0.21925,2001-07-04 10:30:00.0,Intermediário
0.2184,0.21956,2001-07-04 11:00:00.0,Intermediário
0.21868,0.21984,2001-07-04 11:30:00.0,Intermediário
0.21883,0.21999,2001-07-04 12:00:00.0,Intermediário
0.21916,0.22051,2001-07-04 12:30:00.0,Intermediário
0.21923,0.22067,2001-07-04 13:00:00.0,Intermediário
0.21953,0.2207,2001-07-04 13:30:00.0,Intermediário
0.21953,0.2207,2001-07-04 14:00:00.0,Intermediário
0.21957,0.22074,2001-07-04 14:30:00.0,Intermediário
0.21983,0.221,2001-07-04 15:00:00.0,Intermediário
0.22055,0.22181,2001-07-04 15:30:00.0,Intermediário
0.22161,0.22287,2001-07-04 16:00:00.0,Intermediário
0.2217,0.22287,2001-07-04 16:30:00.0,Fechamento Interbancário
0.21929,0.21968,2001-07-04 17:14:00.0,Fechamento
0.21967,0.22157,2001-07-05 09:47:00.0,Abertura
0.21915,0.22059,2001-07-05 10:00:00.0,Intermediário
0.21866,0.22009,2001-07-05 10:30:00.0,Intermediário
0.21873,0.22007,2001-07-05 11:00:00.0,Intermediário
0.21817,0.21933,2001-07-05 11:30:00.0,Intermediário
0.21893,0.22,2001-07-05 12:00:00.0,Intermediário
0.22002,0.22128,2001-07-05 12:30:00.0,Intermediário
0.21954,0.2207,2001-07-05 13:00:00.0,Intermediário
0.21926,0.22042,2001-07-05 13:30:00.0,Intermediário
0.21902,0.22018,2001-07-05 14:00:00.0,Intermediário
0.21922,0.22038,2001-07-05 14:30:00.0,Intermediário
0.22063,0.22198,2001-07-05 15:00:00.0,Intermediário
0.22194,0.22311,2001-07-05 15:30:00.0,Intermediário
0.2231,0.22482,2001-07-05 16:00:00.0,Intermediário
0.2235,0.22541,2001-07-05 16:30:00.0,Fechamento Interbancário
0.21865,0.21904,2001-07-05 17:21:00.0,Fechamento
0.22845,0.23038,2001-07-06 09:53:00.0,Abertura
0.22989,0.23183,2001-07-06 10:00:00.0,Intermediário
0.22676,0.22868,2001-07-06 10:30:00.0,Intermediário
0.22602,0.22748,2001-07-06 11:00:00.0,Intermediário
0.22771,0.22963,2001-07-06 11:30:00.0,Intermediário
0.22692,0.22839,2001-07-06 12:00:00.0,Intermediário
0.22638,0.22785,2001-07-06 12:30:00.0,Intermediário
0.22719,0.22866,2001-07-06 13:00:00.0,Intermediário
0.22711,0.22858,2001-07-06 13:30:00.0,Intermediário
0.22723,0.2287,2001-07-06 14:00:00.0,Intermediário
0.22719,0.22866,2001-07-06 14:30:00.0,Intermediário
0.22605,0.22798,2001-07-06 15:00:00.0,Intermediário
0.2234,0.22486,2001-07-06 15:30:00.0,Intermediário
0.22112,0.22257,2001-07-06 16:00:00.0,Intermediário
0.22174,0.22319,2001-07-06 16:30:00.0,Fechamento Interbancário
0.22771,0.22811,2001-07-06 17:31:00.0,Fechamento
0.22326,0.22516,2001-07-09 09:57:00.0,Abertura
0.22336,0.22481,2001-07-09 10:00:00.0,Intermediário
0.22297,0.22469,2001-07-09 10:30:00.0,Intermediário
0.22189,0.22334,2001-07-09 11:00:00.0,Intermediário
0.22192,0.22382,2001-07-09 11:30:00.0,Intermediário
0.22282,0.22428,2001-07-09 12:00:00.0,Intermediário
0.2227,0.22434,2001-07-09 12:30:00.0,Intermediário
0.22251,0.22387,2001-07-09 13:00:00.0,Intermediário
0.22263,0.22399,2001-07-09 13:30:00.0,Intermediário
0.22242,0.22378,2001-07-09 14:00:00.0,Intermediário
0.2221,0.22346,2001-07-09 14:30:00.0,Intermediário
0.22152,0.22324,2001-07-09 15:00:00.0,Intermediário
0.22229,0.22356,2001-07-09 15:30:00.0,Intermediário
0.22275,0.22393,2001-07-09 16:00:00.0,Intermediário
0.22299,0.22426,2001-07-09 16:30:00.0,Fechamento Interbancário
0.22365,0.22405,2001-07-09 17:21:00.0,Fechamento
0.22446,0.22639,2001-07-10 09:45:00.0,Abertura
0.22444,0.22599,2001-07-10 10:00:00.0,Intermediário
0.22553,0.22691,2001-07-10 10:30:00.0,Intermediário
0.22779,0.229,2001-07-10 11:00:00.0,Intermediário
0.22868,0.23017,2001-07-10 11:30:00.0,Intermediário
0.22892,0.23013,2001-07-10 12:00:00.0,Intermediário
0.22865,0.22995,2001-07-10 12:30:00.0,Intermediário
0.22914,0.23035,2001-07-10 13:00:00.0,Intermediário
0.22859,0.2298,2001-07-10 13:30:00.0,Intermediário
0.22875,0.22995,2001-07-10 14:00:00.0,Intermediário
0.22864,0.22984,2001-07-10 14:30:00.0,Intermediário
0.2283,0.22978,2001-07-10 15:00:00.0,Intermediário
0.22724,0.22862,2001-07-10 15:30:00.0,Intermediário
0.22834,0.23001,2001-07-10 16:04:00.0,Intermediário
0.22813,0.2298,2001-07-10 16:30:00.0,Fechamento Interbancário
0.22779,0.2282,2001-07-10 17:19:00.0,Fechamento
0.23604,0.23802,2001-07-11 09:44:00.0,Abertura
0.23618,0.23751,2001-07-11 10:05:00.0,Intermediário
0.23625,0.23777,2001-07-11 10:30:00.0,Intermediário
0.23504,0.23656,2001-07-11 11:00:00.0,Intermediário
0.23449,0.23572,2001-07-11 11:30:00.0,Intermediário
0.23467,0.2359,2001-07-11 12:00:00.0,Intermediário
0.23497,0.23621,2001-07-11 12:30:00.0,Intermediário
0.23582,0.23706,2001-07-11 13:00:00.0,Intermediário
0.23519,0.23652,2001-07-11 13:30:00.0,Intermediário
0.23551,0.23684,2001-07-11 14:00:00.0,Intermediário
0.23525,0.23658,2001-07-11 14:30:00.0,Intermediário
0.23044,0.2324,2001-07-11 15:00:00.0,Intermediário
0.23108,0.23229,2001-07-11 15:30:00.0,Intermediário
0.22965,0.2316,2001-07-11 16:00:00.0,Intermediário
0.23002,0.23152,2001-07-11 16:30:00.0,Fechamento Interbancário
0.2334,0.23381,2001-07-11 17:16:00.0,Fechamento
0.23557,0.23754,2001-07-12 09:50:00.0,Abertura
0.23261,0.23485,2001-07-12 10:00:00.0,Intermediário
0.23307,0.23457,2001-07-12 10:30:00.0,Intermediário
0.23321,0.2349,2001-07-12 11:00:00.0,Intermediário
0.23236,0.23376,2001-07-12 11:30:00.0,Intermediário
0.23334,0.23475,2001-07-12 12:00:00.0,Intermediário
0.23402,0.23525,2001-07-12 12:30:00.0,Intermediário
0.2357,0.23721,2001-07-12 13:00:00.0,Intermediário
0.23598,0.23749,2001-07-12 13:30:00.0,Intermediário
0.23585,0.23736,2001-07-12 14:00:00.0,Intermediário
0.23594,0.23745,2001-07-12 14:30:00.0,Intermediário
0.23336,0.23467,2001-07-12 15:00:00.0,Intermediário
0.23407,0.23577,2001-07-12 15:30:00.0,Intermediário
0.23456,0.2358,2001-07-12 16:00:00.0,Intermediário
0.23459,0.23601,2001-07-12 16:30:00.0,Fechamento Interbancário
0.23419,0.2346,2001-07-12 17:22:00.0,Fechamento
0.23261,0.23458,2001-07-13 09:44:00.0,Abertura
0.23398,0.23558,2001-07-13 10:00:00.0,Intermediário
0.23423,0.23556,2001-07-13 10:30:00.0,Intermediário
0.23517,0.23641,2001-07-13 11:00:00.0,Intermediário
0.2353,0.23681,2001-07-13 11:30:00.0,Intermediário
0.23578,0.23702,2001-07-13 12:00:00.0,Intermediário
0.23599,0.2375,2001-07-13 12:30:00.0,Intermediário
0.236,0.23724,2001-07-13 13:00:00.0,Intermediário
0.236,0.23724,2001-07-13 13:30:00.0,Intermediário
0.236,0.23724,2001-07-13 14:00:00.0,Intermediário
0.23586,0.2371,2001-07-13 14:30:00.0,Intermediário
0.23409,0.2356,2001-07-13 15:00:00.0,Intermediário
0.23554,0.23687,2001-07-13 15:30:00.0,Intermediário
0.23788,0.2395,2001-07-13 16:00:00.0,Intermediário
0.23839,0.24039,2001-07-13 16:30:00.0,Fechamento Interbancário
0.23629,0.23671,2001-07-13 17:20:00.0,Fechamento
0.24037,0.24238,2001-07-16 09:51:00.0,Abertura
0.2407,0.24271,2001-07-16 10:00:00.0,Intermediário
0.24075,0.24201,2001-07-16 10:30:00.0,Intermediário
0.24127,0.24254,2001-07-16 11:00:00.0,Intermediário
0.24148,0.24275,2001-07-16 11:30:00.0,Intermediário
0.24091,0.24226,2001-07-16 12:00:00.0,Intermediário
0.24071,0.24198,2001-07-16 12:30:00.0,Intermediário
0.24072,0.24226,2001-07-16 13:00:00.0,Intermediário
0.24072,0.24198,2001-07-16 13:30:00.0,Intermediário
0.24061,0.24187,2001-07-16 14:00:00.0,Intermediário
0.24045,0.24171,2001-07-16 14:30:00.0,Intermediário
0.23879,0.24005,2001-07-16 15:00:00.0,Intermediário
0.23921,0.24046,2001-07-16 15:30:00.0,Intermediário
0.23847,0.23981,2001-07-16 16:00:00.0,Intermediário
0.23866,0.23982,2001-07-16 16:30:00.0,Fechamento Interbancário
0.24002,0.24044,2001-07-16 17:25:00.0,Fechamento
0.23456,0.23654,2001-07-17 09:47:00.0,Abertura
0.2334,0.23464,2001-07-17 10:00:00.0,Intermediário
0.23404,0.23528,2001-07-17 10:30:00.0,Intermediário
0.23467,0.23591,2001-07-17 11:00:00.0,Intermediário
0.23453,0.23576,2001-07-17 11:30:00.0,Intermediário
0.23366,0.23489,2001-07-17 12:00:00.0,Intermediário
0.23322,0.23482,2001-07-17 12:30:00.0,Intermediário
0.2322,0.23343,2001-07-17 13:00:00.0,Intermediário
0.23284,0.23407,2001-07-17 13:30:00.0,Intermediário
0.2329,0.23413,2001-07-17 14:00:00.0,Intermediário
0.23337,0.2346,2001-07-17 14:30:00.0,Intermediário
0.23229,0.23351,2001-07-17 15:00:00.0,Intermediário
0.23343,0.23467,2001-07-17 15:30:00.0,Intermediário
0.23213,0.23355,2001-07-17 16:00:00.0,Intermediário
0.23239,0.23381,2001-07-17 16:30:00.0,Fechamento Interbancário
0.23565,0.23608,2001-07-17 17:28:00.0,Fechamento
0.22773,0.22968,2001-07-18 09:42:00.0,Abertura
0.22906,0.23102,2001-07-18 10:00:00.0,Intermediário
0.22881,0.23012,2001-07-18 10:30:00.0,Intermediário
0.22966,0.23088,2001-07-18 11:00:00.0,Intermediário
0.23084,0.23206,2001-07-18 11:30:00.0,Intermediário
0.23114,0.23227,2001-07-18 12:05:00.0,Intermediário
0.2314,0.23263,2001-07-18 12:30:00.0,Intermediário
0.23203,0.23354,2001-07-18 13:00:00.0,Intermediário
0.23252,0.23375,2001-07-18 13:30:00.0,Intermediário
0.23252,0.23375,2001-07-18 14:00:00.0,Intermediário
0.23234,0.23357,2001-07-18 14:30:00.0,Intermediário
0.23565,0.23718,2001-07-18 15:00:00.0,Intermediário
0.23704,0.23848,2001-07-18 15:30:00.0,Intermediário
0.23552,0.23677,2001-07-18 16:00:00.0,Intermediário
0.23555,0.23679,2001-07-18 16:30:00.0,Fechamento Interbancário
0.23313,0.23355,2001-07-18 17:23:00.0,Fechamento
0.23733,0.23934,2001-07-19 09:50:00.0,Abertura
0.23471,0.23605,2001-07-19 10:00:00.0,Intermediário
0.23398,0.23522,2001-07-19 10:30:00.0,Intermediário
0.23616,0.2375,2001-07-19 11:00:00.0,Intermediário
0.23475,0.23599,2001-07-19 11:30:00.0,Intermediário
0.23477,0.23601,2001-07-19 12:00:00.0,Intermediário
0.23388,0.23511,2001-07-19 12:30:00.0,Intermediário
0.23383,0.23516,2001-07-19 13:00:00.0,Intermediário
0.23339,0.23472,2001-07-19 13:30:00.0,Intermediário
0.23387,0.2352,2001-07-19 14:06:00.0,Intermediário
0.23418,0.23551,2001-07-19 14:30:00.0,Intermediário
0.23559,0.23693,2001-07-19 15:00:00.0,Intermediário
0.23474,0.23617,2001-07-19 15:30:00.0,Intermediário
0.23507,0.23631,2001-07-19 16:00:00.0,Intermediário
0.23521,0.23645,2001-07-19 16:30:00.0,Fechamento Interbancário
0.23558,0.236,2001-07-19 17:26:00.0,Fechamento
0.23324,0.23523,2001-07-20 09:44:00.0,Abertura
0.23188,0.23349,2001-07-20 10:00:00.0,Intermediário
0.23196,0.23329,2001-07-20 10:30:00.0,Intermediário
0.23189,0.23311,2001-07-20 11:00:00.0,Intermediário
0.23189,0.23321,2001-07-20 11:30:00.0,Intermediário
0.23161,0.23283,2001-07-20 12:00:00.0,Intermediário
0.23035,0.23176,2001-07-20 12:30:00.0,Intermediário
0.23013,0.23135,2001-07-20 13:00:00.0,Intermediário
0.23034,0.23175,2001-07-20 13:30:00.0,Intermediário
0.23022,0.23162,2001-07-20 14:00:00.0,Intermediário
0.23004,0.23145,2001-07-20 14:30:00.0,Intermediário
0.22858,0.23007,2001-07-20 15:00:00.0,Intermediário
0.22785,0.22915,2001-07-20 15:30:00.0,Intermediário
0.22904,0.23054,2001-07-20 16:00:00.0,Intermediário
0.22935,0.23066,2001-07-20 16:30:00.0,Fechamento Interbancário
0.23031,0.23072,2001-07-20 18:18:00.0,Fechamento
0.22553,0.22747,2001-07-23 09:46:00.0,Abertura
0.2246,0.22579,2001-07-23 10:00:00.0,Intermediário
0.22418,0.22537,2001-07-23 10:30:00.0,Intermediário
0.22411,0.2253,2001-07-23 11:00:00.0,Intermediário
0.22405,0.22533,2001-07-23 11:30:00.0,Intermediário
0.22447,0.22566,2001-07-23 12:00:00.0,Intermediário
0.22446,0.22575,2001-07-23 12:30:00.0,Intermediário
0.22396,0.22515,2001-07-23 13:00:00.0,Intermediário
0.22455,0.22574,2001-07-23 13:30:00.0,Intermediário
0.22459,0.22579,2001-07-23 14:00:00.0,Intermediário
0.22451,0.2257,2001-07-23 14:30:00.0,Intermediário
0.22504,0.22624,2001-07-23 15:00:00.0,Intermediário
0.22484,0.22603,2001-07-23 15:30:00.0,Intermediário
0.22514,0.22633,2001-07-23 16:00:00.0,Intermediário
0.225,0.22629,2001-07-23 16:30:00.0,Fechamento Interbancário
0.22493,0.22534,2001-07-23 17:22:00.0,Fechamento
0.22519,0.22713,2001-07-24 09:45:00.0,Abertura
0.22509,0.22628,2001-07-24 10:00:00.0,Intermediário
0.22455,0.22584,2001-07-24 10:30:00.0,Intermediário
0.22597,0.22708,2001-07-24 11:00:00.0,Intermediário
0.22676,0.22797,2001-07-24 11:30:00.0,Intermediário
0.22683,0.22803,2001-07-24 12:00:00.0,Intermediário
0.22765,0.22886,2001-07-24 12:30:00.0,Intermediário
0.22785,0.22915,2001-07-24 13:00:00.0,Intermediário
0.22785,0.22905,2001-07-24 13:30:00.0,Intermediário
0.2281,0.22931,2001-07-24 14:00:00.0,Intermediário
0.22772,0.22893,2001-07-24 14:30:00.0,Intermediário
0.23014,0.23136,2001-07-24 15:00:00.0,Intermediário
0.23045,0.23204,2001-07-24 15:30:00.0,Intermediário
0.23121,0.23253,2001-07-24 16:00:00.0,Intermediário
0.23133,0.23274,2001-07-24 16:30:00.0,Fechamento Interbancário
0.22699,0.2274,2001-07-24 17:30:00.0,Fechamento
0.2336,0.23559,2001-07-25 09:37:00.0,Abertura
0.23456,0.2358,2001-07-25 10:00:00.0,Intermediário
0.23462,0.23605,2001-07-25 10:30:00.0,Intermediário
0.23393,0.23545,2001-07-25 11:00:00.0,Intermediário
0.23422,0.23556,2001-07-25 11:30:00.0,Intermediário
0.23422,0.23556,2001-07-25 12:00:00.0,Intermediário
0.23404,0.23528,2001-07-25 12:30:00.0,Intermediário
0.23243,0.23432,2001-07-25 13:00:00.0,Intermediário
0.23252,0.23403,2001-07-25 13:30:00.0,Intermediário
0.2323,0.23382,2001-07-25 14:00:00.0,Intermediário
0.23257,0.23408,2001-07-25 14:30:00.0,Intermediário
0.23343,0.23486,2001-07-25 15:00:00.0,Intermediário
0.23398,0.23522,2001-07-25 15:30:00.0,Intermediário
0.23323,0.23484,2001-07-25 16:00:00.0,Intermediário
0.2335,0.23483,2001-07-25 16:30:00.0,Fechamento Interbancário
0.23425,0.23467,2001-07-25 17:14:00.0,Fechamento
0.23317,0.23515,2001-07-26 09:39:00.0,Abertura
0.23262,0.23394,2001-07-26 10:00:00.0,Intermediário
0.23369,0.23502,2001-07-26 10:30:00.0,Intermediário
0.23389,0.23531,2001-07-26 11:00:00.0,Intermediário
0.23469,0.23593,2001-07-26 11:30:00.0,Intermediário
0.23449,0.23573,2001-07-26 12:00:00.0,Intermediário
0.2336,0.23493,2001-07-26 12:30:00.0,Intermediário
0.23359,0.23483,2001-07-26 13:00:00.0,Intermediário
0.23364,0.23487,2001-07-26 13:30:00.0,Intermediário
0.2339,0.23514,2001-07-26 14:00:00.0,Intermediário
0.23386,0.23509,2001-07-26 14:30:00.0,Intermediário
0.23319,0.23461,2001-07-26 15:00:00.0,Intermediário
0.23342,0.23465,2001-07-26 15:30:00.0,Intermediário
0.23364,0.23497,2001-07-26 16:00:00.0,Intermediário
0.23336,0.23479,2001-07-26 16:30:00.0,Fechamento Interbancário
0.23427,0.23469,2001-07-26 17:20:00.0,Fechamento
0.23584,0.23784,2001-07-27 09:49:00.0,Abertura
0.23597,0.23759,2001-07-27 10:01:00.0,Intermediário
0.23728,0.23854,2001-07-27 10:30:00.0,Intermediário
0.23608,0.23742,2001-07-27 11:00:00.0,Intermediário
0.23582,0.23716,2001-07-27 11:30:00.0,Intermediário
0.23519,0.23653,2001-07-27 12:00:00.0,Intermediário
0.23428,0.23561,2001-07-27 12:30:00.0,Intermediário
0.23487,0.23621,2001-07-27 13:00:00.0,Intermediário
0.23469,0.23603,2001-07-27 13:30:00.0,Intermediário
0.23482,0.23616,2001-07-27 14:00:00.0,Intermediário
0.23496,0.2363,2001-07-27 14:30:00.0,Intermediário
0.23466,0.23599,2001-07-27 15:00:00.0,Intermediário
0.23521,0.23646,2001-07-27 15:30:00.0,Intermediário
0.23126,0.23324,2001-07-27 16:00:00.0,Intermediário
0.23126,0.23277,2001-07-27 16:30:00.0,Fechamento Interbancário
0.23554,0.23596,2001-07-27 17:17:00.0,Fechamento
0.2268,0.22876,2001-07-30 09:42:00.0,Abertura
0.22761,0.2292,2001-07-30 10:00:00.0,Intermediário
0.22899,0.2302,2001-07-30 10:30:00.0,Intermediário
0.22974,0.23115,2001-07-30 11:00:00.0,Intermediário
0.22978,0.23119,2001-07-30 11:30:00.0,Intermediário
0.22938,0.2306,2001-07-30 12:00:00.0,Intermediário
0.22948,0.2308,2001-07-30 12:30:00.0,Intermediário
0.22891,0.23013,2001-07-30 13:00:00.0,Intermediário
0.2291,0.23032,2001-07-30 13:30:00.0,Intermediário
0.22901,0.23023,2001-07-30 14:00:00.0,Intermediário
0.22906,0.23027,2001-07-30 14:30:00.0,Intermediário
0.22932,0.23054,2001-07-30 15:00:00.0,Intermediário
0.22889,0.2302,2001-07-30 15:30:00.0,Intermediário
0.22731,0.22881,2001-07-30 16:00:00.0,Intermediário
0.22778,0.22909,2001-07-30 16:30:00.0,Fechamento Interbancário
0.22949,0.2299,2001-07-30 18:25:00.0,Fechamento
0.22615,0.22811,2001-07-31 09:44:00.0,Abertura
0.22794,0.22906,2001-07-31 10:00:00.0,Intermediário
0.22846,0.22967,2001-07-31 10:30:00.0,Intermediário
0.22984,0.23107,2001-07-31 11:00:00.0,Intermediário
0.22825,0.22965,2001-07-31 11:30:00.0,Intermediário
0.22781,0.22902,2001-07-31 12:00:00.0,Intermediário
0.22819,0.22959,2001-07-31 12:30:00.0,Intermediário
0.229,0.23022,2001-07-31 13:00:00.0,Intermediário
0.22831,0.22952,2001-07-31 13:30:00.0,Intermediário
0.22879,0.23,2001-07-31 14:00:00.0,Intermediário
0.22887,0.23009,2001-07-31 14:30:00.0,Intermediário
0.22929,0.2305,2001-07-31 15:00:00.0,Intermediário
0.23071,0.23193,2001-07-31 15:30:00.0,Intermediário
0.23224,0.23366,2001-07-31 16:00:00.0,Intermediário
0.23241,0.23383,2001-07-31 16:30:00.0,Fechamento Interbancário
0.22929,0.2297,2001-07-31 18:14:00.0,Fechamento
0.23362,0.23561,2001-08-01 09:47:00.0,Abertura
0.23427,0.2357,2001-08-01 10:00:00.0,Intermediário
0.23556,0.2368,2001-08-01 10:30:00.0,Intermediário
0.23613,0.23748,2001-08-01 11:04:00.0,Intermediário
0.23527,0.23671,2001-08-01 11:30:00.0,Intermediário
0.23504,0.23637,2001-08-01 12:00:00.0,Intermediário
0.23548,0.23682,2001-08-01 12:30:00.0,Intermediário
0.23584,0.23727,2001-08-01 13:00:00.0,Intermediário
0.23566,0.23709,2001-08-01 13:30:00.0,Intermediário
0.23593,0.23736,2001-08-01 14:00:00.0,Intermediário
0.2361,0.23754,2001-08-01 14:30:00.0,Intermediário
0.23691,0.23816,2001-08-01 15:00:00.0,Intermediário
0.23578,0.23731,2001-08-01 15:30:00.0,Intermediário
0.23632,0.23757,2001-08-01 16:00:00.0,Intermediário
0.2358,0.23715,2001-08-01 16:30:00.0,Fechamento Interbancário
0.23622,0.23665,2001-08-01 17:34:00.0,Fechamento
0.2346,0.23661,2001-08-02 09:55:00.0,Abertura
0.23705,0.2385,2001-08-02 10:00:00.0,Intermediário
0.23662,0.23787,2001-08-02 10:30:00.0,Intermediário
0.23795,0.23921,2001-08-02 11:00:00.0,Intermediário
0.2372,0.23855,2001-08-02 11:30:00.0,Intermediário
0.23772,0.23907,2001-08-02 12:00:00.0,Intermediário
0.23707,0.23833,2001-08-02 12:30:00.0,Intermediário
0.23591,0.23716,2001-08-02 13:00:00.0,Intermediário
0.23631,0.23756,2001-08-02 13:30:00.0,Intermediário
0.2364,0.23766,2001-08-02 14:00:00.0,Intermediário
0.23645,0.2377,2001-08-02 14:30:00.0,Intermediário
0.23675,0.2381,2001-08-02 15:00:00.0,Intermediário
0.23677,0.23803,2001-08-02 15:30:00.0,Intermediário
0.23785,0.23911,2001-08-02 16:00:00.0,Intermediário
0.23804,0.2393,2001-08-02 16:30:00.0,Fechamento Interbancário
0.23791,0.23834,2001-08-02 17:33:00.0,Fechamento
0.23559,0.23761,2001-08-03 09:46:00.0,Abertura
0.2365,0.23776,2001-08-03 10:00:00.0,Intermediário
0.23735,0.23861,2001-08-03 10:30:00.0,Intermediário
0.23843,0.23969,2001-08-03 11:00:00.0,Intermediário
0.23984,0.24111,2001-08-03 11:30:00.0,Intermediário
0.24042,0.24179,2001-08-03 12:00:00.0,Intermediário
0.24069,0.24196,2001-08-03 12:30:00.0,Intermediário
0.24005,0.24151,2001-08-03 13:00:00.0,Intermediário
0.2399,0.24117,2001-08-03 13:30:00.0,Intermediário
0.23984,0.24112,2001-08-03 14:00:00.0,Intermediário
0.24005,0.24132,2001-08-03 14:30:00.0,Intermediário
0.23964,0.24091,2001-08-03 15:00:00.0,Intermediário
0.23938,0.24084,2001-08-03 15:30:00.0,Intermediário
0.24037,0.24174,2001-08-03 16:00:00.0,Intermediário
0.24047,0.24184,2001-08-03 16:30:00.0,Fechamento Interbancário
0.23965,0.24008,2001-08-03 17:28:00.0,Fechamento
0.23709,0.23911,2001-08-06 09:49:00.0,Abertura
0.23678,0.23804,2001-08-06 10:00:00.0,Intermediário
0.2368,0.23806,2001-08-06 10:30:00.0,Intermediário
0.23745,0.2387,2001-08-06 11:00:00.0,Intermediário
0.2363,0.23784,2001-08-06 11:30:00.0,Intermediário
0.23658,0.23784,2001-08-06 12:00:00.0,Intermediário
0.23593,0.23718,2001-08-06 12:30:00.0,Intermediário
0.23623,0.23739,2001-08-06 13:00:00.0,Intermediário
0.23617,0.23732,2001-08-06 13:30:00.0,Intermediário
0.23635,0.2375,2001-08-06 14:00:00.0,Intermediário
0.23635,0.2375,2001-08-06 14:30:00.0,Intermediário
0.23516,0.23641,2001-08-06 15:00:00.0,Intermediário
0.23562,0.23687,2001-08-06 15:30:00.0,Intermediário
0.23549,0.23684,2001-08-06 16:00:00.0,Intermediário
0.23557,0.23681,2001-08-06 16:30:00.0,Fechamento Interbancário
0.23677,0.2372,2001-08-06 17:34:00.0,Fechamento
0.23327,0.23528,2001-08-07 10:06:00.0,Abertura
0.23253,0.23376,2001-08-07 10:08:00.0,Intermediário
0.23275,0.23389,2001-08-07 10:30:00.0,Intermediário
0.23319,0.23442,2001-08-07 11:00:00.0,Intermediário
0.23294,0.23427,2001-08-07 11:30:00.0,Intermediário
0.2329,0.23414,2001-08-07 12:00:00.0,Intermediário
0.23338,0.23462,2001-08-07 12:30:00.0,Intermediário
0.23412,0.23537,2001-08-07 13:00:00.0,Intermediário
0.23406,0.23531,2001-08-07 13:30:00.0,Intermediário
0.23457,0.23582,2001-08-07 14:00:00.0,Intermediário
0.23435,0.23559,2001-08-07 14:30:00.0,Intermediário
0.2335,0.23474,2001-08-07 15:00:00.0,Intermediário
0.2338,0.23504,2001-08-07 15:30:00.0,Intermediário
0.2377,0.23896,2001-08-07 16:00:00.0,Intermediário
0.23737,0.23911,2001-08-07 16:30:00.0,Fechamento Interbancário
0.23441,0.23483,2001-08-07 18:09:00.0,Fechamento
0.23491,0.23693,2001-08-08 09:43:00.0,Abertura
0.23499,0.23624,2001-08-08 10:00:00.0,Intermediário
0.23728,0.23872,2001-08-08 10:30:00.0,Intermediário
0.23684,0.2381,2001-08-08 11:00:00.0,Intermediário
0.23592,0.23726,2001-08-08 11:30:00.0,Intermediário
0.2359,0.23735,2001-08-08 12:00:00.0,Intermediário
0.23594,0.23719,2001-08-08 12:30:00.0,Intermediário
0.23592,0.23717,2001-08-08 13:00:00.0,Intermediário
0.23606,0.23731,2001-08-08 13:30:00.0,Intermediário
0.2362,0.23745,2001-08-08 14:00:00.0,Intermediário
0.23604,0.23729,2001-08-08 14:30:00.0,Intermediário
0.2353,0.23674,2001-08-08 15:00:00.0,Intermediário
0.23669,0.23794,2001-08-08 15:30:00.0,Intermediário
0.23658,0.23784,2001-08-08 16:00:00.0,Intermediário
0.23645,0.2377,2001-08-08 16:30:00.0,Fechamento Interbancário
0.23668,0.2371,2001-08-08 17:21:00.0,Fechamento
0.23669,0.23873,2001-08-09 09:53:00.0,Abertura
0.23767,0.23894,2001-08-09 10:00:00.0,Intermediário
0.23836,0.23963,2001-08-09 10:30:00.0,Intermediário
0.23777,0.23913,2001-08-09 11:00:00.0,Intermediário
0.23756,0.23892,2001-08-09 11:30:00.0,Intermediário
0.23882,0.24019,2001-08-09 12:00:00.0,Intermediário
0.23799,0.23925,2001-08-09 12:37:00.0,Intermediário
0.23881,0.23998,2001-08-09 13:00:00.0,Intermediário
0.24022,0.2414,2001-08-09 14:06:00.0,Intermediário
0.2395,0.24068,2001-08-09 14:10:00.0,Intermediário
0.2398,0.24098,2001-08-09 14:30:00.0,Intermediário
0.23956,0.24073,2001-08-09 15:00:00.0,Intermediário
0.2398,0.24127,2001-08-09 15:30:00.0,Intermediário
0.23984,0.24112,2001-08-09 16:00:00.0,Intermediário
0.23961,0.24088,2001-08-09 16:30:00.0,Fechamento Interbancário
0.23979,0.24022,2001-08-09 17:21:00.0,Fechamento
0.24119,0.24325,2001-08-10 10:17:00.0,Abertura
0.24123,0.24329,2001-08-10 10:19:00.0,Intermediário
0.24141,0.24269,2001-08-10 10:30:00.0,Intermediário
0.2418,0.24309,2001-08-10 11:00:00.0,Intermediário
0.2419,0.24318,2001-08-10 11:30:00.0,Intermediário
0.24205,0.24334,2001-08-10 12:00:00.0,Intermediário
0.24164,0.24282,2001-08-10 12:30:00.0,Intermediário
0.24126,0.24264,2001-08-10 13:00:00.0,Intermediário
0.24137,0.24275,2001-08-10 13:30:00.0,Intermediário
0.24137,0.24275,2001-08-10 14:00:00.0,Intermediário
0.2417,0.24308,2001-08-10 14:30:00.0,Intermediário
0.24165,0.24284,2001-08-10 15:00:00.0,Intermediário
0.24019,0.24147,2001-08-10 15:30:00.0,Intermediário
0.23919,0.24055,2001-08-10 16:00:00.0,Intermediário
0.23941,0.24088,2001-08-10 16:30:00.0,Fechamento Interbancário
0.2419,0.24234,2001-08-10 18:30:00.0,Fechamento
0.24042,0.24248,2001-08-13 09:51:00.0,Abertura
0.24144,0.24292,2001-08-13 10:00:00.0,Intermediário
0.24176,0.24304,2001-08-13 10:30:00.0,Intermediário
0.24192,0.24311,2001-08-13 11:00:00.0,Intermediário
0.24232,0.24351,2001-08-13 11:30:00.0,Intermediário
0.24221,0.24349,2001-08-13 12:00:00.0,Intermediário
0.24238,0.24366,2001-08-13 12:30:00.0,Intermediário
0.2424,0.24369,2001-08-13 13:00:00.0,Intermediário
0.2425,0.24378,2001-08-13 13:30:00.0,Intermediário
0.24229,0.24357,2001-08-13 14:00:00.0,Intermediário
0.24229,0.24357,2001-08-13 14:30:00.0,Intermediário
0.24229,0.24358,2001-08-13 15:00:00.0,Intermediário
0.24248,0.24377,2001-08-13 15:30:00.0,Intermediário
0.24268,0.24387,2001-08-13 16:00:00.0,Intermediário
0.24258,0.24387,2001-08-13 16:30:00.0,Fechamento Interbancário
0.24162,0.24206,2001-08-13 17:23:00.0,Fechamento
0.24311,0.24517,2001-08-14 09:47:00.0,Abertura
0.24377,0.24506,2001-08-14 10:00:00.0,Intermediário
0.24434,0.24563,2001-08-14 10:30:00.0,Intermediário
0.24404,0.24533,2001-08-14 11:03:00.0,Intermediário
0.2439,0.24519,2001-08-14 11:30:00.0,Intermediário
0.24437,0.24557,2001-08-14 12:00:00.0,Intermediário
0.2453,0.2466,2001-08-14 12:38:00.0,Intermediário
0.24523,0.24653,2001-08-14 13:00:00.0,Intermediário
0.24538,0.24668,2001-08-14 13:30:00.0,Intermediário
0.24528,0.24658,2001-08-14 14:00:00.0,Intermediário
0.24495,0.24624,2001-08-14 14:30:00.0,Intermediário
0.24446,0.24585,2001-08-14 15:00:00.0,Intermediário
0.24484,0.24614,2001-08-14 15:30:00.0,Intermediário
0.24543,0.24673,2001-08-14 16:00:00.0,Intermediário
0.24519,0.24649,2001-08-14 16:30:00.0,Fechamento Interbancário
0.24533,0.24577,2001-08-14 17:57:00.0,Fechamento
0.24613,0.24822,2001-08-15 09:47:00.0,Abertura
0.24604,0.24735,2001-08-15 10:00:00.0,Intermediário
0.24617,0.24747,2001-08-15 10:30:00.0,Intermediário
0.24569,0.247,2001-08-15 11:00:00.0,Intermediário
0.24608,0.24739,2001-08-15 11:30:00.0,Intermediário
0.24607,0.24738,2001-08-15 12:00:00.0,Intermediário
0.24589,0.24719,2001-08-15 12:30:00.0,Intermediário
0.24473,0.24603,2001-08-15 13:00:00.0,Intermediário
0.24486,0.24606,2001-08-15 13:34:00.0,Intermediário
0.24466,0.24596,2001-08-15 14:00:00.0,Intermediário
0.24442,0.24572,2001-08-15 14:30:00.0,Intermediário
0.24408,0.24527,2001-08-15 15:00:00.0,Intermediário
0.2452,0.2465,2001-08-15 15:30:00.0,Intermediário
0.24495,0.24625,2001-08-15 16:00:00.0,Intermediário
0.24469,0.24599,2001-08-15 16:30:00.0,Fechamento Interbancário
0.24637,0.24682,2001-08-15 17:19:00.0,Fechamento
0.24258,0.24466,2001-08-16 09:43:00.0,Abertura
0.24389,0.24519,2001-08-16 10:00:00.0,Intermediário
0.24358,0.24497,2001-08-16 10:30:00.0,Intermediário
0.24339,0.24458,2001-08-16 11:00:00.0,Intermediário
0.24315,0.24444,2001-08-16 11:30:00.0,Intermediário
0.24408,0.24538,2001-08-16 12:00:00.0,Intermediário
0.24455,0.24594,2001-08-16 12:30:00.0,Intermediário
0.24496,0.24626,2001-08-16 13:00:00.0,Intermediário
0.2454,0.2466,2001-08-16 13:30:00.0,Intermediário
0.24525,0.24645,2001-08-16 14:06:00.0,Intermediário
0.24505,0.24625,2001-08-16 14:30:00.0,Intermediário
0.24493,0.24623,2001-08-16 15:00:00.0,Intermediário
0.2453,0.2465,2001-08-16 15:30:00.0,Intermediário
0.24555,0.24695,2001-08-16 16:00:00.0,Intermediário
0.24521,0.24651,2001-08-16 16:30:00.0,Fechamento Interbancário
0.24409,0.24454,2001-08-16 17:20:00.0,Fechamento
0.24517,0.24725,2001-08-17 09:51:00.0,Abertura
0.24643,0.24783,2001-08-17 10:00:00.0,Intermediário
0.2462,0.2477,2001-08-17 10:30:00.0,Intermediário
0.24579,0.24699,2001-08-17 11:00:00.0,Intermediário
0.24625,0.24755,2001-08-17 11:30:00.0,Intermediário
0.24703,0.24844,2001-08-17 12:00:00.0,Intermediário
0.24699,0.2484,2001-08-17 12:30:00.0,Intermediário
0.24732,0.24853,2001-08-17 13:00:00.0,Intermediário
0.24724,0.24855,2001-08-17 13:30:00.0,Intermediário
0.24693,0.24824,2001-08-17 14:00:00.0,Intermediário
0.24659,0.2479,2001-08-17 14:30:00.0,Intermediário
0.24728,0.24859,2001-08-17 15:00:00.0,Intermediário
0.24772,0.24922,2001-08-17 15:30:00.0,Intermediário
0.2462,0.24761,2001-08-17 16:00:00.0,Intermediário
0.24601,0.24741,2001-08-17 16:30:00.0,Fechamento Interbancário
0.2466,0.24704,2001-08-17 17:26:00.0,Fechamento
0.24545,0.24752,2001-08-20 09:43:00.0,Abertura
0.24584,0.24743,2001-08-20 10:00:00.0,Intermediário
0.24566,0.24696,2001-08-20 10:30:00.0,Intermediário
0.24396,0.24525,2001-08-20 11:00:00.0,Intermediário
0.24385,0.24504,2001-08-20 11:30:00.0,Intermediário
0.24398,0.24527,2001-08-20 12:00:00.0,Intermediário
0.24429,0.24558,2001-08-20 12:30:00.0,Intermediário
0.2436,0.24489,2001-08-20 13:00:00.0,Intermediário
0.2437,0.24499,2001-08-20 13:30:00.0,Intermediário
0.24378,0.24506,2001-08-20 14:00:00.0,Intermediário
0.24398,0.24527,2001-08-20 14:30:00.0,Intermediário
0.24379,0.24518,2001-08-20 15:00:00.0,Intermediário
0.24327,0.24456,2001-08-20 15:30:00.0,Intermediário
0.2428,0.24408,2001-08-20 16:00:00.0,Intermediário
0.24278,0.24407,2001-08-20 16:30:00.0,Fechamento Interbancário
0.24429,0.24473,2001-08-20 17:20:00.0,Fechamento
0.24282,0.24489,2001-08-21 09:51:00.0,Abertura
0.24381,0.2451,2001-08-21 10:00:00.0,Intermediário
0.24365,0.24504,2001-08-21 10:33:00.0,Intermediário
0.24428,0.24547,2001-08-21 11:00:00.0,Intermediário
0.24444,0.24574,2001-08-21 11:30:00.0,Intermediário
0.24469,0.24588,2001-08-21 12:00:00.0,Intermediário
0.2439,0.24519,2001-08-21 12:30:00.0,Intermediário
0.24382,0.2452,2001-08-21 13:00:00.0,Intermediário
0.24377,0.24515,2001-08-21 13:30:00.0,Intermediário
0.24364,0.24503,2001-08-21 14:00:00.0,Intermediário
0.24377,0.24515,2001-08-21 14:30:00.0,Intermediário
0.24552,0.2471,2001-08-21 15:00:00.0,Intermediário
0.2451,0.24649,2001-08-21 15:30:00.0,Intermediário
0.24603,0.24742,2001-08-21 16:00:00.0,Intermediário
0.24664,0.24794,2001-08-21 16:30:00.0,Fechamento Interbancário
0.24549,0.24594,2001-08-21 17:21:00.0,Fechamento
0.24267,0.24474,2001-08-22 09:48:00.0,Abertura
0.2437,0.24499,2001-08-22 10:00:00.0,Intermediário
0.24459,0.24578,2001-08-22 10:30:00.0,Intermediário
0.24584,0.24704,2001-08-22 11:00:00.0,Intermediário
0.2463,0.24751,2001-08-22 11:30:00.0,Intermediário
0.24598,0.24728,2001-08-22 12:00:00.0,Intermediário
0.24583,0.24713,2001-08-22 12:30:00.0,Intermediário
0.24543,0.24672,2001-08-22 13:00:00.0,Intermediário
0.24481,0.24611,2001-08-22 13:30:00.0,Intermediário
0.24473,0.24602,2001-08-22 14:00:00.0,Intermediário
0.2446,0.2459,2001-08-22 14:30:00.0,Intermediário
0.24422,0.24542,2001-08-22 15:00:00.0,Intermediário
0.24369,0.24488,2001-08-22 15:30:00.0,Intermediário
0.2438,0.24509,2001-08-22 16:00:00.0,Intermediário
0.24378,0.24507,2001-08-22 16:30:00.0,Fechamento Interbancário
0.24416,0.24461,2001-08-22 17:24:00.0,Fechamento
0.24246,0.24452,2001-08-23 09:48:00.0,Abertura
0.24271,0.244,2001-08-23 10:00:00.0,Intermediário
0.24277,0.24406,2001-08-23 10:30:00.0,Intermediário
0.24307,0.24436,2001-08-23 11:00:00.0,Intermediário
0.24361,0.2449,2001-08-23 11:30:00.0,Intermediário
0.24451,0.246,2001-08-23 12:00:00.0,Intermediário
0.2449,0.2461,2001-08-23 12:30:00.0,Intermediário
0.2451,0.2464,2001-08-23 13:00:00.0,Intermediário
0.24488,0.24618,2001-08-23 13:30:00.0,Intermediário
0.24441,0.24571,2001-08-23 14:00:00.0,Intermediário
0.24445,0.24574,2001-08-23 14:30:00.0,Intermediário
0.24504,0.24643,2001-08-23 15:00:00.0,Intermediário
0.24506,0.24636,2001-08-23 15:30:00.0,Intermediário
0.24486,0.24616,2001-08-23 16:00:00.0,Intermediário
0.24515,0.24645,2001-08-23 16:30:00.0,Fechamento Interbancário
0.24507,0.24552,2001-08-23 17:35:00.0,Fechamento
0.24537,0.24745,2001-08-24 09:44:00.0,Abertura
0.24703,0.24834,2001-08-24 10:00:00.0,Intermediário
0.24764,0.24914,2001-08-24 10:30:00.0,Intermediário
0.24794,0.24925,2001-08-24 11:00:00.0,Intermediário
0.24762,0.24893,2001-08-24 11:30:00.0,Intermediário
0.24783,0.24914,2001-08-24 12:00:00.0,Intermediário
0.24732,0.24863,2001-08-24 12:30:00.0,Intermediário
0.24711,0.24842,2001-08-24 13:00:00.0,Intermediário
0.24702,0.24833,2001-08-24 13:30:00.0,Intermediário
0.24702,0.24833,2001-08-24 14:00:00.0,Intermediário
0.2471,0.24841,2001-08-24 14:30:00.0,Intermediário
0.24661,0.24801,2001-08-24 15:00:00.0,Intermediário
0.24658,0.24798,2001-08-24 15:30:00.0,Intermediário
0.24735,0.24875,2001-08-24 16:00:00.0,Intermediário
0.24731,0.24861,2001-08-24 16:30:00.0,Fechamento Interbancário
0.24758,0.24803,2001-08-24 17:32:00.0,Fechamento
0.24585,0.24793,2001-08-27 09:50:00.0,Abertura
0.24705,0.24845,2001-08-27 10:00:00.0,Intermediário
0.247,0.2483,2001-08-27 10:30:00.0,Intermediário
0.24774,0.24904,2001-08-27 11:00:00.0,Intermediário
0.2479,0.24921,2001-08-27 11:30:00.0,Intermediário
0.24796,0.24927,2001-08-27 12:00:00.0,Intermediário
0.24776,0.24907,2001-08-27 12:30:00.0,Intermediário
0.24818,0.24939,2001-08-27 13:00:00.0,Intermediário
0.24855,0.24976,2001-08-27 13:30:00.0,Intermediário
0.24862,0.24984,2001-08-27 14:00:00.0,Intermediário
0.24879,0.25001,2001-08-27 14:30:00.0,Intermediário
0.24867,0.24998,2001-08-27 15:00:00.0,Intermediário
0.24849,0.2498,2001-08-27 15:30:00.0,Intermediário
0.24849,0.2498,2001-08-27 16:00:00.0,Intermediário
0.24857,0.24988,2001-08-27 16:30:00.0,Fechamento Interbancário
0.24866,0.2491,2001-08-27 18:03:00.0,Fechamento
0.24506,0.24713,2001-08-28 09:43:00.0,Abertura
0.24554,0.24674,2001-08-28 10:00:00.0,Intermediário
0.24552,0.24672,2001-08-28 10:30:00.0,Intermediário
0.24638,0.24758,2001-08-28 11:00:00.0,Intermediário
0.2468,0.2481,2001-08-28 11:30:00.0,Intermediário
0.24788,0.24919,2001-08-28 12:00:00.0,Intermediário
0.24766,0.24887,2001-08-28 12:30:00.0,Intermediário
0.24738,0.24859,2001-08-28 13:00:00.0,Intermediário
0.24722,0.24852,2001-08-28 13:30:00.0,Intermediário
0.24751,0.24882,2001-08-28 14:00:00.0,Intermediário
0.24719,0.24849,2001-08-28 14:30:00.0,Intermediário
0.2465,0.2478,2001-08-28 15:00:00.0,Intermediário
0.2475,0.24891,2001-08-28 15:30:00.0,Intermediário
0.2475,0.24881,2001-08-28 16:00:00.0,Intermediário
0.24759,0.2489,2001-08-28 16:30:00.0,Fechamento Interbancário
0.24786,0.24831,2001-08-28 17:17:00.0,Fechamento
0.24493,0.247,2001-08-29 09:58:00.0,Abertura
0.24538,0.24668,2001-08-29 10:00:00.0,Intermediário
0.24529,0.24649,2001-08-29 10:30:00.0,Intermediário
0.2458,0.247,2001-08-29 11:00:00.0,Intermediário
0.24538,0.24668,2001-08-29 11:30:00.0,Intermediário
0.24526,0.24646,2001-08-29 12:00:00.0,Intermediário
0.24498,0.24618,2001-08-29 12:30:00.0,Intermediário
0.24494,0.24614,2001-08-29 13:00:00.0,Intermediário
0.24499,0.24628,2001-08-29 13:30:00.0,Intermediário
0.24484,0.24613,2001-08-29 14:00:00.0,Intermediário
0.24503,0.24623,2001-08-29 14:30:00.0,Intermediário
0.24454,0.24584,2001-08-29 15:00:00.0,Intermediário
0.24479,0.24609,2001-08-29 15:30:00.0,Intermediário
0.24476,0.24595,2001-08-29 16:00:00.0,Intermediário
0.24462,0.24591,2001-08-29 16:30:00.0,Fechamento Interbancário
0.24495,0.24539,2001-08-29 17:17:00.0,Fechamento
0.24288,0.24493,2001-08-30 09:49:00.0,Abertura
0.24443,0.24572,2001-08-30 10:00:00.0,Intermediário
0.24367,0.24496,2001-08-30 10:30:00.0,Intermediário
0.24329,0.24447,2001-08-30 11:00:00.0,Intermediário
0.2433,0.24458,2001-08-30 11:30:00.0,Intermediário
0.24316,0.24435,2001-08-30 12:00:00.0,Intermediário
0.24423,0.24543,2001-08-30 12:30:00.0,Intermediário
0.24474,0.24593,2001-08-30 13:00:00.0,Intermediário
0.24487,0.24607,2001-08-30 13:30:00.0,Intermediário
0.24494,0.24613,2001-08-30 14:00:00.0,Intermediário
0.24515,0.24635,2001-08-30 14:30:00.0,Intermediário
0.24443,0.24572,2001-08-30 15:00:00.0,Intermediário
0.24383,0.24512,2001-08-30 15:30:00.0,Intermediário
0.2436,0.24488,2001-08-30 16:00:00.0,Intermediário
0.24312,0.2446,2001-08-30 16:30:00.0,Fechamento Interbancário
0.24435,0.24479,2001-08-30 17:18:00.0,Fechamento
0.24138,0.24343,2001-08-31 09:48:00.0,Abertura
0.24333,0.24461,2001-08-31 10:00:00.0,Intermediário
0.24437,0.24565,2001-08-31 10:30:00.0,Intermediário
0.24467,0.24596,2001-08-31 11:00:00.0,Intermediário
0.24323,0.24451,2001-08-31 11:34:00.0,Intermediário
0.24344,0.24473,2001-08-31 12:00:00.0,Intermediário
0.24351,0.24479,2001-08-31 12:30:00.0,Intermediário
0.24417,0.24536,2001-08-31 13:00:00.0,Intermediário
0.24367,0.24486,2001-08-31 13:30:00.0,Intermediário
0.24408,0.24527,2001-08-31 14:00:00.0,Intermediário
0.24409,0.24528,2001-08-31 14:30:00.0,Intermediário
0.2447,0.24589,2001-08-31 15:00:00.0,Intermediário
0.24518,0.24648,2001-08-31 15:30:00.0,Intermediário
0.24569,0.24718,2001-08-31 16:00:00.0,Intermediário
0.2456,0.24689,2001-08-31 16:30:00.0,Fechamento Interbancário
0.24482,0.24526,2001-08-31 17:16:00.0,Fechamento
0.24378,0.24583,2001-09-03 09:54:00.0,Abertura
0.24404,0.24533,2001-09-03 10:00:00.0,Intermediário
0.24366,0.24495,2001-09-03 10:30:00.0,Intermediário
0.24321,0.24439,2001-09-03 11:00:00.0,Intermediário
0.2429,0.24418,2001-09-03 11:30:00.0,Intermediário
0.2429,0.24408,2001-09-03 12:00:00.0,Intermediário
0.24292,0.2442,2001-09-03 12:30:00.0,Intermediário
0.24281,0.24409,2001-09-03 13:00:00.0,Intermediário
0.24296,0.24425,2001-09-03 13:30:00.0,Intermediário
0.24299,0.24427,2001-09-03 14:00:00.0,Intermediário
0.24292,0.2442,2001-09-03 14:30:00.0,Intermediário
0.24326,0.24445,2001-09-03 15:00:00.0,Intermediário
0.24323,0.24451,2001-09-03 15:30:00.0,Intermediário
0.24372,0.245,2001-09-03 16:00:00.0,Intermediário
0.24374,0.24503,2001-09-03 16:30:00.0,Fechamento Interbancário
0.24327,0.24371,2001-09-03 17:24:00.0,Fechamento
0.23994,0.24196,2001-09-04 09:49:00.0,Abertura
0.24045,0.24171,2001-09-04 10:00:00.0,Intermediário
0.24137,0.24264,2001-09-04 10:30:00.0,Intermediário
0.24156,0.24283,2001-09-04 11:00:00.0,Intermediário
0.24026,0.24152,2001-09-04 11:32:00.0,Intermediário
0.23976,0.24102,2001-09-04 12:00:00.0,Intermediário
0.23833,0.23958,2001-09-04 12:33:00.0,Intermediário
0.23872,0.23988,2001-09-04 13:00:00.0,Intermediário
0.23859,0.23976,2001-09-04 13:30:00.0,Intermediário
0.23872,0.23988,2001-09-04 14:00:00.0,Intermediário
0.23919,0.24035,2001-09-04 14:30:00.0,Intermediário
0.23911,0.24027,2001-09-04 15:00:00.0,Intermediário
0.23924,0.24049,2001-09-04 15:30:00.0,Intermediário
0.23833,0.23958,2001-09-04 16:00:00.0,Intermediário
0.23822,0.23947,2001-09-04 16:30:00.0,Fechamento Interbancário
0.23946,0.23989,2001-09-04 17:36:00.0,Fechamento
0.23853,0.24053,2001-09-05 09:51:00.0,Abertura
0.23953,0.24079,2001-09-05 10:00:00.0,Intermediário
0.23946,0.24062,2001-09-05 10:30:00.0,Intermediário
0.23933,0.24049,2001-09-05 11:00:00.0,Intermediário
0.23966,0.24083,2001-09-05 11:30:00.0,Intermediário
0.23966,0.24083,2001-09-05 12:00:00.0,Intermediário
0.23981,0.24097,2001-09-05 12:30:00.0,Intermediário
0.24022,0.24148,2001-09-05 13:00:00.0,Intermediário
0.24039,0.24166,2001-09-05 13:30:00.0,Intermediário
0.24004,0.24131,2001-09-05 14:00:00.0,Intermediário
0.24013,0.2414,2001-09-05 14:30:00.0,Intermediário
0.24038,0.24155,2001-09-05 15:00:00.0,Intermediário
0.24077,0.24194,2001-09-05 15:30:00.0,Intermediário
0.24114,0.24241,2001-09-05 16:21:00.0,Intermediário
0.24093,0.2422,2001-09-05 17:06:00.0,Fechamento Interbancário
0.24065,0.24108,2001-09-05 17:39:00.0,Fechamento
0.24132,0.24334,2001-09-06 09:50:00.0,Abertura
0.24317,0.24435,2001-09-06 10:00:00.0,Intermediário
0.24349,0.24477,2001-09-06 10:30:00.0,Intermediário
0.2435,0.24478,2001-09-06 11:00:00.0,Intermediário
0.24374,0.24502,2001-09-06 11:30:00.0,Intermediário
0.24383,0.24502,2001-09-06 12:00:00.0,Intermediário
0.24365,0.24493,2001-09-06 12:30:00.0,Intermediário
0.24352,0.245,2001-09-06 13:00:00.0,Intermediário
0.2433,0.24458,2001-09-06 13:30:00.0,Intermediário
0.24351,0.24479,2001-09-06 14:00:00.0,Intermediário
0.24393,0.24522,2001-09-06 14:30:00.0,Intermediário
0.24396,0.24533,2001-09-06 15:00:00.0,Intermediário
0.24367,0.24504,2001-09-06 15:30:00.0,Intermediário
0.24313,0.24469,2001-09-06 16:00:00.0,Intermediário
0.24321,0.24477,2001-09-06 16:30:00.0,Fechamento Interbancário
0.24441,0.24484,2001-09-06 17:47:00.0,Fechamento
0.24552,0.24757,2001-09-10 09:45:00.0,Abertura
0.24562,0.24701,2001-09-10 10:00:00.0,Intermediário
0.24538,0.24658,2001-09-10 10:30:00.0,Intermediário
0.2445,0.24579,2001-09-10 11:00:00.0,Intermediário
0.24416,0.24544,2001-09-10 11:30:00.0,Intermediário
0.24375,0.24503,2001-09-10 12:00:00.0,Intermediário
0.24357,0.24494,2001-09-10 12:30:00.0,Intermediário
0.2439,0.24518,2001-09-10 13:00:00.0,Intermediário
0.24385,0.24512,2001-09-10 13:30:00.0,Intermediário
0.244,0.24528,2001-09-10 14:00:00.0,Intermediário
0.24394,0.24522,2001-09-10 14:30:00.0,Intermediário
0.24461,0.2459,2001-09-10 15:00:00.0,Intermediário
0.24464,0.24583,2001-09-10 15:30:00.0,Intermediário
0.24472,0.2461,2001-09-10 16:00:00.0,Intermediário
0.24446,0.24575,2001-09-10 16:30:00.0,Fechamento Interbancário
0.24442,0.24486,2001-09-10 17:21:00.0,Fechamento
0.24449,0.24653,2001-09-11 09:38:00.0,Abertura
0.24566,0.24695,2001-09-11 10:00:00.0,Intermediário
0.24627,0.24756,2001-09-11 10:34:00.0,Intermediário
0.24976,0.25135,2001-09-11 11:04:00.0,Intermediário
0.25163,0.25323,2001-09-11 11:30:00.0,Intermediário
0.24999,0.25177,2001-09-11 12:02:00.0,Intermediário
0.25087,0.25294,2001-09-11 12:37:00.0,Intermediário
0.25249,0.2541,2001-09-11 13:03:00.0,Intermediário
0.25302,0.25463,2001-09-11 13:30:00.0,Intermediário
0.2533,0.25492,2001-09-11 14:00:00.0,Intermediário
0.25267,0.25428,2001-09-11 14:30:00.0,Intermediário
0.25315,0.25524,2001-09-11 15:00:00.0,Intermediário
0.25371,0.25532,2001-09-11 15:30:00.0,Intermediário
0.25273,0.25415,2001-09-11 16:00:00.0,Intermediário
0.2524,0.25401,2001-09-11 16:30:00.0,Fechamento Interbancário
0.25082,0.25127,2001-09-11 17:11:00.0,Fechamento
0.25024,0.25231,2001-09-12 09:49:00.0,Abertura
0.25095,0.25255,2001-09-12 10:00:00.0,Intermediário
0.25072,0.25223,2001-09-12 10:30:00.0,Intermediário
0.25134,0.25266,2001-09-12 11:00:00.0,Intermediário
0.25183,0.25305,2001-09-12 11:30:00.0,Intermediário
0.25183,0.25305,2001-09-12 12:00:00.0,Intermediário
0.25169,0.253,2001-09-12 12:30:00.0,Intermediário
0.25207,0.25349,2001-09-12 13:00:00.0,Intermediário
0.2525,0.25392,2001-09-12 13:30:00.0,Intermediário
0.25241,0.25383,2001-09-12 14:00:00.0,Intermediário
0.2524,0.25381,2001-09-12 14:30:00.0,Intermediário
0.25236,0.25387,2001-09-12 15:00:00.0,Intermediário
0.25392,0.25515,2001-09-12 15:30:00.0,Intermediário
0.25385,0.25536,2001-09-12 16:00:00.0,Intermediário
0.25256,0.25464,2001-09-12 16:30:00.0,Fechamento Interbancário
0.25246,0.25291,2001-09-12 17:29:00.0,Fechamento
0.25414,0.25622,2001-09-13 09:50:00.0,Abertura
0.25452,0.25585,2001-09-13 10:00:00.0,Intermediário
0.25574,0.25698,2001-09-13 10:30:00.0,Intermediário
0.2555,0.25684,2001-09-13 11:00:00.0,Intermediário
0.25594,0.25737,2001-09-13 11:30:00.0,Intermediário
0.25722,0.25866,2001-09-13 12:00:00.0,Intermediário
0.25838,0.26011,2001-09-13 12:30:00.0,Intermediário
0.25867,0.26022,2001-09-13 13:00:00.0,Intermediário
0.25817,0.25951,2001-09-13 13:30:00.0,Intermediário
0.25839,0.25974,2001-09-13 14:00:00.0,Intermediário
0.25845,0.2598,2001-09-13 14:30:00.0,Intermediário
0.25331,0.25588,2001-09-13 15:00:00.0,Intermediário
0.25291,0.25451,2001-09-13 15:30:00.0,Intermediário
0.25126,0.25296,2001-09-13 16:00:00.0,Intermediário
0.2519,0.2535,2001-09-13 16:30:00.0,Fechamento Interbancário
0.25591,0.25637,2001-09-13 17:37:00.0,Fechamento
0.25694,0.25906,2001-09-14 09:51:00.0,Abertura
0.25891,0.26026,2001-09-14 10:00:00.0,Intermediário
0.25749,0.25883,2001-09-14 10:30:00.0,Intermediário
0.25674,0.25837,2001-09-14 11:00:00.0,Intermediário
0.25757,0.25882,2001-09-14 11:30:00.0,Intermediário
0.2579,0.25934,2001-09-14 12:00:00.0,Intermediário
0.25761,0.25896,2001-09-14 12:30:00.0,Intermediário
0.25754,0.25889,2001-09-14 13:00:00.0,Intermediário
0.25797,0.25932,2001-09-14 13:30:00.0,Intermediário
0.25757,0.25891,2001-09-14 14:00:00.0,Intermediário
0.25771,0.25906,2001-09-14 14:30:00.0,Intermediário
0.25439,0.2562,2001-09-14 15:00:00.0,Intermediário
0.25513,0.25675,2001-09-14 15:30:00.0,Intermediário
0.2552,0.25673,2001-09-14 16:00:00.0,Intermediário
0.2558,0.25752,2001-09-14 16:30:00.0,Fechamento Interbancário
0.25734,0.25779,2001-09-14 17:37:00.0,Fechamento
0.25339,0.25549,2001-09-17 09:47:00.0,Abertura
0.25413,0.25546,2001-09-17 10:00:00.0,Intermediário
0.25421,0.25554,2001-09-17 10:37:00.0,Intermediário
0.25438,0.25571,2001-09-17 11:00:00.0,Intermediário
0.25353,0.25486,2001-09-17 11:30:00.0,Intermediário
0.2522,0.25352,2001-09-17 12:05:00.0,Intermediário
0.25308,0.2545,2001-09-17 12:30:00.0,Intermediário
0.25372,0.25496,2001-09-17 13:00:00.0,Intermediário
0.25378,0.25501,2001-09-17 13:30:00.0,Intermediário
0.25388,0.25512,2001-09-17 14:00:00.0,Intermediário
0.25442,0.25566,2001-09-17 14:30:00.0,Intermediário
0.25452,0.25595,2001-09-17 15:00:00.0,Intermediário
0.25446,0.25589,2001-09-17 15:30:00.0,Intermediário
0.2549,0.25624,2001-09-17 16:00:00.0,Intermediário
0.25449,0.25573,2001-09-17 16:30:00.0,Fechamento Interbancário
0.25437,0.25482,2001-09-17 17:20:00.0,Fechamento
0.25264,0.25473,2001-09-18 09:39:00.0,Abertura
0.25327,0.2546,2001-09-18 10:00:00.0,Intermediário
0.25316,0.25449,2001-09-18 10:30:00.0,Intermediário
0.25308,0.2544,2001-09-18 11:00:00.0,Intermediário
0.25302,0.25434,2001-09-18 11:30:00.0,Intermediário
0.25306,0.25429,2001-09-18 12:00:00.0,Intermediário
0.2532,0.25453,2001-09-18 12:30:00.0,Intermediário
0.25338,0.25461,2001-09-18 13:00:00.0,Intermediário
0.25402,0.25535,2001-09-18 13:30:00.0,Intermediário
0.25344,0.25477,2001-09-18 14:00:00.0,Intermediário
0.25332,0.25465,2001-09-18 14:30:00.0,Intermediário
0.25344,0.25477,2001-09-18 15:00:00.0,Intermediário
0.25419,0.25552,2001-09-18 15:30:00.0,Intermediário
0.25581,0.25715,2001-09-18 16:00:00.0,Intermediário
0.25568,0.25701,2001-09-18 16:30:00.0,Fechamento Interbancário
0.25437,0.25483,2001-09-18 17:28:00.0,Fechamento
0.25578,0.25788,2001-09-19 09:37:00.0,Abertura
0.25585,0.25738,2001-09-19 10:00:00.0,Intermediário
0.25622,0.25756,2001-09-19 10:30:00.0,Intermediário
0.25665,0.25799,2001-09-19 11:00:00.0,Intermediário
0.25717,0.25851,2001-09-19 11:30:00.0,Intermediário
0.25825,0.2596,2001-09-19 12:03:00.0,Intermediário
0.25786,0.25921,2001-09-19 12:30:00.0,Intermediário
0.25804,0.25948,2001-09-19 13:00:00.0,Intermediário
0.25789,0.25934,2001-09-19 13:30:00.0,Intermediário
0.25807,0.25951,2001-09-19 14:00:00.0,Intermediário
0.25789,0.25934,2001-09-19 14:30:00.0,Intermediário
0.25795,0.2593,2001-09-19 15:00:00.0,Intermediário
0.25834,0.25969,2001-09-19 15:30:00.0,Intermediário
0.25798,0.25933,2001-09-19 16:00:00.0,Intermediário
0.25809,0.25944,2001-09-19 16:30:00.0,Fechamento Interbancário
0.25696,0.25741,2001-09-19 17:31:00.0,Fechamento
0.25672,0.25882,2001-09-20 09:52:00.0,Abertura
0.25721,0.25864,2001-09-20 10:00:00.0,Intermediário
0.25741,0.25875,2001-09-20 10:30:00.0,Intermediário
0.25804,0.25939,2001-09-20 11:00:00.0,Intermediário
0.25846,0.2599,2001-09-20 11:30:00.0,Intermediário
0.25864,0.25989,2001-09-20 12:00:00.0,Intermediário
0.25752,0.25886,2001-09-20 12:30:00.0,Intermediário
0.2574,0.25893,2001-09-20 13:00:00.0,Intermediário
0.2576,0.25913,2001-09-20 13:30:00.0,Intermediário
0.25709,0.25862,2001-09-20 14:00:00.0,Intermediário
0.25692,0.25845,2001-09-20 14:30:00.0,Intermediário
0.25709,0.25834,2001-09-20 15:00:00.0,Intermediário
0.25715,0.25859,2001-09-20 15:30:00.0,Intermediário
0.25866,0.26001,2001-09-20 16:00:00.0,Intermediário
0.25927,0.2609,2001-09-20 16:30:00.0,Fechamento Interbancário
0.25724,0.25769,2001-09-20 17:15:00.0,Fechamento
0.25823,0.26031,2001-09-21 09:46:00.0,Abertura
0.25773,0.2598,2001-09-21 10:00:00.0,Intermediário
0.25826,0.2595,2001-09-21 10:30:00.0,Intermediário
0.25839,0.25973,2001-09-21 11:00:00.0,Intermediário
0.25696,0.25857,2001-09-21 11:30:00.0,Intermediário
0.25605,0.25784,2001-09-21 12:00:00.0,Intermediário
0.25459,0.25601,2001-09-21 12:30:00.0,Intermediário
0.25425,0.25585,2001-09-21 13:00:00.0,Intermediário
0.25402,0.25607,2001-09-21 13:30:00.0,Intermediário
0.25382,0.25587,2001-09-21 14:00:00.0,Intermediário
0.25373,0.25578,2001-09-21 14:30:00.0,Intermediário
0.25519,0.25679,2001-09-21 15:00:00.0,Intermediário
0.25654,0.25787,2001-09-21 15:30:00.0,Intermediário
0.25937,0.26099,2001-09-21 16:00:00.0,Intermediário
0.25997,0.26206,2001-09-21 16:30:00.0,Fechamento Interbancário
0.25764,0.25809,2001-09-21 17:20:00.0,Fechamento
0.25696,0.25904,2001-09-24 09:52:00.0,Abertura
0.25628,0.25789,2001-09-24 10:00:00.0,Intermediário
0.25678,0.25821,2001-09-24 10:35:00.0,Intermediário
0.25443,0.25603,2001-09-24 11:00:00.0,Intermediário
0.25408,0.25558,2001-09-24 11:30:00.0,Intermediário
0.25322,0.25473,2001-09-24 12:00:00.0,Intermediário
0.25527,0.25669,2001-09-24 12:30:00.0,Intermediário
0.25527,0.2566,2001-09-24 13:00:00.0,Intermediário
0.25544,0.25677,2001-09-24 13:30:00.0,Intermediário
0.25554,0.25687,2001-09-24 14:00:00.0,Intermediário
0.25563,0.25696,2001-09-24 14:30:00.0,Intermediário
0.25546,0.25688,2001-09-24 15:00:00.0,Intermediário
0.25592,0.25734,2001-09-24 15:30:00.0,Intermediário
0.25165,0.25324,2001-09-24 16:00:00.0,Intermediário
0.2511,0.25269,2001-09-24 16:30:00.0,Fechamento Interbancário
0.25644,0.25689,2001-09-24 17:25:00.0,Fechamento
0.25128,0.25334,2001-09-25 09:37:00.0,Abertura
0.25209,0.25341,2001-09-25 10:00:00.0,Intermediário
0.25427,0.25597,2001-09-25 10:30:00.0,Intermediário
0.25473,0.25615,2001-09-25 11:00:00.0,Intermediário
0.2555,0.25683,2001-09-25 11:30:00.0,Intermediário
0.25227,0.25387,2001-09-25 12:00:00.0,Intermediário
0.25249,0.25381,2001-09-25 12:30:00.0,Intermediário
0.25298,0.2543,2001-09-25 13:00:00.0,Intermediário
0.25339,0.25471,2001-09-25 13:30:00.0,Intermediário
0.2529,0.25422,2001-09-25 14:00:00.0,Intermediário
0.25245,0.25376,2001-09-25 14:30:00.0,Intermediário
0.25236,0.25396,2001-09-25 15:00:00.0,Intermediário
0.25248,0.2538,2001-09-25 15:30:00.0,Intermediário
0.25256,0.25407,2001-09-25 16:00:00.0,Intermediário
0.25295,0.25437,2001-09-25 16:30:00.0,Fechamento Interbancário
0.25316,0.25361,2001-09-25 17:21:00.0,Fechamento
0.25166,0.25372,2001-09-26 09:48:00.0,Abertura
0.25239,0.2537,2001-09-26 10:00:00.0,Intermediário
0.25236,0.25368,2001-09-26 10:30:00.0,Intermediário
0.2525,0.25372,2001-09-26 11:00:00.0,Intermediário
0.25289,0.25411,2001-09-26 11:30:00.0,Intermediário
0.25293,0.25425,2001-09-26 12:00:00.0,Intermediário
0.2525,0.25382,2001-09-26 12:30:00.0,Intermediário
0.2529,0.25422,2001-09-26 13:00:00.0,Intermediário
0.2526,0.25391,2001-09-26 13:30:00.0,Intermediário
0.25277,0.25409,2001-09-26 14:00:00.0,Intermediário
0.25254,0.25385,2001-09-26 14:30:00.0,Intermediário
0.25294,0.25416,2001-09-26 15:00:00.0,Intermediário
0.25279,0.25411,2001-09-26 15:30:00.0,Intermediário
0.25382,0.25514,2001-09-26 16:00:00.0,Intermediário
0.25397,0.25529,2001-09-26 16:30:00.0,Fechamento Interbancário
0.25326,0.2537,2001-09-26 17:21:00.0,Fechamento
0.25055,0.25261,2001-09-27 09:41:00.0,Abertura
0.25217,0.25358,2001-09-27 10:00:00.0,Intermediário
0.25279,0.25411,2001-09-27 10:30:00.0,Intermediário
0.25291,0.25414,2001-09-27 11:00:00.0,Intermediário
0.25288,0.25419,2001-09-27 11:30:00.0,Intermediário
0.25313,0.25445,2001-09-27 12:00:00.0,Intermediário
0.25307,0.25449,2001-09-27 12:30:00.0,Intermediário
0.25258,0.25389,2001-09-27 13:00:00.0,Intermediário
0.25299,0.25431,2001-09-27 13:30:00.0,Intermediário
0.25247,0.25379,2001-09-27 14:00:00.0,Intermediário
0.25239,0.2537,2001-09-27 14:30:00.0,Intermediário
0.25195,0.25345,2001-09-27 15:00:00.0,Intermediário
0.2513,0.25261,2001-09-27 15:30:00.0,Intermediário
0.24869,0.25008,2001-09-27 16:00:00.0,Intermediário
0.24905,0.25036,2001-09-27 16:30:00.0,Fechamento Interbancário
0.25211,0.25255,2001-09-27 17:22:00.0,Fechamento
0.24835,0.2504,2001-09-28 09:52:00.0,Abertura
0.24881,0.2503,2001-09-28 10:00:00.0,Intermediário
0.2495,0.25081,2001-09-28 10:30:00.0,Intermediário
0.24991,0.25131,2001-09-28 11:00:00.0,Intermediário
0.24937,0.25086,2001-09-28 11:30:00.0,Intermediário
0.24959,0.2509,2001-09-28 12:00:00.0,Intermediário
0.2495,0.25081,2001-09-28 12:30:00.0,Intermediário
0.24995,0.25126,2001-09-28 13:00:00.0,Intermediário
0.24985,0.25115,2001-09-28 13:30:00.0,Intermediário
0.24955,0.25085,2001-09-28 14:00:00.0,Intermediário
0.24947,0.25078,2001-09-28 14:30:00.0,Intermediário
0.24854,0.24984,2001-09-28 15:00:00.0,Intermediário
0.25007,0.25138,2001-09-28 15:30:00.0,Intermediário
0.24908,0.25114,2001-09-28 16:00:00.0,Intermediário
0.24901,0.2506,2001-09-28 16:30:00.0,Fechamento Interbancário
0.24954,0.24998,2001-09-28 17:31:00.0,Fechamento
0.25088,0.25295,2001-10-01 09:51:00.0,Abertura
0.25232,0.25373,2001-10-01 10:00:00.0,Intermediário
0.25201,0.25342,2001-10-01 10:30:00.0,Intermediário
0.25263,0.25395,2001-10-01 11:00:00.0,Intermediário
0.25246,0.25378,2001-10-01 11:30:00.0,Intermediário
0.25241,0.25363,2001-10-01 12:00:00.0,Intermediário
0.2521,0.25342,2001-10-01 12:30:00.0,Intermediário
0.25247,0.25379,2001-10-01 13:00:00.0,Intermediário
0.25256,0.25388,2001-10-01 13:30:00.0,Intermediário
0.2526,0.25392,2001-10-01 14:00:00.0,Intermediário
0.25229,0.25361,2001-10-01 14:30:00.0,Intermediário
0.25177,0.25309,2001-10-01 15:00:00.0,Intermediário
0.25182,0.25314,2001-10-01 15:30:00.0,Intermediário
0.25109,0.25241,2001-10-01 16:00:00.0,Intermediário
0.2512,0.25242,2001-10-01 16:30:00.0,Fechamento Interbancário
0.2522,0.25265,2001-10-01 17:14:00.0,Fechamento
0.25186,0.25393,2001-10-02 09:52:00.0,Abertura
0.25253,0.25394,2001-10-02 10:00:00.0,Intermediário
0.25263,0.25386,2001-10-02 10:30:00.0,Intermediário
0.25398,0.25521,2001-10-02 11:00:00.0,Intermediário
0.25372,0.25505,2001-10-02 11:30:00.0,Intermediário
0.25301,0.25433,2001-10-02 12:00:00.0,Intermediário
0.25292,0.25443,2001-10-02 12:30:00.0,Intermediário
0.25262,0.25394,2001-10-02 13:00:00.0,Intermediário
0.25311,0.25443,2001-10-02 13:30:00.0,Intermediário
0.25291,0.25423,2001-10-02 14:00:00.0,Intermediário
0.25282,0.25414,2001-10-02 14:30:00.0,Intermediário
0.25341,0.25474,2001-10-02 15:00:00.0,Intermediário
0.25312,0.25444,2001-10-02 15:30:00.0,Intermediário
0.25392,0.25515,2001-10-02 16:00:00.0,Intermediário
0.2537,0.25503,2001-10-02 16:30:00.0,Fechamento Interbancário
0.25365,0.25409,2001-10-02 17:16:00.0,Fechamento
0.25555,0.25764,2001-10-03 09:53:00.0,Abertura
0.25613,0.25747,2001-10-03 10:00:00.0,Intermediário
0.25636,0.2577,2001-10-03 10:30:00.0,Intermediário
0.25637,0.25771,2001-10-03 11:00:00.0,Intermediário
0.25585,0.25709,2001-10-03 11:30:00.0,Intermediário
0.25626,0.2575,2001-10-03 12:00:00.0,Intermediário
0.256,0.25734,2001-10-03 12:30:00.0,Intermediário
0.2565,0.25775,2001-10-03 13:00:00.0,Intermediário
0.25689,0.25814,2001-10-03 13:30:00.0,Intermediário
0.25602,0.25727,2001-10-03 14:00:00.0,Intermediário
0.25569,0.25693,2001-10-03 14:30:00.0,Intermediário
0.25688,0.25813,2001-10-03 15:00:00.0,Intermediário
0.25669,0.25803,2001-10-03 15:30:00.0,Intermediário
0.25496,0.25639,2001-10-03 16:00:00.0,Intermediário
0.25508,0.25641,2001-10-03 16:30:00.0,Fechamento Interbancário
0.25612,0.25658,2001-10-03 17:27:00.0,Fechamento
0.2566,0.25869,2001-10-04 09:34:00.0,Abertura
0.25704,0.25913,2001-10-04 09:53:00.0,Intermediário
0.25816,0.25941,2001-10-04 10:00:00.0,Intermediário
0.25596,0.25739,2001-10-04 10:30:00.0,Intermediário
0.25628,0.25781,2001-10-04 11:00:00.0,Intermediário
0.25593,0.25727,2001-10-04 11:30:00.0,Intermediário
0.25609,0.25733,2001-10-04 12:00:00.0,Intermediário
0.25626,0.2576,2001-10-04 12:30:00.0,Intermediário
0.25656,0.25789,2001-10-04 13:00:00.0,Intermediário
0.25665,0.25799,2001-10-04 13:30:00.0,Intermediário
0.25638,0.25771,2001-10-04 14:00:00.0,Intermediário
0.25633,0.25767,2001-10-04 14:30:00.0,Intermediário
0.25624,0.25758,2001-10-04 15:00:00.0,Intermediário
0.25665,0.25799,2001-10-04 15:30:00.0,Intermediário
0.25653,0.25787,2001-10-04 16:00:00.0,Intermediário
0.2562,0.25763,2001-10-04 16:30:00.0,Fechamento Interbancário
0.25639,0.25684,2001-10-04 17:30:00.0,Fechamento
0.25828,0.26038,2001-10-05 09:44:00.0,Abertura
0.25821,0.25955,2001-10-05 10:00:00.0,Intermediário
0.25812,0.25947,2001-10-05 10:30:00.0,Intermediário
0.25856,0.2599,2001-10-05 11:00:00.0,Intermediário
0.2589,0.26015,2001-10-05 11:30:00.0,Intermediário
0.25994,0.26129,2001-10-05 12:00:00.0,Intermediário
0.25921,0.26056,2001-10-05 12:30:00.0,Intermediário
0.25983,0.26108,2001-10-05 13:00:00.0,Intermediário
0.25992,0.26118,2001-10-05 13:30:00.0,Intermediário
0.2592,0.26046,2001-10-05 14:00:00.0,Intermediário
0.25903,0.26028,2001-10-05 14:30:00.0,Intermediário
0.25923,0.26058,2001-10-05 15:00:00.0,Intermediário
0.25925,0.2606,2001-10-05 15:30:00.0,Intermediário
0.2614,0.26285,2001-10-05 16:00:00.0,Intermediário
0.26137,0.26273,2001-10-05 16:30:00.0,Fechamento Interbancário
0.25974,0.2602,2001-10-05 17:19:00.0,Fechamento
0.2634,0.26553,2001-10-08 09:50:00.0,Abertura
0.26403,0.2655,2001-10-08 10:00:00.0,Intermediário
0.26325,0.26471,2001-10-08 10:30:00.0,Intermediário
0.26327,0.26474,2001-10-08 11:00:00.0,Intermediário
0.26323,0.26479,2001-10-08 11:30:00.0,Intermediário
0.26297,0.26435,2001-10-08 12:00:00.0,Intermediário
0.26098,0.26309,2001-10-08 12:30:00.0,Intermediário
0.26007,0.26171,2001-10-08 13:00:00.0,Intermediário
0.26012,0.26166,2001-10-08 13:30:00.0,Intermediário
0.26035,0.26189,2001-10-08 14:00:00.0,Intermediário
0.26012,0.26166,2001-10-08 14:30:00.0,Intermediário
0.26057,0.26202,2001-10-08 15:00:00.0,Intermediário
0.26118,0.26263,2001-10-08 15:30:00.0,Intermediário
0.26137,0.26273,2001-10-08 16:12:00.0,Intermediário
0.26132,0.26268,2001-10-08 16:33:00.0,Fechamento Interbancário
0.26302,0.26348,2001-10-08 17:46:00.0,Fechamento
0.2614,0.26352,2001-10-09 09:44:00.0,Abertura
0.26208,0.26374,2001-10-09 10:06:00.0,Intermediário
0.26349,0.26496,2001-10-09 10:48:00.0,Intermediário
0.26367,0.26504,2001-10-09 11:17:00.0,Intermediário
0.26387,0.26525,2001-10-09 11:44:00.0,Intermediário
0.26359,0.26496,2001-10-09 12:06:00.0,Intermediário
0.26389,0.26526,2001-10-09 12:36:00.0,Intermediário
0.2628,0.26417,2001-10-09 13:05:00.0,Intermediário
0.26248,0.26385,2001-10-09 13:34:00.0,Intermediário
0.2626,0.26397,2001-10-09 14:03:00.0,Intermediário
0.26276,0.26413,2001-10-09 14:32:00.0,Intermediário
0.26307,0.26444,2001-10-09 15:03:00.0,Intermediário
0.26294,0.26431,2001-10-09 15:35:00.0,Intermediário
0.26276,0.26412,2001-10-09 16:04:00.0,Intermediário
0.26306,0.26443,2001-10-09 16:33:00.0,Fechamento Interbancário
0.26343,0.26389,2001-10-09 17:10:00.0,Fechamento
0.26244,0.26456,2001-10-10 09:46:00.0,Abertura
0.26336,0.26473,2001-10-10 10:00:00.0,Intermediário
0.26345,0.26482,2001-10-10 10:30:00.0,Intermediário
0.26339,0.26476,2001-10-10 11:00:00.0,Intermediário
0.26307,0.26444,2001-10-10 11:30:00.0,Intermediário
0.26193,0.26319,2001-10-10 12:00:00.0,Intermediário
0.26093,0.26238,2001-10-10 12:30:00.0,Intermediário
0.26079,0.26225,2001-10-10 13:00:00.0,Intermediário
0.26127,0.26263,2001-10-10 13:30:00.0,Intermediário
0.26125,0.26262,2001-10-10 14:00:00.0,Intermediário
0.26125,0.26262,2001-10-10 14:30:00.0,Intermediário
0.26084,0.2622,2001-10-10 15:00:00.0,Intermediário
0.26031,0.26195,2001-10-10 15:45:00.0,Intermediário
0.26081,0.26217,2001-10-10 16:02:00.0,Intermediário
0.2609,0.26226,2001-10-10 16:32:00.0,Fechamento Interbancário
0.26184,0.2623,2001-10-10 17:53:00.0,Fechamento
0.26008,0.26219,2001-10-11 09:43:00.0,Abertura
0.2612,0.26256,2001-10-11 10:00:00.0,Intermediário
0.26247,0.26383,2001-10-11 10:30:00.0,Intermediário
0.26225,0.26352,2001-10-11 11:00:00.0,Intermediário
0.26309,0.26446,2001-10-11 11:30:00.0,Intermediário
0.26284,0.26421,2001-10-11 12:00:00.0,Intermediário
0.26236,0.26363,2001-10-11 12:30:00.0,Intermediário
0.26286,0.26423,2001-10-11 13:00:00.0,Intermediário
0.26291,0.26418,2001-10-11 13:30:00.0,Intermediário
0.26297,0.26424,2001-10-11 14:00:00.0,Intermediário
0.26306,0.26433,2001-10-11 14:30:00.0,Intermediário
0.26318,0.26465,2001-10-11 15:00:00.0,Intermediário
0.26377,0.26515,2001-10-11 15:30:00.0,Intermediário
0.26363,0.2651,2001-10-11 16:00:00.0,Intermediário
0.26395,0.26532,2001-10-11 16:30:00.0,Fechamento Interbancário
0.26402,0.26449,2001-10-11 17:36:00.0,Fechamento
0.26521,0.26735,2001-10-15 09:57:00.0,Abertura
0.26573,0.26731,2001-10-15 10:00:00.0,Intermediário
0.26568,0.26725,2001-10-15 10:00:00.0,Intermediário
0.26487,0.26625,2001-10-15 10:35:00.0,Intermediário
0.26427,0.26555,2001-10-15 11:00:00.0,Intermediário
0.26518,0.26647,2001-10-15 11:30:00.0,Intermediário
0.26526,0.26664,2001-10-15 12:00:00.0,Intermediário
0.26492,0.26629,2001-10-15 12:05:00.0,Intermediário
0.26505,0.26643,2001-10-15 12:30:00.0,Intermediário
0.2647,0.26608,2001-10-15 13:00:00.0,Intermediário
0.2652,0.26649,2001-10-15 13:30:00.0,Intermediário
0.26505,0.26633,2001-10-15 14:00:00.0,Intermediário
0.26487,0.26615,2001-10-15 14:30:00.0,Intermediário
0.2655,0.26688,2001-10-15 15:00:00.0,Intermediário
0.26524,0.26663,2001-10-15 15:30:00.0,Intermediário
0.26444,0.26592,2001-10-15 16:00:00.0,Intermediário
0.26475,0.26613,2001-10-15 16:30:00.0,Fechamento Interbancário
0.26589,0.26636,2001-10-15 17:49:00.0,Fechamento
0.26064,0.26276,2001-10-16 09:32:00.0,Abertura
0.26172,0.26299,2001-10-16 10:00:00.0,Intermediário
0.26242,0.26379,2001-10-16 10:30:00.0,Intermediário
0.26157,0.26293,2001-10-16 11:00:00.0,Intermediário
0.26273,0.264,2001-10-16 11:30:00.0,Intermediário
0.26241,0.26377,2001-10-16 12:07:00.0,Intermediário
0.26348,0.26476,2001-10-16 12:30:00.0,Intermediário
0.2639,0.26518,2001-10-16 13:00:00.0,Intermediário
0.26378,0.26515,2001-10-16 13:30:00.0,Intermediário
0.26406,0.26544,2001-10-16 14:00:00.0,Intermediário
0.26392,0.2653,2001-10-16 14:30:00.0,Intermediário
0.26204,0.26341,2001-10-16 15:00:00.0,Intermediário
0.26148,0.26285,2001-10-16 15:30:00.0,Intermediário
0.25917,0.26053,2001-10-16 16:00:00.0,Intermediário
0.2587,0.26034,2001-10-16 16:30:00.0,Fechamento Interbancário
0.26297,0.26343,2001-10-16 17:36:00.0,Fechamento
0.25717,0.25928,2001-10-17 09:38:00.0,Abertura
0.25825,0.2597,2001-10-17 10:00:00.0,Intermediário
0.26017,0.26144,2001-10-17 10:30:00.0,Intermediário
0.26029,0.26166,2001-10-17 11:00:00.0,Intermediário
0.26075,0.26212,2001-10-17 11:30:00.0,Intermediário
0.26009,0.26154,2001-10-17 12:00:00.0,Intermediário
0.26085,0.26222,2001-10-17 12:30:00.0,Intermediário
0.2605,0.26186,2001-10-17 13:00:00.0,Intermediário
0.26082,0.26218,2001-10-17 13:30:00.0,Intermediário
0.26088,0.26224,2001-10-17 14:00:00.0,Intermediário
0.26003,0.26139,2001-10-17 14:30:00.0,Intermediário
0.26046,0.26182,2001-10-17 15:00:00.0,Intermediário
0.25986,0.26132,2001-10-17 15:30:00.0,Intermediário
0.25991,0.26118,2001-10-17 16:00:00.0,Intermediário
0.25951,0.26087,2001-10-17 16:30:00.0,Fechamento Interbancário
0.25955,0.26001,2001-10-17 17:45:00.0,Fechamento
0.25937,0.26148,2001-10-18 09:37:00.0,Abertura
0.26037,0.26173,2001-10-18 10:00:00.0,Intermediário
0.25979,0.26105,2001-10-18 10:30:00.0,Intermediário
0.25962,0.26097,2001-10-18 11:00:00.0,Intermediário
0.26011,0.26147,2001-10-18 11:30:00.0,Intermediário
0.2608,0.26207,2001-10-18 12:00:00.0,Intermediário
0.26087,0.26213,2001-10-18 12:30:00.0,Intermediário
0.26164,0.263,2001-10-18 13:00:00.0,Intermediário
0.26172,0.26308,2001-10-18 13:30:00.0,Intermediário
0.26212,0.26348,2001-10-18 14:00:00.0,Intermediário
0.26139,0.26276,2001-10-18 14:30:00.0,Intermediário
0.26168,0.26305,2001-10-18 15:00:00.0,Intermediário
0.26226,0.26353,2001-10-18 15:30:00.0,Intermediário
0.26278,0.26415,2001-10-18 16:00:00.0,Intermediário
0.26287,0.26424,2001-10-18 16:30:00.0,Fechamento Interbancário
0.26135,0.26181,2001-10-18 17:55:00.0,Fechamento
0.26188,0.26401,2001-10-19 09:47:00.0,Abertura
0.26255,0.26401,2001-10-19 10:00:00.0,Intermediário
0.26221,0.26357,2001-10-19 10:30:00.0,Intermediário
0.2619,0.26327,2001-10-19 11:00:00.0,Intermediário
0.2618,0.26316,2001-10-19 11:30:00.0,Intermediário
0.26162,0.26299,2001-10-19 12:00:00.0,Intermediário
0.26165,0.26311,2001-10-19 12:30:00.0,Intermediário
0.26153,0.26289,2001-10-19 13:00:00.0,Intermediário
0.26172,0.26308,2001-10-19 13:30:00.0,Intermediário
0.26139,0.26276,2001-10-19 14:00:00.0,Intermediário
0.26164,0.263,2001-10-19 14:30:00.0,Intermediário
0.25903,0.26077,2001-10-19 15:00:00.0,Intermediário
0.25932,0.26087,2001-10-19 15:30:00.0,Intermediário
0.25895,0.26031,2001-10-19 16:00:00.0,Intermediário
0.25874,0.26028,2001-10-19 16:30:00.0,Fechamento Interbancário
0.2615,0.26197,2001-10-19 17:40:00.0,Fechamento
0.25661,0.25871,2001-10-22 09:42:00.0,Abertura
0.25699,0.25843,2001-10-22 10:00:00.0,Intermediário
0.25558,0.25691,2001-10-22 10:30:00.0,Intermediário
0.25418,0.25551,2001-10-22 11:00:00.0,Intermediário
0.25495,0.25619,2001-10-22 11:30:00.0,Intermediário
0.25507,0.2564,2001-10-22 12:00:00.0,Intermediário
0.25469,0.25611,2001-10-22 12:30:00.0,Intermediário
0.25405,0.25538,2001-10-22 13:00:00.0,Intermediário
0.25413,0.25545,2001-10-22 13:30:00.0,Intermediário
0.2537,0.25502,2001-10-22 14:00:00.0,Intermediário
0.25363,0.25496,2001-10-22 14:30:00.0,Intermediário
0.25328,0.25479,2001-10-22 15:00:00.0,Intermediário
0.25397,0.25539,2001-10-22 15:30:00.0,Intermediário
0.25416,0.25568,2001-10-22 16:00:00.0,Intermediário
0.25429,0.25562,2001-10-22 16:30:00.0,Fechamento Interbancário
0.25409,0.25453,2001-10-22 17:39:00.0,Fechamento
0.25226,0.25433,2001-10-23 09:30:00.0,Abertura
0.25337,0.2546,2001-10-23 10:00:00.0,Intermediário
0.25241,0.25373,2001-10-23 10:30:00.0,Intermediário
0.25225,0.25348,2001-10-23 11:00:00.0,Intermediário
0.25309,0.25441,2001-10-23 11:30:00.0,Intermediário
0.25412,0.25544,2001-10-23 12:00:00.0,Intermediário
0.25376,0.25499,2001-10-23 12:30:00.0,Intermediário
0.2545,0.25583,2001-10-23 13:00:00.0,Intermediário
0.25466,0.25599,2001-10-23 13:30:00.0,Intermediário
0.255,0.25633,2001-10-23 14:00:00.0,Intermediário
0.25484,0.25617,2001-10-23 14:30:00.0,Intermediário
0.25551,0.25684,2001-10-23 15:00:00.0,Intermediário
0.25578,0.25712,2001-10-23 15:30:00.0,Intermediário
0.25573,0.25706,2001-10-23 16:06:00.0,Intermediário
0.25582,0.25716,2001-10-23 16:30:00.0,Fechamento Interbancário
0.25493,0.25537,2001-10-23 17:23:00.0,Fechamento
0.2558,0.25789,2001-10-24 09:37:00.0,Abertura
0.25585,0.25718,2001-10-24 10:00:00.0,Intermediário
0.25611,0.25745,2001-10-24 10:30:00.0,Intermediário
0.25782,0.25926,2001-10-24 11:00:00.0,Intermediário
0.25795,0.25929,2001-10-24 11:30:00.0,Intermediário
0.2574,0.25884,2001-10-24 12:00:00.0,Intermediário
0.25719,0.25853,2001-10-24 12:30:00.0,Intermediário
0.25775,0.25909,2001-10-24 13:00:00.0,Intermediário
0.25807,0.25942,2001-10-24 13:30:00.0,Intermediário
0.25791,0.25925,2001-10-24 14:00:00.0,Intermediário
0.25797,0.25931,2001-10-24 14:30:00.0,Intermediário
0.25829,0.25964,2001-10-24 15:00:00.0,Intermediário
0.25837,0.25981,2001-10-24 15:30:00.0,Intermediário
0.25992,0.26118,2001-10-24 16:00:00.0,Intermediário
0.26009,0.26135,2001-10-24 16:30:00.0,Fechamento Interbancário
0.25843,0.25889,2001-10-24 17:50:00.0,Fechamento
0.26033,0.26244,2001-10-25 09:41:00.0,Abertura
0.25827,0.25962,2001-10-25 10:00:00.0,Intermediário
0.25755,0.25889,2001-10-25 10:30:00.0,Intermediário
0.259,0.26044,2001-10-25 11:00:00.0,Intermediário
0.25883,0.26018,2001-10-25 11:30:00.0,Intermediário
0.25929,0.26065,2001-10-25 12:00:00.0,Intermediário
0.25989,0.26124,2001-10-25 12:30:00.0,Intermediário
0.25951,0.26077,2001-10-25 13:00:00.0,Intermediário
0.25966,0.26102,2001-10-25 13:30:00.0,Intermediário
0.25922,0.26057,2001-10-25 14:00:00.0,Intermediário
0.2588,0.26015,2001-10-25 14:30:00.0,Intermediário
0.25768,0.25912,2001-10-25 15:00:00.0,Intermediário
0.25683,0.25826,2001-10-25 15:30:00.0,Intermediário
0.25596,0.2573,2001-10-25 16:00:00.0,Intermediário
0.25572,0.25706,2001-10-25 16:30:00.0,Fechamento Interbancário
0.25842,0.25888,2001-10-25 17:53:00.0,Fechamento
0.25759,0.25922,2001-10-26 09:45:00.0,Abertura
0.25807,0.25942,2001-10-26 10:00:00.0,Intermediário
0.25716,0.25859,2001-10-26 10:30:00.0,Intermediário
0.25674,0.25809,2001-10-26 11:00:00.0,Intermediário
0.25709,0.25853,2001-10-26 11:30:00.0,Intermediário
0.25736,0.2587,2001-10-26 12:00:00.0,Intermediário
0.25666,0.2579,2001-10-26 12:30:00.0,Intermediário
0.2568,0.25814,2001-10-26 13:00:00.0,Intermediário
0.25704,0.25829,2001-10-26 13:30:00.0,Intermediário
0.25745,0.2587,2001-10-26 14:00:00.0,Intermediário
0.25673,0.25798,2001-10-26 14:30:00.0,Intermediário
0.25718,0.25852,2001-10-26 15:00:00.0,Intermediário
0.25665,0.25809,2001-10-26 15:30:00.0,Intermediário
0.25627,0.25752,2001-10-26 16:00:00.0,Intermediário
0.25626,0.2576,2001-10-26 16:30:00.0,Fechamento Interbancário
0.25719,0.25765,2001-10-26 17:49:00.0,Fechamento
0.25905,0.26117,2001-10-29 09:42:00.0,Abertura
0.25958,0.26123,2001-10-29 10:00:00.0,Intermediário
0.25898,0.26033,2001-10-29 10:30:00.0,Intermediário
0.25785,0.25929,2001-10-29 11:00:00.0,Intermediário
0.25841,0.25995,2001-10-29 11:30:00.0,Intermediário
0.25838,0.25963,2001-10-29 12:00:00.0,Intermediário
0.25868,0.26004,2001-10-29 12:30:00.0,Intermediário
0.25839,0.25975,2001-10-29 13:00:00.0,Intermediário
0.25816,0.25951,2001-10-29 13:30:00.0,Intermediário
0.25802,0.25937,2001-10-29 14:00:00.0,Intermediário
0.25775,0.2591,2001-10-29 14:30:00.0,Intermediário
0.25731,0.25865,2001-10-29 15:00:00.0,Intermediário
0.25868,0.26022,2001-10-29 15:30:00.0,Intermediário
0.25836,0.25961,2001-10-29 16:00:00.0,Intermediário
0.25809,0.25944,2001-10-29 16:30:00.0,Fechamento Interbancário
0.25842,0.25888,2001-10-29 17:45:00.0,Fechamento
0.25689,0.25899,2001-10-30 09:43:00.0,Abertura
0.25821,0.25965,2001-10-30 10:00:00.0,Intermediário
0.25753,0.25887,2001-10-30 10:30:00.0,Intermediário
0.25745,0.25879,2001-10-30 11:00:00.0,Intermediário
0.25684,0.25827,2001-10-30 11:30:00.0,Intermediário
0.25668,0.25802,2001-10-30 12:00:00.0,Intermediário
0.25587,0.25721,2001-10-30 12:30:00.0,Intermediário
0.25681,0.25815,2001-10-30 13:00:00.0,Intermediário
0.25699,0.25833,2001-10-30 13:30:00.0,Intermediário
0.25644,0.25778,2001-10-30 14:00:00.0,Intermediário
0.25585,0.25719,2001-10-30 14:30:00.0,Intermediário
0.25551,0.25694,2001-10-30 15:00:00.0,Intermediário
0.25561,0.25685,2001-10-30 15:30:00.0,Intermediário
0.25582,0.25715,2001-10-30 16:00:00.0,Intermediário
0.25551,0.25684,2001-10-30 16:30:00.0,Fechamento Interbancário
0.25653,0.25698,2001-10-30 17:36:00.0,Fechamento
0.2557,0.25779,2001-10-31 09:40:00.0,Abertura
0.25606,0.2574,2001-10-31 10:00:00.0,Intermediário
0.25498,0.2564,2001-10-31 10:30:00.0,Intermediário
0.25464,0.25597,2001-10-31 11:00:00.0,Intermediário
0.25433,0.25566,2001-10-31 11:30:00.0,Intermediário
0.25409,0.25551,2001-10-31 12:00:00.0,Intermediário
0.25402,0.25525,2001-10-31 12:30:00.0,Intermediário
0.25158,0.25309,2001-10-31 13:00:00.0,Intermediário
0.25177,0.25309,2001-10-31 13:30:00.0,Intermediário
0.25152,0.25283,2001-10-31 14:00:00.0,Intermediário
0.2514,0.25271,2001-10-31 14:30:00.0,Intermediário
0.25259,0.25391,2001-10-31 15:11:00.0,Intermediário
0.25213,0.25364,2001-10-31 15:30:00.0,Intermediário
0.25261,0.25383,2001-10-31 16:00:00.0,Intermediário
0.25204,0.25354,2001-10-31 16:30:00.0,Fechamento Interbancário
0.25361,0.25405,2001-10-31 17:47:00.0,Fechamento
0.25389,0.25598,2001-11-01 09:43:00.0,Abertura
0.25488,0.25631,2001-11-01 10:00:00.0,Intermediário
0.25428,0.25561,2001-11-01 10:30:00.0,Intermediário
0.25387,0.25521,2001-11-01 11:00:00.0,Intermediário
0.25331,0.25463,2001-11-01 11:30:00.0,Intermediário
0.25378,0.2551,2001-11-01 12:00:00.0,Intermediário
0.25362,0.25485,2001-11-01 12:30:00.0,Intermediário
0.25441,0.25594,2001-11-01 13:00:00.0,Intermediário
0.25507,0.2565,2001-11-01 13:30:00.0,Intermediário
0.25353,0.25495,2001-11-01 14:05:00.0,Intermediário
0.25361,0.25503,2001-11-01 14:30:00.0,Intermediário
0.25278,0.25429,2001-11-01 15:00:00.0,Intermediário
0.25304,0.25465,2001-11-01 15:30:00.0,Intermediário
0.25173,0.25381,2001-11-01 16:00:00.0,Intermediário
0.25177,0.25309,2001-11-01 16:30:00.0,Fechamento Interbancário
0.2535,0.25395,2001-11-01 17:13:00.0,Fechamento
0.24793,0.24998,2001-11-05 09:53:00.0,Abertura
0.24773,0.24902,2001-11-05 10:00:00.0,Intermediário
0.24769,0.24908,2001-11-05 10:30:00.0,Intermediário
0.24824,0.24954,2001-11-05 11:00:00.0,Intermediário
0.24822,0.24953,2001-11-05 11:30:00.0,Intermediário
0.2478,0.2491,2001-11-05 12:00:00.0,Intermediário
0.24595,0.24724,2001-11-05 12:30:00.0,Intermediário
0.24616,0.24764,2001-11-05 13:00:00.0,Intermediário
0.2462,0.24768,2001-11-05 13:30:00.0,Intermediário
0.24621,0.2477,2001-11-05 14:00:00.0,Intermediário
0.24618,0.24766,2001-11-05 14:30:00.0,Intermediário
0.24399,0.24546,2001-11-05 15:00:00.0,Intermediário
0.24433,0.24571,2001-11-05 15:30:00.0,Intermediário
0.24455,0.24593,2001-11-05 16:00:00.0,Intermediário
0.24479,0.24627,2001-11-05 16:30:00.0,Fechamento Interbancário
0.24704,0.24748,2001-11-05 17:52:00.0,Fechamento
0.24462,0.24666,2001-11-06 09:46:00.0,Abertura
0.2448,0.24609,2001-11-06 10:00:00.0,Intermediário
0.24662,0.24801,2001-11-06 10:30:00.0,Intermediário
0.24505,0.24653,2001-11-06 11:00:00.0,Intermediário
0.24506,0.24625,2001-11-06 11:30:00.0,Intermediário
0.24531,0.2466,2001-11-06 12:00:00.0,Intermediário
0.24513,0.24652,2001-11-06 12:30:00.0,Intermediário
0.24559,0.24678,2001-11-06 13:00:00.0,Intermediário
0.24559,0.24679,2001-11-06 13:30:00.0,Intermediário
0.24574,0.24694,2001-11-06 14:00:00.0,Intermediário
0.24602,0.24722,2001-11-06 14:30:00.0,Intermediário
0.24509,0.24657,2001-11-06 15:00:00.0,Intermediário
0.24528,0.24657,2001-11-06 15:30:00.0,Intermediário
0.24597,0.24735,2001-11-06 16:00:00.0,Intermediário
0.24613,0.24751,2001-11-06 16:30:00.0,Fechamento Interbancário
0.2461,0.24654,2001-11-06 17:26:00.0,Fechamento
0.24916,0.25123,2001-11-07 09:36:00.0,Abertura
0.24774,0.24923,2001-11-07 10:00:00.0,Intermediário
0.24882,0.25003,2001-11-07 10:30:00.0,Intermediário
0.24822,0.24961,2001-11-07 11:00:00.0,Intermediário
0.24836,0.24966,2001-11-07 11:30:00.0,Intermediário
0.24742,0.24872,2001-11-07 12:00:00.0,Intermediário
0.2478,0.24901,2001-11-07 12:30:00.0,Intermediário
0.24751,0.24882,2001-11-07 13:00:00.0,Intermediário
0.24717,0.24847,2001-11-07 13:30:00.0,Intermediário
0.24761,0.24891,2001-11-07 14:00:00.0,Intermediário
0.24769,0.24899,2001-11-07 14:30:00.0,Intermediário
0.2476,0.249,2001-11-07 15:00:00.0,Intermediário
0.24551,0.2469,2001-11-07 15:30:00.0,Intermediário
0.24291,0.24448,2001-11-07 16:00:00.0,Intermediário
0.2426,0.24388,2001-11-07 16:30:00.0,Fechamento Interbancário
0.24743,0.24787,2001-11-07 17:23:00.0,Fechamento
0.24315,0.24903,2001-11-08 09:44:00.0,Abertura
0.24315,0.24519,2001-11-08 10:01:00.0,Intermediário
0.24324,0.24472,2001-11-08 10:03:00.0,Intermediário
0.2448,0.24619,2001-11-08 10:30:00.0,Intermediário
0.24461,0.2459,2001-11-08 11:00:00.0,Intermediário
0.24433,0.24571,2001-11-08 11:30:00.0,Intermediário
0.24463,0.24582,2001-11-08 12:00:00.0,Intermediário
0.24365,0.24503,2001-11-08 12:30:00.0,Intermediário
0.24292,0.24411,2001-11-08 13:00:00.0,Intermediário
0.2417,0.24307,2001-11-08 13:30:00.0,Intermediário
0.24151,0.24288,2001-11-08 14:00:00.0,Intermediário
0.24151,0.24288,2001-11-08 14:30:00.0,Intermediário
0.24198,0.24326,2001-11-08 15:05:00.0,Intermediário
0.24185,0.24332,2001-11-08 15:30:00.0,Intermediário
0.23977,0.24104,2001-11-08 16:00:00.0,Intermediário
0.24012,0.24139,2001-11-08 16:30:00.0,Fechamento Interbancário
0.24277,0.2432,2001-11-08 17:47:00.0,Fechamento
0.23964,0.24166,2001-11-09 09:51:00.0,Abertura
0.23963,0.24108,2001-11-09 10:00:00.0,Intermediário
0.23893,0.24009,2001-11-09 10:30:00.0,Intermediário
0.2395,0.24076,2001-11-09 11:00:00.0,Intermediário
0.23992,0.24119,2001-11-09 11:30:00.0,Intermediário
0.23996,0.24122,2001-11-09 12:00:00.0,Intermediário
0.24015,0.24161,2001-11-09 12:30:00.0,Intermediário
0.23959,0.24086,2001-11-09 13:00:00.0,Intermediário
0.23968,0.24095,2001-11-09 13:30:00.0,Intermediário
0.23961,0.24087,2001-11-09 14:00:00.0,Intermediário
0.23976,0.24102,2001-11-09 14:30:00.0,Intermediário
0.23857,0.23993,2001-11-09 15:00:00.0,Intermediário
0.23931,0.24057,2001-11-09 15:30:00.0,Intermediário
0.23999,0.24145,2001-11-09 16:00:00.0,Intermediário
0.24005,0.24142,2001-11-09 16:30:00.0,Fechamento Interbancário
0.24036,0.24079,2001-11-09 17:24:00.0,Fechamento
0.24003,0.24206,2001-11-12 09:54:00.0,Abertura
0.24031,0.24186,2001-11-12 10:00:00.0,Intermediário
0.24126,0.24253,2001-11-12 10:30:00.0,Intermediário
0.24024,0.2416,2001-11-12 11:00:00.0,Intermediário
0.23993,0.2412,2001-11-12 11:30:00.0,Intermediário
0.24017,0.24153,2001-11-12 12:00:00.0,Intermediário
0.24146,0.24274,2001-11-12 12:30:00.0,Intermediário
0.24368,0.24564,2001-11-12 13:10:00.0,Intermediário
0.24255,0.2445,2001-11-12 13:39:00.0,Intermediário
0.24249,0.24443,2001-11-12 14:00:00.0,Intermediário
0.24268,0.24463,2001-11-12 14:30:00.0,Intermediário
0.2424,0.24368,2001-11-12 15:00:00.0,Intermediário
0.24188,0.24315,2001-11-12 15:30:00.0,Intermediário
0.24129,0.24257,2001-11-12 16:00:00.0,Intermediário
0.24121,0.24248,2001-11-12 16:30:00.0,Fechamento Interbancário
0.24167,0.2421,2001-11-12 17:27:00.0,Fechamento
0.23949,0.24151,2001-11-13 09:34:00.0,Abertura
0.23791,0.23936,2001-11-13 10:00:00.0,Intermediário
0.23861,0.23987,2001-11-13 10:30:00.0,Intermediário
0.23884,0.24001,2001-11-13 11:00:00.0,Intermediário
0.23815,0.23941,2001-11-13 11:30:00.0,Intermediário
0.23777,0.23893,2001-11-13 12:02:00.0,Intermediário
0.23819,0.23945,2001-11-13 12:30:00.0,Intermediário
0.23797,0.23922,2001-11-13 13:00:00.0,Intermediário
0.23798,0.23924,2001-11-13 13:30:00.0,Intermediário
0.23783,0.23909,2001-11-13 14:00:00.0,Intermediário
0.23764,0.2389,2001-11-13 14:30:00.0,Intermediário
0.2361,0.23744,2001-11-13 15:00:00.0,Intermediário
0.23673,0.23798,2001-11-13 15:38:00.0,Intermediário
0.23705,0.2382,2001-11-13 16:00:00.0,Intermediário
0.23673,0.23797,2001-11-13 16:39:00.0,Fechamento Interbancário
0.2377,0.23812,2001-11-13 17:23:00.0,Fechamento
0.23649,0.23849,2001-11-14 09:34:00.0,Abertura
0.23802,0.23937,2001-11-14 10:03:00.0,Intermediário
0.23802,0.23937,2001-11-14 10:03:00.0,Intermediário
0.23845,0.23961,2001-11-14 10:30:00.0,Intermediário
0.23808,0.23934,2001-11-14 11:00:00.0,Intermediário
0.23777,0.23902,2001-11-14 11:30:00.0,Intermediário
0.23766,0.23891,2001-11-14 12:00:00.0,Intermediário
0.23821,0.23946,2001-11-14 12:30:00.0,Intermediário
0.2383,0.23975,2001-11-14 13:00:00.0,Intermediário
0.23851,0.23996,2001-11-14 13:30:00.0,Intermediário
0.23855,0.24,2001-11-14 14:00:00.0,Intermediário
0.2384,0.23984,2001-11-14 14:30:00.0,Intermediário
0.2388,0.24006,2001-11-14 15:00:00.0,Intermediário
0.23899,0.24034,2001-11-14 15:30:00.0,Intermediário
0.23987,0.24132,2001-11-14 16:00:00.0,Intermediário
0.23985,0.24112,2001-11-14 16:30:00.0,Fechamento Interbancário
0.23879,0.23921,2001-11-14 18:05:00.0,Fechamento
0.23954,0.24156,2001-11-16 09:47:00.0,Abertura
0.23984,0.24111,2001-11-16 10:10:00.0,Intermediário
0.23885,0.24039,2001-11-16 10:30:00.0,Intermediário
0.23935,0.24061,2001-11-16 11:00:00.0,Intermediário
0.2392,0.24056,2001-11-16 11:30:00.0,Intermediário
0.23957,0.24093,2001-11-16 12:00:00.0,Intermediário
0.2389,0.24034,2001-11-16 12:30:00.0,Intermediário
0.23911,0.24046,2001-11-16 13:00:00.0,Intermediário
0.23947,0.24064,2001-11-16 13:30:00.0,Intermediário
0.23956,0.24073,2001-11-16 14:00:00.0,Intermediário
0.23946,0.24062,2001-11-16 14:30:00.0,Intermediário
0.23855,0.2399,2001-11-16 15:00:00.0,Intermediário
0.23784,0.23909,2001-11-16 15:30:00.0,Intermediário
0.23763,0.23888,2001-11-16 16:00:00.0,Intermediário
0.23761,0.23887,2001-11-16 16:30:00.0,Fechamento Interbancário
0.23881,0.23924,2001-11-16 17:17:00.0,Fechamento
0.23526,0.23725,2001-11-19 09:40:00.0,Abertura
0.23486,0.2361,2001-11-19 10:11:00.0,Intermediário
0.23553,0.23677,2001-11-19 10:30:00.0,Intermediário
0.23543,0.23658,2001-11-19 11:00:00.0,Intermediário
0.23557,0.23681,2001-11-19 11:30:00.0,Intermediário
0.23506,0.2363,2001-11-19 12:00:00.0,Intermediário
0.23532,0.23656,2001-11-19 12:30:00.0,Intermediário
0.23548,0.23672,2001-11-19 13:00:00.0,Intermediário
0.23529,0.23653,2001-11-19 13:30:00.0,Intermediário
0.23506,0.2363,2001-11-19 14:00:00.0,Intermediário
0.23496,0.2362,2001-11-19 14:30:00.0,Intermediário
0.23493,0.23626,2001-11-19 15:00:00.0,Intermediário
0.23575,0.23699,2001-11-19 15:30:00.0,Intermediário
0.2365,0.23775,2001-11-19 16:00:00.0,Intermediário
0.23637,0.23762,2001-11-19 16:30:00.0,Fechamento Interbancário
0.2362,0.23662,2001-11-19 17:38:00.0,Fechamento
0.23679,0.23879,2001-11-20 09:49:00.0,Abertura
0.2376,0.23914,2001-11-20 10:06:00.0,Intermediário
0.23804,0.2392,2001-11-20 10:30:00.0,Intermediário
0.23801,0.23936,2001-11-20 11:09:00.0,Intermediário
0.23825,0.2395,2001-11-20 11:30:00.0,Intermediário
0.23782,0.23907,2001-11-20 12:00:00.0,Intermediário
0.23756,0.23881,2001-11-20 12:30:00.0,Intermediário
0.23788,0.23913,2001-11-20 13:00:00.0,Intermediário
0.2377,0.23895,2001-11-20 13:30:00.0,Intermediário
0.2376,0.23885,2001-11-20 14:00:00.0,Intermediário
0.23787,0.23913,2001-11-20 14:30:00.0,Intermediário
0.23827,0.23952,2001-11-20 15:00:00.0,Intermediário
0.23844,0.23979,2001-11-20 15:30:00.0,Intermediário
0.23886,0.2404,2001-11-20 16:00:00.0,Intermediário
0.23871,0.24025,2001-11-20 16:30:00.0,Fechamento Interbancário
0.23749,0.23791,2001-11-20 17:21:00.0,Fechamento
0.23793,0.23993,2001-11-21 09:57:00.0,Abertura
0.23769,0.23894,2001-11-21 10:09:00.0,Intermediário
0.23774,0.23899,2001-11-21 10:30:00.0,Intermediário
0.237,0.23834,2001-11-21 11:00:00.0,Intermediário
0.2372,0.23845,2001-11-21 11:30:00.0,Intermediário
0.23636,0.2377,2001-11-21 12:00:00.0,Intermediário
0.23644,0.23769,2001-11-21 12:30:00.0,Intermediário
0.23625,0.23749,2001-11-21 13:00:00.0,Intermediário
0.23571,0.23704,2001-11-21 13:30:00.0,Intermediário
0.23561,0.23694,2001-11-21 14:00:00.0,Intermediário
0.23565,0.23698,2001-11-21 14:30:00.0,Intermediário
0.23642,0.23767,2001-11-21 15:00:00.0,Intermediário
0.23647,0.23763,2001-11-21 15:30:00.0,Intermediário
0.23715,0.23831,2001-11-21 16:00:00.0,Intermediário
0.23717,0.23833,2001-11-21 16:30:00.0,Fechamento Interbancário
0.23725,0.23768,2001-11-21 17:18:00.0,Fechamento
0.23631,0.23831,2001-11-22 09:56:00.0,Abertura
0.2363,0.23764,2001-11-22 10:08:00.0,Intermediário
0.23684,0.23809,2001-11-22 10:30:00.0,Intermediário
0.23718,0.23843,2001-11-22 11:00:00.0,Intermediário
0.23683,0.23808,2001-11-22 11:30:00.0,Intermediário
0.23667,0.23792,2001-11-22 12:00:00.0,Intermediário
0.23713,0.23838,2001-11-22 12:30:00.0,Intermediário
0.23725,0.2385,2001-11-22 13:00:00.0,Intermediário
0.23732,0.23857,2001-11-22 13:30:00.0,Intermediário
0.23747,0.23872,2001-11-22 14:00:00.0,Intermediário
0.23736,0.23861,2001-11-22 14:30:00.0,Intermediário
0.23746,0.23862,2001-11-22 15:00:00.0,Intermediário
0.23746,0.23872,2001-11-22 15:30:00.0,Intermediário
0.23724,0.2384,2001-11-22 16:00:00.0,Intermediário
0.23658,0.23783,2001-11-22 16:30:00.0,Fechamento Interbancário
0.23723,0.23765,2001-11-22 17:31:00.0,Fechamento
0.23643,0.23843,2001-11-23 09:44:00.0,Abertura
0.23578,0.23712,2001-11-23 10:03:00.0,Intermediário
0.23617,0.23732,2001-11-23 10:30:00.0,Intermediário
0.23505,0.23629,2001-11-23 11:00:00.0,Intermediário
0.23603,0.23728,2001-11-23 11:30:00.0,Intermediário
0.23569,0.23694,2001-11-23 12:00:00.0,Intermediário
0.23573,0.23698,2001-11-23 12:30:00.0,Intermediário
0.23514,0.23638,2001-11-23 13:00:00.0,Intermediário
0.23517,0.2365,2001-11-23 13:30:00.0,Intermediário
0.23456,0.23589,2001-11-23 14:00:00.0,Intermediário
0.23418,0.23551,2001-11-23 14:30:00.0,Intermediário
0.23462,0.23595,2001-11-23 15:00:00.0,Intermediário
0.2346,0.23584,2001-11-23 15:30:00.0,Intermediário
0.23455,0.2357,2001-11-23 16:00:00.0,Intermediário
0.23439,0.23563,2001-11-23 16:30:00.0,Fechamento Interbancário
0.2357,0.23612,2001-11-23 17:12:00.0,Fechamento
0.23335,0.23534,2001-11-26 09:51:00.0,Abertura
0.23375,0.23499,2001-11-26 10:00:00.0,Intermediário
0.23458,0.23582,2001-11-26 10:30:00.0,Intermediário
0.23448,0.23581,2001-11-26 11:00:00.0,Intermediário
0.23426,0.2355,2001-11-26 11:30:00.0,Intermediário
0.23397,0.2353,2001-11-26 12:00:00.0,Intermediário
0.23416,0.23531,2001-11-26 12:30:00.0,Intermediário
0.23392,0.23515,2001-11-26 13:00:00.0,Intermediário
0.23404,0.23519,2001-11-26 13:30:00.0,Intermediário
0.23362,0.23476,2001-11-26 14:00:00.0,Intermediário
0.23387,0.23501,2001-11-26 14:30:00.0,Intermediário
0.23397,0.2353,2001-11-26 15:00:00.0,Intermediário
0.23356,0.2348,2001-11-26 15:30:00.0,Intermediário
0.23248,0.23381,2001-11-26 16:00:00.0,Intermediário
0.2327,0.23393,2001-11-26 16:30:00.0,Fechamento Interbancário
0.23406,0.23448,2001-11-26 17:18:00.0,Fechamento
0.23035,0.23232,2001-11-27 09:46:00.0,Abertura
0.23091,0.23214,2001-11-27 10:00:00.0,Intermediário
0.22998,0.23111,2001-11-27 10:30:00.0,Intermediário
0.23054,0.23176,2001-11-27 11:00:00.0,Intermediário
0.23033,0.23164,2001-11-27 11:30:00.0,Intermediário
0.23039,0.23161,2001-11-27 12:00:00.0,Intermediário
0.23033,0.23146,2001-11-27 12:30:00.0,Intermediário
0.22991,0.23104,2001-11-27 13:00:00.0,Intermediário
0.2304,0.23162,2001-11-27 13:30:00.0,Intermediário
0.23028,0.2315,2001-11-27 14:00:00.0,Intermediário
0.23059,0.23182,2001-11-27 14:30:00.0,Intermediário
0.23154,0.23277,2001-11-27 15:00:00.0,Intermediário
0.2327,0.23393,2001-11-27 15:30:00.0,Intermediário
0.23176,0.23308,2001-11-27 16:00:00.0,Intermediário
0.23205,0.23327,2001-11-27 16:30:00.0,Fechamento Interbancário
0.23146,0.23188,2001-11-27 17:34:00.0,Fechamento
0.23232,0.2343,2001-11-28 09:46:00.0,Abertura
0.23294,0.23418,2001-11-28 10:00:00.0,Intermediário
0.23219,0.23361,2001-11-28 10:30:00.0,Intermediário
0.23262,0.23376,2001-11-28 11:00:00.0,Intermediário
0.23265,0.23388,2001-11-28 11:30:00.0,Intermediário
0.23275,0.23398,2001-11-28 12:00:00.0,Intermediário
0.23319,0.23443,2001-11-28 12:30:00.0,Intermediário
0.23266,0.23398,2001-11-28 13:00:00.0,Intermediário
0.23253,0.23376,2001-11-28 13:30:00.0,Intermediário
0.2327,0.23393,2001-11-28 14:00:00.0,Intermediário
0.23299,0.23422,2001-11-28 14:30:00.0,Intermediário
0.23243,0.23366,2001-11-28 15:00:00.0,Intermediário
0.23289,0.23403,2001-11-28 15:30:00.0,Intermediário
0.23272,0.23395,2001-11-28 16:00:00.0,Intermediário
0.2324,0.23362,2001-11-28 16:30:00.0,Fechamento Interbancário
0.23299,0.2334,2001-11-28 17:46:00.0,Fechamento
0.23403,0.23602,2001-11-29 09:43:00.0,Abertura
0.2347,0.23594,2001-11-29 10:00:00.0,Intermediário
0.23473,0.23607,2001-11-29 10:30:00.0,Intermediário
0.23452,0.23576,2001-11-29 11:00:00.0,Intermediário
0.23476,0.23591,2001-11-29 11:30:00.0,Intermediário
0.23463,0.23596,2001-11-29 12:00:00.0,Intermediário
0.23364,0.23516,2001-11-29 12:30:00.0,Intermediário
0.23336,0.23459,2001-11-29 13:00:00.0,Intermediário
0.23282,0.23405,2001-11-29 13:30:00.0,Intermediário
0.23234,0.23356,2001-11-29 14:00:00.0,Intermediário
0.23209,0.23332,2001-11-29 14:30:00.0,Intermediário
0.2342,0.23543,2001-11-29 15:00:00.0,Intermediário
0.23543,0.23677,2001-11-29 15:30:00.0,Intermediário
0.23703,0.23828,2001-11-29 16:00:00.0,Intermediário
0.23731,0.23856,2001-11-29 16:30:00.0,Fechamento Interbancário
0.23489,0.23531,2001-11-29 17:28:00.0,Fechamento
0.23662,0.23862,2001-11-30 09:52:00.0,Abertura
0.23662,0.23815,2001-11-30 10:00:00.0,Intermediário
0.23811,0.23937,2001-11-30 10:30:00.0,Intermediário
0.23704,0.23848,2001-11-30 11:00:00.0,Intermediário
0.23751,0.23876,2001-11-30 11:30:00.0,Intermediário
0.23705,0.23848,2001-11-30 12:00:00.0,Intermediário
0.23659,0.23784,2001-11-30 12:30:00.0,Intermediário
0.23632,0.23766,2001-11-30 13:00:00.0,Intermediário
0.23597,0.23731,2001-11-30 13:30:00.0,Intermediário
0.23581,0.23715,2001-11-30 14:00:00.0,Intermediário
0.23622,0.23756,2001-11-30 14:30:00.0,Intermediário
0.23437,0.2357,2001-11-30 15:00:00.0,Intermediário
0.23471,0.23586,2001-11-30 15:30:00.0,Intermediário
0.23334,0.23458,2001-11-30 16:00:00.0,Intermediário
0.23336,0.23469,2001-11-30 16:30:00.0,Fechamento Interbancário
0.23691,0.23733,2001-11-30 17:34:00.0,Fechamento
0.23185,0.23382,2001-12-03 09:42:00.0,Abertura
0.23111,0.23261,2001-12-03 10:00:00.0,Intermediário
0.23046,0.23206,2001-12-03 10:30:00.0,Intermediário
0.23074,0.23206,2001-12-03 11:00:00.0,Intermediário
0.2301,0.23132,2001-12-03 11:30:00.0,Intermediário
0.22814,0.22954,2001-12-03 12:00:00.0,Intermediário
0.22958,0.2308,2001-12-03 12:30:00.0,Intermediário
0.23007,0.23147,2001-12-03 13:00:00.0,Intermediário
0.22962,0.23084,2001-12-03 13:30:00.0,Intermediário
0.22955,0.23076,2001-12-03 14:00:00.0,Intermediário
0.2298,0.23101,2001-12-03 14:30:00.0,Intermediário
0.22861,0.22982,2001-12-03 15:00:00.0,Intermediário
0.22828,0.22949,2001-12-03 15:30:00.0,Intermediário
0.22821,0.22942,2001-12-03 16:00:00.0,Intermediário
0.22829,0.2295,2001-12-03 16:30:00.0,Fechamento Interbancário
0.22986,0.23027,2001-12-03 18:11:00.0,Fechamento
0.2269,0.22886,2001-12-04 09:42:00.0,Abertura
0.22812,0.22933,2001-12-04 10:00:00.0,Intermediário
0.22705,0.22835,2001-12-04 10:30:00.0,Intermediário
0.22747,0.22868,2001-12-04 11:00:00.0,Intermediário
0.22722,0.22843,2001-12-04 11:30:00.0,Intermediário
0.22675,0.22785,2001-12-04 12:00:00.0,Intermediário
0.22699,0.22811,2001-12-04 12:30:00.0,Intermediário
0.22689,0.2281,2001-12-04 13:00:00.0,Intermediário
0.22712,0.22833,2001-12-04 13:30:00.0,Intermediário
0.22726,0.22847,2001-12-04 14:00:00.0,Intermediário
0.2271,0.22831,2001-12-04 14:30:00.0,Intermediário
0.2274,0.22861,2001-12-04 15:00:00.0,Intermediário
0.22747,0.22877,2001-12-04 15:30:00.0,Intermediário
0.22846,0.22958,2001-12-04 16:00:00.0,Intermediário
0.22812,0.22934,2001-12-04 16:30:00.0,Fechamento Interbancário
0.22777,0.22818,2001-12-04 17:34:00.0,Fechamento
0.22706,0.22903,2001-12-05 09:35:00.0,Abertura
0.22742,0.22863,2001-12-05 10:00:00.0,Intermediário
0.22746,0.22858,2001-12-05 10:30:00.0,Intermediário
0.22789,0.2292,2001-12-05 11:00:00.0,Intermediário
0.22849,0.2298,2001-12-05 11:30:00.0,Intermediário
0.22954,0.23095,2001-12-05 12:00:00.0,Intermediário
0.22999,0.23149,2001-12-05 12:30:00.0,Intermediário
0.2298,0.23112,2001-12-05 13:00:00.0,Intermediário
0.2294,0.23071,2001-12-05 13:30:00.0,Intermediário
0.22949,0.2308,2001-12-05 14:00:00.0,Intermediário
0.22888,0.23019,2001-12-05 14:30:00.0,Intermediário
0.22794,0.22915,2001-12-05 15:00:00.0,Intermediário
0.22899,0.23029,2001-12-05 15:30:00.0,Intermediário
0.22896,0.23027,2001-12-05 16:00:00.0,Intermediário
0.22913,0.23034,2001-12-05 16:30:00.0,Fechamento Interbancário
0.22894,0.22935,2001-12-05 17:23:00.0,Fechamento
0.2316,0.23359,2001-12-06 09:50:00.0,Abertura
0.23228,0.23352,2001-12-06 10:00:00.0,Intermediário
0.23204,0.23318,2001-12-06 10:30:00.0,Intermediário
0.23168,0.23291,2001-12-06 11:00:00.0,Intermediário
0.23148,0.2328,2001-12-06 11:30:00.0,Intermediário
0.23045,0.23167,2001-12-06 12:00:00.0,Intermediário
0.23093,0.23225,2001-12-06 12:30:00.0,Intermediário
0.23082,0.23195,2001-12-06 13:00:00.0,Intermediário
0.2308,0.23203,2001-12-06 13:30:00.0,Intermediário
0.23106,0.23229,2001-12-06 14:00:00.0,Intermediário
0.23146,0.23269,2001-12-06 14:30:00.0,Intermediário
0.23045,0.23168,2001-12-06 15:00:00.0,Intermediário
0.22963,0.23085,2001-12-06 15:31:00.0,Intermediário
0.23057,0.23179,2001-12-06 16:00:00.0,Intermediário
0.23085,0.23207,2001-12-06 16:30:00.0,Fechamento Interbancário
0.23288,0.2333,2001-12-06 17:45:00.0,Fechamento
0.22916,0.23115,2001-12-07 09:45:00.0,Abertura
0.22924,0.23066,2001-12-07 10:00:00.0,Intermediário
0.22896,0.23009,2001-12-07 10:30:00.0,Intermediário
0.22872,0.22993,2001-12-07 11:00:00.0,Intermediário
0.22839,0.2296,2001-12-07 11:30:00.0,Intermediário
0.22802,0.22942,2001-12-07 12:00:00.0,Intermediário
0.22779,0.229,2001-12-07 12:30:00.0,Intermediário
0.22784,0.22925,2001-12-07 13:00:00.0,Intermediário
0.22816,0.22937,2001-12-07 13:30:00.0,Intermediário
0.22815,0.22937,2001-12-07 14:00:00.0,Intermediário
0.22813,0.22934,2001-12-07 14:30:00.0,Intermediário
0.22876,0.22998,2001-12-07 15:00:00.0,Intermediário
0.22831,0.22972,2001-12-07 15:30:00.0,Intermediário
0.22718,0.22858,2001-12-07 16:00:00.0,Intermediário
0.22747,0.22878,2001-12-07 16:30:00.0,Fechamento Interbancário
0.22886,0.22927,2001-12-07 17:44:00.0,Fechamento
0.22406,0.22602,2001-12-10 09:45:00.0,Abertura
0.22422,0.22542,2001-12-10 10:00:00.0,Intermediário
0.22411,0.2254,2001-12-10 10:30:00.0,Intermediário
0.22424,0.22553,2001-12-10 11:00:00.0,Intermediário
0.22507,0.22617,2001-12-10 11:30:00.0,Intermediário
0.22456,0.22575,2001-12-10 12:00:00.0,Intermediário
0.22426,0.22546,2001-12-10 12:30:00.0,Intermediário
0.22429,0.22548,2001-12-10 13:00:00.0,Intermediário
0.22367,0.22486,2001-12-10 13:30:00.0,Intermediário
0.22377,0.22496,2001-12-10 14:00:00.0,Intermediário
0.22345,0.22465,2001-12-10 14:30:00.0,Intermediário
0.22252,0.2238,2001-12-10 15:00:00.0,Intermediário
0.22127,0.22255,2001-12-10 15:30:00.0,Intermediário
0.22165,0.22303,2001-12-10 16:00:00.0,Intermediário
0.22108,0.22226,2001-12-10 16:30:00.0,Fechamento Interbancário
0.22387,0.22428,2001-12-10 17:42:00.0,Fechamento
0.2206,0.22254,2001-12-11 09:42:00.0,Abertura
0.2204,0.22196,2001-12-11 10:00:00.0,Intermediário
0.22245,0.22363,2001-12-11 10:30:00.0,Intermediário
0.22266,0.22385,2001-12-11 11:00:00.0,Intermediário
0.22133,0.22261,2001-12-11 11:30:00.0,Intermediário
0.22186,0.22305,2001-12-11 12:00:00.0,Intermediário
0.22129,0.22247,2001-12-11 12:30:00.0,Intermediário
0.22111,0.2223,2001-12-11 13:00:00.0,Intermediário
0.22082,0.222,2001-12-11 13:30:00.0,Intermediário
0.22099,0.22217,2001-12-11 14:00:00.0,Intermediário
0.22105,0.22224,2001-12-11 14:30:00.0,Intermediário
0.222,0.22328,2001-12-11 15:00:00.0,Intermediário
0.22279,0.22398,2001-12-11 15:30:00.0,Intermediário
0.22489,0.22638,2001-12-11 16:00:00.0,Intermediário
0.22535,0.22665,2001-12-11 16:30:00.0,Fechamento Interbancário
0.22253,0.22293,2001-12-11 17:27:00.0,Fechamento
0.22181,0.22376,2001-12-12 09:45:00.0,Abertura
0.22307,0.22426,2001-12-12 10:00:00.0,Intermediário
0.22346,0.22465,2001-12-12 10:30:00.0,Intermediário
0.22301,0.2242,2001-12-12 11:00:00.0,Intermediário
0.22324,0.22443,2001-12-12 11:30:00.0,Intermediário
0.22372,0.22492,2001-12-12 12:00:00.0,Intermediário
0.22365,0.22484,2001-12-12 12:30:00.0,Intermediário
0.22414,0.22534,2001-12-12 13:00:00.0,Intermediário
0.22448,0.22568,2001-12-12 13:30:00.0,Intermediário
0.22456,0.22576,2001-12-12 14:00:00.0,Intermediário
0.22436,0.22556,2001-12-12 14:30:00.0,Intermediário
0.22555,0.22675,2001-12-12 15:00:00.0,Intermediário
0.22579,0.22728,2001-12-12 15:30:00.0,Intermediário
0.22579,0.227,2001-12-12 16:00:00.0,Intermediário
0.22631,0.22752,2001-12-12 16:30:00.0,Fechamento Interbancário
0.22522,0.22563,2001-12-12 17:42:00.0,Fechamento
0.22684,0.22882,2001-12-13 09:52:00.0,Abertura
0.22737,0.22858,2001-12-13 10:00:00.0,Intermediário
0.22815,0.22927,2001-12-13 10:30:00.0,Intermediário
0.22893,0.23014,2001-12-13 11:00:00.0,Intermediário
0.22861,0.22983,2001-12-13 11:30:00.0,Intermediário
0.22791,0.22903,2001-12-13 12:00:00.0,Intermediário
0.22829,0.22951,2001-12-13 12:30:00.0,Intermediário
0.22756,0.22877,2001-12-13 13:00:00.0,Intermediário
0.22743,0.22864,2001-12-13 13:30:00.0,Intermediário
0.22729,0.22851,2001-12-13 14:00:00.0,Intermediário
0.22783,0.22904,2001-12-13 14:30:00.0,Intermediário
0.22809,0.22931,2001-12-13 15:00:00.0,Intermediário
0.22803,0.22934,2001-12-13 15:30:00.0,Intermediário
0.22563,0.22684,2001-12-13 16:12:00.0,Intermediário
0.22546,0.22666,2001-12-13 16:30:00.0,Fechamento Interbancário
0.22644,0.22686,2001-12-13 19:05:00.0,Fechamento
0.22722,0.2292,2001-12-14 09:45:00.0,Abertura
0.2279,0.22921,2001-12-14 10:00:00.0,Intermediário
0.22718,0.22839,2001-12-14 10:30:00.0,Intermediário
0.22657,0.22778,2001-12-14 11:00:00.0,Intermediário
0.22662,0.22782,2001-12-14 11:30:00.0,Intermediário
0.22639,0.2276,2001-12-14 12:00:00.0,Intermediário
0.22618,0.22748,2001-12-14 12:30:00.0,Intermediário
0.22633,0.22754,2001-12-14 13:00:00.0,Intermediário
0.22606,0.22726,2001-12-14 13:30:00.0,Intermediário
0.22612,0.22732,2001-12-14 14:00:00.0,Intermediário
0.22657,0.22778,2001-12-14 14:30:00.0,Intermediário
0.22722,0.22843,2001-12-14 15:00:00.0,Intermediário
0.22584,0.22704,2001-12-14 15:30:00.0,Intermediário
0.22515,0.22634,2001-12-14 16:00:00.0,Intermediário
0.22526,0.22646,2001-12-14 16:30:00.0,Fechamento Interbancário
0.2263,0.22671,2001-12-14 17:16:00.0,Fechamento
0.22617,0.22815,2001-12-17 09:54:00.0,Abertura
0.22666,0.22796,2001-12-17 10:00:00.0,Intermediário
0.22627,0.22777,2001-12-17 10:30:00.0,Intermediário
0.22546,0.22695,2001-12-17 11:00:00.0,Intermediário
0.22405,0.22525,2001-12-17 11:30:00.0,Intermediário
0.22441,0.22571,2001-12-17 12:00:00.0,Intermediário
0.22522,0.22642,2001-12-17 12:30:00.0,Intermediário
0.22574,0.22694,2001-12-17 13:00:00.0,Intermediário
0.226,0.22721,2001-12-17 13:30:00.0,Intermediário
0.22561,0.22681,2001-12-17 14:00:00.0,Intermediário
0.22526,0.22646,2001-12-17 14:30:00.0,Intermediário
0.22526,0.22646,2001-12-17 15:00:00.0,Intermediário
0.22487,0.22617,2001-12-17 15:30:00.0,Intermediário
0.22492,0.22603,2001-12-17 16:00:00.0,Intermediário
0.22464,0.22584,2001-12-17 16:30:00.0,Fechamento Interbancário
0.22505,0.22546,2001-12-17 17:49:00.0,Fechamento
0.22296,0.22492,2001-12-18 09:50:00.0,Abertura
0.22353,0.22463,2001-12-18 10:00:00.0,Intermediário
0.22355,0.22475,2001-12-18 10:30:00.0,Intermediário
0.22264,0.22383,2001-12-18 11:00:00.0,Intermediário
0.22257,0.22376,2001-12-18 11:30:00.0,Intermediário
0.22262,0.22381,2001-12-18 12:00:00.0,Intermediário
0.22193,0.22312,2001-12-18 12:30:00.0,Intermediário
0.22261,0.2238,2001-12-18 13:00:00.0,Intermediário
0.22278,0.22397,2001-12-18 13:30:00.0,Intermediário
0.22298,0.22417,2001-12-18 14:00:00.0,Intermediário
0.22319,0.22439,2001-12-18 14:30:00.0,Intermediário
0.22303,0.22413,2001-12-18 15:00:00.0,Intermediário
0.22217,0.22346,2001-12-18 15:30:00.0,Intermediário
0.22111,0.22229,2001-12-18 16:00:00.0,Intermediário
0.22112,0.2223,2001-12-18 16:30:00.0,Fechamento Interbancário
0.22331,0.22372,2001-12-18 17:51:00.0,Fechamento
0.21655,0.21847,2001-12-19 09:43:00.0,Abertura
0.21666,0.21772,2001-12-19 10:00:00.0,Intermediário
0.21641,0.21757,2001-12-19 10:30:00.0,Intermediário
0.21656,0.21762,2001-12-19 11:00:00.0,Intermediário
0.21658,0.21774,2001-12-19 11:30:00.0,Intermediário
0.21618,0.21734,2001-12-19 12:00:00.0,Intermediário
0.21694,0.21839,2001-12-19 12:30:00.0,Intermediário
0.21737,0.21854,2001-12-19 13:00:00.0,Intermediário
0.21721,0.21838,2001-12-19 13:30:00.0,Intermediário
0.21727,0.21843,2001-12-19 14:00:00.0,Intermediário
0.21793,0.2191,2001-12-19 14:30:00.0,Intermediário
0.21726,0.21842,2001-12-19 15:03:00.0,Intermediário
0.21655,0.2179,2001-12-19 15:30:00.0,Intermediário
0.21837,0.21954,2001-12-19 16:13:00.0,Intermediário
0.21825,0.21942,2001-12-19 16:39:00.0,Fechamento Interbancário
0.21795,0.21835,2001-12-19 18:14:00.0,Fechamento
0.22029,0.22222,2001-12-20 09:38:00.0,Abertura
0.22,0.22127,2001-12-20 10:00:00.0,Intermediário
0.2183,0.21957,2001-12-20 10:30:00.0,Intermediário
0.21819,0.21945,2001-12-20 11:00:00.0,Intermediário
0.2178,0.21915,2001-12-20 11:30:00.0,Intermediário
0.21768,0.21884,2001-12-20 12:00:00.0,Intermediário
0.218,0.21916,2001-12-20 12:30:00.0,Intermediário
0.21725,0.21879,2001-12-20 13:00:00.0,Intermediário
0.21776,0.21892,2001-12-20 13:30:00.0,Intermediário
0.21771,0.21887,2001-12-20 14:00:00.0,Intermediário
0.21775,0.21892,2001-12-20 14:30:00.0,Intermediário
0.21823,0.2194,2001-12-20 15:00:00.0,Intermediário
0.21877,0.22003,2001-12-20 15:30:00.0,Intermediário
0.21965,0.22083,2001-12-20 16:00:00.0,Intermediário
0.21978,0.22105,2001-12-20 16:30:00.0,Fechamento Interbancário
0.21868,0.21908,2001-12-20 17:24:00.0,Fechamento
0.22058,0.22251,2001-12-21 09:36:00.0,Abertura
0.21823,0.2194,2001-12-21 10:00:00.0,Intermediário
0.21781,0.21898,2001-12-21 10:30:00.0,Intermediário
0.21812,0.21919,2001-12-21 11:00:00.0,Intermediário
0.21859,0.21976,2001-12-21 11:30:00.0,Intermediário
0.21845,0.21972,2001-12-21 12:00:00.0,Intermediário
0.21832,0.21948,2001-12-21 12:30:00.0,Intermediário
0.22012,0.22139,2001-12-21 13:00:00.0,Intermediário
0.2202,0.22147,2001-12-21 13:30:00.0,Intermediário
0.21954,0.22081,2001-12-21 14:00:00.0,Intermediário
0.21935,0.22061,2001-12-21 14:30:00.0,Intermediário
0.21948,0.22066,2001-12-21 15:00:00.0,Intermediário
0.21875,0.22001,2001-12-21 15:30:00.0,Intermediário
0.21815,0.21932,2001-12-21 16:00:00.0,Intermediário
0.21834,0.2195,2001-12-21 16:30:00.0,Fechamento Interbancário
0.0,0.0,2001-12-21 17:59:00.0,Intermediário
0.21829,0.21868,2001-12-21 23:55:00.0,Fechamento
0.21653,0.21843,2001-12-24 09:57:00.0,Abertura
0.21582,0.21771,2001-12-24 10:00:00.0,Intermediário
0.21599,0.21714,2001-12-24 10:30:00.0,Intermediário
0.21573,0.21688,2001-12-24 11:00:00.0,Intermediário
0.21489,0.21604,2001-12-24 11:33:00.0,Fechamento Interbancário
0.21483,0.21521,2001-12-24 11:47:00.0,Fechamento
0.21361,0.21549,2001-12-26 09:53:00.0,Abertura
0.21408,0.21522,2001-12-26 10:00:00.0,Intermediário
0.21295,0.21409,2001-12-26 10:30:00.0,Intermediário
0.21282,0.21404,2001-12-26 11:00:00.0,Intermediário
0.21297,0.21411,2001-12-26 11:36:00.0,Intermediário
0.2132,0.21453,2001-12-26 12:00:00.0,Intermediário
0.21318,0.21451,2001-12-26 12:30:00.0,Intermediário
0.21306,0.21419,2001-12-26 13:04:00.0,Intermediário
0.2134,0.21454,2001-12-26 13:30:00.0,Intermediário
0.21328,0.21442,2001-12-26 14:00:00.0,Intermediário
0.21329,0.21443,2001-12-26 14:30:00.0,Intermediário
0.21332,0.21455,2001-12-26 15:00:00.0,Intermediário
0.21352,0.21466,2001-12-26 15:31:00.0,Intermediário
0.21477,0.21601,2001-12-26 16:00:00.0,Intermediário
0.21438,0.21552,2001-12-26 16:30:00.0,Fechamento Interbancário
0.21355,0.21394,2001-12-26 17:30:00.0,Fechamento
0.2144,0.2163,2001-12-27 09:42:00.0,Abertura
0.21534,0.21649,2001-12-27 10:00:00.0,Intermediário
0.21639,0.21754,2001-12-27 10:30:00.0,Intermediário
0.21649,0.21756,2001-12-27 11:00:00.0,Intermediário
0.21632,0.21748,2001-12-27 11:30:00.0,Intermediário
0.21608,0.21724,2001-12-27 12:00:00.0,Intermediário
0.21618,0.21734,2001-12-27 12:30:00.0,Intermediário
0.21683,0.21799,2001-12-27 13:00:00.0,Intermediário
0.21683,0.21798,2001-12-27 13:30:00.0,Intermediário
0.2167,0.21786,2001-12-27 14:00:00.0,Intermediário
0.21658,0.21774,2001-12-27 14:30:00.0,Intermediário
0.21659,0.21775,2001-12-27 15:00:00.0,Intermediário
0.21667,0.21783,2001-12-27 15:30:00.0,Intermediário
0.21704,0.21819,2001-12-27 16:00:00.0,Intermediário
0.2169,0.21805,2001-12-27 16:30:00.0,Fechamento Interbancário
0.21628,0.21667,2001-12-27 17:53:00.0,Fechamento
0.21795,0.21988,2001-12-28 09:32:00.0,Abertura
0.21841,0.21957,2001-12-28 10:00:00.0,Intermediário
0.21841,0.21967,2001-12-28 10:30:00.0,Intermediário
0.21914,0.22031,2001-12-28 11:00:00.0,Intermediário
0.21909,0.22026,2001-12-28 11:30:00.0,Intermediário
0.21868,0.21976,2001-12-28 12:00:00.0,Intermediário
0.21872,0.2198,2001-12-28 12:30:00.0,Intermediário
0.21994,0.22121,2001-12-28 13:00:00.0,Intermediário
0.21973,0.22091,2001-12-28 13:30:00.0,Intermediário
0.21963,0.2208,2001-12-28 14:00:00.0,Intermediário
0.21973,0.2209,2001-12-28 14:30:00.0,Intermediário
0.21972,0.2209,2001-12-28 15:00:00.0,Intermediário
0.21853,0.2198,2001-12-28 15:35:00.0,Intermediário
0.21939,0.22066,2001-12-28 16:00:00.0,Intermediário
0.21915,0.22032,2001-12-28 16:30:00.0,Fechamento Interbancário
0.21994,0.22034,2001-12-28 17:49:00.0,Fechamento
0.22046,0.22153,2001-12-31 09:43:00.0,Abertura
0.2202,0.22127,2001-12-31 10:00:00.0,Intermediário
0.2209,0.22197,2001-12-31 10:30:00.0,Intermediário
0.22103,0.22209,2001-12-31 11:00:00.0,Intermediário
0.22113,0.2222,2001-12-31 11:30:00.0,Fechamento Interbancário
0.22157,0.22197,2001-12-31 12:28:00.0,Fechamento
