cotacaoCompra,cotacaoVenda,dataHoraCotacao,tipoBoletim
0.50608,0.50992,2003-01-02 09:57:00.0,Abertura
0.50579,0.50963,2003-01-02 10:00:00.0,Intermediário
0.50579,0.50963,2003-01-02 10:30:00.0,Intermediário
0.50401,0.50711,2003-01-02 11:00:00.0,Intermediário
0.50446,0.50728,2003-01-02 11:30:00.0,Intermediário
0.50506,0.50789,2003-01-02 12:00:00.0,Intermediário
0.50515,0.50798,2003-01-02 12:30:00.0,Intermediário
0.50651,0.51035,2003-01-02 13:00:00.0,Intermediário
0.50337,0.50646,2003-01-02 13:34:00.0,Intermediário
0.50276,0.50585,2003-01-02 14:00:00.0,Intermediário
0.50348,0.50658,2003-01-02 14:30:00.0,Intermediário
0.50414,0.50709,2003-01-02 15:00:00.0,Intermediário
0.50253,0.50562,2003-01-02 15:30:00.0,Intermediário
0.50284,0.50593,2003-01-02 16:00:00.0,Intermediário
0.50361,0.50671,2003-01-02 16:30:00.0,Fechamento Interbancário
0.5016,0.50258,2003-01-02 17:54:00.0,Fechamento
0.50044,0.50424,2003-01-03 09:42:00.0,Abertura
0.49799,0.5015,2003-01-03 10:00:00.0,Intermediário
0.49718,0.50054,2003-01-03 10:30:00.0,Intermediário
0.49596,0.49888,2003-01-03 11:00:00.0,Intermediário
0.49786,0.50065,2003-01-03 11:30:00.0,Intermediário
0.49786,0.50079,2003-01-03 12:00:00.0,Intermediário
0.49578,0.49856,2003-01-03 12:30:00.0,Intermediário
0.49593,0.49899,2003-01-03 13:00:00.0,Intermediário
0.49598,0.49904,2003-01-03 13:30:00.0,Intermediário
0.49612,0.49919,2003-01-03 14:00:00.0,Intermediário
0.49646,0.49952,2003-01-03 14:30:00.0,Intermediário
0.49114,0.4949,2003-01-03 15:00:00.0,Intermediário
0.49329,0.49635,2003-01-03 15:30:00.0,Intermediário
0.49227,0.49532,2003-01-03 16:00:00.0,Intermediário
0.49214,0.49591,2003-01-03 16:30:00.0,Fechamento Interbancário
0.4982,0.49917,2003-01-03 17:46:00.0,Fechamento
0.49259,0.49638,2003-01-06 09:57:00.0,Abertura
0.49262,0.49568,2003-01-06 10:00:00.0,Intermediário
0.49103,0.49408,2003-01-06 10:30:00.0,Intermediário
0.48687,0.4899,2003-01-06 11:00:00.0,Intermediário
0.4851,0.48812,2003-01-06 11:30:00.0,Intermediário
0.48211,0.48512,2003-01-06 12:00:00.0,Intermediário
0.48356,0.48657,2003-01-06 12:30:00.0,Intermediário
0.48195,0.48568,2003-01-06 13:00:00.0,Intermediário
0.48187,0.4856,2003-01-06 13:30:00.0,Intermediário
0.48199,0.48572,2003-01-06 14:00:00.0,Intermediário
0.48189,0.48562,2003-01-06 14:30:00.0,Intermediário
0.47996,0.48295,2003-01-06 15:00:00.0,Intermediário
0.48424,0.48798,2003-01-06 15:30:00.0,Intermediário
0.48146,0.48519,2003-01-06 16:00:00.0,Intermediário
0.48132,0.48505,2003-01-06 16:30:00.0,Fechamento Interbancário
0.48588,0.48684,2003-01-06 17:47:00.0,Fechamento
0.48012,0.48383,2003-01-07 09:50:00.0,Abertura
0.48026,0.48268,2003-01-07 10:00:00.0,Intermediário
0.48178,0.4855,2003-01-07 10:30:00.0,Intermediário
0.48476,0.48778,2003-01-07 11:00:00.0,Intermediário
0.48168,0.4854,2003-01-07 11:30:00.0,Intermediário
0.4795,0.48206,2003-01-07 12:00:00.0,Intermediário
0.47626,0.47967,2003-01-07 12:30:00.0,Intermediário
0.48026,0.48297,2003-01-07 13:00:00.0,Intermediário
0.48034,0.48304,2003-01-07 13:30:00.0,Intermediário
0.48012,0.48283,2003-01-07 14:00:00.0,Intermediário
0.47911,0.48181,2003-01-07 14:30:00.0,Intermediário
0.47548,0.47845,2003-01-07 15:00:00.0,Intermediário
0.47424,0.47721,2003-01-07 15:30:00.0,Intermediário
0.47251,0.47561,2003-01-07 16:00:00.0,Intermediário
0.47315,0.47654,2003-01-07 16:30:00.0,Fechamento Interbancário
0.48093,0.48188,2003-01-07 17:59:00.0,Fechamento
0.46871,0.47237,2003-01-08 09:58:00.0,Abertura
0.46967,0.47405,2003-01-08 10:00:00.0,Intermediário
0.47169,0.47536,2003-01-08 10:30:00.0,Intermediário
0.47551,0.47848,2003-01-08 11:00:00.0,Intermediário
0.47464,0.4776,2003-01-08 11:30:00.0,Intermediário
0.47628,0.47925,2003-01-08 12:00:00.0,Intermediário
0.47568,0.47837,2003-01-08 12:30:00.0,Intermediário
0.47381,0.47677,2003-01-08 13:00:00.0,Intermediário
0.47356,0.47651,2003-01-08 13:30:00.0,Intermediário
0.47364,0.4766,2003-01-08 14:00:00.0,Intermediário
0.47357,0.47653,2003-01-08 14:30:00.0,Intermediário
0.47343,0.47712,2003-01-08 15:03:00.0,Intermediário
0.4755,0.47833,2003-01-08 15:30:00.0,Intermediário
0.4806,0.48331,2003-01-08 16:00:00.0,Intermediário
0.47921,0.48293,2003-01-08 16:30:00.0,Fechamento Interbancário
0.4795,0.48044,2003-01-08 17:51:00.0,Fechamento
0.48512,0.48888,2003-01-09 09:58:00.0,Abertura
0.48439,0.48814,2003-01-09 10:00:00.0,Intermediário
0.4855,0.48853,2003-01-09 10:30:00.0,Intermediário
0.48348,0.4865,2003-01-09 11:00:00.0,Intermediário
0.48177,0.48478,2003-01-09 11:30:00.0,Intermediário
0.48177,0.48463,2003-01-09 12:00:00.0,Intermediário
0.48228,0.48485,2003-01-09 12:30:00.0,Intermediário
0.47888,0.48187,2003-01-09 13:00:00.0,Intermediário
0.4779,0.48162,2003-01-09 13:30:00.0,Intermediário
0.47745,0.48116,2003-01-09 14:00:00.0,Intermediário
0.47702,0.48073,2003-01-09 14:30:00.0,Intermediário
0.47667,0.47936,2003-01-09 15:00:00.0,Intermediário
0.47951,0.48265,2003-01-09 15:30:00.0,Intermediário
0.47763,0.48061,2003-01-09 16:00:00.0,Intermediário
0.47785,0.48083,2003-01-09 16:30:00.0,Fechamento Interbancário
0.48125,0.4822,2003-01-09 17:49:00.0,Fechamento
0.47806,0.48178,2003-01-10 09:42:00.0,Abertura
0.47824,0.48123,2003-01-10 10:00:00.0,Intermediário
0.47668,0.47966,2003-01-10 10:30:00.0,Intermediário
0.4734,0.4771,2003-01-10 11:00:00.0,Intermediário
0.47468,0.4778,2003-01-10 11:30:00.0,Intermediário
0.47854,0.48154,2003-01-10 12:04:00.0,Intermediário
0.47909,0.48209,2003-01-10 12:30:00.0,Intermediário
0.4769,0.47975,2003-01-10 13:00:00.0,Intermediário
0.47559,0.47872,2003-01-10 13:30:00.0,Intermediário
0.47546,0.47858,2003-01-10 14:00:00.0,Intermediário
0.47558,0.47871,2003-01-10 14:30:00.0,Intermediário
0.47698,0.47997,2003-01-10 15:00:00.0,Intermediário
0.47726,0.48025,2003-01-10 15:30:00.0,Intermediário
0.47747,0.48017,2003-01-10 16:00:00.0,Intermediário
0.47864,0.48163,2003-01-10 16:30:00.0,Fechamento Interbancário
0.47851,0.47946,2003-01-10 17:58:00.0,Fechamento
0.47259,0.47628,2003-01-13 09:52:00.0,Abertura
0.47369,0.47694,2003-01-13 10:00:00.0,Intermediário
0.475,0.47812,2003-01-13 10:30:00.0,Intermediário
0.47622,0.47921,2003-01-13 11:00:00.0,Intermediário
0.47438,0.4772,2003-01-13 11:30:00.0,Intermediário
0.47349,0.47675,2003-01-13 12:00:00.0,Intermediário
0.47393,0.47661,2003-01-13 12:30:00.0,Intermediário
0.47414,0.4771,2003-01-13 13:00:00.0,Intermediário
0.47416,0.47713,2003-01-13 13:30:00.0,Intermediário
0.47415,0.47712,2003-01-13 14:00:00.0,Intermediário
0.47307,0.47603,2003-01-13 14:30:00.0,Intermediário
0.47366,0.47634,2003-01-13 15:00:00.0,Intermediário
0.47434,0.47717,2003-01-13 15:30:00.0,Intermediário
0.47518,0.47801,2003-01-13 16:00:00.0,Intermediário
0.47519,0.47802,2003-01-13 16:30:00.0,Fechamento Interbancário
0.47395,0.47488,2003-01-13 17:40:00.0,Fechamento
0.47431,0.478,2003-01-14 09:56:00.0,Abertura
0.47473,0.4777,2003-01-14 10:00:00.0,Intermediário
0.47127,0.47436,2003-01-14 10:30:00.0,Intermediário
0.47237,0.47518,2003-01-14 11:00:00.0,Intermediário
0.47181,0.47549,2003-01-14 11:30:00.0,Intermediário
0.47202,0.47469,2003-01-14 12:00:00.0,Intermediário
0.46998,0.47279,2003-01-14 12:30:00.0,Intermediário
0.47153,0.4742,2003-01-14 13:00:00.0,Intermediário
0.47237,0.47504,2003-01-14 13:30:00.0,Intermediário
0.47198,0.47465,2003-01-14 14:00:00.0,Intermediário
0.47116,0.47382,2003-01-14 14:30:00.0,Intermediário
0.4694,0.47264,2003-01-14 15:00:00.0,Intermediário
0.46782,0.47047,2003-01-14 15:30:00.0,Intermediário
0.46731,0.47053,2003-01-14 16:00:00.0,Intermediário
0.46877,0.47127,2003-01-14 16:30:00.0,Fechamento Interbancário
0.47142,0.47235,2003-01-14 17:39:00.0,Fechamento
0.46883,0.47249,2003-01-15 09:40:00.0,Abertura
0.47004,0.47269,2003-01-15 10:00:00.0,Intermediário
0.47184,0.47479,2003-01-15 10:30:00.0,Intermediário
0.4728,0.47605,2003-01-15 11:00:00.0,Intermediário
0.47321,0.47573,2003-01-15 11:30:00.0,Intermediário
0.47275,0.47543,2003-01-15 12:00:00.0,Intermediário
0.47303,0.47585,2003-01-15 12:30:00.0,Intermediário
0.47634,0.47961,2003-01-15 13:01:00.0,Intermediário
0.47733,0.48061,2003-01-15 13:30:00.0,Intermediário
0.47741,0.48069,2003-01-15 14:00:00.0,Intermediário
0.47726,0.48054,2003-01-15 14:30:00.0,Intermediário
0.47977,0.48277,2003-01-15 15:00:00.0,Intermediário
0.48021,0.48321,2003-01-15 15:30:00.0,Intermediário
0.48071,0.48357,2003-01-15 16:00:00.0,Intermediário
0.48049,0.48306,2003-01-15 16:30:00.0,Fechamento Interbancário
0.47638,0.47732,2003-01-15 17:41:00.0,Fechamento
0.47661,0.48033,2003-01-16 09:41:00.0,Abertura
0.47662,0.47961,2003-01-16 10:00:00.0,Intermediário
0.47574,0.47858,2003-01-16 10:30:00.0,Intermediário
0.47696,0.47995,2003-01-16 11:00:00.0,Intermediário
0.47804,0.48075,2003-01-16 11:30:00.0,Intermediário
0.47812,0.48083,2003-01-16 12:00:00.0,Intermediário
0.47922,0.48208,2003-01-16 12:30:00.0,Intermediário
0.47737,0.48036,2003-01-16 13:00:00.0,Intermediário
0.47721,0.4802,2003-01-16 13:30:00.0,Intermediário
0.47751,0.4805,2003-01-16 14:00:00.0,Intermediário
0.47783,0.48083,2003-01-16 14:30:00.0,Intermediário
0.47704,0.48003,2003-01-16 15:00:00.0,Intermediário
0.47699,0.48027,2003-01-16 15:30:00.0,Intermediário
0.48017,0.48318,2003-01-16 16:00:00.0,Intermediário
0.48094,0.48395,2003-01-16 16:30:00.0,Fechamento Interbancário
0.48056,0.48151,2003-01-16 17:40:00.0,Fechamento
0.48588,0.48965,2003-01-17 09:46:00.0,Abertura
0.48682,0.49089,2003-01-17 10:00:00.0,Intermediário
0.48692,0.48996,2003-01-17 10:30:00.0,Intermediário
0.49012,0.49318,2003-01-17 11:00:00.0,Intermediário
0.49232,0.49509,2003-01-17 11:30:00.0,Intermediário
0.49343,0.49665,2003-01-17 12:00:00.0,Intermediário
0.49318,0.49655,2003-01-17 12:30:00.0,Intermediário
0.49433,0.49741,2003-01-17 13:00:00.0,Intermediário
0.49396,0.49704,2003-01-17 13:30:00.0,Intermediário
0.49427,0.49735,2003-01-17 14:00:00.0,Intermediário
0.49424,0.49731,2003-01-17 14:30:00.0,Intermediário
0.49191,0.49468,2003-01-17 15:00:00.0,Intermediário
0.49212,0.4949,2003-01-17 15:30:00.0,Intermediário
0.49278,0.49585,2003-01-17 16:00:00.0,Intermediário
0.4921,0.4959,2003-01-17 16:30:00.0,Fechamento Interbancário
0.49131,0.49228,2003-01-17 17:47:00.0,Fechamento
0.49344,0.49723,2003-01-20 09:55:00.0,Abertura
0.49384,0.49764,2003-01-20 10:00:00.0,Intermediário
0.49511,0.49819,2003-01-20 10:30:00.0,Intermediário
0.4929,0.49582,2003-01-20 11:00:00.0,Intermediário
0.49455,0.49719,2003-01-20 11:30:00.0,Intermediário
0.49475,0.49767,2003-01-20 12:00:00.0,Intermediário
0.49687,0.49996,2003-01-20 12:30:00.0,Intermediário
0.49765,0.50045,2003-01-20 13:00:00.0,Intermediário
0.49744,0.50024,2003-01-20 13:30:00.0,Intermediário
0.49779,0.50059,2003-01-20 14:00:00.0,Intermediário
0.49812,0.50091,2003-01-20 14:30:00.0,Intermediário
0.49711,0.50035,2003-01-20 15:00:00.0,Intermediário
0.49709,0.50062,2003-01-20 15:30:00.0,Intermediário
0.49565,0.49858,2003-01-20 16:02:00.0,Intermediário
0.49503,0.49811,2003-01-20 16:30:00.0,Fechamento Interbancário
0.4966,0.49757,2003-01-20 17:36:00.0,Fechamento
0.48937,0.49315,2003-01-21 09:56:00.0,Abertura
0.49051,0.4937,2003-01-21 10:00:00.0,Intermediário
0.49292,0.49627,2003-01-21 10:30:00.0,Intermediário
0.49622,0.49973,2003-01-21 11:00:00.0,Intermediário
0.49654,0.49991,2003-01-21 11:30:00.0,Intermediário
0.49886,0.50195,2003-01-21 12:00:00.0,Intermediário
0.50127,0.50437,2003-01-21 12:30:00.0,Intermediário
0.50097,0.50363,2003-01-21 13:00:00.0,Intermediário
0.49981,0.50261,2003-01-21 13:30:00.0,Intermediário
0.49933,0.50213,2003-01-21 14:00:00.0,Intermediário
0.49755,0.50034,2003-01-21 14:30:00.0,Intermediário
0.49674,0.49981,2003-01-21 15:00:00.0,Intermediário
0.49883,0.50206,2003-01-21 15:30:00.0,Intermediário
0.5,0.50353,2003-01-21 16:00:00.0,Intermediário
0.50018,0.50385,2003-01-21 16:30:00.0,Fechamento Interbancário
0.49623,0.4972,2003-01-21 17:45:00.0,Fechamento
0.50087,0.50468,2003-01-22 09:38:00.0,Abertura
0.50679,0.50991,2003-01-22 10:00:00.0,Intermediário
0.50891,0.5119,2003-01-22 10:30:00.0,Intermediário
0.50871,0.51256,2003-01-22 11:00:00.0,Intermediário
0.50965,0.51279,2003-01-22 11:30:00.0,Intermediário
0.50745,0.51058,2003-01-22 12:00:00.0,Intermediário
0.50713,0.51069,2003-01-22 12:30:00.0,Intermediário
0.50798,0.51067,2003-01-22 13:00:00.0,Intermediário
0.50777,0.51046,2003-01-22 13:30:00.0,Intermediário
0.50737,0.51006,2003-01-22 14:00:00.0,Intermediário
0.50703,0.50972,2003-01-22 14:30:00.0,Intermediário
0.50802,0.51101,2003-01-22 15:00:00.0,Intermediário
0.50758,0.51071,2003-01-22 15:30:00.0,Intermediário
0.50759,0.51043,2003-01-22 16:00:00.0,Intermediário
0.50717,0.5103,2003-01-22 16:30:00.0,Fechamento Interbancário
0.50854,0.50953,2003-01-22 17:44:00.0,Fechamento
0.50763,0.51149,2003-01-23 09:53:00.0,Abertura
0.50659,0.50972,2003-01-23 10:00:00.0,Intermediário
0.50485,0.50768,2003-01-23 10:30:00.0,Intermediário
0.50405,0.50687,2003-01-23 11:00:00.0,Intermediário
0.50448,0.5076,2003-01-23 11:30:00.0,Intermediário
0.49926,0.50234,2003-01-23 12:00:00.0,Intermediário
0.50323,0.50634,2003-01-23 12:52:00.0,Intermediário
0.50354,0.50651,2003-01-23 13:00:00.0,Intermediário
0.50349,0.50645,2003-01-23 13:30:00.0,Intermediário
0.50247,0.50543,2003-01-23 14:00:00.0,Intermediário
0.50333,0.50629,2003-01-23 14:30:00.0,Intermediário
0.50698,0.51011,2003-01-23 15:00:00.0,Intermediário
0.50629,0.50984,2003-01-23 15:30:00.0,Intermediário
0.5065,0.50962,2003-01-23 16:00:00.0,Intermediário
0.50599,0.5091,2003-01-23 16:30:00.0,Fechamento Interbancário
0.5018,0.50278,2003-01-23 17:45:00.0,Fechamento
0.50938,0.51324,2003-01-24 09:54:00.0,Abertura
0.51369,0.51757,2003-01-24 10:00:00.0,Intermediário
0.51377,0.51722,2003-01-24 10:30:00.0,Intermediário
0.51345,0.51661,2003-01-24 11:00:00.0,Intermediário
0.51212,0.51599,2003-01-24 11:30:00.0,Intermediário
0.51541,0.51858,2003-01-24 12:00:00.0,Intermediário
0.51521,0.51881,2003-01-24 12:30:00.0,Intermediário
0.51802,0.5212,2003-01-24 13:00:00.0,Intermediário
0.51933,0.52252,2003-01-24 13:30:00.0,Intermediário
0.5185,0.52168,2003-01-24 14:00:00.0,Intermediário
0.51924,0.52243,2003-01-24 14:30:00.0,Intermediário
0.52458,0.5278,2003-01-24 15:00:00.0,Intermediário
0.52559,0.52881,2003-01-24 15:30:00.0,Intermediário
0.52534,0.52856,2003-01-24 16:00:00.0,Intermediário
0.52572,0.52894,2003-01-24 16:30:00.0,Fechamento Interbancário
0.52176,0.52278,2003-01-24 17:42:00.0,Fechamento
0.53418,0.53818,2003-01-27 09:37:00.0,Abertura
0.53399,0.53769,2003-01-27 10:00:00.0,Intermediário
0.53446,0.53846,2003-01-27 10:30:00.0,Intermediário
0.53203,0.53528,2003-01-27 11:00:00.0,Intermediário
0.5317,0.53495,2003-01-27 11:30:00.0,Intermediário
0.53333,0.53688,2003-01-27 12:00:00.0,Intermediário
0.52744,0.53139,2003-01-27 12:30:00.0,Intermediário
0.52488,0.52809,2003-01-27 13:00:00.0,Intermediário
0.52439,0.5276,2003-01-27 13:30:00.0,Intermediário
0.52403,0.52724,2003-01-27 14:00:00.0,Intermediário
0.52473,0.52795,2003-01-27 14:30:00.0,Intermediário
0.528,0.53195,2003-01-27 15:00:00.0,Intermediário
0.52581,0.52859,2003-01-27 15:30:00.0,Intermediário
0.52327,0.52662,2003-01-27 16:00:00.0,Intermediário
0.52272,0.52606,2003-01-27 16:30:00.0,Fechamento Interbancário
0.53014,0.53117,2003-01-27 17:45:00.0,Fechamento
0.52118,0.52509,2003-01-28 09:51:00.0,Abertura
0.52297,0.52617,2003-01-28 10:00:00.0,Intermediário
0.52384,0.52719,2003-01-28 10:30:00.0,Intermediário
0.52352,0.52716,2003-01-28 11:00:00.0,Intermediário
0.52347,0.52653,2003-01-28 11:30:00.0,Intermediário
0.52256,0.52576,2003-01-28 12:00:00.0,Intermediário
0.52302,0.52607,2003-01-28 12:30:00.0,Intermediário
0.52579,0.52901,2003-01-28 13:00:00.0,Intermediário
0.52435,0.52726,2003-01-28 13:30:00.0,Intermediário
0.52613,0.52906,2003-01-28 14:00:00.0,Intermediário
0.52549,0.52842,2003-01-28 14:30:00.0,Intermediário
0.52616,0.52924,2003-01-28 15:00:00.0,Intermediário
0.52476,0.52841,2003-01-28 15:30:00.0,Intermediário
0.52551,0.52872,2003-01-28 16:00:00.0,Intermediário
0.52531,0.52852,2003-01-28 16:30:00.0,Fechamento Interbancário
0.52538,0.5264,2003-01-28 17:47:00.0,Fechamento
0.53197,0.53594,2003-01-29 09:55:00.0,Abertura
0.53251,0.53591,2003-01-29 10:00:00.0,Intermediário
0.53228,0.53568,2003-01-29 10:30:00.0,Intermediário
0.53118,0.53428,2003-01-29 11:00:00.0,Intermediário
0.5288,0.53248,2003-01-29 11:30:00.0,Intermediário
0.52783,0.53091,2003-01-29 12:00:00.0,Intermediário
0.52957,0.53267,2003-01-29 12:30:00.0,Intermediário
0.52846,0.53125,2003-01-29 13:00:00.0,Intermediário
0.52791,0.5307,2003-01-29 13:30:00.0,Intermediário
0.52869,0.53149,2003-01-29 14:00:00.0,Intermediário
0.52835,0.53115,2003-01-29 14:30:00.0,Intermediário
0.52478,0.528,2003-01-29 15:00:00.0,Intermediário
0.52209,0.525,2003-01-29 15:30:00.0,Intermediário
0.52077,0.52396,2003-01-29 16:00:00.0,Intermediário
0.51994,0.52313,2003-01-29 16:30:00.0,Fechamento Interbancário
0.52694,0.52796,2003-01-29 17:38:00.0,Fechamento
0.51521,0.5191,2003-01-30 09:41:00.0,Abertura
0.51697,0.51986,2003-01-30 10:00:00.0,Intermediário
0.5163,0.51947,2003-01-30 10:30:00.0,Intermediário
0.51271,0.51659,2003-01-30 11:00:00.0,Intermediário
0.51232,0.51504,2003-01-30 11:30:00.0,Intermediário
0.51022,0.51366,2003-01-30 12:00:00.0,Intermediário
0.51275,0.51604,2003-01-30 12:30:00.0,Intermediário
0.51439,0.51741,2003-01-30 13:00:00.0,Intermediário
0.51447,0.51749,2003-01-30 13:30:00.0,Intermediário
0.51481,0.51783,2003-01-30 14:00:00.0,Intermediário
0.51436,0.51738,2003-01-30 14:30:00.0,Intermediário
0.51495,0.51797,2003-01-30 15:00:00.0,Intermediário
0.51452,0.51768,2003-01-30 15:32:00.0,Intermediário
0.51314,0.51673,2003-01-30 16:00:00.0,Intermediário
0.51454,0.5177,2003-01-30 16:31:00.0,Fechamento Interbancário
0.51779,0.5188,2003-01-30 17:38:00.0,Fechamento
0.5109,0.51477,2003-01-31 09:40:00.0,Abertura
0.51017,0.51346,2003-01-31 10:00:00.0,Intermediário
0.51116,0.51431,2003-01-31 10:30:00.0,Intermediário
0.51132,0.51418,2003-01-31 11:00:00.0,Intermediário
0.51179,0.51494,2003-01-31 11:30:00.0,Intermediário
0.51211,0.51512,2003-01-31 12:00:00.0,Intermediário
0.51182,0.51468,2003-01-31 12:30:00.0,Intermediário
0.50897,0.51167,2003-01-31 13:00:00.0,Intermediário
0.50884,0.51154,2003-01-31 13:30:00.0,Intermediário
0.50691,0.5096,2003-01-31 14:00:00.0,Intermediário
0.50793,0.51062,2003-01-31 14:30:00.0,Intermediário
0.5022,0.505,2003-01-31 15:00:00.0,Intermediário
0.50109,0.50389,2003-01-31 15:34:00.0,Intermediário
0.50158,0.50467,2003-01-31 16:04:00.0,Intermediário
0.50356,0.50666,2003-01-31 16:30:00.0,Fechamento Interbancário
0.50761,0.5086,2003-01-31 17:43:00.0,Fechamento
0.49656,0.50034,2003-02-03 09:58:00.0,Abertura
0.49721,0.50028,2003-02-03 10:00:00.0,Intermediário
0.49665,0.50115,2003-02-03 10:30:00.0,Intermediário
0.49722,0.50101,2003-02-03 11:09:00.0,Intermediário
0.50008,0.50317,2003-02-03 11:30:00.0,Intermediário
0.49829,0.50208,2003-02-03 12:02:00.0,Intermediário
0.50012,0.50364,2003-02-03 12:30:00.0,Intermediário
0.50251,0.50561,2003-02-03 13:00:00.0,Intermediário
0.50102,0.50368,2003-02-03 13:30:00.0,Intermediário
0.50194,0.5046,2003-02-03 14:00:00.0,Intermediário
0.5024,0.50506,2003-02-03 14:30:00.0,Intermediário
0.50473,0.50755,2003-02-03 15:00:00.0,Intermediário
0.50579,0.5089,2003-02-03 15:30:00.0,Intermediário
0.50322,0.50632,2003-02-03 16:00:00.0,Intermediário
0.50331,0.50627,2003-02-03 16:31:00.0,Fechamento Interbancário
0.50124,0.50221,2003-02-03 17:50:00.0,Fechamento
0.51107,0.51494,2003-02-04 09:57:00.0,Abertura
0.5108,0.51394,2003-02-04 10:00:00.0,Intermediário
0.50898,0.51211,2003-02-04 10:30:00.0,Intermediário
0.50663,0.50975,2003-02-04 11:00:00.0,Intermediário
0.50979,0.51249,2003-02-04 11:30:00.0,Intermediário
0.5095,0.51249,2003-02-04 12:00:00.0,Intermediário
0.51235,0.51521,2003-02-04 12:30:00.0,Intermediário
0.51206,0.51521,2003-02-04 13:00:00.0,Intermediário
0.51204,0.51519,2003-02-04 13:30:00.0,Intermediário
0.51044,0.51358,2003-02-04 14:00:00.0,Intermediário
0.51089,0.51403,2003-02-04 14:30:00.0,Intermediário
0.51309,0.51609,2003-02-04 15:00:00.0,Intermediário
0.51464,0.51737,2003-02-04 15:30:00.0,Intermediário
0.51429,0.51818,2003-02-04 16:00:00.0,Intermediário
0.5134,0.51728,2003-02-04 16:30:00.0,Fechamento Interbancário
0.51151,0.5125,2003-02-04 18:27:00.0,Fechamento
0.51673,0.52063,2003-02-05 09:39:00.0,Abertura
0.51728,0.5203,2003-02-05 10:00:00.0,Intermediário
0.51906,0.52253,2003-02-05 10:30:00.0,Intermediário
0.51738,0.52055,2003-02-05 11:00:00.0,Intermediário
0.51727,0.52044,2003-02-05 11:30:00.0,Intermediário
0.51501,0.51816,2003-02-05 12:00:00.0,Intermediário
0.51452,0.51725,2003-02-05 12:30:00.0,Intermediário
0.51358,0.51745,2003-02-05 13:00:00.0,Intermediário
0.51424,0.51812,2003-02-05 13:30:00.0,Intermediário
0.51227,0.51613,2003-02-05 14:00:00.0,Intermediário
0.51367,0.51755,2003-02-05 14:30:00.0,Intermediário
0.51211,0.51525,2003-02-05 15:00:00.0,Intermediário
0.50758,0.51112,2003-02-05 15:36:00.0,Intermediário
0.50779,0.51062,2003-02-05 16:07:00.0,Intermediário
0.50852,0.51135,2003-02-05 16:30:00.0,Fechamento Interbancário
0.51348,0.51447,2003-02-05 17:39:00.0,Fechamento
0.51492,0.5188,2003-02-06 09:50:00.0,Abertura
0.51519,0.51864,2003-02-06 10:00:00.0,Intermediário
0.51639,0.51927,2003-02-06 10:30:00.0,Intermediário
0.51502,0.51803,2003-02-06 11:00:00.0,Intermediário
0.51846,0.52164,2003-02-06 11:30:00.0,Intermediário
0.52045,0.5232,2003-02-06 12:00:00.0,Intermediário
0.51985,0.5226,2003-02-06 12:30:00.0,Intermediário
0.52043,0.52362,2003-02-06 13:00:00.0,Intermediário
0.51975,0.52279,2003-02-06 13:30:00.0,Intermediário
0.52003,0.52307,2003-02-06 14:00:00.0,Intermediário
0.52065,0.5237,2003-02-06 14:30:00.0,Intermediário
0.51878,0.52196,2003-02-06 15:00:00.0,Intermediário
0.51928,0.52247,2003-02-06 15:30:00.0,Intermediário
0.51764,0.52038,2003-02-06 16:01:00.0,Intermediário
0.51765,0.52039,2003-02-06 16:30:00.0,Fechamento Interbancário
0.51996,0.52097,2003-02-06 17:43:00.0,Fechamento
0.51518,0.51907,2003-02-07 09:56:00.0,Abertura
0.51531,0.51991,2003-02-07 10:00:00.0,Intermediário
0.51637,0.51911,2003-02-07 10:30:00.0,Intermediário
0.51424,0.51711,2003-02-07 11:00:00.0,Intermediário
0.51506,0.51793,2003-02-07 11:30:00.0,Intermediário
0.51451,0.51766,2003-02-07 12:00:00.0,Intermediário
0.51184,0.51484,2003-02-07 12:30:00.0,Intermediário
0.51265,0.51566,2003-02-07 13:00:00.0,Intermediário
0.51276,0.51592,2003-02-07 13:30:00.0,Intermediário
0.51303,0.51618,2003-02-07 14:00:00.0,Intermediário
0.5126,0.51574,2003-02-07 14:30:00.0,Intermediário
0.51591,0.51908,2003-02-07 15:00:00.0,Intermediário
0.51646,0.5192,2003-02-07 15:30:00.0,Intermediário
0.51546,0.51862,2003-02-07 16:00:00.0,Intermediário
0.51527,0.51843,2003-02-07 16:30:00.0,Fechamento Interbancário
0.51661,0.51761,2003-02-07 17:45:00.0,Fechamento
0.51665,0.52055,2003-02-10 09:57:00.0,Abertura
0.51687,0.52077,2003-02-10 10:00:00.0,Intermediário
0.52078,0.52426,2003-02-10 10:30:00.0,Intermediário
0.51952,0.52227,2003-02-10 11:00:00.0,Intermediário
0.51924,0.52242,2003-02-10 11:30:00.0,Intermediário
0.51887,0.52176,2003-02-10 12:00:00.0,Intermediário
0.51952,0.52256,2003-02-10 12:30:00.0,Intermediário
0.5187,0.52173,2003-02-10 13:00:00.0,Intermediário
0.51838,0.52112,2003-02-10 13:30:00.0,Intermediário
0.51802,0.52076,2003-02-10 14:00:00.0,Intermediário
0.51778,0.52051,2003-02-10 14:30:00.0,Intermediário
0.51925,0.52199,2003-02-10 15:00:00.0,Intermediário
0.51547,0.51848,2003-02-10 15:30:00.0,Intermediário
0.51332,0.51604,2003-02-10 16:02:00.0,Intermediário
0.51403,0.51675,2003-02-10 16:30:00.0,Fechamento Interbancário
0.51738,0.51838,2003-02-10 18:03:00.0,Fechamento
0.50831,0.51215,2003-02-11 09:49:00.0,Abertura
0.50892,0.51276,2003-02-11 10:04:00.0,Intermediário
0.51024,0.51294,2003-02-11 10:30:00.0,Intermediário
0.50984,0.51297,2003-02-11 11:00:00.0,Intermediário
0.5099,0.51274,2003-02-11 11:30:00.0,Intermediário
0.51044,0.51357,2003-02-11 12:00:00.0,Intermediário
0.50905,0.51189,2003-02-11 12:30:00.0,Intermediário
0.50765,0.51105,2003-02-11 13:00:00.0,Intermediário
0.50915,0.51213,2003-02-11 13:30:00.0,Intermediário
0.50884,0.51182,2003-02-11 14:00:00.0,Intermediário
0.50945,0.51243,2003-02-11 14:30:00.0,Intermediário
0.51369,0.51714,2003-02-11 15:00:00.0,Intermediário
0.51373,0.51703,2003-02-11 15:31:00.0,Intermediário
0.51338,0.51653,2003-02-11 17:26:00.0,Intermediário
0.51338,0.51653,2003-02-11 17:31:00.0,Fechamento Interbancário
0.51249,0.51348,2003-02-11 18:34:00.0,Fechamento
0.51697,0.52086,2003-02-12 09:56:00.0,Abertura
0.51673,0.52033,2003-02-12 10:00:00.0,Intermediário
0.51849,0.52123,2003-02-12 10:30:00.0,Intermediário
0.51699,0.51987,2003-02-12 11:00:00.0,Intermediário
0.51614,0.51944,2003-02-12 11:30:00.0,Intermediário
0.51464,0.51736,2003-02-12 12:00:00.0,Intermediário
0.51514,0.5183,2003-02-12 12:30:00.0,Intermediário
0.51432,0.51704,2003-02-12 13:00:00.0,Intermediário
0.51474,0.51746,2003-02-12 13:30:00.0,Intermediário
0.51485,0.51757,2003-02-12 14:00:00.0,Intermediário
0.51584,0.51856,2003-02-12 14:30:00.0,Intermediário
0.51426,0.51712,2003-02-12 15:00:00.0,Intermediário
0.5146,0.51761,2003-02-12 15:30:00.0,Intermediário
0.51612,0.51928,2003-02-12 16:00:00.0,Intermediário
0.51502,0.51832,2003-02-12 16:30:00.0,Fechamento Interbancário
0.51509,0.51609,2003-02-12 17:43:00.0,Fechamento
0.51749,0.52137,2003-02-13 09:51:00.0,Abertura
0.51885,0.52203,2003-02-13 10:00:00.0,Intermediário
0.51804,0.52121,2003-02-13 10:30:00.0,Intermediário
0.51906,0.52209,2003-02-13 11:00:00.0,Intermediário
0.52015,0.52333,2003-02-13 11:30:00.0,Intermediário
0.523,0.52662,2003-02-13 12:00:00.0,Intermediário
0.52195,0.52514,2003-02-13 12:30:00.0,Intermediário
0.52439,0.52716,2003-02-13 13:00:00.0,Intermediário
0.52502,0.52808,2003-02-13 13:30:00.0,Intermediário
0.52545,0.52851,2003-02-13 14:15:00.0,Intermediário
0.52516,0.52822,2003-02-13 14:30:00.0,Intermediário
0.52113,0.52503,2003-02-13 15:21:00.0,Intermediário
0.52449,0.5277,2003-02-13 15:30:00.0,Intermediário
0.52401,0.52764,2003-02-13 16:00:00.0,Intermediário
0.52413,0.52805,2003-02-13 16:30:00.0,Fechamento Interbancário
0.52223,0.52325,2003-02-13 17:45:00.0,Fechamento
0.52088,0.52478,2003-02-14 09:57:00.0,Abertura
0.52112,0.52502,2003-02-14 10:00:00.0,Intermediário
0.52046,0.5232,2003-02-14 10:30:00.0,Intermediário
0.52258,0.52577,2003-02-14 11:00:00.0,Intermediário
0.52197,0.5253,2003-02-14 11:30:00.0,Intermediário
0.52248,0.52581,2003-02-14 12:00:00.0,Intermediário
0.52318,0.52623,2003-02-14 12:30:00.0,Intermediário
0.52342,0.52618,2003-02-14 13:00:00.0,Intermediário
0.52329,0.52605,2003-02-14 13:30:00.0,Intermediário
0.52378,0.52655,2003-02-14 14:00:00.0,Intermediário
0.52386,0.52663,2003-02-14 14:30:00.0,Intermediário
0.52361,0.5268,2003-02-14 15:00:00.0,Intermediário
0.52449,0.5274,2003-02-14 15:30:00.0,Intermediário
0.52293,0.52683,2003-02-14 16:01:00.0,Intermediário
0.52321,0.52712,2003-02-14 16:33:00.0,Fechamento Interbancário
0.5239,0.52492,2003-02-14 17:43:00.0,Fechamento
0.51403,0.51789,2003-02-17 09:52:00.0,Abertura
0.514,0.51785,2003-02-17 10:05:00.0,Intermediário
0.51601,0.5193,2003-02-17 10:30:00.0,Intermediário
0.51544,0.5183,2003-02-17 11:00:00.0,Intermediário
0.51503,0.51789,2003-02-17 11:46:00.0,Intermediário
0.51535,0.51821,2003-02-17 12:14:00.0,Intermediário
0.51495,0.51767,2003-02-17 12:30:00.0,Intermediário
0.51484,0.51784,2003-02-17 13:23:00.0,Intermediário
0.51501,0.51801,2003-02-17 13:38:00.0,Intermediário
0.51496,0.51796,2003-02-17 14:05:00.0,Intermediário
0.51451,0.51751,2003-02-17 14:40:00.0,Intermediário
0.51508,0.51809,2003-02-17 15:17:00.0,Intermediário
0.5146,0.51774,2003-02-17 15:37:00.0,Intermediário
0.51507,0.51851,2003-02-17 16:00:00.0,Intermediário
0.5143,0.51744,2003-02-17 16:31:00.0,Fechamento Interbancário
0.51586,0.51686,2003-02-17 17:43:00.0,Fechamento
0.50974,0.51357,2003-02-18 09:57:00.0,Abertura
0.50895,0.5135,2003-02-18 10:00:00.0,Intermediário
0.50772,0.51112,2003-02-18 10:33:00.0,Intermediário
0.5089,0.51187,2003-02-18 11:00:00.0,Intermediário
0.50906,0.5119,2003-02-18 11:30:00.0,Intermediário
0.5081,0.51093,2003-02-18 12:00:00.0,Intermediário
0.50894,0.51163,2003-02-18 12:30:00.0,Intermediário
0.50947,0.5123,2003-02-18 13:00:00.0,Intermediário
0.51017,0.51343,2003-02-18 13:30:00.0,Intermediário
0.50954,0.5128,2003-02-18 14:00:00.0,Intermediário
0.50941,0.51267,2003-02-18 14:30:00.0,Intermediário
0.50798,0.51094,2003-02-18 15:00:00.0,Intermediário
0.50992,0.5129,2003-02-18 15:31:00.0,Intermediário
0.50778,0.5106,2003-02-18 16:00:00.0,Intermediário
0.50843,0.51154,2003-02-18 16:30:00.0,Fechamento Interbancário
0.50889,0.50988,2003-02-18 17:45:00.0,Fechamento
0.50878,0.51261,2003-02-19 09:51:00.0,Abertura
0.50851,0.51205,2003-02-19 10:00:00.0,Intermediário
0.50951,0.51234,2003-02-19 10:30:00.0,Intermediário
0.50993,0.51277,2003-02-19 11:00:00.0,Intermediário
0.51008,0.51306,2003-02-19 11:30:00.0,Intermediário
0.51097,0.51395,2003-02-19 12:00:00.0,Intermediário
0.51168,0.51467,2003-02-19 12:30:00.0,Intermediário
0.51307,0.51621,2003-02-19 13:00:00.0,Intermediário
0.51336,0.5165,2003-02-19 13:30:00.0,Intermediário
0.51336,0.5165,2003-02-19 14:00:00.0,Intermediário
0.51339,0.51653,2003-02-19 14:30:00.0,Intermediário
0.51414,0.517,2003-02-19 15:00:00.0,Intermediário
0.51425,0.51726,2003-02-19 15:30:00.0,Intermediário
0.51526,0.51798,2003-02-19 16:00:00.0,Intermediário
0.51447,0.51747,2003-02-19 16:30:00.0,Fechamento Interbancário
0.51155,0.51254,2003-02-19 17:47:00.0,Fechamento
0.51302,0.51688,2003-02-20 09:55:00.0,Abertura
0.51354,0.51654,2003-02-20 10:00:00.0,Intermediário
0.51215,0.515,2003-02-20 10:30:00.0,Intermediário
0.51578,0.5185,2003-02-20 11:00:00.0,Intermediário
0.51585,0.51872,2003-02-20 11:30:00.0,Intermediário
0.51557,0.5183,2003-02-20 12:00:00.0,Intermediário
0.5166,0.51934,2003-02-20 12:30:00.0,Intermediário
0.52043,0.52376,2003-02-20 13:00:00.0,Intermediário
0.52126,0.5243,2003-02-20 13:30:00.0,Intermediário
0.52202,0.52507,2003-02-20 14:00:00.0,Intermediário
0.52266,0.52572,2003-02-20 14:30:00.0,Intermediário
0.52197,0.52487,2003-02-20 15:00:00.0,Intermediário
0.52025,0.52314,2003-02-20 15:30:00.0,Intermediário
0.51941,0.52259,2003-02-20 16:00:00.0,Intermediário
0.51934,0.52208,2003-02-20 16:30:00.0,Fechamento Interbancário
0.51893,0.51994,2003-02-20 17:56:00.0,Fechamento
0.51384,0.5177,2003-02-21 09:51:00.0,Abertura
0.51433,0.51748,2003-02-21 10:00:00.0,Intermediário
0.51586,0.51902,2003-02-21 10:30:00.0,Intermediário
0.51539,0.51826,2003-02-21 11:00:00.0,Intermediário
0.51553,0.51868,2003-02-21 11:30:00.0,Intermediário
0.51544,0.51845,2003-02-21 12:00:00.0,Intermediário
0.51741,0.52057,2003-02-21 12:30:00.0,Intermediário
0.51715,0.52003,2003-02-21 13:00:00.0,Intermediário
0.51614,0.519,2003-02-21 13:30:00.0,Intermediário
0.51676,0.51963,2003-02-21 14:00:00.0,Intermediário
0.51691,0.51978,2003-02-21 14:30:00.0,Intermediário
0.5163,0.51931,2003-02-21 15:00:00.0,Intermediário
0.51614,0.519,2003-02-21 15:30:00.0,Intermediário
0.51549,0.51864,2003-02-21 16:00:00.0,Intermediário
0.51474,0.51775,2003-02-21 16:30:00.0,Fechamento Interbancário
0.51468,0.51567,2003-02-21 17:52:00.0,Fechamento
0.50963,0.51346,2003-02-24 09:56:00.0,Abertura
0.50989,0.51315,2003-02-24 10:00:00.0,Intermediário
0.50753,0.5105,2003-02-24 10:30:00.0,Intermediário
0.50796,0.51078,2003-02-24 11:00:00.0,Intermediário
0.50899,0.51196,2003-02-24 11:30:00.0,Intermediário
0.50744,0.51055,2003-02-24 12:00:00.0,Intermediário
0.50769,0.51065,2003-02-24 12:30:00.0,Intermediário
0.50802,0.51084,2003-02-24 13:00:00.0,Intermediário
0.50828,0.5111,2003-02-24 13:30:00.0,Intermediário
0.50855,0.51138,2003-02-24 14:00:00.0,Intermediário
0.50894,0.51177,2003-02-24 14:30:00.0,Intermediário
0.5084,0.51137,2003-02-24 15:00:00.0,Intermediário
0.50831,0.51114,2003-02-24 15:30:00.0,Intermediário
0.50876,0.51159,2003-02-24 16:00:00.0,Intermediário
0.50863,0.51175,2003-02-24 16:30:00.0,Fechamento Interbancário
0.50957,0.51056,2003-02-24 17:49:00.0,Fechamento
0.50419,0.50798,2003-02-25 09:50:00.0,Abertura
0.50426,0.50805,2003-02-25 10:00:00.0,Intermediário
0.50411,0.50706,2003-02-25 10:30:00.0,Intermediário
0.50654,0.5095,2003-02-25 11:00:00.0,Intermediário
0.50806,0.51102,2003-02-25 11:30:00.0,Intermediário
0.50988,0.51257,2003-02-25 12:00:00.0,Intermediário
0.50861,0.51143,2003-02-25 12:30:00.0,Intermediário
0.50615,0.5091,2003-02-25 13:00:00.0,Intermediário
0.50718,0.51014,2003-02-25 13:30:00.0,Intermediário
0.50749,0.51045,2003-02-25 14:00:00.0,Intermediário
0.50757,0.51053,2003-02-25 14:30:00.0,Intermediário
0.50983,0.51252,2003-02-25 15:00:00.0,Intermediário
0.50847,0.51129,2003-02-25 15:30:00.0,Intermediário
0.50817,0.51099,2003-02-25 16:00:00.0,Intermediário
0.50704,0.51014,2003-02-25 16:31:00.0,Fechamento Interbancário
0.50804,0.50902,2003-02-25 17:39:00.0,Fechamento
0.50223,0.50601,2003-02-26 09:55:00.0,Abertura
0.50302,0.50624,2003-02-26 10:00:00.0,Intermediário
0.50452,0.50733,2003-02-26 10:30:00.0,Intermediário
0.50571,0.50852,2003-02-26 11:00:00.0,Intermediário
0.50464,0.50744,2003-02-26 11:30:00.0,Intermediário
0.50443,0.50738,2003-02-26 12:00:00.0,Intermediário
0.50374,0.50654,2003-02-26 12:30:00.0,Intermediário
0.50461,0.5077,2003-02-26 13:00:00.0,Intermediário
0.50523,0.5079,2003-02-26 13:30:00.0,Intermediário
0.50395,0.50661,2003-02-26 14:00:00.0,Intermediário
0.50397,0.50663,2003-02-26 14:30:00.0,Intermediário
0.50523,0.50804,2003-02-26 15:00:00.0,Intermediário
0.50357,0.50637,2003-02-26 15:30:00.0,Intermediário
0.50301,0.50567,2003-02-26 16:00:00.0,Intermediário
0.50279,0.50544,2003-02-26 16:30:00.0,Fechamento Interbancário
0.50251,0.50348,2003-02-26 17:46:00.0,Fechamento
0.49623,0.49995,2003-02-27 09:53:00.0,Abertura
0.49789,0.50065,2003-02-27 10:00:00.0,Intermediário
0.49828,0.50104,2003-02-27 10:38:00.0,Intermediário
0.49706,0.49981,2003-02-27 11:00:00.0,Intermediário
0.49607,0.49868,2003-02-27 11:30:00.0,Intermediário
0.49582,0.49871,2003-02-27 12:00:00.0,Intermediário
0.49659,0.49949,2003-02-27 12:30:00.0,Intermediário
0.49241,0.4957,2003-02-27 13:00:00.0,Intermediário
0.49338,0.49626,2003-02-27 13:30:00.0,Intermediário
0.49363,0.49651,2003-02-27 14:00:00.0,Intermediário
0.49422,0.49711,2003-02-27 14:30:00.0,Intermediário
0.49294,0.49595,2003-02-27 15:00:00.0,Intermediário
0.49417,0.49705,2003-02-27 15:30:00.0,Intermediário
0.49322,0.49595,2003-02-27 16:00:00.0,Intermediário
0.49373,0.49633,2003-02-27 16:30:00.0,Fechamento Interbancário
0.49741,0.49836,2003-02-27 17:43:00.0,Fechamento
0.49492,0.49865,2003-02-28 09:42:00.0,Abertura
0.49612,0.49902,2003-02-28 10:00:00.0,Intermediário
0.49672,0.49934,2003-02-28 10:30:00.0,Intermediário
0.49604,0.49865,2003-02-28 11:00:00.0,Intermediário
0.49689,0.49979,2003-02-28 11:30:00.0,Intermediário
0.49838,0.50101,2003-02-28 12:00:00.0,Intermediário
0.49753,0.50029,2003-02-28 12:30:00.0,Intermediário
0.49682,0.49944,2003-02-28 13:00:00.0,Intermediário
0.49702,0.49965,2003-02-28 13:30:00.0,Intermediário
0.49677,0.49939,2003-02-28 14:00:00.0,Intermediário
0.49675,0.49937,2003-02-28 14:30:00.0,Intermediário
0.49587,0.49904,2003-02-28 15:00:00.0,Intermediário
0.49604,0.49893,2003-02-28 15:30:00.0,Intermediário
0.49657,0.49989,2003-02-28 16:00:00.0,Intermediário
0.4975,0.50026,2003-02-28 16:30:00.0,Fechamento Interbancário
0.49697,0.49792,2003-02-28 17:49:00.0,Fechamento
0.50419,0.507,2003-03-05 11:57:00.0,Abertura
0.50493,0.50774,2003-03-05 12:00:00.0,Intermediário
0.50473,0.50754,2003-03-05 12:30:00.0,Intermediário
0.50437,0.50718,2003-03-05 13:00:00.0,Intermediário
0.50329,0.50695,2003-03-05 13:30:00.0,Intermediário
0.50414,0.50695,2003-03-05 14:00:00.0,Intermediário
0.50504,0.50771,2003-03-05 14:30:00.0,Intermediário
0.50261,0.50527,2003-03-05 15:00:00.0,Intermediário
0.50222,0.5053,2003-03-05 15:30:00.0,Intermediário
0.50318,0.50598,2003-03-05 16:00:00.0,Intermediário
0.50301,0.50609,2003-03-05 16:30:00.0,Fechamento Interbancário
0.50494,0.50591,2003-03-05 18:00:00.0,Fechamento
0.49226,0.49598,2003-03-06 09:55:00.0,Abertura
0.49308,0.49681,2003-03-06 10:00:00.0,Intermediário
0.49287,0.49575,2003-03-06 10:30:00.0,Intermediário
0.49449,0.4971,2003-03-06 11:00:00.0,Intermediário
0.49219,0.49507,2003-03-06 11:30:00.0,Intermediário
0.49185,0.49445,2003-03-06 12:00:00.0,Intermediário
0.49115,0.49388,2003-03-06 12:30:00.0,Intermediário
0.49204,0.49463,2003-03-06 13:00:00.0,Intermediário
0.49182,0.49456,2003-03-06 13:30:00.0,Intermediário
0.49216,0.4949,2003-03-06 14:00:00.0,Intermediário
0.49224,0.49498,2003-03-06 14:30:00.0,Intermediário
0.49132,0.49448,2003-03-06 15:00:00.0,Intermediário
0.49143,0.49431,2003-03-06 15:30:00.0,Intermediário
0.48732,0.49031,2003-03-06 16:00:00.0,Intermediário
0.48748,0.49048,2003-03-06 16:36:00.0,Fechamento Interbancário
0.49287,0.49382,2003-03-06 18:05:00.0,Fechamento
0.4865,0.49019,2003-03-07 09:50:00.0,Abertura
0.48852,0.49152,2003-03-07 10:00:00.0,Intermediário
0.49034,0.49321,2003-03-07 10:30:00.0,Intermediário
0.48974,0.49247,2003-03-07 11:00:00.0,Intermediário
0.48938,0.49196,2003-03-07 11:30:00.0,Intermediário
0.48671,0.48969,2003-03-07 12:05:00.0,Intermediário
0.4872,0.49033,2003-03-07 12:30:00.0,Intermediário
0.48371,0.4864,2003-03-07 13:03:00.0,Intermediário
0.48401,0.4867,2003-03-07 13:35:00.0,Intermediário
0.48389,0.48658,2003-03-07 14:00:00.0,Intermediário
0.48235,0.48504,2003-03-07 14:54:00.0,Intermediário
0.47969,0.48222,2003-03-07 15:00:00.0,Intermediário
0.48065,0.48346,2003-03-07 15:30:00.0,Intermediário
0.48214,0.4851,2003-03-07 16:00:00.0,Intermediário
0.48285,0.48554,2003-03-07 16:30:00.0,Fechamento Interbancário
0.48374,0.48467,2003-03-07 17:40:00.0,Fechamento
0.48588,0.48956,2003-03-10 09:47:00.0,Abertura
0.48753,0.49052,2003-03-10 10:00:00.0,Intermediário
0.48931,0.49232,2003-03-10 10:30:00.0,Intermediário
0.49012,0.49298,2003-03-10 11:21:00.0,Intermediário
0.49032,0.49319,2003-03-10 11:30:00.0,Intermediário
0.49027,0.49286,2003-03-10 12:00:00.0,Intermediário
0.49017,0.4929,2003-03-10 12:30:00.0,Intermediário
0.48955,0.49227,2003-03-10 13:00:00.0,Intermediário
0.48965,0.49237,2003-03-10 13:30:00.0,Intermediário
0.48986,0.49259,2003-03-10 14:00:00.0,Intermediário
0.4898,0.49253,2003-03-10 14:30:00.0,Intermediário
0.48913,0.49199,2003-03-10 15:00:00.0,Intermediário
0.48913,0.49185,2003-03-10 15:30:00.0,Intermediário
0.48798,0.49056,2003-03-10 16:00:00.0,Intermediário
0.48802,0.49059,2003-03-10 16:30:00.0,Fechamento Interbancário
0.49067,0.49161,2003-03-10 17:51:00.0,Fechamento
0.48644,0.49013,2003-03-11 09:46:00.0,Abertura
0.48768,0.49138,2003-03-11 10:00:00.0,Intermediário
0.48826,0.49098,2003-03-11 10:30:00.0,Intermediário
0.48926,0.49185,2003-03-11 11:00:00.0,Intermediário
0.4897,0.49229,2003-03-11 11:30:00.0,Intermediário
0.48744,0.49001,2003-03-11 12:00:00.0,Intermediário
0.48608,0.48907,2003-03-11 12:30:00.0,Intermediário
0.48798,0.4907,2003-03-11 13:00:00.0,Intermediário
0.48793,0.49064,2003-03-11 13:30:00.0,Intermediário
0.48759,0.49031,2003-03-11 14:00:00.0,Intermediário
0.48771,0.49043,2003-03-11 14:30:00.0,Intermediário
0.48572,0.48843,2003-03-11 15:00:00.0,Intermediário
0.48581,0.48852,2003-03-11 15:30:00.0,Intermediário
0.48421,0.48733,2003-03-11 16:00:00.0,Intermediário
0.48379,0.48691,2003-03-11 16:30:00.0,Fechamento Interbancário
0.48843,0.48937,2003-03-11 17:39:00.0,Fechamento
0.48825,0.49196,2003-03-12 09:46:00.0,Abertura
0.48794,0.49094,2003-03-12 10:00:00.0,Intermediário
0.48686,0.48971,2003-03-12 10:33:00.0,Intermediário
0.48627,0.48884,2003-03-12 11:00:00.0,Intermediário
0.48454,0.48767,2003-03-12 11:30:00.0,Intermediário
0.48375,0.48617,2003-03-12 12:00:00.0,Intermediário
0.48495,0.48794,2003-03-12 12:30:00.0,Intermediário
0.48639,0.48939,2003-03-12 13:00:00.0,Intermediário
0.48648,0.48905,2003-03-12 13:30:00.0,Intermediário
0.48667,0.48925,2003-03-12 14:00:00.0,Intermediário
0.48664,0.48922,2003-03-12 14:30:00.0,Intermediário
0.48633,0.48904,2003-03-12 15:00:00.0,Intermediário
0.4866,0.48932,2003-03-12 15:30:00.0,Intermediário
0.48508,0.48821,2003-03-12 16:00:00.0,Intermediário
0.48523,0.48808,2003-03-12 16:30:00.0,Fechamento Interbancário
0.4862,0.48714,2003-03-12 17:44:00.0,Fechamento
0.47189,0.47551,2003-03-13 09:33:00.0,Abertura
0.47415,0.47708,2003-03-13 10:00:00.0,Intermediário
0.47625,0.47918,2003-03-13 10:30:00.0,Intermediário
0.47465,0.47772,2003-03-13 11:00:00.0,Intermediário
0.47563,0.47856,2003-03-13 11:30:00.0,Intermediário
0.47551,0.47802,2003-03-13 12:00:00.0,Intermediário
0.47782,0.48048,2003-03-13 12:30:00.0,Intermediário
0.47654,0.47907,2003-03-13 13:00:00.0,Intermediário
0.47587,0.47853,2003-03-13 13:30:00.0,Intermediário
0.47624,0.4789,2003-03-13 14:00:00.0,Intermediário
0.47643,0.47909,2003-03-13 14:30:00.0,Intermediário
0.47633,0.47886,2003-03-13 15:00:00.0,Intermediário
0.47327,0.47605,2003-03-13 15:30:00.0,Intermediário
0.47037,0.47327,2003-03-13 16:00:00.0,Intermediário
0.46924,0.47213,2003-03-13 16:30:00.0,Fechamento Interbancário
0.47276,0.47367,2003-03-13 18:12:00.0,Fechamento
0.46879,0.47237,2003-03-14 09:40:00.0,Abertura
0.46829,0.47146,2003-03-14 10:00:00.0,Intermediário
0.46958,0.47234,2003-03-14 10:30:00.0,Intermediário
0.47136,0.474,2003-03-14 11:00:00.0,Intermediário
0.46846,0.47136,2003-03-14 11:30:00.0,Intermediário
0.46953,0.47229,2003-03-14 12:00:00.0,Intermediário
0.46737,0.47013,2003-03-14 12:30:00.0,Intermediário
0.46789,0.47051,2003-03-14 13:00:00.0,Intermediário
0.46539,0.468,2003-03-14 13:48:00.0,Intermediário
0.46603,0.46864,2003-03-14 14:00:00.0,Intermediário
0.46634,0.46895,2003-03-14 14:30:00.0,Intermediário
0.4696,0.47209,2003-03-14 15:00:00.0,Intermediário
0.47143,0.47392,2003-03-14 15:30:00.0,Intermediário
0.47378,0.47628,2003-03-14 16:00:00.0,Intermediário
0.47302,0.47552,2003-03-14 16:30:00.0,Fechamento Interbancário
0.46852,0.46942,2003-03-14 17:39:00.0,Fechamento
0.47578,0.4794,2003-03-17 09:54:00.0,Abertura
0.47579,0.47941,2003-03-17 10:00:00.0,Intermediário
0.47656,0.47936,2003-03-17 10:30:00.0,Intermediário
0.47612,0.47905,2003-03-17 11:00:00.0,Intermediário
0.4747,0.47763,2003-03-17 11:30:00.0,Intermediário
0.47397,0.47662,2003-03-17 12:00:00.0,Intermediário
0.47284,0.47548,2003-03-17 12:30:00.0,Intermediário
0.46727,0.47015,2003-03-17 13:05:00.0,Intermediário
0.4639,0.46676,2003-03-17 13:47:00.0,Intermediário
0.46404,0.4669,2003-03-17 14:00:00.0,Intermediário
0.46457,0.46743,2003-03-17 14:30:00.0,Intermediário
0.46319,0.46577,2003-03-17 15:00:00.0,Intermediário
0.46486,0.46732,2003-03-17 15:30:00.0,Intermediário
0.4666,0.46906,2003-03-17 16:00:00.0,Intermediário
0.46644,0.4693,2003-03-17 16:30:00.0,Fechamento Interbancário
0.46835,0.46925,2003-03-17 17:47:00.0,Fechamento
0.45622,0.4597,2003-03-18 09:54:00.0,Abertura
0.45739,0.45981,2003-03-18 10:00:00.0,Intermediário
0.46054,0.46311,2003-03-18 10:30:00.0,Intermediário
0.46064,0.46321,2003-03-18 11:00:00.0,Intermediário
0.46074,0.46344,2003-03-18 11:30:00.0,Intermediário
0.46149,0.46406,2003-03-18 12:00:00.0,Intermediário
0.46277,0.46534,2003-03-18 12:30:00.0,Intermediário
0.46332,0.46576,2003-03-18 13:00:00.0,Intermediário
0.46262,0.46505,2003-03-18 13:30:00.0,Intermediário
0.46106,0.46349,2003-03-18 14:00:00.0,Intermediário
0.4609,0.46332,2003-03-18 14:30:00.0,Intermediário
0.46008,0.46264,2003-03-18 15:00:00.0,Intermediário
0.46029,0.46272,2003-03-18 15:30:00.0,Intermediário
0.45961,0.46257,2003-03-18 16:00:00.0,Intermediário
0.46029,0.46272,2003-03-18 16:30:00.0,Fechamento Interbancário
0.45919,0.46006,2003-03-18 17:41:00.0,Fechamento
0.46126,0.46477,2003-03-19 09:56:00.0,Abertura
0.46169,0.46412,2003-03-19 10:00:00.0,Intermediário
0.46033,0.46289,2003-03-19 10:30:00.0,Intermediário
0.46177,0.46434,2003-03-19 11:00:00.0,Intermediário
0.46218,0.46474,2003-03-19 11:30:00.0,Intermediário
0.46449,0.46707,2003-03-19 12:00:00.0,Intermediário
0.4637,0.46627,2003-03-19 12:30:00.0,Intermediário
0.46289,0.46532,2003-03-19 13:00:00.0,Intermediário
0.46309,0.46553,2003-03-19 13:30:00.0,Intermediário
0.46381,0.46626,2003-03-19 14:00:00.0,Intermediário
0.46314,0.46558,2003-03-19 14:30:00.0,Intermediário
0.46321,0.46605,2003-03-19 15:00:00.0,Intermediário
0.46426,0.46711,2003-03-19 15:30:00.0,Intermediário
0.46297,0.46567,2003-03-19 16:00:00.0,Intermediário
0.46307,0.46564,2003-03-19 16:30:00.0,Fechamento Interbancário
0.46184,0.46272,2003-03-19 17:48:00.0,Fechamento
0.46358,0.4671,2003-03-20 09:55:00.0,Abertura
0.46525,0.4681,2003-03-20 10:00:00.0,Intermediário
0.46615,0.4686,2003-03-20 10:30:00.0,Intermediário
0.4667,0.46929,2003-03-20 11:00:00.0,Intermediário
0.46733,0.46979,2003-03-20 11:30:00.0,Intermediário
0.46729,0.46988,2003-03-20 12:00:00.0,Intermediário
0.47032,0.47293,2003-03-20 12:34:00.0,Intermediário
0.46815,0.47102,2003-03-20 13:00:00.0,Intermediário
0.46894,0.47181,2003-03-20 13:30:00.0,Intermediário
0.46861,0.47148,2003-03-20 14:00:00.0,Intermediário
0.46825,0.47112,2003-03-20 14:30:00.0,Intermediário
0.4685,0.47124,2003-03-20 15:00:00.0,Intermediário
0.46845,0.47092,2003-03-20 15:30:00.0,Intermediário
0.46746,0.47033,2003-03-20 16:00:00.0,Intermediário
0.46747,0.4702,2003-03-20 16:30:00.0,Fechamento Interbancário
0.4694,0.47029,2003-03-20 17:38:00.0,Fechamento
0.46213,0.46564,2003-03-21 09:40:00.0,Abertura
0.46352,0.4661,2003-03-21 10:00:00.0,Intermediário
0.46376,0.46634,2003-03-21 10:30:00.0,Intermediário
0.46303,0.46547,2003-03-21 11:00:00.0,Intermediário
0.46214,0.46471,2003-03-21 11:30:00.0,Intermediário
0.46174,0.46458,2003-03-21 12:00:00.0,Intermediário
0.45953,0.46235,2003-03-21 12:30:00.0,Intermediário
0.45651,0.45918,2003-03-21 13:00:00.0,Intermediário
0.45875,0.46143,2003-03-21 13:30:00.0,Intermediário
0.45817,0.46085,2003-03-21 14:00:00.0,Intermediário
0.45722,0.45989,2003-03-21 14:30:00.0,Intermediário
0.45551,0.45791,2003-03-21 15:00:00.0,Intermediário
0.45581,0.45822,2003-03-21 15:30:00.0,Intermediário
0.45464,0.45757,2003-03-21 16:00:00.0,Intermediário
0.45493,0.45773,2003-03-21 16:30:00.0,Fechamento Interbancário
0.46025,0.46113,2003-03-21 17:56:00.0,Fechamento
0.4629,0.46642,2003-03-24 09:49:00.0,Abertura
0.46234,0.46586,2003-03-24 10:00:00.0,Intermediário
0.46241,0.46526,2003-03-24 10:30:00.0,Intermediário
0.46167,0.46424,2003-03-24 11:00:00.0,Intermediário
0.45936,0.46219,2003-03-24 11:30:00.0,Intermediário
0.46042,0.46312,2003-03-24 12:00:00.0,Intermediário
0.46124,0.46367,2003-03-24 12:30:00.0,Intermediário
0.46134,0.46377,2003-03-24 13:00:00.0,Intermediário
0.46026,0.46296,2003-03-24 13:30:00.0,Intermediário
0.46022,0.46292,2003-03-24 14:00:00.0,Intermediário
0.45998,0.46268,2003-03-24 14:30:00.0,Intermediário
0.45928,0.46197,2003-03-24 15:00:00.0,Intermediário
0.45949,0.46219,2003-03-24 15:30:00.0,Intermediário
0.45996,0.46239,2003-03-24 16:00:00.0,Intermediário
0.45934,0.46177,2003-03-24 16:30:00.0,Fechamento Interbancário
0.4596,0.46047,2003-03-24 18:01:00.0,Fechamento
0.45788,0.46139,2003-03-25 09:45:00.0,Abertura
0.46105,0.46376,2003-03-25 10:00:00.0,Intermediário
0.46004,0.46261,2003-03-25 10:30:00.0,Intermediário
0.46173,0.46458,2003-03-25 11:00:00.0,Intermediário
0.4616,0.46431,2003-03-25 11:30:00.0,Intermediário
0.46209,0.46481,2003-03-25 12:00:00.0,Intermediário
0.46249,0.46494,2003-03-25 12:30:00.0,Intermediário
0.46208,0.46466,2003-03-25 13:00:00.0,Intermediário
0.46108,0.46365,2003-03-25 13:30:00.0,Intermediário
0.46142,0.464,2003-03-25 14:00:00.0,Intermediário
0.4609,0.46347,2003-03-25 14:30:00.0,Intermediário
0.45921,0.46205,2003-03-25 15:00:00.0,Intermediário
0.45848,0.4609,2003-03-25 15:30:00.0,Intermediário
0.45726,0.45968,2003-03-25 16:00:00.0,Intermediário
0.45713,0.45955,2003-03-25 16:30:00.0,Fechamento Interbancário
0.4605,0.46138,2003-03-25 18:00:00.0,Fechamento
0.45648,0.45999,2003-03-26 09:53:00.0,Abertura
0.45752,0.46049,2003-03-26 10:00:00.0,Intermediário
0.45906,0.46149,2003-03-26 10:30:00.0,Intermediário
0.45764,0.4602,2003-03-26 11:00:00.0,Intermediário
0.45863,0.46133,2003-03-26 11:30:00.0,Intermediário
0.45757,0.4604,2003-03-26 12:00:00.0,Intermediário
0.45809,0.46078,2003-03-26 12:30:00.0,Intermediário
0.46019,0.4629,2003-03-26 13:00:00.0,Intermediário
0.46041,0.46311,2003-03-26 13:30:00.0,Intermediário
0.46018,0.46289,2003-03-26 14:00:00.0,Intermediário
0.45911,0.46181,2003-03-26 14:30:00.0,Intermediário
0.4591,0.46166,2003-03-26 15:00:00.0,Intermediário
0.45927,0.46184,2003-03-26 15:30:00.0,Intermediário
0.45942,0.46199,2003-03-26 16:00:00.0,Intermediário
0.45858,0.46114,2003-03-26 16:30:00.0,Fechamento Interbancário
0.45821,0.45909,2003-03-26 17:41:00.0,Fechamento
0.46219,0.46573,2003-03-27 09:59:00.0,Abertura
0.46294,0.4658,2003-03-27 10:00:00.0,Intermediário
0.46497,0.46742,2003-03-27 10:30:00.0,Intermediário
0.46545,0.46805,2003-03-27 11:00:00.0,Intermediário
0.46562,0.46808,2003-03-27 11:30:00.0,Intermediário
0.4657,0.46816,2003-03-27 12:00:00.0,Intermediário
0.46378,0.46637,2003-03-27 12:30:00.0,Intermediário
0.46315,0.466,2003-03-27 13:00:00.0,Intermediário
0.46257,0.46487,2003-03-27 13:30:00.0,Intermediário
0.46204,0.46435,2003-03-27 14:00:00.0,Intermediário
0.46167,0.46397,2003-03-27 14:30:00.0,Intermediário
0.45762,0.46045,2003-03-27 15:00:00.0,Intermediário
0.45903,0.46145,2003-03-27 15:30:00.0,Intermediário
0.45966,0.46196,2003-03-27 16:00:00.0,Intermediário
0.45807,0.4609,2003-03-27 16:30:00.0,Fechamento Interbancário
0.46167,0.46255,2003-03-27 17:42:00.0,Fechamento
0.46034,0.46387,2003-03-28 09:54:00.0,Abertura
0.46157,0.46428,2003-03-28 10:00:00.0,Intermediário
0.46186,0.4643,2003-03-28 10:30:00.0,Intermediário
0.4601,0.46295,2003-03-28 11:00:00.0,Intermediário
0.46098,0.46355,2003-03-28 11:30:00.0,Intermediário
0.46052,0.46296,2003-03-28 12:00:00.0,Intermediário
0.45897,0.46139,2003-03-28 12:30:00.0,Intermediário
0.45743,0.45999,2003-03-28 13:00:00.0,Intermediário
0.45758,0.46014,2003-03-28 13:30:00.0,Intermediário
0.45812,0.46068,2003-03-28 14:00:00.0,Intermediário
0.45861,0.46118,2003-03-28 14:30:00.0,Intermediário
0.45954,0.46197,2003-03-28 15:00:00.0,Intermediário
0.45854,0.4611,2003-03-28 15:30:00.0,Intermediário
0.45899,0.46142,2003-03-28 16:00:00.0,Intermediário
0.45927,0.46171,2003-03-28 16:30:00.0,Fechamento Interbancário
0.46065,0.46153,2003-03-28 17:51:00.0,Fechamento
0.4645,0.46807,2003-03-31 09:46:00.0,Abertura
0.46361,0.46634,2003-03-31 10:00:00.0,Intermediário
0.46161,0.46461,2003-03-31 10:30:00.0,Intermediário
0.45847,0.46104,2003-03-31 11:00:00.0,Intermediário
0.45952,0.46195,2003-03-31 11:30:00.0,Intermediário
0.45857,0.461,2003-03-31 12:00:00.0,Intermediário
0.45831,0.46088,2003-03-31 12:30:00.0,Intermediário
0.45653,0.45936,2003-03-31 13:00:00.0,Intermediário
0.45711,0.45994,2003-03-31 13:30:00.0,Intermediário
0.45699,0.45982,2003-03-31 14:00:00.0,Intermediário
0.45652,0.45935,2003-03-31 14:30:00.0,Intermediário
0.4553,0.45771,2003-03-31 15:00:00.0,Intermediário
0.45819,0.46103,2003-03-31 15:30:00.0,Intermediário
0.45942,0.46199,2003-03-31 16:04:00.0,Intermediário
0.45946,0.4619,2003-03-31 16:32:00.0,Fechamento Interbancário
0.46,0.46089,2003-03-31 17:51:00.0,Fechamento
0.4611,0.46465,2003-04-01 09:48:00.0,Abertura
0.4606,0.46332,2003-04-01 10:00:00.0,Intermediário
0.46166,0.4641,2003-04-01 10:30:00.0,Intermediário
0.46212,0.46484,2003-04-01 11:00:00.0,Intermediário
0.46008,0.46265,2003-04-01 11:30:00.0,Intermediário
0.46042,0.463,2003-04-01 12:00:00.0,Intermediário
0.45936,0.46194,2003-04-01 12:30:00.0,Intermediário
0.46033,0.46305,2003-04-01 13:00:00.0,Intermediário
0.46041,0.46313,2003-04-01 13:30:00.0,Intermediário
0.46035,0.46308,2003-04-01 14:00:00.0,Intermediário
0.45981,0.46253,2003-04-01 14:30:00.0,Intermediário
0.45815,0.46072,2003-04-01 15:00:00.0,Intermediário
0.45918,0.46203,2003-04-01 15:30:00.0,Intermediário
0.45748,0.45991,2003-04-01 16:00:00.0,Intermediário
0.45717,0.45974,2003-04-01 16:30:00.0,Fechamento Interbancário
0.4629,0.4638,2003-04-01 17:41:00.0,Fechamento
0.45416,0.45768,2003-04-02 09:49:00.0,Abertura
0.45419,0.45674,2003-04-02 10:00:00.0,Intermediário
0.45242,0.45483,2003-04-02 10:30:00.0,Intermediário
0.45205,0.45487,2003-04-02 11:00:00.0,Intermediário
0.45061,0.453,2003-04-02 11:30:00.0,Intermediário
0.45124,0.45392,2003-04-02 12:00:00.0,Intermediário
0.45149,0.45389,2003-04-02 12:30:00.0,Intermediário
0.45114,0.45353,2003-04-02 13:00:00.0,Intermediário
0.45032,0.45272,2003-04-02 13:30:00.0,Intermediário
0.45059,0.45299,2003-04-02 14:00:00.0,Intermediário
0.45047,0.45286,2003-04-02 14:30:00.0,Intermediário
0.4494,0.45206,2003-04-02 15:00:00.0,Intermediário
0.44936,0.45174,2003-04-02 15:30:00.0,Intermediário
0.44708,0.44946,2003-04-02 16:00:00.0,Intermediário
0.44696,0.44934,2003-04-02 16:31:00.0,Fechamento Interbancário
0.451,0.45187,2003-04-02 17:49:00.0,Fechamento
0.44405,0.4475,2003-04-03 09:42:00.0,Abertura
0.44546,0.44796,2003-04-03 10:00:00.0,Intermediário
0.44522,0.44759,2003-04-03 10:30:00.0,Intermediário
0.44522,0.44786,2003-04-03 11:00:00.0,Intermediário
0.44709,0.44961,2003-04-03 11:30:00.0,Intermediário
0.44715,0.44966,2003-04-03 12:00:00.0,Intermediário
0.4463,0.44881,2003-04-03 12:36:00.0,Intermediário
0.44588,0.44867,2003-04-03 13:13:00.0,Intermediário
0.44685,0.44964,2003-04-03 13:40:00.0,Intermediário
0.44672,0.44951,2003-04-03 14:11:00.0,Intermediário
0.44707,0.44986,2003-04-03 14:30:00.0,Intermediário
0.44544,0.44795,2003-04-03 15:00:00.0,Intermediário
0.44785,0.45037,2003-04-03 15:30:00.0,Intermediário
0.44717,0.44997,2003-04-03 16:00:00.0,Intermediário
0.44733,0.45012,2003-04-03 16:33:00.0,Fechamento Interbancário
0.44897,0.44984,2003-04-03 17:43:00.0,Fechamento
0.44722,0.4507,2003-04-04 09:48:00.0,Abertura
0.44789,0.45054,2003-04-04 10:00:00.0,Intermediário
0.44696,0.44975,2003-04-04 10:30:00.0,Intermediário
0.44385,0.44634,2003-04-04 11:00:00.0,Intermediário
0.44379,0.44615,2003-04-04 11:30:00.0,Intermediário
0.44361,0.44597,2003-04-04 12:00:00.0,Intermediário
0.44457,0.44707,2003-04-04 12:30:00.0,Intermediário
0.44474,0.44724,2003-04-04 13:00:00.0,Intermediário
0.4453,0.44781,2003-04-04 13:30:00.0,Intermediário
0.44466,0.44717,2003-04-04 14:00:00.0,Intermediário
0.44481,0.44731,2003-04-04 14:30:00.0,Intermediário
0.44315,0.44606,2003-04-04 15:00:00.0,Intermediário
0.44186,0.44462,2003-04-04 15:30:00.0,Intermediário
0.44252,0.44557,2003-04-04 16:00:00.0,Intermediário
0.44261,0.44566,2003-04-04 16:30:00.0,Fechamento Interbancário
0.4472,0.44807,2003-04-04 17:38:00.0,Fechamento
0.43234,0.43574,2003-04-07 09:51:00.0,Abertura
0.43294,0.43566,2003-04-07 10:00:00.0,Intermediário
0.43212,0.43483,2003-04-07 10:30:00.0,Intermediário
0.43393,0.43624,2003-04-07 11:00:00.0,Intermediário
0.43475,0.43706,2003-04-07 11:30:00.0,Intermediário
0.4351,0.43756,2003-04-07 12:00:00.0,Intermediário
0.43341,0.43572,2003-04-07 12:30:00.0,Intermediário
0.43345,0.43576,2003-04-07 13:00:00.0,Intermediário
0.43381,0.43612,2003-04-07 13:30:00.0,Intermediário
0.43378,0.43609,2003-04-07 14:00:00.0,Intermediário
0.43351,0.43582,2003-04-07 14:30:00.0,Intermediário
0.43239,0.43511,2003-04-07 15:00:00.0,Intermediário
0.43199,0.43443,2003-04-07 15:30:00.0,Intermediário
0.4312,0.43405,2003-04-07 16:00:00.0,Intermediário
0.43213,0.43458,2003-04-07 16:30:00.0,Fechamento Interbancário
0.43635,0.43719,2003-04-07 17:50:00.0,Fechamento
0.42942,0.43282,2003-04-08 09:45:00.0,Abertura
0.43081,0.43366,2003-04-08 10:00:00.0,Intermediário
0.43065,0.43322,2003-04-08 10:30:00.0,Intermediário
0.43297,0.43542,2003-04-08 11:00:00.0,Intermediário
0.43366,0.43611,2003-04-08 11:30:00.0,Intermediário
0.43248,0.43547,2003-04-08 12:00:00.0,Intermediário
0.43588,0.43821,2003-04-08 12:30:00.0,Intermediário
0.4344,0.43671,2003-04-08 13:00:00.0,Intermediário
0.43515,0.43747,2003-04-08 13:30:00.0,Intermediário
0.43492,0.43723,2003-04-08 14:00:00.0,Intermediário
0.43477,0.43708,2003-04-08 14:30:00.0,Intermediário
0.43732,0.43965,2003-04-08 15:00:00.0,Intermediário
0.43827,0.44088,2003-04-08 15:30:00.0,Intermediário
0.43689,0.43977,2003-04-08 16:00:00.0,Intermediário
0.43723,0.44011,2003-04-08 16:30:00.0,Fechamento Interbancário
0.43489,0.43573,2003-04-08 17:47:00.0,Fechamento
0.43911,0.44255,2003-04-09 09:51:00.0,Abertura
0.44061,0.44324,2003-04-09 10:00:00.0,Intermediário
0.43616,0.43904,2003-04-09 10:30:00.0,Intermediário
0.43607,0.43881,2003-04-09 11:00:00.0,Intermediário
0.43387,0.43619,2003-04-09 11:30:00.0,Intermediário
0.43422,0.43681,2003-04-09 12:00:00.0,Intermediário
0.43698,0.43945,2003-04-09 12:30:00.0,Intermediário
0.43571,0.43803,2003-04-09 13:00:00.0,Intermediário
0.43599,0.43832,2003-04-09 13:30:00.0,Intermediário
0.43697,0.4393,2003-04-09 14:00:00.0,Intermediário
0.43675,0.43908,2003-04-09 14:30:00.0,Intermediário
0.43611,0.43843,2003-04-09 15:00:00.0,Intermediário
0.43784,0.44017,2003-04-09 15:30:00.0,Intermediário
0.43897,0.44131,2003-04-09 16:00:00.0,Intermediário
0.4388,0.44114,2003-04-09 16:30:00.0,Fechamento Interbancário
0.43917,0.44003,2003-04-09 17:47:00.0,Fechamento
0.43824,0.44167,2003-04-10 09:44:00.0,Abertura
0.4381,0.44084,2003-04-10 10:00:00.0,Intermediário
0.43668,0.43914,2003-04-10 10:30:00.0,Intermediário
0.43765,0.44039,2003-04-10 11:00:00.0,Intermediário
0.43643,0.43902,2003-04-10 11:30:00.0,Intermediário
0.43766,0.44026,2003-04-10 12:00:00.0,Intermediário
0.43883,0.44144,2003-04-10 12:30:00.0,Intermediário
0.43873,0.44107,2003-04-10 13:00:00.0,Intermediário
0.43941,0.44161,2003-04-10 13:30:00.0,Intermediário
0.43941,0.44161,2003-04-10 14:00:00.0,Intermediário
0.4393,0.4415,2003-04-10 14:30:00.0,Intermediário
0.43942,0.4419,2003-04-10 15:00:00.0,Intermediário
0.44217,0.44493,2003-04-10 15:30:00.0,Intermediário
0.44318,0.44581,2003-04-10 16:00:00.0,Intermediário
0.44331,0.44594,2003-04-10 16:30:00.0,Fechamento Interbancário
0.43871,0.43956,2003-04-10 18:34:00.0,Fechamento
0.43584,0.43925,2003-04-11 09:42:00.0,Abertura
0.43528,0.43841,2003-04-11 10:00:00.0,Intermediário
0.43582,0.43813,2003-04-11 10:30:00.0,Intermediário
0.43539,0.43798,2003-04-11 11:00:00.0,Intermediário
0.43715,0.43961,2003-04-11 11:30:00.0,Intermediário
0.43776,0.44037,2003-04-11 12:00:00.0,Intermediário
0.43868,0.44115,2003-04-11 12:30:00.0,Intermediário
0.43916,0.44177,2003-04-11 13:00:00.0,Intermediário
0.43948,0.44209,2003-04-11 13:30:00.0,Intermediário
0.43907,0.44168,2003-04-11 14:00:00.0,Intermediário
0.4393,0.44191,2003-04-11 14:30:00.0,Intermediário
0.43874,0.44135,2003-04-11 15:02:00.0,Intermediário
0.43697,0.43971,2003-04-11 15:30:00.0,Intermediário
0.43594,0.43867,2003-04-11 16:00:00.0,Intermediário
0.43668,0.43901,2003-04-11 16:30:00.0,Fechamento Interbancário
0.4385,0.43935,2003-04-11 17:41:00.0,Fechamento
0.43299,0.43639,2003-04-14 09:56:00.0,Abertura
0.43323,0.43595,2003-04-14 10:00:00.0,Intermediário
0.43523,0.43782,2003-04-14 10:30:00.0,Intermediário
0.43529,0.4376,2003-04-14 11:00:00.0,Intermediário
0.43462,0.43721,2003-04-14 11:30:00.0,Intermediário
0.43497,0.43729,2003-04-14 12:00:00.0,Intermediário
0.43459,0.43705,2003-04-14 12:30:00.0,Intermediário
0.43337,0.43609,2003-04-14 13:00:00.0,Intermediário
0.4331,0.43582,2003-04-14 13:30:00.0,Intermediário
0.43351,0.43623,2003-04-14 14:00:00.0,Intermediário
0.43332,0.43604,2003-04-14 14:30:00.0,Intermediário
0.43384,0.43615,2003-04-14 15:00:00.0,Intermediário
0.43231,0.43488,2003-04-14 15:30:00.0,Intermediário
0.43165,0.43422,2003-04-14 16:00:00.0,Intermediário
0.43204,0.43434,2003-04-14 16:31:00.0,Fechamento Interbancário
0.43536,0.43621,2003-04-14 17:41:00.0,Fechamento
0.43048,0.43387,2003-04-15 09:42:00.0,Abertura
0.43148,0.43461,2003-04-15 10:00:00.0,Intermediário
0.42987,0.43244,2003-04-15 10:30:00.0,Intermediário
0.42864,0.43093,2003-04-15 11:00:00.0,Intermediário
0.42831,0.43101,2003-04-15 11:30:00.0,Intermediário
0.4296,0.4319,2003-04-15 12:00:00.0,Intermediário
0.42618,0.42901,2003-04-15 12:30:00.0,Intermediário
0.42645,0.429,2003-04-15 13:00:00.0,Intermediário
0.42754,0.42997,2003-04-15 13:30:00.0,Intermediário
0.42754,0.42997,2003-04-15 14:00:00.0,Intermediário
0.42824,0.43066,2003-04-15 14:30:00.0,Intermediário
0.42573,0.42801,2003-04-15 15:01:00.0,Intermediário
0.42383,0.42624,2003-04-15 15:35:00.0,Intermediário
0.42313,0.42595,2003-04-15 16:00:00.0,Intermediário
0.42305,0.42546,2003-04-15 16:48:00.0,Fechamento Interbancário
0.42805,0.42888,2003-04-15 17:47:00.0,Fechamento
0.42163,0.425,2003-04-16 09:56:00.0,Abertura
0.42102,0.42383,2003-04-16 10:01:00.0,Intermediário
0.4244,0.42708,2003-04-16 10:31:00.0,Intermediário
0.4253,0.42799,2003-04-16 11:00:00.0,Intermediário
0.4229,0.42558,2003-04-16 11:30:00.0,Intermediário
0.42526,0.42781,2003-04-16 12:00:00.0,Intermediário
0.42401,0.4267,2003-04-16 12:30:00.0,Intermediário
0.42393,0.42648,2003-04-16 13:00:00.0,Intermediário
0.42421,0.42676,2003-04-16 13:30:00.0,Intermediário
0.42483,0.42738,2003-04-16 14:00:00.0,Intermediário
0.42504,0.42759,2003-04-16 14:30:00.0,Intermediário
0.42368,0.42636,2003-04-16 15:00:00.0,Intermediário
0.42613,0.42883,2003-04-16 15:37:00.0,Intermediário
0.42843,0.43114,2003-04-16 17:04:00.0,Intermediário
0.42841,0.43112,2003-04-16 17:05:00.0,Fechamento Interbancário
0.42668,0.42752,2003-04-16 17:48:00.0,Fechamento
0.42391,0.4273,2003-04-17 09:44:00.0,Abertura
0.42495,0.42737,2003-04-17 10:00:00.0,Intermediário
0.42288,0.42543,2003-04-17 10:30:00.0,Intermediário
0.42184,0.42453,2003-04-17 11:00:00.0,Intermediário
0.41815,0.42096,2003-04-17 11:30:00.0,Intermediário
0.41738,0.4199,2003-04-17 12:00:00.0,Intermediário
0.41781,0.42006,2003-04-17 12:30:00.0,Intermediário
0.42053,0.42293,2003-04-17 13:00:00.0,Intermediário
0.41953,0.42178,2003-04-17 13:30:00.0,Intermediário
0.41934,0.42159,2003-04-17 14:00:00.0,Intermediário
0.41911,0.42136,2003-04-17 14:30:00.0,Intermediário
0.41893,0.42118,2003-04-17 15:00:00.0,Intermediário
0.4182,0.42058,2003-04-17 15:30:00.0,Intermediário
0.41851,0.42117,2003-04-17 16:00:00.0,Intermediário
0.41874,0.4214,2003-04-17 16:30:00.0,Fechamento Interbancário
0.41871,0.41953,2003-04-17 17:41:00.0,Fechamento
0.42733,0.43075,2003-04-22 09:56:00.0,Abertura
0.42796,0.43138,2003-04-22 10:00:00.0,Intermediário
0.42988,0.43261,2003-04-22 10:30:00.0,Intermediário
0.42717,0.4296,2003-04-22 11:00:00.0,Intermediário
0.4269,0.42961,2003-04-22 11:30:00.0,Intermediário
0.42688,0.42931,2003-04-22 12:00:00.0,Intermediário
0.42755,0.42998,2003-04-22 12:30:00.0,Intermediário
0.42589,0.42818,2003-04-22 13:00:00.0,Intermediário
0.4256,0.42789,2003-04-22 13:30:00.0,Intermediário
0.42543,0.42772,2003-04-22 14:00:00.0,Intermediário
0.42605,0.42833,2003-04-22 14:30:00.0,Intermediário
0.42467,0.42709,2003-04-22 15:00:00.0,Intermediário
0.42536,0.42764,2003-04-22 15:30:00.0,Intermediário
0.42376,0.42618,2003-04-22 16:00:00.0,Intermediário
0.42392,0.42634,2003-04-22 16:30:00.0,Fechamento Interbancário
0.4275,0.42834,2003-04-22 17:49:00.0,Fechamento
0.42451,0.42791,2003-04-23 09:51:00.0,Abertura
0.42502,0.42772,2003-04-23 10:00:00.0,Intermediário
0.42175,0.4243,2003-04-23 10:30:00.0,Intermediário
0.41958,0.42197,2003-04-23 11:00:00.0,Intermediário
0.42053,0.42307,2003-04-23 11:30:00.0,Intermediário
0.42061,0.42301,2003-04-23 12:00:00.0,Intermediário
0.41904,0.42157,2003-04-23 12:30:00.0,Intermediário
0.41879,0.42132,2003-04-23 13:00:00.0,Intermediário
0.41864,0.42089,2003-04-23 13:30:00.0,Intermediário
0.41842,0.42067,2003-04-23 14:00:00.0,Intermediário
0.41941,0.42167,2003-04-23 14:30:00.0,Intermediário
0.41945,0.42213,2003-04-23 15:00:00.0,Intermediário
0.42108,0.42363,2003-04-23 15:30:00.0,Intermediário
0.41829,0.42082,2003-04-23 16:00:00.0,Intermediário
0.41881,0.42134,2003-04-23 16:30:00.0,Fechamento Interbancário
0.42097,0.4218,2003-04-23 17:41:00.0,Fechamento
0.42025,0.42364,2003-04-24 09:43:00.0,Abertura
0.4202,0.42288,2003-04-24 10:24:00.0,Intermediário
0.41871,0.42125,2003-04-24 10:30:00.0,Intermediário
0.42003,0.42229,2003-04-24 11:00:00.0,Intermediário
0.41848,0.42101,2003-04-24 11:30:00.0,Intermediário
0.42134,0.42361,2003-04-24 12:00:00.0,Intermediário
0.42285,0.42555,2003-04-24 12:30:00.0,Intermediário
0.42251,0.42492,2003-04-24 13:00:00.0,Intermediário
0.42189,0.42458,2003-04-24 13:30:00.0,Intermediário
0.42182,0.42451,2003-04-24 14:00:00.0,Intermediário
0.42192,0.42461,2003-04-24 14:30:00.0,Intermediário
0.42483,0.4274,2003-04-24 15:00:00.0,Intermediário
0.42602,0.42874,2003-04-24 15:30:00.0,Intermediário
0.42354,0.42624,2003-04-24 16:00:00.0,Intermediário
0.42347,0.42604,2003-04-24 16:30:00.0,Fechamento Interbancário
0.42388,0.42472,2003-04-24 17:46:00.0,Fechamento
0.42489,0.4283,2003-04-25 09:52:00.0,Abertura
0.42472,0.42743,2003-04-25 10:00:00.0,Intermediário
0.42289,0.42559,2003-04-25 10:30:00.0,Intermediário
0.42298,0.42553,2003-04-25 11:00:00.0,Intermediário
0.42375,0.42604,2003-04-25 11:30:00.0,Intermediário
0.42416,0.42659,2003-04-25 12:00:00.0,Intermediário
0.42517,0.42774,2003-04-25 12:30:00.0,Intermediário
0.42498,0.42727,2003-04-25 13:00:00.0,Intermediário
0.42461,0.4269,2003-04-25 13:30:00.0,Intermediário
0.42466,0.42695,2003-04-25 14:00:00.0,Intermediário
0.42435,0.42663,2003-04-25 14:30:00.0,Intermediário
0.42363,0.4262,2003-04-25 15:00:00.0,Intermediário
0.42339,0.42567,2003-04-25 15:30:00.0,Intermediário
0.42329,0.42557,2003-04-25 16:00:00.0,Intermediário
0.42367,0.42595,2003-04-25 16:30:00.0,Fechamento Interbancário
0.42565,0.42649,2003-04-25 17:42:00.0,Fechamento
0.42553,0.42896,2003-04-28 09:51:00.0,Abertura
0.42573,0.42831,2003-04-28 10:00:00.0,Intermediário
0.42563,0.42793,2003-04-28 10:30:00.0,Intermediário
0.42689,0.42934,2003-04-28 11:00:00.0,Intermediário
0.426,0.42844,2003-04-28 11:30:00.0,Intermediário
0.42447,0.42675,2003-04-28 12:00:00.0,Intermediário
0.42331,0.42602,2003-04-28 12:30:00.0,Intermediário
0.42279,0.42535,2003-04-28 13:00:00.0,Intermediário
0.42261,0.42518,2003-04-28 13:30:00.0,Intermediário
0.42239,0.42495,2003-04-28 14:00:00.0,Intermediário
0.42237,0.42493,2003-04-28 14:30:00.0,Intermediário
0.42095,0.42364,2003-04-28 15:00:00.0,Intermediário
0.41805,0.42073,2003-04-28 15:30:00.0,Intermediário
0.41748,0.41988,2003-04-28 16:00:00.0,Intermediário
0.41782,0.42036,2003-04-28 16:30:00.0,Fechamento Interbancário
0.42286,0.42369,2003-04-28 17:55:00.0,Fechamento
0.41169,0.41504,2003-04-29 09:54:00.0,Abertura
0.41195,0.41459,2003-04-29 10:00:00.0,Intermediário
0.41213,0.41436,2003-04-29 10:30:00.0,Intermediário
0.41193,0.41429,2003-04-29 11:00:00.0,Intermediário
0.41248,0.41471,2003-04-29 11:30:00.0,Intermediário
0.41278,0.41543,2003-04-29 12:00:00.0,Intermediário
0.41031,0.41295,2003-04-29 12:30:00.0,Intermediário
0.40902,0.41138,2003-04-29 13:00:00.0,Intermediário
0.40941,0.41177,2003-04-29 13:30:00.0,Intermediário
0.40971,0.41206,2003-04-29 14:00:00.0,Intermediário
0.40974,0.4121,2003-04-29 14:30:00.0,Intermediário
0.41448,0.41729,2003-04-29 15:02:00.0,Intermediário
0.412,0.41465,2003-04-29 15:30:00.0,Intermediário
0.41158,0.41395,2003-04-29 16:00:00.0,Intermediário
0.41225,0.41477,2003-04-29 16:30:00.0,Fechamento Interbancário
0.41445,0.41527,2003-04-29 17:44:00.0,Fechamento
0.40614,0.40947,2003-04-30 09:48:00.0,Abertura
0.40682,0.40917,2003-04-30 10:00:00.0,Intermediário
0.40996,0.41261,2003-04-30 10:41:00.0,Intermediário
0.40984,0.41234,2003-04-30 11:00:00.0,Intermediário
0.41197,0.4142,2003-04-30 11:30:00.0,Intermediário
0.411,0.41351,2003-04-30 12:00:00.0,Intermediário
0.41145,0.41382,2003-04-30 12:30:00.0,Intermediário
0.41138,0.41375,2003-04-30 13:00:00.0,Intermediário
0.41035,0.41272,2003-04-30 13:30:00.0,Intermediário
0.41043,0.4128,2003-04-30 14:00:00.0,Intermediário
0.41029,0.41265,2003-04-30 14:30:00.0,Intermediário
0.41069,0.41292,2003-04-30 15:01:00.0,Intermediário
0.41429,0.41668,2003-04-30 15:30:00.0,Intermediário
0.4141,0.41677,2003-04-30 16:00:00.0,Intermediário
0.41442,0.4168,2003-04-30 16:30:00.0,Fechamento Interbancário
0.41197,0.41279,2003-04-30 17:52:00.0,Fechamento
0.41597,0.41937,2003-05-02 09:50:00.0,Abertura
0.41441,0.41651,2003-05-02 10:00:00.0,Intermediário
0.41386,0.41711,2003-05-02 10:30:00.0,Intermediário
0.4154,0.41779,2003-05-02 11:00:00.0,Intermediário
0.41422,0.41646,2003-05-02 11:30:00.0,Intermediário
0.41399,0.41652,2003-05-02 12:00:00.0,Intermediário
0.4131,0.41562,2003-05-02 12:30:00.0,Intermediário
0.41251,0.41488,2003-05-02 13:00:00.0,Intermediário
0.41304,0.41542,2003-05-02 13:30:00.0,Intermediário
0.41307,0.41545,2003-05-02 14:00:00.0,Intermediário
0.41316,0.41554,2003-05-02 14:30:00.0,Intermediário
0.41744,0.41998,2003-05-02 15:00:00.0,Intermediário
0.42084,0.4234,2003-05-02 15:30:00.0,Intermediário
0.42165,0.42393,2003-05-02 16:00:00.0,Intermediário
0.42254,0.42511,2003-05-02 16:30:00.0,Fechamento Interbancário
0.41513,0.41595,2003-05-02 17:45:00.0,Fechamento
0.4207,0.42412,2003-05-05 09:51:00.0,Abertura
0.42058,0.42314,2003-05-05 10:00:00.0,Intermediário
0.41991,0.42261,2003-05-05 10:30:00.0,Intermediário
0.42019,0.42289,2003-05-05 11:00:00.0,Intermediário
0.42381,0.42639,2003-05-05 11:30:00.0,Intermediário
0.42697,0.42942,2003-05-05 12:00:00.0,Intermediário
0.42711,0.42984,2003-05-05 12:30:00.0,Intermediário
0.42621,0.42865,2003-05-05 13:00:00.0,Intermediário
0.42633,0.42877,2003-05-05 13:30:00.0,Intermediário
0.42687,0.42932,2003-05-05 14:00:00.0,Intermediário
0.42656,0.429,2003-05-05 14:30:00.0,Intermediário
0.43133,0.43409,2003-05-05 15:00:00.0,Intermediário
0.43319,0.43567,2003-05-05 15:30:00.0,Intermediário
0.43326,0.43574,2003-05-05 16:00:00.0,Intermediário
0.43318,0.43595,2003-05-05 16:30:00.0,Fechamento Interbancário
0.42647,0.42732,2003-05-05 17:40:00.0,Fechamento
0.4386,0.44212,2003-05-06 09:41:00.0,Abertura
0.44144,0.44454,2003-05-06 10:00:00.0,Intermediário
0.43731,0.4401,2003-05-06 10:30:00.0,Intermediário
0.43477,0.43754,2003-05-06 11:00:00.0,Intermediário
0.43503,0.43752,2003-05-06 11:30:00.0,Intermediário
0.43616,0.4388,2003-05-06 12:00:00.0,Intermediário
0.43436,0.43714,2003-05-06 12:30:00.0,Intermediário
0.43278,0.43512,2003-05-06 13:00:00.0,Intermediário
0.43171,0.43404,2003-05-06 13:30:00.0,Intermediário
0.43106,0.43339,2003-05-06 14:00:00.0,Intermediário
0.43094,0.43327,2003-05-06 14:30:00.0,Intermediário
0.43554,0.43789,2003-05-06 15:00:00.0,Intermediário
0.43575,0.43868,2003-05-06 15:32:00.0,Intermediário
0.43618,0.43882,2003-05-06 16:00:00.0,Intermediário
0.43714,0.43951,2003-05-06 16:30:00.0,Fechamento Interbancário
0.43827,0.43914,2003-05-06 17:39:00.0,Fechamento
0.43118,0.43468,2003-05-07 09:52:00.0,Abertura
0.43252,0.43559,2003-05-07 10:00:00.0,Intermediário
0.42883,0.43159,2003-05-07 10:31:00.0,Intermediário
0.43028,0.4329,2003-05-07 11:00:00.0,Intermediário
0.42943,0.43219,2003-05-07 11:30:00.0,Intermediário
0.42773,0.43062,2003-05-07 12:00:00.0,Intermediário
0.42869,0.43144,2003-05-07 12:30:00.0,Intermediário
0.42619,0.42893,2003-05-07 13:00:00.0,Intermediário
0.42707,0.42982,2003-05-07 13:30:00.0,Intermediário
0.4264,0.42914,2003-05-07 14:00:00.0,Intermediário
0.42656,0.4293,2003-05-07 14:30:00.0,Intermediário
0.42652,0.42912,2003-05-07 15:00:00.0,Intermediário
0.4234,0.42598,2003-05-07 15:30:00.0,Intermediário
0.42486,0.4276,2003-05-07 16:00:00.0,Intermediário
0.42498,0.42772,2003-05-07 16:30:00.0,Fechamento Interbancário
0.428,0.42886,2003-05-07 17:41:00.0,Fechamento
0.42263,0.42608,2003-05-08 09:38:00.0,Abertura
0.42363,0.42637,2003-05-08 10:00:00.0,Intermediário
0.4219,0.42463,2003-05-08 10:30:00.0,Intermediário
0.42415,0.42689,2003-05-08 11:00:00.0,Intermediário
0.42488,0.42762,2003-05-08 11:30:00.0,Intermediário
0.42258,0.42531,2003-05-08 12:00:00.0,Intermediário
0.42434,0.42694,2003-05-08 12:30:00.0,Intermediário
0.42066,0.42323,2003-05-08 13:00:00.0,Intermediário
0.42131,0.42389,2003-05-08 13:30:00.0,Intermediário
0.42158,0.42417,2003-05-08 14:00:00.0,Intermediário
0.42132,0.4239,2003-05-08 14:30:00.0,Intermediário
0.42354,0.42627,2003-05-08 15:00:00.0,Intermediário
0.42437,0.42697,2003-05-08 15:30:00.0,Intermediário
0.42386,0.4266,2003-05-08 16:00:00.0,Intermediário
0.42415,0.4266,2003-05-08 16:30:00.0,Fechamento Interbancário
0.42512,0.42598,2003-05-08 17:41:00.0,Fechamento
0.4172,0.42064,2003-05-09 09:40:00.0,Abertura
0.41564,0.41805,2003-05-09 10:00:00.0,Intermediário
0.41937,0.42209,2003-05-09 10:30:00.0,Intermediário
0.42033,0.42306,2003-05-09 11:00:00.0,Intermediário
0.42044,0.42302,2003-05-09 11:30:00.0,Intermediário
0.41873,0.4213,2003-05-09 12:00:00.0,Intermediário
0.41904,0.42132,2003-05-09 12:30:00.0,Intermediário
0.4186,0.42117,2003-05-09 13:00:00.0,Intermediário
0.41835,0.42092,2003-05-09 13:30:00.0,Intermediário
0.41803,0.4206,2003-05-09 14:00:00.0,Intermediário
0.41818,0.42075,2003-05-09 14:30:00.0,Intermediário
0.41892,0.4212,2003-05-09 15:00:00.0,Intermediário
0.4205,0.42337,2003-05-09 15:30:00.0,Intermediário
0.41852,0.42108,2003-05-09 16:00:00.0,Intermediário
0.41757,0.41999,2003-05-09 16:30:00.0,Fechamento Interbancário
0.41923,0.42007,2003-05-09 17:51:00.0,Fechamento
0.42078,0.42425,2003-05-12 09:54:00.0,Abertura
0.42171,0.4246,2003-05-12 10:00:00.0,Intermediário
0.42372,0.42646,2003-05-12 10:30:00.0,Intermediário
0.42196,0.42456,2003-05-12 11:00:00.0,Intermediário
0.41937,0.42209,2003-05-12 11:30:00.0,Intermediário
0.41974,0.42247,2003-05-12 12:00:00.0,Intermediário
0.42007,0.4228,2003-05-12 12:30:00.0,Intermediário
0.42008,0.42266,2003-05-12 13:00:00.0,Intermediário
0.42008,0.42266,2003-05-12 13:30:00.0,Intermediário
0.42022,0.4228,2003-05-12 14:00:00.0,Intermediário
0.41992,0.4225,2003-05-12 14:30:00.0,Intermediário
0.42104,0.42334,2003-05-12 15:00:00.0,Intermediário
0.4211,0.42368,2003-05-12 15:30:00.0,Intermediário
0.41854,0.4214,2003-05-12 16:00:00.0,Intermediário
0.41869,0.42126,2003-05-12 16:30:00.0,Fechamento Interbancário
0.42113,0.42198,2003-05-12 17:51:00.0,Fechamento
0.41585,0.41929,2003-05-13 09:49:00.0,Abertura
0.4166,0.41931,2003-05-13 10:00:00.0,Intermediário
0.41565,0.41806,2003-05-13 10:30:00.0,Intermediário
0.4165,0.41906,2003-05-13 11:00:00.0,Intermediário
0.41783,0.4201,2003-05-13 11:30:00.0,Intermediário
0.4174,0.41996,2003-05-13 12:00:00.0,Intermediário
0.41816,0.42058,2003-05-13 12:30:00.0,Intermediário
0.41836,0.42078,2003-05-13 13:00:00.0,Intermediário
0.41889,0.42161,2003-05-13 13:30:00.0,Intermediário
0.41912,0.42184,2003-05-13 14:00:00.0,Intermediário
0.41973,0.42245,2003-05-13 14:30:00.0,Intermediário
0.42052,0.42296,2003-05-13 15:00:00.0,Intermediário
0.4231,0.42554,2003-05-13 15:30:00.0,Intermediário
0.42098,0.4237,2003-05-13 16:00:00.0,Intermediário
0.42126,0.42384,2003-05-13 16:30:00.0,Fechamento Interbancário
0.41866,0.4195,2003-05-13 17:48:00.0,Fechamento
0.42024,0.42369,2003-05-14 09:52:00.0,Abertura
0.42126,0.42384,2003-05-14 10:00:00.0,Intermediário
0.42187,0.42416,2003-05-14 10:30:00.0,Intermediário
0.41929,0.42186,2003-05-14 11:00:00.0,Intermediário
0.4217,0.42443,2003-05-14 11:30:00.0,Intermediário
0.42028,0.42272,2003-05-14 12:00:00.0,Intermediário
0.42085,0.42314,2003-05-14 12:30:00.0,Intermediário
0.42145,0.42388,2003-05-14 13:00:00.0,Intermediário
0.42151,0.42395,2003-05-14 13:30:00.0,Intermediário
0.42178,0.42422,2003-05-14 14:00:00.0,Intermediário
0.42091,0.42334,2003-05-14 14:30:00.0,Intermediário
0.4216,0.42433,2003-05-14 15:00:00.0,Intermediário
0.42095,0.42338,2003-05-14 15:30:00.0,Intermediário
0.42122,0.42351,2003-05-14 16:01:00.0,Intermediário
0.42089,0.42318,2003-05-14 16:31:00.0,Fechamento Interbancário
0.42121,0.42206,2003-05-14 17:39:00.0,Fechamento
0.42668,0.43016,2003-05-15 09:58:00.0,Abertura
0.42691,0.42952,2003-05-15 10:00:00.0,Intermediário
0.42486,0.42761,2003-05-15 10:30:00.0,Intermediário
0.4264,0.42886,2003-05-15 11:00:00.0,Intermediário
0.42466,0.42697,2003-05-15 11:30:00.0,Intermediário
0.42736,0.43012,2003-05-15 12:00:00.0,Intermediário
0.42583,0.42829,2003-05-15 12:30:00.0,Intermediário
0.42651,0.42897,2003-05-15 13:00:00.0,Intermediário
0.42594,0.4284,2003-05-15 13:30:00.0,Intermediário
0.42452,0.42697,2003-05-15 14:00:00.0,Intermediário
0.4242,0.42665,2003-05-15 14:30:00.0,Intermediário
0.42693,0.42925,2003-05-15 15:00:00.0,Intermediário
0.42696,0.42971,2003-05-15 15:33:00.0,Intermediário
0.42965,0.43227,2003-05-15 16:00:00.0,Intermediário
0.42982,0.43244,2003-05-15 16:30:00.0,Fechamento Interbancário
0.42519,0.42604,2003-05-15 17:40:00.0,Fechamento
0.43122,0.43474,2003-05-16 09:57:00.0,Abertura
0.43146,0.43424,2003-05-16 10:00:00.0,Intermediário
0.43261,0.43511,2003-05-16 10:30:00.0,Intermediário
0.4375,0.44002,2003-05-16 11:00:00.0,Intermediário
0.43743,0.44098,2003-05-16 11:30:00.0,Intermediário
0.4372,0.44001,2003-05-16 12:00:00.0,Intermediário
0.43589,0.4384,2003-05-16 12:30:00.0,Intermediário
0.4337,0.43621,2003-05-16 13:00:00.0,Intermediário
0.43434,0.43685,2003-05-16 13:30:00.0,Intermediário
0.43369,0.43619,2003-05-16 14:00:00.0,Intermediário
0.43399,0.43649,2003-05-16 14:30:00.0,Intermediário
0.43447,0.43727,2003-05-16 15:00:00.0,Intermediário
0.433,0.43564,2003-05-16 15:30:00.0,Intermediário
0.4322,0.43499,2003-05-16 16:00:00.0,Intermediário
0.43201,0.43479,2003-05-16 16:30:00.0,Fechamento Interbancário
0.43719,0.43807,2003-05-16 17:42:00.0,Fechamento
0.43483,0.43837,2003-05-19 09:56:00.0,Abertura
0.43633,0.43884,2003-05-19 10:00:00.0,Intermediário
0.43768,0.44049,2003-05-19 10:30:00.0,Intermediário
0.43537,0.43862,2003-05-19 11:00:00.0,Intermediário
0.43693,0.43974,2003-05-19 11:30:00.0,Intermediário
0.43432,0.43697,2003-05-19 12:00:00.0,Intermediário
0.43681,0.43948,2003-05-19 12:30:00.0,Intermediário
0.43687,0.43968,2003-05-19 13:00:00.0,Intermediário
0.43737,0.44019,2003-05-19 13:30:00.0,Intermediário
0.43701,0.43982,2003-05-19 14:00:00.0,Intermediário
0.43655,0.43935,2003-05-19 14:30:00.0,Intermediário
0.43807,0.44089,2003-05-19 15:00:00.0,Intermediário
0.43814,0.44066,2003-05-19 15:30:00.0,Intermediário
0.43842,0.44109,2003-05-19 16:00:00.0,Intermediário
0.43909,0.4419,2003-05-19 16:30:00.0,Fechamento Interbancário
0.43662,0.43749,2003-05-19 17:48:00.0,Fechamento
0.43791,0.44146,2003-05-20 09:57:00.0,Abertura
0.43932,0.44199,2003-05-20 10:22:00.0,Intermediário
0.44093,0.44346,2003-05-20 10:51:00.0,Intermediário
0.44278,0.44561,2003-05-20 11:21:00.0,Intermediário
0.44269,0.44553,2003-05-20 12:12:00.0,Intermediário
0.44102,0.44356,2003-05-20 12:13:00.0,Intermediário
0.44285,0.44569,2003-05-20 12:43:00.0,Intermediário
0.44154,0.44438,2003-05-20 13:08:00.0,Intermediário
0.44204,0.44488,2003-05-20 14:00:00.0,Intermediário
0.44171,0.44455,2003-05-20 14:07:00.0,Intermediário
0.4421,0.44494,2003-05-20 14:30:00.0,Intermediário
0.4422,0.44504,2003-05-20 15:00:00.0,Intermediário
0.44214,0.44498,2003-05-20 15:30:00.0,Intermediário
0.44689,0.44961,2003-05-20 16:00:00.0,Intermediário
0.44796,0.45083,2003-05-20 16:30:00.0,Fechamento Interbancário
0.4442,0.4451,2003-05-20 17:40:00.0,Fechamento
0.44639,0.45,2003-05-21 09:54:00.0,Abertura
0.4484,0.45172,2003-05-21 10:00:00.0,Intermediário
0.44748,0.45036,2003-05-21 10:30:00.0,Intermediário
0.45097,0.45356,2003-05-21 11:00:00.0,Intermediário
0.44859,0.45102,2003-05-21 11:30:00.0,Intermediário
0.44834,0.45092,2003-05-21 12:00:00.0,Intermediário
0.44713,0.44956,2003-05-21 12:30:00.0,Intermediário
0.44527,0.44888,2003-05-21 13:00:00.0,Intermediário
0.44501,0.44832,2003-05-21 13:30:00.0,Intermediário
0.44515,0.44847,2003-05-21 14:00:00.0,Intermediário
0.44462,0.44793,2003-05-21 14:30:00.0,Intermediário
0.44471,0.44742,2003-05-21 15:00:00.0,Intermediário
0.44251,0.44536,2003-05-21 15:30:00.0,Intermediário
0.44433,0.44704,2003-05-21 16:00:00.0,Intermediário
0.44441,0.44682,2003-05-21 16:30:00.0,Fechamento Interbancário
0.44549,0.44638,2003-05-21 17:51:00.0,Fechamento
0.44317,0.44678,2003-05-22 09:57:00.0,Abertura
0.44369,0.44655,2003-05-22 10:00:00.0,Intermediário
0.44388,0.44644,2003-05-22 10:30:00.0,Intermediário
0.44281,0.44536,2003-05-22 11:00:00.0,Intermediário
0.44259,0.44543,2003-05-22 11:30:00.0,Intermediário
0.44262,0.44532,2003-05-22 12:00:00.0,Intermediário
0.44269,0.44524,2003-05-22 12:30:00.0,Intermediário
0.44313,0.44569,2003-05-22 13:00:00.0,Intermediário
0.44393,0.44649,2003-05-22 13:30:00.0,Intermediário
0.4429,0.44545,2003-05-22 14:00:00.0,Intermediário
0.44324,0.4458,2003-05-22 14:30:00.0,Intermediário
0.44167,0.44407,2003-05-22 15:00:00.0,Intermediário
0.44108,0.44378,2003-05-22 15:30:00.0,Intermediário
0.44202,0.44516,2003-05-22 16:00:00.0,Intermediário
0.44263,0.44533,2003-05-22 16:30:00.0,Fechamento Interbancário
0.44427,0.44516,2003-05-22 17:37:00.0,Fechamento
0.44075,0.44434,2003-05-23 09:52:00.0,Abertura
0.44189,0.44474,2003-05-23 10:00:00.0,Intermediário
0.44154,0.44409,2003-05-23 10:30:00.0,Intermediário
0.44208,0.44478,2003-05-23 11:00:00.0,Intermediário
0.44198,0.44453,2003-05-23 11:30:00.0,Intermediário
0.43813,0.44097,2003-05-23 12:00:00.0,Intermediário
0.43835,0.44074,2003-05-23 12:30:00.0,Intermediário
0.43706,0.43944,2003-05-23 13:00:00.0,Intermediário
0.43789,0.44073,2003-05-23 13:30:00.0,Intermediário
0.43754,0.44038,2003-05-23 14:00:00.0,Intermediário
0.43783,0.44067,2003-05-23 14:30:00.0,Intermediário
0.43842,0.44111,2003-05-23 15:00:00.0,Intermediário
0.436,0.43853,2003-05-23 15:30:00.0,Intermediário
0.43678,0.43932,2003-05-23 16:00:00.0,Intermediário
0.43664,0.43947,2003-05-23 16:30:00.0,Fechamento Interbancário
0.44157,0.44247,2003-05-23 17:42:00.0,Fechamento
0.43561,0.43919,2003-05-26 09:57:00.0,Abertura
0.43367,0.43724,2003-05-26 10:00:00.0,Intermediário
0.43364,0.436,2003-05-26 10:30:00.0,Intermediário
0.43525,0.43793,2003-05-26 11:00:00.0,Intermediário
0.43488,0.4374,2003-05-26 11:30:00.0,Intermediário
0.43595,0.43848,2003-05-26 12:00:00.0,Intermediário
0.4361,0.43848,2003-05-26 12:30:00.0,Intermediário
0.43552,0.43805,2003-05-26 13:00:00.0,Intermediário
0.43584,0.43837,2003-05-26 13:30:00.0,Intermediário
0.43601,0.43854,2003-05-26 14:00:00.0,Intermediário
0.43549,0.43801,2003-05-26 14:30:00.0,Intermediário
0.44592,0.4488,2003-05-26 15:00:00.0,Intermediário
0.45275,0.45566,2003-05-26 15:30:00.0,Intermediário
0.45395,0.45762,2003-05-26 16:00:00.0,Intermediário
0.45358,0.45725,2003-05-26 16:30:00.0,Fechamento Interbancário
0.44455,0.44545,2003-05-26 17:43:00.0,Fechamento
0.46008,0.46379,2003-05-27 09:55:00.0,Abertura
0.45963,0.46333,2003-05-27 10:00:00.0,Intermediário
0.4587,0.46165,2003-05-27 10:30:00.0,Intermediário
0.45629,0.45922,2003-05-27 11:00:00.0,Intermediário
0.45243,0.45565,2003-05-27 11:30:00.0,Intermediário
0.45398,0.4569,2003-05-27 12:00:00.0,Intermediário
0.4536,0.45621,2003-05-27 12:30:00.0,Intermediário
0.45516,0.45808,2003-05-27 13:00:00.0,Intermediário
0.45507,0.45799,2003-05-27 13:30:00.0,Intermediário
0.45524,0.45816,2003-05-27 14:00:00.0,Intermediário
0.455,0.45793,2003-05-27 14:30:00.0,Intermediário
0.45546,0.45854,2003-05-27 15:00:00.0,Intermediário
0.45257,0.45563,2003-05-27 15:30:00.0,Intermediário
0.4541,0.45687,2003-05-27 16:00:00.0,Intermediário
0.45329,0.45605,2003-05-27 16:30:00.0,Fechamento Interbancário
0.45268,0.45359,2003-05-27 17:45:00.0,Fechamento
0.44629,0.44991,2003-05-28 09:54:00.0,Abertura
0.4474,0.44997,2003-05-28 10:00:00.0,Intermediário
0.44747,0.4502,2003-05-28 10:30:00.0,Intermediário
0.44815,0.45058,2003-05-28 11:00:00.0,Intermediário
0.44833,0.45121,2003-05-28 11:30:00.0,Intermediário
0.44822,0.45065,2003-05-28 12:00:00.0,Intermediário
0.44904,0.45162,2003-05-28 12:30:00.0,Intermediário
0.44812,0.4507,2003-05-28 13:00:00.0,Intermediário
0.44836,0.45094,2003-05-28 13:30:00.0,Intermediário
0.44892,0.4515,2003-05-28 14:00:00.0,Intermediário
0.44913,0.45172,2003-05-28 14:30:00.0,Intermediário
0.44823,0.45096,2003-05-28 15:00:00.0,Intermediário
0.44811,0.45069,2003-05-28 15:30:00.0,Intermediário
0.44724,0.45011,2003-05-28 16:00:00.0,Intermediário
0.4473,0.45002,2003-05-28 16:30:00.0,Fechamento Interbancário
0.44876,0.44967,2003-05-28 17:39:00.0,Fechamento
0.44337,0.44697,2003-05-29 09:56:00.0,Abertura
0.4439,0.44646,2003-05-29 10:00:00.0,Intermediário
0.4414,0.44425,2003-05-29 10:30:00.0,Intermediário
0.44129,0.44414,2003-05-29 11:00:00.0,Intermediário
0.43933,0.44203,2003-05-29 11:30:00.0,Intermediário
0.43882,0.44166,2003-05-29 12:00:00.0,Intermediário
0.44016,0.44285,2003-05-29 12:30:00.0,Intermediário
0.43846,0.44205,2003-05-29 13:00:00.0,Intermediário
0.43855,0.44214,2003-05-29 13:30:00.0,Intermediário
0.43995,0.44355,2003-05-29 14:00:00.0,Intermediário
0.44025,0.44386,2003-05-29 14:30:00.0,Intermediário
0.43926,0.44181,2003-05-29 15:00:00.0,Intermediário
0.43936,0.4419,2003-05-29 15:30:00.0,Intermediário
0.44123,0.44378,2003-05-29 16:00:00.0,Intermediário
0.44051,0.44306,2003-05-29 16:30:00.0,Fechamento Interbancário
0.44436,0.44526,2003-05-29 18:02:00.0,Fechamento
0.44043,0.44403,2003-05-30 09:49:00.0,Abertura
0.44165,0.44526,2003-05-30 10:00:00.0,Intermediário
0.44093,0.44423,2003-05-30 10:30:00.0,Intermediário
0.44507,0.44794,2003-05-30 11:00:00.0,Intermediário
0.44187,0.44472,2003-05-30 11:32:00.0,Intermediário
0.44181,0.44436,2003-05-30 12:00:00.0,Intermediário
0.4438,0.44621,2003-05-30 12:30:00.0,Intermediário
0.44406,0.44647,2003-05-30 13:00:00.0,Intermediário
0.44391,0.44647,2003-05-30 13:30:00.0,Intermediário
0.44352,0.44608,2003-05-30 14:00:00.0,Intermediário
0.44395,0.44651,2003-05-30 14:30:00.0,Intermediário
0.44414,0.4467,2003-05-30 15:18:00.0,Intermediário
0.44458,0.44715,2003-05-30 15:21:00.0,Intermediário
0.44203,0.44503,2003-05-30 15:30:00.0,Intermediário
0.4425,0.44611,2003-05-30 16:00:00.0,Intermediário
0.44195,0.4448,2003-05-30 16:30:00.0,Fechamento Interbancário
0.44247,0.44336,2003-05-30 18:04:00.0,Fechamento
0.43823,0.44181,2003-06-02 09:56:00.0,Abertura
0.43872,0.44185,2003-06-02 10:00:00.0,Intermediário
0.44065,0.44319,2003-06-02 10:30:00.0,Intermediário
0.43903,0.44186,2003-06-02 11:00:00.0,Intermediário
0.44066,0.4432,2003-06-02 11:30:00.0,Intermediário
0.44094,0.44348,2003-06-02 12:00:00.0,Intermediário
0.44097,0.44381,2003-06-02 12:30:00.0,Intermediário
0.44064,0.44318,2003-06-02 13:00:00.0,Intermediário
0.44077,0.44317,2003-06-02 13:30:00.0,Intermediário
0.44089,0.44329,2003-06-02 14:00:00.0,Intermediário
0.44114,0.44354,2003-06-02 14:30:00.0,Intermediário
0.44227,0.44512,2003-06-02 15:00:00.0,Intermediário
0.44274,0.44529,2003-06-02 15:30:00.0,Intermediário
0.44282,0.44538,2003-06-02 16:00:00.0,Intermediário
0.44388,0.44629,2003-06-02 16:30:00.0,Fechamento Interbancário
0.4427,0.44359,2003-06-02 17:53:00.0,Fechamento
0.43376,0.43728,2003-06-03 09:54:00.0,Abertura
0.43453,0.43733,2003-06-03 10:00:00.0,Intermediário
0.4347,0.43705,2003-06-03 10:30:00.0,Intermediário
0.43395,0.43645,2003-06-03 11:00:00.0,Intermediário
0.43242,0.43476,2003-06-03 11:32:00.0,Intermediário
0.43248,0.43511,2003-06-03 12:00:00.0,Intermediário
0.43103,0.43395,2003-06-03 12:30:00.0,Intermediário
0.43023,0.43271,2003-06-03 13:00:00.0,Intermediário
0.43029,0.43277,2003-06-03 14:18:00.0,Intermediário
0.43044,0.43292,2003-06-03 14:19:00.0,Intermediário
0.43068,0.43316,2003-06-03 14:30:00.0,Intermediário
0.42801,0.43033,2003-06-03 15:00:00.0,Intermediário
0.42782,0.43058,2003-06-03 15:37:00.0,Intermediário
0.42864,0.4314,2003-06-03 16:00:00.0,Intermediário
0.4283,0.43063,2003-06-03 16:30:00.0,Fechamento Interbancário
0.43116,0.43202,2003-06-03 17:48:00.0,Fechamento
0.41793,0.42136,2003-06-04 09:44:00.0,Abertura
0.42186,0.42487,2003-06-04 10:00:00.0,Intermediário
0.42168,0.42484,2003-06-04 10:30:00.0,Intermediário
0.42159,0.42431,2003-06-04 11:00:00.0,Intermediário
0.42038,0.4228,2003-06-04 11:30:00.0,Intermediário
0.42021,0.42249,2003-06-04 12:00:00.0,Intermediário
0.42152,0.42409,2003-06-04 12:30:00.0,Intermediário
0.42253,0.42497,2003-06-04 13:00:00.0,Intermediário
0.42172,0.4243,2003-06-04 13:30:00.0,Intermediário
0.42185,0.42443,2003-06-04 14:00:00.0,Intermediário
0.4218,0.42437,2003-06-04 14:30:00.0,Intermediário
0.41865,0.42136,2003-06-04 15:00:00.0,Intermediário
0.41892,0.42148,2003-06-04 15:30:00.0,Intermediário
0.4201,0.42266,2003-06-04 16:00:00.0,Intermediário
0.41997,0.42239,2003-06-04 16:30:00.0,Fechamento Interbancário
0.4186,0.41943,2003-06-04 17:43:00.0,Fechamento
0.42086,0.4243,2003-06-05 09:58:00.0,Abertura
0.42047,0.42392,2003-06-05 10:00:00.0,Intermediário
0.42134,0.42377,2003-06-05 10:30:00.0,Intermediário
0.42096,0.42325,2003-06-05 11:00:00.0,Intermediário
0.4205,0.42293,2003-06-05 11:30:00.0,Intermediário
0.41877,0.42119,2003-06-05 12:00:00.0,Intermediário
0.42061,0.42304,2003-06-05 12:30:00.0,Intermediário
0.41928,0.422,2003-06-05 13:00:00.0,Intermediário
0.41931,0.42202,2003-06-05 13:30:00.0,Intermediário
0.41991,0.42263,2003-06-05 14:00:00.0,Intermediário
0.41939,0.42211,2003-06-05 14:30:00.0,Intermediário
0.41654,0.41881,2003-06-05 15:00:00.0,Intermediário
0.41689,0.41945,2003-06-05 15:30:00.0,Intermediário
0.41553,0.41809,2003-06-05 16:00:00.0,Intermediário
0.41556,0.41811,2003-06-05 16:30:00.0,Fechamento Interbancário
0.42017,0.42102,2003-06-05 17:43:00.0,Fechamento
0.40651,0.40988,2003-06-06 09:33:00.0,Abertura
0.40312,0.4056,2003-06-06 10:05:00.0,Intermediário
0.40668,0.40918,2003-06-06 10:30:00.0,Intermediário
0.40646,0.40882,2003-06-06 11:00:00.0,Intermediário
0.40934,0.41186,2003-06-06 11:30:00.0,Intermediário
0.40942,0.4125,2003-06-06 12:00:00.0,Intermediário
0.4119,0.41529,2003-06-06 12:30:00.0,Intermediário
0.41145,0.41397,2003-06-06 13:00:00.0,Intermediário
0.41168,0.41434,2003-06-06 13:30:00.0,Intermediário
0.41158,0.41425,2003-06-06 14:00:00.0,Intermediário
0.41272,0.41539,2003-06-06 14:30:00.0,Intermediário
0.41398,0.41738,2003-06-06 15:00:00.0,Intermediário
0.41122,0.41388,2003-06-06 15:30:00.0,Intermediário
0.41055,0.4135,2003-06-06 16:00:00.0,Intermediário
0.41041,0.41307,2003-06-06 16:30:00.0,Fechamento Interbancário
0.40742,0.40824,2003-06-06 17:42:00.0,Fechamento
0.41058,0.41397,2003-06-09 09:40:00.0,Abertura
0.41121,0.41461,2003-06-09 10:00:00.0,Intermediário
0.41277,0.41516,2003-06-09 10:30:00.0,Intermediário
0.41221,0.41474,2003-06-09 11:00:00.0,Intermediário
0.41298,0.41595,2003-06-09 11:30:00.0,Intermediário
0.41125,0.41391,2003-06-09 12:00:00.0,Intermediário
0.40961,0.41183,2003-06-09 12:30:00.0,Intermediário
0.41112,0.41336,2003-06-09 13:00:00.0,Intermediário
0.41056,0.41279,2003-06-09 13:30:00.0,Intermediário
0.41049,0.41272,2003-06-09 14:00:00.0,Intermediário
0.41056,0.41279,2003-06-09 14:30:00.0,Intermediário
0.41102,0.41339,2003-06-09 15:00:00.0,Intermediário
0.40951,0.41216,2003-06-09 15:30:00.0,Intermediário
0.40949,0.41171,2003-06-09 16:00:00.0,Intermediário
0.40961,0.41183,2003-06-09 16:30:00.0,Fechamento Interbancário
0.41021,0.41103,2003-06-09 17:47:00.0,Fechamento
0.40635,0.4097,2003-06-10 09:48:00.0,Abertura
0.40743,0.40993,2003-06-10 10:00:00.0,Intermediário
0.40633,0.40882,2003-06-10 10:30:00.0,Intermediário
0.40647,0.40896,2003-06-10 11:00:00.0,Intermediário
0.40722,0.40986,2003-06-10 11:30:00.0,Intermediário
0.40665,0.40915,2003-06-10 12:00:00.0,Intermediário
0.4069,0.40925,2003-06-10 12:30:00.0,Intermediário
0.40711,0.40946,2003-06-10 13:00:00.0,Intermediário
0.40743,0.40964,2003-06-10 13:30:00.0,Intermediário
0.40774,0.40995,2003-06-10 14:00:00.0,Intermediário
0.40769,0.40991,2003-06-10 14:30:00.0,Intermediário
0.40633,0.40882,2003-06-10 15:00:00.0,Intermediário
0.40806,0.41027,2003-06-10 15:30:00.0,Intermediário
0.40722,0.41015,2003-06-10 16:00:00.0,Intermediário
0.40816,0.41066,2003-06-10 16:30:00.0,Fechamento Interbancário
0.40695,0.40776,2003-06-10 17:38:00.0,Fechamento
0.41061,0.414,2003-06-11 09:56:00.0,Abertura
0.41045,0.41326,2003-06-11 10:00:00.0,Intermediário
0.41025,0.41247,2003-06-11 10:30:00.0,Intermediário
0.41081,0.41333,2003-06-11 11:00:00.0,Intermediário
0.4112,0.41343,2003-06-11 11:30:00.0,Intermediário
0.41004,0.41269,2003-06-11 12:00:00.0,Intermediário
0.41083,0.41306,2003-06-11 12:30:00.0,Intermediário
0.40962,0.41184,2003-06-11 13:00:00.0,Intermediário
0.40855,0.41105,2003-06-11 13:30:00.0,Intermediário
0.40894,0.41145,2003-06-11 14:00:00.0,Intermediário
0.40968,0.41219,2003-06-11 14:30:00.0,Intermediário
0.40901,0.41151,2003-06-11 15:00:00.0,Intermediário
0.40938,0.41189,2003-06-11 15:30:00.0,Intermediário
0.40685,0.40949,2003-06-11 16:00:00.0,Intermediário
0.40628,0.40863,2003-06-11 16:30:00.0,Fechamento Interbancário
0.40975,0.41057,2003-06-11 17:39:00.0,Fechamento
0.40512,0.40847,2003-06-12 09:53:00.0,Abertura
0.40639,0.40888,2003-06-12 10:00:00.0,Intermediário
0.40753,0.41003,2003-06-12 10:30:00.0,Intermediário
0.4078,0.41015,2003-06-12 11:00:00.0,Intermediário
0.40817,0.41053,2003-06-12 11:30:00.0,Intermediário
0.40859,0.41081,2003-06-12 12:00:00.0,Intermediário
0.40914,0.41165,2003-06-12 12:32:00.0,Intermediário
0.41042,0.41265,2003-06-12 13:00:00.0,Intermediário
0.41049,0.41271,2003-06-12 13:30:00.0,Intermediário
0.41023,0.41245,2003-06-12 14:00:00.0,Intermediário
0.41047,0.4127,2003-06-12 14:30:00.0,Intermediário
0.41179,0.41431,2003-06-12 15:00:00.0,Intermediário
0.4124,0.41493,2003-06-12 15:46:00.0,Intermediário
0.41165,0.41389,2003-06-12 16:00:00.0,Intermediário
0.41162,0.414,2003-06-12 16:30:00.0,Fechamento Interbancário
0.41208,0.41291,2003-06-12 18:22:00.0,Fechamento
0.40933,0.41271,2003-06-13 09:38:00.0,Abertura
0.40968,0.41262,2003-06-13 10:00:00.0,Intermediário
0.41045,0.41282,2003-06-13 10:30:00.0,Intermediário
0.41182,0.4142,2003-06-13 11:00:00.0,Intermediário
0.41178,0.41401,2003-06-13 11:30:00.0,Intermediário
0.41051,0.41288,2003-06-13 12:00:00.0,Intermediário
0.41047,0.41285,2003-06-13 12:30:00.0,Intermediário
0.41037,0.41275,2003-06-13 13:00:00.0,Intermediário
0.41016,0.41253,2003-06-13 13:30:00.0,Intermediário
0.41025,0.41262,2003-06-13 14:00:00.0,Intermediário
0.41156,0.41394,2003-06-13 14:30:00.0,Intermediário
0.41201,0.41454,2003-06-13 15:00:00.0,Intermediário
0.41109,0.41333,2003-06-13 15:30:00.0,Intermediário
0.40793,0.41131,2003-06-13 16:00:00.0,Intermediário
0.40874,0.41096,2003-06-13 16:30:00.0,Fechamento Interbancário
0.41214,0.41297,2003-06-13 17:44:00.0,Fechamento
0.40653,0.4099,2003-06-16 09:56:00.0,Abertura
0.40706,0.41043,2003-06-16 10:00:00.0,Intermediário
0.40815,0.41066,2003-06-16 10:30:00.0,Intermediário
0.40977,0.412,2003-06-16 11:00:00.0,Intermediário
0.40957,0.4118,2003-06-16 11:30:00.0,Intermediário
0.40973,0.41224,2003-06-16 12:00:00.0,Intermediário
0.40881,0.41103,2003-06-16 12:30:00.0,Intermediário
0.40961,0.41198,2003-06-16 13:00:00.0,Intermediário
0.40953,0.4119,2003-06-16 13:30:00.0,Intermediário
0.40964,0.41201,2003-06-16 14:00:00.0,Intermediário
0.40996,0.41233,2003-06-16 14:30:00.0,Intermediário
0.4092,0.41157,2003-06-16 15:00:00.0,Intermediário
0.41028,0.41309,2003-06-16 18:48:00.0,Intermediário
0.41208,0.41431,2003-06-16 18:51:00.0,Intermediário
0.41204,0.41428,2003-06-16 18:52:00.0,Fechamento Interbancário
0.40936,0.41017,2003-06-16 19:16:00.0,Fechamento
0.41102,0.41441,2003-06-17 09:56:00.0,Abertura
0.41368,0.41636,2003-06-17 10:13:00.0,Intermediário
0.41007,0.41273,2003-06-17 10:45:00.0,Intermediário
0.40974,0.41196,2003-06-17 11:11:00.0,Intermediário
0.4104,0.41306,2003-06-17 11:38:00.0,Intermediário
0.41244,0.41496,2003-06-17 12:09:00.0,Intermediário
0.41329,0.41597,2003-06-17 12:30:00.0,Intermediário
0.41375,0.41628,2003-06-17 13:00:00.0,Intermediário
0.41404,0.41658,2003-06-17 13:30:00.0,Intermediário
0.4142,0.41674,2003-06-17 14:00:00.0,Intermediário
0.41435,0.41689,2003-06-17 14:30:00.0,Intermediário
0.41358,0.41611,2003-06-17 15:00:00.0,Intermediário
0.4133,0.41627,2003-06-17 15:30:00.0,Intermediário
0.41058,0.41339,2003-06-17 16:00:00.0,Intermediário
0.41038,0.41304,2003-06-17 16:30:00.0,Fechamento Interbancário
0.41228,0.4131,2003-06-17 17:48:00.0,Fechamento
0.41279,0.41618,2003-06-18 09:51:00.0,Abertura
0.41298,0.41536,2003-06-18 10:00:00.0,Intermediário
0.41228,0.41495,2003-06-18 10:30:00.0,Intermediário
0.41106,0.41343,2003-06-18 11:00:00.0,Intermediário
0.41152,0.41404,2003-06-18 11:30:00.0,Intermediário
0.41067,0.41318,2003-06-18 12:00:00.0,Intermediário
0.4114,0.41378,2003-06-18 12:30:00.0,Intermediário
0.41442,0.41696,2003-06-18 13:00:00.0,Intermediário
0.41425,0.41664,2003-06-18 13:30:00.0,Intermediário
0.41379,0.41617,2003-06-18 14:00:00.0,Intermediário
0.41411,0.41649,2003-06-18 14:30:00.0,Intermediário
0.41344,0.41597,2003-06-18 15:00:00.0,Intermediário
0.41355,0.41594,2003-06-18 15:30:00.0,Intermediário
0.41254,0.41507,2003-06-18 16:00:00.0,Intermediário
0.41259,0.41498,2003-06-18 16:30:00.0,Fechamento Interbancário
0.41339,0.41421,2003-06-18 17:51:00.0,Fechamento
0.41124,0.41461,2003-06-20 09:56:00.0,Abertura
0.41238,0.41504,2003-06-20 10:00:00.0,Intermediário
0.41368,0.41607,2003-06-20 10:30:00.0,Intermediário
0.41346,0.41598,2003-06-20 11:00:00.0,Intermediário
0.40952,0.41217,2003-06-20 11:30:00.0,Intermediário
0.40797,0.41075,2003-06-20 12:00:00.0,Intermediário
0.40711,0.40974,2003-06-20 12:30:00.0,Intermediário
0.40729,0.40993,2003-06-20 13:00:00.0,Intermediário
0.40671,0.40934,2003-06-20 13:30:00.0,Intermediário
0.40492,0.40754,2003-06-20 14:00:00.0,Intermediário
0.40601,0.40863,2003-06-20 14:30:00.0,Intermediário
0.40886,0.41136,2003-06-20 15:00:00.0,Intermediário
0.40734,0.40983,2003-06-20 15:30:00.0,Intermediário
0.40712,0.40975,2003-06-20 16:00:00.0,Intermediário
0.40807,0.41071,2003-06-20 16:30:00.0,Fechamento Interbancário
0.40971,0.41052,2003-06-20 17:42:00.0,Fechamento
0.40547,0.40879,2003-06-23 09:56:00.0,Abertura
0.40732,0.40981,2003-06-23 10:00:00.0,Intermediário
0.40773,0.41036,2003-06-23 10:30:00.0,Intermediário
0.40721,0.40941,2003-06-23 11:00:00.0,Intermediário
0.40753,0.40974,2003-06-23 11:30:00.0,Intermediário
0.40717,0.40952,2003-06-23 12:00:00.0,Intermediário
0.40707,0.40984,2003-06-23 12:30:00.0,Intermediário
0.40619,0.40853,2003-06-23 13:00:00.0,Intermediário
0.40701,0.4095,2003-06-23 13:30:00.0,Intermediário
0.4069,0.40938,2003-06-23 14:00:00.0,Intermediário
0.40729,0.40978,2003-06-23 14:30:00.0,Intermediário
0.40516,0.40749,2003-06-23 15:00:00.0,Intermediário
0.40394,0.40627,2003-06-23 15:30:00.0,Intermediário
0.40337,0.40598,2003-06-23 16:00:00.0,Intermediário
0.40321,0.40553,2003-06-23 16:30:00.0,Fechamento Interbancário
0.40673,0.40753,2003-06-23 17:39:00.0,Fechamento
0.40259,0.40591,2003-06-24 09:56:00.0,Abertura
0.40357,0.40618,2003-06-24 10:00:00.0,Intermediário
0.40409,0.40642,2003-06-24 10:30:00.0,Intermediário
0.40234,0.40494,2003-06-24 11:00:00.0,Intermediário
0.40231,0.40463,2003-06-24 11:30:00.0,Intermediário
0.40219,0.40451,2003-06-24 12:00:00.0,Intermediário
0.40112,0.40343,2003-06-24 12:30:00.0,Intermediário
0.39968,0.40199,2003-06-24 13:00:00.0,Intermediário
0.39965,0.4021,2003-06-24 13:30:00.0,Intermediário
0.39972,0.40217,2003-06-24 14:00:00.0,Intermediário
0.39993,0.40237,2003-06-24 14:30:00.0,Intermediário
0.39985,0.40216,2003-06-24 15:00:00.0,Intermediário
0.40073,0.40333,2003-06-24 15:30:00.0,Intermediário
0.40245,0.40477,2003-06-24 16:00:00.0,Intermediário
0.40239,0.40471,2003-06-24 16:46:00.0,Fechamento Interbancário
0.4019,0.40269,2003-06-24 17:45:00.0,Fechamento
0.39784,0.40111,2003-06-25 09:57:00.0,Abertura
0.39909,0.40181,2003-06-25 10:00:00.0,Intermediário
0.39843,0.40073,2003-06-25 10:30:00.0,Intermediário
0.3979,0.40019,2003-06-25 11:00:00.0,Intermediário
0.39854,0.40084,2003-06-25 11:30:00.0,Intermediário
0.39845,0.40061,2003-06-25 12:00:00.0,Intermediário
0.39805,0.40035,2003-06-25 12:30:00.0,Intermediário
0.39929,0.40159,2003-06-25 13:00:00.0,Intermediário
0.40029,0.4026,2003-06-25 13:30:00.0,Intermediário
0.3995,0.40181,2003-06-25 14:00:00.0,Intermediário
0.39953,0.40184,2003-06-25 14:30:00.0,Intermediário
0.40003,0.40248,2003-06-25 15:00:00.0,Intermediário
0.39827,0.40056,2003-06-25 15:30:00.0,Intermediário
0.39711,0.3994,2003-06-25 16:00:00.0,Intermediário
0.39749,0.39964,2003-06-25 16:30:00.0,Fechamento Interbancário
0.39753,0.39832,2003-06-25 17:38:00.0,Fechamento
0.39872,0.40198,2003-06-26 09:41:00.0,Abertura
0.39751,0.39993,2003-06-26 10:02:00.0,Intermediário
0.39703,0.39945,2003-06-26 10:30:00.0,Intermediário
0.39871,0.401,2003-06-26 11:00:00.0,Intermediário
0.39879,0.40094,2003-06-26 11:30:00.0,Intermediário
0.39837,0.40094,2003-06-26 12:00:00.0,Intermediário
0.39786,0.40015,2003-06-26 12:30:00.0,Intermediário
0.39774,0.39989,2003-06-26 13:00:00.0,Intermediário
0.39797,0.40012,2003-06-26 13:30:00.0,Intermediário
0.39864,0.40079,2003-06-26 14:06:00.0,Intermediário
0.39867,0.40082,2003-06-26 14:30:00.0,Intermediário
0.39871,0.401,2003-06-26 15:00:00.0,Intermediário
0.39871,0.40086,2003-06-26 15:30:00.0,Intermediário
0.39894,0.40137,2003-06-26 16:00:00.0,Intermediário
0.39873,0.40089,2003-06-26 16:30:00.0,Fechamento Interbancário
0.39792,0.3987,2003-06-26 17:38:00.0,Fechamento
0.39802,0.40127,2003-06-27 09:54:00.0,Abertura
0.39797,0.40039,2003-06-27 10:00:00.0,Intermediário
0.3969,0.39918,2003-06-27 10:30:00.0,Intermediário
0.39695,0.39909,2003-06-27 11:00:00.0,Intermediário
0.39722,0.39951,2003-06-27 11:30:00.0,Intermediário
0.39454,0.39695,2003-06-27 12:00:00.0,Intermediário
0.39518,0.39745,2003-06-27 12:30:00.0,Intermediário
0.3956,0.39773,2003-06-27 13:00:00.0,Intermediário
0.3954,0.39753,2003-06-27 13:30:00.0,Intermediário
0.39516,0.39729,2003-06-27 14:00:00.0,Intermediário
0.39556,0.3977,2003-06-27 14:30:00.0,Intermediário
0.39504,0.39759,2003-06-27 15:00:00.0,Intermediário
0.39633,0.39847,2003-06-27 15:30:00.0,Intermediário
0.39531,0.39758,2003-06-27 16:00:00.0,Intermediário
0.39524,0.39738,2003-06-27 16:30:00.0,Fechamento Interbancário
0.39663,0.39741,2003-06-27 17:57:00.0,Fechamento
0.39515,0.39838,2003-06-30 09:57:00.0,Abertura
0.39658,0.39886,2003-06-30 10:00:00.0,Intermediário
0.3973,0.39972,2003-06-30 10:30:00.0,Intermediário
0.39658,0.39914,2003-06-30 11:00:00.0,Intermediário
0.39688,0.39916,2003-06-30 11:30:00.0,Intermediário
0.39619,0.39861,2003-06-30 12:12:00.0,Intermediário
0.39499,0.39741,2003-06-30 12:39:00.0,Intermediário
0.39518,0.39745,2003-06-30 13:00:00.0,Intermediário
0.39465,0.39692,2003-06-30 13:30:00.0,Intermediário
0.39459,0.39686,2003-06-30 14:00:00.0,Intermediário
0.39499,0.39727,2003-06-30 14:30:00.0,Intermediário
0.3934,0.39566,2003-06-30 15:00:00.0,Intermediário
0.39258,0.39498,2003-06-30 15:30:00.0,Intermediário
0.3915,0.39389,2003-06-30 16:00:00.0,Intermediário
0.3929,0.39503,2003-06-30 16:30:00.0,Fechamento Interbancário
0.39769,0.39847,2003-06-30 18:18:00.0,Fechamento
0.39266,0.3959,2003-07-01 09:56:00.0,Abertura
0.39231,0.39471,2003-07-01 10:00:00.0,Intermediário
0.39546,0.39774,2003-07-01 10:30:00.0,Intermediário
0.39714,0.39957,2003-07-01 11:00:00.0,Intermediário
0.39718,0.39961,2003-07-01 11:30:00.0,Intermediário
0.39671,0.399,2003-07-01 12:00:00.0,Intermediário
0.39693,0.39922,2003-07-01 12:30:00.0,Intermediário
0.39742,0.39985,2003-07-01 13:00:00.0,Intermediário
0.39755,0.39999,2003-07-01 13:30:00.0,Intermediário
0.39736,0.39979,2003-07-01 14:00:00.0,Intermediário
0.39687,0.3993,2003-07-01 14:30:00.0,Intermediário
0.39569,0.39798,2003-07-01 15:00:00.0,Intermediário
0.3959,0.39819,2003-07-01 15:30:00.0,Intermediário
0.39571,0.39799,2003-07-01 16:00:00.0,Intermediário
0.39601,0.39829,2003-07-01 16:30:00.0,Fechamento Interbancário
0.39761,0.39839,2003-07-01 17:44:00.0,Fechamento
0.39475,0.39801,2003-07-02 09:57:00.0,Abertura
0.39452,0.39806,2003-07-02 10:00:00.0,Intermediário
0.39281,0.39494,2003-07-02 10:30:00.0,Intermediário
0.39282,0.39495,2003-07-02 11:00:00.0,Intermediário
0.39448,0.39675,2003-07-02 11:30:00.0,Intermediário
0.3939,0.39604,2003-07-02 12:00:00.0,Intermediário
0.39185,0.3944,2003-07-02 12:30:00.0,Intermediário
0.39097,0.39351,2003-07-02 13:00:00.0,Intermediário
0.39093,0.39347,2003-07-02 13:30:00.0,Intermediário
0.39076,0.3933,2003-07-02 14:00:00.0,Intermediário
0.39072,0.39325,2003-07-02 14:30:00.0,Intermediário
0.39047,0.39259,2003-07-02 15:00:00.0,Intermediário
0.39048,0.39274,2003-07-02 15:30:00.0,Intermediário
0.39075,0.39315,2003-07-02 16:00:00.0,Intermediário
0.39097,0.39309,2003-07-02 16:30:00.0,Fechamento Interbancário
0.39206,0.39284,2003-07-02 17:43:00.0,Fechamento
0.39254,0.39579,2003-07-03 09:56:00.0,Abertura
0.3931,0.39592,2003-07-03 10:00:00.0,Intermediário
0.39303,0.3953,2003-07-03 10:30:00.0,Intermediário
0.39306,0.39547,2003-07-03 11:00:00.0,Intermediário
0.39343,0.3957,2003-07-03 11:30:00.0,Intermediário
0.39315,0.39556,2003-07-03 12:00:00.0,Intermediário
0.3924,0.39494,2003-07-03 12:30:00.0,Intermediário
0.39286,0.39499,2003-07-03 13:00:00.0,Intermediário
0.39253,0.39465,2003-07-03 13:30:00.0,Intermediário
0.39234,0.39447,2003-07-03 14:00:00.0,Intermediário
0.39201,0.39413,2003-07-03 14:30:00.0,Intermediário
0.39282,0.39509,2003-07-03 15:00:00.0,Intermediário
0.3927,0.39511,2003-07-03 15:30:00.0,Intermediário
0.39111,0.39337,2003-07-03 16:00:00.0,Intermediário
0.3917,0.39396,2003-07-03 16:30:00.0,Fechamento Interbancário
0.39326,0.39404,2003-07-03 17:48:00.0,Fechamento
0.38947,0.39269,2003-07-04 09:54:00.0,Abertura
0.39023,0.39276,2003-07-04 10:00:00.0,Intermediário
0.39174,0.39414,2003-07-04 10:30:00.0,Intermediário
0.39132,0.39344,2003-07-04 11:00:00.0,Intermediário
0.39104,0.39315,2003-07-04 11:30:00.0,Intermediário
0.39112,0.39323,2003-07-04 12:00:00.0,Intermediário
0.39033,0.39258,2003-07-04 12:30:00.0,Intermediário
0.39077,0.39302,2003-07-04 13:00:00.0,Intermediário
0.39069,0.39294,2003-07-04 13:30:00.0,Intermediário
0.39086,0.39312,2003-07-04 14:00:00.0,Intermediário
0.39075,0.393,2003-07-04 14:30:00.0,Intermediário
0.39075,0.393,2003-07-04 15:00:00.0,Intermediário
0.39121,0.39361,2003-07-04 15:30:00.0,Intermediário
0.39217,0.39457,2003-07-04 16:01:00.0,Intermediário
0.39201,0.39441,2003-07-04 16:30:00.0,Fechamento Interbancário
0.3915,0.39227,2003-07-04 17:45:00.0,Fechamento
0.38702,0.39021,2003-07-07 12:39:00.0,Abertura
0.38767,0.39031,2003-07-07 12:42:00.0,Intermediário
0.39003,0.39241,2003-07-07 12:44:00.0,Intermediário
0.39063,0.39302,2003-07-07 12:49:00.0,Intermediário
0.39056,0.39267,2003-07-07 12:59:00.0,Intermediário
0.38957,0.39181,2003-07-07 13:04:00.0,Intermediário
0.38982,0.39234,2003-07-07 13:06:00.0,Intermediário
0.39127,0.39366,2003-07-07 13:09:00.0,Intermediário
0.39162,0.39374,2003-07-07 13:30:00.0,Intermediário
0.39179,0.39391,2003-07-07 14:04:00.0,Intermediário
0.39194,0.39406,2003-07-07 14:41:00.0,Intermediário
0.39132,0.39356,2003-07-07 15:16:00.0,Intermediário
0.39222,0.39475,2003-07-07 15:30:00.0,Intermediário
0.39319,0.39558,2003-07-07 16:21:00.0,Intermediário
0.39349,0.39589,2003-07-07 16:30:00.0,Fechamento Interbancário
0.39093,0.39169,2003-07-07 17:48:00.0,Fechamento
0.39238,0.39559,2003-07-08 09:54:00.0,Abertura
0.39342,0.39595,2003-07-08 10:00:00.0,Intermediário
0.39336,0.39562,2003-07-08 10:30:00.0,Intermediário
0.39271,0.39483,2003-07-08 11:00:00.0,Intermediário
0.3927,0.39482,2003-07-08 11:30:00.0,Intermediário
0.39277,0.39503,2003-07-08 12:05:00.0,Intermediário
0.39425,0.39637,2003-07-08 12:30:00.0,Intermediário
0.39377,0.39589,2003-07-08 13:07:00.0,Intermediário
0.39482,0.39708,2003-07-08 13:30:00.0,Intermediário
0.39522,0.39749,2003-07-08 14:00:00.0,Intermediário
0.395,0.39726,2003-07-08 14:30:00.0,Intermediário
0.3944,0.39693,2003-07-08 15:00:00.0,Intermediário
0.39462,0.39689,2003-07-08 15:30:00.0,Intermediário
0.39248,0.3946,2003-07-08 16:00:00.0,Intermediário
0.39265,0.39477,2003-07-08 16:30:00.0,Fechamento Interbancário
0.39469,0.39547,2003-07-08 17:45:00.0,Fechamento
0.3912,0.3944,2003-07-09 09:53:00.0,Abertura
0.39119,0.39399,2003-07-09 10:00:00.0,Intermediário
0.39222,0.39502,2003-07-09 10:30:00.0,Intermediário
0.39197,0.39436,2003-07-09 11:03:00.0,Intermediário
0.39126,0.39351,2003-07-09 11:30:00.0,Intermediário
0.38989,0.39241,2003-07-09 12:00:00.0,Intermediário
0.39014,0.39238,2003-07-09 12:30:00.0,Intermediário
0.38887,0.39124,2003-07-09 13:00:00.0,Intermediário
0.38906,0.39144,2003-07-09 13:30:00.0,Intermediário
0.38981,0.39219,2003-07-09 14:00:00.0,Intermediário
0.39019,0.39257,2003-07-09 14:30:00.0,Intermediário
0.39065,0.39317,2003-07-09 15:00:00.0,Intermediário
0.39013,0.39306,2003-07-09 15:30:00.0,Intermediário
0.39075,0.393,2003-07-09 16:00:00.0,Intermediário
0.39087,0.39312,2003-07-09 16:30:00.0,Fechamento Interbancário
0.3922,0.39297,2003-07-09 17:40:00.0,Fechamento
0.3903,0.3935,2003-07-10 09:57:00.0,Abertura
0.3914,0.39378,2003-07-10 10:00:00.0,Intermediário
0.39123,0.39334,2003-07-10 10:30:00.0,Intermediário
0.39216,0.39454,2003-07-10 11:00:00.0,Intermediário
0.39305,0.39531,2003-07-10 11:30:00.0,Intermediário
0.39439,0.39665,2003-07-10 12:00:00.0,Intermediário
0.39432,0.39658,2003-07-10 12:30:00.0,Intermediário
0.39496,0.39723,2003-07-10 13:00:00.0,Intermediário
0.39465,0.39691,2003-07-10 13:30:00.0,Intermediário
0.39476,0.39702,2003-07-10 14:00:00.0,Intermediário
0.39465,0.39692,2003-07-10 14:30:00.0,Intermediário
0.39459,0.39672,2003-07-10 15:00:00.0,Intermediário
0.39465,0.39705,2003-07-10 15:30:00.0,Intermediário
0.39469,0.39709,2003-07-10 16:00:00.0,Intermediário
0.39488,0.39715,2003-07-10 16:30:00.0,Fechamento Interbancário
0.39487,0.39565,2003-07-10 17:39:00.0,Fechamento
0.39462,0.39784,2003-07-11 09:41:00.0,Abertura
0.3936,0.39599,2003-07-11 10:11:00.0,Intermediário
0.39401,0.39627,2003-07-11 10:30:00.0,Intermediário
0.39373,0.39585,2003-07-11 11:07:00.0,Intermediário
0.39366,0.39592,2003-07-11 11:38:00.0,Intermediário
0.39442,0.39654,2003-07-11 12:00:00.0,Intermediário
0.39438,0.39664,2003-07-11 12:30:00.0,Intermediário
0.39483,0.39696,2003-07-11 13:00:00.0,Intermediário
0.39476,0.39689,2003-07-11 13:30:00.0,Intermediário
0.39427,0.3964,2003-07-11 14:00:00.0,Intermediário
0.39439,0.39651,2003-07-11 14:30:00.0,Intermediário
0.39329,0.3954,2003-07-11 15:00:00.0,Intermediário
0.3933,0.39542,2003-07-11 15:30:00.0,Intermediário
0.39254,0.39492,2003-07-11 16:00:00.0,Intermediário
0.39201,0.39412,2003-07-11 16:30:00.0,Fechamento Interbancário
0.39377,0.39454,2003-07-11 17:50:00.0,Fechamento
0.39116,0.39435,2003-07-14 09:56:00.0,Abertura
0.39083,0.39375,2003-07-14 10:06:00.0,Intermediário
0.39023,0.3926,2003-07-14 10:30:00.0,Intermediário
0.38815,0.39052,2003-07-14 11:00:00.0,Intermediário
0.38857,0.39093,2003-07-14 11:30:00.0,Intermediário
0.38719,0.38941,2003-07-14 12:00:00.0,Intermediário
0.38868,0.39105,2003-07-14 12:30:00.0,Intermediário
0.38863,0.39086,2003-07-14 13:00:00.0,Intermediário
0.38835,0.39058,2003-07-14 13:30:00.0,Intermediário
0.38814,0.39037,2003-07-14 14:00:00.0,Intermediário
0.38847,0.3907,2003-07-14 14:30:00.0,Intermediário
0.38808,0.39017,2003-07-14 15:00:00.0,Intermediário
0.38674,0.38882,2003-07-14 15:30:00.0,Intermediário
0.38609,0.38844,2003-07-14 16:00:00.0,Intermediário
0.38611,0.38833,2003-07-14 16:30:00.0,Fechamento Interbancário
0.38775,0.38851,2003-07-14 17:53:00.0,Fechamento
0.38522,0.38838,2003-07-15 09:57:00.0,Abertura
0.38623,0.38859,2003-07-15 10:08:00.0,Intermediário
0.38638,0.3886,2003-07-15 10:36:00.0,Intermediário
0.38683,0.38905,2003-07-15 11:00:00.0,Intermediário
0.38559,0.38794,2003-07-15 11:30:00.0,Intermediário
0.38421,0.38655,2003-07-15 12:03:00.0,Intermediário
0.3847,0.38663,2003-07-15 12:30:00.0,Intermediário
0.38053,0.38271,2003-07-15 13:00:00.0,Intermediário
0.37888,0.38106,2003-07-15 13:30:00.0,Intermediário
0.37856,0.38074,2003-07-15 14:00:00.0,Intermediário
0.37859,0.38077,2003-07-15 14:30:00.0,Intermediário
0.37956,0.38228,2003-07-15 15:00:00.0,Intermediário
0.37967,0.38212,2003-07-15 15:30:00.0,Intermediário
0.38136,0.38355,2003-07-15 16:00:00.0,Intermediário
0.38131,0.38363,2003-07-15 16:30:00.0,Fechamento Interbancário
0.38139,0.38213,2003-07-15 17:43:00.0,Fechamento
0.38262,0.38574,2003-07-16 09:44:00.0,Abertura
0.38324,0.38544,2003-07-16 10:00:00.0,Intermediário
0.38334,0.38554,2003-07-16 10:30:00.0,Intermediário
0.38261,0.38467,2003-07-16 11:00:00.0,Intermediário
0.38215,0.38434,2003-07-16 11:30:00.0,Intermediário
0.38358,0.38578,2003-07-16 12:00:00.0,Intermediário
0.38388,0.38635,2003-07-16 12:30:00.0,Intermediário
0.38413,0.3862,2003-07-16 13:00:00.0,Intermediário
0.38406,0.38613,2003-07-16 13:30:00.0,Intermediário
0.38318,0.38524,2003-07-16 14:00:00.0,Intermediário
0.38263,0.38469,2003-07-16 14:30:00.0,Intermediário
0.38202,0.38421,2003-07-16 15:00:00.0,Intermediário
0.38113,0.38332,2003-07-16 15:30:00.0,Intermediário
0.38098,0.38303,2003-07-16 16:00:00.0,Intermediário
0.38124,0.3833,2003-07-16 16:30:00.0,Fechamento Interbancário
0.38459,0.38534,2003-07-16 17:44:00.0,Fechamento
0.37888,0.38199,2003-07-17 10:03:00.0,Abertura
0.37885,0.38143,2003-07-17 10:12:00.0,Intermediário
0.37724,0.37967,2003-07-17 10:30:00.0,Intermediário
0.37785,0.38002,2003-07-17 11:00:00.0,Intermediário
0.38148,0.3838,2003-07-17 11:30:00.0,Intermediário
0.38148,0.38366,2003-07-17 12:00:00.0,Intermediário
0.38036,0.38268,2003-07-17 12:30:00.0,Intermediário
0.38091,0.38323,2003-07-17 13:00:00.0,Intermediário
0.38068,0.383,2003-07-17 13:30:00.0,Intermediário
0.382,0.38433,2003-07-17 14:00:00.0,Intermediário
0.382,0.38432,2003-07-17 14:30:00.0,Intermediário
0.38253,0.38499,2003-07-17 15:00:00.0,Intermediário
0.3823,0.38463,2003-07-17 15:30:00.0,Intermediário
0.38321,0.38541,2003-07-17 16:00:00.0,Intermediário
0.38386,0.38606,2003-07-17 16:30:00.0,Fechamento Interbancário
0.38128,0.38202,2003-07-17 17:42:00.0,Fechamento
0.38329,0.38642,2003-07-18 10:03:00.0,Abertura
0.38364,0.38611,2003-07-18 10:12:00.0,Intermediário
0.38478,0.38685,2003-07-18 10:40:00.0,Intermediário
0.3855,0.38757,2003-07-18 11:49:00.0,Intermediário
0.38649,0.3887,2003-07-18 11:53:00.0,Intermediário
0.38626,0.38861,2003-07-18 12:00:00.0,Intermediário
0.38547,0.38754,2003-07-18 12:30:00.0,Intermediário
0.3864,0.38862,2003-07-18 13:00:00.0,Intermediário
0.3868,0.38902,2003-07-18 13:30:00.0,Intermediário
0.38627,0.38849,2003-07-18 14:00:00.0,Intermediário
0.38642,0.38863,2003-07-18 14:30:00.0,Intermediário
0.38705,0.38927,2003-07-18 15:00:00.0,Intermediário
0.38746,0.38968,2003-07-18 15:30:00.0,Intermediário
0.38859,0.39068,2003-07-18 16:00:00.0,Intermediário
0.38889,0.39099,2003-07-18 16:33:00.0,Fechamento Interbancário
0.38741,0.38817,2003-07-18 17:40:00.0,Fechamento
0.38881,0.39198,2003-07-21 09:52:00.0,Abertura
0.38934,0.3917,2003-07-21 10:00:00.0,Intermediário
0.38893,0.39102,2003-07-21 10:30:00.0,Intermediário
0.38877,0.39086,2003-07-21 11:03:00.0,Intermediário
0.38941,0.39178,2003-07-21 11:31:00.0,Intermediário
0.38918,0.39128,2003-07-21 12:01:00.0,Intermediário
0.38971,0.39181,2003-07-21 12:30:00.0,Intermediário
0.39027,0.3925,2003-07-21 13:00:00.0,Intermediário
0.38955,0.39179,2003-07-21 13:30:00.0,Intermediário
0.38904,0.39127,2003-07-21 14:00:00.0,Intermediário
0.38871,0.39094,2003-07-21 14:30:00.0,Intermediário
0.38952,0.39176,2003-07-21 15:00:00.0,Intermediário
0.39,0.39224,2003-07-21 15:30:00.0,Intermediário
0.38949,0.39172,2003-07-21 16:00:00.0,Intermediário
0.38909,0.39133,2003-07-21 16:31:00.0,Fechamento Interbancário
0.39079,0.39156,2003-07-21 17:38:00.0,Fechamento
0.38919,0.39238,2003-07-22 09:41:00.0,Abertura
0.3896,0.39197,2003-07-22 11:48:00.0,Intermediário
0.38968,0.39192,2003-07-22 11:55:00.0,Intermediário
0.3898,0.39204,2003-07-22 11:58:00.0,Intermediário
0.39073,0.39311,2003-07-22 12:00:00.0,Intermediário
0.39144,0.39354,2003-07-22 12:00:00.0,Intermediário
0.38968,0.39205,2003-07-22 12:30:00.0,Intermediário
0.38959,0.39182,2003-07-22 13:00:00.0,Intermediário
0.38978,0.39188,2003-07-22 13:30:00.0,Intermediário
0.38953,0.39163,2003-07-22 14:00:00.0,Intermediário
0.38947,0.39157,2003-07-22 14:30:00.0,Intermediário
0.38878,0.39115,2003-07-22 15:01:00.0,Intermediário
0.38976,0.39186,2003-07-22 15:30:00.0,Intermediário
0.38972,0.39195,2003-07-22 16:14:00.0,Intermediário
0.39005,0.39229,2003-07-22 16:30:00.0,Fechamento Interbancário
0.39034,0.3911,2003-07-22 18:11:00.0,Fechamento
0.39413,0.39735,2003-07-23 10:00:00.0,Abertura
0.39402,0.3967,2003-07-23 10:09:00.0,Intermediário
0.39397,0.39637,2003-07-23 10:30:00.0,Intermediário
0.39573,0.39787,2003-07-23 11:00:00.0,Intermediário
0.39645,0.39887,2003-07-23 11:30:00.0,Intermediário
0.39774,0.39989,2003-07-23 12:00:00.0,Intermediário
0.3985,0.40079,2003-07-23 12:30:00.0,Intermediário
0.39965,0.40181,2003-07-23 13:00:00.0,Intermediário
0.39984,0.402,2003-07-23 13:30:00.0,Intermediário
0.39946,0.40162,2003-07-23 14:00:00.0,Intermediário
0.39935,0.40151,2003-07-23 14:30:00.0,Intermediário
0.39783,0.39998,2003-07-23 15:00:00.0,Intermediário
0.39907,0.40122,2003-07-23 15:30:00.0,Intermediário
0.39859,0.40074,2003-07-23 16:01:00.0,Intermediário
0.39757,0.39971,2003-07-23 16:30:00.0,Fechamento Interbancário
0.39718,0.39796,2003-07-23 17:38:00.0,Fechamento
0.40069,0.40396,2003-07-24 09:55:00.0,Abertura
0.40133,0.40419,2003-07-24 10:00:00.0,Intermediário
0.39942,0.40171,2003-07-24 10:30:00.0,Intermediário
0.3998,0.40196,2003-07-24 11:00:00.0,Intermediário
0.40039,0.40283,2003-07-24 11:30:00.0,Intermediário
0.40082,0.40298,2003-07-24 12:00:00.0,Intermediário
0.39917,0.4016,2003-07-24 12:30:00.0,Intermediário
0.39792,0.4002,2003-07-24 13:00:00.0,Intermediário
0.39755,0.39983,2003-07-24 13:30:00.0,Intermediário
0.39769,0.39998,2003-07-24 14:00:00.0,Intermediário
0.39766,0.39994,2003-07-24 14:30:00.0,Intermediário
0.39733,0.39948,2003-07-24 15:00:00.0,Intermediário
0.39859,0.40074,2003-07-24 15:30:00.0,Intermediário
0.3984,0.40096,2003-07-24 16:00:00.0,Intermediário
0.39849,0.40092,2003-07-24 16:30:00.0,Fechamento Interbancário
0.40084,0.40163,2003-07-24 17:44:00.0,Fechamento
0.40178,0.40507,2003-07-25 09:55:00.0,Abertura
0.4018,0.40481,2003-07-25 10:00:00.0,Intermediário
0.40218,0.40463,2003-07-25 10:30:00.0,Intermediário
0.40389,0.40608,2003-07-25 11:00:00.0,Intermediário
0.40443,0.40675,2003-07-25 11:33:00.0,Intermediário
0.40583,0.40816,2003-07-25 12:00:00.0,Intermediário
0.40412,0.40672,2003-07-25 12:30:00.0,Intermediário
0.40366,0.40627,2003-07-25 13:00:00.0,Intermediário
0.40344,0.40562,2003-07-25 13:30:00.0,Intermediário
0.40305,0.40523,2003-07-25 14:00:00.0,Intermediário
0.40324,0.40542,2003-07-25 14:30:00.0,Intermediário
0.40265,0.40483,2003-07-25 15:00:00.0,Intermediário
0.4032,0.40538,2003-07-25 15:30:00.0,Intermediário
0.4037,0.40602,2003-07-25 16:00:00.0,Intermediário
0.40377,0.40596,2003-07-25 16:30:00.0,Fechamento Interbancário
0.40388,0.40468,2003-07-25 17:39:00.0,Fechamento
0.40354,0.40685,2003-07-28 09:57:00.0,Abertura
0.40366,0.40598,2003-07-28 10:00:00.0,Intermediário
0.40323,0.40555,2003-07-28 10:30:00.0,Intermediário
0.4038,0.40598,2003-07-28 11:00:00.0,Intermediário
0.40401,0.40634,2003-07-28 11:30:00.0,Intermediário
0.40259,0.40477,2003-07-28 12:00:00.0,Intermediário
0.40235,0.40453,2003-07-28 12:30:00.0,Intermediário
0.40364,0.40582,2003-07-28 13:00:00.0,Intermediário
0.40407,0.4064,2003-07-28 13:30:00.0,Intermediário
0.40397,0.40629,2003-07-28 14:00:00.0,Intermediário
0.40399,0.40631,2003-07-28 14:31:00.0,Intermediário
0.40276,0.40522,2003-07-28 15:00:00.0,Intermediário
0.4036,0.40579,2003-07-28 15:30:00.0,Intermediário
0.40396,0.40614,2003-07-28 16:01:00.0,Intermediário
0.40286,0.40504,2003-07-28 16:31:00.0,Fechamento Interbancário
0.40353,0.40432,2003-07-28 17:38:00.0,Fechamento
0.40308,0.40637,2003-07-29 09:56:00.0,Abertura
0.40398,0.40616,2003-07-29 10:00:00.0,Intermediário
0.40275,0.40493,2003-07-29 10:30:00.0,Intermediário
0.40299,0.40544,2003-07-29 11:00:00.0,Intermediário
0.40592,0.40839,2003-07-29 11:38:00.0,Intermediário
0.40461,0.40693,2003-07-29 12:00:00.0,Intermediário
0.4046,0.40692,2003-07-29 12:30:00.0,Intermediário
0.40544,0.40763,2003-07-29 13:00:00.0,Intermediário
0.40558,0.40791,2003-07-29 13:30:00.0,Intermediário
0.40517,0.40749,2003-07-29 14:00:00.0,Intermediário
0.40525,0.40758,2003-07-29 14:30:00.0,Intermediário
0.40578,0.40838,2003-07-29 15:00:00.0,Intermediário
0.40626,0.40831,2003-07-29 15:30:00.0,Intermediário
0.40687,0.40906,2003-07-29 16:02:00.0,Intermediário
0.4062,0.40839,2003-07-29 16:32:00.0,Fechamento Interbancário
0.403,0.40379,2003-07-29 18:02:00.0,Fechamento
0.40756,0.41087,2003-07-30 10:02:00.0,Abertura
0.40752,0.40999,2003-07-30 10:06:00.0,Intermediário
0.40703,0.40922,2003-07-30 10:30:00.0,Intermediário
0.40703,0.40936,2003-07-30 11:00:00.0,Intermediário
0.40714,0.4092,2003-07-30 11:30:00.0,Intermediário
0.40709,0.40915,2003-07-30 12:00:00.0,Intermediário
0.40652,0.40899,2003-07-30 12:30:00.0,Intermediário
0.40747,0.40981,2003-07-30 13:00:00.0,Intermediário
0.40777,0.40997,2003-07-30 13:30:00.0,Intermediário
0.40878,0.41098,2003-07-30 14:00:00.0,Intermediário
0.40905,0.41125,2003-07-30 14:30:00.0,Intermediário
0.41005,0.4124,2003-07-30 15:00:00.0,Intermediário
0.41135,0.4137,2003-07-30 15:30:00.0,Intermediário
0.41121,0.41356,2003-07-30 16:00:00.0,Intermediário
0.41056,0.41277,2003-07-30 16:30:00.0,Fechamento Interbancário
0.40766,0.40846,2003-07-30 18:17:00.0,Fechamento
0.40967,0.41298,2003-07-31 09:56:00.0,Abertura
0.4098,0.41242,2003-07-31 10:00:00.0,Intermediário
0.40685,0.40904,2003-07-31 10:30:00.0,Intermediário
0.40661,0.40894,2003-07-31 11:00:00.0,Intermediário
0.40708,0.40955,2003-07-31 11:30:00.0,Intermediário
0.40736,0.40969,2003-07-31 12:00:00.0,Intermediário
0.40565,0.40783,2003-07-31 12:47:00.0,Intermediário
0.40561,0.40792,2003-07-31 13:00:00.0,Intermediário
0.40606,0.40838,2003-07-31 13:30:00.0,Intermediário
0.40548,0.4078,2003-07-31 14:00:00.0,Intermediário
0.40548,0.40779,2003-07-31 14:30:00.0,Intermediário
0.40788,0.40993,2003-07-31 15:00:00.0,Intermediário
0.40734,0.40994,2003-07-31 15:30:00.0,Intermediário
0.40612,0.4083,2003-07-31 16:00:00.0,Intermediário
0.40578,0.40796,2003-07-31 16:30:00.0,Fechamento Interbancário
0.4063,0.4071,2003-07-31 17:42:00.0,Fechamento
0.40677,0.41005,2003-08-01 09:56:00.0,Abertura
0.40723,0.40956,2003-08-01 10:00:00.0,Intermediário
0.40818,0.41051,2003-08-01 10:33:00.0,Intermediário
0.40971,0.41233,2003-08-01 11:00:00.0,Intermediário
0.41255,0.41491,2003-08-01 11:33:00.0,Intermediário
0.41107,0.41355,2003-08-01 12:00:00.0,Intermediário
0.41265,0.41501,2003-08-01 12:30:00.0,Intermediário
0.41196,0.41445,2003-08-01 13:00:00.0,Intermediário
0.41226,0.41475,2003-08-01 13:30:00.0,Intermediário
0.41155,0.41404,2003-08-01 14:00:00.0,Intermediário
0.41146,0.41395,2003-08-01 14:30:00.0,Intermediário
0.41576,0.4184,2003-08-01 15:00:00.0,Intermediário
0.41543,0.4178,2003-08-01 15:30:00.0,Intermediário
0.41652,0.41876,2003-08-01 16:00:00.0,Intermediário
0.41582,0.41833,2003-08-01 16:30:00.0,Fechamento Interbancário
0.41247,0.41327,2003-08-01 17:44:00.0,Fechamento
0.42249,0.42586,2003-08-04 09:46:00.0,Abertura
0.42272,0.4254,2003-08-04 10:00:00.0,Intermediário
0.42256,0.42496,2003-08-04 10:30:00.0,Intermediário
0.42395,0.4265,2003-08-04 11:00:00.0,Intermediário
0.42414,0.42683,2003-08-04 11:39:00.0,Intermediário
0.42336,0.42563,2003-08-04 12:15:00.0,Intermediário
0.42424,0.42679,2003-08-04 12:39:00.0,Intermediário
0.42863,0.4312,2003-08-04 13:00:00.0,Intermediário
0.4303,0.43274,2003-08-04 13:30:00.0,Intermediário
0.43017,0.43261,2003-08-04 14:00:00.0,Intermediário
0.42979,0.43223,2003-08-04 14:30:00.0,Intermediário
0.42621,0.42877,2003-08-04 15:00:00.0,Intermediário
0.42312,0.42594,2003-08-04 15:30:00.0,Intermediário
0.42366,0.42621,2003-08-04 16:00:00.0,Intermediário
0.424,0.42641,2003-08-04 16:30:00.0,Fechamento Interbancário
0.42528,0.42611,2003-08-04 17:40:00.0,Fechamento
0.41601,0.41935,2003-08-05 09:40:00.0,Abertura
0.41697,0.41962,2003-08-05 10:00:00.0,Intermediário
0.41829,0.42067,2003-08-05 10:30:00.0,Intermediário
0.41837,0.42089,2003-08-05 11:00:00.0,Intermediário
0.41937,0.42176,2003-08-05 11:30:00.0,Intermediário
0.41898,0.42109,2003-08-05 12:00:00.0,Intermediário
0.41856,0.42108,2003-08-05 12:30:00.0,Intermediário
0.41811,0.42035,2003-08-05 13:00:00.0,Intermediário
0.4182,0.42045,2003-08-05 13:30:00.0,Intermediário
0.41746,0.4197,2003-08-05 14:00:00.0,Intermediário
0.41788,0.42013,2003-08-05 14:30:00.0,Intermediário
0.4157,0.41821,2003-08-05 15:00:00.0,Intermediário
0.41841,0.42065,2003-08-05 15:30:00.0,Intermediário
0.41672,0.41924,2003-08-05 16:00:00.0,Intermediário
0.41663,0.41887,2003-08-05 16:30:00.0,Fechamento Interbancário
0.42103,0.42185,2003-08-05 17:43:00.0,Fechamento
0.42068,0.42405,2003-08-06 09:49:00.0,Abertura
0.41913,0.42179,2003-08-06 10:00:00.0,Intermediário
0.41934,0.42173,2003-08-06 10:30:00.0,Intermediário
0.41983,0.42251,2003-08-06 11:00:00.0,Intermediário
0.42202,0.42429,2003-08-06 11:30:00.0,Intermediário
0.4213,0.42356,2003-08-06 12:00:00.0,Intermediário
0.42031,0.42256,2003-08-06 12:30:00.0,Intermediário
0.4205,0.42317,2003-08-06 13:00:00.0,Intermediário
0.42114,0.4234,2003-08-06 13:30:00.0,Intermediário
0.42101,0.42327,2003-08-06 14:00:00.0,Intermediário
0.42097,0.42323,2003-08-06 14:30:00.0,Intermediário
0.42186,0.4244,2003-08-06 15:00:00.0,Intermediário
0.4225,0.4249,2003-08-06 15:30:00.0,Intermediário
0.42201,0.42469,2003-08-06 16:00:00.0,Intermediário
0.42226,0.42494,2003-08-06 16:30:00.0,Fechamento Interbancário
0.42058,0.42141,2003-08-06 18:03:00.0,Fechamento
0.42069,0.42407,2003-08-07 09:53:00.0,Abertura
0.42226,0.42467,2003-08-07 10:00:00.0,Intermediário
0.42167,0.42407,2003-08-07 10:30:00.0,Intermediário
0.41954,0.42165,2003-08-07 11:00:00.0,Intermediário
0.42043,0.42282,2003-08-07 11:30:00.0,Intermediário
0.41884,0.42152,2003-08-07 12:00:00.0,Intermediário
0.41717,0.41955,2003-08-07 12:30:00.0,Intermediário
0.41788,0.42012,2003-08-07 13:00:00.0,Intermediário
0.4173,0.41954,2003-08-07 13:30:00.0,Intermediário
0.41693,0.41917,2003-08-07 14:00:00.0,Intermediário
0.41675,0.41899,2003-08-07 14:30:00.0,Intermediário
0.41521,0.41758,2003-08-07 15:00:00.0,Intermediário
0.41427,0.41678,2003-08-07 15:41:00.0,Intermediário
0.41423,0.4166,2003-08-07 16:00:00.0,Intermediário
0.4145,0.41701,2003-08-07 16:30:00.0,Fechamento Interbancário
0.41835,0.41917,2003-08-07 17:46:00.0,Fechamento
0.4122,0.41552,2003-08-08 09:48:00.0,Abertura
0.41153,0.41402,2003-08-08 10:00:00.0,Intermediário
0.41264,0.41499,2003-08-08 10:30:00.0,Intermediário
0.41568,0.41847,2003-08-08 11:00:00.0,Intermediário
0.41482,0.41718,2003-08-08 11:30:00.0,Intermediário
0.41437,0.41674,2003-08-08 12:00:00.0,Intermediário
0.41415,0.41665,2003-08-08 12:30:00.0,Intermediário
0.41246,0.41468,2003-08-08 13:00:00.0,Intermediário
0.41228,0.4145,2003-08-08 13:30:00.0,Intermediário
0.41174,0.41395,2003-08-08 14:00:00.0,Intermediário
0.41184,0.41406,2003-08-08 14:30:00.0,Intermediário
0.41103,0.41338,2003-08-08 15:00:00.0,Intermediário
0.41059,0.41321,2003-08-08 15:30:00.0,Intermediário
0.41143,0.4135,2003-08-08 16:00:00.0,Intermediário
0.41159,0.41366,2003-08-08 16:30:00.0,Fechamento Interbancário
0.41307,0.41388,2003-08-08 17:40:00.0,Fechamento
0.40952,0.41283,2003-08-11 09:54:00.0,Abertura
0.41022,0.41256,2003-08-11 10:00:00.0,Intermediário
0.41075,0.41323,2003-08-11 10:30:00.0,Intermediário
0.41174,0.41409,2003-08-11 11:07:00.0,Intermediário
0.41091,0.41312,2003-08-11 11:30:00.0,Intermediário
0.41015,0.41249,2003-08-11 12:00:00.0,Intermediário
0.41009,0.41271,2003-08-11 12:30:00.0,Intermediário
0.41155,0.41403,2003-08-11 13:00:00.0,Intermediário
0.41168,0.41389,2003-08-11 13:30:00.0,Intermediário
0.41158,0.41379,2003-08-11 14:00:00.0,Intermediário
0.41165,0.41386,2003-08-11 14:30:00.0,Intermediário
0.41232,0.41467,2003-08-11 15:00:00.0,Intermediário
0.41225,0.41447,2003-08-11 15:30:00.0,Intermediário
0.41237,0.415,2003-08-11 16:00:00.0,Intermediário
0.41219,0.41482,2003-08-11 16:30:00.0,Fechamento Interbancário
0.41203,0.41284,2003-08-11 18:04:00.0,Fechamento
0.4099,0.4132,2003-08-12 09:57:00.0,Abertura
0.41029,0.41263,2003-08-12 10:00:00.0,Intermediário
0.41411,0.4166,2003-08-12 10:30:00.0,Intermediário
0.41366,0.41601,2003-08-12 11:00:00.0,Intermediário
0.41341,0.41604,2003-08-12 11:34:00.0,Intermediário
0.41222,0.41443,2003-08-12 12:00:00.0,Intermediário
0.41246,0.41467,2003-08-12 12:30:00.0,Intermediário
0.41249,0.41498,2003-08-12 13:00:00.0,Intermediário
0.41305,0.41554,2003-08-12 13:30:00.0,Intermediário
0.41255,0.41503,2003-08-12 14:00:00.0,Intermediário
0.41259,0.41507,2003-08-12 14:30:00.0,Intermediário
0.41308,0.41543,2003-08-12 15:00:00.0,Intermediário
0.41368,0.4159,2003-08-12 15:30:00.0,Intermediário
0.41413,0.41648,2003-08-12 16:00:00.0,Intermediário
0.41377,0.41613,2003-08-12 16:30:00.0,Fechamento Interbancário
0.41346,0.41427,2003-08-12 17:39:00.0,Fechamento
0.41253,0.41583,2003-08-13 09:49:00.0,Abertura
0.41174,0.41422,2003-08-13 10:00:00.0,Intermediário
0.40955,0.41201,2003-08-13 10:30:00.0,Intermediário
0.40961,0.41194,2003-08-13 11:00:00.0,Intermediário
0.41124,0.41371,2003-08-13 11:30:00.0,Intermediário
0.41114,0.41362,2003-08-13 12:00:00.0,Intermediário
0.41016,0.41249,2003-08-13 12:30:00.0,Intermediário
0.41075,0.41323,2003-08-13 13:00:00.0,Intermediário
0.41074,0.41322,2003-08-13 13:30:00.0,Intermediário
0.41026,0.41273,2003-08-13 14:06:00.0,Intermediário
0.41035,0.41282,2003-08-13 14:30:00.0,Intermediário
0.40796,0.41028,2003-08-13 15:00:00.0,Intermediário
0.40841,0.41087,2003-08-13 15:52:00.0,Intermediário
0.40748,0.40994,2003-08-13 16:00:00.0,Intermediário
0.40761,0.41007,2003-08-13 16:30:00.0,Fechamento Interbancário
0.41194,0.41274,2003-08-13 17:57:00.0,Fechamento
0.40811,0.41139,2003-08-14 09:51:00.0,Abertura
0.40864,0.41123,2003-08-14 10:00:00.0,Intermediário
0.40781,0.41027,2003-08-14 10:30:00.0,Intermediário
0.40831,0.41064,2003-08-14 11:00:00.0,Intermediário
0.40802,0.41021,2003-08-14 11:30:00.0,Intermediário
0.40752,0.4097,2003-08-14 12:00:00.0,Intermediário
0.4065,0.40881,2003-08-14 12:30:00.0,Intermediário
0.40543,0.40788,2003-08-14 13:00:00.0,Intermediário
0.40503,0.40747,2003-08-14 13:30:00.0,Intermediário
0.40441,0.40685,2003-08-14 14:00:00.0,Intermediário
0.40504,0.40748,2003-08-14 14:30:00.0,Intermediário
0.40563,0.40794,2003-08-14 15:00:00.0,Intermediário
0.4065,0.40868,2003-08-14 15:30:00.0,Intermediário
0.40633,0.40837,2003-08-14 16:00:00.0,Intermediário
0.40614,0.40832,2003-08-14 16:41:00.0,Fechamento Interbancário
0.40986,0.41065,2003-08-14 17:47:00.0,Fechamento
0.40544,0.4087,2003-08-15 09:52:00.0,Abertura
0.40613,0.4083,2003-08-15 10:00:00.0,Intermediário
0.40589,0.40834,2003-08-15 10:30:00.0,Intermediário
0.40575,0.40806,2003-08-15 11:00:00.0,Intermediário
0.40584,0.40829,2003-08-15 11:30:00.0,Intermediário
0.40439,0.40683,2003-08-15 12:11:00.0,Intermediário
0.40392,0.40622,2003-08-15 12:44:00.0,Intermediário
0.40387,0.40603,2003-08-15 13:00:00.0,Intermediário
0.40353,0.40569,2003-08-15 13:30:00.0,Intermediário
0.40334,0.40551,2003-08-15 14:00:00.0,Intermediário
0.40337,0.40553,2003-08-15 14:30:00.0,Intermediário
0.40322,0.40552,2003-08-15 15:00:00.0,Intermediário
0.40322,0.40551,2003-08-15 15:30:00.0,Intermediário
0.40397,0.40613,2003-08-15 16:01:00.0,Intermediário
0.40379,0.40595,2003-08-15 16:30:00.0,Fechamento Interbancário
0.40461,0.4054,2003-08-15 17:51:00.0,Fechamento
0.39893,0.40214,2003-08-18 09:53:00.0,Abertura
0.39856,0.40178,2003-08-18 10:00:00.0,Intermediário
0.39867,0.40108,2003-08-18 10:30:00.0,Intermediário
0.3999,0.40204,2003-08-18 11:00:00.0,Intermediário
0.39893,0.40107,2003-08-18 11:30:00.0,Intermediário
0.39801,0.40014,2003-08-18 12:00:00.0,Intermediário
0.39799,0.40012,2003-08-18 12:30:00.0,Intermediário
0.39838,0.40078,2003-08-18 13:00:00.0,Intermediário
0.39875,0.40089,2003-08-18 13:30:00.0,Intermediário
0.3988,0.40093,2003-08-18 14:00:00.0,Intermediário
0.39883,0.40097,2003-08-18 14:30:00.0,Intermediário
0.40004,0.40218,2003-08-18 15:00:00.0,Intermediário
0.40017,0.40271,2003-08-18 15:30:00.0,Intermediário
0.40063,0.40278,2003-08-18 16:00:00.0,Intermediário
0.40031,0.40245,2003-08-18 16:30:00.0,Fechamento Interbancário
0.39851,0.39928,2003-08-18 18:05:00.0,Fechamento
0.39811,0.4013,2003-08-19 09:54:00.0,Abertura
0.39703,0.39915,2003-08-19 10:00:00.0,Intermediário
0.39829,0.40042,2003-08-19 10:30:00.0,Intermediário
0.39883,0.40096,2003-08-19 11:00:00.0,Intermediário
0.39974,0.40188,2003-08-19 11:30:00.0,Intermediário
0.39889,0.40103,2003-08-19 12:00:00.0,Intermediário
0.39769,0.39981,2003-08-19 12:30:00.0,Intermediário
0.39888,0.40101,2003-08-19 13:00:00.0,Intermediário
0.39897,0.40111,2003-08-19 13:30:00.0,Intermediário
0.39936,0.4015,2003-08-19 14:00:00.0,Intermediário
0.39912,0.40126,2003-08-19 14:30:00.0,Intermediário
0.4,0.40228,2003-08-19 15:00:00.0,Intermediário
0.39915,0.40142,2003-08-19 15:30:00.0,Intermediário
0.39904,0.40131,2003-08-19 16:00:00.0,Intermediário
0.39896,0.40109,2003-08-19 16:30:00.0,Fechamento Interbancário
0.40076,0.40153,2003-08-19 17:49:00.0,Fechamento
0.39928,0.40249,2003-08-20 09:56:00.0,Abertura
0.39973,0.40187,2003-08-20 10:00:00.0,Intermediário
0.40033,0.40287,2003-08-20 10:30:00.0,Intermediário
0.40144,0.40373,2003-08-20 11:00:00.0,Intermediário
0.40173,0.40401,2003-08-20 11:30:00.0,Intermediário
0.40229,0.40471,2003-08-20 12:00:00.0,Intermediário
0.4019,0.40405,2003-08-20 12:30:00.0,Intermediário
0.40054,0.40255,2003-08-20 13:00:00.0,Intermediário
0.40154,0.40396,2003-08-20 13:30:00.0,Intermediário
0.40095,0.40336,2003-08-20 14:00:00.0,Intermediário
0.40083,0.40325,2003-08-20 14:30:00.0,Intermediário
0.40004,0.40245,2003-08-20 15:00:00.0,Intermediário
0.40095,0.40309,2003-08-20 15:31:00.0,Intermediário
0.40069,0.40284,2003-08-20 16:01:00.0,Intermediário
0.40063,0.40278,2003-08-20 16:31:00.0,Fechamento Interbancário
0.40236,0.40314,2003-08-20 17:50:00.0,Fechamento
0.3976,0.40079,2003-08-21 09:51:00.0,Abertura
0.39822,0.40021,2003-08-21 10:00:00.0,Intermediário
0.39786,0.39998,2003-08-21 10:30:00.0,Intermediário
0.39717,0.39929,2003-08-21 11:00:00.0,Intermediário
0.39675,0.39901,2003-08-21 11:30:00.0,Intermediário
0.39635,0.3986,2003-08-21 12:00:00.0,Intermediário
0.39729,0.39941,2003-08-21 12:30:00.0,Intermediário
0.39658,0.3987,2003-08-21 13:00:00.0,Intermediário
0.39514,0.39725,2003-08-21 13:30:00.0,Intermediário
0.39568,0.39779,2003-08-21 14:00:00.0,Intermediário
0.39466,0.39677,2003-08-21 14:30:00.0,Intermediário
0.39386,0.39622,2003-08-21 15:00:00.0,Intermediário
0.39345,0.39568,2003-08-21 15:30:00.0,Intermediário
0.39401,0.39624,2003-08-21 16:00:00.0,Intermediário
0.39473,0.39697,2003-08-21 17:02:00.0,Fechamento Interbancário
0.39519,0.39596,2003-08-21 18:17:00.0,Fechamento
0.39128,0.39442,2003-08-22 09:52:00.0,Abertura
0.39226,0.39449,2003-08-22 10:00:00.0,Intermediário
0.39157,0.39366,2003-08-22 10:30:00.0,Intermediário
0.3906,0.39256,2003-08-22 11:00:00.0,Intermediário
0.38955,0.39176,2003-08-22 11:30:00.0,Intermediário
0.39004,0.39212,2003-08-22 12:14:00.0,Intermediário
0.38969,0.39177,2003-08-22 12:30:00.0,Intermediário
0.39008,0.39229,2003-08-22 13:00:00.0,Intermediário
0.39013,0.39248,2003-08-22 13:30:00.0,Intermediário
0.39022,0.39256,2003-08-22 14:00:00.0,Intermediário
0.39019,0.39253,2003-08-22 14:30:00.0,Intermediário
0.38968,0.39189,2003-08-22 15:08:00.0,Intermediário
0.39055,0.39263,2003-08-22 15:38:00.0,Intermediário
0.38935,0.3913,2003-08-22 16:00:00.0,Intermediário
0.38938,0.39146,2003-08-22 16:30:00.0,Fechamento Interbancário
0.39059,0.39134,2003-08-22 17:44:00.0,Fechamento
0.39007,0.3932,2003-08-25 09:56:00.0,Abertura
0.38998,0.39219,2003-08-25 10:00:00.0,Intermediário
0.39117,0.39326,2003-08-25 10:30:00.0,Intermediário
0.39127,0.39349,2003-08-25 11:00:00.0,Intermediário
0.39133,0.39355,2003-08-25 11:32:00.0,Intermediário
0.39138,0.39374,2003-08-25 12:12:00.0,Intermediário
0.39103,0.39311,2003-08-25 12:30:00.0,Intermediário
0.39038,0.39259,2003-08-25 13:03:00.0,Intermediário
0.38986,0.39207,2003-08-25 13:30:00.0,Intermediário
0.38935,0.39156,2003-08-25 14:00:00.0,Intermediário
0.38958,0.39179,2003-08-25 14:30:00.0,Intermediário
0.39025,0.39246,2003-08-25 15:01:00.0,Intermediário
0.39067,0.39262,2003-08-25 15:41:00.0,Intermediário
0.3902,0.39255,2003-08-25 17:05:00.0,Intermediário
0.39017,0.39251,2003-08-25 17:06:00.0,Fechamento Interbancário
0.39065,0.3914,2003-08-25 17:54:00.0,Fechamento
0.38782,0.39093,2003-08-26 09:54:00.0,Abertura
0.38776,0.38983,2003-08-26 10:00:00.0,Intermediário
0.38727,0.38933,2003-08-26 10:30:00.0,Intermediário
0.38752,0.38959,2003-08-26 11:00:00.0,Intermediário
0.38942,0.3915,2003-08-26 12:16:00.0,Intermediário
0.38888,0.39096,2003-08-26 12:18:00.0,Intermediário
0.38978,0.39199,2003-08-26 12:38:00.0,Intermediário
0.38891,0.39138,2003-08-26 13:05:00.0,Intermediário
0.3893,0.39177,2003-08-26 13:41:00.0,Intermediário
0.38902,0.39149,2003-08-26 14:05:00.0,Intermediário
0.38977,0.39224,2003-08-26 14:35:00.0,Intermediário
0.38909,0.39116,2003-08-26 15:03:00.0,Intermediário
0.38929,0.39163,2003-08-26 15:36:00.0,Intermediário
0.38892,0.391,2003-08-26 16:02:00.0,Intermediário
0.38865,0.39072,2003-08-26 16:33:00.0,Fechamento Interbancário
0.38901,0.38976,2003-08-26 18:43:00.0,Fechamento
0.38696,0.39008,2003-08-27 09:36:00.0,Abertura
0.38869,0.39142,2003-08-27 10:04:00.0,Intermediário
0.38906,0.39114,2003-08-27 10:30:00.0,Intermediário
0.38944,0.39152,2003-08-27 11:00:00.0,Intermediário
0.38809,0.39016,2003-08-27 11:30:00.0,Intermediário
0.38809,0.39003,2003-08-27 12:00:00.0,Intermediário
0.3874,0.38947,2003-08-27 12:30:00.0,Intermediário
0.3884,0.39047,2003-08-27 13:00:00.0,Intermediário
0.38849,0.39057,2003-08-27 13:30:00.0,Intermediário
0.38807,0.39015,2003-08-27 14:00:00.0,Intermediário
0.38703,0.38909,2003-08-27 14:30:00.0,Intermediário
0.3866,0.38867,2003-08-27 15:00:00.0,Intermediário
0.38516,0.38709,2003-08-27 15:30:00.0,Intermediário
0.38464,0.38683,2003-08-27 16:00:00.0,Intermediário
0.38443,0.38648,2003-08-27 16:30:00.0,Fechamento Interbancário
0.38741,0.38816,2003-08-27 17:48:00.0,Fechamento
0.38475,0.38786,2003-08-28 09:56:00.0,Abertura
0.38502,0.38734,2003-08-28 10:00:00.0,Intermediário
0.38535,0.38742,2003-08-28 10:30:00.0,Intermediário
0.38661,0.38868,2003-08-28 11:00:00.0,Intermediário
0.38796,0.3899,2003-08-28 11:30:00.0,Intermediário
0.38844,0.39065,2003-08-28 12:00:00.0,Intermediário
0.38783,0.38991,2003-08-28 12:30:00.0,Intermediário
0.38726,0.38934,2003-08-28 13:00:00.0,Intermediário
0.38683,0.38903,2003-08-28 13:30:00.0,Intermediário
0.38636,0.38856,2003-08-28 14:13:00.0,Intermediário
0.38666,0.38886,2003-08-28 14:30:00.0,Intermediário
0.38575,0.38794,2003-08-28 15:00:00.0,Intermediário
0.3861,0.38804,2003-08-28 15:30:00.0,Intermediário
0.38628,0.38834,2003-08-28 16:00:00.0,Intermediário
0.38612,0.38832,2003-08-28 16:30:00.0,Fechamento Interbancário
0.38655,0.3873,2003-08-28 17:49:00.0,Fechamento
0.39158,0.39474,2003-08-29 09:54:00.0,Abertura
0.39285,0.39522,2003-08-29 10:00:00.0,Intermediário
0.39245,0.39442,2003-08-29 10:30:00.0,Intermediário
0.39202,0.39425,2003-08-29 11:00:00.0,Intermediário
0.3922,0.39443,2003-08-29 11:30:00.0,Intermediário
0.39406,0.39604,2003-08-29 12:00:00.0,Intermediário
0.39386,0.39637,2003-08-29 12:30:00.0,Intermediário
0.39338,0.39535,2003-08-29 13:14:00.0,Intermediário
0.39287,0.39484,2003-08-29 13:41:00.0,Intermediário
0.39272,0.39469,2003-08-29 14:04:00.0,Intermediário
0.39287,0.39484,2003-08-29 14:30:00.0,Intermediário
0.39494,0.39692,2003-08-29 15:00:00.0,Intermediário
0.39509,0.39747,2003-08-29 15:30:00.0,Intermediário
0.39511,0.39722,2003-08-29 16:00:00.0,Intermediário
0.39531,0.39756,2003-08-29 16:30:00.0,Fechamento Interbancário
0.3945,0.39527,2003-08-29 18:28:00.0,Fechamento
0.39448,0.39765,2003-09-01 09:52:00.0,Abertura
0.39517,0.39755,2003-09-01 10:00:00.0,Intermediário
0.39639,0.39864,2003-09-01 10:30:00.0,Intermediário
0.39526,0.39737,2003-09-01 11:00:00.0,Intermediário
0.39573,0.39812,2003-09-01 11:30:00.0,Intermediário
0.39635,0.39834,2003-09-01 12:01:00.0,Intermediário
0.39467,0.39692,2003-09-01 12:30:00.0,Intermediário
0.39447,0.39658,2003-09-01 13:00:00.0,Intermediário
0.39467,0.39678,2003-09-01 13:30:00.0,Intermediário
0.39441,0.39652,2003-09-01 14:00:00.0,Intermediário
0.39478,0.39689,2003-09-01 14:30:00.0,Intermediário
0.39493,0.39704,2003-09-01 15:00:00.0,Intermediário
0.39502,0.39714,2003-09-01 15:30:00.0,Intermediário
0.39535,0.39747,2003-09-01 16:00:00.0,Intermediário
0.39533,0.39744,2003-09-01 16:30:00.0,Fechamento Interbancário
0.39582,0.39659,2003-09-01 18:18:00.0,Fechamento
0.39424,0.39741,2003-09-02 09:55:00.0,Abertura
0.39439,0.3969,2003-09-02 10:00:00.0,Intermediário
0.39473,0.39697,2003-09-02 10:30:00.0,Intermediário
0.39392,0.39602,2003-09-02 11:00:00.0,Intermediário
0.3932,0.3953,2003-09-02 11:30:00.0,Intermediário
0.39199,0.39409,2003-09-02 12:00:00.0,Intermediário
0.39099,0.39321,2003-09-02 12:30:00.0,Intermediário
0.39078,0.39301,2003-09-02 13:00:00.0,Intermediário
0.38994,0.39215,2003-09-02 13:30:00.0,Intermediário
0.38999,0.39221,2003-09-02 14:00:00.0,Intermediário
0.38945,0.39167,2003-09-02 14:30:00.0,Intermediário
0.3889,0.39124,2003-09-02 15:00:00.0,Intermediário
0.38899,0.3912,2003-09-02 15:30:00.0,Intermediário
0.38766,0.38987,2003-09-02 16:00:00.0,Intermediário
0.38703,0.38923,2003-09-02 16:30:00.0,Fechamento Interbancário
0.3899,0.39065,2003-09-02 17:46:00.0,Fechamento
0.38526,0.38837,2003-09-03 09:53:00.0,Abertura
0.38581,0.38801,2003-09-03 10:00:00.0,Intermediário
0.38635,0.38854,2003-09-03 10:30:00.0,Intermediário
0.3885,0.39058,2003-09-03 11:00:00.0,Intermediário
0.38775,0.38996,2003-09-03 11:30:00.0,Intermediário
0.38771,0.38978,2003-09-03 12:00:00.0,Intermediário
0.38815,0.39036,2003-09-03 12:30:00.0,Intermediário
0.38802,0.3901,2003-09-03 13:00:00.0,Intermediário
0.3879,0.38998,2003-09-03 13:30:00.0,Intermediário
0.38795,0.39002,2003-09-03 14:00:00.0,Intermediário
0.38817,0.39025,2003-09-03 14:30:00.0,Intermediário
0.38898,0.39119,2003-09-03 15:00:00.0,Intermediário
0.38858,0.39079,2003-09-03 15:30:00.0,Intermediário
0.38872,0.39093,2003-09-03 16:00:00.0,Intermediário
0.38888,0.39083,2003-09-03 16:30:00.0,Fechamento Interbancário
0.389,0.38976,2003-09-03 17:44:00.0,Fechamento
0.38973,0.39288,2003-09-04 09:56:00.0,Abertura
0.38993,0.39228,2003-09-04 10:00:00.0,Intermediário
0.38933,0.39155,2003-09-04 10:30:00.0,Intermediário
0.38921,0.3913,2003-09-04 11:00:00.0,Intermediário
0.38894,0.39115,2003-09-04 11:30:00.0,Intermediário
0.38995,0.39204,2003-09-04 12:00:00.0,Intermediário
0.38901,0.39123,2003-09-04 12:30:00.0,Intermediário
0.38892,0.391,2003-09-04 13:00:00.0,Intermediário
0.38907,0.39115,2003-09-04 13:30:00.0,Intermediário
0.38856,0.39064,2003-09-04 14:00:00.0,Intermediário
0.38936,0.39145,2003-09-04 14:30:00.0,Intermediário
0.38881,0.39089,2003-09-04 15:00:00.0,Intermediário
0.38905,0.39127,2003-09-04 15:30:00.0,Intermediário
0.38847,0.39068,2003-09-04 16:00:00.0,Intermediário
0.38857,0.39065,2003-09-04 16:30:00.0,Fechamento Interbancário
0.39104,0.39179,2003-09-04 17:42:00.0,Fechamento
0.38883,0.39199,2003-09-05 09:55:00.0,Abertura
0.39102,0.39352,2003-09-05 10:00:00.0,Intermediário
0.3919,0.39387,2003-09-05 10:30:00.0,Intermediário
0.39181,0.39392,2003-09-05 11:00:00.0,Intermediário
0.3907,0.39279,2003-09-05 11:30:00.0,Intermediário
0.38892,0.39101,2003-09-05 12:00:00.0,Intermediário
0.39007,0.39216,2003-09-05 12:30:00.0,Intermediário
0.39004,0.3924,2003-09-05 13:00:00.0,Intermediário
0.3898,0.39217,2003-09-05 13:30:00.0,Intermediário
0.39029,0.39266,2003-09-05 14:00:00.0,Intermediário
0.39007,0.39244,2003-09-05 14:30:00.0,Intermediário
0.39215,0.39439,2003-09-05 15:00:00.0,Intermediário
0.39285,0.39524,2003-09-05 15:30:00.0,Intermediário
0.39054,0.39264,2003-09-05 16:00:00.0,Intermediário
0.39054,0.39264,2003-09-05 16:30:00.0,Fechamento Interbancário
0.39282,0.39358,2003-09-05 17:44:00.0,Fechamento
0.38822,0.39139,2003-09-08 09:59:00.0,Abertura
0.38821,0.39056,2003-09-08 10:00:00.0,Intermediário
0.38846,0.39055,2003-09-08 10:30:00.0,Intermediário
0.38941,0.39177,2003-09-08 11:00:00.0,Intermediário
0.38928,0.39138,2003-09-08 11:30:00.0,Intermediário
0.38989,0.39212,2003-09-08 12:00:00.0,Intermediário
0.39133,0.39357,2003-09-08 12:30:00.0,Intermediário
0.39273,0.39484,2003-09-08 13:00:00.0,Intermediário
0.39183,0.39394,2003-09-08 13:30:00.0,Intermediário
0.39222,0.39432,2003-09-08 14:00:00.0,Intermediário
0.39194,0.39405,2003-09-08 14:30:00.0,Intermediário
0.39212,0.39463,2003-09-08 15:00:00.0,Intermediário
0.3934,0.39578,2003-09-08 15:30:00.0,Intermediário
0.39464,0.39689,2003-09-08 16:00:00.0,Intermediário
0.39385,0.3961,2003-09-08 17:02:00.0,Fechamento Interbancário
0.39014,0.3909,2003-09-08 18:01:00.0,Fechamento
0.39569,0.39889,2003-09-09 09:48:00.0,Abertura
0.39654,0.39894,2003-09-09 10:00:00.0,Intermediário
0.39801,0.40015,2003-09-09 10:30:00.0,Intermediário
0.39505,0.39744,2003-09-09 11:00:00.0,Intermediário
0.39536,0.39776,2003-09-09 11:30:00.0,Intermediário
0.39397,0.39609,2003-09-09 12:00:00.0,Intermediário
0.39499,0.39738,2003-09-09 12:30:00.0,Intermediário
0.39561,0.39774,2003-09-09 13:00:00.0,Intermediário
0.39733,0.39947,2003-09-09 13:30:00.0,Intermediário
0.39657,0.3987,2003-09-09 14:00:00.0,Intermediário
0.3967,0.39884,2003-09-09 14:30:00.0,Intermediário
0.39593,0.39847,2003-09-09 15:00:00.0,Intermediário
0.39747,0.39974,2003-09-09 15:30:00.0,Intermediário
0.39624,0.39837,2003-09-09 16:00:00.0,Intermediário
0.39628,0.39841,2003-09-09 16:30:00.0,Fechamento Interbancário
0.39767,0.39845,2003-09-09 17:46:00.0,Fechamento
0.39476,0.39797,2003-09-10 09:55:00.0,Abertura
0.39497,0.39737,2003-09-10 10:00:00.0,Intermediário
0.39429,0.39654,2003-09-10 10:30:00.0,Intermediário
0.39507,0.39733,2003-09-10 11:00:00.0,Intermediário
0.39202,0.39427,2003-09-10 11:30:00.0,Intermediário
0.39201,0.39439,2003-09-10 12:00:00.0,Intermediário
0.39116,0.39353,2003-09-10 12:30:00.0,Intermediário
0.39118,0.39342,2003-09-10 13:00:00.0,Intermediário
0.39082,0.39306,2003-09-10 13:30:00.0,Intermediário
0.39079,0.39303,2003-09-10 14:00:00.0,Intermediário
0.39132,0.39356,2003-09-10 14:30:00.0,Intermediário
0.39077,0.39287,2003-09-10 15:00:00.0,Intermediário
0.39071,0.39268,2003-09-10 15:30:00.0,Intermediário
0.38936,0.3916,2003-09-10 16:00:00.0,Intermediário
0.38983,0.39193,2003-09-10 16:30:00.0,Fechamento Interbancário
0.39327,0.39403,2003-09-10 18:35:00.0,Fechamento
0.38946,0.39265,2003-09-11 09:52:00.0,Abertura
0.38836,0.39045,2003-09-11 10:00:00.0,Intermediário
0.38892,0.39129,2003-09-11 10:30:00.0,Intermediário
0.39013,0.39251,2003-09-11 11:00:00.0,Intermediário
0.39103,0.39327,2003-09-11 11:30:00.0,Intermediário
0.39129,0.39367,2003-09-11 12:00:00.0,Intermediário
0.39019,0.39243,2003-09-11 12:30:00.0,Intermediário
0.39077,0.39287,2003-09-11 13:00:00.0,Intermediário
0.39053,0.39263,2003-09-11 13:30:00.0,Intermediário
0.39036,0.39246,2003-09-11 14:00:00.0,Intermediário
0.39007,0.39217,2003-09-11 14:30:00.0,Intermediário
0.39096,0.3932,2003-09-11 15:00:00.0,Intermediário
0.39221,0.39445,2003-09-11 15:30:00.0,Intermediário
0.39258,0.39482,2003-09-11 16:00:00.0,Intermediário
0.3927,0.39481,2003-09-11 16:30:00.0,Fechamento Interbancário
0.39164,0.39241,2003-09-11 17:52:00.0,Fechamento
0.39404,0.39725,2003-09-12 09:56:00.0,Abertura
0.39496,0.39736,2003-09-12 10:00:00.0,Intermediário
0.39309,0.39521,2003-09-12 10:30:00.0,Intermediário
0.39551,0.39778,2003-09-12 11:03:00.0,Intermediário
0.39513,0.39754,2003-09-12 11:30:00.0,Intermediário
0.3941,0.39622,2003-09-12 12:00:00.0,Intermediário
0.3942,0.39646,2003-09-12 12:30:00.0,Intermediário
0.3951,0.39764,2003-09-12 13:00:00.0,Intermediário
0.39559,0.39772,2003-09-12 13:30:00.0,Intermediário
0.39581,0.39794,2003-09-12 14:00:00.0,Intermediário
0.3954,0.39753,2003-09-12 14:30:00.0,Intermediário
0.39557,0.39798,2003-09-12 15:00:00.0,Intermediário
0.39323,0.39535,2003-09-12 15:30:00.0,Intermediário
0.39391,0.39603,2003-09-12 16:00:00.0,Intermediário
0.39423,0.39662,2003-09-12 16:30:00.0,Fechamento Interbancário
0.39416,0.39493,2003-09-12 17:41:00.0,Fechamento
0.39543,0.39865,2003-09-15 09:57:00.0,Abertura
0.39578,0.39818,2003-09-15 10:00:00.0,Intermediário
0.39466,0.3972,2003-09-15 10:30:00.0,Intermediário
0.39324,0.39563,2003-09-15 11:00:00.0,Intermediário
0.39236,0.39475,2003-09-15 11:30:00.0,Intermediário
0.39357,0.3957,2003-09-15 12:00:00.0,Intermediário
0.39369,0.39595,2003-09-15 12:30:00.0,Intermediário
0.39179,0.39403,2003-09-15 13:00:00.0,Intermediário
0.39165,0.39417,2003-09-15 13:30:00.0,Intermediário
0.39219,0.39472,2003-09-15 14:00:00.0,Intermediário
0.39222,0.39475,2003-09-15 14:30:00.0,Intermediário
0.39227,0.39452,2003-09-15 15:00:00.0,Intermediário
0.39227,0.39438,2003-09-15 15:31:00.0,Intermediário
0.3919,0.39428,2003-09-15 16:01:00.0,Intermediário
0.39152,0.39363,2003-09-15 16:30:00.0,Fechamento Interbancário
0.39352,0.3943,2003-09-15 17:46:00.0,Fechamento
0.39153,0.39473,2003-09-16 09:45:00.0,Abertura
0.39142,0.39366,2003-09-16 10:00:00.0,Intermediário
0.39137,0.39375,2003-09-16 10:30:00.0,Intermediário
0.39165,0.39389,2003-09-16 11:00:00.0,Intermediário
0.39176,0.394,2003-09-16 11:30:00.0,Intermediário
0.3915,0.39361,2003-09-16 12:00:00.0,Intermediário
0.39185,0.39395,2003-09-16 12:30:00.0,Intermediário
0.3906,0.3927,2003-09-16 13:00:00.0,Intermediário
0.38931,0.39141,2003-09-16 13:30:00.0,Intermediário
0.38914,0.39123,2003-09-16 14:00:00.0,Intermediário
0.38908,0.39118,2003-09-16 14:30:00.0,Intermediário
0.39065,0.39275,2003-09-16 15:00:00.0,Intermediário
0.39129,0.3934,2003-09-16 15:30:00.0,Intermediário
0.39176,0.394,2003-09-16 16:00:00.0,Intermediário
0.39182,0.39407,2003-09-16 16:30:00.0,Fechamento Interbancário
0.39025,0.39101,2003-09-16 17:50:00.0,Fechamento
0.39572,0.39895,2003-09-17 09:39:00.0,Abertura
0.39532,0.39759,2003-09-17 10:00:00.0,Intermediário
0.39736,0.39964,2003-09-17 10:33:00.0,Intermediário
0.39631,0.39872,2003-09-17 11:00:00.0,Intermediário
0.3974,0.39954,2003-09-17 11:30:00.0,Intermediário
0.3971,0.39938,2003-09-17 12:00:00.0,Intermediário
0.39782,0.4001,2003-09-17 12:30:00.0,Intermediário
0.39892,0.40148,2003-09-17 13:00:00.0,Intermediário
0.39902,0.40117,2003-09-17 13:30:00.0,Intermediário
0.39905,0.4012,2003-09-17 14:00:00.0,Intermediário
0.39976,0.40191,2003-09-17 14:30:00.0,Intermediário
0.3992,0.40149,2003-09-17 15:00:00.0,Intermediário
0.39956,0.40172,2003-09-17 15:30:00.0,Intermediário
0.40043,0.40245,2003-09-17 16:00:00.0,Intermediário
0.39987,0.40202,2003-09-17 16:30:00.0,Fechamento Interbancário
0.39991,0.40069,2003-09-17 17:59:00.0,Fechamento
0.39853,0.40179,2003-09-18 09:54:00.0,Abertura
0.39926,0.40142,2003-09-18 10:00:00.0,Intermediário
0.40071,0.40302,2003-09-18 10:30:00.0,Intermediário
0.39991,0.40221,2003-09-18 11:00:00.0,Intermediário
0.40011,0.40227,2003-09-18 11:30:00.0,Intermediário
0.39936,0.40152,2003-09-18 12:00:00.0,Intermediário
0.39808,0.40023,2003-09-18 12:30:00.0,Intermediário
0.39869,0.40084,2003-09-18 13:00:00.0,Intermediário
0.39944,0.4016,2003-09-18 13:30:00.0,Intermediário
0.40017,0.40233,2003-09-18 14:00:00.0,Intermediário
0.39985,0.40201,2003-09-18 14:30:00.0,Intermediário
0.3998,0.40196,2003-09-18 15:00:00.0,Intermediário
0.40026,0.40228,2003-09-18 15:30:00.0,Intermediário
0.39981,0.40197,2003-09-18 16:00:00.0,Intermediário
0.40033,0.40249,2003-09-18 16:30:00.0,Fechamento Interbancário
0.40023,0.40102,2003-09-18 17:45:00.0,Fechamento
0.40218,0.40546,2003-09-19 09:58:00.0,Abertura
0.40237,0.40468,2003-09-19 10:00:00.0,Intermediário
0.40077,0.40293,2003-09-19 10:30:00.0,Intermediário
0.40215,0.40432,2003-09-19 11:00:00.0,Intermediário
0.40243,0.40474,2003-09-19 11:30:00.0,Intermediário
0.40253,0.40484,2003-09-19 12:00:00.0,Intermediário
0.40415,0.40633,2003-09-19 12:30:00.0,Intermediário
0.40396,0.40614,2003-09-19 13:00:00.0,Intermediário
0.40439,0.40657,2003-09-19 13:30:00.0,Intermediário
0.40405,0.40623,2003-09-19 14:00:00.0,Intermediário
0.40483,0.40701,2003-09-19 14:30:00.0,Intermediário
0.40462,0.40695,2003-09-19 15:00:00.0,Intermediário
0.40345,0.40577,2003-09-19 15:30:00.0,Intermediário
0.4031,0.40513,2003-09-19 16:00:00.0,Intermediário
0.40333,0.40537,2003-09-19 16:30:00.0,Fechamento Interbancário
0.40491,0.40571,2003-09-19 17:51:00.0,Fechamento
0.40671,0.41003,2003-09-22 09:56:00.0,Abertura
0.40816,0.41064,2003-09-22 10:25:00.0,Intermediário
0.40706,0.40926,2003-09-22 10:30:00.0,Intermediário
0.40635,0.40869,2003-09-22 11:00:00.0,Intermediário
0.40664,0.40884,2003-09-22 11:30:00.0,Intermediário
0.40611,0.4083,2003-09-22 12:00:00.0,Intermediário
0.40622,0.40855,2003-09-22 12:30:00.0,Intermediário
0.40618,0.40851,2003-09-22 13:00:00.0,Intermediário
0.40653,0.40886,2003-09-22 13:30:00.0,Intermediário
0.40699,0.40933,2003-09-22 14:00:00.0,Intermediário
0.40692,0.40926,2003-09-22 14:30:00.0,Intermediário
0.4062,0.40868,2003-09-22 15:00:00.0,Intermediário
0.40735,0.40955,2003-09-22 15:30:00.0,Intermediário
0.40648,0.40882,2003-09-22 16:00:00.0,Intermediário
0.40631,0.40865,2003-09-22 16:30:00.0,Fechamento Interbancário
0.40747,0.40828,2003-09-22 17:46:00.0,Fechamento
0.40743,0.41076,2003-09-23 09:50:00.0,Abertura
0.40798,0.41047,2003-09-23 10:00:00.0,Intermediário
0.40886,0.41107,2003-09-23 10:30:00.0,Intermediário
0.40978,0.412,2003-09-23 11:00:00.0,Intermediário
0.4102,0.41242,2003-09-23 11:30:00.0,Intermediário
0.41184,0.41407,2003-09-23 12:00:00.0,Intermediário
0.41249,0.41472,2003-09-23 12:30:00.0,Intermediário
0.41356,0.41579,2003-09-23 13:00:00.0,Intermediário
0.41342,0.41566,2003-09-23 13:30:00.0,Intermediário
0.41308,0.41531,2003-09-23 14:00:00.0,Intermediário
0.41274,0.41497,2003-09-23 14:30:00.0,Intermediário
0.41268,0.41491,2003-09-23 15:00:00.0,Intermediário
0.41285,0.4155,2003-09-23 15:30:00.0,Intermediário
0.41219,0.41457,2003-09-23 16:00:00.0,Intermediário
0.41195,0.41418,2003-09-23 16:30:00.0,Fechamento Interbancário
0.412,0.41282,2003-09-23 17:40:00.0,Fechamento
0.4151,0.41848,2003-09-24 09:54:00.0,Abertura
0.41593,0.41846,2003-09-24 10:00:00.0,Intermediário
0.41626,0.4185,2003-09-24 10:30:00.0,Intermediário
0.41499,0.41737,2003-09-24 11:00:00.0,Intermediário
0.41516,0.4174,2003-09-24 11:30:00.0,Intermediário
0.41517,0.41742,2003-09-24 12:00:00.0,Intermediário
0.41413,0.41666,2003-09-24 12:30:00.0,Intermediário
0.41464,0.41717,2003-09-24 13:00:00.0,Intermediário
0.41526,0.41751,2003-09-24 13:30:00.0,Intermediário
0.41371,0.41595,2003-09-24 14:00:00.0,Intermediário
0.41376,0.416,2003-09-24 14:30:00.0,Intermediário
0.41549,0.41788,2003-09-24 15:00:00.0,Intermediário
0.41525,0.41779,2003-09-24 15:30:00.0,Intermediário
0.41761,0.41973,2003-09-24 16:00:00.0,Intermediário
0.41769,0.41995,2003-09-24 16:30:00.0,Fechamento Interbancário
0.41805,0.41888,2003-09-24 17:38:00.0,Fechamento
0.41471,0.4181,2003-09-25 09:50:00.0,Abertura
0.41507,0.41745,2003-09-25 10:00:00.0,Intermediário
0.41476,0.41701,2003-09-25 10:30:00.0,Intermediário
0.41649,0.41874,2003-09-25 11:00:00.0,Intermediário
0.41708,0.41934,2003-09-25 11:30:00.0,Intermediário
0.41728,0.41954,2003-09-25 12:00:00.0,Intermediário
0.41652,0.41892,2003-09-25 12:30:00.0,Intermediário
0.41551,0.4179,2003-09-25 13:00:00.0,Intermediário
0.41545,0.41784,2003-09-25 13:30:00.0,Intermediário
0.41566,0.41805,2003-09-25 14:00:00.0,Intermediário
0.41518,0.41757,2003-09-25 14:30:00.0,Intermediário
0.41675,0.419,2003-09-25 15:00:00.0,Intermediário
0.41736,0.41961,2003-09-25 15:30:00.0,Intermediário
0.41692,0.41917,2003-09-25 16:00:00.0,Intermediário
0.41715,0.4194,2003-09-25 16:30:00.0,Fechamento Interbancário
0.4168,0.41763,2003-09-25 17:46:00.0,Fechamento
0.41376,0.41714,2003-09-26 09:46:00.0,Abertura
0.4144,0.41664,2003-09-26 10:00:00.0,Intermediário
0.41634,0.41859,2003-09-26 10:30:00.0,Intermediário
0.41682,0.41921,2003-09-26 11:00:00.0,Intermediário
0.4147,0.41694,2003-09-26 11:30:00.0,Intermediário
0.41536,0.41761,2003-09-26 12:00:00.0,Intermediário
0.41456,0.41694,2003-09-26 12:30:00.0,Intermediário
0.41331,0.41569,2003-09-26 13:00:00.0,Intermediário
0.41335,0.41572,2003-09-26 13:30:00.0,Intermediário
0.41311,0.41548,2003-09-26 14:00:00.0,Intermediário
0.41318,0.41555,2003-09-26 14:30:00.0,Intermediário
0.41353,0.41576,2003-09-26 15:00:00.0,Intermediário
0.41332,0.41555,2003-09-26 15:30:00.0,Intermediário
0.41377,0.41614,2003-09-26 16:00:00.0,Intermediário
0.41341,0.41649,2003-09-26 16:30:00.0,Fechamento Interbancário
0.4149,0.41573,2003-09-26 17:50:00.0,Fechamento
0.41388,0.41725,2003-09-29 09:58:00.0,Abertura
0.41441,0.41679,2003-09-29 10:00:00.0,Intermediário
0.41425,0.41663,2003-09-29 10:30:00.0,Intermediário
0.41497,0.41721,2003-09-29 11:00:00.0,Intermediário
0.41538,0.41748,2003-09-29 11:30:00.0,Intermediário
0.41808,0.42048,2003-09-29 12:13:00.0,Intermediário
0.41801,0.42013,2003-09-29 12:30:00.0,Intermediário
0.41874,0.421,2003-09-29 13:15:00.0,Intermediário
0.41809,0.42035,2003-09-29 13:30:00.0,Intermediário
0.4161,0.41835,2003-09-29 14:00:00.0,Intermediário
0.41636,0.41861,2003-09-29 14:30:00.0,Intermediário
0.41656,0.41895,2003-09-29 15:00:00.0,Intermediário
0.41618,0.41858,2003-09-29 15:30:00.0,Intermediário
0.41548,0.41801,2003-09-29 16:00:00.0,Intermediário
0.4158,0.41805,2003-09-29 16:30:00.0,Fechamento Interbancário
0.4177,0.41853,2003-09-29 17:43:00.0,Fechamento
0.4163,0.4197,2003-09-30 09:42:00.0,Abertura
0.41567,0.41821,2003-09-30 10:00:00.0,Intermediário
0.41579,0.41832,2003-09-30 10:30:00.0,Intermediário
0.41739,0.41965,2003-09-30 11:00:00.0,Intermediário
0.41628,0.41853,2003-09-30 11:30:00.0,Intermediário
0.41367,0.41605,2003-09-30 12:03:00.0,Intermediário
0.41283,0.4152,2003-09-30 12:43:00.0,Intermediário
0.41321,0.41559,2003-09-30 13:00:00.0,Intermediário
0.41436,0.41674,2003-09-30 13:33:00.0,Intermediário
0.41426,0.41664,2003-09-30 14:00:00.0,Intermediário
0.41338,0.41576,2003-09-30 14:30:00.0,Intermediário
0.41092,0.41343,2003-09-30 15:00:00.0,Intermediário
0.41018,0.41254,2003-09-30 15:30:00.0,Intermediário
0.40915,0.41151,2003-09-30 16:00:00.0,Intermediário
0.40931,0.41153,2003-09-30 16:30:00.0,Fechamento Interbancário
0.41449,0.41531,2003-09-30 17:39:00.0,Fechamento
0.40973,0.41308,2003-10-01 09:43:00.0,Abertura
0.40975,0.41211,2003-10-01 10:00:00.0,Intermediário
0.41018,0.41254,2003-10-01 10:30:00.0,Intermediário
0.40969,0.41191,2003-10-01 11:00:00.0,Intermediário
0.41179,0.41416,2003-10-01 12:07:00.0,Intermediário
0.41243,0.41467,2003-10-01 12:11:00.0,Intermediário
0.4129,0.41528,2003-10-01 12:30:00.0,Intermediário
0.41286,0.4151,2003-10-01 13:00:00.0,Intermediário
0.41235,0.41472,2003-10-01 13:30:00.0,Intermediário
0.41213,0.4145,2003-10-01 14:00:00.0,Intermediário
0.41229,0.41467,2003-10-01 14:30:00.0,Intermediário
0.41308,0.41546,2003-10-01 15:00:00.0,Intermediário
0.41275,0.41499,2003-10-01 15:30:00.0,Intermediário
0.41303,0.41541,2003-10-01 16:00:00.0,Intermediário
0.41294,0.41517,2003-10-01 16:30:00.0,Fechamento Interbancário
0.41404,0.41487,2003-10-01 17:40:00.0,Fechamento
0.41259,0.41596,2003-10-02 09:47:00.0,Abertura
0.4129,0.41527,2003-10-02 10:00:00.0,Intermediário
0.41353,0.41591,2003-10-02 10:30:00.0,Intermediário
0.41481,0.4172,2003-10-02 11:00:00.0,Intermediário
0.41364,0.41588,2003-10-02 11:30:00.0,Intermediário
0.414,0.41624,2003-10-02 12:00:00.0,Intermediário
0.41298,0.41536,2003-10-02 12:30:00.0,Intermediário
0.41386,0.41624,2003-10-02 13:00:00.0,Intermediário
0.41344,0.41582,2003-10-02 13:30:00.0,Intermediário
0.41212,0.4145,2003-10-02 14:00:00.0,Intermediário
0.41217,0.41454,2003-10-02 14:30:00.0,Intermediário
0.41202,0.4144,2003-10-02 15:00:00.0,Intermediário
0.41136,0.41359,2003-10-02 15:30:00.0,Intermediário
0.41173,0.41382,2003-10-02 16:00:00.0,Intermediário
0.4124,0.41464,2003-10-02 16:30:00.0,Fechamento Interbancário
0.41365,0.41448,2003-10-02 17:40:00.0,Fechamento
0.41021,0.41358,2003-10-03 09:55:00.0,Abertura
0.40939,0.41275,2003-10-03 10:00:00.0,Intermediário
0.41056,0.41278,2003-10-03 10:30:00.0,Intermediário
0.41094,0.41317,2003-10-03 11:06:00.0,Intermediário
0.41092,0.41329,2003-10-03 11:30:00.0,Intermediário
0.40948,0.41184,2003-10-03 12:00:00.0,Intermediário
0.40704,0.40938,2003-10-03 12:47:00.0,Intermediário
0.40666,0.40872,2003-10-03 13:00:00.0,Intermediário
0.40645,0.40851,2003-10-03 13:30:00.0,Intermediário
0.40545,0.4075,2003-10-03 14:00:00.0,Intermediário
0.40564,0.4077,2003-10-03 14:30:00.0,Intermediário
0.40612,0.40832,2003-10-03 15:00:00.0,Intermediário
0.40658,0.40879,2003-10-03 15:30:00.0,Intermediário
0.40594,0.40814,2003-10-03 16:00:00.0,Intermediário
0.40617,0.40837,2003-10-03 16:30:00.0,Fechamento Interbancário
0.40771,0.40852,2003-10-03 17:40:00.0,Fechamento
0.40894,0.4123,2003-10-06 09:59:00.0,Abertura
0.4095,0.41215,2003-10-06 10:08:00.0,Intermediário
0.4103,0.41252,2003-10-06 10:30:00.0,Intermediário
0.40882,0.41104,2003-10-06 11:00:00.0,Intermediário
0.40913,0.41135,2003-10-06 11:30:00.0,Intermediário
0.40911,0.41161,2003-10-06 12:00:00.0,Intermediário
0.4105,0.41272,2003-10-06 12:30:00.0,Intermediário
0.41091,0.41314,2003-10-06 13:08:00.0,Intermediário
0.41064,0.41286,2003-10-06 13:38:00.0,Intermediário
0.41041,0.41263,2003-10-06 14:12:00.0,Intermediário
0.41043,0.41266,2003-10-06 14:30:00.0,Intermediário
0.40993,0.41244,2003-10-06 15:00:00.0,Intermediário
0.40911,0.41133,2003-10-06 15:30:00.0,Intermediário
0.40832,0.41054,2003-10-06 16:00:00.0,Intermediário
0.40847,0.41068,2003-10-06 16:30:00.0,Fechamento Interbancário
0.41092,0.41174,2003-10-06 17:54:00.0,Fechamento
0.41,0.41338,2003-10-07 09:48:00.0,Abertura
0.41019,0.41242,2003-10-07 10:00:00.0,Intermediário
0.40973,0.41195,2003-10-07 10:30:00.0,Intermediário
0.40965,0.41202,2003-10-07 11:00:00.0,Intermediário
0.40995,0.41217,2003-10-07 11:30:00.0,Intermediário
0.41062,0.41285,2003-10-07 12:00:00.0,Intermediário
0.40998,0.41235,2003-10-07 12:30:00.0,Intermediário
0.40866,0.41087,2003-10-07 13:00:00.0,Intermediário
0.40853,0.41075,2003-10-07 13:30:00.0,Intermediário
0.40783,0.41004,2003-10-07 14:00:00.0,Intermediário
0.40765,0.40986,2003-10-07 14:30:00.0,Intermediário
0.40786,0.41036,2003-10-07 15:00:00.0,Intermediário
0.40672,0.40907,2003-10-07 15:30:00.0,Intermediário
0.40756,0.40977,2003-10-07 16:00:00.0,Intermediário
0.40687,0.40908,2003-10-07 16:30:00.0,Fechamento Interbancário
0.40945,0.41027,2003-10-07 18:41:00.0,Fechamento
0.40736,0.41073,2003-10-08 09:46:00.0,Abertura
0.40767,0.41017,2003-10-08 10:00:00.0,Intermediário
0.40824,0.4106,2003-10-08 10:30:00.0,Intermediário
0.40692,0.40913,2003-10-08 11:00:00.0,Intermediário
0.4074,0.4099,2003-10-08 11:30:00.0,Intermediário
0.40663,0.40898,2003-10-08 12:00:00.0,Intermediário
0.40682,0.40903,2003-10-08 12:30:00.0,Intermediário
0.40731,0.40953,2003-10-08 13:00:00.0,Intermediário
0.40686,0.40907,2003-10-08 13:30:00.0,Intermediário
0.40693,0.40914,2003-10-08 14:00:00.0,Intermediário
0.40753,0.40975,2003-10-08 14:30:00.0,Intermediário
0.4068,0.40901,2003-10-08 15:00:00.0,Intermediário
0.40701,0.40936,2003-10-08 15:30:00.0,Intermediário
0.40711,0.40946,2003-10-08 16:01:00.0,Intermediário
0.40756,0.40978,2003-10-08 16:30:00.0,Fechamento Interbancário
0.40801,0.40883,2003-10-08 17:45:00.0,Fechamento
0.40522,0.40856,2003-10-09 09:54:00.0,Abertura
0.40428,0.40648,2003-10-09 10:00:00.0,Intermediário
0.40452,0.40672,2003-10-09 10:30:00.0,Intermediário
0.4058,0.40829,2003-10-09 11:00:00.0,Intermediário
0.40541,0.40761,2003-10-09 11:31:00.0,Intermediário
0.40395,0.40657,2003-10-09 12:00:00.0,Intermediário
0.4017,0.40403,2003-10-09 12:35:00.0,Intermediário
0.4009,0.40322,2003-10-09 13:00:00.0,Intermediário
0.4019,0.40423,2003-10-09 13:30:00.0,Intermediário
0.40132,0.40365,2003-10-09 14:00:00.0,Intermediário
0.40182,0.40415,2003-10-09 14:30:00.0,Intermediário
0.40071,0.40289,2003-10-09 15:00:00.0,Intermediário
0.4019,0.40423,2003-10-09 15:30:00.0,Intermediário
0.40279,0.40498,2003-10-09 16:00:00.0,Intermediário
0.40285,0.40504,2003-10-09 16:30:00.0,Fechamento Interbancário
0.40512,0.40593,2003-10-09 17:44:00.0,Fechamento
0.40455,0.4079,2003-10-10 09:37:00.0,Abertura
0.40628,0.40863,2003-10-10 10:02:00.0,Intermediário
0.40692,0.40913,2003-10-10 10:30:00.0,Intermediário
0.40791,0.41013,2003-10-10 11:00:00.0,Intermediário
0.40554,0.40775,2003-10-10 11:30:00.0,Intermediário
0.40563,0.40783,2003-10-10 12:00:00.0,Intermediário
0.40558,0.40793,2003-10-10 12:30:00.0,Intermediário
0.40598,0.40819,2003-10-10 13:00:00.0,Intermediário
0.40581,0.40802,2003-10-10 13:30:00.0,Intermediário
0.40578,0.40799,2003-10-10 14:00:00.0,Intermediário
0.40557,0.40777,2003-10-10 14:30:00.0,Intermediário
0.40662,0.40883,2003-10-10 15:00:00.0,Intermediário
0.40612,0.40848,2003-10-10 15:30:00.0,Intermediário
0.40528,0.40777,2003-10-10 16:00:00.0,Intermediário
0.40516,0.40736,2003-10-10 16:30:00.0,Fechamento Interbancário
0.40702,0.40784,2003-10-10 17:42:00.0,Fechamento
0.40188,0.4052,2003-10-13 09:57:00.0,Abertura
0.40276,0.40495,2003-10-13 10:00:00.0,Intermediário
0.40286,0.40505,2003-10-13 10:30:00.0,Intermediário
0.40265,0.40484,2003-10-13 11:00:00.0,Intermediário
0.40182,0.404,2003-10-13 11:30:00.0,Intermediário
0.401,0.40318,2003-10-13 12:00:00.0,Intermediário
0.40111,0.40329,2003-10-13 12:30:00.0,Intermediário
0.40091,0.40308,2003-10-13 13:07:00.0,Intermediário
0.4007,0.40288,2003-10-13 13:59:00.0,Intermediário
0.40077,0.40294,2003-10-13 14:27:00.0,Intermediário
0.4008,0.40298,2003-10-13 14:30:00.0,Intermediário
0.40152,0.40384,2003-10-13 15:00:00.0,Intermediário
0.40089,0.40306,2003-10-13 15:30:00.0,Intermediário
0.40075,0.40306,2003-10-13 16:00:00.0,Intermediário
0.40056,0.40274,2003-10-13 16:30:00.0,Fechamento Interbancário
0.40228,0.40308,2003-10-13 17:40:00.0,Fechamento
0.40058,0.40389,2003-10-14 09:40:00.0,Abertura
0.40185,0.40403,2003-10-14 10:00:00.0,Intermediário
0.40238,0.40471,2003-10-14 10:30:00.0,Intermediário
0.4001,0.40227,2003-10-14 11:00:00.0,Intermediário
0.40008,0.40225,2003-10-14 11:30:00.0,Intermediário
0.40039,0.40242,2003-10-14 12:00:00.0,Intermediário
0.40049,0.40266,2003-10-14 12:30:00.0,Intermediário
0.40017,0.40234,2003-10-14 13:00:00.0,Intermediário
0.40026,0.40243,2003-10-14 13:30:00.0,Intermediário
0.40087,0.40305,2003-10-14 14:00:00.0,Intermediário
0.40076,0.40294,2003-10-14 14:30:00.0,Intermediário
0.40093,0.40297,2003-10-14 15:00:00.0,Intermediário
0.40059,0.40277,2003-10-14 15:30:00.0,Intermediário
0.40057,0.40274,2003-10-14 16:00:00.0,Intermediário
0.40022,0.40239,2003-10-14 16:31:00.0,Fechamento Interbancário
0.40297,0.40377,2003-10-14 17:38:00.0,Fechamento
0.39652,0.3998,2003-10-15 09:59:00.0,Abertura
0.39687,0.39916,2003-10-15 10:00:00.0,Intermediário
0.39585,0.39814,2003-10-15 10:30:00.0,Intermediário
0.39632,0.39847,2003-10-15 11:00:00.0,Intermediário
0.39696,0.39898,2003-10-15 11:30:00.0,Intermediário
0.39667,0.39868,2003-10-15 12:00:00.0,Intermediário
0.39795,0.40011,2003-10-15 12:30:00.0,Intermediário
0.39751,0.39981,2003-10-15 13:00:00.0,Intermediário
0.39742,0.39972,2003-10-15 13:30:00.0,Intermediário
0.39722,0.39952,2003-10-15 14:00:00.0,Intermediário
0.39656,0.39885,2003-10-15 14:30:00.0,Intermediário
0.3965,0.39865,2003-10-15 15:00:00.0,Intermediário
0.39722,0.39938,2003-10-15 15:30:00.0,Intermediário
0.39875,0.4012,2003-10-15 16:00:00.0,Intermediário
0.39895,0.40111,2003-10-15 16:30:00.0,Fechamento Interbancário
0.39755,0.39834,2003-10-15 17:41:00.0,Fechamento
0.39863,0.40193,2003-10-16 09:35:00.0,Abertura
0.40068,0.40285,2003-10-16 10:00:00.0,Intermediário
0.39959,0.40219,2003-10-16 10:30:00.0,Intermediário
0.40093,0.40325,2003-10-16 11:00:00.0,Intermediário
0.40072,0.40289,2003-10-16 11:30:00.0,Intermediário
0.40063,0.4028,2003-10-16 12:00:00.0,Intermediário
0.40068,0.40271,2003-10-16 12:30:00.0,Intermediário
0.40023,0.40255,2003-10-16 13:00:00.0,Intermediário
0.39986,0.40217,2003-10-16 13:30:00.0,Intermediário
0.39919,0.4015,2003-10-16 14:00:00.0,Intermediário
0.39927,0.40158,2003-10-16 14:30:00.0,Intermediário
0.39916,0.40119,2003-10-16 15:00:00.0,Intermediário
0.39953,0.40184,2003-10-16 15:30:00.0,Intermediário
0.39968,0.4017,2003-10-16 16:00:00.0,Intermediário
0.39942,0.40144,2003-10-16 16:30:00.0,Fechamento Interbancário
0.39883,0.39962,2003-10-16 17:42:00.0,Fechamento
0.4005,0.40379,2003-10-17 09:57:00.0,Abertura
0.40049,0.40266,2003-10-17 10:00:00.0,Intermediário
0.40094,0.40312,2003-10-17 10:30:00.0,Intermediário
0.40074,0.4029,2003-10-17 11:00:00.0,Intermediário
0.40195,0.40399,2003-10-17 11:36:00.0,Intermediário
0.40141,0.40359,2003-10-17 12:00:00.0,Intermediário
0.40105,0.40322,2003-10-17 12:30:00.0,Intermediário
0.40151,0.40354,2003-10-17 13:00:00.0,Intermediário
0.40184,0.40388,2003-10-17 13:30:00.0,Intermediário
0.40099,0.40302,2003-10-17 14:00:00.0,Intermediário
0.40131,0.40334,2003-10-17 14:30:00.0,Intermediário
0.40168,0.40385,2003-10-17 15:00:00.0,Intermediário
0.40211,0.40429,2003-10-17 15:30:00.0,Intermediário
0.40367,0.40586,2003-10-17 16:11:00.0,Intermediário
0.40369,0.40588,2003-10-17 16:41:00.0,Fechamento Interbancário
0.404,0.4048,2003-10-17 17:39:00.0,Fechamento
0.4034,0.40671,2003-10-20 10:16:00.0,Abertura
0.40326,0.40586,2003-10-20 10:18:00.0,Intermediário
0.40416,0.40635,2003-10-20 10:30:00.0,Intermediário
0.4047,0.40675,2003-10-20 11:00:00.0,Intermediário
0.40466,0.40684,2003-10-20 11:30:00.0,Intermediário
0.40363,0.40582,2003-10-20 12:00:00.0,Intermediário
0.4033,0.40548,2003-10-20 12:30:00.0,Intermediário
0.40335,0.40553,2003-10-20 13:15:00.0,Intermediário
0.40356,0.40574,2003-10-20 13:42:00.0,Intermediário
0.40321,0.40539,2003-10-20 14:09:00.0,Intermediário
0.40322,0.40541,2003-10-20 14:30:00.0,Intermediário
0.40362,0.40594,2003-10-20 15:00:00.0,Intermediário
0.40383,0.40615,2003-10-20 15:30:00.0,Intermediário
0.40277,0.40495,2003-10-20 16:00:00.0,Intermediário
0.40257,0.40475,2003-10-20 16:30:00.0,Fechamento Interbancário
0.40405,0.40485,2003-10-20 17:43:00.0,Fechamento
0.40059,0.40388,2003-10-21 09:55:00.0,Abertura
0.40114,0.40331,2003-10-21 10:00:00.0,Intermediário
0.40169,0.40386,2003-10-21 10:30:00.0,Intermediário
0.40194,0.40412,2003-10-21 11:00:00.0,Intermediário
0.402,0.40446,2003-10-21 11:30:00.0,Intermediário
0.40293,0.40511,2003-10-21 12:00:00.0,Intermediário
0.40295,0.40514,2003-10-21 12:30:00.0,Intermediário
0.40367,0.40586,2003-10-21 13:00:00.0,Intermediário
0.40403,0.40608,2003-10-21 13:30:00.0,Intermediário
0.40328,0.40532,2003-10-21 14:00:00.0,Intermediário
0.40394,0.40599,2003-10-21 14:30:00.0,Intermediário
0.40342,0.40575,2003-10-21 15:00:00.0,Intermediário
0.40262,0.4048,2003-10-21 15:30:00.0,Intermediário
0.40103,0.40335,2003-10-21 16:00:00.0,Intermediário
0.40122,0.40339,2003-10-21 16:30:00.0,Fechamento Interbancário
0.40249,0.40329,2003-10-21 17:39:00.0,Fechamento
0.40232,0.40563,2003-10-22 09:43:00.0,Abertura
0.40291,0.40538,2003-10-22 10:00:00.0,Intermediário
0.40463,0.40697,2003-10-22 10:30:00.0,Intermediário
0.40472,0.40691,2003-10-22 11:00:00.0,Intermediário
0.40559,0.40794,2003-10-22 11:30:00.0,Intermediário
0.40746,0.40981,2003-10-22 12:00:00.0,Intermediário
0.40682,0.40903,2003-10-22 12:30:00.0,Intermediário
0.40857,0.41078,2003-10-22 13:00:00.0,Intermediário
0.40958,0.4118,2003-10-22 13:30:00.0,Intermediário
0.40964,0.41187,2003-10-22 14:00:00.0,Intermediário
0.4096,0.41182,2003-10-22 14:30:00.0,Intermediário
0.40832,0.4104,2003-10-22 15:00:00.0,Intermediário
0.40845,0.41095,2003-10-22 15:30:00.0,Intermediário
0.40963,0.412,2003-10-22 16:00:00.0,Intermediário
0.40963,0.41171,2003-10-22 16:30:00.0,Fechamento Interbancário
0.40948,0.4103,2003-10-22 17:45:00.0,Fechamento
0.40955,0.41292,2003-10-23 09:51:00.0,Abertura
0.4096,0.41182,2003-10-23 10:00:00.0,Intermediário
0.40937,0.41188,2003-10-23 10:30:00.0,Intermediário
0.40921,0.41172,2003-10-23 11:00:00.0,Intermediário
0.40862,0.41084,2003-10-23 11:30:00.0,Intermediário
0.40842,0.4105,2003-10-23 12:00:00.0,Intermediário
0.40783,0.41018,2003-10-23 12:30:00.0,Intermediário
0.40772,0.40993,2003-10-23 13:00:00.0,Intermediário
0.40897,0.41133,2003-10-23 13:30:00.0,Intermediário
0.40853,0.41089,2003-10-23 14:00:00.0,Intermediário
0.40797,0.41033,2003-10-23 14:30:00.0,Intermediário
0.4072,0.40955,2003-10-23 15:00:00.0,Intermediário
0.40757,0.40964,2003-10-23 15:30:00.0,Intermediário
0.40739,0.4096,2003-10-23 16:00:00.0,Intermediário
0.40754,0.40975,2003-10-23 16:30:00.0,Fechamento Interbancário
0.40906,0.40988,2003-10-23 17:43:00.0,Fechamento
0.40741,0.41077,2003-10-24 09:43:00.0,Abertura
0.4086,0.41082,2003-10-24 10:00:00.0,Intermediário
0.41011,0.41233,2003-10-24 10:30:00.0,Intermediário
0.40954,0.4119,2003-10-24 11:00:00.0,Intermediário
0.40874,0.41096,2003-10-24 11:30:00.0,Intermediário
0.40844,0.4108,2003-10-24 12:00:00.0,Intermediário
0.40898,0.41135,2003-10-24 12:30:00.0,Intermediário
0.40913,0.41121,2003-10-24 13:00:00.0,Intermediário
0.41002,0.4121,2003-10-24 13:30:00.0,Intermediário
0.40967,0.41175,2003-10-24 14:00:00.0,Intermediário
0.40946,0.41154,2003-10-24 14:30:00.0,Intermediário
0.4095,0.41158,2003-10-24 15:00:00.0,Intermediário
0.4089,0.41112,2003-10-24 15:30:00.0,Intermediário
0.40953,0.41204,2003-10-24 16:00:00.0,Intermediário
0.40922,0.41144,2003-10-24 16:30:00.0,Fechamento Interbancário
0.40922,0.41003,2003-10-24 17:38:00.0,Fechamento
0.40804,0.41139,2003-10-27 09:59:00.0,Abertura
0.40918,0.41182,2003-10-27 10:00:00.0,Intermediário
0.4089,0.41112,2003-10-27 10:30:00.0,Intermediário
0.40731,0.40981,2003-10-27 11:00:00.0,Intermediário
0.40808,0.41029,2003-10-27 11:30:00.0,Intermediário
0.4075,0.40971,2003-10-27 12:00:00.0,Intermediário
0.40772,0.41007,2003-10-27 12:30:00.0,Intermediário
0.40737,0.40958,2003-10-27 13:16:00.0,Intermediário
0.40792,0.41013,2003-10-27 13:39:00.0,Intermediário
0.40853,0.41074,2003-10-27 14:00:00.0,Intermediário
0.40866,0.41087,2003-10-27 14:30:00.0,Intermediário
0.40766,0.41001,2003-10-27 15:00:00.0,Intermediário
0.40775,0.41011,2003-10-27 15:30:00.0,Intermediário
0.40775,0.40996,2003-10-27 16:00:00.0,Intermediário
0.40757,0.40978,2003-10-27 16:30:00.0,Fechamento Interbancário
0.40817,0.40898,2003-10-27 18:02:00.0,Fechamento
0.40515,0.40848,2003-10-28 09:52:00.0,Abertura
0.4056,0.4078,2003-10-28 10:00:00.0,Intermediário
0.40663,0.40884,2003-10-28 10:30:00.0,Intermediário
0.40637,0.40858,2003-10-28 11:00:00.0,Intermediário
0.40603,0.40823,2003-10-28 11:30:00.0,Intermediário
0.40605,0.40825,2003-10-28 12:00:00.0,Intermediário
0.40533,0.40781,2003-10-28 12:30:00.0,Intermediário
0.40385,0.40647,2003-10-28 13:00:00.0,Intermediário
0.40536,0.40756,2003-10-28 13:30:00.0,Intermediário
0.40502,0.40722,2003-10-28 14:00:00.0,Intermediário
0.40516,0.40736,2003-10-28 14:30:00.0,Intermediário
0.40496,0.4073,2003-10-28 15:00:00.0,Intermediário
0.40398,0.40617,2003-10-28 15:30:00.0,Intermediário
0.40417,0.4065,2003-10-28 16:00:00.0,Intermediário
0.40448,0.40668,2003-10-28 16:30:00.0,Fechamento Interbancário
0.40764,0.40845,2003-10-28 17:40:00.0,Fechamento
0.40561,0.40896,2003-10-29 09:49:00.0,Abertura
0.40629,0.4085,2003-10-29 10:00:00.0,Intermediário
0.40591,0.40826,2003-10-29 10:30:00.0,Intermediário
0.4059,0.4081,2003-10-29 11:00:00.0,Intermediário
0.40472,0.40692,2003-10-29 11:30:00.0,Intermediário
0.40566,0.40786,2003-10-29 12:00:00.0,Intermediário
0.40499,0.40733,2003-10-29 12:30:00.0,Intermediário
0.40497,0.40717,2003-10-29 13:00:00.0,Intermediário
0.40522,0.40742,2003-10-29 13:30:00.0,Intermediário
0.40475,0.40694,2003-10-29 14:00:00.0,Intermediário
0.40433,0.40653,2003-10-29 14:30:00.0,Intermediário
0.40329,0.40548,2003-10-29 15:00:00.0,Intermediário
0.40286,0.40504,2003-10-29 15:30:00.0,Intermediário
0.40252,0.4047,2003-10-29 16:00:00.0,Intermediário
0.40204,0.40422,2003-10-29 16:30:00.0,Fechamento Interbancário
0.40419,0.40499,2003-10-29 17:41:00.0,Fechamento
0.40289,0.40622,2003-10-30 09:57:00.0,Abertura
0.40345,0.40564,2003-10-30 10:00:00.0,Intermediário
0.40391,0.40625,2003-10-30 10:30:00.0,Intermediário
0.40486,0.40706,2003-10-30 11:00:00.0,Intermediário
0.4046,0.4068,2003-10-30 11:30:00.0,Intermediário
0.40356,0.4059,2003-10-30 12:00:00.0,Intermediário
0.4031,0.40529,2003-10-30 12:30:00.0,Intermediário
0.40526,0.40746,2003-10-30 13:00:00.0,Intermediário
0.4056,0.4078,2003-10-30 13:30:00.0,Intermediário
0.40494,0.40714,2003-10-30 14:00:00.0,Intermediário
0.40547,0.40767,2003-10-30 14:30:00.0,Intermediário
0.40475,0.4068,2003-10-30 15:00:00.0,Intermediário
0.40452,0.40672,2003-10-30 15:30:00.0,Intermediário
0.40274,0.40492,2003-10-30 16:00:00.0,Intermediário
0.40282,0.405,2003-10-30 16:30:00.0,Fechamento Interbancário
0.40241,0.40321,2003-10-30 17:53:00.0,Fechamento
0.40235,0.40567,2003-10-31 09:49:00.0,Abertura
0.40252,0.40471,2003-10-31 10:00:00.0,Intermediário
0.40093,0.40325,2003-10-31 10:30:00.0,Intermediário
0.40166,0.40384,2003-10-31 11:00:00.0,Intermediário
0.40292,0.40525,2003-10-31 11:30:00.0,Intermediário
0.40352,0.40557,2003-10-31 12:00:00.0,Intermediário
0.40234,0.40453,2003-10-31 12:30:00.0,Intermediário
0.4037,0.40575,2003-10-31 13:00:00.0,Intermediário
0.4044,0.40659,2003-10-31 13:30:00.0,Intermediário
0.40282,0.40501,2003-10-31 14:00:00.0,Intermediário
0.40299,0.40517,2003-10-31 14:30:00.0,Intermediário
0.40348,0.40567,2003-10-31 15:00:00.0,Intermediário
0.40224,0.40442,2003-10-31 15:30:00.0,Intermediário
0.4019,0.40408,2003-10-31 16:00:00.0,Intermediário
0.40151,0.40368,2003-10-31 16:30:00.0,Fechamento Interbancário
0.40094,0.40174,2003-10-31 18:01:00.0,Fechamento
0.40064,0.40394,2003-11-03 09:43:00.0,Abertura
0.40093,0.40325,2003-11-03 10:00:00.0,Intermediário
0.40119,0.40337,2003-11-03 10:30:00.0,Intermediário
0.40156,0.40388,2003-11-03 11:00:00.0,Intermediário
0.40157,0.40389,2003-11-03 11:30:00.0,Intermediário
0.40159,0.40376,2003-11-03 12:00:00.0,Intermediário
0.40128,0.40373,2003-11-03 12:30:00.0,Intermediário
0.39986,0.40202,2003-11-03 13:14:00.0,Intermediário
0.39679,0.39894,2003-11-03 13:55:00.0,Intermediário
0.39703,0.39918,2003-11-03 14:00:00.0,Intermediário
0.39704,0.39919,2003-11-03 14:42:00.0,Intermediário
0.39576,0.39805,2003-11-03 15:00:00.0,Intermediário
0.39541,0.39754,2003-11-03 15:30:00.0,Intermediário
0.39563,0.39791,2003-11-03 16:00:00.0,Intermediário
0.39557,0.39771,2003-11-03 16:30:00.0,Fechamento Interbancário
0.39719,0.39797,2003-11-03 17:45:00.0,Fechamento
0.39711,0.40037,2003-11-04 09:51:00.0,Abertura
0.39759,0.39988,2003-11-04 10:00:00.0,Intermediário
0.3981,0.40053,2003-11-04 10:30:00.0,Intermediário
0.39695,0.3991,2003-11-04 11:00:00.0,Intermediário
0.39797,0.40027,2003-11-04 11:30:00.0,Intermediário
0.39772,0.40001,2003-11-04 12:00:00.0,Intermediário
0.39752,0.39967,2003-11-04 12:30:00.0,Intermediário
0.39725,0.39939,2003-11-04 13:00:00.0,Intermediário
0.3969,0.39891,2003-11-04 13:30:00.0,Intermediário
0.39738,0.39939,2003-11-04 14:00:00.0,Intermediário
0.39707,0.39908,2003-11-04 14:30:00.0,Intermediário
0.39669,0.39884,2003-11-04 15:00:00.0,Intermediário
0.39664,0.39879,2003-11-04 15:30:00.0,Intermediário
0.39734,0.39963,2003-11-04 16:00:00.0,Intermediário
0.3973,0.39931,2003-11-04 16:30:00.0,Fechamento Interbancário
0.39789,0.39868,2003-11-04 17:49:00.0,Fechamento
0.39522,0.39848,2003-11-05 09:30:00.0,Abertura
0.39588,0.39816,2003-11-05 10:00:00.0,Intermediário
0.39704,0.39933,2003-11-05 10:30:00.0,Intermediário
0.39648,0.39877,2003-11-05 11:00:00.0,Intermediário
0.39658,0.39886,2003-11-05 11:30:00.0,Intermediário
0.39589,0.39804,2003-11-05 12:00:00.0,Intermediário
0.39446,0.39659,2003-11-05 12:30:00.0,Intermediário
0.3958,0.39794,2003-11-05 13:00:00.0,Intermediário
0.39681,0.39896,2003-11-05 13:30:00.0,Intermediário
0.39684,0.39899,2003-11-05 14:00:00.0,Intermediário
0.39722,0.39937,2003-11-05 14:30:00.0,Intermediário
0.39682,0.39897,2003-11-05 15:00:00.0,Intermediário
0.3967,0.39899,2003-11-05 15:30:00.0,Intermediário
0.39662,0.39891,2003-11-05 16:00:00.0,Intermediário
0.39631,0.39845,2003-11-05 16:30:00.0,Fechamento Interbancário
0.39693,0.39772,2003-11-05 17:38:00.0,Fechamento
0.39695,0.40021,2003-11-06 09:55:00.0,Abertura
0.39732,0.39961,2003-11-06 10:00:00.0,Intermediário
0.39732,0.39933,2003-11-06 10:30:00.0,Intermediário
0.39668,0.39868,2003-11-06 11:00:00.0,Intermediário
0.39625,0.3984,2003-11-06 11:30:00.0,Intermediário
0.39576,0.39789,2003-11-06 12:00:00.0,Intermediário
0.39655,0.3987,2003-11-06 12:30:00.0,Intermediário
0.39689,0.39903,2003-11-06 13:00:00.0,Intermediário
0.39745,0.3996,2003-11-06 13:30:00.0,Intermediário
0.3974,0.39955,2003-11-06 14:00:00.0,Intermediário
0.39727,0.39941,2003-11-06 14:30:00.0,Intermediário
0.3978,0.39995,2003-11-06 15:00:00.0,Intermediário
0.39704,0.39932,2003-11-06 15:36:00.0,Intermediário
0.39696,0.3991,2003-11-06 16:11:00.0,Intermediário
0.39705,0.39919,2003-11-06 16:40:00.0,Fechamento Interbancário
0.39695,0.39773,2003-11-06 17:37:00.0,Fechamento
0.39684,0.40009,2003-11-07 10:46:00.0,Abertura
0.39747,0.39975,2003-11-07 10:49:00.0,Intermediário
0.39659,0.39901,2003-11-07 10:52:00.0,Intermediário
0.3972,0.39935,2003-11-07 11:07:00.0,Intermediário
0.39587,0.39814,2003-11-07 11:34:00.0,Intermediário
0.39639,0.39853,2003-11-07 12:00:00.0,Intermediário
0.39559,0.39773,2003-11-07 12:30:00.0,Intermediário
0.39659,0.39873,2003-11-07 13:00:00.0,Intermediário
0.39805,0.40021,2003-11-07 13:34:00.0,Intermediário
0.39818,0.40033,2003-11-07 14:00:00.0,Intermediário
0.39876,0.40092,2003-11-07 14:30:00.0,Intermediário
0.3988,0.40096,2003-11-07 15:00:00.0,Intermediário
0.39937,0.40153,2003-11-07 15:30:00.0,Intermediário
0.39941,0.40143,2003-11-07 16:01:00.0,Intermediário
0.39979,0.40195,2003-11-07 16:34:00.0,Fechamento Interbancário
0.40099,0.40178,2003-11-07 17:39:00.0,Fechamento
0.39804,0.40131,2003-11-10 09:51:00.0,Abertura
0.39855,0.40084,2003-11-10 10:00:00.0,Intermediário
0.39877,0.40093,2003-11-10 10:30:00.0,Intermediário
0.39851,0.4008,2003-11-10 11:00:00.0,Intermediário
0.40003,0.40219,2003-11-10 11:31:00.0,Intermediário
0.40021,0.40237,2003-11-10 12:00:00.0,Intermediário
0.40102,0.40319,2003-11-10 12:30:00.0,Intermediário
0.40202,0.40419,2003-11-10 13:00:00.0,Intermediário
0.40268,0.40472,2003-11-10 13:30:00.0,Intermediário
0.40275,0.40479,2003-11-10 14:00:00.0,Intermediário
0.40343,0.40547,2003-11-10 14:30:00.0,Intermediário
0.40212,0.4043,2003-11-10 16:18:00.0,Intermediário
0.40264,0.40481,2003-11-10 16:22:00.0,Intermediário
0.40258,0.40476,2003-11-10 16:25:00.0,Intermediário
0.40262,0.4048,2003-11-10 16:30:00.0,Fechamento Interbancário
0.40295,0.40375,2003-11-10 17:58:00.0,Fechamento
0.40254,0.40584,2003-11-11 09:47:00.0,Abertura
0.40318,0.40536,2003-11-11 10:00:00.0,Intermediário
0.40366,0.40598,2003-11-11 10:30:00.0,Intermediário
0.40372,0.40605,2003-11-11 11:00:00.0,Intermediário
0.40363,0.40582,2003-11-11 11:30:00.0,Intermediário
0.40375,0.40579,2003-11-11 12:00:00.0,Intermediário
0.40389,0.40607,2003-11-11 12:30:00.0,Intermediário
0.40366,0.40584,2003-11-11 13:00:00.0,Intermediário
0.40386,0.40604,2003-11-11 13:30:00.0,Intermediário
0.40432,0.4065,2003-11-11 14:00:00.0,Intermediário
0.40458,0.40677,2003-11-11 14:35:00.0,Intermediário
0.40526,0.40745,2003-11-11 15:00:00.0,Intermediário
0.40578,0.40812,2003-11-11 15:30:00.0,Intermediário
0.40533,0.40766,2003-11-11 16:00:00.0,Intermediário
0.40593,0.40826,2003-11-11 16:30:00.0,Fechamento Interbancário
0.40493,0.40574,2003-11-11 17:38:00.0,Fechamento
0.41025,0.4136,2003-11-12 09:58:00.0,Abertura
0.41078,0.413,2003-11-12 10:14:00.0,Intermediário
0.40988,0.41224,2003-11-12 10:30:00.0,Intermediário
0.41052,0.41274,2003-11-12 11:01:00.0,Intermediário
0.4104,0.41248,2003-11-12 11:30:00.0,Intermediário
0.41125,0.41347,2003-11-12 12:00:00.0,Intermediário
0.41104,0.4134,2003-11-12 12:30:00.0,Intermediário
0.41248,0.41485,2003-11-12 13:01:00.0,Intermediário
0.41327,0.41565,2003-11-12 13:30:00.0,Intermediário
0.41364,0.41602,2003-11-12 14:00:00.0,Intermediário
0.41393,0.41631,2003-11-12 14:30:00.0,Intermediário
0.41355,0.41593,2003-11-12 15:00:00.0,Intermediário
0.41321,0.41559,2003-11-12 15:31:00.0,Intermediário
0.41171,0.41394,2003-11-12 16:00:00.0,Intermediário
0.41148,0.41371,2003-11-12 16:30:00.0,Fechamento Interbancário
0.41366,0.41448,2003-11-12 17:41:00.0,Fechamento
0.41312,0.4165,2003-11-13 09:57:00.0,Abertura
0.41313,0.4158,2003-11-13 10:00:00.0,Intermediário
0.41468,0.41693,2003-11-13 10:30:00.0,Intermediário
0.41548,0.41787,2003-11-13 11:00:00.0,Intermediário
0.41512,0.41737,2003-11-13 11:30:00.0,Intermediário
0.41631,0.41842,2003-11-13 12:00:00.0,Intermediário
0.41698,0.41924,2003-11-13 12:30:00.0,Intermediário
0.41777,0.42003,2003-11-13 13:00:00.0,Intermediário
0.41646,0.41871,2003-11-13 13:30:00.0,Intermediário
0.41692,0.41918,2003-11-13 14:00:00.0,Intermediário
0.417,0.41926,2003-11-13 14:30:00.0,Intermediário
0.41838,0.42065,2003-11-13 15:00:00.0,Intermediário
0.41668,0.41893,2003-11-13 15:30:00.0,Intermediário
0.41783,0.42009,2003-11-13 16:00:00.0,Intermediário
0.41837,0.42063,2003-11-13 16:30:00.0,Fechamento Interbancário
0.41675,0.41758,2003-11-13 17:37:00.0,Fechamento
0.42146,0.42489,2003-11-14 09:57:00.0,Abertura
0.42224,0.42438,2003-11-14 10:00:00.0,Intermediário
0.4201,0.42237,2003-11-14 10:30:00.0,Intermediário
0.4195,0.42177,2003-11-14 11:00:00.0,Intermediário
0.41951,0.42178,2003-11-14 11:30:00.0,Intermediário
0.42006,0.42233,2003-11-14 12:00:00.0,Intermediário
0.41974,0.4223,2003-11-14 12:30:00.0,Intermediário
0.42033,0.4226,2003-11-14 13:00:00.0,Intermediário
0.42061,0.42289,2003-11-14 13:30:00.0,Intermediário
0.42028,0.42255,2003-11-14 14:00:00.0,Intermediário
0.42009,0.42236,2003-11-14 14:30:00.0,Intermediário
0.42003,0.42245,2003-11-14 15:00:00.0,Intermediário
0.42108,0.4235,2003-11-14 15:30:00.0,Intermediário
0.42088,0.4233,2003-11-14 16:00:00.0,Intermediário
0.42092,0.42319,2003-11-14 16:31:00.0,Fechamento Interbancário
0.42132,0.42216,2003-11-14 17:49:00.0,Fechamento
0.42361,0.42706,2003-11-17 10:16:00.0,Abertura
0.42322,0.42565,2003-11-17 10:24:00.0,Intermediário
0.42511,0.42756,2003-11-17 10:30:00.0,Intermediário
0.42544,0.42788,2003-11-17 11:00:00.0,Intermediário
0.42535,0.42779,2003-11-17 11:30:00.0,Intermediário
0.42451,0.42709,2003-11-17 12:00:00.0,Intermediário
0.42422,0.42666,2003-11-17 12:30:00.0,Intermediário
0.42394,0.42638,2003-11-17 13:00:00.0,Intermediário
0.42406,0.42635,2003-11-17 13:30:00.0,Intermediário
0.42366,0.42595,2003-11-17 14:00:00.0,Intermediário
0.42339,0.42568,2003-11-17 14:30:00.0,Intermediário
0.42015,0.42242,2003-11-17 15:00:00.0,Intermediário
0.41827,0.42053,2003-11-17 15:30:00.0,Intermediário
0.41801,0.42042,2003-11-17 16:00:00.0,Intermediário
0.41832,0.42073,2003-11-17 16:30:00.0,Fechamento Interbancário
0.42277,0.42361,2003-11-17 17:42:00.0,Fechamento
0.42092,0.42435,2003-11-18 09:54:00.0,Abertura
0.42118,0.4239,2003-11-18 10:00:00.0,Intermediário
0.42073,0.42315,2003-11-18 10:30:00.0,Intermediário
0.42138,0.42366,2003-11-18 11:00:00.0,Intermediário
0.42112,0.42354,2003-11-18 11:30:00.0,Intermediário
0.42109,0.42322,2003-11-18 12:00:00.0,Intermediário
0.42181,0.42424,2003-11-18 12:30:00.0,Intermediário
0.42205,0.42433,2003-11-18 13:00:00.0,Intermediário
0.42404,0.42634,2003-11-18 13:32:00.0,Intermediário
0.42457,0.42687,2003-11-18 14:00:00.0,Intermediário
0.42375,0.42604,2003-11-18 14:30:00.0,Intermediário
0.42565,0.42796,2003-11-18 15:00:00.0,Intermediário
0.42572,0.42803,2003-11-18 15:30:00.0,Intermediário
0.42581,0.42812,2003-11-18 16:00:00.0,Intermediário
0.42708,0.42939,2003-11-18 16:32:00.0,Fechamento Interbancário
0.4284,0.42926,2003-11-18 17:40:00.0,Fechamento
0.42985,0.43335,2003-11-19 09:43:00.0,Abertura
0.42943,0.43176,2003-11-19 10:00:00.0,Intermediário
0.42939,0.43186,2003-11-19 10:30:00.0,Intermediário
0.42855,0.43102,2003-11-19 11:00:00.0,Intermediário
0.42824,0.4307,2003-11-19 11:30:00.0,Intermediário
0.42814,0.43061,2003-11-19 12:00:00.0,Intermediário
0.42908,0.4314,2003-11-19 12:30:00.0,Intermediário
0.42841,0.43073,2003-11-19 13:00:00.0,Intermediário
0.42829,0.43061,2003-11-19 13:30:00.0,Intermediário
0.42845,0.43078,2003-11-19 14:00:00.0,Intermediário
0.42824,0.43056,2003-11-19 14:30:00.0,Intermediário
0.42773,0.43004,2003-11-19 15:00:00.0,Intermediário
0.42684,0.42916,2003-11-19 15:30:00.0,Intermediário
0.42682,0.42928,2003-11-19 16:00:00.0,Intermediário
0.42724,0.42941,2003-11-19 16:30:00.0,Fechamento Interbancário
0.42851,0.42937,2003-11-19 17:40:00.0,Fechamento
0.42814,0.43163,2003-11-20 09:50:00.0,Abertura
0.42851,0.43083,2003-11-20 10:00:00.0,Intermediário
0.42922,0.43155,2003-11-20 10:30:00.0,Intermediário
0.42912,0.43144,2003-11-20 11:00:00.0,Intermediário
0.4294,0.43188,2003-11-20 11:30:00.0,Intermediário
0.4291,0.43158,2003-11-20 12:00:00.0,Intermediário
0.43033,0.43281,2003-11-20 12:30:00.0,Intermediário
0.42832,0.43094,2003-11-20 13:00:00.0,Intermediário
0.42809,0.43041,2003-11-20 13:30:00.0,Intermediário
0.42839,0.43071,2003-11-20 14:00:00.0,Intermediário
0.4281,0.43043,2003-11-20 14:30:00.0,Intermediário
0.42726,0.42972,2003-11-20 15:00:00.0,Intermediário
0.42801,0.43047,2003-11-20 15:30:00.0,Intermediário
0.42643,0.42904,2003-11-20 16:00:00.0,Intermediário
0.42693,0.42925,2003-11-20 16:31:00.0,Fechamento Interbancário
0.42905,0.42991,2003-11-20 17:41:00.0,Fechamento
0.42428,0.42775,2003-11-21 09:45:00.0,Abertura
0.42508,0.42753,2003-11-21 10:00:00.0,Intermediário
0.42575,0.42806,2003-11-21 10:30:00.0,Intermediário
0.42672,0.42903,2003-11-21 11:00:00.0,Intermediário
0.42689,0.42936,2003-11-21 11:30:00.0,Intermediário
0.42694,0.42941,2003-11-21 12:00:00.0,Intermediário
0.42692,0.42924,2003-11-21 12:30:00.0,Intermediário
0.4269,0.42922,2003-11-21 13:00:00.0,Intermediário
0.42682,0.42913,2003-11-21 13:30:00.0,Intermediário
0.42689,0.42921,2003-11-21 14:00:00.0,Intermediário
0.42615,0.42846,2003-11-21 14:30:00.0,Intermediário
0.42562,0.42807,2003-11-21 15:00:00.0,Intermediário
0.42572,0.42803,2003-11-21 15:30:00.0,Intermediário
0.42437,0.42682,2003-11-21 16:00:00.0,Intermediário
0.42487,0.42717,2003-11-21 16:30:00.0,Fechamento Interbancário
0.42691,0.42777,2003-11-21 17:53:00.0,Fechamento
0.42156,0.425,2003-11-24 09:48:00.0,Abertura
0.42211,0.4244,2003-11-24 10:00:00.0,Intermediário
0.42237,0.4248,2003-11-24 10:30:00.0,Intermediário
0.42321,0.4255,2003-11-24 11:00:00.0,Intermediário
0.42241,0.42484,2003-11-24 11:30:00.0,Intermediário
0.42205,0.42434,2003-11-24 12:00:00.0,Intermediário
0.42207,0.42436,2003-11-24 12:30:00.0,Intermediário
0.42119,0.42362,2003-11-24 13:00:00.0,Intermediário
0.42042,0.4227,2003-11-24 13:30:00.0,Intermediário
0.4196,0.42187,2003-11-24 14:00:00.0,Intermediário
0.41982,0.4221,2003-11-24 14:30:00.0,Intermediário
0.41909,0.42151,2003-11-24 15:01:00.0,Intermediário
0.41957,0.42184,2003-11-24 15:30:00.0,Intermediário
0.41957,0.42185,2003-11-24 16:00:00.0,Intermediário
0.41993,0.42221,2003-11-24 16:30:00.0,Fechamento Interbancário
0.42175,0.4226,2003-11-24 17:45:00.0,Fechamento
0.41964,0.42307,2003-11-25 09:39:00.0,Abertura
0.42018,0.4226,2003-11-25 10:00:00.0,Intermediário
0.42072,0.423,2003-11-25 10:30:00.0,Intermediário
0.4206,0.42288,2003-11-25 11:00:00.0,Intermediário
0.42019,0.42246,2003-11-25 11:30:00.0,Intermediário
0.42163,0.42392,2003-11-25 12:00:00.0,Intermediário
0.42181,0.42395,2003-11-25 12:30:00.0,Intermediário
0.42209,0.42438,2003-11-25 13:00:00.0,Intermediário
0.42209,0.42438,2003-11-25 13:30:00.0,Intermediário
0.42223,0.42452,2003-11-25 14:00:00.0,Intermediário
0.4217,0.42398,2003-11-25 14:30:00.0,Intermediário
0.42172,0.42415,2003-11-25 15:00:00.0,Intermediário
0.42312,0.42556,2003-11-25 15:30:00.0,Intermediário
0.42286,0.42515,2003-11-25 16:00:00.0,Intermediário
0.42298,0.42542,2003-11-25 16:30:00.0,Fechamento Interbancário
0.42196,0.42281,2003-11-25 17:37:00.0,Fechamento
0.42318,0.42664,2003-11-26 09:41:00.0,Abertura
0.42377,0.42607,2003-11-26 10:00:00.0,Intermediário
0.4242,0.4265,2003-11-26 10:30:00.0,Intermediário
0.42377,0.42622,2003-11-26 11:00:00.0,Intermediário
0.42363,0.42592,2003-11-26 11:30:00.0,Intermediário
0.42417,0.42647,2003-11-26 12:00:00.0,Intermediário
0.4252,0.42751,2003-11-26 12:30:00.0,Intermediário
0.42651,0.42897,2003-11-26 13:00:00.0,Intermediário
0.42809,0.43056,2003-11-26 13:30:00.0,Intermediário
0.42826,0.43073,2003-11-26 14:00:00.0,Intermediário
0.42752,0.42999,2003-11-26 14:30:00.0,Intermediário
0.42813,0.4306,2003-11-26 15:00:00.0,Intermediário
0.4292,0.43153,2003-11-26 15:30:00.0,Intermediário
0.42878,0.4311,2003-11-26 16:00:00.0,Intermediário
0.42934,0.43167,2003-11-26 16:30:00.0,Fechamento Interbancário
0.42818,0.42904,2003-11-26 17:45:00.0,Fechamento
0.42871,0.43221,2003-11-27 09:57:00.0,Abertura
0.42868,0.431,2003-11-27 10:00:00.0,Intermediário
0.42971,0.43189,2003-11-27 10:30:00.0,Intermediário
0.42902,0.43135,2003-11-27 11:00:00.0,Intermediário
0.42864,0.43111,2003-11-27 11:30:00.0,Intermediário
0.42847,0.43094,2003-11-27 12:00:00.0,Intermediário
0.42826,0.43058,2003-11-27 12:30:00.0,Intermediário
0.42799,0.43031,2003-11-27 13:00:00.0,Intermediário
0.4278,0.43012,2003-11-27 13:30:00.0,Intermediário
0.42751,0.42983,2003-11-27 14:00:00.0,Intermediário
0.42762,0.42994,2003-11-27 14:30:00.0,Intermediário
0.42726,0.42958,2003-11-27 15:00:00.0,Intermediário
0.42761,0.42993,2003-11-27 15:30:00.0,Intermediário
0.42755,0.42986,2003-11-27 16:00:00.0,Intermediário
0.42804,0.43022,2003-11-27 16:30:00.0,Fechamento Interbancário
0.42901,0.42987,2003-11-27 17:39:00.0,Fechamento
0.43188,0.4354,2003-11-28 09:39:00.0,Abertura
0.43144,0.43378,2003-11-28 10:00:00.0,Intermediário
0.43201,0.43421,2003-11-28 10:30:00.0,Intermediário
0.4307,0.43334,2003-11-28 11:00:00.0,Intermediário
0.43114,0.43363,2003-11-28 11:30:00.0,Intermediário
0.43102,0.43336,2003-11-28 12:00:00.0,Intermediário
0.43138,0.43373,2003-11-28 12:30:00.0,Intermediário
0.43192,0.43426,2003-11-28 13:00:00.0,Intermediário
0.43177,0.43412,2003-11-28 13:30:00.0,Intermediário
0.43078,0.43312,2003-11-28 14:00:00.0,Intermediário
0.43082,0.43316,2003-11-28 14:30:00.0,Intermediário
0.43051,0.43299,2003-11-28 15:00:00.0,Intermediário
0.43064,0.43298,2003-11-28 15:30:00.0,Intermediário
0.43031,0.43264,2003-11-28 16:00:00.0,Intermediário
0.43065,0.43298,2003-11-28 16:45:00.0,Fechamento Interbancário
0.4317,0.43257,2003-11-28 18:50:00.0,Fechamento
0.43163,0.43515,2003-12-01 09:57:00.0,Abertura
0.43235,0.43485,2003-12-01 10:00:00.0,Intermediário
0.43262,0.43497,2003-12-01 10:30:00.0,Intermediário
0.43024,0.43287,2003-12-01 11:00:00.0,Intermediário
0.42982,0.4323,2003-12-01 11:30:00.0,Intermediário
0.42993,0.43227,2003-12-01 12:00:00.0,Intermediário
0.4287,0.43103,2003-12-01 12:30:00.0,Intermediário
0.4293,0.43163,2003-12-01 13:00:00.0,Intermediário
0.42899,0.43132,2003-12-01 13:30:00.0,Intermediário
0.42798,0.43031,2003-12-01 14:00:00.0,Intermediário
0.42759,0.42991,2003-12-01 14:30:00.0,Intermediário
0.42755,0.42987,2003-12-01 15:00:00.0,Intermediário
0.42727,0.42959,2003-12-01 15:30:00.0,Intermediário
0.42649,0.42881,2003-12-01 16:01:00.0,Intermediário
0.42787,0.4302,2003-12-01 16:36:00.0,Fechamento Interbancário
0.42962,0.43048,2003-12-01 17:46:00.0,Fechamento
0.42669,0.43018,2003-12-02 09:53:00.0,Abertura
0.4271,0.42942,2003-12-02 10:00:00.0,Intermediário
0.42774,0.43006,2003-12-02 10:30:00.0,Intermediário
0.42833,0.43066,2003-12-02 11:00:00.0,Intermediário
0.42856,0.43103,2003-12-02 11:30:00.0,Intermediário
0.42796,0.43043,2003-12-02 12:00:00.0,Intermediário
0.42776,0.43023,2003-12-02 12:30:00.0,Intermediário
0.42957,0.43191,2003-12-02 13:00:00.0,Intermediário
0.43126,0.43361,2003-12-02 13:30:00.0,Intermediário
0.43232,0.43467,2003-12-02 14:00:00.0,Intermediário
0.43232,0.43467,2003-12-02 14:30:00.0,Intermediário
0.43202,0.43436,2003-12-02 15:00:00.0,Intermediário
0.43235,0.4347,2003-12-02 15:30:00.0,Intermediário
0.43216,0.43451,2003-12-02 17:20:00.0,Intermediário
0.43214,0.43449,2003-12-02 17:21:00.0,Fechamento Interbancário
0.43256,0.43344,2003-12-02 17:40:00.0,Fechamento
0.43519,0.43876,2003-12-03 09:52:00.0,Abertura
0.43596,0.43848,2003-12-03 10:00:00.0,Intermediário
0.43538,0.4379,2003-12-03 10:30:00.0,Intermediário
0.43483,0.43734,2003-12-03 11:00:00.0,Intermediário
0.43376,0.43612,2003-12-03 11:30:00.0,Intermediário
0.43419,0.43655,2003-12-03 12:00:00.0,Intermediário
0.43456,0.43693,2003-12-03 12:30:00.0,Intermediário
0.43498,0.43734,2003-12-03 13:00:00.0,Intermediário
0.43503,0.43739,2003-12-03 13:30:00.0,Intermediário
0.43516,0.43753,2003-12-03 14:00:00.0,Intermediário
0.43493,0.4373,2003-12-03 14:30:00.0,Intermediário
0.43528,0.4378,2003-12-03 15:00:00.0,Intermediário
0.43488,0.43725,2003-12-03 15:30:00.0,Intermediário
0.43517,0.43739,2003-12-03 16:00:00.0,Intermediário
0.43547,0.43784,2003-12-03 16:30:00.0,Fechamento Interbancário
0.43589,0.43677,2003-12-03 17:37:00.0,Fechamento
0.43512,0.43869,2003-12-04 09:57:00.0,Abertura
0.43541,0.43793,2003-12-04 10:00:00.0,Intermediário
0.43616,0.43853,2003-12-04 10:30:00.0,Intermediário
0.43666,0.43918,2003-12-04 11:00:00.0,Intermediário
0.43773,0.44011,2003-12-04 11:30:00.0,Intermediário
0.43996,0.44236,2003-12-04 12:00:00.0,Intermediário
0.44032,0.44271,2003-12-04 12:30:00.0,Intermediário
0.43953,0.44192,2003-12-04 13:00:00.0,Intermediário
0.43862,0.44101,2003-12-04 13:30:00.0,Intermediário
0.43771,0.4401,2003-12-04 14:00:00.0,Intermediário
0.43767,0.44005,2003-12-04 14:30:00.0,Intermediário
0.43796,0.44035,2003-12-04 15:00:00.0,Intermediário
0.43926,0.44166,2003-12-04 15:30:00.0,Intermediário
0.43989,0.44244,2003-12-04 16:00:00.0,Intermediário
0.44031,0.4427,2003-12-04 16:30:00.0,Fechamento Interbancário
0.44,0.44089,2003-12-04 17:41:00.0,Fechamento
0.43876,0.44235,2003-12-05 09:47:00.0,Abertura
0.43916,0.44154,2003-12-05 10:00:00.0,Intermediário
0.43929,0.44168,2003-12-05 10:30:00.0,Intermediário
0.43889,0.44128,2003-12-05 11:00:00.0,Intermediário
0.44024,0.44264,2003-12-05 11:32:00.0,Intermediário
0.43926,0.44165,2003-12-05 12:04:00.0,Intermediário
0.43852,0.44106,2003-12-05 12:30:00.0,Intermediário
0.4392,0.44159,2003-12-05 13:00:00.0,Intermediário
0.43915,0.44154,2003-12-05 13:30:00.0,Intermediário
0.43978,0.44217,2003-12-05 14:00:00.0,Intermediário
0.43989,0.44228,2003-12-05 14:30:00.0,Intermediário
0.44032,0.44272,2003-12-05 15:00:00.0,Intermediário
0.43992,0.44232,2003-12-05 15:30:00.0,Intermediário
0.43942,0.44197,2003-12-05 16:00:00.0,Intermediário
0.44031,0.44271,2003-12-05 16:30:00.0,Fechamento Interbancário
0.44124,0.44214,2003-12-05 17:41:00.0,Fechamento
0.4421,0.44572,2003-12-08 09:46:00.0,Abertura
0.44255,0.44511,2003-12-08 10:00:00.0,Intermediário
0.44273,0.44529,2003-12-08 10:30:00.0,Intermediário
0.44316,0.44557,2003-12-08 11:00:00.0,Intermediário
0.44431,0.44673,2003-12-08 11:30:00.0,Intermediário
0.44409,0.44651,2003-12-08 12:00:00.0,Intermediário
0.44298,0.44539,2003-12-08 12:30:00.0,Intermediário
0.44245,0.44486,2003-12-08 13:00:00.0,Intermediário
0.44157,0.44397,2003-12-08 13:30:00.0,Intermediário
0.44145,0.44385,2003-12-08 14:00:00.0,Intermediário
0.44162,0.44403,2003-12-08 14:30:00.0,Intermediário
0.44117,0.44357,2003-12-08 15:00:00.0,Intermediário
0.4415,0.4439,2003-12-08 15:30:00.0,Intermediário
0.44159,0.444,2003-12-08 16:00:00.0,Intermediário
0.4413,0.4437,2003-12-08 16:30:00.0,Fechamento Interbancário
0.44284,0.44374,2003-12-08 17:39:00.0,Fechamento
0.44266,0.44629,2003-12-09 09:57:00.0,Abertura
0.44346,0.44603,2003-12-09 10:00:00.0,Intermediário
0.44287,0.44529,2003-12-09 10:30:00.0,Intermediário
0.44246,0.44487,2003-12-09 11:08:00.0,Intermediário
0.44243,0.44484,2003-12-09 11:30:00.0,Intermediário
0.44113,0.44354,2003-12-09 12:00:00.0,Intermediário
0.44071,0.44311,2003-12-09 12:30:00.0,Intermediário
0.44091,0.44332,2003-12-09 13:00:00.0,Intermediário
0.43979,0.44219,2003-12-09 13:30:00.0,Intermediário
0.43923,0.44162,2003-12-09 14:00:00.0,Intermediário
0.43989,0.44228,2003-12-09 14:30:00.0,Intermediário
0.44067,0.44307,2003-12-09 15:02:00.0,Intermediário
0.4404,0.4428,2003-12-09 15:34:00.0,Intermediário
0.4398,0.44219,2003-12-09 16:00:00.0,Intermediário
0.43989,0.44229,2003-12-09 16:32:00.0,Fechamento Interbancário
0.44184,0.44273,2003-12-09 17:43:00.0,Fechamento
0.43977,0.44337,2003-12-10 09:55:00.0,Abertura
0.44023,0.44263,2003-12-10 10:00:00.0,Intermediário
0.43997,0.44251,2003-12-10 10:30:00.0,Intermediário
0.44127,0.44368,2003-12-10 11:00:00.0,Intermediário
0.4425,0.44476,2003-12-10 11:30:00.0,Intermediário
0.44214,0.4444,2003-12-10 12:00:00.0,Intermediário
0.44156,0.44396,2003-12-10 12:30:00.0,Intermediário
0.44185,0.44426,2003-12-10 13:00:00.0,Intermediário
0.44157,0.44397,2003-12-10 13:30:00.0,Intermediário
0.441,0.4434,2003-12-10 14:00:00.0,Intermediário
0.44057,0.44297,2003-12-10 14:30:00.0,Intermediário
0.4409,0.44315,2003-12-10 15:00:00.0,Intermediário
0.43997,0.44237,2003-12-10 15:30:00.0,Intermediário
0.43998,0.44238,2003-12-10 16:00:00.0,Intermediário
0.4402,0.44259,2003-12-10 16:30:00.0,Fechamento Interbancário
0.44103,0.44193,2003-12-10 17:41:00.0,Fechamento
0.4367,0.44027,2003-12-11 09:52:00.0,Abertura
0.43731,0.43968,2003-12-11 10:00:00.0,Intermediário
0.43658,0.4391,2003-12-11 10:30:00.0,Intermediário
0.43703,0.4394,2003-12-11 11:00:00.0,Intermediário
0.43753,0.43991,2003-12-11 11:30:00.0,Intermediário
0.43697,0.43935,2003-12-11 12:00:00.0,Intermediário
0.43559,0.43796,2003-12-11 12:30:00.0,Intermediário
0.43483,0.43719,2003-12-11 13:00:00.0,Intermediário
0.43618,0.4384,2003-12-11 13:30:00.0,Intermediário
0.43591,0.43813,2003-12-11 14:00:00.0,Intermediário
0.43651,0.43873,2003-12-11 14:30:00.0,Intermediário
0.43704,0.43942,2003-12-11 15:00:00.0,Intermediário
0.4362,0.43857,2003-12-11 15:30:00.0,Intermediário
0.43551,0.43788,2003-12-11 16:01:00.0,Intermediário
0.43553,0.4379,2003-12-11 16:41:00.0,Fechamento Interbancário
0.43796,0.43885,2003-12-11 17:37:00.0,Fechamento
0.43867,0.44226,2003-12-12 09:58:00.0,Abertura
0.43947,0.44186,2003-12-12 10:00:00.0,Intermediário
0.43864,0.44118,2003-12-12 10:30:00.0,Intermediário
0.43839,0.44077,2003-12-12 11:00:00.0,Intermediário
0.4391,0.44149,2003-12-12 11:30:00.0,Intermediário
0.43754,0.43992,2003-12-12 12:00:00.0,Intermediário
0.43822,0.4406,2003-12-12 12:30:00.0,Intermediário
0.43928,0.44167,2003-12-12 13:00:00.0,Intermediário
0.43909,0.44148,2003-12-12 13:30:00.0,Intermediário
0.43973,0.44212,2003-12-12 14:00:00.0,Intermediário
0.43932,0.44171,2003-12-12 14:30:00.0,Intermediário
0.4401,0.44249,2003-12-12 15:00:00.0,Intermediário
0.44024,0.44263,2003-12-12 15:30:00.0,Intermediário
0.43983,0.44222,2003-12-12 16:00:00.0,Intermediário
0.43944,0.44184,2003-12-12 16:30:00.0,Fechamento Interbancário
0.44095,0.44184,2003-12-12 18:00:00.0,Fechamento
0.43589,0.43945,2003-12-15 09:58:00.0,Abertura
0.43621,0.43843,2003-12-15 10:00:00.0,Intermediário
0.43578,0.43815,2003-12-15 10:30:00.0,Intermediário
0.4357,0.43807,2003-12-15 11:00:00.0,Intermediário
0.4355,0.43787,2003-12-15 11:30:00.0,Intermediário
0.43662,0.43885,2003-12-15 12:00:00.0,Intermediário
0.43728,0.43966,2003-12-15 12:30:00.0,Intermediário
0.43737,0.43976,2003-12-15 13:00:00.0,Intermediário
0.43687,0.43925,2003-12-15 13:30:00.0,Intermediário
0.43713,0.43951,2003-12-15 14:00:00.0,Intermediário
0.43676,0.43914,2003-12-15 14:30:00.0,Intermediário
0.43546,0.43783,2003-12-15 15:00:00.0,Intermediário
0.43591,0.43813,2003-12-15 15:30:00.0,Intermediário
0.43541,0.43778,2003-12-15 16:00:00.0,Intermediário
0.43539,0.43776,2003-12-15 16:30:00.0,Fechamento Interbancário
0.43752,0.43841,2003-12-15 17:53:00.0,Fechamento
0.43637,0.43996,2003-12-16 09:58:00.0,Abertura
0.4365,0.43887,2003-12-16 10:00:00.0,Intermediário
0.43784,0.44007,2003-12-16 10:30:00.0,Intermediário
0.43783,0.44022,2003-12-16 11:00:00.0,Intermediário
0.43877,0.44116,2003-12-16 11:30:00.0,Intermediário
0.43894,0.44148,2003-12-16 12:00:00.0,Intermediário
0.43867,0.44106,2003-12-16 12:30:00.0,Intermediário
0.43885,0.44124,2003-12-16 13:00:00.0,Intermediário
0.43804,0.44043,2003-12-16 13:30:00.0,Intermediário
0.4383,0.44069,2003-12-16 14:00:00.0,Intermediário
0.43884,0.44123,2003-12-16 14:30:00.0,Intermediário
0.43804,0.44043,2003-12-16 15:00:00.0,Intermediário
0.43884,0.44108,2003-12-16 15:30:00.0,Intermediário
0.43833,0.44072,2003-12-16 16:00:00.0,Intermediário
0.43809,0.44047,2003-12-16 16:30:00.0,Fechamento Interbancário
0.43878,0.43967,2003-12-16 17:43:00.0,Fechamento
0.44078,0.44439,2003-12-17 09:58:00.0,Abertura
0.44134,0.44375,2003-12-17 10:00:00.0,Intermediário
0.44005,0.44245,2003-12-17 10:30:00.0,Intermediário
0.44004,0.44244,2003-12-17 11:00:00.0,Intermediário
0.437,0.43938,2003-12-17 11:33:00.0,Intermediário
0.43843,0.44081,2003-12-17 12:00:00.0,Intermediário
0.4365,0.43887,2003-12-17 12:34:00.0,Intermediário
0.43577,0.43814,2003-12-17 13:00:00.0,Intermediário
0.43544,0.43781,2003-12-17 14:00:00.0,Intermediário
0.43622,0.43859,2003-12-17 14:30:00.0,Intermediário
0.43568,0.43805,2003-12-17 15:00:00.0,Intermediário
0.43656,0.43894,2003-12-17 15:30:00.0,Intermediário
0.43637,0.43874,2003-12-17 16:00:00.0,Intermediário
0.43629,0.43866,2003-12-17 16:30:00.0,Fechamento Interbancário
0.43781,0.4387,2003-12-17 17:38:00.0,Fechamento
0.43508,0.43864,2003-12-18 09:54:00.0,Abertura
0.43567,0.43805,2003-12-18 10:00:00.0,Intermediário
0.43532,0.43768,2003-12-18 10:30:00.0,Intermediário
0.43587,0.4381,2003-12-18 11:00:00.0,Intermediário
0.43486,0.43722,2003-12-18 11:30:00.0,Intermediário
0.43371,0.43607,2003-12-18 12:00:00.0,Intermediário
0.43368,0.43604,2003-12-18 12:30:00.0,Intermediário
0.43282,0.43518,2003-12-18 13:00:00.0,Intermediário
0.43283,0.43518,2003-12-18 13:30:00.0,Intermediário
0.43227,0.43462,2003-12-18 14:00:00.0,Intermediário
0.43289,0.43525,2003-12-18 14:30:00.0,Intermediário
0.43309,0.43545,2003-12-18 15:00:00.0,Intermediário
0.43363,0.43613,2003-12-18 15:30:00.0,Intermediário
0.43431,0.43682,2003-12-18 16:00:00.0,Intermediário
0.43468,0.43704,2003-12-18 16:30:00.0,Fechamento Interbancário
0.43595,0.43683,2003-12-18 17:51:00.0,Fechamento
0.43428,0.43784,2003-12-19 09:59:00.0,Abertura
0.43515,0.43752,2003-12-19 10:00:00.0,Intermediário
0.43512,0.43748,2003-12-19 10:30:00.0,Intermediário
0.43471,0.43707,2003-12-19 11:00:00.0,Intermediário
0.43454,0.43691,2003-12-19 11:30:00.0,Intermediário
0.43581,0.43818,2003-12-19 12:00:00.0,Intermediário
0.43542,0.43779,2003-12-19 12:30:00.0,Intermediário
0.43549,0.43772,2003-12-19 13:00:00.0,Intermediário
0.43429,0.4365,2003-12-19 13:30:00.0,Intermediário
0.43325,0.43545,2003-12-19 14:00:00.0,Intermediário
0.43445,0.43667,2003-12-19 14:30:00.0,Intermediário
0.43488,0.4371,2003-12-19 15:00:00.0,Intermediário
0.43479,0.43701,2003-12-19 15:30:00.0,Intermediário
0.43417,0.43639,2003-12-19 16:00:00.0,Intermediário
0.43409,0.4363,2003-12-19 16:30:00.0,Fechamento Interbancário
0.43519,0.43607,2003-12-19 17:50:00.0,Fechamento
0.43514,0.43871,2003-12-22 10:04:00.0,Abertura
0.43514,0.43871,2003-12-22 10:05:00.0,Intermediário
0.43582,0.43819,2003-12-22 10:30:00.0,Intermediário
0.43552,0.43804,2003-12-22 11:00:00.0,Intermediário
0.43503,0.4374,2003-12-22 11:30:00.0,Intermediário
0.43491,0.43728,2003-12-22 12:00:00.0,Intermediário
0.43486,0.43738,2003-12-22 12:30:00.0,Intermediário
0.4341,0.43646,2003-12-22 13:00:00.0,Intermediário
0.43424,0.4366,2003-12-22 13:30:00.0,Intermediário
0.43377,0.43613,2003-12-22 14:00:00.0,Intermediário
0.43389,0.43625,2003-12-22 14:30:00.0,Intermediário
0.43343,0.43579,2003-12-22 15:00:00.0,Intermediário
0.43367,0.43618,2003-12-22 15:30:00.0,Intermediário
0.43202,0.43422,2003-12-22 16:00:00.0,Intermediário
0.43321,0.43557,2003-12-22 16:30:00.0,Fechamento Interbancário
0.43476,0.43564,2003-12-22 17:49:00.0,Fechamento
0.4317,0.43524,2003-12-23 09:54:00.0,Abertura
0.43223,0.43443,2003-12-23 10:00:00.0,Intermediário
0.43161,0.43426,2003-12-23 10:30:00.0,Intermediário
0.43139,0.43403,2003-12-23 11:00:00.0,Intermediário
0.43121,0.43356,2003-12-23 11:30:00.0,Intermediário
0.43169,0.43404,2003-12-23 12:00:00.0,Intermediário
0.43029,0.43278,2003-12-23 12:30:00.0,Intermediário
0.43087,0.43306,2003-12-23 13:00:00.0,Intermediário
0.43132,0.43351,2003-12-23 13:30:00.0,Intermediário
0.43132,0.43352,2003-12-23 14:00:00.0,Intermediário
0.43116,0.43336,2003-12-23 14:30:00.0,Intermediário
0.43031,0.43265,2003-12-23 15:00:00.0,Intermediário
0.43057,0.43291,2003-12-23 15:30:00.0,Intermediário
0.42859,0.43092,2003-12-23 16:00:00.0,Intermediário
0.42928,0.43162,2003-12-23 16:30:00.0,Fechamento Interbancário
0.43104,0.43191,2003-12-23 17:39:00.0,Fechamento
0.42649,0.42999,2003-12-24 09:54:00.0,Abertura
0.42692,0.42924,2003-12-24 10:00:00.0,Intermediário
0.42738,0.42956,2003-12-24 10:30:00.0,Intermediário
0.42718,0.4295,2003-12-24 11:00:00.0,Intermediário
0.42745,0.42978,2003-12-24 11:30:00.0,Intermediário
0.42763,0.42996,2003-12-24 12:00:00.0,Fechamento Interbancário
0.42805,0.42891,2003-12-24 12:09:00.0,Fechamento
0.42789,0.4314,2003-12-26 09:58:00.0,Abertura
0.42854,0.43087,2003-12-26 10:00:00.0,Intermediário
0.42783,0.43031,2003-12-26 10:30:00.0,Intermediário
0.4283,0.43049,2003-12-26 11:00:00.0,Intermediário
0.42834,0.43068,2003-12-26 11:30:00.0,Intermediário
0.42721,0.42953,2003-12-26 12:00:00.0,Intermediário
0.42712,0.42945,2003-12-26 12:30:00.0,Intermediário
0.4273,0.42977,2003-12-26 13:00:00.0,Intermediário
0.42755,0.43002,2003-12-26 13:30:00.0,Intermediário
0.42738,0.42985,2003-12-26 14:00:00.0,Intermediário
0.4274,0.42988,2003-12-26 14:30:00.0,Intermediário
0.42645,0.42892,2003-12-26 15:00:00.0,Intermediário
0.42589,0.42821,2003-12-26 15:30:00.0,Intermediário
0.42561,0.42793,2003-12-26 16:00:00.0,Intermediário
0.42536,0.42768,2003-12-26 16:30:00.0,Fechamento Interbancário
0.42629,0.42715,2003-12-26 17:42:00.0,Fechamento
0.42847,0.43199,2003-12-29 09:57:00.0,Abertura
0.42881,0.43129,2003-12-29 10:00:00.0,Intermediário
0.42932,0.43181,2003-12-29 10:30:00.0,Intermediário
0.42914,0.43148,2003-12-29 11:00:00.0,Intermediário
0.42904,0.43138,2003-12-29 11:30:00.0,Intermediário
0.42832,0.4308,2003-12-29 12:00:00.0,Intermediário
0.42722,0.42955,2003-12-29 12:30:00.0,Intermediário
0.42566,0.42798,2003-12-29 13:00:00.0,Intermediário
0.42577,0.42809,2003-12-29 13:30:00.0,Intermediário
0.4246,0.42691,2003-12-29 14:00:00.0,Intermediário
0.4258,0.42812,2003-12-29 14:30:00.0,Intermediário
0.42421,0.42652,2003-12-29 15:00:00.0,Intermediário
0.42454,0.42686,2003-12-29 15:30:00.0,Intermediário
0.42322,0.42538,2003-12-29 16:00:00.0,Intermediário
0.42374,0.42605,2003-12-29 16:30:00.0,Fechamento Interbancário
0.42742,0.42829,2003-12-29 17:40:00.0,Fechamento
0.42367,0.42717,2003-12-30 09:52:00.0,Abertura
0.42594,0.42841,2003-12-30 10:00:00.0,Intermediário
0.4257,0.42817,2003-12-30 10:30:00.0,Intermediário
0.42615,0.42862,2003-12-30 11:00:00.0,Intermediário
0.42708,0.42971,2003-12-30 11:30:00.0,Intermediário
0.42759,0.43007,2003-12-30 12:00:00.0,Intermediário
0.4291,0.43144,2003-12-30 12:30:00.0,Intermediário
0.42884,0.43117,2003-12-30 13:00:00.0,Intermediário
0.42998,0.43232,2003-12-30 13:30:00.0,Intermediário
0.42954,0.43188,2003-12-30 14:00:00.0,Intermediário
0.42983,0.43217,2003-12-30 14:30:00.0,Intermediário
0.42928,0.43177,2003-12-30 15:00:00.0,Intermediário
0.43062,0.43311,2003-12-30 15:30:00.0,Intermediário
0.43052,0.43286,2003-12-30 16:00:00.0,Intermediário
0.43128,0.43363,2003-12-30 16:30:00.0,Fechamento Interbancário
0.43024,0.43111,2003-12-30 17:38:00.0,Fechamento
0.43305,0.43523,2003-12-31 09:40:00.0,Abertura
0.43289,0.43507,2003-12-31 10:00:00.0,Intermediário
0.43269,0.43487,2003-12-31 10:30:00.0,Intermediário
0.43357,0.43576,2003-12-31 11:00:00.0,Intermediário
0.43315,0.43534,2003-12-31 11:30:00.0,Fechamento Interbancário
0.43374,0.43462,2003-12-31 12:20:00.0,Fechamento
