cotacaoCompra,cotacaoVenda,dataHoraCotacao,tipoBoletim
0.22015,0.2223,2001-01-02 09:37:00.0,Abertura
0.22023,0.22146,2001-01-02 10:00:00.0,Intermediário
0.21986,0.2211,2001-01-02 10:30:00.0,Intermediário
0.21943,0.22066,2001-01-02 11:00:00.0,Intermediário
0.21943,0.22066,2001-01-02 11:30:00.0,Intermediário
0.21897,0.22009,2001-01-02 12:00:00.0,Intermediário
0.2188,0.22003,2001-01-02 12:30:00.0,Intermediário
0.21937,0.22049,2001-01-02 13:00:00.0,Intermediário
0.22022,0.22134,2001-01-02 13:30:00.0,Intermediário
0.22077,0.2219,2001-01-02 14:00:00.0,Intermediário
0.22057,0.2217,2001-01-02 14:30:00.0,Intermediário
0.22035,0.22158,2001-01-02 15:00:00.0,Intermediário
0.22053,0.22177,2001-01-02 15:30:00.0,Intermediário
0.22066,0.22178,2001-01-02 16:00:00.0,Intermediário
0.22115,0.22239,2001-01-02 16:30:00.0,Intermediário
0.22173,0.22286,2001-01-02 17:00:00.0,Fechamento Interbancário
0.22124,0.22168,2001-01-02 18:14:00.0,Fechamento
0.22174,0.22391,2001-01-03 09:40:00.0,Abertura
0.2224,0.22365,2001-01-03 10:00:00.0,Intermediário
0.22283,0.22397,2001-01-03 10:30:00.0,Intermediário
0.2224,0.22354,2001-01-03 11:00:00.0,Intermediário
0.22233,0.22346,2001-01-03 11:30:00.0,Intermediário
0.22213,0.22326,2001-01-03 12:00:00.0,Intermediário
0.22167,0.22291,2001-01-03 12:30:00.0,Intermediário
0.22157,0.22281,2001-01-03 13:00:00.0,Intermediário
0.2215,0.22274,2001-01-03 13:30:00.0,Intermediário
0.22105,0.22229,2001-01-03 14:00:00.0,Intermediário
0.22119,0.22244,2001-01-03 14:30:00.0,Intermediário
0.22163,0.22287,2001-01-03 15:00:00.0,Intermediário
0.22092,0.22205,2001-01-03 15:30:00.0,Intermediário
0.22026,0.22138,2001-01-03 16:00:00.0,Intermediário
0.21831,0.21942,2001-01-03 16:30:00.0,Intermediário
0.21704,0.21826,2001-01-03 17:02:00.0,Fechamento Interbancário
0.21709,0.21752,2001-01-03 18:10:00.0,Fechamento
0.22,0.22216,2001-01-04 09:42:00.0,Abertura
0.22096,0.22209,2001-01-04 10:00:00.0,Intermediário
0.2205,0.22174,2001-01-04 10:30:00.0,Intermediário
0.22092,0.22216,2001-01-04 11:00:00.0,Intermediário
0.22023,0.22147,2001-01-04 11:30:00.0,Intermediário
0.22088,0.222,2001-01-04 12:00:00.0,Intermediário
0.22095,0.22208,2001-01-04 12:30:00.0,Intermediário
0.22139,0.22252,2001-01-04 13:00:00.0,Intermediário
0.22072,0.22184,2001-01-04 13:30:00.0,Intermediário
0.22053,0.22165,2001-01-04 14:00:00.0,Intermediário
0.22053,0.22165,2001-01-04 14:30:00.0,Intermediário
0.22054,0.22178,2001-01-04 15:00:00.0,Intermediário
0.22074,0.22198,2001-01-04 15:30:00.0,Intermediário
0.22156,0.22269,2001-01-04 16:00:00.0,Intermediário
0.22165,0.22278,2001-01-04 16:30:00.0,Intermediário
0.22202,0.22327,2001-01-04 17:00:00.0,Fechamento Interbancário
0.22134,0.22178,2001-01-04 18:18:00.0,Fechamento
0.22274,0.22492,2001-01-05 09:47:00.0,Abertura
0.22346,0.22472,2001-01-05 10:00:00.0,Intermediário
0.22349,0.22474,2001-01-05 10:30:00.0,Intermediário
0.22364,0.2249,2001-01-05 11:00:00.0,Intermediário
0.22327,0.22441,2001-01-05 11:30:00.0,Intermediário
0.22333,0.22458,2001-01-05 12:00:00.0,Intermediário
0.2229,0.22403,2001-01-05 12:30:00.0,Intermediário
0.22351,0.22477,2001-01-05 13:00:00.0,Intermediário
0.22325,0.22451,2001-01-05 13:30:00.0,Intermediário
0.22311,0.22436,2001-01-05 14:00:00.0,Intermediário
0.22312,0.22437,2001-01-05 14:30:00.0,Intermediário
0.22393,0.22507,2001-01-05 15:00:00.0,Intermediário
0.22452,0.22578,2001-01-05 15:30:00.0,Intermediário
0.2242,0.22546,2001-01-05 16:00:00.0,Intermediário
0.22492,0.22606,2001-01-05 16:30:00.0,Intermediário
0.22473,0.22599,2001-01-05 17:00:00.0,Fechamento Interbancário
0.22462,0.22507,2001-01-05 18:12:00.0,Fechamento
0.22264,0.22481,2001-01-08 09:39:00.0,Abertura
0.22355,0.2248,2001-01-08 10:00:00.0,Intermediário
0.22337,0.22462,2001-01-08 10:30:00.0,Intermediário
0.22334,0.22448,2001-01-08 11:00:00.0,Intermediário
0.2228,0.22405,2001-01-08 11:30:00.0,Intermediário
0.22267,0.22392,2001-01-08 12:00:00.0,Intermediário
0.22295,0.22408,2001-01-08 12:30:00.0,Intermediário
0.22356,0.2247,2001-01-08 13:00:00.0,Intermediário
0.22337,0.22463,2001-01-08 13:30:00.0,Intermediário
0.22338,0.22463,2001-01-08 14:00:00.0,Intermediário
0.22316,0.22441,2001-01-08 14:30:00.0,Intermediário
0.2228,0.22405,2001-01-08 15:00:00.0,Intermediário
0.2232,0.22445,2001-01-08 15:30:00.0,Intermediário
0.22265,0.2239,2001-01-08 16:00:00.0,Intermediário
0.22266,0.2239,2001-01-08 16:30:00.0,Intermediário
0.22232,0.22346,2001-01-08 17:00:00.0,Fechamento Interbancário
0.22311,0.22356,2001-01-08 18:13:00.0,Fechamento
0.2204,0.22255,2001-01-09 09:58:00.0,Abertura
0.22072,0.22185,2001-01-09 10:00:00.0,Intermediário
0.22099,0.22223,2001-01-09 10:30:00.0,Intermediário
0.22151,0.22276,2001-01-09 11:00:00.0,Intermediário
0.22128,0.22252,2001-01-09 11:30:00.0,Intermediário
0.22156,0.2228,2001-01-09 12:00:00.0,Intermediário
0.22129,0.22242,2001-01-09 12:30:00.0,Intermediário
0.22119,0.22232,2001-01-09 13:00:00.0,Intermediário
0.22112,0.22225,2001-01-09 13:30:00.0,Intermediário
0.22113,0.22225,2001-01-09 14:00:00.0,Intermediário
0.22126,0.22238,2001-01-09 14:30:00.0,Intermediário
0.22046,0.2217,2001-01-09 15:00:00.0,Intermediário
0.22089,0.22213,2001-01-09 15:30:00.0,Intermediário
0.22082,0.22206,2001-01-09 16:00:00.0,Intermediário
0.22111,0.22235,2001-01-09 16:30:00.0,Intermediário
0.22138,0.22263,2001-01-09 17:00:00.0,Fechamento Interbancário
0.22208,0.22252,2001-01-09 18:24:00.0,Fechamento
0.22186,0.22402,2001-01-10 09:34:00.0,Abertura
0.22254,0.22368,2001-01-10 10:00:00.0,Intermediário
0.22253,0.22378,2001-01-10 10:30:00.0,Intermediário
0.22259,0.22373,2001-01-10 11:00:00.0,Intermediário
0.22262,0.22387,2001-01-10 11:30:00.0,Intermediário
0.22295,0.22409,2001-01-10 12:00:00.0,Intermediário
0.22254,0.22379,2001-01-10 12:30:00.0,Intermediário
0.22246,0.2236,2001-01-10 13:00:00.0,Intermediário
0.22208,0.22321,2001-01-10 13:30:00.0,Intermediário
0.22266,0.2238,2001-01-10 14:00:00.0,Intermediário
0.22244,0.22357,2001-01-10 14:30:00.0,Intermediário
0.22182,0.22307,2001-01-10 15:00:00.0,Intermediário
0.22268,0.22381,2001-01-10 15:30:00.0,Intermediário
0.22283,0.22396,2001-01-10 16:00:00.0,Intermediário
0.22289,0.22414,2001-01-10 16:30:00.0,Intermediário
0.22277,0.2239,2001-01-10 17:00:00.0,Fechamento Interbancário
0.22211,0.22255,2001-01-10 18:12:00.0,Fechamento
0.22405,0.22624,2001-01-11 10:56:00.0,Abertura
0.22435,0.22655,2001-01-11 11:19:00.0,Intermediário
0.22458,0.22678,2001-01-11 11:39:00.0,Intermediário
0.22556,0.22671,2001-01-11 12:05:00.0,Intermediário
0.22541,0.22656,2001-01-11 12:32:00.0,Intermediário
0.2252,0.22635,2001-01-11 13:03:00.0,Intermediário
0.22525,0.2264,2001-01-11 13:32:00.0,Intermediário
0.2252,0.22635,2001-01-11 14:03:00.0,Intermediário
0.22564,0.22691,2001-01-11 14:38:00.0,Intermediário
0.22613,0.22729,2001-01-11 15:04:00.0,Intermediário
0.22655,0.22782,2001-01-11 15:30:00.0,Intermediário
0.22674,0.22801,2001-01-11 16:00:00.0,Intermediário
0.22749,0.22877,2001-01-11 16:30:00.0,Intermediário
0.22678,0.22805,2001-01-11 17:00:00.0,Fechamento Interbancário
0.22592,0.22637,2001-01-11 18:29:00.0,Fechamento
0.22601,0.22821,2001-01-12 09:36:00.0,Abertura
0.22675,0.22802,2001-01-12 10:00:00.0,Intermediário
0.22716,0.22832,2001-01-12 10:30:00.0,Intermediário
0.22736,0.22853,2001-01-12 11:00:00.0,Intermediário
0.22683,0.22799,2001-01-12 11:30:00.0,Intermediário
0.22518,0.22644,2001-01-12 12:16:00.0,Intermediário
0.22547,0.22674,2001-01-12 12:30:00.0,Intermediário
0.22504,0.22631,2001-01-12 13:00:00.0,Intermediário
0.22478,0.22604,2001-01-12 13:30:00.0,Intermediário
0.22465,0.22591,2001-01-12 14:00:00.0,Intermediário
0.22453,0.22579,2001-01-12 14:30:00.0,Intermediário
0.22435,0.22561,2001-01-12 15:00:00.0,Intermediário
0.22461,0.22587,2001-01-12 15:30:00.0,Intermediário
0.2246,0.22575,2001-01-12 16:00:00.0,Intermediário
0.22455,0.22582,2001-01-12 16:30:00.0,Intermediário
0.22459,0.22574,2001-01-12 17:00:00.0,Fechamento Interbancário
0.22525,0.2257,2001-01-12 18:24:00.0,Fechamento
0.22264,0.22481,2001-01-15 09:42:00.0,Abertura
0.22335,0.22449,2001-01-15 10:00:00.0,Intermediário
0.22321,0.22435,2001-01-15 10:30:00.0,Intermediário
0.22288,0.22413,2001-01-15 11:00:00.0,Intermediário
0.22288,0.22414,2001-01-15 11:30:00.0,Intermediário
0.22322,0.22436,2001-01-15 12:00:00.0,Intermediário
0.22281,0.22406,2001-01-15 12:30:00.0,Intermediário
0.22248,0.22362,2001-01-15 13:00:00.0,Intermediário
0.22267,0.2238,2001-01-15 13:30:00.0,Intermediário
0.22251,0.22365,2001-01-15 14:00:00.0,Intermediário
0.22269,0.22383,2001-01-15 14:30:00.0,Intermediário
0.22228,0.22353,2001-01-15 15:00:00.0,Intermediário
0.22237,0.22362,2001-01-15 15:30:00.0,Intermediário
0.22243,0.22368,2001-01-15 16:00:00.0,Intermediário
0.2226,0.22386,2001-01-15 16:30:00.0,Intermediário
0.22251,0.22376,2001-01-15 17:00:00.0,Fechamento Interbancário
0.22292,0.22336,2001-01-15 18:17:00.0,Fechamento
0.22229,0.22446,2001-01-16 09:39:00.0,Abertura
0.22323,0.22448,2001-01-16 10:00:00.0,Intermediário
0.22315,0.22429,2001-01-16 10:30:00.0,Intermediário
0.22318,0.22432,2001-01-16 11:00:00.0,Intermediário
0.22293,0.22406,2001-01-16 11:30:00.0,Intermediário
0.22296,0.22421,2001-01-16 12:00:00.0,Intermediário
0.22273,0.22386,2001-01-16 12:30:00.0,Intermediário
0.22269,0.22394,2001-01-16 13:00:00.0,Intermediário
0.22307,0.22432,2001-01-16 13:30:00.0,Intermediário
0.2229,0.22415,2001-01-16 14:00:00.0,Intermediário
0.22243,0.22368,2001-01-16 14:30:00.0,Intermediário
0.22233,0.22358,2001-01-16 15:00:00.0,Intermediário
0.22264,0.22389,2001-01-16 15:30:00.0,Intermediário
0.22293,0.22407,2001-01-16 16:00:00.0,Intermediário
0.22276,0.22389,2001-01-16 16:30:00.0,Intermediário
0.22278,0.22392,2001-01-16 17:00:00.0,Fechamento Interbancário
0.22323,0.22367,2001-01-16 18:17:00.0,Fechamento
0.22162,0.22378,2001-01-17 09:35:00.0,Abertura
0.22177,0.2229,2001-01-17 10:00:00.0,Intermediário
0.22196,0.22309,2001-01-17 10:30:00.0,Intermediário
0.22213,0.22326,2001-01-17 11:00:00.0,Intermediário
0.22211,0.22324,2001-01-17 11:30:00.0,Intermediário
0.22125,0.22238,2001-01-17 12:06:00.0,Intermediário
0.22126,0.22239,2001-01-17 12:30:00.0,Intermediário
0.22126,0.22239,2001-01-17 13:00:00.0,Intermediário
0.22085,0.22209,2001-01-17 13:30:00.0,Intermediário
0.2209,0.22214,2001-01-17 14:03:00.0,Intermediário
0.22133,0.22257,2001-01-17 14:30:00.0,Intermediário
0.22143,0.22267,2001-01-17 15:00:00.0,Intermediário
0.22195,0.22308,2001-01-17 15:30:00.0,Intermediário
0.22142,0.22255,2001-01-17 16:00:00.0,Intermediário
0.22168,0.22292,2001-01-17 16:30:00.0,Intermediário
0.22232,0.22345,2001-01-17 17:00:00.0,Fechamento Interbancário
0.22225,0.22269,2001-01-17 18:19:00.0,Fechamento
0.2226,0.22477,2001-01-18 09:42:00.0,Abertura
0.22335,0.22449,2001-01-18 10:00:00.0,Intermediário
0.22276,0.22401,2001-01-18 10:30:00.0,Intermediário
0.223,0.22414,2001-01-18 11:00:00.0,Intermediário
0.22267,0.22392,2001-01-18 11:30:00.0,Intermediário
0.22202,0.22327,2001-01-18 12:00:00.0,Intermediário
0.22243,0.22356,2001-01-18 12:30:00.0,Intermediário
0.22232,0.22357,2001-01-18 13:00:00.0,Intermediário
0.22365,0.22491,2001-01-18 14:09:00.0,Intermediário
0.22351,0.22476,2001-01-18 14:10:00.0,Intermediário
0.22384,0.2251,2001-01-18 14:30:00.0,Intermediário
0.22377,0.22503,2001-01-18 15:00:00.0,Intermediário
0.22371,0.22485,2001-01-18 15:30:00.0,Intermediário
0.22362,0.22487,2001-01-18 16:00:00.0,Intermediário
0.22391,0.22517,2001-01-18 16:30:00.0,Intermediário
0.22397,0.22512,2001-01-18 17:00:00.0,Fechamento Interbancário
0.22426,0.22471,2001-01-18 18:09:00.0,Fechamento
0.22256,0.22473,2001-01-19 09:37:00.0,Abertura
0.22293,0.22418,2001-01-19 10:00:00.0,Intermediário
0.22334,0.22459,2001-01-19 10:30:00.0,Intermediário
0.22303,0.22416,2001-01-19 11:00:00.0,Intermediário
0.22286,0.224,2001-01-19 11:30:00.0,Intermediário
0.22319,0.22432,2001-01-19 12:00:00.0,Intermediário
0.22312,0.22437,2001-01-19 12:30:00.0,Intermediário
0.22348,0.22462,2001-01-19 13:00:00.0,Intermediário
0.22373,0.22487,2001-01-19 13:30:00.0,Intermediário
0.22373,0.22487,2001-01-19 14:00:00.0,Intermediário
0.22331,0.22444,2001-01-19 14:30:00.0,Intermediário
0.22317,0.22431,2001-01-19 15:00:00.0,Intermediário
0.22267,0.22392,2001-01-19 15:30:00.0,Intermediário
0.2229,0.22404,2001-01-19 16:00:00.0,Intermediário
0.22249,0.22362,2001-01-19 16:30:00.0,Intermediário
0.222,0.22313,2001-01-19 18:36:00.0,Fechamento Interbancário
0.2222,0.22264,2001-01-19 18:43:00.0,Fechamento
0.22086,0.22301,2001-01-22 09:44:00.0,Abertura
0.22132,0.22245,2001-01-22 10:00:00.0,Intermediário
0.22095,0.22219,2001-01-22 10:30:00.0,Intermediário
0.22058,0.22182,2001-01-22 11:28:00.0,Intermediário
0.2209,0.22202,2001-01-22 11:30:00.0,Intermediário
0.2211,0.22222,2001-01-22 12:00:00.0,Intermediário
0.22123,0.22235,2001-01-22 12:30:00.0,Intermediário
0.22212,0.22336,2001-01-22 13:00:00.0,Intermediário
0.22181,0.22305,2001-01-22 13:30:00.0,Intermediário
0.22207,0.22331,2001-01-22 14:00:00.0,Intermediário
0.22223,0.22347,2001-01-22 14:53:00.0,Intermediário
0.22195,0.22308,2001-01-22 15:00:00.0,Intermediário
0.22215,0.22328,2001-01-22 15:30:00.0,Intermediário
0.22218,0.22331,2001-01-22 16:00:00.0,Intermediário
0.2226,0.22374,2001-01-22 16:30:00.0,Intermediário
0.22257,0.22371,2001-01-22 17:00:00.0,Fechamento Interbancário
0.2227,0.22314,2001-01-22 18:15:00.0,Fechamento
0.22188,0.22404,2001-01-23 10:06:00.0,Abertura
0.22231,0.22356,2001-01-23 10:14:00.0,Intermediário
0.22239,0.22352,2001-01-23 10:30:00.0,Intermediário
0.22202,0.22315,2001-01-23 11:00:00.0,Intermediário
0.22178,0.22303,2001-01-23 11:30:00.0,Intermediário
0.22213,0.22338,2001-01-23 12:00:00.0,Intermediário
0.22175,0.223,2001-01-23 12:30:00.0,Intermediário
0.22205,0.22318,2001-01-23 13:00:00.0,Intermediário
0.2219,0.22303,2001-01-23 13:30:00.0,Intermediário
0.22189,0.22302,2001-01-23 14:00:00.0,Intermediário
0.22155,0.22268,2001-01-23 14:30:00.0,Intermediário
0.22177,0.22302,2001-01-23 15:00:00.0,Intermediário
0.22165,0.22278,2001-01-23 15:30:00.0,Intermediário
0.22148,0.22272,2001-01-23 16:00:00.0,Intermediário
0.22161,0.22274,2001-01-23 16:30:00.0,Intermediário
0.22205,0.22318,2001-01-23 17:00:00.0,Fechamento Interbancário
0.22186,0.2223,2001-01-23 18:12:00.0,Fechamento
0.21961,0.22174,2001-01-24 09:36:00.0,Abertura
0.21983,0.22095,2001-01-24 10:00:00.0,Intermediário
0.22024,0.22148,2001-01-24 10:30:00.0,Intermediário
0.22029,0.22141,2001-01-24 11:00:00.0,Intermediário
0.22027,0.2215,2001-01-24 11:36:00.0,Intermediário
0.22019,0.22142,2001-01-24 12:00:00.0,Intermediário
0.21937,0.22049,2001-01-24 12:38:00.0,Intermediário
0.21992,0.22104,2001-01-24 13:00:00.0,Intermediário
0.21985,0.22097,2001-01-24 13:30:00.0,Intermediário
0.21999,0.2211,2001-01-24 14:00:00.0,Intermediário
0.21994,0.22106,2001-01-24 14:30:00.0,Intermediário
0.22026,0.22138,2001-01-24 15:00:00.0,Intermediário
0.22039,0.22151,2001-01-24 15:30:00.0,Intermediário
0.22109,0.22233,2001-01-24 16:00:00.0,Intermediário
0.22096,0.2222,2001-01-24 16:30:00.0,Intermediário
0.22116,0.2224,2001-01-24 17:00:00.0,Fechamento Interbancário
0.2199,0.22033,2001-01-24 18:10:00.0,Fechamento
0.21784,0.21994,2001-01-25 09:59:00.0,Abertura
0.21854,0.21976,2001-01-25 10:00:00.0,Intermediário
0.21876,0.21998,2001-01-25 10:30:00.0,Intermediário
0.21847,0.21969,2001-01-25 11:17:00.0,Intermediário
0.2192,0.22042,2001-01-25 11:30:00.0,Intermediário
0.22001,0.22113,2001-01-25 13:41:00.0,Intermediário
0.22007,0.22119,2001-01-25 13:44:00.0,Intermediário
0.22036,0.22148,2001-01-25 13:46:00.0,Intermediário
0.22019,0.22131,2001-01-25 13:48:00.0,Intermediário
0.22046,0.22158,2001-01-25 14:00:00.0,Intermediário
0.22057,0.22169,2001-01-25 14:30:00.0,Intermediário
0.22092,0.22215,2001-01-25 15:00:00.0,Intermediário
0.22134,0.22257,2001-01-25 15:30:00.0,Intermediário
0.22113,0.22237,2001-01-25 16:00:00.0,Intermediário
0.22127,0.2224,2001-01-25 16:30:00.0,Intermediário
0.22129,0.22253,2001-01-25 17:00:00.0,Fechamento Interbancário
0.22181,0.22225,2001-01-25 18:28:00.0,Fechamento
0.22208,0.22423,2001-01-26 09:46:00.0,Abertura
0.2226,0.22384,2001-01-26 10:00:00.0,Intermediário
0.22239,0.22352,2001-01-26 10:30:00.0,Intermediário
0.22157,0.2227,2001-01-26 11:03:00.0,Intermediário
0.2214,0.22263,2001-01-26 11:30:00.0,Intermediário
0.22174,0.22287,2001-01-26 12:00:00.0,Intermediário
0.22172,0.22285,2001-01-26 12:30:00.0,Intermediário
0.22112,0.22236,2001-01-26 13:00:00.0,Intermediário
0.22118,0.22242,2001-01-26 13:30:00.0,Intermediário
0.22118,0.22242,2001-01-26 14:00:00.0,Intermediário
0.22123,0.22247,2001-01-26 14:30:00.0,Intermediário
0.22114,0.22238,2001-01-26 15:00:00.0,Intermediário
0.221,0.22224,2001-01-26 15:30:00.0,Intermediário
0.22143,0.22267,2001-01-26 16:00:00.0,Intermediário
0.22104,0.22228,2001-01-26 16:30:00.0,Intermediário
0.22111,0.22235,2001-01-26 17:00:00.0,Fechamento Interbancário
0.22173,0.22216,2001-01-26 18:16:00.0,Fechamento
0.22075,0.22288,2001-01-29 09:53:00.0,Abertura
0.22084,0.22208,2001-01-29 10:00:00.0,Intermediário
0.22103,0.22226,2001-01-29 10:30:00.0,Intermediário
0.22119,0.22232,2001-01-29 11:00:00.0,Intermediário
0.22092,0.22216,2001-01-29 11:30:00.0,Intermediário
0.22105,0.22217,2001-01-29 12:00:00.0,Intermediário
0.22144,0.22257,2001-01-29 12:30:00.0,Intermediário
0.22162,0.22286,2001-01-29 13:00:00.0,Intermediário
0.22133,0.22257,2001-01-29 13:30:00.0,Intermediário
0.22104,0.22227,2001-01-29 14:00:00.0,Intermediário
0.22107,0.2223,2001-01-29 14:30:00.0,Intermediário
0.22103,0.22215,2001-01-29 15:00:00.0,Intermediário
0.22124,0.22247,2001-01-29 15:30:00.0,Intermediário
0.22112,0.22236,2001-01-29 16:00:00.0,Intermediário
0.22064,0.22187,2001-01-29 16:30:00.0,Intermediário
0.22061,0.22184,2001-01-29 17:00:00.0,Fechamento Interbancário
0.22103,0.22147,2001-01-29 18:25:00.0,Fechamento
0.21988,0.222,2001-01-30 09:49:00.0,Abertura
0.22056,0.22179,2001-01-30 10:00:00.0,Intermediário
0.22139,0.22263,2001-01-30 10:30:00.0,Intermediário
0.22126,0.2225,2001-01-30 11:00:00.0,Intermediário
0.22143,0.22256,2001-01-30 11:30:00.0,Intermediário
0.22112,0.22236,2001-01-30 12:00:00.0,Intermediário
0.22163,0.22287,2001-01-30 12:30:00.0,Intermediário
0.22181,0.22305,2001-01-30 13:00:00.0,Intermediário
0.22231,0.22355,2001-01-30 13:55:00.0,Intermediário
0.22227,0.22351,2001-01-30 14:00:00.0,Intermediário
0.22245,0.22369,2001-01-30 14:30:00.0,Intermediário
0.22273,0.22397,2001-01-30 15:08:00.0,Intermediário
0.22233,0.22346,2001-01-30 15:30:00.0,Intermediário
0.22183,0.22308,2001-01-30 16:00:00.0,Intermediário
0.2221,0.22323,2001-01-30 16:30:00.0,Intermediário
0.22217,0.2233,2001-01-30 17:00:00.0,Fechamento Interbancário
0.22274,0.22318,2001-01-30 18:14:00.0,Fechamento
0.2216,0.22375,2001-01-31 09:35:00.0,Abertura
0.22289,0.22413,2001-01-31 10:00:00.0,Intermediário
0.22294,0.22407,2001-01-31 10:30:00.0,Intermediário
0.22283,0.22396,2001-01-31 11:00:00.0,Intermediário
0.2225,0.22363,2001-01-31 11:30:00.0,Intermediário
0.2224,0.22365,2001-01-31 12:00:00.0,Intermediário
0.223,0.22413,2001-01-31 12:30:00.0,Intermediário
0.22302,0.22427,2001-01-31 13:00:00.0,Intermediário
0.22216,0.22341,2001-01-31 13:30:00.0,Intermediário
0.22234,0.22359,2001-01-31 14:06:00.0,Intermediário
0.22237,0.22362,2001-01-31 14:30:00.0,Intermediário
0.22262,0.22387,2001-01-31 15:00:00.0,Intermediário
0.22289,0.22403,2001-01-31 15:30:00.0,Intermediário
0.22277,0.2239,2001-01-31 16:00:00.0,Intermediário
0.22274,0.22399,2001-01-31 16:30:00.0,Intermediário
0.22289,0.22413,2001-01-31 17:13:00.0,Fechamento Interbancário
0.22346,0.2239,2001-01-31 18:50:00.0,Fechamento
0.22476,0.22694,2001-02-01 09:29:00.0,Abertura
0.22597,0.22723,2001-02-01 10:00:00.0,Intermediário
0.2262,0.22747,2001-02-01 10:30:00.0,Intermediário
0.2261,0.22725,2001-02-01 11:00:00.0,Intermediário
0.22588,0.22715,2001-02-01 11:30:00.0,Intermediário
0.22601,0.22728,2001-02-01 12:00:00.0,Intermediário
0.22601,0.22716,2001-02-01 12:30:00.0,Intermediário
0.22625,0.22751,2001-02-01 13:00:00.0,Intermediário
0.2266,0.22786,2001-02-01 13:30:00.0,Intermediário
0.22569,0.22695,2001-02-01 14:00:00.0,Intermediário
0.22584,0.22711,2001-02-01 14:30:00.0,Intermediário
0.22607,0.22734,2001-02-01 15:00:00.0,Intermediário
0.22614,0.22741,2001-02-01 15:30:00.0,Intermediário
0.22673,0.22788,2001-02-01 16:00:00.0,Intermediário
0.2269,0.22817,2001-02-01 16:30:00.0,Intermediário
0.22764,0.22891,2001-02-01 17:00:00.0,Fechamento Interbancário
0.22589,0.22634,2001-02-01 18:24:00.0,Fechamento
0.22669,0.22888,2001-02-02 09:31:00.0,Abertura
0.22746,0.22874,2001-02-02 10:00:00.0,Intermediário
0.22815,0.22943,2001-02-02 10:30:00.0,Intermediário
0.22781,0.22908,2001-02-02 11:00:00.0,Intermediário
0.22785,0.22901,2001-02-02 11:30:00.0,Intermediário
0.22662,0.22788,2001-02-02 12:07:00.0,Intermediário
0.22662,0.22777,2001-02-02 12:30:00.0,Intermediário
0.22589,0.22704,2001-02-02 13:00:00.0,Intermediário
0.22567,0.22682,2001-02-02 13:30:00.0,Intermediário
0.22581,0.22696,2001-02-02 14:00:00.0,Intermediário
0.22635,0.2275,2001-02-02 14:30:00.0,Intermediário
0.22715,0.22831,2001-02-02 15:00:00.0,Intermediário
0.22713,0.22829,2001-02-02 15:30:00.0,Intermediário
0.2268,0.22796,2001-02-02 16:00:00.0,Intermediário
0.22634,0.22749,2001-02-02 16:30:00.0,Intermediário
0.22595,0.22721,2001-02-02 17:00:00.0,Fechamento Interbancário
0.22727,0.22772,2001-02-02 18:17:00.0,Fechamento
0.22708,0.22927,2001-02-05 09:37:00.0,Abertura
0.22809,0.22926,2001-02-05 10:00:00.0,Intermediário
0.22797,0.22924,2001-02-05 10:30:00.0,Intermediário
0.22778,0.22894,2001-02-05 11:00:00.0,Intermediário
0.22837,0.22965,2001-02-05 11:30:00.0,Intermediário
0.22811,0.22927,2001-02-05 12:00:00.0,Intermediário
0.22813,0.22929,2001-02-05 12:30:00.0,Intermediário
0.22819,0.22935,2001-02-05 13:00:00.0,Intermediário
0.22791,0.22906,2001-02-05 13:30:00.0,Intermediário
0.22793,0.22909,2001-02-05 14:00:00.0,Intermediário
0.22785,0.22901,2001-02-05 14:30:00.0,Intermediário
0.22813,0.22929,2001-02-05 15:00:00.0,Intermediário
0.22825,0.22952,2001-02-05 15:30:00.0,Intermediário
0.22894,0.23022,2001-02-05 16:00:00.0,Intermediário
0.22935,0.23063,2001-02-05 16:30:00.0,Intermediário
0.2291,0.23026,2001-02-05 17:00:00.0,Fechamento Interbancário
0.22806,0.22851,2001-02-05 18:34:00.0,Fechamento
0.22707,0.22925,2001-02-06 09:36:00.0,Abertura
0.22796,0.22912,2001-02-06 10:00:00.0,Intermediário
0.22782,0.22909,2001-02-06 10:30:00.0,Intermediário
0.22722,0.22849,2001-02-06 11:00:00.0,Intermediário
0.22725,0.22852,2001-02-06 11:30:00.0,Intermediário
0.22748,0.22863,2001-02-06 12:00:00.0,Intermediário
0.22742,0.22858,2001-02-06 12:30:00.0,Intermediário
0.22737,0.22852,2001-02-06 13:00:00.0,Intermediário
0.22732,0.22848,2001-02-06 13:30:00.0,Intermediário
0.22733,0.22849,2001-02-06 14:00:00.0,Intermediário
0.22718,0.22834,2001-02-06 14:30:00.0,Intermediário
0.22677,0.22803,2001-02-06 15:00:00.0,Intermediário
0.22613,0.22739,2001-02-06 15:30:00.0,Intermediário
0.22629,0.22744,2001-02-06 16:00:00.0,Intermediário
0.22695,0.2281,2001-02-06 16:30:00.0,Intermediário
0.227,0.22815,2001-02-06 17:00:00.0,Fechamento Interbancário
0.22669,0.22713,2001-02-06 18:41:00.0,Fechamento
0.22761,0.22979,2001-02-07 09:31:00.0,Abertura
0.22788,0.22915,2001-02-07 10:00:00.0,Intermediário
0.22788,0.22904,2001-02-07 10:30:00.0,Intermediário
0.22783,0.22911,2001-02-07 11:00:00.0,Intermediário
0.22799,0.22915,2001-02-07 11:30:00.0,Intermediário
0.22799,0.22915,2001-02-07 12:00:00.0,Intermediário
0.228,0.22916,2001-02-07 12:30:00.0,Intermediário
0.22793,0.22908,2001-02-07 13:00:00.0,Intermediário
0.22769,0.22884,2001-02-07 13:30:00.0,Intermediário
0.22757,0.22873,2001-02-07 14:00:00.0,Intermediário
0.22795,0.22911,2001-02-07 14:30:00.0,Intermediário
0.22797,0.22925,2001-02-07 15:00:00.0,Intermediário
0.22812,0.2294,2001-02-07 15:30:00.0,Intermediário
0.22854,0.2297,2001-02-07 16:00:00.0,Intermediário
0.22815,0.22931,2001-02-07 16:30:00.0,Intermediário
0.2282,0.22948,2001-02-07 17:00:00.0,Fechamento Interbancário
0.22753,0.22797,2001-02-07 18:18:00.0,Fechamento
0.22498,0.22714,2001-02-08 09:43:00.0,Abertura
0.22479,0.22605,2001-02-08 10:00:00.0,Intermediário
0.2248,0.22605,2001-02-08 10:30:00.0,Intermediário
0.22486,0.22601,2001-02-08 11:00:00.0,Intermediário
0.22445,0.22571,2001-02-08 11:30:00.0,Intermediário
0.2242,0.22545,2001-02-08 12:00:00.0,Intermediário
0.22378,0.22492,2001-02-08 12:30:00.0,Intermediário
0.22346,0.22471,2001-02-08 13:26:00.0,Intermediário
0.22377,0.22502,2001-02-08 13:30:00.0,Intermediário
0.22393,0.22517,2001-02-08 14:00:00.0,Intermediário
0.22393,0.22517,2001-02-08 14:30:00.0,Intermediário
0.22365,0.2249,2001-02-08 15:00:00.0,Intermediário
0.22356,0.22469,2001-02-08 15:30:00.0,Intermediário
0.22373,0.22486,2001-02-08 16:00:00.0,Intermediário
0.22345,0.22459,2001-02-08 16:30:00.0,Intermediário
0.22337,0.22461,2001-02-08 17:00:00.0,Fechamento Interbancário
0.22399,0.22443,2001-02-08 18:35:00.0,Fechamento
0.22274,0.22489,2001-02-09 09:40:00.0,Abertura
0.22376,0.22501,2001-02-09 10:00:00.0,Intermediário
0.22423,0.22537,2001-02-09 10:30:00.0,Intermediário
0.22411,0.22536,2001-02-09 11:00:00.0,Intermediário
0.2241,0.22535,2001-02-09 11:30:00.0,Intermediário
0.2239,0.22504,2001-02-09 12:00:00.0,Intermediário
0.22386,0.22511,2001-02-09 12:30:00.0,Intermediário
0.22381,0.22495,2001-02-09 13:00:00.0,Intermediário
0.22359,0.22473,2001-02-09 13:30:00.0,Intermediário
0.2238,0.22494,2001-02-09 14:00:00.0,Intermediário
0.22432,0.22546,2001-02-09 14:30:00.0,Intermediário
0.2237,0.22495,2001-02-09 15:00:00.0,Intermediário
0.22337,0.22451,2001-02-09 15:30:00.0,Intermediário
0.22322,0.22447,2001-02-09 16:00:00.0,Intermediário
0.22298,0.22422,2001-02-09 16:30:00.0,Intermediário
0.22317,0.22442,2001-02-09 17:00:00.0,Fechamento Interbancário
0.22408,0.22452,2001-02-09 18:13:00.0,Fechamento
0.22324,0.22539,2001-02-12 09:30:00.0,Abertura
0.22353,0.22466,2001-02-12 10:00:00.0,Intermediário
0.22382,0.22496,2001-02-12 10:30:00.0,Intermediário
0.22383,0.22508,2001-02-12 11:00:00.0,Intermediário
0.22391,0.22505,2001-02-12 11:30:00.0,Intermediário
0.22408,0.22522,2001-02-12 12:00:00.0,Intermediário
0.22392,0.22517,2001-02-12 12:30:00.0,Intermediário
0.2236,0.22485,2001-02-12 13:00:00.0,Intermediário
0.22369,0.22495,2001-02-12 13:30:00.0,Intermediário
0.22367,0.22492,2001-02-12 14:00:00.0,Intermediário
0.22334,0.22458,2001-02-12 14:30:00.0,Intermediário
0.22343,0.22456,2001-02-12 15:00:00.0,Intermediário
0.22369,0.22494,2001-02-12 15:30:00.0,Intermediário
0.22373,0.22487,2001-02-12 16:00:00.0,Intermediário
0.22383,0.22508,2001-02-12 16:30:00.0,Intermediário
0.22446,0.22571,2001-02-12 17:00:00.0,Fechamento Interbancário
0.22423,0.22467,2001-02-12 18:21:00.0,Fechamento
0.22282,0.22497,2001-02-13 09:30:00.0,Abertura
0.22336,0.22461,2001-02-13 10:00:00.0,Intermediário
0.22363,0.22488,2001-02-13 10:30:00.0,Intermediário
0.22314,0.22428,2001-02-13 11:00:00.0,Intermediário
0.22282,0.22406,2001-02-13 11:30:00.0,Intermediário
0.22221,0.22345,2001-02-13 12:00:00.0,Intermediário
0.222,0.22312,2001-02-13 12:30:00.0,Intermediário
0.22189,0.22301,2001-02-13 13:00:00.0,Intermediário
0.22175,0.22288,2001-02-13 13:30:00.0,Intermediário
0.2217,0.22283,2001-02-13 14:00:00.0,Intermediário
0.22163,0.22275,2001-02-13 14:30:00.0,Intermediário
0.22158,0.2227,2001-02-13 15:00:00.0,Intermediário
0.22132,0.22244,2001-02-13 15:30:00.0,Intermediário
0.22148,0.22272,2001-02-13 16:00:00.0,Intermediário
0.22153,0.22276,2001-02-13 16:30:00.0,Intermediário
0.22198,0.22311,2001-02-13 17:00:00.0,Fechamento Interbancário
0.22138,0.22182,2001-02-13 18:16:00.0,Fechamento
0.22116,0.22329,2001-02-14 09:33:00.0,Abertura
0.22176,0.22289,2001-02-14 10:00:00.0,Intermediário
0.22196,0.2232,2001-02-14 10:30:00.0,Intermediário
0.22189,0.22301,2001-02-14 11:00:00.0,Intermediário
0.22197,0.22321,2001-02-14 11:30:00.0,Intermediário
0.22221,0.22345,2001-02-14 12:00:00.0,Intermediário
0.22217,0.22341,2001-02-14 12:30:00.0,Intermediário
0.22173,0.22297,2001-02-14 13:00:00.0,Intermediário
0.22146,0.22269,2001-02-14 13:30:00.0,Intermediário
0.22171,0.22295,2001-02-14 14:00:00.0,Intermediário
0.22162,0.22285,2001-02-14 14:30:00.0,Intermediário
0.22208,0.2232,2001-02-14 15:00:00.0,Intermediário
0.22176,0.223,2001-02-14 15:30:00.0,Intermediário
0.22196,0.2232,2001-02-14 16:00:00.0,Intermediário
0.22202,0.22314,2001-02-14 16:30:00.0,Intermediário
0.22162,0.22285,2001-02-14 17:00:00.0,Fechamento Interbancário
0.22181,0.22224,2001-02-14 18:20:00.0,Fechamento
0.21807,0.22018,2001-02-15 09:35:00.0,Abertura
0.21864,0.21986,2001-02-15 10:00:00.0,Intermediário
0.21909,0.2202,2001-02-15 10:30:00.0,Intermediário
0.21862,0.21973,2001-02-15 11:00:00.0,Intermediário
0.21881,0.22003,2001-02-15 11:30:00.0,Intermediário
0.21908,0.22031,2001-02-15 12:00:00.0,Intermediário
0.21912,0.22035,2001-02-15 12:30:00.0,Intermediário
0.21895,0.22017,2001-02-15 13:00:00.0,Intermediário
0.2189,0.22012,2001-02-15 13:30:00.0,Intermediário
0.21843,0.21965,2001-02-15 14:00:00.0,Intermediário
0.21865,0.21987,2001-02-15 14:30:00.0,Intermediário
0.21868,0.21979,2001-02-15 15:11:00.0,Intermediário
0.21907,0.22029,2001-02-15 15:38:00.0,Intermediário
0.21907,0.22029,2001-02-15 16:00:00.0,Intermediário
0.2194,0.22051,2001-02-15 16:30:00.0,Intermediário
0.21951,0.22062,2001-02-15 17:00:00.0,Fechamento Interbancário
0.21833,0.21876,2001-02-15 18:28:00.0,Fechamento
0.22084,0.22296,2001-02-16 09:37:00.0,Abertura
0.22142,0.22265,2001-02-16 10:00:00.0,Intermediário
0.22074,0.22197,2001-02-16 10:39:00.0,Intermediário
0.22087,0.2221,2001-02-16 11:00:00.0,Intermediário
0.2211,0.22234,2001-02-16 11:30:00.0,Intermediário
0.22215,0.22328,2001-02-16 12:00:00.0,Intermediário
0.22242,0.22366,2001-02-16 12:30:00.0,Intermediário
0.22293,0.22406,2001-02-16 13:00:00.0,Intermediário
0.2226,0.22373,2001-02-16 13:30:00.0,Intermediário
0.22259,0.22372,2001-02-16 14:00:00.0,Intermediário
0.22261,0.22374,2001-02-16 14:30:00.0,Intermediário
0.22233,0.22357,2001-02-16 15:00:00.0,Intermediário
0.22256,0.2238,2001-02-16 15:30:00.0,Intermediário
0.22242,0.22366,2001-02-16 16:00:00.0,Intermediário
0.22253,0.22377,2001-02-16 16:30:00.0,Intermediário
0.22253,0.22377,2001-02-16 17:00:00.0,Fechamento Interbancário
0.22226,0.2227,2001-02-16 18:33:00.0,Fechamento
0.22386,0.22601,2001-02-19 09:30:00.0,Abertura
0.22465,0.22579,2001-02-19 10:00:00.0,Intermediário
0.22396,0.22521,2001-02-19 10:30:00.0,Intermediário
0.22433,0.22547,2001-02-19 11:00:00.0,Intermediário
0.22356,0.2248,2001-02-19 11:30:00.0,Intermediário
0.22353,0.22466,2001-02-19 12:00:00.0,Intermediário
0.22381,0.22506,2001-02-19 12:30:00.0,Intermediário
0.22383,0.22508,2001-02-19 13:00:00.0,Intermediário
0.22374,0.22499,2001-02-19 13:30:00.0,Intermediário
0.22337,0.22461,2001-02-19 14:00:00.0,Intermediário
0.22354,0.22479,2001-02-19 14:30:00.0,Intermediário
0.22383,0.22507,2001-02-19 15:00:00.0,Intermediário
0.22418,0.22531,2001-02-19 15:30:00.0,Intermediário
0.224,0.22514,2001-02-19 16:00:00.0,Intermediário
0.22396,0.2251,2001-02-19 16:30:00.0,Intermediário
0.22409,0.22523,2001-02-19 17:00:00.0,Fechamento Interbancário
0.22409,0.22453,2001-02-19 18:17:00.0,Fechamento
0.2203,0.22241,2001-02-20 09:36:00.0,Abertura
0.22091,0.22214,2001-02-20 10:00:00.0,Intermediário
0.22029,0.22151,2001-02-20 10:30:00.0,Intermediário
0.2202,0.22132,2001-02-20 11:07:00.0,Intermediário
0.22037,0.22149,2001-02-20 11:30:00.0,Intermediário
0.22055,0.22167,2001-02-20 12:00:00.0,Intermediário
0.22062,0.22185,2001-02-20 12:30:00.0,Intermediário
0.22128,0.2224,2001-02-20 13:00:00.0,Intermediário
0.22156,0.22268,2001-02-20 13:30:00.0,Intermediário
0.22137,0.22249,2001-02-20 14:00:00.0,Intermediário
0.22149,0.22261,2001-02-20 14:30:00.0,Intermediário
0.22141,0.22253,2001-02-20 15:00:00.0,Intermediário
0.22209,0.22321,2001-02-20 15:30:00.0,Intermediário
0.22208,0.2232,2001-02-20 16:00:00.0,Intermediário
0.22221,0.22345,2001-02-20 16:30:00.0,Intermediário
0.222,0.22323,2001-02-20 17:00:00.0,Fechamento Interbancário
0.22221,0.22265,2001-02-20 18:09:00.0,Fechamento
0.22265,0.22478,2001-02-21 09:22:00.0,Abertura
0.22348,0.22473,2001-02-21 10:00:00.0,Intermediário
0.22388,0.22512,2001-02-21 10:30:00.0,Intermediário
0.22406,0.2253,2001-02-21 11:00:00.0,Intermediário
0.22437,0.2255,2001-02-21 11:30:00.0,Intermediário
0.22356,0.2248,2001-02-21 12:00:00.0,Intermediário
0.22345,0.22458,2001-02-21 12:30:00.0,Intermediário
0.22301,0.22425,2001-02-21 13:00:00.0,Intermediário
0.22223,0.22346,2001-02-21 13:30:00.0,Intermediário
0.22196,0.22319,2001-02-21 14:00:00.0,Intermediário
0.2227,0.22394,2001-02-21 14:30:00.0,Intermediário
0.22368,0.22515,2001-02-21 15:00:00.0,Intermediário
0.22425,0.2255,2001-02-21 15:30:00.0,Intermediário
0.22414,0.22538,2001-02-21 16:00:00.0,Intermediário
0.2255,0.22675,2001-02-21 16:30:00.0,Intermediário
0.22446,0.22571,2001-02-21 17:12:00.0,Fechamento Interbancário
0.22324,0.22367,2001-02-21 18:57:00.0,Fechamento
0.2225,0.22462,2001-02-22 09:24:00.0,Abertura
0.22221,0.22344,2001-02-22 10:06:00.0,Intermediário
0.22237,0.22361,2001-02-22 10:41:00.0,Intermediário
0.22244,0.22368,2001-02-22 11:10:00.0,Intermediário
0.22257,0.22369,2001-02-22 11:38:00.0,Intermediário
0.22304,0.22417,2001-02-22 12:00:00.0,Intermediário
0.22361,0.22474,2001-02-22 12:30:00.0,Intermediário
0.22408,0.22521,2001-02-22 13:00:00.0,Intermediário
0.22386,0.22499,2001-02-22 13:30:00.0,Intermediário
0.22393,0.22506,2001-02-22 14:00:00.0,Intermediário
0.22341,0.22454,2001-02-22 14:30:00.0,Intermediário
0.22352,0.22476,2001-02-22 15:00:00.0,Intermediário
0.22348,0.22461,2001-02-22 15:30:00.0,Intermediário
0.22312,0.22435,2001-02-22 16:00:00.0,Intermediário
0.22374,0.22498,2001-02-22 16:30:00.0,Intermediário
0.22407,0.22531,2001-02-22 17:11:00.0,Fechamento Interbancário
0.22355,0.22398,2001-02-22 18:17:00.0,Fechamento
0.22213,0.22424,2001-02-23 09:26:00.0,Abertura
0.22426,0.22539,2001-02-23 10:00:00.0,Intermediário
0.22429,0.22553,2001-02-23 10:30:00.0,Intermediário
0.22427,0.22552,2001-02-23 11:00:00.0,Intermediário
0.22419,0.22532,2001-02-23 11:30:00.0,Intermediário
0.2241,0.22534,2001-02-23 12:00:00.0,Intermediário
0.22473,0.22598,2001-02-23 12:30:00.0,Intermediário
0.22491,0.22616,2001-02-23 13:00:00.0,Intermediário
0.22546,0.22671,2001-02-23 13:30:00.0,Intermediário
0.22587,0.22712,2001-02-23 14:00:00.0,Intermediário
0.22716,0.22842,2001-02-23 14:35:00.0,Intermediário
0.22713,0.22827,2001-02-23 15:00:00.0,Intermediário
0.22698,0.22812,2001-02-23 15:30:00.0,Intermediário
0.22782,0.22908,2001-02-23 16:00:00.0,Intermediário
0.22694,0.2282,2001-02-23 16:30:00.0,Intermediário
0.22701,0.22816,2001-02-23 17:00:00.0,Fechamento Interbancário
0.22752,0.22796,2001-02-23 18:15:00.0,Fechamento
0.22673,0.22888,2001-02-28 12:30:00.0,Abertura
0.22791,0.22918,2001-02-28 13:00:00.0,Intermediário
0.22862,0.22989,2001-02-28 13:30:00.0,Intermediário
0.22846,0.22962,2001-02-28 14:00:00.0,Intermediário
0.22893,0.2302,2001-02-28 14:30:00.0,Intermediário
0.22896,0.23012,2001-02-28 15:00:00.0,Intermediário
0.22918,0.23034,2001-02-28 15:30:00.0,Intermediário
0.22883,0.22999,2001-02-28 16:19:00.0,Intermediário
0.2287,0.22997,2001-02-28 16:41:00.0,Intermediário
0.22891,0.23018,2001-02-28 16:46:00.0,Intermediário
0.22912,0.23039,2001-02-28 16:47:00.0,Intermediário
0.22888,0.23015,2001-02-28 17:00:00.0,Fechamento Interbancário
0.22909,0.22954,2001-02-28 18:15:00.0,Fechamento
0.22922,0.23139,2001-03-01 09:43:00.0,Abertura
0.22951,0.23067,2001-03-01 10:00:00.0,Intermediário
0.22997,0.23125,2001-03-01 10:30:00.0,Intermediário
0.23011,0.23128,2001-03-01 11:09:00.0,Intermediário
0.22971,0.23087,2001-03-01 11:30:00.0,Intermediário
0.23022,0.23138,2001-03-01 12:00:00.0,Intermediário
0.22946,0.23062,2001-03-01 12:30:00.0,Intermediário
0.23019,0.23147,2001-03-01 13:00:00.0,Intermediário
0.22997,0.23125,2001-03-01 13:30:00.0,Intermediário
0.22989,0.23117,2001-03-01 14:00:00.0,Intermediário
0.23034,0.23162,2001-03-01 14:30:00.0,Intermediário
0.23064,0.23192,2001-03-01 15:00:00.0,Intermediário
0.23079,0.23207,2001-03-01 15:30:00.0,Intermediário
0.2306,0.23188,2001-03-01 16:00:00.0,Intermediário
0.23072,0.23201,2001-03-01 16:30:00.0,Intermediário
0.23027,0.23144,2001-03-01 17:00:00.0,Fechamento Interbancário
0.23042,0.23088,2001-03-01 18:21:00.0,Fechamento
0.2316,0.2338,2001-03-02 09:35:00.0,Abertura
0.23192,0.23321,2001-03-02 10:00:00.0,Intermediário
0.23207,0.23336,2001-03-02 10:30:00.0,Intermediário
0.23208,0.23326,2001-03-02 11:00:00.0,Intermediário
0.23187,0.23316,2001-03-02 11:30:00.0,Intermediário
0.23183,0.23312,2001-03-02 12:00:00.0,Intermediário
0.23148,0.23276,2001-03-02 12:30:00.0,Intermediário
0.23095,0.23223,2001-03-02 13:00:00.0,Intermediário
0.23082,0.2321,2001-03-02 13:30:00.0,Intermediário
0.23077,0.23206,2001-03-02 14:00:00.0,Intermediário
0.22995,0.23123,2001-03-02 14:30:00.0,Intermediário
0.22999,0.23127,2001-03-02 15:00:00.0,Intermediário
0.22907,0.23034,2001-03-02 15:30:00.0,Intermediário
0.22951,0.23068,2001-03-02 16:00:00.0,Intermediário
0.22976,0.23104,2001-03-02 16:30:00.0,Intermediário
0.22985,0.23113,2001-03-02 17:00:00.0,Fechamento Interbancário
0.23101,0.23146,2001-03-02 18:15:00.0,Fechamento
0.22741,0.22959,2001-03-05 09:43:00.0,Abertura
0.22806,0.22933,2001-03-05 10:00:00.0,Intermediário
0.22817,0.22933,2001-03-05 10:30:00.0,Intermediário
0.22837,0.22953,2001-03-05 11:00:00.0,Intermediário
0.22842,0.22969,2001-03-05 11:30:00.0,Intermediário
0.22806,0.22933,2001-03-05 12:00:00.0,Intermediário
0.22763,0.22879,2001-03-05 12:30:00.0,Intermediário
0.22769,0.22884,2001-03-05 13:00:00.0,Intermediário
0.22793,0.2292,2001-03-05 13:30:00.0,Intermediário
0.22775,0.22902,2001-03-05 14:00:00.0,Intermediário
0.22795,0.22922,2001-03-05 14:30:00.0,Intermediário
0.22788,0.22915,2001-03-05 15:00:00.0,Intermediário
0.22749,0.22876,2001-03-05 15:30:00.0,Intermediário
0.22756,0.22872,2001-03-05 16:00:00.0,Intermediário
0.22775,0.22902,2001-03-05 16:30:00.0,Intermediário
0.22802,0.22929,2001-03-05 17:00:00.0,Fechamento Interbancário
0.22822,0.22867,2001-03-05 18:24:00.0,Fechamento
0.2265,0.22867,2001-03-06 09:31:00.0,Abertura
0.227,0.22815,2001-03-06 10:00:00.0,Intermediário
0.22684,0.22799,2001-03-06 10:30:00.0,Intermediário
0.22711,0.22826,2001-03-06 11:00:00.0,Intermediário
0.2274,0.22867,2001-03-06 11:30:00.0,Intermediário
0.22742,0.22869,2001-03-06 12:00:00.0,Intermediário
0.22817,0.22944,2001-03-06 12:30:00.0,Intermediário
0.22828,0.22955,2001-03-06 13:00:00.0,Intermediário
0.22838,0.22965,2001-03-06 13:30:00.0,Intermediário
0.2286,0.22987,2001-03-06 14:00:00.0,Intermediário
0.22925,0.23053,2001-03-06 14:30:00.0,Intermediário
0.22933,0.23049,2001-03-06 15:00:00.0,Intermediário
0.22973,0.2309,2001-03-06 15:30:00.0,Intermediário
0.22992,0.2312,2001-03-06 16:00:00.0,Intermediário
0.23086,0.23214,2001-03-06 16:30:00.0,Intermediário
0.23095,0.23212,2001-03-06 17:00:00.0,Fechamento Interbancário
0.22968,0.23013,2001-03-06 18:11:00.0,Fechamento
0.22996,0.23215,2001-03-07 09:37:00.0,Abertura
0.23016,0.23144,2001-03-07 10:00:00.0,Intermediário
0.23024,0.23152,2001-03-07 10:30:00.0,Intermediário
0.23065,0.23182,2001-03-07 11:00:00.0,Intermediário
0.23022,0.23139,2001-03-07 11:30:00.0,Intermediário
0.22979,0.23095,2001-03-07 12:00:00.0,Intermediário
0.22984,0.23112,2001-03-07 12:30:00.0,Intermediário
0.23047,0.23175,2001-03-07 13:00:00.0,Intermediário
0.23068,0.23185,2001-03-07 13:30:00.0,Intermediário
0.23045,0.23162,2001-03-07 14:00:00.0,Intermediário
0.23047,0.23164,2001-03-07 14:30:00.0,Intermediário
0.23027,0.23155,2001-03-07 15:00:00.0,Intermediário
0.22975,0.23103,2001-03-07 15:30:00.0,Intermediário
0.23048,0.23176,2001-03-07 16:00:00.0,Intermediário
0.23024,0.23152,2001-03-07 16:30:00.0,Intermediário
0.23006,0.23134,2001-03-07 17:00:00.0,Fechamento Interbancário
0.23035,0.2308,2001-03-07 18:36:00.0,Fechamento
0.22991,0.2321,2001-03-08 09:41:00.0,Abertura
0.23028,0.23145,2001-03-08 10:00:00.0,Intermediário
0.23015,0.23131,2001-03-08 10:30:00.0,Intermediário
0.23042,0.23171,2001-03-08 11:00:00.0,Intermediário
0.23044,0.23172,2001-03-08 11:30:00.0,Intermediário
0.23013,0.2313,2001-03-08 12:00:00.0,Intermediário
0.23041,0.23158,2001-03-08 12:30:00.0,Intermediário
0.2308,0.23209,2001-03-08 13:00:00.0,Intermediário
0.22998,0.23126,2001-03-08 13:30:00.0,Intermediário
0.22961,0.23089,2001-03-08 14:00:00.0,Intermediário
0.23022,0.2315,2001-03-08 14:30:00.0,Intermediário
0.23178,0.23307,2001-03-08 15:00:00.0,Intermediário
0.23192,0.23321,2001-03-08 15:30:00.0,Intermediário
0.23261,0.23402,2001-03-08 16:00:00.0,Intermediário
0.23216,0.23345,2001-03-08 16:30:00.0,Intermediário
0.23231,0.2336,2001-03-08 17:00:00.0,Fechamento Interbancário
0.23126,0.23171,2001-03-08 18:17:00.0,Fechamento
0.23354,0.23575,2001-03-09 09:31:00.0,Abertura
0.23425,0.23555,2001-03-09 10:00:00.0,Intermediário
0.23408,0.23538,2001-03-09 10:30:00.0,Intermediário
0.23359,0.23489,2001-03-09 11:04:00.0,Intermediário
0.23309,0.23438,2001-03-09 11:30:00.0,Intermediário
0.23334,0.23464,2001-03-09 12:00:00.0,Intermediário
0.2333,0.23448,2001-03-09 12:30:00.0,Intermediário
0.23289,0.23418,2001-03-09 13:00:00.0,Intermediário
0.2331,0.2344,2001-03-09 13:30:00.0,Intermediário
0.23303,0.23432,2001-03-09 14:00:00.0,Intermediário
0.23309,0.23439,2001-03-09 14:30:00.0,Intermediário
0.23248,0.23378,2001-03-09 15:00:00.0,Intermediário
0.23183,0.23311,2001-03-09 15:41:00.0,Intermediário
0.23137,0.23266,2001-03-09 16:00:00.0,Intermediário
0.23182,0.23311,2001-03-09 16:30:00.0,Intermediário
0.23192,0.23321,2001-03-09 17:00:00.0,Fechamento Interbancário
0.23362,0.23407,2001-03-09 18:50:00.0,Fechamento
0.22988,0.23206,2001-03-12 09:42:00.0,Abertura
0.22988,0.23206,2001-03-12 09:52:00.0,Intermediário
0.23083,0.232,2001-03-12 10:00:00.0,Intermediário
0.23088,0.23216,2001-03-12 10:30:00.0,Intermediário
0.231,0.23228,2001-03-12 11:00:00.0,Intermediário
0.23158,0.23275,2001-03-12 11:30:00.0,Intermediário
0.23148,0.23265,2001-03-12 12:00:00.0,Intermediário
0.23165,0.23282,2001-03-12 12:30:00.0,Intermediário
0.23251,0.23381,2001-03-12 13:00:00.0,Intermediário
0.2328,0.23409,2001-03-12 13:30:00.0,Intermediário
0.23263,0.23392,2001-03-12 14:00:00.0,Intermediário
0.23251,0.2338,2001-03-12 14:30:00.0,Intermediário
0.23183,0.23323,2001-03-12 15:00:00.0,Intermediário
0.23118,0.23246,2001-03-12 15:30:00.0,Intermediário
0.23177,0.23305,2001-03-12 16:00:00.0,Intermediário
0.23139,0.23268,2001-03-12 16:30:00.0,Intermediário
0.23166,0.23295,2001-03-12 17:00:00.0,Fechamento Interbancário
0.23219,0.23265,2001-03-12 18:15:00.0,Fechamento
0.22988,0.23205,2001-03-13 09:37:00.0,Abertura
0.23016,0.23133,2001-03-13 10:00:00.0,Intermediário
0.23013,0.23141,2001-03-13 10:30:00.0,Intermediário
0.22997,0.23113,2001-03-13 11:00:00.0,Intermediário
0.23071,0.23187,2001-03-13 11:30:00.0,Intermediário
0.23047,0.23175,2001-03-13 12:00:00.0,Intermediário
0.2294,0.23067,2001-03-13 12:30:00.0,Intermediário
0.22927,0.23054,2001-03-13 13:00:00.0,Intermediário
0.22889,0.23016,2001-03-13 13:30:00.0,Intermediário
0.22857,0.22984,2001-03-13 14:00:00.0,Intermediário
0.2283,0.22956,2001-03-13 14:30:00.0,Intermediário
0.22871,0.22987,2001-03-13 15:00:00.0,Intermediário
0.22901,0.23028,2001-03-13 15:30:00.0,Intermediário
0.22912,0.23039,2001-03-13 16:00:00.0,Intermediário
0.22865,0.22991,2001-03-13 16:30:00.0,Intermediário
0.22876,0.23002,2001-03-13 17:00:00.0,Fechamento Interbancário
0.22916,0.22961,2001-03-13 18:10:00.0,Fechamento
0.2311,0.23328,2001-03-14 09:40:00.0,Abertura
0.23169,0.23286,2001-03-14 10:00:00.0,Intermediário
0.23122,0.23239,2001-03-14 10:39:00.0,Intermediário
0.23202,0.2333,2001-03-14 11:00:00.0,Intermediário
0.2315,0.23278,2001-03-14 11:30:00.0,Intermediário
0.23065,0.23182,2001-03-14 12:00:00.0,Intermediário
0.23002,0.23129,2001-03-14 12:30:00.0,Intermediário
0.23021,0.23149,2001-03-14 13:00:00.0,Intermediário
0.2307,0.23198,2001-03-14 13:30:00.0,Intermediário
0.23072,0.232,2001-03-14 14:00:00.0,Intermediário
0.23027,0.23155,2001-03-14 14:30:00.0,Intermediário
0.23026,0.23142,2001-03-14 15:00:00.0,Intermediário
0.23029,0.23145,2001-03-14 15:30:00.0,Intermediário
0.22998,0.23114,2001-03-14 16:00:00.0,Intermediário
0.23017,0.23144,2001-03-14 16:30:00.0,Intermediário
0.23012,0.2314,2001-03-14 17:00:00.0,Fechamento Interbancário
0.23077,0.23122,2001-03-14 18:16:00.0,Fechamento
0.22838,0.23053,2001-03-15 09:42:00.0,Abertura
0.22924,0.23051,2001-03-15 10:00:00.0,Intermediário
0.23045,0.23172,2001-03-15 10:40:00.0,Intermediário
0.23049,0.23176,2001-03-15 11:00:00.0,Intermediário
0.23017,0.23133,2001-03-15 11:30:00.0,Intermediário
0.23035,0.23162,2001-03-15 12:00:00.0,Intermediário
0.23066,0.23194,2001-03-15 12:30:00.0,Intermediário
0.23128,0.23256,2001-03-15 13:00:00.0,Intermediário
0.23128,0.23289,2001-03-15 13:30:00.0,Intermediário
0.23114,0.23275,2001-03-15 14:00:00.0,Intermediário
0.23157,0.23285,2001-03-15 14:30:00.0,Intermediário
0.23128,0.23244,2001-03-15 15:00:00.0,Intermediário
0.22805,0.22931,2001-03-15 15:32:00.0,Intermediário
0.22851,0.22977,2001-03-15 16:00:00.0,Intermediário
0.23039,0.23155,2001-03-15 16:30:00.0,Intermediário
0.23011,0.23127,2001-03-15 17:00:00.0,Fechamento Interbancário
0.2286,0.22904,2001-03-15 18:39:00.0,Fechamento
0.23111,0.23326,2001-03-16 09:36:00.0,Abertura
0.23193,0.23365,2001-03-16 10:00:00.0,Intermediário
0.23196,0.23324,2001-03-16 10:30:00.0,Intermediário
0.23162,0.2329,2001-03-16 11:00:00.0,Intermediário
0.23134,0.23273,2001-03-16 11:30:00.0,Intermediário
0.23235,0.23363,2001-03-16 12:00:00.0,Intermediário
0.23327,0.23488,2001-03-16 12:30:00.0,Intermediário
0.23429,0.23591,2001-03-16 13:00:00.0,Intermediário
0.23338,0.23499,2001-03-16 13:30:00.0,Intermediário
0.23325,0.23486,2001-03-16 14:00:00.0,Intermediário
0.23343,0.23505,2001-03-16 14:30:00.0,Intermediário
0.23228,0.23367,2001-03-16 15:00:00.0,Intermediário
0.23323,0.23451,2001-03-16 15:30:00.0,Intermediário
0.23263,0.23402,2001-03-16 16:00:00.0,Intermediário
0.23281,0.23409,2001-03-16 16:58:00.0,Intermediário
0.23271,0.23399,2001-03-16 17:23:00.0,Fechamento Interbancário
0.23293,0.23338,2001-03-16 18:25:00.0,Fechamento
0.23366,0.23583,2001-03-19 09:50:00.0,Abertura
0.23451,0.23591,2001-03-19 10:14:00.0,Intermediário
0.235,0.23641,2001-03-19 10:30:00.0,Intermediário
0.23511,0.2364,2001-03-19 11:00:00.0,Intermediário
0.23567,0.23707,2001-03-19 11:30:00.0,Intermediário
0.23675,0.23838,2001-03-19 12:00:00.0,Intermediário
0.2368,0.23799,2001-03-19 12:30:00.0,Intermediário
0.23971,0.24124,2001-03-19 13:00:00.0,Intermediário
0.24013,0.24145,2001-03-19 13:30:00.0,Intermediário
0.23553,0.23683,2001-03-19 14:00:00.0,Intermediário
0.2366,0.23824,2001-03-19 14:30:00.0,Intermediário
0.2366,0.23812,2001-03-19 15:00:00.0,Intermediário
0.23588,0.23707,2001-03-19 15:30:00.0,Intermediário
0.23495,0.23613,2001-03-19 16:00:00.0,Intermediário
0.23294,0.23433,2001-03-19 16:30:00.0,Intermediário
0.23377,0.23506,2001-03-19 17:00:00.0,Fechamento Interbancário
0.23521,0.23567,2001-03-19 18:26:00.0,Fechamento
0.23402,0.2362,2001-03-20 09:36:00.0,Abertura
0.23369,0.23509,2001-03-20 10:00:00.0,Intermediário
0.23456,0.23585,2001-03-20 10:30:00.0,Intermediário
0.23418,0.23548,2001-03-20 11:00:00.0,Intermediário
0.23355,0.23495,2001-03-20 11:30:00.0,Intermediário
0.23315,0.23444,2001-03-20 12:00:00.0,Intermediário
0.23308,0.23437,2001-03-20 12:30:00.0,Intermediário
0.23267,0.23406,2001-03-20 13:00:00.0,Intermediário
0.23274,0.23414,2001-03-20 13:30:00.0,Intermediário
0.23305,0.23445,2001-03-20 14:00:00.0,Intermediário
0.2329,0.2343,2001-03-20 14:30:00.0,Intermediário
0.23133,0.23261,2001-03-20 15:00:00.0,Intermediário
0.23229,0.23357,2001-03-20 15:30:00.0,Intermediário
0.23159,0.23287,2001-03-20 16:00:00.0,Intermediário
0.23049,0.23176,2001-03-20 16:30:00.0,Intermediário
0.23201,0.23329,2001-03-20 17:04:00.0,Fechamento Interbancário
0.23334,0.23379,2001-03-20 18:10:00.0,Fechamento
0.23026,0.23242,2001-03-21 09:37:00.0,Abertura
0.23208,0.23336,2001-03-21 10:00:00.0,Intermediário
0.23245,0.23362,2001-03-21 10:30:00.0,Intermediário
0.2313,0.23258,2001-03-21 11:00:00.0,Intermediário
0.23105,0.23222,2001-03-21 11:30:00.0,Intermediário
0.23091,0.23218,2001-03-21 12:00:00.0,Intermediário
0.23052,0.23179,2001-03-21 12:30:00.0,Intermediário
0.23148,0.23275,2001-03-21 13:00:00.0,Intermediário
0.23169,0.23297,2001-03-21 13:30:00.0,Intermediário
0.23153,0.2328,2001-03-21 14:00:00.0,Intermediário
0.23109,0.23237,2001-03-21 14:30:00.0,Intermediário
0.23119,0.23235,2001-03-21 15:00:00.0,Intermediário
0.2329,0.23452,2001-03-21 15:30:00.0,Intermediário
0.23319,0.23458,2001-03-21 16:00:00.0,Intermediário
0.23338,0.23467,2001-03-21 16:30:00.0,Intermediário
0.2334,0.23468,2001-03-21 17:00:00.0,Fechamento Interbancário
0.23126,0.23171,2001-03-21 18:14:00.0,Fechamento
0.23291,0.23507,2001-03-22 09:32:00.0,Abertura
0.23397,0.23548,2001-03-22 10:00:00.0,Intermediário
0.23383,0.23511,2001-03-22 10:30:00.0,Intermediário
0.23339,0.23468,2001-03-22 11:00:00.0,Intermediário
0.23367,0.23495,2001-03-22 11:30:00.0,Intermediário
0.23383,0.23512,2001-03-22 12:00:00.0,Intermediário
0.23405,0.23533,2001-03-22 12:30:00.0,Intermediário
0.23332,0.2346,2001-03-22 13:00:00.0,Intermediário
0.23333,0.23461,2001-03-22 13:30:00.0,Intermediário
0.23403,0.23532,2001-03-22 14:00:00.0,Intermediário
0.23413,0.23541,2001-03-22 14:30:00.0,Intermediário
0.23492,0.23621,2001-03-22 15:00:00.0,Intermediário
0.23604,0.23722,2001-03-22 15:30:00.0,Intermediário
0.23511,0.2364,2001-03-22 16:00:00.0,Intermediário
0.23571,0.23701,2001-03-22 16:30:00.0,Intermediário
0.23609,0.23739,2001-03-22 17:00:00.0,Fechamento Interbancário
0.23443,0.23488,2001-03-22 18:35:00.0,Fechamento
0.23661,0.2388,2001-03-23 09:41:00.0,Abertura
0.23783,0.23913,2001-03-23 10:00:00.0,Intermediário
0.23794,0.23925,2001-03-23 10:30:00.0,Intermediário
0.2377,0.239,2001-03-23 11:00:00.0,Intermediário
0.23796,0.23926,2001-03-23 11:30:00.0,Intermediário
0.238,0.23952,2001-03-23 12:00:00.0,Intermediário
0.23859,0.24012,2001-03-23 12:30:00.0,Intermediário
0.23949,0.2408,2001-03-23 13:00:00.0,Intermediário
0.23891,0.24045,2001-03-23 13:30:00.0,Intermediário
0.23915,0.24068,2001-03-23 14:00:00.0,Intermediário
0.23898,0.24052,2001-03-23 14:30:00.0,Intermediário
0.23755,0.23886,2001-03-23 15:00:00.0,Intermediário
0.23721,0.23851,2001-03-23 15:30:00.0,Intermediário
0.23685,0.23815,2001-03-23 16:00:00.0,Intermediário
0.23877,0.24008,2001-03-23 16:30:00.0,Intermediário
0.23818,0.2396,2001-03-23 17:00:00.0,Fechamento Interbancário
0.23704,0.2375,2001-03-23 18:28:00.0,Fechamento
0.23683,0.23902,2001-03-26 09:41:00.0,Abertura
0.23588,0.23739,2001-03-26 10:00:00.0,Intermediário
0.23638,0.23768,2001-03-26 10:30:00.0,Intermediário
0.23669,0.23799,2001-03-26 11:00:00.0,Intermediário
0.23609,0.23739,2001-03-26 11:30:00.0,Intermediário
0.2353,0.23671,2001-03-26 12:00:00.0,Intermediário
0.23512,0.23641,2001-03-26 12:30:00.0,Intermediário
0.23533,0.23663,2001-03-26 13:00:00.0,Intermediário
0.23528,0.23657,2001-03-26 13:30:00.0,Intermediário
0.23521,0.2365,2001-03-26 14:00:00.0,Intermediário
0.23506,0.23635,2001-03-26 14:30:00.0,Intermediário
0.23498,0.23627,2001-03-26 15:00:00.0,Intermediário
0.23535,0.23664,2001-03-26 15:30:00.0,Intermediário
0.23573,0.23703,2001-03-26 16:00:00.0,Intermediário
0.23525,0.23654,2001-03-26 16:30:00.0,Intermediário
0.23557,0.23687,2001-03-26 17:00:00.0,Fechamento Interbancário
0.23615,0.2366,2001-03-26 18:09:00.0,Fechamento
0.23366,0.23584,2001-03-27 09:35:00.0,Abertura
0.23405,0.23534,2001-03-27 10:00:00.0,Intermediário
0.23447,0.23576,2001-03-27 10:30:00.0,Intermediário
0.23478,0.23608,2001-03-27 11:00:00.0,Intermediário
0.2348,0.23609,2001-03-27 11:30:00.0,Intermediário
0.23474,0.23603,2001-03-27 12:00:00.0,Intermediário
0.23357,0.23486,2001-03-27 12:42:00.0,Intermediário
0.23324,0.23442,2001-03-27 13:00:00.0,Intermediário
0.23277,0.23394,2001-03-27 13:30:00.0,Intermediário
0.23263,0.2338,2001-03-27 14:00:00.0,Intermediário
0.23284,0.23401,2001-03-27 14:30:00.0,Intermediário
0.23352,0.23469,2001-03-27 15:00:00.0,Intermediário
0.23322,0.23439,2001-03-27 15:30:00.0,Intermediário
0.23302,0.2343,2001-03-27 16:00:00.0,Intermediário
0.23389,0.23518,2001-03-27 16:30:00.0,Intermediário
0.23392,0.2351,2001-03-27 17:00:00.0,Fechamento Interbancário
0.23434,0.2348,2001-03-27 18:42:00.0,Fechamento
0.23155,0.23371,2001-03-28 09:43:00.0,Abertura
0.2319,0.23318,2001-03-28 10:00:00.0,Intermediário
0.23152,0.2328,2001-03-28 10:30:00.0,Intermediário
0.23154,0.23271,2001-03-28 11:00:00.0,Intermediário
0.23173,0.23301,2001-03-28 11:30:00.0,Intermediário
0.23242,0.2337,2001-03-28 12:00:00.0,Intermediário
0.23177,0.23305,2001-03-28 12:48:00.0,Intermediário
0.23251,0.23379,2001-03-28 13:00:00.0,Intermediário
0.23241,0.23369,2001-03-28 13:30:00.0,Intermediário
0.23227,0.23355,2001-03-28 14:00:00.0,Intermediário
0.23211,0.23339,2001-03-28 14:30:00.0,Intermediário
0.23223,0.23351,2001-03-28 15:00:00.0,Intermediário
0.23203,0.2332,2001-03-28 15:30:00.0,Intermediário
0.23198,0.23326,2001-03-28 16:00:00.0,Intermediário
0.23241,0.23358,2001-03-28 16:30:00.0,Intermediário
0.23189,0.23317,2001-03-28 17:00:00.0,Fechamento Interbancário
0.23116,0.2316,2001-03-28 18:13:00.0,Fechamento
0.2322,0.23436,2001-03-29 09:29:00.0,Abertura
0.2339,0.23508,2001-03-29 10:00:00.0,Intermediário
0.23384,0.23502,2001-03-29 10:30:00.0,Intermediário
0.23365,0.23493,2001-03-29 11:00:00.0,Intermediário
0.2344,0.23557,2001-03-29 11:30:00.0,Intermediário
0.23402,0.23531,2001-03-29 12:00:00.0,Intermediário
0.2337,0.23498,2001-03-29 12:41:00.0,Intermediário
0.23411,0.23529,2001-03-29 13:00:00.0,Intermediário
0.23431,0.2356,2001-03-29 13:30:00.0,Intermediário
0.23387,0.23516,2001-03-29 14:00:00.0,Intermediário
0.23454,0.23583,2001-03-29 14:30:00.0,Intermediário
0.23455,0.23584,2001-03-29 15:00:00.0,Intermediário
0.23513,0.23653,2001-03-29 15:30:00.0,Intermediário
0.23565,0.23694,2001-03-29 16:00:00.0,Intermediário
0.23636,0.23766,2001-03-29 16:30:00.0,Intermediário
0.23629,0.23759,2001-03-29 17:00:00.0,Fechamento Interbancário
0.23509,0.23554,2001-03-29 18:12:00.0,Fechamento
0.23484,0.23701,2001-03-30 09:34:00.0,Abertura
0.23533,0.23673,2001-03-30 10:00:00.0,Intermediário
0.23613,0.23743,2001-03-30 10:30:00.0,Intermediário
0.23713,0.23832,2001-03-30 11:00:00.0,Intermediário
0.23682,0.23801,2001-03-30 11:30:00.0,Intermediário
0.23755,0.23886,2001-03-30 12:00:00.0,Intermediário
0.23744,0.23875,2001-03-30 12:41:00.0,Intermediário
0.23637,0.23767,2001-03-30 13:24:00.0,Intermediário
0.23642,0.23771,2001-03-30 13:30:00.0,Intermediário
0.23647,0.23776,2001-03-30 14:00:00.0,Intermediário
0.2361,0.2374,2001-03-30 14:30:00.0,Intermediário
0.23615,0.23745,2001-03-30 15:00:00.0,Intermediário
0.23571,0.237,2001-03-30 15:30:00.0,Intermediário
0.23501,0.23629,2001-03-30 16:00:00.0,Intermediário
0.23394,0.23523,2001-03-30 16:30:00.0,Intermediário
0.23454,0.23572,2001-03-30 17:00:00.0,Fechamento Interbancário
0.23523,0.23568,2001-03-30 18:17:00.0,Fechamento
0.23415,0.23631,2001-04-02 09:54:00.0,Abertura
0.23492,0.23631,2001-04-02 10:00:00.0,Intermediário
0.23418,0.23546,2001-04-02 10:30:00.0,Intermediário
0.23457,0.23585,2001-04-02 11:00:00.0,Intermediário
0.23513,0.23642,2001-04-02 11:30:00.0,Intermediário
0.23499,0.23627,2001-04-02 12:00:00.0,Intermediário
0.23455,0.23584,2001-04-02 12:30:00.0,Intermediário
0.2349,0.23619,2001-04-02 13:00:00.0,Intermediário
0.23489,0.23618,2001-04-02 13:30:00.0,Intermediário
0.23431,0.2356,2001-04-02 14:00:00.0,Intermediário
0.23451,0.2358,2001-04-02 14:30:00.0,Intermediário
0.2357,0.23699,2001-04-02 15:00:00.0,Intermediário
0.23595,0.23725,2001-04-02 15:30:00.0,Intermediário
0.23538,0.23667,2001-04-02 16:00:00.0,Intermediário
0.23515,0.23655,2001-04-02 16:30:00.0,Intermediário
0.23538,0.23667,2001-04-02 17:00:00.0,Fechamento Interbancário
0.23492,0.23537,2001-04-02 18:15:00.0,Fechamento
0.23689,0.23907,2001-04-03 09:41:00.0,Abertura
0.23751,0.23881,2001-04-03 10:00:00.0,Intermediário
0.23727,0.23857,2001-04-03 10:30:00.0,Intermediário
0.23741,0.2386,2001-04-03 11:00:00.0,Intermediário
0.23704,0.23834,2001-04-03 11:30:00.0,Intermediário
0.23693,0.23812,2001-04-03 12:00:00.0,Intermediário
0.23791,0.23921,2001-04-03 12:34:00.0,Intermediário
0.2379,0.2392,2001-04-03 13:00:00.0,Intermediário
0.23769,0.23899,2001-04-03 13:30:00.0,Intermediário
0.23788,0.23918,2001-04-03 14:00:00.0,Intermediário
0.2381,0.23941,2001-04-03 14:30:00.0,Intermediário
0.23768,0.23899,2001-04-03 15:00:00.0,Intermediário
0.2381,0.2394,2001-04-03 15:30:00.0,Intermediário
0.23866,0.23997,2001-04-03 16:00:00.0,Intermediário
0.23904,0.24036,2001-04-03 16:30:00.0,Intermediário
0.23925,0.24056,2001-04-03 17:00:00.0,Fechamento Interbancário
0.23935,0.23981,2001-04-03 18:37:00.0,Fechamento
0.23722,0.23941,2001-04-04 09:49:00.0,Abertura
0.23797,0.23927,2001-04-04 10:00:00.0,Intermediário
0.23816,0.23946,2001-04-04 10:30:00.0,Intermediário
0.2385,0.23981,2001-04-04 11:00:00.0,Intermediário
0.23808,0.23928,2001-04-04 11:30:00.0,Intermediário
0.23852,0.23972,2001-04-04 12:00:00.0,Intermediário
0.23757,0.23887,2001-04-04 12:30:00.0,Intermediário
0.2377,0.23901,2001-04-04 13:00:00.0,Intermediário
0.23745,0.23875,2001-04-04 13:30:00.0,Intermediário
0.23746,0.23877,2001-04-04 14:00:00.0,Intermediário
0.23793,0.23923,2001-04-04 14:30:00.0,Intermediário
0.23845,0.23965,2001-04-04 15:00:00.0,Intermediário
0.23814,0.23933,2001-04-04 15:30:00.0,Intermediário
0.23858,0.23989,2001-04-04 16:00:00.0,Intermediário
0.23888,0.2403,2001-04-04 16:30:00.0,Intermediário
0.23885,0.24016,2001-04-04 17:00:00.0,Fechamento Interbancário
0.23764,0.2381,2001-04-04 18:11:00.0,Fechamento
0.23743,0.23962,2001-04-05 09:44:00.0,Abertura
0.23795,0.23925,2001-04-05 10:00:00.0,Intermediário
0.2381,0.2394,2001-04-05 10:30:00.0,Intermediário
0.23807,0.23938,2001-04-05 11:00:00.0,Intermediário
0.23854,0.23985,2001-04-05 11:30:00.0,Intermediário
0.23826,0.23957,2001-04-05 12:00:00.0,Intermediário
0.23848,0.23979,2001-04-05 12:30:00.0,Intermediário
0.23845,0.23965,2001-04-05 13:00:00.0,Intermediário
0.23832,0.23952,2001-04-05 13:30:00.0,Intermediário
0.23833,0.23952,2001-04-05 14:00:00.0,Intermediário
0.2382,0.2394,2001-04-05 14:30:00.0,Intermediário
0.23762,0.23893,2001-04-05 15:00:00.0,Intermediário
0.23706,0.23836,2001-04-05 15:30:00.0,Intermediário
0.23633,0.23763,2001-04-05 16:00:00.0,Intermediário
0.23646,0.23776,2001-04-05 16:30:00.0,Intermediário
0.2363,0.2376,2001-04-05 17:00:00.0,Fechamento Interbancário
0.2374,0.23785,2001-04-05 18:14:00.0,Fechamento
0.23622,0.2384,2001-04-06 09:47:00.0,Abertura
0.23729,0.23849,2001-04-06 10:00:00.0,Intermediário
0.23717,0.23847,2001-04-06 10:30:00.0,Intermediário
0.23737,0.23868,2001-04-06 11:00:00.0,Intermediário
0.23816,0.23935,2001-04-06 11:30:00.0,Intermediário
0.23787,0.23918,2001-04-06 12:00:00.0,Intermediário
0.23717,0.23847,2001-04-06 12:30:00.0,Intermediário
0.23687,0.23817,2001-04-06 13:00:00.0,Intermediário
0.23792,0.23922,2001-04-06 13:30:00.0,Intermediário
0.2379,0.23921,2001-04-06 14:00:00.0,Intermediário
0.23806,0.23937,2001-04-06 14:30:00.0,Intermediário
0.23819,0.2395,2001-04-06 15:00:00.0,Intermediário
0.23855,0.23986,2001-04-06 15:30:00.0,Intermediário
0.23967,0.24099,2001-04-06 16:00:00.0,Intermediário
0.23992,0.24124,2001-04-06 16:30:00.0,Intermediário
0.24026,0.24158,2001-04-06 17:00:00.0,Fechamento Interbancário
0.23893,0.23939,2001-04-06 18:31:00.0,Fechamento
0.23874,0.24093,2001-04-09 09:43:00.0,Abertura
0.23923,0.24055,2001-04-09 10:00:00.0,Intermediário
0.23912,0.24032,2001-04-09 10:30:00.0,Intermediário
0.23921,0.24053,2001-04-09 11:00:00.0,Intermediário
0.23909,0.24041,2001-04-09 11:30:00.0,Intermediário
0.23956,0.24088,2001-04-09 12:00:00.0,Intermediário
0.23939,0.24059,2001-04-09 12:30:00.0,Intermediário
0.23928,0.2406,2001-04-09 13:00:00.0,Intermediário
0.23938,0.2407,2001-04-09 13:30:00.0,Intermediário
0.23935,0.24066,2001-04-09 14:00:00.0,Intermediário
0.23935,0.24067,2001-04-09 14:30:00.0,Intermediário
0.23874,0.24005,2001-04-09 15:00:00.0,Intermediário
0.2385,0.23981,2001-04-09 15:30:00.0,Intermediário
0.23748,0.23879,2001-04-09 16:00:00.0,Intermediário
0.23694,0.23824,2001-04-09 16:30:00.0,Intermediário
0.23704,0.23835,2001-04-09 17:00:00.0,Fechamento Interbancário
0.23805,0.23851,2001-04-09 18:13:00.0,Fechamento
0.23566,0.23784,2001-04-10 09:42:00.0,Abertura
0.23707,0.23837,2001-04-10 10:00:00.0,Intermediário
0.23641,0.23771,2001-04-10 10:30:00.0,Intermediário
0.23571,0.23689,2001-04-10 11:00:00.0,Intermediário
0.23564,0.23694,2001-04-10 11:30:00.0,Intermediário
0.23532,0.23661,2001-04-10 12:00:00.0,Intermediário
0.235,0.23618,2001-04-10 12:30:00.0,Intermediário
0.23504,0.23633,2001-04-10 13:00:00.0,Intermediário
0.23509,0.23638,2001-04-10 13:30:00.0,Intermediário
0.23487,0.23616,2001-04-10 14:00:00.0,Intermediário
0.23487,0.23616,2001-04-10 14:30:00.0,Intermediário
0.23488,0.23617,2001-04-10 15:00:00.0,Intermediário
0.23456,0.23585,2001-04-10 15:30:00.0,Intermediário
0.2341,0.23539,2001-04-10 16:00:00.0,Intermediário
0.23426,0.23555,2001-04-10 16:30:00.0,Intermediário
0.2344,0.23569,2001-04-10 17:00:00.0,Fechamento Interbancário
0.23527,0.23572,2001-04-10 18:13:00.0,Fechamento
0.2331,0.23527,2001-04-11 09:39:00.0,Abertura
0.23298,0.23426,2001-04-11 10:05:00.0,Intermediário
0.23275,0.23402,2001-04-11 10:30:00.0,Intermediário
0.23359,0.23487,2001-04-11 11:00:00.0,Intermediário
0.23344,0.23472,2001-04-11 11:30:00.0,Intermediário
0.23414,0.23531,2001-04-11 12:00:00.0,Intermediário
0.23396,0.23524,2001-04-11 12:30:00.0,Intermediário
0.23523,0.23652,2001-04-11 13:00:00.0,Intermediário
0.23563,0.23692,2001-04-11 13:30:00.0,Intermediário
0.23586,0.23716,2001-04-11 14:00:00.0,Intermediário
0.23587,0.23716,2001-04-11 14:30:00.0,Intermediário
0.23601,0.2373,2001-04-11 15:00:00.0,Intermediário
0.23565,0.23694,2001-04-11 15:30:00.0,Intermediário
0.23574,0.23703,2001-04-11 16:00:00.0,Intermediário
0.23608,0.23738,2001-04-11 16:30:00.0,Intermediário
0.23603,0.23732,2001-04-11 17:00:00.0,Fechamento Interbancário
0.23474,0.2352,2001-04-11 18:23:00.0,Fechamento
0.23527,0.23744,2001-04-12 09:46:00.0,Abertura
0.23618,0.23748,2001-04-12 10:00:00.0,Intermediário
0.2383,0.2396,2001-04-12 10:30:00.0,Intermediário
0.23799,0.23929,2001-04-12 11:00:00.0,Intermediário
0.23846,0.23977,2001-04-12 11:30:00.0,Intermediário
0.2384,0.23971,2001-04-12 12:00:00.0,Intermediário
0.23823,0.23943,2001-04-12 12:30:00.0,Intermediário
0.2375,0.2388,2001-04-12 13:00:00.0,Intermediário
0.2375,0.2388,2001-04-12 13:30:00.0,Intermediário
0.23737,0.23867,2001-04-12 14:00:00.0,Intermediário
0.23753,0.23883,2001-04-12 14:30:00.0,Intermediário
0.23808,0.23939,2001-04-12 15:00:00.0,Intermediário
0.23737,0.23867,2001-04-12 15:30:00.0,Intermediário
0.23703,0.23814,2001-04-12 16:00:00.0,Intermediário
0.2369,0.2382,2001-04-12 16:30:00.0,Intermediário
0.23673,0.23803,2001-04-12 17:00:00.0,Fechamento Interbancário
0.23732,0.23778,2001-04-12 18:22:00.0,Fechamento
0.23584,0.23801,2001-04-16 09:53:00.0,Abertura
0.23646,0.23819,2001-04-16 10:00:00.0,Intermediário
0.23743,0.23873,2001-04-16 10:50:00.0,Intermediário
0.2379,0.2392,2001-04-16 11:00:00.0,Intermediário
0.23779,0.23898,2001-04-16 11:30:00.0,Intermediário
0.2377,0.23901,2001-04-16 12:00:00.0,Intermediário
0.23818,0.23937,2001-04-16 12:30:00.0,Intermediário
0.23847,0.23978,2001-04-16 13:00:00.0,Intermediário
0.23797,0.23928,2001-04-16 13:30:00.0,Intermediário
0.23845,0.23975,2001-04-16 14:00:00.0,Intermediário
0.23802,0.23932,2001-04-16 14:30:00.0,Intermediário
0.23771,0.23902,2001-04-16 15:00:00.0,Intermediário
0.23788,0.23918,2001-04-16 15:30:00.0,Intermediário
0.23867,0.23998,2001-04-16 16:00:00.0,Intermediário
0.23944,0.24076,2001-04-16 16:47:00.0,Intermediário
0.23926,0.24057,2001-04-16 17:16:00.0,Fechamento Interbancário
0.23836,0.23882,2001-04-16 21:33:00.0,Fechamento
0.23887,0.24105,2001-04-17 09:47:00.0,Abertura
0.23881,0.24022,2001-04-17 10:00:00.0,Intermediário
0.23835,0.23965,2001-04-17 10:30:00.0,Intermediário
0.23835,0.23965,2001-04-17 11:00:00.0,Intermediário
0.23891,0.24021,2001-04-17 12:35:00.0,Intermediário
0.23933,0.24064,2001-04-17 12:36:00.0,Intermediário
0.23947,0.24078,2001-04-17 12:38:00.0,Intermediário
0.23963,0.24094,2001-04-17 13:00:00.0,Intermediário
0.23966,0.24097,2001-04-17 13:30:00.0,Intermediário
0.23922,0.24053,2001-04-17 14:00:00.0,Intermediário
0.23939,0.2407,2001-04-17 14:30:00.0,Intermediário
0.23869,0.24,2001-04-17 15:00:00.0,Intermediário
0.23827,0.23957,2001-04-17 15:30:00.0,Intermediário
0.23979,0.2411,2001-04-17 16:00:00.0,Intermediário
0.2401,0.24142,2001-04-17 16:30:00.0,Intermediário
0.24004,0.24135,2001-04-17 17:00:00.0,Fechamento Interbancário
0.23966,0.24012,2001-04-17 18:50:00.0,Fechamento
0.23637,0.23854,2001-04-18 09:49:00.0,Abertura
0.23697,0.23816,2001-04-18 10:00:00.0,Intermediário
0.23717,0.23847,2001-04-18 10:30:00.0,Intermediário
0.23711,0.23841,2001-04-18 11:00:00.0,Intermediário
0.2373,0.23859,2001-04-18 11:30:00.0,Intermediário
0.23791,0.23921,2001-04-18 12:04:00.0,Intermediário
0.23835,0.23966,2001-04-18 13:06:00.0,Intermediário
0.23702,0.23832,2001-04-18 13:09:00.0,Intermediário
0.2377,0.239,2001-04-18 13:30:00.0,Intermediário
0.23784,0.23915,2001-04-18 14:00:00.0,Intermediário
0.23769,0.239,2001-04-18 14:30:00.0,Intermediário
0.23801,0.23921,2001-04-18 15:00:00.0,Intermediário
0.23833,0.23964,2001-04-18 15:30:00.0,Intermediário
0.23928,0.24059,2001-04-18 16:00:00.0,Intermediário
0.23899,0.2403,2001-04-18 16:30:00.0,Intermediário
0.23884,0.24015,2001-04-18 17:00:00.0,Fechamento Interbancário
0.23871,0.23917,2001-04-18 18:20:00.0,Fechamento
0.23774,0.23992,2001-04-19 09:39:00.0,Abertura
0.23981,0.24112,2001-04-19 10:03:00.0,Intermediário
0.23984,0.24116,2001-04-19 10:30:00.0,Intermediário
0.2406,0.24192,2001-04-19 11:00:00.0,Intermediário
0.24027,0.24159,2001-04-19 11:30:00.0,Intermediário
0.24024,0.24155,2001-04-19 12:00:00.0,Intermediário
0.24052,0.24184,2001-04-19 12:30:00.0,Intermediário
0.24139,0.24271,2001-04-19 13:00:00.0,Intermediário
0.24122,0.24254,2001-04-19 13:30:00.0,Intermediário
0.24142,0.24274,2001-04-19 14:00:00.0,Intermediário
0.24133,0.24265,2001-04-19 14:30:00.0,Intermediário
0.24255,0.24399,2001-04-19 15:00:00.0,Intermediário
0.24307,0.2444,2001-04-19 15:35:00.0,Intermediário
0.24403,0.24558,2001-04-19 16:00:00.0,Intermediário
0.2414,0.24272,2001-04-19 16:30:00.0,Intermediário
0.24198,0.24342,2001-04-19 17:00:00.0,Fechamento Interbancário
0.24232,0.24278,2001-04-19 18:38:00.0,Fechamento
0.24361,0.24583,2001-04-20 09:51:00.0,Abertura
0.24581,0.24749,2001-04-20 10:00:00.0,Intermediário
0.24605,0.24762,2001-04-20 10:30:00.0,Intermediário
0.24564,0.24699,2001-04-20 11:07:00.0,Intermediário
0.24518,0.24652,2001-04-20 12:03:00.0,Intermediário
0.24569,0.24703,2001-04-20 12:06:00.0,Intermediário
0.24627,0.24761,2001-04-20 12:30:00.0,Intermediário
0.24595,0.2473,2001-04-20 13:00:00.0,Intermediário
0.24597,0.24732,2001-04-20 13:30:00.0,Intermediário
0.24598,0.24733,2001-04-20 14:00:00.0,Intermediário
0.24553,0.24687,2001-04-20 14:30:00.0,Intermediário
0.24709,0.24844,2001-04-20 15:00:00.0,Intermediário
0.24812,0.24948,2001-04-20 15:30:00.0,Intermediário
0.24914,0.25072,2001-04-20 16:00:00.0,Intermediário
0.25043,0.25213,2001-04-20 16:30:00.0,Intermediário
0.24772,0.24941,2001-04-20 17:00:00.0,Fechamento Interbancário
0.24744,0.24791,2001-04-20 18:24:00.0,Fechamento
0.24789,0.25013,2001-04-23 09:50:00.0,Abertura
0.24932,0.25112,2001-04-23 10:00:00.0,Intermediário
0.25042,0.25211,2001-04-23 10:30:00.0,Intermediário
0.2506,0.25219,2001-04-23 11:00:00.0,Intermediário
0.2495,0.25097,2001-04-23 11:30:00.0,Intermediário
0.2493,0.25065,2001-04-23 12:00:00.0,Intermediário
0.24876,0.25012,2001-04-23 12:30:00.0,Intermediário
0.24814,0.2495,2001-04-23 13:00:00.0,Intermediário
0.24829,0.24964,2001-04-23 14:23:00.0,Intermediário
0.24837,0.24973,2001-04-23 14:24:00.0,Intermediário
0.2484,0.24975,2001-04-23 14:30:00.0,Intermediário
0.24861,0.24996,2001-04-23 15:00:00.0,Intermediário
0.24922,0.25079,2001-04-23 15:30:00.0,Intermediário
0.25024,0.2516,2001-04-23 16:00:00.0,Intermediário
0.24896,0.25032,2001-04-23 16:30:00.0,Intermediário
0.24876,0.25012,2001-04-23 17:00:00.0,Fechamento Interbancário
0.24897,0.24944,2001-04-23 18:23:00.0,Fechamento
0.24715,0.24938,2001-04-24 09:44:00.0,Abertura
0.24768,0.24925,2001-04-24 10:00:00.0,Intermediário
0.24821,0.24967,2001-04-24 10:30:00.0,Intermediário
0.24909,0.25045,2001-04-24 11:00:00.0,Intermediário
0.24909,0.25045,2001-04-24 11:30:00.0,Intermediário
0.24746,0.2487,2001-04-24 12:09:00.0,Intermediário
0.2472,0.24843,2001-04-24 12:30:00.0,Intermediário
0.24744,0.24868,2001-04-24 13:00:00.0,Intermediário
0.24793,0.24917,2001-04-24 13:30:00.0,Intermediário
0.24788,0.24912,2001-04-24 14:00:00.0,Intermediário
0.24812,0.24937,2001-04-24 14:30:00.0,Intermediário
0.24701,0.24825,2001-04-24 15:00:00.0,Intermediário
0.2472,0.24855,2001-04-24 15:30:00.0,Intermediário
0.24703,0.24838,2001-04-24 16:00:00.0,Intermediário
0.2481,0.24945,2001-04-24 16:30:00.0,Intermediário
0.24815,0.24939,2001-04-24 17:02:00.0,Fechamento Interbancário
0.24706,0.24753,2001-04-24 18:51:00.0,Fechamento
0.25035,0.25259,2001-04-25 09:44:00.0,Abertura
0.25241,0.25378,2001-04-25 10:00:00.0,Intermediário
0.25342,0.25502,2001-04-25 10:30:00.0,Intermediário
0.25351,0.25478,2001-04-25 11:00:00.0,Intermediário
0.25217,0.25365,2001-04-25 11:30:00.0,Intermediário
0.251,0.25236,2001-04-25 12:00:00.0,Intermediário
0.25136,0.25272,2001-04-25 12:30:00.0,Intermediário
0.25118,0.25255,2001-04-25 13:00:00.0,Intermediário
0.25122,0.25258,2001-04-25 13:30:00.0,Intermediário
0.25102,0.25239,2001-04-25 14:00:00.0,Intermediário
0.25102,0.25239,2001-04-25 14:30:00.0,Intermediário
0.25044,0.25191,2001-04-25 15:00:00.0,Intermediário
0.24981,0.25128,2001-04-25 15:30:00.0,Intermediário
0.25124,0.25261,2001-04-25 16:00:00.0,Intermediário
0.2507,0.25218,2001-04-25 16:30:00.0,Intermediário
0.25006,0.25142,2001-04-25 17:00:00.0,Fechamento Interbancário
0.25175,0.25222,2001-04-25 18:49:00.0,Fechamento
0.24867,0.2509,2001-04-26 09:50:00.0,Abertura
0.24917,0.25053,2001-04-26 10:00:00.0,Intermediário
0.24997,0.25122,2001-04-26 10:30:00.0,Intermediário
0.25059,0.25195,2001-04-26 11:00:00.0,Intermediário
0.24974,0.2511,2001-04-26 11:30:00.0,Intermediário
0.24992,0.25128,2001-04-26 12:00:00.0,Intermediário
0.25057,0.25194,2001-04-26 12:30:00.0,Intermediário
0.24968,0.25093,2001-04-26 13:00:00.0,Intermediário
0.24956,0.25081,2001-04-26 13:30:00.0,Intermediário
0.24965,0.2509,2001-04-26 14:00:00.0,Intermediário
0.24955,0.25079,2001-04-26 14:30:00.0,Intermediário
0.24792,0.24916,2001-04-26 15:01:00.0,Intermediário
0.24786,0.24922,2001-04-26 15:30:00.0,Intermediário
0.24904,0.2504,2001-04-26 16:00:00.0,Intermediário
0.2474,0.24875,2001-04-26 16:30:00.0,Intermediário
0.24756,0.24891,2001-04-26 17:00:00.0,Fechamento Interbancário
0.24918,0.24965,2001-04-26 18:46:00.0,Fechamento
0.24664,0.24887,2001-04-27 09:48:00.0,Abertura
0.24616,0.2475,2001-04-27 10:00:00.0,Intermediário
0.24446,0.24568,2001-04-27 10:55:00.0,Intermediário
0.24295,0.24439,2001-04-27 11:00:00.0,Intermediário
0.24278,0.24411,2001-04-27 11:30:00.0,Intermediário
0.24319,0.24452,2001-04-27 12:00:00.0,Intermediário
0.24328,0.24461,2001-04-27 12:30:00.0,Intermediário
0.24407,0.2454,2001-04-27 13:00:00.0,Intermediário
0.24358,0.24491,2001-04-27 13:30:00.0,Intermediário
0.2431,0.24443,2001-04-27 14:00:00.0,Intermediário
0.24341,0.24474,2001-04-27 14:30:00.0,Intermediário
0.24344,0.24477,2001-04-27 15:00:00.0,Intermediário
0.24289,0.24422,2001-04-27 15:30:00.0,Intermediário
0.24125,0.24257,2001-04-27 16:00:00.0,Intermediário
0.24162,0.24283,2001-04-27 16:30:00.0,Intermediário
0.24146,0.24278,2001-04-27 17:00:00.0,Fechamento Interbancário
0.24348,0.24395,2001-04-27 18:18:00.0,Fechamento
0.23869,0.24088,2001-04-30 09:43:00.0,Abertura
0.23855,0.24019,2001-04-30 10:00:00.0,Intermediário
0.23934,0.24065,2001-04-30 10:30:00.0,Intermediário
0.23933,0.24064,2001-04-30 11:00:00.0,Intermediário
0.23943,0.24074,2001-04-30 11:30:00.0,Intermediário
0.23899,0.2403,2001-04-30 12:00:00.0,Intermediário
0.23964,0.24095,2001-04-30 12:30:00.0,Intermediário
0.23999,0.2413,2001-04-30 13:00:00.0,Intermediário
0.23989,0.2412,2001-04-30 13:30:00.0,Intermediário
0.2395,0.24081,2001-04-30 14:00:00.0,Intermediário
0.23977,0.24109,2001-04-30 14:30:00.0,Intermediário
0.24036,0.24168,2001-04-30 15:00:00.0,Intermediário
0.24149,0.24281,2001-04-30 15:30:00.0,Intermediário
0.24134,0.24266,2001-04-30 16:00:00.0,Intermediário
0.24136,0.24268,2001-04-30 16:30:00.0,Intermediário
0.24129,0.24261,2001-04-30 17:00:00.0,Fechamento Interbancário
0.23973,0.24019,2001-04-30 18:50:00.0,Fechamento
0.24142,0.24362,2001-05-02 09:47:00.0,Abertura
0.24363,0.24496,2001-05-02 10:00:00.0,Intermediário
0.24338,0.2446,2001-05-02 10:30:00.0,Intermediário
0.24364,0.24486,2001-05-02 11:00:00.0,Intermediário
0.24365,0.24487,2001-05-02 11:30:00.0,Intermediário
0.24461,0.24595,2001-05-02 12:00:00.0,Intermediário
0.24574,0.24708,2001-05-02 12:30:00.0,Intermediário
0.24563,0.24697,2001-05-02 13:00:00.0,Intermediário
0.24612,0.24747,2001-05-02 13:30:00.0,Intermediário
0.24591,0.24726,2001-05-02 14:00:00.0,Intermediário
0.24601,0.24736,2001-05-02 14:30:00.0,Intermediário
0.24533,0.24656,2001-05-02 15:00:00.0,Intermediário
0.24562,0.24696,2001-05-02 15:30:00.0,Intermediário
0.24649,0.24783,2001-05-02 16:00:00.0,Intermediário
0.24636,0.24782,2001-05-02 16:30:00.0,Intermediário
0.24632,0.24766,2001-05-02 17:00:00.0,Fechamento Interbancário
0.24546,0.24593,2001-05-02 18:24:00.0,Fechamento
0.2459,0.24813,2001-05-03 09:59:00.0,Abertura
0.24562,0.24696,2001-05-03 10:00:00.0,Intermediário
0.24681,0.24816,2001-05-03 10:30:00.0,Intermediário
0.24663,0.24798,2001-05-03 11:00:00.0,Intermediário
0.24693,0.24828,2001-05-03 11:30:00.0,Intermediário
0.24645,0.2478,2001-05-03 12:00:00.0,Intermediário
0.24561,0.24684,2001-05-03 12:30:00.0,Intermediário
0.24577,0.24711,2001-05-03 13:00:00.0,Intermediário
0.24602,0.24736,2001-05-03 13:30:00.0,Intermediário
0.24559,0.24693,2001-05-03 14:00:00.0,Intermediário
0.24573,0.24707,2001-05-03 14:30:00.0,Intermediário
0.24437,0.24571,2001-05-03 15:00:00.0,Intermediário
0.24368,0.24491,2001-05-03 15:30:00.0,Intermediário
0.24345,0.24478,2001-05-03 16:00:00.0,Intermediário
0.24289,0.24422,2001-05-03 16:30:00.0,Intermediário
0.24287,0.2442,2001-05-03 17:00:00.0,Fechamento Interbancário
0.24576,0.24623,2001-05-03 18:28:00.0,Fechamento
0.2442,0.24642,2001-05-04 09:43:00.0,Abertura
0.24642,0.24766,2001-05-04 10:00:00.0,Intermediário
0.24695,0.24819,2001-05-04 10:30:00.0,Intermediário
0.24644,0.24779,2001-05-04 11:00:00.0,Intermediário
0.24548,0.24682,2001-05-04 11:30:00.0,Intermediário
0.24483,0.24606,2001-05-04 12:00:00.0,Intermediário
0.2445,0.24584,2001-05-04 12:30:00.0,Intermediário
0.24429,0.24563,2001-05-04 13:00:00.0,Intermediário
0.24432,0.24565,2001-05-04 13:30:00.0,Intermediário
0.24446,0.2458,2001-05-04 14:00:00.0,Intermediário
0.24449,0.24583,2001-05-04 14:30:00.0,Intermediário
0.24378,0.245,2001-05-04 15:00:00.0,Intermediário
0.24351,0.24473,2001-05-04 15:30:00.0,Intermediário
0.24422,0.24556,2001-05-04 16:00:00.0,Intermediário
0.24458,0.24592,2001-05-04 16:30:00.0,Intermediário
0.2442,0.24542,2001-05-04 17:00:00.0,Fechamento Interbancário
0.24498,0.24545,2001-05-04 18:12:00.0,Fechamento
0.2418,0.24401,2001-05-07 09:47:00.0,Abertura
0.24192,0.24324,2001-05-07 10:00:00.0,Intermediário
0.2418,0.24313,2001-05-07 10:30:00.0,Intermediário
0.24233,0.24365,2001-05-07 11:00:00.0,Intermediário
0.24185,0.24317,2001-05-07 11:42:00.0,Intermediário
0.24205,0.24338,2001-05-07 12:14:00.0,Intermediário
0.24236,0.24368,2001-05-07 12:40:00.0,Intermediário
0.24242,0.24374,2001-05-07 13:15:00.0,Intermediário
0.24237,0.2437,2001-05-07 13:49:00.0,Intermediário
0.24237,0.2437,2001-05-07 14:08:00.0,Intermediário
0.24217,0.24349,2001-05-07 14:43:00.0,Intermediário
0.24172,0.24304,2001-05-07 15:03:00.0,Intermediário
0.2428,0.24413,2001-05-07 15:45:00.0,Intermediário
0.24257,0.24389,2001-05-07 16:07:00.0,Intermediário
0.24352,0.24485,2001-05-07 16:30:00.0,Intermediário
0.24358,0.24491,2001-05-07 17:00:00.0,Fechamento Interbancário
0.24188,0.24234,2001-05-07 18:19:00.0,Fechamento
0.24296,0.24517,2001-05-08 09:51:00.0,Abertura
0.24403,0.24537,2001-05-08 10:00:00.0,Intermediário
0.24376,0.24509,2001-05-08 10:30:00.0,Intermediário
0.24396,0.24529,2001-05-08 11:00:00.0,Intermediário
0.24459,0.24592,2001-05-08 11:49:00.0,Intermediário
0.24512,0.24646,2001-05-08 12:00:00.0,Intermediário
0.24553,0.24687,2001-05-08 12:46:00.0,Intermediário
0.24478,0.24612,2001-05-08 13:07:00.0,Intermediário
0.24445,0.24579,2001-05-08 13:34:00.0,Intermediário
0.24428,0.24562,2001-05-08 14:06:00.0,Intermediário
0.24445,0.24578,2001-05-08 14:30:00.0,Intermediário
0.2448,0.24614,2001-05-08 15:00:00.0,Intermediário
0.24503,0.24637,2001-05-08 15:30:00.0,Intermediário
0.24478,0.24611,2001-05-08 16:00:00.0,Intermediário
0.24593,0.24728,2001-05-08 16:30:00.0,Intermediário
0.24614,0.24749,2001-05-08 17:00:00.0,Fechamento Interbancário
0.24529,0.24575,2001-05-08 18:23:00.0,Fechamento
0.24666,0.24889,2001-05-09 09:41:00.0,Abertura
0.24769,0.24904,2001-05-09 10:00:00.0,Intermediário
0.2476,0.24895,2001-05-09 10:30:00.0,Intermediário
0.24733,0.24868,2001-05-09 11:00:00.0,Intermediário
0.2473,0.24865,2001-05-09 11:30:00.0,Intermediário
0.24696,0.2483,2001-05-09 12:00:00.0,Intermediário
0.24683,0.24817,2001-05-09 12:30:00.0,Intermediário
0.24717,0.24852,2001-05-09 13:00:00.0,Intermediário
0.24722,0.24856,2001-05-09 13:30:00.0,Intermediário
0.24706,0.24841,2001-05-09 14:00:00.0,Intermediário
0.24722,0.24856,2001-05-09 14:30:00.0,Intermediário
0.24674,0.24809,2001-05-09 15:00:00.0,Intermediário
0.24706,0.24841,2001-05-09 15:30:00.0,Intermediário
0.24716,0.2485,2001-05-09 16:00:00.0,Intermediário
0.24773,0.24897,2001-05-09 16:30:00.0,Intermediário
0.24768,0.24903,2001-05-09 17:00:00.0,Fechamento Interbancário
0.24786,0.24833,2001-05-09 18:21:00.0,Fechamento
0.24535,0.24757,2001-05-10 09:50:00.0,Abertura
0.24699,0.24834,2001-05-10 10:00:00.0,Intermediário
0.24691,0.24826,2001-05-10 10:30:00.0,Intermediário
0.24754,0.24888,2001-05-10 11:00:00.0,Intermediário
0.24798,0.24933,2001-05-10 11:30:00.0,Intermediário
0.24831,0.24967,2001-05-10 12:00:00.0,Intermediário
0.24855,0.2499,2001-05-10 12:30:00.0,Intermediário
0.24851,0.24997,2001-05-10 13:00:00.0,Intermediário
0.24849,0.24995,2001-05-10 13:30:00.0,Intermediário
0.24875,0.25021,2001-05-10 14:00:00.0,Intermediário
0.24874,0.25021,2001-05-10 14:30:00.0,Intermediário
0.24768,0.24903,2001-05-10 15:00:00.0,Intermediário
0.24735,0.24869,2001-05-10 15:30:00.0,Intermediário
0.24736,0.24871,2001-05-10 16:00:00.0,Intermediário
0.24689,0.24812,2001-05-10 16:30:00.0,Intermediário
0.24663,0.24798,2001-05-10 17:00:00.0,Fechamento Interbancário
0.24788,0.24835,2001-05-10 18:22:00.0,Fechamento
0.24621,0.24843,2001-05-11 09:45:00.0,Abertura
0.24717,0.24863,2001-05-11 10:00:00.0,Intermediário
0.24951,0.25086,2001-05-11 10:30:00.0,Intermediário
0.24921,0.25056,2001-05-11 11:00:00.0,Intermediário
0.24908,0.25043,2001-05-11 11:30:00.0,Intermediário
0.24862,0.24998,2001-05-11 12:00:00.0,Intermediário
0.24867,0.24992,2001-05-11 12:30:00.0,Intermediário
0.24876,0.25012,2001-05-11 13:00:00.0,Intermediário
0.24874,0.2501,2001-05-11 13:30:00.0,Intermediário
0.24871,0.25006,2001-05-11 14:00:00.0,Intermediário
0.24862,0.24997,2001-05-11 14:30:00.0,Intermediário
0.24976,0.25111,2001-05-11 15:00:00.0,Intermediário
0.24959,0.25095,2001-05-11 15:30:00.0,Intermediário
0.24862,0.24998,2001-05-11 16:00:00.0,Intermediário
0.24882,0.25017,2001-05-11 16:30:00.0,Intermediário
0.24891,0.25026,2001-05-11 17:00:00.0,Fechamento Interbancário
0.24913,0.24961,2001-05-11 18:23:00.0,Fechamento
0.24962,0.25186,2001-05-14 09:47:00.0,Abertura
0.24991,0.25127,2001-05-14 10:00:00.0,Intermediário
0.25136,0.25272,2001-05-14 10:30:00.0,Intermediário
0.25164,0.25301,2001-05-14 11:00:00.0,Intermediário
0.25097,0.25233,2001-05-14 11:36:00.0,Intermediário
0.25123,0.25259,2001-05-14 12:06:00.0,Intermediário
0.25129,0.25265,2001-05-14 12:30:00.0,Intermediário
0.25173,0.2531,2001-05-14 13:00:00.0,Intermediário
0.25143,0.25279,2001-05-14 13:30:00.0,Intermediário
0.25136,0.25273,2001-05-14 14:00:00.0,Intermediário
0.25131,0.25267,2001-05-14 14:30:00.0,Intermediário
0.25075,0.25212,2001-05-14 15:00:00.0,Intermediário
0.25145,0.2527,2001-05-14 15:30:00.0,Intermediário
0.2515,0.25287,2001-05-14 16:00:00.0,Intermediário
0.2521,0.25346,2001-05-14 16:30:00.0,Intermediário
0.25227,0.25353,2001-05-14 17:00:00.0,Fechamento Interbancário
0.25137,0.25185,2001-05-14 18:14:00.0,Fechamento
0.25359,0.25584,2001-05-15 09:46:00.0,Abertura
0.25491,0.25629,2001-05-15 10:00:00.0,Intermediário
0.25506,0.25644,2001-05-15 10:30:00.0,Intermediário
0.2549,0.25628,2001-05-15 11:00:00.0,Intermediário
0.25445,0.25583,2001-05-15 11:30:00.0,Intermediário
0.25507,0.25645,2001-05-15 12:00:00.0,Intermediário
0.2547,0.25608,2001-05-15 12:30:00.0,Intermediário
0.25519,0.25657,2001-05-15 13:00:00.0,Intermediário
0.25506,0.25645,2001-05-15 13:30:00.0,Intermediário
0.25515,0.25654,2001-05-15 14:00:00.0,Intermediário
0.25512,0.2565,2001-05-15 14:30:00.0,Intermediário
0.25532,0.2567,2001-05-15 15:00:00.0,Intermediário
0.2559,0.25729,2001-05-15 15:30:00.0,Intermediário
0.25532,0.25671,2001-05-15 16:00:00.0,Intermediário
0.25514,0.25653,2001-05-15 16:30:00.0,Intermediário
0.25545,0.25683,2001-05-15 17:00:00.0,Fechamento Interbancário
0.25583,0.25631,2001-05-15 19:38:00.0,Fechamento
0.25541,0.25768,2001-05-16 09:54:00.0,Abertura
0.25537,0.25675,2001-05-16 10:00:00.0,Intermediário
0.25428,0.25555,2001-05-16 10:30:00.0,Intermediário
0.25418,0.25567,2001-05-16 11:00:00.0,Intermediário
0.25459,0.25586,2001-05-16 11:30:00.0,Intermediário
0.25476,0.25615,2001-05-16 12:00:00.0,Intermediário
0.25503,0.25641,2001-05-16 12:30:00.0,Intermediário
0.25514,0.25652,2001-05-16 13:00:00.0,Intermediário
0.25538,0.25676,2001-05-16 13:30:00.0,Intermediário
0.25519,0.25657,2001-05-16 14:00:00.0,Intermediário
0.25535,0.25673,2001-05-16 14:30:00.0,Intermediário
0.25598,0.25737,2001-05-16 15:00:00.0,Intermediário
0.25567,0.25706,2001-05-16 15:30:00.0,Intermediário
0.25499,0.25638,2001-05-16 16:00:00.0,Intermediário
0.25492,0.25631,2001-05-16 16:30:00.0,Intermediário
0.2547,0.25608,2001-05-16 17:00:00.0,Fechamento Interbancário
0.25547,0.25595,2001-05-16 18:10:00.0,Fechamento
0.25351,0.25577,2001-05-17 09:41:00.0,Abertura
0.25443,0.25581,2001-05-17 10:00:00.0,Intermediário
0.2543,0.25568,2001-05-17 10:30:00.0,Intermediário
0.25366,0.25503,2001-05-17 11:00:00.0,Intermediário
0.25335,0.25472,2001-05-17 11:30:00.0,Intermediário
0.25297,0.25435,2001-05-17 12:00:00.0,Intermediário
0.25247,0.25384,2001-05-17 12:30:00.0,Intermediário
0.25361,0.25488,2001-05-17 13:00:00.0,Intermediário
0.25357,0.25484,2001-05-17 13:30:00.0,Intermediário
0.25365,0.25492,2001-05-17 14:00:00.0,Intermediário
0.25345,0.25472,2001-05-17 14:30:00.0,Intermediário
0.25374,0.25501,2001-05-17 15:00:00.0,Intermediário
0.25382,0.2552,2001-05-17 15:30:00.0,Intermediário
0.25343,0.25481,2001-05-17 16:00:00.0,Intermediário
0.25345,0.25482,2001-05-17 16:30:00.0,Intermediário
0.25332,0.2547,2001-05-17 17:00:00.0,Fechamento Interbancário
0.25354,0.25402,2001-05-17 18:14:00.0,Fechamento
0.25188,0.25413,2001-05-18 09:43:00.0,Abertura
0.25173,0.2531,2001-05-18 10:00:00.0,Intermediário
0.25157,0.25294,2001-05-18 10:49:00.0,Intermediário
0.25182,0.25319,2001-05-18 11:00:00.0,Intermediário
0.25305,0.25442,2001-05-18 11:30:00.0,Intermediário
0.25293,0.2542,2001-05-18 12:00:00.0,Intermediário
0.25313,0.2544,2001-05-18 12:30:00.0,Intermediário
0.25308,0.25435,2001-05-18 13:00:00.0,Intermediário
0.25308,0.25435,2001-05-18 13:30:00.0,Intermediário
0.25312,0.25438,2001-05-18 14:00:00.0,Intermediário
0.25348,0.25474,2001-05-18 14:30:00.0,Intermediário
0.25374,0.25512,2001-05-18 15:00:00.0,Intermediário
0.25336,0.25474,2001-05-18 15:30:00.0,Intermediário
0.25377,0.25515,2001-05-18 16:00:00.0,Intermediário
0.25367,0.25505,2001-05-18 16:30:00.0,Intermediário
0.25355,0.25493,2001-05-18 17:00:00.0,Fechamento Interbancário
0.25298,0.25346,2001-05-18 18:18:00.0,Fechamento
0.2554,0.25767,2001-05-21 09:44:00.0,Abertura
0.25645,0.25784,2001-05-21 10:00:00.0,Intermediário
0.25663,0.25802,2001-05-21 10:30:00.0,Intermediário
0.25701,0.2584,2001-05-21 11:00:00.0,Intermediário
0.25664,0.25803,2001-05-21 11:30:00.0,Intermediário
0.25576,0.25726,2001-05-21 12:00:00.0,Intermediário
0.25578,0.25706,2001-05-21 12:30:00.0,Intermediário
0.25587,0.25726,2001-05-21 13:00:00.0,Intermediário
0.25586,0.25725,2001-05-21 13:30:00.0,Intermediário
0.25561,0.257,2001-05-21 14:00:00.0,Intermediário
0.25592,0.25731,2001-05-21 14:30:00.0,Intermediário
0.25601,0.2574,2001-05-21 15:00:00.0,Intermediário
0.25572,0.25711,2001-05-21 15:30:00.0,Intermediário
0.2559,0.25729,2001-05-21 16:00:00.0,Intermediário
0.2553,0.25657,2001-05-21 16:30:00.0,Intermediário
0.25537,0.25676,2001-05-21 17:00:00.0,Fechamento Interbancário
0.25632,0.25681,2001-05-21 20:12:00.0,Fechamento
0.25152,0.25377,2001-05-22 09:48:00.0,Abertura
0.25145,0.25282,2001-05-22 10:00:00.0,Intermediário
0.25052,0.25189,2001-05-22 10:30:00.0,Intermediário
0.251,0.25237,2001-05-22 11:00:00.0,Intermediário
0.25141,0.25267,2001-05-22 11:30:00.0,Intermediário
0.25047,0.25183,2001-05-22 12:00:00.0,Intermediário
0.25039,0.25175,2001-05-22 12:30:00.0,Intermediário
0.25042,0.25167,2001-05-22 13:00:00.0,Intermediário
0.25013,0.25138,2001-05-22 13:30:00.0,Intermediário
0.24998,0.25123,2001-05-22 14:00:00.0,Intermediário
0.2499,0.25115,2001-05-22 14:30:00.0,Intermediário
0.25086,0.25222,2001-05-22 15:00:00.0,Intermediário
0.25077,0.25213,2001-05-22 15:30:00.0,Intermediário
0.25256,0.25393,2001-05-22 16:00:00.0,Intermediário
0.25253,0.2539,2001-05-22 16:30:00.0,Intermediário
0.25278,0.25415,2001-05-22 17:00:00.0,Fechamento Interbancário
0.25124,0.25171,2001-05-22 18:17:00.0,Fechamento
0.25165,0.25388,2001-05-23 09:42:00.0,Abertura
0.25264,0.25422,2001-05-23 10:00:00.0,Intermediário
0.25207,0.25343,2001-05-23 10:30:00.0,Intermediário
0.25267,0.25393,2001-05-23 11:00:00.0,Intermediário
0.25323,0.2546,2001-05-23 11:30:00.0,Intermediário
0.25321,0.25458,2001-05-23 12:00:00.0,Intermediário
0.25382,0.25508,2001-05-23 12:30:00.0,Intermediário
0.25345,0.25482,2001-05-23 13:00:00.0,Intermediário
0.25322,0.25459,2001-05-23 13:30:00.0,Intermediário
0.25362,0.25499,2001-05-23 14:00:00.0,Intermediário
0.25302,0.25438,2001-05-23 14:30:00.0,Intermediário
0.25287,0.25424,2001-05-23 15:00:00.0,Intermediário
0.25267,0.25403,2001-05-23 15:30:00.0,Intermediário
0.25238,0.25375,2001-05-23 16:00:00.0,Intermediário
0.25234,0.2537,2001-05-23 16:30:00.0,Intermediário
0.25215,0.25351,2001-05-23 17:00:00.0,Fechamento Interbancário
0.2521,0.25258,2001-05-23 18:10:00.0,Fechamento
0.25211,0.25434,2001-05-24 09:42:00.0,Abertura
0.25278,0.25404,2001-05-24 10:00:00.0,Intermediário
0.25331,0.25468,2001-05-24 10:30:00.0,Intermediário
0.25426,0.25564,2001-05-24 11:00:00.0,Intermediário
0.25511,0.25659,2001-05-24 11:30:00.0,Intermediário
0.25486,0.25624,2001-05-24 12:00:00.0,Intermediário
0.25473,0.25611,2001-05-24 12:30:00.0,Intermediário
0.25485,0.25623,2001-05-24 13:00:00.0,Intermediário
0.255,0.25637,2001-05-24 13:30:00.0,Intermediário
0.25498,0.25636,2001-05-24 14:00:00.0,Intermediário
0.25526,0.25664,2001-05-24 14:30:00.0,Intermediário
0.25592,0.25763,2001-05-24 15:00:00.0,Intermediário
0.25548,0.25697,2001-05-24 15:30:00.0,Intermediário
0.25444,0.25582,2001-05-24 16:00:00.0,Intermediário
0.25385,0.25555,2001-05-24 16:30:00.0,Intermediário
0.25348,0.25518,2001-05-24 17:00:00.0,Fechamento Interbancário
0.25379,0.25427,2001-05-24 18:20:00.0,Fechamento
0.2557,0.25796,2001-05-25 09:51:00.0,Abertura
0.25585,0.25723,2001-05-25 10:00:00.0,Intermediário
0.25554,0.25692,2001-05-25 10:30:00.0,Intermediário
0.25667,0.25806,2001-05-25 11:00:00.0,Intermediário
0.25659,0.25798,2001-05-25 11:30:00.0,Intermediário
0.25683,0.25822,2001-05-25 12:00:00.0,Intermediário
0.25296,0.25433,2001-05-25 12:30:00.0,Intermediário
0.25354,0.25491,2001-05-25 13:00:00.0,Intermediário
0.25285,0.25433,2001-05-25 13:30:00.0,Intermediário
0.25298,0.25446,2001-05-25 14:00:00.0,Intermediário
0.25334,0.25471,2001-05-25 14:30:00.0,Intermediário
0.25421,0.25558,2001-05-25 15:00:00.0,Intermediário
0.25125,0.25283,2001-05-25 15:30:00.0,Intermediário
0.25222,0.2538,2001-05-25 16:00:00.0,Intermediário
0.25175,0.25322,2001-05-25 16:30:00.0,Intermediário
0.25171,0.25341,2001-05-25 17:00:00.0,Fechamento Interbancário
0.25464,0.25512,2001-05-25 18:19:00.0,Fechamento
0.25101,0.25324,2001-05-28 09:57:00.0,Abertura
0.25157,0.25326,2001-05-28 10:00:00.0,Intermediário
0.25136,0.25272,2001-05-28 10:30:00.0,Intermediário
0.25157,0.25294,2001-05-28 11:00:00.0,Intermediário
0.25216,0.25352,2001-05-28 11:30:00.0,Intermediário
0.25217,0.25354,2001-05-28 12:00:00.0,Intermediário
0.25228,0.25364,2001-05-28 12:30:00.0,Intermediário
0.25205,0.2533,2001-05-28 13:00:00.0,Intermediário
0.25217,0.25343,2001-05-28 13:30:00.0,Intermediário
0.25217,0.25343,2001-05-28 14:00:00.0,Intermediário
0.25204,0.2533,2001-05-28 14:30:00.0,Intermediário
0.25251,0.25388,2001-05-28 15:00:00.0,Intermediário
0.2525,0.25386,2001-05-28 15:30:00.0,Intermediário
0.25257,0.25394,2001-05-28 16:00:00.0,Intermediário
0.25265,0.25402,2001-05-28 16:30:00.0,Intermediário
0.2527,0.25407,2001-05-28 17:00:00.0,Fechamento Interbancário
0.25221,0.25269,2001-05-28 18:34:00.0,Fechamento
0.2524,0.25463,2001-05-29 09:47:00.0,Abertura
0.25357,0.25494,2001-05-29 10:00:00.0,Intermediário
0.2529,0.25427,2001-05-29 10:30:00.0,Intermediário
0.25281,0.25418,2001-05-29 11:00:00.0,Intermediário
0.25249,0.25385,2001-05-29 11:30:00.0,Intermediário
0.25221,0.25358,2001-05-29 12:00:00.0,Intermediário
0.25174,0.25311,2001-05-29 12:30:00.0,Intermediário
0.25194,0.2532,2001-05-29 13:00:00.0,Intermediário
0.25197,0.25322,2001-05-29 13:30:00.0,Intermediário
0.2527,0.25396,2001-05-29 14:00:00.0,Intermediário
0.25249,0.25375,2001-05-29 14:30:00.0,Intermediário
0.25277,0.25403,2001-05-29 15:00:00.0,Intermediário
0.25268,0.25405,2001-05-29 15:30:00.0,Intermediário
0.25271,0.25408,2001-05-29 16:00:00.0,Intermediário
0.25284,0.25443,2001-05-29 16:30:00.0,Intermediário
0.2526,0.25396,2001-05-29 17:00:00.0,Fechamento Interbancário
0.25286,0.25334,2001-05-29 18:27:00.0,Fechamento
0.25399,0.25623,2001-05-30 09:53:00.0,Abertura
0.25441,0.25578,2001-05-30 10:00:00.0,Intermediário
0.25466,0.25604,2001-05-30 10:41:00.0,Intermediário
0.25461,0.25587,2001-05-30 10:44:00.0,Intermediário
0.25473,0.2561,2001-05-30 11:00:00.0,Intermediário
0.25524,0.25662,2001-05-30 11:30:00.0,Intermediário
0.25511,0.25649,2001-05-30 12:00:00.0,Intermediário
0.25489,0.25627,2001-05-30 12:30:00.0,Intermediário
0.25483,0.25621,2001-05-30 13:00:00.0,Intermediário
0.2547,0.25608,2001-05-30 13:30:00.0,Intermediário
0.25482,0.2562,2001-05-30 14:00:00.0,Intermediário
0.2547,0.25608,2001-05-30 14:30:00.0,Intermediário
0.25549,0.25687,2001-05-30 15:00:00.0,Intermediário
0.25526,0.25664,2001-05-30 15:30:00.0,Intermediário
0.254,0.25537,2001-05-30 16:00:00.0,Intermediário
0.25296,0.25422,2001-05-30 16:30:00.0,Intermediário
0.25291,0.25417,2001-05-30 17:00:00.0,Fechamento Interbancário
0.25507,0.25555,2001-05-30 18:17:00.0,Fechamento
0.24925,0.25145,2001-05-31 09:57:00.0,Abertura
0.24983,0.25139,2001-05-31 10:00:00.0,Intermediário
0.25024,0.25148,2001-05-31 10:30:00.0,Intermediário
0.25059,0.25195,2001-05-31 11:00:00.0,Intermediário
0.25057,0.25192,2001-05-31 11:30:00.0,Intermediário
0.25144,0.25279,2001-05-31 12:00:00.0,Intermediário
0.25134,0.25259,2001-05-31 12:30:00.0,Intermediário
0.2509,0.25225,2001-05-31 13:00:00.0,Intermediário
0.25061,0.25196,2001-05-31 13:30:00.0,Intermediário
0.25105,0.2524,2001-05-31 14:00:00.0,Intermediário
0.25117,0.25252,2001-05-31 14:30:00.0,Intermediário
0.25142,0.25278,2001-05-31 15:00:00.0,Intermediário
0.25147,0.25283,2001-05-31 15:30:00.0,Intermediário
0.25137,0.25294,2001-05-31 16:00:00.0,Intermediário
0.25204,0.25371,2001-05-31 16:30:00.0,Intermediário
0.25193,0.25361,2001-05-31 17:00:00.0,Fechamento Interbancário
0.2513,0.25177,2001-05-31 18:17:00.0,Fechamento
0.25218,0.25439,2001-06-01 09:34:00.0,Abertura
0.25111,0.25246,2001-06-01 10:00:00.0,Intermediário
0.25221,0.25357,2001-06-01 10:30:00.0,Intermediário
0.2526,0.25396,2001-06-01 11:00:00.0,Intermediário
0.25339,0.25475,2001-06-01 11:30:00.0,Intermediário
0.25256,0.25403,2001-06-01 12:00:00.0,Intermediário
0.25137,0.25272,2001-06-01 12:30:00.0,Intermediário
0.25189,0.25314,2001-06-01 13:00:00.0,Intermediário
0.25181,0.25306,2001-06-01 13:30:00.0,Intermediário
0.25199,0.25324,2001-06-01 14:00:00.0,Intermediário
0.25248,0.25373,2001-06-01 14:30:00.0,Intermediário
0.2518,0.25316,2001-06-01 15:00:00.0,Intermediário
0.25147,0.25282,2001-06-01 15:30:00.0,Intermediário
0.25054,0.25199,2001-06-01 16:00:00.0,Intermediário
0.25098,0.25275,2001-06-01 16:30:00.0,Intermediário
0.25102,0.25279,2001-06-01 17:00:00.0,Fechamento Interbancário
0.25186,0.25233,2001-06-01 18:20:00.0,Fechamento
0.2506,0.2528,2001-06-04 09:47:00.0,Abertura
0.25057,0.25203,2001-06-04 10:00:00.0,Intermediário
0.25105,0.2524,2001-06-04 10:30:00.0,Intermediário
0.2509,0.25225,2001-06-04 11:00:00.0,Intermediário
0.25036,0.25171,2001-06-04 11:30:00.0,Intermediário
0.25008,0.25143,2001-06-04 12:00:00.0,Intermediário
0.24951,0.25085,2001-06-04 12:30:00.0,Intermediário
0.24897,0.2502,2001-06-04 13:00:00.0,Intermediário
0.24901,0.25025,2001-06-04 13:30:00.0,Intermediário
0.24905,0.25029,2001-06-04 14:00:00.0,Intermediário
0.24951,0.25075,2001-06-04 14:30:00.0,Intermediário
0.24978,0.25102,2001-06-04 15:00:00.0,Intermediário
0.25016,0.2514,2001-06-04 15:30:00.0,Intermediário
0.25163,0.25298,2001-06-04 16:00:00.0,Intermediário
0.25174,0.25299,2001-06-04 16:30:00.0,Fechamento Interbancário
0.25003,0.2505,2001-06-04 17:23:00.0,Fechamento
0.25158,0.25379,2001-06-05 09:44:00.0,Abertura
0.25279,0.25426,2001-06-05 10:00:00.0,Intermediário
0.25311,0.25447,2001-06-05 10:30:00.0,Intermediário
0.25296,0.25432,2001-06-05 11:00:00.0,Intermediário
0.25382,0.25508,2001-06-05 11:30:00.0,Intermediário
0.25324,0.25461,2001-06-05 12:00:00.0,Intermediário
0.25354,0.2549,2001-06-05 12:30:00.0,Intermediário
0.25447,0.25584,2001-06-05 13:00:00.0,Intermediário
0.25447,0.25584,2001-06-05 13:30:00.0,Intermediário
0.25439,0.25576,2001-06-05 14:00:00.0,Intermediário
0.2544,0.25577,2001-06-05 14:30:00.0,Intermediário
0.2548,0.25628,2001-06-05 15:00:00.0,Intermediário
0.25529,0.25655,2001-06-05 15:30:00.0,Intermediário
0.25511,0.25648,2001-06-05 16:00:00.0,Intermediário
0.25522,0.2566,2001-06-05 16:30:00.0,Fechamento Interbancário
0.25614,0.25662,2001-06-05 17:42:00.0,Fechamento
0.25237,0.25459,2001-06-06 09:40:00.0,Abertura
0.25344,0.25481,2001-06-06 10:00:00.0,Intermediário
0.25377,0.25503,2001-06-06 10:30:00.0,Intermediário
0.25393,0.25519,2001-06-06 11:00:00.0,Intermediário
0.25361,0.25497,2001-06-06 11:30:00.0,Intermediário
0.2529,0.25415,2001-06-06 12:00:00.0,Intermediário
0.25296,0.25433,2001-06-06 12:30:00.0,Intermediário
0.2529,0.25426,2001-06-06 13:00:00.0,Intermediário
0.25327,0.25452,2001-06-06 13:30:00.0,Intermediário
0.25325,0.25451,2001-06-06 14:00:00.0,Intermediário
0.25339,0.25464,2001-06-06 14:30:00.0,Intermediário
0.25461,0.25598,2001-06-06 15:00:00.0,Intermediário
0.25434,0.25571,2001-06-06 15:30:00.0,Intermediário
0.25387,0.25534,2001-06-06 16:00:00.0,Intermediário
0.254,0.25537,2001-06-06 16:30:00.0,Fechamento Interbancário
0.2539,0.25437,2001-06-06 17:40:00.0,Fechamento
0.25391,0.25613,2001-06-07 09:37:00.0,Abertura
0.25471,0.25608,2001-06-07 10:00:00.0,Intermediário
0.25452,0.25589,2001-06-07 10:30:00.0,Intermediário
0.25456,0.25593,2001-06-07 11:00:00.0,Intermediário
0.2544,0.25566,2001-06-07 11:30:00.0,Intermediário
0.25507,0.25633,2001-06-07 12:00:00.0,Intermediário
0.25532,0.25669,2001-06-07 12:30:00.0,Intermediário
0.25508,0.25646,2001-06-07 13:00:00.0,Intermediário
0.25536,0.25673,2001-06-07 13:30:00.0,Intermediário
0.25458,0.25595,2001-06-07 14:00:00.0,Intermediário
0.25423,0.25559,2001-06-07 14:30:00.0,Intermediário
0.2537,0.25507,2001-06-07 15:00:00.0,Intermediário
0.25327,0.25463,2001-06-07 15:30:00.0,Intermediário
0.25201,0.25337,2001-06-07 16:00:00.0,Intermediário
0.25214,0.2535,2001-06-07 16:30:00.0,Fechamento Interbancário
0.25466,0.25513,2001-06-07 17:27:00.0,Fechamento
0.25001,0.25221,2001-06-08 09:43:00.0,Abertura
0.25051,0.25186,2001-06-08 10:00:00.0,Intermediário
0.2501,0.25145,2001-06-08 10:30:00.0,Intermediário
0.25087,0.25212,2001-06-08 11:00:00.0,Intermediário
0.251,0.25236,2001-06-08 11:30:00.0,Intermediário
0.25209,0.25345,2001-06-08 12:00:00.0,Intermediário
0.2527,0.25407,2001-06-08 12:30:00.0,Intermediário
0.25337,0.25473,2001-06-08 13:00:00.0,Intermediário
0.25363,0.255,2001-06-08 13:30:00.0,Intermediário
0.25303,0.25439,2001-06-08 14:00:00.0,Intermediário
0.25285,0.25421,2001-06-08 14:30:00.0,Intermediário
0.25192,0.25328,2001-06-08 15:00:00.0,Intermediário
0.25222,0.25369,2001-06-08 15:30:00.0,Intermediário
0.2518,0.25316,2001-06-08 16:00:00.0,Intermediário
0.25174,0.2531,2001-06-08 16:30:00.0,Fechamento Interbancário
0.25202,0.25249,2001-06-08 17:26:00.0,Fechamento
0.2505,0.25271,2001-06-11 09:56:00.0,Abertura
0.25047,0.25183,2001-06-11 10:00:00.0,Intermediário
0.25131,0.25266,2001-06-11 10:30:00.0,Intermediário
0.25132,0.25278,2001-06-11 11:00:00.0,Intermediário
0.25104,0.25239,2001-06-11 11:30:00.0,Intermediário
0.25122,0.25247,2001-06-11 12:00:00.0,Intermediário
0.25173,0.25298,2001-06-11 12:30:00.0,Intermediário
0.25142,0.25278,2001-06-11 13:00:00.0,Intermediário
0.25132,0.25257,2001-06-11 13:30:00.0,Intermediário
0.25163,0.25288,2001-06-11 14:00:00.0,Intermediário
0.2517,0.25295,2001-06-11 14:30:00.0,Intermediário
0.25134,0.25269,2001-06-11 15:00:00.0,Intermediário
0.25127,0.25284,2001-06-11 15:30:00.0,Intermediário
0.25176,0.25311,2001-06-11 16:00:00.0,Intermediário
0.25194,0.25319,2001-06-11 16:30:00.0,Fechamento Interbancário
0.25135,0.25182,2001-06-11 17:28:00.0,Fechamento
0.25217,0.25438,2001-06-12 09:48:00.0,Abertura
0.25296,0.25422,2001-06-12 10:00:00.0,Intermediário
0.25339,0.25475,2001-06-12 10:30:00.0,Intermediário
0.25311,0.25447,2001-06-12 11:00:00.0,Intermediário
0.25314,0.2545,2001-06-12 11:36:00.0,Intermediário
0.25317,0.25443,2001-06-12 12:00:00.0,Intermediário
0.25326,0.25463,2001-06-12 12:30:00.0,Intermediário
0.25271,0.25397,2001-06-12 13:00:00.0,Intermediário
0.25244,0.2538,2001-06-12 13:30:00.0,Intermediário
0.25289,0.25426,2001-06-12 14:00:00.0,Intermediário
0.25265,0.254,2001-06-12 14:30:00.0,Intermediário
0.25244,0.2538,2001-06-12 15:00:00.0,Intermediário
0.25312,0.25448,2001-06-12 15:30:00.0,Intermediário
0.25511,0.25648,2001-06-12 16:00:00.0,Intermediário
0.25571,0.25709,2001-06-12 16:30:00.0,Fechamento Interbancário
0.25425,0.25472,2001-06-12 17:39:00.0,Fechamento
0.25592,0.25816,2001-06-13 09:52:00.0,Abertura
0.25656,0.25805,2001-06-13 10:00:00.0,Intermediário
0.2569,0.25828,2001-06-13 10:41:00.0,Intermediário
0.25758,0.25897,2001-06-13 11:00:00.0,Intermediário
0.25754,0.25893,2001-06-13 11:40:00.0,Intermediário
0.2567,0.25808,2001-06-13 12:11:00.0,Intermediário
0.25666,0.25804,2001-06-13 12:39:00.0,Intermediário
0.25713,0.25852,2001-06-13 13:06:00.0,Intermediário
0.25702,0.2584,2001-06-13 13:47:00.0,Intermediário
0.25699,0.25837,2001-06-13 14:09:00.0,Intermediário
0.25709,0.25848,2001-06-13 14:30:00.0,Intermediário
0.25623,0.25771,2001-06-13 15:00:00.0,Intermediário
0.25654,0.25802,2001-06-13 15:30:00.0,Intermediário
0.25824,0.25963,2001-06-13 16:00:00.0,Intermediário
0.25884,0.26024,2001-06-13 16:30:00.0,Fechamento Interbancário
0.25786,0.25834,2001-06-13 17:31:00.0,Fechamento
0.26269,0.26497,2001-06-15 09:41:00.0,Abertura
0.25961,0.26177,2001-06-15 10:00:00.0,Intermediário
0.25926,0.26066,2001-06-15 10:30:00.0,Intermediário
0.25858,0.26008,2001-06-15 11:00:00.0,Intermediário
0.25985,0.26125,2001-06-15 11:30:00.0,Intermediário
0.25943,0.26082,2001-06-15 12:02:00.0,Intermediário
0.25826,0.25976,2001-06-15 12:30:00.0,Intermediário
0.25954,0.26094,2001-06-15 13:00:00.0,Intermediário
0.259,0.26039,2001-06-15 13:30:00.0,Intermediário
0.2597,0.2611,2001-06-15 14:00:00.0,Intermediário
0.25952,0.26092,2001-06-15 14:30:00.0,Intermediário
0.25938,0.26078,2001-06-15 15:00:00.0,Intermediário
0.26011,0.2614,2001-06-15 15:30:00.0,Intermediário
0.26002,0.26142,2001-06-15 16:00:00.0,Intermediário
0.25989,0.26129,2001-06-15 16:30:00.0,Fechamento Interbancário
0.25983,0.26031,2001-06-15 17:29:00.0,Fechamento
0.26527,0.26756,2001-06-18 09:48:00.0,Abertura
0.26518,0.26682,2001-06-18 10:04:00.0,Intermediário
0.2652,0.26663,2001-06-18 10:30:00.0,Intermediário
0.2652,0.26662,2001-06-18 10:30:00.0,Intermediário
0.26547,0.267,2001-06-18 11:00:00.0,Intermediário
0.26532,0.26686,2001-06-18 11:00:00.0,Intermediário
0.26575,0.26718,2001-06-18 11:30:00.0,Intermediário
0.26572,0.26715,2001-06-18 11:30:00.0,Intermediário
0.26633,0.26776,2001-06-18 12:03:00.0,Intermediário
0.26692,0.26857,2001-06-18 12:36:00.0,Intermediário
0.26705,0.26848,2001-06-18 13:01:00.0,Intermediário
0.26787,0.26931,2001-06-18 13:33:00.0,Intermediário
0.26814,0.26958,2001-06-18 14:04:00.0,Intermediário
0.2675,0.26893,2001-06-18 14:30:00.0,Intermediário
0.26695,0.26893,2001-06-18 15:00:00.0,Intermediário
0.26658,0.26855,2001-06-18 15:30:00.0,Intermediário
0.26628,0.26804,2001-06-18 16:00:00.0,Intermediário
0.26631,0.26774,2001-06-18 16:30:00.0,Fechamento Interbancário
0.26746,0.26796,2001-06-18 17:42:00.0,Fechamento
0.26594,0.26824,2001-06-19 09:57:00.0,Abertura
0.26657,0.26833,2001-06-19 10:00:00.0,Intermediário
0.26754,0.26897,2001-06-19 10:30:00.0,Intermediário
0.26823,0.26967,2001-06-19 11:00:00.0,Intermediário
0.26806,0.26961,2001-06-19 11:30:00.0,Intermediário
0.26861,0.27006,2001-06-19 12:00:00.0,Intermediário
0.2679,0.26934,2001-06-19 12:30:00.0,Intermediário
0.26851,0.26984,2001-06-19 13:00:00.0,Intermediário
0.26796,0.26929,2001-06-19 13:30:00.0,Intermediário
0.26769,0.26901,2001-06-19 14:00:00.0,Intermediário
0.26795,0.26928,2001-06-19 14:30:00.0,Intermediário
0.26694,0.26838,2001-06-19 15:00:00.0,Intermediário
0.26848,0.26992,2001-06-19 15:30:00.0,Intermediário
0.2703,0.27175,2001-06-19 16:00:00.0,Intermediário
0.26953,0.27119,2001-06-19 16:30:00.0,Fechamento Interbancário
0.26905,0.26955,2001-06-19 17:31:00.0,Fechamento
0.26731,0.26961,2001-06-20 09:44:00.0,Abertura
0.26755,0.2692,2001-06-20 10:00:00.0,Intermediário
0.26648,0.26791,2001-06-20 10:30:00.0,Intermediário
0.26696,0.26839,2001-06-20 11:00:00.0,Intermediário
0.2668,0.26823,2001-06-20 11:30:00.0,Intermediário
0.26718,0.26862,2001-06-20 12:00:00.0,Intermediário
0.26638,0.26781,2001-06-20 12:30:00.0,Intermediário
0.26658,0.26801,2001-06-20 13:00:00.0,Intermediário
0.26701,0.26844,2001-06-20 13:30:00.0,Intermediário
0.26717,0.2686,2001-06-20 14:00:00.0,Intermediário
0.26767,0.26911,2001-06-20 14:32:00.0,Intermediário
0.26797,0.26941,2001-06-20 15:00:00.0,Intermediário
0.26756,0.2691,2001-06-20 15:30:00.0,Intermediário
0.26686,0.26829,2001-06-20 16:00:00.0,Intermediário
0.26703,0.26847,2001-06-20 16:32:00.0,Fechamento Interbancário
0.26771,0.26821,2001-06-20 17:41:00.0,Fechamento
0.26449,0.26678,2001-06-21 09:44:00.0,Abertura
0.26224,0.26365,2001-06-21 10:00:00.0,Intermediário
0.26205,0.26357,2001-06-21 10:30:00.0,Intermediário
0.26055,0.26206,2001-06-21 11:00:00.0,Intermediário
0.25938,0.26078,2001-06-21 11:30:00.0,Intermediário
0.26114,0.26277,2001-06-21 12:00:00.0,Intermediário
0.25809,0.2597,2001-06-21 12:30:00.0,Intermediário
0.25811,0.25961,2001-06-21 13:00:00.0,Intermediário
0.25854,0.26026,2001-06-21 13:30:00.0,Intermediário
0.25851,0.26023,2001-06-21 14:00:00.0,Intermediário
0.25788,0.2596,2001-06-21 14:30:00.0,Intermediário
0.25711,0.25936,2001-06-21 15:00:00.0,Intermediário
0.25659,0.25852,2001-06-21 15:30:00.0,Intermediário
0.25765,0.25893,2001-06-21 16:00:00.0,Intermediário
0.25761,0.25889,2001-06-21 16:30:00.0,Fechamento Interbancário
0.26085,0.26134,2001-06-21 17:30:00.0,Fechamento
0.25434,0.25659,2001-06-22 09:49:00.0,Abertura
0.25236,0.25384,2001-06-22 10:00:00.0,Intermediário
0.25226,0.25351,2001-06-22 10:30:00.0,Intermediário
0.25181,0.25317,2001-06-22 11:00:00.0,Intermediário
0.25234,0.2536,2001-06-22 11:30:00.0,Intermediário
0.25214,0.2535,2001-06-22 12:00:00.0,Intermediário
0.25141,0.25277,2001-06-22 12:30:00.0,Intermediário
0.25083,0.25219,2001-06-22 13:00:00.0,Intermediário
0.25061,0.25185,2001-06-22 13:30:00.0,Intermediário
0.25014,0.25139,2001-06-22 14:00:00.0,Intermediário
0.25058,0.25183,2001-06-22 14:30:00.0,Intermediário
0.25132,0.25279,2001-06-22 15:00:00.0,Intermediário
0.2516,0.25297,2001-06-22 15:30:00.0,Intermediário
0.25077,0.25213,2001-06-22 16:00:00.0,Intermediário
0.25049,0.25218,2001-06-22 16:30:00.0,Fechamento Interbancário
0.25289,0.25337,2001-06-22 17:33:00.0,Fechamento
0.24637,0.24858,2001-06-25 09:52:00.0,Abertura
0.24677,0.24811,2001-06-25 10:00:00.0,Intermediário
0.24842,0.24977,2001-06-25 10:30:00.0,Intermediário
0.24876,0.25011,2001-06-25 11:00:00.0,Intermediário
0.24969,0.25094,2001-06-25 11:31:00.0,Intermediário
0.25048,0.25173,2001-06-25 12:00:00.0,Intermediário
0.25042,0.25178,2001-06-25 12:30:00.0,Intermediário
0.24999,0.25134,2001-06-25 13:00:00.0,Intermediário
0.25024,0.25159,2001-06-25 13:30:00.0,Intermediário
0.25023,0.25158,2001-06-25 14:00:00.0,Intermediário
0.25035,0.2517,2001-06-25 14:30:00.0,Intermediário
0.25066,0.25191,2001-06-25 15:00:00.0,Intermediário
0.24791,0.24947,2001-06-25 15:30:00.0,Intermediário
0.24833,0.24968,2001-06-25 16:00:00.0,Intermediário
0.24818,0.24942,2001-06-25 16:30:00.0,Fechamento Interbancário
0.24851,0.24898,2001-06-25 17:12:00.0,Fechamento
0.24969,0.25192,2001-06-26 09:34:00.0,Abertura
0.25099,0.25236,2001-06-26 10:00:00.0,Intermediário
0.25125,0.25261,2001-06-26 10:30:00.0,Intermediário
0.25099,0.25235,2001-06-26 11:00:00.0,Intermediário
0.25065,0.25201,2001-06-26 11:30:00.0,Intermediário
0.25083,0.25219,2001-06-26 12:00:00.0,Intermediário
0.25094,0.2523,2001-06-26 12:30:00.0,Intermediário
0.2513,0.25266,2001-06-26 13:00:00.0,Intermediário
0.25168,0.25304,2001-06-26 13:30:00.0,Intermediário
0.25212,0.25349,2001-06-26 14:00:00.0,Intermediário
0.25186,0.25322,2001-06-26 14:30:00.0,Intermediário
0.25154,0.2529,2001-06-26 15:00:00.0,Intermediário
0.25226,0.25363,2001-06-26 15:30:00.0,Intermediário
0.25337,0.25474,2001-06-26 16:00:00.0,Intermediário
0.25349,0.25487,2001-06-26 16:30:00.0,Fechamento Interbancário
0.25262,0.2531,2001-06-26 17:11:00.0,Fechamento
0.25311,0.25536,2001-06-27 09:48:00.0,Abertura
0.25389,0.25537,2001-06-27 10:00:00.0,Intermediário
0.25388,0.25514,2001-06-27 10:30:00.0,Intermediário
0.25389,0.25516,2001-06-27 11:00:00.0,Intermediário
0.25244,0.25424,2001-06-27 11:30:00.0,Intermediário
0.25298,0.25435,2001-06-27 12:00:00.0,Intermediário
0.25373,0.255,2001-06-27 12:30:00.0,Intermediário
0.25363,0.25489,2001-06-27 13:00:00.0,Intermediário
0.25347,0.25474,2001-06-27 13:30:00.0,Intermediário
0.25372,0.25499,2001-06-27 14:00:00.0,Intermediário
0.25306,0.25432,2001-06-27 14:30:00.0,Intermediário
0.25097,0.25277,2001-06-27 15:00:00.0,Intermediário
0.25124,0.25271,2001-06-27 15:30:00.0,Intermediário
0.25341,0.25478,2001-06-27 16:00:00.0,Intermediário
0.25,0.25146,2001-06-27 16:30:00.0,Fechamento Interbancário
0.25211,0.25259,2001-06-27 17:44:00.0,Fechamento
0.24458,0.24677,2001-06-28 09:51:00.0,Abertura
0.24617,0.24751,2001-06-28 10:00:00.0,Intermediário
0.24723,0.24857,2001-06-28 10:30:00.0,Intermediário
0.24751,0.24896,2001-06-28 11:00:00.0,Intermediário
0.2463,0.24774,2001-06-28 11:30:00.0,Intermediário
0.24597,0.2473,2001-06-28 12:00:00.0,Intermediário
0.24541,0.24685,2001-06-28 12:30:00.0,Intermediário
0.24579,0.24723,2001-06-28 13:00:00.0,Intermediário
0.24519,0.24662,2001-06-28 13:30:00.0,Intermediário
0.24486,0.24629,2001-06-28 14:00:00.0,Intermediário
0.2449,0.24634,2001-06-28 14:30:00.0,Intermediário
0.2452,0.24653,2001-06-28 15:00:00.0,Intermediário
0.24566,0.24709,2001-06-28 15:36:00.0,Intermediário
0.24632,0.24766,2001-06-28 16:00:00.0,Intermediário
0.24643,0.24776,2001-06-28 16:30:00.0,Fechamento Interbancário
0.24582,0.24628,2001-06-28 17:30:00.0,Fechamento
0.24737,0.24958,2001-06-29 09:44:00.0,Abertura
0.24736,0.2487,2001-06-29 10:00:00.0,Intermediário
0.24749,0.24883,2001-06-29 10:30:00.0,Intermediário
0.24691,0.24825,2001-06-29 11:00:00.0,Intermediário
0.24648,0.24781,2001-06-29 11:30:00.0,Intermediário
0.24612,0.24745,2001-06-29 12:00:00.0,Intermediário
0.24649,0.24771,2001-06-29 12:30:00.0,Intermediário
0.24625,0.24759,2001-06-29 13:00:00.0,Intermediário
0.24586,0.24719,2001-06-29 13:30:00.0,Intermediário
0.24597,0.24731,2001-06-29 14:00:00.0,Intermediário
0.24611,0.24744,2001-06-29 14:30:00.0,Intermediário
0.24599,0.24732,2001-06-29 15:00:00.0,Intermediário
0.24604,0.24727,2001-06-29 15:30:00.0,Intermediário
0.24751,0.24885,2001-06-29 16:00:00.0,Intermediário
0.24713,0.24847,2001-06-29 16:30:00.0,Fechamento Interbancário
0.24696,0.24742,2001-06-29 17:31:00.0,Fechamento
0.24645,0.24863,2001-07-02 09:56:00.0,Abertura
0.24643,0.24808,2001-07-02 10:00:00.0,Intermediário
0.24686,0.24809,2001-07-02 10:30:00.0,Intermediário
0.24667,0.24789,2001-07-02 11:00:00.0,Intermediário
0.24714,0.24848,2001-07-02 11:30:00.0,Intermediário
0.24733,0.24856,2001-07-02 12:00:00.0,Intermediário
0.24658,0.24781,2001-07-02 12:30:00.0,Intermediário
0.24677,0.248,2001-07-02 13:00:00.0,Intermediário
0.24666,0.24789,2001-07-02 13:30:00.0,Intermediário
0.24653,0.24776,2001-07-02 14:00:00.0,Intermediário
0.24657,0.2478,2001-07-02 14:30:00.0,Intermediário
0.24624,0.24758,2001-07-02 15:00:00.0,Intermediário
0.24652,0.24785,2001-07-02 15:30:00.0,Intermediário
0.24683,0.24817,2001-07-02 16:00:00.0,Intermediário
0.24704,0.24837,2001-07-02 16:30:00.0,Fechamento Interbancário
0.24676,0.24722,2001-07-02 17:21:00.0,Fechamento
0.24817,0.25037,2001-07-03 09:45:00.0,Abertura
0.24833,0.24978,2001-07-03 10:00:00.0,Intermediário
0.24791,0.24914,2001-07-03 10:30:00.0,Intermediário
0.24834,0.24968,2001-07-03 11:00:00.0,Intermediário
0.24875,0.24998,2001-07-03 11:30:00.0,Intermediário
0.24921,0.25045,2001-07-03 12:00:00.0,Intermediário
0.24982,0.25117,2001-07-03 12:30:00.0,Intermediário
0.24996,0.25131,2001-07-03 13:00:00.0,Intermediário
0.24969,0.25104,2001-07-03 13:30:00.0,Intermediário
0.24991,0.25126,2001-07-03 14:00:00.0,Intermediário
0.2502,0.25155,2001-07-03 14:30:00.0,Intermediário
0.25097,0.25222,2001-07-03 15:00:00.0,Intermediário
0.2503,0.25187,2001-07-03 15:30:00.0,Intermediário
0.25025,0.25246,2001-07-03 16:00:00.0,Intermediário
0.25088,0.25256,2001-07-03 16:31:00.0,Fechamento Interbancário
0.24998,0.25045,2001-07-03 17:39:00.0,Fechamento
0.25234,0.25456,2001-07-04 09:48:00.0,Abertura
0.25355,0.25513,2001-07-04 10:00:00.0,Intermediário
0.25393,0.25541,2001-07-04 10:30:00.0,Intermediário
0.25424,0.25561,2001-07-04 11:00:00.0,Intermediário
0.25408,0.25545,2001-07-04 11:30:00.0,Intermediário
0.25419,0.25555,2001-07-04 12:00:00.0,Intermediário
0.25454,0.25612,2001-07-04 12:30:00.0,Intermediário
0.25479,0.25649,2001-07-04 13:00:00.0,Intermediário
0.25521,0.25658,2001-07-04 13:30:00.0,Intermediário
0.25483,0.2562,2001-07-04 14:00:00.0,Intermediário
0.25487,0.25624,2001-07-04 14:30:00.0,Intermediário
0.25511,0.25648,2001-07-04 15:00:00.0,Intermediário
0.25588,0.25736,2001-07-04 15:30:00.0,Intermediário
0.25718,0.25867,2001-07-04 16:00:00.0,Intermediário
0.25724,0.25862,2001-07-04 16:30:00.0,Fechamento Interbancário
0.2546,0.25508,2001-07-04 17:14:00.0,Fechamento
0.25592,0.25814,2001-07-05 09:47:00.0,Abertura
0.25533,0.25703,2001-07-05 10:00:00.0,Intermediário
0.25514,0.25683,2001-07-05 10:30:00.0,Intermediário
0.25497,0.25656,2001-07-05 11:00:00.0,Intermediário
0.25501,0.25638,2001-07-05 11:30:00.0,Intermediário
0.25563,0.2569,2001-07-05 12:00:00.0,Intermediário
0.25692,0.25841,2001-07-05 12:30:00.0,Intermediário
0.25606,0.25744,2001-07-05 13:00:00.0,Intermediário
0.25596,0.25733,2001-07-05 13:30:00.0,Intermediário
0.25553,0.2569,2001-07-05 14:00:00.0,Intermediário
0.2556,0.25697,2001-07-05 14:30:00.0,Intermediário
0.25733,0.25893,2001-07-05 15:00:00.0,Intermediário
0.25885,0.26023,2001-07-05 15:30:00.0,Intermediário
0.26006,0.26209,2001-07-05 16:00:00.0,Intermediário
0.26067,0.26291,2001-07-05 16:30:00.0,Fechamento Interbancário
0.25506,0.25553,2001-07-05 17:21:00.0,Fechamento
0.26676,0.26904,2001-07-06 09:53:00.0,Abertura
0.26825,0.27053,2001-07-06 10:00:00.0,Intermediário
0.26498,0.26724,2001-07-06 10:30:00.0,Intermediário
0.26389,0.26562,2001-07-06 11:00:00.0,Intermediário
0.26625,0.26852,2001-07-06 11:30:00.0,Intermediário
0.26481,0.26654,2001-07-06 12:00:00.0,Intermediário
0.2642,0.26593,2001-07-06 12:30:00.0,Intermediário
0.26532,0.26706,2001-07-06 13:00:00.0,Intermediário
0.26511,0.26685,2001-07-06 13:30:00.0,Intermediário
0.26519,0.26693,2001-07-06 14:00:00.0,Intermediário
0.26533,0.26707,2001-07-06 14:30:00.0,Intermediário
0.26407,0.26634,2001-07-06 15:00:00.0,Intermediário
0.26129,0.26301,2001-07-06 15:30:00.0,Intermediário
0.25855,0.26026,2001-07-06 16:00:00.0,Intermediário
0.25919,0.2609,2001-07-06 16:30:00.0,Fechamento Interbancário
0.26606,0.26655,2001-07-06 17:31:00.0,Fechamento
0.26244,0.2647,2001-07-09 09:57:00.0,Abertura
0.26244,0.26416,2001-07-09 10:00:00.0,Intermediário
0.26174,0.26379,2001-07-09 10:30:00.0,Intermediário
0.2603,0.26201,2001-07-09 11:00:00.0,Intermediário
0.26049,0.26275,2001-07-09 11:30:00.0,Intermediário
0.26119,0.26292,2001-07-09 12:00:00.0,Intermediário
0.26099,0.26293,2001-07-09 12:30:00.0,Intermediário
0.26105,0.26266,2001-07-09 13:00:00.0,Intermediário
0.26134,0.26296,2001-07-09 13:30:00.0,Intermediário
0.26127,0.26288,2001-07-09 14:00:00.0,Intermediário
0.2611,0.26272,2001-07-09 14:30:00.0,Intermediário
0.26026,0.2623,2001-07-09 15:00:00.0,Intermediário
0.26115,0.26266,2001-07-09 15:30:00.0,Intermediário
0.26164,0.26305,2001-07-09 16:00:00.0,Intermediário
0.26195,0.26347,2001-07-09 16:30:00.0,Fechamento Interbancário
0.26271,0.2632,2001-07-09 17:21:00.0,Fechamento
0.26204,0.26431,2001-07-10 09:45:00.0,Abertura
0.26196,0.26379,2001-07-10 10:00:00.0,Intermediário
0.26317,0.2648,2001-07-10 10:30:00.0,Intermediário
0.26562,0.26704,2001-07-10 11:00:00.0,Intermediário
0.26705,0.26881,2001-07-10 11:30:00.0,Intermediário
0.26762,0.26905,2001-07-10 12:00:00.0,Intermediário
0.26702,0.26856,2001-07-10 12:30:00.0,Intermediário
0.26751,0.26894,2001-07-10 13:00:00.0,Intermediário
0.26733,0.26877,2001-07-10 13:30:00.0,Intermediário
0.26748,0.26891,2001-07-10 14:00:00.0,Intermediário
0.26748,0.26892,2001-07-10 14:30:00.0,Intermediário
0.26714,0.26889,2001-07-10 15:00:00.0,Intermediário
0.26597,0.26762,2001-07-10 15:30:00.0,Intermediário
0.26709,0.26906,2001-07-10 16:04:00.0,Intermediário
0.26675,0.26872,2001-07-10 16:30:00.0,Fechamento Interbancário
0.26681,0.2673,2001-07-10 17:19:00.0,Fechamento
0.27541,0.27775,2001-07-11 09:44:00.0,Abertura
0.2756,0.27717,2001-07-11 10:05:00.0,Intermediário
0.27513,0.27693,2001-07-11 10:30:00.0,Intermediário
0.27395,0.27574,2001-07-11 11:00:00.0,Intermediário
0.27329,0.27475,2001-07-11 11:30:00.0,Intermediário
0.27329,0.27475,2001-07-11 12:00:00.0,Intermediário
0.27367,0.27513,2001-07-11 12:30:00.0,Intermediário
0.27466,0.27613,2001-07-11 13:00:00.0,Intermediário
0.27398,0.27555,2001-07-11 13:30:00.0,Intermediário
0.27456,0.27614,2001-07-11 14:00:00.0,Intermediário
0.27411,0.27568,2001-07-11 14:30:00.0,Intermediário
0.2684,0.2707,2001-07-11 15:00:00.0,Intermediário
0.2693,0.27074,2001-07-11 15:30:00.0,Intermediário
0.26733,0.26963,2001-07-11 16:00:00.0,Intermediário
0.2679,0.26966,2001-07-11 16:30:00.0,Fechamento Interbancário
0.2717,0.2722,2001-07-11 17:16:00.0,Fechamento
0.27484,0.27717,2001-07-12 09:50:00.0,Abertura
0.27144,0.27407,2001-07-12 10:00:00.0,Intermediário
0.27179,0.27356,2001-07-12 10:30:00.0,Intermediário
0.27192,0.27391,2001-07-12 11:00:00.0,Intermediário
0.27115,0.27281,2001-07-12 11:30:00.0,Intermediário
0.27207,0.27374,2001-07-12 12:00:00.0,Intermediário
0.27279,0.27425,2001-07-12 12:30:00.0,Intermediário
0.27438,0.27617,2001-07-12 13:00:00.0,Intermediário
0.27442,0.27621,2001-07-12 13:30:00.0,Intermediário
0.27471,0.2765,2001-07-12 14:00:00.0,Intermediário
0.27431,0.27609,2001-07-12 14:30:00.0,Intermediário
0.27112,0.27267,2001-07-12 15:00:00.0,Intermediário
0.2719,0.27389,2001-07-12 15:30:00.0,Intermediário
0.27237,0.27382,2001-07-12 16:00:00.0,Intermediário
0.27228,0.27395,2001-07-12 16:30:00.0,Fechamento Interbancário
0.27201,0.27252,2001-07-12 17:22:00.0,Fechamento
0.27003,0.27233,2001-07-13 09:44:00.0,Abertura
0.27167,0.27355,2001-07-13 10:00:00.0,Intermediário
0.27174,0.27329,2001-07-13 10:30:00.0,Intermediário
0.27248,0.27393,2001-07-13 11:00:00.0,Intermediário
0.27265,0.27443,2001-07-13 11:30:00.0,Intermediário
0.2734,0.27486,2001-07-13 12:00:00.0,Intermediário
0.27355,0.27533,2001-07-13 12:30:00.0,Intermediário
0.27362,0.27507,2001-07-13 13:00:00.0,Intermediário
0.27338,0.27483,2001-07-13 13:30:00.0,Intermediário
0.2732,0.27466,2001-07-13 14:00:00.0,Intermediário
0.27305,0.27451,2001-07-13 14:30:00.0,Intermediário
0.27114,0.27291,2001-07-13 15:00:00.0,Intermediário
0.2726,0.27416,2001-07-13 15:30:00.0,Intermediário
0.27515,0.27704,2001-07-13 16:00:00.0,Intermediário
0.27579,0.27811,2001-07-13 16:30:00.0,Fechamento Interbancário
0.27355,0.27406,2001-07-13 17:20:00.0,Fechamento
0.27747,0.27981,2001-07-16 09:51:00.0,Abertura
0.27777,0.28011,2001-07-16 10:00:00.0,Intermediário
0.2778,0.27928,2001-07-16 10:30:00.0,Intermediário
0.27833,0.27981,2001-07-16 11:00:00.0,Intermediário
0.2786,0.28008,2001-07-16 11:30:00.0,Intermediário
0.2777,0.27928,2001-07-16 12:00:00.0,Intermediário
0.27739,0.27886,2001-07-16 12:30:00.0,Intermediário
0.27746,0.27925,2001-07-16 13:00:00.0,Intermediário
0.27751,0.27899,2001-07-16 13:30:00.0,Intermediário
0.27756,0.27904,2001-07-16 14:00:00.0,Intermediário
0.27747,0.27895,2001-07-16 14:30:00.0,Intermediário
0.27624,0.27771,2001-07-16 15:00:00.0,Intermediário
0.27605,0.27752,2001-07-16 15:30:00.0,Intermediário
0.27539,0.27696,2001-07-16 16:00:00.0,Intermediário
0.27552,0.27688,2001-07-16 16:30:00.0,Fechamento Interbancário
0.27738,0.27789,2001-07-16 17:25:00.0,Fechamento
0.27111,0.27341,2001-07-17 09:47:00.0,Abertura
0.26965,0.27109,2001-07-17 10:00:00.0,Intermediário
0.27012,0.27156,2001-07-17 10:30:00.0,Intermediário
0.27073,0.27218,2001-07-17 11:00:00.0,Intermediário
0.27045,0.27189,2001-07-17 11:30:00.0,Intermediário
0.26927,0.27071,2001-07-17 12:00:00.0,Intermediário
0.26882,0.27068,2001-07-17 12:30:00.0,Intermediário
0.26767,0.2691,2001-07-17 13:00:00.0,Intermediário
0.26841,0.26984,2001-07-17 13:30:00.0,Intermediário
0.26832,0.26976,2001-07-17 14:00:00.0,Intermediário
0.26896,0.2704,2001-07-17 14:30:00.0,Intermediário
0.2676,0.26903,2001-07-17 15:00:00.0,Intermediário
0.26898,0.27042,2001-07-17 15:30:00.0,Intermediário
0.26765,0.2693,2001-07-17 16:00:00.0,Intermediário
0.26756,0.26921,2001-07-17 16:30:00.0,Fechamento Interbancário
0.27117,0.27167,2001-07-17 17:28:00.0,Fechamento
0.26277,0.26505,2001-07-18 09:42:00.0,Abertura
0.26431,0.26659,2001-07-18 10:00:00.0,Intermediário
0.26365,0.26518,2001-07-18 10:30:00.0,Intermediário
0.26485,0.26627,2001-07-18 11:00:00.0,Intermediário
0.2663,0.26773,2001-07-18 11:30:00.0,Intermediário
0.26674,0.26807,2001-07-18 12:05:00.0,Intermediário
0.26681,0.26824,2001-07-18 12:30:00.0,Intermediário
0.26791,0.26968,2001-07-18 13:00:00.0,Intermediário
0.26847,0.26991,2001-07-18 13:30:00.0,Intermediário
0.2685,0.26994,2001-07-18 14:00:00.0,Intermediário
0.26843,0.26987,2001-07-18 14:30:00.0,Intermediário
0.27228,0.27407,2001-07-18 15:00:00.0,Intermediário
0.27358,0.27526,2001-07-18 15:30:00.0,Intermediário
0.27203,0.27349,2001-07-18 16:00:00.0,Intermediário
0.27181,0.27326,2001-07-18 16:30:00.0,Fechamento Interbancário
0.2688,0.26931,2001-07-18 17:23:00.0,Fechamento
0.27436,0.2767,2001-07-19 09:50:00.0,Abertura
0.27158,0.27315,2001-07-19 10:00:00.0,Intermediário
0.27044,0.27189,2001-07-19 10:30:00.0,Intermediário
0.273,0.27457,2001-07-19 11:00:00.0,Intermediário
0.27167,0.27313,2001-07-19 11:30:00.0,Intermediário
0.27176,0.27322,2001-07-19 12:00:00.0,Intermediário
0.27075,0.2722,2001-07-19 12:30:00.0,Intermediário
0.27037,0.27193,2001-07-19 13:00:00.0,Intermediário
0.27014,0.27169,2001-07-19 13:30:00.0,Intermediário
0.27078,0.27234,2001-07-19 14:06:00.0,Intermediário
0.27131,0.27288,2001-07-19 14:30:00.0,Intermediário
0.27254,0.27411,2001-07-19 15:00:00.0,Intermediário
0.27153,0.2732,2001-07-19 15:30:00.0,Intermediário
0.27213,0.27359,2001-07-19 16:00:00.0,Intermediário
0.2722,0.27366,2001-07-19 16:30:00.0,Fechamento Interbancário
0.27239,0.2729,2001-07-19 17:26:00.0,Fechamento
0.26967,0.27199,2001-07-20 09:44:00.0,Abertura
0.26778,0.26966,2001-07-20 10:00:00.0,Intermediário
0.26827,0.26983,2001-07-20 10:30:00.0,Intermediário
0.26906,0.2705,2001-07-20 11:00:00.0,Intermediário
0.26934,0.2709,2001-07-20 11:30:00.0,Intermediário
0.26875,0.27019,2001-07-20 12:00:00.0,Intermediário
0.26728,0.26893,2001-07-20 12:30:00.0,Intermediário
0.26696,0.2684,2001-07-20 13:00:00.0,Intermediário
0.26707,0.26873,2001-07-20 13:30:00.0,Intermediário
0.26698,0.26863,2001-07-20 14:00:00.0,Intermediário
0.26675,0.26841,2001-07-20 14:30:00.0,Intermediário
0.26526,0.26701,2001-07-20 15:00:00.0,Intermediário
0.26411,0.26564,2001-07-20 15:30:00.0,Intermediário
0.26555,0.26731,2001-07-20 16:00:00.0,Intermediário
0.26533,0.26687,2001-07-20 16:30:00.0,Fechamento Interbancário
0.26673,0.26723,2001-07-20 18:18:00.0,Fechamento
0.26239,0.26467,2001-07-23 09:46:00.0,Abertura
0.26119,0.2626,2001-07-23 10:00:00.0,Intermediário
0.26084,0.26224,2001-07-23 10:30:00.0,Intermediário
0.26052,0.26192,2001-07-23 11:00:00.0,Intermediário
0.26049,0.262,2001-07-23 11:30:00.0,Intermediário
0.26106,0.26247,2001-07-23 12:00:00.0,Intermediário
0.2609,0.26241,2001-07-23 12:30:00.0,Intermediário
0.26057,0.26197,2001-07-23 13:00:00.0,Intermediário
0.26106,0.26247,2001-07-23 13:30:00.0,Intermediário
0.26111,0.26252,2001-07-23 14:00:00.0,Intermediário
0.26095,0.26236,2001-07-23 14:30:00.0,Intermediário
0.26157,0.26298,2001-07-23 15:00:00.0,Intermediário
0.26125,0.26265,2001-07-23 15:30:00.0,Intermediário
0.26154,0.26295,2001-07-23 16:00:00.0,Intermediário
0.26141,0.26292,2001-07-23 16:30:00.0,Fechamento Interbancário
0.26155,0.26204,2001-07-23 17:22:00.0,Fechamento
0.26202,0.2643,2001-07-24 09:45:00.0,Abertura
0.26222,0.26363,2001-07-24 10:00:00.0,Intermediário
0.26159,0.26311,2001-07-24 10:30:00.0,Intermediário
0.26328,0.26458,2001-07-24 11:00:00.0,Intermediário
0.26376,0.26518,2001-07-24 11:30:00.0,Intermediário
0.26368,0.2651,2001-07-24 12:00:00.0,Intermediário
0.26485,0.26627,2001-07-24 12:30:00.0,Intermediário
0.2653,0.26684,2001-07-24 13:00:00.0,Intermediário
0.26533,0.26675,2001-07-24 13:30:00.0,Intermediário
0.26532,0.26675,2001-07-24 14:00:00.0,Intermediário
0.26496,0.26639,2001-07-24 14:30:00.0,Intermediário
0.26794,0.26938,2001-07-24 15:00:00.0,Intermediário
0.26823,0.27011,2001-07-24 15:30:00.0,Intermediário
0.26904,0.2706,2001-07-24 16:00:00.0,Intermediário
0.26923,0.2709,2001-07-24 16:30:00.0,Fechamento Interbancário
0.26427,0.26477,2001-07-24 17:30:00.0,Fechamento
0.27249,0.27483,2001-07-25 09:37:00.0,Abertura
0.27325,0.27471,2001-07-25 10:00:00.0,Intermediário
0.27308,0.27476,2001-07-25 10:30:00.0,Intermediário
0.27251,0.2743,2001-07-25 11:00:00.0,Intermediário
0.27246,0.27404,2001-07-25 11:30:00.0,Intermediário
0.27261,0.27418,2001-07-25 12:00:00.0,Intermediário
0.27247,0.27393,2001-07-25 12:30:00.0,Intermediário
0.27076,0.27298,2001-07-25 13:00:00.0,Intermediário
0.27113,0.27292,2001-07-25 13:30:00.0,Intermediário
0.27084,0.27262,2001-07-25 14:00:00.0,Intermediário
0.27115,0.27294,2001-07-25 14:30:00.0,Intermediário
0.27233,0.27401,2001-07-25 15:00:00.0,Intermediário
0.27294,0.2744,2001-07-25 15:30:00.0,Intermediário
0.2721,0.274,2001-07-25 16:00:00.0,Intermediário
0.27232,0.27389,2001-07-25 16:30:00.0,Fechamento Interbancário
0.27308,0.27359,2001-07-25 17:14:00.0,Fechamento
0.27066,0.27299,2001-07-26 09:39:00.0,Abertura
0.27022,0.27178,2001-07-26 10:00:00.0,Intermediário
0.27174,0.27331,2001-07-26 10:30:00.0,Intermediário
0.27184,0.27351,2001-07-26 11:00:00.0,Intermediário
0.27275,0.27421,2001-07-26 11:30:00.0,Intermediário
0.27257,0.27403,2001-07-26 12:00:00.0,Intermediário
0.27178,0.27335,2001-07-26 12:30:00.0,Intermediário
0.27164,0.2731,2001-07-26 13:00:00.0,Intermediário
0.27202,0.27348,2001-07-26 13:30:00.0,Intermediário
0.27175,0.27321,2001-07-26 14:00:00.0,Intermediário
0.27199,0.27345,2001-07-26 14:30:00.0,Intermediário
0.27109,0.27277,2001-07-26 15:00:00.0,Intermediário
0.27105,0.27251,2001-07-26 15:30:00.0,Intermediário
0.27123,0.2728,2001-07-26 16:00:00.0,Intermediário
0.27098,0.27265,2001-07-26 16:30:00.0,Fechamento Interbancário
0.27227,0.27278,2001-07-26 17:20:00.0,Fechamento
0.27421,0.27656,2001-07-27 09:49:00.0,Abertura
0.27429,0.2762,2001-07-27 10:01:00.0,Intermediário
0.27558,0.27706,2001-07-27 10:30:00.0,Intermediário
0.27432,0.2759,2001-07-27 11:00:00.0,Intermediário
0.27378,0.27536,2001-07-27 11:30:00.0,Intermediário
0.27276,0.27433,2001-07-27 12:00:00.0,Intermediário
0.27188,0.27345,2001-07-27 12:30:00.0,Intermediário
0.27255,0.27412,2001-07-27 13:00:00.0,Intermediário
0.27243,0.274,2001-07-27 13:30:00.0,Intermediário
0.27223,0.2738,2001-07-27 14:00:00.0,Intermediário
0.27257,0.27414,2001-07-27 14:30:00.0,Intermediário
0.27207,0.27364,2001-07-27 15:00:00.0,Intermediário
0.27253,0.27399,2001-07-27 15:30:00.0,Intermediário
0.26785,0.27017,2001-07-27 16:00:00.0,Intermediário
0.26801,0.26978,2001-07-27 16:30:00.0,Fechamento Interbancário
0.27332,0.27383,2001-07-27 17:17:00.0,Fechamento
0.26297,0.26526,2001-07-30 09:42:00.0,Abertura
0.26383,0.26569,2001-07-30 10:00:00.0,Intermediário
0.26544,0.26687,2001-07-30 10:30:00.0,Intermediário
0.26653,0.26818,2001-07-30 11:00:00.0,Intermediário
0.26653,0.26818,2001-07-30 11:30:00.0,Intermediário
0.26608,0.26751,2001-07-30 12:00:00.0,Intermediário
0.26629,0.26784,2001-07-30 12:30:00.0,Intermediário
0.26559,0.26702,2001-07-30 13:00:00.0,Intermediário
0.26571,0.26714,2001-07-30 13:30:00.0,Intermediário
0.26563,0.26706,2001-07-30 14:00:00.0,Intermediário
0.26566,0.26709,2001-07-30 14:30:00.0,Intermediário
0.26576,0.26719,2001-07-30 15:00:00.0,Intermediário
0.26535,0.26689,2001-07-30 15:30:00.0,Intermediário
0.26314,0.26489,2001-07-30 16:00:00.0,Intermediário
0.26363,0.26516,2001-07-30 16:30:00.0,Fechamento Interbancário
0.26581,0.26631,2001-07-30 18:25:00.0,Fechamento
0.26289,0.26518,2001-07-31 09:44:00.0,Abertura
0.26492,0.26623,2001-07-31 10:00:00.0,Intermediário
0.26537,0.2668,2001-07-31 10:30:00.0,Intermediário
0.26697,0.2684,2001-07-31 11:00:00.0,Intermediário
0.26538,0.26703,2001-07-31 11:30:00.0,Intermediário
0.2648,0.26623,2001-07-31 12:00:00.0,Intermediário
0.26529,0.26693,2001-07-31 12:30:00.0,Intermediário
0.26627,0.2677,2001-07-31 13:00:00.0,Intermediário
0.26568,0.26711,2001-07-31 13:30:00.0,Intermediário
0.26608,0.26751,2001-07-31 14:00:00.0,Intermediário
0.26606,0.26749,2001-07-31 14:30:00.0,Intermediário
0.26629,0.26772,2001-07-31 15:00:00.0,Intermediário
0.26791,0.26935,2001-07-31 15:30:00.0,Intermediário
0.26962,0.27129,2001-07-31 16:00:00.0,Intermediário
0.26947,0.27114,2001-07-31 16:30:00.0,Fechamento Interbancário
0.26612,0.26662,2001-07-31 18:14:00.0,Fechamento
0.27153,0.27387,2001-08-01 09:47:00.0,Abertura
0.27243,0.27412,2001-08-01 10:00:00.0,Intermediário
0.27365,0.27512,2001-08-01 10:30:00.0,Intermediário
0.27414,0.27572,2001-08-01 11:04:00.0,Intermediário
0.27331,0.275,2001-08-01 11:30:00.0,Intermediário
0.27281,0.27439,2001-08-01 12:00:00.0,Intermediário
0.27331,0.27489,2001-08-01 12:30:00.0,Intermediário
0.27396,0.27565,2001-08-01 13:00:00.0,Intermediário
0.27366,0.27535,2001-08-01 13:30:00.0,Intermediário
0.27396,0.27565,2001-08-01 14:00:00.0,Intermediário
0.27399,0.27568,2001-08-01 14:30:00.0,Intermediário
0.27491,0.27638,2001-08-01 15:00:00.0,Intermediário
0.27361,0.27541,2001-08-01 15:30:00.0,Intermediário
0.27386,0.27533,2001-08-01 16:00:00.0,Intermediário
0.27337,0.27494,2001-08-01 16:30:00.0,Fechamento Interbancário
0.27377,0.27428,2001-08-01 17:34:00.0,Fechamento
0.27052,0.27286,2001-08-02 09:55:00.0,Abertura
0.27308,0.27476,2001-08-02 10:00:00.0,Intermediário
0.27245,0.27392,2001-08-02 10:30:00.0,Intermediário
0.27435,0.27583,2001-08-02 11:00:00.0,Intermediário
0.27367,0.27525,2001-08-02 11:30:00.0,Intermediário
0.27421,0.27579,2001-08-02 12:00:00.0,Intermediário
0.27365,0.27512,2001-08-02 12:30:00.0,Intermediário
0.27244,0.2739,2001-08-02 13:00:00.0,Intermediário
0.27261,0.27408,2001-08-02 13:30:00.0,Intermediário
0.27264,0.27411,2001-08-02 14:00:00.0,Intermediário
0.27272,0.27418,2001-08-02 14:30:00.0,Intermediário
0.27306,0.27464,2001-08-02 15:00:00.0,Intermediário
0.27315,0.27462,2001-08-02 15:30:00.0,Intermediário
0.27433,0.2758,2001-08-02 16:00:00.0,Intermediário
0.27455,0.27603,2001-08-02 16:30:00.0,Fechamento Interbancário
0.27437,0.27489,2001-08-02 17:33:00.0,Fechamento
0.27095,0.27329,2001-08-03 09:46:00.0,Abertura
0.27202,0.27348,2001-08-03 10:00:00.0,Intermediário
0.27317,0.27463,2001-08-03 10:30:00.0,Intermediário
0.27436,0.27583,2001-08-03 11:00:00.0,Intermediário
0.27547,0.27695,2001-08-03 11:30:00.0,Intermediário
0.27644,0.27804,2001-08-03 12:00:00.0,Intermediário
0.27643,0.27791,2001-08-03 12:30:00.0,Intermediário
0.27575,0.27745,2001-08-03 13:00:00.0,Intermediário
0.27559,0.27707,2001-08-03 13:30:00.0,Intermediário
0.2754,0.27688,2001-08-03 14:00:00.0,Intermediário
0.27561,0.27709,2001-08-03 14:30:00.0,Intermediário
0.27529,0.27676,2001-08-03 15:00:00.0,Intermediário
0.27489,0.27659,2001-08-03 15:30:00.0,Intermediário
0.27628,0.27787,2001-08-03 16:00:00.0,Intermediário
0.27622,0.27781,2001-08-03 16:30:00.0,Fechamento Interbancário
0.2752,0.27571,2001-08-03 17:28:00.0,Fechamento
0.27208,0.27442,2001-08-06 09:49:00.0,Abertura
0.27179,0.27325,2001-08-06 10:00:00.0,Intermediário
0.27214,0.2736,2001-08-06 10:30:00.0,Intermediário
0.27252,0.27398,2001-08-06 11:00:00.0,Intermediário
0.27119,0.27298,2001-08-06 11:30:00.0,Intermediário
0.27196,0.27343,2001-08-06 12:00:00.0,Intermediário
0.27165,0.27311,2001-08-06 12:30:00.0,Intermediário
0.27195,0.2733,2001-08-06 13:00:00.0,Intermediário
0.27206,0.27341,2001-08-06 13:30:00.0,Intermediário
0.27142,0.27277,2001-08-06 14:00:00.0,Intermediário
0.27233,0.27368,2001-08-06 14:30:00.0,Intermediário
0.27126,0.27272,2001-08-06 15:00:00.0,Intermediário
0.27168,0.27314,2001-08-06 15:30:00.0,Intermediário
0.2716,0.27317,2001-08-06 16:00:00.0,Intermediário
0.27161,0.27307,2001-08-06 16:30:00.0,Fechamento Interbancário
0.27302,0.27353,2001-08-06 17:34:00.0,Fechamento
0.26857,0.27089,2001-08-07 10:06:00.0,Abertura
0.26773,0.26917,2001-08-07 10:08:00.0,Intermediário
0.26788,0.26921,2001-08-07 10:30:00.0,Intermediário
0.26846,0.26991,2001-08-07 11:00:00.0,Intermediário
0.26804,0.2696,2001-08-07 11:30:00.0,Intermediário
0.26787,0.26932,2001-08-07 12:00:00.0,Intermediário
0.26828,0.26972,2001-08-07 12:30:00.0,Intermediário
0.26872,0.27017,2001-08-07 13:00:00.0,Intermediário
0.26868,0.27013,2001-08-07 13:30:00.0,Intermediário
0.2689,0.27034,2001-08-07 14:00:00.0,Intermediário
0.26878,0.27022,2001-08-07 14:30:00.0,Intermediário
0.2679,0.26934,2001-08-07 15:00:00.0,Intermediário
0.26817,0.26962,2001-08-07 15:30:00.0,Intermediário
0.27277,0.27424,2001-08-07 16:00:00.0,Intermediário
0.27242,0.27444,2001-08-07 16:30:00.0,Fechamento Interbancário
0.26906,0.26957,2001-08-07 18:09:00.0,Fechamento
0.26967,0.272,2001-08-08 09:43:00.0,Abertura
0.26997,0.27142,2001-08-08 10:00:00.0,Intermediário
0.27231,0.274,2001-08-08 10:30:00.0,Intermediário
0.27203,0.27349,2001-08-08 11:00:00.0,Intermediário
0.27104,0.2726,2001-08-08 11:30:00.0,Intermediário
0.2712,0.27288,2001-08-08 12:00:00.0,Intermediário
0.27121,0.27266,2001-08-08 12:30:00.0,Intermediário
0.27108,0.27254,2001-08-08 13:00:00.0,Intermediário
0.27136,0.27282,2001-08-08 13:30:00.0,Intermediário
0.27171,0.27318,2001-08-08 14:00:00.0,Intermediário
0.27168,0.27315,2001-08-08 14:30:00.0,Intermediário
0.27082,0.2725,2001-08-08 15:00:00.0,Intermediário
0.27257,0.27404,2001-08-08 15:30:00.0,Intermediário
0.27251,0.27398,2001-08-08 16:00:00.0,Intermediário
0.27237,0.27383,2001-08-08 16:30:00.0,Fechamento Interbancário
0.27265,0.27316,2001-08-08 17:21:00.0,Fechamento
0.27155,0.2739,2001-08-09 09:53:00.0,Abertura
0.27234,0.2738,2001-08-09 10:00:00.0,Intermediário
0.27325,0.27472,2001-08-09 10:30:00.0,Intermediário
0.27288,0.27446,2001-08-09 11:00:00.0,Intermediário
0.27227,0.27385,2001-08-09 11:30:00.0,Intermediário
0.27359,0.27517,2001-08-09 12:00:00.0,Intermediário
0.27274,0.2742,2001-08-09 12:37:00.0,Intermediário
0.27341,0.27477,2001-08-09 13:00:00.0,Intermediário
0.27485,0.27621,2001-08-09 14:06:00.0,Intermediário
0.27425,0.27561,2001-08-09 14:10:00.0,Intermediário
0.27439,0.27576,2001-08-09 14:30:00.0,Intermediário
0.274,0.27536,2001-08-09 15:00:00.0,Intermediário
0.27437,0.27607,2001-08-09 15:30:00.0,Intermediário
0.27446,0.27594,2001-08-09 16:00:00.0,Intermediário
0.27442,0.27589,2001-08-09 16:30:00.0,Fechamento Interbancário
0.27471,0.27522,2001-08-09 17:21:00.0,Fechamento
0.27591,0.27829,2001-08-10 10:17:00.0,Abertura
0.27594,0.27832,2001-08-10 10:19:00.0,Intermediário
0.27611,0.2776,2001-08-10 10:30:00.0,Intermediário
0.27623,0.27771,2001-08-10 11:00:00.0,Intermediário
0.27576,0.27724,2001-08-10 11:30:00.0,Intermediário
0.27633,0.27781,2001-08-10 12:00:00.0,Intermediário
0.27599,0.27736,2001-08-10 12:30:00.0,Intermediário
0.27559,0.27718,2001-08-10 13:00:00.0,Intermediário
0.27557,0.27716,2001-08-10 13:30:00.0,Intermediário
0.27544,0.27703,2001-08-10 14:00:00.0,Intermediário
0.27553,0.27712,2001-08-10 14:30:00.0,Intermediário
0.27562,0.27699,2001-08-10 15:00:00.0,Intermediário
0.2737,0.27517,2001-08-10 15:30:00.0,Intermediário
0.27243,0.27401,2001-08-10 16:00:00.0,Intermediário
0.27272,0.27441,2001-08-10 16:30:00.0,Fechamento Interbancário
0.27539,0.2759,2001-08-10 18:30:00.0,Fechamento
0.27458,0.27695,2001-08-13 09:51:00.0,Abertura
0.27583,0.27753,2001-08-13 10:00:00.0,Intermediário
0.27606,0.27755,2001-08-13 10:30:00.0,Intermediário
0.27573,0.2771,2001-08-13 11:00:00.0,Intermediário
0.27658,0.27796,2001-08-13 11:30:00.0,Intermediário
0.2759,0.27738,2001-08-13 12:00:00.0,Intermediário
0.27621,0.27769,2001-08-13 12:30:00.0,Intermediário
0.2763,0.27778,2001-08-13 13:00:00.0,Intermediário
0.2763,0.27778,2001-08-13 13:30:00.0,Intermediário
0.27574,0.27722,2001-08-13 14:00:00.0,Intermediário
0.27623,0.27771,2001-08-13 14:30:00.0,Intermediário
0.27609,0.27758,2001-08-13 15:00:00.0,Intermediário
0.27661,0.27809,2001-08-13 15:30:00.0,Intermediário
0.27667,0.27804,2001-08-13 16:00:00.0,Intermediário
0.27635,0.27783,2001-08-13 16:30:00.0,Fechamento Interbancário
0.27571,0.27623,2001-08-13 17:23:00.0,Fechamento
0.27742,0.2798,2001-08-14 09:47:00.0,Abertura
0.27819,0.27968,2001-08-14 10:00:00.0,Intermediário
0.27877,0.28027,2001-08-14 10:30:00.0,Intermediário
0.27862,0.28011,2001-08-14 11:03:00.0,Intermediário
0.27854,0.28003,2001-08-14 11:30:00.0,Intermediário
0.27911,0.2805,2001-08-14 12:00:00.0,Intermediário
0.28031,0.28182,2001-08-14 12:38:00.0,Intermediário
0.28,0.2815,2001-08-14 13:00:00.0,Intermediário
0.28006,0.28156,2001-08-14 13:30:00.0,Intermediário
0.28008,0.28159,2001-08-14 14:00:00.0,Intermediário
0.27985,0.28135,2001-08-14 14:30:00.0,Intermediário
0.27917,0.28078,2001-08-14 15:00:00.0,Intermediário
0.27959,0.28109,2001-08-14 15:30:00.0,Intermediário
0.28016,0.28166,2001-08-14 16:00:00.0,Intermediário
0.27995,0.28145,2001-08-14 16:30:00.0,Fechamento Interbancário
0.2803,0.28083,2001-08-14 17:57:00.0,Fechamento
0.28083,0.28324,2001-08-15 09:47:00.0,Abertura
0.28073,0.28224,2001-08-15 10:00:00.0,Intermediário
0.28073,0.28224,2001-08-15 10:30:00.0,Intermediário
0.28007,0.28158,2001-08-15 11:00:00.0,Intermediário
0.28061,0.28211,2001-08-15 11:30:00.0,Intermediário
0.28011,0.28161,2001-08-15 12:00:00.0,Intermediário
0.27991,0.28141,2001-08-15 12:30:00.0,Intermediário
0.27849,0.27999,2001-08-15 13:00:00.0,Intermediário
0.27897,0.28036,2001-08-15 13:34:00.0,Intermediário
0.2787,0.2802,2001-08-15 14:00:00.0,Intermediário
0.27844,0.27993,2001-08-15 14:30:00.0,Intermediário
0.27791,0.27929,2001-08-15 15:00:00.0,Intermediário
0.27933,0.28083,2001-08-15 15:30:00.0,Intermediário
0.27896,0.28046,2001-08-15 16:00:00.0,Intermediário
0.27887,0.28037,2001-08-15 16:30:00.0,Fechamento Interbancário
0.28078,0.28131,2001-08-15 17:19:00.0,Fechamento
0.27739,0.27979,2001-08-16 09:43:00.0,Abertura
0.27868,0.28018,2001-08-16 10:00:00.0,Intermediário
0.2781,0.27971,2001-08-16 10:30:00.0,Intermediário
0.27817,0.27955,2001-08-16 11:00:00.0,Intermediário
0.27834,0.27984,2001-08-16 11:30:00.0,Intermediário
0.2795,0.281,2001-08-16 12:00:00.0,Intermediário
0.2799,0.28152,2001-08-16 12:30:00.0,Intermediário
0.28103,0.28254,2001-08-16 13:00:00.0,Intermediário
0.28147,0.28287,2001-08-16 13:30:00.0,Intermediário
0.28136,0.28276,2001-08-16 14:06:00.0,Intermediário
0.28105,0.28245,2001-08-16 14:30:00.0,Intermediário
0.2808,0.28231,2001-08-16 15:00:00.0,Intermediário
0.28126,0.28266,2001-08-16 15:30:00.0,Intermediário
0.28143,0.28306,2001-08-16 16:00:00.0,Intermediário
0.28113,0.28264,2001-08-16 16:30:00.0,Fechamento Interbancário
0.2798,0.28032,2001-08-16 17:20:00.0,Fechamento
0.28168,0.2841,2001-08-17 09:51:00.0,Abertura
0.28317,0.2848,2001-08-17 10:00:00.0,Intermediário
0.28308,0.28483,2001-08-17 10:30:00.0,Intermediário
0.28251,0.28392,2001-08-17 11:00:00.0,Intermediário
0.28286,0.28438,2001-08-17 11:30:00.0,Intermediário
0.28365,0.28529,2001-08-17 12:00:00.0,Intermediário
0.28375,0.28539,2001-08-17 12:30:00.0,Intermediário
0.284,0.28541,2001-08-17 13:00:00.0,Intermediário
0.28384,0.28536,2001-08-17 13:30:00.0,Intermediário
0.28378,0.28531,2001-08-17 14:00:00.0,Intermediário
0.2839,0.28542,2001-08-17 14:30:00.0,Intermediário
0.28467,0.2862,2001-08-17 15:00:00.0,Intermediário
0.28529,0.28705,2001-08-17 15:30:00.0,Intermediário
0.2837,0.28534,2001-08-17 16:00:00.0,Intermediário
0.28345,0.28509,2001-08-17 16:30:00.0,Fechamento Interbancário
0.2842,0.28473,2001-08-17 17:26:00.0,Fechamento
0.28497,0.2874,2001-08-20 09:43:00.0,Abertura
0.28502,0.28689,2001-08-20 10:00:00.0,Intermediário
0.28495,0.28648,2001-08-20 10:30:00.0,Intermediário
0.28326,0.28478,2001-08-20 11:00:00.0,Intermediário
0.28307,0.28447,2001-08-20 11:30:00.0,Intermediário
0.2834,0.28492,2001-08-20 12:00:00.0,Intermediário
0.28385,0.28537,2001-08-20 12:30:00.0,Intermediário
0.28397,0.28549,2001-08-20 13:00:00.0,Intermediário
0.28383,0.28535,2001-08-20 13:30:00.0,Intermediário
0.28382,0.28534,2001-08-20 14:00:00.0,Intermediário
0.28401,0.28554,2001-08-20 14:30:00.0,Intermediário
0.28379,0.28542,2001-08-20 15:00:00.0,Intermediário
0.28321,0.28473,2001-08-20 15:30:00.0,Intermediário
0.28234,0.28386,2001-08-20 16:00:00.0,Intermediário
0.2823,0.28382,2001-08-20 16:30:00.0,Fechamento Interbancário
0.28404,0.28458,2001-08-20 17:20:00.0,Fechamento
0.28234,0.28476,2001-08-21 09:51:00.0,Abertura
0.28331,0.28483,2001-08-21 10:00:00.0,Intermediário
0.2831,0.28473,2001-08-21 10:33:00.0,Intermediário
0.28389,0.2853,2001-08-21 11:00:00.0,Intermediário
0.28445,0.28597,2001-08-21 11:30:00.0,Intermediário
0.28495,0.28637,2001-08-21 12:00:00.0,Intermediário
0.28432,0.28585,2001-08-21 12:30:00.0,Intermediário
0.2841,0.28574,2001-08-21 13:00:00.0,Intermediário
0.28386,0.2855,2001-08-21 13:30:00.0,Intermediário
0.28408,0.28572,2001-08-21 14:00:00.0,Intermediário
0.28409,0.28573,2001-08-21 14:30:00.0,Intermediário
0.28589,0.28776,2001-08-21 15:00:00.0,Intermediário
0.28565,0.2873,2001-08-21 15:30:00.0,Intermediário
0.28676,0.28841,2001-08-21 16:00:00.0,Intermediário
0.2873,0.28884,2001-08-21 16:30:00.0,Fechamento Interbancário
0.28616,0.2867,2001-08-21 17:21:00.0,Fechamento
0.28354,0.28598,2001-08-22 09:48:00.0,Abertura
0.28482,0.28636,2001-08-22 10:00:00.0,Intermediário
0.28508,0.2865,2001-08-22 10:30:00.0,Intermediário
0.28615,0.28757,2001-08-22 11:00:00.0,Intermediário
0.28649,0.28791,2001-08-22 11:30:00.0,Intermediário
0.28597,0.2875,2001-08-22 12:00:00.0,Intermediário
0.28601,0.28755,2001-08-22 12:30:00.0,Intermediário
0.28537,0.28691,2001-08-22 13:00:00.0,Intermediário
0.28477,0.2863,2001-08-22 13:30:00.0,Intermediário
0.28478,0.28631,2001-08-22 14:00:00.0,Intermediário
0.2846,0.28613,2001-08-22 14:30:00.0,Intermediário
0.28425,0.28567,2001-08-22 15:00:00.0,Intermediário
0.28364,0.28506,2001-08-22 15:30:00.0,Intermediário
0.28368,0.2852,2001-08-22 16:00:00.0,Intermediário
0.28349,0.28502,2001-08-22 16:30:00.0,Fechamento Interbancário
0.28407,0.2846,2001-08-22 17:24:00.0,Fechamento
0.28199,0.28441,2001-08-23 09:48:00.0,Abertura
0.28227,0.28379,2001-08-23 10:00:00.0,Intermediário
0.28216,0.28368,2001-08-23 10:30:00.0,Intermediário
0.28276,0.28428,2001-08-23 11:00:00.0,Intermediário
0.28344,0.28497,2001-08-23 11:30:00.0,Intermediário
0.2836,0.28534,2001-08-23 12:00:00.0,Intermediário
0.28442,0.28583,2001-08-23 12:30:00.0,Intermediário
0.28492,0.28645,2001-08-23 13:00:00.0,Intermediário
0.28465,0.28618,2001-08-23 13:30:00.0,Intermediário
0.28417,0.28569,2001-08-23 14:00:00.0,Intermediário
0.28416,0.28569,2001-08-23 14:30:00.0,Intermediário
0.28486,0.28651,2001-08-23 15:00:00.0,Intermediário
0.28486,0.28639,2001-08-23 15:30:00.0,Intermediário
0.28445,0.28598,2001-08-23 16:00:00.0,Intermediário
0.2845,0.28603,2001-08-23 16:30:00.0,Fechamento Interbancário
0.28467,0.28521,2001-08-23 17:35:00.0,Fechamento
0.28432,0.28675,2001-08-24 09:44:00.0,Abertura
0.28631,0.28785,2001-08-24 10:00:00.0,Intermediário
0.28695,0.28872,2001-08-24 10:30:00.0,Intermediário
0.28712,0.28866,2001-08-24 11:00:00.0,Intermediário
0.28658,0.28811,2001-08-24 11:30:00.0,Intermediário
0.28678,0.28831,2001-08-24 12:00:00.0,Intermediário
0.28611,0.28765,2001-08-24 12:30:00.0,Intermediário
0.286,0.28753,2001-08-24 13:00:00.0,Intermediário
0.28609,0.28762,2001-08-24 13:30:00.0,Intermediário
0.28601,0.28754,2001-08-24 14:00:00.0,Intermediário
0.28613,0.28766,2001-08-24 14:30:00.0,Intermediário
0.28567,0.28732,2001-08-24 15:00:00.0,Intermediário
0.28561,0.28725,2001-08-24 15:30:00.0,Intermediário
0.28657,0.28822,2001-08-24 16:00:00.0,Intermediário
0.28636,0.28789,2001-08-24 16:30:00.0,Fechamento Interbancário
0.28708,0.28762,2001-08-24 17:32:00.0,Fechamento
0.28539,0.28782,2001-08-27 09:50:00.0,Abertura
0.28641,0.28806,2001-08-27 10:00:00.0,Intermediário
0.28638,0.28792,2001-08-27 10:30:00.0,Intermediário
0.28701,0.28855,2001-08-27 11:00:00.0,Intermediário
0.28719,0.28872,2001-08-27 11:30:00.0,Intermediário
0.28709,0.28863,2001-08-27 12:00:00.0,Intermediário
0.28687,0.28841,2001-08-27 12:30:00.0,Intermediário
0.28737,0.28879,2001-08-27 13:00:00.0,Intermediário
0.28783,0.28926,2001-08-27 13:30:00.0,Intermediário
0.28802,0.28945,2001-08-27 14:00:00.0,Intermediário
0.28817,0.2896,2001-08-27 14:30:00.0,Intermediário
0.28806,0.2896,2001-08-27 15:00:00.0,Intermediário
0.28777,0.28931,2001-08-27 15:30:00.0,Intermediário
0.28778,0.28933,2001-08-27 16:00:00.0,Intermediário
0.2879,0.28944,2001-08-27 16:30:00.0,Fechamento Interbancário
0.28802,0.28856,2001-08-27 18:03:00.0,Fechamento
0.28473,0.28716,2001-08-28 09:43:00.0,Abertura
0.2853,0.28671,2001-08-28 10:00:00.0,Intermediário
0.28558,0.287,2001-08-28 10:30:00.0,Intermediário
0.28649,0.28791,2001-08-28 11:00:00.0,Intermediário
0.28692,0.28846,2001-08-28 11:30:00.0,Intermediário
0.28815,0.28969,2001-08-28 12:00:00.0,Intermediário
0.2883,0.28973,2001-08-28 12:30:00.0,Intermediário
0.28762,0.28905,2001-08-28 13:00:00.0,Intermediário
0.28766,0.2892,2001-08-28 13:30:00.0,Intermediário
0.28769,0.28924,2001-08-28 14:00:00.0,Intermediário
0.28724,0.28878,2001-08-28 14:30:00.0,Intermediário
0.28649,0.28802,2001-08-28 15:00:00.0,Intermediário
0.28759,0.28925,2001-08-28 15:30:00.0,Intermediário
0.28759,0.28913,2001-08-28 16:00:00.0,Intermediário
0.28773,0.28927,2001-08-28 16:30:00.0,Fechamento Interbancário
0.28798,0.28852,2001-08-28 17:17:00.0,Fechamento
0.28609,0.28853,2001-08-29 09:58:00.0,Abertura
0.28655,0.28808,2001-08-29 10:00:00.0,Intermediário
0.28646,0.28788,2001-08-29 10:30:00.0,Intermediário
0.28704,0.28847,2001-08-29 11:00:00.0,Intermediário
0.28696,0.2885,2001-08-29 11:30:00.0,Intermediário
0.28692,0.28834,2001-08-29 12:00:00.0,Intermediário
0.28648,0.28791,2001-08-29 12:30:00.0,Intermediário
0.28677,0.28819,2001-08-29 13:00:00.0,Intermediário
0.28678,0.28831,2001-08-29 13:30:00.0,Intermediário
0.28657,0.2881,2001-08-29 14:00:00.0,Intermediário
0.28674,0.28816,2001-08-29 14:30:00.0,Intermediário
0.28636,0.2879,2001-08-29 15:00:00.0,Intermediário
0.28663,0.28817,2001-08-29 15:30:00.0,Intermediário
0.28669,0.28811,2001-08-29 16:00:00.0,Intermediário
0.28642,0.28796,2001-08-29 16:30:00.0,Fechamento Interbancário
0.28688,0.28742,2001-08-29 17:17:00.0,Fechamento
0.28607,0.28851,2001-08-30 09:49:00.0,Abertura
0.28768,0.28922,2001-08-30 10:00:00.0,Intermediário
0.28668,0.28822,2001-08-30 10:30:00.0,Intermediário
0.28568,0.2871,2001-08-30 11:00:00.0,Intermediário
0.28635,0.28789,2001-08-30 11:30:00.0,Intermediário
0.28624,0.28766,2001-08-30 12:00:00.0,Intermediário
0.2877,0.28913,2001-08-30 12:30:00.0,Intermediário
0.28809,0.28952,2001-08-30 13:00:00.0,Intermediário
0.2881,0.28954,2001-08-30 13:30:00.0,Intermediário
0.28819,0.28962,2001-08-30 14:00:00.0,Intermediário
0.28884,0.29028,2001-08-30 14:30:00.0,Intermediário
0.28787,0.28941,2001-08-30 15:00:00.0,Intermediário
0.28747,0.28901,2001-08-30 15:30:00.0,Intermediário
0.28693,0.28848,2001-08-30 16:00:00.0,Intermediário
0.28686,0.28863,2001-08-30 16:30:00.0,Fechamento Interbancário
0.28819,0.28874,2001-08-30 17:18:00.0,Fechamento
0.28447,0.28691,2001-08-31 09:48:00.0,Abertura
0.28702,0.28856,2001-08-31 10:00:00.0,Intermediário
0.28833,0.28988,2001-08-31 10:30:00.0,Intermediário
0.28901,0.29056,2001-08-31 11:00:00.0,Intermediário
0.28709,0.28863,2001-08-31 11:34:00.0,Intermediário
0.28658,0.28812,2001-08-31 12:00:00.0,Intermediário
0.28709,0.28863,2001-08-31 12:30:00.0,Intermediário
0.28733,0.28875,2001-08-31 13:00:00.0,Intermediário
0.28729,0.28872,2001-08-31 13:30:00.0,Intermediário
0.28767,0.2891,2001-08-31 14:00:00.0,Intermediário
0.28757,0.289,2001-08-31 14:30:00.0,Intermediário
0.28814,0.28958,2001-08-31 15:00:00.0,Intermediário
0.28872,0.29026,2001-08-31 15:30:00.0,Intermediário
0.28932,0.29109,2001-08-31 16:00:00.0,Intermediário
0.28914,0.29069,2001-08-31 16:30:00.0,Fechamento Interbancário
0.28828,0.28882,2001-08-31 17:16:00.0,Fechamento
0.28874,0.2912,2001-09-03 09:54:00.0,Abertura
0.28903,0.29058,2001-09-03 10:00:00.0,Intermediário
0.28873,0.29028,2001-09-03 10:30:00.0,Intermediário
0.28853,0.28996,2001-09-03 11:00:00.0,Intermediário
0.28797,0.28951,2001-09-03 11:30:00.0,Intermediário
0.28778,0.28921,2001-09-03 12:00:00.0,Intermediário
0.28817,0.28972,2001-09-03 12:30:00.0,Intermediário
0.28849,0.29004,2001-09-03 13:00:00.0,Intermediário
0.2887,0.29025,2001-09-03 13:30:00.0,Intermediário
0.28893,0.29047,2001-09-03 14:00:00.0,Intermediário
0.28905,0.2906,2001-09-03 14:30:00.0,Intermediário
0.28947,0.29091,2001-09-03 15:00:00.0,Intermediário
0.28956,0.29111,2001-09-03 15:30:00.0,Intermediário
0.29014,0.29169,2001-09-03 16:00:00.0,Intermediário
0.29017,0.29173,2001-09-03 16:30:00.0,Fechamento Interbancário
0.28972,0.29027,2001-09-03 17:24:00.0,Fechamento
0.2873,0.28974,2001-09-04 09:49:00.0,Abertura
0.2883,0.28984,2001-09-04 10:00:00.0,Intermediário
0.28927,0.29082,2001-09-04 10:30:00.0,Intermediário
0.28912,0.29067,2001-09-04 11:00:00.0,Intermediário
0.28773,0.28927,2001-09-04 11:32:00.0,Intermediário
0.28694,0.28848,2001-09-04 12:00:00.0,Intermediário
0.28569,0.28722,2001-09-04 12:33:00.0,Intermediário
0.28603,0.28745,2001-09-04 13:00:00.0,Intermediário
0.28575,0.28717,2001-09-04 13:30:00.0,Intermediário
0.28569,0.28711,2001-09-04 14:00:00.0,Intermediário
0.28617,0.28759,2001-09-04 14:30:00.0,Intermediário
0.28611,0.28753,2001-09-04 15:00:00.0,Intermediário
0.28623,0.28776,2001-09-04 15:30:00.0,Intermediário
0.28513,0.28665,2001-09-04 16:00:00.0,Intermediário
0.28504,0.28656,2001-09-04 16:30:00.0,Fechamento Interbancário
0.28676,0.2873,2001-09-04 17:36:00.0,Fechamento
0.28612,0.28855,2001-09-05 09:51:00.0,Abertura
0.28685,0.28839,2001-09-05 10:00:00.0,Intermediário
0.28666,0.28808,2001-09-05 10:30:00.0,Intermediário
0.28597,0.28739,2001-09-05 11:00:00.0,Intermediário
0.28648,0.28791,2001-09-05 11:30:00.0,Intermediário
0.28623,0.28765,2001-09-05 12:00:00.0,Intermediário
0.28642,0.28785,2001-09-05 12:30:00.0,Intermediário
0.28661,0.28814,2001-09-05 13:00:00.0,Intermediário
0.28664,0.28817,2001-09-05 13:30:00.0,Intermediário
0.28637,0.2879,2001-09-05 14:00:00.0,Intermediário
0.28648,0.28801,2001-09-05 14:30:00.0,Intermediário
0.28688,0.2883,2001-09-05 15:00:00.0,Intermediário
0.28707,0.28849,2001-09-05 15:30:00.0,Intermediário
0.28721,0.28874,2001-09-05 16:21:00.0,Intermediário
0.28706,0.28859,2001-09-05 17:06:00.0,Fechamento Interbancário
0.28655,0.28708,2001-09-05 17:39:00.0,Fechamento
0.2867,0.28913,2001-09-06 09:50:00.0,Abertura
0.28878,0.29021,2001-09-06 10:00:00.0,Intermediário
0.28859,0.29013,2001-09-06 10:30:00.0,Intermediário
0.28883,0.29037,2001-09-06 11:00:00.0,Intermediário
0.28971,0.29126,2001-09-06 11:30:00.0,Intermediário
0.29023,0.29167,2001-09-06 12:00:00.0,Intermediário
0.29016,0.29171,2001-09-06 12:30:00.0,Intermediário
0.28998,0.29176,2001-09-06 13:00:00.0,Intermediário
0.28987,0.29143,2001-09-06 13:30:00.0,Intermediário
0.29007,0.29163,2001-09-06 14:00:00.0,Intermediário
0.29056,0.29212,2001-09-06 14:30:00.0,Intermediário
0.29038,0.29205,2001-09-06 15:00:00.0,Intermediário
0.29076,0.29243,2001-09-06 15:30:00.0,Intermediário
0.28994,0.29183,2001-09-06 16:00:00.0,Intermediário
0.29017,0.29207,2001-09-06 16:30:00.0,Fechamento Interbancário
0.29183,0.29238,2001-09-06 17:47:00.0,Fechamento
0.29298,0.29545,2001-09-10 09:45:00.0,Abertura
0.29336,0.29504,2001-09-10 10:00:00.0,Intermediário
0.29329,0.29474,2001-09-10 10:30:00.0,Intermediário
0.29219,0.29375,2001-09-10 11:00:00.0,Intermediário
0.2919,0.29346,2001-09-10 11:30:00.0,Intermediário
0.29129,0.29284,2001-09-10 12:00:00.0,Intermediário
0.2914,0.29307,2001-09-10 12:30:00.0,Intermediário
0.29143,0.29299,2001-09-10 13:00:00.0,Intermediário
0.29159,0.29314,2001-09-10 13:30:00.0,Intermediário
0.29163,0.29319,2001-09-10 14:00:00.0,Intermediário
0.29158,0.29314,2001-09-10 14:30:00.0,Intermediário
0.29229,0.29385,2001-09-10 15:00:00.0,Intermediário
0.29241,0.29386,2001-09-10 15:30:00.0,Intermediário
0.29271,0.29439,2001-09-10 16:00:00.0,Intermediário
0.29247,0.29404,2001-09-10 16:30:00.0,Fechamento Interbancário
0.29256,0.29311,2001-09-10 17:21:00.0,Fechamento
0.29226,0.29472,2001-09-11 09:38:00.0,Abertura
0.29352,0.29509,2001-09-11 10:00:00.0,Intermediário
0.29541,0.29699,2001-09-11 10:34:00.0,Intermediário
0.30101,0.30296,2001-09-11 11:04:00.0,Intermediário
0.30319,0.30515,2001-09-11 11:30:00.0,Intermediário
0.30135,0.30353,2001-09-11 12:02:00.0,Intermediário
0.30193,0.30445,2001-09-11 12:37:00.0,Intermediário
0.30354,0.3055,2001-09-11 13:03:00.0,Intermediário
0.30354,0.3055,2001-09-11 13:30:00.0,Intermediário
0.30354,0.3055,2001-09-11 14:00:00.0,Intermediário
0.30354,0.3055,2001-09-11 14:30:00.0,Intermediário
0.30354,0.30607,2001-09-11 15:00:00.0,Intermediário
0.30411,0.30607,2001-09-11 15:30:00.0,Intermediário
0.30319,0.30493,2001-09-11 16:00:00.0,Intermediário
0.30297,0.30493,2001-09-11 16:30:00.0,Fechamento Interbancário
0.30102,0.30158,2001-09-11 17:11:00.0,Fechamento
0.30056,0.30307,2001-09-12 09:49:00.0,Abertura
0.30124,0.30318,2001-09-12 10:00:00.0,Intermediário
0.30039,0.30222,2001-09-12 10:30:00.0,Intermediário
0.30103,0.30263,2001-09-12 11:00:00.0,Intermediário
0.30158,0.30307,2001-09-12 11:30:00.0,Intermediário
0.30142,0.30292,2001-09-12 12:00:00.0,Intermediário
0.30167,0.30328,2001-09-12 12:30:00.0,Intermediário
0.30256,0.30429,2001-09-12 13:00:00.0,Intermediário
0.30294,0.30467,2001-09-12 13:30:00.0,Intermediário
0.30314,0.30487,2001-09-12 14:00:00.0,Intermediário
0.30324,0.30497,2001-09-12 14:30:00.0,Intermediário
0.30311,0.30495,2001-09-12 15:00:00.0,Intermediário
0.30491,0.30642,2001-09-12 15:30:00.0,Intermediário
0.30493,0.30678,2001-09-12 16:00:00.0,Intermediário
0.30338,0.30591,2001-09-12 16:30:00.0,Fechamento Interbancário
0.30354,0.30411,2001-09-12 17:29:00.0,Fechamento
0.30464,0.30717,2001-09-13 09:50:00.0,Abertura
0.30507,0.3067,2001-09-13 10:00:00.0,Intermediário
0.30607,0.30759,2001-09-13 10:30:00.0,Intermediário
0.30659,0.30822,2001-09-13 11:00:00.0,Intermediário
0.30698,0.30873,2001-09-13 11:30:00.0,Intermediário
0.30845,0.31021,2001-09-13 12:00:00.0,Intermediário
0.31015,0.31226,2001-09-13 12:30:00.0,Intermediário
0.31022,0.3121,2001-09-13 13:00:00.0,Intermediário
0.30981,0.31145,2001-09-13 13:30:00.0,Intermediário
0.30986,0.31151,2001-09-13 14:00:00.0,Intermediário
0.30984,0.31149,2001-09-13 14:30:00.0,Intermediário
0.30405,0.30716,2001-09-13 15:00:00.0,Intermediário
0.30445,0.30641,2001-09-13 15:30:00.0,Intermediário
0.30189,0.30396,2001-09-13 16:00:00.0,Intermediário
0.30207,0.30402,2001-09-13 16:30:00.0,Fechamento Interbancário
0.30725,0.30782,2001-09-13 17:37:00.0,Fechamento
0.3073,0.30985,2001-09-14 09:51:00.0,Abertura
0.30962,0.31127,2001-09-14 10:00:00.0,Intermediário
0.30831,0.30995,2001-09-14 10:30:00.0,Intermediário
0.30715,0.30913,2001-09-14 11:00:00.0,Intermediário
0.30766,0.30918,2001-09-14 11:30:00.0,Intermediário
0.30858,0.31034,2001-09-14 12:00:00.0,Intermediário
0.30898,0.31062,2001-09-14 12:30:00.0,Intermediário
0.31006,0.31172,2001-09-14 13:00:00.0,Intermediário
0.30955,0.3112,2001-09-14 13:30:00.0,Intermediário
0.30994,0.31159,2001-09-14 14:00:00.0,Intermediário
0.31013,0.31178,2001-09-14 14:30:00.0,Intermediário
0.30623,0.30844,2001-09-14 15:00:00.0,Intermediário
0.30678,0.30876,2001-09-14 15:30:00.0,Intermediário
0.30691,0.30878,2001-09-14 16:00:00.0,Intermediário
0.30758,0.30968,2001-09-14 16:30:00.0,Fechamento Interbancário
0.30938,0.30996,2001-09-14 17:37:00.0,Fechamento
0.30504,0.30759,2001-09-17 09:47:00.0,Abertura
0.3056,0.30723,2001-09-17 10:00:00.0,Intermediário
0.30575,0.30738,2001-09-17 10:37:00.0,Intermediário
0.30636,0.30799,2001-09-17 11:00:00.0,Intermediário
0.30576,0.30739,2001-09-17 11:30:00.0,Intermediário
0.30385,0.30547,2001-09-17 12:05:00.0,Intermediário
0.30506,0.3068,2001-09-17 12:30:00.0,Intermediário
0.3061,0.30761,2001-09-17 13:00:00.0,Intermediário
0.30592,0.30744,2001-09-17 13:30:00.0,Intermediário
0.307,0.30852,2001-09-17 14:00:00.0,Intermediário
0.30834,0.30987,2001-09-17 14:30:00.0,Intermediário
0.30795,0.30971,2001-09-17 15:00:00.0,Intermediário
0.30771,0.30947,2001-09-17 15:30:00.0,Intermediário
0.30802,0.30967,2001-09-17 16:00:00.0,Intermediário
0.30758,0.3091,2001-09-17 16:30:00.0,Fechamento Interbancário
0.30772,0.3083,2001-09-17 17:20:00.0,Fechamento
0.30734,0.3099,2001-09-18 09:39:00.0,Abertura
0.30804,0.30969,2001-09-18 10:00:00.0,Intermediário
0.30812,0.30977,2001-09-18 10:30:00.0,Intermediário
0.30799,0.30964,2001-09-18 11:00:00.0,Intermediário
0.30835,0.30999,2001-09-18 11:30:00.0,Intermediário
0.30824,0.30977,2001-09-18 12:00:00.0,Intermediário
0.30851,0.31016,2001-09-18 12:30:00.0,Intermediário
0.30891,0.31045,2001-09-18 13:00:00.0,Intermediário
0.30901,0.31066,2001-09-18 13:30:00.0,Intermediário
0.30849,0.31014,2001-09-18 14:00:00.0,Intermediário
0.30851,0.31016,2001-09-18 14:30:00.0,Intermediário
0.30805,0.3097,2001-09-18 15:00:00.0,Intermediário
0.30997,0.31163,2001-09-18 15:30:00.0,Intermediário
0.31115,0.31281,2001-09-18 16:00:00.0,Intermediário
0.31143,0.31309,2001-09-18 16:30:00.0,Fechamento Interbancário
0.30995,0.31053,2001-09-18 17:28:00.0,Fechamento
0.31196,0.31456,2001-09-19 09:37:00.0,Abertura
0.31227,0.31417,2001-09-19 10:00:00.0,Intermediário
0.31286,0.31453,2001-09-19 10:30:00.0,Intermediário
0.31389,0.31556,2001-09-19 11:00:00.0,Intermediário
0.31414,0.31581,2001-09-19 11:30:00.0,Intermediário
0.31626,0.31795,2001-09-19 12:03:00.0,Intermediário
0.31588,0.31757,2001-09-19 12:30:00.0,Intermediário
0.31691,0.31871,2001-09-19 13:00:00.0,Intermediário
0.31649,0.3183,2001-09-19 13:30:00.0,Intermediário
0.3164,0.31821,2001-09-19 14:00:00.0,Intermediário
0.31608,0.31788,2001-09-19 14:30:00.0,Intermediário
0.31631,0.318,2001-09-19 15:00:00.0,Intermediário
0.31672,0.31841,2001-09-19 15:30:00.0,Intermediário
0.31653,0.31822,2001-09-19 16:00:00.0,Intermediário
0.31686,0.31855,2001-09-19 16:30:00.0,Fechamento Interbancário
0.31618,0.31677,2001-09-19 17:31:00.0,Fechamento
0.31534,0.31795,2001-09-20 09:52:00.0,Abertura
0.31644,0.31824,2001-09-20 10:00:00.0,Intermediário
0.31717,0.31886,2001-09-20 10:30:00.0,Intermediário
0.3174,0.31909,2001-09-20 11:00:00.0,Intermediário
0.31813,0.31994,2001-09-20 11:30:00.0,Intermediário
0.31838,0.31996,2001-09-20 12:00:00.0,Intermediário
0.31789,0.31958,2001-09-20 12:30:00.0,Intermediário
0.31734,0.31927,2001-09-20 13:00:00.0,Intermediário
0.31767,0.3196,2001-09-20 13:30:00.0,Intermediário
0.31736,0.31928,2001-09-20 14:00:00.0,Intermediário
0.31747,0.3194,2001-09-20 14:30:00.0,Intermediário
0.31798,0.31956,2001-09-20 15:00:00.0,Intermediário
0.31846,0.32027,2001-09-20 15:30:00.0,Intermediário
0.32044,0.32215,2001-09-20 16:00:00.0,Intermediário
0.32134,0.3234,2001-09-20 16:30:00.0,Fechamento Interbancário
0.3186,0.31919,2001-09-20 17:15:00.0,Fechamento
0.32419,0.32684,2001-09-21 09:46:00.0,Abertura
0.32339,0.32604,2001-09-21 10:00:00.0,Intermediário
0.32335,0.32495,2001-09-21 10:30:00.0,Intermediário
0.32375,0.32546,2001-09-21 11:00:00.0,Intermediário
0.32245,0.3245,2001-09-21 11:30:00.0,Intermediário
0.32079,0.32307,2001-09-21 12:00:00.0,Intermediário
0.31947,0.32128,2001-09-21 12:30:00.0,Intermediário
0.31935,0.3214,2001-09-21 13:00:00.0,Intermediário
0.3192,0.32181,2001-09-21 13:30:00.0,Intermediário
0.31904,0.32165,2001-09-21 14:00:00.0,Intermediário
0.31922,0.32184,2001-09-21 14:30:00.0,Intermediário
0.32143,0.32348,2001-09-21 15:00:00.0,Intermediário
0.32277,0.32448,2001-09-21 15:30:00.0,Intermediário
0.32607,0.32814,2001-09-21 16:00:00.0,Intermediário
0.32618,0.32883,2001-09-21 16:30:00.0,Fechamento Interbancário
0.32316,0.32376,2001-09-21 17:20:00.0,Fechamento
0.31981,0.32243,2001-09-24 09:52:00.0,Abertura
0.31891,0.32095,2001-09-24 10:00:00.0,Intermediário
0.31935,0.32116,2001-09-24 10:35:00.0,Intermediário
0.31578,0.31781,2001-09-24 11:00:00.0,Intermediário
0.31465,0.31655,2001-09-24 11:30:00.0,Intermediário
0.31415,0.31605,2001-09-24 12:00:00.0,Intermediário
0.31603,0.31782,2001-09-24 12:30:00.0,Intermediário
0.31559,0.31726,2001-09-24 13:00:00.0,Intermediário
0.31584,0.31752,2001-09-24 13:30:00.0,Intermediário
0.31613,0.31781,2001-09-24 14:00:00.0,Intermediário
0.31578,0.31746,2001-09-24 14:30:00.0,Intermediário
0.31624,0.31803,2001-09-24 15:00:00.0,Intermediário
0.31664,0.31844,2001-09-24 15:30:00.0,Intermediário
0.31134,0.31334,2001-09-24 16:00:00.0,Intermediário
0.31064,0.31264,2001-09-24 16:30:00.0,Fechamento Interbancário
0.31595,0.31654,2001-09-24 17:25:00.0,Fechamento
0.30775,0.3103,2001-09-25 09:37:00.0,Abertura
0.30922,0.31087,2001-09-25 10:00:00.0,Intermediário
0.31243,0.31455,2001-09-25 10:30:00.0,Intermediário
0.31291,0.31469,2001-09-25 11:00:00.0,Intermediário
0.31439,0.31606,2001-09-25 11:30:00.0,Intermediário
0.31066,0.31266,2001-09-25 12:00:00.0,Intermediário
0.31122,0.31287,2001-09-25 12:30:00.0,Intermediário
0.31136,0.31302,2001-09-25 13:00:00.0,Intermediário
0.31199,0.31365,2001-09-25 13:30:00.0,Intermediário
0.31096,0.31262,2001-09-25 14:00:00.0,Intermediário
0.31092,0.31257,2001-09-25 14:30:00.0,Intermediário
0.31086,0.31286,2001-09-25 15:00:00.0,Intermediário
0.31106,0.31272,2001-09-25 15:30:00.0,Intermediário
0.31043,0.31231,2001-09-25 16:00:00.0,Intermediário
0.31108,0.31286,2001-09-25 16:30:00.0,Fechamento Interbancário
0.3114,0.31198,2001-09-25 17:21:00.0,Fechamento
0.30977,0.31234,2001-09-26 09:48:00.0,Abertura
0.31058,0.31223,2001-09-26 10:00:00.0,Intermediário
0.31045,0.3121,2001-09-26 10:30:00.0,Intermediário
0.31071,0.31225,2001-09-26 11:00:00.0,Intermediário
0.31099,0.31252,2001-09-26 11:30:00.0,Intermediário
0.31107,0.31273,2001-09-26 12:00:00.0,Intermediário
0.31057,0.31223,2001-09-26 12:30:00.0,Intermediário
0.31123,0.31288,2001-09-26 13:00:00.0,Intermediário
0.31077,0.31243,2001-09-26 13:30:00.0,Intermediário
0.311,0.31265,2001-09-26 14:00:00.0,Intermediário
0.31097,0.31262,2001-09-26 14:30:00.0,Intermediário
0.31146,0.313,2001-09-26 15:00:00.0,Intermediário
0.31155,0.31321,2001-09-26 15:30:00.0,Intermediário
0.31247,0.31413,2001-09-26 16:00:00.0,Intermediário
0.31241,0.31407,2001-09-26 16:30:00.0,Fechamento Interbancário
0.31199,0.31258,2001-09-26 17:21:00.0,Fechamento
0.30562,0.30816,2001-09-27 09:41:00.0,Abertura
0.30662,0.30836,2001-09-27 10:00:00.0,Intermediário
0.30745,0.30909,2001-09-27 10:30:00.0,Intermediário
0.30699,0.30851,2001-09-27 11:00:00.0,Intermediário
0.30701,0.30865,2001-09-27 11:30:00.0,Intermediário
0.3074,0.30903,2001-09-27 12:00:00.0,Intermediário
0.30725,0.309,2001-09-27 12:30:00.0,Intermediário
0.30671,0.30834,2001-09-27 13:00:00.0,Intermediário
0.30708,0.30871,2001-09-27 13:30:00.0,Intermediário
0.30646,0.30809,2001-09-27 14:00:00.0,Intermediário
0.30664,0.30827,2001-09-27 14:30:00.0,Intermediário
0.30585,0.30771,2001-09-27 15:00:00.0,Intermediário
0.30457,0.30619,2001-09-27 15:30:00.0,Intermediário
0.30177,0.30349,2001-09-27 16:00:00.0,Intermediário
0.30193,0.30354,2001-09-27 16:30:00.0,Fechamento Interbancário
0.30589,0.30646,2001-09-27 17:22:00.0,Fechamento
0.29802,0.30051,2001-09-28 09:52:00.0,Abertura
0.29872,0.30054,2001-09-28 10:00:00.0,Intermediário
0.29949,0.30109,2001-09-28 10:30:00.0,Intermediário
0.30058,0.30229,2001-09-28 11:00:00.0,Intermediário
0.29997,0.3018,2001-09-28 11:30:00.0,Intermediário
0.30013,0.30173,2001-09-28 12:00:00.0,Intermediário
0.30037,0.30197,2001-09-28 12:30:00.0,Intermediário
0.3006,0.3022,2001-09-28 13:00:00.0,Intermediário
0.30059,0.30219,2001-09-28 13:30:00.0,Intermediário
0.30059,0.30219,2001-09-28 14:00:00.0,Intermediário
0.30042,0.30202,2001-09-28 14:30:00.0,Intermediário
0.29934,0.30094,2001-09-28 15:00:00.0,Intermediário
0.30084,0.30244,2001-09-28 15:30:00.0,Intermediário
0.29989,0.30239,2001-09-28 16:00:00.0,Intermediário
0.29966,0.3016,2001-09-28 16:30:00.0,Fechamento Interbancário
0.30035,0.30091,2001-09-28 17:31:00.0,Fechamento
0.30204,0.30456,2001-10-01 09:51:00.0,Abertura
0.30371,0.30544,2001-10-01 10:00:00.0,Intermediário
0.30394,0.30567,2001-10-01 10:30:00.0,Intermediário
0.30415,0.30577,2001-10-01 11:00:00.0,Intermediário
0.30374,0.30536,2001-10-01 11:30:00.0,Intermediário
0.30379,0.30529,2001-10-01 12:00:00.0,Intermediário
0.30351,0.30512,2001-10-01 12:30:00.0,Intermediário
0.30386,0.30548,2001-10-01 13:00:00.0,Intermediário
0.30439,0.30601,2001-10-01 13:30:00.0,Intermediário
0.30403,0.30565,2001-10-01 14:00:00.0,Intermediário
0.30381,0.30543,2001-10-01 14:30:00.0,Intermediário
0.30328,0.30489,2001-10-01 15:00:00.0,Intermediário
0.30347,0.30509,2001-10-01 15:30:00.0,Intermediário
0.3026,0.30421,2001-10-01 16:00:00.0,Intermediário
0.30292,0.30442,2001-10-01 16:30:00.0,Fechamento Interbancário
0.30425,0.30482,2001-10-01 17:14:00.0,Fechamento
0.30483,0.30736,2001-10-02 09:52:00.0,Abertura
0.30546,0.3072,2001-10-02 10:00:00.0,Intermediário
0.30585,0.30737,2001-10-02 10:30:00.0,Intermediário
0.30675,0.30826,2001-10-02 11:00:00.0,Intermediário
0.30655,0.30819,2001-10-02 11:30:00.0,Intermediário
0.30583,0.30746,2001-10-02 12:00:00.0,Intermediário
0.30546,0.30731,2001-10-02 12:30:00.0,Intermediário
0.30487,0.30649,2001-10-02 13:00:00.0,Intermediário
0.30522,0.30685,2001-10-02 13:30:00.0,Intermediário
0.30568,0.30731,2001-10-02 14:00:00.0,Intermediário
0.30552,0.30714,2001-10-02 14:30:00.0,Intermediário
0.30639,0.30802,2001-10-02 15:00:00.0,Intermediário
0.30643,0.30806,2001-10-02 15:30:00.0,Intermediário
0.30741,0.30893,2001-10-02 16:00:00.0,Intermediário
0.30729,0.30892,2001-10-02 16:30:00.0,Fechamento Interbancário
0.30732,0.30789,2001-10-02 17:16:00.0,Fechamento
0.30842,0.31097,2001-10-03 09:53:00.0,Abertura
0.30921,0.31086,2001-10-03 10:00:00.0,Intermediário
0.3097,0.31135,2001-10-03 10:30:00.0,Intermediário
0.31033,0.31198,2001-10-03 11:00:00.0,Intermediário
0.30932,0.31085,2001-10-03 11:30:00.0,Intermediário
0.31002,0.31156,2001-10-03 12:00:00.0,Intermediário
0.30961,0.31126,2001-10-03 12:30:00.0,Intermediário
0.30921,0.31074,2001-10-03 13:00:00.0,Intermediário
0.30947,0.311,2001-10-03 13:30:00.0,Intermediário
0.30833,0.30986,2001-10-03 14:00:00.0,Intermediário
0.30793,0.30945,2001-10-03 14:30:00.0,Intermediário
0.30898,0.31051,2001-10-03 15:00:00.0,Intermediário
0.30885,0.31049,2001-10-03 15:30:00.0,Intermediário
0.3065,0.30824,2001-10-03 16:00:00.0,Intermediário
0.3068,0.30844,2001-10-03 16:30:00.0,Fechamento Interbancário
0.30788,0.30845,2001-10-03 17:27:00.0,Fechamento
0.30899,0.31154,2001-10-04 09:34:00.0,Abertura
0.30967,0.31223,2001-10-04 09:53:00.0,Intermediário
0.3109,0.31243,2001-10-04 10:00:00.0,Intermediário
0.30923,0.31099,2001-10-04 10:30:00.0,Intermediário
0.30955,0.31142,2001-10-04 11:00:00.0,Intermediário
0.30922,0.31086,2001-10-04 11:30:00.0,Intermediário
0.30849,0.31002,2001-10-04 12:00:00.0,Intermediário
0.30859,0.31023,2001-10-04 12:30:00.0,Intermediário
0.30902,0.31066,2001-10-04 13:00:00.0,Intermediário
0.3094,0.31105,2001-10-04 13:30:00.0,Intermediário
0.30902,0.31067,2001-10-04 14:00:00.0,Intermediário
0.30932,0.31096,2001-10-04 14:30:00.0,Intermediário
0.30878,0.31042,2001-10-04 15:00:00.0,Intermediário
0.30903,0.31067,2001-10-04 15:30:00.0,Intermediário
0.30911,0.31075,2001-10-04 16:00:00.0,Intermediário
0.30922,0.31098,2001-10-04 16:30:00.0,Fechamento Interbancário
0.30984,0.31041,2001-10-04 17:30:00.0,Fechamento
0.31179,0.31436,2001-10-05 09:44:00.0,Abertura
0.31201,0.31367,2001-10-05 10:00:00.0,Intermediário
0.31242,0.31408,2001-10-05 10:30:00.0,Intermediário
0.31275,0.31441,2001-10-05 11:00:00.0,Intermediário
0.31295,0.31449,2001-10-05 11:30:00.0,Intermediário
0.31326,0.31492,2001-10-05 12:00:00.0,Intermediário
0.31277,0.31443,2001-10-05 12:30:00.0,Intermediário
0.313,0.31455,2001-10-05 13:00:00.0,Intermediário
0.31318,0.31473,2001-10-05 13:30:00.0,Intermediário
0.31302,0.31457,2001-10-05 14:00:00.0,Intermediário
0.31278,0.31433,2001-10-05 14:30:00.0,Intermediário
0.31319,0.31485,2001-10-05 15:00:00.0,Intermediário
0.31391,0.31558,2001-10-05 15:30:00.0,Intermediário
0.31558,0.31737,2001-10-05 16:00:00.0,Intermediário
0.31557,0.31725,2001-10-05 16:30:00.0,Fechamento Interbancário
0.3137,0.31428,2001-10-05 17:19:00.0,Fechamento
0.31866,0.32127,2001-10-08 09:50:00.0,Abertura
0.3191,0.32091,2001-10-08 10:00:00.0,Intermediário
0.31918,0.32099,2001-10-08 10:30:00.0,Intermediário
0.31877,0.32058,2001-10-08 11:00:00.0,Intermediário
0.31781,0.31973,2001-10-08 11:30:00.0,Intermediário
0.31781,0.3195,2001-10-08 12:00:00.0,Intermediário
0.31537,0.31796,2001-10-08 12:30:00.0,Intermediário
0.31397,0.31598,2001-10-08 13:00:00.0,Intermediário
0.31412,0.31601,2001-10-08 13:30:00.0,Intermediário
0.31431,0.31621,2001-10-08 14:00:00.0,Intermediário
0.31405,0.31594,2001-10-08 14:30:00.0,Intermediário
0.3146,0.31639,2001-10-08 15:00:00.0,Intermediário
0.31524,0.31703,2001-10-08 15:30:00.0,Intermediário
0.31552,0.31719,2001-10-08 16:12:00.0,Intermediário
0.31548,0.31716,2001-10-08 16:33:00.0,Fechamento Interbancário
0.31751,0.3181,2001-10-08 17:46:00.0,Fechamento
0.315,0.31759,2001-10-09 09:44:00.0,Abertura
0.31586,0.31788,2001-10-09 10:06:00.0,Intermediário
0.31733,0.31913,2001-10-09 10:48:00.0,Intermediário
0.31805,0.31974,2001-10-09 11:17:00.0,Intermediário
0.31787,0.31955,2001-10-09 11:44:00.0,Intermediário
0.3175,0.31919,2001-10-09 12:06:00.0,Intermediário
0.31806,0.31975,2001-10-09 12:36:00.0,Intermediário
0.31665,0.31833,2001-10-09 13:05:00.0,Intermediário
0.31648,0.31816,2001-10-09 13:34:00.0,Intermediário
0.31655,0.31823,2001-10-09 14:03:00.0,Intermediário
0.31647,0.31815,2001-10-09 14:32:00.0,Intermediário
0.31701,0.3187,2001-10-09 15:03:00.0,Intermediário
0.31689,0.31857,2001-10-09 15:35:00.0,Intermediário
0.31687,0.31855,2001-10-09 16:04:00.0,Intermediário
0.31679,0.31847,2001-10-09 16:33:00.0,Fechamento Interbancário
0.31726,0.31785,2001-10-09 17:10:00.0,Fechamento
0.31683,0.31942,2001-10-10 09:46:00.0,Abertura
0.31817,0.31986,2001-10-10 10:00:00.0,Intermediário
0.31849,0.32018,2001-10-10 10:30:00.0,Intermediário
0.31809,0.31978,2001-10-10 11:00:00.0,Intermediário
0.31747,0.31916,2001-10-10 11:30:00.0,Intermediário
0.31578,0.31735,2001-10-10 12:00:00.0,Intermediário
0.31488,0.31667,2001-10-10 12:30:00.0,Intermediário
0.31473,0.31652,2001-10-10 13:00:00.0,Intermediário
0.31529,0.31696,2001-10-10 13:30:00.0,Intermediário
0.3153,0.31697,2001-10-10 14:00:00.0,Intermediário
0.31524,0.31691,2001-10-10 14:30:00.0,Intermediário
0.31473,0.3164,2001-10-10 15:00:00.0,Intermediário
0.3141,0.31611,2001-10-10 15:45:00.0,Intermediário
0.31483,0.3165,2001-10-10 16:02:00.0,Intermediário
0.31482,0.31649,2001-10-10 16:32:00.0,Fechamento Interbancário
0.31593,0.31652,2001-10-10 17:53:00.0,Fechamento
0.31269,0.31526,2001-10-11 09:43:00.0,Abertura
0.31375,0.31541,2001-10-11 10:00:00.0,Intermediário
0.31471,0.31637,2001-10-11 10:30:00.0,Intermediário
0.31388,0.31543,2001-10-11 11:00:00.0,Intermediário
0.31422,0.31589,2001-10-11 11:30:00.0,Intermediário
0.3144,0.31607,2001-10-11 12:00:00.0,Intermediário
0.31384,0.31539,2001-10-11 12:30:00.0,Intermediário
0.31444,0.31611,2001-10-11 13:00:00.0,Intermediário
0.31467,0.31622,2001-10-11 13:30:00.0,Intermediário
0.31456,0.31612,2001-10-11 14:00:00.0,Intermediário
0.31499,0.31655,2001-10-11 14:30:00.0,Intermediário
0.31515,0.31693,2001-10-11 15:00:00.0,Intermediário
0.31545,0.31712,2001-10-11 15:30:00.0,Intermediário
0.31532,0.31711,2001-10-11 16:00:00.0,Intermediário
0.31557,0.31724,2001-10-11 16:30:00.0,Fechamento Interbancário
0.31541,0.316,2001-10-11 17:36:00.0,Fechamento
0.31688,0.31948,2001-10-15 09:57:00.0,Abertura
0.31725,0.31916,2001-10-15 10:00:00.0,Intermediário
0.31725,0.31916,2001-10-15 10:00:00.0,Intermediário
0.31569,0.31736,2001-10-15 10:35:00.0,Intermediário
0.31563,0.31719,2001-10-15 11:00:00.0,Intermediário
0.31602,0.31758,2001-10-15 11:30:00.0,Intermediário
0.31632,0.318,2001-10-15 12:00:00.0,Intermediário
0.31603,0.3177,2001-10-15 12:05:00.0,Intermediário
0.31601,0.31769,2001-10-15 12:30:00.0,Intermediário
0.31549,0.31716,2001-10-15 13:00:00.0,Intermediário
0.31599,0.31756,2001-10-15 13:30:00.0,Intermediário
0.31544,0.317,2001-10-15 14:00:00.0,Intermediário
0.31588,0.31744,2001-10-15 14:30:00.0,Intermediário
0.31612,0.3178,2001-10-15 15:00:00.0,Intermediário
0.31585,0.31752,2001-10-15 15:30:00.0,Intermediário
0.31491,0.3167,2001-10-15 16:00:00.0,Intermediário
0.31527,0.31695,2001-10-15 16:30:00.0,Fechamento Interbancário
0.31661,0.3172,2001-10-15 17:49:00.0,Fechamento
0.31077,0.31333,2001-10-16 09:32:00.0,Abertura
0.31209,0.31364,2001-10-16 10:00:00.0,Intermediário
0.3128,0.31446,2001-10-16 10:30:00.0,Intermediário
0.31158,0.31323,2001-10-16 11:00:00.0,Intermediário
0.31271,0.31426,2001-10-16 11:30:00.0,Intermediário
0.31228,0.31393,2001-10-16 12:07:00.0,Intermediário
0.31352,0.31507,2001-10-16 12:30:00.0,Intermediário
0.31378,0.31534,2001-10-16 13:00:00.0,Intermediário
0.31379,0.31545,2001-10-16 13:30:00.0,Intermediário
0.31387,0.31554,2001-10-16 14:00:00.0,Intermediário
0.31393,0.3156,2001-10-16 14:30:00.0,Intermediário
0.3119,0.31356,2001-10-16 15:00:00.0,Intermediário
0.3111,0.31275,2001-10-16 15:30:00.0,Intermediário
0.30828,0.30992,2001-10-16 16:00:00.0,Intermediário
0.30768,0.30966,2001-10-16 16:30:00.0,Fechamento Interbancário
0.31285,0.31343,2001-10-16 17:36:00.0,Fechamento
0.30483,0.30736,2001-10-17 09:38:00.0,Abertura
0.30646,0.3082,2001-10-17 10:00:00.0,Intermediário
0.3086,0.31013,2001-10-17 10:30:00.0,Intermediário
0.30825,0.30988,2001-10-17 11:00:00.0,Intermediário
0.30844,0.31008,2001-10-17 11:30:00.0,Intermediário
0.30887,0.31063,2001-10-17 12:00:00.0,Intermediário
0.30986,0.3115,2001-10-17 12:30:00.0,Intermediário
0.30937,0.31102,2001-10-17 13:00:00.0,Intermediário
0.30927,0.31091,2001-10-17 13:30:00.0,Intermediário
0.30934,0.31098,2001-10-17 14:00:00.0,Intermediário
0.3083,0.30994,2001-10-17 14:30:00.0,Intermediário
0.30884,0.31048,2001-10-17 15:00:00.0,Intermediário
0.30857,0.31032,2001-10-17 15:30:00.0,Intermediário
0.3082,0.30973,2001-10-17 16:00:00.0,Intermediário
0.30795,0.30959,2001-10-17 16:30:00.0,Fechamento Interbancário
0.30843,0.309,2001-10-17 17:45:00.0,Fechamento
0.30995,0.3125,2001-10-18 09:37:00.0,Abertura
0.31068,0.31233,2001-10-18 10:00:00.0,Intermediário
0.30994,0.31147,2001-10-18 10:30:00.0,Intermediário
0.30956,0.3112,2001-10-18 11:00:00.0,Intermediário
0.30982,0.31147,2001-10-18 11:30:00.0,Intermediário
0.31007,0.31161,2001-10-18 12:00:00.0,Intermediário
0.30951,0.31104,2001-10-18 12:30:00.0,Intermediário
0.31054,0.31219,2001-10-18 13:00:00.0,Intermediário
0.31077,0.31242,2001-10-18 13:30:00.0,Intermediário
0.31119,0.31284,2001-10-18 14:00:00.0,Intermediário
0.31104,0.31269,2001-10-18 14:30:00.0,Intermediário
0.31145,0.31311,2001-10-18 15:00:00.0,Intermediário
0.31214,0.31369,2001-10-18 15:30:00.0,Intermediário
0.31272,0.31438,2001-10-18 16:00:00.0,Intermediário
0.31254,0.31419,2001-10-18 16:30:00.0,Fechamento Interbancário
0.31107,0.31164,2001-10-18 17:55:00.0,Fechamento
0.31111,0.31366,2001-10-19 09:47:00.0,Abertura
0.31189,0.31366,2001-10-19 10:00:00.0,Intermediário
0.31193,0.31358,2001-10-19 10:30:00.0,Intermediário
0.31161,0.31326,2001-10-19 11:00:00.0,Intermediário
0.31213,0.31378,2001-10-19 11:30:00.0,Intermediário
0.31114,0.31279,2001-10-19 12:00:00.0,Intermediário
0.31057,0.31233,2001-10-19 12:30:00.0,Intermediário
0.30989,0.31153,2001-10-19 13:00:00.0,Intermediário
0.31011,0.31175,2001-10-19 13:30:00.0,Intermediário
0.3102,0.31185,2001-10-19 14:00:00.0,Intermediário
0.31054,0.31218,2001-10-19 14:30:00.0,Intermediário
0.30679,0.30887,2001-10-19 15:00:00.0,Intermediário
0.30715,0.30901,2001-10-19 15:30:00.0,Intermediário
0.30703,0.30866,2001-10-19 16:00:00.0,Intermediário
0.30697,0.30883,2001-10-19 16:30:00.0,Fechamento Interbancário
0.31057,0.31114,2001-10-19 17:40:00.0,Fechamento
0.30557,0.3081,2001-10-22 09:42:00.0,Abertura
0.30593,0.30767,2001-10-22 10:00:00.0,Intermediário
0.30464,0.30626,2001-10-22 10:30:00.0,Intermediário
0.30332,0.30493,2001-10-22 11:00:00.0,Intermediário
0.30398,0.30548,2001-10-22 11:30:00.0,Intermediário
0.30393,0.30554,2001-10-22 12:00:00.0,Intermediário
0.30363,0.30535,2001-10-22 12:30:00.0,Intermediário
0.30319,0.3048,2001-10-22 13:00:00.0,Intermediário
0.30327,0.30488,2001-10-22 13:30:00.0,Intermediário
0.30294,0.30454,2001-10-22 14:00:00.0,Intermediário
0.30308,0.30469,2001-10-22 14:30:00.0,Intermediário
0.30243,0.30426,2001-10-22 15:00:00.0,Intermediário
0.30346,0.30519,2001-10-22 15:30:00.0,Intermediário
0.30356,0.30539,2001-10-22 16:00:00.0,Intermediário
0.3038,0.30541,2001-10-22 16:30:00.0,Fechamento Interbancário
0.30352,0.30409,2001-10-22 17:39:00.0,Fechamento
0.30163,0.30413,2001-10-23 09:30:00.0,Abertura
0.30268,0.30417,2001-10-23 10:00:00.0,Intermediário
0.30166,0.30326,2001-10-23 10:30:00.0,Intermediário
0.3013,0.30279,2001-10-23 11:00:00.0,Intermediário
0.30258,0.30419,2001-10-23 11:30:00.0,Intermediário
0.30388,0.3055,2001-10-23 12:00:00.0,Intermediário
0.30305,0.30455,2001-10-23 12:30:00.0,Intermediário
0.30389,0.30551,2001-10-23 13:00:00.0,Intermediário
0.30375,0.30536,2001-10-23 13:30:00.0,Intermediário
0.30412,0.30574,2001-10-23 14:00:00.0,Intermediário
0.30419,0.3058,2001-10-23 14:30:00.0,Intermediário
0.30477,0.30639,2001-10-23 15:00:00.0,Intermediário
0.30497,0.30659,2001-10-23 15:30:00.0,Intermediário
0.30451,0.30612,2001-10-23 16:06:00.0,Intermediário
0.30467,0.30629,2001-10-23 16:30:00.0,Fechamento Interbancário
0.30367,0.30424,2001-10-23 17:23:00.0,Fechamento
0.30518,0.3077,2001-10-24 09:37:00.0,Abertura
0.30561,0.30723,2001-10-24 10:00:00.0,Intermediário
0.30595,0.30757,2001-10-24 10:30:00.0,Intermediário
0.30771,0.30945,2001-10-24 11:00:00.0,Intermediário
0.3079,0.30953,2001-10-24 11:30:00.0,Intermediário
0.30731,0.30906,2001-10-24 12:00:00.0,Intermediário
0.30672,0.30835,2001-10-24 12:30:00.0,Intermediário
0.307,0.30863,2001-10-24 13:00:00.0,Intermediário
0.30707,0.3087,2001-10-24 13:30:00.0,Intermediário
0.30679,0.30842,2001-10-24 14:00:00.0,Intermediário
0.30683,0.30845,2001-10-24 14:30:00.0,Intermediário
0.30722,0.30885,2001-10-24 15:00:00.0,Intermediário
0.30773,0.30948,2001-10-24 15:30:00.0,Intermediário
0.30884,0.31037,2001-10-24 16:00:00.0,Intermediário
0.30915,0.31068,2001-10-24 16:30:00.0,Fechamento Interbancário
0.3077,0.30827,2001-10-24 17:50:00.0,Fechamento
0.30951,0.31205,2001-10-25 09:41:00.0,Abertura
0.30696,0.30859,2001-10-25 10:00:00.0,Intermediário
0.30601,0.30763,2001-10-25 10:30:00.0,Intermediário
0.30778,0.30952,2001-10-25 11:00:00.0,Intermediário
0.30791,0.30954,2001-10-25 11:30:00.0,Intermediário
0.30833,0.30996,2001-10-25 12:00:00.0,Intermediário
0.30846,0.31009,2001-10-25 12:30:00.0,Intermediário
0.3077,0.30922,2001-10-25 13:00:00.0,Intermediário
0.30778,0.30941,2001-10-25 13:30:00.0,Intermediário
0.30758,0.30921,2001-10-25 14:00:00.0,Intermediário
0.30736,0.30899,2001-10-25 14:30:00.0,Intermediário
0.30586,0.3076,2001-10-25 15:00:00.0,Intermediário
0.30479,0.30652,2001-10-25 15:30:00.0,Intermediário
0.30393,0.30554,2001-10-25 16:00:00.0,Intermediário
0.30347,0.30508,2001-10-25 16:30:00.0,Fechamento Interbancário
0.30659,0.30716,2001-10-25 17:53:00.0,Fechamento
0.30572,0.30767,2001-10-26 09:45:00.0,Abertura
0.30605,0.30767,2001-10-26 10:00:00.0,Intermediário
0.30469,0.30642,2001-10-26 10:30:00.0,Intermediário
0.30424,0.30586,2001-10-26 11:00:00.0,Intermediário
0.3052,0.30694,2001-10-26 11:30:00.0,Intermediário
0.30547,0.30709,2001-10-26 12:00:00.0,Intermediário
0.30486,0.30637,2001-10-26 12:30:00.0,Intermediário
0.30512,0.30674,2001-10-26 13:00:00.0,Intermediário
0.30511,0.30662,2001-10-26 13:30:00.0,Intermediário
0.30557,0.30708,2001-10-26 14:00:00.0,Intermediário
0.30516,0.30666,2001-10-26 14:30:00.0,Intermediário
0.30562,0.30724,2001-10-26 15:00:00.0,Intermediário
0.30484,0.30657,2001-10-26 15:30:00.0,Intermediário
0.30447,0.30598,2001-10-26 16:00:00.0,Intermediário
0.30481,0.30643,2001-10-26 16:30:00.0,Fechamento Interbancário
0.30589,0.30646,2001-10-26 17:49:00.0,Fechamento
0.30816,0.3107,2001-10-29 09:42:00.0,Abertura
0.30857,0.31054,2001-10-29 10:00:00.0,Intermediário
0.30814,0.30978,2001-10-29 10:30:00.0,Intermediário
0.30657,0.30831,2001-10-29 11:00:00.0,Intermediário
0.30699,0.30885,2001-10-29 11:30:00.0,Intermediário
0.30733,0.30885,2001-10-29 12:00:00.0,Intermediário
0.30741,0.30905,2001-10-29 12:30:00.0,Intermediário
0.30726,0.30889,2001-10-29 13:00:00.0,Intermediário
0.30729,0.30892,2001-10-29 13:30:00.0,Intermediário
0.30721,0.30884,2001-10-29 14:00:00.0,Intermediário
0.30714,0.30877,2001-10-29 14:30:00.0,Intermediário
0.30662,0.30825,2001-10-29 15:00:00.0,Intermediário
0.30827,0.31013,2001-10-29 15:30:00.0,Intermediário
0.30805,0.30958,2001-10-29 16:00:00.0,Intermediário
0.30798,0.30962,2001-10-29 16:30:00.0,Fechamento Interbancário
0.3084,0.30898,2001-10-29 17:45:00.0,Fechamento
0.3092,0.31176,2001-10-30 09:43:00.0,Abertura
0.31041,0.31218,2001-10-30 10:00:00.0,Intermediário
0.30964,0.31128,2001-10-30 10:30:00.0,Intermediário
0.30946,0.31111,2001-10-30 11:00:00.0,Intermediário
0.30835,0.31011,2001-10-30 11:30:00.0,Intermediário
0.30829,0.30993,2001-10-30 12:00:00.0,Intermediário
0.30717,0.3088,2001-10-30 12:30:00.0,Intermediário
0.30837,0.31001,2001-10-30 13:00:00.0,Intermediário
0.30938,0.31103,2001-10-30 13:30:00.0,Intermediário
0.30907,0.31071,2001-10-30 14:00:00.0,Intermediário
0.30842,0.31006,2001-10-30 14:30:00.0,Intermediário
0.3075,0.30924,2001-10-30 15:00:00.0,Intermediário
0.30802,0.30955,2001-10-30 15:30:00.0,Intermediário
0.30806,0.3097,2001-10-30 16:00:00.0,Intermediário
0.30776,0.3094,2001-10-30 16:30:00.0,Fechamento Interbancário
0.3083,0.30888,2001-10-30 17:36:00.0,Fechamento
0.30677,0.3093,2001-10-31 09:40:00.0,Abertura
0.30747,0.30911,2001-10-31 10:00:00.0,Intermediário
0.30592,0.30766,2001-10-31 10:30:00.0,Intermediário
0.30622,0.30785,2001-10-31 11:00:00.0,Intermediário
0.30591,0.30754,2001-10-31 11:30:00.0,Intermediário
0.30514,0.30688,2001-10-31 12:00:00.0,Intermediário
0.30454,0.30604,2001-10-31 12:30:00.0,Intermediário
0.30216,0.30399,2001-10-31 13:00:00.0,Intermediário
0.30143,0.30304,2001-10-31 13:30:00.0,Intermediário
0.30102,0.30263,2001-10-31 14:00:00.0,Intermediário
0.30097,0.30257,2001-10-31 14:30:00.0,Intermediário
0.30286,0.30447,2001-10-31 15:11:00.0,Intermediário
0.30238,0.30421,2001-10-31 15:30:00.0,Intermediário
0.30339,0.30489,2001-10-31 16:00:00.0,Intermediário
0.30277,0.30461,2001-10-31 16:30:00.0,Fechamento Interbancário
0.30403,0.3046,2001-10-31 17:47:00.0,Fechamento
0.30416,0.30669,2001-11-01 09:43:00.0,Abertura
0.30543,0.30717,2001-11-01 10:00:00.0,Intermediário
0.30506,0.30669,2001-11-01 10:30:00.0,Intermediário
0.30415,0.30577,2001-11-01 11:00:00.0,Intermediário
0.30401,0.30563,2001-11-01 11:30:00.0,Intermediário
0.30432,0.30594,2001-11-01 12:00:00.0,Intermediário
0.30422,0.30572,2001-11-01 12:30:00.0,Intermediário
0.30559,0.30744,2001-11-01 13:00:00.0,Intermediário
0.3057,0.30744,2001-11-01 13:30:00.0,Intermediário
0.3043,0.30603,2001-11-01 14:05:00.0,Intermediário
0.30429,0.30602,2001-11-01 14:30:00.0,Intermediário
0.30315,0.30499,2001-11-01 15:00:00.0,Intermediário
0.30354,0.3055,2001-11-01 15:30:00.0,Intermediário
0.30182,0.30433,2001-11-01 16:00:00.0,Intermediário
0.30156,0.30317,2001-11-01 16:30:00.0,Fechamento Interbancário
0.30351,0.30408,2001-11-01 17:13:00.0,Fechamento
0.29649,0.29897,2001-11-05 09:53:00.0,Abertura
0.29629,0.29787,2001-11-05 10:00:00.0,Intermediário
0.29626,0.29795,2001-11-05 10:30:00.0,Intermediário
0.29683,0.29841,2001-11-05 11:00:00.0,Intermediário
0.29674,0.29833,2001-11-05 11:30:00.0,Intermediário
0.2963,0.29788,2001-11-05 12:00:00.0,Intermediário
0.29415,0.29573,2001-11-05 12:30:00.0,Intermediário
0.29432,0.29612,2001-11-05 13:00:00.0,Intermediário
0.29448,0.29628,2001-11-05 13:30:00.0,Intermediário
0.29488,0.29668,2001-11-05 14:00:00.0,Intermediário
0.2949,0.2967,2001-11-05 14:30:00.0,Intermediário
0.29205,0.29384,2001-11-05 15:00:00.0,Intermediário
0.29256,0.29424,2001-11-05 15:30:00.0,Intermediário
0.29311,0.29479,2001-11-05 16:00:00.0,Intermediário
0.29312,0.29492,2001-11-05 16:30:00.0,Fechamento Interbancário
0.29578,0.29634,2001-11-05 17:52:00.0,Fechamento
0.29245,0.29492,2001-11-06 09:46:00.0,Abertura
0.29255,0.29412,2001-11-06 10:00:00.0,Intermediário
0.29465,0.29634,2001-11-06 10:30:00.0,Intermediário
0.29308,0.29487,2001-11-06 11:00:00.0,Intermediário
0.29295,0.2944,2001-11-06 11:30:00.0,Intermediário
0.29326,0.29482,2001-11-06 12:00:00.0,Intermediário
0.29334,0.29502,2001-11-06 12:30:00.0,Intermediário
0.29381,0.29527,2001-11-06 13:00:00.0,Intermediário
0.29356,0.29501,2001-11-06 13:30:00.0,Intermediário
0.29334,0.2948,2001-11-06 14:00:00.0,Intermediário
0.29336,0.29481,2001-11-06 14:30:00.0,Intermediário
0.29207,0.29386,2001-11-06 15:00:00.0,Intermediário
0.29239,0.29396,2001-11-06 15:30:00.0,Intermediário
0.2931,0.29478,2001-11-06 16:00:00.0,Intermediário
0.29326,0.29494,2001-11-06 16:30:00.0,Fechamento Interbancário
0.29338,0.29393,2001-11-06 17:26:00.0,Fechamento
0.29654,0.29904,2001-11-07 09:36:00.0,Abertura
0.29499,0.2968,2001-11-07 10:00:00.0,Intermediário
0.29609,0.29755,2001-11-07 10:30:00.0,Intermediário
0.29547,0.29716,2001-11-07 11:00:00.0,Intermediário
0.29555,0.29713,2001-11-07 11:30:00.0,Intermediário
0.29446,0.29603,2001-11-07 12:00:00.0,Intermediário
0.29462,0.29608,2001-11-07 12:30:00.0,Intermediário
0.29391,0.29549,2001-11-07 13:00:00.0,Intermediário
0.29376,0.29533,2001-11-07 13:30:00.0,Intermediário
0.29392,0.29549,2001-11-07 14:00:00.0,Intermediário
0.29399,0.29556,2001-11-07 14:30:00.0,Intermediário
0.29352,0.2952,2001-11-07 15:00:00.0,Intermediário
0.29107,0.29274,2001-11-07 15:30:00.0,Intermediário
0.28832,0.2902,2001-11-07 16:00:00.0,Intermediário
0.28782,0.28936,2001-11-07 16:30:00.0,Fechamento Interbancário
0.29371,0.29426,2001-11-07 17:23:00.0,Fechamento
0.2878,0.29479,2001-11-08 09:44:00.0,Abertura
0.2878,0.29026,2001-11-08 10:01:00.0,Intermediário
0.28792,0.28969,2001-11-08 10:03:00.0,Intermediário
0.28987,0.29153,2001-11-08 10:30:00.0,Intermediário
0.2901,0.29166,2001-11-08 11:00:00.0,Intermediário
0.29018,0.29185,2001-11-08 11:30:00.0,Intermediário
0.29056,0.292,2001-11-08 12:00:00.0,Intermediário
0.28976,0.29143,2001-11-08 12:30:00.0,Intermediário
0.28831,0.28974,2001-11-08 13:00:00.0,Intermediário
0.28675,0.2884,2001-11-08 13:30:00.0,Intermediário
0.28695,0.2886,2001-11-08 14:00:00.0,Intermediário
0.28683,0.28848,2001-11-08 14:30:00.0,Intermediário
0.28729,0.28883,2001-11-08 15:05:00.0,Intermediário
0.28741,0.28918,2001-11-08 15:30:00.0,Intermediário
0.28508,0.28661,2001-11-08 16:00:00.0,Intermediário
0.28555,0.28708,2001-11-08 16:30:00.0,Fechamento Interbancário
0.28868,0.28922,2001-11-08 17:47:00.0,Fechamento
0.28643,0.28887,2001-11-09 09:51:00.0,Abertura
0.28642,0.28818,2001-11-09 10:00:00.0,Intermediário
0.28565,0.28707,2001-11-09 10:30:00.0,Intermediário
0.28607,0.2876,2001-11-09 11:00:00.0,Intermediário
0.28629,0.28783,2001-11-09 11:30:00.0,Intermediário
0.28647,0.288,2001-11-09 12:00:00.0,Intermediário
0.28681,0.28857,2001-11-09 12:30:00.0,Intermediário
0.28588,0.28741,2001-11-09 13:00:00.0,Intermediário
0.28635,0.28788,2001-11-09 13:30:00.0,Intermediário
0.28613,0.28766,2001-11-09 14:00:00.0,Intermediário
0.28651,0.28805,2001-11-09 14:30:00.0,Intermediário
0.28505,0.28669,2001-11-09 15:00:00.0,Intermediário
0.28565,0.28719,2001-11-09 15:30:00.0,Intermediário
0.28618,0.28794,2001-11-09 16:00:00.0,Intermediário
0.28637,0.28802,2001-11-09 16:30:00.0,Fechamento Interbancário
0.28629,0.28683,2001-11-09 17:24:00.0,Fechamento
0.28612,0.28856,2001-11-12 09:54:00.0,Abertura
0.28639,0.28827,2001-11-12 10:00:00.0,Intermediário
0.28752,0.28906,2001-11-12 10:30:00.0,Intermediário
0.2865,0.28815,2001-11-12 11:00:00.0,Intermediário
0.28601,0.28755,2001-11-12 11:30:00.0,Intermediário
0.28593,0.28758,2001-11-12 12:00:00.0,Intermediário
0.28762,0.28916,2001-11-12 12:30:00.0,Intermediário
0.29037,0.29272,2001-11-12 13:10:00.0,Intermediário
0.28962,0.29197,2001-11-12 13:39:00.0,Intermediário
0.28934,0.29168,2001-11-12 14:00:00.0,Intermediário
0.28965,0.292,2001-11-12 14:30:00.0,Intermediário
0.28923,0.29078,2001-11-12 15:00:00.0,Intermediário
0.28851,0.29005,2001-11-12 15:30:00.0,Intermediário
0.28779,0.28933,2001-11-12 16:00:00.0,Intermediário
0.28736,0.2889,2001-11-12 16:30:00.0,Fechamento Interbancário
0.28784,0.28838,2001-11-12 17:27:00.0,Fechamento
0.2844,0.28683,2001-11-13 09:34:00.0,Abertura
0.28264,0.28438,2001-11-13 10:00:00.0,Intermediário
0.28354,0.28507,2001-11-13 10:30:00.0,Intermediário
0.2835,0.28491,2001-11-13 11:00:00.0,Intermediário
0.28271,0.28423,2001-11-13 11:30:00.0,Intermediário
0.28207,0.28347,2001-11-13 12:02:00.0,Intermediário
0.2827,0.28422,2001-11-13 12:30:00.0,Intermediário
0.28294,0.28446,2001-11-13 13:00:00.0,Intermediário
0.2831,0.28462,2001-11-13 13:30:00.0,Intermediário
0.28305,0.28457,2001-11-13 14:00:00.0,Intermediário
0.2828,0.28432,2001-11-13 14:30:00.0,Intermediário
0.28091,0.28253,2001-11-13 15:00:00.0,Intermediário
0.2815,0.28301,2001-11-13 15:38:00.0,Intermediário
0.28174,0.28314,2001-11-13 16:00:00.0,Intermediário
0.2816,0.28311,2001-11-13 16:39:00.0,Fechamento Interbancário
0.28298,0.28351,2001-11-13 17:23:00.0,Fechamento
0.28139,0.2838,2001-11-14 09:34:00.0,Abertura
0.28305,0.28468,2001-11-14 10:03:00.0,Intermediário
0.28305,0.28468,2001-11-14 10:03:00.0,Intermediário
0.28346,0.28486,2001-11-14 10:30:00.0,Intermediário
0.28327,0.28479,2001-11-14 11:00:00.0,Intermediário
0.28303,0.28455,2001-11-14 11:30:00.0,Intermediário
0.28252,0.28404,2001-11-14 12:00:00.0,Intermediário
0.28306,0.28458,2001-11-14 12:30:00.0,Intermediário
0.28345,0.28519,2001-11-14 13:00:00.0,Intermediário
0.28309,0.28484,2001-11-14 13:30:00.0,Intermediário
0.28382,0.28557,2001-11-14 14:00:00.0,Intermediário
0.28351,0.28526,2001-11-14 14:30:00.0,Intermediário
0.28421,0.28573,2001-11-14 15:00:00.0,Intermediário
0.28404,0.28567,2001-11-14 15:30:00.0,Intermediário
0.28509,0.28685,2001-11-14 16:00:00.0,Intermediário
0.28519,0.28672,2001-11-14 16:30:00.0,Fechamento Interbancário
0.28365,0.28418,2001-11-14 18:05:00.0,Fechamento
0.28307,0.28548,2001-11-16 09:47:00.0,Abertura
0.28337,0.28489,2001-11-16 10:10:00.0,Intermediário
0.28229,0.28414,2001-11-16 10:30:00.0,Intermediário
0.28308,0.2846,2001-11-16 11:00:00.0,Intermediário
0.28301,0.28463,2001-11-16 11:30:00.0,Intermediário
0.28353,0.28516,2001-11-16 12:00:00.0,Intermediário
0.28295,0.28469,2001-11-16 12:30:00.0,Intermediário
0.283,0.28463,2001-11-16 13:00:00.0,Intermediário
0.2829,0.2843,2001-11-16 13:30:00.0,Intermediário
0.2829,0.28431,2001-11-16 14:00:00.0,Intermediário
0.28281,0.28421,2001-11-16 14:30:00.0,Intermediário
0.28172,0.28335,2001-11-16 15:00:00.0,Intermediário
0.28102,0.28252,2001-11-16 15:30:00.0,Intermediário
0.28094,0.28245,2001-11-16 16:00:00.0,Intermediário
0.2809,0.28241,2001-11-16 16:30:00.0,Fechamento Interbancário
0.28266,0.28319,2001-11-16 17:17:00.0,Fechamento
0.27813,0.28051,2001-11-19 09:40:00.0,Abertura
0.27781,0.2793,2001-11-19 10:11:00.0,Intermediário
0.27866,0.28015,2001-11-19 10:30:00.0,Intermediário
0.27833,0.27971,2001-11-19 11:00:00.0,Intermediário
0.27859,0.28008,2001-11-19 11:30:00.0,Intermediário
0.27827,0.27977,2001-11-19 12:00:00.0,Intermediário
0.27855,0.28005,2001-11-19 12:30:00.0,Intermediário
0.27849,0.27999,2001-11-19 13:00:00.0,Intermediário
0.2778,0.27929,2001-11-19 13:30:00.0,Intermediário
0.27785,0.27934,2001-11-19 14:00:00.0,Intermediário
0.27748,0.27897,2001-11-19 14:30:00.0,Intermediário
0.27761,0.27921,2001-11-19 15:00:00.0,Intermediário
0.2781,0.27959,2001-11-19 15:30:00.0,Intermediário
0.27871,0.28021,2001-11-19 16:00:00.0,Intermediário
0.27869,0.28018,2001-11-19 16:30:00.0,Fechamento Interbancário
0.27844,0.27896,2001-11-19 17:38:00.0,Fechamento
0.28021,0.28261,2001-11-20 09:49:00.0,Abertura
0.28116,0.28301,2001-11-20 10:06:00.0,Intermediário
0.28164,0.28304,2001-11-20 10:30:00.0,Intermediário
0.28168,0.2833,2001-11-20 11:09:00.0,Intermediário
0.28235,0.28386,2001-11-20 11:30:00.0,Intermediário
0.28236,0.28388,2001-11-20 12:00:00.0,Intermediário
0.28245,0.28396,2001-11-20 12:30:00.0,Intermediário
0.28309,0.28461,2001-11-20 13:00:00.0,Intermediário
0.2828,0.28432,2001-11-20 13:30:00.0,Intermediário
0.28286,0.28438,2001-11-20 14:00:00.0,Intermediário
0.28309,0.28461,2001-11-20 14:30:00.0,Intermediário
0.28369,0.28521,2001-11-20 15:00:00.0,Intermediário
0.28392,0.28556,2001-11-20 15:30:00.0,Intermediário
0.28487,0.28673,2001-11-20 16:00:00.0,Intermediário
0.28437,0.28623,2001-11-20 16:30:00.0,Fechamento Interbancário
0.28281,0.28334,2001-11-20 17:21:00.0,Fechamento
0.28335,0.28576,2001-11-21 09:57:00.0,Abertura
0.28292,0.28443,2001-11-21 10:09:00.0,Intermediário
0.28313,0.28464,2001-11-21 10:30:00.0,Intermediário
0.28213,0.28375,2001-11-21 11:00:00.0,Intermediário
0.28259,0.2841,2001-11-21 11:30:00.0,Intermediário
0.28125,0.28287,2001-11-21 12:00:00.0,Intermediário
0.28136,0.28287,2001-11-21 12:30:00.0,Intermediário
0.28114,0.28264,2001-11-21 13:00:00.0,Intermediário
0.28068,0.28229,2001-11-21 13:30:00.0,Intermediário
0.28067,0.28229,2001-11-21 14:00:00.0,Intermediário
0.2807,0.28232,2001-11-21 14:30:00.0,Intermediário
0.28137,0.28287,2001-11-21 15:00:00.0,Intermediário
0.28138,0.28277,2001-11-21 15:30:00.0,Intermediário
0.28223,0.28363,2001-11-21 16:00:00.0,Intermediário
0.28225,0.28365,2001-11-21 16:30:00.0,Fechamento Interbancário
0.28254,0.28307,2001-11-21 17:18:00.0,Fechamento
0.28119,0.28359,2001-11-22 09:56:00.0,Abertura
0.28112,0.28274,2001-11-22 10:08:00.0,Intermediário
0.28188,0.28339,2001-11-22 10:30:00.0,Intermediário
0.28219,0.2837,2001-11-22 11:00:00.0,Intermediário
0.28185,0.28336,2001-11-22 11:30:00.0,Intermediário
0.28164,0.28315,2001-11-22 12:00:00.0,Intermediário
0.28196,0.28348,2001-11-22 12:30:00.0,Intermediário
0.28212,0.28363,2001-11-22 13:00:00.0,Intermediário
0.2819,0.28341,2001-11-22 13:30:00.0,Intermediário
0.28156,0.28307,2001-11-22 14:00:00.0,Intermediário
0.2817,0.28321,2001-11-22 14:30:00.0,Intermediário
0.28197,0.28337,2001-11-22 15:00:00.0,Intermediário
0.28177,0.28328,2001-11-22 15:30:00.0,Intermediário
0.28168,0.28307,2001-11-22 16:00:00.0,Intermediário
0.28097,0.28247,2001-11-22 16:30:00.0,Fechamento Interbancário
0.2818,0.28233,2001-11-22 17:31:00.0,Fechamento
0.27941,0.2818,2001-11-23 09:44:00.0,Abertura
0.2789,0.28051,2001-11-23 10:03:00.0,Intermediário
0.27918,0.28057,2001-11-23 10:30:00.0,Intermediário
0.27765,0.27914,2001-11-23 11:00:00.0,Intermediário
0.2787,0.28019,2001-11-23 11:30:00.0,Intermediário
0.27824,0.27973,2001-11-23 12:00:00.0,Intermediário
0.27844,0.27993,2001-11-23 12:30:00.0,Intermediário
0.27772,0.27921,2001-11-23 13:00:00.0,Intermediário
0.27764,0.27925,2001-11-23 13:30:00.0,Intermediário
0.27698,0.27857,2001-11-23 14:00:00.0,Intermediário
0.27661,0.2782,2001-11-23 14:30:00.0,Intermediário
0.27724,0.27883,2001-11-23 15:00:00.0,Intermediário
0.27702,0.27851,2001-11-23 15:30:00.0,Intermediário
0.27653,0.2779,2001-11-23 16:00:00.0,Intermediário
0.2762,0.27768,2001-11-23 16:30:00.0,Fechamento Interbancário
0.27785,0.27837,2001-11-23 17:12:00.0,Fechamento
0.27426,0.27662,2001-11-26 09:51:00.0,Abertura
0.27492,0.2764,2001-11-26 10:00:00.0,Intermediário
0.27599,0.27748,2001-11-26 10:30:00.0,Intermediário
0.27593,0.27752,2001-11-26 11:00:00.0,Intermediário
0.27571,0.27719,2001-11-26 11:30:00.0,Intermediário
0.27531,0.2769,2001-11-26 12:00:00.0,Intermediário
0.27541,0.27677,2001-11-26 12:30:00.0,Intermediário
0.27483,0.27631,2001-11-26 13:00:00.0,Intermediário
0.2747,0.27607,2001-11-26 13:30:00.0,Intermediário
0.27458,0.27595,2001-11-26 14:00:00.0,Intermediário
0.27472,0.27609,2001-11-26 14:30:00.0,Intermediário
0.27522,0.27681,2001-11-26 15:00:00.0,Intermediário
0.27467,0.27615,2001-11-26 15:30:00.0,Intermediário
0.27357,0.27516,2001-11-26 16:00:00.0,Intermediário
0.27376,0.27523,2001-11-26 16:30:00.0,Fechamento Interbancário
0.27533,0.27584,2001-11-26 17:18:00.0,Fechamento
0.27051,0.27285,2001-11-27 09:46:00.0,Abertura
0.27134,0.2728,2001-11-27 10:00:00.0,Intermediário
0.27065,0.27199,2001-11-27 10:30:00.0,Intermediário
0.2711,0.27256,2001-11-27 11:00:00.0,Intermediário
0.271,0.27257,2001-11-27 11:30:00.0,Intermediário
0.27127,0.27273,2001-11-27 12:00:00.0,Intermediário
0.27117,0.27251,2001-11-27 12:30:00.0,Intermediário
0.27072,0.27206,2001-11-27 13:00:00.0,Intermediário
0.27164,0.2731,2001-11-27 13:30:00.0,Intermediário
0.27165,0.27312,2001-11-27 14:00:00.0,Intermediário
0.27183,0.27329,2001-11-27 14:30:00.0,Intermediário
0.27287,0.27434,2001-11-27 15:00:00.0,Intermediário
0.27421,0.27568,2001-11-27 15:30:00.0,Intermediário
0.27268,0.27426,2001-11-27 16:00:00.0,Intermediário
0.27282,0.27429,2001-11-27 16:30:00.0,Fechamento Interbancário
0.27238,0.27289,2001-11-27 17:34:00.0,Fechamento
0.2754,0.27777,2001-11-28 09:46:00.0,Abertura
0.2757,0.27718,2001-11-28 10:00:00.0,Intermediário
0.27491,0.27661,2001-11-28 10:30:00.0,Intermediário
0.27556,0.27693,2001-11-28 11:00:00.0,Intermediário
0.27532,0.2768,2001-11-28 11:30:00.0,Intermediário
0.27584,0.27732,2001-11-28 12:00:00.0,Intermediário
0.27627,0.27776,2001-11-28 12:30:00.0,Intermediário
0.27598,0.27757,2001-11-28 13:00:00.0,Intermediário
0.27568,0.27716,2001-11-28 13:30:00.0,Intermediário
0.27613,0.27761,2001-11-28 14:00:00.0,Intermediário
0.27651,0.27799,2001-11-28 14:30:00.0,Intermediário
0.27607,0.27756,2001-11-28 15:00:00.0,Intermediário
0.27676,0.27813,2001-11-28 15:30:00.0,Intermediário
0.27644,0.27793,2001-11-28 16:00:00.0,Intermediário
0.27624,0.27772,2001-11-28 16:30:00.0,Fechamento Interbancário
0.27707,0.27759,2001-11-28 17:46:00.0,Fechamento
0.27947,0.28187,2001-11-29 09:43:00.0,Abertura
0.28004,0.28154,2001-11-29 10:00:00.0,Intermediário
0.27981,0.28143,2001-11-29 10:30:00.0,Intermediário
0.27923,0.28073,2001-11-29 11:00:00.0,Intermediário
0.27938,0.28077,2001-11-29 11:30:00.0,Intermediário
0.27918,0.28079,2001-11-29 12:00:00.0,Intermediário
0.27792,0.27976,2001-11-29 12:30:00.0,Intermediário
0.27746,0.27895,2001-11-29 13:00:00.0,Intermediário
0.27714,0.27863,2001-11-29 13:30:00.0,Intermediário
0.27649,0.27798,2001-11-29 14:00:00.0,Intermediário
0.27606,0.27754,2001-11-29 14:30:00.0,Intermediário
0.2787,0.2802,2001-11-29 15:00:00.0,Intermediário
0.28036,0.28198,2001-11-29 15:30:00.0,Intermediário
0.28233,0.28384,2001-11-29 16:00:00.0,Intermediário
0.28262,0.28413,2001-11-29 16:30:00.0,Fechamento Interbancário
0.27956,0.28009,2001-11-29 17:28:00.0,Fechamento
0.28186,0.28427,2001-11-30 09:52:00.0,Abertura
0.28214,0.28399,2001-11-30 10:00:00.0,Intermediário
0.28426,0.28578,2001-11-30 10:30:00.0,Intermediário
0.2831,0.28484,2001-11-30 11:00:00.0,Intermediário
0.28321,0.28473,2001-11-30 11:30:00.0,Intermediário
0.28289,0.28463,2001-11-30 12:00:00.0,Intermediário
0.28237,0.28388,2001-11-30 12:30:00.0,Intermediário
0.28198,0.28361,2001-11-30 13:00:00.0,Intermediário
0.28222,0.28384,2001-11-30 13:30:00.0,Intermediário
0.28199,0.28361,2001-11-30 14:00:00.0,Intermediário
0.28244,0.28407,2001-11-30 14:30:00.0,Intermediário
0.28025,0.28187,2001-11-30 15:00:00.0,Intermediário
0.2805,0.2819,2001-11-30 15:30:00.0,Intermediário
0.27853,0.28003,2001-11-30 16:00:00.0,Intermediário
0.27846,0.28006,2001-11-30 16:30:00.0,Fechamento Interbancário
0.28283,0.28337,2001-11-30 17:34:00.0,Fechamento
0.27841,0.2808,2001-12-03 09:42:00.0,Abertura
0.27693,0.27875,2001-12-03 10:00:00.0,Intermediário
0.27546,0.27739,2001-12-03 10:30:00.0,Intermediário
0.27567,0.27726,2001-12-03 11:00:00.0,Intermediário
0.27515,0.27663,2001-12-03 11:30:00.0,Intermediário
0.27295,0.27464,2001-12-03 12:00:00.0,Intermediário
0.27436,0.27583,2001-12-03 12:30:00.0,Intermediário
0.27489,0.27659,2001-12-03 13:00:00.0,Intermediário
0.27443,0.2759,2001-12-03 13:30:00.0,Intermediário
0.27441,0.27589,2001-12-03 14:00:00.0,Intermediário
0.2745,0.27598,2001-12-03 14:30:00.0,Intermediário
0.27315,0.27462,2001-12-03 15:00:00.0,Intermediário
0.27275,0.27421,2001-12-03 15:30:00.0,Intermediário
0.27273,0.2742,2001-12-03 16:00:00.0,Intermediário
0.27283,0.2743,2001-12-03 16:30:00.0,Fechamento Interbancário
0.27499,0.27551,2001-12-03 18:11:00.0,Fechamento
0.2694,0.27175,2001-12-04 09:42:00.0,Abertura
0.27101,0.27247,2001-12-04 10:00:00.0,Intermediário
0.26991,0.27148,2001-12-04 10:30:00.0,Intermediário
0.27033,0.27179,2001-12-04 11:00:00.0,Intermediário
0.27016,0.27162,2001-12-04 11:30:00.0,Intermediário
0.26952,0.27086,2001-12-04 12:00:00.0,Intermediário
0.26955,0.27089,2001-12-04 12:30:00.0,Intermediário
0.2695,0.27095,2001-12-04 13:00:00.0,Intermediário
0.26968,0.27113,2001-12-04 13:30:00.0,Intermediário
0.26969,0.27114,2001-12-04 14:00:00.0,Intermediário
0.26943,0.27088,2001-12-04 14:30:00.0,Intermediário
0.26973,0.27118,2001-12-04 15:00:00.0,Intermediário
0.26962,0.27119,2001-12-04 15:30:00.0,Intermediário
0.27067,0.27202,2001-12-04 16:00:00.0,Intermediário
0.27057,0.27203,2001-12-04 16:30:00.0,Fechamento Interbancário
0.27035,0.27086,2001-12-04 17:34:00.0,Fechamento
0.26731,0.26964,2001-12-05 09:35:00.0,Abertura
0.26791,0.26936,2001-12-05 10:00:00.0,Intermediário
0.26803,0.26937,2001-12-05 10:30:00.0,Intermediário
0.26869,0.27025,2001-12-05 11:00:00.0,Intermediário
0.2696,0.27116,2001-12-05 11:30:00.0,Intermediário
0.27117,0.27285,2001-12-05 12:00:00.0,Intermediário
0.27134,0.27314,2001-12-05 12:30:00.0,Intermediário
0.27069,0.27226,2001-12-05 13:00:00.0,Intermediário
0.26966,0.27122,2001-12-05 13:30:00.0,Intermediário
0.26972,0.27128,2001-12-05 14:00:00.0,Intermediário
0.26924,0.27081,2001-12-05 14:30:00.0,Intermediário
0.26824,0.26969,2001-12-05 15:00:00.0,Intermediário
0.26958,0.27115,2001-12-05 15:30:00.0,Intermediário
0.26976,0.27132,2001-12-05 16:00:00.0,Intermediário
0.26981,0.27126,2001-12-05 16:30:00.0,Fechamento Interbancário
0.26967,0.27018,2001-12-05 17:23:00.0,Fechamento
0.27119,0.27354,2001-12-06 09:50:00.0,Abertura
0.27199,0.27346,2001-12-06 10:00:00.0,Intermediário
0.27171,0.27306,2001-12-06 10:30:00.0,Intermediário
0.27144,0.2729,2001-12-06 11:00:00.0,Intermediário
0.2719,0.27348,2001-12-06 11:30:00.0,Intermediário
0.27047,0.27193,2001-12-06 12:00:00.0,Intermediário
0.27109,0.27266,2001-12-06 12:30:00.0,Intermediário
0.2711,0.27245,2001-12-06 13:00:00.0,Intermediário
0.2715,0.27296,2001-12-06 13:30:00.0,Intermediário
0.27139,0.27285,2001-12-06 14:00:00.0,Intermediário
0.27125,0.27271,2001-12-06 14:30:00.0,Intermediário
0.27007,0.27153,2001-12-06 15:00:00.0,Intermediário
0.26904,0.27049,2001-12-06 15:31:00.0,Intermediário
0.27019,0.27165,2001-12-06 16:00:00.0,Intermediário
0.27032,0.27178,2001-12-06 16:30:00.0,Fechamento Interbancário
0.27329,0.2738,2001-12-06 17:45:00.0,Fechamento
0.2682,0.27054,2001-12-07 09:45:00.0,Abertura
0.26806,0.26973,2001-12-07 10:00:00.0,Intermediário
0.26778,0.26912,2001-12-07 10:30:00.0,Intermediário
0.26778,0.26923,2001-12-07 11:00:00.0,Intermediário
0.26782,0.26927,2001-12-07 11:30:00.0,Intermediário
0.26727,0.26894,2001-12-07 12:00:00.0,Intermediário
0.26693,0.26837,2001-12-07 12:30:00.0,Intermediário
0.26699,0.26865,2001-12-07 13:00:00.0,Intermediário
0.26713,0.26857,2001-12-07 13:30:00.0,Intermediário
0.26705,0.26849,2001-12-07 14:00:00.0,Intermediário
0.26678,0.26822,2001-12-07 14:30:00.0,Intermediário
0.26697,0.26841,2001-12-07 15:00:00.0,Intermediário
0.26653,0.26819,2001-12-07 15:30:00.0,Intermediário
0.2653,0.26696,2001-12-07 16:00:00.0,Intermediário
0.26552,0.26707,2001-12-07 16:30:00.0,Fechamento Interbancário
0.26718,0.26768,2001-12-07 17:44:00.0,Fechamento
0.26231,0.26462,2001-12-10 09:45:00.0,Abertura
0.26255,0.26397,2001-12-10 10:00:00.0,Intermediário
0.26211,0.26364,2001-12-10 10:30:00.0,Intermediário
0.26228,0.26381,2001-12-10 11:00:00.0,Intermediário
0.26243,0.26374,2001-12-10 11:30:00.0,Intermediário
0.26185,0.26326,2001-12-10 12:00:00.0,Intermediário
0.26164,0.26305,2001-12-10 12:30:00.0,Intermediário
0.26155,0.26297,2001-12-10 13:00:00.0,Intermediário
0.26085,0.26226,2001-12-10 13:30:00.0,Intermediário
0.26107,0.26249,2001-12-10 14:00:00.0,Intermediário
0.26115,0.26257,2001-12-10 14:30:00.0,Intermediário
0.25941,0.26092,2001-12-10 15:00:00.0,Intermediário
0.2582,0.25972,2001-12-10 15:30:00.0,Intermediário
0.25874,0.26037,2001-12-10 16:00:00.0,Intermediário
0.2582,0.2596,2001-12-10 16:30:00.0,Fechamento Interbancário
0.26161,0.26211,2001-12-10 17:42:00.0,Fechamento
0.25755,0.25984,2001-12-11 09:42:00.0,Abertura
0.25752,0.25937,2001-12-11 10:00:00.0,Intermediário
0.26,0.26141,2001-12-11 10:30:00.0,Intermediário
0.26017,0.26158,2001-12-11 11:00:00.0,Intermediário
0.25928,0.2608,2001-12-11 11:30:00.0,Intermediário
0.2597,0.26111,2001-12-11 12:00:00.0,Intermediário
0.25918,0.26059,2001-12-11 12:30:00.0,Intermediário
0.25878,0.26018,2001-12-11 13:00:00.0,Intermediário
0.25882,0.26023,2001-12-11 13:30:00.0,Intermediário
0.2586,0.26,2001-12-11 14:00:00.0,Intermediário
0.2585,0.2599,2001-12-11 14:30:00.0,Intermediário
0.25973,0.26125,2001-12-11 15:00:00.0,Intermediário
0.26072,0.26214,2001-12-11 15:30:00.0,Intermediário
0.26334,0.2651,2001-12-11 16:00:00.0,Intermediário
0.26398,0.26552,2001-12-11 16:30:00.0,Fechamento Interbancário
0.26067,0.26117,2001-12-11 17:27:00.0,Fechamento
0.25984,0.26215,2001-12-12 09:45:00.0,Abertura
0.26122,0.26264,2001-12-12 10:00:00.0,Intermediário
0.26156,0.26298,2001-12-12 10:30:00.0,Intermediário
0.26112,0.26254,2001-12-12 11:00:00.0,Intermediário
0.26155,0.26297,2001-12-12 11:30:00.0,Intermediário
0.26221,0.26364,2001-12-12 12:00:00.0,Intermediário
0.26198,0.2634,2001-12-12 12:30:00.0,Intermediário
0.26272,0.26414,2001-12-12 13:00:00.0,Intermediário
0.26288,0.2643,2001-12-12 13:30:00.0,Intermediário
0.26299,0.26441,2001-12-12 14:00:00.0,Intermediário
0.26283,0.26426,2001-12-12 14:30:00.0,Intermediário
0.26411,0.26554,2001-12-12 15:00:00.0,Intermediário
0.2643,0.26607,2001-12-12 15:30:00.0,Intermediário
0.26416,0.26559,2001-12-12 16:00:00.0,Intermediário
0.26471,0.26614,2001-12-12 16:30:00.0,Fechamento Interbancário
0.26339,0.26389,2001-12-12 17:42:00.0,Fechamento
0.26447,0.2668,2001-12-13 09:52:00.0,Abertura
0.26512,0.26655,2001-12-13 10:00:00.0,Intermediário
0.26555,0.26688,2001-12-13 10:30:00.0,Intermediário
0.26667,0.26811,2001-12-13 11:00:00.0,Intermediário
0.2663,0.26775,2001-12-13 11:30:00.0,Intermediário
0.26603,0.26735,2001-12-13 12:00:00.0,Intermediário
0.26618,0.26762,2001-12-13 12:30:00.0,Intermediário
0.26572,0.26716,2001-12-13 13:00:00.0,Intermediário
0.26574,0.26718,2001-12-13 13:30:00.0,Intermediário
0.2658,0.26724,2001-12-13 14:00:00.0,Intermediário
0.26613,0.26757,2001-12-13 14:30:00.0,Intermediário
0.26643,0.26787,2001-12-13 15:00:00.0,Intermediário
0.26641,0.26797,2001-12-13 15:30:00.0,Intermediário
0.2637,0.26513,2001-12-13 16:12:00.0,Intermediário
0.2637,0.26512,2001-12-13 16:30:00.0,Fechamento Interbancário
0.26531,0.26581,2001-12-13 19:05:00.0,Fechamento
0.26698,0.26933,2001-12-14 09:45:00.0,Abertura
0.2678,0.26936,2001-12-14 10:00:00.0,Intermediário
0.26739,0.26884,2001-12-14 10:30:00.0,Intermediário
0.26665,0.2681,2001-12-14 11:00:00.0,Intermediário
0.26718,0.26863,2001-12-14 11:30:00.0,Intermediário
0.26729,0.26873,2001-12-14 12:00:00.0,Intermediário
0.26766,0.26923,2001-12-14 12:30:00.0,Intermediário
0.26793,0.26938,2001-12-14 13:00:00.0,Intermediário
0.26776,0.26921,2001-12-14 13:30:00.0,Intermediário
0.26778,0.26923,2001-12-14 14:00:00.0,Intermediário
0.26825,0.26971,2001-12-14 14:30:00.0,Intermediário
0.26864,0.2701,2001-12-14 15:00:00.0,Intermediário
0.26721,0.26866,2001-12-14 15:30:00.0,Intermediário
0.26679,0.26824,2001-12-14 16:00:00.0,Intermediário
0.26689,0.26834,2001-12-14 16:30:00.0,Fechamento Interbancário
0.26833,0.26884,2001-12-14 17:16:00.0,Fechamento
0.26679,0.26914,2001-12-17 09:54:00.0,Abertura
0.26725,0.26881,2001-12-17 10:00:00.0,Intermediário
0.26676,0.26854,2001-12-17 10:30:00.0,Intermediário
0.26594,0.26772,2001-12-17 11:00:00.0,Intermediário
0.2643,0.26574,2001-12-17 11:30:00.0,Intermediário
0.26438,0.26593,2001-12-17 12:00:00.0,Intermediário
0.26504,0.26647,2001-12-17 12:30:00.0,Intermediário
0.2655,0.26695,2001-12-17 13:00:00.0,Intermediário
0.26554,0.26698,2001-12-17 13:30:00.0,Intermediário
0.26548,0.26692,2001-12-17 14:00:00.0,Intermediário
0.2655,0.26694,2001-12-17 14:30:00.0,Intermediário
0.26543,0.26687,2001-12-17 15:00:00.0,Intermediário
0.26485,0.2664,2001-12-17 15:30:00.0,Intermediário
0.26482,0.26614,2001-12-17 16:00:00.0,Intermediário
0.26477,0.26621,2001-12-17 16:30:00.0,Fechamento Interbancário
0.26517,0.26567,2001-12-17 17:49:00.0,Fechamento
0.26344,0.26577,2001-12-18 09:50:00.0,Abertura
0.26398,0.2653,2001-12-18 10:00:00.0,Intermediário
0.26447,0.26591,2001-12-18 10:30:00.0,Intermediário
0.26369,0.26512,2001-12-18 11:00:00.0,Intermediário
0.26339,0.26482,2001-12-18 11:30:00.0,Intermediário
0.2636,0.26503,2001-12-18 12:00:00.0,Intermediário
0.26273,0.26416,2001-12-18 12:30:00.0,Intermediário
0.26364,0.26507,2001-12-18 13:00:00.0,Intermediário
0.26365,0.26508,2001-12-18 13:30:00.0,Intermediário
0.26386,0.2653,2001-12-18 14:00:00.0,Intermediário
0.26403,0.26547,2001-12-18 14:30:00.0,Intermediário
0.26383,0.26515,2001-12-18 15:00:00.0,Intermediário
0.26312,0.26467,2001-12-18 15:30:00.0,Intermediário
0.26158,0.263,2001-12-18 16:00:00.0,Intermediário
0.26156,0.26298,2001-12-18 16:30:00.0,Fechamento Interbancário
0.26437,0.26487,2001-12-18 17:51:00.0,Fechamento
0.25706,0.25936,2001-12-19 09:43:00.0,Abertura
0.25791,0.2592,2001-12-19 10:00:00.0,Intermediário
0.25744,0.25884,2001-12-19 10:30:00.0,Intermediário
0.2578,0.25909,2001-12-19 11:00:00.0,Intermediário
0.25795,0.25936,2001-12-19 11:30:00.0,Intermediário
0.25605,0.25745,2001-12-19 12:00:00.0,Intermediário
0.25689,0.25863,2001-12-19 12:30:00.0,Intermediário
0.25781,0.25922,2001-12-19 13:00:00.0,Intermediário
0.25741,0.25881,2001-12-19 13:30:00.0,Intermediário
0.2573,0.2587,2001-12-19 14:00:00.0,Intermediário
0.25749,0.25889,2001-12-19 14:30:00.0,Intermediário
0.25668,0.25808,2001-12-19 15:03:00.0,Intermediário
0.2561,0.25772,2001-12-19 15:30:00.0,Intermediário
0.25852,0.25993,2001-12-19 16:13:00.0,Intermediário
0.25841,0.25982,2001-12-19 16:39:00.0,Fechamento Interbancário
0.25773,0.25822,2001-12-19 18:14:00.0,Fechamento
0.26143,0.26375,2001-12-20 09:38:00.0,Abertura
0.26119,0.26272,2001-12-20 10:00:00.0,Intermediário
0.25973,0.26125,2001-12-20 10:30:00.0,Intermediário
0.25963,0.26115,2001-12-20 11:00:00.0,Intermediário
0.25949,0.26113,2001-12-20 11:30:00.0,Intermediário
0.25904,0.26045,2001-12-20 12:00:00.0,Intermediário
0.25918,0.26059,2001-12-20 12:30:00.0,Intermediário
0.25821,0.26006,2001-12-20 13:00:00.0,Intermediário
0.25883,0.26024,2001-12-20 13:30:00.0,Intermediário
0.25861,0.26002,2001-12-20 14:00:00.0,Intermediário
0.25866,0.26006,2001-12-20 14:30:00.0,Intermediário
0.25914,0.26055,2001-12-20 15:00:00.0,Intermediário
0.25958,0.26111,2001-12-20 15:30:00.0,Intermediário
0.26097,0.26238,2001-12-20 16:00:00.0,Intermediário
0.26088,0.26241,2001-12-20 16:30:00.0,Fechamento Interbancário
0.26007,0.26056,2001-12-20 17:24:00.0,Fechamento
0.26242,0.26474,2001-12-21 09:36:00.0,Abertura
0.25959,0.26101,2001-12-21 10:00:00.0,Intermediário
0.25879,0.2602,2001-12-21 10:30:00.0,Intermediário
0.2594,0.2607,2001-12-21 11:00:00.0,Intermediário
0.26024,0.26165,2001-12-21 11:30:00.0,Intermediário
0.25923,0.26075,2001-12-21 12:00:00.0,Intermediário
0.25917,0.26058,2001-12-21 12:30:00.0,Intermediário
0.26093,0.26246,2001-12-21 13:00:00.0,Intermediário
0.26096,0.26249,2001-12-21 13:30:00.0,Intermediário
0.2602,0.26172,2001-12-21 14:00:00.0,Intermediário
0.26019,0.26171,2001-12-21 14:30:00.0,Intermediário
0.26067,0.26208,2001-12-21 15:00:00.0,Intermediário
0.25984,0.26136,2001-12-21 15:30:00.0,Intermediário
0.25926,0.26066,2001-12-21 16:00:00.0,Intermediário
0.25958,0.26099,2001-12-21 16:30:00.0,Fechamento Interbancário
0.0,0.0,2001-12-21 17:59:00.0,Intermediário
0.25897,0.25946,2001-12-21 23:55:00.0,Fechamento
0.25826,0.26055,2001-12-24 09:57:00.0,Abertura
0.25777,0.26005,2001-12-24 10:00:00.0,Intermediário
0.2569,0.25829,2001-12-24 10:30:00.0,Intermediário
0.25712,0.25852,2001-12-24 11:00:00.0,Intermediário
0.25615,0.25754,2001-12-24 11:33:00.0,Fechamento Interbancário
0.25558,0.25607,2001-12-24 11:47:00.0,Fechamento
0.25526,0.25754,2001-12-26 09:53:00.0,Abertura
0.25551,0.2569,2001-12-26 10:00:00.0,Intermediário
0.25422,0.2556,2001-12-26 10:30:00.0,Intermediário
0.25433,0.25582,2001-12-26 11:00:00.0,Intermediário
0.25352,0.2549,2001-12-26 11:36:00.0,Intermediário
0.25364,0.25524,2001-12-26 12:00:00.0,Intermediário
0.25393,0.25553,2001-12-26 12:30:00.0,Intermediário
0.25442,0.2558,2001-12-26 13:04:00.0,Intermediário
0.25438,0.25577,2001-12-26 13:30:00.0,Intermediário
0.25419,0.25557,2001-12-26 14:00:00.0,Intermediário
0.25414,0.25552,2001-12-26 14:30:00.0,Intermediário
0.25442,0.25591,2001-12-26 15:00:00.0,Intermediário
0.25457,0.25595,2001-12-26 15:31:00.0,Intermediário
0.25549,0.25698,2001-12-26 16:00:00.0,Intermediário
0.25522,0.25661,2001-12-26 16:30:00.0,Fechamento Interbancário
0.25428,0.25476,2001-12-26 17:30:00.0,Fechamento
0.25398,0.25625,2001-12-27 09:42:00.0,Abertura
0.2551,0.25648,2001-12-27 10:00:00.0,Intermediário
0.25616,0.25755,2001-12-27 10:30:00.0,Intermediário
0.25654,0.25782,2001-12-27 11:00:00.0,Intermediário
0.25653,0.25792,2001-12-27 11:30:00.0,Intermediário
0.25645,0.25785,2001-12-27 12:00:00.0,Intermediário
0.25661,0.258,2001-12-27 12:30:00.0,Intermediário
0.25684,0.25824,2001-12-27 13:00:00.0,Intermediário
0.25688,0.25827,2001-12-27 13:30:00.0,Intermediário
0.25727,0.25867,2001-12-27 14:00:00.0,Intermediário
0.25679,0.25818,2001-12-27 14:30:00.0,Intermediário
0.25709,0.25849,2001-12-27 15:00:00.0,Intermediário
0.2571,0.2585,2001-12-27 15:30:00.0,Intermediário
0.25749,0.25888,2001-12-27 16:00:00.0,Intermediário
0.25737,0.25876,2001-12-27 16:30:00.0,Fechamento Interbancário
0.25679,0.25728,2001-12-27 17:53:00.0,Fechamento
0.25569,0.25796,2001-12-28 09:32:00.0,Abertura
0.25578,0.25717,2001-12-28 10:00:00.0,Intermediário
0.25571,0.25721,2001-12-28 10:30:00.0,Intermediário
0.25629,0.25768,2001-12-28 11:00:00.0,Intermediário
0.25615,0.25754,2001-12-28 11:30:00.0,Intermediário
0.25569,0.25697,2001-12-28 12:00:00.0,Intermediário
0.25581,0.25709,2001-12-28 12:30:00.0,Intermediário
0.25673,0.25823,2001-12-28 13:00:00.0,Intermediário
0.25682,0.25821,2001-12-28 13:30:00.0,Intermediário
0.25683,0.25822,2001-12-28 14:00:00.0,Intermediário
0.2568,0.2582,2001-12-28 14:30:00.0,Intermediário
0.25678,0.25817,2001-12-28 15:00:00.0,Intermediário
0.25543,0.25692,2001-12-28 15:35:00.0,Intermediário
0.25617,0.25767,2001-12-28 16:00:00.0,Intermediário
0.25575,0.25714,2001-12-28 16:30:00.0,Fechamento Interbancário
0.25701,0.2575,2001-12-28 17:49:00.0,Fechamento
0.2568,0.25806,2001-12-31 09:43:00.0,Abertura
0.25703,0.25829,2001-12-31 10:00:00.0,Intermediário
0.25713,0.25839,2001-12-31 10:30:00.0,Intermediário
0.25716,0.25842,2001-12-31 11:00:00.0,Intermediário
0.25702,0.25828,2001-12-31 11:30:00.0,Fechamento Interbancário
0.25807,0.25856,2001-12-31 12:28:00.0,Fechamento
