cotacaoCompra,cotacaoVenda,dataHoraCotacao,tipoBoletim
0.30055,0.30256,2010-01-04 09:23:00.0,Abertura
0.3013,0.30181,2010-01-04 09:30:00.0,Intermediário
0.30099,0.30151,2010-01-04 10:00:00.0,Intermediário
0.30157,0.30213,2010-01-04 10:30:00.0,Intermediário
0.30141,0.30191,2010-01-04 11:00:00.0,Intermediário
0.30234,0.30286,2010-01-04 11:30:00.0,Intermediário
0.30354,0.30402,2010-01-04 12:00:00.0,Intermediário
0.30346,0.30408,2010-01-04 12:30:00.0,Intermediário
0.30286,0.30339,2010-01-04 13:00:00.0,Intermediário
0.3024,0.30301,2010-01-04 13:30:00.0,Intermediário
0.30206,0.30254,2010-01-04 14:00:00.0,Intermediário
0.3019,0.30241,2010-01-04 14:30:00.0,Intermediário
0.3009,0.30144,2010-01-04 15:00:00.0,Intermediário
0.30105,0.30156,2010-01-04 15:30:00.0,Intermediário
0.30114,0.30176,2010-01-04 16:00:00.0,Intermediário
0.30101,0.30146,2010-01-04 16:30:00.0,Fechamento Interbancário
0.30192,0.30216,2010-01-04 17:37:00.0,Fechamento
0.30082,0.30275,2010-01-05 09:22:00.0,Abertura
0.30161,0.30213,2010-01-05 09:30:00.0,Intermediário
0.30184,0.3024,2010-01-05 10:00:00.0,Intermediário
0.3019,0.3024,2010-01-05 10:30:00.0,Intermediário
0.30129,0.30191,2010-01-05 11:00:00.0,Intermediário
0.30173,0.30228,2010-01-05 11:30:00.0,Intermediário
0.30214,0.30265,2010-01-05 12:00:00.0,Intermediário
0.30226,0.30277,2010-01-05 12:30:00.0,Intermediário
0.30217,0.3027,2010-01-05 13:00:00.0,Intermediário
0.30283,0.30328,2010-01-05 13:30:00.0,Intermediário
0.30265,0.3032,2010-01-05 14:00:00.0,Intermediário
0.30218,0.30268,2010-01-05 14:30:00.0,Intermediário
0.30303,0.30363,2010-01-05 15:00:00.0,Intermediário
0.30267,0.30318,2010-01-05 15:30:00.0,Intermediário
0.30255,0.30308,2010-01-05 16:00:00.0,Intermediário
0.30247,0.30308,2010-01-05 16:30:00.0,Fechamento Interbancário
0.30123,0.30163,2010-01-05 17:35:00.0,Fechamento
0.30249,0.30449,2010-01-06 09:22:00.0,Abertura
0.3035,0.30395,2010-01-06 09:30:00.0,Intermediário
0.30316,0.30378,2010-01-06 10:00:00.0,Intermediário
0.30352,0.30397,2010-01-06 10:30:00.0,Intermediário
0.30262,0.30304,2010-01-06 11:00:00.0,Intermediário
0.30401,0.30446,2010-01-06 11:30:00.0,Intermediário
0.3038,0.30433,2010-01-06 12:00:00.0,Intermediário
0.30391,0.30436,2010-01-06 12:30:00.0,Intermediário
0.30351,0.30405,2010-01-06 13:00:00.0,Intermediário
0.30339,0.30399,2010-01-06 13:30:00.0,Intermediário
0.30388,0.30439,2010-01-06 14:00:00.0,Intermediário
0.30408,0.3046,2010-01-06 14:30:00.0,Intermediário
0.3038,0.30426,2010-01-06 15:00:00.0,Intermediário
0.30405,0.30464,2010-01-06 15:30:00.0,Intermediário
0.30466,0.3052,2010-01-06 16:00:00.0,Intermediário
0.30529,0.30591,2010-01-06 16:30:00.0,Fechamento Interbancário
0.30457,0.30498,2010-01-06 17:34:00.0,Fechamento
0.30314,0.30515,2010-01-07 09:24:00.0,Abertura
0.30392,0.30441,2010-01-07 09:30:00.0,Intermediário
0.30379,0.30432,2010-01-07 10:00:00.0,Intermediário
0.30426,0.30474,2010-01-07 10:30:00.0,Intermediário
0.30423,0.305,2010-01-07 11:00:00.0,Intermediário
0.30477,0.30538,2010-01-07 11:30:00.0,Intermediário
0.30503,0.30551,2010-01-07 12:00:00.0,Intermediário
0.3047,0.3052,2010-01-07 12:30:00.0,Intermediário
0.30448,0.30496,2010-01-07 13:00:00.0,Intermediário
0.30486,0.30532,2010-01-07 13:30:00.0,Intermediário
0.30425,0.30476,2010-01-07 14:00:00.0,Intermediário
0.30361,0.30418,2010-01-07 14:30:00.0,Intermediário
0.30449,0.30505,2010-01-07 15:00:00.0,Intermediário
0.30478,0.30529,2010-01-07 15:30:00.0,Intermediário
0.30468,0.30525,2010-01-07 16:00:00.0,Intermediário
0.30471,0.30531,2010-01-07 16:30:00.0,Fechamento Interbancário
0.30427,0.30466,2010-01-07 17:37:00.0,Fechamento
0.30507,0.30709,2010-01-08 09:22:00.0,Abertura
0.30596,0.30647,2010-01-08 09:30:00.0,Intermediário
0.30535,0.30597,2010-01-08 10:00:00.0,Intermediário
0.30524,0.30575,2010-01-08 10:30:00.0,Intermediário
0.30503,0.30555,2010-01-08 11:00:00.0,Intermediário
0.30608,0.30663,2010-01-08 11:30:00.0,Intermediário
0.3055,0.30614,2010-01-08 12:00:00.0,Intermediário
0.30514,0.30566,2010-01-08 12:30:00.0,Intermediário
0.30454,0.30508,2010-01-08 13:00:00.0,Intermediário
0.30394,0.30446,2010-01-08 13:30:00.0,Intermediário
0.3042,0.30476,2010-01-08 14:00:00.0,Intermediário
0.3043,0.30483,2010-01-08 14:30:00.0,Intermediário
0.30446,0.30517,2010-01-08 15:00:00.0,Intermediário
0.30489,0.30545,2010-01-08 15:30:00.0,Intermediário
0.3045,0.30508,2010-01-08 16:00:00.0,Intermediário
0.30503,0.30555,2010-01-08 16:30:00.0,Fechamento Interbancário
0.30683,0.30714,2010-01-08 17:33:00.0,Fechamento
0.30585,0.30785,2010-01-11 09:22:00.0,Abertura
0.30683,0.30737,2010-01-11 09:30:00.0,Intermediário
0.30687,0.30744,2010-01-11 10:00:00.0,Intermediário
0.30705,0.30756,2010-01-11 10:30:00.0,Intermediário
0.30742,0.30788,2010-01-11 11:00:00.0,Intermediário
0.30774,0.30846,2010-01-11 11:30:00.0,Intermediário
0.30777,0.3084,2010-01-11 12:00:00.0,Intermediário
0.30849,0.30903,2010-01-11 12:30:00.0,Intermediário
0.30844,0.30895,2010-01-11 13:00:00.0,Intermediário
0.30803,0.30866,2010-01-11 13:30:00.0,Intermediário
0.30815,0.30862,2010-01-11 14:00:00.0,Intermediário
0.30837,0.30889,2010-01-11 14:30:00.0,Intermediário
0.30801,0.30854,2010-01-11 15:00:00.0,Intermediário
0.30887,0.30936,2010-01-11 15:30:00.0,Intermediário
0.30886,0.30945,2010-01-11 16:00:00.0,Intermediário
0.30877,0.3093,2010-01-11 16:30:00.0,Fechamento Interbancário
0.30833,0.30865,2010-01-11 17:36:00.0,Fechamento
0.30801,0.31014,2010-01-12 09:22:00.0,Abertura
0.3081,0.30873,2010-01-12 09:30:00.0,Intermediário
0.30877,0.30927,2010-01-12 10:00:00.0,Intermediário
0.3094,0.31003,2010-01-12 10:30:00.0,Intermediário
0.30909,0.30965,2010-01-12 11:00:00.0,Intermediário
0.30808,0.30872,2010-01-12 11:30:00.0,Intermediário
0.30775,0.30821,2010-01-12 12:00:00.0,Intermediário
0.30774,0.30831,2010-01-12 12:30:00.0,Intermediário
0.30856,0.30903,2010-01-12 13:00:00.0,Intermediário
0.30816,0.3087,2010-01-12 13:30:00.0,Intermediário
0.30892,0.30955,2010-01-12 14:00:00.0,Intermediário
0.30855,0.30911,2010-01-12 14:30:00.0,Intermediário
0.30851,0.30899,2010-01-12 15:00:00.0,Intermediário
0.3082,0.30897,2010-01-12 15:30:00.0,Intermediário
0.30883,0.30959,2010-01-12 16:00:00.0,Intermediário
0.30833,0.30886,2010-01-12 16:30:00.0,Fechamento Interbancário
0.30781,0.30814,2010-01-12 17:37:00.0,Fechamento
0.30818,0.31012,2010-01-13 09:26:00.0,Abertura
0.30889,0.30953,2010-01-13 09:30:00.0,Intermediário
0.30868,0.30961,2010-01-13 10:00:00.0,Intermediário
0.30945,0.31019,2010-01-13 10:30:00.0,Intermediário
0.30919,0.30993,2010-01-13 11:00:00.0,Intermediário
0.30961,0.31032,2010-01-13 11:30:00.0,Intermediário
0.30963,0.31021,2010-01-13 12:00:00.0,Intermediário
0.30904,0.30967,2010-01-13 12:30:00.0,Intermediário
0.30928,0.30983,2010-01-13 13:00:00.0,Intermediário
0.30816,0.30864,2010-01-13 13:30:00.0,Intermediário
0.30937,0.3099,2010-01-13 14:00:00.0,Intermediário
0.30966,0.31022,2010-01-13 14:30:00.0,Intermediário
0.30934,0.31012,2010-01-13 15:00:00.0,Intermediário
0.30993,0.31069,2010-01-13 15:30:00.0,Intermediário
0.3113,0.31194,2010-01-13 16:00:00.0,Intermediário
0.3111,0.31186,2010-01-13 16:30:00.0,Fechamento Interbancário
0.30851,0.30906,2010-01-13 17:34:00.0,Fechamento
0.31164,0.31377,2010-01-14 09:26:00.0,Abertura
0.3124,0.31286,2010-01-14 09:30:00.0,Intermediário
0.31218,0.31271,2010-01-14 10:00:00.0,Intermediário
0.31309,0.31381,2010-01-14 10:30:00.0,Intermediário
0.31312,0.31366,2010-01-14 11:00:00.0,Intermediário
0.31343,0.31393,2010-01-14 11:30:00.0,Intermediário
0.31287,0.31333,2010-01-14 12:00:00.0,Intermediário
0.31277,0.31329,2010-01-14 12:30:00.0,Intermediário
0.31261,0.31315,2010-01-14 13:00:00.0,Intermediário
0.31293,0.31345,2010-01-14 13:30:00.0,Intermediário
0.31299,0.31352,2010-01-14 14:00:00.0,Intermediário
0.31416,0.31467,2010-01-14 14:30:00.0,Intermediário
0.31336,0.31396,2010-01-14 15:00:00.0,Intermediário
0.31352,0.31404,2010-01-14 15:30:00.0,Intermediário
0.31303,0.31361,2010-01-14 16:00:00.0,Intermediário
0.31309,0.31356,2010-01-14 16:30:00.0,Fechamento Interbancário
0.31327,0.31352,2010-01-14 17:42:00.0,Fechamento
0.3111,0.31305,2010-01-15 09:23:00.0,Abertura
0.31187,0.3124,2010-01-15 09:30:00.0,Intermediário
0.31181,0.31234,2010-01-15 10:00:00.0,Intermediário
0.31134,0.31197,2010-01-15 10:30:00.0,Intermediário
0.312,0.31252,2010-01-15 11:00:00.0,Intermediário
0.3121,0.31269,2010-01-15 11:30:00.0,Intermediário
0.3114,0.31194,2010-01-15 12:00:00.0,Intermediário
0.31075,0.31127,2010-01-15 12:30:00.0,Intermediário
0.31047,0.31095,2010-01-15 13:00:00.0,Intermediário
0.31112,0.31189,2010-01-15 13:30:00.0,Intermediário
0.31097,0.31145,2010-01-15 14:00:00.0,Intermediário
0.31087,0.31141,2010-01-15 14:30:00.0,Intermediário
0.31084,0.31133,2010-01-15 15:00:00.0,Intermediário
0.3114,0.31186,2010-01-15 15:30:00.0,Intermediário
0.31173,0.31222,2010-01-15 16:00:00.0,Intermediário
0.31143,0.31188,2010-01-15 16:30:00.0,Fechamento Interbancário
0.31148,0.31172,2010-01-15 17:40:00.0,Fechamento
0.31148,0.31352,2010-01-18 09:26:00.0,Abertura
0.31204,0.31257,2010-01-18 09:30:00.0,Intermediário
0.31229,0.31286,2010-01-18 10:00:00.0,Intermediário
0.31187,0.3125,2010-01-18 10:30:00.0,Intermediário
0.3124,0.31293,2010-01-18 11:00:00.0,Intermediário
0.313,0.31342,2010-01-18 11:30:00.0,Intermediário
0.31239,0.31294,2010-01-18 12:00:00.0,Intermediário
0.31262,0.31314,2010-01-18 12:30:00.0,Intermediário
0.31144,0.31206,2010-01-18 13:00:00.0,Intermediário
0.31172,0.31222,2010-01-18 13:30:00.0,Intermediário
0.3118,0.31232,2010-01-18 14:00:00.0,Intermediário
0.31197,0.31259,2010-01-18 14:30:00.0,Intermediário
0.31206,0.31269,2010-01-18 15:00:00.0,Intermediário
0.31238,0.31314,2010-01-18 15:30:00.0,Intermediário
0.31246,0.31306,2010-01-18 16:00:00.0,Intermediário
0.31202,0.31254,2010-01-18 16:30:00.0,Fechamento Interbancário
0.31313,0.31344,2010-01-18 17:33:00.0,Fechamento
0.31057,0.3125,2010-01-19 09:24:00.0,Abertura
0.31078,0.3114,2010-01-19 09:30:00.0,Intermediário
0.31105,0.31155,2010-01-19 10:00:00.0,Intermediário
0.31111,0.31164,2010-01-19 10:30:00.0,Intermediário
0.31097,0.31173,2010-01-19 11:00:00.0,Intermediário
0.31105,0.3115,2010-01-19 11:30:00.0,Intermediário
0.31054,0.31131,2010-01-19 12:00:00.0,Intermediário
0.31078,0.3114,2010-01-19 12:30:00.0,Intermediário
0.31149,0.31208,2010-01-19 13:00:00.0,Intermediário
0.31099,0.31148,2010-01-19 13:30:00.0,Intermediário
0.31091,0.31161,2010-01-19 14:00:00.0,Intermediário
0.31038,0.31089,2010-01-19 14:30:00.0,Intermediário
0.31082,0.31135,2010-01-19 15:00:00.0,Intermediário
0.31038,0.31101,2010-01-19 15:30:00.0,Intermediário
0.31078,0.31131,2010-01-19 16:00:00.0,Intermediário
0.3107,0.31125,2010-01-19 16:30:00.0,Fechamento Interbancário
0.31139,0.31172,2010-01-19 17:36:00.0,Fechamento
0.30946,0.31141,2010-01-20 09:21:00.0,Abertura
0.30985,0.31036,2010-01-20 09:30:00.0,Intermediário
0.30898,0.30974,2010-01-20 10:00:00.0,Intermediário
0.30967,0.31012,2010-01-20 10:30:00.0,Intermediário
0.31007,0.31059,2010-01-20 11:00:00.0,Intermediário
0.31064,0.31119,2010-01-20 11:31:00.0,Intermediário
0.31008,0.31054,2010-01-20 12:00:00.0,Intermediário
0.30948,0.3101,2010-01-20 12:30:00.0,Intermediário
0.30994,0.31047,2010-01-20 13:00:00.0,Intermediário
0.3096,0.31015,2010-01-20 13:30:00.0,Intermediário
0.30959,0.31005,2010-01-20 14:00:00.0,Intermediário
0.30952,0.31011,2010-01-20 14:30:00.0,Intermediário
0.30975,0.31037,2010-01-20 15:00:00.0,Intermediário
0.30959,0.3102,2010-01-20 15:30:00.0,Intermediário
0.30974,0.31032,2010-01-20 16:00:00.0,Intermediário
0.30998,0.31043,2010-01-20 16:30:00.0,Fechamento Interbancário
0.30887,0.30912,2010-01-20 17:32:00.0,Fechamento
0.30769,0.30951,2010-01-21 09:25:00.0,Abertura
0.30811,0.30877,2010-01-21 09:30:00.0,Intermediário
0.30867,0.30917,2010-01-21 10:00:00.0,Intermediário
0.30804,0.30853,2010-01-21 10:30:00.0,Intermediário
0.30823,0.30875,2010-01-21 11:00:00.0,Intermediário
0.30842,0.30904,2010-01-21 11:30:00.0,Intermediário
0.3084,0.30902,2010-01-21 12:00:00.0,Intermediário
0.30872,0.30934,2010-01-21 12:30:00.0,Intermediário
0.30935,0.3099,2010-01-21 13:00:00.0,Intermediário
0.30803,0.30854,2010-01-21 13:30:00.0,Intermediário
0.30814,0.30868,2010-01-21 14:00:00.0,Intermediário
0.30999,0.31047,2010-01-21 14:30:00.0,Intermediário
0.31085,0.3116,2010-01-21 15:00:00.0,Intermediário
0.31004,0.3106,2010-01-21 15:30:00.0,Intermediário
0.3102,0.31072,2010-01-21 16:00:00.0,Intermediário
0.3103,0.31104,2010-01-21 16:30:00.0,Fechamento Interbancário
0.30866,0.3092,2010-01-21 17:38:00.0,Fechamento
0.30995,0.31194,2010-01-22 09:23:00.0,Abertura
0.31031,0.31082,2010-01-22 09:30:00.0,Intermediário
0.31172,0.31236,2010-01-22 10:00:00.0,Intermediário
0.3112,0.31192,2010-01-22 10:30:00.0,Intermediário
0.31215,0.31261,2010-01-22 11:00:00.0,Intermediário
0.31293,0.31352,2010-01-22 11:30:00.0,Intermediário
0.3138,0.31427,2010-01-22 12:00:00.0,Intermediário
0.31479,0.31533,2010-01-22 12:30:00.0,Intermediário
0.31358,0.3141,2010-01-22 13:00:00.0,Intermediário
0.31465,0.31514,2010-01-22 13:30:00.0,Intermediário
0.31331,0.3138,2010-01-22 14:00:00.0,Intermediário
0.31391,0.31448,2010-01-22 14:30:00.0,Intermediário
0.31394,0.31468,2010-01-22 15:00:00.0,Intermediário
0.31397,0.31459,2010-01-22 15:30:00.0,Intermediário
0.31356,0.31409,2010-01-22 16:00:00.0,Intermediário
0.31312,0.31387,2010-01-22 16:30:00.0,Fechamento Interbancário
0.31396,0.31451,2010-01-22 17:32:00.0,Fechamento
0.31086,0.31291,2010-01-25 09:23:00.0,Abertura
0.31149,0.31201,2010-01-25 09:30:00.0,Intermediário
0.31126,0.31186,2010-01-25 10:00:00.0,Intermediário
0.31303,0.31354,2010-01-25 10:30:00.0,Intermediário
0.31312,0.31375,2010-01-25 11:00:00.0,Intermediário
0.31261,0.31306,2010-01-25 11:30:00.0,Intermediário
0.31253,0.31309,2010-01-25 12:00:00.0,Intermediário
0.31285,0.3134,2010-01-25 12:30:00.0,Intermediário
0.31291,0.31356,2010-01-25 13:00:00.0,Intermediário
0.31261,0.31324,2010-01-25 13:30:00.0,Intermediário
0.31306,0.31347,2010-01-25 14:00:00.0,Intermediário
0.3124,0.31295,2010-01-25 14:30:00.0,Intermediário
0.31246,0.31296,2010-01-25 15:00:00.0,Intermediário
0.31244,0.31297,2010-01-25 15:30:00.0,Intermediário
0.31305,0.3136,2010-01-25 16:00:00.0,Intermediário
0.31258,0.31309,2010-01-25 16:30:00.0,Fechamento Interbancário
0.31268,0.31298,2010-01-25 17:33:00.0,Fechamento
0.31294,0.31495,2010-01-26 09:22:00.0,Abertura
0.31298,0.31374,2010-01-26 09:30:00.0,Intermediário
0.31288,0.31339,2010-01-26 10:00:00.0,Intermediário
0.31304,0.31365,2010-01-26 10:30:00.0,Intermediário
0.31309,0.31363,2010-01-26 11:00:00.0,Intermediário
0.31299,0.31355,2010-01-26 11:30:00.0,Intermediário
0.31407,0.31462,2010-01-26 12:00:00.0,Intermediário
0.31458,0.31509,2010-01-26 12:30:00.0,Intermediário
0.31406,0.31463,2010-01-26 13:00:00.0,Intermediário
0.31389,0.31439,2010-01-26 13:30:00.0,Intermediário
0.31394,0.31445,2010-01-26 14:00:00.0,Intermediário
0.31432,0.31486,2010-01-26 14:30:00.0,Intermediário
0.31415,0.31465,2010-01-26 15:00:00.0,Intermediário
0.3137,0.31415,2010-01-26 15:30:00.0,Intermediário
0.31373,0.31436,2010-01-26 16:00:00.0,Intermediário
0.31421,0.31496,2010-01-26 16:30:00.0,Fechamento Interbancário
0.31454,0.31508,2010-01-26 17:35:00.0,Fechamento
0.31331,0.31524,2010-01-27 09:25:00.0,Abertura
0.31358,0.31409,2010-01-27 09:30:00.0,Intermediário
0.3146,0.31513,2010-01-27 10:00:00.0,Intermediário
0.31535,0.31606,2010-01-27 10:30:00.0,Intermediário
0.316,0.31645,2010-01-27 11:00:00.0,Intermediário
0.3161,0.31672,2010-01-27 11:30:00.0,Intermediário
0.31657,0.31709,2010-01-27 12:00:00.0,Intermediário
0.31648,0.31698,2010-01-27 12:30:00.0,Intermediário
0.31678,0.31722,2010-01-27 13:00:00.0,Intermediário
0.31717,0.31778,2010-01-27 13:30:00.0,Intermediário
0.31701,0.31753,2010-01-27 14:00:00.0,Intermediário
0.31714,0.31761,2010-01-27 14:30:00.0,Intermediário
0.31602,0.31663,2010-01-27 15:00:00.0,Intermediário
0.31691,0.31742,2010-01-27 15:30:00.0,Intermediário
0.31791,0.31849,2010-01-27 16:00:00.0,Intermediário
0.31644,0.31701,2010-01-27 16:30:00.0,Fechamento Interbancário
0.31533,0.3157,2010-01-27 17:36:00.0,Fechamento
0.31569,0.31756,2010-01-28 09:23:00.0,Abertura
0.31633,0.31681,2010-01-28 09:30:00.0,Intermediário
0.31634,0.31683,2010-01-28 10:00:00.0,Intermediário
0.31584,0.31656,2010-01-28 10:30:00.0,Intermediário
0.31586,0.31647,2010-01-28 11:00:00.0,Intermediário
0.31583,0.31644,2010-01-28 11:30:00.0,Intermediário
0.31603,0.31664,2010-01-28 12:00:00.0,Intermediário
0.31607,0.31669,2010-01-28 12:30:00.0,Intermediário
0.31562,0.31609,2010-01-28 13:00:00.0,Intermediário
0.31541,0.31592,2010-01-28 13:30:00.0,Intermediário
0.31501,0.31573,2010-01-28 14:00:00.0,Intermediário
0.31632,0.3168,2010-01-28 14:30:00.0,Intermediário
0.31745,0.31807,2010-01-28 15:00:00.0,Intermediário
0.31742,0.31821,2010-01-28 15:30:00.0,Intermediário
0.31757,0.31808,2010-01-28 16:00:00.0,Intermediário
0.31697,0.31758,2010-01-28 16:30:00.0,Fechamento Interbancário
0.31531,0.31571,2010-01-28 17:35:00.0,Fechamento
0.31608,0.31794,2010-01-29 09:20:00.0,Abertura
0.31659,0.31711,2010-01-29 09:30:00.0,Intermediário
0.31587,0.3164,2010-01-29 10:00:00.0,Intermediário
0.31621,0.31676,2010-01-29 10:30:00.0,Intermediário
0.31679,0.31736,2010-01-29 11:00:00.0,Intermediário
0.31648,0.31728,2010-01-29 11:30:00.0,Intermediário
0.31658,0.31728,2010-01-29 12:00:00.0,Intermediário
0.31703,0.31744,2010-01-29 12:30:00.0,Intermediário
0.31616,0.31677,2010-01-29 13:00:00.0,Intermediário
0.31679,0.31744,2010-01-29 13:30:00.0,Intermediário
0.31656,0.3173,2010-01-29 14:00:00.0,Intermediário
0.31554,0.31595,2010-01-29 14:30:00.0,Intermediário
0.31603,0.31676,2010-01-29 15:00:00.0,Intermediário
0.31773,0.31824,2010-01-29 15:30:00.0,Intermediário
0.31836,0.31886,2010-01-29 16:00:00.0,Intermediário
0.31816,0.31887,2010-01-29 16:30:00.0,Fechamento Interbancário
0.31663,0.31715,2010-01-29 17:34:00.0,Fechamento
0.31963,0.32148,2010-02-01 09:21:00.0,Abertura
0.32015,0.32061,2010-02-01 09:30:00.0,Intermediário
0.32035,0.32081,2010-02-01 10:00:00.0,Intermediário
0.31993,0.3205,2010-02-01 10:30:00.0,Intermediário
0.31871,0.31923,2010-02-01 11:00:00.0,Intermediário
0.31914,0.31954,2010-02-01 11:30:00.0,Intermediário
0.31988,0.32055,2010-02-01 12:00:00.0,Intermediário
0.3189,0.31936,2010-02-01 12:30:00.0,Intermediário
0.31759,0.3182,2010-02-01 13:00:00.0,Intermediário
0.31758,0.31813,2010-02-01 13:30:00.0,Intermediário
0.31727,0.31777,2010-02-01 14:00:00.0,Intermediário
0.31715,0.31776,2010-02-01 14:30:00.0,Intermediário
0.31713,0.31765,2010-02-01 15:00:00.0,Intermediário
0.31749,0.31807,2010-02-01 15:30:00.0,Intermediário
0.3163,0.31684,2010-02-01 16:00:00.0,Intermediário
0.31648,0.31698,2010-02-01 16:30:00.0,Fechamento Interbancário
0.31946,0.31976,2010-02-01 17:33:00.0,Fechamento
0.31529,0.31719,2010-02-02 09:16:00.0,Abertura
0.31582,0.31643,2010-02-02 09:30:00.0,Intermediário
0.315,0.31561,2010-02-02 10:00:00.0,Intermediário
0.31551,0.31602,2010-02-02 10:30:00.0,Intermediário
0.31513,0.31569,2010-02-02 11:00:00.0,Intermediário
0.31529,0.31576,2010-02-02 11:30:00.0,Intermediário
0.31511,0.31564,2010-02-02 12:00:00.0,Intermediário
0.31501,0.31554,2010-02-02 12:30:00.0,Intermediário
0.31434,0.31495,2010-02-02 13:00:00.0,Intermediário
0.31512,0.31573,2010-02-02 13:30:00.0,Intermediário
0.31421,0.31473,2010-02-02 14:00:00.0,Intermediário
0.31433,0.31483,2010-02-02 14:30:00.0,Intermediário
0.31309,0.31359,2010-02-02 15:00:00.0,Intermediário
0.3131,0.31366,2010-02-02 15:30:00.0,Intermediário
0.31245,0.31305,2010-02-02 16:00:00.0,Intermediário
0.31321,0.31382,2010-02-02 16:30:00.0,Fechamento Interbancário
0.3145,0.3149,2010-02-02 17:32:00.0,Fechamento
0.31183,0.31379,2010-02-03 09:36:00.0,Abertura
0.31282,0.31327,2010-02-03 09:41:00.0,Intermediário
0.3123,0.31298,2010-02-03 10:00:00.0,Intermediário
0.31338,0.31387,2010-02-03 10:30:00.0,Intermediário
0.31413,0.31476,2010-02-03 11:00:00.0,Intermediário
0.31401,0.31446,2010-02-03 11:30:00.0,Intermediário
0.31404,0.31453,2010-02-03 12:00:00.0,Intermediário
0.314,0.31451,2010-02-03 12:30:00.0,Intermediário
0.31368,0.31429,2010-02-03 13:00:00.0,Intermediário
0.31336,0.31383,2010-02-03 13:30:00.0,Intermediário
0.31396,0.31443,2010-02-03 14:00:00.0,Intermediário
0.31462,0.31498,2010-02-03 14:30:00.0,Intermediário
0.31538,0.31599,2010-02-03 15:00:00.0,Intermediário
0.31503,0.31578,2010-02-03 15:30:00.0,Intermediário
0.31439,0.31489,2010-02-03 16:00:00.0,Intermediário
0.31386,0.31442,2010-02-03 16:30:00.0,Fechamento Interbancário
0.31231,0.31266,2010-02-03 17:35:00.0,Fechamento
0.31487,0.31669,2010-02-04 09:25:00.0,Abertura
0.31604,0.31655,2010-02-04 09:30:00.0,Intermediário
0.31602,0.31679,2010-02-04 10:00:00.0,Intermediário
0.31509,0.3157,2010-02-04 10:30:00.0,Intermediário
0.3151,0.3156,2010-02-04 11:00:00.0,Intermediário
0.31569,0.31621,2010-02-04 11:30:00.0,Intermediário
0.31548,0.31607,2010-02-04 12:00:00.0,Intermediário
0.31537,0.31589,2010-02-04 12:30:00.0,Intermediário
0.31551,0.31611,2010-02-04 13:00:00.0,Intermediário
0.3156,0.31613,2010-02-04 13:30:00.0,Intermediário
0.31558,0.3161,2010-02-04 14:00:00.0,Intermediário
0.31665,0.31741,2010-02-04 14:30:00.0,Intermediário
0.31644,0.31717,2010-02-04 15:00:00.0,Intermediário
0.31641,0.31714,2010-02-04 15:30:00.0,Intermediário
0.31668,0.31738,2010-02-04 16:00:00.0,Intermediário
0.31642,0.31713,2010-02-04 16:30:00.0,Fechamento Interbancário
0.31452,0.31503,2010-02-04 17:33:00.0,Fechamento
0.31225,0.31421,2010-02-05 09:26:00.0,Abertura
0.31359,0.31409,2010-02-05 09:30:00.0,Intermediário
0.31286,0.31333,2010-02-05 10:00:00.0,Intermediário
0.31219,0.31278,2010-02-05 10:30:00.0,Intermediário
0.313,0.31344,2010-02-05 11:00:00.0,Intermediário
0.31224,0.31283,2010-02-05 11:30:00.0,Intermediário
0.31207,0.31268,2010-02-05 12:00:00.0,Intermediário
0.3123,0.3129,2010-02-05 12:30:00.0,Intermediário
0.31264,0.31312,2010-02-05 13:00:00.0,Intermediário
0.31352,0.31425,2010-02-05 13:30:00.0,Intermediário
0.31284,0.31344,2010-02-05 14:00:00.0,Intermediário
0.31306,0.31366,2010-02-05 14:30:00.0,Intermediário
0.31261,0.31311,2010-02-05 15:00:00.0,Intermediário
0.31268,0.31341,2010-02-05 15:30:00.0,Intermediário
0.31308,0.31352,2010-02-05 16:00:00.0,Intermediário
0.31385,0.31444,2010-02-05 16:30:00.0,Fechamento Interbancário
0.31144,0.31183,2010-02-05 17:35:00.0,Fechamento
0.31264,0.31451,2010-02-08 09:24:00.0,Abertura
0.31319,0.31368,2010-02-08 09:30:00.0,Intermediário
0.31429,0.31489,2010-02-08 10:00:00.0,Intermediário
0.31444,0.31493,2010-02-08 10:30:00.0,Intermediário
0.3139,0.31437,2010-02-08 11:00:00.0,Intermediário
0.31441,0.31488,2010-02-08 11:30:00.0,Intermediário
0.31417,0.31462,2010-02-08 12:00:00.0,Intermediário
0.31264,0.31313,2010-02-08 12:30:00.0,Intermediário
0.31266,0.31316,2010-02-08 13:00:00.0,Intermediário
0.31346,0.31415,2010-02-08 13:30:00.0,Intermediário
0.31338,0.31392,2010-02-08 14:00:00.0,Intermediário
0.31329,0.31379,2010-02-08 14:30:00.0,Intermediário
0.31354,0.31404,2010-02-08 15:00:00.0,Intermediário
0.31322,0.31371,2010-02-08 15:30:00.0,Intermediário
0.31387,0.3146,2010-02-08 16:00:00.0,Intermediário
0.31387,0.31463,2010-02-08 16:30:00.0,Fechamento Interbancário
0.3139,0.31446,2010-02-08 17:33:00.0,Fechamento
0.31245,0.3146,2010-02-09 09:21:00.0,Abertura
0.31326,0.31385,2010-02-09 09:30:00.0,Intermediário
0.31284,0.31334,2010-02-09 10:00:00.0,Intermediário
0.31287,0.31347,2010-02-09 10:30:00.0,Intermediário
0.31341,0.31397,2010-02-09 11:00:00.0,Intermediário
0.31301,0.31352,2010-02-09 11:30:00.0,Intermediário
0.31275,0.31325,2010-02-09 12:00:00.0,Intermediário
0.31281,0.31332,2010-02-09 12:30:00.0,Intermediário
0.31264,0.31324,2010-02-09 13:00:00.0,Intermediário
0.31302,0.31353,2010-02-09 13:30:00.0,Intermediário
0.3121,0.3127,2010-02-09 14:00:00.0,Intermediário
0.31171,0.31231,2010-02-09 14:30:00.0,Intermediário
0.31214,0.31287,2010-02-09 15:00:00.0,Intermediário
0.3131,0.31384,2010-02-09 15:30:00.0,Intermediário
0.31182,0.31243,2010-02-09 16:00:00.0,Intermediário
0.3121,0.31283,2010-02-09 16:30:00.0,Fechamento Interbancário
0.31366,0.31419,2010-02-09 17:38:00.0,Fechamento
0.31267,0.31474,2010-02-10 09:16:00.0,Abertura
0.31251,0.31301,2010-02-10 09:30:00.0,Intermediário
0.31172,0.31233,2010-02-10 10:00:00.0,Intermediário
0.31233,0.3128,2010-02-10 10:30:00.0,Intermediário
0.31226,0.31273,2010-02-10 11:00:00.0,Intermediário
0.31324,0.31395,2010-02-10 11:30:00.0,Intermediário
0.31267,0.31309,2010-02-10 12:00:00.0,Intermediário
0.31188,0.31236,2010-02-10 12:30:00.0,Intermediário
0.31166,0.31236,2010-02-10 13:00:00.0,Intermediário
0.31169,0.31222,2010-02-10 13:30:00.0,Intermediário
0.31287,0.31357,2010-02-10 14:00:00.0,Intermediário
0.31367,0.3141,2010-02-10 14:30:00.0,Intermediário
0.31358,0.3144,2010-02-10 15:00:00.0,Intermediário
0.31354,0.31404,2010-02-10 15:30:00.0,Intermediário
0.31296,0.31369,2010-02-10 16:00:00.0,Intermediário
0.31297,0.3135,2010-02-10 16:31:00.0,Fechamento Interbancário
0.31305,0.31338,2010-02-10 17:32:00.0,Fechamento
0.31227,0.31423,2010-02-11 09:25:00.0,Abertura
0.31287,0.31338,2010-02-11 09:30:00.0,Intermediário
0.31268,0.31315,2010-02-11 10:00:00.0,Intermediário
0.3126,0.31307,2010-02-11 10:30:00.0,Intermediário
0.31273,0.31345,2010-02-11 11:00:00.0,Intermediário
0.31252,0.31303,2010-02-11 11:30:00.0,Intermediário
0.3136,0.31411,2010-02-11 12:00:00.0,Intermediário
0.31322,0.31372,2010-02-11 12:30:00.0,Intermediário
0.31329,0.3138,2010-02-11 13:00:00.0,Intermediário
0.31297,0.31344,2010-02-11 13:30:00.0,Intermediário
0.31252,0.31295,2010-02-11 14:00:00.0,Intermediário
0.31382,0.31432,2010-02-11 14:30:00.0,Intermediário
0.31276,0.31325,2010-02-11 15:00:00.0,Intermediário
0.31293,0.31337,2010-02-11 15:30:00.0,Intermediário
0.31292,0.31352,2010-02-11 16:00:00.0,Intermediário
0.31274,0.31351,2010-02-11 16:30:00.0,Fechamento Interbancário
0.31322,0.31378,2010-02-11 17:51:00.0,Fechamento
0.31067,0.31247,2010-02-12 09:21:00.0,Abertura
0.31242,0.31296,2010-02-12 09:30:00.0,Intermediário
0.31245,0.31296,2010-02-12 10:00:00.0,Intermediário
0.31282,0.31331,2010-02-12 10:30:00.0,Intermediário
0.31307,0.31367,2010-02-12 11:00:00.0,Intermediário
0.31353,0.31409,2010-02-12 11:30:00.0,Intermediário
0.31377,0.31427,2010-02-12 12:00:00.0,Intermediário
0.31326,0.31395,2010-02-12 12:30:00.0,Intermediário
0.31523,0.31569,2010-02-12 13:00:00.0,Intermediário
0.31392,0.31436,2010-02-12 13:30:00.0,Intermediário
0.314,0.31454,2010-02-12 14:00:00.0,Intermediário
0.3139,0.31444,2010-02-12 14:30:00.0,Intermediário
0.31463,0.31529,2010-02-12 15:00:00.0,Intermediário
0.31399,0.31468,2010-02-12 15:30:00.0,Intermediário
0.31437,0.31511,2010-02-12 16:00:00.0,Intermediário
0.31325,0.31393,2010-02-12 16:30:00.0,Fechamento Interbancário
0.31481,0.31528,2010-02-12 17:35:00.0,Fechamento
0.3134,0.31529,2010-02-17 12:22:00.0,Abertura
0.31396,0.3145,2010-02-17 12:30:00.0,Intermediário
0.3142,0.31471,2010-02-17 13:00:00.0,Intermediário
0.31325,0.31377,2010-02-17 13:30:00.0,Intermediário
0.31252,0.31322,2010-02-17 14:00:00.0,Intermediário
0.31159,0.3121,2010-02-17 14:30:00.0,Intermediário
0.31143,0.31194,2010-02-17 15:00:00.0,Intermediário
0.31195,0.31249,2010-02-17 15:30:00.0,Intermediário
0.31143,0.31193,2010-02-17 16:00:00.0,Intermediário
0.31056,0.31116,2010-02-17 16:30:00.0,Fechamento Interbancário
0.31132,0.31172,2010-02-17 17:36:00.0,Fechamento
0.30855,0.31065,2010-02-18 09:24:00.0,Abertura
0.30934,0.3101,2010-02-18 09:30:00.0,Intermediário
0.30912,0.30962,2010-02-18 10:00:00.0,Intermediário
0.30931,0.30977,2010-02-18 10:30:00.0,Intermediário
0.30876,0.30936,2010-02-18 11:00:00.0,Intermediário
0.30779,0.30839,2010-02-18 11:30:00.0,Intermediário
0.30769,0.30818,2010-02-18 12:00:00.0,Intermediário
0.30762,0.30813,2010-02-18 12:30:00.0,Intermediário
0.30737,0.30788,2010-02-18 13:00:00.0,Intermediário
0.30662,0.30722,2010-02-18 13:30:00.0,Intermediário
0.30718,0.30762,2010-02-18 14:00:00.0,Intermediário
0.30603,0.3065,2010-02-18 14:30:00.0,Intermediário
0.30612,0.30671,2010-02-18 15:00:00.0,Intermediário
0.30619,0.30674,2010-02-18 15:30:00.0,Intermediário
0.30663,0.30736,2010-02-18 16:00:00.0,Intermediário
0.30727,0.30771,2010-02-18 16:30:00.0,Fechamento Interbancário
0.30808,0.30832,2010-02-18 17:36:00.0,Fechamento
0.30258,0.30441,2010-02-19 09:22:00.0,Abertura
0.3029,0.30349,2010-02-19 09:30:00.0,Intermediário
0.30312,0.30356,2010-02-19 10:00:00.0,Intermediário
0.30235,0.30284,2010-02-19 10:30:00.0,Intermediário
0.3023,0.30274,2010-02-19 11:00:00.0,Intermediário
0.30271,0.30313,2010-02-19 11:30:00.0,Intermediário
0.30224,0.30276,2010-02-19 12:00:00.0,Intermediário
0.30283,0.30331,2010-02-19 12:30:00.0,Intermediário
0.30285,0.30327,2010-02-19 13:00:00.0,Intermediário
0.30272,0.30321,2010-02-19 13:30:00.0,Intermediário
0.303,0.30369,2010-02-19 14:00:00.0,Intermediário
0.30175,0.30224,2010-02-19 14:30:00.0,Intermediário
0.30256,0.30307,2010-02-19 15:00:00.0,Intermediário
0.30246,0.30309,2010-02-19 15:30:00.0,Intermediário
0.30256,0.30305,2010-02-19 16:00:00.0,Intermediário
0.30268,0.3034,2010-02-19 16:30:00.0,Fechamento Interbancário
0.30399,0.30451,2010-02-19 17:32:00.0,Fechamento
0.30395,0.30579,2010-02-22 09:28:00.0,Abertura
0.30439,0.30492,2010-02-22 09:30:00.0,Intermediário
0.30455,0.30505,2010-02-22 10:00:00.0,Intermediário
0.3046,0.30509,2010-02-22 10:30:00.0,Intermediário
0.30524,0.30584,2010-02-22 11:00:00.0,Intermediário
0.30564,0.30623,2010-02-22 11:30:00.0,Intermediário
0.30663,0.30712,2010-02-22 12:00:00.0,Intermediário
0.30651,0.30704,2010-02-22 12:30:00.0,Intermediário
0.30592,0.30661,2010-02-22 13:00:00.0,Intermediário
0.30616,0.3066,2010-02-22 13:30:00.0,Intermediário
0.30615,0.30664,2010-02-22 14:00:00.0,Intermediário
0.30581,0.30631,2010-02-22 14:30:00.0,Intermediário
0.30561,0.30614,2010-02-22 15:00:00.0,Intermediário
0.3057,0.30638,2010-02-22 15:30:00.0,Intermediário
0.30571,0.30644,2010-02-22 16:00:00.0,Intermediário
0.30598,0.30646,2010-02-22 16:30:00.0,Fechamento Interbancário
0.3051,0.30538,2010-02-22 17:37:00.0,Fechamento
0.30612,0.30796,2010-02-23 09:23:00.0,Abertura
0.30697,0.30747,2010-02-23 09:30:00.0,Intermediário
0.30743,0.30787,2010-02-23 10:00:00.0,Intermediário
0.30739,0.30786,2010-02-23 10:30:00.0,Intermediário
0.30733,0.30806,2010-02-23 11:00:00.0,Intermediário
0.30683,0.30728,2010-02-23 11:30:00.0,Intermediário
0.30636,0.30715,2010-02-23 12:00:00.0,Intermediário
0.30665,0.30714,2010-02-23 12:30:00.0,Intermediário
0.30779,0.30828,2010-02-23 13:00:00.0,Intermediário
0.30672,0.30724,2010-02-23 13:30:00.0,Intermediário
0.30691,0.3075,2010-02-23 14:00:00.0,Intermediário
0.30699,0.3075,2010-02-23 14:30:00.0,Intermediário
0.30715,0.30764,2010-02-23 15:00:00.0,Intermediário
0.30704,0.30754,2010-02-23 15:30:00.0,Intermediário
0.30687,0.30757,2010-02-23 16:00:00.0,Intermediário
0.30664,0.30708,2010-02-23 16:30:00.0,Fechamento Interbancário
0.30543,0.30567,2010-02-23 17:33:00.0,Fechamento
0.30609,0.30796,2010-02-24 09:19:00.0,Abertura
0.30699,0.30749,2010-02-24 09:30:00.0,Intermediário
0.30685,0.30756,2010-02-24 10:00:00.0,Intermediário
0.307,0.30759,2010-02-24 10:30:00.0,Intermediário
0.30711,0.3076,2010-02-24 11:00:00.0,Intermediário
0.30699,0.3075,2010-02-24 11:30:00.0,Intermediário
0.30664,0.30739,2010-02-24 12:00:00.0,Intermediário
0.30696,0.30752,2010-02-24 12:30:00.0,Intermediário
0.30766,0.30814,2010-02-24 13:00:00.0,Intermediário
0.30691,0.3074,2010-02-24 13:30:00.0,Intermediário
0.30689,0.30748,2010-02-24 14:00:00.0,Intermediário
0.30652,0.30725,2010-02-24 14:30:00.0,Intermediário
0.30628,0.30683,2010-02-24 15:00:00.0,Intermediário
0.30648,0.30699,2010-02-24 15:30:00.0,Intermediário
0.30657,0.30729,2010-02-24 16:00:00.0,Intermediário
0.3068,0.30726,2010-02-24 16:30:00.0,Fechamento Interbancário
0.30605,0.3063,2010-02-24 17:38:00.0,Fechamento
0.30638,0.30816,2010-02-25 09:24:00.0,Abertura
0.30709,0.30758,2010-02-25 09:30:00.0,Intermediário
0.30722,0.30781,2010-02-25 10:00:00.0,Intermediário
0.30687,0.30739,2010-02-25 10:30:00.0,Intermediário
0.30695,0.30745,2010-02-25 11:00:00.0,Intermediário
0.3068,0.30731,2010-02-25 11:30:00.0,Intermediário
0.3074,0.30788,2010-02-25 12:00:00.0,Intermediário
0.30743,0.30797,2010-02-25 12:30:00.0,Intermediário
0.30752,0.30801,2010-02-25 13:00:00.0,Intermediário
0.30699,0.30764,2010-02-25 13:30:00.0,Intermediário
0.30623,0.30694,2010-02-25 14:00:00.0,Intermediário
0.30732,0.30802,2010-02-25 14:30:00.0,Intermediário
0.30748,0.3082,2010-02-25 15:00:00.0,Intermediário
0.30739,0.3081,2010-02-25 15:30:00.0,Intermediário
0.30811,0.3086,2010-02-25 16:00:00.0,Intermediário
0.30725,0.30787,2010-02-25 16:30:00.0,Fechamento Interbancário
0.30836,0.30877,2010-02-25 17:35:00.0,Fechamento
0.30651,0.30846,2010-02-26 09:21:00.0,Abertura
0.30679,0.30734,2010-02-26 09:30:00.0,Intermediário
0.30673,0.30722,2010-02-26 10:00:00.0,Intermediário
0.30625,0.3069,2010-02-26 10:30:00.0,Intermediário
0.30628,0.30679,2010-02-26 11:00:00.0,Intermediário
0.30577,0.30623,2010-02-26 11:30:00.0,Intermediário
0.30576,0.30625,2010-02-26 12:00:00.0,Intermediário
0.30609,0.30662,2010-02-26 12:30:00.0,Intermediário
0.30587,0.30661,2010-02-26 13:00:00.0,Intermediário
0.30451,0.30523,2010-02-26 13:30:00.0,Intermediário
0.30459,0.30512,2010-02-26 14:00:00.0,Intermediário
0.30422,0.30495,2010-02-26 14:30:00.0,Intermediário
0.30425,0.30497,2010-02-26 15:00:00.0,Intermediário
0.30402,0.30462,2010-02-26 15:30:00.0,Intermediário
0.30492,0.30542,2010-02-26 16:00:00.0,Intermediário
0.30499,0.30559,2010-02-26 16:30:00.0,Fechamento Interbancário
0.30587,0.30626,2010-02-26 17:35:00.0,Fechamento
0.30275,0.30457,2010-03-01 09:26:00.0,Abertura
0.3034,0.30389,2010-03-01 09:30:00.0,Intermediário
0.30313,0.30356,2010-03-01 10:00:00.0,Intermediário
0.30312,0.30391,2010-03-01 10:30:00.0,Intermediário
0.30257,0.30311,2010-03-01 11:00:00.0,Intermediário
0.30236,0.30301,2010-03-01 11:30:00.0,Intermediário
0.30161,0.3022,2010-03-01 12:00:00.0,Intermediário
0.30091,0.30162,2010-03-01 12:30:00.0,Intermediário
0.30114,0.30185,2010-03-01 13:00:00.0,Intermediário
0.30184,0.30256,2010-03-01 13:30:00.0,Intermediário
0.3021,0.30259,2010-03-01 14:00:00.0,Intermediário
0.30203,0.30247,2010-03-01 14:30:00.0,Intermediário
0.30175,0.30228,2010-03-01 15:00:00.0,Intermediário
0.30204,0.30255,2010-03-01 15:30:00.0,Intermediário
0.3022,0.30274,2010-03-01 16:00:00.0,Intermediário
0.30242,0.30313,2010-03-01 16:30:00.0,Fechamento Interbancário
0.30296,0.30347,2010-03-01 17:34:00.0,Fechamento
0.30007,0.30189,2010-03-02 09:23:00.0,Abertura
0.30098,0.30157,2010-03-02 09:30:00.0,Intermediário
0.30111,0.30162,2010-03-02 10:00:00.0,Intermediário
0.30102,0.30147,2010-03-02 10:30:00.0,Intermediário
0.30072,0.3012,2010-03-02 11:00:00.0,Intermediário
0.30064,0.30114,2010-03-02 11:30:00.0,Intermediário
0.29983,0.30042,2010-03-02 12:00:00.0,Intermediário
0.29944,0.29997,2010-03-02 12:30:00.0,Intermediário
0.29921,0.29969,2010-03-02 13:00:00.0,Intermediário
0.29929,0.3,2010-03-02 13:30:00.0,Intermediário
0.29925,0.29994,2010-03-02 14:00:00.0,Intermediário
0.30014,0.30088,2010-03-02 14:30:00.0,Intermediário
0.3005,0.30121,2010-03-02 15:00:00.0,Intermediário
0.30059,0.30132,2010-03-02 15:30:00.0,Intermediário
0.30053,0.30125,2010-03-02 16:00:00.0,Intermediário
0.3,0.30077,2010-03-02 16:30:00.0,Fechamento Interbancário
0.30072,0.30129,2010-03-02 17:35:00.0,Fechamento
0.30137,0.30312,2010-03-03 09:23:00.0,Abertura
0.30172,0.30223,2010-03-03 09:30:00.0,Intermediário
0.30134,0.30193,2010-03-03 10:00:00.0,Intermediário
0.30225,0.3027,2010-03-03 10:30:00.0,Intermediário
0.30173,0.30233,2010-03-03 11:00:00.0,Intermediário
0.30133,0.30184,2010-03-03 11:30:00.0,Intermediário
0.30152,0.30201,2010-03-03 12:00:00.0,Intermediário
0.30176,0.30235,2010-03-03 12:30:00.0,Intermediário
0.3021,0.30261,2010-03-03 13:00:00.0,Intermediário
0.30227,0.30276,2010-03-03 13:30:00.0,Intermediário
0.30306,0.30357,2010-03-03 14:00:00.0,Intermediário
0.30302,0.30354,2010-03-03 14:30:00.0,Intermediário
0.30274,0.30347,2010-03-03 15:00:00.0,Intermediário
0.3032,0.30394,2010-03-03 15:30:00.0,Intermediário
0.30378,0.3043,2010-03-03 16:00:00.0,Intermediário
0.3045,0.30494,2010-03-03 16:30:00.0,Fechamento Interbancário
0.30378,0.30402,2010-03-03 17:32:00.0,Fechamento
0.30362,0.30543,2010-03-04 09:23:00.0,Abertura
0.30422,0.30481,2010-03-04 09:30:00.0,Intermediário
0.30329,0.3038,2010-03-04 10:00:00.0,Intermediário
0.30303,0.30352,2010-03-04 10:30:00.0,Intermediário
0.30271,0.30322,2010-03-04 11:00:00.0,Intermediário
0.30277,0.30323,2010-03-04 11:30:00.0,Intermediário
0.3029,0.30337,2010-03-04 12:00:00.0,Intermediário
0.30242,0.30292,2010-03-04 12:30:00.0,Intermediário
0.30198,0.30267,2010-03-04 13:00:00.0,Intermediário
0.30143,0.30213,2010-03-04 13:30:00.0,Intermediário
0.30079,0.30132,2010-03-04 14:00:00.0,Intermediário
0.30138,0.3019,2010-03-04 14:30:00.0,Intermediário
0.30153,0.30213,2010-03-04 15:00:00.0,Intermediário
0.30136,0.30208,2010-03-04 15:30:00.0,Intermediário
0.30139,0.30198,2010-03-04 16:00:00.0,Intermediário
0.30142,0.30192,2010-03-04 16:30:00.0,Fechamento Interbancário
0.30108,0.30138,2010-03-04 17:37:00.0,Fechamento
0.30044,0.30248,2010-03-05 09:25:00.0,Abertura
0.30071,0.3012,2010-03-05 09:30:00.0,Intermediário
0.30062,0.30119,2010-03-05 10:00:00.0,Intermediário
0.30007,0.3006,2010-03-05 10:30:00.0,Intermediário
0.30027,0.3008,2010-03-05 11:00:00.0,Intermediário
0.30155,0.30213,2010-03-05 11:30:00.0,Intermediário
0.30093,0.30142,2010-03-05 12:00:00.0,Intermediário
0.3013,0.302,2010-03-05 12:30:00.0,Intermediário
0.30124,0.3017,2010-03-05 13:00:00.0,Intermediário
0.30132,0.30206,2010-03-05 13:30:00.0,Intermediário
0.30066,0.30125,2010-03-05 14:00:00.0,Intermediário
0.30036,0.30096,2010-03-05 14:30:00.0,Intermediário
0.30082,0.30154,2010-03-05 15:00:00.0,Intermediário
0.30127,0.30197,2010-03-05 15:30:00.0,Intermediário
0.30247,0.30301,2010-03-05 16:00:00.0,Intermediário
0.30225,0.3029,2010-03-05 16:30:00.0,Fechamento Interbancário
0.30168,0.30212,2010-03-05 17:32:00.0,Fechamento
0.30009,0.30201,2010-03-08 09:17:00.0,Abertura
0.30105,0.30157,2010-03-08 09:30:00.0,Intermediário
0.30136,0.30186,2010-03-08 10:00:00.0,Intermediário
0.30218,0.30265,2010-03-08 10:30:00.0,Intermediário
0.30254,0.30303,2010-03-08 11:00:00.0,Intermediário
0.30273,0.3032,2010-03-08 11:30:00.0,Intermediário
0.30274,0.30319,2010-03-08 12:00:00.0,Intermediário
0.30314,0.30366,2010-03-08 12:30:00.0,Intermediário
0.30358,0.3041,2010-03-08 13:00:00.0,Intermediário
0.30264,0.30314,2010-03-08 13:30:00.0,Intermediário
0.30249,0.30304,2010-03-08 14:00:00.0,Intermediário
0.30288,0.30358,2010-03-08 14:30:00.0,Intermediário
0.30319,0.30391,2010-03-08 15:00:00.0,Intermediário
0.30342,0.30391,2010-03-08 15:30:00.0,Intermediário
0.30314,0.3039,2010-03-08 16:00:00.0,Intermediário
0.30297,0.3037,2010-03-08 16:30:00.0,Fechamento Interbancário
0.30226,0.30278,2010-03-08 17:33:00.0,Fechamento
0.30123,0.30312,2010-03-09 09:19:00.0,Abertura
0.30234,0.30293,2010-03-09 09:30:00.0,Intermediário
0.30237,0.30291,2010-03-09 10:00:00.0,Intermediário
0.3022,0.30269,2010-03-09 10:30:00.0,Intermediário
0.30276,0.30319,2010-03-09 11:00:00.0,Intermediário
0.30296,0.3034,2010-03-09 11:32:00.0,Intermediário
0.30298,0.30338,2010-03-09 12:00:00.0,Intermediário
0.30289,0.30344,2010-03-09 12:30:00.0,Intermediário
0.30258,0.30311,2010-03-09 13:00:00.0,Intermediário
0.30259,0.30333,2010-03-09 13:30:00.0,Intermediário
0.30321,0.30381,2010-03-09 14:00:00.0,Intermediário
0.3022,0.30289,2010-03-09 14:30:00.0,Intermediário
0.30109,0.30166,2010-03-09 15:00:00.0,Intermediário
0.30106,0.30179,2010-03-09 15:30:00.0,Intermediário
0.30142,0.30194,2010-03-09 16:00:00.0,Intermediário
0.30158,0.30228,2010-03-09 16:30:00.0,Fechamento Interbancário
0.30312,0.30362,2010-03-09 17:39:00.0,Fechamento
0.29985,0.3017,2010-03-10 09:20:00.0,Abertura
0.3005,0.301,2010-03-10 09:30:00.0,Intermediário
0.30051,0.30102,2010-03-10 10:00:00.0,Intermediário
0.3012,0.30168,2010-03-10 10:30:00.0,Intermediário
0.301,0.3017,2010-03-10 11:00:00.0,Intermediário
0.30132,0.30202,2010-03-10 11:30:00.0,Intermediário
0.30111,0.30161,2010-03-10 12:00:00.0,Intermediário
0.30059,0.30119,2010-03-10 12:30:00.0,Intermediário
0.30121,0.30172,2010-03-10 13:00:00.0,Intermediário
0.30111,0.30161,2010-03-10 13:30:00.0,Intermediário
0.30096,0.30176,2010-03-10 14:00:00.0,Intermediário
0.30073,0.30126,2010-03-10 14:30:00.0,Intermediário
0.30122,0.30195,2010-03-10 15:00:00.0,Intermediário
0.30143,0.30194,2010-03-10 15:30:00.0,Intermediário
0.30177,0.30227,2010-03-10 16:00:00.0,Intermediário
0.30186,0.30241,2010-03-10 16:30:00.0,Fechamento Interbancário
0.30182,0.30217,2010-03-10 17:34:00.0,Fechamento
0.30037,0.30223,2010-03-11 09:20:00.0,Abertura
0.30084,0.30134,2010-03-11 09:30:00.0,Intermediário
0.30085,0.30139,2010-03-11 10:00:00.0,Intermediário
0.30137,0.30196,2010-03-11 10:30:00.0,Intermediário
0.30119,0.30179,2010-03-11 11:00:00.0,Intermediário
0.30126,0.30179,2010-03-11 11:30:00.0,Intermediário
0.30126,0.30177,2010-03-11 12:00:00.0,Intermediário
0.30161,0.30222,2010-03-11 12:30:00.0,Intermediário
0.30131,0.30198,2010-03-11 13:00:00.0,Intermediário
0.30129,0.30189,2010-03-11 13:30:00.0,Intermediário
0.30114,0.30165,2010-03-11 14:00:00.0,Intermediário
0.30094,0.30166,2010-03-11 14:30:00.0,Intermediário
0.30093,0.30163,2010-03-11 15:00:00.0,Intermediário
0.30092,0.30165,2010-03-11 15:30:00.0,Intermediário
0.30085,0.30145,2010-03-11 16:00:00.0,Intermediário
0.30115,0.30166,2010-03-11 16:30:00.0,Fechamento Interbancário
0.30124,0.30154,2010-03-11 17:37:00.0,Fechamento
0.30092,0.30285,2010-03-12 09:24:00.0,Abertura
0.30194,0.30239,2010-03-12 09:30:00.0,Intermediário
0.30183,0.30244,2010-03-12 10:00:00.0,Intermediário
0.30174,0.30255,2010-03-12 10:30:00.0,Intermediário
0.302,0.30276,2010-03-12 11:00:00.0,Intermediário
0.3019,0.3025,2010-03-12 11:30:00.0,Intermediário
0.30169,0.30217,2010-03-12 12:00:00.0,Intermediário
0.30164,0.30214,2010-03-12 12:30:00.0,Intermediário
0.30255,0.30303,2010-03-12 13:00:00.0,Intermediário
0.30271,0.30309,2010-03-12 13:30:00.0,Intermediário
0.30262,0.30322,2010-03-12 14:00:00.0,Intermediário
0.30198,0.30269,2010-03-12 14:30:00.0,Intermediário
0.3022,0.30293,2010-03-12 15:00:00.0,Intermediário
0.30192,0.30267,2010-03-12 15:30:00.0,Intermediário
0.30193,0.30271,2010-03-12 16:00:00.0,Intermediário
0.302,0.30273,2010-03-12 16:30:00.0,Fechamento Interbancário
0.30199,0.30251,2010-03-12 17:38:00.0,Fechamento
0.30062,0.30269,2010-03-15 09:25:00.0,Abertura
0.30121,0.30181,2010-03-15 09:30:00.0,Intermediário
0.30106,0.30177,2010-03-15 10:00:00.0,Intermediário
0.30131,0.30181,2010-03-15 10:30:00.0,Intermediário
0.30133,0.30204,2010-03-15 11:00:00.0,Intermediário
0.30109,0.30159,2010-03-15 11:30:00.0,Intermediário
0.30081,0.30141,2010-03-15 12:00:00.0,Intermediário
0.3005,0.30099,2010-03-15 12:30:00.0,Intermediário
0.30037,0.30109,2010-03-15 13:00:00.0,Intermediário
0.30072,0.30123,2010-03-15 13:30:00.0,Intermediário
0.30074,0.30126,2010-03-15 14:00:00.0,Intermediário
0.30021,0.30065,2010-03-15 14:30:00.0,Intermediário
0.30047,0.30091,2010-03-15 15:00:00.0,Intermediário
0.30019,0.30068,2010-03-15 15:30:00.0,Intermediário
0.30028,0.30093,2010-03-15 16:00:00.0,Intermediário
0.29998,0.30068,2010-03-15 16:30:00.0,Fechamento Interbancário
0.30009,0.30058,2010-03-15 17:41:00.0,Fechamento
0.3005,0.30237,2010-03-16 09:20:00.0,Abertura
0.30091,0.30142,2010-03-16 09:30:00.0,Intermediário
0.30196,0.3024,2010-03-16 10:00:00.0,Intermediário
0.30175,0.30221,2010-03-16 10:30:00.0,Intermediário
0.302,0.30265,2010-03-16 11:00:00.0,Intermediário
0.30271,0.30331,2010-03-16 11:30:00.0,Intermediário
0.30299,0.30349,2010-03-16 12:00:00.0,Intermediário
0.30232,0.30309,2010-03-16 12:30:00.0,Intermediário
0.30211,0.30271,2010-03-16 13:00:00.0,Intermediário
0.30211,0.30264,2010-03-16 13:30:00.0,Intermediário
0.30251,0.30304,2010-03-16 14:00:00.0,Intermediário
0.30189,0.30259,2010-03-16 14:30:00.0,Intermediário
0.3022,0.30295,2010-03-16 15:00:00.0,Intermediário
0.3026,0.3032,2010-03-16 15:30:00.0,Intermediário
0.30273,0.30328,2010-03-16 16:00:00.0,Intermediário
0.30302,0.30376,2010-03-16 16:30:00.0,Fechamento Interbancário
0.30299,0.30352,2010-03-16 17:46:00.0,Fechamento
0.30246,0.30432,2010-03-17 09:20:00.0,Abertura
0.3027,0.30341,2010-03-17 09:30:00.0,Intermediário
0.30263,0.30308,2010-03-17 10:00:00.0,Intermediário
0.3024,0.30286,2010-03-17 10:30:00.0,Intermediário
0.30212,0.30266,2010-03-17 11:00:00.0,Intermediário
0.30247,0.30298,2010-03-17 11:30:00.0,Intermediário
0.30262,0.30323,2010-03-17 12:00:00.0,Intermediário
0.30232,0.30284,2010-03-17 12:30:00.0,Intermediário
0.30282,0.30351,2010-03-17 13:00:00.0,Intermediário
0.30368,0.30411,2010-03-17 13:30:00.0,Intermediário
0.30381,0.30426,2010-03-17 14:00:00.0,Intermediário
0.30381,0.30429,2010-03-17 14:30:00.0,Intermediário
0.30357,0.30408,2010-03-17 15:00:00.0,Intermediário
0.30358,0.30432,2010-03-17 15:30:00.0,Intermediário
0.30343,0.30393,2010-03-17 16:00:00.0,Intermediário
0.30316,0.30367,2010-03-17 16:30:00.0,Fechamento Interbancário
0.30319,0.30349,2010-03-17 17:34:00.0,Fechamento
0.303,0.30481,2010-03-18 09:21:00.0,Abertura
0.30326,0.30381,2010-03-18 09:30:00.0,Intermediário
0.303,0.3035,2010-03-18 10:00:00.0,Intermediário
0.30386,0.30457,2010-03-18 10:30:00.0,Intermediário
0.3044,0.30498,2010-03-18 11:00:00.0,Intermediário
0.30481,0.3054,2010-03-18 11:30:00.0,Intermediário
0.3044,0.30489,2010-03-18 12:00:00.0,Intermediário
0.30397,0.30463,2010-03-18 12:30:00.0,Intermediário
0.30369,0.30419,2010-03-18 13:00:00.0,Intermediário
0.30445,0.30493,2010-03-18 13:30:00.0,Intermediário
0.30408,0.30468,2010-03-18 14:00:00.0,Intermediário
0.30446,0.30519,2010-03-18 14:30:00.0,Intermediário
0.30427,0.30478,2010-03-18 15:00:00.0,Intermediário
0.30412,0.30467,2010-03-18 15:30:00.0,Intermediário
0.30448,0.30521,2010-03-18 16:00:00.0,Intermediário
0.30446,0.30519,2010-03-18 16:30:00.0,Fechamento Interbancário
0.30394,0.30447,2010-03-18 17:34:00.0,Fechamento
0.30436,0.30632,2010-03-19 09:23:00.0,Abertura
0.30487,0.30547,2010-03-19 09:30:00.0,Intermediário
0.30494,0.30563,2010-03-19 10:00:00.0,Intermediário
0.30396,0.3044,2010-03-19 10:30:00.0,Intermediário
0.30348,0.30394,2010-03-19 11:00:00.0,Intermediário
0.3039,0.30442,2010-03-19 11:30:00.0,Intermediário
0.30437,0.30482,2010-03-19 12:00:00.0,Intermediário
0.30446,0.30499,2010-03-19 12:30:00.0,Intermediário
0.30487,0.30547,2010-03-19 13:00:00.0,Intermediário
0.30491,0.3054,2010-03-19 13:30:00.0,Intermediário
0.30508,0.30558,2010-03-19 14:00:00.0,Intermediário
0.30494,0.30543,2010-03-19 14:30:00.0,Intermediário
0.30479,0.30552,2010-03-19 15:00:00.0,Intermediário
0.30395,0.30469,2010-03-19 15:30:00.0,Intermediário
0.30442,0.30496,2010-03-19 16:00:00.0,Intermediário
0.30436,0.30508,2010-03-19 16:30:00.0,Fechamento Interbancário
0.30395,0.30447,2010-03-19 17:37:00.0,Fechamento
0.30289,0.3047,2010-03-22 09:21:00.0,Abertura
0.30375,0.30426,2010-03-22 09:30:00.0,Intermediário
0.30266,0.30316,2010-03-22 10:00:00.0,Intermediário
0.30271,0.3032,2010-03-22 10:30:00.0,Intermediário
0.30305,0.30364,2010-03-22 11:00:00.0,Intermediário
0.30352,0.30402,2010-03-22 11:30:00.0,Intermediário
0.30372,0.30421,2010-03-22 12:00:00.0,Intermediário
0.30319,0.30372,2010-03-22 12:30:00.0,Intermediário
0.30257,0.30299,2010-03-22 13:00:00.0,Intermediário
0.30277,0.3033,2010-03-22 13:30:00.0,Intermediário
0.30318,0.30376,2010-03-22 14:00:00.0,Intermediário
0.30309,0.30389,2010-03-22 14:30:00.0,Intermediário
0.30287,0.3034,2010-03-22 15:00:00.0,Intermediário
0.30322,0.30381,2010-03-22 15:30:00.0,Intermediário
0.30326,0.30376,2010-03-22 16:00:00.0,Intermediário
0.30286,0.30366,2010-03-22 16:30:00.0,Fechamento Interbancário
0.30357,0.30416,2010-03-22 17:37:00.0,Fechamento
0.29948,0.30141,2010-03-23 09:21:00.0,Abertura
0.29986,0.30053,2010-03-23 09:30:00.0,Intermediário
0.29913,0.29972,2010-03-23 10:00:00.0,Intermediário
0.29941,0.30009,2010-03-23 10:30:00.0,Intermediário
0.2997,0.3005,2010-03-23 11:00:00.0,Intermediário
0.29976,0.30026,2010-03-23 11:30:00.0,Intermediário
0.29934,0.29992,2010-03-23 12:00:00.0,Intermediário
0.30029,0.30079,2010-03-23 12:30:00.0,Intermediário
0.30032,0.30081,2010-03-23 13:00:00.0,Intermediário
0.30035,0.30094,2010-03-23 13:30:00.0,Intermediário
0.30003,0.30062,2010-03-23 14:00:00.0,Intermediário
0.29993,0.30066,2010-03-23 14:30:00.0,Intermediário
0.29948,0.29997,2010-03-23 15:00:00.0,Intermediário
0.29948,0.30007,2010-03-23 15:30:00.0,Intermediário
0.29933,0.29984,2010-03-23 16:00:00.0,Intermediário
0.29922,0.29981,2010-03-23 16:30:00.0,Fechamento Interbancário
0.29981,0.3002,2010-03-23 17:41:00.0,Fechamento
0.29684,0.29866,2010-03-24 09:24:00.0,Abertura
0.29746,0.298,2010-03-24 09:30:00.0,Intermediário
0.29833,0.29903,2010-03-24 10:00:00.0,Intermediário
0.29718,0.29766,2010-03-24 10:30:00.0,Intermediário
0.29701,0.29754,2010-03-24 11:00:00.0,Intermediário
0.29642,0.29685,2010-03-24 11:30:00.0,Intermediário
0.29561,0.29629,2010-03-24 12:00:00.0,Intermediário
0.29635,0.29681,2010-03-24 12:30:00.0,Intermediário
0.29659,0.29708,2010-03-24 13:00:00.0,Intermediário
0.29668,0.29712,2010-03-24 13:30:00.0,Intermediário
0.29682,0.29754,2010-03-24 14:00:00.0,Intermediário
0.29672,0.29726,2010-03-24 14:30:00.0,Intermediário
0.29808,0.29867,2010-03-24 15:00:00.0,Intermediário
0.29785,0.29839,2010-03-24 15:30:00.0,Intermediário
0.29835,0.2989,2010-03-24 16:00:00.0,Intermediário
0.29824,0.29882,2010-03-24 16:30:00.0,Fechamento Interbancário
0.29652,0.2969,2010-03-24 17:38:00.0,Fechamento
0.29507,0.29686,2010-03-25 09:21:00.0,Abertura
0.29593,0.2965,2010-03-25 09:30:00.0,Intermediário
0.29621,0.29669,2010-03-25 10:00:00.0,Intermediário
0.29636,0.29704,2010-03-25 10:30:00.0,Intermediário
0.29671,0.29728,2010-03-25 11:00:00.0,Intermediário
0.29644,0.29689,2010-03-25 11:30:00.0,Intermediário
0.2972,0.2979,2010-03-25 12:00:00.0,Intermediário
0.29698,0.2977,2010-03-25 12:30:00.0,Intermediário
0.2976,0.29817,2010-03-25 13:00:00.0,Intermediário
0.29737,0.29787,2010-03-25 13:30:00.0,Intermediário
0.29677,0.29754,2010-03-25 14:00:00.0,Intermediário
0.2965,0.29722,2010-03-25 14:30:00.0,Intermediário
0.29695,0.29765,2010-03-25 15:00:00.0,Intermediário
0.2972,0.29789,2010-03-25 15:30:00.0,Intermediário
0.29767,0.29824,2010-03-25 16:00:00.0,Intermediário
0.29771,0.29841,2010-03-25 16:30:00.0,Fechamento Interbancário
0.29607,0.29657,2010-03-25 17:59:00.0,Fechamento
0.29747,0.29927,2010-03-26 09:23:00.0,Abertura
0.29846,0.29896,2010-03-26 09:30:00.0,Intermediário
0.29953,0.30002,2010-03-26 10:00:00.0,Intermediário
0.30004,0.30052,2010-03-26 10:30:00.0,Intermediário
0.30032,0.30085,2010-03-26 11:00:00.0,Intermediário
0.30118,0.3019,2010-03-26 11:30:00.0,Intermediário
0.30215,0.30264,2010-03-26 12:00:00.0,Intermediário
0.30215,0.30263,2010-03-26 12:30:00.0,Intermediário
0.30117,0.30171,2010-03-26 13:00:00.0,Intermediário
0.30141,0.30212,2010-03-26 13:30:00.0,Intermediário
0.30099,0.30177,2010-03-26 14:00:00.0,Intermediário
0.30113,0.30171,2010-03-26 14:30:00.0,Intermediário
0.30129,0.30197,2010-03-26 15:00:00.0,Intermediário
0.30199,0.30247,2010-03-26 15:30:00.0,Intermediário
0.30203,0.30274,2010-03-26 16:00:00.0,Intermediário
0.30219,0.30298,2010-03-26 16:30:00.0,Fechamento Interbancário
0.30125,0.30184,2010-03-26 17:35:00.0,Fechamento
0.302,0.3039,2010-03-29 09:24:52.305,Abertura
0.3025,0.303,2010-03-29 09:30:41.803,Intermediário
0.3018,0.3023,2010-03-29 10:00:53.769,Intermediário
0.3015,0.302,2010-03-29 10:30:52.608,Intermediário
0.3017,0.3021,2010-03-29 11:14:32.728,Intermediário
0.3021,0.3026,2010-03-29 11:32:03.649,Intermediário
0.302,0.3025,2010-03-29 12:30:51.039,Intermediário
0.3024,0.3029,2010-03-29 12:50:51.702,Intermediário
0.3021,0.3026,2010-03-29 13:00:39.61,Intermediário
0.3021,0.3026,2010-03-29 13:30:32.808,Intermediário
0.3018,0.3023,2010-03-29 14:00:44.776,Intermediário
0.302,0.3025,2010-03-29 14:30:39.35,Intermediário
0.3018,0.3024,2010-03-29 15:00:59.334,Intermediário
0.3019,0.3025,2010-03-29 15:30:37.25,Intermediário
0.3015,0.3021,2010-03-29 16:01:40.66,Intermediário
0.3009,0.3014,2010-03-29 16:30:32.762,Fechamento Interbancário
0.3023,0.3027,2010-03-29 17:37:44.529,Fechamento
0.2991,0.301,2010-03-30 09:16:32.189,Abertura
0.3001,0.3007,2010-03-30 09:30:34.735,Intermediário
0.3003,0.3009,2010-03-30 10:00:36.77,Intermediário
0.3002,0.3007,2010-03-30 10:30:41.185,Intermediário
0.3004,0.301,2010-03-30 11:00:57.76,Intermediário
0.2996,0.3001,2010-03-30 11:30:31.787,Intermediário
0.2995,0.3,2010-03-30 12:00:41.129,Intermediário
0.2996,0.3001,2010-03-30 12:30:38.536,Intermediário
0.2993,0.2998,2010-03-30 13:00:32.395,Intermediário
0.2995,0.3,2010-03-30 13:30:31.468,Intermediário
0.2988,0.2993,2010-03-30 14:00:46.9,Intermediário
0.2992,0.2998,2010-03-30 14:30:34.329,Intermediário
0.2992,0.2997,2010-03-30 15:00:39.834,Intermediário
0.2993,0.2998,2010-03-30 15:30:36.438,Intermediário
0.2994,0.2999,2010-03-30 16:00:40.245,Intermediário
0.2994,0.2999,2010-03-30 16:30:33.377,Fechamento Interbancário
0.2996,0.3,2010-03-30 17:39:06.616,Fechamento
0.2993,0.3012,2010-03-31 09:22:41.748,Abertura
0.3,0.3005,2010-03-31 09:30:34.27,Intermediário
0.3003,0.3008,2010-03-31 10:00:38.783,Intermediário
0.3003,0.3008,2010-03-31 10:30:36.251,Intermediário
0.3003,0.3009,2010-03-31 11:00:42.816,Intermediário
0.3,0.3005,2010-03-31 11:30:27.679,Intermediário
0.3004,0.3009,2010-03-31 12:00:28.241,Intermediário
0.3004,0.3009,2010-03-31 12:30:27.055,Intermediário
0.2998,0.3004,2010-03-31 13:00:35.24,Intermediário
0.2999,0.3005,2010-03-31 13:30:24.218,Intermediário
0.3001,0.3008,2010-03-31 14:00:25.021,Intermediário
0.2994,0.2999,2010-03-31 14:30:31.435,Intermediário
0.2995,0.3001,2010-03-31 15:00:28.163,Intermediário
0.2996,0.3001,2010-03-31 15:30:25.178,Intermediário
0.2992,0.2998,2010-03-31 16:00:47.174,Intermediário
0.2994,0.3,2010-03-31 16:30:29.531,Fechamento Interbancário
0.2996,0.3,2010-03-31 17:36:21.588,Fechamento
0.298,0.3,2010-04-01 09:22:26.35,Abertura
0.2986,0.2993,2010-04-01 09:30:31.982,Intermediário
0.299,0.2993,2010-04-01 10:01:01.226,Intermediário
0.2986,0.299,2010-04-01 10:30:43.67,Intermediário
0.2978,0.2985,2010-04-01 11:00:50.213,Intermediário
0.2983,0.2988,2010-04-01 11:30:31.309,Intermediário
0.2984,0.299,2010-04-01 12:00:32.945,Intermediário
0.2989,0.2994,2010-04-01 12:30:42.555,Intermediário
0.2981,0.2987,2010-04-01 13:00:32.144,Intermediário
0.2982,0.2988,2010-04-01 13:30:28.593,Intermediário
0.2978,0.2983,2010-04-01 14:00:30.721,Intermediário
0.298,0.2985,2010-04-01 14:30:32.344,Intermediário
0.2984,0.299,2010-04-01 15:00:55.732,Intermediário
0.2983,0.2989,2010-04-01 15:30:31.008,Intermediário
0.2979,0.2986,2010-04-01 16:00:38.835,Intermediário
0.2983,0.2988,2010-04-01 16:31:11.172,Fechamento Interbancário
0.2986,0.299,2010-04-01 17:38:56.858,Fechamento
0.2951,0.297,2010-04-05 09:18:25.854,Abertura
0.2954,0.296,2010-04-05 09:30:23.963,Intermediário
0.2956,0.2962,2010-04-05 10:00:24.989,Intermediário
0.2956,0.2961,2010-04-05 10:30:23.503,Intermediário
0.2957,0.2963,2010-04-05 11:00:26.185,Intermediário
0.2961,0.2967,2010-04-05 11:30:25.25,Intermediário
0.296,0.2965,2010-04-05 12:00:32.419,Intermediário
0.2954,0.296,2010-04-05 12:30:39.834,Intermediário
0.2957,0.2962,2010-04-05 13:00:27.447,Intermediário
0.2956,0.2962,2010-04-05 13:30:28.235,Intermediário
0.2962,0.2968,2010-04-05 14:00:27.336,Intermediário
0.2963,0.2968,2010-04-05 14:30:25.909,Intermediário
0.2962,0.2968,2010-04-05 15:00:25.442,Intermediário
0.2959,0.2965,2010-04-05 15:30:22.061,Intermediário
0.2961,0.2966,2010-04-05 16:00:25.045,Intermediário
0.2958,0.2964,2010-04-05 16:30:19.117,Fechamento Interbancário
0.2951,0.2955,2010-04-05 17:36:53.754,Fechamento
0.295,0.2969,2010-04-06 09:22:18.258,Abertura
0.2952,0.2957,2010-04-06 09:30:29.6,Intermediário
0.2948,0.2953,2010-04-06 10:00:28.855,Intermediário
0.2947,0.2952,2010-04-06 10:30:28.271,Intermediário
0.2946,0.2951,2010-04-06 11:00:35.166,Intermediário
0.2943,0.2949,2010-04-06 11:30:26.299,Intermediário
0.2939,0.2944,2010-04-06 12:00:24.401,Intermediário
0.2933,0.2938,2010-04-06 12:30:23.725,Intermediário
0.2936,0.2941,2010-04-06 13:00:24.905,Intermediário
0.2935,0.2939,2010-04-06 13:30:20.06,Intermediário
0.2937,0.2943,2010-04-06 14:00:25.238,Intermediário
0.2938,0.2944,2010-04-06 14:30:18.678,Intermediário
0.2937,0.2943,2010-04-06 15:00:23.329,Intermediário
0.294,0.2945,2010-04-06 15:30:21.934,Intermediário
0.2938,0.2944,2010-04-06 16:00:23.742,Intermediário
0.2941,0.2946,2010-04-06 16:30:21.255,Fechamento Interbancário
0.2952,0.2956,2010-04-06 17:34:49.987,Fechamento
0.2934,0.2952,2010-04-07 09:35:18.224,Abertura
0.2941,0.2946,2010-04-07 09:37:13.889,Intermediário
0.2939,0.2944,2010-04-07 10:00:24.867,Intermediário
0.2939,0.2944,2010-04-07 10:30:20.942,Intermediário
0.2939,0.2944,2010-04-07 11:00:25.493,Intermediário
0.2946,0.2951,2010-04-07 11:30:19.779,Intermediário
0.2952,0.2957,2010-04-07 12:00:19.907,Intermediário
0.295,0.2955,2010-04-07 12:30:21.121,Intermediário
0.2953,0.2958,2010-04-07 13:00:25.571,Intermediário
0.2955,0.296,2010-04-07 13:30:20.934,Intermediário
0.2957,0.2963,2010-04-07 14:00:19.023,Intermediário
0.296,0.2966,2010-04-07 14:30:17.088,Intermediário
0.2964,0.2969,2010-04-07 15:00:20.775,Intermediário
0.2964,0.297,2010-04-07 15:30:17.189,Intermediário
0.2972,0.2977,2010-04-07 16:00:19.878,Intermediário
0.297,0.2976,2010-04-07 16:30:17.898,Fechamento Interbancário
0.2952,0.2956,2010-04-07 17:37:14.88,Fechamento
0.2979,0.2998,2010-04-08 09:12:42.809,Abertura
0.2989,0.2994,2010-04-08 09:30:47.98,Intermediário
0.2989,0.2996,2010-04-08 10:00:49.435,Intermediário
0.2986,0.299,2010-04-08 10:30:46.428,Intermediário
0.2994,0.2999,2010-04-08 11:00:55.819,Intermediário
0.2996,0.3001,2010-04-08 11:30:18.994,Intermediário
0.2989,0.2995,2010-04-08 12:00:23.116,Intermediário
0.2989,0.2994,2010-04-08 12:30:20.492,Intermediário
0.2986,0.2991,2010-04-08 13:00:26.861,Intermediário
0.2984,0.299,2010-04-08 13:30:18.544,Intermediário
0.2984,0.299,2010-04-08 14:00:23.272,Intermediário
0.298,0.2986,2010-04-08 14:30:26.322,Intermediário
0.2975,0.2981,2010-04-08 15:00:21.302,Intermediário
0.2975,0.2981,2010-04-08 15:30:56.585,Intermediário
0.2977,0.2982,2010-04-08 16:00:22.248,Intermediário
0.298,0.2985,2010-04-08 16:30:20.114,Fechamento Interbancário
0.2988,0.2991,2010-04-08 17:37:49.453,Fechamento
0.2983,0.3001,2010-04-09 09:18:11.242,Abertura
0.2987,0.2992,2010-04-09 09:30:21.278,Intermediário
0.2981,0.2986,2010-04-09 10:00:22.579,Intermediário
0.2988,0.2993,2010-04-09 10:30:23.296,Intermediário
0.2989,0.2996,2010-04-09 11:00:19.776,Intermediário
0.2991,0.2997,2010-04-09 11:30:21.81,Intermediário
0.2994,0.2999,2010-04-09 12:00:18.245,Intermediário
0.2996,0.3002,2010-04-09 12:30:18.479,Intermediário
0.2993,0.2999,2010-04-09 13:00:17.6,Intermediário
0.2996,0.3002,2010-04-09 13:30:18.742,Intermediário
0.2993,0.2999,2010-04-09 14:00:18.05,Intermediário
0.2996,0.3002,2010-04-09 14:30:29.196,Intermediário
0.2993,0.2999,2010-04-09 15:00:19.068,Intermediário
0.2996,0.3002,2010-04-09 15:30:19.32,Intermediário
0.2998,0.3004,2010-04-09 16:00:22.304,Intermediário
0.2999,0.3005,2010-04-09 16:30:21.675,Fechamento Interbancário
0.3001,0.3005,2010-04-09 17:40:12.791,Fechamento
0.2989,0.3007,2010-04-12 09:18:11.464,Abertura
0.2994,0.2999,2010-04-12 09:30:22.525,Intermediário
0.2999,0.3004,2010-04-12 10:00:21.969,Intermediário
0.2994,0.2999,2010-04-12 10:30:26.476,Intermediário
0.2983,0.2988,2010-04-12 11:00:30.456,Intermediário
0.2987,0.2993,2010-04-12 11:30:19.481,Intermediário
0.299,0.2995,2010-04-12 12:00:28.346,Intermediário
0.2984,0.2989,2010-04-12 12:30:17.263,Intermediário
0.2985,0.299,2010-04-12 13:00:20.128,Intermediário
0.2984,0.2989,2010-04-12 13:30:18.119,Intermediário
0.2983,0.2989,2010-04-12 14:00:32.558,Intermediário
0.298,0.2985,2010-04-12 14:30:16.046,Intermediário
0.2981,0.2986,2010-04-12 15:00:24.027,Intermediário
0.2981,0.2987,2010-04-12 15:30:19.523,Intermediário
0.2982,0.2987,2010-04-12 16:00:22.567,Intermediário
0.298,0.2986,2010-04-12 16:30:28.039,Fechamento Interbancário
0.2986,0.2989,2010-04-12 17:34:43.005,Fechamento
0.2972,0.299,2010-04-13 09:18:13.648,Abertura
0.2982,0.2988,2010-04-13 09:30:20.833,Intermediário
0.2986,0.2991,2010-04-13 10:00:18.829,Intermediário
0.2985,0.2991,2010-04-13 10:30:26.529,Intermediário
0.2987,0.2992,2010-04-13 11:00:50.974,Intermediário
0.2991,0.2996,2010-04-13 11:30:17.504,Intermediário
0.2998,0.3003,2010-04-13 12:00:23.687,Intermediário
0.2996,0.3001,2010-04-13 12:30:16.976,Intermediário
0.2992,0.2998,2010-04-13 13:00:19.968,Intermediário
0.2988,0.2993,2010-04-13 13:30:25.903,Intermediário
0.2988,0.2994,2010-04-13 14:00:19.974,Intermediário
0.2985,0.299,2010-04-13 14:30:17.55,Intermediário
0.2985,0.299,2010-04-13 15:00:21.388,Intermediário
0.2984,0.299,2010-04-13 15:30:17.696,Intermediário
0.2987,0.2992,2010-04-13 16:00:20.448,Intermediário
0.298,0.2985,2010-04-13 16:30:22.68,Fechamento Interbancário
0.2983,0.2986,2010-04-13 17:35:21.318,Fechamento
0.2961,0.2979,2010-04-14 09:04:17.932,Abertura
0.2968,0.2974,2010-04-14 09:30:25.687,Intermediário
0.2974,0.2979,2010-04-14 10:00:20.526,Intermediário
0.2974,0.2978,2010-04-14 10:30:17.401,Intermediário
0.2977,0.2983,2010-04-14 11:00:29.565,Intermediário
0.2982,0.2987,2010-04-14 11:30:20.361,Intermediário
0.2973,0.2978,2010-04-14 12:00:24.545,Intermediário
0.2978,0.2983,2010-04-14 12:30:18.484,Intermediário
0.2984,0.2989,2010-04-14 13:00:18.048,Intermediário
0.2981,0.2986,2010-04-14 13:30:19.111,Intermediário
0.2981,0.2986,2010-04-14 14:00:19.185,Intermediário
0.2981,0.2986,2010-04-14 14:30:18.363,Intermediário
0.2979,0.2985,2010-04-14 15:00:21.45,Intermediário
0.2976,0.2981,2010-04-14 15:30:19.16,Intermediário
0.298,0.2986,2010-04-14 16:00:19.64,Intermediário
0.2984,0.299,2010-04-14 16:30:17.798,Fechamento Interbancário
0.2979,0.2982,2010-04-14 17:35:09.424,Fechamento
0.2977,0.2995,2010-04-15 09:20:17.986,Abertura
0.298,0.2986,2010-04-15 09:30:28.85,Intermediário
0.2979,0.2984,2010-04-15 10:00:28.558,Intermediário
0.298,0.2985,2010-04-15 10:30:17.102,Intermediário
0.2974,0.298,2010-04-15 11:00:33.762,Intermediário
0.2969,0.2974,2010-04-15 11:30:19.385,Intermediário
0.2968,0.2973,2010-04-15 12:01:05.803,Intermediário
0.2968,0.2973,2010-04-15 12:30:20.699,Intermediário
0.2965,0.297,2010-04-15 13:00:19.769,Intermediário
0.2964,0.2969,2010-04-15 13:30:17.355,Intermediário
0.2968,0.2973,2010-04-15 14:00:19.126,Intermediário
0.2957,0.2963,2010-04-15 14:30:16.428,Intermediário
0.2961,0.2966,2010-04-15 15:00:30.526,Intermediário
0.2984,0.299,2010-04-15 15:30:16.959,Intermediário
0.2988,0.2993,2010-04-15 16:00:18.627,Intermediário
0.299,0.2995,2010-04-15 16:30:17.249,Fechamento Interbancário
0.2984,0.2987,2010-04-15 17:33:03.626,Fechamento
0.2966,0.2985,2010-04-16 09:24:18.825,Abertura
0.2971,0.2977,2010-04-16 09:30:17.799,Intermediário
0.2973,0.2978,2010-04-16 10:00:26.403,Intermediário
0.2974,0.2979,2010-04-16 10:30:16.131,Intermediário
0.2972,0.2977,2010-04-16 11:00:20.569,Intermediário
0.297,0.2976,2010-04-16 11:30:18.321,Intermediário
0.2971,0.2976,2010-04-16 12:00:19.541,Intermediário
0.2977,0.2982,2010-04-16 12:30:18.068,Intermediário
0.2981,0.2987,2010-04-16 13:00:17.609,Intermediário
0.2982,0.2988,2010-04-16 13:30:19.974,Intermediário
0.2983,0.2988,2010-04-16 14:00:17.588,Intermediário
0.2982,0.2988,2010-04-16 14:30:16.715,Intermediário
0.2989,0.2995,2010-04-16 15:00:24.13,Intermediário
0.2985,0.2991,2010-04-16 15:30:16.628,Intermediário
0.2982,0.2988,2010-04-16 16:00:18.287,Intermediário
0.2986,0.2992,2010-04-16 16:30:18.748,Fechamento Interbancário
0.2978,0.2981,2010-04-16 17:39:58.9,Fechamento
0.2965,0.2984,2010-04-19 09:22:10.725,Abertura
0.297,0.2975,2010-04-19 09:30:17.786,Intermediário
0.2964,0.2969,2010-04-19 10:00:23.445,Intermediário
0.2964,0.2968,2010-04-19 10:30:27.441,Intermediário
0.2962,0.2968,2010-04-19 11:00:28.825,Intermediário
0.2965,0.297,2010-04-19 11:30:17.74,Intermediário
0.2962,0.2967,2010-04-19 12:00:19.304,Intermediário
0.2968,0.2973,2010-04-19 12:30:20.41,Intermediário
0.297,0.2975,2010-04-19 13:00:26.828,Intermediário
0.2967,0.2972,2010-04-19 13:30:17.976,Intermediário
0.2972,0.2977,2010-04-19 14:00:18.907,Intermediário
0.297,0.2976,2010-04-19 14:30:16.582,Intermediário
0.2964,0.2969,2010-04-19 15:00:25.384,Intermediário
0.2965,0.297,2010-04-19 15:30:18.513,Intermediário
0.2958,0.2964,2010-04-19 16:00:30.954,Intermediário
0.2957,0.2963,2010-04-19 16:30:18.896,Fechamento Interbancário
0.2966,0.2969,2010-04-19 17:38:12.453,Fechamento
0.2956,0.2974,2010-04-20 09:24:13.899,Abertura
0.296,0.2965,2010-04-20 09:30:18.776,Intermediário
0.2962,0.2967,2010-04-20 10:00:26.85,Intermediário
0.2966,0.2971,2010-04-20 10:30:25.63,Intermediário
0.2967,0.2972,2010-04-20 11:00:22.599,Intermediário
0.2965,0.297,2010-04-20 11:30:27.554,Intermediário
0.2968,0.2972,2010-04-20 12:00:24.719,Intermediário
0.2967,0.2972,2010-04-20 12:30:20.695,Intermediário
0.2964,0.297,2010-04-20 13:00:22.565,Intermediário
0.2967,0.2973,2010-04-20 13:30:19.766,Intermediário
0.2961,0.2967,2010-04-20 14:00:24.21,Intermediário
0.2961,0.2966,2010-04-20 14:30:16.921,Intermediário
0.2957,0.2963,2010-04-20 15:00:19.992,Intermediário
0.296,0.2966,2010-04-20 15:30:20.486,Intermediário
0.2961,0.2966,2010-04-20 16:00:20.25,Intermediário
0.2963,0.2969,2010-04-20 16:30:15.88,Fechamento Interbancário
0.296,0.2963,2010-04-20 18:02:44.86,Fechamento
0.2959,0.2978,2010-04-22 09:10:14.893,Abertura
0.2963,0.2969,2010-04-22 09:30:19.681,Intermediário
0.2961,0.2967,2010-04-22 10:00:23.429,Intermediário
0.2962,0.2967,2010-04-22 10:30:19.712,Intermediário
0.2962,0.2967,2010-04-22 11:00:22.706,Intermediário
0.297,0.2975,2010-04-22 11:30:18.363,Intermediário
0.297,0.2975,2010-04-22 12:00:25.109,Intermediário
0.2971,0.2977,2010-04-22 12:30:17.548,Intermediário
0.2977,0.2982,2010-04-22 13:00:19.098,Intermediário
0.298,0.2986,2010-04-22 13:30:17.457,Intermediário
0.2983,0.2988,2010-04-22 14:00:21.598,Intermediário
0.2987,0.2994,2010-04-22 14:30:19.375,Intermediário
0.2978,0.2985,2010-04-22 15:00:22.827,Intermediário
0.2979,0.2985,2010-04-22 15:30:21.145,Intermediário
0.2978,0.2984,2010-04-22 16:00:25.807,Intermediário
0.2978,0.2984,2010-04-22 16:30:19.527,Fechamento Interbancário
0.2976,0.298,2010-04-22 17:35:12.91,Fechamento
0.2964,0.2982,2010-04-23 09:22:11.093,Abertura
0.2971,0.2978,2010-04-23 09:30:18.86,Intermediário
0.2977,0.2982,2010-04-23 10:00:19.838,Intermediário
0.2974,0.2979,2010-04-23 10:30:22.732,Intermediário
0.297,0.2977,2010-04-23 11:00:30.83,Intermediário
0.2976,0.298,2010-04-23 11:30:21.092,Intermediário
0.2985,0.299,2010-04-23 12:00:23.224,Intermediário
0.2987,0.2992,2010-04-23 12:30:28.188,Intermediário
0.2989,0.2994,2010-04-23 13:00:20.727,Intermediário
0.2987,0.2992,2010-04-23 13:30:18.366,Intermediário
0.2988,0.2994,2010-04-23 14:00:23.023,Intermediário
0.2987,0.2992,2010-04-23 14:30:21.674,Intermediário
0.299,0.2996,2010-04-23 15:00:31.544,Intermediário
0.2992,0.2997,2010-04-23 15:30:23.341,Intermediário
0.2991,0.2996,2010-04-23 16:00:25.733,Intermediário
0.2986,0.2992,2010-04-23 16:30:23.575,Fechamento Interbancário
0.2988,0.2992,2010-04-23 17:41:45.657,Fechamento
0.2954,0.2973,2010-04-26 09:20:24.836,Abertura
0.296,0.2965,2010-04-26 09:30:29.24,Intermediário
0.2964,0.2969,2010-04-26 10:35:23.78,Intermediário
0.2958,0.2965,2010-04-26 10:39:07.892,Intermediário
0.2957,0.2962,2010-04-26 11:10:25.262,Intermediário
0.2964,0.2969,2010-04-26 11:34:27.409,Intermediário
0.2963,0.2968,2010-04-26 12:00:30.072,Intermediário
0.2969,0.2974,2010-04-26 12:30:22.238,Intermediário
0.2966,0.2972,2010-04-26 13:00:31.197,Intermediário
0.2964,0.2969,2010-04-26 13:30:20.374,Intermediário
0.2967,0.2971,2010-04-26 14:00:24.417,Intermediário
0.2966,0.2971,2010-04-26 14:30:25.441,Intermediário
0.2967,0.2972,2010-04-26 15:00:22.661,Intermediário
0.2968,0.2973,2010-04-26 15:30:26.839,Intermediário
0.2968,0.2973,2010-04-26 16:00:23.072,Intermediário
0.2968,0.2973,2010-04-26 16:30:18.954,Fechamento Interbancário
0.2969,0.2972,2010-04-26 17:36:46.791,Fechamento
0.2959,0.2977,2010-04-27 09:24:18.383,Abertura
0.2965,0.297,2010-04-27 09:30:27.069,Intermediário
0.2963,0.2967,2010-04-27 10:00:42.983,Intermediário
0.2969,0.2973,2010-04-27 10:30:27.887,Intermediário
0.2969,0.2973,2010-04-27 11:00:48.763,Intermediário
0.297,0.2975,2010-04-27 11:30:38.425,Intermediário
0.297,0.2974,2010-04-27 12:00:31.485,Intermediário
0.2968,0.2972,2010-04-27 12:30:27.413,Intermediário
0.2975,0.298,2010-04-27 13:00:27.353,Intermediário
0.2982,0.2988,2010-04-27 13:30:22.394,Intermediário
0.2977,0.2982,2010-04-27 14:00:23.965,Intermediário
0.2976,0.2982,2010-04-27 14:30:29.443,Intermediário
0.298,0.2985,2010-04-27 15:00:32.354,Intermediário
0.2975,0.298,2010-04-27 15:30:25.642,Intermediário
0.2968,0.2972,2010-04-27 16:00:35.469,Intermediário
0.2965,0.2971,2010-04-27 16:30:30.378,Fechamento Interbancário
0.2958,0.2961,2010-04-27 17:41:17.604,Fechamento
0.2952,0.297,2010-04-28 09:22:19.661,Abertura
0.2954,0.2959,2010-04-28 09:30:29.335,Intermediário
0.2956,0.296,2010-04-28 10:00:25.752,Intermediário
0.2949,0.2953,2010-04-28 10:30:25.669,Intermediário
0.2944,0.2948,2010-04-28 11:00:37.594,Intermediário
0.2948,0.2953,2010-04-28 11:30:34.771,Intermediário
0.2944,0.2948,2010-04-28 12:00:30.778,Intermediário
0.294,0.2945,2010-04-28 12:30:26.036,Intermediário
0.2937,0.2942,2010-04-28 13:00:19.097,Intermediário
0.294,0.2945,2010-04-28 13:30:22.05,Intermediário
0.2944,0.2949,2010-04-28 14:00:32.375,Intermediário
0.2939,0.2944,2010-04-28 14:30:22.143,Intermediário
0.2938,0.2943,2010-04-28 15:00:24.262,Intermediário
0.2936,0.2942,2010-04-28 15:30:27.4,Intermediário
0.2934,0.2939,2010-04-28 16:00:33.034,Intermediário
0.2933,0.2938,2010-04-28 16:30:28.157,Fechamento Interbancário
0.2942,0.2945,2010-04-28 17:50:03.55,Fechamento
0.2929,0.2947,2010-04-29 09:18:19.555,Abertura
0.2932,0.2937,2010-04-29 09:30:31.95,Intermediário
0.2932,0.2936,2010-04-29 10:00:36.621,Intermediário
0.293,0.2935,2010-04-29 10:30:32.398,Intermediário
0.293,0.2934,2010-04-29 11:00:33.622,Intermediário
0.2925,0.293,2010-04-29 11:30:31.698,Intermediário
0.2924,0.2929,2010-04-29 12:00:31.502,Intermediário
0.2922,0.2926,2010-04-29 12:30:29.162,Intermediário
0.2922,0.2927,2010-04-29 13:00:28.065,Intermediário
0.2917,0.2922,2010-04-29 13:30:28.123,Intermediário
0.2917,0.2922,2010-04-29 14:00:26.975,Intermediário
0.2917,0.2923,2010-04-29 14:30:23.232,Intermediário
0.2922,0.2927,2010-04-29 15:00:28.54,Intermediário
0.2931,0.2936,2010-04-29 15:30:32.542,Intermediário
0.2922,0.2927,2010-04-29 16:00:33.106,Intermediário
0.2922,0.2927,2010-04-29 16:30:34.202,Fechamento Interbancário
0.2924,0.2927,2010-04-29 17:37:24.943,Fechamento
0.2917,0.2936,2010-04-30 09:22:21.085,Abertura
0.2923,0.2928,2010-04-30 09:30:18.411,Intermediário
0.2924,0.2929,2010-04-30 10:00:26.205,Intermediário
0.2926,0.2931,2010-04-30 10:30:22.867,Intermediário
0.2922,0.2927,2010-04-30 11:00:34.801,Intermediário
0.293,0.2934,2010-04-30 11:30:33.72,Intermediário
0.2928,0.2933,2010-04-30 12:00:35.435,Intermediário
0.2926,0.2931,2010-04-30 12:30:26.072,Intermediário
0.2926,0.2931,2010-04-30 13:00:23.824,Intermediário
0.2925,0.293,2010-04-30 13:30:19.804,Intermediário
0.2928,0.2933,2010-04-30 14:30:25.05,Intermediário
0.2923,0.2928,2010-04-30 14:33:06.66,Intermediário
0.2925,0.2931,2010-04-30 15:00:22.649,Intermediário
0.2935,0.2939,2010-04-30 15:30:34.697,Intermediário
0.2945,0.295,2010-04-30 16:00:22.37,Intermediário
0.2941,0.2946,2010-04-30 16:30:24.01,Fechamento Interbancário
0.293,0.2933,2010-04-30 17:35:28.386,Fechamento
0.2918,0.294,2010-05-03 09:38:11.276,Abertura
0.292,0.2925,2010-05-03 09:45:19.211,Intermediário
0.2918,0.2924,2010-05-03 10:04:05.886,Intermediário
0.2922,0.2927,2010-05-03 10:30:50.497,Intermediário
0.2915,0.292,2010-05-03 11:00:24.652,Intermediário
0.2912,0.2918,2010-05-03 11:30:24.429,Intermediário
0.2912,0.2916,2010-05-03 12:00:24.065,Intermediário
0.2918,0.2922,2010-05-03 12:30:24.218,Intermediário
0.2919,0.2924,2010-05-03 13:30:17.312,Intermediário
0.2916,0.2921,2010-05-03 13:55:15.659,Intermediário
0.2916,0.2922,2010-05-03 14:00:20.463,Intermediário
0.2917,0.2922,2010-05-03 14:30:18.457,Intermediário
0.2913,0.2919,2010-05-03 15:00:20.907,Intermediário
0.2918,0.2923,2010-05-03 15:30:18.147,Intermediário
0.2912,0.2917,2010-05-03 16:00:19.662,Intermediário
0.2915,0.292,2010-05-03 16:30:19.335,Fechamento Interbancário
0.2916,0.2919,2010-05-03 17:45:35.207,Fechamento
0.2903,0.2921,2010-05-04 09:34:39.242,Abertura
0.2907,0.2911,2010-05-04 09:41:49.398,Intermediário
0.2906,0.2913,2010-05-04 10:09:23.306,Intermediário
0.2903,0.2908,2010-05-04 10:30:24.24,Intermediário
0.2909,0.2914,2010-05-04 11:02:18.285,Intermediário
0.2911,0.2916,2010-05-04 11:30:23.397,Intermediário
0.2914,0.2919,2010-05-04 12:00:43.308,Intermediário
0.2918,0.2923,2010-05-04 12:30:18.9,Intermediário
0.2911,0.2916,2010-05-04 13:00:25.887,Intermediário
0.291,0.2915,2010-05-04 13:30:18.371,Intermediário
0.291,0.2915,2010-05-04 14:00:21.061,Intermediário
0.2914,0.2919,2010-05-04 14:30:18.576,Intermediário
0.2916,0.2921,2010-05-04 15:00:21.479,Intermediário
0.2918,0.2923,2010-05-04 15:30:18.477,Intermediário
0.292,0.2925,2010-05-04 16:00:21.704,Intermediário
0.2918,0.2923,2010-05-04 16:30:25.994,Fechamento Interbancário
0.2911,0.2914,2010-05-04 17:39:51.446,Fechamento
0.2917,0.2934,2010-05-05 09:26:17.052,Abertura
0.2925,0.293,2010-05-05 09:40:10.992,Intermediário
0.2913,0.2918,2010-05-05 10:00:28.353,Intermediário
0.2926,0.2931,2010-05-05 10:30:44.811,Intermediário
0.2934,0.2939,2010-05-05 11:00:32.017,Intermediário
0.295,0.2954,2010-05-05 11:30:25.066,Intermediário
0.2939,0.2944,2010-05-05 12:00:26.498,Intermediário
0.2953,0.2958,2010-05-05 12:30:22.72,Intermediário
0.2956,0.296,2010-05-05 13:00:25.234,Intermediário
0.2943,0.2948,2010-05-05 13:30:18.01,Intermediário
0.2949,0.2953,2010-05-05 14:00:24.044,Intermediário
0.2942,0.2947,2010-05-05 14:30:19.502,Intermediário
0.2937,0.2942,2010-05-05 15:00:21.742,Intermediário
0.2944,0.2949,2010-05-05 15:30:18.89,Intermediário
0.2951,0.2956,2010-05-05 16:00:25.653,Intermediário
0.2948,0.2953,2010-05-05 16:30:21.396,Fechamento Interbancário
0.2931,0.2934,2010-05-05 17:41:29.678,Fechamento
0.293,0.2948,2010-05-06 09:16:12.08,Abertura
0.295,0.2955,2010-05-06 09:30:23.822,Intermediário
0.2945,0.295,2010-05-06 10:09:13.055,Intermediário
0.2943,0.2948,2010-05-06 11:00:29.551,Intermediário
0.2931,0.2936,2010-05-06 12:00:27.016,Intermediário
0.295,0.2955,2010-05-06 12:30:22.024,Intermediário
0.2947,0.2951,2010-05-06 12:49:00.344,Intermediário
0.2934,0.2939,2010-05-06 12:50:18.391,Intermediário
0.2973,0.2978,2010-05-06 13:00:23.159,Intermediário
0.2977,0.2982,2010-05-06 13:30:20.62,Intermediário
0.2975,0.298,2010-05-06 14:00:22.755,Intermediário
0.2985,0.299,2010-05-06 14:30:20.318,Intermediário
0.2995,0.3001,2010-05-06 15:00:21.328,Intermediário
0.3014,0.302,2010-05-06 15:30:57.248,Intermediário
0.2989,0.2995,2010-05-06 16:00:21.381,Intermediário
0.2951,0.2956,2010-05-06 16:30:25.786,Fechamento Interbancário
0.2931,0.2934,2010-05-06 17:39:34.535,Fechamento
0.2952,0.297,2010-05-07 09:12:13.643,Abertura
0.2954,0.296,2010-05-07 09:46:05.342,Intermediário
0.294,0.2944,2010-05-07 10:00:24.884,Intermediário
0.2945,0.295,2010-05-07 10:30:24.839,Intermediário
0.2945,0.295,2010-05-07 11:00:27.085,Intermediário
0.2964,0.2969,2010-05-07 11:30:40.472,Intermediário
0.2937,0.2942,2010-05-07 12:30:24.932,Intermediário
0.2935,0.294,2010-05-07 13:11:52.782,Intermediário
0.2928,0.2933,2010-05-07 13:12:32.983,Intermediário
0.2916,0.2922,2010-05-07 13:30:16.359,Intermediário
0.2925,0.293,2010-05-07 14:00:27.9,Intermediário
0.2929,0.2934,2010-05-07 14:30:19.221,Intermediário
0.294,0.2945,2010-05-07 15:00:22.726,Intermediário
0.296,0.2966,2010-05-07 15:30:18.107,Intermediário
0.2969,0.2975,2010-05-07 16:00:34.312,Intermediário
0.296,0.2966,2010-05-07 16:30:20.322,Fechamento Interbancário
0.2936,0.294,2010-05-07 17:34:42.727,Fechamento
0.2915,0.2935,2010-05-10 09:30:44.597,Abertura
0.2929,0.2935,2010-05-10 09:41:22.425,Intermediário
0.2933,0.2938,2010-05-10 10:00:26.411,Intermediário
0.2931,0.2936,2010-05-10 10:30:19.844,Intermediário
0.2915,0.2919,2010-05-10 11:00:24.679,Intermediário
0.2913,0.2918,2010-05-10 11:30:28.527,Intermediário
0.291,0.2915,2010-05-10 12:00:25.189,Intermediário
0.2912,0.2917,2010-05-10 12:30:16.58,Intermediário
0.2895,0.29,2010-05-10 13:00:18.699,Intermediário
0.2895,0.29,2010-05-10 13:30:26.087,Intermediário
0.2894,0.2899,2010-05-10 14:00:20.133,Intermediário
0.2897,0.2902,2010-05-10 14:30:27.057,Intermediário
0.2892,0.2897,2010-05-10 15:00:20.397,Intermediário
0.2882,0.2887,2010-05-10 15:30:16.585,Intermediário
0.2896,0.2901,2010-05-10 16:00:18.921,Intermediário
0.2883,0.2888,2010-05-10 16:30:24.038,Fechamento Interbancário
0.2895,0.2898,2010-05-10 17:34:10.777,Fechamento
0.2882,0.2899,2010-05-11 09:20:16.461,Abertura
0.2884,0.2889,2010-05-11 09:30:17.857,Intermediário
0.289,0.2894,2010-05-11 10:00:22.634,Intermediário
0.2885,0.289,2010-05-11 10:30:17.321,Intermediário
0.2888,0.2894,2010-05-11 11:00:22.847,Intermediário
0.2884,0.2889,2010-05-11 11:30:17.108,Intermediário
0.2884,0.2888,2010-05-11 12:00:19.759,Intermediário
0.2887,0.2892,2010-05-11 12:30:16.165,Intermediário
0.2882,0.2887,2010-05-11 13:00:20.119,Intermediário
0.2881,0.2885,2010-05-11 13:30:16.104,Intermediário
0.2885,0.2891,2010-05-11 14:00:19.523,Intermediário
0.288,0.2885,2010-05-11 14:30:17.004,Intermediário
0.2884,0.2889,2010-05-11 15:00:18.362,Intermediário
0.2884,0.2889,2010-05-11 15:30:27.573,Intermediário
0.2881,0.2886,2010-05-11 16:00:20.917,Intermediário
0.2881,0.2885,2010-05-11 16:30:21.729,Fechamento Interbancário
0.2885,0.2888,2010-05-11 17:34:41.508,Fechamento
0.289,0.2908,2010-05-12 09:24:14.978,Abertura
0.2896,0.2901,2010-05-12 09:30:18.383,Intermediário
0.2892,0.2896,2010-05-12 10:00:26.182,Intermediário
0.2885,0.2889,2010-05-12 10:37:43.518,Intermediário
0.2886,0.2891,2010-05-12 11:00:25.49,Intermediário
0.289,0.2895,2010-05-12 11:30:20.068,Intermediário
0.2887,0.2891,2010-05-12 12:00:18.913,Intermediário
0.2873,0.2877,2010-05-12 12:30:17.73,Intermediário
0.2883,0.2887,2010-05-12 13:00:22.303,Intermediário
0.2876,0.2882,2010-05-12 13:30:28.919,Intermediário
0.2873,0.2877,2010-05-12 14:00:22.18,Intermediário
0.287,0.2876,2010-05-12 14:30:16.705,Intermediário
0.2868,0.2873,2010-05-12 15:00:22.831,Intermediário
0.2872,0.2877,2010-05-12 15:30:18.953,Intermediário
0.2873,0.2878,2010-05-12 16:00:23.722,Intermediário
0.2875,0.288,2010-05-12 17:38:10.156,Fechamento Interbancário
0.2876,0.2879,2010-05-12 17:45:50.401,Fechamento
0.2866,0.2884,2010-05-13 09:46:31.878,Abertura
0.287,0.2874,2010-05-13 09:51:24.576,Intermediário
0.2877,0.2882,2010-05-13 10:04:48.012,Intermediário
0.2872,0.2877,2010-05-13 10:30:18.155,Intermediário
0.2873,0.2879,2010-05-13 11:00:23.21,Intermediário
0.2871,0.2876,2010-05-13 11:30:17.617,Intermediário
0.2872,0.2877,2010-05-13 12:00:27.91,Intermediário
0.287,0.2875,2010-05-13 12:30:17.3,Intermediário
0.2863,0.2868,2010-05-13 13:00:19.988,Intermediário
0.2873,0.2878,2010-05-13 13:30:22.106,Intermediário
0.2871,0.2876,2010-05-13 14:00:16.579,Intermediário
0.2874,0.2879,2010-05-13 14:30:18.746,Intermediário
0.2873,0.2878,2010-05-13 15:00:18.931,Intermediário
0.2868,0.2873,2010-05-13 15:30:17.12,Intermediário
0.2868,0.2873,2010-05-13 16:00:22.954,Intermediário
0.287,0.2876,2010-05-13 16:30:15.394,Fechamento Interbancário
0.2867,0.2871,2010-05-13 17:36:15.837,Fechamento
0.2874,0.2891,2010-05-14 09:22:12.244,Abertura
0.2879,0.2883,2010-05-14 09:30:19.191,Intermediário
0.2882,0.2887,2010-05-14 10:18:31.691,Intermediário
0.2882,0.2886,2010-05-14 10:30:20.067,Intermediário
0.2882,0.2886,2010-05-14 11:00:25.382,Intermediário
0.2888,0.2892,2010-05-14 11:30:19.98,Intermediário
0.2883,0.2888,2010-05-14 12:00:28.621,Intermediário
0.2899,0.2904,2010-05-14 12:30:19.678,Intermediário
0.2889,0.2893,2010-05-14 13:00:21.054,Intermediário
0.2888,0.2894,2010-05-14 13:30:18.911,Intermediário
0.2891,0.2896,2010-05-14 14:00:18.971,Intermediário
0.2886,0.2892,2010-05-14 15:00:23.48,Intermediário
0.2888,0.2894,2010-05-14 15:30:16.788,Intermediário
0.2889,0.2894,2010-05-14 16:00:19.857,Intermediário
0.2886,0.2891,2010-05-14 16:19:02.031,Intermediário
0.2887,0.2892,2010-05-14 16:30:18.534,Fechamento Interbancário
0.2877,0.288,2010-05-14 17:34:59.436,Fechamento
0.2881,0.2899,2010-05-17 09:18:12.765,Abertura
0.2882,0.2887,2010-05-17 09:30:19.801,Intermediário
0.2894,0.2898,2010-05-17 10:00:28.438,Intermediário
0.2886,0.289,2010-05-17 10:30:22.822,Intermediário
0.2884,0.2889,2010-05-17 11:00:24.951,Intermediário
0.2887,0.2892,2010-05-17 11:30:17.747,Intermediário
0.2888,0.2892,2010-05-17 12:00:19.245,Intermediário
0.2889,0.2894,2010-05-17 12:30:22.009,Intermediário
0.2892,0.2897,2010-05-17 13:00:18.045,Intermediário
0.29,0.2905,2010-05-17 13:30:17.096,Intermediário
0.2896,0.2901,2010-05-17 14:00:23.315,Intermediário
0.2904,0.2909,2010-05-17 14:30:17.405,Intermediário
0.2905,0.291,2010-05-17 15:00:21.801,Intermediário
0.2906,0.291,2010-05-17 15:30:25.051,Intermediário
0.29,0.2905,2010-05-17 16:00:26.949,Intermediário
0.2894,0.29,2010-05-17 16:30:20.551,Fechamento Interbancário
0.2887,0.2891,2010-05-17 17:35:48.832,Fechamento
0.2868,0.2885,2010-05-18 09:22:15.029,Abertura
0.2874,0.2879,2010-05-18 09:30:17.587,Intermediário
0.2864,0.2868,2010-05-18 10:00:24.111,Intermediário
0.2869,0.2873,2010-05-18 10:30:26.286,Intermediário
0.2867,0.2872,2010-05-18 11:00:26.963,Intermediário
0.2866,0.2871,2010-05-18 11:30:18.444,Intermediário
0.2863,0.2868,2010-05-18 12:00:21.833,Intermediário
0.2859,0.2864,2010-05-18 12:30:18.058,Intermediário
0.2859,0.2864,2010-05-18 13:00:18.676,Intermediário
0.2862,0.2867,2010-05-18 13:30:19.79,Intermediário
0.2854,0.2859,2010-05-18 14:00:25.14,Intermediário
0.2849,0.2854,2010-05-18 14:30:26.305,Intermediário
0.2855,0.286,2010-05-18 15:00:19.969,Intermediário
0.2864,0.2869,2010-05-18 15:30:17.738,Intermediário
0.2862,0.2867,2010-05-18 16:00:23.926,Intermediário
0.2867,0.2872,2010-05-18 16:30:21.02,Fechamento Interbancário
0.2821,0.2824,2010-05-18 17:34:34.669,Fechamento
0.2874,0.289,2010-05-19 09:22:12.303,Abertura
0.2873,0.2878,2010-05-19 09:30:25.599,Intermediário
0.2894,0.2899,2010-05-19 10:00:24.063,Intermediário
0.2864,0.2869,2010-05-19 10:30:24.304,Intermediário
0.2858,0.2863,2010-05-19 11:00:29.239,Intermediário
0.2862,0.2867,2010-05-19 11:30:21.612,Intermediário
0.2855,0.286,2010-05-19 12:00:30.486,Intermediário
0.2873,0.2878,2010-05-19 12:30:24.998,Intermediário
0.2871,0.2876,2010-05-19 13:00:20.353,Intermediário
0.2864,0.2871,2010-05-19 13:30:17.177,Intermediário
0.2861,0.2866,2010-05-19 14:00:21.162,Intermediário
0.2856,0.2861,2010-05-19 14:30:18.165,Intermediário
0.2863,0.2868,2010-05-19 15:00:28.987,Intermediário
0.2867,0.2873,2010-05-19 15:30:21.154,Intermediário
0.2859,0.2864,2010-05-19 16:00:25.721,Intermediário
0.2862,0.2868,2010-05-19 17:46:21.43,Fechamento Interbancário
0.2861,0.2865,2010-05-19 17:47:48.225,Fechamento
0.2859,0.2875,2010-05-20 09:27:07.593,Abertura
0.2857,0.2863,2010-05-20 09:30:31.592,Intermediário
0.2865,0.2869,2010-05-20 10:24:30.071,Intermediário
0.2858,0.2863,2010-05-20 10:30:21.826,Intermediário
0.2858,0.2863,2010-05-20 11:03:42.448,Intermediário
0.2874,0.2879,2010-05-20 11:30:29.323,Intermediário
0.2874,0.2879,2010-05-20 12:00:23.201,Intermediário
0.2883,0.2888,2010-05-20 12:30:17.895,Intermediário
0.2886,0.2891,2010-05-20 13:00:21.862,Intermediário
0.2883,0.2888,2010-05-20 13:30:18.453,Intermediário
0.2879,0.2884,2010-05-20 14:00:21.677,Intermediário
0.2908,0.2914,2010-05-20 14:33:48.429,Intermediário
0.2891,0.2896,2010-05-20 15:00:28.599,Intermediário
0.2875,0.288,2010-05-20 15:31:06.533,Intermediário
0.2868,0.2873,2010-05-20 16:00:29.535,Intermediário
0.2867,0.2871,2010-05-20 16:30:21.471,Fechamento Interbancário
0.2879,0.2882,2010-05-20 17:32:23.277,Fechamento
0.2893,0.2911,2010-05-21 09:26:14.975,Abertura
0.2901,0.2905,2010-05-21 09:30:30.934,Intermediário
0.2909,0.2914,2010-05-21 10:00:35.024,Intermediário
0.2909,0.2914,2010-05-21 10:30:22.02,Intermediário
0.2899,0.2904,2010-05-21 11:00:24.982,Intermediário
0.2887,0.2892,2010-05-21 11:30:18.522,Intermediário
0.2887,0.2892,2010-05-21 12:00:23.205,Intermediário
0.288,0.2885,2010-05-21 12:30:17.029,Intermediário
0.2863,0.2868,2010-05-21 13:00:19.376,Intermediário
0.2867,0.2872,2010-05-21 13:30:19.213,Intermediário
0.2867,0.2872,2010-05-21 14:00:22.882,Intermediário
0.2875,0.288,2010-05-21 14:30:19.152,Intermediário
0.2888,0.2894,2010-05-21 15:00:20.135,Intermediário
0.2887,0.2892,2010-05-21 15:30:22.945,Intermediário
0.2878,0.2884,2010-05-21 16:00:21.586,Intermediário
0.2869,0.2875,2010-05-21 16:30:21.639,Fechamento Interbancário
0.2887,0.289,2010-05-21 17:33:27.416,Fechamento
0.2843,0.286,2010-05-24 09:20:16.315,Abertura
0.2856,0.2861,2010-05-24 09:30:21.859,Intermediário
0.2849,0.2853,2010-05-24 10:00:33.538,Intermediário
0.283,0.2835,2010-05-24 10:30:30.828,Intermediário
0.2828,0.2833,2010-05-24 11:00:38.471,Intermediário
0.2832,0.2836,2010-05-24 11:30:30.132,Intermediário
0.2842,0.2846,2010-05-24 12:00:25.119,Intermediário
0.2858,0.2861,2010-05-24 12:30:19.404,Intermediário
0.2861,0.2866,2010-05-24 13:00:20.673,Intermediário
0.2863,0.2868,2010-05-24 13:30:19.721,Intermediário
0.285,0.2855,2010-05-24 14:00:22.814,Intermediário
0.2849,0.2854,2010-05-24 14:30:18.64,Intermediário
0.2856,0.286,2010-05-24 15:00:22.494,Intermediário
0.2857,0.2862,2010-05-24 15:30:19.955,Intermediário
0.2864,0.2869,2010-05-24 16:00:22.221,Intermediário
0.2864,0.2869,2010-05-24 16:30:20.118,Fechamento Interbancário
0.2847,0.2851,2010-05-24 17:32:32.997,Fechamento
0.2857,0.2873,2010-05-25 09:22:11.448,Abertura
0.2859,0.2863,2010-05-25 09:30:20.305,Intermediário
0.2858,0.2862,2010-05-25 10:00:25.019,Intermediário
0.2849,0.2853,2010-05-25 10:30:21.093,Intermediário
0.2853,0.2858,2010-05-25 11:00:24.077,Intermediário
0.2852,0.2857,2010-05-25 11:30:23.001,Intermediário
0.2846,0.285,2010-05-25 12:00:22.2,Intermediário
0.2838,0.2843,2010-05-25 12:30:17.587,Intermediário
0.2831,0.2836,2010-05-25 13:00:24.22,Intermediário
0.2833,0.2838,2010-05-25 13:30:16.627,Intermediário
0.2836,0.284,2010-05-25 14:00:22.011,Intermediário
0.2837,0.2842,2010-05-25 14:30:19.49,Intermediário
0.2835,0.2839,2010-05-25 15:00:20.519,Intermediário
0.2826,0.2831,2010-05-25 15:30:18.026,Intermediário
0.283,0.2835,2010-05-25 16:00:27.764,Intermediário
0.2828,0.2833,2010-05-25 16:30:19.995,Fechamento Interbancário
0.285,0.2853,2010-05-25 17:31:26.324,Fechamento
0.2816,0.2833,2010-05-26 09:20:16.872,Abertura
0.2823,0.2827,2010-05-26 09:30:29.008,Intermediário
0.282,0.2824,2010-05-26 10:00:23.91,Intermediário
0.2829,0.2834,2010-05-26 10:30:24.363,Intermediário
0.2826,0.283,2010-05-26 11:00:29.171,Intermediário
0.2816,0.282,2010-05-26 11:30:19.084,Intermediário
0.2818,0.2822,2010-05-26 12:00:23.044,Intermediário
0.2831,0.2836,2010-05-26 12:30:21.035,Intermediário
0.2835,0.284,2010-05-26 13:00:21.332,Intermediário
0.283,0.2836,2010-05-26 13:30:16.745,Intermediário
0.283,0.2835,2010-05-26 14:00:21.085,Intermediário
0.2831,0.2836,2010-05-26 14:30:29.158,Intermediário
0.2824,0.2829,2010-05-26 15:00:22.009,Intermediário
0.2823,0.2828,2010-05-26 15:30:20.787,Intermediário
0.283,0.2835,2010-05-26 16:00:23.479,Intermediário
0.2822,0.2828,2010-05-26 16:30:23.963,Fechamento Interbancário
0.2806,0.281,2010-05-26 17:34:25.863,Fechamento
0.2818,0.2835,2010-05-27 09:20:16.212,Abertura
0.282,0.2825,2010-05-27 09:30:29.218,Intermediário
0.2816,0.282,2010-05-27 10:00:29.46,Intermediário
0.2813,0.2817,2010-05-27 10:30:21.497,Intermediário
0.281,0.2814,2010-05-27 11:00:36.381,Intermediário
0.2822,0.2826,2010-05-27 11:30:21.597,Intermediário
0.2821,0.2825,2010-05-27 12:00:28.752,Intermediário
0.2826,0.2831,2010-05-27 12:30:19.967,Intermediário
0.2841,0.2846,2010-05-27 13:00:22.094,Intermediário
0.2828,0.2834,2010-05-27 13:30:21.226,Intermediário
0.2824,0.2829,2010-05-27 14:00:25.055,Intermediário
0.2821,0.2826,2010-05-27 14:30:19.126,Intermediário
0.2813,0.2818,2010-05-27 15:00:25.805,Intermediário
0.2819,0.2825,2010-05-27 15:30:24.102,Intermediário
0.2822,0.2828,2010-05-27 16:00:21.67,Intermediário
0.2826,0.2831,2010-05-27 16:30:19.647,Fechamento Interbancário
0.2838,0.2841,2010-05-27 17:35:37.141,Fechamento
0.2814,0.2831,2010-05-28 09:18:10.787,Abertura
0.2823,0.2827,2010-05-28 09:30:22.712,Intermediário
0.2832,0.2836,2010-05-28 10:00:34.356,Intermediário
0.2818,0.2822,2010-05-28 10:30:21.743,Intermediário
0.2822,0.2826,2010-05-28 11:00:32.287,Intermediário
0.2812,0.2816,2010-05-28 11:30:23.599,Intermediário
0.2821,0.2825,2010-05-28 12:00:24.945,Intermediário
0.2809,0.2814,2010-05-28 12:30:18.958,Intermediário
0.282,0.2825,2010-05-28 13:00:26.491,Intermediário
0.2809,0.2813,2010-05-28 13:30:17.992,Intermediário
0.2806,0.2811,2010-05-28 14:00:30.485,Intermediário
0.2801,0.2807,2010-05-28 14:30:19.286,Intermediário
0.2802,0.2807,2010-05-28 15:00:24.495,Intermediário
0.2806,0.2811,2010-05-28 15:30:20.494,Intermediário
0.2794,0.2799,2010-05-28 16:00:23.67,Intermediário
0.2787,0.2793,2010-05-28 16:30:26.952,Fechamento Interbancário
0.2809,0.2813,2010-05-28 17:34:49.479,Fechamento
0.2792,0.2809,2010-05-31 09:26:11.707,Abertura
0.2797,0.2802,2010-05-31 09:30:18.424,Intermediário
0.2801,0.2805,2010-05-31 10:00:26.679,Intermediário
0.2802,0.2807,2010-05-31 10:30:17.215,Intermediário
0.2804,0.2808,2010-05-31 11:00:24.623,Intermediário
0.2801,0.2806,2010-05-31 11:30:17.792,Intermediário
0.2798,0.2802,2010-05-31 12:00:24.027,Intermediário
0.2803,0.2809,2010-05-31 12:30:18.323,Intermediário
0.2803,0.2809,2010-05-31 13:00:21.828,Intermediário
0.2812,0.2816,2010-05-31 13:30:19.395,Intermediário
0.2812,0.2819,2010-05-31 14:00:22.743,Intermediário
0.2815,0.2821,2010-05-31 14:30:24.11,Intermediário
0.2807,0.2814,2010-05-31 15:00:44.453,Intermediário
0.2809,0.2816,2010-05-31 15:30:30.984,Intermediário
0.2814,0.2822,2010-05-31 16:00:31.627,Intermediário
0.2813,0.2818,2010-05-31 16:30:31.044,Fechamento Interbancário
0.2808,0.2811,2010-05-31 17:35:43.414,Fechamento
0.2797,0.2813,2010-06-01 09:22:17.933,Abertura
0.2813,0.2817,2010-06-01 09:30:22.028,Intermediário
0.2811,0.2815,2010-06-01 10:00:32.595,Intermediário
0.2813,0.2817,2010-06-01 10:30:24.749,Intermediário
0.2813,0.2817,2010-06-01 11:00:37.508,Intermediário
0.283,0.2834,2010-06-01 11:30:20.325,Intermediário
0.2826,0.283,2010-06-01 12:00:26.828,Intermediário
0.283,0.2834,2010-06-01 12:30:23.567,Intermediário
0.2827,0.2832,2010-06-01 13:00:23.27,Intermediário
0.2828,0.2832,2010-06-01 13:30:25.64,Intermediário
0.282,0.2825,2010-06-01 14:00:24.19,Intermediário
0.2827,0.2832,2010-06-01 14:30:25.488,Intermediário
0.2828,0.2833,2010-06-01 15:00:23.445,Intermediário
0.2832,0.2836,2010-06-01 15:30:19.826,Intermediário
0.2835,0.284,2010-06-01 16:00:21.854,Intermediário
0.284,0.2845,2010-06-01 16:30:27.632,Fechamento Interbancário
0.2821,0.2824,2010-06-01 17:41:44.276,Fechamento
0.283,0.2847,2010-06-02 09:22:14.43,Abertura
0.284,0.2845,2010-06-02 09:30:25.886,Intermediário
0.2824,0.2829,2010-06-02 10:00:27.995,Intermediário
0.2826,0.283,2010-06-02 10:30:21.521,Intermediário
0.2825,0.283,2010-06-02 11:00:45.689,Intermediário
0.2824,0.2828,2010-06-02 11:30:21.045,Intermediário
0.2818,0.2823,2010-06-02 12:00:24.999,Intermediário
0.2812,0.2817,2010-06-02 12:30:28.291,Intermediário
0.2817,0.2822,2010-06-02 13:00:23.665,Intermediário
0.2825,0.283,2010-06-02 13:30:21.16,Intermediário
0.2828,0.2833,2010-06-02 14:00:29.579,Intermediário
0.2824,0.2829,2010-06-02 14:30:20.865,Intermediário
0.2825,0.283,2010-06-02 15:00:24.827,Intermediário
0.283,0.2835,2010-06-02 15:30:24.196,Intermediário
0.2815,0.2819,2010-06-02 16:00:28.532,Intermediário
0.2815,0.282,2010-06-02 16:30:19.604,Fechamento Interbancário
0.2831,0.2834,2010-06-02 17:32:49.588,Fechamento
0.2807,0.2823,2010-06-04 09:22:11.974,Abertura
0.2808,0.2814,2010-06-04 09:30:24.614,Intermediário
0.2814,0.2819,2010-06-04 10:00:26.644,Intermediário
0.2813,0.2817,2010-06-04 10:30:20.056,Intermediário
0.2812,0.2817,2010-06-04 11:00:24.928,Intermediário
0.2809,0.2813,2010-06-04 11:30:18.713,Intermediário
0.2801,0.2805,2010-06-04 12:00:26.43,Intermediário
0.2804,0.2809,2010-06-04 12:30:26.739,Intermediário
0.2797,0.2801,2010-06-04 13:00:21.471,Intermediário
0.28,0.2805,2010-06-04 13:30:19.286,Intermediário
0.2804,0.2809,2010-06-04 14:00:23.597,Intermediário
0.2808,0.2813,2010-06-04 14:30:19.356,Intermediário
0.2808,0.2812,2010-06-04 15:00:26.063,Intermediário
0.2811,0.2815,2010-06-04 15:30:22.267,Intermediário
0.2808,0.2814,2010-06-04 16:00:32.35,Intermediário
0.2784,0.2787,2010-06-04 17:32:39.86,Fechamento
0.2795,0.2811,2010-06-07 09:16:14.519,Abertura
0.28,0.2804,2010-06-07 09:30:19.295,Intermediário
0.2802,0.2806,2010-06-07 10:00:38.479,Intermediário
0.28,0.2804,2010-06-07 10:31:07.039,Intermediário
0.2799,0.2803,2010-06-07 11:00:27.916,Intermediário
0.2793,0.2797,2010-06-07 11:30:23.29,Intermediário
0.279,0.2794,2010-06-07 12:00:34.026,Intermediário
0.2792,0.2796,2010-06-07 12:30:19.602,Intermediário
0.2792,0.2796,2010-06-07 13:00:32.334,Intermediário
0.2784,0.2789,2010-06-07 13:30:23.1,Intermediário
0.2785,0.2789,2010-06-07 14:00:26.34,Intermediário
0.2786,0.279,2010-06-07 14:30:23.518,Intermediário
0.2789,0.2794,2010-06-07 15:00:26.208,Intermediário
0.2795,0.2799,2010-06-07 15:30:20.006,Intermediário
0.2799,0.2804,2010-06-07 16:00:29.839,Intermediário
0.2798,0.2802,2010-06-07 16:30:23.541,Fechamento Interbancário
0.2778,0.2781,2010-06-07 17:32:05.592,Fechamento
0.2779,0.2795,2010-06-08 09:24:11.932,Abertura
0.2784,0.2789,2010-06-08 09:30:24.439,Intermediário
0.2788,0.2792,2010-06-08 10:00:35.295,Intermediário
0.2793,0.2797,2010-06-08 10:30:26.143,Intermediário
0.2792,0.2796,2010-06-08 11:00:28.94,Intermediário
0.2796,0.28,2010-06-08 11:30:23.135,Intermediário
0.2794,0.2798,2010-06-08 12:00:26.614,Intermediário
0.2794,0.2799,2010-06-08 12:30:23.681,Intermediário
0.2801,0.2805,2010-06-08 13:00:26.334,Intermediário
0.2791,0.2795,2010-06-08 13:30:24.199,Intermediário
0.2795,0.2799,2010-06-08 14:00:28.105,Intermediário
0.2783,0.2787,2010-06-08 14:30:33.034,Intermediário
0.2787,0.2792,2010-06-08 15:00:26.794,Intermediário
0.2783,0.2787,2010-06-08 15:30:26.242,Intermediário
0.2778,0.2782,2010-06-08 16:00:28.702,Intermediário
0.2778,0.2782,2010-06-08 16:30:27.324,Fechamento Interbancário
0.2788,0.2791,2010-06-08 17:32:07.132,Fechamento
0.2778,0.2794,2010-06-09 09:22:15.169,Abertura
0.278,0.2784,2010-06-09 09:30:26.629,Intermediário
0.2781,0.2785,2010-06-09 10:00:24.784,Intermediário
0.2789,0.2793,2010-06-09 10:30:26.504,Intermediário
0.2799,0.2803,2010-06-09 11:00:27.602,Intermediário
0.2794,0.2798,2010-06-09 11:30:24.321,Intermediário
0.2802,0.2806,2010-06-09 12:00:28.842,Intermediário
0.2802,0.2806,2010-06-09 12:30:22.323,Intermediário
0.2795,0.2799,2010-06-09 13:00:23.194,Intermediário
0.2798,0.2802,2010-06-09 13:30:22.004,Intermediário
0.2795,0.2799,2010-06-09 14:00:26.043,Intermediário
0.2792,0.2796,2010-06-09 14:32:03.283,Intermediário
0.2793,0.2797,2010-06-09 15:00:26.181,Intermediário
0.2794,0.2799,2010-06-09 15:30:20.696,Intermediário
0.2791,0.2795,2010-06-09 16:00:23.479,Intermediário
0.2791,0.2796,2010-06-09 16:30:20.156,Fechamento Interbancário
0.2784,0.2787,2010-06-09 17:33:40.417,Fechamento
0.28,0.2817,2010-06-10 09:20:15.517,Abertura
0.2808,0.2812,2010-06-10 09:30:21.089,Intermediário
0.2812,0.2816,2010-06-10 10:00:38.117,Intermediário
0.2806,0.281,2010-06-10 10:30:23.826,Intermediário
0.2806,0.2811,2010-06-10 11:00:30.799,Intermediário
0.2799,0.2804,2010-06-10 11:30:22.094,Intermediário
0.28,0.2804,2010-06-10 12:00:29.038,Intermediário
0.2791,0.2796,2010-06-10 12:30:25.05,Intermediário
0.2795,0.2799,2010-06-10 13:00:29.328,Intermediário
0.2793,0.2798,2010-06-10 13:30:23.183,Intermediário
0.2785,0.279,2010-06-10 14:00:29.135,Intermediário
0.2783,0.2788,2010-06-10 14:30:21.283,Intermediário
0.2787,0.2791,2010-06-10 15:00:29.06,Intermediário
0.2783,0.2788,2010-06-10 15:30:21.814,Intermediário
0.278,0.2784,2010-06-10 16:00:27.01,Intermediário
0.2785,0.279,2010-06-10 16:30:24.466,Fechamento Interbancário
0.28,0.2803,2010-06-10 17:35:29.158,Fechamento
0.2786,0.2803,2010-06-11 09:22:12.529,Abertura
0.279,0.2794,2010-06-11 09:30:22.668,Intermediário
0.279,0.2794,2010-06-11 10:00:30.287,Intermediário
0.2787,0.2791,2010-06-11 10:30:22.913,Intermediário
0.2798,0.2803,2010-06-11 11:00:32.883,Intermediário
0.2785,0.279,2010-06-11 11:30:22.933,Intermediário
0.2788,0.2792,2010-06-11 12:00:34.89,Intermediário
0.2782,0.2786,2010-06-11 12:30:19.202,Intermediário
0.2784,0.2789,2010-06-11 13:00:20.539,Intermediário
0.2781,0.2786,2010-06-11 13:30:20.61,Intermediário
0.2781,0.2786,2010-06-11 14:00:27.066,Intermediário
0.2782,0.2787,2010-06-11 14:30:20.186,Intermediário
0.2787,0.2792,2010-06-11 15:00:25.866,Intermediário
0.2792,0.2797,2010-06-11 15:30:19.267,Intermediário
0.2796,0.2801,2010-06-11 16:00:22.492,Intermediário
0.2795,0.2801,2010-06-11 16:30:19.435,Fechamento Interbancário
0.2791,0.2795,2010-06-11 17:37:09.486,Fechamento
0.2809,0.2826,2010-06-14 09:24:18.087,Abertura
0.2814,0.2818,2010-06-14 09:30:22.655,Intermediário
0.281,0.2814,2010-06-14 10:00:28.497,Intermediário
0.2811,0.2815,2010-06-14 10:30:21.617,Intermediário
0.2812,0.2816,2010-06-14 11:00:33.217,Intermediário
0.2819,0.2824,2010-06-14 11:30:20.209,Intermediário
0.2817,0.2821,2010-06-14 12:00:26.311,Intermediário
0.2818,0.2822,2010-06-14 12:30:20.335,Intermediário
0.2814,0.2819,2010-06-14 13:00:31.13,Intermediário
0.282,0.2825,2010-06-14 13:30:20.61,Intermediário
0.2815,0.282,2010-06-14 14:00:28.103,Intermediário
0.2812,0.2817,2010-06-14 14:30:20.925,Intermediário
0.2814,0.2819,2010-06-14 15:00:26.227,Intermediário
0.2814,0.2818,2010-06-14 15:30:21.384,Intermediário
0.2812,0.2817,2010-06-14 16:00:23.521,Intermediário
0.2816,0.2821,2010-06-14 16:30:25.074,Fechamento Interbancário
0.281,0.2813,2010-06-14 17:40:20.697,Fechamento
0.2805,0.2822,2010-06-15 09:18:11.133,Abertura
0.281,0.2814,2010-06-15 09:30:18.598,Intermediário
0.2814,0.2819,2010-06-15 10:00:28.508,Intermediário
0.2814,0.2818,2010-06-15 10:30:22.995,Intermediário
0.2812,0.2817,2010-06-15 11:00:22.816,Intermediário
0.2815,0.2819,2010-06-15 11:30:17.1,Intermediário
0.2813,0.2817,2010-06-15 12:00:26.823,Intermediário
0.2818,0.2823,2010-06-15 12:30:20.23,Intermediário
0.2813,0.2817,2010-06-15 13:00:19.741,Intermediário
0.2811,0.2815,2010-06-15 13:30:16.924,Fechamento Interbancário
0.2819,0.2822,2010-06-15 14:03:33.118,Fechamento
0.2787,0.2804,2010-06-16 09:14:15.084,Abertura
0.2792,0.2797,2010-06-16 09:30:18.325,Intermediário
0.2797,0.2801,2010-06-16 10:00:27.853,Intermediário
0.2799,0.2803,2010-06-16 10:30:20.865,Intermediário
0.2797,0.2802,2010-06-16 11:00:25.049,Intermediário
0.2793,0.2797,2010-06-16 11:30:17.643,Intermediário
0.2793,0.2797,2010-06-16 12:00:25.652,Intermediário
0.2789,0.2793,2010-06-16 12:30:20.852,Intermediário
0.2794,0.2798,2010-06-16 13:00:21.996,Intermediário
0.2794,0.2799,2010-06-16 13:30:18.048,Intermediário
0.2791,0.2795,2010-06-16 14:00:22.079,Intermediário
0.2787,0.2792,2010-06-16 14:30:19.178,Intermediário
0.2783,0.2787,2010-06-16 15:00:24.691,Intermediário
0.2787,0.2792,2010-06-16 15:30:22.875,Intermediário
0.2792,0.2796,2010-06-16 16:00:25.431,Intermediário
0.2792,0.2797,2010-06-16 16:30:32.995,Fechamento Interbancário
0.2793,0.2796,2010-06-16 17:41:15.758,Fechamento
0.2789,0.2805,2010-06-17 09:22:11.764,Abertura
0.279,0.2794,2010-06-17 09:30:26.57,Intermediário
0.2795,0.2799,2010-06-17 10:00:27.456,Intermediário
0.2796,0.28,2010-06-17 10:30:27.992,Intermediário
0.2798,0.2803,2010-06-17 11:00:28.669,Intermediário
0.2803,0.2807,2010-06-17 11:30:19.62,Intermediário
0.2792,0.2796,2010-06-17 12:00:23.158,Intermediário
0.2793,0.2797,2010-06-17 12:30:20.464,Intermediário
0.2793,0.2797,2010-06-17 13:00:21.677,Intermediário
0.279,0.2794,2010-06-17 13:30:18.166,Intermediário
0.2787,0.2792,2010-06-17 14:00:27.546,Intermediário
0.2789,0.2793,2010-06-17 14:30:19.846,Intermediário
0.2794,0.2799,2010-06-17 15:00:22.432,Intermediário
0.2799,0.2804,2010-06-17 15:30:18.958,Intermediário
0.2799,0.2804,2010-06-17 16:00:25.794,Intermediário
0.2807,0.2812,2010-06-17 16:30:19.797,Fechamento Interbancário
0.2794,0.2797,2010-06-17 17:40:51.003,Fechamento
0.2789,0.2806,2010-06-18 09:18:10.384,Abertura
0.2792,0.2796,2010-06-18 09:30:18.778,Intermediário
0.2795,0.28,2010-06-18 10:00:27.653,Intermediário
0.2795,0.2799,2010-06-18 10:30:19.823,Intermediário
0.2795,0.28,2010-06-18 11:00:24.941,Intermediário
0.2792,0.2797,2010-06-18 11:30:20.724,Intermediário
0.2787,0.2791,2010-06-18 12:00:23.44,Intermediário
0.2775,0.278,2010-06-18 12:30:21.048,Intermediário
0.2777,0.2782,2010-06-18 13:00:23.521,Intermediário
0.2778,0.2782,2010-06-18 13:30:21.334,Intermediário
0.2777,0.2781,2010-06-18 14:00:21.617,Intermediário
0.2774,0.2778,2010-06-18 14:30:18.767,Intermediário
0.2776,0.278,2010-06-18 15:00:21.117,Intermediário
0.2776,0.278,2010-06-18 15:30:18.841,Intermediário
0.2772,0.2777,2010-06-18 16:00:25.386,Intermediário
0.2774,0.2778,2010-06-18 16:30:20.438,Fechamento Interbancário
0.2782,0.2785,2010-06-18 17:38:15.783,Fechamento
0.2758,0.2774,2010-06-21 09:20:18.542,Abertura
0.2764,0.2768,2010-06-21 09:30:23.225,Intermediário
0.2768,0.2773,2010-06-21 10:00:27.86,Intermediário
0.2763,0.2767,2010-06-21 10:30:26.088,Intermediário
0.2772,0.2776,2010-06-21 11:00:30.392,Intermediário
0.2766,0.277,2010-06-21 11:30:22.712,Intermediário
0.2771,0.2775,2010-06-21 12:00:30.346,Intermediário
0.2769,0.2773,2010-06-21 12:30:21.936,Intermediário
0.277,0.2775,2010-06-21 13:00:25.105,Intermediário
0.2767,0.2772,2010-06-21 13:30:19.108,Intermediário
0.2761,0.2766,2010-06-21 14:00:21.017,Intermediário
0.2756,0.276,2010-06-21 14:30:22.488,Intermediário
0.2762,0.2766,2010-06-21 15:00:23.431,Intermediário
0.276,0.2765,2010-06-21 15:30:26.221,Intermediário
0.2764,0.2769,2010-06-21 16:00:29.452,Intermediário
0.2761,0.2767,2010-06-21 16:30:24.435,Fechamento Interbancário
0.2751,0.2755,2010-06-21 17:37:44.686,Fechamento
0.2735,0.2751,2010-06-22 09:14:11.006,Abertura
0.2736,0.274,2010-06-22 09:30:24.151,Intermediário
0.2738,0.2742,2010-06-22 10:00:29.194,Intermediário
0.2735,0.2739,2010-06-22 10:30:24.094,Intermediário
0.2736,0.2741,2010-06-22 11:00:31.201,Intermediário
0.2725,0.273,2010-06-22 11:30:24.732,Intermediário
0.2726,0.273,2010-06-22 12:00:29.792,Intermediário
0.2731,0.2735,2010-06-22 12:30:25.181,Intermediário
0.2733,0.2738,2010-06-22 13:00:24.747,Intermediário
0.2737,0.2741,2010-06-22 13:30:20.84,Intermediário
0.2738,0.2742,2010-06-22 14:00:23.905,Intermediário
0.2732,0.2737,2010-06-22 14:30:27.126,Intermediário
0.2737,0.2742,2010-06-22 15:00:29.479,Intermediário
0.2743,0.2747,2010-06-22 15:30:23.299,Intermediário
0.2749,0.2754,2010-06-22 16:00:31.745,Intermediário
0.2752,0.2756,2010-06-22 16:30:37.774,Fechamento Interbancário
0.2732,0.2735,2010-06-22 17:37:14.118,Fechamento
0.2763,0.278,2010-06-23 09:14:13.316,Abertura
0.276,0.2764,2010-06-23 09:30:26.443,Intermediário
0.276,0.2764,2010-06-23 10:00:31.823,Intermediário
0.2767,0.2771,2010-06-23 10:30:25.607,Intermediário
0.2763,0.2767,2010-06-23 11:00:43.618,Intermediário
0.2764,0.2768,2010-06-23 11:30:23.22,Intermediário
0.2759,0.2764,2010-06-23 12:00:33.08,Intermediário
0.2758,0.2762,2010-06-23 12:30:22.626,Intermediário
0.2769,0.2773,2010-06-23 13:00:24.829,Intermediário
0.2765,0.2769,2010-06-23 13:30:21.304,Intermediário
0.2768,0.2772,2010-06-23 14:00:25.253,Intermediário
0.2765,0.2769,2010-06-23 14:30:24.001,Intermediário
0.2768,0.2772,2010-06-23 15:00:26.959,Intermediário
0.2768,0.2773,2010-06-23 15:30:23.823,Intermediário
0.2765,0.277,2010-06-23 16:00:25.316,Intermediário
0.2763,0.2769,2010-06-23 16:30:23.012,Fechamento Interbancário
0.2763,0.2767,2010-06-23 17:31:19.162,Fechamento
0.2754,0.2771,2010-06-24 09:10:14.86,Abertura
0.2762,0.2766,2010-06-24 09:30:27.145,Intermediário
0.2756,0.276,2010-06-24 10:00:30.548,Intermediário
0.276,0.2764,2010-06-24 10:30:27.784,Intermediário
0.2765,0.277,2010-06-24 11:00:42.476,Intermediário
0.2757,0.2761,2010-06-24 11:30:29.325,Intermediário
0.2758,0.2763,2010-06-24 12:00:36.742,Intermediário
0.276,0.2765,2010-06-24 12:30:30.957,Intermediário
0.2763,0.2768,2010-06-24 13:00:29.468,Intermediário
0.2757,0.2762,2010-06-24 13:30:23.013,Intermediário
0.2751,0.2756,2010-06-24 14:00:27.406,Intermediário
0.2749,0.2754,2010-06-24 14:30:26.52,Intermediário
0.275,0.2755,2010-06-24 15:00:29.242,Intermediário
0.2751,0.2756,2010-06-24 15:30:35.169,Intermediário
0.2747,0.2751,2010-06-24 16:00:30.367,Intermediário
0.2752,0.2757,2010-06-24 16:30:27.437,Fechamento Interbancário
0.2756,0.276,2010-06-24 17:36:04.503,Fechamento
0.273,0.2746,2010-06-25 09:16:11.433,Abertura
0.2739,0.2743,2010-06-25 09:30:20.79,Intermediário
0.2738,0.2742,2010-06-25 10:00:21.862,Intermediário
0.2761,0.2766,2010-06-25 15:00:25.298,Intermediário
0.2762,0.2766,2010-06-25 15:30:31.968,Intermediário
0.2757,0.2761,2010-06-25 16:00:32.289,Intermediário
0.2758,0.2763,2010-06-25 16:30:23.493,Fechamento Interbancário
0.2757,0.276,2010-06-25 17:46:08.628,Fechamento
0.276,0.2776,2010-06-28 09:14:19.317,Abertura
0.2759,0.2763,2010-06-28 09:30:32.527,Intermediário
0.2763,0.2768,2010-06-28 10:00:31.224,Intermediário
0.2764,0.2768,2010-06-28 10:30:23.674,Intermediário
0.2769,0.2773,2010-06-28 11:00:29.399,Intermediário
0.277,0.2775,2010-06-28 11:30:18.969,Intermediário
0.2775,0.2779,2010-06-28 12:00:29.839,Intermediário
0.277,0.2775,2010-06-28 12:30:21.588,Intermediário
0.2767,0.2772,2010-06-28 13:00:28.165,Intermediário
0.2767,0.2772,2010-06-28 13:30:26.552,Fechamento Interbancário
0.2769,0.2771,2010-06-28 14:04:20.541,Fechamento
0.2767,0.2784,2010-06-29 09:18:14.623,Abertura
0.2769,0.2773,2010-06-29 09:30:22.309,Intermediário
0.2771,0.2775,2010-06-29 10:00:27.542,Intermediário
0.2768,0.2772,2010-06-29 10:30:25.024,Intermediário
0.277,0.2775,2010-06-29 11:00:27.735,Intermediário
0.2778,0.2782,2010-06-29 11:30:22.019,Intermediário
0.2774,0.2778,2010-06-29 12:00:26.02,Intermediário
0.2774,0.2778,2010-06-29 12:30:20.865,Intermediário
0.2777,0.2782,2010-06-29 13:00:25.535,Intermediário
0.2776,0.2781,2010-06-29 13:30:20.35,Intermediário
0.2776,0.2781,2010-06-29 14:00:29.831,Intermediário
0.2778,0.2783,2010-06-29 14:30:25.31,Intermediário
0.2779,0.2784,2010-06-29 15:00:27.563,Intermediário
0.2791,0.2796,2010-06-29 15:30:19.493,Intermediário
0.2787,0.2791,2010-06-29 16:00:26.506,Intermediário
0.2783,0.2788,2010-06-29 16:30:21.322,Fechamento Interbancário
0.278,0.2783,2010-06-29 17:38:35.905,Fechamento
0.2763,0.278,2010-06-30 09:16:10.875,Abertura
0.2764,0.2768,2010-06-30 09:30:22.931,Intermediário
0.2759,0.2763,2010-06-30 10:00:27.545,Intermediário
0.2767,0.2771,2010-06-30 10:30:24.538,Intermediário
0.2772,0.2776,2010-06-30 11:00:31.004,Intermediário
0.2772,0.2776,2010-06-30 11:30:23.52,Intermediário
0.2769,0.2773,2010-06-30 12:00:32.476,Intermediário
0.2768,0.2773,2010-06-30 12:30:28.121,Intermediário
0.2766,0.277,2010-06-30 13:00:30.613,Intermediário
0.2766,0.2771,2010-06-30 13:30:22.163,Intermediário
0.2761,0.2765,2010-06-30 14:00:30.797,Intermediário
0.2764,0.2769,2010-06-30 14:30:21.37,Intermediário
0.2764,0.2768,2010-06-30 15:00:26.564,Intermediário
0.2763,0.2768,2010-06-30 15:30:23.716,Intermediário
0.2766,0.2771,2010-06-30 16:00:26.855,Intermediário
0.2772,0.2776,2010-06-30 16:30:23.069,Fechamento Interbancário
0.277,0.2772,2010-06-30 17:35:11.498,Fechamento
0.2766,0.2783,2010-07-01 09:22:14.395,Abertura
0.2779,0.2783,2010-07-01 09:30:33.573,Intermediário
0.2775,0.2779,2010-07-01 10:00:33.212,Intermediário
0.2771,0.2775,2010-07-01 10:30:23.166,Intermediário
0.2776,0.278,2010-07-01 11:00:32.02,Intermediário
0.2773,0.2778,2010-07-01 11:30:28.564,Intermediário
0.2776,0.278,2010-07-01 12:00:31.689,Intermediário
0.2785,0.279,2010-07-01 12:30:22.42,Intermediário
0.2778,0.2782,2010-07-01 13:00:24.407,Intermediário
0.2773,0.2777,2010-07-01 13:30:20.855,Intermediário
0.2777,0.2782,2010-07-01 14:00:28.267,Intermediário
0.278,0.2785,2010-07-01 14:30:19.864,Intermediário
0.2782,0.2786,2010-07-01 15:00:34.954,Intermediário
0.2778,0.2782,2010-07-01 15:30:25.743,Intermediário
0.2784,0.2789,2010-07-01 16:00:27.709,Intermediário
0.2783,0.2787,2010-07-01 16:30:22.577,Fechamento Interbancário
0.2792,0.2795,2010-07-01 17:36:13.304,Fechamento
0.2766,0.2782,2010-07-02 09:18:13.083,Abertura
0.2769,0.2776,2010-07-02 09:30:27.808,Intermediário
0.2778,0.2783,2010-07-02 10:00:33.561,Intermediário
0.2754,0.2759,2010-07-02 15:00:23.851,Intermediário
0.2751,0.2756,2010-07-02 15:30:24.971,Intermediário
0.2755,0.276,2010-07-02 16:00:24.952,Intermediário
0.276,0.2764,2010-07-02 16:30:18.839,Fechamento Interbancário
0.2762,0.2765,2010-07-02 17:46:01.764,Fechamento
0.2741,0.2759,2010-07-05 09:22:11.311,Abertura
0.2747,0.2751,2010-07-05 09:30:22.643,Intermediário
0.2749,0.2753,2010-07-05 10:00:30.621,Intermediário
0.2752,0.2757,2010-07-05 10:33:02.715,Intermediário
0.2751,0.2755,2010-07-05 11:00:36.184,Intermediário
0.2753,0.2757,2010-07-05 11:30:21.109,Intermediário
0.2758,0.2763,2010-07-05 12:00:28.859,Intermediário
0.2752,0.2757,2010-07-05 12:30:25.698,Intermediário
0.2752,0.2756,2010-07-05 13:00:25.729,Intermediário
0.275,0.2755,2010-07-05 13:30:20.284,Intermediário
0.2749,0.2753,2010-07-05 14:00:24.827,Intermediário
0.2749,0.2756,2010-07-05 14:30:18.286,Intermediário
0.2751,0.2757,2010-07-05 15:00:24.603,Intermediário
0.2756,0.2762,2010-07-05 15:30:19.177,Intermediário
0.2755,0.276,2010-07-05 16:00:26.848,Intermediário
0.2756,0.2761,2010-07-05 16:30:19.693,Fechamento Interbancário
0.2752,0.2756,2010-07-05 17:40:52.405,Fechamento
0.2747,0.2764,2010-07-06 09:21:59.272,Abertura
0.275,0.2755,2010-07-06 09:30:24.894,Intermediário
0.2748,0.2752,2010-07-06 10:00:29.588,Intermediário
0.2755,0.2759,2010-07-06 10:30:21.74,Intermediário
0.2752,0.2757,2010-07-06 11:00:29.92,Intermediário
0.2765,0.2769,2010-07-06 11:30:23.446,Intermediário
0.2773,0.2777,2010-07-06 12:00:32.938,Intermediário
0.2771,0.2775,2010-07-06 12:30:22.135,Intermediário
0.2775,0.2779,2010-07-06 13:00:28.19,Intermediário
0.2773,0.2777,2010-07-06 13:30:21.984,Intermediário
0.2768,0.2773,2010-07-06 14:07:34.776,Intermediário
0.2773,0.2778,2010-07-06 14:30:20.166,Intermediário
0.2772,0.2777,2010-07-06 15:00:28.531,Intermediário
0.2778,0.2783,2010-07-06 15:30:21.669,Intermediário
0.2783,0.2789,2010-07-06 16:00:24.976,Intermediário
0.2782,0.2787,2010-07-06 16:30:21.991,Fechamento Interbancário
0.2759,0.2763,2010-07-06 17:36:08.194,Fechamento
0.276,0.2777,2010-07-07 09:14:13.749,Abertura
0.2762,0.2766,2010-07-07 09:30:25.753,Intermediário
0.2757,0.2761,2010-07-07 10:00:29.967,Intermediário
0.2759,0.2763,2010-07-07 10:31:35.325,Intermediário
0.2757,0.2762,2010-07-07 11:00:33.318,Intermediário
0.2763,0.2767,2010-07-07 11:30:25.483,Intermediário
0.2761,0.2765,2010-07-07 12:00:41.135,Intermediário
0.2759,0.2763,2010-07-07 12:30:23.512,Intermediário
0.2757,0.2761,2010-07-07 13:00:31.218,Intermediário
0.275,0.2754,2010-07-07 13:30:23.786,Intermediário
0.2753,0.2757,2010-07-07 14:00:29.032,Intermediário
0.2755,0.276,2010-07-07 14:30:25.143,Intermediário
0.2757,0.2761,2010-07-07 15:00:26.609,Intermediário
0.276,0.2765,2010-07-07 15:30:23.926,Intermediário
0.2763,0.2768,2010-07-07 16:00:31.532,Intermediário
0.2761,0.2766,2010-07-07 16:30:25.063,Fechamento Interbancário
0.2771,0.2774,2010-07-07 17:39:15.165,Fechamento
0.2753,0.277,2010-07-08 09:26:14.307,Abertura
0.276,0.2764,2010-07-08 09:30:28.379,Intermediário
0.2769,0.2773,2010-07-08 10:00:32.967,Intermediário
0.2767,0.2771,2010-07-08 10:30:30.25,Intermediário
0.2771,0.2775,2010-07-08 11:00:39.022,Intermediário
0.2773,0.2777,2010-07-08 11:30:22.895,Intermediário
0.2775,0.2779,2010-07-08 12:00:31.07,Intermediário
0.2769,0.2773,2010-07-08 12:30:33.732,Intermediário
0.2766,0.277,2010-07-08 13:00:27.812,Intermediário
0.2769,0.2774,2010-07-08 13:30:20.878,Intermediário
0.2768,0.2773,2010-07-08 14:00:28.737,Intermediário
0.2767,0.2771,2010-07-08 14:30:21.952,Intermediário
0.2767,0.2772,2010-07-08 15:00:27.861,Intermediário
0.2767,0.2772,2010-07-08 15:30:25.03,Intermediário
0.2758,0.2763,2010-07-08 16:00:31.659,Intermediário
0.2757,0.276,2010-07-08 16:30:26.019,Fechamento Interbancário
0.2761,0.2764,2010-07-08 17:35:44.768,Fechamento
0.276,0.2777,2010-07-09 09:18:11.85,Abertura
0.2764,0.2768,2010-07-09 09:30:24.054,Intermediário
0.2761,0.2765,2010-07-09 10:00:28.326,Intermediário
0.2764,0.2768,2010-07-09 10:30:21.982,Intermediário
0.276,0.2765,2010-07-09 11:00:41.538,Intermediário
0.2766,0.277,2010-07-09 11:30:22.562,Intermediário
0.2764,0.2768,2010-07-09 12:00:29.458,Intermediário
0.2768,0.2772,2010-07-09 12:30:23.391,Intermediário
0.2774,0.2778,2010-07-09 13:00:25.789,Intermediário
0.277,0.2775,2010-07-09 13:30:19.957,Intermediário
0.2771,0.2776,2010-07-09 14:00:25.894,Intermediário
0.2769,0.2774,2010-07-09 14:30:19.744,Intermediário
0.2761,0.2765,2010-07-09 15:00:30.155,Intermediário
0.2767,0.2772,2010-07-09 15:30:21.138,Intermediário
0.2768,0.2773,2010-07-09 16:00:27.133,Intermediário
0.2765,0.277,2010-07-09 16:30:22.802,Fechamento Interbancário
0.2761,0.2764,2010-07-09 17:36:29.431,Fechamento
0.2754,0.2771,2010-07-12 09:20:15.946,Abertura
0.276,0.2765,2010-07-12 09:37:48.679,Intermediário
0.2764,0.2768,2010-07-12 10:00:31.164,Intermediário
0.2763,0.2767,2010-07-12 10:30:21.271,Intermediário
0.2766,0.2771,2010-07-12 11:00:31.402,Intermediário
0.277,0.2774,2010-07-12 11:41:58.897,Intermediário
0.2773,0.2777,2010-07-12 12:15:38.263,Intermediário
0.277,0.2775,2010-07-12 12:30:25.041,Intermediário
0.277,0.2774,2010-07-12 13:00:25.184,Intermediário
0.2765,0.277,2010-07-12 13:30:20.895,Intermediário
0.2768,0.2772,2010-07-12 14:00:25.741,Intermediário
0.277,0.2775,2010-07-12 14:30:22.789,Intermediário
0.2771,0.2775,2010-07-12 15:00:27.581,Intermediário
0.2777,0.2782,2010-07-12 15:30:27.735,Intermediário
0.2774,0.2779,2010-07-12 16:08:05.403,Intermediário
0.2772,0.2777,2010-07-12 16:30:25.142,Fechamento Interbancário
0.2772,0.2776,2010-07-12 17:36:53.639,Fechamento
0.2767,0.2784,2010-07-13 09:20:20.057,Abertura
0.2766,0.2771,2010-07-13 09:37:07.314,Intermediário
0.2775,0.278,2010-07-13 10:01:38.914,Intermediário
0.2779,0.2784,2010-07-13 10:30:25.407,Intermediário
0.2785,0.279,2010-07-13 11:00:31.918,Intermediário
0.2789,0.2794,2010-07-13 11:30:20.878,Intermediário
0.2791,0.2795,2010-07-13 12:11:52.782,Intermediário
0.2794,0.2798,2010-07-13 12:30:25.773,Intermediário
0.2799,0.2803,2010-07-13 13:00:25.271,Intermediário
0.2797,0.2802,2010-07-13 13:30:19.066,Intermediário
0.2793,0.2798,2010-07-13 14:00:26.58,Intermediário
0.2794,0.2799,2010-07-13 14:30:22.813,Intermediário
0.2804,0.2809,2010-07-13 15:00:33.658,Intermediário
0.2798,0.2803,2010-07-13 15:30:23.64,Intermediário
0.2792,0.2797,2010-07-13 16:00:26.476,Intermediário
0.2795,0.28,2010-07-13 16:30:25.583,Fechamento Interbancário
0.2796,0.2799,2010-07-13 17:38:05.013,Fechamento
0.2811,0.2829,2010-07-14 09:20:19.873,Abertura
0.2813,0.2818,2010-07-14 09:31:45.623,Intermediário
0.2822,0.2826,2010-07-14 10:01:58.077,Intermediário
0.2818,0.2822,2010-07-14 10:30:31.677,Intermediário
0.2821,0.2826,2010-07-14 11:00:32.903,Intermediário
0.2826,0.283,2010-07-14 11:30:31.482,Intermediário
0.283,0.2835,2010-07-14 12:00:30.264,Intermediário
0.2831,0.2835,2010-07-14 12:30:19.488,Intermediário
0.2828,0.2833,2010-07-14 13:00:31.587,Intermediário
0.283,0.2835,2010-07-14 13:30:20.973,Intermediário
0.283,0.2835,2010-07-14 14:00:30.462,Intermediário
0.283,0.2835,2010-07-14 14:35:13.99,Intermediário
0.2834,0.2839,2010-07-14 15:00:29.662,Intermediário
0.2831,0.2836,2010-07-14 15:30:20.987,Intermediário
0.2825,0.283,2010-07-14 16:00:29.91,Intermediário
0.2827,0.2831,2010-07-14 16:30:27.122,Fechamento Interbancário
0.2831,0.2834,2010-07-14 17:35:38.813,Fechamento
0.2829,0.2846,2010-07-15 09:22:12.412,Abertura
0.2836,0.284,2010-07-15 09:30:23.402,Intermediário
0.2844,0.2848,2010-07-15 10:00:56.597,Intermediário
0.2841,0.2845,2010-07-15 10:30:34.088,Intermediário
0.2853,0.2857,2010-07-15 11:02:57.263,Intermediário
0.2856,0.2861,2010-07-15 11:30:23.129,Intermediário
0.285,0.2854,2010-07-15 12:25:12.058,Intermediário
0.2854,0.2859,2010-07-15 12:37:59.945,Intermediário
0.2855,0.286,2010-07-15 13:00:27.662,Intermediário
0.2857,0.2861,2010-07-15 13:30:22.172,Intermediário
0.2856,0.2861,2010-07-15 14:00:31.968,Intermediário
0.2857,0.2861,2010-07-15 14:30:21.542,Intermediário
0.2858,0.2863,2010-07-15 15:00:29.427,Intermediário
0.2865,0.287,2010-07-15 15:30:22.071,Intermediário
0.2856,0.2861,2010-07-15 16:00:30.636,Intermediário
0.2859,0.2864,2010-07-15 16:30:22.757,Fechamento Interbancário
0.2857,0.286,2010-07-15 17:44:55.679,Fechamento
0.2842,0.2859,2010-07-16 09:22:14.323,Abertura
0.2838,0.2843,2010-07-16 09:30:25.395,Intermediário
0.284,0.2845,2010-07-16 10:00:27.249,Intermediário
0.2843,0.2848,2010-07-16 10:30:26.116,Intermediário
0.2841,0.2846,2010-07-16 11:00:31.839,Intermediário
0.2837,0.2842,2010-07-16 11:30:23.55,Intermediário
0.2847,0.2852,2010-07-16 12:00:47.646,Intermediário
0.2848,0.2852,2010-07-16 12:31:24.577,Intermediário
0.2849,0.2853,2010-07-16 13:00:30.731,Intermediário
0.2853,0.2857,2010-07-16 13:30:20.328,Intermediário
0.2849,0.2854,2010-07-16 14:00:27.258,Intermediário
0.2848,0.2853,2010-07-16 14:30:19.494,Intermediário
0.2857,0.2862,2010-07-16 15:01:37.815,Intermediário
0.2856,0.2861,2010-07-16 15:30:19.839,Intermediário
0.2855,0.2859,2010-07-16 16:00:23.752,Intermediário
0.2846,0.2852,2010-07-16 16:37:48.134,Fechamento Interbancário
0.2844,0.2847,2010-07-16 17:36:31.702,Fechamento
0.2821,0.2838,2010-07-19 09:04:14.642,Abertura
0.2821,0.2826,2010-07-19 09:30:26.628,Intermediário
0.2816,0.2821,2010-07-19 10:00:27.766,Intermediário
0.2816,0.282,2010-07-19 10:30:39.035,Intermediário
0.282,0.2824,2010-07-19 11:00:29.058,Intermediário
0.2825,0.2829,2010-07-19 11:30:24.798,Intermediário
0.2832,0.2836,2010-07-19 12:01:29.906,Intermediário
0.2837,0.2841,2010-07-19 12:30:19.212,Intermediário
0.2833,0.2838,2010-07-19 13:00:27.956,Intermediário
0.2835,0.284,2010-07-19 13:30:21.762,Intermediário
0.2834,0.2838,2010-07-19 15:57:00.68,Intermediário
0.2836,0.2841,2010-07-19 16:00:29.773,Intermediário
0.2836,0.2841,2010-07-19 16:08:10.329,Intermediário
0.2836,0.2841,2010-07-19 16:12:48.293,Intermediário
0.283,0.2834,2010-07-19 16:18:48.474,Intermediário
0.2831,0.2836,2010-07-19 16:30:21.773,Fechamento Interbancário
0.2832,0.2835,2010-07-19 17:36:16.289,Fechamento
0.2835,0.2853,2010-07-20 09:29:52.86,Abertura
0.2838,0.2842,2010-07-20 09:31:22.459,Intermediário
0.2836,0.284,2010-07-20 10:02:15.403,Intermediário
0.2833,0.2837,2010-07-20 10:31:29.398,Intermediário
0.2821,0.2826,2010-07-20 11:01:19.555,Intermediário
0.2822,0.2826,2010-07-20 11:30:22.013,Intermediário
0.2819,0.2823,2010-07-20 12:00:24.135,Intermediário
0.2826,0.2831,2010-07-20 12:30:16.627,Intermediário
0.2826,0.2831,2010-07-20 13:00:17.992,Intermediário
0.2825,0.283,2010-07-20 13:30:17.784,Intermediário
0.2827,0.2832,2010-07-20 14:00:21.087,Intermediário
0.2827,0.2832,2010-07-20 14:30:14.112,Intermediário
0.2823,0.2828,2010-07-20 15:00:15.956,Intermediário
0.2823,0.2828,2010-07-20 15:30:15.071,Intermediário
0.282,0.2825,2010-07-20 16:00:17.211,Intermediário
0.2818,0.2824,2010-07-20 16:30:14.14,Fechamento Interbancário
0.283,0.2833,2010-07-20 17:45:53.84,Fechamento
0.2826,0.2843,2010-07-21 09:12:10.171,Abertura
0.2826,0.2831,2010-07-21 09:30:20.384,Intermediário
0.2829,0.2834,2010-07-21 10:00:16.495,Intermediário
0.2828,0.2832,2010-07-21 10:30:15.188,Intermediário
0.2829,0.2833,2010-07-21 11:00:18.142,Intermediário
0.2831,0.2836,2010-07-21 11:43:04.502,Intermediário
0.2838,0.2842,2010-07-21 12:00:17.467,Intermediário
0.2838,0.2843,2010-07-21 12:30:17.651,Intermediário
0.2838,0.2843,2010-07-21 13:00:19.702,Intermediário
0.2835,0.2839,2010-07-21 13:30:14.198,Intermediário
0.2832,0.2837,2010-07-21 14:00:15.592,Intermediário
0.2836,0.2841,2010-07-21 14:30:14.902,Intermediário
0.2836,0.2841,2010-07-21 15:07:01.785,Intermediário
0.2831,0.2836,2010-07-21 15:30:20.157,Intermediário
0.2833,0.2838,2010-07-21 16:00:18.423,Intermediário
0.2835,0.284,2010-07-21 16:33:40.169,Fechamento Interbancário
0.2825,0.2828,2010-07-21 17:58:05.911,Fechamento
0.2846,0.2863,2010-07-22 09:08:11.868,Abertura
0.2853,0.2858,2010-07-22 09:32:45.485,Intermediário
0.2852,0.2856,2010-07-22 10:03:47.543,Intermediário
0.2849,0.2853,2010-07-22 10:30:18.08,Intermediário
0.2847,0.2852,2010-07-22 11:00:16.695,Intermediário
0.2848,0.2852,2010-07-22 11:30:15.235,Intermediário
0.2848,0.2853,2010-07-22 12:00:19.675,Intermediário
0.2853,0.2858,2010-07-22 12:30:14.798,Intermediário
0.2852,0.2857,2010-07-22 13:00:16.652,Intermediário
0.2852,0.2857,2010-07-22 13:30:15.02,Intermediário
0.2851,0.2856,2010-07-22 14:00:17.74,Intermediário
0.285,0.2855,2010-07-22 14:30:16.124,Intermediário
0.2851,0.2856,2010-07-22 15:00:16.52,Intermediário
0.2849,0.2854,2010-07-22 15:30:15.239,Intermediário
0.2846,0.2851,2010-07-22 16:00:17.195,Intermediário
0.2848,0.2852,2010-07-22 16:30:15.248,Fechamento Interbancário
0.2853,0.2855,2010-07-22 17:36:45.011,Fechamento
0.2834,0.2851,2010-07-23 09:08:10.155,Abertura
0.2843,0.2848,2010-07-23 09:30:15.792,Intermediário
0.2846,0.2851,2010-07-23 10:00:17.507,Intermediário
0.2843,0.2847,2010-07-23 10:30:14.16,Intermediário
0.2839,0.2843,2010-07-23 11:00:16.773,Intermediário
0.2837,0.2841,2010-07-23 11:30:15.61,Intermediário
0.2831,0.2835,2010-07-23 12:00:15.574,Intermediário
0.2834,0.2838,2010-07-23 12:30:13.25,Intermediário
0.2839,0.2844,2010-07-23 13:00:15.217,Intermediário
0.2843,0.2848,2010-07-23 13:30:16.68,Intermediário
0.2841,0.2847,2010-07-23 14:00:14.646,Intermediário
0.2839,0.2845,2010-07-23 14:30:16.645,Intermediário
0.2844,0.2851,2010-07-23 15:00:20.918,Intermediário
0.2845,0.285,2010-07-23 15:30:14.848,Intermediário
0.2847,0.2853,2010-07-23 16:00:16.074,Intermediário
0.2847,0.2852,2010-07-23 16:30:16.284,Fechamento Interbancário
0.2852,0.2855,2010-07-23 17:37:29.135,Fechamento
0.2848,0.2865,2010-07-26 09:23:08.132,Abertura
0.2851,0.2856,2010-07-26 09:30:23.336,Intermediário
0.2852,0.2856,2010-07-26 10:00:20.181,Intermediário
0.285,0.2855,2010-07-26 10:30:18.701,Intermediário
0.2863,0.2867,2010-07-26 11:00:25.086,Intermediário
0.2865,0.2869,2010-07-26 11:30:14.71,Intermediário
0.2857,0.2861,2010-07-26 12:00:18.339,Intermediário
0.2861,0.2865,2010-07-26 12:30:17.028,Intermediário
0.2868,0.2873,2010-07-26 13:00:16.762,Intermediário
0.2871,0.2876,2010-07-26 13:30:16.616,Intermediário
0.2868,0.2873,2010-07-26 14:02:31.818,Intermediário
0.2862,0.2866,2010-07-26 14:30:16.041,Intermediário
0.2859,0.2864,2010-07-26 15:00:19.231,Intermediário
0.286,0.2865,2010-07-26 15:30:14.65,Intermediário
0.2863,0.2867,2010-07-26 16:00:14.619,Intermediário
0.2866,0.2871,2010-07-26 16:30:14.719,Fechamento Interbancário
0.2867,0.287,2010-07-26 17:35:33.309,Fechamento
0.2859,0.2876,2010-07-27 09:22:11.908,Abertura
0.2863,0.2867,2010-07-27 09:30:16.923,Intermediário
0.2859,0.2864,2010-07-27 10:00:23.258,Intermediário
0.2857,0.2861,2010-07-27 10:30:21.832,Intermediário
0.2854,0.2858,2010-07-27 11:00:26.142,Intermediário
0.2859,0.2864,2010-07-27 11:30:20.558,Intermediário
0.2866,0.287,2010-07-27 12:00:16.978,Intermediário
0.2864,0.2869,2010-07-27 12:55:46.474,Intermediário
0.2864,0.2869,2010-07-27 13:00:17.721,Intermediário
0.2862,0.2867,2010-07-27 13:30:16.866,Intermediário
0.2864,0.2869,2010-07-27 14:00:21.106,Intermediário
0.2859,0.2864,2010-07-27 14:30:15.623,Intermediário
0.2865,0.287,2010-07-27 15:00:18.397,Intermediário
0.2862,0.2867,2010-07-27 15:30:15.601,Intermediário
0.2861,0.2866,2010-07-27 16:00:27.436,Intermediário
0.2865,0.287,2010-07-27 16:30:26.21,Fechamento Interbancário
0.286,0.2863,2010-07-27 17:37:59.971,Fechamento
0.2868,0.2885,2010-07-28 09:22:10.736,Abertura
0.2875,0.288,2010-07-28 09:30:14.336,Intermediário
0.2872,0.2876,2010-07-28 10:00:18.146,Intermediário
0.2871,0.2876,2010-07-28 10:30:14.481,Intermediário
0.2875,0.2879,2010-07-28 11:00:14.911,Intermediário
0.2873,0.2877,2010-07-28 11:30:14.074,Intermediário
0.2866,0.287,2010-07-28 12:00:18.515,Intermediário
0.2868,0.2872,2010-07-28 12:30:13.752,Intermediário
0.2861,0.2866,2010-07-28 13:00:15.1,Intermediário
0.286,0.2865,2010-07-28 13:30:12.694,Intermediário
0.2857,0.2861,2010-07-28 14:00:15.405,Intermediário
0.2852,0.2857,2010-07-28 14:30:14.31,Intermediário
0.2858,0.2862,2010-07-28 15:00:16.296,Intermediário
0.2862,0.2867,2010-07-28 15:30:13.105,Intermediário
0.2865,0.287,2010-07-28 16:00:17.66,Intermediário
0.2869,0.2874,2010-07-28 16:30:19.691,Fechamento Interbancário
0.2861,0.2864,2010-07-28 17:35:50.122,Fechamento
0.2876,0.2893,2010-07-29 09:10:14.561,Abertura
0.2892,0.2897,2010-07-29 09:30:15.736,Intermediário
0.289,0.2895,2010-07-29 10:00:16.109,Intermediário
0.2894,0.2899,2010-07-29 10:30:14.324,Intermediário
0.2897,0.2902,2010-07-29 11:07:52.639,Intermediário
0.2893,0.2898,2010-07-29 11:30:13.393,Intermediário
0.2892,0.2896,2010-07-29 12:00:16.914,Intermediário
0.2886,0.2891,2010-07-29 12:30:23.523,Intermediário
0.2886,0.289,2010-07-29 13:00:17.368,Intermediário
0.289,0.2895,2010-07-29 13:30:15.412,Intermediário
0.2892,0.2896,2010-07-29 14:00:15.556,Intermediário
0.2892,0.2898,2010-07-29 14:30:14.778,Intermediário
0.2897,0.2902,2010-07-29 15:00:20.22,Intermediário
0.2899,0.2903,2010-07-29 15:30:15.386,Intermediário
0.2887,0.2892,2010-07-29 16:00:16.297,Intermediário
0.2889,0.2895,2010-07-29 16:30:15.205,Fechamento Interbancário
0.2896,0.29,2010-07-29 17:42:42.695,Fechamento
0.2857,0.2874,2010-07-30 09:16:10.145,Abertura
0.2886,0.2891,2010-07-30 09:30:16.367,Intermediário
0.289,0.2894,2010-07-30 10:00:16.719,Intermediário
0.288,0.2884,2010-07-30 10:30:18.055,Intermediário
0.2885,0.2889,2010-07-30 11:00:16.45,Intermediário
0.289,0.2894,2010-07-30 11:30:15.488,Intermediário
0.2894,0.2898,2010-07-30 12:00:16.511,Intermediário
0.2899,0.2903,2010-07-30 12:30:14.464,Intermediário
0.2907,0.2912,2010-07-30 13:00:15.259,Intermediário
0.2905,0.2911,2010-07-30 13:30:16.326,Intermediário
0.29,0.2905,2010-07-30 14:00:18.621,Intermediário
0.2901,0.2906,2010-07-30 14:30:14.828,Intermediário
0.2904,0.291,2010-07-30 15:00:18.243,Intermediário
0.29,0.2905,2010-07-30 15:30:14.203,Intermediário
0.2894,0.2899,2010-07-30 16:00:16.797,Intermediário
0.2892,0.2897,2010-07-30 16:30:16.735,Fechamento Interbancário
0.2896,0.2899,2010-07-30 17:35:33.589,Fechamento
0.2898,0.2918,2010-08-02 09:30:02.267,Abertura
0.2906,0.2913,2010-08-02 09:34:05.171,Intermediário
0.2914,0.2919,2010-08-02 10:00:20.093,Intermediário
0.2913,0.2917,2010-08-02 10:30:15.622,Intermediário
0.2918,0.2924,2010-08-02 11:00:20.216,Intermediário
0.292,0.2924,2010-08-02 11:30:16.601,Intermediário
0.2928,0.2932,2010-08-02 12:00:20.245,Intermediário
0.2923,0.2929,2010-08-02 12:30:13.24,Intermediário
0.2924,0.2929,2010-08-02 13:00:15.584,Intermediário
0.2927,0.2932,2010-08-02 13:30:14.296,Intermediário
0.2927,0.2932,2010-08-02 14:00:16.131,Intermediário
0.2926,0.2931,2010-08-02 14:30:15.595,Intermediário
0.2926,0.2931,2010-08-02 15:00:15.699,Intermediário
0.2933,0.2938,2010-08-02 15:30:13.791,Intermediário
0.2929,0.2934,2010-08-02 16:00:14.555,Intermediário
0.2932,0.2936,2010-08-02 16:30:14.259,Fechamento Interbancário
0.293,0.2933,2010-08-02 17:45:04.31,Fechamento
0.2931,0.295,2010-08-03 09:22:15.246,Abertura
0.294,0.2945,2010-08-03 09:30:15.823,Intermediário
0.294,0.2944,2010-08-03 10:00:46.42,Intermediário
0.2936,0.2941,2010-08-03 10:30:15.971,Intermediário
0.294,0.2945,2010-08-03 11:00:18.469,Intermediário
0.2941,0.2946,2010-08-03 11:30:15.043,Intermediário
0.295,0.2955,2010-08-03 12:00:17.256,Intermediário
0.295,0.2955,2010-08-03 12:30:14.487,Intermediário
0.2946,0.2951,2010-08-03 13:00:16.506,Intermediário
0.2943,0.2947,2010-08-03 13:31:56.686,Intermediário
0.2944,0.295,2010-08-03 14:00:17.257,Intermediário
0.2949,0.2955,2010-08-03 14:30:15.477,Intermediário
0.295,0.2955,2010-08-03 15:00:15.82,Intermediário
0.2947,0.2952,2010-08-03 15:30:16.035,Intermediário
0.2947,0.2952,2010-08-03 16:00:17.756,Intermediário
0.2949,0.2955,2010-08-03 16:30:15.596,Fechamento Interbancário
0.295,0.2954,2010-08-03 17:37:17.793,Fechamento
0.2933,0.2951,2010-08-04 09:24:10.935,Abertura
0.294,0.2945,2010-08-04 09:30:14.082,Intermediário
0.2935,0.2939,2010-08-04 10:00:22.813,Intermediário
0.2937,0.2941,2010-08-04 10:30:16.517,Intermediário
0.2935,0.294,2010-08-04 11:00:15.964,Intermediário
0.293,0.2934,2010-08-04 11:30:16.576,Intermediário
0.2929,0.2934,2010-08-04 12:00:17.375,Intermediário
0.2932,0.2937,2010-08-04 12:30:19.668,Intermediário
0.2932,0.2937,2010-08-04 13:00:16.223,Intermediário
0.2934,0.2939,2010-08-04 13:30:14.621,Intermediário
0.2932,0.2938,2010-08-04 14:00:17.761,Intermediário
0.2929,0.2933,2010-08-04 14:30:13.747,Intermediário
0.2931,0.2936,2010-08-04 15:00:20.384,Intermediário
0.2931,0.2935,2010-08-04 15:30:14.656,Intermediário
0.2936,0.294,2010-08-04 16:19:12.032,Intermediário
0.2931,0.2936,2010-08-04 16:30:12.685,Fechamento Interbancário
0.293,0.2934,2010-08-04 17:37:18.781,Fechamento
0.2921,0.2939,2010-08-05 09:22:10.502,Abertura
0.2932,0.2937,2010-08-05 09:30:19.535,Intermediário
0.2933,0.2937,2010-08-05 10:00:16.469,Intermediário
0.2929,0.2933,2010-08-05 10:30:15.005,Intermediário
0.292,0.2925,2010-08-05 11:00:22.327,Intermediário
0.2924,0.2929,2010-08-05 11:30:14.224,Intermediário
0.2922,0.2927,2010-08-05 12:00:14.56,Intermediário
0.292,0.2924,2010-08-05 12:30:13.353,Intermediário
0.2921,0.2926,2010-08-05 13:00:17.927,Intermediário
0.2918,0.2923,2010-08-05 13:30:14.736,Intermediário
0.2922,0.2927,2010-08-05 14:00:18.485,Intermediário
0.2923,0.2928,2010-08-05 14:30:14.452,Intermediário
0.2927,0.2932,2010-08-05 15:00:18.437,Intermediário
0.2922,0.2927,2010-08-05 15:30:14.532,Intermediário
0.2924,0.2929,2010-08-05 16:00:16.379,Intermediário
0.2927,0.2933,2010-08-05 16:30:22.596,Fechamento Interbancário
0.2929,0.2932,2010-08-05 17:41:51.674,Fechamento
0.2928,0.2946,2010-08-06 09:24:12.305,Abertura
0.2936,0.2942,2010-08-06 09:30:16.782,Intermediário
0.2941,0.2946,2010-08-06 10:00:18.77,Intermediário
0.294,0.2945,2010-08-06 10:30:15.671,Intermediário
0.2952,0.2956,2010-08-06 11:00:15.803,Intermediário
0.2957,0.2962,2010-08-06 11:30:18.988,Intermediário
0.2949,0.2954,2010-08-06 12:00:20.557,Intermediário
0.2952,0.2958,2010-08-06 12:30:14.68,Intermediário
0.295,0.2955,2010-08-06 13:00:17.032,Intermediário
0.2951,0.2956,2010-08-06 13:30:14.94,Intermediário
0.2951,0.2956,2010-08-06 14:00:25.837,Intermediário
0.2955,0.296,2010-08-06 14:30:16.707,Intermediário
0.2953,0.2958,2010-08-06 15:00:16.893,Intermediário
0.2955,0.296,2010-08-06 15:30:15.075,Intermediário
0.295,0.2955,2010-08-06 16:00:14.895,Intermediário
0.2951,0.2957,2010-08-06 16:30:15.491,Fechamento Interbancário
0.2949,0.2953,2010-08-06 17:37:14.494,Fechamento
0.2937,0.2955,2010-08-09 09:26:09.365,Abertura
0.2942,0.2946,2010-08-09 09:30:20.534,Intermediário
0.2942,0.2946,2010-08-09 10:00:20.483,Intermediário
0.2942,0.2946,2010-08-09 10:30:15.181,Intermediário
0.2941,0.2945,2010-08-09 11:00:17.741,Intermediário
0.2941,0.2946,2010-08-09 11:30:16.033,Intermediário
0.2943,0.2947,2010-08-09 12:00:15.854,Intermediário
0.2937,0.2942,2010-08-09 12:30:16.388,Intermediário
0.2937,0.2942,2010-08-09 13:00:17.958,Intermediário
0.293,0.2935,2010-08-09 13:30:14.813,Intermediário
0.2931,0.2936,2010-08-09 14:00:16.957,Intermediário
0.2934,0.2938,2010-08-09 14:30:14.227,Intermediário
0.2932,0.2936,2010-08-09 15:00:16.765,Intermediário
0.2929,0.2934,2010-08-09 15:30:14.846,Intermediário
0.2925,0.293,2010-08-09 16:00:15.582,Intermediário
0.2925,0.293,2010-08-09 16:30:25.324,Fechamento Interbancário
0.293,0.2933,2010-08-09 17:37:03.039,Fechamento
0.2912,0.293,2010-08-10 09:20:16.051,Abertura
0.2917,0.2922,2010-08-10 09:30:14.18,Intermediário
0.2922,0.2927,2010-08-10 10:00:16.369,Intermediário
0.2915,0.2919,2010-08-10 10:47:29.856,Intermediário
0.2909,0.2914,2010-08-10 11:00:16.304,Intermediário
0.2902,0.2907,2010-08-10 11:30:15.632,Intermediário
0.2906,0.2911,2010-08-10 12:00:17.362,Intermediário
0.2906,0.291,2010-08-10 12:30:14.183,Intermediário
0.2906,0.291,2010-08-10 13:00:17.855,Intermediário
0.2906,0.2911,2010-08-10 13:30:16.353,Intermediário
0.2902,0.2907,2010-08-10 14:00:19.654,Intermediário
0.2899,0.2904,2010-08-10 14:30:13.278,Intermediário
0.2902,0.2907,2010-08-10 15:00:16.889,Intermediário
0.2918,0.2923,2010-08-10 15:30:14.501,Intermediário
0.2916,0.2921,2010-08-10 16:00:15.502,Intermediário
0.2915,0.292,2010-08-10 16:30:13.039,Fechamento Interbancário
0.2916,0.2919,2010-08-10 17:36:41.776,Fechamento
0.2874,0.2891,2010-08-11 09:16:15.118,Abertura
0.2882,0.2887,2010-08-11 09:30:15.522,Intermediário
0.2867,0.2871,2010-08-11 10:04:09.704,Intermediário
0.2868,0.2872,2010-08-11 10:30:15.672,Intermediário
0.2864,0.2868,2010-08-11 11:00:19.113,Intermediário
0.2863,0.2868,2010-08-11 11:30:15.181,Intermediário
0.2869,0.2873,2010-08-11 12:00:16.361,Intermediário
0.2867,0.2871,2010-08-11 12:30:15.559,Intermediário
0.2865,0.287,2010-08-11 13:00:16.371,Intermediário
0.2863,0.2868,2010-08-11 13:30:14.603,Intermediário
0.2859,0.2864,2010-08-11 14:00:15.833,Intermediário
0.2858,0.2863,2010-08-11 14:30:14.957,Intermediário
0.2856,0.2861,2010-08-11 15:00:16.723,Intermediário
0.2857,0.2862,2010-08-11 15:30:14.821,Intermediário
0.286,0.2865,2010-08-11 16:00:15.739,Intermediário
0.2861,0.2865,2010-08-11 16:30:20.734,Fechamento Interbancário
0.2857,0.2859,2010-08-11 17:37:23.508,Fechamento
0.2843,0.286,2010-08-12 09:12:10.263,Abertura
0.2858,0.2863,2010-08-12 09:30:16.04,Intermediário
0.2861,0.2865,2010-08-12 10:02:13.823,Intermediário
0.2869,0.2873,2010-08-12 10:30:14.845,Intermediário
0.2865,0.2869,2010-08-12 11:01:27.429,Intermediário
0.2862,0.2866,2010-08-12 11:30:13.508,Intermediário
0.2874,0.2879,2010-08-12 12:00:17.323,Intermediário
0.2863,0.2868,2010-08-12 12:30:14.136,Intermediário
0.2868,0.2872,2010-08-12 13:00:15.329,Intermediário
0.2865,0.2871,2010-08-12 13:30:14.098,Intermediário
0.2864,0.287,2010-08-12 14:00:15.614,Intermediário
0.2861,0.2865,2010-08-12 14:30:14.634,Intermediário
0.2863,0.2868,2010-08-12 15:00:17.495,Intermediário
0.2863,0.2868,2010-08-12 15:30:14.927,Intermediário
0.2864,0.2868,2010-08-12 16:00:15.715,Intermediário
0.2867,0.2871,2010-08-12 16:30:15.331,Fechamento Interbancário
0.2867,0.287,2010-08-12 17:47:28.883,Fechamento
0.2854,0.2871,2010-08-13 09:20:12.983,Abertura
0.2861,0.2866,2010-08-13 09:30:15.711,Intermediário
0.286,0.2865,2010-08-13 10:00:18.208,Intermediário
0.2854,0.2858,2010-08-13 10:30:13.497,Intermediário
0.2862,0.2866,2010-08-13 11:00:15.122,Intermediário
0.2848,0.2853,2010-08-13 11:30:14.468,Intermediário
0.2848,0.2854,2010-08-13 12:00:15.05,Intermediário
0.285,0.2855,2010-08-13 12:30:14.208,Intermediário
0.2852,0.2856,2010-08-13 13:00:15.509,Intermediário
0.2851,0.2856,2010-08-13 13:30:12.704,Intermediário
0.2855,0.2859,2010-08-13 14:00:14.173,Intermediário
0.2852,0.2857,2010-08-13 14:30:13.754,Intermediário
0.2849,0.2853,2010-08-13 15:00:15.441,Intermediário
0.2848,0.2853,2010-08-13 15:30:13.97,Intermediário
0.2845,0.285,2010-08-13 16:00:14.3,Intermediário
0.2846,0.2851,2010-08-13 16:30:12.514,Fechamento Interbancário
0.2847,0.285,2010-08-13 17:38:07.098,Fechamento
0.2847,0.2865,2010-08-16 09:24:15.405,Abertura
0.2854,0.2859,2010-08-16 09:30:15.013,Intermediário
0.286,0.2864,2010-08-16 10:00:17.345,Intermediário
0.2854,0.2859,2010-08-16 10:30:17.581,Intermediário
0.2861,0.2865,2010-08-16 11:00:16.807,Intermediário
0.2868,0.2873,2010-08-16 11:30:15.861,Intermediário
0.2872,0.2876,2010-08-16 12:00:19.272,Intermediário
0.286,0.2865,2010-08-16 12:30:15.74,Intermediário
0.2856,0.2861,2010-08-16 13:00:16.755,Intermediário
0.2853,0.2858,2010-08-16 13:30:19.22,Intermediário
0.2854,0.2859,2010-08-16 14:00:16.749,Intermediário
0.2854,0.2859,2010-08-16 14:30:15.241,Intermediário
0.2853,0.2858,2010-08-16 15:00:15.976,Intermediário
0.285,0.2855,2010-08-16 15:30:17.986,Intermediário
0.2848,0.2853,2010-08-16 16:00:20.763,Intermediário
0.2846,0.2851,2010-08-16 16:30:23.326,Fechamento Interbancário
0.2859,0.2863,2010-08-16 17:38:46.468,Fechamento
0.2838,0.2855,2010-08-17 09:18:16.962,Abertura
0.2844,0.2849,2010-08-17 09:30:14.588,Intermediário
0.2848,0.2852,2010-08-17 10:00:19.33,Intermediário
0.285,0.2854,2010-08-17 10:30:14.571,Intermediário
0.2852,0.2856,2010-08-17 11:00:16.732,Intermediário
0.284,0.2845,2010-08-17 11:34:04.548,Intermediário
0.2851,0.2855,2010-08-17 12:00:16.631,Intermediário
0.2855,0.2859,2010-08-17 12:30:13.622,Intermediário
0.2854,0.2859,2010-08-17 13:00:18.852,Intermediário
0.2852,0.2856,2010-08-17 13:30:16.079,Intermediário
0.2852,0.2856,2010-08-17 14:00:15.948,Intermediário
0.2853,0.2857,2010-08-17 14:30:13.191,Intermediário
0.2854,0.2858,2010-08-17 15:00:15.447,Intermediário
0.2853,0.2858,2010-08-17 15:30:14.746,Intermediário
0.2856,0.2861,2010-08-17 16:00:16.466,Intermediário
0.2859,0.2864,2010-08-17 16:30:14.828,Fechamento Interbancário
0.2857,0.286,2010-08-17 17:36:29.771,Fechamento
0.2842,0.2861,2010-08-18 09:29:08.172,Abertura
0.2844,0.2849,2010-08-18 09:34:18.805,Intermediário
0.2846,0.2851,2010-08-18 10:05:40.477,Intermediário
0.2843,0.2847,2010-08-18 10:30:15.272,Intermediário
0.2844,0.2848,2010-08-18 11:00:16.42,Intermediário
0.2833,0.2837,2010-08-18 11:30:16.822,Intermediário
0.2845,0.2849,2010-08-18 12:00:15.494,Intermediário
0.2844,0.2848,2010-08-18 12:30:14.506,Intermediário
0.2844,0.2848,2010-08-18 13:00:14.895,Intermediário
0.2843,0.2848,2010-08-18 13:30:13.699,Intermediário
0.2844,0.2848,2010-08-18 14:00:14.502,Intermediário
0.2842,0.2847,2010-08-18 14:30:13.727,Intermediário
0.2843,0.2848,2010-08-18 15:00:16.092,Intermediário
0.2846,0.2851,2010-08-18 15:30:13.356,Intermediário
0.2844,0.2849,2010-08-18 16:00:18.081,Intermediário
0.2843,0.2847,2010-08-18 16:30:14.838,Fechamento Interbancário
0.2842,0.2845,2010-08-18 17:37:46.444,Fechamento
0.2844,0.2862,2010-08-19 09:22:10.766,Abertura
0.2849,0.2854,2010-08-19 09:30:14.077,Intermediário
0.286,0.2865,2010-08-19 10:00:14.259,Intermediário
0.2858,0.2863,2010-08-19 10:30:14.213,Intermediário
0.2865,0.2871,2010-08-19 11:03:25.618,Intermediário
0.286,0.2864,2010-08-19 11:30:15.361,Intermediário
0.2861,0.2865,2010-08-19 12:00:15.792,Intermediário
0.286,0.2865,2010-08-19 12:30:13.539,Intermediário
0.2852,0.2856,2010-08-19 13:00:14.658,Intermediário
0.2845,0.2849,2010-08-19 13:30:13.461,Intermediário
0.2848,0.2853,2010-08-19 14:00:16.623,Intermediário
0.2844,0.2848,2010-08-19 14:30:13.415,Intermediário
0.2846,0.285,2010-08-19 15:00:14.483,Intermediário
0.2843,0.2847,2010-08-19 15:30:13.635,Intermediário
0.2841,0.2846,2010-08-19 16:00:15.509,Intermediário
0.2837,0.2842,2010-08-19 16:30:14.84,Fechamento Interbancário
0.2841,0.2844,2010-08-19 18:04:29.752,Fechamento
0.28,0.2817,2010-08-20 09:24:09.461,Abertura
0.2808,0.2812,2010-08-20 09:30:15.804,Intermediário
0.2813,0.2818,2010-08-20 10:00:16.241,Intermediário
0.2814,0.2819,2010-08-20 10:30:14.157,Intermediário
0.2816,0.282,2010-08-20 11:00:14.814,Intermediário
0.2813,0.2817,2010-08-20 11:30:20.315,Intermediário
0.2818,0.2822,2010-08-20 12:00:15.957,Intermediário
0.2815,0.2819,2010-08-20 12:30:15.988,Intermediário
0.2814,0.2819,2010-08-20 13:00:16.826,Intermediário
0.2816,0.282,2010-08-20 13:30:13.599,Intermediário
0.282,0.2825,2010-08-20 14:00:16.083,Intermediário
0.2818,0.2823,2010-08-20 14:30:14.746,Intermediário
0.2818,0.2823,2010-08-20 15:00:16.059,Intermediário
0.2816,0.2821,2010-08-20 15:30:13.562,Intermediário
0.2819,0.2824,2010-08-20 16:00:16.942,Intermediário
0.2817,0.2822,2010-08-20 16:30:15.585,Fechamento Interbancário
0.2818,0.2821,2010-08-20 17:35:22.156,Fechamento
0.281,0.2827,2010-08-23 09:20:22.433,Abertura
0.2812,0.2816,2010-08-23 09:30:16.361,Intermediário
0.2813,0.2817,2010-08-23 10:04:51.787,Intermediário
0.2812,0.2816,2010-08-23 10:30:17.237,Intermediário
0.282,0.2824,2010-08-23 11:00:18.483,Intermediário
0.2812,0.2817,2010-08-23 11:30:16.345,Intermediário
0.282,0.2824,2010-08-23 12:00:18.769,Intermediário
0.2819,0.2824,2010-08-23 12:30:15.279,Intermediário
0.2822,0.2826,2010-08-23 13:00:16.308,Intermediário
0.2825,0.283,2010-08-23 13:30:14.638,Intermediário
0.2822,0.2827,2010-08-23 14:00:17.801,Intermediário
0.2822,0.2827,2010-08-23 14:30:13.85,Intermediário
0.2822,0.2827,2010-08-23 15:00:15.788,Intermediário
0.2829,0.2834,2010-08-23 15:30:14.185,Intermediário
0.2833,0.2837,2010-08-23 16:00:14.404,Intermediário
0.2832,0.2837,2010-08-23 16:30:15.449,Fechamento Interbancário
0.2821,0.2824,2010-08-23 17:36:24.799,Fechamento
0.2813,0.283,2010-08-24 09:22:10.685,Abertura
0.2818,0.2823,2010-08-24 09:30:14.215,Intermediário
0.2814,0.2818,2010-08-24 10:00:18.217,Intermediário
0.2812,0.2816,2010-08-24 10:32:26.938,Intermediário
0.2813,0.2816,2010-08-24 11:00:20.581,Intermediário
0.2813,0.2817,2010-08-24 11:30:17.202,Intermediário
0.2805,0.2811,2010-08-24 12:00:15.646,Intermediário
0.281,0.2815,2010-08-24 12:30:15.364,Intermediário
0.2801,0.2806,2010-08-24 13:00:17.468,Intermediário
0.2804,0.2808,2010-08-24 13:30:13.668,Intermediário
0.2802,0.2807,2010-08-24 14:00:15.793,Intermediário
0.2806,0.2811,2010-08-24 14:30:16.836,Intermediário
0.2809,0.2813,2010-08-24 15:00:17.498,Intermediário
0.2804,0.2809,2010-08-24 15:30:13.539,Intermediário
0.2804,0.2809,2010-08-24 16:00:15.479,Intermediário
0.2805,0.2809,2010-08-24 16:30:15.467,Fechamento Interbancário
0.2819,0.2822,2010-08-24 17:43:04.391,Fechamento
0.2779,0.2796,2010-08-25 09:24:12.659,Abertura
0.2787,0.2792,2010-08-25 09:30:15.025,Intermediário
0.2786,0.279,2010-08-25 10:00:15.692,Intermediário
0.2787,0.2791,2010-08-25 10:30:20.815,Intermediário
0.2791,0.2796,2010-08-25 11:00:16.768,Intermediário
0.2783,0.2788,2010-08-25 11:30:15.648,Intermediário
0.278,0.2784,2010-08-25 12:27:16.624,Intermediário
0.2785,0.279,2010-08-25 12:30:14.716,Intermediário
0.2784,0.2789,2010-08-25 13:00:16.536,Intermediário
0.2786,0.2791,2010-08-25 13:30:14.74,Intermediário
0.2789,0.2794,2010-08-25 14:00:15.308,Intermediário
0.2789,0.2793,2010-08-25 14:30:14.994,Intermediário
0.2793,0.2797,2010-08-25 15:00:18.337,Intermediário
0.2794,0.28,2010-08-25 15:30:16.644,Intermediário
0.2792,0.2797,2010-08-25 16:00:15.482,Intermediário
0.2793,0.2798,2010-08-25 16:30:16.077,Fechamento Interbancário
0.2797,0.28,2010-08-25 17:37:43.902,Fechamento
0.278,0.2797,2010-08-26 09:27:14.736,Abertura
0.2786,0.2791,2010-08-26 09:30:16.29,Intermediário
0.2785,0.2789,2010-08-26 10:00:18.998,Intermediário
0.2791,0.2795,2010-08-26 10:30:16.608,Intermediário
0.2797,0.2801,2010-08-26 11:01:21.334,Intermediário
0.2798,0.2802,2010-08-26 11:30:15.318,Intermediário
0.28,0.2804,2010-08-26 12:00:18.193,Intermediário
0.2791,0.2795,2010-08-26 12:37:25.674,Intermediário
0.2793,0.2798,2010-08-26 13:00:16.543,Intermediário
0.2792,0.2796,2010-08-26 13:32:11.029,Intermediário
0.279,0.2794,2010-08-26 14:00:15.067,Intermediário
0.2792,0.2797,2010-08-26 14:30:13.734,Intermediário
0.2793,0.2797,2010-08-26 15:00:16.343,Intermediário
0.2795,0.2799,2010-08-26 15:30:14.282,Intermediário
0.2793,0.2798,2010-08-26 16:01:36.977,Intermediário
0.2796,0.2801,2010-08-26 16:30:17.681,Fechamento Interbancário
0.2794,0.2797,2010-08-26 17:38:36.082,Fechamento
0.279,0.2807,2010-08-27 09:22:11.75,Abertura
0.2801,0.2806,2010-08-27 09:30:15.54,Intermediário
0.2797,0.2801,2010-08-27 10:00:17.6,Intermediário
0.2791,0.2796,2010-08-27 10:30:14.336,Intermediário
0.2791,0.2795,2010-08-27 11:00:15.662,Intermediário
0.2793,0.2798,2010-08-27 11:30:15.834,Intermediário
0.2783,0.2787,2010-08-27 12:00:16.133,Intermediário
0.2797,0.2802,2010-08-27 12:30:15.437,Intermediário
0.2801,0.2805,2010-08-27 13:01:58.903,Intermediário
0.2801,0.2806,2010-08-27 13:30:16.279,Intermediário
0.2799,0.2804,2010-08-27 14:00:29.802,Intermediário
0.2796,0.28,2010-08-27 14:30:45.71,Intermediário
0.2795,0.28,2010-08-27 15:02:18.058,Intermediário
0.2799,0.2803,2010-08-27 15:30:14.412,Intermediário
0.2801,0.2805,2010-08-27 16:00:16.997,Intermediário
0.2803,0.2808,2010-08-27 16:30:15.86,Fechamento Interbancário
0.2807,0.281,2010-08-27 17:38:39.953,Fechamento
0.2785,0.2803,2010-08-30 09:24:09.429,Abertura
0.2791,0.2796,2010-08-30 09:30:16.705,Intermediário
0.2795,0.2799,2010-08-30 10:00:17.275,Intermediário
0.2794,0.2799,2010-08-30 10:30:15.866,Intermediário
0.2792,0.2797,2010-08-30 11:00:15.347,Intermediário
0.279,0.2795,2010-08-30 11:30:16.354,Intermediário
0.279,0.2795,2010-08-30 12:00:15.431,Intermediário
0.2791,0.2795,2010-08-30 12:30:18.535,Intermediário
0.2793,0.2798,2010-08-30 13:00:16.235,Intermediário
0.2789,0.2793,2010-08-30 13:30:13.503,Intermediário
0.2791,0.2795,2010-08-30 14:00:13.492,Intermediário
0.2786,0.2791,2010-08-30 14:30:15.008,Intermediário
0.279,0.2794,2010-08-30 15:00:16.711,Intermediário
0.2791,0.2796,2010-08-30 15:30:13.679,Intermediário
0.2791,0.2795,2010-08-30 16:00:15.304,Intermediário
0.2783,0.2788,2010-08-30 16:30:13.245,Fechamento Interbancário
0.2783,0.2786,2010-08-30 17:36:05.3,Fechamento
0.2777,0.2794,2010-08-31 09:24:10.304,Abertura
0.2782,0.2786,2010-08-31 09:30:15.778,Intermediário
0.2786,0.279,2010-08-31 10:00:15.268,Intermediário
0.2784,0.2788,2010-08-31 10:30:14.076,Intermediário
0.278,0.2784,2010-08-31 11:00:17.824,Intermediário
0.2781,0.2786,2010-08-31 11:30:14.44,Intermediário
0.2785,0.2789,2010-08-31 12:00:17.993,Intermediário
0.2786,0.279,2010-08-31 12:30:14.824,Intermediário
0.2787,0.2791,2010-08-31 13:00:15.535,Intermediário
0.2781,0.2786,2010-08-31 13:30:15.356,Intermediário
0.278,0.2785,2010-08-31 14:00:15.296,Intermediário
0.2781,0.2786,2010-08-31 14:30:14.317,Intermediário
0.2785,0.2789,2010-08-31 15:00:16.241,Intermediário
0.2783,0.2788,2010-08-31 15:30:14.823,Intermediário
0.2778,0.2783,2010-08-31 16:05:09.408,Intermediário
0.2783,0.2788,2010-08-31 16:30:16.237,Fechamento Interbancário
0.2783,0.2786,2010-08-31 17:41:00.694,Fechamento
0.2804,0.2821,2010-09-01 09:16:13.104,Abertura
0.2821,0.2825,2010-09-01 09:30:14.163,Intermediário
0.2815,0.2819,2010-09-01 10:00:19.423,Intermediário
0.2818,0.2822,2010-09-01 10:30:14.809,Intermediário
0.2823,0.2828,2010-09-01 11:01:41.667,Intermediário
0.2815,0.282,2010-09-01 11:30:15.968,Intermediário
0.2819,0.2823,2010-09-01 12:00:15.076,Intermediário
0.2815,0.2819,2010-09-01 12:30:14.637,Intermediário
0.2815,0.2819,2010-09-01 13:00:14.068,Intermediário
0.2814,0.2818,2010-09-01 13:30:14.55,Intermediário
0.281,0.2814,2010-09-01 14:00:14.151,Intermediário
0.2812,0.2817,2010-09-01 14:30:15.281,Intermediário
0.2812,0.2816,2010-09-01 15:00:18.105,Intermediário
0.2815,0.282,2010-09-01 15:30:12.874,Intermediário
0.2819,0.2824,2010-09-01 16:01:22.125,Intermediário
0.2818,0.2823,2010-09-01 16:30:14.888,Fechamento Interbancário
0.2815,0.2818,2010-09-01 17:40:30.532,Fechamento
0.2821,0.2838,2010-09-02 09:16:11.874,Abertura
0.2819,0.2824,2010-09-02 09:30:17.271,Intermediário
0.2824,0.2828,2010-09-02 10:00:16.306,Intermediário
0.2823,0.2828,2010-09-02 10:30:15.738,Intermediário
0.2826,0.283,2010-09-02 11:00:17.276,Intermediário
0.2825,0.283,2010-09-02 11:30:15.125,Intermediário
0.2819,0.2823,2010-09-02 12:00:15.672,Intermediário
0.2816,0.2821,2010-09-02 12:30:15.658,Intermediário
0.282,0.2825,2010-09-02 13:00:16.473,Intermediário
0.282,0.2825,2010-09-02 13:30:14.595,Intermediário
0.2817,0.2822,2010-09-02 14:00:18.268,Intermediário
0.2818,0.2822,2010-09-02 14:30:15.598,Intermediário
0.2816,0.282,2010-09-02 15:00:16.269,Intermediário
0.2813,0.2817,2010-09-02 15:30:14.111,Intermediário
0.2814,0.2819,2010-09-02 16:00:15.734,Intermediário
0.2813,0.2817,2010-09-02 16:30:16.435,Fechamento Interbancário
0.2822,0.2825,2010-09-02 17:38:34.599,Fechamento
0.2795,0.2812,2010-09-03 09:22:09.967,Abertura
0.2811,0.2815,2010-09-03 09:36:20.788,Intermediário
0.2808,0.2813,2010-09-03 10:00:18.687,Intermediário
0.2811,0.2815,2010-09-03 10:30:15.681,Intermediário
0.2817,0.2821,2010-09-03 11:00:17.408,Intermediário
0.2811,0.2815,2010-09-03 11:30:16.177,Intermediário
0.2813,0.2817,2010-09-03 12:01:41.908,Intermediário
0.2814,0.2818,2010-09-03 12:30:15.106,Intermediário
0.2813,0.2817,2010-09-03 13:04:10.528,Intermediário
0.282,0.2825,2010-09-03 13:30:13.982,Intermediário
0.2818,0.2823,2010-09-03 14:00:17.941,Intermediário
0.282,0.2825,2010-09-03 14:30:14.551,Intermediário
0.2828,0.2832,2010-09-03 15:00:17.769,Intermediário
0.2825,0.283,2010-09-03 15:30:15.447,Intermediário
0.2829,0.2834,2010-09-03 16:01:13.032,Intermediário
0.2833,0.2839,2010-09-03 16:30:15.788,Fechamento Interbancário
0.283,0.2834,2010-09-03 17:39:25.567,Fechamento
0.2815,0.2832,2010-09-06 09:22:11.383,Abertura
0.2818,0.2823,2010-09-06 09:30:15.439,Intermediário
0.2822,0.2827,2010-09-06 10:00:15.747,Intermediário
0.282,0.2825,2010-09-06 10:30:15.668,Intermediário
0.282,0.2824,2010-09-06 11:00:15.746,Intermediário
0.2818,0.2823,2010-09-06 11:30:14.018,Intermediário
0.2819,0.2823,2010-09-06 12:00:15.971,Intermediário
0.282,0.2825,2010-09-06 12:30:15.402,Intermediário
0.2826,0.2832,2010-09-06 13:00:15.349,Intermediário
0.2826,0.2831,2010-09-06 13:30:13.532,Intermediário
0.2821,0.2826,2010-09-06 14:00:18.708,Intermediário
0.2819,0.2826,2010-09-06 14:30:15.386,Intermediário
0.2821,0.2826,2010-09-06 15:00:17.41,Intermediário
0.282,0.2826,2010-09-06 15:30:15.602,Intermediário
0.2821,0.2827,2010-09-06 16:00:16.189,Intermediário
0.2819,0.2825,2010-09-06 16:30:14.628,Fechamento Interbancário
0.2819,0.2823,2010-09-06 17:36:33.925,Fechamento
0.2779,0.2796,2010-09-08 09:06:10.579,Abertura
0.278,0.2784,2010-09-08 09:31:27.827,Intermediário
0.2776,0.278,2010-09-08 10:00:18.163,Intermediário
0.2776,0.278,2010-09-08 10:30:15.485,Intermediário
0.2783,0.2788,2010-09-08 11:00:20.616,Intermediário
0.279,0.2794,2010-09-08 11:30:14.774,Intermediário
0.2786,0.279,2010-09-08 12:00:16.221,Intermediário
0.2785,0.2789,2010-09-08 12:30:15.745,Intermediário
0.278,0.2785,2010-09-08 13:00:16.795,Intermediário
0.2782,0.2786,2010-09-08 13:30:15.823,Intermediário
0.2782,0.2786,2010-09-08 14:00:14.757,Intermediário
0.2778,0.2783,2010-09-08 14:30:14.28,Intermediário
0.2775,0.278,2010-09-08 15:00:17.297,Intermediário
0.2778,0.2783,2010-09-08 15:30:15.938,Intermediário
0.2783,0.2788,2010-09-08 16:00:21.052,Intermediário
0.278,0.2785,2010-09-08 16:30:15.803,Fechamento Interbancário
0.2779,0.2782,2010-09-08 17:37:47.451,Fechamento
0.2774,0.2792,2010-09-09 09:22:10.46,Abertura
0.2783,0.2788,2010-09-09 09:30:15.966,Intermediário
0.2786,0.279,2010-09-09 10:01:37.346,Intermediário
0.2794,0.2799,2010-09-09 10:30:16.046,Intermediário
0.279,0.2794,2010-09-09 11:00:17.451,Intermediário
0.2786,0.279,2010-09-09 11:30:15.287,Intermediário
0.2782,0.2786,2010-09-09 12:00:16.847,Intermediário
0.2784,0.2789,2010-09-09 12:31:25.396,Intermediário
0.2784,0.2788,2010-09-09 13:00:16.76,Intermediário
0.2783,0.2788,2010-09-09 13:30:14.363,Intermediário
0.2781,0.2785,2010-09-09 14:00:15.634,Intermediário
0.278,0.2784,2010-09-09 14:30:14.398,Intermediário
0.2785,0.2789,2010-09-09 15:00:16.529,Intermediário
0.2782,0.2786,2010-09-09 15:30:15.438,Intermediário
0.278,0.2785,2010-09-09 16:00:16.417,Intermediário
0.2782,0.2787,2010-09-09 16:30:15.006,Fechamento Interbancário
0.2785,0.2789,2010-09-09 17:36:17.655,Fechamento
0.277,0.2787,2010-09-10 09:16:14.612,Abertura
0.2778,0.2783,2010-09-10 09:30:16.318,Intermediário
0.2776,0.2781,2010-09-10 10:00:18.051,Intermediário
0.2773,0.2777,2010-09-10 10:30:14.839,Intermediário
0.2769,0.2773,2010-09-10 11:01:26.603,Intermediário
0.2773,0.2777,2010-09-10 11:30:16.587,Intermediário
0.2777,0.2781,2010-09-10 12:00:18.622,Intermediário
0.2778,0.2783,2010-09-10 12:31:35.991,Intermediário
0.2778,0.2783,2010-09-10 13:00:16.132,Intermediário
0.2777,0.2782,2010-09-10 13:30:16.23,Intermediário
0.2774,0.2778,2010-09-10 14:00:19.531,Intermediário
0.2772,0.2776,2010-09-10 14:30:14.134,Intermediário
0.277,0.2774,2010-09-10 15:00:16.109,Intermediário
0.2774,0.2778,2010-09-10 15:30:12.806,Intermediário
0.2775,0.278,2010-09-10 16:00:15.557,Intermediário
0.2776,0.278,2010-09-10 16:30:14.25,Fechamento Interbancário
0.2776,0.2778,2010-09-10 17:38:06.985,Fechamento
0.2791,0.2808,2010-09-13 09:20:14.551,Abertura
0.2797,0.2801,2010-09-13 09:32:52.882,Intermediário
0.2799,0.2804,2010-09-13 10:00:22.927,Intermediário
0.2799,0.2804,2010-09-13 10:34:20.707,Intermediário
0.2794,0.2798,2010-09-13 11:00:15.223,Intermediário
0.2804,0.2809,2010-09-13 11:30:14.884,Intermediário
0.2804,0.2809,2010-09-13 12:01:52.639,Intermediário
0.2806,0.281,2010-09-13 12:30:15.351,Intermediário
0.2812,0.2816,2010-09-13 13:01:38.763,Intermediário
0.2805,0.281,2010-09-13 13:30:15.579,Intermediário
0.2804,0.2809,2010-09-13 14:00:13.838,Intermediário
0.2809,0.2814,2010-09-13 14:30:13.728,Intermediário
0.2809,0.2814,2010-09-13 15:00:14.477,Intermediário
0.281,0.2814,2010-09-13 15:30:15.149,Intermediário
0.2807,0.2811,2010-09-13 16:00:14.838,Intermediário
0.2805,0.281,2010-09-13 16:30:14.43,Fechamento Interbancário
0.2809,0.2812,2010-09-13 17:36:28.978,Fechamento
0.2788,0.2805,2010-09-14 09:12:11.888,Abertura
0.2795,0.28,2010-09-14 09:30:17.354,Intermediário
0.2789,0.2794,2010-09-14 10:00:15.236,Intermediário
0.279,0.2794,2010-09-14 10:30:17.547,Intermediário
0.2799,0.2803,2010-09-14 11:00:16.858,Intermediário
0.2812,0.2816,2010-09-14 11:30:13.935,Intermediário
0.2816,0.2821,2010-09-14 12:01:29.284,Intermediário
0.2814,0.2818,2010-09-14 12:30:15.072,Intermediário
0.2824,0.2829,2010-09-14 13:00:17.448,Intermediário
0.2825,0.283,2010-09-14 13:30:16.209,Intermediário
0.2826,0.283,2010-09-14 14:00:16.619,Intermediário
0.2827,0.2832,2010-09-14 14:30:13.069,Intermediário
0.283,0.2835,2010-09-14 15:00:17.076,Intermediário
0.2827,0.2832,2010-09-14 15:30:14.085,Intermediário
0.2823,0.2828,2010-09-14 16:00:14.829,Intermediário
0.2828,0.2832,2010-09-14 16:30:14.856,Fechamento Interbancário
0.2829,0.2832,2010-09-14 17:36:15.24,Fechamento
0.2805,0.2823,2010-09-15 09:24:09.72,Abertura
0.2811,0.2816,2010-09-15 09:31:01.116,Intermediário
0.2808,0.2812,2010-09-15 10:00:54.967,Intermediário
0.2804,0.2808,2010-09-15 10:30:15.902,Intermediário
0.2806,0.2811,2010-09-15 11:00:25.541,Intermediário
0.2811,0.2815,2010-09-15 11:30:14.596,Intermediário
0.2814,0.2819,2010-09-15 12:00:16.374,Intermediário
0.2825,0.283,2010-09-15 12:30:16.193,Intermediário
0.2817,0.2822,2010-09-15 13:00:18.524,Intermediário
0.2816,0.282,2010-09-15 13:30:14.097,Intermediário
0.2815,0.282,2010-09-15 14:00:21.362,Intermediário
0.2819,0.2823,2010-09-15 14:30:14.512,Intermediário
0.2829,0.2834,2010-09-15 15:00:16.426,Intermediário
0.2829,0.2834,2010-09-15 15:30:13.38,Intermediário
0.2832,0.2837,2010-09-15 16:00:16.226,Intermediário
0.2836,0.284,2010-09-15 16:30:16.296,Fechamento Interbancário
0.2821,0.2824,2010-09-15 17:38:27.225,Fechamento
0.282,0.2838,2010-09-16 09:20:14.001,Abertura
0.2823,0.2828,2010-09-16 09:31:18.312,Intermediário
0.282,0.2824,2010-09-16 10:00:15.158,Intermediário
0.2822,0.2826,2010-09-16 10:30:18.196,Intermediário
0.2818,0.2823,2010-09-16 11:01:14.419,Intermediário
0.2821,0.2825,2010-09-16 11:30:14.591,Intermediário
0.2819,0.2823,2010-09-16 12:00:16.822,Intermediário
0.2818,0.2822,2010-09-16 12:30:15.135,Intermediário
0.2816,0.2821,2010-09-16 13:00:16.243,Intermediário
0.2817,0.2822,2010-09-16 13:30:15.057,Intermediário
0.2818,0.2823,2010-09-16 14:00:15.996,Intermediário
0.2816,0.2821,2010-09-16 14:30:14.35,Intermediário
0.2815,0.282,2010-09-16 15:00:15.26,Intermediário
0.2815,0.282,2010-09-16 15:30:13.73,Intermediário
0.2812,0.2817,2010-09-16 16:00:17.288,Intermediário
0.2813,0.2818,2010-09-16 16:30:15.607,Fechamento Interbancário
0.2819,0.2822,2010-09-16 17:42:13.012,Fechamento
0.2806,0.2824,2010-09-17 09:18:09.97,Abertura
0.2814,0.2819,2010-09-17 09:30:17.779,Intermediário
0.2808,0.2813,2010-09-17 10:00:18.548,Intermediário
0.2811,0.2816,2010-09-17 10:30:16.802,Intermediário
0.2802,0.2807,2010-09-17 11:00:18.666,Intermediário
0.2801,0.2805,2010-09-17 11:30:14.342,Intermediário
0.2812,0.2817,2010-09-17 12:00:18.466,Intermediário
0.2811,0.2816,2010-09-17 12:30:13.618,Intermediário
0.2812,0.2817,2010-09-17 13:00:18.217,Intermediário
0.2813,0.2818,2010-09-17 13:30:16.453,Intermediário
0.2814,0.2819,2010-09-17 14:00:18.71,Intermediário
0.2812,0.2818,2010-09-17 14:30:16.047,Intermediário
0.281,0.2815,2010-09-17 15:00:19.555,Intermediário
0.2814,0.282,2010-09-17 15:30:18.768,Intermediário
0.2814,0.2819,2010-09-17 16:00:19.093,Intermediário
0.2811,0.2817,2010-09-17 16:30:21.933,Fechamento Interbancário
0.2809,0.2813,2010-09-17 17:36:23.923,Fechamento
0.2808,0.2827,2010-09-20 09:16:12.947,Abertura
0.281,0.2815,2010-09-20 09:30:17.406,Intermediário
0.2813,0.2818,2010-09-20 10:00:17.836,Intermediário
0.2818,0.2823,2010-09-20 10:30:16.437,Intermediário
0.2824,0.2829,2010-09-20 11:00:20.861,Intermediário
0.2833,0.2838,2010-09-20 11:30:18.153,Intermediário
0.2838,0.2843,2010-09-20 12:00:18.34,Intermediário
0.2838,0.2843,2010-09-20 12:30:16.588,Intermediário
0.2837,0.2842,2010-09-20 13:00:17.159,Intermediário
0.2838,0.2843,2010-09-20 13:30:16.35,Intermediário
0.2837,0.2842,2010-09-20 14:00:19.759,Intermediário
0.2833,0.2838,2010-09-20 14:30:16.788,Intermediário
0.2843,0.2848,2010-09-20 15:00:16.633,Intermediário
0.2847,0.2853,2010-09-20 15:30:17.904,Intermediário
0.285,0.2855,2010-09-20 16:00:17.772,Intermediário
0.2846,0.2853,2010-09-20 16:30:17.001,Fechamento Interbancário
0.2838,0.2842,2010-09-20 17:45:57.297,Fechamento
0.2854,0.2872,2010-09-21 09:28:14.352,Abertura
0.286,0.2866,2010-09-21 09:30:16.713,Intermediário
0.2863,0.2868,2010-09-21 10:02:06.818,Intermediário
0.2868,0.2873,2010-09-21 10:30:19.422,Intermediário
0.287,0.2875,2010-09-21 11:04:25.751,Intermediário
0.2868,0.2873,2010-09-21 11:30:16.679,Intermediário
0.2868,0.2873,2010-09-21 12:00:22.174,Intermediário
0.2866,0.2871,2010-09-21 12:30:20.564,Intermediário
0.2863,0.2868,2010-09-21 13:00:16.922,Intermediário
0.2862,0.2867,2010-09-21 13:30:16.606,Intermediário
0.2857,0.2862,2010-09-21 14:00:17.192,Intermediário
0.285,0.2856,2010-09-21 14:30:16.535,Intermediário
0.2851,0.2856,2010-09-21 15:00:18.7,Intermediário
0.2862,0.2868,2010-09-21 15:30:15.846,Intermediário
0.2877,0.2883,2010-09-21 16:00:16.902,Intermediário
0.2873,0.2879,2010-09-21 16:30:15.287,Fechamento Interbancário
0.2887,0.2891,2010-09-21 17:38:23.234,Fechamento
0.288,0.2899,2010-09-22 09:27:56.406,Abertura
0.2887,0.2892,2010-09-22 09:30:20.159,Intermediário
0.2893,0.2898,2010-09-22 10:00:18.581,Intermediário
0.2896,0.2901,2010-09-22 10:30:18.358,Intermediário
0.2904,0.2909,2010-09-22 11:00:18.214,Intermediário
0.2911,0.2916,2010-09-22 11:30:17.212,Intermediário
0.2917,0.2922,2010-09-22 12:15:04.293,Intermediário
0.291,0.2915,2010-09-22 12:30:19.772,Intermediário
0.2915,0.292,2010-09-22 13:00:16.952,Intermediário
0.2919,0.2924,2010-09-22 13:30:18.779,Intermediário
0.2919,0.2924,2010-09-22 14:00:21.389,Intermediário
0.2919,0.2924,2010-09-22 14:31:29.146,Intermediário
0.2912,0.2917,2010-09-22 15:00:17.105,Intermediário
0.2914,0.2919,2010-09-22 15:30:17.469,Intermediário
0.2918,0.2923,2010-09-22 16:00:16.48,Intermediário
0.2917,0.2922,2010-09-22 16:30:17.173,Fechamento Interbancário
0.2914,0.2918,2010-09-22 17:53:23.258,Fechamento
0.289,0.2908,2010-09-23 09:22:17.091,Abertura
0.2893,0.2899,2010-09-23 09:30:16.502,Intermediário
0.2895,0.29,2010-09-23 10:00:17.686,Intermediário
0.2901,0.2906,2010-09-23 10:30:19.274,Intermediário
0.289,0.2896,2010-09-23 11:00:24.776,Intermediário
0.2896,0.2901,2010-09-23 11:30:19.093,Intermediário
0.2896,0.2901,2010-09-23 12:00:19.338,Intermediário
0.2899,0.2903,2010-09-23 12:30:16.527,Intermediário
0.2895,0.29,2010-09-23 13:00:18.904,Intermediário
0.2892,0.2897,2010-09-23 13:30:18.48,Intermediário
0.2896,0.2901,2010-09-23 14:00:16.825,Intermediário
0.2888,0.2894,2010-09-23 14:30:15.401,Intermediário
0.2886,0.2892,2010-09-23 15:00:18.69,Intermediário
0.289,0.2895,2010-09-23 15:30:17.513,Intermediário
0.289,0.2895,2010-09-23 16:00:17.359,Intermediário
0.2886,0.2892,2010-09-23 16:30:20.379,Fechamento Interbancário
0.2887,0.2891,2010-09-23 17:38:57.043,Fechamento
0.2889,0.2907,2010-09-24 09:22:13.492,Abertura
0.2895,0.2901,2010-09-24 09:30:16.334,Intermediário
0.2903,0.2909,2010-09-24 10:13:44.908,Intermediário
0.2901,0.2906,2010-09-24 10:30:18.298,Intermediário
0.2901,0.2908,2010-09-24 11:02:33.492,Intermediário
0.291,0.2915,2010-09-24 11:30:17.338,Intermediário
0.2914,0.2919,2010-09-24 12:06:23.152,Intermediário
0.291,0.2915,2010-09-24 12:30:16.115,Intermediário
0.2906,0.2912,2010-09-24 13:00:18.99,Intermediário
0.2903,0.2908,2010-09-24 13:30:15.401,Intermediário
0.2902,0.2907,2010-09-24 14:00:18.474,Intermediário
0.2898,0.2903,2010-09-24 14:30:17.01,Intermediário
0.29,0.2905,2010-09-24 15:00:18.469,Intermediário
0.29,0.2906,2010-09-24 15:30:16.275,Intermediário
0.2901,0.2907,2010-09-24 16:00:17.298,Intermediário
0.2905,0.291,2010-09-24 16:30:15.405,Fechamento Interbancário
0.2909,0.2912,2010-09-24 17:37:58.656,Fechamento
0.2909,0.2928,2010-09-27 09:24:09.854,Abertura
0.2915,0.292,2010-09-27 09:30:17.623,Intermediário
0.2916,0.2921,2010-09-27 10:00:18.763,Intermediário
0.2912,0.2916,2010-09-27 10:30:13.669,Intermediário
0.2898,0.2903,2010-09-27 11:00:15.485,Intermediário
0.2899,0.2904,2010-09-27 11:30:16.58,Intermediário
0.29,0.2905,2010-09-27 12:00:15.681,Intermediário
0.2901,0.2906,2010-09-27 12:30:14.028,Intermediário
0.2894,0.2899,2010-09-27 13:00:15.066,Intermediário
0.2894,0.2899,2010-09-27 13:30:15.411,Intermediário
0.2893,0.2899,2010-09-27 14:00:14.952,Intermediário
0.2894,0.29,2010-09-27 14:30:12.743,Intermediário
0.2897,0.2902,2010-09-27 15:00:16.953,Intermediário
0.2897,0.2902,2010-09-27 15:30:14.349,Intermediário
0.2897,0.2902,2010-09-27 16:00:16.227,Intermediário
0.29,0.2905,2010-09-27 16:30:14.32,Fechamento Interbancário
0.2902,0.2905,2010-09-27 17:43:34.608,Fechamento
0.2883,0.2901,2010-09-28 09:12:10.941,Abertura
0.2893,0.2898,2010-09-28 09:30:16.567,Intermediário
0.2891,0.2897,2010-09-28 10:00:18.283,Intermediário
0.2894,0.2899,2010-09-28 10:30:24.387,Intermediário
0.2891,0.2898,2010-09-28 11:00:20.602,Intermediário
0.2905,0.291,2010-09-28 11:30:16.315,Intermediário
0.2905,0.291,2010-09-28 12:00:16.811,Intermediário
0.2916,0.2921,2010-09-28 12:30:14.67,Intermediário
0.2911,0.2916,2010-09-28 13:00:17.003,Intermediário
0.2915,0.292,2010-09-28 13:30:14.152,Intermediário
0.2912,0.2917,2010-09-28 14:00:14.611,Intermediário
0.2914,0.2919,2010-09-28 14:30:13.56,Intermediário
0.2912,0.2918,2010-09-28 15:01:51.633,Intermediário
0.2913,0.2919,2010-09-28 15:30:13.475,Intermediário
0.2914,0.2919,2010-09-28 16:00:16.27,Intermediário
0.2915,0.292,2010-09-28 16:30:15.98,Fechamento Interbancário
0.2916,0.2919,2010-09-28 17:38:55.801,Fechamento
0.2905,0.2924,2010-09-29 09:22:10.516,Abertura
0.2904,0.291,2010-09-29 09:30:16.989,Intermediário
0.2898,0.2903,2010-09-29 10:00:15.943,Intermediário
0.2902,0.2907,2010-09-29 10:30:16.272,Intermediário
0.2905,0.291,2010-09-29 11:00:16.125,Intermediário
0.2908,0.2913,2010-09-29 11:30:16.536,Intermediário
0.291,0.2915,2010-09-29 12:00:20.162,Intermediário
0.2909,0.2914,2010-09-29 12:30:14.099,Intermediário
0.2918,0.2922,2010-09-29 13:00:16.24,Intermediário
0.2919,0.2924,2010-09-29 13:31:24.436,Intermediário
0.2919,0.2924,2010-09-29 14:00:16.012,Intermediário
0.2919,0.2925,2010-09-29 14:30:13.591,Intermediário
0.2917,0.2922,2010-09-29 15:00:16.916,Intermediário
0.2916,0.2921,2010-09-29 15:30:14.44,Intermediário
0.2915,0.2921,2010-09-29 16:00:15.657,Intermediário
0.2909,0.2915,2010-09-29 16:30:17.091,Fechamento Interbancário
0.2911,0.2916,2010-09-29 17:38:30.146,Fechamento
0.29,0.2919,2010-09-30 09:20:17.214,Abertura
0.2908,0.2915,2010-09-30 09:30:19.437,Intermediário
0.2908,0.2913,2010-09-30 10:00:17.463,Intermediário
0.2903,0.2908,2010-09-30 10:30:15.254,Intermediário
0.2898,0.2903,2010-09-30 11:00:19.822,Intermediário
0.2896,0.2901,2010-09-30 11:30:15.257,Intermediário
0.2886,0.2891,2010-09-30 12:00:17.836,Intermediário
0.2866,0.2871,2010-09-30 12:30:18.517,Intermediário
0.2876,0.288,2010-09-30 13:00:16.877,Intermediário
0.2877,0.2883,2010-09-30 13:30:16.122,Intermediário
0.2879,0.2884,2010-09-30 14:00:15.719,Intermediário
0.2876,0.2882,2010-09-30 14:30:16.0,Intermediário
0.2876,0.2882,2010-09-30 15:00:16.11,Intermediário
0.2872,0.2877,2010-09-30 15:35:33.061,Intermediário
0.2876,0.2881,2010-09-30 16:00:16.022,Intermediário
0.2875,0.2881,2010-09-30 16:30:55.511,Fechamento Interbancário
0.2881,0.2885,2010-09-30 17:39:48.341,Fechamento
0.2855,0.2874,2010-10-01 09:22:31.118,Abertura
0.2863,0.287,2010-10-01 09:30:19.329,Intermediário
0.2867,0.2872,2010-10-01 10:00:17.677,Intermediário
0.2861,0.2866,2010-10-01 10:30:14.535,Intermediário
0.2868,0.2876,2010-10-01 11:01:19.666,Intermediário
0.2872,0.2878,2010-10-01 11:30:20.866,Intermediário
0.2875,0.2881,2010-10-01 12:00:18.086,Intermediário
0.2882,0.2887,2010-10-01 12:30:15.777,Intermediário
0.288,0.2885,2010-10-01 13:00:16.239,Intermediário
0.2878,0.2883,2010-10-01 13:30:14.482,Intermediário
0.2877,0.2882,2010-10-01 14:00:15.39,Intermediário
0.2882,0.2888,2010-10-01 14:30:14.406,Intermediário
0.2881,0.2887,2010-10-01 15:00:15.983,Intermediário
0.2877,0.2883,2010-10-01 15:30:14.316,Intermediário
0.2881,0.2887,2010-10-01 16:00:14.57,Intermediário
0.2881,0.2886,2010-10-01 16:30:15.914,Fechamento Interbancário
0.2883,0.2887,2010-10-01 17:38:31.487,Fechamento
0.2867,0.2886,2010-10-04 09:20:13.519,Abertura
0.2871,0.2876,2010-10-04 09:30:17.821,Intermediário
0.2869,0.2874,2010-10-04 10:00:19.864,Intermediário
0.2872,0.2877,2010-10-04 10:39:40.854,Intermediário
0.2872,0.2878,2010-10-04 11:00:20.677,Intermediário
0.2874,0.2879,2010-10-04 11:30:16.569,Intermediário
0.2866,0.2871,2010-10-04 12:00:16.179,Intermediário
0.2868,0.2873,2010-10-04 12:30:16.566,Intermediário
0.2867,0.2873,2010-10-04 13:00:15.3,Intermediário
0.2868,0.2873,2010-10-04 13:30:15.056,Intermediário
0.287,0.2875,2010-10-04 14:00:17.862,Intermediário
0.2869,0.2875,2010-10-04 14:30:13.986,Intermediário
0.2869,0.2874,2010-10-04 15:00:18.172,Intermediário
0.288,0.2885,2010-10-04 15:30:16.326,Intermediário
0.288,0.2886,2010-10-04 16:00:17.265,Intermediário
0.2878,0.2883,2010-10-04 16:30:14.988,Fechamento Interbancário
0.2873,0.2877,2010-10-04 17:43:02.58,Fechamento
0.2902,0.2921,2010-10-05 09:17:37.62,Abertura
0.2904,0.2909,2010-10-05 09:30:16.963,Intermediário
0.2904,0.2909,2010-10-05 10:00:19.547,Intermediário
0.2894,0.2899,2010-10-05 10:30:16.156,Intermediário
0.2894,0.29,2010-10-05 11:00:16.444,Intermediário
0.2893,0.2898,2010-10-05 11:30:14.451,Intermediário
0.289,0.2895,2010-10-05 12:01:15.869,Intermediário
0.2879,0.2884,2010-10-05 12:30:14.704,Intermediário
0.2876,0.2881,2010-10-05 13:00:17.417,Intermediário
0.2875,0.288,2010-10-05 13:30:14.633,Intermediário
0.2873,0.2879,2010-10-05 14:00:21.712,Intermediário
0.2873,0.2879,2010-10-05 14:30:14.401,Intermediário
0.2872,0.2878,2010-10-05 15:00:16.275,Intermediário
0.2874,0.2879,2010-10-05 15:30:13.714,Intermediário
0.2875,0.288,2010-10-05 16:00:15.69,Intermediário
0.2875,0.2881,2010-10-05 16:30:16.685,Fechamento Interbancário
0.2887,0.2891,2010-10-05 17:45:33.951,Fechamento
0.287,0.2889,2010-10-06 09:24:11.571,Abertura
0.2876,0.2882,2010-10-06 09:41:11.166,Intermediário
0.2876,0.2881,2010-10-06 10:03:32.449,Intermediário
0.2882,0.2887,2010-10-06 10:30:15.991,Intermediário
0.2891,0.2896,2010-10-06 11:00:22.256,Intermediário
0.2892,0.2897,2010-10-06 11:30:15.622,Intermediário
0.2892,0.2897,2010-10-06 12:00:14.541,Intermediário
0.2894,0.2899,2010-10-06 12:30:12.376,Intermediário
0.2892,0.2897,2010-10-06 13:00:14.635,Intermediário
0.289,0.2895,2010-10-06 13:30:14.321,Intermediário
0.289,0.2895,2010-10-06 14:01:20.56,Intermediário
0.2901,0.2906,2010-10-06 14:30:14.462,Intermediário
0.2911,0.2917,2010-10-06 15:00:18.19,Intermediário
0.2912,0.2918,2010-10-06 15:30:13.972,Intermediário
0.2909,0.2915,2010-10-06 16:00:15.856,Intermediário
0.2911,0.2916,2010-10-06 16:30:15.576,Fechamento Interbancário
0.2902,0.2906,2010-10-06 17:39:52.902,Fechamento
0.2888,0.2907,2010-10-07 09:22:12.257,Abertura
0.2895,0.2901,2010-10-07 09:30:17.871,Intermediário
0.2891,0.2896,2010-10-07 10:00:17.489,Intermediário
0.2889,0.2895,2010-10-07 10:30:25.843,Intermediário
0.2881,0.2886,2010-10-07 11:00:17.307,Intermediário
0.2873,0.2878,2010-10-07 11:30:15.919,Intermediário
0.2885,0.289,2010-10-07 12:00:17.719,Intermediário
0.2884,0.2889,2010-10-07 12:31:21.669,Intermediário
0.2885,0.289,2010-10-07 13:00:18.062,Intermediário
0.2874,0.288,2010-10-07 13:30:16.856,Intermediário
0.2877,0.2883,2010-10-07 14:00:17.339,Intermediário
0.2886,0.2891,2010-10-07 14:30:14.983,Intermediário
0.2891,0.2896,2010-10-07 15:00:15.385,Intermediário
0.2888,0.2893,2010-10-07 15:30:17.306,Intermediário
0.2892,0.2898,2010-10-07 16:00:18.319,Intermediário
0.289,0.2896,2010-10-07 16:30:15.704,Fechamento Interbancário
0.2878,0.2882,2010-10-07 17:40:38.858,Fechamento
0.2884,0.2903,2010-10-08 09:22:10.914,Abertura
0.2898,0.2905,2010-10-08 09:30:14.721,Intermediário
0.2875,0.2881,2010-10-08 10:00:17.141,Intermediário
0.2891,0.2897,2010-10-08 10:30:15.167,Intermediário
0.2893,0.2899,2010-10-08 11:00:14.569,Intermediário
0.288,0.2886,2010-10-08 11:31:21.701,Intermediário
0.2883,0.2889,2010-10-08 12:00:15.535,Intermediário
0.2879,0.2885,2010-10-08 12:30:14.001,Intermediário
0.2883,0.2889,2010-10-08 13:00:16.974,Intermediário
0.2867,0.2872,2010-10-08 13:30:13.704,Intermediário
0.2863,0.2868,2010-10-08 14:00:14.655,Intermediário
0.2862,0.2868,2010-10-08 14:30:14.272,Intermediário
0.2862,0.2868,2010-10-08 15:00:15.275,Intermediário
0.2853,0.2859,2010-10-08 15:30:17.767,Intermediário
0.285,0.2855,2010-10-08 16:00:19.952,Intermediário
0.2856,0.2861,2010-10-08 16:30:17.098,Fechamento Interbancário
0.2881,0.2884,2010-10-08 17:41:44.029,Fechamento
0.2848,0.2867,2010-10-11 09:38:46.171,Abertura
0.285,0.2857,2010-10-11 09:43:42.364,Intermediário
0.285,0.2855,2010-10-11 10:00:25.285,Intermediário
0.2852,0.2857,2010-10-11 10:30:25.306,Intermediário
0.2855,0.286,2010-10-11 11:00:26.841,Intermediário
0.2853,0.2858,2010-10-11 11:30:20.425,Intermediário
0.285,0.2855,2010-10-11 12:00:19.808,Intermediário
0.285,0.2855,2010-10-11 12:30:16.281,Intermediário
0.2838,0.2843,2010-10-11 13:00:18.323,Intermediário
0.284,0.2846,2010-10-11 13:30:16.925,Intermediário
0.284,0.2845,2010-10-11 14:00:37.957,Intermediário
0.284,0.2845,2010-10-11 14:30:27.914,Intermediário
0.284,0.2845,2010-10-11 15:00:48.981,Intermediário
0.2848,0.2853,2010-10-11 15:30:14.195,Intermediário
0.285,0.2856,2010-10-11 16:00:18.231,Intermediário
0.2844,0.2849,2010-10-11 16:30:16.409,Fechamento Interbancário
0.2844,0.2847,2010-10-11 17:39:02.449,Fechamento
0.2838,0.2856,2010-10-13 09:22:12.653,Abertura
0.2845,0.285,2010-10-13 09:32:16.568,Intermediário
0.2847,0.2852,2010-10-13 10:00:20.563,Intermediário
0.2845,0.285,2010-10-13 10:30:15.352,Intermediário
0.2851,0.2856,2010-10-13 11:00:23.029,Intermediário
0.2856,0.2861,2010-10-13 11:30:17.887,Intermediário
0.2853,0.2858,2010-10-13 12:00:25.603,Intermediário
0.2857,0.2863,2010-10-13 12:31:26.92,Intermediário
0.2853,0.2859,2010-10-13 13:05:14.444,Intermediário
0.2855,0.286,2010-10-13 13:30:17.34,Intermediário
0.2855,0.2861,2010-10-13 14:00:17.72,Intermediário
0.2854,0.286,2010-10-13 14:30:15.919,Intermediário
0.2855,0.2861,2010-10-13 15:00:21.519,Intermediário
0.2851,0.2857,2010-10-13 15:30:19.315,Intermediário
0.2855,0.286,2010-10-13 16:00:20.599,Intermediário
0.2854,0.2859,2010-10-13 16:30:15.587,Fechamento Interbancário
0.2857,0.286,2010-10-13 17:37:34.006,Fechamento
0.2863,0.2882,2010-10-14 09:24:15.12,Abertura
0.2872,0.2878,2010-10-14 09:30:17.893,Intermediário
0.2865,0.287,2010-10-14 10:00:21.665,Intermediário
0.2885,0.289,2010-10-14 10:30:15.776,Intermediário
0.2885,0.289,2010-10-14 11:00:21.047,Intermediário
0.2891,0.2896,2010-10-14 11:30:15.027,Intermediário
0.2883,0.2888,2010-10-14 12:00:19.188,Intermediário
0.2887,0.2892,2010-10-14 12:30:14.607,Intermediário
0.2893,0.2898,2010-10-14 13:01:19.161,Intermediário
0.2888,0.2893,2010-10-14 13:30:14.583,Intermediário
0.2892,0.2897,2010-10-14 14:00:20.091,Intermediário
0.2893,0.2899,2010-10-14 14:30:14.987,Intermediário
0.2892,0.2898,2010-10-14 15:00:21.632,Intermediário
0.289,0.2895,2010-10-14 15:30:19.742,Intermediário
0.289,0.2896,2010-10-14 16:00:20.54,Intermediário
0.2892,0.2898,2010-10-14 16:30:15.962,Fechamento Interbancário
0.2889,0.2892,2010-10-14 17:37:53.038,Fechamento
0.2879,0.2899,2010-10-15 09:24:13.227,Abertura
0.2888,0.2895,2010-10-15 09:30:16.929,Intermediário
0.2876,0.2882,2010-10-15 10:00:26.743,Intermediário
0.2879,0.2885,2010-10-15 10:30:18.12,Intermediário
0.2875,0.288,2010-10-15 11:00:29.86,Intermediário
0.2872,0.2877,2010-10-15 11:30:18.223,Intermediário
0.2869,0.2875,2010-10-15 12:00:23.009,Intermediário
0.2871,0.2876,2010-10-15 12:30:15.184,Intermediário
0.2859,0.2864,2010-10-15 13:00:21.354,Intermediário
0.2863,0.2869,2010-10-15 13:30:20.531,Intermediário
0.286,0.2865,2010-10-15 14:00:46.162,Intermediário
0.2862,0.2868,2010-10-15 14:30:32.775,Intermediário
0.2856,0.2861,2010-10-15 15:00:36.872,Intermediário
0.2861,0.2867,2010-10-15 15:30:17.171,Intermediário
0.2858,0.2864,2010-10-15 16:00:20.292,Intermediário
0.2865,0.2872,2010-10-15 16:30:15.295,Fechamento Interbancário
0.2858,0.2862,2010-10-15 17:37:41.506,Fechamento
0.2851,0.2869,2010-10-18 09:26:09.34,Abertura
0.2855,0.286,2010-10-18 09:30:16.098,Intermediário
0.2854,0.2859,2010-10-18 10:00:20.309,Intermediário
0.2849,0.2854,2010-10-18 10:30:15.913,Intermediário
0.2847,0.2853,2010-10-18 11:00:21.793,Intermediário
0.2851,0.2856,2010-10-18 11:31:00.836,Intermediário
0.2854,0.2859,2010-10-18 12:00:25.351,Intermediário
0.2856,0.2861,2010-10-18 12:30:15.378,Intermediário
0.2854,0.2859,2010-10-18 13:00:20.906,Intermediário
0.2842,0.2847,2010-10-18 13:30:15.532,Intermediário
0.2847,0.2852,2010-10-18 14:00:21.166,Intermediário
0.2856,0.2861,2010-10-18 14:30:14.283,Intermediário
0.2852,0.2857,2010-10-18 15:00:21.107,Intermediário
0.2858,0.2864,2010-10-18 15:30:14.267,Intermediário
0.2854,0.286,2010-10-18 16:00:19.895,Intermediário
0.2854,0.2862,2010-10-18 16:30:18.386,Fechamento Interbancário
0.2861,0.2867,2010-10-18 17:36:47.012,Fechamento
0.2864,0.2883,2010-10-19 09:22:10.496,Abertura
0.2867,0.2872,2010-10-19 09:30:16.693,Intermediário
0.2865,0.287,2010-10-19 10:00:20.117,Intermediário
0.2866,0.2872,2010-10-19 10:31:49.387,Intermediário
0.2873,0.2878,2010-10-19 11:00:22.969,Intermediário
0.2867,0.2872,2010-10-19 11:30:19.581,Intermediário
0.2863,0.2868,2010-10-19 12:00:25.929,Intermediário
0.2862,0.2867,2010-10-19 12:30:16.688,Intermediário
0.2849,0.2854,2010-10-19 13:00:23.129,Intermediário
0.2851,0.2856,2010-10-19 13:30:15.173,Intermediário
0.2866,0.2871,2010-10-19 14:00:19.015,Intermediário
0.2864,0.2869,2010-10-19 14:30:13.908,Intermediário
0.2854,0.2859,2010-10-19 15:00:19.791,Intermediário
0.2848,0.2853,2010-10-19 15:30:15.055,Intermediário
0.2835,0.2841,2010-10-19 16:00:19.187,Intermediário
0.2832,0.2837,2010-10-19 16:30:16.119,Fechamento Interbancário
0.2833,0.2837,2010-10-19 17:38:07.885,Fechamento
0.2824,0.2842,2010-10-20 09:20:14.513,Abertura
0.2832,0.2837,2010-10-20 09:31:24.168,Intermediário
0.284,0.2844,2010-10-20 10:00:20.224,Intermediário
0.2842,0.2847,2010-10-20 10:30:14.204,Intermediário
0.2841,0.2846,2010-10-20 11:00:18.851,Intermediário
0.2835,0.284,2010-10-20 11:30:15.942,Intermediário
0.2846,0.2851,2010-10-20 12:00:20.692,Intermediário
0.2862,0.2867,2010-10-20 12:30:16.284,Intermediário
0.2868,0.2873,2010-10-20 13:00:19.617,Intermediário
0.2872,0.2877,2010-10-20 13:30:19.812,Intermediário
0.2868,0.2873,2010-10-20 14:00:18.576,Intermediário
0.287,0.2876,2010-10-20 14:30:13.949,Intermediário
0.2862,0.2868,2010-10-20 15:00:20.271,Intermediário
0.2861,0.2867,2010-10-20 15:30:14.053,Intermediário
0.2869,0.2876,2010-10-20 16:00:19.579,Intermediário
0.287,0.2876,2010-10-20 16:30:14.892,Fechamento Interbancário
0.287,0.2873,2010-10-20 17:36:53.343,Fechamento
0.2884,0.2903,2010-10-21 09:28:43.897,Abertura
0.2888,0.2893,2010-10-21 09:30:15.842,Intermediário
0.2886,0.2891,2010-10-21 10:00:18.363,Intermediário
0.2891,0.2896,2010-10-21 10:30:17.591,Intermediário
0.2889,0.2894,2010-10-21 11:00:24.418,Intermediário
0.2893,0.2898,2010-10-21 11:30:19.434,Intermediário
0.2899,0.2904,2010-10-21 12:00:29.731,Intermediário
0.2902,0.2908,2010-10-21 12:30:18.4,Intermediário
0.2903,0.2908,2010-10-21 13:00:25.54,Intermediário
0.2898,0.2903,2010-10-21 13:30:17.177,Intermediário
0.2911,0.2916,2010-10-21 14:00:28.682,Intermediário
0.2905,0.291,2010-10-21 14:30:21.588,Intermediário
0.2896,0.2901,2010-10-21 15:00:24.993,Intermediário
0.2903,0.2908,2010-10-21 15:30:16.706,Intermediário
0.2899,0.2905,2010-10-21 16:00:28.127,Intermediário
0.2904,0.291,2010-10-21 16:54:43.861,Fechamento Interbancário
0.2886,0.2889,2010-10-21 17:38:39.173,Fechamento
0.2894,0.2912,2010-10-22 09:14:13.548,Abertura
0.29,0.2905,2010-10-22 09:30:19.028,Intermediário
0.2897,0.2902,2010-10-22 10:00:25.647,Intermediário
0.2895,0.29,2010-10-22 10:30:18.913,Intermediário
0.2896,0.2901,2010-10-22 11:01:28.546,Intermediário
0.2899,0.2904,2010-10-22 11:30:17.554,Intermediário
0.2905,0.2911,2010-10-22 12:00:26.163,Intermediário
0.2918,0.2923,2010-10-22 12:30:18.223,Intermediário
0.2916,0.2922,2010-10-22 13:00:24.084,Intermediário
0.2915,0.2921,2010-10-22 13:30:22.923,Intermediário
0.2912,0.2918,2010-10-22 14:00:25.101,Intermediário
0.2918,0.2924,2010-10-22 14:30:17.802,Intermediário
0.293,0.2936,2010-10-22 15:00:26.342,Intermediário
0.2939,0.2945,2010-10-22 15:30:18.844,Intermediário
0.2934,0.294,2010-10-22 16:00:18.755,Intermediário
0.2935,0.2941,2010-10-22 16:30:18.86,Fechamento Interbancário
0.2922,0.2925,2010-10-22 17:48:29.313,Fechamento
0.294,0.2961,2010-10-25 09:27:46.918,Abertura
0.2945,0.2954,2010-10-25 09:37:01.729,Intermediário
0.2946,0.2952,2010-10-25 10:04:05.859,Intermediário
0.2949,0.2954,2010-10-25 10:30:18.868,Intermediário
0.2945,0.295,2010-10-25 11:00:18.093,Intermediário
0.2944,0.2948,2010-10-25 11:30:28.321,Intermediário
0.2946,0.2951,2010-10-25 12:00:19.564,Intermediário
0.2942,0.2947,2010-10-25 12:30:32.508,Intermediário
0.2936,0.2941,2010-10-25 13:00:19.756,Intermediário
0.2941,0.2946,2010-10-25 13:30:17.829,Intermediário
0.2946,0.2951,2010-10-25 14:00:19.198,Intermediário
0.2941,0.2946,2010-10-25 14:30:19.629,Intermediário
0.2942,0.2948,2010-10-25 15:00:19.065,Intermediário
0.2959,0.2965,2010-10-25 15:30:16.395,Intermediário
0.2949,0.2955,2010-10-25 16:00:20.657,Intermediário
0.2938,0.2944,2010-10-25 16:30:18.102,Fechamento Interbancário
0.2943,0.2947,2010-10-25 17:37:34.129,Fechamento
0.2902,0.2921,2010-10-26 09:16:12.74,Abertura
0.2911,0.2916,2010-10-26 09:30:18.951,Intermediário
0.2918,0.2923,2010-10-26 10:00:19.456,Intermediário
0.2912,0.2917,2010-10-26 10:31:25.307,Intermediário
0.2908,0.2914,2010-10-26 11:01:23.298,Intermediário
0.2903,0.2908,2010-10-26 11:30:17.199,Intermediário
0.2908,0.2914,2010-10-26 12:00:28.27,Intermediário
0.2908,0.2913,2010-10-26 12:30:16.995,Intermediário
0.2905,0.291,2010-10-26 13:00:25.886,Intermediário
0.2907,0.2913,2010-10-26 13:30:15.644,Intermediário
0.2912,0.2917,2010-10-26 14:01:12.654,Intermediário
0.2912,0.2917,2010-10-26 14:31:15.234,Intermediário
0.2908,0.2914,2010-10-26 15:00:18.254,Intermediário
0.2908,0.2914,2010-10-26 15:30:20.766,Intermediário
0.2904,0.291,2010-10-26 16:00:17.428,Intermediário
0.2902,0.2908,2010-10-26 16:30:19.094,Fechamento Interbancário
0.2902,0.2905,2010-10-26 17:35:56.684,Fechamento
0.2894,0.2912,2010-10-27 09:10:15.546,Abertura
0.2898,0.2903,2010-10-27 09:30:18.121,Intermediário
0.2893,0.2902,2010-10-27 10:00:19.818,Intermediário
0.2886,0.2892,2010-10-27 10:30:16.133,Intermediário
0.2889,0.2894,2010-10-27 11:00:29.753,Intermediário
0.2893,0.2898,2010-10-27 11:30:19.893,Intermediário
0.2901,0.2906,2010-10-27 12:00:29.454,Intermediário
0.2895,0.29,2010-10-27 12:30:41.791,Intermediário
0.2902,0.2907,2010-10-27 13:00:22.74,Intermediário
0.2899,0.2905,2010-10-27 13:30:22.677,Intermediário
0.2903,0.2908,2010-10-27 14:00:25.38,Intermediário
0.2904,0.2913,2010-10-27 14:30:46.173,Intermediário
0.2903,0.2909,2010-10-27 15:00:42.906,Intermediário
0.2907,0.2913,2010-10-27 15:31:41.209,Intermediário
0.2907,0.2912,2010-10-27 16:00:26.549,Intermediário
0.2908,0.2913,2010-10-27 16:30:28.792,Fechamento Interbancário
0.2886,0.2889,2010-10-27 17:37:54.178,Fechamento
0.2906,0.2924,2010-10-28 09:16:16.745,Abertura
0.2918,0.2923,2010-10-28 09:31:47.297,Intermediário
0.2918,0.2923,2010-10-28 10:02:17.364,Intermediário
0.2908,0.2914,2010-10-28 10:30:25.686,Intermediário
0.2909,0.2914,2010-10-28 11:00:31.526,Intermediário
0.2915,0.2921,2010-10-28 11:30:26.831,Intermediário
0.2919,0.2924,2010-10-28 12:00:27.557,Intermediário
0.2908,0.2914,2010-10-28 12:31:14.021,Intermediário
0.2906,0.2913,2010-10-28 13:00:39.212,Intermediário
0.2912,0.2917,2010-10-28 13:30:21.487,Intermediário
0.2907,0.2912,2010-10-28 14:01:27.381,Intermediário
0.2909,0.2914,2010-10-28 14:30:57.85,Intermediário
0.2909,0.2914,2010-10-28 15:01:46.173,Intermediário
0.2908,0.2914,2010-10-28 15:31:21.67,Intermediário
0.2907,0.2913,2010-10-28 16:00:22.246,Intermediário
0.2909,0.2914,2010-10-28 16:30:20.739,Fechamento Interbancário
0.2906,0.2909,2010-10-28 17:35:50.949,Fechamento
0.2882,0.29,2010-10-29 09:20:19.303,Abertura
0.2884,0.2889,2010-10-29 09:30:24.445,Intermediário
0.2885,0.2889,2010-10-29 10:02:06.895,Intermediário
0.2878,0.2885,2010-10-29 10:30:19.873,Intermediário
0.2888,0.2893,2010-10-29 11:00:23.052,Intermediário
0.2886,0.2891,2010-10-29 11:30:21.615,Intermediário
0.2891,0.2896,2010-10-29 12:00:25.361,Intermediário
0.2887,0.2892,2010-10-29 12:30:20.059,Intermediário
0.288,0.2885,2010-10-29 13:00:26.864,Intermediário
0.2881,0.2886,2010-10-29 13:30:22.082,Intermediário
0.2886,0.2891,2010-10-29 14:00:24.23,Intermediário
0.2885,0.2891,2010-10-29 14:30:19.892,Intermediário
0.2887,0.2892,2010-10-29 15:00:17.006,Intermediário
0.2886,0.2891,2010-10-29 15:30:17.357,Intermediário
0.2898,0.2903,2010-10-29 16:00:16.74,Intermediário
0.2898,0.2904,2010-10-29 16:30:18.327,Fechamento Interbancário
0.2898,0.2901,2010-10-29 17:36:13.776,Fechamento
0.2893,0.2912,2010-11-01 09:20:15.332,Abertura
0.2899,0.2903,2010-11-01 09:30:16.941,Intermediário
0.2902,0.2907,2010-11-01 10:00:18.056,Intermediário
0.2909,0.2914,2010-11-01 10:30:16.276,Intermediário
0.2908,0.2913,2010-11-01 11:00:56.397,Intermediário
0.2908,0.2913,2010-11-01 11:30:17.931,Intermediário
0.29,0.2906,2010-11-01 12:00:19.895,Intermediário
0.2897,0.2902,2010-11-01 12:30:18.393,Intermediário
0.2895,0.29,2010-11-01 13:00:18.964,Intermediário
0.2893,0.2898,2010-11-01 13:30:16.554,Intermediário
0.2902,0.2907,2010-11-01 14:00:17.48,Intermediário
0.29,0.2905,2010-11-01 14:30:16.56,Intermediário
0.2906,0.2911,2010-11-01 15:00:19.336,Intermediário
0.2911,0.2916,2010-11-01 15:30:19.507,Intermediário
0.2907,0.2912,2010-11-01 16:00:17.021,Intermediário
0.2902,0.2908,2010-11-01 16:30:17.182,Fechamento Interbancário
0.2898,0.2902,2010-11-01 17:35:29.396,Fechamento
0.2896,0.2914,2010-11-03 09:26:21.573,Abertura
0.2894,0.2899,2010-11-03 09:30:45.059,Intermediário
0.2896,0.2901,2010-11-03 10:00:20.536,Intermediário
0.2888,0.2893,2010-11-03 10:33:27.108,Intermediário
0.2891,0.2896,2010-11-03 11:00:20.61,Intermediário
0.2893,0.2898,2010-11-03 11:30:16.777,Intermediário
0.2896,0.2902,2010-11-03 12:00:19.003,Intermediário
0.2897,0.2902,2010-11-03 12:30:15.728,Intermediário
0.2897,0.2902,2010-11-03 13:00:20.321,Intermediário
0.2893,0.2898,2010-11-03 13:30:17.25,Intermediário
0.2905,0.2909,2010-11-03 14:00:23.429,Intermediário
0.2901,0.2906,2010-11-03 14:30:18.127,Intermediário
0.2912,0.2917,2010-11-03 15:00:20.86,Intermediário
0.2911,0.2916,2010-11-03 15:30:18.624,Intermediário
0.2909,0.2915,2010-11-03 16:00:18.538,Intermediário
0.29,0.2908,2010-11-03 16:30:19.072,Fechamento Interbancário
0.289,0.2896,2010-11-03 17:43:03.764,Fechamento
0.2926,0.2945,2010-11-04 09:12:15.423,Abertura
0.2934,0.2939,2010-11-04 09:30:17.368,Intermediário
0.2935,0.2941,2010-11-04 10:00:18.719,Intermediário
0.2937,0.2942,2010-11-04 10:30:18.371,Intermediário
0.2938,0.2943,2010-11-04 11:00:20.445,Intermediário
0.2942,0.2948,2010-11-04 11:30:20.161,Intermediário
0.2941,0.2947,2010-11-04 12:07:14.065,Intermediário
0.2935,0.294,2010-11-04 12:33:55.552,Intermediário
0.293,0.2935,2010-11-04 13:00:18.974,Intermediário
0.2931,0.2936,2010-11-04 13:49:35.33,Intermediário
0.2923,0.2928,2010-11-04 14:00:22.976,Intermediário
0.2926,0.2931,2010-11-04 14:30:17.193,Intermediário
0.2926,0.2932,2010-11-04 15:00:17.73,Intermediário
0.2929,0.2935,2010-11-04 15:30:18.502,Intermediário
0.2918,0.2928,2010-11-04 16:00:17.412,Intermediário
0.2927,0.2933,2010-11-04 16:30:18.159,Fechamento Interbancário
0.2936,0.294,2010-11-04 17:38:05.829,Fechamento
0.2904,0.2923,2010-11-05 09:18:14.618,Abertura
0.2904,0.2909,2010-11-05 09:30:17.877,Intermediário
0.2905,0.291,2010-11-05 10:00:17.758,Intermediário
0.2898,0.2906,2010-11-05 10:30:21.402,Intermediário
0.2905,0.2911,2010-11-05 11:00:24.241,Intermediário
0.2912,0.2917,2010-11-05 11:30:16.699,Intermediário
0.2911,0.2916,2010-11-05 12:00:18.842,Intermediário
0.2916,0.2922,2010-11-05 12:30:17.005,Intermediário
0.292,0.2925,2010-11-05 13:00:19.304,Intermediário
0.2914,0.2919,2010-11-05 13:30:19.048,Intermediário
0.2908,0.2913,2010-11-05 14:00:20.295,Intermediário
0.2911,0.2916,2010-11-05 14:30:18.431,Intermediário
0.2916,0.2922,2010-11-05 15:00:21.127,Intermediário
0.2921,0.2926,2010-11-05 15:30:17.292,Intermediário
0.292,0.2926,2010-11-05 16:00:20.269,Intermediário
0.2918,0.2924,2010-11-05 16:30:18.517,Fechamento Interbancário
0.292,0.2924,2010-11-05 17:42:27.889,Fechamento
0.2894,0.2913,2010-11-08 09:16:12.858,Abertura
0.2911,0.2916,2010-11-08 09:30:17.808,Intermediário
0.2912,0.2917,2010-11-08 10:00:27.117,Intermediário
0.2916,0.2921,2010-11-08 10:30:16.891,Intermediário
0.2922,0.2927,2010-11-08 11:00:17.55,Intermediário
0.2917,0.2922,2010-11-08 11:31:09.675,Intermediário
0.2924,0.2929,2010-11-08 12:01:19.728,Intermediário
0.2922,0.2927,2010-11-08 12:30:15.645,Intermediário
0.292,0.2925,2010-11-08 13:00:17.7,Intermediário
0.2924,0.2929,2010-11-08 13:30:18.233,Intermediário
0.2921,0.2926,2010-11-08 14:00:18.504,Intermediário
0.2919,0.2924,2010-11-08 14:30:16.628,Intermediário
0.2921,0.2926,2010-11-08 15:00:19.133,Intermediário
0.2922,0.2928,2010-11-08 15:30:17.628,Intermediário
0.2923,0.2929,2010-11-08 16:00:22.02,Intermediário
0.2925,0.2931,2010-11-08 16:30:18.013,Fechamento Interbancário
0.2923,0.2927,2010-11-08 17:51:34.642,Fechamento
0.2907,0.2926,2010-11-09 09:19:29.642,Abertura
0.2917,0.2922,2010-11-09 09:30:17.22,Intermediário
0.2919,0.2924,2010-11-09 10:00:18.359,Intermediário
0.2921,0.2926,2010-11-09 10:30:18.009,Intermediário
0.292,0.2925,2010-11-09 11:00:18.62,Intermediário
0.2916,0.2921,2010-11-09 11:30:17.829,Intermediário
0.2918,0.2923,2010-11-09 12:04:25.074,Intermediário
0.2927,0.2932,2010-11-09 12:30:17.011,Intermediário
0.2928,0.2933,2010-11-09 13:00:19.077,Intermediário
0.2924,0.2929,2010-11-09 13:30:59.022,Intermediário
0.2927,0.2932,2010-11-09 14:03:41.493,Intermediário
0.2924,0.2929,2010-11-09 14:30:19.487,Intermediário
0.2922,0.2927,2010-11-09 15:00:17.751,Intermediário
0.2925,0.293,2010-11-09 15:30:16.346,Intermediário
0.2917,0.2922,2010-11-09 16:00:17.116,Intermediário
0.2914,0.292,2010-11-09 16:30:16.783,Fechamento Interbancário
0.2913,0.2917,2010-11-09 17:36:29.875,Fechamento
0.2902,0.2921,2010-11-10 09:24:12.968,Abertura
0.2902,0.2907,2010-11-10 09:30:19.707,Intermediário
0.2902,0.2907,2010-11-10 10:00:55.598,Intermediário
0.2902,0.2907,2010-11-10 10:30:16.642,Intermediário
0.29,0.2904,2010-11-10 11:00:19.703,Intermediário
0.29,0.2906,2010-11-10 11:30:17.221,Intermediário
0.2904,0.2909,2010-11-10 12:01:58.785,Intermediário
0.2902,0.2907,2010-11-10 12:30:16.861,Intermediário
0.2899,0.2904,2010-11-10 13:00:17.785,Intermediário
0.2907,0.2912,2010-11-10 13:30:17.079,Intermediário
0.2904,0.2909,2010-11-10 14:00:21.398,Intermediário
0.2908,0.2913,2010-11-10 14:30:16.46,Intermediário
0.2902,0.2908,2010-11-10 15:00:22.651,Intermediário
0.2902,0.2908,2010-11-10 15:30:17.251,Intermediário
0.2908,0.2913,2010-11-10 16:00:17.712,Intermediário
0.2912,0.2918,2010-11-10 16:30:17.672,Fechamento Interbancário
0.2907,0.2911,2010-11-10 17:44:32.068,Fechamento
0.2897,0.2916,2010-11-11 09:18:12.063,Abertura
0.2897,0.2902,2010-11-11 09:38:36.671,Intermediário
0.2902,0.2907,2010-11-11 10:00:18.982,Intermediário
0.2901,0.2906,2010-11-11 10:30:17.576,Intermediário
0.2901,0.2906,2010-11-11 11:00:19.044,Intermediário
0.2904,0.2909,2010-11-11 11:30:16.93,Intermediário
0.2905,0.291,2010-11-11 12:00:20.687,Intermediário
0.2909,0.2914,2010-11-11 12:30:17.896,Intermediário
0.2902,0.2907,2010-11-11 13:00:19.599,Intermediário
0.2902,0.2907,2010-11-11 13:30:17.229,Intermediário
0.2897,0.2902,2010-11-11 14:00:18.217,Intermediário
0.2895,0.29,2010-11-11 14:30:19.772,Intermediário
0.2897,0.2902,2010-11-11 15:01:10.014,Intermediário
0.289,0.2895,2010-11-11 15:31:07.471,Intermediário
0.2885,0.289,2010-11-11 16:00:17.708,Intermediário
0.2884,0.2889,2010-11-11 16:30:16.615,Fechamento Interbancário
0.2884,0.2887,2010-11-11 17:39:39.203,Fechamento
0.2881,0.29,2010-11-12 09:18:12.661,Abertura
0.2895,0.29,2010-11-12 09:30:16.9,Intermediário
0.2901,0.2906,2010-11-12 10:00:17.973,Intermediário
0.2896,0.2901,2010-11-12 10:30:26.158,Intermediário
0.2898,0.2903,2010-11-12 11:04:07.165,Intermediário
0.2896,0.2901,2010-11-12 11:30:17.215,Intermediário
0.2899,0.2904,2010-11-12 12:00:19.297,Intermediário
0.2902,0.2908,2010-11-12 12:30:18.696,Intermediário
0.2908,0.2913,2010-11-12 13:00:23.908,Intermediário
0.289,0.2896,2010-11-12 13:30:16.649,Intermediário
0.2886,0.2891,2010-11-12 14:00:17.923,Intermediário
0.2892,0.2897,2010-11-12 14:30:15.84,Intermediário
0.2894,0.29,2010-11-12 15:00:23.407,Intermediário
0.2892,0.2898,2010-11-12 15:30:27.486,Intermediário
0.2886,0.2891,2010-11-12 16:00:17.628,Intermediário
0.2892,0.2897,2010-11-12 16:30:16.686,Fechamento Interbancário
0.2887,0.289,2010-11-12 17:37:58.08,Fechamento
0.2869,0.2888,2010-11-16 09:20:16.138,Abertura
0.2879,0.2885,2010-11-16 09:30:18.552,Intermediário
0.2883,0.2889,2010-11-16 10:00:19.672,Intermediário
0.288,0.2886,2010-11-16 10:30:17.478,Intermediário
0.2883,0.2888,2010-11-16 11:00:22.676,Intermediário
0.2875,0.2882,2010-11-16 11:30:17.988,Intermediário
0.287,0.2876,2010-11-16 12:01:16.425,Intermediário
0.288,0.2885,2010-11-16 12:30:22.002,Intermediário
0.2867,0.2872,2010-11-16 13:00:21.629,Intermediário
0.2865,0.287,2010-11-16 13:30:18.015,Intermediário
0.2859,0.2865,2010-11-16 14:00:20.808,Intermediário
0.2859,0.2864,2010-11-16 14:30:20.51,Intermediário
0.2866,0.2872,2010-11-16 15:00:19.337,Intermediário
0.2858,0.2864,2010-11-16 15:30:16.773,Intermediário
0.2859,0.2865,2010-11-16 16:00:18.268,Intermediário
0.2858,0.2864,2010-11-16 16:30:17.771,Fechamento Interbancário
0.2843,0.2846,2010-11-16 17:35:39.898,Fechamento
0.2854,0.2872,2010-11-17 09:14:13.228,Abertura
0.2863,0.2868,2010-11-17 09:30:16.515,Intermediário
0.2859,0.2864,2010-11-17 10:01:57.543,Intermediário
0.286,0.2865,2010-11-17 10:33:34.095,Intermediário
0.2859,0.2864,2010-11-17 11:00:19.617,Intermediário
0.286,0.2867,2010-11-17 11:30:17.39,Intermediário
0.2853,0.2858,2010-11-17 12:00:28.446,Intermediário
0.2858,0.2863,2010-11-17 12:40:30.854,Intermediário
0.2866,0.2871,2010-11-17 13:00:20.644,Intermediário
0.287,0.2875,2010-11-17 13:30:21.849,Intermediário
0.2861,0.2866,2010-11-17 14:00:20.843,Intermediário
0.2856,0.2861,2010-11-17 14:30:17.19,Intermediário
0.2865,0.2871,2010-11-17 15:00:20.363,Intermediário
0.2856,0.2862,2010-11-17 15:30:18.285,Intermediário
0.2856,0.2862,2010-11-17 16:00:19.548,Intermediário
0.2854,0.286,2010-11-17 16:30:18.696,Fechamento Interbancário
0.2862,0.2866,2010-11-17 17:35:27.784,Fechamento
0.286,0.2879,2010-11-18 09:16:21.646,Abertura
0.2866,0.2871,2010-11-18 09:30:18.452,Intermediário
0.2864,0.2869,2010-11-18 10:00:21.18,Intermediário
0.2872,0.2877,2010-11-18 10:30:18.125,Intermediário
0.2865,0.287,2010-11-18 11:00:22.774,Intermediário
0.2868,0.2873,2010-11-18 11:30:22.369,Intermediário
0.2868,0.2873,2010-11-18 12:00:26.468,Intermediário
0.2866,0.2871,2010-11-18 12:30:17.824,Intermediário
0.2864,0.287,2010-11-18 13:08:08.734,Intermediário
0.286,0.2865,2010-11-18 13:30:23.973,Intermediário
0.2856,0.2861,2010-11-18 14:00:24.934,Intermediário
0.2854,0.2859,2010-11-18 14:30:18.987,Intermediário
0.2856,0.2861,2010-11-18 15:00:20.965,Intermediário
0.2855,0.2861,2010-11-18 15:30:19.475,Intermediário
0.2856,0.2862,2010-11-18 16:00:17.207,Intermediário
0.2859,0.2865,2010-11-18 16:30:18.156,Fechamento Interbancário
0.2858,0.2862,2010-11-18 17:39:13.646,Fechamento
0.2864,0.2883,2010-11-19 09:20:25.212,Abertura
0.2871,0.2876,2010-11-19 09:30:19.495,Intermediário
0.2868,0.2874,2010-11-19 10:00:34.604,Intermediário
0.2867,0.2872,2010-11-19 10:30:21.466,Intermediário
0.2869,0.2874,2010-11-19 11:00:26.4,Intermediário
0.2866,0.2871,2010-11-19 11:30:18.651,Intermediário
0.2862,0.2867,2010-11-19 12:00:39.982,Intermediário
0.2858,0.2863,2010-11-19 12:30:24.202,Intermediário
0.2857,0.2863,2010-11-19 13:00:37.668,Intermediário
0.2868,0.2873,2010-11-19 13:30:21.623,Intermediário
0.2872,0.2877,2010-11-19 14:00:18.991,Intermediário
0.2866,0.2871,2010-11-19 14:30:18.195,Intermediário
0.287,0.2875,2010-11-19 15:00:17.543,Intermediário
0.2867,0.2871,2010-11-19 15:30:17.27,Intermediário
0.2861,0.2866,2010-11-19 17:30:57.867,Intermediário
0.2861,0.2866,2010-11-19 17:35:06.6,Fechamento Interbancário
0.2863,0.2866,2010-11-19 19:05:34.86,Fechamento
0.2858,0.2877,2010-11-22 09:20:18.507,Abertura
0.2861,0.2866,2010-11-22 09:30:18.117,Intermediário
0.2861,0.2866,2010-11-22 10:02:04.802,Intermediário
0.2852,0.2857,2010-11-22 10:30:18.504,Intermediário
0.2847,0.2852,2010-11-22 11:00:21.679,Intermediário
0.2853,0.2858,2010-11-22 11:32:53.192,Intermediário
0.2854,0.2859,2010-11-22 12:00:22.053,Intermediário
0.2856,0.286,2010-11-22 12:30:19.468,Intermediário
0.2857,0.2862,2010-11-22 13:00:35.006,Intermediário
0.2852,0.2857,2010-11-22 13:30:21.393,Intermediário
0.2852,0.2857,2010-11-22 14:00:23.048,Intermediário
0.2863,0.2868,2010-11-22 14:30:23.186,Intermediário
0.2861,0.2866,2010-11-22 15:00:26.264,Intermediário
0.2859,0.2864,2010-11-22 15:30:18.228,Intermediário
0.2862,0.2868,2010-11-22 16:00:25.933,Intermediário
0.2865,0.287,2010-11-22 16:30:19.015,Fechamento Interbancário
0.2856,0.2859,2010-11-22 17:35:53.491,Fechamento
0.2858,0.2876,2010-11-23 09:29:05.462,Abertura
0.2857,0.2862,2010-11-23 09:30:24.616,Intermediário
0.2852,0.2857,2010-11-23 10:00:22.066,Intermediário
0.2848,0.2853,2010-11-23 10:30:21.986,Intermediário
0.2845,0.285,2010-11-23 11:00:21.722,Intermediário
0.2846,0.2853,2010-11-23 11:30:19.164,Intermediário
0.2843,0.2848,2010-11-23 12:00:29.223,Intermediário
0.2841,0.2846,2010-11-23 12:32:51.729,Intermediário
0.2842,0.2848,2010-11-23 13:00:22.107,Intermediário
0.2838,0.2843,2010-11-23 13:31:40.172,Intermediário
0.2843,0.2848,2010-11-23 14:00:34.471,Intermediário
0.2831,0.2836,2010-11-23 14:30:19.791,Intermediário
0.2843,0.2848,2010-11-23 15:00:21.394,Intermediário
0.2843,0.2848,2010-11-23 15:31:10.438,Intermediário
0.2843,0.2848,2010-11-23 16:01:03.997,Intermediário
0.2843,0.2848,2010-11-23 16:30:23.665,Fechamento Interbancário
0.2843,0.2846,2010-11-23 17:37:52.256,Fechamento
0.283,0.2848,2010-11-24 09:22:13.157,Abertura
0.2836,0.2841,2010-11-24 09:30:18.409,Intermediário
0.2833,0.2838,2010-11-24 10:00:23.126,Intermediário
0.2836,0.2841,2010-11-24 10:31:20.974,Intermediário
0.2833,0.2838,2010-11-24 11:00:19.327,Intermediário
0.283,0.2836,2010-11-24 11:31:33.158,Intermediário
0.2835,0.284,2010-11-24 12:00:19.527,Intermediário
0.2833,0.2838,2010-11-24 12:30:19.056,Intermediário
0.2831,0.2836,2010-11-24 13:00:19.946,Intermediário
0.2836,0.2841,2010-11-24 13:30:17.137,Intermediário
0.283,0.2835,2010-11-24 14:00:21.866,Intermediário
0.2832,0.2837,2010-11-24 14:30:17.951,Intermediário
0.2832,0.2837,2010-11-24 15:00:20.164,Intermediário
0.283,0.2836,2010-11-24 15:30:17.432,Intermediário
0.2831,0.2836,2010-11-24 16:00:19.2,Intermediário
0.2828,0.2833,2010-11-24 16:31:19.73,Fechamento Interbancário
0.2832,0.2836,2010-11-24 17:43:08.219,Fechamento
0.2816,0.2834,2010-11-25 09:18:12.038,Abertura
0.2821,0.2826,2010-11-25 09:30:18.968,Intermediário
0.2822,0.2827,2010-11-25 10:00:20.99,Intermediário
0.2821,0.2826,2010-11-25 10:30:17.961,Intermediário
0.2817,0.2821,2010-11-25 11:00:18.461,Intermediário
0.2816,0.2821,2010-11-25 11:30:17.213,Intermediário
0.282,0.2825,2010-11-25 12:00:26.393,Intermediário
0.2823,0.2829,2010-11-25 12:30:17.181,Intermediário
0.2824,0.2829,2010-11-25 13:00:19.699,Intermediário
0.2826,0.2832,2010-11-25 13:30:20.103,Intermediário
0.283,0.2836,2010-11-25 14:00:19.368,Intermediário
0.2828,0.2834,2010-11-25 14:30:18.118,Intermediário
0.2823,0.283,2010-11-25 15:00:18.098,Intermediário
0.2829,0.2835,2010-11-25 15:30:17.171,Intermediário
0.2828,0.2835,2010-11-25 16:00:20.587,Intermediário
0.2826,0.2834,2010-11-25 16:30:19.18,Fechamento Interbancário
0.2825,0.2832,2010-11-25 18:06:16.576,Fechamento
0.2805,0.2823,2010-11-26 09:12:16.735,Abertura
0.2809,0.2814,2010-11-26 09:30:17.909,Intermediário
0.2808,0.2813,2010-11-26 10:00:22.31,Intermediário
0.2804,0.2809,2010-11-26 10:30:17.492,Intermediário
0.2795,0.28,2010-11-26 11:00:18.831,Intermediário
0.2795,0.2799,2010-11-26 11:30:19.152,Intermediário
0.2797,0.2802,2010-11-26 12:00:19.621,Intermediário
0.2801,0.2805,2010-11-26 12:31:11.982,Intermediário
0.2802,0.2806,2010-11-26 13:00:17.78,Intermediário
0.2801,0.2806,2010-11-26 13:30:17.254,Intermediário
0.2792,0.2797,2010-11-26 14:00:18.195,Intermediário
0.2796,0.2801,2010-11-26 14:30:17.621,Intermediário
0.2802,0.2807,2010-11-26 15:00:18.774,Intermediário
0.2798,0.2804,2010-11-26 15:30:18.241,Intermediário
0.2802,0.2808,2010-11-26 16:00:18.635,Intermediário
0.2798,0.2805,2010-11-26 16:30:17.004,Fechamento Interbancário
0.2802,0.2808,2010-11-26 17:36:31.833,Fechamento
0.2789,0.2807,2010-11-29 09:24:37.563,Abertura
0.2791,0.2796,2010-11-29 09:30:22.956,Intermediário
0.2793,0.2798,2010-11-29 10:01:04.117,Intermediário
0.2794,0.2799,2010-11-29 10:31:10.996,Intermediário
0.2794,0.2799,2010-11-29 11:00:52.016,Intermediário
0.2797,0.2802,2010-11-29 11:30:38.018,Intermediário
0.2789,0.2794,2010-11-29 12:00:26.764,Intermediário
0.2786,0.2791,2010-11-29 12:31:09.459,Intermediário
0.2783,0.2788,2010-11-29 13:00:19.47,Intermediário
0.2785,0.279,2010-11-29 13:32:52.094,Intermediário
0.2786,0.2791,2010-11-29 14:00:49.902,Intermediário
0.2782,0.2787,2010-11-29 14:30:23.017,Intermediário
0.2788,0.2793,2010-11-29 15:00:51.439,Intermediário
0.2777,0.2782,2010-11-29 15:31:08.319,Intermediário
0.2782,0.2787,2010-11-29 16:00:20.114,Intermediário
0.2782,0.2787,2010-11-29 16:31:10.871,Fechamento Interbancário
0.2789,0.2792,2010-11-29 17:36:15.451,Fechamento
0.2757,0.2775,2010-11-30 09:18:10.78,Abertura
0.2765,0.2769,2010-11-30 09:31:02.038,Intermediário
0.2765,0.277,2010-11-30 10:00:21.507,Intermediário
0.2768,0.2772,2010-11-30 10:33:16.912,Intermediário
0.2762,0.2767,2010-11-30 11:00:36.778,Intermediário
0.2771,0.2776,2010-11-30 11:30:43.837,Intermediário
0.2766,0.277,2010-11-30 12:01:03.733,Intermediário
0.276,0.2765,2010-11-30 12:30:36.736,Intermediário
0.277,0.2776,2010-11-30 13:05:01.938,Intermediário
0.2769,0.2774,2010-11-30 13:30:18.962,Intermediário
0.2765,0.277,2010-11-30 14:00:20.722,Intermediário
0.2766,0.2771,2010-11-30 14:32:43.067,Intermediário
0.2771,0.2776,2010-11-30 15:00:19.961,Intermediário
0.2767,0.2772,2010-11-30 15:30:21.218,Intermediário
0.2766,0.2772,2010-11-30 16:00:16.407,Intermediário
0.2765,0.277,2010-11-30 16:30:15.565,Fechamento Interbancário
0.277,0.2773,2010-11-30 17:39:04.529,Fechamento
0.2765,0.2782,2010-12-01 09:16:15.915,Abertura
0.277,0.2775,2010-12-01 09:30:19.04,Intermediário
0.2766,0.2771,2010-12-01 10:00:18.438,Intermediário
0.2765,0.2771,2010-12-01 10:30:26.419,Intermediário
0.2763,0.2768,2010-12-01 11:00:19.255,Intermediário
0.2769,0.2774,2010-12-01 11:30:18.289,Intermediário
0.2772,0.2776,2010-12-01 12:00:17.415,Intermediário
0.2768,0.2773,2010-12-01 12:30:13.486,Intermediário
0.2764,0.2769,2010-12-01 13:00:20.401,Intermediário
0.2758,0.2763,2010-12-01 13:30:18.689,Intermediário
0.2752,0.2757,2010-12-01 14:00:13.75,Intermediário
0.276,0.2765,2010-12-01 14:30:11.404,Intermediário
0.2771,0.2777,2010-12-01 15:00:13.506,Intermediário
0.277,0.2775,2010-12-01 15:30:14.625,Intermediário
0.2769,0.2774,2010-12-01 16:00:15.842,Intermediário
0.2766,0.2771,2010-12-01 16:30:15.379,Fechamento Interbancário
0.2765,0.2768,2010-12-01 17:38:23.279,Fechamento
0.277,0.2787,2010-12-02 09:24:16.536,Abertura
0.2775,0.2779,2010-12-02 09:30:12.949,Intermediário
0.2772,0.2777,2010-12-02 10:00:22.525,Intermediário
0.2775,0.278,2010-12-02 10:30:11.142,Intermediário
0.2774,0.2779,2010-12-02 11:01:12.62,Intermediário
0.2779,0.2784,2010-12-02 11:30:13.805,Intermediário
0.2767,0.2772,2010-12-02 12:00:22.442,Intermediário
0.2781,0.2786,2010-12-02 12:30:13.964,Intermediário
0.2787,0.2792,2010-12-02 13:00:13.64,Intermediário
0.2794,0.2799,2010-12-02 13:30:13.341,Intermediário
0.279,0.2795,2010-12-02 14:00:16.952,Intermediário
0.2799,0.2804,2010-12-02 14:31:12.082,Intermediário
0.2797,0.2803,2010-12-02 15:00:18.303,Intermediário
0.2797,0.2802,2010-12-02 15:30:19.203,Intermediário
0.2796,0.2803,2010-12-02 16:00:13.683,Intermediário
0.2794,0.2799,2010-12-02 16:30:17.499,Fechamento Interbancário
0.2796,0.2799,2010-12-02 17:35:24.075,Fechamento
0.2804,0.2823,2010-12-03 09:25:18.206,Abertura
0.2807,0.2812,2010-12-03 09:30:13.53,Intermediário
0.2808,0.2813,2010-12-03 10:00:14.529,Intermediário
0.2814,0.2819,2010-12-03 10:30:13.576,Intermediário
0.2808,0.2813,2010-12-03 11:00:52.31,Intermediário
0.2814,0.2819,2010-12-03 12:00:27.358,Intermediário
0.2816,0.2825,2010-12-03 12:03:02.456,Intermediário
0.2819,0.2824,2010-12-03 12:30:20.549,Intermediário
0.2814,0.282,2010-12-03 13:00:16.219,Intermediário
0.281,0.2815,2010-12-03 13:30:16.072,Intermediário
0.2822,0.2827,2010-12-03 14:00:17.543,Intermediário
0.2814,0.2819,2010-12-03 14:30:12.634,Intermediário
0.2812,0.2817,2010-12-03 15:00:20.042,Intermediário
0.2814,0.2819,2010-12-03 15:30:15.416,Intermediário
0.2814,0.282,2010-12-03 16:00:20.102,Intermediário
0.2816,0.2822,2010-12-03 16:30:15.007,Fechamento Interbancário
0.2826,0.283,2010-12-03 17:36:31.078,Fechamento
0.2795,0.2814,2010-12-06 09:20:13.266,Abertura
0.28,0.2805,2010-12-06 09:30:13.579,Intermediário
0.2802,0.2807,2010-12-06 10:01:40.949,Intermediário
0.2805,0.281,2010-12-06 10:30:21.677,Intermediário
0.2809,0.2813,2010-12-06 11:01:27.053,Intermediário
0.2802,0.2807,2010-12-06 11:30:16.64,Intermediário
0.2799,0.2804,2010-12-06 12:00:28.439,Intermediário
0.2801,0.2806,2010-12-06 12:30:18.282,Intermediário
0.2799,0.2804,2010-12-06 13:00:26.707,Intermediário
0.2805,0.2808,2010-12-06 13:30:13.373,Intermediário
0.2804,0.2809,2010-12-06 14:01:31.033,Intermediário
0.2798,0.2803,2010-12-06 14:30:18.744,Intermediário
0.2799,0.2804,2010-12-06 15:00:17.793,Intermediário
0.2793,0.2798,2010-12-06 15:30:20.895,Intermediário
0.2797,0.2801,2010-12-06 16:00:16.012,Intermediário
0.28,0.2805,2010-12-06 16:30:19.228,Fechamento Interbancário
0.2804,0.2807,2010-12-06 17:37:45.434,Fechamento
0.2791,0.2809,2010-12-07 09:14:18.716,Abertura
0.2797,0.2802,2010-12-07 09:30:16.019,Intermediário
0.2796,0.28,2010-12-07 10:00:16.514,Intermediário
0.2799,0.2804,2010-12-07 10:30:18.785,Intermediário
0.28,0.2805,2010-12-07 11:00:19.369,Intermediário
0.2806,0.2811,2010-12-07 11:30:24.096,Intermediário
0.2808,0.2813,2010-12-07 12:00:23.137,Intermediário
0.2814,0.2819,2010-12-07 12:31:16.289,Intermediário
0.2811,0.2816,2010-12-07 13:00:19.359,Intermediário
0.2808,0.2813,2010-12-07 13:30:15.142,Intermediário
0.2809,0.2813,2010-12-07 14:00:21.766,Intermediário
0.2802,0.2807,2010-12-07 14:34:18.809,Intermediário
0.2807,0.2812,2010-12-07 15:00:14.363,Intermediário
0.2809,0.2814,2010-12-07 15:30:19.16,Intermediário
0.2802,0.2808,2010-12-07 16:00:19.916,Intermediário
0.2806,0.2811,2010-12-07 16:30:13.108,Fechamento Interbancário
0.2795,0.2798,2010-12-07 17:35:35.069,Fechamento
0.2788,0.2806,2010-12-08 09:18:09.421,Abertura
0.2793,0.2798,2010-12-08 09:30:18.834,Intermediário
0.2794,0.2799,2010-12-08 10:00:31.687,Intermediário
0.279,0.2795,2010-12-08 10:30:15.748,Intermediário
0.2791,0.2796,2010-12-08 11:00:15.785,Intermediário
0.2789,0.2794,2010-12-08 11:30:28.086,Intermediário
0.2794,0.2799,2010-12-08 12:00:13.453,Intermediário
0.2795,0.2799,2010-12-08 12:30:18.647,Intermediário
0.2799,0.2803,2010-12-08 13:00:24.509,Intermediário
0.2796,0.2801,2010-12-08 13:30:18.86,Intermediário
0.2796,0.2801,2010-12-08 14:00:20.751,Intermediário
0.2804,0.2808,2010-12-08 14:30:29.093,Intermediário
0.2803,0.2807,2010-12-08 15:00:21.988,Intermediário
0.2804,0.2809,2010-12-08 15:30:14.19,Intermediário
0.2808,0.2814,2010-12-08 16:00:21.586,Intermediário
0.2809,0.2814,2010-12-08 16:30:17.994,Fechamento Interbancário
0.2804,0.2808,2010-12-08 17:35:26.446,Fechamento
0.2796,0.2814,2010-12-09 09:18:13.425,Abertura
0.2801,0.2806,2010-12-09 09:30:15.274,Intermediário
0.2803,0.2808,2010-12-09 10:00:15.102,Intermediário
0.2802,0.2807,2010-12-09 10:30:16.612,Intermediário
0.281,0.2814,2010-12-09 11:00:24.409,Intermediário
0.2812,0.2818,2010-12-09 11:30:13.481,Intermediário
0.2815,0.282,2010-12-09 12:00:28.418,Intermediário
0.2812,0.2817,2010-12-09 12:30:26.377,Intermediário
0.2812,0.2817,2010-12-09 13:00:17.913,Intermediário
0.2812,0.2816,2010-12-09 13:30:15.634,Intermediário
0.2808,0.2812,2010-12-09 14:00:15.498,Intermediário
0.2815,0.282,2010-12-09 14:30:20.622,Intermediário
0.282,0.2824,2010-12-09 15:00:24.829,Intermediário
0.2831,0.2835,2010-12-09 15:30:21.531,Intermediário
0.2829,0.2834,2010-12-09 16:00:16.438,Intermediário
0.283,0.2835,2010-12-09 16:30:15.987,Fechamento Interbancário
0.2821,0.2824,2010-12-09 17:35:28.463,Fechamento
0.2828,0.2846,2010-12-10 09:22:10.77,Abertura
0.2836,0.284,2010-12-10 09:30:14.807,Intermediário
0.2839,0.2844,2010-12-10 10:00:17.021,Intermediário
0.2841,0.2846,2010-12-10 10:30:14.765,Intermediário
0.284,0.2845,2010-12-10 11:00:16.56,Intermediário
0.2839,0.2845,2010-12-10 11:30:16.767,Intermediário
0.2852,0.2857,2010-12-10 12:00:26.435,Intermediário
0.2849,0.2854,2010-12-10 12:30:16.128,Intermediário
0.285,0.2854,2010-12-10 13:00:20.059,Intermediário
0.2844,0.2849,2010-12-10 13:30:13.512,Intermediário
0.2854,0.2859,2010-12-10 14:00:13.584,Intermediário
0.286,0.2865,2010-12-10 14:30:14.228,Intermediário
0.2866,0.2871,2010-12-10 15:00:20.225,Intermediário
0.2853,0.2858,2010-12-10 15:30:15.36,Intermediário
0.2851,0.2856,2010-12-10 16:00:16.241,Intermediário
0.2852,0.2857,2010-12-10 16:30:16.262,Fechamento Interbancário
0.2848,0.2852,2010-12-10 17:36:30.976,Fechamento
0.2837,0.2855,2010-12-13 09:20:12.693,Abertura
0.2842,0.2847,2010-12-13 09:30:16.501,Intermediário
0.2849,0.2854,2010-12-13 10:00:20.637,Intermediário
0.2849,0.2854,2010-12-13 10:30:15.199,Intermediário
0.2853,0.2858,2010-12-13 11:00:30.06,Intermediário
0.2856,0.2861,2010-12-13 11:30:15.93,Intermediário
0.2857,0.2862,2010-12-13 12:00:22.199,Intermediário
0.2861,0.2866,2010-12-13 12:30:17.765,Intermediário
0.2866,0.2871,2010-12-13 13:00:25.745,Intermediário
0.2874,0.2879,2010-12-13 13:30:16.139,Intermediário
0.2866,0.287,2010-12-13 14:00:23.894,Intermediário
0.2875,0.288,2010-12-13 14:30:16.786,Intermediário
0.2877,0.2882,2010-12-13 15:00:25.688,Intermediário
0.2871,0.2876,2010-12-13 15:30:14.383,Intermediário
0.2865,0.287,2010-12-13 16:00:16.162,Intermediário
0.2875,0.288,2010-12-13 16:30:13.525,Fechamento Interbancário
0.288,0.2883,2010-12-13 17:36:52.025,Fechamento
0.2867,0.2885,2010-12-14 09:23:18.657,Abertura
0.2872,0.2877,2010-12-14 09:30:15.442,Intermediário
0.2874,0.2879,2010-12-14 10:00:22.67,Intermediário
0.2885,0.289,2010-12-14 10:30:15.562,Intermediário
0.289,0.2895,2010-12-14 11:00:19.886,Intermediário
0.2884,0.289,2010-12-14 11:30:19.567,Intermediário
0.2881,0.2886,2010-12-14 12:00:31.772,Intermediário
0.2876,0.288,2010-12-14 12:30:16.436,Intermediário
0.2869,0.2875,2010-12-14 13:00:21.032,Intermediário
0.2873,0.2878,2010-12-14 13:30:17.332,Intermediário
0.2877,0.2882,2010-12-14 14:00:20.346,Intermediário
0.2876,0.288,2010-12-14 15:00:15.916,Intermediário
0.2873,0.2878,2010-12-14 15:05:20.549,Intermediário
0.2877,0.2882,2010-12-14 15:31:02.157,Intermediário
0.2874,0.2879,2010-12-14 16:00:19.576,Intermediário
0.2878,0.2884,2010-12-14 16:30:14.891,Fechamento Interbancário
0.288,0.2883,2010-12-14 17:36:05.312,Fechamento
0.2861,0.2879,2010-12-15 09:20:13.655,Abertura
0.2865,0.287,2010-12-15 09:30:19.606,Intermediário
0.2864,0.2869,2010-12-15 10:00:32.236,Intermediário
0.2872,0.2877,2010-12-15 10:30:15.847,Intermediário
0.2875,0.288,2010-12-15 11:00:22.146,Intermediário
0.288,0.2885,2010-12-15 11:30:23.946,Intermediário
0.2876,0.2881,2010-12-15 12:00:21.537,Intermediário
0.2869,0.2874,2010-12-15 12:30:15.169,Intermediário
0.2866,0.2872,2010-12-15 13:00:19.572,Intermediário
0.286,0.2865,2010-12-15 13:30:25.836,Intermediário
0.2857,0.2862,2010-12-15 14:00:15.739,Intermediário
0.2858,0.2862,2010-12-15 14:30:17.659,Intermediário
0.2855,0.286,2010-12-15 15:00:23.978,Intermediário
0.2854,0.2859,2010-12-15 15:30:13.877,Intermediário
0.2857,0.2862,2010-12-15 16:00:16.421,Intermediário
0.2847,0.2853,2010-12-15 16:30:13.777,Fechamento Interbancário
0.2846,0.2849,2010-12-15 17:36:15.391,Fechamento
0.2848,0.2866,2010-12-16 09:20:15.651,Abertura
0.2854,0.2858,2010-12-16 09:31:09.052,Intermediário
0.285,0.2855,2010-12-16 10:00:15.908,Intermediário
0.2854,0.2859,2010-12-16 10:30:15.22,Intermediário
0.2857,0.2862,2010-12-16 11:00:25.929,Intermediário
0.2853,0.2858,2010-12-16 11:30:28.044,Intermediário
0.2853,0.2858,2010-12-16 12:00:40.456,Intermediário
0.2854,0.2858,2010-12-16 12:30:16.178,Intermediário
0.2853,0.2858,2010-12-16 13:00:40.561,Intermediário
0.2849,0.2854,2010-12-16 13:30:14.378,Intermediário
0.2854,0.2859,2010-12-16 14:00:28.89,Intermediário
0.2855,0.2859,2010-12-16 14:30:15.148,Intermediário
0.2856,0.2861,2010-12-16 15:00:20.166,Intermediário
0.2854,0.2859,2010-12-16 15:30:16.412,Intermediário
0.2855,0.286,2010-12-16 16:00:16.935,Intermediário
0.2851,0.2856,2010-12-16 16:30:18.02,Fechamento Interbancário
0.2854,0.2857,2010-12-16 17:38:23.208,Fechamento
0.2858,0.2876,2010-12-17 09:21:40.842,Abertura
0.2869,0.2874,2010-12-17 09:30:14.372,Intermediário
0.2871,0.2876,2010-12-17 10:00:17.455,Intermediário
0.2869,0.2873,2010-12-17 10:30:16.71,Intermediário
0.2861,0.2866,2010-12-17 11:00:20.992,Intermediário
0.2865,0.2869,2010-12-17 11:30:15.626,Intermediário
0.2866,0.2871,2010-12-17 12:00:24.063,Intermediário
0.2867,0.2871,2010-12-17 12:30:15.94,Intermediário
0.2867,0.2872,2010-12-17 13:00:17.867,Intermediário
0.2861,0.2867,2010-12-17 13:30:14.277,Intermediário
0.2852,0.2858,2010-12-17 14:00:21.93,Intermediário
0.2854,0.2859,2010-12-17 14:30:13.839,Intermediário
0.2853,0.2859,2010-12-17 15:00:19.815,Intermediário
0.2862,0.2867,2010-12-17 15:30:14.851,Intermediário
0.2854,0.286,2010-12-17 16:00:20.219,Intermediário
0.2853,0.2859,2010-12-17 16:30:15.955,Fechamento Interbancário
0.2846,0.285,2010-12-17 17:36:36.349,Fechamento
0.2851,0.2869,2010-12-20 09:20:15.394,Abertura
0.2857,0.2861,2010-12-20 09:30:13.669,Intermediário
0.2852,0.2857,2010-12-20 10:00:19.17,Intermediário
0.2855,0.286,2010-12-20 10:30:16.715,Intermediário
0.2855,0.286,2010-12-20 11:00:16.872,Intermediário
0.2858,0.2863,2010-12-20 11:30:19.956,Intermediário
0.2855,0.286,2010-12-20 12:18:41.789,Intermediário
0.2858,0.2863,2010-12-20 12:30:17.87,Intermediário
0.2854,0.2858,2010-12-20 13:02:27.717,Intermediário
0.2849,0.2854,2010-12-20 13:30:20.71,Intermediário
0.285,0.2854,2010-12-20 14:00:26.944,Intermediário
0.2851,0.2856,2010-12-20 14:30:17.065,Intermediário
0.2851,0.2856,2010-12-20 15:00:23.544,Intermediário
0.285,0.2855,2010-12-20 15:30:19.895,Intermediário
0.2848,0.2853,2010-12-20 16:00:15.735,Intermediário
0.2848,0.2853,2010-12-20 16:30:16.355,Fechamento Interbancário
0.285,0.2853,2010-12-20 17:38:30.352,Fechamento
0.2838,0.2857,2010-12-21 09:16:12.252,Abertura
0.2843,0.2848,2010-12-21 09:30:15.237,Intermediário
0.2842,0.2847,2010-12-21 10:00:19.304,Intermediário
0.2843,0.2848,2010-12-21 10:30:16.183,Intermediário
0.2842,0.2847,2010-12-21 11:05:19.361,Intermediário
0.2842,0.2847,2010-12-21 11:31:40.241,Intermediário
0.284,0.2845,2010-12-21 12:00:22.075,Intermediário
0.2841,0.2846,2010-12-21 12:30:14.509,Intermediário
0.2835,0.2839,2010-12-21 13:00:21.417,Intermediário
0.2834,0.2839,2010-12-21 13:32:41.457,Intermediário
0.2834,0.2839,2010-12-21 14:00:19.515,Intermediário
0.2837,0.2842,2010-12-21 14:30:24.71,Intermediário
0.2836,0.2841,2010-12-21 15:00:15.827,Intermediário
0.283,0.2835,2010-12-21 15:30:14.255,Intermediário
0.2836,0.2841,2010-12-21 16:00:16.488,Intermediário
0.283,0.2834,2010-12-21 16:30:14.105,Fechamento Interbancário
0.2831,0.2833,2010-12-21 17:36:35.778,Fechamento
0.2824,0.2842,2010-12-22 09:18:09.579,Abertura
0.2831,0.2835,2010-12-22 09:30:13.194,Intermediário
0.2835,0.284,2010-12-22 10:00:17.711,Intermediário
0.2834,0.2839,2010-12-22 10:30:12.416,Intermediário
0.2827,0.2832,2010-12-22 11:00:19.924,Intermediário
0.283,0.2835,2010-12-22 11:30:14.446,Intermediário
0.2826,0.2831,2010-12-22 12:30:14.635,Intermediário
0.2826,0.2832,2010-12-22 13:00:13.79,Intermediário
0.2826,0.2831,2010-12-22 13:11:36.742,Intermediário
0.2826,0.2831,2010-12-22 13:30:11.833,Intermediário
0.2832,0.2837,2010-12-22 14:01:22.73,Intermediário
0.2832,0.2837,2010-12-22 14:30:12.784,Intermediário
0.2825,0.2831,2010-12-22 15:00:52.421,Intermediário
0.2825,0.283,2010-12-22 15:30:14.388,Intermediário
0.2821,0.2827,2010-12-22 16:00:15.906,Intermediário
0.2821,0.2827,2010-12-22 16:30:13.141,Fechamento Interbancário
0.2821,0.2824,2010-12-22 17:35:27.131,Fechamento
0.2824,0.2843,2010-12-23 09:18:15.209,Abertura
0.2831,0.2836,2010-12-23 09:30:18.873,Intermediário
0.2829,0.2835,2010-12-23 10:00:19.057,Intermediário
0.2834,0.2839,2010-12-23 10:37:30.433,Intermediário
0.2835,0.284,2010-12-23 11:00:19.204,Intermediário
0.283,0.2836,2010-12-23 11:30:18.058,Intermediário
0.2829,0.2834,2010-12-23 12:00:38.895,Intermediário
0.2828,0.2834,2010-12-23 12:30:21.289,Intermediário
0.2828,0.2833,2010-12-23 13:00:24.515,Intermediário
0.2828,0.2833,2010-12-23 13:30:20.628,Intermediário
0.2829,0.2835,2010-12-23 14:00:22.928,Intermediário
0.2839,0.2844,2010-12-23 14:30:13.402,Intermediário
0.283,0.2836,2010-12-23 15:00:21.192,Intermediário
0.2838,0.2844,2010-12-23 15:30:12.689,Intermediário
0.2837,0.2843,2010-12-23 16:00:14.02,Intermediário
0.2838,0.2844,2010-12-23 16:30:11.398,Fechamento Interbancário
0.2841,0.2845,2010-12-23 17:46:18.303,Fechamento
0.2822,0.2842,2010-12-24 09:20:15.54,Abertura
0.2827,0.2833,2010-12-24 09:30:17.175,Intermediário
0.2826,0.2833,2010-12-24 10:00:23.754,Intermediário
0.283,0.2837,2010-12-24 10:30:16.97,Intermediário
0.283,0.2836,2010-12-24 11:00:18.911,Intermediário
0.2828,0.2834,2010-12-24 11:30:14.022,Fechamento Interbancário
0.2829,0.2833,2010-12-24 12:08:17.662,Fechamento
0.2824,0.2843,2010-12-27 09:22:10.15,Abertura
0.2833,0.2839,2010-12-27 09:30:13.776,Intermediário
0.2834,0.284,2010-12-27 10:00:12.987,Intermediário
0.2835,0.2841,2010-12-27 10:30:14.364,Intermediário
0.2829,0.2835,2010-12-27 11:00:15.732,Intermediário
0.2829,0.2834,2010-12-27 11:30:13.094,Intermediário
0.2835,0.2841,2010-12-27 12:00:17.799,Intermediário
0.2834,0.284,2010-12-27 12:30:12.228,Intermediário
0.2839,0.2844,2010-12-27 13:00:16.106,Intermediário
0.2836,0.2841,2010-12-27 13:30:13.432,Intermediário
0.2833,0.2839,2010-12-27 14:00:16.461,Intermediário
0.2833,0.2839,2010-12-27 14:30:13.379,Intermediário
0.2832,0.2838,2010-12-27 15:00:15.113,Intermediário
0.2833,0.2839,2010-12-27 15:30:14.582,Intermediário
0.2828,0.2834,2010-12-27 16:00:14.95,Intermediário
0.2829,0.2834,2010-12-27 16:30:12.895,Fechamento Interbancário
0.2834,0.2838,2010-12-27 17:38:38.676,Fechamento
0.2838,0.2857,2010-12-28 09:22:16.237,Abertura
0.2844,0.2849,2010-12-28 09:30:15.156,Intermediário
0.2845,0.2851,2010-12-28 10:00:14.723,Intermediário
0.2842,0.2848,2010-12-28 10:30:12.498,Intermediário
0.2837,0.2843,2010-12-28 11:00:46.216,Intermediário
0.2839,0.2844,2010-12-28 11:30:16.386,Intermediário
0.2836,0.2842,2010-12-28 12:00:14.828,Intermediário
0.2836,0.2842,2010-12-28 12:30:13.311,Intermediário
0.2831,0.2837,2010-12-28 13:00:16.754,Intermediário
0.2836,0.2841,2010-12-28 13:30:13.878,Intermediário
0.2833,0.2839,2010-12-28 14:00:26.193,Intermediário
0.2831,0.2837,2010-12-28 14:30:12.526,Intermediário
0.2834,0.284,2010-12-28 15:00:15.273,Intermediário
0.2842,0.2847,2010-12-28 15:30:13.902,Intermediário
0.2839,0.2845,2010-12-28 16:00:13.849,Intermediário
0.2833,0.2839,2010-12-28 16:30:16.317,Fechamento Interbancário
0.2826,0.283,2010-12-28 17:36:12.628,Fechamento
0.2822,0.284,2010-12-29 09:22:09.554,Abertura
0.2826,0.2831,2010-12-29 09:30:13.325,Intermediário
0.2831,0.2836,2010-12-29 10:00:14.306,Intermediário
0.2833,0.2838,2010-12-29 10:30:13.953,Intermediário
0.2833,0.2839,2010-12-29 11:00:16.506,Intermediário
0.2833,0.2838,2010-12-29 11:30:13.242,Intermediário
0.2832,0.2837,2010-12-29 12:01:42.948,Intermediário
0.2838,0.2843,2010-12-29 12:30:12.767,Intermediário
0.2827,0.2832,2010-12-29 13:00:14.417,Intermediário
0.2829,0.2834,2010-12-29 13:30:12.388,Intermediário
0.283,0.2835,2010-12-29 14:00:26.101,Intermediário
0.2827,0.2833,2010-12-29 14:30:12.709,Intermediário
0.2834,0.284,2010-12-29 15:00:16.359,Intermediário
0.2834,0.2839,2010-12-29 15:30:12.343,Intermediário
0.2828,0.2834,2010-12-29 16:00:13.606,Intermediário
0.2838,0.2844,2010-12-29 16:30:13.563,Fechamento Interbancário
0.2838,0.2842,2010-12-29 17:35:52.548,Fechamento
0.2831,0.285,2010-12-30 09:20:11.7,Abertura
0.283,0.2836,2010-12-30 09:30:25.5,Intermediário
0.2829,0.2835,2010-12-30 10:00:16.041,Intermediário
0.2828,0.2833,2010-12-30 10:30:15.982,Intermediário
0.2831,0.2836,2010-12-30 11:00:14.505,Intermediário
0.2826,0.2832,2010-12-30 11:30:12.914,Intermediário
0.2827,0.2833,2010-12-30 12:00:15.531,Intermediário
0.2834,0.2839,2010-12-30 12:30:18.42,Intermediário
0.2827,0.2834,2010-12-30 13:00:14.615,Intermediário
0.2819,0.2825,2010-12-30 13:30:13.037,Intermediário
0.2823,0.2828,2010-12-30 14:00:14.115,Intermediário
0.2821,0.2826,2010-12-30 14:30:13.357,Intermediário
0.282,0.2826,2010-12-30 15:00:15.853,Intermediário
0.2817,0.2823,2010-12-30 15:30:12.509,Intermediário
0.2816,0.2821,2010-12-30 16:00:13.229,Intermediário
0.2825,0.283,2010-12-30 16:30:11.746,Fechamento Interbancário
0.2827,0.2831,2010-12-30 17:36:52.217,Fechamento
0.2835,0.2854,2010-12-31 09:08:09.609,Abertura
0.2846,0.2852,2010-12-31 09:30:13.928,Intermediário
0.2849,0.2855,2010-12-31 10:00:14.654,Intermediário
0.2847,0.2854,2010-12-31 10:30:13.863,Intermediário
0.2849,0.2855,2010-12-31 11:00:15.306,Intermediário
0.2847,0.2853,2010-12-31 11:30:13.404,Fechamento Interbancário
0.2851,0.2855,2010-12-31 12:06:25.157,Fechamento
