cotacaoCompra,cotacaoVenda,dataHoraCotacao,tipoBoletim
1.75956,1.7681,2007-01-02 09:22:00.0,Abertura
1.76189,1.76398,2007-01-02 09:30:00.0,Intermediário
1.7616,1.76354,2007-01-02 10:00:00.0,Intermediário
1.76272,1.76383,2007-01-02 10:30:00.0,Intermediário
1.76146,1.76286,2007-01-02 11:07:00.0,Intermediário
1.75894,1.76189,2007-01-02 11:43:00.0,Intermediário
1.75956,1.76194,2007-01-02 12:00:00.0,Intermediário
1.75956,1.76082,2007-01-02 12:30:00.0,Intermediário
1.75867,1.76046,2007-01-02 13:00:00.0,Intermediário
1.757,1.75894,2007-01-02 13:30:00.0,Intermediário
1.75751,1.75966,2007-01-02 14:00:00.0,Intermediário
1.75889,1.76082,2007-01-02 14:30:00.0,Intermediário
1.75956,1.76082,2007-01-02 15:00:00.0,Intermediário
1.75753,1.75864,2007-01-02 15:30:00.0,Intermediário
1.7576,1.75879,2007-01-02 16:00:00.0,Intermediário
1.75583,1.75806,2007-01-02 16:30:00.0,Fechamento Interbancário
1.75863,1.75987,2007-01-02 17:38:00.0,Fechamento
1.74312,1.75217,2007-01-03 09:18:00.0,Abertura
1.74718,1.74918,2007-01-03 09:30:00.0,Intermediário
1.74728,1.74935,2007-01-03 10:00:00.0,Intermediário
1.75014,1.75221,2007-01-03 10:30:00.0,Intermediário
1.74961,1.75197,2007-01-03 11:00:00.0,Intermediário
1.75331,1.75516,2007-01-03 11:30:00.0,Intermediário
1.74965,1.75187,2007-01-03 12:00:00.0,Intermediário
1.7524,1.75462,2007-01-03 12:30:00.0,Intermediário
1.75107,1.75217,2007-01-03 13:00:00.0,Intermediário
1.74435,1.74588,2007-01-03 13:30:00.0,Intermediário
1.74606,1.74716,2007-01-03 14:00:00.0,Intermediário
1.74193,1.74346,2007-01-03 14:30:00.0,Intermediário
1.74236,1.74427,2007-01-03 15:00:00.0,Intermediário
1.74097,1.74331,2007-01-03 15:30:00.0,Intermediário
1.74115,1.74253,2007-01-03 16:00:00.0,Intermediário
1.74154,1.74352,2007-01-03 16:30:00.0,Fechamento Interbancário
1.74024,1.74124,2007-01-03 17:43:00.0,Fechamento
1.73677,1.74517,2007-01-04 09:22:00.0,Abertura
1.74033,1.74224,2007-01-04 09:30:00.0,Intermediário
1.74037,1.74153,2007-01-04 10:00:00.0,Intermediário
1.7398,1.74171,2007-01-04 10:30:00.0,Intermediário
1.73892,1.74083,2007-01-04 11:00:00.0,Intermediário
1.73867,1.74114,2007-01-04 11:30:00.0,Intermediário
1.74355,1.74508,2007-01-04 12:00:00.0,Intermediário
1.74125,1.74277,2007-01-04 12:30:00.0,Intermediário
1.7404,1.74245,2007-01-04 13:00:00.0,Intermediário
1.74167,1.74372,2007-01-04 13:30:00.0,Intermediário
1.74196,1.74386,2007-01-04 14:00:00.0,Intermediário
1.73984,1.74217,2007-01-04 14:30:00.0,Intermediário
1.73973,1.74125,2007-01-04 15:00:00.0,Intermediário
1.73945,1.74082,2007-01-04 15:30:00.0,Intermediário
1.74015,1.74206,2007-01-04 16:00:00.0,Intermediário
1.7391,1.74033,2007-01-04 16:30:00.0,Fechamento Interbancário
1.73836,1.73944,2007-01-04 17:44:00.0,Fechamento
1.74193,1.75063,2007-01-05 09:19:00.0,Abertura
1.74568,1.74685,2007-01-05 09:30:00.0,Intermediário
1.74475,1.74599,2007-01-05 10:00:00.0,Intermediário
1.74404,1.74528,2007-01-05 10:30:00.0,Intermediário
1.74355,1.74539,2007-01-05 11:00:00.0,Intermediário
1.7319,1.75004,2007-01-05 11:30:00.0,Intermediário
1.73105,1.73295,2007-01-05 12:00:00.0,Intermediário
1.72933,1.7313,2007-01-05 12:30:00.0,Intermediário
1.73256,1.73431,2007-01-05 13:00:00.0,Intermediário
1.73309,1.73526,2007-01-05 13:30:00.0,Intermediário
1.73141,1.73337,2007-01-05 14:00:00.0,Intermediário
1.73267,1.7347,2007-01-05 14:30:00.0,Intermediário
1.73836,1.74054,2007-01-05 15:00:00.0,Intermediário
1.73931,1.74163,2007-01-05 15:30:00.0,Intermediário
1.73895,1.73997,2007-01-05 16:00:00.0,Intermediário
1.73987,1.7411,2007-01-05 16:30:00.0,Fechamento Interbancário
1.73631,1.73738,2007-01-05 17:39:00.0,Fechamento
1.73607,1.74458,2007-01-08 09:24:00.0,Abertura
1.73888,1.74026,2007-01-08 09:30:00.0,Intermediário
1.73509,1.73741,2007-01-08 10:00:00.0,Intermediário
1.73562,1.73808,2007-01-08 10:30:00.0,Intermediário
1.73702,1.73811,2007-01-08 11:00:00.0,Intermediário
1.73369,1.73586,2007-01-08 11:30:00.0,Intermediário
1.72992,1.73142,2007-01-08 12:00:00.0,Intermediário
1.73439,1.73555,2007-01-08 12:30:00.0,Intermediário
1.73495,1.73713,2007-01-08 13:00:00.0,Intermediário
1.73621,1.73825,2007-01-08 13:30:00.0,Intermediário
1.73523,1.73769,2007-01-08 14:00:00.0,Intermediário
1.73583,1.73808,2007-01-08 14:30:00.0,Intermediário
1.73629,1.73751,2007-01-08 15:00:00.0,Intermediário
1.73973,1.74096,2007-01-08 15:30:00.0,Intermediário
1.74019,1.74251,2007-01-08 16:00:00.0,Intermediário
1.74033,1.74209,2007-01-08 16:30:00.0,Fechamento Interbancário
1.73994,1.74087,2007-01-08 17:34:00.0,Fechamento
1.72915,1.7378,2007-01-09 09:21:00.0,Abertura
1.73225,1.73442,2007-01-09 09:30:00.0,Intermediário
1.73082,1.73327,2007-01-09 10:00:00.0,Intermediário
1.73078,1.73173,2007-01-09 10:30:00.0,Intermediário
1.73201,1.73324,2007-01-09 11:00:00.0,Intermediário
1.7319,1.73341,2007-01-09 11:30:00.0,Intermediário
1.729,1.72995,2007-01-09 12:10:00.0,Intermediário
1.73006,1.73114,2007-01-09 12:30:00.0,Intermediário
1.72744,1.72961,2007-01-09 13:00:00.0,Intermediário
1.72855,1.73086,2007-01-09 13:30:00.0,Intermediário
1.72814,1.73044,2007-01-09 14:05:00.0,Intermediário
1.73069,1.73244,2007-01-09 14:30:00.0,Intermediário
1.73174,1.73384,2007-01-09 15:00:00.0,Intermediário
1.73121,1.73374,2007-01-09 15:30:00.0,Intermediário
1.7323,1.7344,2007-01-09 16:00:00.0,Intermediário
1.7317,1.73373,2007-01-09 16:30:00.0,Fechamento Interbancário
1.73315,1.73422,2007-01-09 17:36:00.0,Fechamento
1.7293,1.73784,2007-01-10 09:21:00.0,Abertura
1.73199,1.73416,2007-01-10 09:30:00.0,Intermediário
1.7343,1.7358,2007-01-10 10:00:00.0,Intermediário
1.73588,1.73913,2007-01-10 10:30:00.0,Intermediário
1.73626,1.73777,2007-01-10 11:00:00.0,Intermediário
1.73284,1.73556,2007-01-10 11:30:00.0,Intermediário
1.73403,1.73598,2007-01-10 12:00:00.0,Intermediário
1.73326,1.73556,2007-01-10 12:30:00.0,Intermediário
1.7319,1.73378,2007-01-10 13:07:00.0,Intermediário
1.72759,1.72961,2007-01-10 13:30:00.0,Intermediário
1.7294,1.73128,2007-01-10 14:00:00.0,Intermediário
1.72682,1.73051,2007-01-10 14:30:00.0,Intermediário
1.72724,1.72912,2007-01-10 15:00:00.0,Intermediário
1.72699,1.72915,2007-01-10 15:30:00.0,Intermediário
1.72281,1.72483,2007-01-10 16:00:00.0,Intermediário
1.72281,1.7243,2007-01-10 16:30:00.0,Fechamento Interbancário
1.72826,1.7296,2007-01-10 17:36:00.0,Fechamento
1.71988,1.72818,2007-01-11 09:23:00.0,Abertura
1.72187,1.72375,2007-01-11 09:30:00.0,Intermediário
1.72096,1.7227,2007-01-11 10:00:00.0,Intermediário
1.7283,1.72979,2007-01-11 10:30:00.0,Intermediário
1.73,1.73174,2007-01-11 11:00:00.0,Intermediário
1.72972,1.73188,2007-01-11 11:30:00.0,Intermediário
1.7235,1.72552,2007-01-11 12:00:00.0,Intermediário
1.72134,1.72242,2007-01-11 12:30:00.0,Intermediário
1.7196,1.72109,2007-01-11 13:00:00.0,Intermediário
1.71451,1.71566,2007-01-11 13:30:00.0,Intermediário
1.71561,1.71682,2007-01-11 14:00:00.0,Intermediário
1.71644,1.71765,2007-01-11 14:30:00.0,Intermediário
1.7182,1.71941,2007-01-11 15:00:00.0,Intermediário
1.71861,1.71969,2007-01-11 15:30:00.0,Intermediário
1.71754,1.71983,2007-01-11 16:00:00.0,Intermediário
1.71616,1.71817,2007-01-11 16:30:00.0,Fechamento Interbancário
1.71752,1.71857,2007-01-11 17:32:00.0,Fechamento
1.71362,1.72232,2007-01-12 09:22:00.0,Abertura
1.71602,1.7179,2007-01-12 09:30:00.0,Intermediário
1.7152,1.71749,2007-01-12 10:00:00.0,Intermediário
1.71383,1.71531,2007-01-12 10:31:00.0,Intermediário
1.71102,1.71317,2007-01-12 11:00:00.0,Intermediário
1.71237,1.71465,2007-01-12 11:30:00.0,Intermediário
1.71618,1.71834,2007-01-12 12:00:00.0,Intermediário
1.71703,1.71852,2007-01-12 12:30:00.0,Intermediário
1.71736,1.72034,2007-01-12 13:00:00.0,Intermediário
1.71667,1.71848,2007-01-12 13:30:00.0,Intermediário
1.71571,1.71772,2007-01-12 14:00:00.0,Intermediário
1.71474,1.71703,2007-01-12 14:30:00.0,Intermediário
1.71417,1.71632,2007-01-12 15:00:00.0,Intermediário
1.71406,1.71648,2007-01-12 15:30:00.0,Intermediário
1.71337,1.71486,2007-01-12 16:00:00.0,Intermediário
1.71419,1.71541,2007-01-12 16:30:00.0,Fechamento Interbancário
1.71524,1.71629,2007-01-12 17:33:00.0,Fechamento
1.71445,1.72317,2007-01-15 09:21:00.0,Abertura
1.71672,1.71901,2007-01-15 09:34:00.0,Intermediário
1.71727,1.71929,2007-01-15 10:00:00.0,Intermediário
1.71724,1.71846,2007-01-15 10:30:00.0,Intermediário
1.71791,1.71913,2007-01-15 11:00:00.0,Intermediário
1.71575,1.71777,2007-01-15 11:30:00.0,Intermediário
1.71614,1.71763,2007-01-15 12:00:00.0,Intermediário
1.71626,1.71747,2007-01-15 12:30:00.0,Intermediário
1.71433,1.71568,2007-01-15 13:00:00.0,Intermediário
1.71488,1.71623,2007-01-15 13:30:00.0,Intermediário
1.71516,1.71665,2007-01-15 14:00:00.0,Intermediário
1.71543,1.71665,2007-01-15 14:30:00.0,Intermediário
1.71568,1.71717,2007-01-15 15:00:00.0,Intermediário
1.71392,1.71527,2007-01-15 15:30:00.0,Intermediário
1.7139,1.71591,2007-01-15 16:00:00.0,Intermediário
1.71417,1.71632,2007-01-15 16:30:00.0,Fechamento Interbancário
1.71329,1.71448,2007-01-15 17:40:00.0,Fechamento
1.71826,1.72686,2007-01-16 09:22:00.0,Abertura
1.72217,1.72419,2007-01-16 09:30:00.0,Intermediário
1.72134,1.72364,2007-01-16 10:00:00.0,Intermediário
1.72372,1.72602,2007-01-16 10:30:00.0,Intermediário
1.72195,1.72345,2007-01-16 11:00:00.0,Intermediário
1.72096,1.72197,2007-01-16 11:30:00.0,Intermediário
1.72043,1.72231,2007-01-16 12:00:00.0,Intermediário
1.71891,1.7219,2007-01-16 12:30:00.0,Intermediário
1.71756,1.71958,2007-01-16 13:00:00.0,Intermediário
1.71839,1.72082,2007-01-16 13:30:00.0,Intermediário
1.71646,1.71875,2007-01-16 14:00:00.0,Intermediário
1.72043,1.72137,2007-01-16 14:30:00.0,Intermediário
1.71618,1.7185,2007-01-16 15:00:00.0,Intermediário
1.71623,1.71731,2007-01-16 15:30:00.0,Intermediário
1.71243,1.71365,2007-01-16 16:00:00.0,Intermediário
1.71353,1.71527,2007-01-16 16:30:00.0,Fechamento Interbancário
1.71708,1.71799,2007-01-16 17:44:00.0,Fechamento
1.70695,1.71536,2007-01-17 09:22:00.0,Abertura
1.70976,1.71163,2007-01-17 09:30:00.0,Intermediário
1.70974,1.71175,2007-01-17 10:00:00.0,Intermediário
1.71001,1.7115,2007-01-17 10:30:00.0,Intermediário
1.71054,1.71202,2007-01-17 11:00:00.0,Intermediário
1.70755,1.70903,2007-01-17 11:30:00.0,Intermediário
1.71097,1.71232,2007-01-17 12:01:00.0,Intermediário
1.70948,1.7115,2007-01-17 12:30:00.0,Intermediário
1.71117,1.71266,2007-01-17 13:00:00.0,Intermediário
1.71103,1.71252,2007-01-17 13:30:00.0,Intermediário
1.71309,1.71417,2007-01-17 14:00:00.0,Intermediário
1.71105,1.71307,2007-01-17 14:30:00.0,Intermediário
1.7116,1.71403,2007-01-17 15:00:00.0,Intermediário
1.7108,1.71195,2007-01-17 15:30:00.0,Intermediário
1.71051,1.71172,2007-01-17 16:00:00.0,Intermediário
1.71268,1.7139,2007-01-17 16:30:00.0,Fechamento Interbancário
1.71284,1.7139,2007-01-17 17:40:00.0,Fechamento
1.70063,1.70917,2007-01-18 09:24:00.0,Abertura
1.70317,1.70483,2007-01-18 09:30:00.0,Intermediário
1.70422,1.70623,2007-01-18 10:00:00.0,Intermediário
1.70245,1.70393,2007-01-18 10:30:00.0,Intermediário
1.7022,1.70354,2007-01-18 11:00:00.0,Intermediário
1.69978,1.7026,2007-01-18 11:30:00.0,Intermediário
1.69765,1.70114,2007-01-18 12:00:00.0,Intermediário
1.7042,1.70601,2007-01-18 12:30:00.0,Intermediário
1.70482,1.70929,2007-01-18 13:00:00.0,Intermediário
1.70618,1.70847,2007-01-18 13:30:00.0,Intermediário
1.70536,1.70765,2007-01-18 14:00:00.0,Intermediário
1.70724,1.70911,2007-01-18 14:30:00.0,Intermediário
1.70439,1.70587,2007-01-18 15:00:00.0,Intermediário
1.70669,1.7087,2007-01-18 15:30:00.0,Intermediário
1.70763,1.70978,2007-01-18 16:00:00.0,Intermediário
1.70829,1.7095,2007-01-18 16:30:00.0,Fechamento Interbancário
1.70677,1.70782,2007-01-18 17:37:00.0,Fechamento
1.70509,1.71378,2007-01-19 09:22:00.0,Abertura
1.70859,1.7106,2007-01-19 09:30:00.0,Intermediário
1.70708,1.70909,2007-01-19 10:00:00.0,Intermediário
1.70831,1.70939,2007-01-19 10:30:00.0,Intermediário
1.70726,1.70913,2007-01-19 11:00:00.0,Intermediário
1.70644,1.70738,2007-01-19 11:30:00.0,Intermediário
1.70615,1.70749,2007-01-19 12:00:00.0,Intermediário
1.70279,1.70427,2007-01-19 12:30:00.0,Intermediário
1.69968,1.70264,2007-01-19 13:00:00.0,Intermediário
1.69832,1.70182,2007-01-19 13:30:00.0,Intermediário
1.7024,1.70427,2007-01-19 14:00:00.0,Intermediário
1.7024,1.70441,2007-01-19 14:30:00.0,Intermediário
1.70634,1.70748,2007-01-19 15:00:00.0,Intermediário
1.70607,1.70728,2007-01-19 15:30:00.0,Intermediário
1.7062,1.70755,2007-01-19 16:00:00.0,Intermediário
1.70675,1.70796,2007-01-19 16:30:00.0,Fechamento Interbancário
1.70747,1.70852,2007-01-19 17:36:00.0,Fechamento
1.69772,1.7064,2007-01-22 09:22:00.0,Abertura
1.70012,1.70213,2007-01-22 09:30:00.0,Intermediário
1.70277,1.70478,2007-01-22 10:00:00.0,Intermediário
1.70345,1.70519,2007-01-22 10:30:00.0,Intermediário
1.70155,1.70369,2007-01-22 11:00:00.0,Intermediário
1.70197,1.70305,2007-01-22 11:30:00.0,Intermediário
1.70277,1.70492,2007-01-22 12:00:00.0,Intermediário
1.70264,1.70465,2007-01-22 12:30:00.0,Intermediário
1.70439,1.70654,2007-01-22 13:00:00.0,Intermediário
1.70385,1.70613,2007-01-22 13:30:00.0,Intermediário
1.70644,1.70831,2007-01-22 14:00:00.0,Intermediário
1.70738,1.70872,2007-01-22 14:30:00.0,Intermediário
1.70898,1.71019,2007-01-22 15:00:00.0,Intermediário
1.70925,1.71046,2007-01-22 15:30:00.0,Intermediário
1.70923,1.71117,2007-01-22 16:00:00.0,Intermediário
1.70937,1.71138,2007-01-22 16:30:00.0,Fechamento Interbancário
1.70689,1.70794,2007-01-22 17:37:00.0,Fechamento
1.71523,1.72369,2007-01-23 09:21:00.0,Abertura
1.71751,1.71967,2007-01-23 09:30:00.0,Intermediário
1.72105,1.72336,2007-01-23 10:00:00.0,Intermediário
1.72144,1.72333,2007-01-23 10:30:00.0,Intermediário
1.72175,1.72325,2007-01-23 11:00:00.0,Intermediário
1.72064,1.72214,2007-01-23 11:30:00.0,Intermediário
1.72353,1.72542,2007-01-23 12:00:00.0,Intermediário
1.72514,1.7265,2007-01-23 12:30:00.0,Intermediário
1.72369,1.72506,2007-01-23 13:00:00.0,Intermediário
1.72425,1.72561,2007-01-23 13:30:00.0,Intermediário
1.723,1.72422,2007-01-23 14:00:00.0,Intermediário
1.72189,1.72325,2007-01-23 14:30:00.0,Intermediário
1.72083,1.72272,2007-01-23 15:00:00.0,Intermediário
1.72039,1.72286,2007-01-23 15:30:00.0,Intermediário
1.71797,1.72014,2007-01-23 16:00:00.0,Intermediário
1.71714,1.71972,2007-01-23 16:30:00.0,Fechamento Interbancário
1.72036,1.72198,2007-01-23 17:36:00.0,Fechamento
1.70505,1.71362,2007-01-24 09:22:00.0,Abertura
1.70595,1.70796,2007-01-24 09:30:00.0,Intermediário
1.70675,1.70783,2007-01-24 10:00:00.0,Intermediário
1.70802,1.70924,2007-01-24 10:30:00.0,Intermediário
1.70789,1.7091,2007-01-24 11:00:00.0,Intermediário
1.70747,1.70855,2007-01-24 11:30:00.0,Intermediário
1.70476,1.70663,2007-01-24 12:00:00.0,Intermediário
1.7031,1.70634,2007-01-24 12:30:00.0,Intermediário
1.70433,1.70634,2007-01-24 13:00:00.0,Intermediário
1.70486,1.70673,2007-01-24 13:30:00.0,Intermediário
1.70445,1.70673,2007-01-24 14:00:00.0,Intermediário
1.70329,1.70536,2007-01-24 14:30:00.0,Intermediário
1.70417,1.70659,2007-01-24 15:00:00.0,Intermediário
1.70477,1.70618,2007-01-24 15:30:00.0,Intermediário
1.70308,1.70429,2007-01-24 16:00:00.0,Intermediário
1.70294,1.70402,2007-01-24 16:30:00.0,Fechamento Interbancário
1.70278,1.7037,2007-01-24 17:36:00.0,Fechamento
1.70553,1.71412,2007-01-25 09:24:00.0,Abertura
1.70712,1.70983,2007-01-25 09:30:00.0,Intermediário
1.70751,1.709,2007-01-25 10:00:00.0,Intermediário
1.70676,1.70763,2007-01-25 10:30:00.0,Intermediário
1.70548,1.70736,2007-01-25 11:00:00.0,Intermediário
1.70685,1.70887,2007-01-25 11:30:00.0,Intermediário
1.70891,1.71093,2007-01-25 12:00:00.0,Intermediário
1.70887,1.71116,2007-01-25 12:30:00.0,Intermediário
1.70953,1.71197,2007-01-25 13:00:00.0,Intermediário
1.70898,1.71128,2007-01-25 13:30:00.0,Intermediário
1.70857,1.71031,2007-01-25 14:14:00.0,Intermediário
1.70912,1.71141,2007-01-25 14:30:00.0,Intermediário
1.711,1.71236,2007-01-25 15:00:00.0,Intermediário
1.713,1.71502,2007-01-25 15:30:00.0,Intermediário
1.71167,1.71383,2007-01-25 16:00:00.0,Intermediário
1.71328,1.7153,2007-01-25 16:30:00.0,Fechamento Interbancário
1.7095,1.71055,2007-01-25 17:34:00.0,Fechamento
1.69735,1.70613,2007-01-26 09:26:00.0,Abertura
1.69947,1.7016,2007-01-26 09:30:00.0,Intermediário
1.70131,1.70238,2007-01-26 10:00:00.0,Intermediário
1.69974,1.70174,2007-01-26 10:52:00.0,Intermediário
1.70253,1.70388,2007-01-26 11:00:00.0,Intermediário
1.69918,1.70131,2007-01-26 11:30:00.0,Intermediário
1.7027,1.70418,2007-01-26 12:00:00.0,Intermediário
1.70043,1.70257,2007-01-26 12:30:00.0,Intermediário
1.70035,1.70242,2007-01-26 13:00:00.0,Intermediário
1.70204,1.70405,2007-01-26 13:30:00.0,Intermediário
1.70136,1.70323,2007-01-26 14:00:00.0,Intermediário
1.70259,1.70459,2007-01-26 14:30:00.0,Intermediário
1.70296,1.70537,2007-01-26 15:00:00.0,Intermediário
1.70298,1.70418,2007-01-26 15:30:00.0,Intermediário
1.70349,1.70483,2007-01-26 16:00:00.0,Intermediário
1.70442,1.70656,2007-01-26 16:46:00.0,Fechamento Interbancário
1.70298,1.70416,2007-01-26 17:35:00.0,Fechamento
1.69867,1.70704,2007-01-29 09:23:00.0,Abertura
1.7016,1.70388,2007-01-29 09:30:00.0,Intermediário
1.70106,1.70333,2007-01-29 10:00:00.0,Intermediário
1.7004,1.7024,2007-01-29 10:30:00.0,Intermediário
1.69972,1.70092,2007-01-29 11:00:00.0,Intermediário
1.70079,1.70186,2007-01-29 11:30:00.0,Intermediário
1.70172,1.7032,2007-01-29 12:00:00.0,Intermediário
1.70159,1.70306,2007-01-29 12:30:00.0,Intermediário
1.70308,1.70415,2007-01-29 13:00:00.0,Intermediário
1.70308,1.70415,2007-01-29 13:30:00.0,Intermediário
1.70226,1.70347,2007-01-29 14:00:00.0,Intermediário
1.70321,1.70428,2007-01-29 14:30:00.0,Intermediário
1.70537,1.70765,2007-01-29 15:00:00.0,Intermediário
1.70553,1.70753,2007-01-29 15:30:00.0,Intermediário
1.7031,1.7043,2007-01-29 16:00:00.0,Intermediário
1.70028,1.70148,2007-01-29 16:30:00.0,Fechamento Interbancário
1.70203,1.70308,2007-01-29 17:35:00.0,Fechamento
1.70057,1.70922,2007-01-30 09:23:00.0,Abertura
1.70337,1.70578,2007-01-30 09:30:00.0,Intermediário
1.7033,1.70523,2007-01-30 10:00:00.0,Intermediário
1.7027,1.70405,2007-01-30 10:30:00.0,Intermediário
1.70611,1.70732,2007-01-30 11:00:00.0,Intermediário
1.7042,1.70663,2007-01-30 11:30:00.0,Intermediário
1.7042,1.70554,2007-01-30 12:00:00.0,Intermediário
1.70449,1.70611,2007-01-30 12:30:00.0,Intermediário
1.69798,1.71087,2007-01-30 13:00:00.0,Intermediário
1.7032,1.70514,2007-01-30 13:30:00.0,Intermediário
1.70177,1.70418,2007-01-30 14:00:00.0,Intermediário
1.7026,1.70447,2007-01-30 14:30:00.0,Intermediário
1.70124,1.70259,2007-01-30 15:00:00.0,Intermediário
1.69953,1.70101,2007-01-30 15:30:00.0,Intermediário
1.69899,1.70099,2007-01-30 16:00:00.0,Intermediário
1.69939,1.7014,2007-01-30 16:30:00.0,Fechamento Interbancário
1.70187,1.70291,2007-01-30 17:48:00.0,Fechamento
1.69485,1.70323,2007-01-31 09:19:00.0,Abertura
1.69856,1.70084,2007-01-31 09:30:00.0,Intermediário
1.69911,1.70058,2007-01-31 10:00:00.0,Intermediário
1.69792,1.69919,2007-01-31 10:30:00.0,Intermediário
1.69834,1.69954,2007-01-31 11:00:00.0,Intermediário
1.69686,1.70412,2007-01-31 11:30:00.0,Intermediário
1.69364,1.69512,2007-01-31 12:00:00.0,Intermediário
1.69432,1.69566,2007-01-31 12:30:00.0,Intermediário
1.69823,1.69944,2007-01-31 13:00:00.0,Intermediário
1.69783,1.69903,2007-01-31 13:30:00.0,Intermediário
1.70179,1.703,2007-01-31 14:00:00.0,Intermediário
1.70356,1.70571,2007-01-31 14:30:00.0,Intermediário
1.70127,1.70356,2007-01-31 15:00:00.0,Intermediário
1.70262,1.70383,2007-01-31 15:30:00.0,Intermediário
1.70221,1.70507,2007-01-31 16:01:00.0,Intermediário
1.70276,1.70411,2007-01-31 16:30:00.0,Fechamento Interbancário
1.70348,1.70467,2007-01-31 17:39:00.0,Fechamento
1.69881,1.70774,2007-02-01 09:13:00.0,Abertura
1.70163,1.70379,2007-02-01 09:30:00.0,Intermediário
1.6999,1.70179,2007-02-01 10:00:00.0,Intermediário
1.6991,1.70045,2007-02-01 10:30:00.0,Intermediário
1.69562,1.69845,2007-02-01 11:00:00.0,Intermediário
1.69754,1.7085,2007-02-01 11:30:00.0,Intermediário
1.69752,1.6986,2007-02-01 12:00:00.0,Intermediário
1.69644,1.69874,2007-02-01 12:30:00.0,Intermediário
1.69431,1.69634,2007-02-01 13:00:00.0,Intermediário
1.69459,1.69567,2007-02-01 13:30:00.0,Intermediário
1.69268,1.69389,2007-02-01 14:00:00.0,Intermediário
1.69254,1.69483,2007-02-01 14:30:00.0,Intermediário
1.69509,1.69658,2007-02-01 15:00:00.0,Intermediário
1.69509,1.69658,2007-02-01 15:30:00.0,Intermediário
1.68851,1.68999,2007-02-01 16:00:00.0,Intermediário
1.68966,1.69081,2007-02-01 16:30:00.0,Fechamento Interbancário
1.6965,1.69749,2007-02-01 17:47:00.0,Fechamento
1.6778,1.68652,2007-02-02 09:12:00.0,Abertura
1.67472,1.68318,2007-02-02 09:30:00.0,Intermediário
1.67914,1.68277,2007-02-02 10:00:00.0,Intermediário
1.67854,1.68035,2007-02-02 10:30:00.0,Intermediário
1.68236,1.68478,2007-02-02 11:00:00.0,Intermediário
1.68626,1.68829,2007-02-02 11:30:00.0,Intermediário
1.67941,1.68157,2007-02-02 12:01:00.0,Intermediário
1.68164,1.68337,2007-02-02 12:30:00.0,Intermediário
1.68473,1.68674,2007-02-02 13:00:00.0,Intermediário
1.68506,1.68673,2007-02-02 13:30:00.0,Intermediário
1.68458,1.68673,2007-02-02 14:00:00.0,Intermediário
1.68458,1.68673,2007-02-02 14:30:00.0,Intermediário
1.68069,1.68297,2007-02-02 15:00:00.0,Intermediário
1.68551,1.68685,2007-02-02 15:30:00.0,Intermediário
1.68254,1.68615,2007-02-02 16:00:00.0,Intermediário
1.68455,1.68655,2007-02-02 16:30:00.0,Fechamento Interbancário
1.67926,1.68031,2007-02-02 17:35:00.0,Fechamento
1.67839,1.68693,2007-02-05 09:22:00.0,Abertura
1.68052,1.68253,2007-02-05 09:30:00.0,Intermediário
1.68132,1.68333,2007-02-05 10:00:00.0,Intermediário
1.67891,1.68091,2007-02-05 10:41:00.0,Intermediário
1.67666,1.67893,2007-02-05 11:00:00.0,Intermediário
1.67506,1.67733,2007-02-05 11:30:00.0,Intermediário
1.67266,1.674,2007-02-05 12:00:00.0,Intermediário
1.67587,1.67814,2007-02-05 12:30:00.0,Intermediário
1.67533,1.67774,2007-02-05 13:00:00.0,Intermediário
1.67775,1.67962,2007-02-05 13:30:00.0,Intermediário
1.67721,1.67962,2007-02-05 14:00:00.0,Intermediário
1.67641,1.67841,2007-02-05 14:40:00.0,Intermediário
1.67641,1.67774,2007-02-05 15:00:00.0,Intermediário
1.67815,1.68002,2007-02-05 15:37:00.0,Intermediário
1.67561,1.67775,2007-02-05 16:00:00.0,Intermediário
1.67641,1.67728,2007-02-05 16:30:00.0,Fechamento Interbancário
1.67849,1.6792,2007-02-05 17:39:00.0,Fechamento
1.66707,1.67537,2007-02-06 09:21:00.0,Abertura
1.66841,1.67068,2007-02-06 09:30:00.0,Intermediário
1.66961,1.67109,2007-02-06 10:00:00.0,Intermediário
1.66908,1.67122,2007-02-06 10:30:00.0,Intermediário
1.67109,1.67256,2007-02-06 11:00:00.0,Intermediário
1.67149,1.6735,2007-02-06 11:30:00.0,Intermediário
1.66948,1.67135,2007-02-06 12:00:00.0,Intermediário
1.67055,1.67176,2007-02-06 12:30:00.0,Intermediário
1.67216,1.67417,2007-02-06 13:00:00.0,Intermediário
1.67109,1.67323,2007-02-06 13:30:00.0,Intermediário
1.67149,1.6735,2007-02-06 14:00:00.0,Intermediário
1.67376,1.67497,2007-02-06 14:30:00.0,Intermediário
1.67672,1.67793,2007-02-06 15:00:00.0,Intermediário
1.67996,1.68104,2007-02-06 15:30:00.0,Intermediário
1.68023,1.68131,2007-02-06 16:00:00.0,Intermediário
1.68118,1.68239,2007-02-06 16:30:00.0,Fechamento Interbancário
1.67916,1.68022,2007-02-06 17:40:00.0,Fechamento
1.67258,1.68132,2007-02-07 09:26:00.0,Abertura
1.67459,1.67688,2007-02-07 09:30:00.0,Intermediário
1.67715,1.67823,2007-02-07 10:00:00.0,Intermediário
1.6758,1.67728,2007-02-07 10:30:00.0,Intermediário
1.67728,1.6789,2007-02-07 11:00:00.0,Intermediário
1.6731,1.6785,2007-02-07 11:30:00.0,Intermediário
1.67621,1.67836,2007-02-07 12:00:00.0,Intermediário
1.67877,1.68079,2007-02-07 12:30:00.0,Intermediário
1.68012,1.68254,2007-02-07 13:00:00.0,Intermediário
1.68039,1.68214,2007-02-07 13:30:00.0,Intermediário
1.67957,1.68146,2007-02-07 14:00:00.0,Intermediário
1.68012,1.68214,2007-02-07 14:30:00.0,Intermediário
1.68172,1.68267,2007-02-07 15:00:00.0,Intermediário
1.68226,1.68347,2007-02-07 15:30:00.0,Intermediário
1.68722,1.68844,2007-02-07 16:00:00.0,Intermediário
1.68614,1.68736,2007-02-07 16:30:00.0,Fechamento Interbancário
1.68002,1.68107,2007-02-07 17:36:00.0,Fechamento
1.67267,1.68122,2007-02-08 09:12:00.0,Abertura
1.67454,1.67681,2007-02-08 09:30:00.0,Intermediário
1.67481,1.67654,2007-02-08 10:00:00.0,Intermediário
1.674,1.67587,2007-02-08 10:30:00.0,Intermediário
1.67733,1.67947,2007-02-08 11:00:00.0,Intermediário
1.67761,1.67995,2007-02-08 11:30:00.0,Intermediário
1.67934,1.68041,2007-02-08 12:00:00.0,Intermediário
1.68029,1.6823,2007-02-08 12:30:00.0,Intermediário
1.68136,1.6835,2007-02-08 13:00:00.0,Intermediário
1.68379,1.68634,2007-02-08 13:30:00.0,Intermediário
1.68392,1.68621,2007-02-08 14:00:00.0,Intermediário
1.68324,1.68633,2007-02-08 14:30:00.0,Intermediário
1.6823,1.68351,2007-02-08 15:00:00.0,Intermediário
1.67816,1.68044,2007-02-08 15:30:00.0,Intermediário
1.67762,1.67963,2007-02-08 16:00:00.0,Intermediário
1.67789,1.67896,2007-02-08 16:30:00.0,Fechamento Interbancário
1.67893,1.67984,2007-02-08 17:48:00.0,Fechamento
1.67493,1.6836,2007-02-09 09:15:00.0,Abertura
1.67853,1.68067,2007-02-09 09:30:00.0,Intermediário
1.67839,1.67973,2007-02-09 10:00:00.0,Intermediário
1.6804,1.6824,2007-02-09 10:30:00.0,Intermediário
1.68,1.68107,2007-02-09 11:14:00.0,Intermediário
1.68309,1.68537,2007-02-09 11:30:00.0,Intermediário
1.68161,1.68309,2007-02-09 12:00:00.0,Intermediário
1.67839,1.68067,2007-02-09 12:42:00.0,Intermediário
1.67866,1.68174,2007-02-09 13:00:00.0,Intermediário
1.67759,1.67999,2007-02-09 13:30:00.0,Intermediário
1.67947,1.68147,2007-02-09 14:00:00.0,Intermediário
1.67947,1.68174,2007-02-09 14:30:00.0,Intermediário
1.68,1.68362,2007-02-09 15:00:00.0,Intermediário
1.68161,1.68389,2007-02-09 15:30:00.0,Intermediário
1.68802,1.6895,2007-02-09 16:00:00.0,Intermediário
1.68789,1.68909,2007-02-09 16:30:00.0,Fechamento Interbancário
1.68348,1.68453,2007-02-09 17:40:00.0,Fechamento
1.68288,1.69113,2007-02-12 09:25:00.0,Abertura
1.68474,1.68687,2007-02-12 09:30:00.0,Intermediário
1.68461,1.6866,2007-02-12 10:00:00.0,Intermediário
1.68766,1.68886,2007-02-12 10:30:00.0,Intermediário
1.68529,1.68729,2007-02-12 11:01:00.0,Intermediário
1.68501,1.68634,2007-02-12 11:31:00.0,Intermediário
1.68382,1.68582,2007-02-12 12:09:00.0,Intermediário
1.6849,1.68677,2007-02-12 12:30:00.0,Intermediário
1.68783,1.68997,2007-02-12 13:00:00.0,Intermediário
1.68649,1.68903,2007-02-12 13:30:00.0,Intermediário
1.68689,1.68876,2007-02-12 14:00:00.0,Intermediário
1.68888,1.69061,2007-02-12 14:30:00.0,Intermediário
1.68555,1.68781,2007-02-12 15:00:00.0,Intermediário
1.68608,1.68808,2007-02-12 15:30:00.0,Intermediário
1.68608,1.68769,2007-02-12 16:00:00.0,Intermediário
1.68608,1.68755,2007-02-12 16:30:00.0,Fechamento Interbancário
1.68624,1.68755,2007-02-12 17:53:00.0,Fechamento
1.68788,1.69629,2007-02-13 09:24:00.0,Abertura
1.69242,1.69363,2007-02-13 09:30:00.0,Intermediário
1.6887,1.69057,2007-02-13 10:08:00.0,Intermediário
1.69004,1.69152,2007-02-13 10:30:00.0,Intermediário
1.68778,1.69006,2007-02-13 11:00:00.0,Intermediário
1.68981,1.6921,2007-02-13 11:30:00.0,Intermediário
1.68967,1.69168,2007-02-13 12:00:00.0,Intermediário
1.69127,1.69248,2007-02-13 12:30:00.0,Intermediário
1.68696,1.6891,2007-02-13 13:00:00.0,Intermediário
1.68615,1.68816,2007-02-13 13:30:00.0,Intermediário
1.68561,1.68762,2007-02-13 14:00:00.0,Intermediário
1.68587,1.68788,2007-02-13 14:30:00.0,Intermediário
1.68762,1.68962,2007-02-13 15:00:00.0,Intermediário
1.68828,1.68976,2007-02-13 15:30:00.0,Intermediário
1.68843,1.69043,2007-02-13 16:00:00.0,Intermediário
1.68708,1.68896,2007-02-13 16:30:00.0,Fechamento Interbancário
1.68789,1.6888,2007-02-13 17:43:00.0,Fechamento
1.68838,1.6967,2007-02-14 09:22:00.0,Abertura
1.69025,1.69268,2007-02-14 09:30:00.0,Intermediário
1.69212,1.694,2007-02-14 10:00:00.0,Intermediário
1.69211,1.69413,2007-02-14 10:30:00.0,Intermediário
1.69347,1.69468,2007-02-14 11:16:00.0,Intermediário
1.69147,1.69241,2007-02-14 11:30:00.0,Intermediário
1.69013,1.69378,2007-02-14 12:00:00.0,Intermediário
1.68973,1.69257,2007-02-14 12:30:00.0,Intermediário
1.68865,1.69066,2007-02-14 13:12:00.0,Intermediário
1.69466,1.69668,2007-02-14 13:39:00.0,Intermediário
1.69165,1.69367,2007-02-14 14:00:00.0,Intermediário
1.69031,1.6952,2007-02-14 14:30:00.0,Intermediário
1.69192,1.69314,2007-02-14 15:00:00.0,Intermediário
1.69151,1.69273,2007-02-14 15:30:00.0,Intermediário
1.68562,1.6867,2007-02-14 16:00:00.0,Intermediário
1.68588,1.68696,2007-02-14 16:30:00.0,Fechamento Interbancário
1.69249,1.69341,2007-02-14 17:45:00.0,Fechamento
1.68159,1.68994,2007-02-15 09:20:00.0,Abertura
1.68531,1.68726,2007-02-15 09:30:00.0,Intermediário
1.68538,1.6874,2007-02-15 10:00:00.0,Intermediário
1.68349,1.68578,2007-02-15 10:30:00.0,Intermediário
1.68349,1.68565,2007-02-15 11:00:00.0,Intermediário
1.68443,1.68646,2007-02-15 11:30:00.0,Intermediário
1.68674,1.68823,2007-02-15 12:00:00.0,Intermediário
1.68743,1.68932,2007-02-15 12:30:00.0,Intermediário
1.68836,1.69108,2007-02-15 13:00:00.0,Intermediário
1.68959,1.69068,2007-02-15 13:30:00.0,Intermediário
1.68932,1.69054,2007-02-15 14:00:00.0,Intermediário
1.68932,1.69121,2007-02-15 14:30:00.0,Intermediário
1.68932,1.69109,2007-02-15 15:00:00.0,Intermediário
1.69149,1.69352,2007-02-15 15:30:00.0,Intermediário
1.69268,1.69383,2007-02-15 16:00:00.0,Intermediário
1.69378,1.695,2007-02-15 16:30:00.0,Fechamento Interbancário
1.69038,1.69144,2007-02-15 17:35:00.0,Fechamento
1.68525,1.69387,2007-02-16 09:21:00.0,Abertura
1.68767,1.6897,2007-02-16 09:30:00.0,Intermediário
1.68987,1.69095,2007-02-16 10:00:00.0,Intermediário
1.68958,1.69175,2007-02-16 10:30:00.0,Intermediário
1.68823,1.68972,2007-02-16 11:00:00.0,Intermediário
1.69124,1.69259,2007-02-16 11:30:00.0,Intermediário
1.68903,1.69052,2007-02-16 12:00:00.0,Intermediário
1.68659,1.68889,2007-02-16 12:30:00.0,Intermediário
1.68945,1.69243,2007-02-16 13:00:00.0,Intermediário
1.6889,1.6912,2007-02-16 13:30:00.0,Intermediário
1.69013,1.69216,2007-02-16 14:00:00.0,Intermediário
1.69075,1.69271,2007-02-16 14:30:00.0,Intermediário
1.69272,1.69571,2007-02-16 15:00:00.0,Intermediário
1.69461,1.69584,2007-02-16 15:30:00.0,Intermediário
1.69334,1.6953,2007-02-16 16:00:00.0,Intermediário
1.69463,1.69666,2007-02-16 16:30:00.0,Fechamento Interbancário
1.69422,1.69528,2007-02-16 17:34:00.0,Fechamento
1.68388,1.69236,2007-02-21 12:22:00.0,Abertura
1.68751,1.68953,2007-02-21 12:30:00.0,Intermediário
1.68737,1.68966,2007-02-21 13:00:00.0,Intermediário
1.68174,1.68295,2007-02-21 13:30:00.0,Intermediário
1.67877,1.68065,2007-02-21 14:00:00.0,Intermediário
1.67864,1.68052,2007-02-21 14:30:00.0,Intermediário
1.67796,1.68025,2007-02-21 15:00:00.0,Intermediário
1.67755,1.67985,2007-02-21 15:30:00.0,Intermediário
1.67595,1.67797,2007-02-21 16:00:00.0,Intermediário
1.67622,1.67851,2007-02-21 16:30:00.0,Fechamento Interbancário
1.67897,1.68029,2007-02-21 17:35:00.0,Fechamento
1.66586,1.67458,2007-02-22 09:23:00.0,Abertura
1.6676,1.66988,2007-02-22 09:30:00.0,Intermediário
1.66117,1.66358,2007-02-22 10:00:00.0,Intermediário
1.66171,1.66398,2007-02-22 10:30:00.0,Intermediário
1.66546,1.6664,2007-02-22 11:00:00.0,Intermediário
1.66667,1.66801,2007-02-22 11:30:00.0,Intermediário
1.66667,1.66787,2007-02-22 12:00:00.0,Intermediário
1.66734,1.66841,2007-02-22 12:30:00.0,Intermediário
1.66734,1.66975,2007-02-22 13:00:00.0,Intermediário
1.66828,1.67056,2007-02-22 13:30:00.0,Intermediário
1.66828,1.67029,2007-02-22 14:00:00.0,Intermediário
1.6738,1.6761,2007-02-22 14:30:00.0,Intermediário
1.67528,1.67737,2007-02-22 15:00:00.0,Intermediário
1.67487,1.67703,2007-02-22 15:30:00.0,Intermediário
1.6785,1.68052,2007-02-22 16:00:00.0,Intermediário
1.68148,1.68297,2007-02-22 16:30:00.0,Fechamento Interbancário
1.67728,1.6786,2007-02-22 17:36:00.0,Fechamento
1.67534,1.68388,2007-02-23 09:22:00.0,Abertura
1.67809,1.68038,2007-02-23 09:30:00.0,Intermediário
1.67984,1.68105,2007-02-23 10:00:00.0,Intermediário
1.67822,1.6793,2007-02-23 10:30:00.0,Intermediário
1.67784,1.67972,2007-02-23 11:00:00.0,Intermediário
1.68012,1.68161,2007-02-23 11:30:00.0,Intermediário
1.68229,1.68418,2007-02-23 12:00:00.0,Intermediário
1.68581,1.68825,2007-02-23 12:30:00.0,Intermediário
1.68923,1.6914,2007-02-23 13:00:00.0,Intermediário
1.69383,1.69566,2007-02-23 13:30:00.0,Intermediário
1.69371,1.6956,2007-02-23 14:00:00.0,Intermediário
1.69439,1.6965,2007-02-23 14:30:00.0,Intermediário
1.69221,1.69438,2007-02-23 15:00:00.0,Intermediário
1.69453,1.69629,2007-02-23 15:30:00.0,Intermediário
1.69358,1.6967,2007-02-23 16:00:00.0,Intermediário
1.69413,1.69617,2007-02-23 16:30:00.0,Fechamento Interbancário
1.69332,1.69438,2007-02-23 17:38:00.0,Fechamento
1.68723,1.69575,2007-02-26 09:12:00.0,Abertura
1.69007,1.69225,2007-02-26 09:30:00.0,Intermediário
1.69051,1.69241,2007-02-26 10:00:00.0,Intermediário
1.68887,1.69105,2007-02-26 10:30:00.0,Intermediário
1.68847,1.69037,2007-02-26 11:00:00.0,Intermediário
1.68846,1.6905,2007-02-26 11:30:00.0,Intermediário
1.69022,1.69246,2007-02-26 12:00:00.0,Intermediário
1.6898,1.69197,2007-02-26 12:30:00.0,Intermediário
1.69143,1.69266,2007-02-26 13:00:00.0,Intermediário
1.69157,1.6928,2007-02-26 13:30:00.0,Intermediário
1.68958,1.69074,2007-02-26 14:00:00.0,Intermediário
1.69249,1.69481,2007-02-26 14:30:00.0,Intermediário
1.69413,1.69644,2007-02-26 15:00:00.0,Intermediário
1.69453,1.69712,2007-02-26 15:30:00.0,Intermediário
1.69007,1.69225,2007-02-26 16:00:00.0,Intermediário
1.6924,1.6939,2007-02-26 16:30:00.0,Fechamento Interbancário
1.69443,1.69577,2007-02-26 17:35:00.0,Fechamento
1.70708,1.71566,2007-02-27 09:10:00.0,Abertura
1.71321,1.71527,2007-02-27 09:30:00.0,Intermediário
1.7165,1.71816,2007-02-27 10:00:00.0,Intermediário
1.71805,1.71915,2007-02-27 10:30:00.0,Intermediário
1.72535,1.72756,2007-02-27 11:00:00.0,Intermediário
1.72326,1.72532,2007-02-27 11:30:00.0,Intermediário
1.72699,1.72905,2007-02-27 12:00:00.0,Intermediário
1.72222,1.72442,2007-02-27 12:30:00.0,Intermediário
1.72016,1.72222,2007-02-27 13:00:00.0,Intermediário
1.72086,1.72321,2007-02-27 13:30:00.0,Intermediário
1.72002,1.72208,2007-02-27 14:00:00.0,Intermediário
1.72354,1.72465,2007-02-27 14:30:00.0,Intermediário
1.73075,1.73228,2007-02-27 15:00:00.0,Intermediário
1.73132,1.73314,2007-02-27 15:30:00.0,Intermediário
1.73831,1.7397,2007-02-27 16:00:00.0,Intermediário
1.73888,1.74056,2007-02-27 16:30:00.0,Fechamento Interbancário
1.73076,1.73227,2007-02-27 17:43:00.0,Fechamento
1.73525,1.74386,2007-02-28 09:22:00.0,Abertura
1.74315,1.74507,2007-02-28 09:30:00.0,Intermediário
1.73571,1.73778,2007-02-28 10:00:00.0,Intermediário
1.7306,1.73742,2007-02-28 10:30:00.0,Intermediário
1.73326,1.73575,2007-02-28 11:00:00.0,Intermediário
1.73094,1.73308,2007-02-28 11:30:00.0,Intermediário
1.73482,1.73689,2007-02-28 12:00:00.0,Intermediário
1.73535,1.7377,2007-02-28 12:30:00.0,Intermediário
1.7325,1.73457,2007-02-28 13:00:00.0,Intermediário
1.72825,1.73017,2007-02-28 13:30:00.0,Intermediário
1.73165,1.73613,2007-02-28 14:09:00.0,Intermediário
1.73867,1.74073,2007-02-28 14:30:00.0,Intermediário
1.73624,1.7386,2007-02-28 15:00:00.0,Intermediário
1.73585,1.7371,2007-02-28 15:30:00.0,Intermediário
1.73927,1.7412,2007-02-28 16:00:00.0,Intermediário
1.73984,1.74206,2007-02-28 16:30:00.0,Fechamento Interbancário
1.73771,1.73894,2007-02-28 17:33:00.0,Fechamento
1.73457,1.74334,2007-03-01 09:19:00.0,Abertura
1.7376,1.73981,2007-03-01 09:30:00.0,Intermediário
1.7477,1.74963,2007-03-01 10:00:00.0,Intermediário
1.74906,1.75531,2007-03-01 10:30:00.0,Intermediário
1.74756,1.74977,2007-03-01 11:00:00.0,Intermediário
1.75345,1.75668,2007-03-01 11:30:00.0,Intermediário
1.75595,1.75788,2007-03-01 12:00:00.0,Intermediário
1.74473,1.74709,2007-03-01 12:30:00.0,Intermediário
1.73508,1.737,2007-03-01 13:00:00.0,Intermediário
1.73703,1.73881,2007-03-01 13:30:00.0,Intermediário
1.73604,1.73838,2007-03-01 14:00:00.0,Intermediário
1.73533,1.73938,2007-03-01 14:30:00.0,Intermediário
1.7322,1.73454,2007-03-01 15:00:00.0,Intermediário
1.73593,1.73717,2007-03-01 15:30:00.0,Intermediário
1.7328,1.73472,2007-03-01 16:00:00.0,Intermediário
1.73379,1.73586,2007-03-01 16:30:00.0,Fechamento Interbancário
1.73969,1.74077,2007-03-01 17:35:00.0,Fechamento
1.72913,1.73746,2007-03-02 09:16:00.0,Abertura
1.74276,1.74429,2007-03-02 09:30:00.0,Intermediário
1.73654,1.7386,2007-03-02 10:00:00.0,Intermediário
1.74226,1.74476,2007-03-02 10:30:00.0,Intermediário
1.74373,1.74565,2007-03-02 11:00:00.0,Intermediário
1.73767,1.73988,2007-03-02 11:30:00.0,Intermediário
1.7371,1.73902,2007-03-02 12:00:00.0,Intermediário
1.73667,1.7386,2007-03-02 12:30:00.0,Intermediário
1.73428,1.73635,2007-03-02 13:00:00.0,Intermediário
1.7371,1.73931,2007-03-02 13:30:00.0,Intermediário
1.73867,1.74102,2007-03-02 14:00:00.0,Intermediário
1.73824,1.74217,2007-03-02 14:30:00.0,Intermediário
1.74778,1.74986,2007-03-02 15:17:00.0,Intermediário
1.75271,1.75479,2007-03-02 15:30:00.0,Intermediário
1.75107,1.75286,2007-03-02 16:00:00.0,Intermediário
1.75164,1.75358,2007-03-02 16:30:00.0,Fechamento Interbancário
1.74885,1.74979,2007-03-02 17:34:00.0,Fechamento
1.75791,1.76654,2007-03-05 09:30:00.0,Abertura
1.76022,1.76244,2007-03-05 09:38:00.0,Intermediário
1.75561,1.75796,2007-03-05 10:00:00.0,Intermediário
1.7571,1.75902,2007-03-05 10:30:00.0,Intermediário
1.75104,1.7534,2007-03-05 11:00:00.0,Intermediário
1.75215,1.7545,2007-03-05 11:30:00.0,Intermediário
1.74926,1.75291,2007-03-05 12:02:00.0,Intermediário
1.74949,1.75184,2007-03-05 12:30:00.0,Intermediário
1.74738,1.74973,2007-03-05 13:00:00.0,Intermediário
1.74781,1.75002,2007-03-05 13:30:00.0,Intermediário
1.74781,1.74973,2007-03-05 14:00:00.0,Intermediário
1.74781,1.75016,2007-03-05 14:30:00.0,Intermediário
1.75147,1.75286,2007-03-05 15:00:00.0,Intermediário
1.75037,1.75176,2007-03-05 15:30:00.0,Intermediário
1.74617,1.74728,2007-03-05 16:00:00.0,Intermediário
1.74632,1.74785,2007-03-05 16:30:00.0,Fechamento Interbancário
1.74959,1.75096,2007-03-05 17:35:00.0,Fechamento
1.73298,1.74151,2007-03-06 09:22:00.0,Abertura
1.73298,1.73437,2007-03-06 09:30:00.0,Intermediário
1.73391,1.73611,2007-03-06 10:00:00.0,Intermediário
1.73462,1.73682,2007-03-06 10:30:00.0,Intermediário
1.73125,1.73309,2007-03-06 11:00:00.0,Intermediário
1.73185,1.73434,2007-03-06 11:30:00.0,Intermediário
1.7327,1.7349,2007-03-06 12:00:00.0,Intermediário
1.73394,1.736,2007-03-06 12:30:00.0,Intermediário
1.73792,1.74027,2007-03-06 13:00:00.0,Intermediário
1.7375,1.73941,2007-03-06 13:30:00.0,Intermediário
1.73594,1.73828,2007-03-06 14:00:00.0,Intermediário
1.73622,1.73814,2007-03-06 14:30:00.0,Intermediário
1.72859,1.73064,2007-03-06 15:00:00.0,Intermediário
1.72788,1.72994,2007-03-06 15:30:00.0,Intermediário
1.72639,1.72845,2007-03-06 16:00:00.0,Intermediário
1.72763,1.72901,2007-03-06 16:30:00.0,Fechamento Interbancário
1.73098,1.7322,2007-03-06 17:32:00.0,Fechamento
1.72828,1.73675,2007-03-07 09:23:00.0,Abertura
1.72989,1.73223,2007-03-07 09:30:00.0,Intermediário
1.73184,1.73418,2007-03-07 10:00:00.0,Intermediário
1.73063,1.73255,2007-03-07 10:30:00.0,Intermediário
1.73162,1.73368,2007-03-07 11:00:00.0,Intermediário
1.73233,1.73468,2007-03-07 11:30:00.0,Intermediário
1.7314,1.73318,2007-03-07 12:00:00.0,Intermediário
1.72738,1.72945,2007-03-07 12:30:00.0,Intermediário
1.72959,1.73151,2007-03-07 13:00:00.0,Intermediário
1.7293,1.73055,2007-03-07 13:30:00.0,Intermediário
1.72959,1.73083,2007-03-07 14:00:00.0,Intermediário
1.72973,1.73083,2007-03-07 14:30:00.0,Intermediário
1.72948,1.73154,2007-03-07 15:00:00.0,Intermediário
1.72809,1.72919,2007-03-07 15:30:00.0,Intermediário
1.73004,1.73204,2007-03-07 16:00:00.0,Intermediário
1.73456,1.73581,2007-03-07 16:30:00.0,Fechamento Interbancário
1.73398,1.73507,2007-03-07 17:33:00.0,Fechamento
1.72039,1.72885,2007-03-08 09:12:00.0,Abertura
1.72628,1.72849,2007-03-08 09:30:00.0,Intermediário
1.7245,1.72671,2007-03-08 10:00:00.0,Intermediário
1.72592,1.72855,2007-03-08 10:30:00.0,Intermediário
1.72061,1.72479,2007-03-08 11:00:00.0,Intermediário
1.7161,1.71829,2007-03-08 11:30:00.0,Intermediário
1.7121,1.71429,2007-03-08 12:00:00.0,Intermediário
1.71061,1.71252,2007-03-08 12:30:00.0,Intermediário
1.7115,1.7134,2007-03-08 13:00:00.0,Intermediário
1.71322,1.71512,2007-03-08 13:30:00.0,Intermediário
1.71182,1.71401,2007-03-08 14:00:00.0,Intermediário
1.71266,1.71498,2007-03-08 14:30:00.0,Intermediário
1.71443,1.71661,2007-03-08 15:00:00.0,Intermediário
1.71308,1.71445,2007-03-08 15:30:00.0,Intermediário
1.71484,1.71608,2007-03-08 16:00:00.0,Intermediário
1.71582,1.71706,2007-03-08 16:30:00.0,Fechamento Interbancário
1.71468,1.71575,2007-03-08 17:42:00.0,Fechamento
1.71082,1.71953,2007-03-09 09:11:00.0,Abertura
1.71405,1.71638,2007-03-09 09:30:00.0,Intermediário
1.71433,1.71638,2007-03-09 10:00:00.0,Intermediário
1.71061,1.71405,2007-03-09 10:30:00.0,Intermediário
1.69663,1.69853,2007-03-09 11:00:00.0,Intermediário
1.69758,1.69866,2007-03-09 11:30:00.0,Intermediário
1.69989,1.70178,2007-03-09 12:00:00.0,Intermediário
1.70071,1.70302,2007-03-09 12:30:00.0,Intermediário
1.70073,1.70263,2007-03-09 13:00:00.0,Intermediário
1.70087,1.70318,2007-03-09 13:30:00.0,Intermediário
1.70004,1.70221,2007-03-09 14:00:00.0,Intermediário
1.6977,1.69973,2007-03-09 14:30:00.0,Intermediário
1.69582,1.69758,2007-03-09 15:00:00.0,Intermediário
1.69649,1.69758,2007-03-09 15:30:00.0,Intermediário
1.69961,1.70178,2007-03-09 16:00:00.0,Intermediário
1.70016,1.70166,2007-03-09 16:30:00.0,Fechamento Interbancário
1.69976,1.70109,2007-03-09 17:41:00.0,Fechamento
1.70185,1.71028,2007-03-12 09:23:00.0,Abertura
1.70436,1.70634,2007-03-12 09:30:00.0,Intermediário
1.70716,1.70893,2007-03-12 10:00:00.0,Intermediário
1.70672,1.70877,2007-03-12 10:30:00.0,Intermediário
1.70797,1.70949,2007-03-12 11:00:00.0,Intermediário
1.70662,1.70785,2007-03-12 11:30:00.0,Intermediário
1.7069,1.70923,2007-03-12 12:00:00.0,Intermediário
1.70799,1.70909,2007-03-12 12:30:00.0,Intermediário
1.7076,1.70897,2007-03-12 13:00:00.0,Intermediário
1.70829,1.71037,2007-03-12 13:30:00.0,Intermediário
1.70815,1.70967,2007-03-12 14:00:00.0,Intermediário
1.70801,1.70953,2007-03-12 14:30:00.0,Intermediário
1.70407,1.7064,2007-03-12 15:00:00.0,Intermediário
1.70326,1.70517,2007-03-12 15:30:00.0,Intermediário
1.70298,1.70463,2007-03-12 16:00:00.0,Intermediário
1.70314,1.70519,2007-03-12 16:30:00.0,Fechamento Interbancário
1.70591,1.70698,2007-03-12 17:33:00.0,Fechamento
1.71031,1.71906,2007-03-13 09:25:00.0,Abertura
1.71333,1.71541,2007-03-13 09:30:00.0,Intermediário
1.71778,1.72012,2007-03-13 10:00:00.0,Intermediário
1.71947,1.72057,2007-03-13 10:30:00.0,Intermediário
1.7145,1.71642,2007-03-13 11:00:00.0,Intermediário
1.71225,1.71321,2007-03-13 11:30:00.0,Intermediário
1.70825,1.71129,2007-03-13 12:01:00.0,Intermediário
1.70963,1.71115,2007-03-13 12:31:00.0,Intermediário
1.71003,1.71155,2007-03-13 13:00:00.0,Intermediário
1.71368,1.71492,2007-03-13 13:30:00.0,Intermediário
1.71269,1.71393,2007-03-13 14:00:00.0,Intermediário
1.71297,1.7145,2007-03-13 14:30:00.0,Intermediário
1.7204,1.72247,2007-03-13 15:00:00.0,Intermediário
1.724,1.72592,2007-03-13 15:30:00.0,Intermediário
1.72408,1.726,2007-03-13 16:00:00.0,Intermediário
1.72448,1.72572,2007-03-13 16:30:00.0,Fechamento Interbancário
1.71825,1.71932,2007-03-13 17:38:00.0,Fechamento
1.7317,1.74035,2007-03-14 09:21:00.0,Abertura
1.73263,1.73513,2007-03-14 09:30:00.0,Intermediário
1.72739,1.72946,2007-03-14 10:00:00.0,Intermediário
1.72518,1.72643,2007-03-14 10:30:00.0,Intermediário
1.72629,1.72753,2007-03-14 11:00:00.0,Intermediário
1.72941,1.73319,2007-03-14 11:30:00.0,Intermediário
1.72944,1.7318,2007-03-14 12:00:00.0,Intermediário
1.73126,1.73376,2007-03-14 12:30:00.0,Intermediário
1.73311,1.73451,2007-03-14 13:00:00.0,Intermediário
1.73737,1.73931,2007-03-14 13:30:00.0,Intermediário
1.73666,1.73902,2007-03-14 14:00:00.0,Intermediário
1.73269,1.73505,2007-03-14 14:30:00.0,Intermediário
1.73186,1.73394,2007-03-14 15:00:00.0,Intermediário
1.727,1.72908,2007-03-14 15:30:00.0,Intermediário
1.72522,1.72675,2007-03-14 16:00:00.0,Intermediário
1.72224,1.72377,2007-03-14 16:30:00.0,Fechamento Interbancário
1.72766,1.72903,2007-03-14 17:36:00.0,Fechamento
1.7078,1.7167,2007-03-15 09:18:00.0,Abertura
1.70995,1.71187,2007-03-15 09:30:00.0,Intermediário
1.71384,1.71522,2007-03-15 10:00:00.0,Intermediário
1.71861,1.72054,2007-03-15 10:30:00.0,Intermediário
1.71609,1.71748,2007-03-15 11:00:00.0,Intermediário
1.71623,1.71887,2007-03-15 11:30:00.0,Intermediário
1.71708,1.72241,2007-03-15 12:00:00.0,Intermediário
1.72033,1.72233,2007-03-15 12:30:00.0,Intermediário
1.72045,1.7228,2007-03-15 13:00:00.0,Intermediário
1.71779,1.72014,2007-03-15 13:30:00.0,Intermediário
1.7144,1.71675,2007-03-15 14:00:00.0,Intermediário
1.71518,1.71706,2007-03-15 14:30:00.0,Intermediário
1.71539,1.71774,2007-03-15 15:00:00.0,Intermediário
1.7172,1.71858,2007-03-15 15:30:00.0,Intermediário
1.71344,1.71497,2007-03-15 16:00:00.0,Intermediário
1.71443,1.71581,2007-03-15 16:30:00.0,Fechamento Interbancário
1.71615,1.71737,2007-03-15 17:37:00.0,Fechamento
1.73372,1.74274,2007-03-16 09:12:00.0,Abertura
1.73642,1.73866,2007-03-16 09:30:00.0,Intermediário
1.73292,1.7353,2007-03-16 10:00:00.0,Intermediário
1.72728,1.72937,2007-03-16 10:30:00.0,Intermediário
1.72897,1.73113,2007-03-16 11:00:00.0,Intermediário
1.72825,1.73048,2007-03-16 11:30:00.0,Intermediário
1.73074,1.73297,2007-03-16 12:00:00.0,Intermediário
1.73185,1.73408,2007-03-16 12:30:00.0,Intermediário
1.72985,1.73139,2007-03-16 13:00:00.0,Intermediário
1.73056,1.73265,2007-03-16 13:30:00.0,Intermediário
1.73042,1.73251,2007-03-16 14:12:00.0,Intermediário
1.7293,1.73153,2007-03-16 14:30:00.0,Intermediário
1.72999,1.73236,2007-03-16 15:00:00.0,Intermediário
1.73236,1.73459,2007-03-16 15:30:00.0,Intermediário
1.73236,1.73445,2007-03-16 16:00:00.0,Intermediário
1.73182,1.73405,2007-03-16 16:30:00.0,Fechamento Interbancário
1.73157,1.73281,2007-03-16 17:39:00.0,Fechamento
1.71353,1.72235,2007-03-19 09:18:00.0,Abertura
1.71794,1.7203,2007-03-19 09:30:00.0,Intermediário
1.717,1.71907,2007-03-19 10:00:00.0,Intermediário
1.71662,1.71898,2007-03-19 10:32:00.0,Intermediário
1.71702,1.71856,2007-03-19 11:00:00.0,Intermediário
1.71716,1.71924,2007-03-19 11:31:00.0,Intermediário
1.71546,1.71671,2007-03-19 12:00:00.0,Intermediário
1.71589,1.71811,2007-03-19 12:44:00.0,Intermediário
1.71436,1.71671,2007-03-19 13:00:00.0,Intermediário
1.7121,1.71417,2007-03-19 13:30:00.0,Intermediário
1.71351,1.71544,2007-03-19 14:00:00.0,Intermediário
1.71252,1.71487,2007-03-19 14:30:00.0,Intermediário
1.71294,1.71502,2007-03-19 15:00:00.0,Intermediário
1.7124,1.71546,2007-03-19 15:30:00.0,Intermediário
1.71271,1.71492,2007-03-19 16:00:00.0,Intermediário
1.71341,1.71521,2007-03-19 16:30:00.0,Fechamento Interbancário
1.71457,1.71537,2007-03-19 17:33:00.0,Fechamento
1.70746,1.71612,2007-03-20 09:13:00.0,Abertura
1.70744,1.70979,2007-03-20 09:30:00.0,Intermediário
1.70983,1.71219,2007-03-20 10:00:00.0,Intermediário
1.7112,1.71384,2007-03-20 10:30:00.0,Intermediário
1.71245,1.7137,2007-03-20 11:00:00.0,Intermediário
1.71092,1.71327,2007-03-20 11:30:00.0,Intermediário
1.70897,1.71118,2007-03-20 12:00:00.0,Intermediário
1.71106,1.71216,2007-03-20 12:30:00.0,Intermediário
1.70923,1.71158,2007-03-20 13:00:00.0,Intermediário
1.70937,1.71144,2007-03-20 13:30:00.0,Intermediário
1.71049,1.71285,2007-03-20 14:00:00.0,Intermediário
1.71106,1.71313,2007-03-20 14:30:00.0,Intermediário
1.71386,1.71594,2007-03-20 15:00:00.0,Intermediário
1.71216,1.7137,2007-03-20 15:30:00.0,Intermediário
1.71245,1.71384,2007-03-20 16:01:00.0,Intermediário
1.71301,1.71455,2007-03-20 16:40:00.0,Fechamento Interbancário
1.7126,1.71397,2007-03-20 17:38:00.0,Fechamento
1.70579,1.71473,2007-03-21 09:26:00.0,Abertura
1.70826,1.71047,2007-03-21 09:30:00.0,Intermediário
1.70714,1.70838,2007-03-21 10:00:00.0,Intermediário
1.70423,1.70575,2007-03-21 10:30:00.0,Intermediário
1.70493,1.707,2007-03-21 11:00:00.0,Intermediário
1.70425,1.70659,2007-03-21 11:30:00.0,Intermediário
1.70453,1.70688,2007-03-21 12:00:00.0,Intermediário
1.70412,1.70551,2007-03-21 12:30:00.0,Intermediário
1.70314,1.70521,2007-03-21 13:00:00.0,Intermediário
1.70229,1.70463,2007-03-21 13:30:00.0,Intermediário
1.70243,1.70477,2007-03-21 14:00:00.0,Intermediário
1.70327,1.70533,2007-03-21 14:30:00.0,Intermediário
1.70134,1.70341,2007-03-21 15:00:00.0,Intermediário
1.70478,1.70685,2007-03-21 15:30:00.0,Intermediário
1.70111,1.7041,2007-03-21 16:00:00.0,Intermediário
1.70165,1.70276,2007-03-21 16:30:00.0,Fechamento Interbancário
1.7081,1.70904,2007-03-21 17:33:00.0,Fechamento
1.68834,1.69751,2007-03-22 09:12:00.0,Abertura
1.69445,1.69666,2007-03-22 09:30:00.0,Intermediário
1.69306,1.69526,2007-03-22 10:00:00.0,Intermediário
1.6983,1.70037,2007-03-22 10:30:00.0,Intermediário
1.70229,1.70381,2007-03-22 11:00:00.0,Intermediário
1.70329,1.70482,2007-03-22 11:30:00.0,Intermediário
1.7023,1.70341,2007-03-22 12:00:00.0,Intermediário
1.69677,1.69802,2007-03-22 12:30:00.0,Intermediário
1.69637,1.6979,2007-03-22 13:00:00.0,Intermediário
1.69485,1.69677,2007-03-22 13:30:00.0,Intermediário
1.68983,1.69217,2007-03-22 14:00:00.0,Intermediário
1.68775,1.68994,2007-03-22 14:30:00.0,Intermediário
1.69324,1.69476,2007-03-22 15:00:00.0,Intermediário
1.69436,1.6967,2007-03-22 15:30:00.0,Intermediário
1.69535,1.69727,2007-03-22 16:00:00.0,Intermediário
1.69605,1.69811,2007-03-22 16:30:00.0,Fechamento Interbancário
1.69638,1.69745,2007-03-22 17:35:00.0,Fechamento
1.6932,1.70157,2007-03-23 09:21:00.0,Abertura
1.69635,1.69842,2007-03-23 09:30:00.0,Intermediário
1.70502,1.70626,2007-03-23 10:00:00.0,Intermediário
1.70197,1.70432,2007-03-23 10:30:00.0,Intermediário
1.69917,1.70165,2007-03-23 11:00:00.0,Intermediário
1.69583,1.69818,2007-03-23 11:30:00.0,Intermediário
1.695,1.69608,2007-03-23 12:00:00.0,Intermediário
1.69486,1.6972,2007-03-23 12:30:00.0,Intermediário
1.69741,1.69872,2007-03-23 13:00:00.0,Intermediário
1.69525,1.69635,2007-03-23 13:30:00.0,Intermediário
1.6965,1.69774,2007-03-23 14:00:00.0,Intermediário
1.6954,1.69746,2007-03-23 14:30:00.0,Intermediário
1.69448,1.69553,2007-03-23 15:00:00.0,Intermediário
1.69469,1.69607,2007-03-23 15:30:00.0,Intermediário
1.6906,1.69258,2007-03-23 16:00:00.0,Intermediário
1.68991,1.69142,2007-03-23 16:30:00.0,Fechamento Interbancário
1.69352,1.69487,2007-03-23 17:38:00.0,Fechamento
1.67948,1.68822,2007-03-26 09:27:00.0,Abertura
1.68125,1.68357,2007-03-26 09:33:00.0,Intermediário
1.6844,1.68673,2007-03-26 10:00:00.0,Intermediário
1.68523,1.68742,2007-03-26 10:30:00.0,Intermediário
1.68828,1.69089,2007-03-26 11:00:00.0,Intermediário
1.70104,1.70215,2007-03-26 11:30:00.0,Intermediário
1.69662,1.6988,2007-03-26 12:00:00.0,Intermediário
1.6978,1.70044,2007-03-26 12:30:00.0,Intermediário
1.69679,1.69878,2007-03-26 13:00:00.0,Intermediário
1.69672,1.69878,2007-03-26 13:37:00.0,Intermediário
1.69616,1.69836,2007-03-26 14:00:00.0,Intermediário
1.69575,1.69782,2007-03-26 14:30:00.0,Intermediário
1.69547,1.69699,2007-03-26 15:01:00.0,Intermediário
1.69444,1.69644,2007-03-26 15:31:00.0,Intermediário
1.69367,1.69574,2007-03-26 16:11:00.0,Intermediário
1.69464,1.69616,2007-03-26 16:30:00.0,Fechamento Interbancário
1.69406,1.69542,2007-03-26 17:34:00.0,Fechamento
1.69395,1.70246,2007-03-27 09:24:00.0,Abertura
1.69696,1.69821,2007-03-27 09:30:00.0,Intermediário
1.69738,1.69973,2007-03-27 10:00:00.0,Intermediário
1.69655,1.69793,2007-03-27 10:30:00.0,Intermediário
1.69878,1.70044,2007-03-27 11:00:00.0,Intermediário
1.70129,1.70281,2007-03-27 11:30:00.0,Intermediário
1.69769,1.6988,2007-03-27 12:00:00.0,Intermediário
1.70102,1.70213,2007-03-27 12:30:00.0,Intermediário
1.70046,1.70199,2007-03-27 13:00:00.0,Intermediário
1.69983,1.70115,2007-03-27 13:30:00.0,Intermediário
1.69755,1.6999,2007-03-27 14:00:00.0,Intermediário
1.69913,1.7003,2007-03-27 14:35:00.0,Intermediário
1.69934,1.70059,2007-03-27 15:00:00.0,Intermediário
1.69892,1.7005,2007-03-27 15:30:00.0,Intermediário
1.6985,1.69974,2007-03-27 16:00:00.0,Intermediário
1.69864,1.70059,2007-03-27 16:30:00.0,Fechamento Interbancário
1.69856,1.70034,2007-03-27 17:43:00.0,Fechamento
1.70605,1.71473,2007-03-28 20:59:00.0,Abertura
1.7003,1.70166,2007-03-28 21:21:00.0,Fechamento
1.69012,1.69891,2007-03-29 09:21:00.0,Abertura
1.69064,1.69326,2007-03-29 09:30:00.0,Intermediário
1.68856,1.69089,2007-03-29 10:00:00.0,Intermediário
1.68761,1.68898,2007-03-29 10:30:00.0,Intermediário
1.68897,1.69049,2007-03-29 11:00:00.0,Intermediário
1.68608,1.6876,2007-03-29 11:30:00.0,Intermediário
1.68843,1.68994,2007-03-29 12:02:00.0,Intermediário
1.68432,1.6857,2007-03-29 12:30:00.0,Intermediário
1.68706,1.68816,2007-03-29 13:00:00.0,Intermediário
1.68776,1.68899,2007-03-29 13:30:00.0,Intermediário
1.68681,1.68804,2007-03-29 14:00:00.0,Intermediário
1.68556,1.68762,2007-03-29 14:30:00.0,Intermediário
1.68556,1.68657,2007-03-29 15:00:00.0,Intermediário
1.68364,1.68501,2007-03-29 15:31:00.0,Intermediário
1.6783,1.68036,2007-03-29 16:00:00.0,Intermediário
1.67775,1.67913,2007-03-29 16:31:00.0,Fechamento Interbancário
1.68654,1.68775,2007-03-29 17:35:00.0,Fechamento
1.66571,1.67446,2007-03-30 09:21:00.0,Abertura
1.66831,1.67104,2007-03-30 09:30:00.0,Intermediário
1.66844,1.67076,2007-03-30 10:00:00.0,Intermediário
1.67336,1.67568,2007-03-30 10:30:00.0,Intermediário
1.67117,1.67322,2007-03-30 11:00:00.0,Intermediário
1.67282,1.67399,2007-03-30 11:30:00.0,Intermediário
1.67418,1.67615,2007-03-30 12:00:00.0,Intermediário
1.69311,1.69522,2007-03-30 12:30:00.0,Intermediário
1.69758,1.69911,2007-03-30 13:00:00.0,Intermediário
1.69828,1.69953,2007-03-30 13:30:00.0,Intermediário
1.69744,1.69897,2007-03-30 14:00:00.0,Intermediário
1.69716,1.69827,2007-03-30 14:30:00.0,Intermediário
1.69622,1.69732,2007-03-30 15:00:00.0,Intermediário
1.69398,1.69605,2007-03-30 15:30:00.0,Intermediário
1.69464,1.69588,2007-03-30 16:00:00.0,Intermediário
1.69354,1.69492,2007-03-30 16:30:00.0,Fechamento Interbancário
1.6858,1.68702,2007-03-30 17:38:00.0,Fechamento
1.68739,1.69633,2007-04-02 09:24:00.0,Abertura
1.69083,1.69261,2007-04-02 09:30:00.0,Intermediário
1.68946,1.69098,2007-04-02 10:00:00.0,Intermediário
1.68809,1.68961,2007-04-02 10:30:00.0,Intermediário
1.68852,1.68962,2007-04-02 11:00:00.0,Intermediário
1.69043,1.69223,2007-04-02 11:30:00.0,Intermediário
1.68781,1.69015,2007-04-02 12:00:00.0,Intermediário
1.68409,1.68561,2007-04-02 12:30:00.0,Intermediário
1.68616,1.68726,2007-04-02 13:00:00.0,Intermediário
1.68644,1.68768,2007-04-02 13:30:00.0,Intermediário
1.68658,1.68768,2007-04-02 14:00:00.0,Intermediário
1.68616,1.6874,2007-04-02 14:30:00.0,Intermediário
1.68354,1.68478,2007-04-02 15:00:00.0,Intermediário
1.6835,1.68561,2007-04-02 15:30:00.0,Intermediário
1.68491,1.68601,2007-04-02 16:00:00.0,Intermediário
1.68491,1.68643,2007-04-02 16:30:00.0,Fechamento Interbancário
1.68491,1.68626,2007-04-02 17:34:00.0,Fechamento
1.66981,1.67871,2007-04-03 09:19:00.0,Abertura
1.67378,1.67611,2007-04-03 09:30:00.0,Intermediário
1.67392,1.67543,2007-04-03 10:00:00.0,Intermediário
1.67433,1.6757,2007-04-03 10:30:00.0,Intermediário
1.672,1.67419,2007-04-03 11:00:00.0,Intermediário
1.67364,1.67474,2007-04-03 11:30:00.0,Intermediário
1.67399,1.67515,2007-04-03 12:00:00.0,Intermediário
1.67309,1.67529,2007-04-03 12:30:00.0,Intermediário
1.67036,1.67268,2007-04-03 13:00:00.0,Intermediário
1.67063,1.67268,2007-04-03 13:30:00.0,Intermediário
1.6709,1.67289,2007-04-03 14:00:00.0,Intermediário
1.66899,1.67118,2007-04-03 14:30:00.0,Intermediário
1.66435,1.66605,2007-04-03 15:00:00.0,Intermediário
1.66605,1.66721,2007-04-03 15:30:00.0,Intermediário
1.66421,1.6668,2007-04-03 16:00:00.0,Intermediário
1.66517,1.66626,2007-04-03 16:30:00.0,Fechamento Interbancário
1.66549,1.66642,2007-04-03 17:36:00.0,Fechamento
1.66312,1.67172,2007-04-04 09:17:00.0,Abertura
1.66803,1.67035,2007-04-04 09:30:00.0,Intermediário
1.67035,1.67227,2007-04-04 10:00:00.0,Intermediário
1.66899,1.67022,2007-04-04 10:30:00.0,Intermediário
1.66899,1.6709,2007-04-04 11:00:00.0,Intermediário
1.6679,1.66995,2007-04-04 11:30:00.0,Intermediário
1.67077,1.67269,2007-04-04 12:00:00.0,Intermediário
1.66885,1.67008,2007-04-04 12:30:00.0,Intermediário
1.66516,1.66803,2007-04-04 13:00:00.0,Intermediário
1.66366,1.66571,2007-04-04 13:30:00.0,Intermediário
1.66571,1.66776,2007-04-04 14:00:00.0,Intermediário
1.66325,1.66516,2007-04-04 14:37:00.0,Intermediário
1.66352,1.66475,2007-04-04 15:00:00.0,Intermediário
1.66352,1.66544,2007-04-04 15:35:00.0,Intermediário
1.6653,1.66735,2007-04-04 16:00:00.0,Intermediário
1.66435,1.66667,2007-04-04 16:30:00.0,Fechamento Interbancário
1.66377,1.66511,2007-04-04 17:47:00.0,Fechamento
1.66708,1.67569,2007-04-05 09:24:00.0,Abertura
1.67145,1.67337,2007-04-05 09:30:00.0,Intermediário
1.67159,1.67269,2007-04-05 10:00:00.0,Intermediário
1.67558,1.67682,2007-04-05 10:30:00.0,Intermediário
1.67793,1.67985,2007-04-05 11:00:00.0,Intermediário
1.67578,1.67787,2007-04-05 11:30:00.0,Intermediário
1.67422,1.67532,2007-04-05 12:00:00.0,Intermediário
1.67408,1.67628,2007-04-05 12:30:00.0,Intermediário
1.67194,1.67408,2007-04-05 13:00:00.0,Intermediário
1.67188,1.6738,2007-04-05 13:30:00.0,Intermediário
1.67202,1.67435,2007-04-05 14:00:00.0,Intermediário
1.67174,1.67408,2007-04-05 14:30:00.0,Intermediário
1.67185,1.67411,2007-04-05 15:00:00.0,Intermediário
1.67147,1.67298,2007-04-05 15:30:00.0,Intermediário
1.67105,1.67236,2007-04-05 16:00:00.0,Intermediário
1.67133,1.67284,2007-04-05 16:30:00.0,Fechamento Interbancário
1.67256,1.67391,2007-04-05 17:35:00.0,Fechamento
1.65115,1.65958,2007-04-09 09:22:00.0,Abertura
1.6539,1.65585,2007-04-09 09:30:00.0,Intermediário
1.65101,1.65293,2007-04-09 10:00:00.0,Intermediário
1.65047,1.65237,2007-04-09 10:30:00.0,Intermediário
1.65061,1.65183,2007-04-09 11:03:00.0,Intermediário
1.65183,1.65414,2007-04-09 11:33:00.0,Intermediário
1.65102,1.65213,2007-04-09 12:00:00.0,Intermediário
1.65007,1.65156,2007-04-09 12:30:00.0,Intermediário
1.64966,1.65183,2007-04-09 13:00:00.0,Intermediário
1.64723,1.64917,2007-04-09 13:30:00.0,Intermediário
1.64536,1.64753,2007-04-09 14:00:00.0,Intermediário
1.64522,1.64752,2007-04-09 14:30:00.0,Intermediário
1.64704,1.64901,2007-04-09 15:01:00.0,Intermediário
1.64819,1.65049,2007-04-09 15:31:00.0,Intermediário
1.64914,1.65138,2007-04-09 16:00:00.0,Intermediário
1.64926,1.65044,2007-04-09 16:30:00.0,Fechamento Interbancário
1.6491,1.65011,2007-04-09 17:40:00.0,Fechamento
1.66311,1.67214,2007-04-10 09:20:00.0,Abertura
1.66543,1.66763,2007-04-10 09:30:00.0,Intermediário
1.66735,1.66886,2007-04-10 10:00:00.0,Intermediário
1.66858,1.66982,2007-04-10 10:30:00.0,Intermediário
1.66735,1.669,2007-04-10 11:00:00.0,Intermediário
1.6679,1.66996,2007-04-10 11:30:00.0,Intermediário
1.66818,1.67023,2007-04-10 12:00:00.0,Intermediário
1.66872,1.67009,2007-04-10 12:30:00.0,Intermediário
1.66831,1.67105,2007-04-10 13:00:00.0,Intermediário
1.66845,1.66968,2007-04-10 13:30:00.0,Intermediário
1.66817,1.66927,2007-04-10 14:00:00.0,Intermediário
1.66352,1.66585,2007-04-10 14:30:00.0,Intermediário
1.66352,1.66585,2007-04-10 15:00:00.0,Intermediário
1.66325,1.6653,2007-04-10 15:30:00.0,Intermediário
1.66379,1.66502,2007-04-10 16:00:00.0,Intermediário
1.66393,1.6653,2007-04-10 16:30:00.0,Fechamento Interbancário
1.66426,1.66546,2007-04-10 17:40:00.0,Fechamento
1.65875,1.66735,2007-04-11 20:42:00.0,Abertura
1.66489,1.66582,2007-04-11 21:15:00.0,Fechamento
1.66817,1.67665,2007-04-12 17:51:00.0,Abertura
1.67363,1.67456,2007-04-12 18:29:00.0,Fechamento
1.67816,1.68677,2007-04-13 09:16:00.0,Abertura
1.68086,1.68293,2007-04-13 09:30:00.0,Intermediário
1.67872,1.68069,2007-04-13 10:00:00.0,Intermediário
1.6748,1.67687,2007-04-13 10:30:00.0,Intermediário
1.67549,1.67701,2007-04-13 11:00:00.0,Intermediário
1.67507,1.67645,2007-04-13 11:30:00.0,Intermediário
1.66324,1.66626,2007-04-13 12:00:00.0,Intermediário
1.66091,1.66571,2007-04-13 12:30:00.0,Intermediário
1.65901,1.66106,2007-04-13 13:00:00.0,Intermediário
1.66118,1.66324,2007-04-13 13:30:00.0,Intermediário
1.66187,1.66379,2007-04-13 14:00:00.0,Intermediário
1.66118,1.66338,2007-04-13 14:30:00.0,Intermediário
1.66241,1.66447,2007-04-13 15:00:00.0,Intermediário
1.6631,1.66543,2007-04-13 15:30:00.0,Intermediário
1.66392,1.66584,2007-04-13 16:00:00.0,Intermediário
1.66406,1.66527,2007-04-13 16:30:00.0,Fechamento Interbancário
1.66513,1.66617,2007-04-13 17:44:00.0,Fechamento
1.67216,1.68109,2007-04-16 09:21:00.0,Abertura
1.67463,1.67704,2007-04-16 09:30:00.0,Intermediário
1.6723,1.67443,2007-04-16 10:00:00.0,Intermediário
1.67202,1.67409,2007-04-16 10:30:00.0,Intermediário
1.67051,1.67216,2007-04-16 11:00:00.0,Intermediário
1.67326,1.67464,2007-04-16 11:30:00.0,Intermediário
1.67271,1.6745,2007-04-16 12:00:00.0,Intermediário
1.67409,1.67519,2007-04-16 12:30:00.0,Intermediário
1.67285,1.67546,2007-04-16 13:00:00.0,Intermediário
1.67422,1.67546,2007-04-16 13:30:00.0,Intermediário
1.674,1.67518,2007-04-16 14:00:00.0,Intermediário
1.67477,1.67629,2007-04-16 14:30:00.0,Intermediário
1.67601,1.67807,2007-04-16 15:00:00.0,Intermediário
1.67559,1.67752,2007-04-16 15:30:00.0,Intermediário
1.67655,1.67889,2007-04-16 16:00:00.0,Intermediário
1.67724,1.67875,2007-04-16 16:30:00.0,Fechamento Interbancário
1.67493,1.67628,2007-04-16 17:35:00.0,Fechamento
1.67754,1.68607,2007-04-17 20:57:00.0,Abertura
1.68238,1.68346,2007-04-17 21:19:00.0,Fechamento
1.68795,1.69666,2007-04-18 21:34:00.0,Abertura
1.68938,1.69046,2007-04-18 22:00:00.0,Fechamento
1.69036,1.6991,2007-04-19 20:48:00.0,Abertura
1.6847,1.68592,2007-04-19 21:54:00.0,Fechamento
1.67261,1.68131,2007-04-20 09:16:00.0,Abertura
1.67509,1.67703,2007-04-20 09:30:00.0,Intermediário
1.67177,1.67384,2007-04-20 10:00:00.0,Intermediário
1.66584,1.66763,2007-04-20 10:30:00.0,Intermediário
1.67453,1.67687,2007-04-20 11:00:00.0,Intermediário
1.67522,1.67757,2007-04-20 11:30:00.0,Intermediário
1.67549,1.67737,2007-04-20 12:00:00.0,Intermediário
1.67756,1.67895,2007-04-20 12:30:00.0,Intermediário
1.67594,1.67798,2007-04-20 13:00:00.0,Intermediário
1.67674,1.67909,2007-04-20 13:30:00.0,Intermediário
1.67702,1.67895,2007-04-20 14:00:00.0,Intermediário
1.67744,1.67923,2007-04-20 14:30:00.0,Intermediário
1.67826,1.6802,2007-04-20 15:00:00.0,Intermediário
1.6784,1.68034,2007-04-20 15:30:00.0,Intermediário
1.67785,1.67895,2007-04-20 16:00:00.0,Intermediário
1.67796,1.67909,2007-04-20 16:30:00.0,Fechamento Interbancário
1.67746,1.67843,2007-04-20 17:34:00.0,Fechamento
1.66901,1.67768,2007-04-23 09:12:00.0,Abertura
1.67038,1.67258,2007-04-23 09:30:00.0,Intermediário
1.67176,1.67396,2007-04-23 10:00:00.0,Intermediário
1.6701,1.67244,2007-04-23 10:30:00.0,Intermediário
1.66956,1.67176,2007-04-23 11:00:00.0,Intermediário
1.67024,1.67176,2007-04-23 11:30:00.0,Intermediário
1.67025,1.67135,2007-04-23 12:00:00.0,Intermediário
1.66956,1.67149,2007-04-23 12:30:00.0,Intermediário
1.67328,1.67563,2007-04-23 13:00:00.0,Intermediário
1.67218,1.67439,2007-04-23 13:30:00.0,Intermediário
1.67218,1.67453,2007-04-23 14:00:00.0,Intermediário
1.67301,1.67535,2007-04-23 14:30:00.0,Intermediário
1.68115,1.68239,2007-04-23 15:00:00.0,Intermediário
1.68003,1.68128,2007-04-23 15:30:00.0,Intermediário
1.68182,1.68334,2007-04-23 16:00:00.0,Intermediário
1.68278,1.68417,2007-04-23 16:30:00.0,Fechamento Interbancário
1.67634,1.67755,2007-04-23 17:34:00.0,Fechamento
1.68476,1.69375,2007-04-24 09:10:00.0,Abertura
1.68462,1.68698,2007-04-24 09:30:00.0,Intermediário
1.68613,1.68752,2007-04-24 10:00:00.0,Intermediário
1.68932,1.6914,2007-04-24 10:30:00.0,Intermediário
1.69352,1.69575,2007-04-24 11:00:00.0,Intermediário
1.69479,1.69687,2007-04-24 11:30:00.0,Intermediário
1.69496,1.69705,2007-04-24 12:00:00.0,Intermediário
1.69327,1.69549,2007-04-24 12:30:00.0,Intermediário
1.69244,1.69369,2007-04-24 13:00:00.0,Intermediário
1.69215,1.69341,2007-04-24 13:30:00.0,Intermediário
1.69215,1.69355,2007-04-24 14:00:00.0,Intermediário
1.69313,1.69452,2007-04-24 14:30:00.0,Intermediário
1.69132,1.69258,2007-04-24 15:00:00.0,Intermediário
1.69007,1.69132,2007-04-24 15:30:00.0,Intermediário
1.69091,1.693,2007-04-24 16:00:00.0,Intermediário
1.69077,1.69231,2007-04-24 16:30:00.0,Fechamento Interbancário
1.69385,1.69522,2007-04-24 17:38:00.0,Fechamento
1.68329,1.69217,2007-04-25 21:13:00.0,Abertura
1.67951,1.68073,2007-04-25 21:33:00.0,Fechamento
1.66929,1.6777,2007-04-26 09:36:00.0,Abertura
1.67253,1.67439,2007-04-26 09:37:00.0,Intermediário
1.67481,1.67785,2007-04-26 10:00:00.0,Intermediário
1.6733,1.67536,2007-04-26 10:30:00.0,Intermediário
1.67785,1.67978,2007-04-26 11:00:00.0,Intermediário
1.67508,1.67743,2007-04-26 11:30:00.0,Intermediário
1.67412,1.67647,2007-04-26 12:00:00.0,Intermediário
1.67273,1.67494,2007-04-26 12:30:00.0,Intermediário
1.67135,1.67246,2007-04-26 13:00:00.0,Intermediário
1.67177,1.67273,2007-04-26 13:30:00.0,Intermediário
1.67177,1.67408,2007-04-26 14:00:00.0,Intermediário
1.67412,1.67522,2007-04-26 14:30:00.0,Intermediário
1.67484,1.67688,2007-04-26 15:00:00.0,Intermediário
1.67522,1.67661,2007-04-26 15:30:00.0,Intermediário
1.67577,1.67812,2007-04-26 16:00:00.0,Intermediário
1.67577,1.67798,2007-04-26 16:30:00.0,Fechamento Interbancário
1.67527,1.67649,2007-04-26 17:35:00.0,Fechamento
1.68466,1.69338,2007-04-27 09:12:00.0,Abertura
1.69052,1.69256,2007-04-27 09:30:00.0,Intermediário
1.68966,1.6916,2007-04-27 10:00:00.0,Intermediário
1.68829,1.69038,2007-04-27 10:30:00.0,Intermediário
1.68717,1.68932,2007-04-27 11:00:00.0,Intermediário
1.68771,1.6891,2007-04-27 11:30:00.0,Intermediário
1.68742,1.68974,2007-04-27 12:00:00.0,Intermediário
1.67989,1.6822,2007-04-27 12:30:00.0,Intermediário
1.68101,1.68377,2007-04-27 13:00:00.0,Intermediário
1.68032,1.68268,2007-04-27 13:30:00.0,Intermediário
1.6788,1.68084,2007-04-27 14:00:00.0,Intermediário
1.67811,1.68018,2007-04-27 14:30:00.0,Intermediário
1.67936,1.6813,2007-04-27 15:00:00.0,Intermediário
1.67895,1.68047,2007-04-27 15:30:00.0,Intermediário
1.68313,1.68434,2007-04-27 16:00:00.0,Intermediário
1.68324,1.68477,2007-04-27 16:30:00.0,Fechamento Interbancário
1.68349,1.68485,2007-04-27 17:32:00.0,Fechamento
1.67769,1.68623,2007-04-30 09:16:00.0,Abertura
1.68239,1.68446,2007-04-30 09:30:00.0,Intermediário
1.68129,1.68323,2007-04-30 10:00:00.0,Intermediário
1.68392,1.68545,2007-04-30 10:30:00.0,Intermediário
1.68489,1.686,2007-04-30 11:00:00.0,Intermediário
1.68559,1.68656,2007-04-30 11:30:00.0,Intermediário
1.68379,1.68476,2007-04-30 12:00:00.0,Intermediário
1.68584,1.68701,2007-04-30 12:30:00.0,Intermediário
1.6852,1.68728,2007-04-30 13:00:00.0,Intermediário
1.68241,1.68476,2007-04-30 13:30:00.0,Intermediário
1.68282,1.6849,2007-04-30 14:00:00.0,Intermediário
1.68359,1.68546,2007-04-30 14:30:00.0,Intermediário
1.6831,1.68435,2007-04-30 15:00:00.0,Intermediário
1.68469,1.68573,2007-04-30 15:30:00.0,Intermediário
1.68391,1.6853,2007-04-30 16:00:00.0,Intermediário
1.68488,1.68641,2007-04-30 16:30:00.0,Fechamento Interbancário
1.68331,1.68467,2007-04-30 17:38:00.0,Fechamento
1.66516,1.6738,2007-05-02 09:22:00.0,Abertura
1.6679,1.66982,2007-05-02 09:30:00.0,Intermediário
1.66941,1.67092,2007-05-02 10:00:00.0,Intermediário
1.66982,1.67174,2007-05-02 10:30:00.0,Intermediário
1.66927,1.67118,2007-05-02 11:00:00.0,Intermediário
1.67106,1.6734,2007-05-02 11:30:00.0,Intermediário
1.66859,1.67203,2007-05-02 12:00:00.0,Intermediário
1.66914,1.67134,2007-05-02 12:30:00.0,Intermediário
1.66776,1.67024,2007-05-02 13:00:00.0,Intermediário
1.66811,1.67009,2007-05-02 13:30:00.0,Intermediário
1.66859,1.67065,2007-05-02 14:00:00.0,Intermediário
1.66722,1.66941,2007-05-02 14:30:00.0,Intermediário
1.66735,1.66955,2007-05-02 15:00:00.0,Intermediário
1.66598,1.66831,2007-05-02 15:30:00.0,Intermediário
1.66625,1.66845,2007-05-02 16:01:00.0,Intermediário
1.66593,1.6679,2007-05-02 16:30:00.0,Fechamento Interbancário
1.66922,1.67021,2007-05-02 17:37:00.0,Fechamento
1.66199,1.67094,2007-05-03 09:28:00.0,Abertura
1.6646,1.66777,2007-05-03 09:30:00.0,Intermediário
1.66076,1.66275,2007-05-03 10:00:00.0,Intermediário
1.65472,1.65701,2007-05-03 10:30:00.0,Intermediário
1.65486,1.65719,2007-05-03 11:00:00.0,Intermediário
1.65363,1.65542,2007-05-03 11:30:00.0,Intermediário
1.66214,1.66502,2007-05-03 12:00:00.0,Intermediário
1.66159,1.66392,2007-05-03 12:30:00.0,Intermediário
1.66214,1.6642,2007-05-03 13:00:00.0,Intermediário
1.66269,1.66475,2007-05-03 13:30:00.0,Intermediário
1.66296,1.66529,2007-05-03 14:00:00.0,Intermediário
1.6642,1.66626,2007-05-03 14:30:00.0,Intermediário
1.66392,1.66598,2007-05-03 15:00:00.0,Intermediário
1.66393,1.6658,2007-05-03 15:30:00.0,Intermediário
1.66324,1.66502,2007-05-03 16:00:00.0,Intermediário
1.66489,1.66639,2007-05-03 16:30:00.0,Fechamento Interbancário
1.6625,1.66384,2007-05-03 21:56:00.0,Fechamento
1.66145,1.67023,2007-05-04 20:16:00.0,Abertura
1.67611,1.67718,2007-05-04 20:45:00.0,Fechamento
1.67755,1.68596,2007-05-07 21:01:00.0,Abertura
1.672,1.67308,2007-05-07 21:20:00.0,Fechamento
1.65667,1.66543,2007-05-08 21:02:00.0,Abertura
1.65898,1.66005,2007-05-08 21:34:00.0,Fechamento
1.66092,1.6694,2007-05-09 21:09:00.0,Abertura
1.65824,1.65931,2007-05-09 21:40:00.0,Fechamento
1.6564,1.66489,2007-05-10 20:37:00.0,Abertura
1.65634,1.65727,2007-05-10 21:03:00.0,Fechamento
1.65682,1.66544,2007-05-11 20:43:00.0,Abertura
1.65622,1.65742,2007-05-11 21:02:00.0,Fechamento
1.64781,1.65628,2007-05-14 17:39:00.0,Abertura
1.65081,1.65187,2007-05-14 18:03:00.0,Fechamento
1.64092,1.64228,2007-05-15 20:15:00.0,Abertura
1.63888,1.63967,2007-05-15 20:36:00.0,Fechamento
1.61579,1.62426,2007-05-16 21:06:00.0,Abertura
1.60043,1.60147,2007-05-16 21:23:00.0,Fechamento
1.59106,1.59974,2007-05-17 21:09:00.0,Abertura
1.5935,1.59454,2007-05-17 21:50:00.0,Fechamento
1.59752,1.60607,2007-05-18 21:49:00.0,Abertura
1.5984,1.59945,2007-05-18 22:04:00.0,Fechamento Interbancário
1.59879,1.59984,2007-05-18 22:13:00.0,Fechamento
1.58429,1.59266,2007-05-21 21:30:00.0,Abertura
1.57969,1.58072,2007-05-21 21:52:00.0,Fechamento
1.5677,1.57621,2007-05-22 21:24:00.0,Abertura
1.57719,1.5781,2007-05-22 22:13:00.0,Fechamento
1.5814,1.58994,2007-05-23 17:25:00.0,Abertura
1.58679,1.58783,2007-05-23 17:46:00.0,Fechamento
1.59215,1.60055,2007-05-24 17:13:00.0,Abertura
1.59989,1.60093,2007-05-24 17:54:00.0,Fechamento
1.58924,1.59778,2007-05-25 17:34:00.0,Abertura
1.5888,1.58984,2007-05-25 17:58:00.0,Fechamento
1.58092,1.58958,2007-05-28 18:02:00.0,Abertura
1.58159,1.58263,2007-05-28 18:20:00.0,Fechamento
1.58802,1.5891,2007-05-29 17:45:00.0,Abertura
1.58748,1.58852,2007-05-29 18:08:00.0,Fechamento
1.59659,1.5978,2007-05-30 17:34:00.0,Abertura
1.58857,1.58961,2007-05-30 18:10:00.0,Fechamento
1.57927,1.58047,2007-05-31 17:43:00.0,Abertura
1.57383,1.57487,2007-05-31 18:19:00.0,Fechamento
1.55142,1.55993,2007-06-01 17:26:00.0,Abertura
1.54786,1.54902,2007-06-01 17:50:00.0,Fechamento
1.55791,1.55898,2007-06-04 17:39:00.0,Abertura
1.56958,1.57075,2007-06-04 18:14:00.0,Fechamento
1.58667,1.58788,2007-06-05 17:40:00.0,Abertura
1.59197,1.59315,2007-06-05 18:09:00.0,Fechamento
1.60663,1.60785,2007-06-06 17:38:00.0,Abertura
1.61192,1.61297,2007-06-06 17:56:00.0,Fechamento
1.60128,1.60261,2007-06-08 17:46:00.0,Abertura
1.58832,1.58948,2007-06-08 18:05:00.0,Fechamento
1.58352,1.58483,2007-06-11 17:47:00.0,Abertura
1.57166,1.57269,2007-06-11 18:09:00.0,Fechamento
1.56658,1.56764,2007-06-12 17:20:00.0,Abertura
1.56221,1.56323,2007-06-12 17:46:00.0,Fechamento
1.56835,1.56966,2007-06-13 17:24:00.0,Abertura
1.56184,1.56286,2007-06-13 17:48:00.0,Fechamento
1.54995,1.55848,2007-06-14 17:24:00.0,Abertura
1.54769,1.54882,2007-06-14 17:55:00.0,Fechamento
1.53865,1.54705,2007-06-15 09:20:00.0,Abertura
1.54254,1.54527,2007-06-15 09:30:00.0,Intermediário
1.53475,1.53772,2007-06-15 10:00:00.0,Intermediário
1.53642,1.53852,2007-06-15 11:12:00.0,Intermediário
1.53611,1.53797,2007-06-15 11:16:00.0,Intermediário
1.53395,1.53593,2007-06-15 11:30:00.0,Intermediário
1.53506,1.53704,2007-06-15 12:00:00.0,Intermediário
1.53698,1.53883,2007-06-15 12:30:00.0,Intermediário
1.53661,1.53846,2007-06-15 13:00:00.0,Intermediário
1.53654,1.53846,2007-06-15 13:30:00.0,Intermediário
1.53661,1.53871,2007-06-15 14:00:00.0,Intermediário
1.53821,1.54013,2007-06-15 14:30:00.0,Intermediário
1.53462,1.53654,2007-06-15 15:00:00.0,Intermediário
1.53338,1.53549,2007-06-15 15:30:00.0,Intermediário
1.53729,1.53939,2007-06-15 16:00:00.0,Intermediário
1.53834,1.54044,2007-06-15 16:30:00.0,Fechamento Interbancário
1.53584,1.53698,2007-06-15 17:35:00.0,Fechamento
1.53251,1.54107,2007-06-18 09:19:00.0,Abertura
1.53393,1.53573,2007-06-18 09:30:00.0,Intermediário
1.53276,1.53393,2007-06-18 10:00:00.0,Intermediário
1.53375,1.53561,2007-06-18 10:33:00.0,Intermediário
1.53572,1.53766,2007-06-18 11:04:00.0,Intermediário
1.53542,1.53741,2007-06-18 11:31:00.0,Intermediário
1.53512,1.53617,2007-06-18 12:01:00.0,Intermediário
1.53449,1.53648,2007-06-18 12:31:00.0,Intermediário
1.53326,1.53511,2007-06-18 13:01:00.0,Intermediário
1.53363,1.53549,2007-06-18 13:31:00.0,Intermediário
1.534,1.53586,2007-06-18 14:01:00.0,Intermediário
1.53356,1.5353,2007-06-18 14:31:00.0,Intermediário
1.53307,1.5353,2007-06-18 15:01:00.0,Intermediário
1.53251,1.53443,2007-06-18 15:31:00.0,Intermediário
1.53214,1.53394,2007-06-18 16:01:00.0,Intermediário
1.53171,1.53394,2007-06-18 16:31:00.0,Fechamento Interbancário
1.53244,1.5337,2007-06-18 17:35:00.0,Fechamento
1.53691,1.54522,2007-06-19 09:22:00.0,Abertura
1.53939,1.5415,2007-06-19 09:30:00.0,Intermediário
1.53973,1.54156,2007-06-19 10:00:00.0,Intermediário
1.53697,1.53883,2007-06-19 10:30:00.0,Intermediário
1.53666,1.53766,2007-06-19 11:00:00.0,Intermediário
1.53542,1.53685,2007-06-19 11:30:00.0,Intermediário
1.53406,1.53598,2007-06-19 12:00:00.0,Intermediário
1.53356,1.53548,2007-06-19 12:30:00.0,Intermediário
1.53338,1.53517,2007-06-19 13:00:00.0,Intermediário
1.53356,1.53548,2007-06-19 13:30:00.0,Intermediário
1.53362,1.53555,2007-06-19 14:00:00.0,Intermediário
1.53139,1.53282,2007-06-19 14:30:00.0,Intermediário
1.53226,1.53412,2007-06-19 15:00:00.0,Intermediário
1.53294,1.53486,2007-06-19 15:30:00.0,Intermediário
1.53424,1.53612,2007-06-19 16:00:00.0,Intermediário
1.53474,1.53648,2007-06-19 16:30:00.0,Fechamento Interbancário
1.53635,1.53712,2007-06-19 17:33:00.0,Fechamento
1.53243,1.54076,2007-06-20 09:10:00.0,Abertura
1.53504,1.53697,2007-06-20 09:30:00.0,Intermediário
1.53666,1.53865,2007-06-20 10:00:00.0,Intermediário
1.53803,1.54002,2007-06-20 10:30:00.0,Intermediário
1.54194,1.54307,2007-06-20 11:00:00.0,Intermediário
1.54201,1.54306,2007-06-20 11:30:00.0,Intermediário
1.54064,1.54263,2007-06-20 12:00:00.0,Intermediário
1.54679,1.54872,2007-06-20 12:30:00.0,Intermediário
1.54822,1.55009,2007-06-20 13:00:00.0,Intermediário
1.54778,1.5504,2007-06-20 13:30:00.0,Intermediário
1.54822,1.55015,2007-06-20 14:00:00.0,Intermediário
1.54803,1.55027,2007-06-20 14:30:00.0,Intermediário
1.55101,1.55245,2007-06-20 15:00:00.0,Intermediário
1.55785,1.55985,2007-06-20 15:30:00.0,Intermediário
1.5578,1.5598,2007-06-20 16:00:00.0,Intermediário
1.5574,1.55866,2007-06-20 16:30:00.0,Fechamento Interbancário
1.55013,1.55123,2007-06-20 17:38:00.0,Fechamento
1.5495,1.55781,2007-06-21 09:17:00.0,Abertura
1.55167,1.55391,2007-06-21 09:30:00.0,Intermediário
1.54658,1.54844,2007-06-21 10:00:00.0,Intermediário
1.54863,1.55049,2007-06-21 10:30:00.0,Intermediário
1.55551,1.55752,2007-06-21 11:00:00.0,Intermediário
1.55011,1.55235,2007-06-21 11:30:00.0,Intermediário
1.54677,1.54867,2007-06-21 12:00:00.0,Intermediário
1.54658,1.54851,2007-06-21 12:30:00.0,Intermediário
1.54577,1.54782,2007-06-21 13:00:00.0,Intermediário
1.54696,1.54882,2007-06-21 13:30:00.0,Intermediário
1.54621,1.54819,2007-06-21 14:00:00.0,Intermediário
1.54447,1.54627,2007-06-21 14:30:00.0,Intermediário
1.53914,1.54088,2007-06-21 15:00:00.0,Intermediário
1.54125,1.54304,2007-06-21 15:30:00.0,Intermediário
1.54385,1.54491,2007-06-21 16:00:00.0,Intermediário
1.5415,1.54345,2007-06-21 16:30:00.0,Fechamento Interbancário
1.54464,1.54563,2007-06-21 17:38:00.0,Fechamento
1.55213,1.56043,2007-06-22 09:19:00.0,Abertura
1.55583,1.55777,2007-06-22 09:30:00.0,Intermediário
1.55695,1.5589,2007-06-22 10:00:00.0,Intermediário
1.56095,1.56289,2007-06-22 10:30:00.0,Intermediário
1.56377,1.5659,2007-06-22 11:00:00.0,Intermediário
1.5653,1.56718,2007-06-22 11:30:00.0,Intermediário
1.56022,1.56203,2007-06-22 12:00:00.0,Intermediário
1.56268,1.56455,2007-06-22 12:30:00.0,Intermediário
1.56088,1.56275,2007-06-22 13:00:00.0,Intermediário
1.56234,1.56428,2007-06-22 13:30:00.0,Intermediário
1.56303,1.56503,2007-06-22 14:00:00.0,Intermediário
1.56555,1.56756,2007-06-22 14:30:00.0,Intermediário
1.57544,1.57745,2007-06-22 15:00:00.0,Intermediário
1.57595,1.57796,2007-06-22 15:30:00.0,Intermediário
1.5792,1.58122,2007-06-22 16:00:00.0,Intermediário
1.57901,1.58122,2007-06-22 16:30:00.0,Fechamento Interbancário
1.57218,1.5734,2007-06-22 17:56:00.0,Fechamento
1.57642,1.58482,2007-06-25 09:06:00.0,Abertura
1.57903,1.58105,2007-06-25 09:30:00.0,Intermediário
1.58203,1.5843,2007-06-25 10:00:00.0,Intermediário
1.58255,1.58482,2007-06-25 10:31:00.0,Intermediário
1.58782,1.58971,2007-06-25 11:00:00.0,Intermediário
1.58306,1.58508,2007-06-25 11:30:00.0,Intermediário
1.57548,1.57743,2007-06-25 12:00:00.0,Intermediário
1.57407,1.57608,2007-06-25 12:30:00.0,Intermediário
1.57546,1.57747,2007-06-25 13:00:00.0,Intermediário
1.56898,1.57073,2007-06-25 13:30:00.0,Intermediário
1.56936,1.57137,2007-06-25 14:00:00.0,Intermediário
1.57124,1.57351,2007-06-25 14:30:00.0,Intermediário
1.56974,1.57164,2007-06-25 15:00:00.0,Intermediário
1.57621,1.57809,2007-06-25 15:30:00.0,Intermediário
1.58739,1.58936,2007-06-25 16:00:00.0,Intermediário
1.58726,1.58954,2007-06-25 16:30:00.0,Fechamento Interbancário
1.57757,1.57887,2007-06-25 18:02:00.0,Fechamento
1.57638,1.58477,2007-06-26 09:16:00.0,Abertura
1.57933,1.58135,2007-06-26 09:30:00.0,Intermediário
1.58212,1.58413,2007-06-26 10:00:00.0,Intermediário
1.57908,1.5809,2007-06-26 10:30:00.0,Intermediário
1.58176,1.58377,2007-06-26 11:00:00.0,Intermediário
1.5873,1.58925,2007-06-26 11:30:00.0,Intermediário
1.58867,1.59095,2007-06-26 12:01:00.0,Intermediário
1.58561,1.58762,2007-06-26 12:30:00.0,Intermediário
1.5816,1.58349,2007-06-26 13:00:00.0,Intermediário
1.58173,1.58362,2007-06-26 13:30:00.0,Intermediário
1.5818,1.58381,2007-06-26 14:00:00.0,Intermediário
1.58229,1.5843,2007-06-26 14:30:00.0,Intermediário
1.58724,1.58925,2007-06-26 15:00:00.0,Intermediário
1.58876,1.59071,2007-06-26 15:30:00.0,Intermediário
1.59042,1.59244,2007-06-26 16:00:00.0,Intermediário
1.59022,1.59231,2007-06-26 16:30:00.0,Fechamento Interbancário
1.58697,1.58807,2007-06-26 17:34:00.0,Fechamento
1.59574,1.60433,2007-06-27 09:23:00.0,Abertura
1.59941,1.60222,2007-06-27 09:30:00.0,Intermediário
1.5931,1.59512,2007-06-27 10:00:00.0,Intermediário
1.59293,1.59489,2007-06-27 10:30:00.0,Intermediário
1.59257,1.59378,2007-06-27 11:00:00.0,Intermediário
1.58961,1.5915,2007-06-27 11:30:00.0,Intermediário
1.58717,1.58912,2007-06-27 12:00:00.0,Intermediário
1.58507,1.58708,2007-06-27 12:30:00.0,Intermediário
1.5862,1.58814,2007-06-27 13:00:00.0,Intermediário
1.58653,1.58841,2007-06-27 13:30:00.0,Intermediário
1.58691,1.58919,2007-06-27 14:00:00.0,Intermediário
1.58791,1.5899,2007-06-27 14:30:00.0,Intermediário
1.587,1.58902,2007-06-27 15:00:00.0,Intermediário
1.58137,1.58336,2007-06-27 15:30:00.0,Intermediário
1.58092,1.58293,2007-06-27 16:01:00.0,Intermediário
1.58008,1.5821,2007-06-27 16:30:00.0,Fechamento Interbancário
1.58586,1.5869,2007-06-27 17:35:00.0,Fechamento
1.57038,1.57916,2007-06-28 09:07:00.0,Abertura
1.57216,1.57455,2007-06-28 09:30:00.0,Intermediário
1.56995,1.57203,2007-06-28 10:00:00.0,Intermediário
1.56888,1.57096,2007-06-28 10:30:00.0,Intermediário
1.56832,1.57027,2007-06-28 11:01:00.0,Intermediário
1.56807,1.57021,2007-06-28 11:30:00.0,Intermediário
1.56719,1.56914,2007-06-28 12:00:00.0,Intermediário
1.56802,1.5699,2007-06-28 12:30:00.0,Intermediário
1.56413,1.56614,2007-06-28 13:00:00.0,Intermediário
1.56254,1.56442,2007-06-28 13:30:00.0,Intermediário
1.56235,1.56448,2007-06-28 14:00:00.0,Intermediário
1.56169,1.56363,2007-06-28 14:30:00.0,Intermediário
1.56019,1.56232,2007-06-28 15:00:00.0,Intermediário
1.56057,1.56264,2007-06-28 15:30:00.0,Intermediário
1.55649,1.55837,2007-06-28 16:00:00.0,Intermediário
1.55624,1.55812,2007-06-28 16:31:00.0,Fechamento Interbancário
1.56094,1.56185,2007-06-28 17:34:00.0,Fechamento
1.56816,1.57652,2007-06-29 09:20:00.0,Abertura
1.57224,1.57491,2007-06-29 09:30:00.0,Intermediário
1.56812,1.56906,2007-06-29 10:00:00.0,Intermediário
1.56824,1.57026,2007-06-29 10:30:00.0,Intermediário
1.56704,1.56912,2007-06-29 11:00:00.0,Intermediário
1.56672,1.56861,2007-06-29 11:30:00.0,Intermediário
1.57027,1.57223,2007-06-29 12:00:00.0,Intermediário
1.57143,1.57345,2007-06-29 12:30:00.0,Intermediário
1.57654,1.5785,2007-06-29 13:00:00.0,Intermediário
1.57938,1.58127,2007-06-29 13:30:00.0,Intermediário
1.57925,1.58153,2007-06-29 14:00:00.0,Intermediário
1.58063,1.58265,2007-06-29 14:30:00.0,Intermediário
1.57787,1.58002,2007-06-29 15:00:00.0,Intermediário
1.58069,1.58285,2007-06-29 15:30:00.0,Intermediário
1.57748,1.57977,2007-06-29 16:00:00.0,Intermediário
1.57871,1.5808,2007-06-29 16:30:00.0,Fechamento Interbancário
1.57658,1.57769,2007-06-29 17:35:00.0,Fechamento
1.58242,1.59097,2007-07-02 09:24:00.0,Abertura
1.58374,1.58568,2007-07-02 09:30:00.0,Intermediário
1.58728,1.58919,2007-07-02 10:00:00.0,Intermediário
1.58551,1.58742,2007-07-02 10:30:00.0,Intermediário
1.58032,1.58255,2007-07-02 11:00:00.0,Intermediário
1.58012,1.58229,2007-07-02 11:39:00.0,Intermediário
1.5784,1.58038,2007-07-02 12:00:00.0,Intermediário
1.57956,1.5816,2007-07-02 12:30:00.0,Intermediário
1.57992,1.58203,2007-07-02 13:00:00.0,Intermediário
1.58175,1.58373,2007-07-02 13:30:00.0,Intermediário
1.58136,1.58334,2007-07-02 14:00:00.0,Intermediário
1.58123,1.58327,2007-07-02 14:30:00.0,Intermediário
1.57866,1.58054,2007-07-02 15:00:00.0,Intermediário
1.58121,1.58312,2007-07-02 15:30:00.0,Intermediário
1.58206,1.58327,2007-07-02 16:00:00.0,Intermediário
1.58153,1.58345,2007-07-02 16:30:00.0,Fechamento Interbancário
1.58302,1.58394,2007-07-02 17:38:00.0,Fechamento
1.56571,1.57432,2007-07-03 09:12:00.0,Abertura
1.56745,1.56942,2007-07-03 09:30:00.0,Intermediário
1.5691,1.571,2007-07-03 10:00:00.0,Intermediário
1.56985,1.57182,2007-07-03 10:30:00.0,Intermediário
1.56957,1.57158,2007-07-03 11:01:00.0,Intermediário
1.56876,1.57072,2007-07-03 11:30:00.0,Intermediário
1.57282,1.57479,2007-07-03 12:00:00.0,Intermediário
1.57364,1.57568,2007-07-03 12:30:00.0,Intermediário
1.57403,1.576,2007-07-03 13:00:00.0,Intermediário
1.57345,1.57574,2007-07-03 13:30:00.0,Intermediário
1.57494,1.57678,2007-07-03 14:00:00.0,Intermediário
1.57377,1.57581,2007-07-03 14:30:00.0,Intermediário
1.57397,1.57613,2007-07-03 15:00:00.0,Intermediário
1.57384,1.576,2007-07-03 15:40:00.0,Intermediário
1.56971,1.57187,2007-07-03 16:00:00.0,Intermediário
1.56945,1.57146,2007-07-03 16:30:00.0,Fechamento Interbancário
1.57142,1.57244,2007-07-03 17:59:00.0,Fechamento
1.56681,1.57542,2007-07-04 09:18:00.0,Abertura
1.56856,1.57085,2007-07-04 09:30:00.0,Intermediário
1.57161,1.57371,2007-07-04 10:00:00.0,Intermediário
1.57148,1.57351,2007-07-04 10:30:00.0,Intermediário
1.57103,1.57332,2007-07-04 11:00:00.0,Intermediário
1.57267,1.57484,2007-07-04 11:30:00.0,Intermediário
1.57077,1.57293,2007-07-04 12:00:00.0,Intermediário
1.56843,1.57047,2007-07-04 12:30:00.0,Intermediário
1.56831,1.56964,2007-07-04 13:00:00.0,Intermediário
1.56818,1.56971,2007-07-04 13:30:00.0,Intermediário
1.56869,1.5699,2007-07-04 14:00:00.0,Intermediário
1.56805,1.56913,2007-07-04 14:30:00.0,Intermediário
1.56615,1.56831,2007-07-04 15:00:00.0,Intermediário
1.56628,1.56856,2007-07-04 15:30:00.0,Intermediário
1.56887,1.5709,2007-07-04 16:00:00.0,Intermediário
1.56861,1.5709,2007-07-04 16:30:00.0,Fechamento Interbancário
1.56869,1.57,2007-07-04 18:14:00.0,Fechamento
1.57071,1.57921,2007-07-05 09:29:00.0,Abertura
1.57305,1.57522,2007-07-05 09:30:00.0,Intermediário
1.57078,1.57273,2007-07-05 10:00:00.0,Intermediário
1.57074,1.57264,2007-07-05 10:30:00.0,Intermediário
1.57164,1.5739,2007-07-05 11:00:00.0,Intermediário
1.57096,1.57286,2007-07-05 11:30:00.0,Intermediário
1.57149,1.57352,2007-07-05 12:00:00.0,Intermediário
1.57048,1.57251,2007-07-05 12:30:00.0,Intermediário
1.5694,1.57169,2007-07-05 13:00:00.0,Intermediário
1.57141,1.57336,2007-07-05 13:30:00.0,Intermediário
1.57177,1.57393,2007-07-05 14:00:00.0,Intermediário
1.57469,1.57672,2007-07-05 14:30:00.0,Intermediário
1.57475,1.57665,2007-07-05 15:00:00.0,Intermediário
1.57303,1.57498,2007-07-05 15:30:00.0,Intermediário
1.5719,1.57393,2007-07-05 16:00:00.0,Intermediário
1.57125,1.57354,2007-07-05 16:30:00.0,Fechamento Interbancário
1.57281,1.57412,2007-07-05 17:34:00.0,Fechamento
1.55977,1.56823,2007-07-06 09:17:00.0,Abertura
1.55894,1.56109,2007-07-06 09:30:00.0,Intermediário
1.56103,1.56292,2007-07-06 10:00:00.0,Intermediário
1.5594,1.5613,2007-07-06 10:30:00.0,Intermediário
1.56098,1.56287,2007-07-06 11:00:00.0,Intermediário
1.56199,1.56389,2007-07-06 11:30:00.0,Intermediário
1.56158,1.5636,2007-07-06 12:00:00.0,Intermediário
1.56032,1.56235,2007-07-06 12:30:00.0,Intermediário
1.55955,1.56158,2007-07-06 13:00:00.0,Intermediário
1.55917,1.56145,2007-07-06 13:30:00.0,Intermediário
1.55974,1.56167,2007-07-06 14:00:00.0,Intermediário
1.55904,1.56119,2007-07-06 14:30:00.0,Intermediário
1.55949,1.56036,2007-07-06 15:00:00.0,Intermediário
1.5591,1.56031,2007-07-06 15:30:00.0,Intermediário
1.56128,1.5624,2007-07-06 16:00:00.0,Intermediário
1.56106,1.56246,2007-07-06 16:30:00.0,Fechamento Interbancário
1.56147,1.56271,2007-07-06 17:39:00.0,Fechamento
1.5588,1.56766,2007-07-09 09:28:00.0,Abertura
1.56304,1.56414,2007-07-09 09:30:00.0,Intermediário
1.56204,1.56407,2007-07-09 10:00:00.0,Intermediário
1.55888,1.56041,2007-07-09 10:30:00.0,Intermediário
1.55901,1.56021,2007-07-09 11:00:00.0,Intermediário
1.55926,1.5603,2007-07-09 11:30:00.0,Intermediário
1.55875,1.56021,2007-07-09 12:00:00.0,Intermediário
1.56057,1.56286,2007-07-09 12:30:00.0,Intermediário
1.56109,1.56299,2007-07-09 13:00:00.0,Intermediário
1.56019,1.56247,2007-07-09 13:30:00.0,Intermediário
1.56096,1.56312,2007-07-09 14:00:00.0,Intermediário
1.56096,1.56309,2007-07-09 14:30:00.0,Intermediário
1.55963,1.56109,2007-07-09 15:00:00.0,Intermediário
1.55914,1.56098,2007-07-09 15:30:00.0,Intermediário
1.55883,1.56098,2007-07-09 16:00:00.0,Intermediário
1.55849,1.56044,2007-07-09 16:30:00.0,Fechamento Interbancário
1.56047,1.56143,2007-07-09 17:35:00.0,Fechamento
1.5689,1.57743,2007-07-10 09:23:00.0,Abertura
1.56986,1.57184,2007-07-10 09:30:00.0,Intermediário
1.56963,1.57174,2007-07-10 10:00:00.0,Intermediário
1.57529,1.57721,2007-07-10 10:30:00.0,Intermediário
1.5789,1.58088,2007-07-10 11:00:00.0,Intermediário
1.57555,1.5776,2007-07-10 11:30:00.0,Intermediário
1.57476,1.57624,2007-07-10 12:00:00.0,Intermediário
1.57062,1.57267,2007-07-10 12:30:00.0,Intermediário
1.56663,1.56783,2007-07-10 13:00:00.0,Intermediário
1.56628,1.56848,2007-07-10 13:30:00.0,Intermediário
1.56592,1.56796,2007-07-10 14:00:00.0,Intermediário
1.56708,1.56939,2007-07-10 14:30:00.0,Intermediário
1.57009,1.57214,2007-07-10 15:00:00.0,Intermediário
1.57022,1.57253,2007-07-10 15:30:00.0,Intermediário
1.5689,1.57082,2007-07-10 16:00:00.0,Intermediário
1.56864,1.57012,2007-07-10 16:30:00.0,Fechamento Interbancário
1.57105,1.57237,2007-07-10 17:58:00.0,Fechamento
1.58127,1.58985,2007-07-11 09:25:00.0,Abertura
1.58249,1.58465,2007-07-11 09:30:00.0,Intermediário
1.57987,1.58179,2007-07-11 10:00:00.0,Intermediário
1.58166,1.58276,2007-07-11 10:30:00.0,Intermediário
1.57939,1.58131,2007-07-11 11:00:00.0,Intermediário
1.57527,1.57759,2007-07-11 11:30:00.0,Intermediário
1.57615,1.57812,2007-07-11 12:00:00.0,Intermediário
1.57003,1.57195,2007-07-11 12:30:00.0,Intermediário
1.5679,1.57021,2007-07-11 13:00:00.0,Intermediário
1.56972,1.57203,2007-07-11 13:30:00.0,Intermediário
1.56946,1.57138,2007-07-11 14:00:00.0,Intermediário
1.56812,1.57015,2007-07-11 14:30:00.0,Intermediário
1.56413,1.56561,2007-07-11 15:00:00.0,Intermediário
1.56381,1.56592,2007-07-11 15:30:00.0,Intermediário
1.57034,1.57182,2007-07-11 16:00:00.0,Intermediário
1.56995,1.57143,2007-07-11 16:30:00.0,Fechamento Interbancário
1.56845,1.56977,2007-07-11 17:32:00.0,Fechamento
1.56117,1.57001,2007-07-12 09:23:00.0,Abertura
1.5638,1.56598,2007-07-12 09:30:00.0,Intermediário
1.55949,1.56154,2007-07-12 10:00:00.0,Intermediário
1.56149,1.56349,2007-07-12 10:30:00.0,Intermediário
1.55845,1.55954,2007-07-12 11:00:00.0,Intermediário
1.56032,1.56167,2007-07-12 11:30:00.0,Intermediário
1.56006,1.56212,2007-07-12 12:00:00.0,Intermediário
1.55938,1.56136,2007-07-12 12:30:00.0,Intermediário
1.55866,1.56084,2007-07-12 13:00:00.0,Intermediário
1.55962,1.56159,2007-07-12 13:30:00.0,Intermediário
1.55934,1.56149,2007-07-12 14:00:00.0,Intermediário
1.55969,1.56175,2007-07-12 14:30:00.0,Intermediário
1.55624,1.55842,2007-07-12 15:00:00.0,Intermediário
1.5604,1.56245,2007-07-12 15:30:00.0,Intermediário
1.5551,1.5571,2007-07-12 16:00:00.0,Intermediário
1.55456,1.55604,2007-07-12 16:30:00.0,Fechamento Interbancário
1.5578,1.55911,2007-07-12 17:38:00.0,Fechamento
1.54754,1.55624,2007-07-13 09:11:00.0,Abertura
1.55048,1.55247,2007-07-13 09:30:00.0,Intermediário
1.55649,1.55857,2007-07-13 10:00:00.0,Intermediário
1.55937,1.56126,2007-07-13 10:30:00.0,Intermediário
1.55728,1.55935,2007-07-13 11:00:00.0,Intermediário
1.55717,1.55896,2007-07-13 11:30:00.0,Intermediário
1.5514,1.55342,2007-07-13 12:00:00.0,Intermediário
1.55424,1.55618,2007-07-13 12:30:00.0,Intermediário
1.55631,1.55824,2007-07-13 13:00:00.0,Intermediário
1.55618,1.55818,2007-07-13 13:30:00.0,Intermediário
1.55541,1.55772,2007-07-13 14:00:00.0,Intermediário
1.55567,1.55759,2007-07-13 14:30:00.0,Intermediário
1.55023,1.55223,2007-07-13 15:00:00.0,Intermediário
1.54972,1.55203,2007-07-13 15:30:00.0,Intermediário
1.54678,1.54908,2007-07-13 16:00:00.0,Intermediário
1.54588,1.548,2007-07-13 16:30:00.0,Fechamento Interbancário
1.55219,1.55332,2007-07-13 17:33:00.0,Fechamento
1.54518,1.55389,2007-07-16 09:15:00.0,Abertura
1.54947,1.55152,2007-07-16 09:30:00.0,Intermediário
1.54986,1.55191,2007-07-16 10:00:00.0,Intermediário
1.5491,1.55027,2007-07-16 10:30:00.0,Intermediário
1.55043,1.55274,2007-07-16 11:00:00.0,Intermediário
1.54761,1.54966,2007-07-16 11:30:00.0,Intermediário
1.54728,1.54824,2007-07-16 12:00:00.0,Intermediário
1.55279,1.55478,2007-07-16 12:30:00.0,Intermediário
1.55312,1.55517,2007-07-16 13:00:00.0,Intermediário
1.55252,1.55449,2007-07-16 13:30:00.0,Intermediário
1.55221,1.55439,2007-07-16 14:00:00.0,Intermediário
1.55574,1.55805,2007-07-16 14:30:00.0,Intermediário
1.55574,1.5585,2007-07-16 15:00:00.0,Intermediário
1.55119,1.5535,2007-07-16 15:30:00.0,Intermediário
1.55426,1.55574,2007-07-16 16:00:00.0,Intermediário
1.55522,1.55561,2007-07-16 16:30:00.0,Fechamento Interbancário
1.55015,1.5512,2007-07-16 17:37:00.0,Fechamento
1.54678,1.55536,2007-07-17 09:24:00.0,Abertura
1.54934,1.55178,2007-07-17 09:30:00.0,Intermediário
1.55267,1.55463,2007-07-17 10:00:00.0,Intermediário
1.54748,1.5492,2007-07-17 10:30:00.0,Intermediário
1.54782,1.54896,2007-07-17 11:00:00.0,Intermediário
1.54735,1.54872,2007-07-17 11:30:00.0,Intermediário
1.54914,1.55145,2007-07-17 12:00:00.0,Intermediário
1.55086,1.55208,2007-07-17 12:30:00.0,Intermediário
1.5492,1.55125,2007-07-17 13:00:00.0,Intermediário
1.54991,1.55187,2007-07-17 13:30:00.0,Intermediário
1.54985,1.55203,2007-07-17 14:00:00.0,Intermediário
1.54946,1.55151,2007-07-17 14:30:00.0,Intermediário
1.54698,1.5483,2007-07-17 15:00:00.0,Intermediário
1.54536,1.54684,2007-07-17 15:30:00.0,Intermediário
1.54469,1.54668,2007-07-17 16:00:00.0,Intermediário
1.54483,1.54601,2007-07-17 16:30:00.0,Fechamento Interbancário
1.54674,1.54775,2007-07-17 17:33:00.0,Fechamento
1.54709,1.55567,2007-07-18 09:14:00.0,Abertura
1.54927,1.5519,2007-07-18 09:30:00.0,Intermediário
1.54432,1.54628,2007-07-18 10:00:00.0,Intermediário
1.54409,1.54626,2007-07-18 10:31:00.0,Intermediário
1.5419,1.54386,2007-07-18 11:00:00.0,Intermediário
1.54206,1.54405,2007-07-18 11:30:00.0,Intermediário
1.5477,1.54965,2007-07-18 12:00:00.0,Intermediário
1.54552,1.54668,2007-07-18 12:30:00.0,Intermediário
1.54514,1.54622,2007-07-18 13:00:00.0,Intermediário
1.54577,1.54712,2007-07-18 13:30:00.0,Intermediário
1.54449,1.54596,2007-07-18 14:00:00.0,Intermediário
1.55026,1.55229,2007-07-18 14:30:00.0,Intermediário
1.54667,1.54876,2007-07-18 15:00:00.0,Intermediário
1.54917,1.55109,2007-07-18 15:30:00.0,Intermediário
1.54788,1.54897,2007-07-18 16:00:00.0,Intermediário
1.54736,1.54871,2007-07-18 16:30:00.0,Fechamento Interbancário
1.54828,1.54946,2007-07-18 17:32:00.0,Fechamento
1.53705,1.54589,2007-07-19 09:20:00.0,Abertura
1.54166,1.54378,2007-07-19 09:30:00.0,Intermediário
1.54192,1.54398,2007-07-19 10:00:00.0,Intermediário
1.54064,1.54269,2007-07-19 10:30:00.0,Intermediário
1.54102,1.54333,2007-07-19 11:00:00.0,Intermediário
1.54173,1.54365,2007-07-19 11:30:00.0,Intermediário
1.54327,1.54436,2007-07-19 12:00:00.0,Intermediário
1.54111,1.5423,2007-07-19 12:30:00.0,Intermediário
1.54083,1.5432,2007-07-19 13:00:00.0,Intermediário
1.54006,1.54236,2007-07-19 13:30:00.0,Intermediário
1.54121,1.54339,2007-07-19 14:00:00.0,Intermediário
1.54161,1.54363,2007-07-19 14:30:00.0,Intermediário
1.53917,1.54134,2007-07-19 15:00:00.0,Intermediário
1.53884,1.54072,2007-07-19 15:30:00.0,Intermediário
1.53983,1.54175,2007-07-19 16:00:00.0,Intermediário
1.53964,1.54077,2007-07-19 16:30:00.0,Fechamento Interbancário
1.53864,1.53961,2007-07-19 17:35:00.0,Fechamento
1.54089,1.54971,2007-07-20 09:22:00.0,Abertura
1.54217,1.55074,2007-07-20 09:52:00.0,Intermediário
1.54255,1.54459,2007-07-20 10:03:00.0,Intermediário
1.54351,1.54542,2007-07-20 10:35:00.0,Intermediário
1.54653,1.5477,2007-07-20 11:00:00.0,Intermediário
1.54902,1.55097,2007-07-20 11:30:00.0,Intermediário
1.55102,1.5532,2007-07-20 12:00:00.0,Intermediário
1.55019,1.5525,2007-07-20 12:30:00.0,Intermediário
1.5507,1.5525,2007-07-20 13:00:00.0,Intermediário
1.55019,1.55224,2007-07-20 13:30:00.0,Intermediário
1.54958,1.55165,2007-07-20 14:00:00.0,Intermediário
1.54903,1.55134,2007-07-20 14:30:00.0,Intermediário
1.54504,1.54702,2007-07-20 15:00:00.0,Intermediário
1.54583,1.54788,2007-07-20 15:30:00.0,Intermediário
1.5457,1.54788,2007-07-20 16:00:00.0,Intermediário
1.54686,1.54904,2007-07-20 16:30:00.0,Fechamento Interbancário
1.54919,1.55037,2007-07-20 17:34:00.0,Fechamento
1.53493,1.54347,2007-07-23 09:12:00.0,Abertura
1.53747,1.53938,2007-07-23 09:30:00.0,Intermediário
1.53597,1.53827,2007-07-23 10:00:00.0,Intermediário
1.53265,1.53444,2007-07-23 10:30:00.0,Intermediário
1.53129,1.53328,2007-07-23 11:00:00.0,Intermediário
1.5322,1.53399,2007-07-23 11:30:00.0,Intermediário
1.52972,1.53106,2007-07-23 12:00:00.0,Intermediário
1.52628,1.52807,2007-07-23 12:30:00.0,Intermediário
1.52679,1.52908,2007-07-23 13:00:00.0,Intermediário
1.52603,1.52819,2007-07-23 13:30:00.0,Intermediário
1.52603,1.52819,2007-07-23 14:00:00.0,Intermediário
1.52442,1.52638,2007-07-23 14:30:00.0,Intermediário
1.52605,1.52724,2007-07-23 15:00:00.0,Intermediário
1.5275,1.52871,2007-07-23 15:30:00.0,Intermediário
1.52564,1.52763,2007-07-23 16:00:00.0,Intermediário
1.52502,1.52609,2007-07-23 16:30:00.0,Fechamento Interbancário
1.5275,1.5284,2007-07-23 17:36:00.0,Fechamento
1.526,1.53482,2007-07-24 09:19:00.0,Abertura
1.52955,1.5315,2007-07-24 09:30:00.0,Intermediário
1.52855,1.53047,2007-07-24 10:00:00.0,Intermediário
1.5302,1.5313,2007-07-24 10:30:00.0,Intermediário
1.53507,1.53699,2007-07-24 11:00:00.0,Intermediário
1.53546,1.5375,2007-07-24 11:30:00.0,Intermediário
1.53029,1.53233,2007-07-24 12:01:00.0,Intermediário
1.53425,1.53629,2007-07-24 12:30:00.0,Intermediário
1.53419,1.53623,2007-07-24 13:01:00.0,Intermediário
1.53253,1.53483,2007-07-24 13:30:00.0,Intermediário
1.53233,1.5343,2007-07-24 14:00:00.0,Intermediário
1.53317,1.53508,2007-07-24 14:30:00.0,Intermediário
1.53667,1.53859,2007-07-24 15:00:00.0,Intermediário
1.54025,1.54242,2007-07-24 15:30:00.0,Intermediário
1.5436,1.54542,2007-07-24 16:00:00.0,Intermediário
1.54726,1.54837,2007-07-24 16:30:00.0,Fechamento Interbancário
1.5387,1.53964,2007-07-24 17:39:00.0,Fechamento
1.5278,1.5363,2007-07-25 09:22:00.0,Abertura
1.52953,1.53148,2007-07-25 09:30:00.0,Intermediário
1.5275,1.52959,2007-07-25 10:00:00.0,Intermediário
1.53485,1.53669,2007-07-25 10:30:00.0,Intermediário
1.5308,1.53314,2007-07-25 11:00:00.0,Intermediário
1.53321,1.53511,2007-07-25 11:30:00.0,Intermediário
1.54283,1.54473,2007-07-25 12:00:00.0,Intermediário
1.54099,1.54328,2007-07-25 12:30:00.0,Intermediário
1.54334,1.5453,2007-07-25 13:00:00.0,Intermediário
1.53973,1.54093,2007-07-25 13:30:00.0,Intermediário
1.54049,1.54169,2007-07-25 14:00:00.0,Intermediário
1.54264,1.54461,2007-07-25 14:30:00.0,Intermediário
1.53882,1.54093,2007-07-25 15:00:00.0,Intermediário
1.53954,1.54074,2007-07-25 15:30:00.0,Intermediário
1.53552,1.53764,2007-07-25 16:00:00.0,Intermediário
1.53574,1.53719,2007-07-25 16:30:00.0,Fechamento Interbancário
1.5345,1.53579,2007-07-25 17:36:00.0,Fechamento
1.5501,1.55875,2007-07-26 09:25:00.0,Abertura
1.55332,1.55527,2007-07-26 09:30:00.0,Intermediário
1.55989,1.5618,2007-07-26 10:00:00.0,Intermediário
1.56608,1.56719,2007-07-26 10:30:00.0,Intermediário
1.56162,1.56405,2007-07-26 11:00:00.0,Intermediário
1.55888,1.56188,2007-07-26 11:30:00.0,Intermediário
1.55653,1.5587,2007-07-26 12:00:00.0,Intermediário
1.56847,1.57019,2007-07-26 12:30:00.0,Intermediário
1.56846,1.57041,2007-07-26 13:00:00.0,Intermediário
1.57252,1.57443,2007-07-26 13:30:00.0,Intermediário
1.57265,1.57464,2007-07-26 14:00:00.0,Intermediário
1.58708,1.58909,2007-07-26 14:30:00.0,Intermediário
1.58857,1.59076,2007-07-26 15:00:00.0,Intermediário
1.60082,1.6028,2007-07-26 15:30:00.0,Intermediário
1.60047,1.60253,2007-07-26 16:00:00.0,Intermediário
1.6005,1.60173,2007-07-26 16:30:00.0,Fechamento Interbancário
1.58189,1.58295,2007-07-26 17:44:00.0,Fechamento
1.58832,1.5969,2007-07-27 09:19:00.0,Abertura
1.58915,1.59132,2007-07-27 09:30:00.0,Intermediário
1.5796,1.58164,2007-07-27 10:00:00.0,Intermediário
1.56791,1.56903,2007-07-27 10:30:00.0,Intermediário
1.57221,1.57451,2007-07-27 11:00:00.0,Intermediário
1.56973,1.57164,2007-07-27 11:30:00.0,Intermediário
1.57768,1.57951,2007-07-27 12:00:00.0,Intermediário
1.58102,1.583,2007-07-27 12:30:00.0,Intermediário
1.58605,1.58784,2007-07-27 13:00:00.0,Intermediário
1.58408,1.5862,2007-07-27 13:30:00.0,Intermediário
1.58363,1.58574,2007-07-27 14:00:00.0,Intermediário
1.58214,1.58417,2007-07-27 14:30:00.0,Intermediário
1.56576,1.56806,2007-07-27 15:00:00.0,Intermediário
1.57447,1.5762,2007-07-27 15:30:00.0,Intermediário
1.56741,1.56933,2007-07-27 16:00:00.0,Intermediário
1.56697,1.56806,2007-07-27 16:30:00.0,Fechamento Interbancário
1.57698,1.57791,2007-07-27 17:37:00.0,Fechamento
1.58035,1.58919,2007-07-30 09:18:00.0,Abertura
1.58258,1.5845,2007-07-30 09:30:00.0,Intermediário
1.57459,1.57661,2007-07-30 10:00:00.0,Intermediário
1.57076,1.57269,2007-07-30 10:30:00.0,Intermediário
1.5684,1.57045,2007-07-30 11:00:00.0,Intermediário
1.56791,1.56984,2007-07-30 11:30:00.0,Intermediário
1.56752,1.56957,2007-07-30 12:00:00.0,Intermediário
1.56866,1.57124,2007-07-30 12:30:00.0,Intermediário
1.56944,1.57153,2007-07-30 13:00:00.0,Intermediário
1.56931,1.5715,2007-07-30 13:30:00.0,Intermediário
1.56905,1.57111,2007-07-30 14:00:00.0,Intermediário
1.5632,1.56538,2007-07-30 14:30:00.0,Intermediário
1.56097,1.56302,2007-07-30 15:00:00.0,Intermediário
1.56011,1.56129,2007-07-30 15:30:00.0,Intermediário
1.55821,1.55943,2007-07-30 16:00:00.0,Intermediário
1.5579,1.55995,2007-07-30 16:30:00.0,Fechamento Interbancário
1.56297,1.56403,2007-07-30 17:36:00.0,Fechamento
1.54344,1.552,2007-07-31 09:17:00.0,Abertura
1.54721,1.54929,2007-07-31 09:30:00.0,Intermediário
1.55182,1.5529,2007-07-31 10:00:00.0,Intermediário
1.55276,1.55464,2007-07-31 10:30:00.0,Intermediário
1.55532,1.5564,2007-07-31 11:00:00.0,Intermediário
1.55084,1.55315,2007-07-31 11:30:00.0,Intermediário
1.5531,1.55515,2007-07-31 12:00:00.0,Intermediário
1.55541,1.55746,2007-07-31 12:30:00.0,Intermediário
1.55382,1.55577,2007-07-31 13:00:00.0,Intermediário
1.55291,1.55522,2007-07-31 13:30:00.0,Intermediário
1.55162,1.55419,2007-07-31 14:00:00.0,Intermediário
1.54965,1.55182,2007-07-31 14:30:00.0,Intermediário
1.55367,1.55572,2007-07-31 15:00:00.0,Intermediário
1.55834,1.56066,2007-07-31 15:30:00.0,Intermediário
1.5645,1.56572,2007-07-31 16:00:00.0,Intermediário
1.56455,1.56577,2007-07-31 16:30:00.0,Fechamento Interbancário
1.56023,1.56128,2007-07-31 18:29:00.0,Fechamento
1.56962,1.57833,2007-08-01 09:22:00.0,Abertura
1.56848,1.57207,2007-08-01 09:30:00.0,Intermediário
1.56406,1.56618,2007-08-01 10:00:00.0,Intermediário
1.56664,1.56793,2007-08-01 10:30:00.0,Intermediário
1.56619,1.56812,2007-08-01 11:00:00.0,Intermediário
1.56551,1.56765,2007-08-01 11:30:00.0,Intermediário
1.56593,1.56716,2007-08-01 12:00:00.0,Intermediário
1.56478,1.56703,2007-08-01 12:30:00.0,Intermediário
1.56458,1.56651,2007-08-01 13:00:00.0,Intermediário
1.56263,1.56494,2007-08-01 13:30:00.0,Intermediário
1.56198,1.56429,2007-08-01 14:00:00.0,Intermediário
1.56754,1.57055,2007-08-01 14:30:00.0,Intermediário
1.56587,1.5671,2007-08-01 15:00:00.0,Intermediário
1.56767,1.56985,2007-08-01 15:30:00.0,Intermediário
1.5699,1.57221,2007-08-01 16:00:00.0,Intermediário
1.57221,1.5737,2007-08-01 16:30:00.0,Fechamento Interbancário
1.56623,1.56755,2007-08-01 17:36:00.0,Fechamento
1.54764,1.55618,2007-08-02 09:24:00.0,Abertura
1.54989,1.55203,2007-08-02 09:30:00.0,Intermediário
1.54661,1.54891,2007-08-02 10:00:00.0,Intermediário
1.54719,1.54923,2007-08-02 10:30:00.0,Intermediário
1.55147,1.55338,2007-08-02 11:00:00.0,Intermediário
1.55372,1.55584,2007-08-02 11:30:00.0,Intermediário
1.55285,1.55414,2007-08-02 12:00:00.0,Intermediário
1.5516,1.55377,2007-08-02 12:30:00.0,Intermediário
1.55115,1.55211,2007-08-02 13:00:00.0,Intermediário
1.54969,1.55283,2007-08-02 13:30:00.0,Intermediário
1.55021,1.55334,2007-08-02 14:00:00.0,Intermediário
1.5534,1.55551,2007-08-02 14:30:00.0,Intermediário
1.55487,1.55718,2007-08-02 15:00:00.0,Intermediário
1.55474,1.55582,2007-08-02 15:30:00.0,Intermediário
1.55543,1.55755,2007-08-02 16:00:00.0,Intermediário
1.55622,1.55755,2007-08-02 16:30:00.0,Fechamento Interbancário
1.55464,1.55581,2007-08-02 17:44:00.0,Fechamento
1.5486,1.55727,2007-08-03 09:26:00.0,Abertura
1.55278,1.55664,2007-08-03 09:30:00.0,Intermediário
1.55717,1.55901,2007-08-03 10:06:00.0,Intermediário
1.55727,1.5585,2007-08-03 10:30:00.0,Intermediário
1.56416,1.56622,2007-08-03 11:00:00.0,Intermediário
1.57075,1.57198,2007-08-03 11:30:00.0,Intermediário
1.57124,1.57247,2007-08-03 12:00:00.0,Intermediário
1.56996,1.57216,2007-08-03 12:30:00.0,Intermediário
1.57326,1.5756,2007-08-03 13:00:00.0,Intermediário
1.57371,1.57595,2007-08-03 13:30:00.0,Intermediário
1.57459,1.57682,2007-08-03 14:00:00.0,Intermediário
1.57463,1.57696,2007-08-03 14:30:00.0,Intermediário
1.57505,1.57642,2007-08-03 15:00:00.0,Intermediário
1.58656,1.58881,2007-08-03 15:30:00.0,Intermediário
1.59553,1.59748,2007-08-03 16:00:00.0,Intermediário
1.59801,1.59926,2007-08-03 16:30:00.0,Fechamento Interbancário
1.58253,1.5836,2007-08-03 17:38:00.0,Fechamento
1.59582,1.60439,2007-08-06 09:17:00.0,Abertura
1.60668,1.60877,2007-08-06 09:30:00.0,Intermediário
1.60866,1.60988,2007-08-06 10:00:00.0,Intermediário
1.60698,1.60893,2007-08-06 10:30:00.0,Intermediário
1.60869,1.61073,2007-08-06 11:01:00.0,Intermediário
1.61116,1.61339,2007-08-06 11:30:00.0,Intermediário
1.60911,1.6112,2007-08-06 12:00:00.0,Intermediário
1.60362,1.60498,2007-08-06 12:30:00.0,Intermediário
1.60015,1.60243,2007-08-06 13:00:00.0,Intermediário
1.59961,1.60168,2007-08-06 13:30:00.0,Intermediário
1.59787,1.60004,2007-08-06 14:00:00.0,Intermediário
1.60121,1.60357,2007-08-06 14:30:00.0,Intermediário
1.6088,1.61107,2007-08-06 15:00:00.0,Intermediário
1.60696,1.60819,2007-08-06 15:30:00.0,Intermediário
1.60359,1.60483,2007-08-06 16:00:00.0,Intermediário
1.59948,1.60085,2007-08-06 16:36:00.0,Fechamento Interbancário
1.60351,1.60471,2007-08-06 17:45:00.0,Fechamento
1.58562,1.59466,2007-08-07 09:19:00.0,Abertura
1.59118,1.59312,2007-08-07 09:30:00.0,Intermediário
1.59259,1.59369,2007-08-07 10:00:00.0,Intermediário
1.59296,1.59504,2007-08-07 10:30:00.0,Intermediário
1.59179,1.59302,2007-08-07 11:00:00.0,Intermediário
1.59139,1.59252,2007-08-07 11:30:00.0,Intermediário
1.59805,1.5993,2007-08-07 12:00:00.0,Intermediário
1.59879,1.60087,2007-08-07 12:30:00.0,Intermediário
1.59431,1.59612,2007-08-07 13:00:00.0,Intermediário
1.59405,1.59639,2007-08-07 13:30:00.0,Intermediário
1.59351,1.59558,2007-08-07 14:00:00.0,Intermediário
1.59423,1.59639,2007-08-07 14:30:00.0,Intermediário
1.58819,1.59121,2007-08-07 15:00:00.0,Intermediário
1.59895,1.60102,2007-08-07 15:30:00.0,Intermediário
1.59624,1.59768,2007-08-07 16:00:00.0,Intermediário
1.58998,1.59121,2007-08-07 16:55:00.0,Fechamento Interbancário
1.59293,1.59413,2007-08-07 17:49:00.0,Fechamento
1.5778,1.58669,2007-08-08 09:16:00.0,Abertura
1.58291,1.58574,2007-08-08 09:37:00.0,Intermediário
1.58363,1.5857,2007-08-08 10:03:00.0,Intermediário
1.58597,1.58734,2007-08-08 10:36:00.0,Intermediário
1.58281,1.58484,2007-08-08 11:00:00.0,Intermediário
1.57923,1.58117,2007-08-08 11:30:00.0,Intermediário
1.5772,1.5793,2007-08-08 12:00:00.0,Intermediário
1.58031,1.5813,2007-08-08 12:30:00.0,Intermediário
1.57671,1.57898,2007-08-08 13:00:00.0,Intermediário
1.5758,1.57804,2007-08-08 13:30:00.0,Intermediário
1.57645,1.5786,2007-08-08 14:00:00.0,Intermediário
1.57541,1.57769,2007-08-08 14:30:00.0,Intermediário
1.57653,1.57873,2007-08-08 15:00:00.0,Intermediário
1.57596,1.57816,2007-08-08 15:30:00.0,Intermediário
1.57525,1.57744,2007-08-08 16:00:00.0,Intermediário
1.57736,1.57886,2007-08-08 16:30:00.0,Fechamento Interbancário
1.57887,1.5802,2007-08-08 17:36:00.0,Fechamento
1.58774,1.59635,2007-08-09 09:14:00.0,Abertura
1.59442,1.5964,2007-08-09 09:30:00.0,Intermediário
1.59276,1.59487,2007-08-09 10:00:00.0,Intermediário
1.59869,1.60071,2007-08-09 10:30:00.0,Intermediário
1.60084,1.60283,2007-08-09 11:00:00.0,Intermediário
1.59696,1.59903,2007-08-09 11:30:00.0,Intermediário
1.59646,1.59858,2007-08-09 12:00:00.0,Intermediário
1.59601,1.5982,2007-08-09 12:30:00.0,Intermediário
1.59977,1.60094,2007-08-09 13:00:00.0,Intermediário
1.59973,1.601,2007-08-09 13:30:00.0,Intermediário
1.59943,1.6008,2007-08-09 14:00:00.0,Intermediário
1.59916,1.60134,2007-08-09 14:30:00.0,Intermediário
1.60214,1.6042,2007-08-09 15:00:00.0,Intermediário
1.6065,1.60878,2007-08-09 15:30:00.0,Intermediário
1.60819,1.60983,2007-08-09 16:00:00.0,Intermediário
1.60878,1.60999,2007-08-09 16:30:00.0,Fechamento Interbancário
1.60235,1.60339,2007-08-09 17:39:00.0,Fechamento
1.63195,1.64073,2007-08-10 09:16:00.0,Abertura
1.63567,1.63782,2007-08-10 09:30:00.0,Intermediário
1.63667,1.63778,2007-08-10 10:00:00.0,Intermediário
1.62943,1.63147,2007-08-10 10:30:00.0,Intermediário
1.632,1.63488,2007-08-10 11:00:00.0,Intermediário
1.63356,1.63561,2007-08-10 11:30:00.0,Intermediário
1.63638,1.63837,2007-08-10 12:00:00.0,Intermediário
1.62697,1.62877,2007-08-10 12:30:00.0,Intermediário
1.62318,1.62517,2007-08-10 13:00:00.0,Intermediário
1.61657,1.61875,2007-08-10 13:30:00.0,Intermediário
1.61971,1.62184,2007-08-10 14:22:00.0,Intermediário
1.61604,1.61799,2007-08-10 14:30:00.0,Intermediário
1.62234,1.62463,2007-08-10 15:00:00.0,Intermediário
1.61854,1.62077,2007-08-10 15:30:00.0,Intermediário
1.62883,1.63091,2007-08-10 16:00:00.0,Intermediário
1.62774,1.62905,2007-08-10 16:30:00.0,Fechamento Interbancário
1.63125,1.63239,2007-08-10 17:37:00.0,Fechamento
1.60753,1.61599,2007-08-13 09:16:00.0,Abertura
1.61098,1.61387,2007-08-13 09:30:00.0,Intermediário
1.61285,1.61478,2007-08-13 10:00:00.0,Intermediário
1.60869,1.61116,2007-08-13 10:30:00.0,Intermediário
1.61285,1.61395,2007-08-13 11:00:00.0,Intermediário
1.609,1.61003,2007-08-13 11:30:00.0,Intermediário
1.61001,1.61207,2007-08-13 12:00:00.0,Intermediário
1.60874,1.61076,2007-08-13 12:30:00.0,Intermediário
1.606,1.60723,2007-08-13 13:00:00.0,Intermediário
1.6068,1.6083,2007-08-13 13:30:00.0,Intermediário
1.60587,1.60737,2007-08-13 14:00:00.0,Intermediário
1.60806,1.60999,2007-08-13 14:30:00.0,Intermediário
1.60992,1.61187,2007-08-13 15:12:00.0,Intermediário
1.60901,1.61082,2007-08-13 15:30:00.0,Intermediário
1.60991,1.61202,2007-08-13 16:00:00.0,Intermediário
1.61064,1.61185,2007-08-13 16:30:00.0,Fechamento Interbancário
1.60923,1.61027,2007-08-13 17:44:00.0,Fechamento
1.61226,1.62102,2007-08-14 09:18:00.0,Abertura
1.61733,1.61952,2007-08-14 09:30:00.0,Intermediário
1.61205,1.6141,2007-08-14 10:00:00.0,Intermediário
1.61494,1.61606,2007-08-14 10:30:00.0,Intermediário
1.61865,1.62066,2007-08-14 11:00:00.0,Intermediário
1.6267,1.62889,2007-08-14 11:30:00.0,Intermediário
1.63703,1.63936,2007-08-14 12:00:00.0,Intermediário
1.63701,1.63907,2007-08-14 12:30:00.0,Intermediário
1.63262,1.63468,2007-08-14 13:00:00.0,Intermediário
1.63196,1.63415,2007-08-14 13:30:00.0,Intermediário
1.63261,1.63469,2007-08-14 14:00:00.0,Intermediário
1.64173,1.6438,2007-08-14 14:30:00.0,Intermediário
1.6423,1.64434,2007-08-14 15:00:00.0,Intermediário
1.64037,1.64243,2007-08-14 15:30:00.0,Intermediário
1.63757,1.63941,2007-08-14 16:00:00.0,Intermediário
1.63849,1.63956,2007-08-14 16:30:00.0,Fechamento Interbancário
1.63445,1.63535,2007-08-14 17:54:00.0,Fechamento
1.64903,1.65774,2007-08-15 09:14:00.0,Abertura
1.65075,1.6535,2007-08-15 09:30:00.0,Intermediário
1.64351,1.64632,2007-08-15 10:00:00.0,Intermediário
1.64054,1.64258,2007-08-15 10:30:00.0,Intermediário
1.63396,1.63606,2007-08-15 11:00:00.0,Intermediário
1.63068,1.63269,2007-08-15 11:30:00.0,Intermediário
1.63251,1.63463,2007-08-15 12:00:00.0,Intermediário
1.63411,1.63622,2007-08-15 12:30:00.0,Intermediário
1.63672,1.63886,2007-08-15 13:00:00.0,Intermediário
1.63729,1.63926,2007-08-15 13:30:00.0,Intermediário
1.63592,1.63796,2007-08-15 14:00:00.0,Intermediário
1.63686,1.63807,2007-08-15 14:30:00.0,Intermediário
1.63469,1.637,2007-08-15 15:00:00.0,Intermediário
1.64331,1.6453,2007-08-15 15:30:00.0,Intermediário
1.66456,1.66646,2007-08-15 16:00:00.0,Intermediário
1.66366,1.66598,2007-08-15 16:30:00.0,Fechamento Interbancário
1.64275,1.64408,2007-08-15 17:43:00.0,Fechamento
1.73859,1.74739,2007-08-16 09:16:00.0,Abertura
1.74059,1.74256,2007-08-16 09:30:00.0,Intermediário
1.70772,1.70992,2007-08-16 10:00:00.0,Intermediário
1.72652,1.72873,2007-08-16 10:30:00.0,Intermediário
1.71919,1.72275,2007-08-16 11:00:00.0,Intermediário
1.72496,1.72635,2007-08-16 11:48:00.0,Intermediário
1.71879,1.721,2007-08-16 12:00:00.0,Intermediário
1.72385,1.72592,2007-08-16 12:52:00.0,Intermediário
1.72717,1.72909,2007-08-16 13:13:00.0,Intermediário
1.74149,1.74371,2007-08-16 13:38:00.0,Intermediário
1.75332,1.7554,2007-08-16 14:06:00.0,Intermediário
1.74943,1.75148,2007-08-16 14:32:00.0,Intermediário
1.72424,1.72639,2007-08-16 15:00:00.0,Intermediário
1.72371,1.72578,2007-08-16 15:30:00.0,Intermediário
1.71838,1.72073,2007-08-16 16:00:00.0,Intermediário
1.72039,1.7219,2007-08-16 16:30:00.0,Fechamento Interbancário
1.73651,1.73786,2007-08-16 17:42:00.0,Fechamento
1.70685,1.71571,2007-08-17 09:13:00.0,Abertura
1.67572,1.67926,2007-08-17 09:30:00.0,Intermediário
1.67661,1.67799,2007-08-17 10:00:00.0,Intermediário
1.67772,1.6791,2007-08-17 11:21:00.0,Intermediário
1.68313,1.68521,2007-08-17 11:27:00.0,Intermediário
1.6916,1.69355,2007-08-17 11:50:00.0,Intermediário
1.6916,1.69383,2007-08-17 12:07:00.0,Intermediário
1.68728,1.68936,2007-08-17 12:30:00.0,Intermediário
1.68432,1.68577,2007-08-17 13:00:00.0,Intermediário
1.68284,1.68409,2007-08-17 13:30:00.0,Intermediário
1.68062,1.68283,2007-08-17 14:00:00.0,Intermediário
1.66888,1.67109,2007-08-17 14:30:00.0,Intermediário
1.67012,1.67233,2007-08-17 15:00:00.0,Intermediário
1.67688,1.67924,2007-08-17 15:30:00.0,Intermediário
1.67218,1.67717,2007-08-17 16:00:00.0,Intermediário
1.67771,1.6791,2007-08-17 16:30:00.0,Fechamento Interbancário
1.68749,1.68871,2007-08-17 17:46:00.0,Fechamento
1.65248,1.66119,2007-08-20 09:22:00.0,Abertura
1.65508,1.65727,2007-08-20 09:30:00.0,Intermediário
1.66074,1.66292,2007-08-20 10:00:00.0,Intermediário
1.66073,1.66294,2007-08-20 10:30:00.0,Intermediário
1.66874,1.67116,2007-08-20 11:00:00.0,Intermediário
1.66556,1.6675,2007-08-20 11:30:00.0,Intermediário
1.67398,1.67551,2007-08-20 12:00:00.0,Intermediário
1.6751,1.67715,2007-08-20 12:30:00.0,Intermediário
1.68711,1.68904,2007-08-20 13:00:00.0,Intermediário
1.68825,1.69043,2007-08-20 13:30:00.0,Intermediário
1.68823,1.69058,2007-08-20 14:00:00.0,Intermediário
1.70246,1.7044,2007-08-20 14:30:00.0,Intermediário
1.69692,1.69915,2007-08-20 15:00:00.0,Intermediário
1.68823,1.68976,2007-08-20 15:30:00.0,Intermediário
1.68015,1.68308,2007-08-20 16:00:00.0,Intermediário
1.68076,1.68228,2007-08-20 16:30:00.0,Fechamento Interbancário
1.68009,1.68145,2007-08-20 17:45:00.0,Fechamento
1.68481,1.69327,2007-08-21 09:28:00.0,Abertura
1.68776,1.68998,2007-08-21 09:30:00.0,Intermediário
1.69276,1.69476,2007-08-21 10:00:00.0,Intermediário
1.697,1.69937,2007-08-21 10:30:00.0,Intermediário
1.69117,1.69354,2007-08-21 11:00:00.0,Intermediário
1.6952,1.69728,2007-08-21 11:30:00.0,Intermediário
1.6927,1.69493,2007-08-21 12:00:00.0,Intermediário
1.68972,1.69427,2007-08-21 12:30:00.0,Intermediário
1.68502,1.68711,2007-08-21 13:00:00.0,Intermediário
1.68292,1.68493,2007-08-21 13:30:00.0,Intermediário
1.68205,1.6842,2007-08-21 14:00:00.0,Intermediário
1.67912,1.68132,2007-08-21 14:30:00.0,Intermediário
1.67992,1.68227,2007-08-21 15:00:00.0,Intermediário
1.67868,1.68103,2007-08-21 15:30:00.0,Intermediário
1.68405,1.68991,2007-08-21 16:00:00.0,Intermediário
1.6849,1.68726,2007-08-21 16:30:00.0,Fechamento Interbancário
1.6888,1.69016,2007-08-21 17:39:00.0,Fechamento
1.66667,1.67541,2007-08-22 09:13:00.0,Abertura
1.66584,1.66791,2007-08-22 09:30:00.0,Intermediário
1.66075,1.66308,2007-08-22 10:00:00.0,Intermediário
1.6613,1.66309,2007-08-22 10:30:00.0,Intermediário
1.65792,1.65979,2007-08-22 11:00:00.0,Intermediário
1.66709,1.66918,2007-08-22 11:30:00.0,Intermediário
1.66598,1.66708,2007-08-22 12:00:00.0,Intermediário
1.66985,1.67206,2007-08-22 12:30:00.0,Intermediário
1.66863,1.6698,2007-08-22 13:00:00.0,Intermediário
1.66874,1.6698,2007-08-22 13:30:00.0,Intermediário
1.66881,1.67009,2007-08-22 14:00:00.0,Intermediário
1.66853,1.66971,2007-08-22 14:30:00.0,Intermediário
1.66639,1.66839,2007-08-22 15:00:00.0,Intermediário
1.66929,1.6715,2007-08-22 15:30:00.0,Intermediário
1.66667,1.66846,2007-08-22 16:00:00.0,Intermediário
1.66585,1.66708,2007-08-22 16:30:00.0,Fechamento Interbancário
1.67124,1.6723,2007-08-22 17:40:00.0,Fechamento
1.64282,1.65143,2007-08-23 09:29:00.0,Abertura
1.64271,1.64485,2007-08-23 09:30:00.0,Intermediário
1.64131,1.64347,2007-08-23 10:00:00.0,Intermediário
1.64253,1.64487,2007-08-23 10:30:00.0,Intermediário
1.64523,1.64721,2007-08-23 11:00:00.0,Intermediário
1.64875,1.65078,2007-08-23 11:30:00.0,Intermediário
1.64762,1.64872,2007-08-23 12:00:00.0,Intermediário
1.65243,1.65492,2007-08-23 12:30:00.0,Intermediário
1.65644,1.65865,2007-08-23 13:00:00.0,Intermediário
1.65685,1.65893,2007-08-23 13:33:00.0,Intermediário
1.65768,1.65975,2007-08-23 14:00:00.0,Intermediário
1.65657,1.65865,2007-08-23 14:30:00.0,Intermediário
1.65374,1.65492,2007-08-23 15:00:00.0,Intermediário
1.64719,1.64953,2007-08-23 15:30:00.0,Intermediário
1.64535,1.64745,2007-08-23 16:00:00.0,Intermediário
1.64668,1.64778,2007-08-23 16:30:00.0,Fechamento Interbancário
1.6509,1.65184,2007-08-23 17:39:00.0,Fechamento
1.65099,1.65987,2007-08-24 09:13:00.0,Abertura
1.65253,1.65447,2007-08-24 09:30:00.0,Intermediário
1.65501,1.65722,2007-08-24 10:08:00.0,Intermediário
1.65298,1.65507,2007-08-24 10:30:00.0,Intermediário
1.65596,1.6571,2007-08-24 11:00:00.0,Intermediário
1.65084,1.65292,2007-08-24 11:30:00.0,Intermediário
1.6533,1.65553,2007-08-24 12:00:00.0,Intermediário
1.65024,1.65233,2007-08-24 12:30:00.0,Intermediário
1.64234,1.64443,2007-08-24 13:00:00.0,Intermediário
1.64233,1.64502,2007-08-24 13:30:00.0,Intermediário
1.64295,1.64493,2007-08-24 14:00:00.0,Intermediário
1.6299,1.6322,2007-08-24 14:30:00.0,Intermediário
1.62614,1.62738,2007-08-24 15:00:00.0,Intermediário
1.62262,1.62473,2007-08-24 15:30:00.0,Intermediário
1.6161,1.61754,2007-08-24 16:11:00.0,Intermediário
1.61578,1.61728,2007-08-24 16:30:00.0,Fechamento Interbancário
1.6513,1.65266,2007-08-24 17:53:00.0,Fechamento
1.61556,1.624,2007-08-27 09:20:00.0,Abertura
1.61765,1.61998,2007-08-27 09:30:00.0,Intermediário
1.6185,1.62057,2007-08-27 10:00:00.0,Intermediário
1.6196,1.6218,2007-08-27 10:30:00.0,Intermediário
1.62348,1.62582,2007-08-27 11:00:00.0,Intermediário
1.6225,1.62463,2007-08-27 11:30:00.0,Intermediário
1.62596,1.62681,2007-08-27 12:00:00.0,Intermediário
1.62719,1.62926,2007-08-27 12:51:00.0,Intermediário
1.62539,1.62719,2007-08-27 13:00:00.0,Intermediário
1.62518,1.62731,2007-08-27 13:12:00.0,Intermediário
1.62621,1.62841,2007-08-27 14:09:00.0,Intermediário
1.62124,1.62344,2007-08-27 14:53:00.0,Intermediário
1.62406,1.62549,2007-08-27 15:02:00.0,Intermediário
1.62027,1.62234,2007-08-27 15:30:00.0,Intermediário
1.61985,1.62108,2007-08-27 16:00:00.0,Intermediário
1.62151,1.62277,2007-08-27 16:30:00.0,Fechamento Interbancário
1.6191,1.62019,2007-08-27 17:43:00.0,Fechamento
1.63843,1.64723,2007-08-28 09:08:00.0,Abertura
1.64564,1.64773,2007-08-28 09:32:00.0,Intermediário
1.64073,1.64283,2007-08-28 10:01:00.0,Intermediário
1.64011,1.64219,2007-08-28 10:31:00.0,Intermediário
1.64317,1.64512,2007-08-28 11:01:00.0,Intermediário
1.64217,1.64554,2007-08-28 11:31:00.0,Intermediário
1.64833,1.65039,2007-08-28 12:01:00.0,Intermediário
1.65182,1.65376,2007-08-28 12:31:00.0,Intermediário
1.6539,1.65598,2007-08-28 13:01:00.0,Intermediário
1.65386,1.65584,2007-08-28 13:31:00.0,Intermediário
1.65335,1.6557,2007-08-28 14:01:00.0,Intermediário
1.65404,1.65611,2007-08-28 14:31:00.0,Intermediário
1.6529,1.6551,2007-08-28 15:01:00.0,Intermediário
1.66052,1.66195,2007-08-28 15:31:00.0,Intermediário
1.66569,1.66706,2007-08-28 16:01:00.0,Intermediário
1.66687,1.66817,2007-08-28 16:31:00.0,Fechamento Interbancário
1.6528,1.65392,2007-08-28 17:42:00.0,Fechamento
1.65353,1.66223,2007-08-29 09:18:00.0,Abertura
1.65609,1.65792,2007-08-29 09:30:00.0,Intermediário
1.65653,1.65778,2007-08-29 10:00:00.0,Intermediário
1.65873,1.6607,2007-08-29 10:30:00.0,Intermediário
1.6543,1.65638,2007-08-29 11:00:00.0,Intermediário
1.66444,1.66653,2007-08-29 11:30:00.0,Intermediário
1.65597,1.65791,2007-08-29 12:00:00.0,Intermediário
1.65499,1.65707,2007-08-29 12:30:00.0,Intermediário
1.64818,1.65012,2007-08-29 13:00:00.0,Intermediário
1.64777,1.64985,2007-08-29 13:30:00.0,Intermediário
1.64916,1.65054,2007-08-29 14:00:00.0,Intermediário
1.65189,1.65397,2007-08-29 14:30:00.0,Intermediário
1.65374,1.65582,2007-08-29 15:00:00.0,Intermediário
1.64667,1.64875,2007-08-29 15:30:00.0,Intermediário
1.6382,1.64027,2007-08-29 16:00:00.0,Intermediário
1.63765,1.63876,2007-08-29 16:30:00.0,Fechamento Interbancário
1.65398,1.65492,2007-08-29 17:48:00.0,Fechamento
1.63446,1.64329,2007-08-30 09:10:00.0,Abertura
1.64397,1.64604,2007-08-30 09:30:00.0,Intermediário
1.63955,1.64162,2007-08-30 10:00:00.0,Intermediário
1.65023,1.65228,2007-08-30 10:30:00.0,Intermediário
1.63624,1.63817,2007-08-30 11:00:00.0,Intermediário
1.62779,1.62969,2007-08-30 11:30:00.0,Intermediário
1.62876,1.63136,2007-08-30 12:00:00.0,Intermediário
1.62945,1.63156,2007-08-30 12:30:00.0,Intermediário
1.63274,1.63458,2007-08-30 13:01:00.0,Intermediário
1.63437,1.6363,2007-08-30 13:30:00.0,Intermediário
1.63423,1.6363,2007-08-30 14:00:00.0,Intermediário
1.63549,1.63742,2007-08-30 14:30:00.0,Intermediário
1.63816,1.64029,2007-08-30 15:00:00.0,Intermediário
1.64131,1.64282,2007-08-30 15:30:00.0,Intermediário
1.63993,1.64228,2007-08-30 16:00:00.0,Intermediário
1.63896,1.64008,2007-08-30 16:30:00.0,Fechamento Interbancário
1.6422,1.64315,2007-08-30 17:40:00.0,Fechamento
1.62971,1.63831,2007-08-31 09:06:00.0,Abertura
1.6288,1.63191,2007-08-31 09:30:00.0,Intermediário
1.6252,1.62754,2007-08-31 10:00:00.0,Intermediário
1.63075,1.63181,2007-08-31 10:30:00.0,Intermediário
1.62309,1.62622,2007-08-31 11:00:00.0,Intermediário
1.62424,1.6254,2007-08-31 11:30:00.0,Intermediário
1.62012,1.62225,2007-08-31 12:00:00.0,Intermediário
1.62639,1.62838,2007-08-31 12:30:00.0,Intermediário
1.62833,1.63026,2007-08-31 13:00:00.0,Intermediário
1.62802,1.63008,2007-08-31 13:30:00.0,Intermediário
1.6287,1.63103,2007-08-31 14:00:00.0,Intermediário
1.62319,1.62541,2007-08-31 14:30:00.0,Intermediário
1.62396,1.62606,2007-08-31 15:00:00.0,Intermediário
1.61937,1.62153,2007-08-31 15:30:00.0,Intermediário
1.62245,1.62359,2007-08-31 16:00:00.0,Intermediário
1.62374,1.62512,2007-08-31 16:30:00.0,Fechamento Interbancário
1.62308,1.62429,2007-08-31 17:39:00.0,Fechamento
1.61771,1.62625,2007-09-03 09:25:00.0,Abertura
1.61925,1.62131,2007-09-03 09:30:00.0,Intermediário
1.62006,1.62211,2007-09-03 10:00:00.0,Intermediário
1.61717,1.61867,2007-09-03 10:30:00.0,Intermediário
1.61612,1.61806,2007-09-03 11:00:00.0,Intermediário
1.61612,1.61798,2007-09-03 11:30:00.0,Intermediário
1.61498,1.61677,2007-09-03 12:00:00.0,Intermediário
1.61458,1.6165,2007-09-03 12:30:00.0,Intermediário
1.61432,1.6165,2007-09-03 13:00:00.0,Intermediário
1.61432,1.61637,2007-09-03 13:30:00.0,Intermediário
1.61458,1.61691,2007-09-03 14:00:00.0,Intermediário
1.61635,1.61867,2007-09-03 14:30:00.0,Intermediário
1.61581,1.61717,2007-09-03 15:00:00.0,Intermediário
1.61442,1.61619,2007-09-03 15:30:00.0,Intermediário
1.61608,1.61784,2007-09-03 16:00:00.0,Intermediário
1.61592,1.61742,2007-09-03 16:30:00.0,Fechamento Interbancário
1.61666,1.618,2007-09-03 17:35:00.0,Fechamento
1.61203,1.62093,2007-09-04 09:23:00.0,Abertura
1.61697,1.61888,2007-09-04 09:30:00.0,Intermediário
1.61524,1.61755,2007-09-04 10:00:00.0,Intermediário
1.61439,1.61575,2007-09-04 10:36:00.0,Intermediário
1.60932,1.6115,2007-09-04 11:00:00.0,Intermediário
1.60686,1.60889,2007-09-04 11:30:00.0,Intermediário
1.60498,1.60689,2007-09-04 12:00:00.0,Intermediário
1.60739,1.60931,2007-09-04 12:30:00.0,Intermediário
1.60707,1.60899,2007-09-04 13:00:00.0,Intermediário
1.6068,1.60885,2007-09-04 13:30:00.0,Intermediário
1.60627,1.60832,2007-09-04 14:00:00.0,Intermediário
1.60654,1.60885,2007-09-04 14:30:00.0,Intermediário
1.60936,1.61146,2007-09-04 15:00:00.0,Intermediário
1.60808,1.60925,2007-09-04 15:30:00.0,Intermediário
1.60714,1.60928,2007-09-04 16:00:00.0,Intermediário
1.60683,1.60806,2007-09-04 16:30:00.0,Fechamento Interbancário
1.61096,1.61202,2007-09-04 17:42:00.0,Fechamento
1.61357,1.62205,2007-09-05 09:13:00.0,Abertura
1.61676,1.61895,2007-09-05 09:30:00.0,Intermediário
1.61427,1.61629,2007-09-05 10:00:00.0,Intermediário
1.61574,1.61745,2007-09-05 10:30:00.0,Intermediário
1.61714,1.61836,2007-09-05 11:00:00.0,Intermediário
1.62937,1.63211,2007-09-05 11:30:00.0,Intermediário
1.62809,1.62999,2007-09-05 12:00:00.0,Intermediário
1.63042,1.63179,2007-09-05 12:30:00.0,Intermediário
1.63632,1.63839,2007-09-05 13:00:00.0,Intermediário
1.63414,1.63632,2007-09-05 13:30:00.0,Intermediário
1.63343,1.63558,2007-09-05 14:00:00.0,Intermediário
1.6323,1.63423,2007-09-05 14:30:00.0,Intermediário
1.63272,1.63479,2007-09-05 15:09:00.0,Intermediário
1.63471,1.63685,2007-09-05 15:30:00.0,Intermediário
1.63455,1.63648,2007-09-05 16:00:00.0,Intermediário
1.63399,1.63564,2007-09-05 16:30:00.0,Fechamento Interbancário
1.63084,1.63231,2007-09-05 17:34:00.0,Fechamento
1.63325,1.64198,2007-09-06 09:20:00.0,Abertura
1.63034,1.63247,2007-09-06 09:30:00.0,Intermediário
1.62606,1.62806,2007-09-06 10:00:00.0,Intermediário
1.62167,1.62387,2007-09-06 10:30:00.0,Intermediário
1.62481,1.62675,2007-09-06 11:00:00.0,Intermediário
1.62939,1.63074,2007-09-06 11:30:00.0,Intermediário
1.62587,1.62795,2007-09-06 12:00:00.0,Intermediário
1.62473,1.62657,2007-09-06 12:30:00.0,Intermediário
1.62271,1.62472,2007-09-06 13:00:00.0,Intermediário
1.62167,1.62367,2007-09-06 13:30:00.0,Intermediário
1.62114,1.62322,2007-09-06 14:00:00.0,Intermediário
1.62073,1.6228,2007-09-06 14:30:00.0,Intermediário
1.62023,1.6223,2007-09-06 15:00:00.0,Intermediário
1.6187,1.62077,2007-09-06 15:30:00.0,Intermediário
1.61842,1.62061,2007-09-06 16:00:00.0,Intermediário
1.61894,1.62017,2007-09-06 16:30:00.0,Fechamento Interbancário
1.62619,1.62724,2007-09-06 17:35:00.0,Fechamento
1.64709,1.65615,2007-09-10 09:18:00.0,Abertura
1.65022,1.6525,2007-09-10 09:30:00.0,Intermediário
1.64336,1.6456,2007-09-10 10:07:00.0,Intermediário
1.64644,1.64855,2007-09-10 10:30:00.0,Intermediário
1.64856,1.65443,2007-09-10 11:00:00.0,Intermediário
1.65165,1.65384,2007-09-10 11:30:00.0,Intermediário
1.65487,1.65725,2007-09-10 12:00:00.0,Intermediário
1.65529,1.65767,2007-09-10 12:30:00.0,Intermediário
1.65416,1.65613,2007-09-10 13:00:00.0,Intermediário
1.65486,1.65668,2007-09-10 13:30:00.0,Intermediário
1.65233,1.65443,2007-09-10 14:00:00.0,Intermediário
1.65135,1.65345,2007-09-10 14:30:00.0,Intermediário
1.64744,1.64963,2007-09-10 15:00:00.0,Intermediário
1.64139,1.64349,2007-09-10 15:30:00.0,Intermediário
1.63777,1.6399,2007-09-10 16:00:00.0,Intermediário
1.63721,1.63846,2007-09-10 16:30:00.0,Fechamento Interbancário
1.6484,1.64949,2007-09-10 17:36:00.0,Fechamento
1.62299,1.63224,2007-09-11 09:21:00.0,Abertura
1.62754,1.62925,2007-09-11 09:30:00.0,Intermediário
1.62955,1.63095,2007-09-11 10:00:00.0,Intermediário
1.63118,1.63313,2007-09-11 10:30:00.0,Intermediário
1.62703,1.62897,2007-09-11 11:00:00.0,Intermediário
1.62736,1.62846,2007-09-11 11:38:00.0,Intermediário
1.62436,1.62622,2007-09-11 12:00:00.0,Intermediário
1.62577,1.62801,2007-09-11 12:38:00.0,Intermediário
1.62469,1.6265,2007-09-11 13:00:00.0,Intermediário
1.6218,1.62387,2007-09-11 13:30:00.0,Intermediário
1.62221,1.62413,2007-09-11 14:00:00.0,Intermediário
1.62376,1.62515,2007-09-11 14:30:00.0,Intermediário
1.62012,1.62235,2007-09-11 15:00:00.0,Intermediário
1.61559,1.61753,2007-09-11 15:30:00.0,Intermediário
1.61768,1.61962,2007-09-11 16:00:00.0,Intermediário
1.61803,1.61942,2007-09-11 16:30:00.0,Fechamento Interbancário
1.62274,1.62396,2007-09-11 17:38:00.0,Fechamento
1.62442,1.63343,2007-09-12 09:19:00.0,Abertura
1.62749,1.62954,2007-09-12 09:30:00.0,Intermediário
1.61838,1.62062,2007-09-12 10:00:00.0,Intermediário
1.61674,1.6187,2007-09-12 10:30:00.0,Intermediário
1.61435,1.61742,2007-09-12 11:00:00.0,Intermediário
1.61341,1.61549,2007-09-12 11:30:00.0,Intermediário
1.6156,1.6177,2007-09-12 12:00:00.0,Intermediário
1.61266,1.61364,2007-09-12 12:30:00.0,Intermediário
1.61151,1.61391,2007-09-12 13:00:00.0,Intermediário
1.61179,1.61388,2007-09-12 13:30:00.0,Intermediário
1.61228,1.61429,2007-09-12 14:00:00.0,Intermediário
1.61462,1.61586,2007-09-12 14:30:00.0,Intermediário
1.61219,1.61429,2007-09-12 15:00:00.0,Intermediário
1.61263,1.61388,2007-09-12 15:30:00.0,Intermediário
1.60928,1.61151,2007-09-12 16:00:00.0,Intermediário
1.60999,1.61123,2007-09-12 16:30:00.0,Fechamento Interbancário
1.61311,1.61418,2007-09-12 17:50:00.0,Fechamento
1.6044,1.61312,2007-09-13 09:18:00.0,Abertura
1.60612,1.60808,2007-09-13 10:20:00.0,Intermediário
1.60135,1.60344,2007-09-13 10:23:00.0,Intermediário
1.60182,1.60387,2007-09-13 10:30:00.0,Intermediário
1.60226,1.60435,2007-09-13 11:00:00.0,Intermediário
1.60182,1.60301,2007-09-13 11:30:00.0,Intermediário
1.59909,1.60067,2007-09-13 12:00:00.0,Intermediário
1.59774,1.59983,2007-09-13 12:30:00.0,Intermediário
1.59774,1.59956,2007-09-13 13:00:00.0,Intermediário
1.59801,1.59993,2007-09-13 13:30:00.0,Intermediário
1.59885,1.60102,2007-09-13 14:00:00.0,Intermediário
1.59788,1.60024,2007-09-13 14:30:00.0,Intermediário
1.59877,1.59993,2007-09-13 15:00:00.0,Intermediário
1.6004,1.60263,2007-09-13 15:30:00.0,Intermediário
1.60125,1.60334,2007-09-13 16:00:00.0,Intermediário
1.60239,1.60443,2007-09-13 16:30:00.0,Fechamento Interbancário
1.59843,1.59946,2007-09-13 17:35:00.0,Fechamento
1.60535,1.61568,2007-09-14 09:21:00.0,Abertura
1.61059,1.61337,2007-09-14 09:30:00.0,Intermediário
1.61066,1.61266,2007-09-14 10:00:00.0,Intermediário
1.60104,1.6031,2007-09-14 10:30:00.0,Intermediário
1.60195,1.60404,2007-09-14 11:00:00.0,Intermediário
1.58946,1.59181,2007-09-14 11:30:00.0,Intermediário
1.59188,1.59391,2007-09-14 12:00:00.0,Intermediário
1.59178,1.59368,2007-09-14 12:30:00.0,Intermediário
1.5903,1.59265,2007-09-14 13:00:00.0,Intermediário
1.59057,1.59261,2007-09-14 13:30:00.0,Intermediário
1.5915,1.59385,2007-09-14 14:00:00.0,Intermediário
1.59328,1.59549,2007-09-14 14:30:00.0,Intermediário
1.59106,1.59341,2007-09-14 15:00:00.0,Intermediário
1.5959,1.59785,2007-09-14 15:30:00.0,Intermediário
1.59825,1.6002,2007-09-14 16:00:00.0,Intermediário
1.59771,1.59896,2007-09-14 16:30:00.0,Fechamento Interbancário
1.59965,1.60072,2007-09-14 17:35:00.0,Fechamento
1.60714,1.61581,2007-09-17 09:13:00.0,Abertura
1.60931,1.6116,2007-09-17 09:30:00.0,Intermediário
1.60698,1.60934,2007-09-17 10:00:00.0,Intermediário
1.61065,1.61266,2007-09-17 10:30:00.0,Intermediário
1.60691,1.60914,2007-09-17 11:00:00.0,Intermediário
1.60902,1.61027,2007-09-17 11:30:00.0,Intermediário
1.60791,1.60857,2007-09-17 12:20:00.0,Intermediário
1.60946,1.6107,2007-09-17 12:30:00.0,Intermediário
1.61085,1.61213,2007-09-17 13:00:00.0,Intermediário
1.61135,1.61274,2007-09-17 13:30:00.0,Intermediário
1.6104,1.61165,2007-09-17 14:00:00.0,Intermediário
1.61054,1.61179,2007-09-17 14:30:00.0,Intermediário
1.61068,1.6122,2007-09-17 15:00:00.0,Intermediário
1.61388,1.61603,2007-09-17 15:30:00.0,Intermediário
1.61741,1.61939,2007-09-17 16:00:00.0,Intermediário
1.61709,1.61829,2007-09-17 16:30:00.0,Fechamento Interbancário
1.61077,1.6118,2007-09-17 17:35:00.0,Fechamento
1.60916,1.61798,2007-09-18 09:24:00.0,Abertura
1.60852,1.61024,2007-09-18 09:30:00.0,Intermediário
1.60586,1.60843,2007-09-18 10:00:00.0,Intermediário
1.60338,1.60538,2007-09-18 10:30:00.0,Intermediário
1.60313,1.60435,2007-09-18 11:00:00.0,Intermediário
1.60408,1.60603,2007-09-18 11:30:00.0,Intermediário
1.59834,1.60024,2007-09-18 12:00:00.0,Intermediário
1.59731,1.59926,2007-09-18 12:30:00.0,Intermediário
1.59852,1.60061,2007-09-18 13:52:00.0,Intermediário
1.59865,1.60101,2007-09-18 13:54:00.0,Intermediário
1.59838,1.60061,2007-09-18 14:00:00.0,Intermediário
1.59946,1.60182,2007-09-18 14:30:00.0,Intermediário
1.59636,1.59872,2007-09-18 15:00:00.0,Intermediário
1.58909,1.59118,2007-09-18 15:30:00.0,Intermediário
1.58812,1.59049,2007-09-18 16:00:00.0,Intermediário
1.58554,1.58785,2007-09-18 16:30:00.0,Fechamento Interbancário
1.60262,1.60393,2007-09-18 17:52:00.0,Fechamento
1.57668,1.58554,2007-09-19 09:25:00.0,Abertura
1.57996,1.58264,2007-09-19 09:30:00.0,Intermediário
1.57424,1.57639,2007-09-19 10:00:00.0,Intermediário
1.57436,1.57645,2007-09-19 11:05:00.0,Intermediário
1.57544,1.57766,2007-09-19 11:19:00.0,Intermediário
1.5769,1.57886,2007-09-19 12:18:00.0,Intermediário
1.56985,1.57193,2007-09-19 12:23:00.0,Intermediário
1.56967,1.57167,2007-09-19 12:40:00.0,Intermediário
1.57713,1.57895,2007-09-19 13:00:00.0,Intermediário
1.57686,1.57881,2007-09-19 13:30:00.0,Intermediário
1.5785,1.58063,2007-09-19 14:00:00.0,Intermediário
1.57561,1.57797,2007-09-19 14:30:00.0,Intermediário
1.57192,1.57401,2007-09-19 15:00:00.0,Intermediário
1.57947,1.58155,2007-09-19 15:30:00.0,Intermediário
1.57646,1.57855,2007-09-19 16:00:00.0,Intermediário
1.57699,1.57921,2007-09-19 16:30:00.0,Fechamento Interbancário
1.5737,1.5749,2007-09-19 18:03:00.0,Fechamento
1.58572,1.59444,2007-09-20 09:17:00.0,Abertura
1.58537,1.58895,2007-09-20 09:30:00.0,Intermediário
1.58235,1.58473,2007-09-20 10:00:00.0,Intermediário
1.58456,1.58667,2007-09-20 10:30:00.0,Intermediário
1.58864,1.59091,2007-09-20 11:00:00.0,Intermediário
1.58852,1.5905,2007-09-20 11:30:00.0,Intermediário
1.58893,1.59105,2007-09-20 12:00:00.0,Intermediário
1.58434,1.5866,2007-09-20 12:30:00.0,Intermediário
1.58452,1.58646,2007-09-20 13:00:00.0,Intermediário
1.58462,1.58673,2007-09-20 13:30:00.0,Intermediário
1.5816,1.58356,2007-09-20 14:00:00.0,Intermediário
1.59826,1.60065,2007-09-20 14:30:00.0,Intermediário
1.59731,1.60041,2007-09-20 15:00:00.0,Intermediário
1.60027,1.60265,2007-09-20 15:30:00.0,Intermediário
1.60239,1.60473,2007-09-20 16:00:00.0,Intermediário
1.60454,1.60693,2007-09-20 16:30:00.0,Fechamento Interbancário
1.5891,1.59046,2007-09-20 17:39:00.0,Fechamento
1.57796,1.58714,2007-09-21 09:23:00.0,Abertura
1.58405,1.58623,2007-09-21 09:30:00.0,Intermediário
1.58208,1.58405,2007-09-21 10:00:00.0,Intermediário
1.58692,1.58905,2007-09-21 10:30:00.0,Intermediário
1.58348,1.58473,2007-09-21 11:00:00.0,Intermediário
1.58456,1.58667,2007-09-21 11:30:00.0,Intermediário
1.58579,1.58802,2007-09-21 12:00:00.0,Intermediário
1.58493,1.5871,2007-09-21 12:30:00.0,Intermediário
1.58487,1.58698,2007-09-21 13:00:00.0,Intermediário
1.58676,1.58882,2007-09-21 13:30:00.0,Intermediário
1.58636,1.58863,2007-09-21 14:00:00.0,Intermediário
1.58726,1.58914,2007-09-21 14:30:00.0,Intermediário
1.58926,1.59124,2007-09-21 15:00:00.0,Intermediário
1.59035,1.5925,2007-09-21 15:30:00.0,Intermediário
1.59192,1.59389,2007-09-21 16:00:00.0,Intermediário
1.59219,1.59417,2007-09-21 16:30:00.0,Fechamento Interbancário
1.58707,1.58802,2007-09-21 17:34:00.0,Fechamento
1.58638,1.59526,2007-09-24 09:17:00.0,Abertura
1.58729,1.58945,2007-09-24 09:30:00.0,Intermediário
1.58646,1.58832,2007-09-24 10:00:00.0,Intermediário
1.58688,1.58895,2007-09-24 10:30:00.0,Intermediário
1.59141,1.59339,2007-09-24 11:00:00.0,Intermediário
1.59141,1.59336,2007-09-24 11:30:00.0,Intermediário
1.59012,1.59151,2007-09-24 12:00:00.0,Intermediário
1.58907,1.59046,2007-09-24 12:30:00.0,Intermediário
1.59244,1.59482,2007-09-24 13:00:00.0,Intermediário
1.59312,1.59536,2007-09-24 13:30:00.0,Intermediário
1.59298,1.59521,2007-09-24 14:00:00.0,Intermediário
1.59168,1.59564,2007-09-24 14:30:00.0,Intermediário
1.59137,1.59362,2007-09-24 15:00:00.0,Intermediário
1.59564,1.59763,2007-09-24 15:30:00.0,Intermediário
1.59308,1.59519,2007-09-24 16:00:00.0,Intermediário
1.59267,1.59506,2007-09-24 16:30:00.0,Fechamento Interbancário
1.59233,1.59369,2007-09-24 17:43:00.0,Fechamento
1.60065,1.60989,2007-09-25 09:24:00.0,Abertura
1.60349,1.60575,2007-09-25 09:30:00.0,Intermediário
1.6084,1.61053,2007-09-25 10:00:00.0,Intermediário
1.606,1.60798,2007-09-25 10:30:00.0,Intermediário
1.60886,1.61078,2007-09-25 11:00:00.0,Intermediário
1.60264,1.60377,2007-09-25 11:30:00.0,Intermediário
1.59688,1.59901,2007-09-25 12:01:00.0,Intermediário
1.59784,1.59983,2007-09-25 12:30:00.0,Intermediário
1.59819,1.59932,2007-09-25 13:00:00.0,Intermediário
1.59968,1.60103,2007-09-25 13:30:00.0,Intermediário
1.60024,1.60178,2007-09-25 14:00:00.0,Intermediário
1.60079,1.60178,2007-09-25 14:30:00.0,Intermediário
1.59541,1.59761,2007-09-25 15:00:00.0,Intermediário
1.5953,1.59747,2007-09-25 15:31:00.0,Intermediário
1.59371,1.59495,2007-09-25 16:00:00.0,Intermediário
1.59491,1.59653,2007-09-25 16:30:00.0,Fechamento Interbancário
1.59989,1.60133,2007-09-25 17:36:00.0,Fechamento
1.57719,1.58608,2007-09-26 09:29:00.0,Abertura
1.57995,1.58255,2007-09-26 09:30:00.0,Intermediário
1.57745,1.57967,2007-09-26 10:00:00.0,Intermediário
1.57909,1.58111,2007-09-26 10:30:00.0,Intermediário
1.57715,1.57913,2007-09-26 11:00:00.0,Intermediário
1.57843,1.58066,2007-09-26 11:34:00.0,Intermediário
1.57821,1.58021,2007-09-26 12:00:00.0,Intermediário
1.57675,1.57899,2007-09-26 12:30:00.0,Intermediário
1.57944,1.58182,2007-09-26 13:00:00.0,Intermediário
1.57944,1.58155,2007-09-26 13:30:00.0,Intermediário
1.57931,1.58128,2007-09-26 14:00:00.0,Intermediário
1.57943,1.58142,2007-09-26 14:30:00.0,Intermediário
1.58448,1.58574,2007-09-26 15:00:00.0,Intermediário
1.58349,1.58554,2007-09-26 15:36:00.0,Intermediário
1.57714,1.57834,2007-09-26 16:07:00.0,Intermediário
1.57603,1.57728,2007-09-26 16:30:00.0,Fechamento Interbancário
1.57816,1.57925,2007-09-26 17:40:00.0,Fechamento
1.56806,1.57719,2007-09-27 09:15:00.0,Abertura
1.57183,1.57395,2007-09-27 09:30:00.0,Intermediário
1.57081,1.57292,2007-09-27 10:00:00.0,Intermediário
1.56915,1.57139,2007-09-27 10:30:00.0,Intermediário
1.57179,1.57391,2007-09-27 11:00:00.0,Intermediário
1.57246,1.5745,2007-09-27 11:30:00.0,Intermediário
1.56863,1.5706,2007-09-27 12:00:00.0,Intermediário
1.56903,1.5712,2007-09-27 12:30:00.0,Intermediário
1.56717,1.56912,2007-09-27 13:00:00.0,Intermediário
1.56737,1.56921,2007-09-27 13:30:00.0,Intermediário
1.56791,1.57028,2007-09-27 14:00:00.0,Intermediário
1.56969,1.57187,2007-09-27 14:30:00.0,Intermediário
1.57015,1.57154,2007-09-27 15:00:00.0,Intermediário
1.56858,1.57055,2007-09-27 15:30:00.0,Intermediário
1.5714,1.57239,2007-09-27 16:00:00.0,Intermediário
1.5698,1.57132,2007-09-27 16:30:00.0,Fechamento Interbancário
1.56818,1.56953,2007-09-27 17:34:00.0,Fechamento
1.57045,1.57926,2007-09-28 09:22:00.0,Abertura
1.57271,1.57573,2007-09-28 09:30:00.0,Intermediário
1.57235,1.57369,2007-09-28 10:00:00.0,Intermediário
1.5733,1.57552,2007-09-28 10:30:00.0,Intermediário
1.57179,1.57364,2007-09-28 11:00:00.0,Intermediário
1.57274,1.57512,2007-09-28 11:30:00.0,Intermediário
1.57552,1.5776,2007-09-28 12:00:00.0,Intermediário
1.57217,1.57435,2007-09-28 12:30:00.0,Intermediário
1.572,1.57412,2007-09-28 13:00:00.0,Intermediário
1.57322,1.57561,2007-09-28 13:30:00.0,Intermediário
1.57308,1.57534,2007-09-28 14:00:00.0,Intermediário
1.57463,1.57669,2007-09-28 14:30:00.0,Intermediário
1.57248,1.57461,2007-09-28 15:00:00.0,Intermediário
1.57537,1.57763,2007-09-28 15:30:00.0,Intermediário
1.57415,1.57641,2007-09-28 16:00:00.0,Intermediário
1.57445,1.57645,2007-09-28 16:30:00.0,Fechamento Interbancário
1.57969,1.58067,2007-09-28 17:35:00.0,Fechamento
1.57016,1.57899,2007-10-01 09:19:00.0,Abertura
1.57247,1.57457,2007-10-01 09:30:00.0,Intermediário
1.56842,1.57062,2007-10-01 10:00:00.0,Intermediário
1.56156,1.56369,2007-10-01 10:30:00.0,Intermediário
1.56007,1.56242,2007-10-01 11:00:00.0,Intermediário
1.56071,1.56295,2007-10-01 11:30:00.0,Intermediário
1.56205,1.56543,2007-10-01 12:00:00.0,Intermediário
1.56322,1.56536,2007-10-01 12:30:00.0,Intermediário
1.55485,1.55702,2007-10-01 13:00:00.0,Intermediário
1.55392,1.55578,2007-10-01 13:30:00.0,Intermediário
1.55528,1.55723,2007-10-01 14:00:00.0,Intermediário
1.55419,1.55643,2007-10-01 14:30:00.0,Intermediário
1.55547,1.55763,2007-10-01 15:00:00.0,Intermediário
1.5528,1.5548,2007-10-01 15:30:00.0,Intermediário
1.5457,1.54769,2007-10-01 16:00:00.0,Intermediário
1.54577,1.54814,2007-10-01 16:30:00.0,Fechamento Interbancário
1.55834,1.55969,2007-10-01 17:34:00.0,Fechamento
1.5433,1.55225,2007-10-02 09:17:00.0,Abertura
1.54481,1.5469,2007-10-02 09:30:00.0,Intermediário
1.5446,1.54683,2007-10-02 10:00:00.0,Intermediário
1.54755,1.54964,2007-10-02 10:30:00.0,Intermediário
1.55377,1.55617,2007-10-02 11:00:00.0,Intermediário
1.54983,1.55198,2007-10-02 11:30:00.0,Intermediário
1.55527,1.55738,2007-10-02 12:00:00.0,Intermediário
1.55024,1.55221,2007-10-02 12:30:00.0,Intermediário
1.55136,1.55346,2007-10-02 13:00:00.0,Intermediário
1.55128,1.55346,2007-10-02 13:30:00.0,Intermediário
1.55113,1.5533,2007-10-02 14:00:00.0,Intermediário
1.55132,1.55319,2007-10-02 14:30:00.0,Intermediário
1.55146,1.55356,2007-10-02 15:00:00.0,Intermediário
1.54828,1.55037,2007-10-02 15:30:00.0,Intermediário
1.5503,1.5522,2007-10-02 16:00:00.0,Intermediário
1.55136,1.55328,2007-10-02 16:30:00.0,Fechamento Interbancário
1.5511,1.55201,2007-10-02 17:43:00.0,Fechamento
1.55722,1.56615,2007-10-03 09:21:00.0,Abertura
1.55909,1.5603,2007-10-03 09:30:00.0,Intermediário
1.55302,1.55499,2007-10-03 10:00:00.0,Intermediário
1.55156,1.55353,2007-10-03 10:30:00.0,Intermediário
1.55679,1.55904,2007-10-03 11:00:00.0,Intermediário
1.54722,1.54932,2007-10-03 11:30:00.0,Intermediário
1.54447,1.54682,2007-10-03 12:00:00.0,Intermediário
1.54957,1.55165,2007-10-03 12:30:00.0,Intermediário
1.54832,1.55073,2007-10-03 13:00:00.0,Intermediário
1.54785,1.54984,2007-10-03 13:30:00.0,Intermediário
1.54772,1.54981,2007-10-03 14:00:00.0,Intermediário
1.55765,1.56001,2007-10-03 14:30:00.0,Intermediário
1.55984,1.56091,2007-10-03 15:00:00.0,Intermediário
1.55766,1.55993,2007-10-03 15:30:00.0,Intermediário
1.55846,1.5606,2007-10-03 16:00:00.0,Intermediário
1.55895,1.56082,2007-10-03 16:30:00.0,Fechamento Interbancário
1.54928,1.55013,2007-10-03 17:41:00.0,Fechamento
1.55014,1.55916,2007-10-04 09:16:00.0,Abertura
1.55596,1.55839,2007-10-04 09:30:00.0,Intermediário
1.55536,1.5574,2007-10-04 10:00:00.0,Intermediário
1.55216,1.55452,2007-10-04 10:30:00.0,Intermediário
1.55749,1.55964,2007-10-04 11:00:00.0,Intermediário
1.55632,1.55835,2007-10-04 11:30:00.0,Intermediário
1.5524,1.55447,2007-10-04 12:00:00.0,Intermediário
1.55488,1.55677,2007-10-04 12:30:00.0,Intermediário
1.55652,1.55888,2007-10-04 13:00:00.0,Intermediário
1.55824,1.56008,2007-10-04 13:30:00.0,Intermediário
1.55798,1.55995,2007-10-04 14:00:00.0,Intermediário
1.55778,1.55981,2007-10-04 14:30:00.0,Intermediário
1.55431,1.55995,2007-10-04 15:00:00.0,Intermediário
1.55299,1.55535,2007-10-04 15:30:00.0,Intermediário
1.5503,1.55155,2007-10-04 16:00:00.0,Intermediário
1.55106,1.55227,2007-10-04 16:30:00.0,Fechamento Interbancário
1.55412,1.55516,2007-10-04 17:47:00.0,Fechamento
1.53117,1.54055,2007-10-05 09:40:00.0,Abertura
1.53252,1.53527,2007-10-05 09:44:00.0,Intermediário
1.52943,1.53177,2007-10-05 10:00:00.0,Intermediário
1.53216,1.53449,2007-10-05 10:30:00.0,Intermediário
1.54179,1.54382,2007-10-05 11:00:00.0,Intermediário
1.54049,1.54258,2007-10-05 11:30:00.0,Intermediário
1.5401,1.54193,2007-10-05 12:00:00.0,Intermediário
1.5391,1.54134,2007-10-05 12:30:00.0,Intermediário
1.53527,1.53735,2007-10-05 13:00:00.0,Intermediário
1.53467,1.53672,2007-10-05 13:30:00.0,Intermediário
1.53376,1.53572,2007-10-05 14:00:00.0,Intermediário
1.53415,1.53624,2007-10-05 14:30:00.0,Intermediário
1.53245,1.5348,2007-10-05 15:00:00.0,Intermediário
1.52952,1.53164,2007-10-05 15:30:00.0,Intermediário
1.53056,1.53278,2007-10-05 16:00:00.0,Intermediário
1.53095,1.53291,2007-10-05 16:30:00.0,Fechamento Interbancário
1.53554,1.53648,2007-10-05 17:55:00.0,Fechamento
1.52066,1.52923,2007-10-08 09:19:00.0,Abertura
1.52383,1.52592,2007-10-08 09:30:00.0,Intermediário
1.52442,1.52646,2007-10-08 10:00:00.0,Intermediário
1.52468,1.52676,2007-10-08 10:30:00.0,Intermediário
1.52477,1.52697,2007-10-08 11:00:00.0,Intermediário
1.53095,1.53295,2007-10-08 11:30:00.0,Intermediário
1.5288,1.53085,2007-10-08 12:00:00.0,Intermediário
1.53301,1.53521,2007-10-08 12:30:00.0,Intermediário
1.53041,1.53262,2007-10-08 13:00:00.0,Intermediário
1.53145,1.53352,2007-10-08 13:30:00.0,Intermediário
1.53041,1.53223,2007-10-08 14:00:00.0,Intermediário
1.53068,1.53263,2007-10-08 14:30:00.0,Intermediário
1.52965,1.53185,2007-10-08 15:00:00.0,Intermediário
1.53289,1.53425,2007-10-08 15:30:00.0,Intermediário
1.5301,1.53204,2007-10-08 16:00:00.0,Intermediário
1.53068,1.53251,2007-10-08 16:30:00.0,Fechamento Interbancário
1.52773,1.52855,2007-10-08 17:38:00.0,Fechamento
1.52383,1.53263,2007-10-09 09:17:00.0,Abertura
1.52965,1.53143,2007-10-09 09:30:00.0,Intermediário
1.52933,1.53127,2007-10-09 10:00:00.0,Intermediário
1.52397,1.52617,2007-10-09 10:30:00.0,Intermediário
1.5266,1.52854,2007-10-09 11:00:00.0,Intermediário
1.52911,1.53111,2007-10-09 11:30:00.0,Intermediário
1.52936,1.53144,2007-10-09 12:00:00.0,Intermediário
1.52644,1.52832,2007-10-09 12:30:00.0,Intermediário
1.52099,1.52306,2007-10-09 13:00:00.0,Intermediário
1.52137,1.5237,2007-10-09 13:30:00.0,Intermediário
1.52176,1.52383,2007-10-09 14:00:00.0,Intermediário
1.52213,1.52408,2007-10-09 14:30:00.0,Intermediário
1.52147,1.52278,2007-10-09 15:00:00.0,Intermediário
1.52042,1.52275,2007-10-09 15:30:00.0,Intermediário
1.52274,1.52488,2007-10-09 16:00:00.0,Intermediário
1.5206,1.52287,2007-10-09 16:30:00.0,Fechamento Interbancário
1.5282,1.52946,2007-10-09 18:01:00.0,Fechamento
1.52375,1.5326,2007-10-10 09:22:00.0,Abertura
1.52429,1.52629,2007-10-10 09:30:00.0,Intermediário
1.52595,1.5283,2007-10-10 10:00:00.0,Intermediário
1.52586,1.52791,2007-10-10 10:30:00.0,Intermediário
1.52817,1.53025,2007-10-10 11:00:00.0,Intermediário
1.5292,1.53116,2007-10-10 11:30:00.0,Intermediário
1.52725,1.52907,2007-10-10 12:00:00.0,Intermediário
1.52382,1.52586,2007-10-10 12:30:00.0,Intermediário
1.52511,1.52706,2007-10-10 13:00:00.0,Intermediário
1.52369,1.52577,2007-10-10 13:30:00.0,Intermediário
1.52382,1.5259,2007-10-10 14:00:00.0,Intermediário
1.52393,1.52586,2007-10-10 14:30:00.0,Intermediário
1.52417,1.52626,2007-10-10 15:00:00.0,Intermediário
1.52519,1.52727,2007-10-10 15:30:00.0,Intermediário
1.52197,1.52401,2007-10-10 16:00:00.0,Intermediário
1.5226,1.52481,2007-10-10 16:30:00.0,Fechamento Interbancário
1.52429,1.52548,2007-10-10 17:39:00.0,Fechamento
1.50911,1.51798,2007-10-11 09:22:00.0,Abertura
1.51556,1.51765,2007-10-11 09:30:00.0,Intermediário
1.5147,1.51673,2007-10-11 10:00:00.0,Intermediário
1.51454,1.51661,2007-10-11 10:30:00.0,Intermediário
1.51277,1.51497,2007-10-11 11:00:00.0,Intermediário
1.51601,1.51818,2007-10-11 11:30:00.0,Intermediário
1.52051,1.52227,2007-10-11 12:00:00.0,Intermediário
1.51784,1.51967,2007-10-11 12:30:00.0,Intermediário
1.51518,1.51703,2007-10-11 13:00:00.0,Intermediário
1.51469,1.51703,2007-10-11 13:30:00.0,Intermediário
1.51149,1.51354,2007-10-11 14:00:00.0,Intermediário
1.51315,1.51504,2007-10-11 14:30:00.0,Intermediário
1.51425,1.51633,2007-10-11 15:00:00.0,Intermediário
1.52657,1.52887,2007-10-11 15:30:00.0,Intermediário
1.52586,1.5279,2007-10-11 16:00:00.0,Intermediário
1.52502,1.52709,2007-10-11 16:30:00.0,Fechamento Interbancário
1.51504,1.51609,2007-10-11 17:41:00.0,Fechamento
1.52399,1.53298,2007-10-15 09:18:00.0,Abertura
1.52524,1.52758,2007-10-15 09:30:00.0,Intermediário
1.52562,1.5266,2007-10-15 10:00:00.0,Intermediário
1.52367,1.52501,2007-10-15 10:30:00.0,Intermediário
1.5196,1.52179,2007-10-15 11:00:00.0,Intermediário
1.51831,1.52035,2007-10-15 11:30:00.0,Intermediário
1.52319,1.5252,2007-10-15 12:00:00.0,Intermediário
1.52255,1.52379,2007-10-15 12:30:00.0,Intermediário
1.52517,1.52738,2007-10-15 13:00:00.0,Intermediário
1.52518,1.52738,2007-10-15 13:30:00.0,Intermediário
1.52517,1.52739,2007-10-15 14:00:00.0,Intermediário
1.52888,1.52996,2007-10-15 14:30:00.0,Intermediário
1.53468,1.53618,2007-10-15 15:00:00.0,Intermediário
1.53351,1.53481,2007-10-15 15:30:00.0,Intermediário
1.53527,1.53748,2007-10-15 16:00:00.0,Intermediário
1.53599,1.53748,2007-10-15 16:30:00.0,Fechamento Interbancário
1.53006,1.53139,2007-10-15 17:39:00.0,Fechamento
1.53378,1.54249,2007-10-16 09:17:00.0,Abertura
1.53684,1.53905,2007-10-16 09:30:00.0,Intermediário
1.53812,1.53996,2007-10-16 10:00:00.0,Intermediário
1.54015,1.54236,2007-10-16 10:30:00.0,Intermediário
1.53931,1.54067,2007-10-16 11:00:00.0,Intermediário
1.53632,1.53814,2007-10-16 11:30:00.0,Intermediário
1.54394,1.54575,2007-10-16 12:00:00.0,Intermediário
1.54698,1.5488,2007-10-16 12:30:00.0,Intermediário
1.54405,1.54639,2007-10-16 13:00:00.0,Intermediário
1.54301,1.54412,2007-10-16 13:30:00.0,Intermediário
1.53977,1.54193,2007-10-16 14:00:00.0,Intermediário
1.54249,1.54444,2007-10-16 14:30:00.0,Intermediário
1.54061,1.54256,2007-10-16 15:00:00.0,Intermediário
1.53537,1.53739,2007-10-16 15:30:00.0,Intermediário
1.53352,1.53586,2007-10-16 16:00:00.0,Intermediário
1.53391,1.53527,2007-10-16 16:30:00.0,Fechamento Interbancário
1.54186,1.54306,2007-10-16 17:39:00.0,Fechamento
1.52253,1.5315,2007-10-17 09:22:00.0,Abertura
1.52571,1.52766,2007-10-17 09:30:00.0,Intermediário
1.52994,1.53215,2007-10-17 10:00:00.0,Intermediário
1.52846,1.53116,2007-10-17 10:30:00.0,Intermediário
1.52868,1.53053,2007-10-17 11:00:00.0,Intermediário
1.52435,1.52641,2007-10-17 11:30:00.0,Intermediário
1.52849,1.53031,2007-10-17 12:00:00.0,Intermediário
1.52907,1.5309,2007-10-17 12:30:00.0,Intermediário
1.52649,1.52841,2007-10-17 13:00:00.0,Intermediário
1.52713,1.5292,2007-10-17 13:30:00.0,Intermediário
1.52649,1.52882,2007-10-17 14:00:00.0,Intermediário
1.53254,1.53462,2007-10-17 14:30:00.0,Intermediário
1.53436,1.53644,2007-10-17 15:00:00.0,Intermediário
1.53894,1.54107,2007-10-17 15:30:00.0,Intermediário
1.54191,1.54427,2007-10-17 16:00:00.0,Intermediário
1.54139,1.54276,2007-10-17 16:30:00.0,Fechamento Interbancário
1.53462,1.53582,2007-10-17 18:12:00.0,Fechamento
1.54122,1.55002,2007-10-18 09:16:00.0,Abertura
1.54404,1.54628,2007-10-18 09:30:00.0,Intermediário
1.54878,1.55084,2007-10-18 10:00:00.0,Intermediário
1.55418,1.55636,2007-10-18 10:30:00.0,Intermediário
1.55342,1.55554,2007-10-18 11:00:00.0,Intermediário
1.54846,1.55057,2007-10-18 11:30:00.0,Intermediário
1.5496,1.55156,2007-10-18 12:00:00.0,Intermediário
1.54636,1.5486,2007-10-18 12:30:00.0,Intermediário
1.54135,1.54247,2007-10-18 13:00:00.0,Intermediário
1.54214,1.54326,2007-10-18 13:30:00.0,Intermediário
1.54201,1.54326,2007-10-18 14:00:00.0,Intermediário
1.5428,1.54432,2007-10-18 14:30:00.0,Intermediário
1.54063,1.54254,2007-10-18 15:00:00.0,Intermediário
1.53471,1.53682,2007-10-18 15:30:00.0,Intermediário
1.5259,1.52794,2007-10-18 16:00:00.0,Intermediário
1.52577,1.52686,2007-10-18 16:30:00.0,Fechamento Interbancário
1.54398,1.5449,2007-10-18 17:33:00.0,Fechamento
1.52434,1.53314,2007-10-19 09:22:00.0,Abertura
1.52729,1.52926,2007-10-19 09:30:00.0,Intermediário
1.52742,1.52952,2007-10-19 10:00:00.0,Intermediário
1.53189,1.53399,2007-10-19 10:30:00.0,Intermediário
1.52479,1.52616,2007-10-19 11:00:00.0,Intermediário
1.52315,1.52551,2007-10-19 11:30:00.0,Intermediário
1.53039,1.53257,2007-10-19 12:00:00.0,Intermediário
1.53083,1.53282,2007-10-19 12:30:00.0,Intermediário
1.53475,1.53681,2007-10-19 13:00:00.0,Intermediário
1.53485,1.53674,2007-10-19 13:30:00.0,Intermediário
1.53501,1.53706,2007-10-19 14:00:00.0,Intermediário
1.53077,1.53292,2007-10-19 14:30:00.0,Intermediário
1.53361,1.53571,2007-10-19 15:00:00.0,Intermediário
1.53853,1.54063,2007-10-19 15:30:00.0,Intermediário
1.53708,1.53932,2007-10-19 16:00:00.0,Intermediário
1.54129,1.5428,2007-10-19 16:30:00.0,Fechamento Interbancário
1.53496,1.5363,2007-10-19 17:40:00.0,Fechamento
1.55724,1.56592,2007-10-22 09:21:00.0,Abertura
1.55891,1.55989,2007-10-22 09:30:00.0,Intermediário
1.56476,1.56678,2007-10-22 10:00:00.0,Intermediário
1.55529,1.55733,2007-10-22 10:30:00.0,Intermediário
1.55175,1.55399,2007-10-22 11:00:00.0,Intermediário
1.55346,1.55556,2007-10-22 11:30:00.0,Intermediário
1.54315,1.54519,2007-10-22 12:00:00.0,Intermediário
1.54049,1.54245,2007-10-22 12:30:00.0,Intermediário
1.54702,1.54905,2007-10-22 13:00:00.0,Intermediário
1.54607,1.548,2007-10-22 13:30:00.0,Intermediário
1.54499,1.54735,2007-10-22 14:00:00.0,Intermediário
1.54447,1.54654,2007-10-22 14:30:00.0,Intermediário
1.53487,1.53709,2007-10-22 15:00:00.0,Intermediário
1.53675,1.53872,2007-10-22 15:30:00.0,Intermediário
1.54203,1.54417,2007-10-22 16:00:00.0,Intermediário
1.54199,1.54408,2007-10-22 16:30:00.0,Fechamento Interbancário
1.54522,1.54629,2007-10-22 17:40:00.0,Fechamento
1.53204,1.54082,2007-10-23 09:15:00.0,Abertura
1.53624,1.53807,2007-10-23 09:30:00.0,Intermediário
1.53538,1.53748,2007-10-23 10:00:00.0,Intermediário
1.53758,1.53997,2007-10-23 10:30:00.0,Intermediário
1.53473,1.53682,2007-10-23 11:00:00.0,Intermediário
1.53373,1.53557,2007-10-23 11:30:00.0,Intermediário
1.53157,1.53367,2007-10-23 12:00:00.0,Intermediário
1.53216,1.53341,2007-10-23 12:30:00.0,Intermediário
1.5292,1.53029,2007-10-23 13:00:00.0,Intermediário
1.52981,1.53086,2007-10-23 13:30:00.0,Intermediário
1.53041,1.53161,2007-10-23 14:00:00.0,Intermediário
1.53259,1.53379,2007-10-23 14:30:00.0,Intermediário
1.52963,1.53083,2007-10-23 15:00:00.0,Intermediário
1.53046,1.53243,2007-10-23 15:30:00.0,Intermediário
1.52851,1.53049,2007-10-23 16:00:00.0,Intermediário
1.52858,1.53064,2007-10-23 16:30:00.0,Fechamento Interbancário
1.53276,1.53379,2007-10-23 17:45:00.0,Fechamento
1.53119,1.54041,2007-10-24 09:17:00.0,Abertura
1.53414,1.53597,2007-10-24 09:30:00.0,Intermediário
1.53073,1.53322,2007-10-24 10:00:00.0,Intermediário
1.53165,1.53374,2007-10-24 10:30:00.0,Intermediário
1.53164,1.53361,2007-10-24 11:00:00.0,Intermediário
1.52758,1.52967,2007-10-24 11:30:00.0,Intermediário
1.5294,1.5315,2007-10-24 12:00:00.0,Intermediário
1.52967,1.53151,2007-10-24 12:30:00.0,Intermediário
1.53281,1.53496,2007-10-24 13:00:00.0,Intermediário
1.53387,1.53584,2007-10-24 13:30:00.0,Intermediário
1.53649,1.53859,2007-10-24 14:00:00.0,Intermediário
1.53892,1.5399,2007-10-24 14:30:00.0,Intermediário
1.5384,1.53964,2007-10-24 15:00:00.0,Intermediário
1.53636,1.53854,2007-10-24 15:30:00.0,Intermediário
1.53662,1.53899,2007-10-24 16:00:00.0,Intermediário
1.54048,1.54155,2007-10-24 16:30:00.0,Fechamento Interbancário
1.53204,1.53293,2007-10-24 17:38:00.0,Fechamento
1.52348,1.53247,2007-10-25 09:10:00.0,Abertura
1.5274,1.52963,2007-10-25 09:30:00.0,Intermediário
1.52937,1.53148,2007-10-25 10:00:00.0,Intermediário
1.53283,1.53501,2007-10-25 10:30:00.0,Intermediário
1.53311,1.53522,2007-10-25 11:00:00.0,Intermediário
1.53424,1.53635,2007-10-25 11:30:00.0,Intermediário
1.53371,1.53582,2007-10-25 12:00:00.0,Intermediário
1.53115,1.53325,2007-10-25 12:30:00.0,Intermediário
1.52916,1.53108,2007-10-25 13:00:00.0,Intermediário
1.52916,1.53108,2007-10-25 13:30:00.0,Intermediário
1.53003,1.532,2007-10-25 14:00:00.0,Intermediário
1.53504,1.53701,2007-10-25 14:30:00.0,Intermediário
1.53358,1.53543,2007-10-25 15:00:00.0,Intermediário
1.53892,1.54103,2007-10-25 15:30:00.0,Intermediário
1.538,1.54011,2007-10-25 16:00:00.0,Intermediário
1.53746,1.53945,2007-10-25 16:30:00.0,Fechamento Interbancário
1.53386,1.53482,2007-10-25 17:37:00.0,Fechamento
1.52351,1.53277,2007-10-26 09:23:00.0,Abertura
1.52452,1.52703,2007-10-26 09:30:00.0,Intermediário
1.5265,1.52802,2007-10-26 10:00:00.0,Intermediário
1.52464,1.52675,2007-10-26 10:30:00.0,Intermediário
1.52424,1.52636,2007-10-26 11:00:00.0,Intermediário
1.52478,1.52584,2007-10-26 11:30:00.0,Intermediário
1.52465,1.52617,2007-10-26 12:00:00.0,Intermediário
1.52681,1.52867,2007-10-26 12:30:00.0,Intermediário
1.52587,1.52775,2007-10-26 13:00:00.0,Intermediário
1.52647,1.52834,2007-10-26 13:30:00.0,Intermediário
1.52636,1.52847,2007-10-26 14:00:00.0,Intermediário
1.52649,1.5286,2007-10-26 14:30:00.0,Intermediário
1.52563,1.52688,2007-10-26 15:00:00.0,Intermediário
1.52437,1.52662,2007-10-26 15:30:00.0,Intermediário
1.51909,1.5212,2007-10-26 16:00:00.0,Intermediário
1.51799,1.5195,2007-10-26 16:30:00.0,Fechamento Interbancário
1.52348,1.52482,2007-10-26 17:40:00.0,Fechamento
1.51325,1.52219,2007-10-29 09:09:00.0,Abertura
1.51419,1.51643,2007-10-29 09:30:00.0,Intermediário
1.51519,1.51618,2007-10-29 10:00:00.0,Intermediário
1.51219,1.51317,2007-10-29 10:30:00.0,Intermediário
1.51393,1.51505,2007-10-29 11:00:00.0,Intermediário
1.51263,1.51377,2007-10-29 11:30:00.0,Intermediário
1.50913,1.51123,2007-10-29 12:00:00.0,Intermediário
1.50887,1.51447,2007-10-29 12:30:00.0,Intermediário
1.50968,1.51341,2007-10-29 13:00:00.0,Intermediário
1.51065,1.51263,2007-10-29 13:30:00.0,Intermediário
1.50929,1.51121,2007-10-29 14:00:00.0,Intermediário
1.50841,1.51039,2007-10-29 14:30:00.0,Intermediário
1.50176,1.5048,2007-10-29 15:00:00.0,Intermediário
1.50532,1.50717,2007-10-29 15:30:00.0,Intermediário
1.50506,1.50717,2007-10-29 16:00:00.0,Intermediário
1.506,1.5079,2007-10-29 16:30:00.0,Fechamento Interbancário
1.50917,1.51004,2007-10-29 17:35:00.0,Fechamento
1.50775,1.51653,2007-10-30 09:19:00.0,Abertura
1.51328,1.51453,2007-10-30 09:30:00.0,Intermediário
1.51369,1.51593,2007-10-30 10:00:00.0,Intermediário
1.51138,1.51263,2007-10-30 10:30:00.0,Intermediário
1.51156,1.51393,2007-10-30 11:00:00.0,Intermediário
1.51033,1.51237,2007-10-30 11:30:00.0,Intermediário
1.50947,1.51132,2007-10-30 12:00:00.0,Intermediário
1.51108,1.51289,2007-10-30 12:30:00.0,Intermediário
1.50691,1.50891,2007-10-30 13:00:00.0,Intermediário
1.50745,1.50969,2007-10-30 13:30:00.0,Intermediário
1.50648,1.50891,2007-10-30 14:00:00.0,Intermediário
1.50615,1.50813,2007-10-30 14:30:00.0,Intermediário
1.50904,1.51129,2007-10-30 15:00:00.0,Intermediário
1.51125,1.51236,2007-10-30 15:30:00.0,Intermediário
1.50852,1.50978,2007-10-30 16:00:00.0,Intermediário
1.50813,1.50965,2007-10-30 16:30:00.0,Fechamento Interbancário
1.5102,1.51154,2007-10-30 17:37:00.0,Fechamento
1.5,1.50901,2007-10-31 09:15:00.0,Abertura
1.50595,1.50781,2007-10-31 09:30:00.0,Intermediário
1.50616,1.50841,2007-10-31 10:00:00.0,Intermediário
1.50461,1.50717,2007-10-31 10:30:00.0,Intermediário
1.50529,1.50792,2007-10-31 11:00:00.0,Intermediário
1.50439,1.50664,2007-10-31 11:30:00.0,Intermediário
1.50437,1.50626,2007-10-31 12:00:00.0,Intermediário
1.49871,1.50073,2007-10-31 12:30:00.0,Intermediário
1.49922,1.50121,2007-10-31 13:01:00.0,Intermediário
1.4991,1.50108,2007-10-31 13:30:00.0,Intermediário
1.50091,1.50299,2007-10-31 14:00:00.0,Intermediário
1.50009,1.50207,2007-10-31 14:30:00.0,Intermediário
1.49815,1.4994,2007-10-31 15:00:00.0,Intermediário
1.49806,1.50017,2007-10-31 15:30:00.0,Intermediário
1.49633,1.49845,2007-10-31 16:00:00.0,Intermediário
1.49479,1.49952,2007-10-31 16:30:00.0,Fechamento Interbancário
1.50185,1.50644,2007-10-31 17:47:00.0,Fechamento
1.49161,1.5006,2007-11-01 09:15:00.0,Abertura
1.49553,1.49751,2007-11-01 09:30:00.0,Intermediário
1.49814,1.50024,2007-11-01 10:00:00.0,Intermediário
1.50332,1.50569,2007-11-01 10:30:00.0,Intermediário
1.50655,1.50867,2007-11-01 11:00:00.0,Intermediário
1.50537,1.50748,2007-11-01 11:30:00.0,Intermediário
1.5075,1.50964,2007-11-01 12:00:00.0,Intermediário
1.50995,1.512,2007-11-01 12:30:00.0,Intermediário
1.5069,1.50901,2007-11-01 13:00:00.0,Intermediário
1.50703,1.50934,2007-11-01 13:30:00.0,Intermediário
1.50716,1.50934,2007-11-01 14:00:00.0,Intermediário
1.50976,1.51188,2007-11-01 14:30:00.0,Intermediário
1.50873,1.50999,2007-11-01 15:00:00.0,Intermediário
1.50505,1.50709,2007-11-01 15:30:00.0,Intermediário
1.5089,1.50989,2007-11-01 16:00:00.0,Intermediário
1.50942,1.51069,2007-11-01 16:30:00.0,Fechamento Interbancário
1.50786,1.50896,2007-11-01 17:49:00.0,Fechamento
1.51867,1.52758,2007-11-05 09:16:00.0,Abertura
1.52119,1.52312,2007-11-05 09:30:00.0,Intermediário
1.51899,1.52085,2007-11-05 10:00:00.0,Intermediário
1.52177,1.52385,2007-11-05 10:30:00.0,Intermediário
1.51946,1.52225,2007-11-05 11:00:00.0,Intermediário
1.52183,1.52383,2007-11-05 11:30:00.0,Intermediário
1.52404,1.52617,2007-11-05 12:00:00.0,Intermediário
1.52578,1.52704,2007-11-05 12:30:00.0,Intermediário
1.52164,1.52391,2007-11-05 13:00:00.0,Intermediário
1.52025,1.52238,2007-11-05 13:30:00.0,Intermediário
1.51972,1.52185,2007-11-05 14:00:00.0,Intermediário
1.52067,1.52166,2007-11-05 14:30:00.0,Intermediário
1.5192,1.52132,2007-11-05 15:00:00.0,Intermediário
1.52099,1.52298,2007-11-05 15:30:00.0,Intermediário
1.51631,1.51857,2007-11-05 16:00:00.0,Intermediário
1.51552,1.51691,2007-11-05 16:30:00.0,Fechamento Interbancário
1.52141,1.52264,2007-11-05 17:40:00.0,Fechamento
1.51904,1.52818,2007-11-06 09:22:00.0,Abertura
1.52066,1.5228,2007-11-06 09:30:00.0,Intermediário
1.51568,1.51783,2007-11-06 10:00:00.0,Intermediário
1.51428,1.51629,2007-11-06 10:30:00.0,Intermediário
1.50968,1.51182,2007-11-06 11:00:00.0,Intermediário
1.51113,1.51301,2007-11-06 11:30:00.0,Intermediário
1.51166,1.51393,2007-11-06 12:00:00.0,Intermediário
1.51282,1.5151,2007-11-06 12:30:00.0,Intermediário
1.50979,1.51189,2007-11-06 13:00:00.0,Intermediário
1.50948,1.51169,2007-11-06 13:30:00.0,Intermediário
1.50803,1.51018,2007-11-06 14:00:00.0,Intermediário
1.51035,1.51245,2007-11-06 14:30:00.0,Intermediário
1.50777,1.50991,2007-11-06 15:00:00.0,Intermediário
1.51079,1.51319,2007-11-06 15:30:00.0,Intermediário
1.51388,1.51616,2007-11-06 16:00:00.0,Intermediário
1.51542,1.51682,2007-11-06 16:30:00.0,Fechamento Interbancário
1.51253,1.51376,2007-11-06 18:12:00.0,Fechamento
1.52542,1.53452,2007-11-07 09:21:00.0,Abertura
1.53608,1.53799,2007-11-07 09:30:00.0,Intermediário
1.5354,1.53765,2007-11-07 10:00:00.0,Intermediário
1.53771,1.54002,2007-11-07 10:30:00.0,Intermediário
1.54221,1.54425,2007-11-07 11:00:00.0,Intermediário
1.53628,1.5373,2007-11-07 11:30:00.0,Intermediário
1.52982,1.53186,2007-11-07 12:00:00.0,Intermediário
1.5305,1.53231,2007-11-07 12:30:00.0,Intermediário
1.52905,1.53132,2007-11-07 13:00:00.0,Intermediário
1.52685,1.52888,2007-11-07 13:30:00.0,Intermediário
1.52835,1.53079,2007-11-07 14:00:00.0,Intermediário
1.52646,1.52951,2007-11-07 14:30:00.0,Intermediário
1.52557,1.52801,2007-11-07 15:00:00.0,Intermediário
1.53181,1.53394,2007-11-07 15:30:00.0,Intermediário
1.53392,1.53636,2007-11-07 16:00:00.0,Intermediário
1.53595,1.53812,2007-11-07 16:30:00.0,Fechamento Interbancário
1.53612,1.53724,2007-11-07 17:40:00.0,Fechamento
1.53731,1.54628,2007-11-08 09:21:00.0,Abertura
1.5369,1.53907,2007-11-08 09:30:00.0,Intermediário
1.52902,1.53146,2007-11-08 10:00:00.0,Intermediário
1.52375,1.52652,2007-11-08 10:30:00.0,Intermediário
1.52882,1.53106,2007-11-08 11:00:00.0,Intermediário
1.52977,1.53221,2007-11-08 11:30:00.0,Intermediário
1.53302,1.53493,2007-11-08 12:00:00.0,Intermediário
1.5356,1.53778,2007-11-08 12:30:00.0,Intermediário
1.53935,1.5413,2007-11-08 13:00:00.0,Intermediário
1.54269,1.54461,2007-11-08 13:30:00.0,Intermediário
1.53798,1.53989,2007-11-08 14:00:00.0,Intermediário
1.5373,1.53962,2007-11-08 14:30:00.0,Intermediário
1.54071,1.54269,2007-11-08 15:00:00.0,Intermediário
1.54399,1.54549,2007-11-08 15:30:00.0,Intermediário
1.54618,1.54831,2007-11-08 16:01:00.0,Intermediário
1.54837,1.55056,2007-11-08 16:30:00.0,Fechamento Interbancário
1.54091,1.54203,2007-11-08 17:34:00.0,Fechamento
1.5556,1.56492,2007-11-09 09:15:00.0,Abertura
1.5582,1.56033,2007-11-09 09:30:00.0,Intermediário
1.56073,1.56265,2007-11-09 10:00:00.0,Intermediário
1.55476,1.55607,2007-11-09 10:30:00.0,Intermediário
1.55134,1.55361,2007-11-09 11:00:00.0,Intermediário
1.55134,1.55244,2007-11-09 11:30:00.0,Intermediário
1.54838,1.55146,2007-11-09 12:00:00.0,Intermediário
1.55479,1.55672,2007-11-09 12:30:00.0,Intermediário
1.55877,1.56152,2007-11-09 13:00:00.0,Intermediário
1.55752,1.55959,2007-11-09 13:30:00.0,Intermediário
1.55877,1.5609,2007-11-09 14:00:00.0,Intermediário
1.56058,1.56196,2007-11-09 14:30:00.0,Intermediário
1.55941,1.56175,2007-11-09 15:00:00.0,Intermediário
1.55902,1.5615,2007-11-09 15:30:00.0,Intermediário
1.55304,1.55518,2007-11-09 16:00:00.0,Intermediário
1.55152,1.55386,2007-11-09 16:30:00.0,Fechamento Interbancário
1.55437,1.55563,2007-11-09 17:35:00.0,Fechamento
1.5553,1.56527,2007-11-12 09:14:00.0,Abertura
1.56056,1.56217,2007-11-12 09:30:00.0,Intermediário
1.56461,1.56666,2007-11-12 10:00:00.0,Intermediário
1.57256,1.57462,2007-11-12 10:30:00.0,Intermediário
1.568,1.5702,2007-11-12 11:00:00.0,Intermediário
1.56539,1.56775,2007-11-12 11:30:00.0,Intermediário
1.56419,1.5655,2007-11-12 12:00:00.0,Intermediário
1.56635,1.56853,2007-11-12 12:30:00.0,Intermediário
1.56634,1.56816,2007-11-12 13:00:00.0,Intermediário
1.57004,1.57209,2007-11-12 13:30:00.0,Intermediário
1.57115,1.5732,2007-11-12 14:00:00.0,Intermediário
1.57508,1.57631,2007-11-12 14:30:00.0,Intermediário
1.57316,1.57535,2007-11-12 15:00:00.0,Intermediário
1.57443,1.57662,2007-11-12 15:30:00.0,Intermediário
1.57177,1.57392,2007-11-12 16:00:00.0,Intermediário
1.57266,1.57403,2007-11-12 16:30:00.0,Fechamento Interbancário
1.57018,1.57137,2007-11-12 17:42:00.0,Fechamento
1.5733,1.58259,2007-11-13 09:19:00.0,Abertura
1.57732,1.57955,2007-11-13 09:30:00.0,Intermediário
1.581,1.58313,2007-11-13 10:00:00.0,Intermediário
1.57478,1.57698,2007-11-13 10:30:00.0,Intermediário
1.5703,1.57263,2007-11-13 11:00:00.0,Intermediário
1.57321,1.57535,2007-11-13 11:30:00.0,Intermediário
1.57053,1.57184,2007-11-13 12:00:00.0,Intermediário
1.56894,1.571,2007-11-13 12:42:00.0,Intermediário
1.5723,1.57464,2007-11-13 13:00:00.0,Intermediário
1.57216,1.57436,2007-11-13 13:30:00.0,Intermediário
1.57225,1.57356,2007-11-13 14:00:00.0,Intermediário
1.57044,1.57175,2007-11-13 14:30:00.0,Intermediário
1.57072,1.57291,2007-11-13 15:00:00.0,Intermediário
1.56619,1.56845,2007-11-13 15:30:00.0,Intermediário
1.566,1.56833,2007-11-13 16:00:00.0,Intermediário
1.56903,1.57034,2007-11-13 16:30:00.0,Fechamento Interbancário
1.57116,1.57229,2007-11-13 17:33:00.0,Fechamento
1.55226,1.56189,2007-11-14 09:17:00.0,Abertura
1.55817,1.56038,2007-11-14 09:30:00.0,Intermediário
1.55907,1.56141,2007-11-14 10:00:00.0,Intermediário
1.56077,1.56306,2007-11-14 10:30:00.0,Intermediário
1.5572,1.55851,2007-11-14 11:00:00.0,Intermediário
1.55522,1.55792,2007-11-14 11:30:00.0,Intermediário
1.5478,1.55028,2007-11-14 12:00:00.0,Intermediário
1.54565,1.54787,2007-11-14 12:30:00.0,Intermediário
1.54835,1.55069,2007-11-14 13:00:00.0,Intermediário
1.54849,1.55055,2007-11-14 13:30:00.0,Intermediário
1.54773,1.54979,2007-11-14 14:00:00.0,Intermediário
1.5447,1.5469,2007-11-14 14:30:00.0,Intermediário
1.54181,1.54773,2007-11-14 15:00:00.0,Intermediário
1.54149,1.5436,2007-11-14 15:30:00.0,Intermediário
1.54271,1.5449,2007-11-14 16:00:00.0,Intermediário
1.54188,1.54325,2007-11-14 16:30:00.0,Fechamento Interbancário
1.54544,1.54664,2007-11-14 17:36:00.0,Fechamento
1.55059,1.55977,2007-11-16 09:32:00.0,Abertura
1.5534,1.5556,2007-11-16 09:36:00.0,Intermediário
1.55263,1.55482,2007-11-16 10:09:00.0,Intermediário
1.5486,1.55066,2007-11-16 10:30:00.0,Intermediário
1.5493,1.55177,2007-11-16 11:00:00.0,Intermediário
1.55227,1.55433,2007-11-16 11:30:00.0,Intermediário
1.55042,1.55276,2007-11-16 12:00:00.0,Intermediário
1.5534,1.5554,2007-11-16 12:30:00.0,Intermediário
1.55822,1.56043,2007-11-16 13:00:00.0,Intermediário
1.55683,1.5591,2007-11-16 13:30:00.0,Intermediário
1.55613,1.55862,2007-11-16 14:00:00.0,Intermediário
1.55738,1.55959,2007-11-16 14:30:00.0,Intermediário
1.56016,1.56216,2007-11-16 15:00:00.0,Intermediário
1.55903,1.56099,2007-11-16 15:30:00.0,Intermediário
1.55967,1.56194,2007-11-16 16:00:00.0,Intermediário
1.5625,1.56471,2007-11-16 16:30:00.0,Fechamento Interbancário
1.55856,1.5597,2007-11-16 17:34:00.0,Fechamento
1.55683,1.56619,2007-11-19 09:23:00.0,Abertura
1.56413,1.56619,2007-11-19 09:30:00.0,Intermediário
1.56205,1.56426,2007-11-19 10:00:00.0,Intermediário
1.56108,1.56314,2007-11-19 10:30:00.0,Intermediário
1.55971,1.56172,2007-11-19 11:00:00.0,Intermediário
1.56077,1.56354,2007-11-19 11:31:00.0,Intermediário
1.56084,1.56291,2007-11-19 12:00:00.0,Intermediário
1.56144,1.56337,2007-11-19 12:30:00.0,Intermediário
1.56282,1.56421,2007-11-19 13:00:00.0,Intermediário
1.56397,1.5651,2007-11-19 13:30:00.0,Intermediário
1.56331,1.56491,2007-11-19 14:00:00.0,Intermediário
1.57249,1.57456,2007-11-19 14:31:00.0,Intermediário
1.5765,1.57871,2007-11-19 15:00:00.0,Intermediário
1.57428,1.5765,2007-11-19 15:30:00.0,Intermediário
1.58126,1.58352,2007-11-19 16:01:00.0,Intermediário
1.58201,1.58333,2007-11-19 16:30:00.0,Fechamento Interbancário
1.57529,1.57643,2007-11-19 17:45:00.0,Fechamento
1.58181,1.59108,2007-11-20 09:24:00.0,Abertura
1.58037,1.5853,2007-11-20 09:51:00.0,Intermediário
1.57952,1.58459,2007-11-20 10:00:00.0,Intermediário
1.58165,1.58387,2007-11-20 10:30:00.0,Intermediário
1.58454,1.58677,2007-11-20 11:15:00.0,Intermediário
1.58673,1.58932,2007-11-20 11:30:00.0,Intermediário
1.59242,1.59494,2007-11-20 12:00:00.0,Intermediário
1.59292,1.59523,2007-11-20 12:30:00.0,Intermediário
1.5881,1.59138,2007-11-20 13:00:00.0,Intermediário
1.58633,1.5884,2007-11-20 13:30:00.0,Intermediário
1.58501,1.58724,2007-11-20 14:00:00.0,Intermediário
1.58279,1.58487,2007-11-20 14:30:00.0,Intermediário
1.58274,1.58573,2007-11-20 15:00:00.0,Intermediário
1.58293,1.58601,2007-11-20 15:30:00.0,Intermediário
1.58454,1.58673,2007-11-20 16:00:00.0,Intermediário
1.58578,1.58777,2007-11-20 16:30:00.0,Fechamento Interbancário
1.59111,1.59201,2007-11-20 17:47:00.0,Fechamento
1.60343,1.61276,2007-11-21 09:13:00.0,Abertura
1.60932,1.61127,2007-11-21 09:30:00.0,Intermediário
1.60964,1.61174,2007-11-21 10:00:00.0,Intermediário
1.61019,1.61241,2007-11-21 10:30:00.0,Intermediário
1.61261,1.61417,2007-11-21 11:00:00.0,Intermediário
1.61317,1.61569,2007-11-21 11:30:00.0,Intermediário
1.61188,1.61428,2007-11-21 12:00:00.0,Intermediário
1.6096,1.61171,2007-11-21 12:30:00.0,Intermediário
1.61273,1.61513,2007-11-21 13:00:00.0,Intermediário
1.60848,1.61051,2007-11-21 13:30:00.0,Intermediário
1.60811,1.61001,2007-11-21 14:00:00.0,Intermediário
1.60826,1.61073,2007-11-21 14:30:00.0,Intermediário
1.61717,1.61925,2007-11-21 15:00:00.0,Intermediário
1.61692,1.61939,2007-11-21 15:30:00.0,Intermediário
1.61574,1.61723,2007-11-21 16:00:00.0,Intermediário
1.60928,1.61182,2007-11-21 16:30:00.0,Fechamento Interbancário
1.61816,1.61962,2007-11-21 18:11:00.0,Fechamento
1.60384,1.61305,2007-11-22 09:24:00.0,Abertura
1.60609,1.60834,2007-11-22 09:30:00.0,Intermediário
1.60504,1.60729,2007-11-22 10:00:00.0,Intermediário
1.60515,1.60649,2007-11-22 10:30:00.0,Intermediário
1.6029,1.60515,2007-11-22 11:00:00.0,Intermediário
1.60334,1.60552,2007-11-22 11:30:00.0,Intermediário
1.60537,1.60749,2007-11-22 12:00:00.0,Intermediário
1.60646,1.60872,2007-11-22 12:30:00.0,Intermediário
1.60497,1.60737,2007-11-22 13:00:00.0,Intermediário
1.60512,1.60737,2007-11-22 13:30:00.0,Intermediário
1.6065,1.60861,2007-11-22 14:00:00.0,Intermediário
1.60904,1.61115,2007-11-22 14:30:00.0,Intermediário
1.60995,1.6122,2007-11-22 15:00:00.0,Intermediário
1.61056,1.61311,2007-11-22 15:30:00.0,Intermediário
1.6146,1.61715,2007-11-22 16:00:00.0,Intermediário
1.6146,1.61658,2007-11-22 16:30:00.0,Fechamento Interbancário
1.61088,1.61177,2007-11-22 17:46:00.0,Fechamento
1.60556,1.61498,2007-11-23 09:17:00.0,Abertura
1.60773,1.6099,2007-11-23 09:30:00.0,Intermediário
1.6187,1.62096,2007-11-23 10:00:00.0,Intermediário
1.62476,1.62717,2007-11-23 10:30:00.0,Intermediário
1.62174,1.62415,2007-11-23 11:00:00.0,Intermediário
1.62223,1.62449,2007-11-23 11:30:00.0,Intermediário
1.62782,1.62993,2007-11-23 12:00:00.0,Intermediário
1.62875,1.63115,2007-11-23 12:30:00.0,Intermediário
1.63358,1.63584,2007-11-23 13:00:00.0,Intermediário
1.63491,1.63717,2007-11-23 13:30:00.0,Intermediário
1.63387,1.63598,2007-11-23 14:00:00.0,Intermediário
1.63236,1.63462,2007-11-23 14:30:00.0,Intermediário
1.63326,1.63537,2007-11-23 15:00:00.0,Intermediário
1.6289,1.63115,2007-11-23 15:30:00.0,Intermediário
1.63749,1.63975,2007-11-23 16:00:00.0,Intermediário
1.63447,1.63688,2007-11-23 16:30:00.0,Fechamento Interbancário
1.62848,1.6298,2007-11-23 17:40:00.0,Fechamento
1.62127,1.63061,2007-11-26 09:15:00.0,Abertura
1.62414,1.62619,2007-11-26 09:30:00.0,Intermediário
1.62358,1.62584,2007-11-26 10:00:00.0,Intermediário
1.62618,1.62858,2007-11-26 10:30:00.0,Intermediário
1.64024,1.6423,2007-11-26 11:00:00.0,Intermediário
1.64807,1.65049,2007-11-26 11:30:00.0,Intermediário
1.65123,1.65334,2007-11-26 12:00:00.0,Intermediário
1.65564,1.65835,2007-11-26 12:30:00.0,Intermediário
1.64793,1.6499,2007-11-26 13:00:00.0,Intermediário
1.64749,1.65005,2007-11-26 13:30:00.0,Intermediário
1.64771,1.6499,2007-11-26 14:00:00.0,Intermediário
1.65971,1.66213,2007-11-26 14:30:00.0,Intermediário
1.66096,1.66288,2007-11-26 15:00:00.0,Intermediário
1.65858,1.66076,2007-11-26 15:30:00.0,Intermediário
1.65622,1.65847,2007-11-26 16:00:00.0,Intermediário
1.65644,1.65864,2007-11-26 16:30:00.0,Fechamento Interbancário
1.64481,1.64591,2007-11-26 17:44:00.0,Fechamento
1.66954,1.67908,2007-11-27 09:19:00.0,Abertura
1.67242,1.67439,2007-11-27 09:30:00.0,Intermediário
1.67942,1.68151,2007-11-27 10:00:00.0,Intermediário
1.69061,1.6929,2007-11-27 10:30:00.0,Intermediário
1.69564,1.69777,2007-11-27 11:00:00.0,Intermediário
1.69479,1.69677,2007-11-27 11:30:00.0,Intermediário
1.68397,1.6861,2007-11-27 12:00:00.0,Intermediário
1.68683,1.68927,2007-11-27 12:30:00.0,Intermediário
1.68592,1.68836,2007-11-27 13:00:00.0,Intermediário
1.6847,1.68713,2007-11-27 13:30:00.0,Intermediário
1.68271,1.68499,2007-11-27 14:00:00.0,Intermediário
1.67361,1.67588,2007-11-27 14:30:00.0,Intermediário
1.66516,1.66742,2007-11-27 15:00:00.0,Intermediário
1.66137,1.66345,2007-11-27 15:30:00.0,Intermediário
1.65989,1.66199,2007-11-27 16:00:00.0,Intermediário
1.65832,1.66043,2007-11-27 16:30:00.0,Fechamento Interbancário
1.67125,1.67227,2007-11-27 17:46:00.0,Fechamento
1.63523,1.64442,2007-11-28 09:12:00.0,Abertura
1.62653,1.6292,2007-11-28 09:30:00.0,Intermediário
1.6283,1.63031,2007-11-28 10:00:00.0,Intermediário
1.62722,1.6293,2007-11-28 10:30:00.0,Intermediário
1.6266,1.62868,2007-11-28 11:00:00.0,Intermediário
1.6232,1.62586,2007-11-28 11:30:00.0,Intermediário
1.61695,1.61939,2007-11-28 12:00:00.0,Intermediário
1.6162,1.61825,2007-11-28 12:30:00.0,Intermediário
1.60766,1.6101,2007-11-28 13:00:00.0,Intermediário
1.60673,1.60872,2007-11-28 13:30:00.0,Intermediário
1.60817,1.61039,2007-11-28 14:00:00.0,Intermediário
1.61207,1.61436,2007-11-28 14:30:00.0,Intermediário
1.60411,1.60662,2007-11-28 15:00:00.0,Intermediário
1.60404,1.60612,2007-11-28 15:30:00.0,Intermediário
1.6062,1.60828,2007-11-28 16:00:00.0,Intermediário
1.60609,1.60741,2007-11-28 16:30:00.0,Fechamento Interbancário
1.61235,1.6135,2007-11-28 17:42:00.0,Fechamento
1.59403,1.60339,2007-11-29 09:25:00.0,Abertura
1.5985,1.59996,2007-11-29 09:30:00.0,Intermediário
1.59925,1.60146,2007-11-29 10:00:00.0,Intermediário
1.60875,1.61068,2007-11-29 10:30:00.0,Intermediário
1.60211,1.60446,2007-11-29 11:00:00.0,Intermediário
1.60027,1.60197,2007-11-29 11:30:00.0,Intermediário
1.59668,1.59889,2007-11-29 12:00:00.0,Intermediário
1.59554,1.59761,2007-11-29 12:30:00.0,Intermediário
1.59929,1.60164,2007-11-29 13:00:00.0,Intermediário
1.60265,1.60509,2007-11-29 13:30:00.0,Intermediário
1.60291,1.60509,2007-11-29 14:00:00.0,Intermediário
1.60193,1.60387,2007-11-29 14:30:00.0,Intermediário
1.58855,1.5918,2007-11-29 15:00:00.0,Intermediário
1.59241,1.59477,2007-11-29 15:30:00.0,Intermediário
1.60462,1.60677,2007-11-29 16:00:00.0,Intermediário
1.60567,1.60684,2007-11-29 16:30:00.0,Fechamento Interbancário
1.60182,1.60281,2007-11-29 17:34:00.0,Fechamento
1.57768,1.58732,2007-11-30 09:20:00.0,Abertura
1.58087,1.58278,2007-11-30 09:30:00.0,Intermediário
1.58569,1.58775,2007-11-30 10:00:00.0,Intermediário
1.58191,1.58397,2007-11-30 10:30:00.0,Intermediário
1.57963,1.58162,2007-11-30 11:00:00.0,Intermediário
1.58304,1.58435,2007-11-30 11:30:00.0,Intermediário
1.5827,1.58397,2007-11-30 12:00:00.0,Intermediário
1.57904,1.58139,2007-11-30 12:30:00.0,Intermediário
1.57497,1.57695,2007-11-30 13:00:00.0,Intermediário
1.57079,1.57284,2007-11-30 13:30:00.0,Intermediário
1.56543,1.56748,2007-11-30 14:00:00.0,Intermediário
1.56765,1.56998,2007-11-30 14:30:00.0,Intermediário
1.5769,1.57916,2007-11-30 15:00:00.0,Intermediário
1.59397,1.59631,2007-11-30 15:30:00.0,Intermediário
1.5929,1.59503,2007-11-30 16:00:00.0,Intermediário
1.58964,1.59095,2007-11-30 16:30:00.0,Fechamento Interbancário
1.58157,1.5827,2007-11-30 18:50:00.0,Fechamento
1.57704,1.58618,2007-12-03 09:21:00.0,Abertura
1.57846,1.58058,2007-12-03 09:30:00.0,Intermediário
1.57755,1.57988,2007-12-03 10:00:00.0,Intermediário
1.57937,1.58184,2007-12-03 10:30:00.0,Intermediário
1.58505,1.58753,2007-12-03 11:00:00.0,Intermediário
1.58412,1.58604,2007-12-03 11:30:00.0,Intermediário
1.58268,1.58501,2007-12-03 12:00:00.0,Intermediário
1.58677,1.58879,2007-12-03 12:30:00.0,Intermediário
1.58456,1.5867,2007-12-03 13:00:00.0,Intermediário
1.58468,1.58688,2007-12-03 13:30:00.0,Intermediário
1.5844,1.58646,2007-12-03 14:00:00.0,Intermediário
1.58247,1.58459,2007-12-03 14:30:00.0,Intermediário
1.58002,1.58207,2007-12-03 15:00:00.0,Intermediário
1.5803,1.58161,2007-12-03 15:30:00.0,Intermediário
1.59004,1.59238,2007-12-03 16:00:00.0,Intermediário
1.58855,1.58986,2007-12-03 16:30:00.0,Fechamento Interbancário
1.58412,1.58525,2007-12-03 17:51:00.0,Fechamento
1.60842,1.61777,2007-12-04 09:20:00.0,Abertura
1.61124,1.61367,2007-12-04 09:30:00.0,Intermediário
1.62418,1.62612,2007-12-04 10:00:00.0,Intermediário
1.62942,1.63165,2007-12-04 10:30:00.0,Intermediário
1.63136,1.63358,2007-12-04 11:00:00.0,Intermediário
1.63338,1.63547,2007-12-04 11:30:00.0,Intermediário
1.63415,1.63618,2007-12-04 12:00:00.0,Intermediário
1.62988,1.63211,2007-12-04 12:30:00.0,Intermediário
1.62957,1.63209,2007-12-04 13:00:00.0,Intermediário
1.6303,1.63282,2007-12-04 13:30:00.0,Intermediário
1.63008,1.63212,2007-12-04 14:00:00.0,Intermediário
1.62211,1.6242,2007-12-04 14:30:00.0,Intermediário
1.62803,1.63101,2007-12-04 15:00:00.0,Intermediário
1.61911,1.62119,2007-12-04 15:30:00.0,Intermediário
1.61642,1.61879,2007-12-04 16:00:00.0,Intermediário
1.61755,1.61966,2007-12-04 16:30:00.0,Fechamento Interbancário
1.63143,1.63246,2007-12-04 17:38:00.0,Fechamento
1.60525,1.61475,2007-12-05 09:22:00.0,Abertura
1.607,1.60936,2007-12-05 09:30:00.0,Intermediário
1.60625,1.60861,2007-12-05 10:00:00.0,Intermediário
1.6059,1.60797,2007-12-05 10:30:00.0,Intermediário
1.60869,1.61091,2007-12-05 11:00:00.0,Intermediário
1.59939,1.60071,2007-12-05 11:30:00.0,Intermediário
1.59544,1.59744,2007-12-05 12:00:00.0,Intermediário
1.59619,1.59868,2007-12-05 12:30:00.0,Intermediário
1.59754,1.59975,2007-12-05 13:00:00.0,Intermediário
1.59584,1.59833,2007-12-05 13:30:00.0,Intermediário
1.59492,1.59691,2007-12-05 14:00:00.0,Intermediário
1.59303,1.59509,2007-12-05 14:30:00.0,Intermediário
1.59172,1.59393,2007-12-05 15:00:00.0,Intermediário
1.59321,1.59541,2007-12-05 15:30:00.0,Intermediário
1.59705,1.5991,2007-12-05 16:00:00.0,Intermediário
1.59801,1.59932,2007-12-05 16:30:00.0,Fechamento Interbancário
1.59694,1.59808,2007-12-05 17:31:00.0,Fechamento
1.57393,1.58296,2007-12-06 09:22:00.0,Abertura
1.57881,1.58071,2007-12-06 09:30:00.0,Intermediário
1.57584,1.57816,2007-12-06 10:00:00.0,Intermediário
1.57398,1.57616,2007-12-06 10:30:00.0,Intermediário
1.57765,1.5799,2007-12-06 11:00:00.0,Intermediário
1.58118,1.58322,2007-12-06 11:30:00.0,Intermediário
1.58491,1.5871,2007-12-06 12:00:00.0,Intermediário
1.58684,1.58932,2007-12-06 12:30:00.0,Intermediário
1.58021,1.58151,2007-12-06 13:00:00.0,Intermediário
1.58105,1.58249,2007-12-06 13:30:00.0,Intermediário
1.58168,1.58276,2007-12-06 14:00:00.0,Intermediário
1.57976,1.58109,2007-12-06 14:30:00.0,Intermediário
1.58363,1.58595,2007-12-06 15:00:00.0,Intermediário
1.57994,1.58212,2007-12-06 15:30:00.0,Intermediário
1.57235,1.57433,2007-12-06 16:00:00.0,Intermediário
1.5713,1.57349,2007-12-06 16:30:00.0,Fechamento Interbancário
1.58237,1.5835,2007-12-06 17:46:00.0,Fechamento
1.56242,1.57154,2007-12-07 09:12:00.0,Abertura
1.56596,1.56814,2007-12-07 09:30:00.0,Intermediário
1.56305,1.56552,2007-12-07 10:00:00.0,Intermediário
1.56112,1.56344,2007-12-07 10:30:00.0,Intermediário
1.56261,1.56479,2007-12-07 11:00:00.0,Intermediário
1.55787,1.56077,2007-12-07 11:30:00.0,Intermediário
1.56319,1.56552,2007-12-07 12:00:00.0,Intermediário
1.56376,1.56554,2007-12-07 12:30:00.0,Intermediário
1.56325,1.56627,2007-12-07 13:00:00.0,Intermediário
1.56366,1.56599,2007-12-07 13:30:00.0,Intermediário
1.56297,1.56529,2007-12-07 14:00:00.0,Intermediário
1.56242,1.5647,2007-12-07 14:30:00.0,Intermediário
1.56004,1.5625,2007-12-07 15:00:00.0,Intermediário
1.55683,1.55886,2007-12-07 15:30:00.0,Intermediário
1.55514,1.55746,2007-12-07 16:00:00.0,Intermediário
1.55652,1.55871,2007-12-07 16:30:00.0,Fechamento Interbancário
1.55989,1.56101,2007-12-07 17:35:00.0,Fechamento
1.55347,1.56261,2007-12-10 09:26:00.0,Abertura
1.56009,1.56214,2007-12-10 09:30:00.0,Intermediário
1.55722,1.55927,2007-12-10 10:00:00.0,Intermediário
1.56046,1.56244,2007-12-10 10:30:00.0,Intermediário
1.56233,1.56431,2007-12-10 11:00:00.0,Intermediário
1.56533,1.5665,2007-12-10 11:30:00.0,Intermediário
1.57361,1.57492,2007-12-10 12:00:00.0,Intermediário
1.56917,1.57137,2007-12-10 12:30:00.0,Intermediário
1.56567,1.56821,2007-12-10 13:00:00.0,Intermediário
1.56214,1.56433,2007-12-10 13:30:00.0,Intermediário
1.56168,1.56364,2007-12-10 14:00:00.0,Intermediário
1.56452,1.56685,2007-12-10 14:30:00.0,Intermediário
1.5622,1.56452,2007-12-10 15:00:00.0,Intermediário
1.56369,1.56574,2007-12-10 15:30:00.0,Intermediário
1.56272,1.56505,2007-12-10 16:00:00.0,Intermediário
1.56437,1.5656,2007-12-10 16:30:00.0,Fechamento Interbancário
1.561,1.56206,2007-12-10 17:39:00.0,Fechamento
1.55013,1.55922,2007-12-11 09:20:00.0,Abertura
1.55318,1.55536,2007-12-11 09:30:00.0,Intermediário
1.55514,1.55746,2007-12-11 10:00:00.0,Intermediário
1.55771,1.55972,2007-12-11 10:30:00.0,Intermediário
1.55445,1.55661,2007-12-11 11:00:00.0,Intermediário
1.55413,1.55622,2007-12-11 11:30:00.0,Intermediário
1.55426,1.55644,2007-12-11 12:00:00.0,Intermediário
1.55346,1.55563,2007-12-11 12:30:00.0,Intermediário
1.55232,1.55436,2007-12-11 13:00:00.0,Intermediário
1.55287,1.55491,2007-12-11 13:30:00.0,Intermediário
1.55109,1.55381,2007-12-11 14:00:00.0,Intermediário
1.55177,1.55395,2007-12-11 14:30:00.0,Intermediário
1.55053,1.55245,2007-12-11 15:00:00.0,Intermediário
1.55101,1.55332,2007-12-11 15:30:00.0,Intermediário
1.54864,1.55109,2007-12-11 16:00:00.0,Intermediário
1.5502,1.55177,2007-12-11 16:30:00.0,Fechamento Interbancário
1.55656,1.55795,2007-12-11 17:40:00.0,Fechamento
1.55822,1.56726,2007-12-12 09:19:00.0,Abertura
1.56107,1.56341,2007-12-12 09:30:00.0,Intermediário
1.56005,1.56236,2007-12-12 10:00:00.0,Intermediário
1.56176,1.56394,2007-12-12 10:30:00.0,Intermediário
1.55323,1.55911,2007-12-12 11:00:00.0,Intermediário
1.56005,1.56305,2007-12-12 11:30:00.0,Intermediário
1.55989,1.56191,2007-12-12 12:00:00.0,Intermediário
1.53772,1.54001,2007-12-12 12:30:00.0,Intermediário
1.54178,1.54394,2007-12-12 13:00:00.0,Intermediário
1.54096,1.54294,2007-12-12 13:30:00.0,Intermediário
1.54232,1.54449,2007-12-12 14:00:00.0,Intermediário
1.54509,1.54726,2007-12-12 14:30:00.0,Intermediário
1.54708,1.5491,2007-12-12 15:00:00.0,Intermediário
1.55025,1.55229,2007-12-12 15:30:00.0,Intermediário
1.56009,1.56206,2007-12-12 16:00:00.0,Intermediário
1.56206,1.56424,2007-12-12 16:30:00.0,Fechamento Interbancário
1.55289,1.55401,2007-12-12 17:37:00.0,Fechamento
1.56745,1.57668,2007-12-13 09:18:00.0,Abertura
1.56616,1.56822,2007-12-13 09:30:00.0,Intermediário
1.56393,1.56611,2007-12-13 10:00:00.0,Intermediário
1.56797,1.57015,2007-12-13 10:30:00.0,Intermediário
1.56357,1.565,2007-12-13 11:00:00.0,Intermediário
1.56058,1.56295,2007-12-13 11:30:00.0,Intermediário
1.55712,1.55929,2007-12-13 12:00:00.0,Intermediário
1.55392,1.55634,2007-12-13 12:30:00.0,Intermediário
1.55,1.55209,2007-12-13 13:00:00.0,Intermediário
1.54654,1.5489,2007-12-13 13:30:00.0,Intermediário
1.54775,1.54978,2007-12-13 14:00:00.0,Intermediário
1.55307,1.55536,2007-12-13 14:30:00.0,Intermediário
1.55246,1.55445,2007-12-13 15:00:00.0,Intermediário
1.55509,1.55725,2007-12-13 15:30:00.0,Intermediário
1.55894,1.56091,2007-12-13 16:00:00.0,Intermediário
1.55914,1.56028,2007-12-13 16:30:00.0,Fechamento Interbancário
1.55283,1.5538,2007-12-13 17:44:00.0,Fechamento
1.55234,1.56146,2007-12-14 09:21:00.0,Abertura
1.55227,1.55338,2007-12-14 09:30:00.0,Intermediário
1.55586,1.55801,2007-12-14 10:00:00.0,Intermediário
1.5561,1.55834,2007-12-14 10:30:00.0,Intermediário
1.55552,1.55672,2007-12-14 11:00:00.0,Intermediário
1.56378,1.56607,2007-12-14 11:30:00.0,Intermediário
1.56368,1.56503,2007-12-14 12:00:00.0,Intermediário
1.56262,1.5647,2007-12-14 12:30:00.0,Intermediário
1.55637,1.55878,2007-12-14 13:00:00.0,Intermediário
1.55353,1.55574,2007-12-14 13:30:00.0,Intermediário
1.55313,1.55527,2007-12-14 14:00:00.0,Intermediário
1.5561,1.55744,2007-12-14 14:30:00.0,Intermediário
1.55546,1.5576,2007-12-14 15:00:00.0,Intermediário
1.55795,1.56009,2007-12-14 15:30:00.0,Intermediário
1.55748,1.55949,2007-12-14 16:00:00.0,Intermediário
1.55816,1.5593,2007-12-14 16:30:00.0,Fechamento Interbancário
1.55825,1.55921,2007-12-14 17:37:00.0,Fechamento
1.55923,1.56815,2007-12-17 09:20:00.0,Abertura
1.56182,1.5641,2007-12-17 09:30:00.0,Intermediário
1.56732,1.56853,2007-12-17 10:00:00.0,Intermediário
1.57143,1.57384,2007-12-17 10:30:00.0,Intermediário
1.56851,1.57079,2007-12-17 11:00:00.0,Intermediário
1.57088,1.57302,2007-12-17 11:30:00.0,Intermediário
1.56584,1.56778,2007-12-17 12:00:00.0,Intermediário
1.5636,1.56651,2007-12-17 12:30:00.0,Intermediário
1.56834,1.57034,2007-12-17 13:00:00.0,Intermediário
1.57092,1.57287,2007-12-17 13:30:00.0,Intermediário
1.57192,1.57402,2007-12-17 14:00:00.0,Intermediário
1.57453,1.57651,2007-12-17 14:30:00.0,Intermediário
1.57511,1.57698,2007-12-17 15:00:00.0,Intermediário
1.56944,1.57169,2007-12-17 15:30:00.0,Intermediário
1.57271,1.57419,2007-12-17 16:00:00.0,Intermediário
1.57346,1.57488,2007-12-17 16:30:00.0,Fechamento Interbancário
1.57303,1.57427,2007-12-17 17:44:00.0,Fechamento
1.56445,1.57341,2007-12-18 09:21:00.0,Abertura
1.56624,1.56818,2007-12-18 09:30:00.0,Intermediário
1.56543,1.56744,2007-12-18 10:00:00.0,Intermediário
1.56977,1.57104,2007-12-18 10:30:00.0,Intermediário
1.5673,1.56932,2007-12-18 11:00:00.0,Intermediário
1.56076,1.56304,2007-12-18 11:30:00.0,Intermediário
1.56304,1.56505,2007-12-18 12:00:00.0,Intermediário
1.56312,1.56541,2007-12-18 12:30:00.0,Intermediário
1.56158,1.56386,2007-12-18 13:00:00.0,Intermediário
1.55995,1.56182,2007-12-18 13:30:00.0,Intermediário
1.55995,1.56207,2007-12-18 14:00:00.0,Intermediário
1.55738,1.56318,2007-12-18 14:30:00.0,Intermediário
1.56708,1.56836,2007-12-18 15:00:00.0,Intermediário
1.56904,1.57018,2007-12-18 15:30:00.0,Intermediário
1.57031,1.57246,2007-12-18 16:00:00.0,Intermediário
1.57244,1.57378,2007-12-18 16:30:00.0,Fechamento Interbancário
1.56923,1.5704,2007-12-18 17:40:00.0,Fechamento
1.55667,1.56575,2007-12-19 09:25:00.0,Abertura
1.56822,1.5695,2007-12-19 09:30:00.0,Intermediário
1.56863,1.57077,2007-12-19 10:00:00.0,Intermediário
1.56817,1.57031,2007-12-19 10:30:00.0,Intermediário
1.56759,1.56973,2007-12-19 11:00:00.0,Intermediário
1.56499,1.5674,2007-12-19 11:30:00.0,Intermediário
1.5622,1.56448,2007-12-19 12:00:00.0,Intermediário
1.56166,1.56353,2007-12-19 12:30:00.0,Intermediário
1.56112,1.56306,2007-12-19 13:00:00.0,Intermediário
1.55411,1.55625,2007-12-19 13:30:00.0,Intermediário
1.55398,1.55598,2007-12-19 14:00:00.0,Intermediário
1.55711,1.55925,2007-12-19 14:30:00.0,Intermediário
1.55702,1.55915,2007-12-19 15:00:00.0,Intermediário
1.55563,1.55777,2007-12-19 15:30:00.0,Intermediário
1.55551,1.55744,2007-12-19 16:00:00.0,Intermediário
1.55809,1.56036,2007-12-19 16:30:00.0,Fechamento Interbancário
1.55818,1.55941,2007-12-19 17:38:00.0,Fechamento
1.55187,1.56118,2007-12-20 09:22:00.0,Abertura
1.55513,1.55726,2007-12-20 09:30:00.0,Intermediário
1.5546,1.55662,2007-12-20 10:00:00.0,Intermediário
1.55772,1.55985,2007-12-20 10:30:00.0,Intermediário
1.55714,1.55914,2007-12-20 11:00:00.0,Intermediário
1.55581,1.55783,2007-12-20 11:30:00.0,Intermediário
1.55448,1.55688,2007-12-20 12:00:00.0,Intermediário
1.55074,1.55274,2007-12-20 12:30:00.0,Intermediário
1.55142,1.55362,2007-12-20 13:00:00.0,Intermediário
1.55135,1.55348,2007-12-20 13:30:00.0,Intermediário
1.55476,1.55696,2007-12-20 14:00:00.0,Intermediário
1.55488,1.55723,2007-12-20 14:30:00.0,Intermediário
1.55882,1.56009,2007-12-20 15:00:00.0,Intermediário
1.55669,1.55896,2007-12-20 15:30:00.0,Intermediário
1.56028,1.56269,2007-12-20 16:00:00.0,Intermediário
1.56001,1.56235,2007-12-20 16:30:00.0,Fechamento Interbancário
1.55863,1.55993,2007-12-20 17:40:00.0,Fechamento
1.54598,1.55517,2007-12-21 09:15:00.0,Abertura
1.54914,1.55121,2007-12-21 09:30:00.0,Intermediário
1.55263,1.55463,2007-12-21 10:00:00.0,Intermediário
1.55777,1.5599,2007-12-21 10:30:00.0,Intermediário
1.55542,1.55755,2007-12-21 11:00:00.0,Intermediário
1.55731,1.55971,2007-12-21 11:30:00.0,Intermediário
1.55698,1.55925,2007-12-21 12:00:00.0,Intermediário
1.55384,1.55598,2007-12-21 12:30:00.0,Intermediário
1.55318,1.55525,2007-12-21 13:00:00.0,Intermediário
1.55378,1.55587,2007-12-21 13:30:00.0,Intermediário
1.55123,1.55357,2007-12-21 14:00:00.0,Intermediário
1.55056,1.55283,2007-12-21 14:30:00.0,Intermediário
1.54937,1.5517,2007-12-21 15:00:00.0,Intermediário
1.54751,1.54864,2007-12-21 15:30:00.0,Intermediário
1.54923,1.55137,2007-12-21 16:00:00.0,Intermediário
1.54923,1.5507,2007-12-21 16:30:00.0,Fechamento Interbancário
1.55252,1.55382,2007-12-21 17:35:00.0,Fechamento
1.54412,1.55344,2007-12-24 09:19:00.0,Abertura
1.54498,1.54871,2007-12-24 09:30:00.0,Intermediário
1.54665,1.55032,2007-12-24 10:00:00.0,Intermediário
1.54838,1.55065,2007-12-24 10:30:00.0,Intermediário
1.54898,1.55225,2007-12-24 11:00:00.0,Intermediário
1.55005,1.55278,2007-12-24 11:30:00.0,Fechamento Interbancário
1.55014,1.55097,2007-12-24 12:09:00.0,Fechamento
1.54071,1.54993,2007-12-26 09:21:00.0,Abertura
1.54354,1.54608,2007-12-26 09:30:00.0,Intermediário
1.54492,1.54746,2007-12-26 10:00:00.0,Intermediário
1.54473,1.54747,2007-12-26 10:30:00.0,Intermediário
1.54663,1.54908,2007-12-26 11:00:00.0,Intermediário
1.54782,1.54996,2007-12-26 11:30:00.0,Intermediário
1.54728,1.54955,2007-12-26 12:00:00.0,Intermediário
1.5515,1.55304,2007-12-26 12:30:00.0,Intermediário
1.54936,1.55103,2007-12-26 13:00:00.0,Intermediário
1.55097,1.55238,2007-12-26 13:30:00.0,Intermediário
1.54963,1.55103,2007-12-26 14:00:00.0,Intermediário
1.542,1.54428,2007-12-26 14:30:00.0,Intermediário
1.54154,1.54368,2007-12-26 15:00:00.0,Intermediário
1.54361,1.54542,2007-12-26 15:30:00.0,Intermediário
1.54107,1.54348,2007-12-26 16:00:00.0,Intermediário
1.53933,1.54087,2007-12-26 16:30:00.0,Fechamento Interbancário
1.54602,1.54739,2007-12-26 17:38:00.0,Fechamento
1.53024,1.53973,2007-12-27 09:19:00.0,Abertura
1.53325,1.53552,2007-12-27 09:48:00.0,Intermediário
1.53431,1.53672,2007-12-27 10:02:00.0,Intermediário
1.53188,1.53424,2007-12-27 10:30:00.0,Intermediário
1.53291,1.53458,2007-12-27 11:00:00.0,Intermediário
1.53224,1.53543,2007-12-27 11:30:00.0,Intermediário
1.54216,1.54459,2007-12-27 12:00:00.0,Intermediário
1.54485,1.54782,2007-12-27 12:30:00.0,Intermediário
1.54505,1.54748,2007-12-27 13:00:00.0,Intermediário
1.54573,1.54809,2007-12-27 13:30:00.0,Intermediário
1.54472,1.54728,2007-12-27 14:00:00.0,Intermediário
1.54864,1.55069,2007-12-27 14:30:00.0,Intermediário
1.54601,1.54804,2007-12-27 15:00:00.0,Intermediário
1.54927,1.55157,2007-12-27 15:30:00.0,Intermediário
1.54482,1.54698,2007-12-27 16:00:00.0,Intermediário
1.54427,1.54644,2007-12-27 16:30:00.0,Fechamento Interbancário
1.55156,1.55268,2007-12-27 17:49:00.0,Fechamento
1.55434,1.56444,2007-12-28 09:21:00.0,Abertura
1.55918,1.56164,2007-12-28 09:30:00.0,Intermediário
1.55829,1.56033,2007-12-28 10:00:00.0,Intermediário
1.55745,1.55984,2007-12-28 10:30:00.0,Intermediário
1.55803,1.56073,2007-12-28 11:00:00.0,Intermediário
1.55552,1.55866,2007-12-28 11:30:00.0,Intermediário
1.55637,1.55852,2007-12-28 12:00:00.0,Intermediário
1.5599,1.56209,2007-12-28 12:30:00.0,Intermediário
1.55962,1.56222,2007-12-28 13:00:00.0,Intermediário
1.56765,1.56998,2007-12-28 13:30:00.0,Intermediário
1.56482,1.56701,2007-12-28 14:00:00.0,Intermediário
1.56507,1.5672,2007-12-28 14:30:00.0,Intermediário
1.57447,1.57694,2007-12-28 15:00:00.0,Intermediário
1.57671,1.57988,2007-12-28 15:30:00.0,Intermediário
1.57531,1.57722,2007-12-28 16:00:00.0,Intermediário
1.5727,1.57414,2007-12-28 16:30:00.0,Fechamento Interbancário
1.56959,1.57086,2007-12-28 17:42:00.0,Fechamento
1.57502,1.58461,2007-12-31 09:18:00.0,Abertura
1.57839,1.58087,2007-12-31 09:30:00.0,Intermediário
1.57783,1.5803,2007-12-31 10:00:00.0,Intermediário
1.57951,1.58171,2007-12-31 10:30:00.0,Intermediário
1.57923,1.58157,2007-12-31 11:00:00.0,Intermediário
1.57965,1.58171,2007-12-31 11:30:00.0,Fechamento Interbancário
1.57476,1.57575,2007-12-31 12:03:00.0,Fechamento
