cotacaoCompra,cotacaoVenda,dataHoraCotacao,tipoBoletim
3.62773,3.65778,2004-01-02 09:50:00.0,Abertura
3.63016,3.65013,2004-01-02 10:00:00.0,Intermediário
3.62747,3.64871,2004-01-02 10:30:00.0,Intermediário
3.635,3.65626,2004-01-02 11:00:00.0,Intermediário
3.63442,3.65442,2004-01-02 11:30:00.0,Intermediário
3.6376,3.6576,2004-01-02 12:00:00.0,Intermediário
3.63633,3.65631,2004-01-02 12:30:00.0,Intermediário
3.62877,3.64872,2004-01-02 13:00:00.0,Intermediário
3.62301,3.64295,2004-01-02 13:30:00.0,Intermediário
3.6207,3.64064,2004-01-02 14:00:00.0,Intermediário
3.62445,3.64439,2004-01-02 14:30:00.0,Intermediário
3.61963,3.64082,2004-01-02 15:00:00.0,Intermediário
3.62039,3.64031,2004-01-02 15:30:00.0,Intermediário
3.61874,3.63991,2004-01-02 16:00:00.0,Intermediário
3.61604,3.63595,2004-01-02 16:30:00.0,Fechamento Interbancário
3.6309,3.63843,2004-01-02 17:58:00.0,Fechamento
3.62299,3.65309,2004-01-05 09:41:00.0,Abertura
3.6344,3.65441,2004-01-05 10:00:00.0,Intermediário
3.62738,3.64608,2004-01-05 10:30:00.0,Intermediário
3.6161,3.63727,2004-01-05 11:00:00.0,Intermediário
3.61674,3.6379,2004-01-05 11:30:00.0,Intermediário
3.61595,3.63585,2004-01-05 12:00:00.0,Intermediário
3.62552,3.64547,2004-01-05 12:30:00.0,Intermediário
3.61817,3.63679,2004-01-05 13:00:00.0,Intermediário
3.61748,3.63866,2004-01-05 13:30:00.0,Intermediário
3.61891,3.6401,2004-01-05 14:00:00.0,Intermediário
3.61834,3.63952,2004-01-05 14:30:00.0,Intermediário
3.61275,3.63263,2004-01-05 15:06:00.0,Intermediário
3.61248,3.6311,2004-01-05 15:30:00.0,Intermediário
3.61121,3.63238,2004-01-05 16:00:00.0,Intermediário
3.60639,3.62625,2004-01-05 16:30:00.0,Fechamento Interbancário
3.62594,3.63342,2004-01-05 17:47:00.0,Fechamento
3.61517,3.64528,2004-01-06 09:49:00.0,Abertura
3.61473,3.63463,2004-01-06 10:00:00.0,Intermediário
3.61531,3.6352,2004-01-06 10:30:00.0,Intermediário
3.6197,3.63961,2004-01-06 11:00:00.0,Intermediário
3.61659,3.63648,2004-01-06 11:30:00.0,Intermediário
3.63545,3.65544,2004-01-06 12:00:00.0,Intermediário
3.63728,3.65857,2004-01-06 12:30:00.0,Intermediário
3.63317,3.65315,2004-01-06 13:00:00.0,Intermediário
3.62718,3.64713,2004-01-06 13:30:00.0,Intermediário
3.62661,3.64656,2004-01-06 14:00:00.0,Intermediário
3.63146,3.65141,2004-01-06 14:30:00.0,Intermediário
3.63728,3.65728,2004-01-06 15:00:00.0,Intermediário
3.64675,3.66677,2004-01-06 15:30:00.0,Intermediário
3.65044,3.67051,2004-01-06 16:00:00.0,Intermediário
3.64913,3.66918,2004-01-06 16:30:00.0,Fechamento Interbancário
3.63506,3.64258,2004-01-06 17:39:00.0,Fechamento
3.63345,3.66358,2004-01-07 09:53:00.0,Abertura
3.63851,3.6585,2004-01-07 10:00:00.0,Intermediário
3.63001,3.65124,2004-01-07 10:30:00.0,Intermediário
3.6386,3.65863,2004-01-07 11:00:00.0,Intermediário
3.63607,3.65736,2004-01-07 11:30:00.0,Intermediário
3.63964,3.65966,2004-01-07 12:00:00.0,Intermediário
3.63842,3.65843,2004-01-07 12:30:00.0,Intermediário
3.62991,3.64989,2004-01-07 13:00:00.0,Intermediário
3.62807,3.64932,2004-01-07 13:30:00.0,Intermediário
3.63094,3.65219,2004-01-07 14:00:00.0,Intermediário
3.62951,3.65075,2004-01-07 14:30:00.0,Intermediário
3.61875,3.63739,2004-01-07 15:00:00.0,Intermediário
3.61667,3.63657,2004-01-07 15:30:00.0,Intermediário
3.61495,3.63485,2004-01-07 16:00:00.0,Intermediário
3.61185,3.63171,2004-01-07 16:30:00.0,Fechamento Interbancário
3.62834,3.63584,2004-01-07 17:51:00.0,Fechamento
3.58522,3.61506,2004-01-08 09:32:00.0,Abertura
3.5921,3.6119,2004-01-08 10:00:00.0,Intermediário
3.6111,3.63097,2004-01-08 10:30:00.0,Intermediário
3.61165,3.63155,2004-01-08 11:00:00.0,Intermediário
3.62034,3.64026,2004-01-08 11:34:00.0,Intermediário
3.63123,3.6525,2004-01-08 12:00:00.0,Intermediário
3.62459,3.64453,2004-01-08 12:30:00.0,Intermediário
3.61091,3.63206,2004-01-08 13:00:00.0,Intermediário
3.61288,3.63278,2004-01-08 13:30:00.0,Intermediário
3.61006,3.62993,2004-01-08 14:00:00.0,Intermediário
3.61572,3.63562,2004-01-08 14:30:00.0,Intermediário
3.63247,3.65244,2004-01-08 15:00:00.0,Intermediário
3.62834,3.64956,2004-01-08 15:30:00.0,Intermediário
3.63544,3.65543,2004-01-08 16:28:00.0,Intermediário
3.63401,3.65397,2004-01-08 16:35:00.0,Fechamento Interbancário
3.64526,3.6528,2004-01-08 17:45:00.0,Fechamento
3.61716,3.64728,2004-01-09 09:47:00.0,Abertura
3.62578,3.64572,2004-01-09 10:07:00.0,Intermediário
3.61701,3.63691,2004-01-09 10:30:00.0,Intermediário
3.61373,3.63363,2004-01-09 11:00:00.0,Intermediário
3.62241,3.64234,2004-01-09 11:30:00.0,Intermediário
3.63063,3.65058,2004-01-09 12:03:00.0,Intermediário
3.63588,3.65459,2004-01-09 12:30:00.0,Intermediário
3.63785,3.65787,2004-01-09 13:00:00.0,Intermediário
3.64012,3.66014,2004-01-09 13:30:00.0,Intermediário
3.6441,3.66412,2004-01-09 14:00:00.0,Intermediário
3.64325,3.66327,2004-01-09 14:30:00.0,Intermediário
3.63697,3.65696,2004-01-09 15:00:00.0,Intermediário
3.63214,3.65212,2004-01-09 15:30:00.0,Intermediário
3.62986,3.65111,2004-01-09 16:00:00.0,Intermediário
3.62418,3.64413,2004-01-09 16:30:00.0,Fechamento Interbancário
3.64285,3.65035,2004-01-09 17:41:00.0,Fechamento
3.61899,3.6492,2004-01-12 09:59:00.0,Abertura
3.62328,3.64577,2004-01-12 10:00:00.0,Intermediário
3.63067,3.6532,2004-01-12 10:30:00.0,Intermediário
3.61967,3.63958,2004-01-12 11:00:00.0,Intermediário
3.61358,3.63345,2004-01-12 11:30:00.0,Intermediário
3.60354,3.62338,2004-01-12 12:00:00.0,Intermediário
3.60141,3.62125,2004-01-12 12:30:00.0,Intermediário
3.5906,3.61166,2004-01-12 13:00:00.0,Intermediário
3.59004,3.61109,2004-01-12 13:30:00.0,Intermediário
3.59116,3.61222,2004-01-12 14:00:00.0,Intermediário
3.5906,3.61166,2004-01-12 14:30:00.0,Intermediário
3.58378,3.60351,2004-01-12 15:00:00.0,Intermediário
3.57743,3.59842,2004-01-12 15:30:00.0,Intermediário
3.56015,3.57979,2004-01-12 16:00:00.0,Intermediário
3.55959,3.57923,2004-01-12 16:30:00.0,Fechamento Interbancário
3.58796,3.5954,2004-01-12 17:40:00.0,Fechamento
3.52236,3.55203,2004-01-13 09:42:00.0,Abertura
3.5313,3.55081,2004-01-13 10:00:00.0,Intermediário
3.54039,3.55993,2004-01-13 10:30:00.0,Intermediário
3.55721,3.57682,2004-01-13 11:00:00.0,Intermediário
3.56958,3.59053,2004-01-13 11:30:00.0,Intermediário
3.56271,3.58234,2004-01-13 12:00:00.0,Intermediário
3.58447,3.60421,2004-01-13 12:30:00.0,Intermediário
3.57667,3.59894,2004-01-13 13:00:00.0,Intermediário
3.57498,3.59725,2004-01-13 13:30:00.0,Intermediário
3.58057,3.60287,2004-01-13 14:00:00.0,Intermediário
3.57162,3.59385,2004-01-13 14:30:00.0,Intermediário
3.5749,3.59461,2004-01-13 15:00:00.0,Intermediário
3.56896,3.58864,2004-01-13 15:30:00.0,Intermediário
3.56445,3.58539,2004-01-13 16:00:00.0,Intermediário
3.56937,3.58777,2004-01-13 16:31:00.0,Fechamento Interbancário
3.56719,3.5746,2004-01-13 17:38:00.0,Fechamento
3.55243,3.58221,2004-01-14 09:56:00.0,Abertura
3.55653,3.57741,2004-01-14 10:00:00.0,Intermediário
3.55482,3.57443,2004-01-14 10:30:00.0,Intermediário
3.55833,3.57797,2004-01-14 11:00:00.0,Intermediário
3.55695,3.57784,2004-01-14 11:30:00.0,Intermediário
3.54319,3.56401,2004-01-14 12:11:00.0,Intermediário
3.55343,3.57303,2004-01-14 12:30:00.0,Intermediário
3.55063,3.57022,2004-01-14 13:00:00.0,Intermediário
3.54839,3.56794,2004-01-14 13:30:00.0,Intermediário
3.55397,3.57359,2004-01-14 14:00:00.0,Intermediário
3.55538,3.57499,2004-01-14 14:30:00.0,Intermediário
3.57437,3.59407,2004-01-14 15:00:00.0,Intermediário
3.57706,3.59804,2004-01-14 15:30:00.0,Intermediário
3.57621,3.59592,2004-01-14 16:00:00.0,Intermediário
3.57255,3.59223,2004-01-14 16:30:00.0,Fechamento Interbancário
3.56365,3.57102,2004-01-14 17:39:00.0,Fechamento
3.54458,3.57429,2004-01-15 10:01:00.0,Abertura
3.54809,3.56894,2004-01-15 10:07:00.0,Intermediário
3.55005,3.56965,2004-01-15 10:30:00.0,Intermediário
3.54978,3.56936,2004-01-15 11:00:00.0,Intermediário
3.55174,3.57007,2004-01-15 11:30:00.0,Intermediário
3.54333,3.56289,2004-01-15 12:00:00.0,Intermediário
3.53801,3.55881,2004-01-15 12:30:00.0,Intermediário
3.53032,3.54979,2004-01-15 13:00:00.0,Intermediário
3.52723,3.5467,2004-01-15 13:30:00.0,Intermediário
3.52807,3.54754,2004-01-15 14:00:00.0,Intermediário
3.53004,3.54951,2004-01-15 14:30:00.0,Intermediário
3.52735,3.54684,2004-01-15 15:00:00.0,Intermediário
3.52722,3.54544,2004-01-15 15:30:00.0,Intermediário
3.53435,3.55259,2004-01-15 16:00:00.0,Intermediário
3.53153,3.55357,2004-01-15 16:30:00.0,Fechamento Interbancário
3.53322,3.54059,2004-01-15 18:37:00.0,Fechamento
3.50781,3.53722,2004-01-16 09:50:00.0,Abertura
3.50821,3.52886,2004-01-16 10:00:00.0,Intermediário
3.50472,3.5241,2004-01-16 10:30:00.0,Intermediário
3.51043,3.52983,2004-01-16 11:00:00.0,Intermediário
3.50862,3.52676,2004-01-16 11:30:00.0,Intermediário
3.50809,3.52748,2004-01-16 12:00:00.0,Intermediário
3.4904,3.50971,2004-01-16 12:32:00.0,Intermediário
3.49429,3.51486,2004-01-16 13:00:00.0,Intermediário
3.48334,3.50384,2004-01-16 13:30:00.0,Intermediário
3.48109,3.50159,2004-01-16 14:00:00.0,Intermediário
3.48587,3.50638,2004-01-16 14:30:00.0,Intermediário
3.48907,3.50837,2004-01-16 15:00:00.0,Intermediário
3.47753,3.49677,2004-01-16 15:30:00.0,Intermediário
3.49045,3.51102,2004-01-16 16:00:00.0,Intermediário
3.4913,3.51062,2004-01-16 16:30:00.0,Fechamento Interbancário
3.48362,3.49093,2004-01-16 17:42:00.0,Fechamento
3.48729,3.51648,2004-01-19 09:56:00.0,Abertura
3.49317,3.51496,2004-01-19 10:00:00.0,Intermediário
3.49631,3.51563,2004-01-19 10:30:00.0,Intermediário
3.50103,3.52162,2004-01-19 11:00:00.0,Intermediário
3.50749,3.52811,2004-01-19 11:30:00.0,Intermediário
3.51904,3.53972,2004-01-19 12:00:00.0,Intermediário
3.51429,3.53496,2004-01-19 12:30:00.0,Intermediário
3.51091,3.52906,2004-01-19 13:00:00.0,Intermediário
3.51119,3.52935,2004-01-19 13:30:00.0,Intermediário
3.51062,3.52878,2004-01-19 14:00:00.0,Intermediário
3.51034,3.52849,2004-01-19 14:30:00.0,Intermediário
3.51243,3.53183,2004-01-19 15:00:00.0,Intermediário
3.51173,3.53116,2004-01-19 15:30:00.0,Intermediário
3.5036,3.52172,2004-01-19 16:00:00.0,Intermediário
3.49991,3.51924,2004-01-19 16:30:00.0,Fechamento Interbancário
3.50529,3.51265,2004-01-19 17:43:00.0,Fechamento
3.53462,3.56415,2004-01-20 09:58:00.0,Abertura
3.5399,3.55942,2004-01-20 10:00:00.0,Intermediário
3.5433,3.56285,2004-01-20 10:30:00.0,Intermediário
3.55366,3.57328,2004-01-20 11:00:00.0,Intermediário
3.55125,3.57209,2004-01-20 11:30:00.0,Intermediário
3.54824,3.5678,2004-01-20 12:00:00.0,Intermediário
3.54364,3.56444,2004-01-20 12:30:00.0,Intermediário
3.54809,3.56894,2004-01-20 13:00:00.0,Intermediário
3.55473,3.57433,2004-01-20 13:30:00.0,Intermediário
3.55842,3.57805,2004-01-20 14:00:00.0,Intermediário
3.56293,3.58259,2004-01-20 14:30:00.0,Intermediário
3.55775,3.57739,2004-01-20 15:00:00.0,Intermediário
3.56168,3.58259,2004-01-20 15:30:00.0,Intermediário
3.5639,3.58357,2004-01-20 16:00:00.0,Intermediário
3.56532,3.58373,2004-01-20 16:30:00.0,Fechamento Interbancário
3.56511,3.57253,2004-01-20 17:45:00.0,Fechamento
3.55438,3.58411,2004-01-21 09:58:00.0,Abertura
3.57469,3.59439,2004-01-21 10:00:00.0,Intermediário
3.56779,3.58744,2004-01-21 10:30:00.0,Intermediário
3.56946,3.58912,2004-01-21 11:00:00.0,Intermediário
3.56731,3.58824,2004-01-21 11:30:00.0,Intermediário
3.57595,3.59565,2004-01-21 12:00:00.0,Intermediário
3.57461,3.5943,2004-01-21 12:30:00.0,Intermediário
3.57047,3.59016,2004-01-21 13:00:00.0,Intermediário
3.57701,3.59671,2004-01-21 13:30:00.0,Intermediário
3.58184,3.60157,2004-01-21 14:00:00.0,Intermediário
3.58042,3.60015,2004-01-21 14:30:00.0,Intermediário
3.58363,3.60211,2004-01-21 15:00:00.0,Intermediário
3.58807,3.60783,2004-01-21 15:30:00.0,Intermediário
3.58623,3.60726,2004-01-21 16:00:00.0,Intermediário
3.58226,3.60201,2004-01-21 16:50:00.0,Fechamento Interbancário
3.58769,3.59512,2004-01-21 17:39:00.0,Fechamento
3.60002,3.63002,2004-01-22 10:00:00.0,Abertura
3.60411,3.62521,2004-01-22 10:00:00.0,Intermediário
3.60087,3.62068,2004-01-22 10:30:00.0,Intermediário
3.60652,3.62635,2004-01-22 11:00:00.0,Intermediário
3.6068,3.62536,2004-01-22 11:30:00.0,Intermediário
3.60468,3.62451,2004-01-22 12:00:00.0,Intermediário
3.59889,3.61742,2004-01-22 12:30:00.0,Intermediário
3.59323,3.61303,2004-01-22 13:00:00.0,Intermediário
3.5938,3.61359,2004-01-22 13:30:00.0,Intermediário
3.59664,3.61643,2004-01-22 14:00:00.0,Intermediário
3.60004,3.61987,2004-01-22 14:30:00.0,Intermediário
3.60188,3.62171,2004-01-22 15:00:00.0,Intermediário
3.60144,3.62125,2004-01-22 15:30:00.0,Intermediário
3.5979,3.61643,2004-01-22 16:01:00.0,Intermediário
3.59635,3.61615,2004-01-22 16:30:00.0,Fechamento Interbancário
3.60669,3.61419,2004-01-22 17:37:00.0,Fechamento
3.60187,3.63193,2004-01-23 09:50:00.0,Abertura
3.60936,3.62796,2004-01-23 10:00:00.0,Intermediário
3.60085,3.62067,2004-01-23 10:30:00.0,Intermediário
3.59856,3.61711,2004-01-23 11:00:00.0,Intermediário
3.60267,3.6225,2004-01-23 11:30:00.0,Intermediário
3.59546,3.61526,2004-01-23 12:00:00.0,Intermediário
3.59742,3.61725,2004-01-23 12:30:00.0,Intermediário
3.60111,3.62095,2004-01-23 13:00:00.0,Intermediário
3.60111,3.62095,2004-01-23 13:30:00.0,Intermediário
3.59742,3.61725,2004-01-23 14:00:00.0,Intermediário
3.58437,3.60413,2004-01-23 14:30:00.0,Intermediário
3.57924,3.59769,2004-01-23 15:00:00.0,Intermediário
3.57648,3.59617,2004-01-23 15:30:00.0,Intermediário
3.57282,3.59377,2004-01-23 16:00:00.0,Intermediário
3.56093,3.58183,2004-01-23 16:30:00.0,Fechamento Interbancário
3.57774,3.58517,2004-01-23 17:39:00.0,Fechamento
3.55984,3.58955,2004-01-26 09:57:00.0,Abertura
3.56441,3.58407,2004-01-26 10:00:00.0,Intermediário
3.55594,3.57681,2004-01-26 10:30:00.0,Intermediário
3.56327,3.5829,2004-01-26 11:00:00.0,Intermediário
3.56767,3.58735,2004-01-26 11:30:00.0,Intermediário
3.56796,3.58638,2004-01-26 12:00:00.0,Intermediário
3.57238,3.59206,2004-01-26 12:30:00.0,Intermediário
3.57035,3.58878,2004-01-26 13:00:00.0,Intermediário
3.56611,3.58451,2004-01-26 13:30:00.0,Intermediário
3.56242,3.58079,2004-01-26 14:00:00.0,Intermediário
3.56157,3.57993,2004-01-26 14:30:00.0,Intermediário
3.55861,3.57823,2004-01-26 15:00:00.0,Intermediário
3.55418,3.5738,2004-01-26 15:30:00.0,Intermediário
3.55543,3.57506,2004-01-26 16:00:00.0,Intermediário
3.54949,3.56905,2004-01-26 16:30:00.0,Fechamento Interbancário
3.5423,3.54967,2004-01-26 17:42:00.0,Fechamento
3.54345,3.57303,2004-01-27 09:54:00.0,Abertura
3.55014,3.56849,2004-01-27 10:00:00.0,Intermediário
3.55818,3.5778,2004-01-27 10:30:00.0,Intermediário
3.56179,3.58145,2004-01-27 11:00:00.0,Intermediário
3.56357,3.58323,2004-01-27 11:30:00.0,Intermediário
3.57775,3.59619,2004-01-27 12:00:00.0,Intermediário
3.57797,3.59768,2004-01-27 12:30:00.0,Intermediário
3.58111,3.60082,2004-01-27 13:00:00.0,Intermediário
3.58708,3.60685,2004-01-27 13:30:00.0,Intermediário
3.59622,3.61603,2004-01-27 14:00:00.0,Intermediário
3.60219,3.62203,2004-01-27 14:30:00.0,Intermediário
3.61176,3.63164,2004-01-27 15:00:00.0,Intermediário
3.61248,3.63109,2004-01-27 15:30:00.0,Intermediário
3.61402,3.63391,2004-01-27 16:00:00.0,Intermediário
3.6183,3.63822,2004-01-27 16:30:00.0,Fechamento Interbancário
3.60744,3.61491,2004-01-27 17:46:00.0,Fechamento
3.61453,3.64455,2004-01-28 09:47:00.0,Abertura
3.62442,3.64688,2004-01-28 10:00:00.0,Intermediário
3.61662,3.63652,2004-01-28 10:30:00.0,Intermediário
3.61042,3.6303,2004-01-28 11:00:00.0,Intermediário
3.60979,3.62968,2004-01-28 11:30:00.0,Intermediário
3.6059,3.62573,2004-01-28 12:00:00.0,Intermediário
3.60347,3.62205,2004-01-28 12:30:00.0,Intermediário
3.61123,3.63112,2004-01-28 13:00:00.0,Intermediário
3.60245,3.62228,2004-01-28 13:30:00.0,Intermediário
3.6122,3.63209,2004-01-28 14:00:00.0,Intermediário
3.61421,3.63411,2004-01-28 14:30:00.0,Intermediário
3.62565,3.64686,2004-01-28 15:00:00.0,Intermediário
3.63693,3.65567,2004-01-28 15:30:00.0,Intermediário
3.64896,3.66903,2004-01-28 16:00:00.0,Intermediário
3.65206,3.67214,2004-01-28 16:30:00.0,Fechamento Interbancário
3.59761,3.60512,2004-01-28 17:55:00.0,Fechamento
3.62776,3.65774,2004-01-29 09:46:00.0,Abertura
3.63418,3.65541,2004-01-29 10:00:00.0,Intermediário
3.62316,3.64562,2004-01-29 10:30:00.0,Intermediário
3.61663,3.63529,2004-01-29 11:00:00.0,Intermediário
3.64956,3.67088,2004-01-29 11:30:00.0,Intermediário
3.63295,3.65294,2004-01-29 12:00:00.0,Intermediário
3.63295,3.65294,2004-01-29 12:30:00.0,Intermediário
3.64765,3.66645,2004-01-29 13:00:00.0,Intermediário
3.63917,3.65793,2004-01-29 13:30:00.0,Intermediário
3.62217,3.64087,2004-01-29 14:06:00.0,Intermediário
3.62919,3.64792,2004-01-29 14:30:00.0,Intermediário
3.63702,3.65704,2004-01-29 15:00:00.0,Intermediário
3.62831,3.64828,2004-01-29 15:30:00.0,Intermediário
3.61942,3.63936,2004-01-29 16:00:00.0,Intermediário
3.61884,3.63878,2004-01-29 16:30:00.0,Fechamento Interbancário
3.62129,3.62883,2004-01-29 17:41:00.0,Fechamento
3.63419,3.66414,2004-01-30 09:38:00.0,Abertura
3.63984,3.65988,2004-01-30 10:00:00.0,Intermediário
3.64014,3.66018,2004-01-30 10:30:00.0,Intermediário
3.63472,3.65472,2004-01-30 11:00:00.0,Intermediário
3.64986,3.66866,2004-01-30 11:30:00.0,Intermediário
3.64406,3.66659,2004-01-30 12:02:00.0,Intermediário
3.62908,3.6528,2004-01-30 12:30:00.0,Intermediário
3.6121,3.63199,2004-01-30 13:00:00.0,Intermediário
3.60918,3.63031,2004-01-30 13:30:00.0,Intermediário
3.61969,3.64086,2004-01-30 14:00:00.0,Intermediário
3.62404,3.64524,2004-01-30 14:30:00.0,Intermediário
3.63178,3.65175,2004-01-30 15:00:00.0,Intermediário
3.64517,3.66522,2004-01-30 15:30:00.0,Intermediário
3.64378,3.66505,2004-01-30 16:00:00.0,Intermediário
3.64844,3.66852,2004-01-30 16:30:00.0,Fechamento Interbancário
3.66066,3.66824,2004-01-30 17:52:00.0,Fechamento
3.66422,3.69435,2004-02-02 09:48:00.0,Abertura
3.66481,3.68745,2004-02-02 10:00:00.0,Intermediário
3.66479,3.68743,2004-02-02 10:30:00.0,Intermediário
3.66492,3.68504,2004-02-02 11:00:00.0,Intermediário
3.66368,3.68379,2004-02-02 11:30:00.0,Intermediário
3.66734,3.6875,2004-02-02 12:00:00.0,Intermediário
3.66292,3.68554,2004-02-02 12:30:00.0,Intermediário
3.65949,3.67959,2004-02-02 13:00:00.0,Intermediário
3.66214,3.68225,2004-02-02 13:30:00.0,Intermediário
3.65566,3.67576,2004-02-02 14:00:00.0,Intermediário
3.65477,3.67488,2004-02-02 14:30:00.0,Intermediário
3.65747,3.67757,2004-02-02 15:00:00.0,Intermediário
3.64154,3.66155,2004-02-02 15:30:00.0,Intermediário
3.63772,3.65773,2004-02-02 16:00:00.0,Intermediário
3.64131,3.66133,2004-02-02 16:30:00.0,Fechamento Interbancário
3.65344,3.66104,2004-02-02 17:46:00.0,Fechamento
3.66997,3.70021,2004-02-03 09:51:00.0,Abertura
3.67248,3.69265,2004-02-03 10:00:00.0,Intermediário
3.6739,3.69406,2004-02-03 10:30:00.0,Intermediário
3.67979,3.70001,2004-02-03 11:00:00.0,Intermediário
3.6851,3.70534,2004-02-03 11:30:00.0,Intermediário
3.67518,3.69536,2004-02-03 12:00:00.0,Intermediário
3.67363,3.69381,2004-02-03 12:30:00.0,Intermediário
3.66926,3.6894,2004-02-03 13:00:00.0,Intermediário
3.6711,3.68998,2004-02-03 13:30:00.0,Intermediário
3.66817,3.68705,2004-02-03 14:00:00.0,Intermediário
3.66729,3.68618,2004-02-03 14:30:00.0,Intermediário
3.67206,3.69221,2004-02-03 15:00:00.0,Intermediário
3.66721,3.68735,2004-02-03 15:30:00.0,Intermediário
3.65322,3.67204,2004-02-03 16:00:00.0,Intermediário
3.64634,3.66766,2004-02-03 16:30:00.0,Fechamento Interbancário
3.67551,3.68314,2004-02-03 17:48:00.0,Fechamento
3.63529,3.66535,2004-02-04 09:55:00.0,Abertura
3.64058,3.66061,2004-02-04 10:00:00.0,Intermediário
3.64096,3.661,2004-02-04 10:30:00.0,Intermediário
3.64105,3.66109,2004-02-04 11:00:00.0,Intermediário
3.63663,3.65539,2004-02-04 11:30:00.0,Intermediário
3.62788,3.64784,2004-02-04 12:00:00.0,Intermediário
3.63201,3.65199,2004-02-04 12:30:00.0,Intermediário
3.61879,3.63871,2004-02-04 13:00:00.0,Intermediário
3.6219,3.64307,2004-02-04 13:30:00.0,Intermediário
3.62364,3.64484,2004-02-04 14:00:00.0,Intermediário
3.62651,3.64774,2004-02-04 14:30:00.0,Intermediário
3.63945,3.65946,2004-02-04 15:00:00.0,Intermediário
3.65322,3.6733,2004-02-04 15:30:00.0,Intermediário
3.6506,3.67193,2004-02-04 16:00:00.0,Intermediário
3.65447,3.67456,2004-02-04 16:30:00.0,Fechamento Interbancário
3.64386,3.65144,2004-02-04 17:45:00.0,Fechamento
3.67366,3.70394,2004-02-05 09:55:00.0,Abertura
3.67487,3.69508,2004-02-05 10:00:00.0,Intermediário
3.68201,3.70349,2004-02-05 10:30:00.0,Intermediário
3.69237,3.71265,2004-02-05 11:00:00.0,Intermediário
3.68978,3.71004,2004-02-05 11:30:00.0,Intermediário
3.68571,3.70597,2004-02-05 12:00:00.0,Intermediário
3.6879,3.70814,2004-02-05 12:30:00.0,Intermediário
3.69405,3.71433,2004-02-05 13:00:00.0,Intermediário
3.69608,3.71639,2004-02-05 13:30:00.0,Intermediário
3.6876,3.70784,2004-02-05 14:00:00.0,Intermediário
3.69024,3.71049,2004-02-05 14:30:00.0,Intermediário
3.68588,3.70737,2004-02-05 15:00:00.0,Intermediário
3.68667,3.70816,2004-02-05 15:30:00.0,Intermediário
3.68216,3.70238,2004-02-05 16:00:00.0,Intermediário
3.67701,3.69722,2004-02-05 16:30:00.0,Fechamento Interbancário
3.67722,3.68486,2004-02-05 17:47:00.0,Fechamento
3.69402,3.72437,2004-02-06 09:39:00.0,Abertura
3.69602,3.71757,2004-02-06 10:00:00.0,Intermediário
3.69845,3.71875,2004-02-06 10:30:00.0,Intermediário
3.69506,3.71409,2004-02-06 11:00:00.0,Intermediário
3.70794,3.72827,2004-02-06 11:35:00.0,Intermediário
3.73414,3.75332,2004-02-06 12:07:00.0,Intermediário
3.72728,3.74771,2004-02-06 12:43:00.0,Intermediário
3.73015,3.75313,2004-02-06 13:00:00.0,Intermediário
3.72868,3.74911,2004-02-06 13:30:00.0,Intermediário
3.72986,3.75029,2004-02-06 14:00:00.0,Intermediário
3.72457,3.74499,2004-02-06 14:30:00.0,Intermediário
3.72124,3.74293,2004-02-06 15:00:00.0,Intermediário
3.71825,3.73862,2004-02-06 15:30:00.0,Intermediário
3.71854,3.73891,2004-02-06 16:00:00.0,Intermediário
3.71531,3.73569,2004-02-06 16:30:00.0,Fechamento Interbancário
3.74186,3.74957,2004-02-06 17:48:00.0,Fechamento
3.70971,3.74029,2004-02-09 09:58:00.0,Abertura
3.71307,3.73598,2004-02-09 10:00:00.0,Intermediário
3.72447,3.74617,2004-02-09 10:30:00.0,Intermediário
3.72498,3.74541,2004-02-09 11:00:00.0,Intermediário
3.7281,3.74852,2004-02-09 11:30:00.0,Intermediário
3.7243,3.74472,2004-02-09 12:00:00.0,Intermediário
3.71796,3.73707,2004-02-09 12:30:00.0,Intermediário
3.71161,3.73068,2004-02-09 13:00:00.0,Intermediário
3.70664,3.7257,2004-02-09 13:30:00.0,Intermediário
3.70198,3.72102,2004-02-09 14:00:00.0,Intermediário
3.69876,3.71777,2004-02-09 14:30:00.0,Intermediário
3.70266,3.72298,2004-02-09 15:00:00.0,Intermediário
3.70176,3.72336,2004-02-09 15:30:00.0,Intermediário
3.69952,3.71984,2004-02-09 16:00:00.0,Intermediário
3.70254,3.72287,2004-02-09 16:30:00.0,Fechamento Interbancário
3.71758,3.72522,2004-02-09 17:46:00.0,Fechamento
3.72622,3.75686,2004-02-10 09:50:00.0,Abertura
3.72081,3.74121,2004-02-10 10:00:00.0,Intermediário
3.71826,3.73865,2004-02-10 10:30:00.0,Intermediário
3.71447,3.73483,2004-02-10 11:00:00.0,Intermediário
3.71221,3.73384,2004-02-10 11:30:00.0,Intermediário
3.71731,3.73768,2004-02-10 12:00:00.0,Intermediário
3.70882,3.72917,2004-02-10 12:30:00.0,Intermediário
3.70238,3.72271,2004-02-10 13:00:00.0,Intermediário
3.69804,3.71706,2004-02-10 13:30:00.0,Intermediário
3.68959,3.70858,2004-02-10 14:00:00.0,Intermediário
3.70209,3.72114,2004-02-10 14:30:00.0,Intermediário
3.6995,3.71852,2004-02-10 15:00:00.0,Intermediário
3.7003,3.71932,2004-02-10 15:30:00.0,Intermediário
3.70254,3.72285,2004-02-10 16:00:00.0,Intermediário
3.69786,3.71815,2004-02-10 16:30:00.0,Fechamento Interbancário
3.7076,3.71527,2004-02-10 17:52:00.0,Fechamento
3.69271,3.72317,2004-02-11 09:34:00.0,Abertura
3.6977,3.71672,2004-02-11 10:00:00.0,Intermediário
3.69993,3.72151,2004-02-11 10:30:00.0,Intermediário
3.70342,3.72375,2004-02-11 11:00:00.0,Intermediário
3.70616,3.72649,2004-02-11 11:30:00.0,Intermediário
3.70655,3.72688,2004-02-11 12:00:00.0,Intermediário
3.70926,3.72962,2004-02-11 12:30:00.0,Intermediário
3.70595,3.72503,2004-02-11 13:00:00.0,Intermediário
3.70275,3.7218,2004-02-11 13:30:00.0,Intermediário
3.70624,3.72532,2004-02-11 14:00:00.0,Intermediário
3.74133,3.76054,2004-02-11 14:43:00.0,Intermediário
3.73038,3.7508,2004-02-11 15:00:00.0,Intermediário
3.71961,3.74,2004-02-11 15:30:00.0,Intermediário
3.7134,3.73376,2004-02-11 16:00:00.0,Intermediário
3.71137,3.73044,2004-02-11 16:30:00.0,Fechamento Interbancário
3.74675,3.75445,2004-02-11 17:45:00.0,Fechamento
3.70968,3.7403,2004-02-12 09:39:00.0,Abertura
3.72003,3.74043,2004-02-12 10:00:00.0,Intermediário
3.72183,3.74221,2004-02-12 10:30:00.0,Intermediário
3.71131,3.73165,2004-02-12 11:00:00.0,Intermediário
3.71317,3.7348,2004-02-12 11:30:00.0,Intermediário
3.70661,3.72692,2004-02-12 12:11:00.0,Intermediário
3.70603,3.72763,2004-02-12 12:30:00.0,Intermediário
3.70376,3.72406,2004-02-12 13:00:00.0,Intermediário
3.70347,3.72377,2004-02-12 13:30:00.0,Intermediário
3.70869,3.72902,2004-02-12 14:00:00.0,Intermediário
3.7055,3.7258,2004-02-12 14:30:00.0,Intermediário
3.70504,3.72535,2004-02-12 15:00:00.0,Intermediário
3.70318,3.72477,2004-02-12 15:30:00.0,Intermediário
3.70485,3.72388,2004-02-12 16:00:00.0,Intermediário
3.69923,3.71951,2004-02-12 16:30:00.0,Fechamento Interbancário
3.71536,3.72301,2004-02-12 17:41:00.0,Fechamento
3.71916,3.74983,2004-02-13 09:44:00.0,Abertura
3.72044,3.74084,2004-02-13 10:00:00.0,Intermediário
3.71916,3.73955,2004-02-13 10:30:00.0,Intermediário
3.71747,3.73786,2004-02-13 11:00:00.0,Intermediário
3.72679,3.74849,2004-02-13 11:30:00.0,Intermediário
3.72037,3.74075,2004-02-13 12:00:00.0,Intermediário
3.72282,3.74449,2004-02-13 12:30:00.0,Intermediário
3.73086,3.7513,2004-02-13 13:00:00.0,Intermediário
3.71114,3.73148,2004-02-13 13:35:00.0,Intermediário
3.70533,3.72567,2004-02-13 14:00:00.0,Intermediário
3.68852,3.70878,2004-02-13 14:30:00.0,Intermediário
3.7085,3.73011,2004-02-13 15:00:00.0,Intermediário
3.70508,3.72412,2004-02-13 15:30:00.0,Intermediário
3.69131,3.71157,2004-02-13 16:00:00.0,Intermediário
3.69461,3.71489,2004-02-13 16:30:00.0,Fechamento Interbancário
3.70139,3.70904,2004-02-13 17:51:00.0,Fechamento
3.69374,3.72424,2004-02-16 09:45:00.0,Abertura
3.69316,3.71471,2004-02-16 10:00:00.0,Intermediário
3.70948,3.72982,2004-02-16 10:30:00.0,Intermediário
3.70672,3.72704,2004-02-16 11:00:00.0,Intermediário
3.70174,3.72204,2004-02-16 11:30:00.0,Intermediário
3.705,3.72532,2004-02-16 12:00:00.0,Intermediário
3.70162,3.72194,2004-02-16 12:30:00.0,Intermediário
3.70318,3.72351,2004-02-16 13:00:00.0,Intermediário
3.70202,3.72107,2004-02-16 13:30:00.0,Intermediário
3.70002,3.71904,2004-02-16 14:00:00.0,Intermediário
3.69973,3.71875,2004-02-16 14:30:00.0,Intermediário
3.7006,3.72218,2004-02-16 15:00:00.0,Intermediário
3.70268,3.723,2004-02-16 15:30:00.0,Intermediário
3.70297,3.72329,2004-02-16 16:00:00.0,Intermediário
3.70181,3.72209,2004-02-16 16:30:00.0,Fechamento Interbancário
3.70827,3.71591,2004-02-16 17:41:00.0,Fechamento
3.72335,3.75406,2004-02-17 09:48:00.0,Abertura
3.72965,3.75007,2004-02-17 10:00:00.0,Intermediário
3.71859,3.73898,2004-02-17 10:30:00.0,Intermediário
3.71509,3.73545,2004-02-17 11:00:00.0,Intermediário
3.72802,3.74716,2004-02-17 11:30:00.0,Intermediário
3.72954,3.75127,2004-02-17 12:00:00.0,Intermediário
3.72448,3.74491,2004-02-17 12:30:00.0,Intermediário
3.72317,3.74358,2004-02-17 13:00:00.0,Intermediário
3.72404,3.74445,2004-02-17 13:30:00.0,Intermediário
3.731,3.75144,2004-02-17 14:00:00.0,Intermediário
3.73274,3.75319,2004-02-17 14:30:00.0,Intermediário
3.73986,3.76034,2004-02-17 15:00:00.0,Intermediário
3.74213,3.76262,2004-02-17 15:30:00.0,Intermediário
3.73595,3.75643,2004-02-17 16:00:00.0,Intermediário
3.73519,3.75567,2004-02-17 16:30:00.0,Fechamento Interbancário
3.7353,3.74297,2004-02-17 17:44:00.0,Fechamento
3.73595,3.76673,2004-02-18 09:49:00.0,Abertura
3.73409,3.75455,2004-02-18 10:00:00.0,Intermediário
3.73222,3.75268,2004-02-18 10:30:00.0,Intermediário
3.74557,3.76608,2004-02-18 11:00:00.0,Intermediário
3.74557,3.76737,2004-02-18 11:30:00.0,Intermediário
3.75169,3.77223,2004-02-18 12:00:00.0,Intermediário
3.75678,3.77737,2004-02-18 12:30:00.0,Intermediário
3.75889,3.77947,2004-02-18 13:00:00.0,Intermediário
3.75419,3.77473,2004-02-18 13:30:00.0,Intermediário
3.75478,3.77532,2004-02-18 14:00:00.0,Intermediário
3.75331,3.77385,2004-02-18 14:30:00.0,Intermediário
3.74459,3.7664,2004-02-18 15:00:00.0,Intermediário
3.74352,3.76661,2004-02-18 15:30:00.0,Intermediário
3.73241,3.75286,2004-02-18 16:00:00.0,Intermediário
3.73074,3.7512,2004-02-18 16:30:00.0,Fechamento Interbancário
3.71012,3.71775,2004-02-18 17:41:00.0,Fechamento
3.74538,3.77608,2004-02-19 09:51:00.0,Abertura
3.74334,3.76385,2004-02-19 10:00:00.0,Intermediário
3.7434,3.7639,2004-02-19 10:30:00.0,Intermediário
3.72433,3.74473,2004-02-19 11:00:00.0,Intermediário
3.73909,3.75958,2004-02-19 11:30:00.0,Intermediário
3.72951,3.74995,2004-02-19 12:00:00.0,Intermediário
3.73243,3.75418,2004-02-19 12:30:00.0,Intermediário
3.72687,3.74732,2004-02-19 13:00:00.0,Intermediário
3.73335,3.75381,2004-02-19 13:30:00.0,Intermediário
3.72952,3.74997,2004-02-19 14:00:00.0,Intermediário
3.73541,3.75587,2004-02-19 14:30:00.0,Intermediário
3.74196,3.76372,2004-02-19 15:00:00.0,Intermediário
3.74594,3.76645,2004-02-19 15:30:00.0,Intermediário
3.7475,3.76802,2004-02-19 16:00:00.0,Intermediário
3.74619,3.76672,2004-02-19 16:30:00.0,Fechamento Interbancário
3.743,3.75071,2004-02-19 17:42:00.0,Fechamento
3.76446,3.79521,2004-02-20 09:47:00.0,Abertura
3.79637,3.81711,2004-02-20 10:00:00.0,Intermediário
3.78099,3.80803,2004-02-20 10:30:00.0,Intermediário
3.78585,3.80783,2004-02-20 11:00:00.0,Intermediário
3.78369,3.80439,2004-02-20 11:30:00.0,Intermediário
3.76592,3.78782,2004-02-20 12:00:00.0,Intermediário
3.74059,3.76109,2004-02-20 12:38:00.0,Intermediário
3.73814,3.75738,2004-02-20 13:00:00.0,Intermediário
3.73689,3.75738,2004-02-20 13:30:00.0,Intermediário
3.73629,3.75675,2004-02-20 14:00:00.0,Intermediário
3.72676,3.74721,2004-02-20 14:30:00.0,Intermediário
3.7223,3.74146,2004-02-20 15:03:00.0,Intermediário
3.70859,3.73021,2004-02-20 15:36:00.0,Intermediário
3.69477,3.71505,2004-02-20 16:00:00.0,Intermediário
3.69947,3.71979,2004-02-20 16:30:00.0,Fechamento Interbancário
3.73456,3.74231,2004-02-20 17:42:00.0,Fechamento
3.69845,3.72881,2004-02-25 12:58:00.0,Abertura
3.70125,3.72156,2004-02-25 13:00:00.0,Intermediário
3.67242,3.69384,2004-02-25 13:30:00.0,Intermediário
3.6667,3.68934,2004-02-25 14:00:00.0,Intermediário
3.66654,3.6867,2004-02-25 14:30:00.0,Intermediário
3.66677,3.68691,2004-02-25 15:00:00.0,Intermediário
3.65107,3.67116,2004-02-25 15:30:00.0,Intermediário
3.66853,3.68868,2004-02-25 16:00:00.0,Intermediário
3.66288,3.68427,2004-02-25 16:30:00.0,Fechamento Interbancário
3.66991,3.67752,2004-02-25 17:46:00.0,Fechamento
3.64331,3.67334,2004-02-26 09:55:00.0,Abertura
3.65255,3.67262,2004-02-26 10:00:00.0,Intermediário
3.64912,3.66918,2004-02-26 10:30:00.0,Intermediário
3.64171,3.66175,2004-02-26 11:00:00.0,Intermediário
3.63718,3.6572,2004-02-26 11:30:00.0,Intermediário
3.65,3.67005,2004-02-26 12:00:00.0,Intermediário
3.64769,3.66776,2004-02-26 12:30:00.0,Intermediário
3.6423,3.66233,2004-02-26 13:00:00.0,Intermediário
3.64903,3.66909,2004-02-26 13:30:00.0,Intermediário
3.64785,3.66791,2004-02-26 14:00:00.0,Intermediário
3.64756,3.66762,2004-02-26 14:30:00.0,Intermediário
3.65494,3.67379,2004-02-26 15:00:00.0,Intermediário
3.64697,3.66703,2004-02-26 15:30:00.0,Intermediário
3.63952,3.6583,2004-02-26 16:00:00.0,Intermediário
3.63799,3.65801,2004-02-26 16:30:00.0,Fechamento Interbancário
3.64687,3.65444,2004-02-26 17:44:00.0,Fechamento
3.59849,3.62826,2004-02-27 09:46:00.0,Abertura
3.61473,3.63462,2004-02-27 10:00:00.0,Intermediário
3.61108,3.62972,2004-02-27 10:30:00.0,Intermediário
3.61298,3.63288,2004-02-27 11:00:00.0,Intermediário
3.6139,3.63381,2004-02-27 11:30:00.0,Intermediário
3.6323,3.65229,2004-02-27 12:00:00.0,Intermediário
3.61543,3.63535,2004-02-27 12:30:00.0,Intermediário
3.60853,3.6284,2004-02-27 13:00:00.0,Intermediário
3.61586,3.63577,2004-02-27 13:30:00.0,Intermediário
3.61411,3.63402,2004-02-27 14:00:00.0,Intermediário
3.62573,3.64571,2004-02-27 14:30:00.0,Intermediário
3.62631,3.64629,2004-02-27 15:00:00.0,Intermediário
3.62067,3.64187,2004-02-27 15:30:00.0,Intermediário
3.61884,3.63878,2004-02-27 16:00:00.0,Intermediário
3.61606,3.63599,2004-02-27 16:30:00.0,Fechamento Interbancário
3.6374,3.64496,2004-02-27 18:07:00.0,Fechamento
3.60995,3.63985,2004-03-01 09:54:00.0,Abertura
3.6132,3.6331,2004-03-01 10:00:00.0,Intermediário
3.61137,3.63252,2004-03-01 10:30:00.0,Intermediário
3.61421,3.63535,2004-03-01 11:00:00.0,Intermediário
3.60728,3.62715,2004-03-01 11:30:00.0,Intermediário
3.6022,3.62204,2004-03-01 12:00:00.0,Intermediário
3.59247,3.61226,2004-03-01 12:38:00.0,Intermediário
3.59438,3.61293,2004-03-01 13:00:00.0,Intermediário
3.58958,3.60937,2004-03-01 13:30:00.0,Intermediário
3.58755,3.60734,2004-03-01 14:00:00.0,Intermediário
3.59045,3.61024,2004-03-01 14:30:00.0,Intermediário
3.59131,3.60986,2004-03-01 15:00:00.0,Intermediário
3.59074,3.60928,2004-03-01 15:30:00.0,Intermediário
3.59276,3.6138,2004-03-01 16:00:00.0,Intermediário
3.58937,3.60792,2004-03-01 16:30:00.0,Fechamento Interbancário
3.59855,3.60603,2004-03-01 17:46:00.0,Fechamento
3.59209,3.62183,2004-03-02 09:32:00.0,Abertura
3.61502,3.63615,2004-03-02 10:00:00.0,Intermediário
3.59696,3.6168,2004-03-02 10:30:00.0,Intermediário
3.60497,3.62482,2004-03-02 11:00:00.0,Intermediário
3.59711,3.61694,2004-03-02 11:30:00.0,Intermediário
3.59864,3.61847,2004-03-02 12:00:00.0,Intermediário
3.58679,3.60658,2004-03-02 12:30:00.0,Intermediário
3.56077,3.58044,2004-03-02 13:03:00.0,Intermediário
3.55528,3.57488,2004-03-02 13:30:00.0,Intermediário
3.54079,3.56032,2004-03-02 14:04:00.0,Intermediário
3.54108,3.56061,2004-03-02 14:30:00.0,Intermediário
3.5275,3.54698,2004-03-02 15:00:00.0,Intermediário
3.52703,3.54774,2004-03-02 15:30:00.0,Intermediário
3.52065,3.54011,2004-03-02 16:00:00.0,Intermediário
3.52186,3.54133,2004-03-02 16:30:00.0,Fechamento Interbancário
3.55127,3.5587,2004-03-02 17:44:00.0,Fechamento
3.48684,3.51588,2004-03-03 09:57:00.0,Abertura
3.49578,3.51511,2004-03-03 10:00:00.0,Intermediário
3.4799,3.49916,2004-03-03 10:30:00.0,Intermediário
3.48608,3.50536,2004-03-03 11:00:00.0,Intermediário
3.49029,3.51081,2004-03-03 11:30:00.0,Intermediário
3.4907,3.51123,2004-03-03 12:00:00.0,Intermediário
3.49134,3.51187,2004-03-03 12:30:00.0,Intermediário
3.49123,3.50934,2004-03-03 13:00:00.0,Intermediário
3.47915,3.49841,2004-03-03 13:54:00.0,Intermediário
3.47742,3.49668,2004-03-03 14:00:00.0,Intermediário
3.48549,3.50476,2004-03-03 14:30:00.0,Intermediário
3.49791,3.51849,2004-03-03 15:00:00.0,Intermediário
3.49855,3.5179,2004-03-03 15:30:00.0,Intermediário
3.49977,3.51911,2004-03-03 16:00:00.0,Intermediário
3.50438,3.52254,2004-03-03 16:30:00.0,Fechamento Interbancário
3.50887,3.51625,2004-03-03 17:39:00.0,Fechamento
3.50987,3.53906,2004-03-04 09:46:00.0,Abertura
3.49588,3.51644,2004-03-04 10:00:00.0,Intermediário
3.50294,3.52353,2004-03-04 10:30:00.0,Intermediário
3.50635,3.52572,2004-03-04 11:00:00.0,Intermediário
3.49878,3.51812,2004-03-04 11:30:00.0,Intermediário
3.49595,3.51648,2004-03-04 12:00:00.0,Intermediário
3.50475,3.52414,2004-03-04 12:30:00.0,Intermediário
3.51048,3.5299,2004-03-04 13:00:00.0,Intermediário
3.51763,3.53705,2004-03-04 13:30:00.0,Intermediário
3.52366,3.54314,2004-03-04 14:00:00.0,Intermediário
3.51446,3.53387,2004-03-04 14:30:00.0,Intermediário
3.49966,3.51782,2004-03-04 15:00:00.0,Intermediário
3.5064,3.52579,2004-03-04 15:30:00.0,Intermediário
3.51233,3.53054,2004-03-04 16:00:00.0,Intermediário
3.51198,3.53018,2004-03-04 16:30:00.0,Fechamento Interbancário
3.51634,3.52372,2004-03-04 17:41:00.0,Fechamento
3.51192,3.54112,2004-03-05 09:57:00.0,Abertura
3.51794,3.53739,2004-03-05 10:00:00.0,Intermediário
3.53239,3.55188,2004-03-05 10:33:00.0,Intermediário
3.54319,3.56276,2004-03-05 11:02:00.0,Intermediário
3.55727,3.5769,2004-03-05 11:42:00.0,Intermediário
3.56653,3.5862,2004-03-05 12:00:00.0,Intermediário
3.56619,3.58586,2004-03-05 12:30:00.0,Intermediário
3.56076,3.5804,2004-03-05 13:00:00.0,Intermediário
3.54985,3.56945,2004-03-05 13:32:00.0,Intermediário
3.55416,3.57376,2004-03-05 14:00:00.0,Intermediário
3.55473,3.57434,2004-03-05 14:30:00.0,Intermediário
3.5491,3.56869,2004-03-05 15:00:00.0,Intermediário
3.54252,3.56209,2004-03-05 15:30:00.0,Intermediário
3.54138,3.5597,2004-03-05 16:00:00.0,Intermediário
3.54413,3.56496,2004-03-05 16:30:00.0,Fechamento Interbancário
3.55826,3.5657,2004-03-05 17:43:00.0,Fechamento
3.52107,3.55041,2004-03-08 09:59:00.0,Abertura
3.52239,3.54183,2004-03-08 10:00:00.0,Intermediário
3.52939,3.55012,2004-03-08 10:30:00.0,Intermediário
3.52893,3.54841,2004-03-08 11:00:00.0,Intermediário
3.53776,3.55728,2004-03-08 11:30:00.0,Intermediário
3.54356,3.56438,2004-03-08 12:00:00.0,Intermediário
3.55652,3.57615,2004-03-08 12:30:00.0,Intermediário
3.55302,3.57137,2004-03-08 13:00:00.0,Intermediário
3.55503,3.57463,2004-03-08 13:30:00.0,Intermediário
3.55763,3.57726,2004-03-08 14:00:00.0,Intermediário
3.55763,3.57726,2004-03-08 14:30:00.0,Intermediário
3.5441,3.56489,2004-03-08 15:00:00.0,Intermediário
3.5443,3.56509,2004-03-08 15:30:00.0,Intermediário
3.55444,3.57405,2004-03-08 16:02:00.0,Intermediário
3.55654,3.57616,2004-03-08 16:30:00.0,Fechamento Interbancário
3.56247,3.56991,2004-03-08 17:42:00.0,Fechamento
3.54508,3.57455,2004-03-09 09:51:00.0,Abertura
3.55059,3.57019,2004-03-09 10:00:00.0,Intermediário
3.53653,3.55604,2004-03-09 10:30:00.0,Intermediário
3.54454,3.56409,2004-03-09 11:00:00.0,Intermediário
3.55183,3.57021,2004-03-09 11:30:00.0,Intermediário
3.55568,3.57529,2004-03-09 12:00:00.0,Intermediário
3.55347,3.57308,2004-03-09 12:30:00.0,Intermediário
3.5534,3.573,2004-03-09 13:00:00.0,Intermediário
3.55254,3.57214,2004-03-09 13:30:00.0,Intermediário
3.5617,3.58136,2004-03-09 14:00:00.0,Intermediário
3.56112,3.58078,2004-03-09 14:30:00.0,Intermediário
3.5638,3.58346,2004-03-09 15:02:00.0,Intermediário
3.55082,3.57166,2004-03-09 15:33:00.0,Intermediário
3.55689,3.5765,2004-03-09 16:00:00.0,Intermediário
3.55801,3.57766,2004-03-09 16:30:00.0,Fechamento Interbancário
3.53363,3.54103,2004-03-09 17:42:00.0,Fechamento
3.54376,3.57318,2004-03-10 09:54:00.0,Abertura
3.54875,3.56832,2004-03-10 10:00:00.0,Intermediário
3.54602,3.56561,2004-03-10 10:30:00.0,Intermediário
3.52922,3.54995,2004-03-10 11:02:00.0,Intermediário
3.52627,3.54573,2004-03-10 11:30:00.0,Intermediário
3.52634,3.54581,2004-03-10 12:00:00.0,Intermediário
3.5157,3.53513,2004-03-10 12:30:00.0,Intermediário
3.51757,3.53701,2004-03-10 13:00:00.0,Intermediário
3.51641,3.53582,2004-03-10 13:30:00.0,Intermediário
3.51987,3.53932,2004-03-10 14:00:00.0,Intermediário
3.521,3.54047,2004-03-10 14:30:00.0,Intermediário
3.53841,3.55795,2004-03-10 15:00:00.0,Intermediário
3.53169,3.54999,2004-03-10 15:30:00.0,Intermediário
3.53492,3.55445,2004-03-10 16:00:00.0,Intermediário
3.54018,3.55974,2004-03-10 16:30:00.0,Fechamento Interbancário
3.53236,3.53975,2004-03-10 17:53:00.0,Fechamento
3.55145,3.58088,2004-03-11 09:41:00.0,Abertura
3.56595,3.58562,2004-03-11 10:01:00.0,Intermediário
3.57143,3.59113,2004-03-11 10:35:00.0,Intermediário
3.56251,3.58216,2004-03-11 11:00:00.0,Intermediário
3.55506,3.57466,2004-03-11 11:30:00.0,Intermediário
3.55867,3.57828,2004-03-11 12:00:00.0,Intermediário
3.55867,3.57828,2004-03-11 12:30:00.0,Intermediário
3.55459,3.57421,2004-03-11 13:00:00.0,Intermediário
3.56012,3.57977,2004-03-11 13:30:00.0,Intermediário
3.55954,3.57918,2004-03-11 14:00:00.0,Intermediário
3.56271,3.58238,2004-03-11 14:30:00.0,Intermediário
3.56735,3.58702,2004-03-11 15:00:00.0,Intermediário
3.56946,3.59038,2004-03-11 15:30:00.0,Intermediário
3.56591,3.58559,2004-03-11 16:00:00.0,Intermediário
3.56991,3.58959,2004-03-11 16:30:00.0,Fechamento Interbancário
3.59064,3.59815,2004-03-11 17:41:00.0,Fechamento
3.5513,3.58071,2004-03-12 09:42:00.0,Abertura
3.5557,3.57533,2004-03-12 10:00:00.0,Intermediário
3.55389,3.57475,2004-03-12 10:30:00.0,Intermediário
3.55419,3.57381,2004-03-12 11:00:00.0,Intermediário
3.55011,3.57094,2004-03-12 11:30:00.0,Intermediário
3.53226,3.55175,2004-03-12 12:00:00.0,Intermediário
3.53388,3.55339,2004-03-12 12:30:00.0,Intermediário
3.53324,3.55276,2004-03-12 13:00:00.0,Intermediário
3.53294,3.55247,2004-03-12 13:30:00.0,Intermediário
3.53324,3.55276,2004-03-12 14:00:00.0,Intermediário
3.53527,3.5548,2004-03-12 14:30:00.0,Intermediário
3.54177,3.56254,2004-03-12 15:00:00.0,Intermediário
3.52681,3.54752,2004-03-12 15:30:00.0,Intermediário
3.52773,3.54601,2004-03-12 16:00:00.0,Intermediário
3.52797,3.54746,2004-03-12 16:30:00.0,Fechamento Interbancário
3.54904,3.55647,2004-03-12 17:53:00.0,Fechamento
3.55616,3.58565,2004-03-15 09:49:00.0,Abertura
3.561,3.58066,2004-03-15 10:00:00.0,Intermediário
3.55625,3.57587,2004-03-15 10:30:00.0,Intermediário
3.54411,3.56367,2004-03-15 11:02:00.0,Intermediário
3.54598,3.56431,2004-03-15 11:30:00.0,Intermediário
3.54098,3.55932,2004-03-15 12:00:00.0,Intermediário
3.54088,3.56045,2004-03-15 12:30:00.0,Intermediário
3.54125,3.5608,2004-03-15 13:00:00.0,Intermediário
3.54587,3.56545,2004-03-15 13:30:00.0,Intermediário
3.54674,3.56632,2004-03-15 14:00:00.0,Intermediário
3.54297,3.56255,2004-03-15 14:30:00.0,Intermediário
3.54946,3.57025,2004-03-15 15:04:00.0,Intermediário
3.54964,3.56923,2004-03-15 15:32:00.0,Intermediário
3.5479,3.56749,2004-03-15 16:00:00.0,Intermediário
3.54906,3.56865,2004-03-15 16:30:00.0,Fechamento Interbancário
3.55801,3.56544,2004-03-15 17:38:00.0,Fechamento
3.56311,3.59267,2004-03-16 09:48:00.0,Abertura
3.57274,3.59243,2004-03-16 10:00:00.0,Intermediário
3.56752,3.58721,2004-03-16 10:30:00.0,Intermediário
3.57347,3.59193,2004-03-16 11:00:00.0,Intermediário
3.56992,3.58837,2004-03-16 11:30:00.0,Intermediário
3.57281,3.59127,2004-03-16 12:00:00.0,Intermediário
3.57173,3.59019,2004-03-16 12:30:00.0,Intermediário
3.5689,3.58859,2004-03-16 13:00:00.0,Intermediário
3.55358,3.57319,2004-03-16 13:30:00.0,Intermediário
3.54549,3.56505,2004-03-16 14:00:00.0,Intermediário
3.53999,3.55954,2004-03-16 14:30:00.0,Intermediário
3.55055,3.57014,2004-03-16 15:00:00.0,Intermediário
3.54456,3.56534,2004-03-16 15:30:00.0,Intermediário
3.54839,3.56674,2004-03-16 16:00:00.0,Intermediário
3.55039,3.57,2004-03-16 16:30:00.0,Fechamento Interbancário
3.55364,3.56106,2004-03-16 17:39:00.0,Fechamento
3.54405,3.57343,2004-03-17 09:44:00.0,Abertura
3.54411,3.56367,2004-03-17 10:00:00.0,Intermediário
3.54185,3.56141,2004-03-17 10:30:00.0,Intermediário
3.54038,3.55993,2004-03-17 11:00:00.0,Intermediário
3.54549,3.56506,2004-03-17 11:30:00.0,Intermediário
3.54448,3.56406,2004-03-17 12:00:00.0,Intermediário
3.5362,3.55451,2004-03-17 12:30:00.0,Intermediário
3.54048,3.56004,2004-03-17 13:00:00.0,Intermediário
3.54048,3.56004,2004-03-17 13:30:00.0,Intermediário
3.54223,3.56178,2004-03-17 14:00:00.0,Intermediário
3.55008,3.56968,2004-03-17 14:30:00.0,Intermediário
3.54642,3.56722,2004-03-17 15:00:00.0,Intermediário
3.55459,3.57423,2004-03-17 15:30:00.0,Intermediário
3.55739,3.57702,2004-03-17 16:00:00.0,Intermediário
3.55762,3.57725,2004-03-17 16:30:00.0,Fechamento Interbancário
3.5528,3.56023,2004-03-17 17:41:00.0,Fechamento
3.54946,3.57886,2004-03-18 09:35:00.0,Abertura
3.5596,3.57799,2004-03-18 10:00:00.0,Intermediário
3.55256,3.57217,2004-03-18 10:30:00.0,Intermediário
3.55849,3.57812,2004-03-18 11:00:00.0,Intermediário
3.57682,3.59654,2004-03-18 11:32:00.0,Intermediário
3.58735,3.60591,2004-03-18 12:00:00.0,Intermediário
3.59711,3.61692,2004-03-18 12:30:00.0,Intermediário
3.60437,3.62425,2004-03-18 13:00:00.0,Intermediário
3.61079,3.63067,2004-03-18 13:30:00.0,Intermediário
3.60817,3.62804,2004-03-18 14:00:00.0,Intermediário
3.61371,3.63359,2004-03-18 14:30:00.0,Intermediário
3.6014,3.62249,2004-03-18 15:00:00.0,Intermediário
3.58638,3.60615,2004-03-18 15:30:00.0,Intermediário
3.59398,3.61255,2004-03-18 16:00:00.0,Intermediário
3.59042,3.61022,2004-03-18 16:30:00.0,Fechamento Interbancário
3.60528,3.6128,2004-03-18 17:45:00.0,Fechamento
3.56333,3.59289,2004-03-19 09:35:00.0,Abertura
3.57035,3.59005,2004-03-19 10:10:00.0,Intermediário
3.56593,3.58561,2004-03-19 10:30:00.0,Intermediário
3.56709,3.58801,2004-03-19 11:00:00.0,Intermediário
3.56825,3.58916,2004-03-19 11:30:00.0,Intermediário
3.57441,3.59288,2004-03-19 12:00:00.0,Intermediário
3.57347,3.59441,2004-03-19 12:30:00.0,Intermediário
3.56781,3.5875,2004-03-19 13:00:00.0,Intermediário
3.54556,3.56512,2004-03-19 13:35:00.0,Intermediário
3.54759,3.56717,2004-03-19 14:00:00.0,Intermediário
3.55133,3.57094,2004-03-19 14:30:00.0,Intermediário
3.5571,3.57551,2004-03-19 15:00:00.0,Intermediário
3.55458,3.57421,2004-03-19 15:30:00.0,Intermediário
3.55113,3.57196,2004-03-19 16:00:00.0,Intermediário
3.55178,3.57138,2004-03-19 16:30:00.0,Fechamento Interbancário
3.55787,3.56529,2004-03-19 17:37:00.0,Fechamento
3.5826,3.61225,2004-03-22 09:50:00.0,Abertura
3.5876,3.60737,2004-03-22 10:00:00.0,Intermediário
3.58449,3.60424,2004-03-22 10:30:00.0,Intermediário
3.57992,3.59965,2004-03-22 11:00:00.0,Intermediário
3.58652,3.60628,2004-03-22 11:30:00.0,Intermediário
3.5911,3.61087,2004-03-22 12:00:00.0,Intermediário
3.59675,3.61657,2004-03-22 12:30:00.0,Intermediário
3.59478,3.61461,2004-03-22 13:00:00.0,Intermediário
3.5887,3.60846,2004-03-22 13:30:00.0,Intermediário
3.59394,3.61373,2004-03-22 14:00:00.0,Intermediário
3.59248,3.61228,2004-03-22 14:30:00.0,Intermediário
3.59394,3.61373,2004-03-22 15:00:00.0,Intermediário
3.59677,3.61658,2004-03-22 15:30:00.0,Intermediário
3.59058,3.60912,2004-03-22 16:00:00.0,Intermediário
3.58796,3.60774,2004-03-22 16:30:00.0,Fechamento Interbancário
3.58552,3.59303,2004-03-22 17:41:00.0,Fechamento
3.56013,3.58964,2004-03-23 09:54:00.0,Abertura
3.55883,3.57847,2004-03-23 10:00:00.0,Intermediário
3.56661,3.5863,2004-03-23 10:30:00.0,Intermediário
3.56742,3.58711,2004-03-23 11:00:00.0,Intermediário
3.57046,3.59016,2004-03-23 11:30:00.0,Intermediário
3.57023,3.58993,2004-03-23 12:00:00.0,Intermediário
3.57624,3.59596,2004-03-23 12:30:00.0,Intermediário
3.57951,3.598,2004-03-23 13:00:00.0,Intermediário
3.58388,3.60241,2004-03-23 13:30:00.0,Intermediário
3.58359,3.60209,2004-03-23 14:00:00.0,Intermediário
3.59318,3.61174,2004-03-23 14:30:00.0,Intermediário
3.59289,3.61393,2004-03-23 15:00:00.0,Intermediário
3.59078,3.61058,2004-03-23 15:30:00.0,Intermediário
3.58359,3.60337,2004-03-23 16:00:00.0,Intermediário
3.58395,3.60249,2004-03-23 16:30:00.0,Fechamento Interbancário
3.5895,3.59701,2004-03-23 18:13:00.0,Fechamento
3.55435,3.58375,2004-03-24 09:53:00.0,Abertura
3.55528,3.57489,2004-03-24 10:00:00.0,Intermediário
3.55475,3.57316,2004-03-24 10:30:00.0,Intermediário
3.55819,3.57662,2004-03-24 11:00:00.0,Intermediário
3.5617,3.58135,2004-03-24 11:30:00.0,Intermediário
3.55542,3.57505,2004-03-24 12:00:00.0,Intermediário
3.56404,3.5837,2004-03-24 12:30:00.0,Intermediário
3.56794,3.58638,2004-03-24 13:00:00.0,Intermediário
3.56999,3.59091,2004-03-24 13:30:00.0,Intermediário
3.56824,3.58913,2004-03-24 14:00:00.0,Intermediário
3.56882,3.58971,2004-03-24 14:30:00.0,Intermediário
3.55819,3.57784,2004-03-24 15:00:00.0,Intermediário
3.5561,3.57574,2004-03-24 15:30:00.0,Intermediário
3.55216,3.57176,2004-03-24 16:00:00.0,Intermediário
3.55041,3.56878,2004-03-24 16:30:00.0,Fechamento Interbancário
3.54434,3.5518,2004-03-24 17:44:00.0,Fechamento
3.53971,3.56901,2004-03-25 10:01:00.0,Abertura
3.54517,3.56599,2004-03-25 10:06:00.0,Intermediário
3.54832,3.56792,2004-03-25 10:30:00.0,Intermediário
3.54891,3.5685,2004-03-25 11:00:00.0,Intermediário
3.54789,3.56871,2004-03-25 11:30:00.0,Intermediário
3.54957,3.57038,2004-03-25 12:00:00.0,Intermediário
3.55701,3.57663,2004-03-25 12:30:00.0,Intermediário
3.562,3.58165,2004-03-25 13:00:00.0,Intermediário
3.55995,3.5796,2004-03-25 13:30:00.0,Intermediário
3.562,3.58165,2004-03-25 14:00:00.0,Intermediário
3.56053,3.58018,2004-03-25 14:30:00.0,Intermediário
3.55916,3.57882,2004-03-25 15:00:00.0,Intermediário
3.55099,3.57059,2004-03-25 15:30:00.0,Intermediário
3.55881,3.57722,2004-03-25 16:00:00.0,Intermediário
3.55655,3.57496,2004-03-25 16:30:00.0,Fechamento Interbancário
3.55992,3.56741,2004-03-25 17:44:00.0,Fechamento
3.56753,3.59697,2004-03-26 09:47:00.0,Abertura
3.57529,3.59504,2004-03-26 10:00:00.0,Intermediário
3.57172,3.5902,2004-03-26 10:30:00.0,Intermediário
3.58159,3.60135,2004-03-26 11:03:00.0,Intermediário
3.57091,3.58937,2004-03-26 11:30:00.0,Intermediário
3.56572,3.5854,2004-03-26 12:00:00.0,Intermediário
3.55574,3.57538,2004-03-26 12:30:00.0,Intermediário
3.54457,3.56415,2004-03-26 13:00:00.0,Intermediário
3.5481,3.56767,2004-03-26 13:30:00.0,Intermediário
3.54223,3.5618,2004-03-26 14:00:00.0,Intermediário
3.55423,3.57387,2004-03-26 14:30:00.0,Intermediário
3.55996,3.57962,2004-03-26 15:00:00.0,Intermediário
3.55492,3.57454,2004-03-26 15:30:00.0,Intermediário
3.55051,3.5701,2004-03-26 16:00:00.0,Intermediário
3.54905,3.56742,2004-03-26 16:30:00.0,Fechamento Interbancário
3.56467,3.57217,2004-03-26 17:43:00.0,Fechamento
3.54949,3.57881,2004-03-29 09:58:00.0,Abertura
3.55404,3.57366,2004-03-29 10:00:00.0,Intermediário
3.55185,3.57148,2004-03-29 10:30:00.0,Intermediário
3.56091,3.58054,2004-03-29 11:00:00.0,Intermediário
3.56153,3.57995,2004-03-29 11:30:00.0,Intermediário
3.55559,3.57521,2004-03-29 12:00:00.0,Intermediário
3.55919,3.5776,2004-03-29 12:30:00.0,Intermediário
3.56069,3.58033,2004-03-29 13:00:00.0,Intermediário
3.55776,3.5774,2004-03-29 13:30:00.0,Intermediário
3.55746,3.5771,2004-03-29 14:00:00.0,Intermediário
3.55922,3.57887,2004-03-29 14:30:00.0,Intermediário
3.564,3.58365,2004-03-29 15:00:00.0,Intermediário
3.55989,3.57954,2004-03-29 15:30:00.0,Intermediário
3.55956,3.5792,2004-03-29 16:00:00.0,Intermediário
3.55721,3.57685,2004-03-29 16:30:00.0,Fechamento Interbancário
3.56626,3.57375,2004-03-29 17:54:00.0,Fechamento
3.56486,3.59431,2004-03-30 09:54:00.0,Abertura
3.56997,3.58967,2004-03-30 10:00:00.0,Intermediário
3.56745,3.5859,2004-03-30 10:30:00.0,Intermediário
3.55999,3.57965,2004-03-30 11:00:00.0,Intermediário
3.55333,3.57295,2004-03-30 11:30:00.0,Intermediário
3.54637,3.56719,2004-03-30 12:00:00.0,Intermediário
3.54939,3.56899,2004-03-30 12:30:00.0,Intermediário
3.54272,3.5623,2004-03-30 13:00:00.0,Intermediário
3.54943,3.56901,2004-03-30 13:30:00.0,Intermediário
3.54797,3.56755,2004-03-30 14:00:00.0,Intermediário
3.54331,3.56289,2004-03-30 14:30:00.0,Intermediário
3.54326,3.56283,2004-03-30 15:00:00.0,Intermediário
3.54302,3.56259,2004-03-30 15:30:00.0,Intermediário
3.53659,3.55491,2004-03-30 16:00:00.0,Intermediário
3.53451,3.55404,2004-03-30 16:30:00.0,Fechamento Interbancário
3.55254,3.56,2004-03-30 17:45:00.0,Fechamento
3.53902,3.56839,2004-03-31 09:37:00.0,Abertura
3.54683,3.56519,2004-03-31 10:00:00.0,Intermediário
3.54239,3.56319,2004-03-31 10:30:00.0,Intermediário
3.54924,3.56884,2004-03-31 11:00:00.0,Intermediário
3.5543,3.57269,2004-03-31 11:30:00.0,Intermediário
3.5746,3.5943,2004-03-31 12:00:00.0,Intermediário
3.56981,3.58951,2004-03-31 12:30:00.0,Intermediário
3.56374,3.58464,2004-03-31 13:00:00.0,Intermediário
3.56433,3.58523,2004-03-31 13:30:00.0,Intermediário
3.56433,3.58523,2004-03-31 14:00:00.0,Intermediário
3.56694,3.58784,2004-03-31 14:30:00.0,Intermediário
3.56781,3.58625,2004-03-31 15:00:00.0,Intermediário
3.56578,3.58545,2004-03-31 15:30:00.0,Intermediário
3.55582,3.5742,2004-03-31 16:00:00.0,Intermediário
3.5546,3.5742,2004-03-31 16:30:00.0,Fechamento Interbancário
3.57537,3.58287,2004-03-31 17:47:00.0,Fechamento
3.55548,3.585,2004-04-01 09:54:00.0,Abertura
3.55658,3.57621,2004-04-01 10:00:00.0,Intermediário
3.57181,3.59276,2004-04-01 10:32:00.0,Intermediário
3.56742,3.58585,2004-04-01 11:00:00.0,Intermediário
3.5639,3.58355,2004-04-01 11:30:00.0,Intermediário
3.56592,3.58558,2004-04-01 12:00:00.0,Intermediário
3.55359,3.57195,2004-04-01 12:30:00.0,Intermediário
3.55149,3.57109,2004-04-01 13:00:00.0,Intermediário
3.55493,3.57455,2004-04-01 13:30:00.0,Intermediário
3.56157,3.5812,2004-04-01 14:00:00.0,Intermediário
3.55984,3.57947,2004-04-01 14:30:00.0,Intermediário
3.56054,3.58017,2004-04-01 15:00:00.0,Intermediário
3.55926,3.57889,2004-04-01 15:30:00.0,Intermediário
3.55962,3.57802,2004-04-01 16:00:00.0,Intermediário
3.56165,3.58005,2004-04-01 16:30:00.0,Fechamento Interbancário
3.57062,3.57808,2004-04-01 17:39:00.0,Fechamento
3.54599,3.57545,2004-04-02 10:02:00.0,Abertura
3.55091,3.57051,2004-04-02 10:04:00.0,Intermediário
3.52446,3.54271,2004-04-02 10:36:00.0,Intermediário
3.51612,3.53555,2004-04-02 11:02:00.0,Intermediário
3.49834,3.51769,2004-04-02 11:30:00.0,Intermediário
3.5034,3.52155,2004-04-02 12:00:00.0,Intermediário
3.50797,3.52857,2004-04-02 12:30:00.0,Intermediário
3.50189,3.52128,2004-04-02 13:00:00.0,Intermediário
3.50305,3.52122,2004-04-02 13:30:00.0,Intermediário
3.49555,3.51366,2004-04-02 14:00:00.0,Intermediário
3.49613,3.51424,2004-04-02 14:30:00.0,Intermediário
3.49976,3.5191,2004-04-02 15:00:00.0,Intermediário
3.50357,3.52295,2004-04-02 15:30:00.0,Intermediário
3.50139,3.52075,2004-04-02 16:00:00.0,Intermediário
3.50449,3.52266,2004-04-02 16:30:00.0,Fechamento Interbancário
3.50532,3.51271,2004-04-02 17:40:00.0,Fechamento
3.46913,3.49801,2004-04-05 09:43:00.0,Abertura
3.46796,3.48716,2004-04-05 10:00:00.0,Intermediário
3.47115,3.49035,2004-04-05 10:30:00.0,Intermediário
3.46689,3.48609,2004-04-05 11:00:00.0,Intermediário
3.46382,3.4818,2004-04-05 11:30:00.0,Intermediário
3.45585,3.47498,2004-04-05 12:00:00.0,Intermediário
3.44266,3.46176,2004-04-05 12:30:00.0,Intermediário
3.4511,3.47022,2004-04-05 13:00:00.0,Intermediário
3.44909,3.4682,2004-04-05 13:30:00.0,Intermediário
3.45168,3.47079,2004-04-05 14:00:00.0,Intermediário
3.45024,3.46935,2004-04-05 14:30:00.0,Intermediário
3.44602,3.46391,2004-04-05 15:00:00.0,Intermediário
3.44871,3.46781,2004-04-05 15:30:00.0,Intermediário
3.44478,3.46385,2004-04-05 16:00:00.0,Intermediário
3.44684,3.46472,2004-04-05 16:30:00.0,Fechamento Interbancário
3.46289,3.4702,2004-04-05 17:45:00.0,Fechamento
3.46649,3.49539,2004-04-06 09:47:00.0,Abertura
3.46868,3.48788,2004-04-06 10:00:00.0,Intermediário
3.46857,3.48778,2004-04-06 10:30:00.0,Intermediário
3.46156,3.48076,2004-04-06 11:00:00.0,Intermediário
3.45057,3.46969,2004-04-06 11:30:00.0,Intermediário
3.45642,3.47556,2004-04-06 12:00:00.0,Intermediário
3.4593,3.47846,2004-04-06 12:30:00.0,Intermediário
3.46444,3.48363,2004-04-06 13:00:00.0,Intermediário
3.46874,3.48794,2004-04-06 13:30:00.0,Intermediário
3.46788,3.48708,2004-04-06 14:00:00.0,Intermediário
3.46989,3.48909,2004-04-06 14:30:00.0,Intermediário
3.46966,3.48887,2004-04-06 15:00:00.0,Intermediário
3.46966,3.48766,2004-04-06 15:30:00.0,Intermediário
3.46978,3.48778,2004-04-06 16:00:00.0,Intermediário
3.46829,3.48628,2004-04-06 16:30:00.0,Fechamento Interbancário
3.48352,3.49087,2004-04-06 17:41:00.0,Fechamento
3.46633,3.49524,2004-04-07 09:52:00.0,Abertura
3.47356,3.4916,2004-04-07 10:00:00.0,Intermediário
3.48399,3.50325,2004-04-07 10:33:00.0,Intermediário
3.48117,3.50044,2004-04-07 11:00:00.0,Intermediário
3.47887,3.49689,2004-04-07 11:30:00.0,Intermediário
3.49345,3.51278,2004-04-07 12:02:00.0,Intermediário
3.4948,3.51415,2004-04-07 12:30:00.0,Intermediário
3.49003,3.50934,2004-04-07 13:00:00.0,Intermediário
3.4946,3.51394,2004-04-07 13:30:00.0,Intermediário
3.4946,3.51394,2004-04-07 14:00:00.0,Intermediário
3.49489,3.51423,2004-04-07 14:30:00.0,Intermediário
3.48859,3.5079,2004-04-07 15:00:00.0,Intermediário
3.48888,3.50819,2004-04-07 15:30:00.0,Intermediário
3.48639,3.50568,2004-04-07 16:00:00.0,Intermediário
3.4861,3.50539,2004-04-07 16:30:00.0,Fechamento Interbancário
3.50096,3.50832,2004-04-07 17:48:00.0,Fechamento
3.46536,3.49425,2004-04-08 09:56:00.0,Abertura
3.46354,3.48273,2004-04-08 10:00:00.0,Intermediário
3.46834,3.48756,2004-04-08 10:30:00.0,Intermediário
3.46817,3.48739,2004-04-08 11:00:00.0,Intermediário
3.47076,3.48998,2004-04-08 11:30:00.0,Intermediário
3.4745,3.49372,2004-04-08 12:00:00.0,Intermediário
3.47162,3.49085,2004-04-08 12:32:00.0,Intermediário
3.46869,3.48669,2004-04-08 13:00:00.0,Intermediário
3.46526,3.48324,2004-04-08 13:30:00.0,Intermediário
3.46383,3.4818,2004-04-08 14:00:00.0,Intermediário
3.46526,3.48324,2004-04-08 14:30:00.0,Intermediário
3.47178,3.48981,2004-04-08 15:00:00.0,Intermediário
3.47482,3.49287,2004-04-08 15:30:00.0,Intermediário
3.4764,3.49564,2004-04-08 16:00:00.0,Intermediário
3.47574,3.495,2004-04-08 16:30:00.0,Fechamento Interbancário
3.47774,3.48504,2004-04-08 17:47:00.0,Fechamento
3.47679,3.50572,2004-04-12 09:46:00.0,Abertura
3.48069,3.49875,2004-04-12 10:00:00.0,Intermediário
3.47852,3.49777,2004-04-12 10:30:00.0,Intermediário
3.46875,3.48673,2004-04-12 11:00:00.0,Intermediário
3.47087,3.49007,2004-04-12 11:30:00.0,Intermediário
3.47461,3.49385,2004-04-12 12:00:00.0,Intermediário
3.47495,3.49419,2004-04-12 12:30:00.0,Intermediário
3.4738,3.49304,2004-04-12 13:00:00.0,Intermediário
3.47178,3.49099,2004-04-12 13:30:00.0,Intermediário
3.47438,3.49362,2004-04-12 14:00:00.0,Intermediário
3.47409,3.49333,2004-04-12 14:30:00.0,Intermediário
3.47192,3.48993,2004-04-12 15:00:00.0,Intermediário
3.4727,3.49195,2004-04-12 15:30:00.0,Intermediário
3.46864,3.48785,2004-04-12 16:00:00.0,Intermediário
3.46864,3.48785,2004-04-12 16:30:00.0,Fechamento Interbancário
3.4801,3.48742,2004-04-12 17:48:00.0,Fechamento
3.42726,3.45583,2004-04-13 09:49:00.0,Abertura
3.43253,3.45039,2004-04-13 10:00:00.0,Intermediário
3.42935,3.44837,2004-04-13 10:30:00.0,Intermediário
3.43083,3.44866,2004-04-13 11:00:00.0,Intermediário
3.42939,3.44722,2004-04-13 11:30:00.0,Intermediário
3.42474,3.44373,2004-04-13 12:00:00.0,Intermediário
3.42967,3.4487,2004-04-13 12:30:00.0,Intermediário
3.43382,3.45286,2004-04-13 13:00:00.0,Intermediário
3.43697,3.45604,2004-04-13 13:30:00.0,Intermediário
3.43495,3.45402,2004-04-13 14:00:00.0,Intermediário
3.43065,3.44966,2004-04-13 14:30:00.0,Intermediário
3.43476,3.45381,2004-04-13 15:00:00.0,Intermediário
3.44353,3.46145,2004-04-13 15:30:00.0,Intermediário
3.44408,3.46198,2004-04-13 16:00:00.0,Intermediário
3.44321,3.46231,2004-04-13 16:30:00.0,Fechamento Interbancário
3.44212,3.44943,2004-04-13 17:55:00.0,Fechamento
3.43222,3.4608,2004-04-14 10:02:00.0,Abertura
3.43764,3.45671,2004-04-14 10:11:00.0,Intermediário
3.43787,3.45693,2004-04-14 10:57:00.0,Intermediário
3.44077,3.45863,2004-04-14 11:09:00.0,Intermediário
3.44328,3.4612,2004-04-14 11:30:00.0,Intermediário
3.44511,3.46301,2004-04-14 12:00:00.0,Intermediário
3.44505,3.46417,2004-04-14 12:30:00.0,Intermediário
3.44556,3.46467,2004-04-14 13:00:00.0,Intermediário
3.44324,3.46235,2004-04-14 13:30:00.0,Intermediário
3.44556,3.46467,2004-04-14 14:00:00.0,Intermediário
3.44787,3.46698,2004-04-14 14:30:00.0,Intermediário
3.44285,3.46194,2004-04-14 15:00:00.0,Intermediário
3.44328,3.46235,2004-04-14 15:30:00.0,Intermediário
3.44274,3.46182,2004-04-14 16:00:00.0,Intermediário
3.4474,3.46531,2004-04-14 16:30:00.0,Fechamento Interbancário
3.46102,3.46835,2004-04-14 17:50:00.0,Fechamento
3.43971,3.46837,2004-04-15 09:40:00.0,Abertura
3.44874,3.46786,2004-04-15 10:00:00.0,Intermediário
3.45187,3.47102,2004-04-15 10:30:00.0,Intermediário
3.45061,3.46975,2004-04-15 11:00:00.0,Intermediário
3.45329,3.47243,2004-04-15 11:30:00.0,Intermediário
3.45306,3.47221,2004-04-15 12:00:00.0,Intermediário
3.45294,3.47206,2004-04-15 12:30:00.0,Intermediário
3.4592,3.48074,2004-04-15 13:00:00.0,Intermediário
3.46885,3.48689,2004-04-15 13:30:00.0,Intermediário
3.4741,3.49214,2004-04-15 14:00:00.0,Intermediário
3.47643,3.49447,2004-04-15 14:30:00.0,Intermediário
3.48946,3.50877,2004-04-15 15:00:00.0,Intermediário
3.48494,3.50543,2004-04-15 15:30:00.0,Intermediário
3.48727,3.50659,2004-04-15 16:00:00.0,Intermediário
3.48465,3.50393,2004-04-15 16:30:00.0,Fechamento Interbancário
3.47771,3.48506,2004-04-15 17:49:00.0,Fechamento
3.47413,3.50295,2004-04-16 09:56:00.0,Abertura
3.48811,3.50742,2004-04-16 10:00:00.0,Intermediário
3.48773,3.50702,2004-04-16 10:30:00.0,Intermediário
3.49389,3.5132,2004-04-16 11:04:00.0,Intermediário
3.48858,3.50787,2004-04-16 11:30:00.0,Intermediário
3.49823,3.5176,2004-04-16 12:00:00.0,Intermediário
3.49732,3.51669,2004-04-16 12:30:00.0,Intermediário
3.49223,3.51169,2004-04-16 13:00:00.0,Intermediário
3.48702,3.5063,2004-04-16 13:30:00.0,Intermediário
3.48149,3.50077,2004-04-16 14:00:00.0,Intermediário
3.48353,3.50281,2004-04-16 14:30:00.0,Intermediário
3.48647,3.50576,2004-04-16 15:00:00.0,Intermediário
3.48382,3.50189,2004-04-16 15:30:00.0,Intermediário
3.47406,3.4945,2004-04-16 16:00:00.0,Intermediário
3.47939,3.49865,2004-04-16 16:30:00.0,Fechamento Interbancário
3.49303,3.5004,2004-04-16 17:42:00.0,Fechamento
3.48245,3.51139,2004-04-19 09:55:00.0,Abertura
3.49058,3.5099,2004-04-19 10:00:00.0,Intermediário
3.48884,3.50815,2004-04-19 10:30:00.0,Intermediário
3.48618,3.50429,2004-04-19 11:00:00.0,Intermediário
3.48895,3.50828,2004-04-19 11:30:00.0,Intermediário
3.49164,3.50978,2004-04-19 12:00:00.0,Intermediário
3.49058,3.5099,2004-04-19 12:30:00.0,Intermediário
3.49294,3.51348,2004-04-19 13:00:00.0,Intermediário
3.49414,3.51348,2004-04-19 13:30:00.0,Intermediário
3.49531,3.51464,2004-04-19 14:00:00.0,Intermediário
3.49502,3.51435,2004-04-19 14:30:00.0,Intermediário
3.4924,3.5105,2004-04-19 15:00:00.0,Intermediário
3.48909,3.50838,2004-04-19 15:30:00.0,Intermediário
3.48458,3.50388,2004-04-19 16:00:00.0,Intermediário
3.48342,3.50269,2004-04-19 16:30:00.0,Fechamento Interbancário
3.49669,3.50405,2004-04-19 18:00:00.0,Fechamento
3.45291,3.48159,2004-04-20 09:43:00.0,Abertura
3.45629,3.47425,2004-04-20 10:00:00.0,Intermediário
3.45839,3.47756,2004-04-20 10:30:00.0,Intermediário
3.46577,3.48496,2004-04-20 11:00:00.0,Intermediário
3.46518,3.48438,2004-04-20 11:30:00.0,Intermediário
3.46808,3.48727,2004-04-20 12:00:00.0,Intermediário
3.47313,3.49234,2004-04-20 12:30:00.0,Intermediário
3.46841,3.48762,2004-04-20 13:00:00.0,Intermediário
3.46754,3.48674,2004-04-20 13:30:00.0,Intermediário
3.47133,3.49057,2004-04-20 14:00:00.0,Intermediário
3.47627,3.49553,2004-04-20 14:30:00.0,Intermediário
3.47034,3.48958,2004-04-20 15:00:00.0,Intermediário
3.47463,3.49385,2004-04-20 15:30:00.0,Intermediário
3.47794,3.49719,2004-04-20 16:00:00.0,Intermediário
3.47589,3.49514,2004-04-20 16:30:00.0,Fechamento Interbancário
3.45762,3.46493,2004-04-20 17:38:00.0,Fechamento
3.48954,3.51841,2004-04-22 09:38:00.0,Abertura
3.48218,3.50148,2004-04-22 10:00:00.0,Intermediário
3.47239,3.49164,2004-04-22 10:30:00.0,Intermediário
3.47737,3.49543,2004-04-22 11:00:00.0,Intermediário
3.47362,3.49285,2004-04-22 11:30:00.0,Intermediário
3.47305,3.4923,2004-04-22 12:00:00.0,Intermediário
3.47038,3.48842,2004-04-22 12:30:00.0,Intermediário
3.46301,3.48218,2004-04-22 13:00:00.0,Intermediário
3.46446,3.48247,2004-04-22 13:30:00.0,Intermediário
3.46475,3.48276,2004-04-22 14:00:00.0,Intermediário
3.46534,3.48334,2004-04-22 14:30:00.0,Intermediário
3.46066,3.47982,2004-04-22 15:00:00.0,Intermediário
3.46152,3.48068,2004-04-22 15:30:00.0,Intermediário
3.47322,3.49246,2004-04-22 16:00:00.0,Intermediário
3.47353,3.49277,2004-04-22 16:30:00.0,Fechamento Interbancário
3.48722,3.49462,2004-04-22 17:41:00.0,Fechamento
3.45385,3.48249,2004-04-23 09:40:00.0,Abertura
3.45275,3.4719,2004-04-23 10:00:00.0,Intermediário
3.45303,3.47218,2004-04-23 10:30:00.0,Intermediário
3.44712,3.46624,2004-04-23 11:00:00.0,Intermediário
3.44656,3.4657,2004-04-23 11:30:00.0,Intermediário
3.44071,3.4586,2004-04-23 12:00:00.0,Intermediário
3.43076,3.4486,2004-04-23 12:30:00.0,Intermediário
3.42751,3.44653,2004-04-23 13:00:00.0,Intermediário
3.43188,3.45092,2004-04-23 13:30:00.0,Intermediário
3.43333,3.45238,2004-04-23 14:00:00.0,Intermediário
3.43505,3.45413,2004-04-23 14:30:00.0,Intermediário
3.43683,3.45592,2004-04-23 15:00:00.0,Intermediário
3.43687,3.45712,2004-04-23 15:30:00.0,Intermediário
3.43414,3.45321,2004-04-23 16:00:00.0,Intermediário
3.43356,3.45263,2004-04-23 16:30:00.0,Fechamento Interbancário
3.452,3.45931,2004-04-23 17:46:00.0,Fechamento
3.43545,3.46403,2004-04-26 09:50:00.0,Abertura
3.44075,3.46102,2004-04-26 10:00:00.0,Intermediário
3.44164,3.45953,2004-04-26 10:30:00.0,Intermediário
3.43789,3.45575,2004-04-26 11:00:00.0,Intermediário
3.43874,3.45779,2004-04-26 11:30:00.0,Intermediário
3.4373,3.45517,2004-04-26 12:00:00.0,Intermediário
3.43822,3.4561,2004-04-26 12:30:00.0,Intermediário
3.43998,3.45905,2004-04-26 13:00:00.0,Intermediário
3.44143,3.46051,2004-04-26 13:30:00.0,Intermediário
3.44173,3.4608,2004-04-26 14:00:00.0,Intermediário
3.44173,3.4608,2004-04-26 14:30:00.0,Intermediário
3.44349,3.46257,2004-04-26 15:00:00.0,Intermediário
3.44233,3.46141,2004-04-26 15:30:00.0,Intermediário
3.44868,3.46782,2004-04-26 16:00:00.0,Intermediário
3.44609,3.4652,2004-04-26 16:30:00.0,Fechamento Interbancário
3.44856,3.45585,2004-04-26 17:42:00.0,Fechamento
3.45454,3.48323,2004-04-27 09:35:00.0,Abertura
3.4605,3.47968,2004-04-27 10:00:00.0,Intermediário
3.45407,3.47202,2004-04-27 10:30:00.0,Intermediário
3.4485,3.4676,2004-04-27 11:00:00.0,Intermediário
3.45604,3.4752,2004-04-27 11:30:00.0,Intermediário
3.45774,3.47571,2004-04-27 12:00:00.0,Intermediário
3.46005,3.478,2004-04-27 12:30:00.0,Intermediário
3.46975,3.48899,2004-04-27 13:00:00.0,Intermediário
3.46687,3.48608,2004-04-27 13:30:00.0,Intermediário
3.46454,3.48371,2004-04-27 14:00:00.0,Intermediário
3.46512,3.4843,2004-04-27 14:30:00.0,Intermediário
3.46985,3.48908,2004-04-27 15:00:00.0,Intermediário
3.4777,3.49696,2004-04-27 15:30:00.0,Intermediário
3.4724,3.49165,2004-04-27 16:00:00.0,Intermediário
3.4692,3.48841,2004-04-27 16:30:00.0,Fechamento Interbancário
3.47504,3.48241,2004-04-27 17:42:00.0,Fechamento
3.46112,3.48984,2004-04-28 09:53:00.0,Abertura
3.46557,3.48479,2004-04-28 10:00:00.0,Intermediário
3.46467,3.48389,2004-04-28 10:30:00.0,Intermediário
3.47067,3.49109,2004-04-28 11:00:00.0,Intermediário
3.46129,3.47929,2004-04-28 11:30:00.0,Intermediário
3.46631,3.48552,2004-04-28 12:00:00.0,Intermediário
3.46452,3.48253,2004-04-28 12:30:00.0,Intermediário
3.46545,3.48349,2004-04-28 13:00:00.0,Intermediário
3.47132,3.48936,2004-04-28 13:30:00.0,Intermediário
3.46692,3.48496,2004-04-28 14:00:00.0,Intermediário
3.4646,3.48261,2004-04-28 14:30:00.0,Intermediário
3.47312,3.49238,2004-04-28 15:00:00.0,Intermediário
3.46962,3.48884,2004-04-28 15:30:00.0,Intermediário
3.48197,3.50127,2004-04-28 16:00:00.0,Intermediário
3.48227,3.50156,2004-04-28 16:30:00.0,Fechamento Interbancário
3.46941,3.47675,2004-04-28 17:42:00.0,Fechamento
3.48463,3.51343,2004-04-29 09:50:00.0,Abertura
3.4961,3.51547,2004-04-29 10:10:00.0,Intermediário
3.49725,3.5166,2004-04-29 10:30:00.0,Intermediário
3.50397,3.52337,2004-04-29 11:00:00.0,Intermediário
3.51428,3.5337,2004-04-29 11:30:00.0,Intermediário
3.50809,3.52749,2004-04-29 12:00:00.0,Intermediário
3.51289,3.53233,2004-04-29 12:30:00.0,Intermediário
3.52776,3.54726,2004-04-29 13:00:00.0,Intermediário
3.52509,3.5446,2004-04-29 13:30:00.0,Intermediário
3.52361,3.54311,2004-04-29 14:00:00.0,Intermediário
3.55159,3.57241,2004-04-29 14:30:00.0,Intermediário
3.53076,3.55029,2004-04-29 15:00:00.0,Intermediário
3.52421,3.54372,2004-04-29 15:30:00.0,Intermediário
3.53846,3.558,2004-04-29 16:00:00.0,Intermediário
3.53963,3.55919,2004-04-29 16:30:00.0,Fechamento Interbancário
3.52869,3.53615,2004-04-29 19:16:00.0,Fechamento
3.50809,3.53707,2004-04-30 09:40:00.0,Abertura
3.51873,3.53939,2004-04-30 10:00:00.0,Intermediário
3.52641,3.54592,2004-04-30 10:30:00.0,Intermediário
3.52582,3.54533,2004-04-30 11:00:00.0,Intermediário
3.52614,3.54805,2004-04-30 11:30:00.0,Intermediário
3.51924,3.53991,2004-04-30 12:00:00.0,Intermediário
3.51444,3.53388,2004-04-30 12:30:00.0,Intermediário
3.51304,3.53246,2004-04-30 13:00:00.0,Intermediário
3.51245,3.53187,2004-04-30 13:30:00.0,Intermediário
3.51389,3.53334,2004-04-30 14:00:00.0,Intermediário
3.51565,3.53511,2004-04-30 14:30:00.0,Intermediário
3.51477,3.53302,2004-04-30 15:00:00.0,Intermediário
3.5103,3.52854,2004-04-30 15:30:00.0,Intermediário
3.50489,3.52309,2004-04-30 16:00:00.0,Intermediário
3.5046,3.5228,2004-04-30 16:30:00.0,Fechamento Interbancário
3.52385,3.53128,2004-04-30 18:02:00.0,Fechamento
3.50805,3.53704,2004-05-03 09:51:00.0,Abertura
3.5158,3.53523,2004-05-03 10:00:00.0,Intermediário
3.50542,3.52482,2004-05-03 10:30:00.0,Intermediário
3.50988,3.5293,2004-05-03 11:00:00.0,Intermediário
3.52619,3.54569,2004-05-03 11:30:00.0,Intermediário
3.5164,3.53584,2004-05-03 12:00:00.0,Intermediário
3.51495,3.5332,2004-05-03 12:30:00.0,Intermediário
3.52478,3.54547,2004-05-03 13:00:00.0,Intermediário
3.52509,3.54458,2004-05-03 13:30:00.0,Intermediário
3.52183,3.54133,2004-05-03 14:00:00.0,Intermediário
3.52272,3.54221,2004-05-03 14:30:00.0,Intermediário
3.53194,3.55148,2004-05-03 15:00:00.0,Intermediário
3.53373,3.55327,2004-05-03 15:30:00.0,Intermediário
3.54772,3.57571,2004-05-03 16:00:00.0,Intermediário
3.54623,3.56703,2004-05-03 16:30:00.0,Fechamento Interbancário
3.52456,3.53202,2004-05-03 17:47:00.0,Fechamento
3.56831,3.59769,2004-05-04 09:54:00.0,Abertura
3.5781,3.59784,2004-05-04 10:00:00.0,Intermediário
3.56877,3.58725,2004-05-04 10:30:00.0,Intermediário
3.57334,3.59307,2004-05-04 11:00:00.0,Intermediário
3.57374,3.59346,2004-05-04 11:30:00.0,Intermediário
3.58929,3.6091,2004-05-04 12:00:00.0,Intermediário
3.57454,3.59549,2004-05-04 12:30:00.0,Intermediário
3.5728,3.59371,2004-05-04 13:00:00.0,Intermediário
3.57135,3.59104,2004-05-04 13:30:00.0,Intermediário
3.57521,3.59492,2004-05-04 14:00:00.0,Intermediário
3.57461,3.59433,2004-05-04 14:30:00.0,Intermediário
3.58514,3.6037,2004-05-04 15:00:00.0,Intermediário
3.5763,3.59604,2004-05-04 15:30:00.0,Intermediário
3.58024,3.6,2004-05-04 16:00:00.0,Intermediário
3.57876,3.5973,2004-05-04 16:30:00.0,Fechamento Interbancário
3.58869,3.59622,2004-05-04 17:44:00.0,Fechamento
3.58353,3.61304,2004-05-05 09:46:00.0,Abertura
3.58439,3.60415,2004-05-05 10:00:00.0,Intermediário
3.58888,3.60988,2004-05-05 10:30:00.0,Intermediário
3.5866,3.60639,2004-05-05 11:00:00.0,Intermediário
3.59233,3.61215,2004-05-05 11:30:00.0,Intermediário
3.58789,3.60766,2004-05-05 12:00:00.0,Intermediário
3.59198,3.61179,2004-05-05 12:30:00.0,Intermediário
3.59785,3.61768,2004-05-05 13:00:00.0,Intermediário
3.59637,3.6162,2004-05-05 13:30:00.0,Intermediário
3.59667,3.6165,2004-05-05 14:00:00.0,Intermediário
3.59459,3.61439,2004-05-05 14:30:00.0,Intermediário
3.59095,3.61073,2004-05-05 15:00:00.0,Intermediário
3.59368,3.61347,2004-05-05 15:30:00.0,Intermediário
3.58968,3.61191,2004-05-05 16:00:00.0,Intermediário
3.58577,3.60552,2004-05-05 16:30:00.0,Fechamento Interbancário
3.6009,3.60844,2004-05-05 17:39:00.0,Fechamento
3.5841,3.61356,2004-05-06 09:55:00.0,Abertura
3.58976,3.60834,2004-05-06 10:00:00.0,Intermediário
3.59285,3.61265,2004-05-06 10:30:00.0,Intermediário
3.59385,3.61368,2004-05-06 11:00:00.0,Intermediário
3.59661,3.61644,2004-05-06 11:30:00.0,Intermediário
3.61015,3.63004,2004-05-06 12:00:00.0,Intermediário
3.60292,3.62156,2004-05-06 12:30:00.0,Intermediário
3.60798,3.62909,2004-05-06 13:00:00.0,Intermediário
3.60619,3.62729,2004-05-06 13:30:00.0,Intermediário
3.60888,3.62999,2004-05-06 14:00:00.0,Intermediário
3.60828,3.62939,2004-05-06 14:30:00.0,Intermediário
3.61703,3.63697,2004-05-06 15:00:00.0,Intermediário
3.6107,3.63061,2004-05-06 15:30:00.0,Intermediário
3.61313,3.63427,2004-05-06 16:00:00.0,Intermediário
3.61076,3.63066,2004-05-06 16:30:00.0,Fechamento Interbancário
3.60874,3.61628,2004-05-06 17:41:00.0,Fechamento
3.60204,3.63153,2004-05-07 09:55:00.0,Abertura
3.63192,3.65192,2004-05-07 10:00:00.0,Intermediário
3.61159,3.6315,2004-05-07 10:30:00.0,Intermediário
3.60553,3.62541,2004-05-07 11:00:00.0,Intermediário
3.62363,3.64242,2004-05-07 11:30:00.0,Intermediário
3.63507,3.65627,2004-05-07 12:00:00.0,Intermediário
3.66825,3.68724,2004-05-07 12:30:00.0,Intermediário
3.64908,3.67157,2004-05-07 13:00:00.0,Intermediário
3.64771,3.67018,2004-05-07 13:30:00.0,Intermediário
3.64679,3.66926,2004-05-07 14:00:00.0,Intermediário
3.64341,3.66588,2004-05-07 14:30:00.0,Intermediário
3.6417,3.66534,2004-05-07 15:00:00.0,Intermediário
3.63523,3.65526,2004-05-07 15:30:00.0,Intermediário
3.63435,3.65437,2004-05-07 16:00:00.0,Intermediário
3.63286,3.65287,2004-05-07 16:30:00.0,Fechamento Interbancário
3.62326,3.63086,2004-05-07 17:53:00.0,Fechamento
3.68905,3.71884,2004-05-10 09:38:00.0,Abertura
3.67638,3.69898,2004-05-10 10:00:00.0,Intermediário
3.6657,3.68588,2004-05-10 10:30:00.0,Intermediário
3.70061,3.72332,2004-05-10 11:00:00.0,Intermediário
3.71409,3.73568,2004-05-10 11:30:00.0,Intermediário
3.70643,3.72798,2004-05-10 12:00:00.0,Intermediário
3.69012,3.71159,2004-05-10 12:30:00.0,Intermediário
3.65554,3.67687,2004-05-10 13:00:00.0,Intermediário
3.65926,3.68059,2004-05-10 13:30:00.0,Intermediário
3.65802,3.67935,2004-05-10 14:00:00.0,Intermediário
3.66204,3.68338,2004-05-10 14:30:00.0,Intermediário
3.6857,3.70596,2004-05-10 15:00:00.0,Intermediário
3.68408,3.70434,2004-05-10 15:30:00.0,Intermediário
3.71691,3.74088,2004-05-10 16:00:00.0,Intermediário
3.71566,3.73725,2004-05-10 16:30:00.0,Fechamento Interbancário
3.70022,3.70798,2004-05-10 17:40:00.0,Fechamento
3.68586,3.71564,2004-05-11 09:57:00.0,Abertura
3.67642,3.70023,2004-05-11 10:00:00.0,Intermediário
3.6652,3.68774,2004-05-11 10:30:00.0,Intermediário
3.66557,3.68691,2004-05-11 11:00:00.0,Intermediário
3.67798,3.69938,2004-05-11 11:30:00.0,Intermediário
3.66017,3.68268,2004-05-11 12:00:00.0,Intermediário
3.64231,3.66472,2004-05-11 12:30:00.0,Intermediário
3.64001,3.66125,2004-05-11 13:00:00.0,Intermediário
3.64553,3.66562,2004-05-11 13:30:00.0,Intermediário
3.64553,3.66562,2004-05-11 14:00:00.0,Intermediário
3.64646,3.66655,2004-05-11 14:30:00.0,Intermediário
3.65226,3.67594,2004-05-11 15:00:00.0,Intermediário
3.64146,3.66388,2004-05-11 15:30:00.0,Intermediário
3.63817,3.65819,2004-05-11 16:00:00.0,Intermediário
3.6394,3.65942,2004-05-11 16:30:00.0,Fechamento Interbancário
3.68142,3.68914,2004-05-11 17:51:00.0,Fechamento
3.64578,3.67541,2004-05-12 21:08:00.0,Abertura
3.71316,3.72098,2004-05-12 21:30:00.0,Fechamento
3.68891,3.71871,2004-05-13 09:36:00.0,Abertura
3.69482,3.71515,2004-05-13 10:00:00.0,Intermediário
3.72087,3.74606,2004-05-13 10:30:00.0,Intermediário
3.69891,3.71927,2004-05-13 11:00:00.0,Intermediário
3.68501,3.70765,2004-05-13 11:30:00.0,Intermediário
3.67804,3.69829,2004-05-13 12:00:00.0,Intermediário
3.67812,3.70073,2004-05-13 12:30:00.0,Intermediário
3.66977,3.68878,2004-05-13 13:00:00.0,Intermediário
3.67039,3.6894,2004-05-13 13:30:00.0,Intermediário
3.67569,3.69474,2004-05-13 14:00:00.0,Intermediário
3.67476,3.69377,2004-05-13 14:30:00.0,Intermediário
3.68544,3.7069,2004-05-13 15:00:00.0,Intermediário
3.6948,3.71628,2004-05-13 15:30:00.0,Intermediário
3.69227,3.71258,2004-05-13 16:00:00.0,Intermediário
3.69369,3.71401,2004-05-13 16:30:00.0,Fechamento Interbancário
3.6922,3.69996,2004-05-13 17:41:00.0,Fechamento
3.67985,3.70959,2004-05-14 09:51:00.0,Abertura
3.66584,3.6872,2004-05-14 10:00:00.0,Intermediário
3.66567,3.68585,2004-05-14 10:30:00.0,Intermediário
3.67615,3.69876,2004-05-14 11:05:00.0,Intermediário
3.67362,3.69501,2004-05-14 11:30:00.0,Intermediário
3.66055,3.68188,2004-05-14 12:00:00.0,Intermediário
3.66168,3.68183,2004-05-14 12:30:00.0,Intermediário
3.66295,3.68432,2004-05-14 13:00:00.0,Intermediário
3.66143,3.68277,2004-05-14 13:30:00.0,Intermediário
3.66112,3.68246,2004-05-14 14:00:00.0,Intermediário
3.66357,3.68494,2004-05-14 14:30:00.0,Intermediário
3.64165,3.66292,2004-05-14 15:00:00.0,Intermediário
3.64842,3.66853,2004-05-14 15:30:00.0,Intermediário
3.66027,3.68282,2004-05-14 16:00:00.0,Intermediário
3.66087,3.68101,2004-05-14 16:30:00.0,Fechamento Interbancário
3.67881,3.68652,2004-05-14 17:40:00.0,Fechamento
3.7221,3.75221,2004-05-17 09:34:00.0,Abertura
3.73601,3.75894,2004-05-17 10:00:00.0,Intermediário
3.75398,3.77821,2004-05-17 10:30:00.0,Intermediário
3.76009,3.78071,2004-05-17 11:00:00.0,Intermediário
3.74004,3.76057,2004-05-17 11:30:00.0,Intermediário
3.7362,3.75911,2004-05-17 12:00:00.0,Intermediário
3.74313,3.76366,2004-05-17 12:30:00.0,Intermediário
3.7351,3.75559,2004-05-17 13:00:00.0,Intermediário
3.74522,3.76699,2004-05-17 13:30:00.0,Intermediário
3.744,3.76574,2004-05-17 14:00:00.0,Intermediário
3.73807,3.75978,2004-05-17 14:30:00.0,Intermediário
3.73448,3.75617,2004-05-17 15:00:00.0,Intermediário
3.73354,3.75523,2004-05-17 15:30:00.0,Intermediário
3.74411,3.76585,2004-05-17 16:00:00.0,Intermediário
3.74609,3.76784,2004-05-17 16:30:00.0,Fechamento Interbancário
3.75199,3.75982,2004-05-17 17:44:00.0,Fechamento
3.70813,3.73813,2004-05-18 09:36:00.0,Abertura
3.7101,3.73049,2004-05-18 10:00:00.0,Intermediário
3.70236,3.72271,2004-05-18 10:30:00.0,Intermediário
3.70365,3.72519,2004-05-18 11:00:00.0,Intermediário
3.70661,3.72697,2004-05-18 11:30:00.0,Intermediário
3.71005,3.73041,2004-05-18 12:00:00.0,Intermediário
3.71784,3.73703,2004-05-18 12:30:00.0,Intermediário
3.72479,3.74525,2004-05-18 13:00:00.0,Intermediário
3.72355,3.744,2004-05-18 13:30:00.0,Intermediário
3.7223,3.74272,2004-05-18 14:00:00.0,Intermediário
3.71918,3.7396,2004-05-18 14:30:00.0,Intermediário
3.74103,3.76274,2004-05-18 15:00:00.0,Intermediário
3.73532,3.75584,2004-05-18 15:30:00.0,Intermediário
3.73005,3.75054,2004-05-18 16:00:00.0,Intermediário
3.73005,3.75054,2004-05-18 16:30:00.0,Fechamento Interbancário
3.72031,3.72812,2004-05-18 19:43:00.0,Fechamento
3.71775,3.74778,2004-05-19 09:56:00.0,Abertura
3.72347,3.7451,2004-05-19 10:00:00.0,Intermediário
3.72205,3.74249,2004-05-19 10:30:00.0,Intermediário
3.71508,3.73546,2004-05-19 11:00:00.0,Intermediário
3.70151,3.72184,2004-05-19 11:35:00.0,Intermediário
3.71528,3.7357,2004-05-19 12:00:00.0,Intermediário
3.71667,3.73949,2004-05-19 12:30:00.0,Intermediário
3.73249,3.75295,2004-05-19 13:00:00.0,Intermediário
3.73124,3.75171,2004-05-19 13:30:00.0,Intermediário
3.73498,3.75548,2004-05-19 14:00:00.0,Intermediário
3.73249,3.75295,2004-05-19 14:30:00.0,Intermediário
3.7414,3.76192,2004-05-19 15:00:00.0,Intermediário
3.75125,3.77423,2004-05-19 15:30:00.0,Intermediário
3.75495,3.77553,2004-05-19 16:00:00.0,Intermediário
3.75402,3.77459,2004-05-19 16:30:00.0,Fechamento Interbancário
3.72736,3.73516,2004-05-19 17:45:00.0,Fechamento
3.75764,3.78784,2004-05-20 09:54:00.0,Abertura
3.75739,3.77802,2004-05-20 10:00:00.0,Intermediário
3.74692,3.77109,2004-05-20 10:30:00.0,Intermediário
3.75525,3.77587,2004-05-20 11:00:00.0,Intermediário
3.78638,3.80714,2004-05-20 11:30:00.0,Intermediário
3.77297,3.79488,2004-05-20 12:00:00.0,Intermediário
3.79836,3.82039,2004-05-20 12:30:00.0,Intermediário
3.81379,3.83588,2004-05-20 13:00:00.0,Intermediário
3.80294,3.82496,2004-05-20 13:30:00.0,Intermediário
3.8039,3.82592,2004-05-20 14:00:00.0,Intermediário
3.80038,3.8224,2004-05-20 14:30:00.0,Intermediário
3.82144,3.84236,2004-05-20 15:00:00.0,Intermediário
3.8066,3.82982,2004-05-20 15:30:00.0,Intermediário
3.82106,3.84198,2004-05-20 16:00:00.0,Intermediário
3.82424,3.8452,2004-05-20 16:30:00.0,Fechamento Interbancário
3.80038,3.80833,2004-05-20 17:46:00.0,Fechamento
3.88243,3.9133,2004-05-21 09:57:00.0,Abertura
3.89658,3.91784,2004-05-21 10:00:00.0,Intermediário
3.86424,3.88536,2004-05-21 10:30:00.0,Intermediário
3.84701,3.87048,2004-05-21 11:00:00.0,Intermediário
3.83904,3.86004,2004-05-21 11:30:00.0,Intermediário
3.82313,3.84646,2004-05-21 12:00:00.0,Intermediário
3.82968,3.85185,2004-05-21 12:30:00.0,Intermediário
3.81571,3.83899,2004-05-21 13:00:00.0,Intermediário
3.8138,3.83708,2004-05-21 13:30:00.0,Intermediário
3.81539,3.83867,2004-05-21 14:00:00.0,Intermediário
3.81539,3.83867,2004-05-21 14:30:00.0,Intermediário
3.85095,3.87322,2004-05-21 15:00:00.0,Intermediário
3.85344,3.87571,2004-05-21 15:30:00.0,Intermediário
3.84254,3.86356,2004-05-21 16:00:00.0,Intermediário
3.82426,3.84518,2004-05-21 16:30:00.0,Fechamento Interbancário
3.83907,3.84708,2004-05-21 17:39:00.0,Fechamento
3.7769,3.80718,2004-05-24 09:37:00.0,Abertura
3.77468,3.79657,2004-05-24 10:00:00.0,Intermediário
3.78169,3.80242,2004-05-24 10:30:00.0,Intermediário
3.78136,3.80327,2004-05-24 11:00:00.0,Intermediário
3.80022,3.82221,2004-05-24 11:30:00.0,Intermediário
3.79632,3.8183,2004-05-24 12:00:00.0,Intermediário
3.81365,3.83695,2004-05-24 12:30:00.0,Intermediário
3.8193,3.84264,2004-05-24 13:00:00.0,Intermediário
3.82625,3.8508,2004-05-24 13:30:00.0,Intermediário
3.83232,3.85692,2004-05-24 14:00:00.0,Intermediário
3.83073,3.85528,2004-05-24 14:30:00.0,Intermediário
3.81035,3.8312,2004-05-24 15:00:00.0,Intermediário
3.81473,3.83561,2004-05-24 15:30:00.0,Intermediário
3.80979,3.83063,2004-05-24 16:00:00.0,Intermediário
3.80795,3.82879,2004-05-24 16:30:00.0,Fechamento Interbancário
3.81416,3.82212,2004-05-24 17:43:00.0,Fechamento
3.82242,3.85304,2004-05-25 09:57:00.0,Abertura
3.81785,3.83873,2004-05-25 10:00:00.0,Intermediário
3.81543,3.83873,2004-05-25 10:30:00.0,Intermediário
3.82573,3.84786,2004-05-25 11:00:00.0,Intermediário
3.81233,3.83441,2004-05-25 11:30:00.0,Intermediário
3.81055,3.83261,2004-05-25 12:00:00.0,Intermediário
3.80592,3.82676,2004-05-25 12:30:00.0,Intermediário
3.80608,3.82691,2004-05-25 13:00:00.0,Intermediário
3.80419,3.82502,2004-05-25 13:30:00.0,Intermediário
3.80514,3.82596,2004-05-25 14:00:00.0,Intermediário
3.80671,3.82754,2004-05-25 14:30:00.0,Intermediário
3.7992,3.81998,2004-05-25 15:00:00.0,Intermediário
3.79888,3.82088,2004-05-25 15:30:00.0,Intermediário
3.78881,3.80955,2004-05-25 16:00:00.0,Intermediário
3.78661,3.80736,2004-05-25 16:30:00.0,Fechamento Interbancário
3.81783,3.82578,2004-05-25 17:41:00.0,Fechamento
3.78177,3.81222,2004-05-26 10:00:00.0,Abertura
3.78934,3.81131,2004-05-26 10:04:00.0,Intermediário
3.8013,3.82209,2004-05-26 10:30:00.0,Intermediário
3.79306,3.81504,2004-05-26 11:00:00.0,Intermediário
3.80451,3.82654,2004-05-26 11:30:00.0,Intermediário
3.81006,3.83093,2004-05-26 12:00:00.0,Intermediário
3.80891,3.83098,2004-05-26 12:30:00.0,Intermediário
3.83705,3.86047,2004-05-26 13:00:00.0,Intermediário
3.83737,3.86078,2004-05-26 13:30:00.0,Intermediário
3.8396,3.86301,2004-05-26 14:00:00.0,Intermediário
3.8396,3.86301,2004-05-26 14:30:00.0,Intermediário
3.83373,3.85471,2004-05-26 15:08:00.0,Intermediário
3.83399,3.85619,2004-05-26 15:33:00.0,Intermediário
3.82064,3.84153,2004-05-26 16:00:00.0,Intermediário
3.82121,3.84211,2004-05-26 16:30:00.0,Fechamento Interbancário
3.81739,3.82537,2004-05-26 17:36:00.0,Fechamento
3.84862,3.87946,2004-05-27 09:59:00.0,Abertura
3.85445,3.87554,2004-05-27 10:00:00.0,Intermediário
3.84883,3.8711,2004-05-27 10:30:00.0,Intermediário
3.86897,3.89133,2004-05-27 11:00:00.0,Intermediário
3.8597,3.88203,2004-05-27 11:30:00.0,Intermediário
3.86614,3.88601,2004-05-27 12:00:00.0,Intermediário
3.86342,3.88453,2004-05-27 12:30:00.0,Intermediário
3.85215,3.87197,2004-05-27 13:00:00.0,Intermediário
3.84932,3.86911,2004-05-27 13:30:00.0,Intermediário
3.84744,3.86722,2004-05-27 14:00:00.0,Intermediário
3.84995,3.86977,2004-05-27 14:30:00.0,Intermediário
3.83831,3.85927,2004-05-27 15:00:00.0,Intermediário
3.84295,3.86396,2004-05-27 15:30:00.0,Intermediário
3.82,3.84089,2004-05-27 16:00:00.0,Intermediário
3.81656,3.83743,2004-05-27 16:30:00.0,Fechamento Interbancário
3.86698,3.87496,2004-05-27 17:39:00.0,Fechamento
3.78967,3.82027,2004-05-28 09:56:00.0,Abertura
3.79549,3.81873,2004-05-28 10:00:00.0,Intermediário
3.77734,3.79804,2004-05-28 10:56:00.0,Intermediário
3.77065,3.79376,2004-05-28 11:00:00.0,Intermediário
3.77541,3.79607,2004-05-28 11:33:00.0,Intermediário
3.77357,3.79545,2004-05-28 12:00:00.0,Intermediário
3.78055,3.80369,2004-05-28 12:30:00.0,Intermediário
3.78822,3.81017,2004-05-28 13:00:00.0,Intermediário
3.78728,3.80923,2004-05-28 13:30:00.0,Intermediário
3.78884,3.81082,2004-05-28 14:00:00.0,Intermediário
3.78728,3.80923,2004-05-28 14:30:00.0,Intermediário
3.77113,3.79423,2004-05-28 15:00:00.0,Intermediário
3.77204,3.7927,2004-05-28 15:30:00.0,Intermediário
3.76351,3.78535,2004-05-28 16:00:00.0,Intermediário
3.7626,3.78321,2004-05-28 16:30:00.0,Fechamento Interbancário
3.7815,3.78935,2004-05-28 17:38:00.0,Fechamento
3.74369,3.774,2004-05-31 09:31:00.0,Abertura
3.77481,3.79547,2004-05-31 10:00:00.0,Intermediário
3.79729,3.81807,2004-05-31 10:30:00.0,Intermediário
3.815,3.83831,2004-05-31 11:00:00.0,Intermediário
3.8104,3.83247,2004-05-31 11:30:00.0,Intermediário
3.81172,3.83626,2004-05-31 12:00:00.0,Intermediário
3.81776,3.83867,2004-05-31 12:30:00.0,Intermediário
3.83365,3.85585,2004-05-31 13:00:00.0,Intermediário
3.83523,3.85743,2004-05-31 13:30:00.0,Intermediário
3.83365,3.85585,2004-05-31 14:00:00.0,Intermediário
3.83365,3.85585,2004-05-31 14:30:00.0,Intermediário
3.8501,3.87115,2004-05-31 15:00:00.0,Intermediário
3.87237,3.89475,2004-05-31 15:30:00.0,Intermediário
3.87999,3.89996,2004-05-31 16:00:00.0,Intermediário
3.88312,3.90554,2004-05-31 19:34:00.0,Fechamento Interbancário
3.81274,3.82066,2004-05-31 20:01:00.0,Fechamento
3.8562,3.88709,2004-06-01 21:22:00.0,Abertura
3.86204,3.88436,2004-06-01 21:37:00.0,Intermediário
3.83804,3.86027,2004-06-01 21:45:00.0,Intermediário
3.8372,3.85817,2004-06-01 21:51:00.0,Intermediário
3.85151,3.87377,2004-06-01 21:58:00.0,Intermediário
3.85747,3.87855,2004-06-01 22:03:00.0,Intermediário
3.85991,3.88223,2004-06-01 22:08:00.0,Intermediário
3.8409,3.86188,2004-06-01 22:14:00.0,Intermediário
3.84248,3.86349,2004-06-01 22:20:00.0,Intermediário
3.85033,3.87138,2004-06-01 22:26:00.0,Intermediário
3.84875,3.8698,2004-06-01 22:31:00.0,Intermediário
3.83127,3.8547,2004-06-01 22:37:00.0,Intermediário
3.83465,3.85684,2004-06-01 22:43:00.0,Intermediário
3.83709,3.85806,2004-06-01 22:48:00.0,Intermediário
3.83863,3.85964,2004-06-01 22:54:00.0,Fechamento Interbancário
3.86216,3.87015,2004-06-01 23:05:00.0,Fechamento
3.83133,3.86215,2004-06-02 09:45:00.0,Abertura
3.83746,3.85966,2004-06-02 10:04:00.0,Intermediário
3.85093,3.87197,2004-06-02 10:30:00.0,Intermediário
3.83777,3.85998,2004-06-02 11:00:00.0,Intermediário
3.84001,3.86224,2004-06-02 11:30:00.0,Intermediário
3.82734,3.8495,2004-06-02 12:00:00.0,Intermediário
3.83099,3.85317,2004-06-02 12:30:00.0,Intermediário
3.82232,3.84322,2004-06-02 13:00:00.0,Intermediário
3.81513,3.836,2004-06-02 13:30:00.0,Intermediário
3.81294,3.83381,2004-06-02 14:00:00.0,Intermediário
3.81419,3.83506,2004-06-02 14:30:00.0,Intermediário
3.80644,3.82848,2004-06-02 15:00:00.0,Intermediário
3.80806,3.82891,2004-06-02 15:30:00.0,Intermediário
3.81785,3.83874,2004-06-02 16:00:00.0,Intermediário
3.8221,3.84301,2004-06-02 16:30:00.0,Fechamento Interbancário
3.82097,3.82889,2004-06-02 17:55:00.0,Fechamento
3.83169,3.86247,2004-06-03 09:45:00.0,Abertura
3.82887,3.85105,2004-06-03 10:00:00.0,Intermediário
3.8268,3.84651,2004-06-03 10:30:00.0,Intermediário
3.84197,3.86297,2004-06-03 11:03:00.0,Intermediário
3.83755,3.85976,2004-06-03 11:30:00.0,Intermediário
3.84303,3.86527,2004-06-03 12:00:00.0,Intermediário
3.83311,3.85407,2004-06-03 12:30:00.0,Intermediário
3.82899,3.84992,2004-06-03 13:03:00.0,Intermediário
3.82679,3.84772,2004-06-03 13:30:00.0,Intermediário
3.82585,3.84678,2004-06-03 14:00:00.0,Intermediário
3.82679,3.84772,2004-06-03 14:30:00.0,Intermediário
3.84613,3.86962,2004-06-03 15:00:00.0,Intermediário
3.85688,3.87918,2004-06-03 15:30:00.0,Intermediário
3.84555,3.86657,2004-06-03 16:00:00.0,Intermediário
3.84713,3.86819,2004-06-03 16:30:00.0,Fechamento Interbancário
3.84038,3.84834,2004-06-03 17:45:00.0,Fechamento
3.8294,3.86016,2004-06-04 09:49:00.0,Abertura
3.83119,3.85336,2004-06-04 10:00:00.0,Intermediário
3.83228,3.85571,2004-06-04 10:30:00.0,Intermediário
3.83532,3.85753,2004-06-04 11:00:00.0,Intermediário
3.83988,3.86333,2004-06-04 11:30:00.0,Intermediário
3.8326,3.85357,2004-06-04 12:00:00.0,Intermediário
3.83266,3.85362,2004-06-04 12:30:00.0,Intermediário
3.8294,3.85032,2004-06-04 13:00:00.0,Intermediário
3.83096,3.85189,2004-06-04 13:30:00.0,Intermediário
3.83469,3.85568,2004-06-04 14:00:00.0,Intermediário
3.83469,3.85568,2004-06-04 14:30:00.0,Intermediário
3.83286,3.85384,2004-06-04 15:00:00.0,Intermediário
3.83695,3.85916,2004-06-04 15:30:00.0,Intermediário
3.8363,3.85852,2004-06-04 16:00:00.0,Intermediário
3.83594,3.85693,2004-06-04 16:30:00.0,Fechamento Interbancário
3.84598,3.85392,2004-06-04 17:46:00.0,Fechamento
3.81308,3.8438,2004-06-07 09:56:00.0,Abertura
3.82169,3.84257,2004-06-07 10:00:00.0,Intermediário
3.82079,3.84169,2004-06-07 10:30:00.0,Intermediário
3.82726,3.84819,2004-06-07 11:00:00.0,Intermediário
3.82508,3.84724,2004-06-07 11:30:00.0,Intermediário
3.82382,3.84719,2004-06-07 12:00:00.0,Intermediário
3.82908,3.85002,2004-06-07 12:30:00.0,Intermediário
3.82816,3.8491,2004-06-07 13:00:00.0,Intermediário
3.83034,3.85128,2004-06-07 13:30:00.0,Intermediário
3.83062,3.85159,2004-06-07 14:00:00.0,Intermediário
3.83062,3.85159,2004-06-07 14:30:00.0,Intermediário
3.82109,3.84202,2004-06-07 15:00:00.0,Intermediário
3.82077,3.84165,2004-06-07 15:30:00.0,Intermediário
3.81984,3.84072,2004-06-07 16:00:00.0,Intermediário
3.82076,3.84164,2004-06-07 16:30:00.0,Fechamento Interbancário
3.83126,3.83921,2004-06-07 17:39:00.0,Fechamento
3.82067,3.85144,2004-06-08 09:32:00.0,Abertura
3.82289,3.84379,2004-06-08 10:00:00.0,Intermediário
3.81325,3.83411,2004-06-08 10:30:00.0,Intermediário
3.81352,3.83559,2004-06-08 11:00:00.0,Intermediário
3.81692,3.8378,2004-06-08 11:30:00.0,Intermediário
3.81198,3.83282,2004-06-08 12:00:00.0,Intermediário
3.81414,3.83502,2004-06-08 12:30:00.0,Intermediário
3.81632,3.8372,2004-06-08 13:00:00.0,Intermediário
3.81134,3.83218,2004-06-08 13:30:00.0,Intermediário
3.81165,3.83249,2004-06-08 14:00:00.0,Intermediário
3.81102,3.83187,2004-06-08 14:30:00.0,Intermediário
3.80673,3.82756,2004-06-08 15:00:00.0,Intermediário
3.80308,3.82389,2004-06-08 15:30:00.0,Intermediário
3.80586,3.82667,2004-06-08 16:00:00.0,Intermediário
3.80402,3.82482,2004-06-08 16:30:00.0,Fechamento Interbancário
3.81859,3.82649,2004-06-08 17:40:00.0,Fechamento
3.75512,3.78547,2004-06-09 09:47:00.0,Abertura
3.76108,3.7817,2004-06-09 10:00:00.0,Intermediário
3.76904,3.78968,2004-06-09 10:30:00.0,Intermediário
3.76717,3.78659,2004-06-09 11:00:00.0,Intermediário
3.76414,3.78476,2004-06-09 11:35:00.0,Intermediário
3.75608,3.77669,2004-06-09 12:00:00.0,Intermediário
3.7613,3.78192,2004-06-09 12:30:00.0,Intermediário
3.75491,3.77551,2004-06-09 13:00:00.0,Intermediário
3.74752,3.76807,2004-06-09 13:30:00.0,Intermediário
3.74935,3.76994,2004-06-09 14:00:00.0,Intermediário
3.7469,3.76745,2004-06-09 14:30:00.0,Intermediário
3.76247,3.78308,2004-06-09 15:00:00.0,Intermediário
3.76434,3.78498,2004-06-09 15:30:00.0,Intermediário
3.75377,3.77436,2004-06-09 16:03:00.0,Intermediário
3.75377,3.77436,2004-06-09 16:34:00.0,Fechamento Interbancário
3.75329,3.76111,2004-06-09 17:40:00.0,Fechamento
3.75219,3.78239,2004-06-11 09:54:00.0,Abertura
3.75579,3.77637,2004-06-11 10:00:00.0,Intermediário
3.76132,3.78315,2004-06-11 10:30:00.0,Intermediário
3.76152,3.78213,2004-06-11 11:00:00.0,Intermediário
3.7634,3.78405,2004-06-11 11:30:00.0,Intermediário
3.76537,3.7848,2004-06-11 12:03:00.0,Intermediário
3.76934,3.79119,2004-06-11 12:33:00.0,Intermediário
3.77382,3.79449,2004-06-11 13:02:00.0,Intermediário
3.77256,3.79323,2004-06-11 13:34:00.0,Intermediário
3.77382,3.79449,2004-06-11 14:02:00.0,Intermediário
3.77382,3.79449,2004-06-11 14:33:00.0,Intermediário
3.76814,3.78878,2004-06-11 15:02:00.0,Intermediário
3.76632,3.78815,2004-06-11 15:30:00.0,Intermediário
3.76272,3.78333,2004-06-11 16:00:00.0,Intermediário
3.76272,3.78213,2004-06-11 16:30:00.0,Fechamento Interbancário
3.76854,3.7764,2004-06-11 17:39:00.0,Fechamento
3.78975,3.82019,2004-06-14 09:32:00.0,Abertura
3.7981,3.81889,2004-06-14 10:00:00.0,Intermediário
3.80474,3.82557,2004-06-14 10:30:00.0,Intermediário
3.81132,3.8334,2004-06-14 11:00:00.0,Intermediário
3.81196,3.83403,2004-06-14 11:30:00.0,Intermediário
3.8142,3.83509,2004-06-14 12:00:00.0,Intermediário
3.80435,3.8264,2004-06-14 12:30:00.0,Intermediário
3.80777,3.82861,2004-06-14 13:00:00.0,Intermediário
3.80366,3.82447,2004-06-14 13:30:00.0,Intermediário
3.80334,3.82415,2004-06-14 14:00:00.0,Intermediário
3.80113,3.82194,2004-06-14 14:30:00.0,Intermediário
3.80506,3.82588,2004-06-14 15:00:00.0,Intermediário
3.80487,3.82571,2004-06-14 15:30:00.0,Intermediário
3.8124,3.83325,2004-06-14 16:00:00.0,Intermediário
3.81519,3.83487,2004-06-14 16:30:00.0,Fechamento Interbancário
3.81298,3.82091,2004-06-14 17:44:00.0,Fechamento
3.79436,3.82484,2004-06-15 09:53:00.0,Abertura
3.79883,3.82205,2004-06-15 10:00:00.0,Intermediário
3.79936,3.82137,2004-06-15 10:30:00.0,Intermediário
3.79301,3.81378,2004-06-15 11:00:00.0,Intermediário
3.78215,3.80166,2004-06-15 11:30:00.0,Intermediário
3.77728,3.79798,2004-06-15 12:00:00.0,Intermediário
3.77279,3.79346,2004-06-15 12:30:00.0,Intermediário
3.7858,3.80656,2004-06-15 13:11:00.0,Intermediário
3.78737,3.80812,2004-06-15 13:30:00.0,Intermediário
3.78799,3.80875,2004-06-15 14:00:00.0,Intermediário
3.78862,3.80937,2004-06-15 14:30:00.0,Intermediário
3.79378,3.81456,2004-06-15 15:00:00.0,Intermediário
3.79589,3.81668,2004-06-15 15:30:00.0,Intermediário
3.79275,3.81353,2004-06-15 16:00:00.0,Intermediário
3.79001,3.81197,2004-06-15 16:30:00.0,Fechamento Interbancário
3.81418,3.82212,2004-06-15 17:43:00.0,Fechamento
3.75564,3.7859,2004-06-16 09:52:00.0,Abertura
3.7592,3.77982,2004-06-16 10:00:00.0,Intermediário
3.76991,3.79177,2004-06-16 10:30:00.0,Intermediário
3.77409,3.79477,2004-06-16 11:00:00.0,Intermediário
3.77059,3.79247,2004-06-16 11:30:00.0,Intermediário
3.76626,3.7881,2004-06-16 12:00:00.0,Intermediário
3.7594,3.78003,2004-06-16 12:30:00.0,Intermediário
3.77017,3.79082,2004-06-16 13:00:00.0,Intermediário
3.76765,3.7883,2004-06-16 13:30:00.0,Intermediário
3.76954,3.79019,2004-06-16 14:00:00.0,Intermediário
3.76954,3.79019,2004-06-16 14:30:00.0,Intermediário
3.75781,3.77841,2004-06-16 15:00:00.0,Intermediário
3.76292,3.78475,2004-06-16 15:30:00.0,Intermediário
3.75693,3.77873,2004-06-16 16:00:00.0,Intermediário
3.75875,3.77936,2004-06-16 16:30:00.0,Fechamento Interbancário
3.76827,3.77614,2004-06-16 18:07:00.0,Fechamento
3.7687,3.79902,2004-06-17 09:41:00.0,Abertura
3.76098,3.78161,2004-06-17 10:00:00.0,Intermediário
3.76516,3.78581,2004-06-17 10:30:00.0,Intermediário
3.76283,3.78347,2004-06-17 11:00:00.0,Intermediário
3.76409,3.78472,2004-06-17 11:30:00.0,Intermediário
3.7627,3.78335,2004-06-17 12:00:00.0,Intermediário
3.75862,3.78045,2004-06-17 12:30:00.0,Intermediário
3.74829,3.76887,2004-06-17 13:00:00.0,Intermediário
3.75979,3.78041,2004-06-17 13:30:00.0,Intermediário
3.75792,3.77851,2004-06-17 14:00:00.0,Intermediário
3.75636,3.77695,2004-06-17 14:30:00.0,Intermediário
3.75489,3.77547,2004-06-17 15:00:00.0,Intermediário
3.75667,3.77847,2004-06-17 15:30:00.0,Intermediário
3.76211,3.78393,2004-06-17 16:00:00.0,Intermediário
3.76211,3.78393,2004-06-17 16:30:00.0,Fechamento Interbancário
3.76953,3.77737,2004-06-17 17:44:00.0,Fechamento
3.77231,3.80269,2004-06-18 10:02:00.0,Abertura
3.77682,3.79874,2004-06-18 10:04:00.0,Intermediário
3.79015,3.81211,2004-06-18 10:49:00.0,Intermediário
3.79185,3.81504,2004-06-18 11:00:00.0,Intermediário
3.79751,3.81833,2004-06-18 11:30:00.0,Intermediário
3.7963,3.81833,2004-06-18 12:00:00.0,Intermediário
3.79566,3.81645,2004-06-18 12:30:00.0,Intermediário
3.79772,3.81853,2004-06-18 13:00:00.0,Intermediário
3.80366,3.8245,2004-06-18 13:30:00.0,Intermediário
3.80146,3.8223,2004-06-18 14:00:00.0,Intermediário
3.79992,3.82073,2004-06-18 14:30:00.0,Intermediário
3.79603,3.81684,2004-06-18 15:00:00.0,Intermediário
3.79666,3.81747,2004-06-18 15:30:00.0,Intermediário
3.80276,3.82359,2004-06-18 16:00:00.0,Intermediário
3.80186,3.82269,2004-06-18 16:30:00.0,Fechamento Interbancário
3.80793,3.81587,2004-06-18 17:50:00.0,Fechamento
3.78254,3.81296,2004-06-21 09:57:00.0,Abertura
3.78312,3.80384,2004-06-21 10:00:00.0,Intermediário
3.78187,3.8038,2004-06-21 10:30:00.0,Intermediário
3.76628,3.78815,2004-06-21 11:00:00.0,Intermediário
3.76896,3.79085,2004-06-21 11:30:00.0,Intermediário
3.76967,3.79034,2004-06-21 12:00:00.0,Intermediário
3.77061,3.79128,2004-06-21 12:30:00.0,Intermediário
3.7786,3.79929,2004-06-21 13:00:00.0,Intermediário
3.77798,3.79867,2004-06-21 13:30:00.0,Intermediário
3.77642,3.7971,2004-06-21 14:00:00.0,Intermediário
3.77735,3.79804,2004-06-21 14:30:00.0,Intermediário
3.78071,3.80141,2004-06-21 15:00:00.0,Intermediário
3.78192,3.80262,2004-06-21 15:30:00.0,Intermediário
3.78308,3.80258,2004-06-21 16:00:00.0,Intermediário
3.78554,3.80505,2004-06-21 16:30:00.0,Fechamento Interbancário
3.78825,3.79617,2004-06-21 17:51:00.0,Fechamento
3.77052,3.80089,2004-06-22 09:49:00.0,Abertura
3.78159,3.80112,2004-06-22 10:00:00.0,Intermediário
3.77686,3.79757,2004-06-22 10:30:00.0,Intermediário
3.78026,3.80098,2004-06-22 11:00:00.0,Intermediário
3.77865,3.79937,2004-06-22 11:30:00.0,Intermediário
3.77928,3.8,2004-06-22 12:00:00.0,Intermediário
3.78017,3.80089,2004-06-22 12:30:00.0,Intermediário
3.78205,3.80278,2004-06-22 13:00:00.0,Intermediário
3.77954,3.80027,2004-06-22 13:30:00.0,Intermediário
3.78048,3.80121,2004-06-22 14:00:00.0,Intermediário
3.78393,3.80466,2004-06-22 14:30:00.0,Intermediário
3.77959,3.80031,2004-06-22 15:00:00.0,Intermediário
3.77901,3.79972,2004-06-22 15:30:00.0,Intermediário
3.77932,3.79883,2004-06-22 16:00:00.0,Intermediário
3.78151,3.80102,2004-06-22 16:30:00.0,Fechamento Interbancário
3.78941,3.79731,2004-06-22 17:46:00.0,Fechamento
3.77231,3.80269,2004-06-23 09:33:00.0,Abertura
3.78017,3.80089,2004-06-23 10:00:00.0,Intermediário
3.77423,3.79491,2004-06-23 10:30:00.0,Intermediário
3.77047,3.79116,2004-06-23 11:00:00.0,Intermediário
3.76498,3.78686,2004-06-23 11:30:00.0,Intermediário
3.76931,3.78999,2004-06-23 12:02:00.0,Intermediário
3.77271,3.79218,2004-06-23 12:30:00.0,Intermediário
3.77146,3.79335,2004-06-23 13:00:00.0,Intermediário
3.77114,3.79182,2004-06-23 13:30:00.0,Intermediário
3.77364,3.79433,2004-06-23 14:00:00.0,Intermediário
3.77114,3.79182,2004-06-23 14:30:00.0,Intermediário
3.76176,3.7824,2004-06-23 15:00:00.0,Intermediário
3.75573,3.77755,2004-06-23 15:30:00.0,Intermediário
3.76239,3.78181,2004-06-23 16:00:00.0,Intermediário
3.75993,3.78178,2004-06-23 16:30:00.0,Fechamento Interbancário
3.77469,3.78253,2004-06-23 17:37:00.0,Fechamento
3.76323,3.7936,2004-06-24 09:48:00.0,Abertura
3.76351,3.78413,2004-06-24 10:00:00.0,Intermediário
3.76811,3.78753,2004-06-24 10:30:00.0,Intermediário
3.76731,3.78798,2004-06-24 11:00:00.0,Intermediário
3.75878,3.78061,2004-06-24 11:30:00.0,Intermediário
3.76793,3.7886,2004-06-24 12:00:00.0,Intermediário
3.76698,3.78763,2004-06-24 12:30:00.0,Intermediário
3.76729,3.78794,2004-06-24 13:00:00.0,Intermediário
3.77005,3.79073,2004-06-24 13:30:00.0,Intermediário
3.76884,3.78949,2004-06-24 14:00:00.0,Intermediário
3.76853,3.78918,2004-06-24 14:30:00.0,Intermediário
3.77034,3.791,2004-06-24 15:00:00.0,Intermediário
3.7685,3.7916,2004-06-24 15:30:00.0,Intermediário
3.75393,3.77573,2004-06-24 16:00:00.0,Intermediário
3.75607,3.77666,2004-06-24 16:30:00.0,Fechamento Interbancário
3.77473,3.78259,2004-06-24 17:39:00.0,Fechamento
3.75995,3.7903,2004-06-25 09:42:00.0,Abertura
3.76596,3.78659,2004-06-25 10:00:00.0,Intermediário
3.76164,3.78227,2004-06-25 10:30:00.0,Intermediário
3.76289,3.78229,2004-06-25 11:00:00.0,Intermediário
3.7677,3.78958,2004-06-25 11:30:00.0,Intermediário
3.76338,3.78525,2004-06-25 12:00:00.0,Intermediário
3.76923,3.78989,2004-06-25 12:30:00.0,Intermediário
3.7686,3.78926,2004-06-25 13:00:00.0,Intermediário
3.76829,3.78895,2004-06-25 13:30:00.0,Intermediário
3.76705,3.78771,2004-06-25 14:03:00.0,Intermediário
3.76767,3.78833,2004-06-25 14:30:00.0,Intermediário
3.77563,3.79632,2004-06-25 15:00:00.0,Intermediário
3.7729,3.79235,2004-06-25 15:30:00.0,Intermediário
3.76811,3.79118,2004-06-25 16:00:00.0,Intermediário
3.77389,3.79456,2004-06-25 16:30:00.0,Fechamento Interbancário
3.78151,3.78939,2004-06-25 17:39:00.0,Fechamento
3.78607,3.81658,2004-06-28 09:56:00.0,Abertura
3.79097,3.81415,2004-06-28 10:00:00.0,Intermediário
3.7961,3.81687,2004-06-28 10:30:00.0,Intermediário
3.801,3.82301,2004-06-28 11:00:00.0,Intermediário
3.80331,3.82413,2004-06-28 11:30:00.0,Intermediário
3.80175,3.82379,2004-06-28 12:00:00.0,Intermediário
3.80241,3.82322,2004-06-28 12:30:00.0,Intermediário
3.8118,3.83389,2004-06-28 13:00:00.0,Intermediário
3.80741,3.8295,2004-06-28 13:30:00.0,Intermediário
3.80086,3.82288,2004-06-28 14:00:00.0,Intermediário
3.80337,3.82539,2004-06-28 14:30:00.0,Intermediário
3.80098,3.82179,2004-06-28 15:00:00.0,Intermediário
3.79981,3.82186,2004-06-28 15:30:00.0,Intermediário
3.80047,3.82251,2004-06-28 16:00:00.0,Intermediário
3.80446,3.8253,2004-06-28 16:30:00.0,Fechamento Interbancário
3.80488,3.81279,2004-06-28 17:50:00.0,Fechamento
3.79678,3.82733,2004-06-29 09:47:00.0,Abertura
3.80184,3.82263,2004-06-29 10:00:00.0,Intermediário
3.78956,3.81153,2004-06-29 10:30:00.0,Intermediário
3.77061,3.79252,2004-06-29 11:00:00.0,Intermediário
3.76909,3.78977,2004-06-29 11:36:00.0,Intermediário
3.76718,3.78659,2004-06-29 12:00:00.0,Intermediário
3.76995,3.79061,2004-06-29 12:30:00.0,Intermediário
3.77088,3.79033,2004-06-29 13:00:00.0,Intermediário
3.76621,3.78563,2004-06-29 13:30:00.0,Intermediário
3.76839,3.78781,2004-06-29 14:00:00.0,Intermediário
3.7687,3.78815,2004-06-29 14:30:00.0,Intermediário
3.76999,3.79065,2004-06-29 15:00:00.0,Intermediário
3.75468,3.77647,2004-06-29 15:30:00.0,Intermediário
3.74725,3.76662,2004-06-29 16:00:00.0,Intermediário
3.74449,3.76506,2004-06-29 16:30:00.0,Fechamento Interbancário
3.76469,3.77252,2004-06-29 17:49:00.0,Fechamento
3.77118,3.80159,2004-06-30 09:36:00.0,Abertura
3.77053,3.7924,2004-06-30 10:00:00.0,Intermediário
3.78616,3.80692,2004-06-30 10:30:00.0,Intermediário
3.78104,3.80177,2004-06-30 11:00:00.0,Intermediário
3.77431,3.79501,2004-06-30 11:30:00.0,Intermediário
3.75814,3.77872,2004-06-30 12:00:00.0,Intermediário
3.76335,3.78522,2004-06-30 12:30:00.0,Intermediário
3.7664,3.78829,2004-06-30 13:00:00.0,Intermediário
3.76824,3.79013,2004-06-30 13:30:00.0,Intermediário
3.76424,3.78609,2004-06-30 14:00:00.0,Intermediário
3.76393,3.78578,2004-06-30 14:30:00.0,Intermediário
3.76483,3.78547,2004-06-30 15:00:00.0,Intermediário
3.76974,3.79164,2004-06-30 15:30:00.0,Intermediário
3.7534,3.77398,2004-06-30 16:00:00.0,Intermediário
3.75523,3.7746,2004-06-30 16:30:00.0,Fechamento Interbancário
3.78735,3.79522,2004-06-30 17:47:00.0,Fechamento
3.73207,3.76231,2004-07-01 09:50:00.0,Abertura
3.73634,3.75683,2004-07-01 10:00:00.0,Intermediário
3.72752,3.74919,2004-07-01 10:30:00.0,Intermediário
3.72079,3.74242,2004-07-01 11:07:00.0,Intermediário
3.72079,3.74242,2004-07-01 11:07:00.0,Intermediário
3.72776,3.74943,2004-07-01 11:30:00.0,Intermediário
3.7311,3.75156,2004-07-01 12:00:00.0,Intermediário
3.73412,3.7546,2004-07-01 12:30:00.0,Intermediário
3.73778,3.75827,2004-07-01 13:00:00.0,Intermediário
3.74176,3.7623,2004-07-01 13:30:00.0,Intermediário
3.74146,3.76196,2004-07-01 14:00:00.0,Intermediário
3.743,3.76353,2004-07-01 14:30:00.0,Intermediário
3.74483,3.76537,2004-07-01 15:00:00.0,Intermediário
3.73296,3.75342,2004-07-01 15:30:00.0,Intermediário
3.73177,3.75347,2004-07-01 16:15:00.0,Intermediário
3.72686,3.74852,2004-07-01 17:52:00.0,Fechamento Interbancário
3.73537,3.74317,2004-07-01 17:56:00.0,Fechamento
3.76854,3.79905,2004-07-02 09:50:00.0,Abertura
3.74988,3.77044,2004-07-02 10:06:00.0,Intermediário
3.74187,3.76364,2004-07-02 10:30:00.0,Intermediário
3.74707,3.76761,2004-07-02 11:00:00.0,Intermediário
3.74738,3.76793,2004-07-02 11:30:00.0,Intermediário
3.74124,3.76175,2004-07-02 12:00:00.0,Intermediário
3.73448,3.75496,2004-07-02 12:30:00.0,Intermediário
3.73355,3.75401,2004-07-02 13:00:00.0,Intermediário
3.73628,3.75678,2004-07-02 13:30:00.0,Intermediário
3.73841,3.75891,2004-07-02 14:00:00.0,Intermediário
3.7378,3.7583,2004-07-02 14:30:00.0,Intermediário
3.74117,3.76168,2004-07-02 15:00:00.0,Intermediário
3.7412,3.76172,2004-07-02 15:30:00.0,Intermediário
3.73443,3.75492,2004-07-02 16:00:00.0,Intermediário
3.73413,3.75461,2004-07-02 16:30:00.0,Fechamento Interbancário
3.75467,3.76248,2004-07-02 17:51:00.0,Fechamento
3.7146,3.74485,2004-07-05 09:49:00.0,Abertura
3.72103,3.74146,2004-07-05 10:00:00.0,Intermediário
3.73083,3.75377,2004-07-05 10:30:00.0,Intermediário
3.72409,3.7433,2004-07-05 11:00:00.0,Intermediário
3.72104,3.74148,2004-07-05 11:30:00.0,Intermediário
3.71773,3.73814,2004-07-05 12:00:00.0,Intermediário
3.72228,3.74273,2004-07-05 12:30:00.0,Intermediário
3.70696,3.72733,2004-07-05 13:00:00.0,Intermediário
3.71155,3.73195,2004-07-05 13:30:00.0,Intermediário
3.71307,3.73346,2004-07-05 14:00:00.0,Intermediário
3.71277,3.73316,2004-07-05 14:30:00.0,Intermediário
3.71248,3.73165,2004-07-05 15:00:00.0,Intermediário
3.7036,3.72396,2004-07-05 15:30:00.0,Intermediário
3.70662,3.72698,2004-07-05 16:00:00.0,Intermediário
3.70419,3.72454,2004-07-05 16:30:00.0,Fechamento Interbancário
3.72088,3.7286,2004-07-05 17:58:00.0,Fechamento
3.72702,3.75735,2004-07-06 09:44:00.0,Abertura
3.73595,3.75767,2004-07-06 10:00:00.0,Intermediário
3.73507,3.75553,2004-07-06 10:30:00.0,Intermediário
3.73964,3.76262,2004-07-06 11:00:00.0,Intermediário
3.72901,3.74949,2004-07-06 11:30:00.0,Intermediário
3.72599,3.74766,2004-07-06 12:00:00.0,Intermediário
3.72472,3.74517,2004-07-06 12:30:00.0,Intermediário
3.72776,3.74822,2004-07-06 13:00:00.0,Intermediário
3.7299,3.75036,2004-07-06 13:30:00.0,Intermediário
3.73294,3.7534,2004-07-06 14:00:00.0,Intermediário
3.73666,3.75716,2004-07-06 17:33:00.0,Fechamento Interbancário
3.73371,3.74144,2004-07-06 18:25:00.0,Fechamento
3.74627,3.7767,2004-07-07 09:41:00.0,Abertura
3.74467,3.76518,2004-07-07 10:00:00.0,Intermediário
3.74991,3.77168,2004-07-07 10:30:00.0,Intermediário
3.74991,3.77044,2004-07-07 11:00:00.0,Intermediário
3.74498,3.76549,2004-07-07 11:30:00.0,Intermediário
3.74591,3.76518,2004-07-07 12:00:00.0,Intermediário
3.74214,3.76265,2004-07-07 12:30:00.0,Intermediário
3.74146,3.76199,2004-07-07 13:00:00.0,Intermediário
3.73876,3.75926,2004-07-07 13:30:00.0,Intermediário
3.73876,3.75926,2004-07-07 14:00:00.0,Intermediário
3.73664,3.75714,2004-07-07 14:30:00.0,Intermediário
3.7437,3.76298,2004-07-07 15:00:00.0,Intermediário
3.74156,3.76331,2004-07-07 15:30:00.0,Intermediário
3.74374,3.76425,2004-07-07 16:00:00.0,Intermediário
3.74251,3.76301,2004-07-07 16:30:00.0,Fechamento Interbancário
3.75231,3.7601,2004-07-07 17:39:00.0,Fechamento
3.75177,3.78223,2004-07-08 10:02:00.0,Abertura
3.75236,3.77293,2004-07-08 10:05:00.0,Intermediário
3.75295,3.77352,2004-07-08 10:30:00.0,Intermediário
3.75628,3.77813,2004-07-08 11:00:00.0,Intermediário
3.75993,3.78178,2004-07-08 11:30:00.0,Intermediário
3.76454,3.78515,2004-07-08 12:00:00.0,Intermediário
3.75841,3.77902,2004-07-08 12:30:00.0,Intermediário
3.76026,3.78087,2004-07-08 13:00:00.0,Intermediário
3.76026,3.78087,2004-07-08 13:30:00.0,Intermediário
3.76117,3.78178,2004-07-08 14:00:00.0,Intermediário
3.76117,3.78178,2004-07-08 14:30:00.0,Intermediário
3.76707,3.78771,2004-07-08 15:00:00.0,Intermediário
3.78097,3.80168,2004-07-08 15:30:00.0,Intermediário
3.78345,3.80417,2004-07-08 16:00:00.0,Intermediário
3.77912,3.79983,2004-07-08 16:30:00.0,Fechamento Interbancário
3.77297,3.78079,2004-07-08 17:41:00.0,Fechamento
3.76028,3.79083,2004-07-09 09:49:00.0,Abertura
3.76646,3.78834,2004-07-09 10:00:00.0,Intermediário
3.7652,3.78584,2004-07-09 10:30:00.0,Intermediário
3.76708,3.78773,2004-07-09 11:00:00.0,Intermediário
3.76124,3.78063,2004-07-09 11:30:00.0,Intermediário
3.7544,3.77871,2004-07-09 12:00:00.0,Intermediário
3.75564,3.77623,2004-07-09 12:30:00.0,Intermediário
3.7547,3.77405,2004-07-09 13:00:00.0,Intermediário
3.75592,3.77526,2004-07-09 13:30:00.0,Intermediário
3.75592,3.77526,2004-07-09 14:00:00.0,Intermediário
3.75561,3.77496,2004-07-09 14:30:00.0,Intermediário
3.76143,3.78327,2004-07-09 15:00:00.0,Intermediário
3.7611,3.78294,2004-07-09 15:30:00.0,Intermediário
3.7611,3.78294,2004-07-09 16:00:00.0,Intermediário
3.76202,3.78386,2004-07-09 16:30:00.0,Fechamento Interbancário
3.77458,3.78239,2004-07-09 18:02:00.0,Fechamento
3.7608,3.79135,2004-07-12 09:54:00.0,Abertura
3.75676,3.77857,2004-07-12 10:20:00.0,Intermediário
3.75863,3.77921,2004-07-12 10:30:00.0,Intermediário
3.75559,3.77742,2004-07-12 11:00:00.0,Intermediário
3.76115,3.78175,2004-07-12 11:30:00.0,Intermediário
3.76391,3.78452,2004-07-12 13:11:00.0,Intermediário
3.7611,3.7817,2004-07-12 13:24:00.0,Intermediário
3.76295,3.78355,2004-07-12 13:30:00.0,Intermediário
3.75839,3.77899,2004-07-12 13:33:00.0,Intermediário
3.76356,3.78416,2004-07-12 14:00:00.0,Intermediário
3.76082,3.78142,2004-07-12 14:30:00.0,Intermediário
3.75524,3.77706,2004-07-12 15:00:00.0,Intermediário
3.75706,3.77639,2004-07-12 15:30:00.0,Intermediário
3.75431,3.77487,2004-07-12 16:24:00.0,Intermediário
3.75491,3.77548,2004-07-12 16:30:00.0,Fechamento Interbancário
3.76222,3.77001,2004-07-12 17:42:00.0,Fechamento
3.74291,3.77333,2004-07-13 09:40:00.0,Abertura
3.74272,3.76201,2004-07-13 10:00:00.0,Intermediário
3.73932,3.76106,2004-07-13 10:30:00.0,Intermediário
3.74121,3.76294,2004-07-13 11:00:00.0,Intermediário
3.73904,3.75955,2004-07-13 11:30:00.0,Intermediário
3.74271,3.76322,2004-07-13 12:00:00.0,Intermediário
3.73907,3.75956,2004-07-13 12:30:00.0,Intermediário
3.73663,3.75712,2004-07-13 13:00:00.0,Intermediário
3.73998,3.76047,2004-07-13 13:30:00.0,Intermediário
3.7412,3.76172,2004-07-13 14:00:00.0,Intermediário
3.73876,3.75925,2004-07-13 14:30:00.0,Intermediário
3.73538,3.75585,2004-07-13 15:00:00.0,Intermediário
3.72738,3.7478,2004-07-13 15:30:00.0,Intermediário
3.73744,3.75796,2004-07-13 16:00:00.0,Intermediário
3.73627,3.75552,2004-07-13 16:30:00.0,Fechamento Interbancário
3.74791,3.75571,2004-07-13 17:39:00.0,Fechamento
3.75125,3.78175,2004-07-14 09:34:00.0,Abertura
3.75865,3.77924,2004-07-14 10:00:00.0,Intermediário
3.75302,3.77357,2004-07-14 10:30:00.0,Intermediário
3.74779,3.76956,2004-07-14 11:00:00.0,Intermediário
3.74867,3.77044,2004-07-14 11:30:00.0,Intermediário
3.74327,3.76381,2004-07-14 12:00:00.0,Intermediário
3.74146,3.76199,2004-07-14 12:30:00.0,Intermediário
3.73619,3.75669,2004-07-14 13:00:00.0,Intermediário
3.7374,3.7579,2004-07-14 13:30:00.0,Intermediário
3.73891,3.75941,2004-07-14 14:00:00.0,Intermediário
3.73981,3.76032,2004-07-14 14:30:00.0,Intermediário
3.73704,3.75753,2004-07-14 15:00:00.0,Intermediário
3.73272,3.7532,2004-07-14 15:30:00.0,Intermediário
3.73891,3.75941,2004-07-14 16:00:00.0,Intermediário
3.73772,3.75823,2004-07-14 16:30:00.0,Fechamento Interbancário
3.74629,3.75407,2004-07-14 17:45:00.0,Fechamento
3.72128,3.7516,2004-07-15 09:57:00.0,Abertura
3.72498,3.74541,2004-07-15 10:00:00.0,Intermediário
3.73296,3.75342,2004-07-15 10:30:00.0,Intermediário
3.72919,3.75088,2004-07-15 11:00:00.0,Intermediário
3.72831,3.74876,2004-07-15 11:30:00.0,Intermediário
3.73075,3.75121,2004-07-15 12:00:00.0,Intermediário
3.73168,3.75215,2004-07-15 12:30:00.0,Intermediário
3.724,3.74441,2004-07-15 13:00:00.0,Intermediário
3.72189,3.74229,2004-07-15 13:30:00.0,Intermediário
3.71947,3.73988,2004-07-15 14:00:00.0,Intermediário
3.71736,3.73776,2004-07-15 14:30:00.0,Intermediário
3.71123,3.73037,2004-07-15 15:00:00.0,Intermediário
3.71583,3.73622,2004-07-15 15:30:00.0,Intermediário
3.71216,3.7313,2004-07-15 16:00:00.0,Intermediário
3.71427,3.73342,2004-07-15 16:30:00.0,Fechamento Interbancário
3.72899,3.73675,2004-07-15 17:43:00.0,Fechamento
3.70559,3.73588,2004-07-16 10:01:00.0,Abertura
3.712,3.73237,2004-07-16 10:05:00.0,Intermediário
3.71634,3.73797,2004-07-16 10:30:00.0,Intermediário
3.72843,3.74887,2004-07-16 11:00:00.0,Intermediário
3.72791,3.74836,2004-07-16 11:30:00.0,Intermediário
3.72916,3.74961,2004-07-16 12:00:00.0,Intermediário
3.72851,3.74896,2004-07-16 12:30:00.0,Intermediário
3.71901,3.73942,2004-07-16 13:00:00.0,Intermediário
3.71871,3.73912,2004-07-16 13:30:00.0,Intermediário
3.72051,3.74092,2004-07-16 14:00:00.0,Intermediário
3.722,3.74242,2004-07-16 14:30:00.0,Intermediário
3.72111,3.74277,2004-07-16 15:00:00.0,Intermediário
3.72633,3.74677,2004-07-16 15:30:00.0,Intermediário
3.72663,3.74707,2004-07-16 16:00:00.0,Intermediário
3.72663,3.74707,2004-07-16 16:30:00.0,Fechamento Interbancário
3.73446,3.74218,2004-07-16 17:46:00.0,Fechamento
3.70377,3.73404,2004-07-19 09:47:00.0,Abertura
3.70723,3.72756,2004-07-19 10:00:00.0,Intermediário
3.71458,3.73497,2004-07-19 10:30:00.0,Intermediário
3.71296,3.73458,2004-07-19 11:00:00.0,Intermediário
3.7083,3.72865,2004-07-19 11:30:00.0,Intermediário
3.70587,3.72621,2004-07-19 12:00:00.0,Intermediário
3.71041,3.73079,2004-07-19 12:30:00.0,Intermediário
3.71161,3.73199,2004-07-19 13:00:00.0,Intermediário
3.71071,3.73109,2004-07-19 13:30:00.0,Intermediário
3.70984,3.73019,2004-07-19 14:00:00.0,Intermediário
3.7122,3.73259,2004-07-19 14:30:00.0,Intermediário
3.71028,3.73189,2004-07-19 15:00:00.0,Intermediário
3.71122,3.73159,2004-07-19 15:30:00.0,Intermediário
3.70942,3.7298,2004-07-19 16:00:00.0,Intermediário
3.71464,3.73503,2004-07-19 16:30:00.0,Fechamento Interbancário
3.71976,3.72747,2004-07-19 17:41:00.0,Fechamento
3.70907,3.73937,2004-07-20 09:45:00.0,Abertura
3.7141,3.73448,2004-07-20 10:00:00.0,Intermediário
3.7104,3.73076,2004-07-20 10:30:00.0,Intermediário
3.70526,3.72558,2004-07-20 11:00:00.0,Intermediário
3.7109,3.73129,2004-07-20 11:30:00.0,Intermediário
3.70449,3.72482,2004-07-20 12:00:00.0,Intermediário
3.70656,3.72692,2004-07-20 12:30:00.0,Intermediário
3.7066,3.72696,2004-07-20 13:00:00.0,Intermediário
3.70512,3.72546,2004-07-20 13:30:00.0,Intermediário
3.70633,3.72666,2004-07-20 14:00:00.0,Intermediário
3.7069,3.72726,2004-07-20 14:30:00.0,Intermediário
3.69955,3.71862,2004-07-20 15:00:00.0,Intermediário
3.70079,3.7211,2004-07-20 15:30:00.0,Intermediário
3.69252,3.71282,2004-07-20 16:00:00.0,Intermediário
3.69384,3.71412,2004-07-20 16:30:00.0,Fechamento Interbancário
3.70241,3.71012,2004-07-20 17:43:00.0,Fechamento
3.68853,3.71866,2004-07-21 09:49:00.0,Abertura
3.68684,3.7071,2004-07-21 10:00:00.0,Intermediário
3.69593,3.71748,2004-07-21 10:30:00.0,Intermediário
3.69591,3.71622,2004-07-21 11:00:00.0,Intermediário
3.6912,3.71147,2004-07-21 11:33:00.0,Intermediário
3.69953,3.71985,2004-07-21 12:00:00.0,Intermediário
3.70532,3.72689,2004-07-21 12:30:00.0,Intermediário
3.70715,3.72751,2004-07-21 13:00:00.0,Intermediário
3.7129,3.73328,2004-07-21 13:30:00.0,Intermediário
3.70925,3.72963,2004-07-21 14:00:00.0,Intermediário
3.70895,3.72933,2004-07-21 14:30:00.0,Intermediário
3.712,3.73239,2004-07-21 15:00:00.0,Intermediário
3.7068,3.72717,2004-07-21 15:30:00.0,Intermediário
3.69825,3.71979,2004-07-21 16:00:00.0,Intermediário
3.69975,3.72007,2004-07-21 16:30:00.0,Fechamento Interbancário
3.70485,3.71255,2004-07-21 17:44:00.0,Fechamento
3.70033,3.73047,2004-07-22 09:55:00.0,Abertura
3.71255,3.73291,2004-07-22 10:00:00.0,Intermediário
3.72288,3.74332,2004-07-22 10:30:00.0,Intermediário
3.71743,3.73783,2004-07-22 11:00:00.0,Intermediário
3.71248,3.73165,2004-07-22 11:30:00.0,Intermediário
3.71131,3.73168,2004-07-22 12:00:00.0,Intermediário
3.71437,3.73477,2004-07-22 12:30:00.0,Intermediário
3.72539,3.74706,2004-07-22 13:00:00.0,Intermediário
3.72081,3.7412,2004-07-22 13:30:00.0,Intermediário
3.72142,3.74184,2004-07-22 14:00:00.0,Intermediário
3.72081,3.7412,2004-07-22 14:30:00.0,Intermediário
3.741,3.76152,2004-07-22 15:00:00.0,Intermediário
3.72723,3.74769,2004-07-22 15:30:00.0,Intermediário
3.71473,3.73513,2004-07-22 16:00:00.0,Intermediário
3.7129,3.73328,2004-07-22 16:30:00.0,Fechamento Interbancário
3.7214,3.72913,2004-07-22 17:44:00.0,Fechamento
3.69653,3.72658,2004-07-23 09:52:00.0,Abertura
3.70077,3.72109,2004-07-23 10:00:00.0,Intermediário
3.69502,3.7153,2004-07-23 10:30:00.0,Intermediário
3.69138,3.71166,2004-07-23 11:00:00.0,Intermediário
3.6932,3.71349,2004-07-23 11:30:00.0,Intermediário
3.67046,3.69062,2004-07-23 12:03:00.0,Intermediário
3.67682,3.69703,2004-07-23 12:30:00.0,Intermediário
3.68106,3.70129,2004-07-23 13:00:00.0,Intermediário
3.67984,3.70007,2004-07-23 13:30:00.0,Intermediário
3.68316,3.70342,2004-07-23 14:00:00.0,Intermediário
3.68255,3.70281,2004-07-23 14:30:00.0,Intermediário
3.68952,3.71223,2004-07-23 15:00:00.0,Intermediário
3.68739,3.71006,2004-07-23 15:30:00.0,Intermediário
3.68431,3.70578,2004-07-23 16:00:00.0,Intermediário
3.68946,3.70852,2004-07-23 16:30:00.0,Fechamento Interbancário
3.68317,3.69087,2004-07-23 17:40:00.0,Fechamento
3.68804,3.71804,2004-07-26 09:56:00.0,Abertura
3.6938,3.71408,2004-07-26 10:00:00.0,Intermediário
3.69773,3.71804,2004-07-26 10:30:00.0,Intermediário
3.68832,3.70981,2004-07-26 11:00:00.0,Intermediário
3.69712,3.71743,2004-07-26 11:30:00.0,Intermediário
3.70561,3.72596,2004-07-26 12:00:00.0,Intermediário
3.70376,3.72411,2004-07-26 12:30:00.0,Intermediário
3.71737,3.73901,2004-07-26 13:00:00.0,Intermediário
3.72198,3.74362,2004-07-26 13:30:00.0,Intermediário
3.72167,3.74331,2004-07-26 14:00:00.0,Intermediário
3.71921,3.74086,2004-07-26 14:30:00.0,Intermediário
3.71285,3.73446,2004-07-26 15:00:00.0,Intermediário
3.71435,3.73476,2004-07-26 15:30:00.0,Intermediário
3.7274,3.74787,2004-07-26 16:00:00.0,Intermediário
3.72835,3.7488,2004-07-26 16:30:00.0,Fechamento Interbancário
3.70934,3.7171,2004-07-26 18:08:00.0,Fechamento
3.71473,3.74486,2004-07-27 09:56:00.0,Abertura
3.71745,3.73906,2004-07-27 10:00:00.0,Intermediário
3.71348,3.73387,2004-07-27 10:30:00.0,Intermediário
3.70675,3.72713,2004-07-27 11:00:00.0,Intermediário
3.6987,3.71904,2004-07-27 11:33:00.0,Intermediário
3.68513,3.7066,2004-07-27 12:00:00.0,Intermediário
3.68721,3.70745,2004-07-27 12:30:00.0,Intermediário
3.69108,3.71135,2004-07-27 13:00:00.0,Intermediário
3.69384,3.71412,2004-07-27 13:30:00.0,Intermediário
3.69538,3.71568,2004-07-27 14:00:00.0,Intermediário
3.69292,3.7132,2004-07-27 14:30:00.0,Intermediário
3.69405,3.71434,2004-07-27 15:00:00.0,Intermediário
3.68589,3.70616,2004-07-27 15:30:00.0,Intermediário
3.67809,3.70073,2004-07-27 16:00:00.0,Intermediário
3.68325,3.70349,2004-07-27 16:30:00.0,Fechamento Interbancário
3.69538,3.7031,2004-07-27 17:44:00.0,Fechamento
3.66432,3.69414,2004-07-28 09:57:00.0,Abertura
3.66973,3.6899,2004-07-28 10:00:00.0,Intermediário
3.67359,3.69379,2004-07-28 10:30:00.0,Intermediário
3.66348,3.68363,2004-07-28 11:02:00.0,Intermediário
3.67411,3.69433,2004-07-28 11:30:00.0,Intermediário
3.67232,3.69133,2004-07-28 12:00:00.0,Intermediário
3.66689,3.68708,2004-07-28 12:30:00.0,Intermediário
3.66878,3.68896,2004-07-28 13:00:00.0,Intermediário
3.67244,3.69262,2004-07-28 13:30:00.0,Intermediário
3.6703,3.69048,2004-07-28 14:00:00.0,Intermediário
3.67183,3.69201,2004-07-28 14:30:00.0,Intermediário
3.67729,3.69752,2004-07-28 15:00:00.0,Intermediário
3.67637,3.69657,2004-07-28 15:30:00.0,Intermediário
3.67395,3.69414,2004-07-28 16:00:00.0,Intermediário
3.66998,3.69017,2004-07-28 16:30:00.0,Fechamento Interbancário
3.67902,3.6867,2004-07-28 17:42:00.0,Fechamento
3.65043,3.68019,2004-07-29 09:55:00.0,Abertura
3.6468,3.66689,2004-07-29 10:00:00.0,Intermediário
3.64589,3.66716,2004-07-29 10:30:00.0,Intermediário
3.64858,3.66868,2004-07-29 11:00:00.0,Intermediário
3.66283,3.68296,2004-07-29 11:30:00.0,Intermediário
3.65894,3.67907,2004-07-29 12:00:00.0,Intermediário
3.66135,3.68151,2004-07-29 12:30:00.0,Intermediário
3.6472,3.66727,2004-07-29 13:00:00.0,Intermediário
3.64839,3.66969,2004-07-29 13:30:00.0,Intermediário
3.64294,3.6642,2004-07-29 14:00:00.0,Intermediário
3.63991,3.66116,2004-07-29 14:30:00.0,Intermediário
3.6333,3.65452,2004-07-29 15:00:00.0,Intermediário
3.63629,3.65633,2004-07-29 15:30:00.0,Intermediário
3.6438,3.66388,2004-07-29 16:00:00.0,Intermediário
3.64409,3.66417,2004-07-29 16:30:00.0,Fechamento Interbancário
3.65455,3.66219,2004-07-29 17:59:00.0,Fechamento
3.6484,3.67816,2004-07-30 09:36:00.0,Abertura
3.64417,3.66545,2004-07-30 10:00:00.0,Intermediário
3.65565,3.67454,2004-07-30 10:30:00.0,Intermediário
3.64388,3.66515,2004-07-30 11:00:00.0,Intermediário
3.64568,3.66576,2004-07-30 11:30:00.0,Intermediário
3.62609,3.64487,2004-07-30 12:00:00.0,Intermediário
3.63873,3.65876,2004-07-30 12:30:00.0,Intermediário
3.62759,3.64757,2004-07-30 13:00:00.0,Intermediário
3.6285,3.64848,2004-07-30 13:30:00.0,Intermediário
3.62215,3.64209,2004-07-30 14:00:00.0,Intermediário
3.62699,3.64697,2004-07-30 14:30:00.0,Intermediário
3.63749,3.65872,2004-07-30 15:00:00.0,Intermediário
3.64168,3.66294,2004-07-30 15:30:00.0,Intermediário
3.64016,3.66018,2004-07-30 16:00:00.0,Intermediário
3.64139,3.66264,2004-07-30 16:30:00.0,Fechamento Interbancário
3.63241,3.64003,2004-07-30 17:56:00.0,Fechamento
3.66013,3.68992,2004-08-02 09:43:00.0,Abertura
3.66102,3.68235,2004-08-02 10:00:00.0,Intermediário
3.67093,3.69111,2004-08-02 10:30:00.0,Intermediário
3.66519,3.68535,2004-08-02 11:00:00.0,Intermediário
3.66573,3.6859,2004-08-02 11:30:00.0,Intermediário
3.66031,3.68047,2004-08-02 12:00:00.0,Intermediário
3.65671,3.67805,2004-08-02 12:30:00.0,Intermediário
3.65791,3.67805,2004-08-02 13:00:00.0,Intermediário
3.65852,3.67866,2004-08-02 13:30:00.0,Intermediário
3.65882,3.67897,2004-08-02 14:00:00.0,Intermediário
3.65608,3.67622,2004-08-02 14:30:00.0,Intermediário
3.65128,3.6714,2004-08-02 15:00:00.0,Intermediário
3.6525,3.67262,2004-08-02 15:30:00.0,Intermediário
3.65791,3.67805,2004-08-02 16:00:00.0,Intermediário
3.65608,3.67502,2004-08-02 16:30:00.0,Fechamento Interbancário
3.66166,3.66933,2004-08-02 17:38:00.0,Fechamento
3.66426,3.69408,2004-08-03 20:11:00.0,Abertura
3.67787,3.68555,2004-08-03 20:30:00.0,Fechamento
3.65317,3.6829,2004-08-04 09:56:00.0,Abertura
3.65795,3.6781,2004-08-04 10:00:00.0,Intermediário
3.66335,3.68352,2004-08-04 10:30:00.0,Intermediário
3.65253,3.67264,2004-08-04 11:00:00.0,Intermediário
3.66896,3.68915,2004-08-04 11:30:00.0,Intermediário
3.67573,3.69593,2004-08-04 12:00:00.0,Intermediário
3.67391,3.69411,2004-08-04 12:30:00.0,Intermediário
3.67695,3.69715,2004-08-04 13:00:00.0,Intermediário
3.67179,3.69198,2004-08-04 13:30:00.0,Intermediário
3.67057,3.69076,2004-08-04 14:00:00.0,Intermediário
3.67149,3.69168,2004-08-04 14:30:00.0,Intermediário
3.66935,3.68954,2004-08-04 15:00:00.0,Intermediário
3.66935,3.68954,2004-08-04 15:30:00.0,Intermediário
3.66845,3.68864,2004-08-04 16:09:00.0,Intermediário
3.66815,3.68833,2004-08-04 16:30:00.0,Fechamento Interbancário
3.68044,3.68813,2004-08-04 17:41:00.0,Fechamento
3.67322,3.70309,2004-08-05 09:54:00.0,Abertura
3.67529,3.69552,2004-08-05 10:00:00.0,Intermediário
3.68132,3.70157,2004-08-05 10:30:00.0,Intermediário
3.67802,3.69826,2004-08-05 11:00:00.0,Intermediário
3.6763,3.6953,2004-08-05 11:30:00.0,Intermediário
3.67479,3.695,2004-08-05 12:00:00.0,Intermediário
3.67634,3.69533,2004-08-05 12:30:00.0,Intermediário
3.67481,3.6938,2004-08-05 13:00:00.0,Intermediário
3.67512,3.69411,2004-08-05 13:30:00.0,Intermediário
3.67756,3.69656,2004-08-05 14:00:00.0,Intermediário
3.67848,3.69747,2004-08-05 14:30:00.0,Intermediário
3.6857,3.70594,2004-08-05 15:00:00.0,Intermediário
3.68872,3.70897,2004-08-05 15:30:00.0,Intermediário
3.69471,3.71379,2004-08-05 16:00:00.0,Intermediário
3.69412,3.71441,2004-08-05 16:30:00.0,Fechamento Interbancário
3.69355,3.70126,2004-08-05 17:43:00.0,Fechamento
3.72176,3.75202,2004-08-06 09:45:00.0,Abertura
3.73245,3.75414,2004-08-06 10:00:00.0,Intermediário
3.73275,3.75324,2004-08-06 10:30:00.0,Intermediário
3.72359,3.74526,2004-08-06 11:00:00.0,Intermediário
3.72939,3.74985,2004-08-06 11:30:00.0,Intermediário
3.72939,3.74984,2004-08-06 12:00:00.0,Intermediário
3.7202,3.7406,2004-08-06 12:30:00.0,Intermediário
3.7211,3.74276,2004-08-06 13:00:00.0,Intermediário
3.7202,3.7406,2004-08-06 13:30:00.0,Intermediário
3.72415,3.74458,2004-08-06 14:00:00.0,Intermediário
3.72324,3.74367,2004-08-06 14:30:00.0,Intermediário
3.72228,3.74396,2004-08-06 15:19:00.0,Intermediário
3.71468,3.73507,2004-08-06 15:30:00.0,Intermediário
3.71523,3.73564,2004-08-06 16:18:00.0,Intermediário
3.71614,3.73655,2004-08-06 16:30:00.0,Fechamento Interbancário
3.7406,3.74835,2004-08-06 17:41:00.0,Fechamento
3.70583,3.73599,2004-08-09 20:17:00.0,Abertura
3.72554,3.73327,2004-08-09 20:38:00.0,Fechamento
3.71313,3.74335,2004-08-10 21:19:00.0,Abertura
3.70224,3.70994,2004-08-10 21:42:00.0,Fechamento
3.70955,3.73974,2004-08-11 21:56:00.0,Abertura
3.71381,3.72153,2004-08-11 22:23:00.0,Fechamento
3.70307,3.73322,2004-08-12 22:05:00.0,Abertura
3.70736,3.71506,2004-08-12 22:24:00.0,Fechamento
3.72372,3.75401,2004-08-13 18:36:00.0,Abertura
3.73781,3.74557,2004-08-13 18:55:00.0,Fechamento
3.71879,3.74909,2004-08-16 20:43:00.0,Abertura
3.72198,3.72972,2004-08-16 21:05:00.0,Fechamento
3.72047,3.7508,2004-08-17 20:16:00.0,Abertura
3.6984,3.7061,2004-08-17 20:42:00.0,Fechamento
3.69222,3.72241,2004-08-18 17:03:00.0,Abertura
3.68774,3.69543,2004-08-18 17:55:00.0,Fechamento
3.66719,3.69727,2004-08-19 09:34:00.0,Abertura
3.66002,3.68138,2004-08-19 10:03:00.0,Intermediário
3.66372,3.68385,2004-08-19 10:51:00.0,Intermediário
3.66886,3.68901,2004-08-19 11:00:00.0,Intermediário
3.67435,3.69451,2004-08-19 11:30:00.0,Intermediário
3.66979,3.68995,2004-08-19 12:00:00.0,Intermediário
3.67409,3.69426,2004-08-19 12:30:00.0,Intermediário
3.67307,3.69326,2004-08-19 13:00:00.0,Intermediário
3.6686,3.68876,2004-08-19 13:30:00.0,Intermediário
3.6686,3.68876,2004-08-19 14:00:00.0,Intermediário
3.67307,3.69326,2004-08-19 14:48:00.0,Intermediário
3.67583,3.69603,2004-08-19 15:09:00.0,Intermediário
3.68077,3.701,2004-08-19 15:30:00.0,Intermediário
3.68298,3.70195,2004-08-19 16:00:00.0,Intermediário
3.68388,3.70412,2004-08-19 16:30:00.0,Fechamento Interbancário
3.68226,3.68992,2004-08-19 17:42:00.0,Fechamento
3.66205,3.69205,2004-08-20 09:55:00.0,Abertura
3.66358,3.68371,2004-08-20 10:00:00.0,Intermediário
3.65189,3.67197,2004-08-20 10:30:00.0,Intermediário
3.6471,3.66716,2004-08-20 11:00:00.0,Intermediário
3.65271,3.6728,2004-08-20 11:30:00.0,Intermediário
3.65788,3.67799,2004-08-20 12:00:00.0,Intermediário
3.65964,3.67978,2004-08-20 12:30:00.0,Intermediário
3.6603,3.68042,2004-08-20 13:09:00.0,Intermediário
3.65762,3.67774,2004-08-20 13:30:00.0,Intermediário
3.65435,3.67444,2004-08-20 14:00:00.0,Intermediário
3.65554,3.67563,2004-08-20 14:30:00.0,Intermediário
3.64415,3.66664,2004-08-20 15:00:00.0,Intermediário
3.64203,3.66082,2004-08-20 15:30:00.0,Intermediário
3.63834,3.65958,2004-08-20 16:00:00.0,Intermediário
3.64296,3.66175,2004-08-20 16:30:00.0,Fechamento Interbancário
3.65871,3.66636,2004-08-20 17:41:00.0,Fechamento
3.62863,3.65843,2004-08-23 09:52:00.0,Abertura
3.632,3.652,2004-08-23 10:00:00.0,Intermediário
3.6242,3.64415,2004-08-23 10:30:00.0,Intermediário
3.62896,3.64895,2004-08-23 11:00:00.0,Intermediário
3.62786,3.64783,2004-08-23 11:30:00.0,Intermediário
3.62403,3.64274,2004-08-23 12:00:00.0,Intermediário
3.61799,3.63914,2004-08-23 12:30:00.0,Intermediário
3.60737,3.62724,2004-08-23 13:00:00.0,Intermediário
3.60799,3.62787,2004-08-23 13:30:00.0,Intermediário
3.60621,3.62609,2004-08-23 14:00:00.0,Intermediário
3.6071,3.62698,2004-08-23 14:30:00.0,Intermediário
3.59927,3.61913,2004-08-23 15:00:00.0,Intermediário
3.58675,3.60652,2004-08-23 15:30:00.0,Intermediário
3.59045,3.61024,2004-08-23 16:00:00.0,Intermediário
3.58867,3.60846,2004-08-23 16:30:00.0,Fechamento Interbancário
3.6027,3.61027,2004-08-23 17:52:00.0,Fechamento
3.57143,3.60084,2004-08-24 09:42:00.0,Abertura
3.5771,3.59682,2004-08-24 10:00:00.0,Intermediário
3.57168,3.59137,2004-08-24 10:30:00.0,Intermediário
3.57705,3.598,2004-08-24 11:00:00.0,Intermediário
3.57377,3.59347,2004-08-24 11:30:00.0,Intermediário
3.57643,3.59616,2004-08-24 12:00:00.0,Intermediário
3.57248,3.59219,2004-08-24 12:30:00.0,Intermediário
3.5615,3.58116,2004-08-24 13:12:00.0,Intermediário
3.55767,3.57732,2004-08-24 13:30:00.0,Intermediário
3.55415,3.57378,2004-08-24 14:00:00.0,Intermediário
3.55796,3.57762,2004-08-24 14:30:00.0,Intermediário
3.56062,3.58028,2004-08-24 15:00:00.0,Intermediário
3.55743,3.57827,2004-08-24 15:30:00.0,Intermediário
3.5601,3.57978,2004-08-24 16:00:00.0,Intermediário
3.56249,3.58217,2004-08-24 16:30:00.0,Fechamento Interbancário
3.56974,3.57722,2004-08-24 17:50:00.0,Fechamento
3.56005,3.58941,2004-08-25 09:59:00.0,Abertura
3.56515,3.58604,2004-08-25 10:00:00.0,Intermediário
3.56488,3.58456,2004-08-25 10:30:00.0,Intermediário
3.56631,3.58598,2004-08-25 11:00:00.0,Intermediário
3.55794,3.57759,2004-08-25 11:30:00.0,Intermediário
3.56209,3.58175,2004-08-25 12:00:00.0,Intermediário
3.55788,3.57752,2004-08-25 12:30:00.0,Intermediário
3.55641,3.57605,2004-08-25 13:30:00.0,Intermediário
3.5567,3.57634,2004-08-25 13:34:00.0,Intermediário
3.55523,3.57487,2004-08-25 14:00:00.0,Intermediário
3.55641,3.57605,2004-08-25 14:30:00.0,Intermediário
3.55697,3.57661,2004-08-25 15:00:00.0,Intermediário
3.55579,3.57543,2004-08-25 15:30:00.0,Intermediário
3.55823,3.57788,2004-08-25 16:00:00.0,Intermediário
3.55764,3.57729,2004-08-25 16:30:00.0,Fechamento Interbancário
3.56438,3.57184,2004-08-25 17:45:00.0,Fechamento
3.55585,3.58518,2004-08-26 09:50:00.0,Abertura
3.56426,3.58394,2004-08-26 10:13:00.0,Intermediário
3.55914,3.5788,2004-08-26 10:30:00.0,Intermediário
3.55509,3.57469,2004-08-26 11:00:00.0,Intermediário
3.55828,3.57794,2004-08-26 11:30:00.0,Intermediário
3.55729,3.57693,2004-08-26 12:00:00.0,Intermediário
3.55464,3.57428,2004-08-26 12:30:00.0,Intermediário
3.56096,3.58063,2004-08-26 13:15:00.0,Intermediário
3.56126,3.58093,2004-08-26 13:30:00.0,Intermediário
3.56274,3.58241,2004-08-26 14:00:00.0,Intermediário
3.56687,3.58654,2004-08-26 14:30:00.0,Intermediário
3.56716,3.58684,2004-08-26 15:00:00.0,Intermediário
3.56384,3.58349,2004-08-26 15:30:00.0,Intermediário
3.56749,3.58595,2004-08-26 16:00:00.0,Intermediário
3.56867,3.58835,2004-08-26 16:30:00.0,Fechamento Interbancário
3.57199,3.57951,2004-08-26 17:44:00.0,Fechamento
3.54631,3.57558,2004-08-27 09:56:00.0,Abertura
3.55381,3.57464,2004-08-27 10:00:00.0,Intermediário
3.55528,3.57493,2004-08-27 10:30:00.0,Intermediário
3.54496,3.56575,2004-08-27 11:00:00.0,Intermediário
3.55099,3.57061,2004-08-27 11:30:00.0,Intermediário
3.55582,3.57667,2004-08-27 12:00:00.0,Intermediário
3.5516,3.57122,2004-08-27 12:30:00.0,Intermediário
3.54686,3.56647,2004-08-27 13:11:00.0,Intermediário
3.54656,3.56617,2004-08-27 13:30:00.0,Intermediário
3.54305,3.56259,2004-08-27 14:00:00.0,Intermediário
3.54482,3.5644,2004-08-27 14:30:00.0,Intermediário
3.54452,3.5641,2004-08-27 15:00:00.0,Intermediário
3.54153,3.5611,2004-08-27 15:30:00.0,Intermediário
3.54151,3.55987,2004-08-27 16:00:00.0,Intermediário
3.53917,3.55871,2004-08-27 16:30:00.0,Fechamento Interbancário
3.54815,3.55562,2004-08-27 17:40:00.0,Fechamento
3.54421,3.57343,2004-08-30 09:55:00.0,Abertura
3.54751,3.56831,2004-08-30 10:00:00.0,Intermediário
3.5427,3.56346,2004-08-30 10:30:00.0,Intermediário
3.54955,3.56918,2004-08-30 11:00:00.0,Intermediário
3.54176,3.56135,2004-08-30 11:30:00.0,Intermediário
3.53839,3.55915,2004-08-30 12:00:00.0,Intermediário
3.53839,3.55794,2004-08-30 12:30:00.0,Intermediário
3.53684,3.55638,2004-08-30 13:00:00.0,Intermediário
3.53684,3.55638,2004-08-30 13:30:00.0,Intermediário
3.54184,3.56139,2004-08-30 14:00:00.0,Intermediário
3.54008,3.55962,2004-08-30 14:30:00.0,Intermediário
3.53318,3.55269,2004-08-30 15:00:00.0,Intermediário
3.53438,3.5539,2004-08-30 15:30:00.0,Intermediário
3.53984,3.55818,2004-08-30 16:00:00.0,Intermediário
3.54131,3.56086,2004-08-30 16:30:00.0,Fechamento Interbancário
3.55028,3.55773,2004-08-30 17:46:00.0,Fechamento
3.54055,3.56981,2004-08-31 09:41:00.0,Abertura
3.54092,3.56047,2004-08-31 10:00:00.0,Intermediário
3.54722,3.56679,2004-08-31 10:30:00.0,Intermediário
3.556,3.57442,2004-08-31 11:00:00.0,Intermediário
3.55793,3.57756,2004-08-31 11:30:00.0,Intermediário
3.55823,3.57785,2004-08-31 12:00:00.0,Intermediário
3.56267,3.58233,2004-08-31 12:30:00.0,Intermediário
3.57069,3.5904,2004-08-31 13:00:00.0,Intermediário
3.57039,3.59011,2004-08-31 13:30:00.0,Intermediário
3.57098,3.59069,2004-08-31 14:00:00.0,Intermediário
3.56892,3.58864,2004-08-31 14:30:00.0,Intermediário
3.57069,3.5904,2004-08-31 15:00:00.0,Intermediário
3.56939,3.58786,2004-08-31 15:30:00.0,Intermediário
3.55748,3.57589,2004-08-31 16:00:00.0,Intermediário
3.55651,3.57613,2004-08-31 16:30:00.0,Fechamento Interbancário
3.57031,3.5778,2004-08-31 18:11:00.0,Fechamento
3.55304,3.58243,2004-09-01 09:52:00.0,Abertura
3.55396,3.57359,2004-09-01 10:00:00.0,Intermediário
3.55459,3.57545,2004-09-01 10:30:00.0,Intermediário
3.56024,3.57989,2004-09-01 11:00:00.0,Intermediário
3.55488,3.57449,2004-09-01 11:30:00.0,Intermediário
3.55718,3.57682,2004-09-01 12:00:00.0,Intermediário
3.55464,3.57428,2004-09-01 12:30:00.0,Intermediário
3.55765,3.5773,2004-09-01 13:00:00.0,Intermediário
3.55505,3.57467,2004-09-01 13:30:00.0,Intermediário
3.56058,3.58023,2004-09-01 14:00:00.0,Intermediário
3.56263,3.58228,2004-09-01 14:30:00.0,Intermediário
3.56184,3.58151,2004-09-01 15:00:00.0,Intermediário
3.56452,3.58419,2004-09-01 15:30:00.0,Intermediário
3.56306,3.58273,2004-09-01 16:00:00.0,Intermediário
3.56398,3.58366,2004-09-01 16:30:00.0,Fechamento Interbancário
3.56691,3.57439,2004-09-01 17:52:00.0,Fechamento
3.55421,3.58357,2004-09-02 09:56:00.0,Abertura
3.55789,3.57751,2004-09-02 10:00:00.0,Intermediário
3.56326,3.5817,2004-09-02 10:30:00.0,Intermediário
3.5612,3.58083,2004-09-02 11:00:00.0,Intermediário
3.55827,3.5779,2004-09-02 11:30:00.0,Intermediário
3.56099,3.58063,2004-09-02 12:00:00.0,Intermediário
3.56451,3.58296,2004-09-02 12:30:00.0,Intermediário
3.5651,3.58355,2004-09-02 13:12:00.0,Intermediário
3.56334,3.58176,2004-09-02 13:30:00.0,Intermediário
3.56157,3.58,2004-09-02 14:00:00.0,Intermediário
3.56157,3.58,2004-09-02 14:30:00.0,Intermediário
3.56191,3.58155,2004-09-02 15:00:00.0,Intermediário
3.56011,3.57975,2004-09-02 15:30:00.0,Intermediário
3.56701,3.58546,2004-09-02 16:00:00.0,Intermediário
3.56664,3.5863,2004-09-02 16:30:00.0,Fechamento Interbancário
3.5693,3.57679,2004-09-02 17:40:00.0,Fechamento
3.54143,3.57069,2004-09-03 09:46:00.0,Abertura
3.54187,3.56143,2004-09-03 10:00:00.0,Intermediário
3.53049,3.55001,2004-09-03 10:30:00.0,Intermediário
3.53513,3.55586,2004-09-03 11:00:00.0,Intermediário
3.52883,3.54833,2004-09-03 11:30:00.0,Intermediário
3.52144,3.5409,2004-09-03 12:00:00.0,Intermediário
3.52148,3.53973,2004-09-03 12:30:00.0,Intermediário
3.5206,3.54006,2004-09-03 13:00:00.0,Intermediário
3.52382,3.54328,2004-09-03 13:30:00.0,Intermediário
3.52499,3.54445,2004-09-03 14:00:00.0,Intermediário
3.52148,3.54093,2004-09-03 14:30:00.0,Intermediário
3.52024,3.53969,2004-09-03 15:00:00.0,Intermediário
3.52043,3.53989,2004-09-03 15:30:00.0,Intermediário
3.52434,3.54382,2004-09-03 16:00:00.0,Intermediário
3.52346,3.54294,2004-09-03 16:30:00.0,Fechamento Interbancário
3.52924,3.53665,2004-09-03 17:43:00.0,Fechamento
3.51952,3.54866,2004-09-06 09:57:00.0,Abertura
3.52375,3.54323,2004-09-06 10:00:00.0,Intermediário
3.51408,3.53472,2004-09-06 10:30:00.0,Intermediário
3.51047,3.52988,2004-09-06 11:00:00.0,Intermediário
3.51229,3.5305,2004-09-06 11:30:00.0,Intermediário
3.50893,3.52833,2004-09-06 12:53:00.0,Intermediário
3.50623,3.52562,2004-09-06 12:54:00.0,Intermediário
3.50652,3.52591,2004-09-06 13:08:00.0,Intermediário
3.50448,3.52387,2004-09-06 13:41:00.0,Intermediário
3.5039,3.52329,2004-09-06 14:13:00.0,Intermediário
3.50477,3.52416,2004-09-06 14:41:00.0,Intermediário
3.50565,3.52503,2004-09-06 15:00:00.0,Intermediário
3.50747,3.52687,2004-09-06 15:30:00.0,Intermediário
3.50444,3.52382,2004-09-06 16:00:00.0,Intermediário
3.50212,3.52147,2004-09-06 16:30:00.0,Fechamento Interbancário
3.51269,3.52006,2004-09-06 17:48:00.0,Fechamento
3.48005,3.50898,2004-09-08 09:55:00.0,Abertura
3.48548,3.50477,2004-09-08 10:00:00.0,Intermediário
3.48527,3.50458,2004-09-08 10:30:00.0,Intermediário
3.48552,3.50482,2004-09-08 11:00:00.0,Intermediário
3.48498,3.50429,2004-09-08 11:30:00.0,Intermediário
3.5121,3.53153,2004-09-08 12:23:00.0,Intermediário
3.52051,3.53995,2004-09-08 12:30:00.0,Intermediário
3.52051,3.53995,2004-09-08 13:00:00.0,Intermediário
3.52283,3.5423,2004-09-08 13:30:00.0,Intermediário
3.52312,3.54259,2004-09-08 14:00:00.0,Intermediário
3.52254,3.54201,2004-09-08 14:30:00.0,Intermediário
3.51832,3.53899,2004-09-08 15:00:00.0,Intermediário
3.5209,3.54037,2004-09-08 15:30:00.0,Intermediário
3.52565,3.54514,2004-09-08 16:00:00.0,Intermediário
3.52744,3.54572,2004-09-08 16:30:00.0,Fechamento Interbancário
3.52942,3.53684,2004-09-08 17:47:00.0,Fechamento
3.52663,3.5559,2004-09-09 09:41:00.0,Abertura
3.53155,3.55108,2004-09-09 10:00:00.0,Intermediário
3.52619,3.54567,2004-09-09 10:30:00.0,Intermediário
3.52421,3.54366,2004-09-09 11:00:00.0,Intermediário
3.52566,3.54515,2004-09-09 11:30:00.0,Intermediário
3.5278,3.54605,2004-09-09 12:00:00.0,Intermediário
3.53062,3.54892,2004-09-09 12:30:00.0,Intermediário
3.53527,3.5548,2004-09-09 13:08:00.0,Intermediário
3.53411,3.55363,2004-09-09 13:30:00.0,Intermediário
3.53265,3.55218,2004-09-09 14:00:00.0,Intermediário
3.52978,3.54927,2004-09-09 14:30:00.0,Intermediário
3.52739,3.54688,2004-09-09 15:00:00.0,Intermediário
3.52559,3.54508,2004-09-09 15:30:00.0,Intermediário
3.52559,3.54508,2004-09-09 16:00:00.0,Intermediário
3.52559,3.54508,2004-09-09 16:30:00.0,Fechamento Interbancário
3.53693,3.54435,2004-09-09 17:39:00.0,Fechamento
3.54707,3.57652,2004-09-10 09:52:00.0,Abertura
3.55603,3.57442,2004-09-10 10:00:00.0,Intermediário
3.55313,3.57152,2004-09-10 10:30:00.0,Intermediário
3.55184,3.57145,2004-09-10 11:00:00.0,Intermediário
3.55235,3.57196,2004-09-10 11:30:00.0,Intermediário
3.55538,3.57377,2004-09-10 12:00:00.0,Intermediário
3.55364,3.57326,2004-09-10 12:30:00.0,Intermediário
3.55451,3.57413,2004-09-10 12:39:00.0,Intermediário
3.55681,3.57522,2004-09-10 13:00:00.0,Intermediário
3.55681,3.57522,2004-09-10 13:30:00.0,Intermediário
3.5571,3.57551,2004-09-10 14:00:00.0,Intermediário
3.55884,3.57725,2004-09-10 14:30:00.0,Intermediário
3.55277,3.57239,2004-09-10 15:00:00.0,Intermediário
3.55277,3.57239,2004-09-10 15:30:00.0,Intermediário
3.55126,3.57086,2004-09-10 16:00:00.0,Intermediário
3.55097,3.57057,2004-09-10 16:30:00.0,Fechamento Interbancário
3.55176,3.55918,2004-09-10 17:40:00.0,Fechamento
3.53587,3.56523,2004-09-13 09:55:00.0,Abertura
3.54262,3.56219,2004-09-13 10:00:00.0,Intermediário
3.54494,3.56329,2004-09-13 10:30:00.0,Intermediário
3.54256,3.56213,2004-09-13 11:00:00.0,Intermediário
3.54848,3.56807,2004-09-13 11:30:00.0,Intermediário
3.54639,3.56597,2004-09-13 12:00:00.0,Intermediário
3.5461,3.56568,2004-09-13 12:30:00.0,Intermediário
3.54964,3.56923,2004-09-13 13:09:00.0,Intermediário
3.54993,3.56952,2004-09-13 13:30:00.0,Intermediário
3.55139,3.57097,2004-09-13 14:00:00.0,Intermediário
3.55284,3.57242,2004-09-13 14:30:00.0,Intermediário
3.55587,3.57549,2004-09-13 15:00:00.0,Intermediário
3.55634,3.57595,2004-09-13 15:30:00.0,Intermediário
3.5575,3.57712,2004-09-13 16:00:00.0,Intermediário
3.55843,3.57683,2004-09-13 16:30:00.0,Fechamento Interbancário
3.55797,3.5654,2004-09-13 17:38:00.0,Fechamento
3.55551,3.58498,2004-09-14 09:42:00.0,Abertura
3.56245,3.58332,2004-09-14 10:00:00.0,Intermediário
3.56175,3.58139,2004-09-14 10:30:00.0,Intermediário
3.56723,3.58689,2004-09-14 11:00:00.0,Intermediário
3.56735,3.58579,2004-09-14 11:30:00.0,Intermediário
3.57029,3.58877,2004-09-14 12:00:00.0,Intermediário
3.57233,3.59204,2004-09-14 12:30:00.0,Intermediário
3.56187,3.58029,2004-09-14 13:15:00.0,Intermediário
3.56449,3.58291,2004-09-14 13:30:00.0,Intermediário
3.56566,3.5841,2004-09-14 14:17:00.0,Intermediário
3.56391,3.58233,2004-09-14 14:30:00.0,Intermediário
3.56508,3.58472,2004-09-14 15:00:00.0,Intermediário
3.55995,3.57835,2004-09-14 15:30:00.0,Intermediário
3.55663,3.57747,2004-09-14 16:00:00.0,Intermediário
3.55837,3.57799,2004-09-14 16:30:00.0,Fechamento Interbancário
3.56331,3.57075,2004-09-14 17:41:00.0,Fechamento
3.53243,3.56172,2004-09-15 09:54:00.0,Abertura
3.54201,3.56154,2004-09-15 10:27:00.0,Intermediário
3.53458,3.55409,2004-09-15 10:33:00.0,Intermediário
3.52605,3.54555,2004-09-15 11:00:00.0,Intermediário
3.52086,3.5403,2004-09-15 11:30:00.0,Intermediário
3.51326,3.53269,2004-09-15 12:00:00.0,Intermediário
3.51917,3.53861,2004-09-15 12:30:00.0,Intermediário
3.51927,3.53872,2004-09-15 13:00:00.0,Intermediário
3.52072,3.54018,2004-09-15 13:30:00.0,Intermediário
3.51927,3.53872,2004-09-15 14:00:00.0,Intermediário
3.52101,3.54047,2004-09-15 14:30:00.0,Intermediário
3.52004,3.53948,2004-09-15 15:00:00.0,Intermediário
3.5135,3.53171,2004-09-15 15:30:00.0,Intermediário
3.5149,3.53432,2004-09-15 16:00:00.0,Intermediário
3.5179,3.53733,2004-09-15 16:30:00.0,Fechamento Interbancário
3.52673,3.53415,2004-09-15 17:46:00.0,Fechamento
3.50883,3.53797,2004-09-16 09:46:00.0,Abertura
3.50548,3.52486,2004-09-16 10:00:00.0,Intermediário
3.50086,3.52023,2004-09-16 10:30:00.0,Intermediário
3.49592,3.51525,2004-09-16 11:00:00.0,Intermediário
3.4963,3.51565,2004-09-16 11:30:00.0,Intermediário
3.50086,3.52023,2004-09-16 12:00:00.0,Intermediário
3.50421,3.52357,2004-09-16 12:30:00.0,Intermediário
3.50398,3.52335,2004-09-16 13:00:00.0,Intermediário
3.50774,3.52714,2004-09-16 13:30:00.0,Intermediário
3.50803,3.52742,2004-09-16 14:00:00.0,Intermediário
3.51378,3.53321,2004-09-16 14:30:00.0,Intermediário
3.5066,3.52601,2004-09-16 15:00:00.0,Intermediário
3.50654,3.52594,2004-09-16 15:30:00.0,Intermediário
3.50677,3.52616,2004-09-16 16:00:00.0,Intermediário
3.50907,3.52847,2004-09-16 16:30:00.0,Fechamento Interbancário
3.51804,3.52543,2004-09-16 17:44:00.0,Fechamento
3.50394,3.53309,2004-09-17 09:34:00.0,Abertura
3.50321,3.52257,2004-09-17 10:00:00.0,Intermediário
3.50212,3.52149,2004-09-17 10:30:00.0,Intermediário
3.50369,3.52307,2004-09-17 11:00:00.0,Intermediário
3.49623,3.51555,2004-09-17 11:30:00.0,Intermediário
3.49409,3.51343,2004-09-17 12:00:00.0,Intermediário
3.49374,3.51307,2004-09-17 12:30:00.0,Intermediário
3.49275,3.51207,2004-09-17 13:00:00.0,Intermediário
3.49333,3.51264,2004-09-17 13:30:00.0,Intermediário
3.49275,3.51207,2004-09-17 14:00:00.0,Intermediário
3.49333,3.51264,2004-09-17 14:30:00.0,Intermediário
3.49352,3.51164,2004-09-17 15:00:00.0,Intermediário
3.48658,3.50589,2004-09-17 15:30:00.0,Intermediário
3.48472,3.50402,2004-09-17 16:00:00.0,Intermediário
3.48239,3.50166,2004-09-17 16:30:00.0,Fechamento Interbancário
3.49887,3.50622,2004-09-17 17:42:00.0,Fechamento
3.46038,3.48929,2004-09-20 09:57:00.0,Abertura
3.46701,3.48622,2004-09-20 10:00:00.0,Intermediário
3.46245,3.48285,2004-09-20 10:30:00.0,Intermediário
3.47663,3.49588,2004-09-20 11:00:00.0,Intermediário
3.47692,3.49617,2004-09-20 11:30:00.0,Intermediário
3.47529,3.49453,2004-09-20 12:00:00.0,Intermediário
3.47309,3.49353,2004-09-20 12:30:00.0,Intermediário
3.47731,3.49656,2004-09-20 13:00:00.0,Intermediário
3.47588,3.49513,2004-09-20 13:30:00.0,Intermediário
3.47617,3.49541,2004-09-20 14:00:00.0,Intermediário
3.4776,3.49685,2004-09-20 14:30:00.0,Intermediário
3.47646,3.4957,2004-09-20 15:00:00.0,Intermediário
3.48109,3.50034,2004-09-20 15:30:00.0,Intermediário
3.48952,3.50884,2004-09-20 16:00:00.0,Intermediário
3.4901,3.50941,2004-09-20 16:30:00.0,Fechamento Interbancário
3.48715,3.49449,2004-09-20 17:42:00.0,Fechamento
3.51396,3.5432,2004-09-21 09:53:00.0,Abertura
3.51547,3.53491,2004-09-21 10:00:00.0,Intermediário
3.51432,3.53373,2004-09-21 10:30:00.0,Intermediário
3.51432,3.53373,2004-09-21 11:00:00.0,Intermediário
3.51203,3.53143,2004-09-21 11:30:00.0,Intermediário
3.5126,3.53077,2004-09-21 12:00:00.0,Intermediário
3.51943,3.53888,2004-09-21 12:30:00.0,Intermediário
3.51763,3.53705,2004-09-21 13:00:00.0,Intermediário
3.51936,3.5388,2004-09-21 13:30:00.0,Intermediário
3.51936,3.5388,2004-09-21 14:00:00.0,Intermediário
3.51821,3.53765,2004-09-21 14:30:00.0,Intermediário
3.52397,3.54344,2004-09-21 15:00:00.0,Intermediário
3.53514,3.55465,2004-09-21 15:30:00.0,Intermediário
3.52272,3.54218,2004-09-21 16:00:00.0,Intermediário
3.52613,3.54562,2004-09-21 16:30:00.0,Fechamento Interbancário
3.54137,3.54879,2004-09-21 17:38:00.0,Fechamento
3.48524,3.51435,2004-09-22 09:59:00.0,Abertura
3.49558,3.51493,2004-09-22 10:00:00.0,Intermediário
3.50434,3.52249,2004-09-22 10:30:00.0,Intermediário
3.50728,3.52667,2004-09-22 11:00:00.0,Intermediário
3.51476,3.5354,2004-09-22 11:30:00.0,Intermediário
3.50951,3.52892,2004-09-22 12:00:00.0,Intermediário
3.50778,3.52717,2004-09-22 12:30:00.0,Intermediário
3.51015,3.52954,2004-09-22 13:08:00.0,Intermediário
3.507,3.52639,2004-09-22 13:30:00.0,Intermediário
3.50786,3.52725,2004-09-22 14:00:00.0,Intermediário
3.50872,3.52811,2004-09-22 14:30:00.0,Intermediário
3.51936,3.5388,2004-09-22 15:00:00.0,Intermediário
3.52562,3.54508,2004-09-22 15:30:00.0,Intermediário
3.52023,3.53966,2004-09-22 16:00:00.0,Intermediário
3.52116,3.54061,2004-09-22 16:30:00.0,Fechamento Interbancário
3.5145,3.52185,2004-09-22 17:49:00.0,Fechamento
3.52648,3.55582,2004-09-23 09:52:00.0,Abertura
3.53304,3.55132,2004-09-23 10:00:00.0,Intermediário
3.52468,3.5429,2004-09-23 10:30:00.0,Intermediário
3.52505,3.54451,2004-09-23 11:00:00.0,Intermediário
3.52333,3.54278,2004-09-23 11:30:00.0,Intermediário
3.51821,3.53765,2004-09-23 12:00:00.0,Intermediário
3.51858,3.53802,2004-09-23 12:30:00.0,Intermediário
3.52058,3.54003,2004-09-23 13:06:00.0,Intermediário
3.52231,3.54175,2004-09-23 13:30:00.0,Intermediário
3.52575,3.54522,2004-09-23 14:00:00.0,Intermediário
3.52603,3.54551,2004-09-23 14:30:00.0,Intermediário
3.53247,3.55198,2004-09-23 15:00:00.0,Intermediário
3.52465,3.54414,2004-09-23 15:30:00.0,Intermediário
3.52346,3.54291,2004-09-23 16:00:00.0,Intermediário
3.52548,3.54496,2004-09-23 16:30:00.0,Fechamento Interbancário
3.52125,3.52861,2004-09-23 17:41:00.0,Fechamento
3.54044,3.5699,2004-09-24 09:53:00.0,Abertura
3.54856,3.56816,2004-09-24 10:00:00.0,Intermediário
3.54021,3.561,2004-09-24 10:30:00.0,Intermediário
3.53532,3.55483,2004-09-24 11:00:00.0,Intermediário
3.52544,3.54492,2004-09-24 11:30:00.0,Intermediário
3.51453,3.53519,2004-09-24 12:00:00.0,Intermediário
3.50922,3.5286,2004-09-24 12:30:00.0,Intermediário
3.50432,3.52369,2004-09-24 13:00:00.0,Intermediário
3.50375,3.52311,2004-09-24 13:30:00.0,Intermediário
3.50375,3.52311,2004-09-24 14:00:00.0,Intermediário
3.50604,3.52541,2004-09-24 14:53:00.0,Intermediário
3.51266,3.53208,2004-09-24 15:00:00.0,Intermediário
3.51388,3.53331,2004-09-24 15:30:00.0,Intermediário
3.50943,3.52881,2004-09-24 16:00:00.0,Intermediário
3.51008,3.52946,2004-09-24 16:30:00.0,Fechamento Interbancário
3.52248,3.52984,2004-09-24 17:47:00.0,Fechamento
3.51209,3.54134,2004-09-27 09:53:00.0,Abertura
3.51871,3.53692,2004-09-27 10:00:00.0,Intermediário
3.52285,3.54234,2004-09-27 10:30:00.0,Intermediário
3.51816,3.53761,2004-09-27 11:00:00.0,Intermediário
3.52312,3.54258,2004-09-27 11:30:00.0,Intermediário
3.52615,3.54562,2004-09-27 12:00:00.0,Intermediário
3.52615,3.54439,2004-09-27 12:30:00.0,Intermediário
3.52476,3.54422,2004-09-27 13:00:00.0,Intermediário
3.52591,3.54537,2004-09-27 13:30:00.0,Intermediário
3.52333,3.54278,2004-09-27 14:00:00.0,Intermediário
3.52476,3.54422,2004-09-27 14:30:00.0,Intermediário
3.51678,3.53621,2004-09-27 15:00:00.0,Intermediário
3.52066,3.53888,2004-09-27 15:30:00.0,Intermediário
3.5232,3.54266,2004-09-27 16:00:00.0,Intermediário
3.52176,3.54,2004-09-27 16:30:00.0,Fechamento Interbancário
3.52851,3.5359,2004-09-27 17:43:00.0,Fechamento
3.53002,3.55942,2004-09-28 09:54:00.0,Abertura
3.53638,3.55715,2004-09-28 10:00:00.0,Intermediário
3.53183,3.55134,2004-09-28 10:30:00.0,Intermediário
3.53507,3.55335,2004-09-28 11:00:00.0,Intermediário
3.53047,3.54999,2004-09-28 11:30:00.0,Intermediário
3.51883,3.53825,2004-09-28 12:00:00.0,Intermediário
3.51637,3.53578,2004-09-28 12:30:00.0,Intermediário
3.51408,3.53225,2004-09-28 13:00:00.0,Intermediário
3.51408,3.53225,2004-09-28 13:30:00.0,Intermediário
3.51751,3.53572,2004-09-28 14:00:00.0,Intermediário
3.51923,3.53744,2004-09-28 14:30:00.0,Intermediário
3.51846,3.53787,2004-09-28 15:01:00.0,Intermediário
3.52169,3.53991,2004-09-28 15:30:00.0,Intermediário
3.52321,3.54267,2004-09-28 16:00:00.0,Intermediário
3.52091,3.53911,2004-09-28 16:30:00.0,Fechamento Interbancário
3.53266,3.54008,2004-09-28 17:38:00.0,Fechamento
3.50834,3.53759,2004-09-29 09:43:00.0,Abertura
3.52063,3.54134,2004-09-29 10:00:00.0,Intermediário
3.52916,3.54867,2004-09-29 10:30:00.0,Intermediário
3.52452,3.54399,2004-09-29 11:00:00.0,Intermediário
3.52358,3.54304,2004-09-29 11:30:00.0,Intermediário
3.51931,3.53876,2004-09-29 12:00:00.0,Intermediário
3.51285,3.53102,2004-09-29 12:30:00.0,Intermediário
3.50388,3.52324,2004-09-29 13:00:00.0,Intermediário
3.50674,3.52612,2004-09-29 13:30:00.0,Intermediário
3.50902,3.52841,2004-09-29 14:00:00.0,Intermediário
3.50816,3.52755,2004-09-29 14:30:00.0,Intermediário
3.50258,3.52071,2004-09-29 15:00:00.0,Intermediário
3.50919,3.5286,2004-09-29 15:30:00.0,Intermediário
3.50985,3.52927,2004-09-29 16:00:00.0,Intermediário
3.51042,3.52984,2004-09-29 16:30:00.0,Fechamento Interbancário
3.52358,3.53097,2004-09-29 17:54:00.0,Fechamento
3.52188,3.55128,2004-09-30 09:56:00.0,Abertura
3.52779,3.54726,2004-09-30 10:00:00.0,Intermediário
3.53645,3.55597,2004-09-30 10:30:00.0,Intermediário
3.53207,3.55158,2004-09-30 11:00:00.0,Intermediário
3.5395,3.55904,2004-09-30 11:30:00.0,Intermediário
3.54465,3.56296,2004-09-30 12:00:00.0,Intermediário
3.53988,3.55818,2004-09-30 12:30:00.0,Intermediário
3.54512,3.56469,2004-09-30 13:00:00.0,Intermediário
3.54824,3.56784,2004-09-30 13:30:00.0,Intermediário
3.54741,3.56698,2004-09-30 14:00:00.0,Intermediário
3.5491,3.5687,2004-09-30 14:30:00.0,Intermediário
3.54481,3.56439,2004-09-30 15:00:00.0,Intermediário
3.54633,3.56592,2004-09-30 15:30:00.0,Intermediário
3.54862,3.56821,2004-09-30 16:00:00.0,Intermediário
3.54766,3.56725,2004-09-30 16:30:00.0,Fechamento Interbancário
3.5499,3.5573,2004-09-30 17:51:00.0,Fechamento
3.53341,3.56286,2004-10-01 09:46:00.0,Abertura
3.54235,3.5619,2004-10-01 10:00:00.0,Intermediário
3.53455,3.55281,2004-10-01 10:30:00.0,Intermediário
3.53083,3.54907,2004-10-01 11:00:00.0,Intermediário
3.52741,3.54689,2004-10-01 11:30:00.0,Intermediário
3.52465,3.54288,2004-10-01 12:00:00.0,Intermediário
3.52332,3.54278,2004-10-01 12:30:00.0,Intermediário
3.51151,3.53092,2004-10-01 13:00:00.0,Intermediário
3.51123,3.53063,2004-10-01 13:30:00.0,Intermediário
3.51066,3.53006,2004-10-01 14:00:00.0,Intermediário
3.5118,3.5312,2004-10-01 14:30:00.0,Intermediário
3.51399,3.5334,2004-10-01 15:00:00.0,Intermediário
3.51066,3.53006,2004-10-01 15:30:00.0,Intermediário
3.51445,3.53262,2004-10-01 16:00:00.0,Intermediário
3.51435,3.53376,2004-10-01 16:30:00.0,Fechamento Interbancário
3.53542,3.5428,2004-10-01 17:59:00.0,Fechamento
3.47092,3.5,2004-10-04 09:55:00.0,Abertura
3.47884,3.4981,2004-10-04 10:00:00.0,Intermediário
3.47554,3.49479,2004-10-04 10:30:00.0,Intermediário
3.46639,3.4856,2004-10-04 11:00:00.0,Intermediário
3.4598,3.47898,2004-10-04 11:30:00.0,Intermediário
3.45314,3.47225,2004-10-04 12:00:00.0,Intermediário
3.45361,3.47274,2004-10-04 12:30:00.0,Intermediário
3.45596,3.4751,2004-10-04 13:00:00.0,Intermediário
3.45568,3.47482,2004-10-04 13:30:00.0,Intermediário
3.45763,3.4768,2004-10-04 14:00:00.0,Intermediário
3.45427,3.47341,2004-10-04 14:30:00.0,Intermediário
3.46114,3.48031,2004-10-04 15:00:00.0,Intermediário
3.46086,3.48002,2004-10-04 15:30:00.0,Intermediário
3.46318,3.48237,2004-10-04 16:00:00.0,Intermediário
3.46234,3.48152,2004-10-04 16:30:00.0,Fechamento Interbancário
3.47021,3.47747,2004-10-04 17:43:00.0,Fechamento
3.46817,3.49723,2004-10-05 09:53:00.0,Abertura
3.47526,3.49447,2004-10-05 10:00:00.0,Intermediário
3.47337,3.49257,2004-10-05 10:30:00.0,Intermediário
3.46835,3.48756,2004-10-05 11:00:00.0,Intermediário
3.46044,3.47836,2004-10-05 11:30:00.0,Intermediário
3.46156,3.48072,2004-10-05 12:00:00.0,Intermediário
3.45826,3.47741,2004-10-05 12:30:00.0,Intermediário
3.4641,3.48326,2004-10-05 13:00:00.0,Intermediário
3.46523,3.48441,2004-10-05 13:30:00.0,Intermediário
3.46579,3.48498,2004-10-05 14:00:00.0,Intermediário
3.4641,3.48326,2004-10-05 14:30:00.0,Intermediário
3.46636,3.48554,2004-10-05 15:00:00.0,Intermediário
3.47445,3.4937,2004-10-05 15:30:00.0,Intermediário
3.47609,3.49532,2004-10-05 16:00:00.0,Intermediário
3.47573,3.49497,2004-10-05 16:30:00.0,Fechamento Interbancário
3.47571,3.48302,2004-10-05 18:11:00.0,Fechamento
3.46453,3.49356,2004-10-06 09:47:00.0,Abertura
3.47169,3.49091,2004-10-06 10:00:00.0,Intermediário
3.47518,3.49441,2004-10-06 10:30:00.0,Intermediário
3.4711,3.49157,2004-10-06 11:00:00.0,Intermediário
3.47441,3.49364,2004-10-06 11:30:00.0,Intermediário
3.47696,3.49619,2004-10-06 12:00:00.0,Intermediário
3.47262,3.49184,2004-10-06 12:30:00.0,Intermediário
3.47913,3.49838,2004-10-06 13:00:00.0,Intermediário
3.47545,3.49469,2004-10-06 13:30:00.0,Intermediário
3.47516,3.49441,2004-10-06 14:00:00.0,Intermediário
3.47743,3.49667,2004-10-06 14:30:00.0,Intermediário
3.48149,3.50075,2004-10-06 15:00:00.0,Intermediário
3.47874,3.49801,2004-10-06 15:30:00.0,Intermediário
3.47857,3.49782,2004-10-06 16:00:00.0,Intermediário
3.4794,3.49867,2004-10-06 16:30:00.0,Fechamento Interbancário
3.48354,3.49085,2004-10-06 17:52:00.0,Fechamento
3.49093,3.5201,2004-10-07 09:49:00.0,Abertura
3.49441,3.51251,2004-10-07 10:00:00.0,Intermediário
3.49735,3.51669,2004-10-07 10:30:00.0,Intermediário
3.50377,3.52314,2004-10-07 11:00:00.0,Intermediário
3.50251,3.52066,2004-10-07 11:30:00.0,Intermediário
3.49732,3.51667,2004-10-07 12:00:00.0,Intermediário
3.49912,3.51725,2004-10-07 12:30:00.0,Intermediário
3.49515,3.5145,2004-10-07 13:00:00.0,Intermediário
3.4963,3.51564,2004-10-07 13:30:00.0,Intermediário
3.49772,3.51706,2004-10-07 14:00:00.0,Intermediário
3.49544,3.51478,2004-10-07 14:30:00.0,Intermediário
3.49216,3.51147,2004-10-07 15:00:00.0,Intermediário
3.49253,3.51185,2004-10-07 15:30:00.0,Intermediário
3.49535,3.51346,2004-10-07 16:00:00.0,Intermediário
3.49441,3.51374,2004-10-07 16:30:00.0,Fechamento Interbancário
3.50243,3.50977,2004-10-07 17:46:00.0,Fechamento
3.50239,3.5317,2004-10-08 09:48:00.0,Abertura
3.50324,3.52261,2004-10-08 10:00:00.0,Intermediário
3.5037,3.52306,2004-10-08 10:30:00.0,Intermediário
3.5019,3.52125,2004-10-08 11:00:00.0,Intermediário
3.50056,3.5199,2004-10-08 11:30:00.0,Intermediário
3.49691,3.51622,2004-10-08 12:00:00.0,Intermediário
3.49291,3.5122,2004-10-08 12:30:00.0,Intermediário
3.4884,3.5077,2004-10-08 13:00:00.0,Intermediário
3.49147,3.5108,2004-10-08 13:30:00.0,Intermediário
3.48728,3.50655,2004-10-08 14:00:00.0,Intermediário
3.48869,3.50798,2004-10-08 14:30:00.0,Intermediário
3.4946,3.51393,2004-10-08 15:00:00.0,Intermediário
3.49786,3.51718,2004-10-08 15:30:00.0,Intermediário
3.50147,3.52083,2004-10-08 16:00:00.0,Intermediário
3.50158,3.52092,2004-10-08 16:30:00.0,Fechamento Interbancário
3.50236,3.50968,2004-10-08 17:58:00.0,Fechamento
3.49525,3.52452,2004-10-11 09:56:00.0,Abertura
3.50373,3.52186,2004-10-11 10:00:00.0,Intermediário
3.50515,3.52328,2004-10-11 10:30:00.0,Intermediário
3.48395,3.50323,2004-10-11 11:00:00.0,Intermediário
3.48462,3.50391,2004-10-11 11:30:00.0,Intermediário
3.48996,3.50927,2004-10-11 12:00:00.0,Intermediário
3.48636,3.50566,2004-10-11 12:30:00.0,Intermediário
3.4872,3.5065,2004-10-11 13:00:00.0,Intermediário
3.48692,3.50622,2004-10-11 13:30:00.0,Intermediário
3.48579,3.50509,2004-10-11 14:00:00.0,Intermediário
3.48497,3.50425,2004-10-11 14:30:00.0,Intermediário
3.48772,3.50701,2004-10-11 15:00:00.0,Intermediário
3.48716,3.50644,2004-10-11 15:30:00.0,Intermediário
3.47891,3.49815,2004-10-11 16:00:00.0,Intermediário
3.48085,3.50013,2004-10-11 16:30:00.0,Fechamento Interbancário
3.50359,3.51092,2004-10-11 17:44:00.0,Fechamento
3.44421,3.47312,2004-10-13 09:54:00.0,Abertura
3.4537,3.47283,2004-10-13 10:00:00.0,Intermediário
3.45596,3.4751,2004-10-13 10:30:00.0,Intermediário
3.45765,3.4768,2004-10-13 11:00:00.0,Intermediário
3.46763,3.48681,2004-10-13 11:30:00.0,Intermediário
3.47112,3.49031,2004-10-13 12:00:00.0,Intermediário
3.46688,3.48606,2004-10-13 12:30:00.0,Intermediário
3.47838,3.49763,2004-10-13 13:00:00.0,Intermediário
3.47545,3.49467,2004-10-13 13:30:00.0,Intermediário
3.47715,3.4964,2004-10-13 14:00:00.0,Intermediário
3.47715,3.4964,2004-10-13 14:30:00.0,Intermediário
3.49878,3.51813,2004-10-13 15:07:00.0,Intermediário
3.49764,3.51699,2004-10-13 15:30:00.0,Intermediário
3.49338,3.51271,2004-10-13 16:00:00.0,Intermediário
3.49366,3.51299,2004-10-13 16:30:00.0,Fechamento Interbancário
3.50144,3.50879,2004-10-13 17:41:00.0,Fechamento
3.52131,3.55071,2004-10-14 09:52:00.0,Abertura
3.5277,3.54719,2004-10-14 10:00:00.0,Intermediário
3.53313,3.55264,2004-10-14 10:30:00.0,Intermediário
3.52097,3.54043,2004-10-14 11:00:00.0,Intermediário
3.52667,3.54615,2004-10-14 11:30:00.0,Intermediário
3.53084,3.55034,2004-10-14 12:00:00.0,Intermediário
3.53283,3.55235,2004-10-14 12:30:00.0,Intermediário
3.54225,3.56181,2004-10-14 13:00:00.0,Intermediário
3.54139,3.56095,2004-10-14 13:30:00.0,Intermediário
3.5391,3.55865,2004-10-14 14:00:00.0,Intermediário
3.53939,3.55894,2004-10-14 14:30:00.0,Intermediário
3.54252,3.56209,2004-10-14 15:00:00.0,Intermediário
3.55652,3.57615,2004-10-14 15:30:00.0,Intermediário
3.55148,3.57108,2004-10-14 16:00:00.0,Intermediário
3.55091,3.57051,2004-10-14 16:30:00.0,Fechamento Interbancário
3.5449,3.55231,2004-10-14 17:48:00.0,Fechamento
3.57996,3.60967,2004-10-15 09:51:00.0,Abertura
3.56801,3.58768,2004-10-15 10:00:00.0,Intermediário
3.57193,3.59162,2004-10-15 10:30:00.0,Intermediário
3.56044,3.58008,2004-10-15 11:00:00.0,Intermediário
3.55782,3.57747,2004-10-15 11:30:00.0,Intermediário
3.55437,3.57525,2004-10-15 12:00:00.0,Intermediário
3.55733,3.57696,2004-10-15 12:30:00.0,Intermediário
3.55562,3.57525,2004-10-15 13:00:00.0,Intermediário
3.54879,3.56836,2004-10-15 13:30:00.0,Intermediário
3.55022,3.56979,2004-10-15 14:00:00.0,Intermediário
3.55079,3.57036,2004-10-15 14:30:00.0,Intermediário
3.55395,3.57354,2004-10-15 15:00:00.0,Intermediário
3.56376,3.58344,2004-10-15 15:30:00.0,Intermediário
3.55352,3.57314,2004-10-15 16:00:00.0,Intermediário
3.55476,3.57439,2004-10-15 16:30:00.0,Fechamento Interbancário
3.56737,3.57478,2004-10-15 17:43:00.0,Fechamento
3.54522,3.57481,2004-10-18 09:51:00.0,Abertura
3.55135,3.56968,2004-10-18 10:00:00.0,Intermediário
3.56068,3.58157,2004-10-18 10:30:00.0,Intermediário
3.56743,3.5871,2004-10-18 11:00:00.0,Intermediário
3.56618,3.58585,2004-10-18 11:30:00.0,Intermediário
3.56993,3.58961,2004-10-18 12:00:00.0,Intermediário
3.57089,3.59058,2004-10-18 12:30:00.0,Intermediário
3.56829,3.58796,2004-10-18 13:00:00.0,Intermediário
3.56029,3.57993,2004-10-18 13:30:00.0,Intermediário
3.56029,3.57993,2004-10-18 14:00:00.0,Intermediário
3.55943,3.57907,2004-10-18 14:30:00.0,Intermediário
3.55616,3.57578,2004-10-18 15:00:00.0,Intermediário
3.55605,3.57566,2004-10-18 15:30:00.0,Intermediário
3.56286,3.5825,2004-10-18 16:00:00.0,Intermediário
3.56468,3.58433,2004-10-18 16:30:00.0,Fechamento Interbancário
3.56586,3.57331,2004-10-18 17:43:00.0,Fechamento
3.56671,3.5964,2004-10-19 09:54:00.0,Abertura
3.57006,3.58974,2004-10-19 10:00:00.0,Intermediário
3.57419,3.59389,2004-10-19 10:30:00.0,Intermediário
3.57128,3.59095,2004-10-19 11:00:00.0,Intermediário
3.57292,3.5926,2004-10-19 11:30:00.0,Intermediário
3.57839,3.59811,2004-10-19 12:00:00.0,Intermediário
3.58309,3.60282,2004-10-19 12:30:00.0,Intermediário
3.58799,3.60776,2004-10-19 13:23:00.0,Intermediário
3.58493,3.60468,2004-10-19 13:30:00.0,Intermediário
3.58838,3.60815,2004-10-19 14:00:00.0,Intermediário
3.58866,3.60844,2004-10-19 14:30:00.0,Intermediário
3.59462,3.61443,2004-10-19 15:00:00.0,Intermediário
3.59808,3.61788,2004-10-19 15:30:00.0,Intermediário
3.5927,3.61375,2004-10-19 16:00:00.0,Intermediário
3.59462,3.61443,2004-10-19 16:30:00.0,Fechamento Interbancário
3.59147,3.59896,2004-10-19 17:38:00.0,Fechamento
3.62301,3.65305,2004-10-20 09:54:00.0,Abertura
3.63527,3.65526,2004-10-20 10:00:00.0,Intermediário
3.62966,3.64962,2004-10-20 10:30:00.0,Intermediário
3.62494,3.6449,2004-10-20 11:00:00.0,Intermediário
3.62987,3.64984,2004-10-20 11:30:00.0,Intermediário
3.63595,3.65594,2004-10-20 12:00:00.0,Intermediário
3.6369,3.65562,2004-10-20 12:30:00.0,Intermediário
3.63882,3.65883,2004-10-20 13:00:00.0,Intermediário
3.63525,3.65525,2004-10-20 13:30:00.0,Intermediário
3.62948,3.64944,2004-10-20 14:00:00.0,Intermediário
3.62688,3.64684,2004-10-20 14:30:00.0,Intermediário
3.60775,3.62762,2004-10-20 15:00:00.0,Intermediário
3.60804,3.62791,2004-10-20 15:30:00.0,Intermediário
3.60581,3.62441,2004-10-20 16:01:00.0,Intermediário
3.60153,3.62136,2004-10-20 16:30:00.0,Fechamento Interbancário
3.62815,3.63567,2004-10-20 17:42:00.0,Fechamento
3.59125,3.62113,2004-10-21 09:55:00.0,Abertura
3.58811,3.60788,2004-10-21 10:00:00.0,Intermediário
3.58455,3.60429,2004-10-21 10:30:00.0,Intermediário
3.5921,3.61188,2004-10-21 11:00:00.0,Intermediário
3.59807,3.61664,2004-10-21 11:30:00.0,Intermediário
3.58679,3.60653,2004-10-21 12:00:00.0,Intermediário
3.58501,3.606,2004-10-21 12:30:00.0,Intermediário
3.58073,3.60046,2004-10-21 13:00:00.0,Intermediário
3.58643,3.60619,2004-10-21 13:30:00.0,Intermediário
3.58842,3.60819,2004-10-21 14:00:00.0,Intermediário
3.59039,3.61018,2004-10-21 14:30:00.0,Intermediário
3.59555,3.61537,2004-10-21 15:00:00.0,Intermediário
3.59524,3.61505,2004-10-21 15:30:00.0,Intermediário
3.59582,3.61562,2004-10-21 16:00:00.0,Intermediário
3.5965,3.61631,2004-10-21 16:30:00.0,Fechamento Interbancário
3.5986,3.60605,2004-10-21 17:42:00.0,Fechamento
3.57254,3.60233,2004-10-22 09:55:00.0,Abertura
3.57546,3.59516,2004-10-22 10:00:00.0,Intermediário
3.57579,3.5955,2004-10-22 10:30:00.0,Intermediário
3.58123,3.59968,2004-10-22 11:00:00.0,Intermediário
3.5873,3.60708,2004-10-22 11:30:00.0,Intermediário
3.59389,3.6137,2004-10-22 12:00:00.0,Intermediário
3.5971,3.61692,2004-10-22 12:30:00.0,Intermediário
3.59966,3.61949,2004-10-22 13:00:00.0,Intermediário
3.59852,3.61835,2004-10-22 13:30:00.0,Intermediário
3.59624,3.61607,2004-10-22 14:00:00.0,Intermediário
3.59852,3.61835,2004-10-22 14:30:00.0,Intermediário
3.60821,3.62935,2004-10-22 15:00:00.0,Intermediário
3.60866,3.62853,2004-10-22 15:30:00.0,Intermediário
3.61933,3.63925,2004-10-22 16:00:00.0,Intermediário
3.62076,3.64068,2004-10-22 16:30:00.0,Fechamento Interbancário
3.61045,3.6179,2004-10-22 17:38:00.0,Fechamento
3.67528,3.70573,2004-10-25 09:34:00.0,Abertura
3.66463,3.68349,2004-10-25 10:00:00.0,Intermediário
3.6615,3.68163,2004-10-25 10:30:00.0,Intermediário
3.67709,3.6973,2004-10-25 11:00:00.0,Intermediário
3.67181,3.69198,2004-10-25 11:30:00.0,Intermediário
3.66759,3.68775,2004-10-25 12:00:00.0,Intermediário
3.66931,3.68945,2004-10-25 12:30:00.0,Intermediário
3.67668,3.69688,2004-10-25 13:00:00.0,Intermediário
3.67726,3.69746,2004-10-25 13:30:00.0,Intermediário
3.68446,3.70467,2004-10-25 14:00:00.0,Intermediário
3.68418,3.70438,2004-10-25 14:30:00.0,Intermediário
3.6857,3.70593,2004-10-25 15:00:00.0,Intermediário
3.68797,3.7082,2004-10-25 15:30:00.0,Intermediário
3.67928,3.69948,2004-10-25 16:00:00.0,Intermediário
3.68158,3.70179,2004-10-25 16:30:00.0,Fechamento Interbancário
3.68917,3.69676,2004-10-25 17:50:00.0,Fechamento
3.65885,3.68922,2004-10-26 09:55:00.0,Abertura
3.66169,3.68181,2004-10-26 10:00:00.0,Intermediário
3.66609,3.68623,2004-10-26 10:30:00.0,Intermediário
3.67248,3.69265,2004-10-26 11:00:00.0,Intermediário
3.6601,3.68022,2004-10-26 11:30:00.0,Intermediário
3.66264,3.68276,2004-10-26 12:00:00.0,Intermediário
3.64947,3.67082,2004-10-26 12:30:00.0,Intermediário
3.65563,3.67442,2004-10-26 13:00:00.0,Intermediário
3.64988,3.66868,2004-10-26 13:30:00.0,Intermediário
3.65103,3.66983,2004-10-26 14:00:00.0,Intermediário
3.65419,3.67299,2004-10-26 14:30:00.0,Intermediário
3.65575,3.67455,2004-10-26 15:00:00.0,Intermediário
3.65394,3.67401,2004-10-26 15:30:00.0,Intermediário
3.64471,3.66474,2004-10-26 16:00:00.0,Intermediário
3.64576,3.66578,2004-10-26 16:30:00.0,Fechamento Interbancário
3.66497,3.67254,2004-10-26 17:47:00.0,Fechamento
3.64837,3.67868,2004-10-27 09:56:00.0,Abertura
3.65235,3.67241,2004-10-27 10:00:00.0,Intermediário
3.64408,3.66413,2004-10-27 10:30:00.0,Intermediário
3.6526,3.67396,2004-10-27 11:00:00.0,Intermediário
3.64846,3.66853,2004-10-27 11:30:00.0,Intermediário
3.64308,3.66311,2004-10-27 12:00:00.0,Intermediário
3.63107,3.65107,2004-10-27 12:30:00.0,Intermediário
3.63024,3.65021,2004-10-27 13:00:00.0,Intermediário
3.62538,3.64531,2004-10-27 13:30:00.0,Intermediário
3.62824,3.6482,2004-10-27 14:00:00.0,Intermediário
3.62596,3.64589,2004-10-27 14:30:00.0,Intermediário
3.62047,3.64037,2004-10-27 15:00:00.0,Intermediário
3.61888,3.63879,2004-10-27 15:30:00.0,Intermediário
3.62608,3.64602,2004-10-27 16:00:00.0,Intermediário
3.62522,3.64388,2004-10-27 16:30:00.0,Fechamento Interbancário
3.63145,3.63898,2004-10-27 17:46:00.0,Fechamento
3.63684,3.66704,2004-10-28 09:56:00.0,Abertura
3.64101,3.65974,2004-10-28 10:00:00.0,Intermediário
3.65234,3.67369,2004-10-28 10:30:00.0,Intermediário
3.6484,3.66845,2004-10-28 11:00:00.0,Intermediário
3.64226,3.66229,2004-10-28 11:30:00.0,Intermediário
3.63746,3.65747,2004-10-28 12:00:00.0,Intermediário
3.63762,3.65763,2004-10-28 12:30:00.0,Intermediário
3.64799,3.66675,2004-10-28 13:00:00.0,Intermediário
3.64913,3.6679,2004-10-28 13:30:00.0,Intermediário
3.64541,3.66417,2004-10-28 14:00:00.0,Intermediário
3.6457,3.66446,2004-10-28 14:30:00.0,Intermediário
3.63856,3.65856,2004-10-28 15:00:00.0,Intermediário
3.63927,3.6593,2004-10-28 15:30:00.0,Intermediário
3.64226,3.66102,2004-10-28 16:07:00.0,Intermediário
3.6434,3.66344,2004-10-28 16:30:00.0,Fechamento Interbancário
3.64837,3.65592,2004-10-28 17:55:00.0,Fechamento
3.63599,3.6662,2004-10-29 09:49:00.0,Abertura
3.63541,3.65539,2004-10-29 10:00:00.0,Intermediário
3.63113,3.6511,2004-10-29 10:30:00.0,Intermediário
3.62968,3.64966,2004-10-29 11:00:00.0,Intermediário
3.62799,3.64794,2004-10-29 11:30:00.0,Intermediário
3.62459,3.64453,2004-10-29 12:00:00.0,Intermediário
3.63342,3.65339,2004-10-29 12:30:00.0,Intermediário
3.62916,3.64784,2004-10-29 13:00:00.0,Intermediário
3.63001,3.6487,2004-10-29 13:30:00.0,Intermediário
3.63201,3.65069,2004-10-29 14:00:00.0,Intermediário
3.63544,3.65415,2004-10-29 14:30:00.0,Intermediário
3.64353,3.66356,2004-10-29 15:00:00.0,Intermediário
3.64267,3.66271,2004-10-29 15:30:00.0,Intermediário
3.64153,3.66156,2004-10-29 16:00:00.0,Intermediário
3.64749,3.66755,2004-10-29 16:30:00.0,Fechamento Interbancário
3.65004,3.65758,2004-10-29 18:26:00.0,Fechamento
3.62903,3.65921,2004-11-01 09:59:00.0,Abertura
3.63466,3.65465,2004-11-01 10:00:00.0,Intermediário
3.64102,3.66104,2004-11-01 10:30:00.0,Intermediário
3.64595,3.66599,2004-11-01 11:00:00.0,Intermediário
3.64029,3.66159,2004-11-01 11:30:00.0,Intermediário
3.64703,3.66706,2004-11-01 12:00:00.0,Intermediário
3.64761,3.66766,2004-11-01 12:30:00.0,Intermediário
3.64258,3.6626,2004-11-01 13:00:00.0,Intermediário
3.63857,3.65859,2004-11-01 13:30:00.0,Intermediário
3.64115,3.66117,2004-11-01 14:00:00.0,Intermediário
3.64315,3.66318,2004-11-01 14:30:00.0,Intermediário
3.63934,3.65934,2004-11-01 15:00:00.0,Intermediário
3.6344,3.65566,2004-11-01 15:30:00.0,Intermediário
3.6283,3.64826,2004-11-01 16:00:00.0,Intermediário
3.62817,3.64813,2004-11-01 16:30:00.0,Fechamento Interbancário
3.64238,3.64991,2004-11-01 17:43:00.0,Fechamento
3.59186,3.62182,2004-11-03 09:56:00.0,Abertura
3.59779,3.6176,2004-11-03 10:00:00.0,Intermediário
3.61603,3.63591,2004-11-03 10:33:00.0,Intermediário
3.61305,3.63293,2004-11-03 11:00:00.0,Intermediário
3.61703,3.63693,2004-11-03 11:30:00.0,Intermediário
3.62112,3.64104,2004-11-03 12:00:00.0,Intermediário
3.61303,3.63419,2004-11-03 12:30:00.0,Intermediário
3.617,3.63689,2004-11-03 13:10:00.0,Intermediário
3.61247,3.63236,2004-11-03 13:40:00.0,Intermediário
3.61643,3.63633,2004-11-03 14:00:00.0,Intermediário
3.61247,3.63236,2004-11-03 14:30:00.0,Intermediário
3.60269,3.62254,2004-11-03 15:00:00.0,Intermediário
3.60368,3.62354,2004-11-03 15:30:00.0,Intermediário
3.6068,3.62666,2004-11-03 16:00:00.0,Intermediário
3.60921,3.62908,2004-11-03 16:30:00.0,Fechamento Interbancário
3.62743,3.63491,2004-11-03 17:42:00.0,Fechamento
3.62456,3.6548,2004-11-04 09:56:00.0,Abertura
3.63041,3.65036,2004-11-04 10:00:00.0,Intermediário
3.63437,3.65436,2004-11-04 10:30:00.0,Intermediário
3.62525,3.64517,2004-11-04 11:00:00.0,Intermediário
3.62325,3.64319,2004-11-04 11:30:00.0,Intermediário
3.62517,3.64512,2004-11-04 12:00:00.0,Intermediário
3.62943,3.6494,2004-11-04 12:30:00.0,Intermediário
3.62194,3.64315,2004-11-04 13:00:00.0,Intermediário
3.62194,3.64185,2004-11-04 13:30:00.0,Intermediário
3.62529,3.64524,2004-11-04 14:13:00.0,Intermediário
3.62529,3.64524,2004-11-04 14:30:00.0,Intermediário
3.61322,3.6331,2004-11-04 15:00:00.0,Intermediário
3.61695,3.63685,2004-11-04 15:30:00.0,Intermediário
3.61965,3.63955,2004-11-04 16:00:00.0,Intermediário
3.61542,3.6353,2004-11-04 16:30:00.0,Fechamento Interbancário
3.62538,3.63284,2004-11-04 17:42:00.0,Fechamento
3.61689,3.64714,2004-11-05 09:57:00.0,Abertura
3.62018,3.64012,2004-11-05 10:00:00.0,Intermediário
3.62469,3.64461,2004-11-05 10:30:00.0,Intermediário
3.62156,3.64146,2004-11-05 11:00:00.0,Intermediário
3.60774,3.6276,2004-11-05 11:35:00.0,Intermediário
3.61017,3.6313,2004-11-05 12:06:00.0,Intermediário
3.62503,3.64498,2004-11-05 12:30:00.0,Intermediário
3.62686,3.64681,2004-11-05 13:05:00.0,Intermediário
3.62883,3.64879,2004-11-05 13:30:00.0,Intermediário
3.63278,3.65274,2004-11-05 14:00:00.0,Intermediário
3.63924,3.65926,2004-11-05 14:30:00.0,Intermediário
3.63875,3.65875,2004-11-05 15:00:00.0,Intermediário
3.62641,3.64765,2004-11-05 15:30:00.0,Intermediário
3.63499,3.65497,2004-11-05 16:00:00.0,Intermediário
3.63666,3.65667,2004-11-05 16:30:00.0,Fechamento Interbancário
3.64581,3.65333,2004-11-05 17:45:00.0,Fechamento
3.63954,3.66993,2004-11-08 09:55:00.0,Abertura
3.64016,3.66016,2004-11-08 10:00:00.0,Intermediário
3.63577,3.65576,2004-11-08 10:30:00.0,Intermediário
3.64279,3.66281,2004-11-08 11:00:00.0,Intermediário
3.64519,3.66393,2004-11-08 11:30:00.0,Intermediário
3.65029,3.67036,2004-11-08 12:00:00.0,Intermediário
3.64579,3.66581,2004-11-08 12:30:00.0,Intermediário
3.65243,3.67121,2004-11-08 13:00:00.0,Intermediário
3.65639,3.67647,2004-11-08 13:30:00.0,Intermediário
3.65724,3.67732,2004-11-08 14:00:00.0,Intermediário
3.65752,3.67761,2004-11-08 14:30:00.0,Intermediário
3.65743,3.67753,2004-11-08 15:00:00.0,Intermediário
3.65488,3.67369,2004-11-08 15:30:00.0,Intermediário
3.65736,3.67616,2004-11-08 16:00:00.0,Intermediário
3.65507,3.67514,2004-11-08 16:30:00.0,Fechamento Interbancário
3.65251,3.66005,2004-11-08 17:41:00.0,Fechamento
3.6434,3.67377,2004-11-09 09:54:00.0,Abertura
3.64741,3.66746,2004-11-09 10:00:00.0,Intermediário
3.64067,3.66067,2004-11-09 10:30:00.0,Intermediário
3.63608,3.65606,2004-11-09 11:00:00.0,Intermediário
3.64349,3.6635,2004-11-09 11:30:00.0,Intermediário
3.63954,3.65954,2004-11-09 12:00:00.0,Intermediário
3.63715,3.65715,2004-11-09 12:30:00.0,Intermediário
3.64293,3.66293,2004-11-09 13:00:00.0,Intermediário
3.64196,3.66196,2004-11-09 13:30:00.0,Intermediário
3.64337,3.66338,2004-11-09 14:00:00.0,Intermediário
3.64985,3.66992,2004-11-09 14:30:00.0,Intermediário
3.6439,3.66393,2004-11-09 15:00:00.0,Intermediário
3.64003,3.66004,2004-11-09 15:30:00.0,Intermediário
3.64035,3.66034,2004-11-09 16:00:00.0,Intermediário
3.63966,3.65836,2004-11-09 16:30:00.0,Fechamento Interbancário
3.64533,3.65284,2004-11-09 17:41:00.0,Fechamento
3.64596,3.67637,2004-11-10 09:59:00.0,Abertura
3.64899,3.66902,2004-11-10 10:00:00.0,Intermediário
3.64838,3.66843,2004-11-10 10:30:00.0,Intermediário
3.64927,3.66801,2004-11-10 11:00:00.0,Intermediário
3.64911,3.66916,2004-11-10 11:36:00.0,Intermediário
3.64539,3.66411,2004-11-10 12:00:00.0,Intermediário
3.63682,3.65554,2004-11-10 12:30:00.0,Intermediário
3.63077,3.65072,2004-11-10 13:00:00.0,Intermediário
3.62065,3.64056,2004-11-10 13:30:00.0,Intermediário
3.63189,3.65184,2004-11-10 14:00:00.0,Intermediário
3.63443,3.65441,2004-11-10 14:30:00.0,Intermediário
3.63347,3.65215,2004-11-10 15:00:00.0,Intermediário
3.63238,3.65234,2004-11-10 15:30:00.0,Intermediário
3.63075,3.64944,2004-11-10 16:00:00.0,Intermediário
3.62964,3.64831,2004-11-10 16:30:00.0,Fechamento Interbancário
3.63751,3.64503,2004-11-10 17:41:00.0,Fechamento
3.61595,3.64617,2004-11-11 09:50:00.0,Abertura
3.62137,3.64,2004-11-11 10:00:00.0,Intermediário
3.62212,3.64074,2004-11-11 10:30:00.0,Intermediário
3.6246,3.64327,2004-11-11 11:00:00.0,Intermediário
3.6257,3.64564,2004-11-11 11:30:00.0,Intermediário
3.6288,3.64874,2004-11-11 12:00:00.0,Intermediário
3.62811,3.64806,2004-11-11 12:30:00.0,Intermediário
3.62855,3.64851,2004-11-11 13:00:00.0,Intermediário
3.62867,3.64863,2004-11-11 13:30:00.0,Intermediário
3.62783,3.64778,2004-11-11 14:00:00.0,Intermediário
3.62839,3.64834,2004-11-11 14:30:00.0,Intermediário
3.62835,3.64829,2004-11-11 15:00:00.0,Intermediário
3.62666,3.6466,2004-11-11 15:30:00.0,Intermediário
3.63093,3.65088,2004-11-11 16:00:00.0,Intermediário
3.63403,3.65401,2004-11-11 16:30:00.0,Fechamento Interbancário
3.63916,3.64668,2004-11-11 17:39:00.0,Fechamento
3.61295,3.6432,2004-11-12 09:55:00.0,Abertura
3.61542,3.63532,2004-11-12 10:00:00.0,Intermediário
3.61831,3.63823,2004-11-12 10:30:00.0,Intermediário
3.61727,3.63717,2004-11-12 11:00:00.0,Intermediário
3.62125,3.63987,2004-11-12 11:36:00.0,Intermediário
3.61205,3.63192,2004-11-12 12:00:00.0,Intermediário
3.61138,3.62996,2004-11-12 12:30:00.0,Intermediário
3.61077,3.63063,2004-11-12 13:00:00.0,Intermediário
3.61553,3.63543,2004-11-12 13:30:00.0,Intermediário
3.62027,3.6402,2004-11-12 14:00:00.0,Intermediário
3.62644,3.64637,2004-11-12 14:30:00.0,Intermediário
3.61057,3.63044,2004-11-12 15:00:00.0,Intermediário
3.6114,3.63128,2004-11-12 15:30:00.0,Intermediário
3.60882,3.62867,2004-11-12 16:00:00.0,Intermediário
3.6115,3.63137,2004-11-12 16:30:00.0,Fechamento Interbancário
3.63149,3.63897,2004-11-12 17:49:00.0,Fechamento
3.60595,3.6362,2004-11-16 09:57:00.0,Abertura
3.60917,3.62901,2004-11-16 10:00:00.0,Intermediário
3.60937,3.62923,2004-11-16 10:30:00.0,Intermediário
3.60678,3.62663,2004-11-16 11:00:00.0,Intermediário
3.60983,3.6284,2004-11-16 11:34:00.0,Intermediário
3.6127,3.63258,2004-11-16 12:00:00.0,Intermediário
3.60111,3.62093,2004-11-16 12:30:00.0,Intermediário
3.59956,3.61806,2004-11-16 13:00:00.0,Intermediário
3.60399,3.62254,2004-11-16 13:30:00.0,Intermediário
3.60373,3.62226,2004-11-16 14:00:00.0,Intermediário
3.60649,3.62505,2004-11-16 14:44:00.0,Intermediário
3.59649,3.61631,2004-11-16 15:00:00.0,Intermediário
3.60447,3.62431,2004-11-16 15:30:00.0,Intermediário
3.60399,3.62384,2004-11-16 16:00:00.0,Intermediário
3.60225,3.62078,2004-11-16 16:30:00.0,Fechamento Interbancário
3.61119,3.61863,2004-11-16 17:38:00.0,Fechamento
3.60903,3.63936,2004-11-17 09:37:00.0,Abertura
3.61063,3.63051,2004-11-17 10:00:00.0,Intermediário
3.61084,3.63071,2004-11-17 10:30:00.0,Intermediário
3.61508,3.63499,2004-11-17 11:00:00.0,Intermediário
3.61261,3.63249,2004-11-17 11:30:00.0,Intermediário
3.60153,3.62137,2004-11-17 12:00:00.0,Intermediário
3.59497,3.61476,2004-11-17 12:30:00.0,Intermediário
3.59837,3.6182,2004-11-17 13:00:00.0,Intermediário
3.59359,3.61337,2004-11-17 13:30:00.0,Intermediário
3.59497,3.61476,2004-11-17 14:00:00.0,Intermediário
3.59799,3.6178,2004-11-17 14:30:00.0,Intermediário
3.59203,3.61182,2004-11-17 15:00:00.0,Intermediário
3.58717,3.60692,2004-11-17 15:30:00.0,Intermediário
3.58797,3.60775,2004-11-17 16:00:00.0,Intermediário
3.58745,3.6072,2004-11-17 16:30:00.0,Fechamento Interbancário
3.60474,3.61215,2004-11-17 17:45:00.0,Fechamento
3.5819,3.6121,2004-11-18 09:54:00.0,Abertura
3.58675,3.60652,2004-11-18 10:00:00.0,Intermediário
3.57756,3.59726,2004-11-18 10:30:00.0,Intermediário
3.58552,3.60527,2004-11-18 11:00:00.0,Intermediário
3.58142,3.60115,2004-11-18 11:30:00.0,Intermediário
3.58405,3.60378,2004-11-18 12:00:00.0,Intermediário
3.58803,3.60777,2004-11-18 12:30:00.0,Intermediário
3.57571,3.59671,2004-11-18 13:00:00.0,Intermediário
3.57398,3.59367,2004-11-18 13:30:00.0,Intermediário
3.57205,3.59174,2004-11-18 14:00:00.0,Intermediário
3.5693,3.58899,2004-11-18 14:30:00.0,Intermediário
3.58233,3.60338,2004-11-18 15:00:00.0,Intermediário
3.57914,3.59886,2004-11-18 15:30:00.0,Intermediário
3.59078,3.61054,2004-11-18 16:00:00.0,Intermediário
3.59208,3.61054,2004-11-18 16:30:00.0,Fechamento Interbancário
3.57728,3.58466,2004-11-18 17:43:00.0,Fechamento
3.58825,3.61848,2004-11-19 09:57:00.0,Abertura
3.59367,3.61345,2004-11-19 10:00:00.0,Intermediário
3.5882,3.60795,2004-11-19 10:30:00.0,Intermediário
3.58922,3.60898,2004-11-19 11:00:00.0,Intermediário
3.59093,3.61072,2004-11-19 11:30:00.0,Intermediário
3.59089,3.61066,2004-11-19 12:00:00.0,Intermediário
3.58841,3.60818,2004-11-19 12:30:00.0,Intermediário
3.59803,3.61783,2004-11-19 13:09:00.0,Intermediário
3.59748,3.61727,2004-11-19 13:30:00.0,Intermediário
3.59913,3.61893,2004-11-19 14:00:00.0,Intermediário
3.59913,3.61893,2004-11-19 14:33:00.0,Intermediário
3.61441,3.6356,2004-11-19 15:00:00.0,Intermediário
3.6162,3.6361,2004-11-19 15:30:00.0,Intermediário
3.62437,3.64431,2004-11-19 16:00:00.0,Intermediário
3.61892,3.63882,2004-11-19 16:30:00.0,Fechamento Interbancário
3.59826,3.60566,2004-11-19 17:45:00.0,Fechamento
3.60012,3.6304,2004-11-22 09:55:00.0,Abertura
3.60291,3.62275,2004-11-22 10:00:00.0,Intermediário
3.60792,3.62909,2004-11-22 10:30:00.0,Intermediário
3.60106,3.61959,2004-11-22 11:00:00.0,Intermediário
3.59317,3.61298,2004-11-22 11:30:00.0,Intermediário
3.58922,3.60898,2004-11-22 12:00:00.0,Intermediário
3.59381,3.61361,2004-11-22 12:30:00.0,Intermediário
3.59842,3.61823,2004-11-22 13:00:00.0,Intermediário
3.59779,3.6176,2004-11-22 13:30:00.0,Intermediário
3.59862,3.61843,2004-11-22 14:00:00.0,Intermediário
3.59834,3.61816,2004-11-22 14:30:00.0,Intermediário
3.59349,3.61328,2004-11-22 15:00:00.0,Intermediário
3.59014,3.6099,2004-11-22 15:30:00.0,Intermediário
3.58663,3.60639,2004-11-22 16:00:00.0,Intermediário
3.58273,3.60116,2004-11-22 16:30:00.0,Fechamento Interbancário
3.60637,3.61378,2004-11-22 18:18:00.0,Fechamento
3.56305,3.59317,2004-11-23 09:45:00.0,Abertura
3.5658,3.58675,2004-11-23 10:00:00.0,Intermediário
3.57729,3.59701,2004-11-23 10:30:00.0,Intermediário
3.57468,3.59308,2004-11-23 11:00:00.0,Intermediário
3.57468,3.59439,2004-11-23 11:30:00.0,Intermediário
3.57547,3.59384,2004-11-23 12:00:00.0,Intermediário
3.5824,3.60213,2004-11-23 12:30:00.0,Intermediário
3.58663,3.60641,2004-11-23 13:00:00.0,Intermediário
3.58636,3.60613,2004-11-23 13:30:00.0,Intermediário
3.58966,3.60943,2004-11-23 14:00:00.0,Intermediário
3.58663,3.60641,2004-11-23 14:30:00.0,Intermediário
3.59145,3.61123,2004-11-23 15:00:00.0,Intermediário
3.59736,3.61716,2004-11-23 15:30:00.0,Intermediário
3.58477,3.6032,2004-11-23 16:00:00.0,Intermediário
3.58182,3.60155,2004-11-23 16:30:00.0,Fechamento Interbancário
3.58903,3.59639,2004-11-23 17:45:00.0,Fechamento
3.58381,3.61409,2004-11-24 09:42:00.0,Abertura
3.58561,3.60536,2004-11-24 10:00:00.0,Intermediário
3.58725,3.607,2004-11-24 10:30:00.0,Intermediário
3.58742,3.60717,2004-11-24 11:00:00.0,Intermediário
3.62007,3.63997,2004-11-24 11:30:00.0,Intermediário
3.61903,3.63893,2004-11-24 12:00:00.0,Intermediário
3.61543,3.63531,2004-11-24 12:30:00.0,Intermediário
3.60679,3.62794,2004-11-24 13:00:00.0,Intermediário
3.60502,3.62354,2004-11-24 13:30:00.0,Intermediário
3.60859,3.62711,2004-11-24 14:00:00.0,Intermediário
3.60942,3.62794,2004-11-24 14:30:00.0,Intermediário
3.60444,3.62425,2004-11-24 15:00:00.0,Intermediário
3.61271,3.63259,2004-11-24 15:30:00.0,Intermediário
3.61736,3.63726,2004-11-24 16:00:00.0,Intermediário
3.62033,3.63891,2004-11-24 16:30:00.0,Fechamento Interbancário
3.61911,3.62654,2004-11-24 17:39:00.0,Fechamento
3.63338,3.66399,2004-11-25 09:40:00.0,Abertura
3.62802,3.64796,2004-11-25 10:00:00.0,Intermediário
3.6267,3.64531,2004-11-25 10:30:00.0,Intermediário
3.6195,3.63941,2004-11-25 11:00:00.0,Intermediário
3.62527,3.64519,2004-11-25 11:30:00.0,Intermediário
3.62785,3.64646,2004-11-25 12:00:00.0,Intermediário
3.63318,3.65181,2004-11-25 12:30:00.0,Intermediário
3.63665,3.65532,2004-11-25 13:00:00.0,Intermediário
3.63588,3.65587,2004-11-25 13:30:00.0,Intermediário
3.64109,3.66111,2004-11-25 14:00:00.0,Intermediário
3.64192,3.66193,2004-11-25 14:30:00.0,Intermediário
3.62892,3.64889,2004-11-25 15:00:00.0,Intermediário
3.63107,3.64971,2004-11-25 15:30:00.0,Intermediário
3.62556,3.6455,2004-11-25 16:00:00.0,Intermediário
3.62501,3.64495,2004-11-25 16:30:00.0,Fechamento Interbancário
3.64123,3.64867,2004-11-25 17:45:00.0,Fechamento
3.60745,3.63792,2004-11-26 09:50:00.0,Abertura
3.61375,3.63362,2004-11-26 10:00:00.0,Intermediário
3.61426,3.63413,2004-11-26 10:30:00.0,Intermediário
3.61708,3.63698,2004-11-26 11:00:00.0,Intermediário
3.61302,3.63292,2004-11-26 11:30:00.0,Intermediário
3.6135,3.63338,2004-11-26 12:00:00.0,Intermediário
3.61713,3.63702,2004-11-26 12:30:00.0,Intermediário
3.61859,3.63847,2004-11-26 13:00:00.0,Intermediário
3.61777,3.63765,2004-11-26 13:30:00.0,Intermediário
3.61804,3.63792,2004-11-26 14:00:00.0,Intermediário
3.62457,3.64452,2004-11-26 14:30:00.0,Intermediário
3.61713,3.6357,2004-11-26 15:00:00.0,Intermediário
3.62333,3.64192,2004-11-26 15:39:00.0,Intermediário
3.62145,3.64137,2004-11-26 16:00:00.0,Intermediário
3.62247,3.6424,2004-11-26 16:30:00.0,Fechamento Interbancário
3.63147,3.6389,2004-11-26 17:45:00.0,Fechamento
3.61243,3.64293,2004-11-29 09:58:00.0,Abertura
3.62169,3.6416,2004-11-29 10:00:00.0,Intermediário
3.61959,3.63949,2004-11-29 10:30:00.0,Intermediário
3.61923,3.63913,2004-11-29 11:08:00.0,Intermediário
3.62137,3.64128,2004-11-29 11:30:00.0,Intermediário
3.62683,3.64678,2004-11-29 12:06:00.0,Intermediário
3.63255,3.6525,2004-11-29 12:30:00.0,Intermediário
3.63314,3.6531,2004-11-29 13:00:00.0,Intermediário
3.63723,3.65591,2004-11-29 13:30:00.0,Intermediário
3.63833,3.65701,2004-11-29 14:00:00.0,Intermediário
3.63833,3.65701,2004-11-29 14:30:00.0,Intermediário
3.63788,3.65788,2004-11-29 15:04:00.0,Intermediário
3.64944,3.6695,2004-11-29 15:30:00.0,Intermediário
3.6435,3.66352,2004-11-29 16:00:00.0,Intermediário
3.63883,3.65885,2004-11-29 16:30:00.0,Fechamento Interbancário
3.63529,3.64271,2004-11-29 17:44:00.0,Fechamento
3.63988,3.67055,2004-11-30 09:51:00.0,Abertura
3.6441,3.66411,2004-11-30 10:00:00.0,Intermediário
3.63842,3.65709,2004-11-30 10:30:00.0,Intermediário
3.63577,3.65443,2004-11-30 11:00:00.0,Intermediário
3.62828,3.64824,2004-11-30 11:31:00.0,Intermediário
3.63156,3.65019,2004-11-30 12:00:00.0,Intermediário
3.62691,3.64684,2004-11-30 12:30:00.0,Intermediário
3.61949,3.63937,2004-11-30 13:06:00.0,Intermediário
3.61949,3.63937,2004-11-30 13:30:00.0,Intermediário
3.61268,3.63256,2004-11-30 14:00:00.0,Intermediário
3.60914,3.62901,2004-11-30 14:30:00.0,Intermediário
3.6085,3.62834,2004-11-30 15:06:00.0,Intermediário
3.60305,3.62287,2004-11-30 15:30:00.0,Intermediário
3.59829,3.61809,2004-11-30 16:00:00.0,Intermediário
3.60146,3.6213,2004-11-30 16:30:00.0,Fechamento Interbancário
3.62678,3.63421,2004-11-30 18:08:00.0,Fechamento
3.59714,3.62761,2004-12-01 09:56:00.0,Abertura
3.60164,3.62145,2004-12-01 10:00:00.0,Intermediário
3.60454,3.62437,2004-12-01 10:30:00.0,Intermediário
3.59812,3.61792,2004-12-01 11:00:00.0,Intermediário
3.60026,3.62007,2004-12-01 11:35:00.0,Intermediário
3.60723,3.62706,2004-12-01 12:06:00.0,Intermediário
3.60883,3.62867,2004-12-01 12:30:00.0,Intermediário
3.60647,3.62632,2004-12-01 13:00:00.0,Intermediário
3.5998,3.6196,2004-12-01 13:30:00.0,Intermediário
3.59845,3.61824,2004-12-01 14:00:00.0,Intermediário
3.5998,3.6196,2004-12-01 14:30:00.0,Intermediário
3.59341,3.61451,2004-12-01 15:00:00.0,Intermediário
3.59769,3.61747,2004-12-01 15:30:00.0,Intermediário
3.59847,3.61826,2004-12-01 16:00:00.0,Intermediário
3.60064,3.62046,2004-12-01 16:30:00.0,Fechamento Interbancário
3.61392,3.62133,2004-12-01 17:42:00.0,Fechamento
3.60308,3.63361,2004-12-02 09:49:00.0,Abertura
3.60704,3.62691,2004-12-02 10:00:00.0,Intermediário
3.61127,3.63248,2004-12-02 10:30:00.0,Intermediário
3.6123,3.63215,2004-12-02 11:00:00.0,Intermediário
3.60889,3.62874,2004-12-02 11:30:00.0,Intermediário
3.61807,3.63796,2004-12-02 12:00:00.0,Intermediário
3.62157,3.64148,2004-12-02 12:30:00.0,Intermediário
3.62657,3.64651,2004-12-02 13:00:00.0,Intermediário
3.61785,3.6364,2004-12-02 13:30:00.0,Intermediário
3.60399,3.62248,2004-12-02 14:16:00.0,Intermediário
3.60671,3.62523,2004-12-02 14:30:00.0,Intermediário
3.61845,3.63837,2004-12-02 15:07:00.0,Intermediário
3.61447,3.63437,2004-12-02 15:30:00.0,Intermediário
3.61625,3.63615,2004-12-02 16:00:00.0,Intermediário
3.61762,3.63618,2004-12-02 16:30:00.0,Fechamento Interbancário
3.61285,3.62023,2004-12-02 17:41:00.0,Fechamento
3.61744,3.648,2004-12-03 09:57:00.0,Abertura
3.62165,3.64158,2004-12-03 10:00:00.0,Intermediário
3.61384,3.63371,2004-12-03 10:30:00.0,Intermediário
3.61734,3.63722,2004-12-03 11:00:00.0,Intermediário
3.63147,3.65142,2004-12-03 11:30:00.0,Intermediário
3.60519,3.62505,2004-12-03 12:06:00.0,Intermediário
3.59547,3.61792,2004-12-03 12:30:00.0,Intermediário
3.60154,3.62136,2004-12-03 13:00:00.0,Intermediário
3.60424,3.62406,2004-12-03 13:30:00.0,Intermediário
3.60722,3.62707,2004-12-03 14:00:00.0,Intermediário
3.61206,3.63194,2004-12-03 14:30:00.0,Intermediário
3.60407,3.62524,2004-12-03 15:07:00.0,Intermediário
3.60352,3.62335,2004-12-03 15:30:00.0,Intermediário
3.62283,3.64274,2004-12-03 16:00:00.0,Intermediário
3.62957,3.64954,2004-12-03 16:30:00.0,Fechamento Interbancário
3.64355,3.65097,2004-12-03 17:49:00.0,Fechamento
3.61805,3.64873,2004-12-06 09:57:00.0,Abertura
3.62233,3.64226,2004-12-06 10:00:00.0,Intermediário
3.62397,3.64389,2004-12-06 10:30:00.0,Intermediário
3.61778,3.63768,2004-12-06 11:00:00.0,Intermediário
3.6443,3.66434,2004-12-06 11:31:00.0,Intermediário
3.647,3.66705,2004-12-06 12:00:00.0,Intermediário
3.64673,3.66678,2004-12-06 12:30:00.0,Intermediário
3.65318,3.67326,2004-12-06 13:00:00.0,Intermediário
3.64885,3.6689,2004-12-06 13:30:00.0,Intermediário
3.64991,3.66999,2004-12-06 14:00:00.0,Intermediário
3.64858,3.66862,2004-12-06 14:30:00.0,Intermediário
3.64378,3.66381,2004-12-06 15:00:00.0,Intermediário
3.64566,3.6657,2004-12-06 15:30:00.0,Intermediário
3.64543,3.66546,2004-12-06 16:00:00.0,Intermediário
3.64434,3.66302,2004-12-06 16:30:00.0,Fechamento Interbancário
3.64791,3.65535,2004-12-06 17:38:00.0,Fechamento
3.64011,3.67089,2004-12-07 09:41:00.0,Abertura
3.6452,3.66656,2004-12-07 10:00:00.0,Intermediário
3.64359,3.66359,2004-12-07 10:30:00.0,Intermediário
3.64253,3.66252,2004-12-07 11:00:00.0,Intermediário
3.6538,3.67386,2004-12-07 11:30:00.0,Intermediário
3.66428,3.68438,2004-12-07 12:00:00.0,Intermediário
3.67546,3.69564,2004-12-07 12:36:00.0,Intermediário
3.67059,3.69075,2004-12-07 13:00:00.0,Intermediário
3.66815,3.68829,2004-12-07 13:30:00.0,Intermediário
3.66815,3.68829,2004-12-07 14:00:00.0,Intermediário
3.66977,3.68993,2004-12-07 14:30:00.0,Intermediário
3.67303,3.6932,2004-12-07 15:00:00.0,Intermediário
3.6684,3.68854,2004-12-07 15:30:00.0,Intermediário
3.67753,3.69771,2004-12-07 16:00:00.0,Intermediário
3.6786,3.69881,2004-12-07 16:30:00.0,Fechamento Interbancário
3.66808,3.67555,2004-12-07 17:37:00.0,Fechamento
3.66291,3.69368,2004-12-08 09:50:00.0,Abertura
3.66965,3.68978,2004-12-08 10:00:00.0,Intermediário
3.67037,3.69051,2004-12-08 10:30:00.0,Intermediário
3.67424,3.69442,2004-12-08 11:00:00.0,Intermediário
3.67634,3.69652,2004-12-08 11:30:00.0,Intermediário
3.66939,3.68954,2004-12-08 12:00:00.0,Intermediário
3.6589,3.679,2004-12-08 12:30:00.0,Intermediário
3.65261,3.67267,2004-12-08 13:00:00.0,Intermediário
3.65868,3.67877,2004-12-08 13:30:00.0,Intermediário
3.65675,3.67684,2004-12-08 14:00:00.0,Intermediário
3.65399,3.67405,2004-12-08 14:30:00.0,Intermediário
3.65675,3.67684,2004-12-08 15:08:00.0,Intermediário
3.66373,3.68385,2004-12-08 15:30:00.0,Intermediário
3.66444,3.68456,2004-12-08 16:00:00.0,Intermediário
3.66113,3.68122,2004-12-08 16:30:00.0,Fechamento Interbancário
3.68276,3.69029,2004-12-08 17:38:00.0,Fechamento
3.65341,3.68415,2004-12-09 09:51:00.0,Abertura
3.65209,3.67217,2004-12-09 10:00:00.0,Intermediário
3.64916,3.66923,2004-12-09 10:30:00.0,Intermediário
3.65374,3.67382,2004-12-09 11:00:00.0,Intermediário
3.67258,3.69674,2004-12-09 11:35:00.0,Intermediário
3.67457,3.69474,2004-12-09 12:00:00.0,Intermediário
3.67745,3.69896,2004-12-09 12:30:00.0,Intermediário
3.69769,3.71797,2004-12-09 13:00:00.0,Intermediário
3.68964,3.70988,2004-12-09 13:30:00.0,Intermediário
3.68546,3.70567,2004-12-09 14:00:00.0,Intermediário
3.68992,3.71016,2004-12-09 14:30:00.0,Intermediário
3.6856,3.70583,2004-12-09 15:00:00.0,Intermediário
3.68169,3.70057,2004-12-09 15:30:00.0,Intermediário
3.67932,3.69951,2004-12-09 16:00:00.0,Intermediário
3.68507,3.70529,2004-12-09 16:30:00.0,Fechamento Interbancário
3.69341,3.70097,2004-12-09 17:44:00.0,Fechamento
3.68432,3.71513,2004-12-10 09:43:00.0,Abertura
3.68164,3.70316,2004-12-10 10:00:00.0,Intermediário
3.66965,3.68981,2004-12-10 10:30:00.0,Intermediário
3.67308,3.69323,2004-12-10 11:00:00.0,Intermediário
3.6689,3.68905,2004-12-10 11:30:00.0,Intermediário
3.66462,3.68474,2004-12-10 12:00:00.0,Intermediário
3.6599,3.68,2004-12-10 12:30:00.0,Intermediário
3.65303,3.67179,2004-12-10 13:00:00.0,Intermediário
3.66414,3.68293,2004-12-10 13:30:00.0,Intermediário
3.66386,3.68266,2004-12-10 14:00:00.0,Intermediário
3.66717,3.68599,2004-12-10 14:30:00.0,Intermediário
3.6631,3.68321,2004-12-10 15:00:00.0,Intermediário
3.66772,3.68787,2004-12-10 15:30:00.0,Intermediário
3.66101,3.67979,2004-12-10 16:00:00.0,Intermediário
3.65963,3.67973,2004-12-10 16:30:00.0,Fechamento Interbancário
3.68363,3.69115,2004-12-10 17:40:00.0,Fechamento
3.65906,3.68978,2004-12-13 09:57:00.0,Abertura
3.66297,3.68307,2004-12-13 10:00:00.0,Intermediário
3.66193,3.68202,2004-12-13 10:30:00.0,Intermediário
3.669,3.68914,2004-12-13 11:00:00.0,Intermediário
3.67116,3.69131,2004-12-13 11:30:00.0,Intermediário
3.67381,3.69397,2004-12-13 12:00:00.0,Intermediário
3.676,3.69486,2004-12-13 12:30:00.0,Intermediário
3.67033,3.69047,2004-12-13 13:00:00.0,Intermediário
3.67193,3.69208,2004-12-13 13:30:00.0,Intermediário
3.67828,3.69846,2004-12-13 14:00:00.0,Intermediário
3.67689,3.69708,2004-12-13 14:30:00.0,Intermediário
3.67126,3.69006,2004-12-13 15:07:00.0,Intermediário
3.67518,3.69535,2004-12-13 15:30:00.0,Intermediário
3.66987,3.69001,2004-12-13 16:00:00.0,Intermediário
3.66832,3.68711,2004-12-13 16:30:00.0,Fechamento Interbancário
3.68743,3.69497,2004-12-13 17:54:00.0,Fechamento
3.65811,3.68889,2004-12-14 09:48:00.0,Abertura
3.66499,3.68511,2004-12-14 10:00:00.0,Intermediário
3.65963,3.67973,2004-12-14 10:30:00.0,Intermediário
3.65885,3.67894,2004-12-14 11:00:00.0,Intermediário
3.66456,3.68469,2004-12-14 11:30:00.0,Intermediário
3.66163,3.68173,2004-12-14 12:03:00.0,Intermediário
3.65893,3.67902,2004-12-14 12:30:00.0,Intermediário
3.65687,3.67561,2004-12-14 13:00:00.0,Intermediário
3.65687,3.67561,2004-12-14 13:30:00.0,Intermediário
3.65054,3.66927,2004-12-14 14:00:00.0,Intermediário
3.64836,3.66707,2004-12-14 14:30:00.0,Intermediário
3.66122,3.6813,2004-12-14 15:00:00.0,Intermediário
3.65912,3.67922,2004-12-14 15:30:00.0,Intermediário
3.66407,3.6842,2004-12-14 16:00:00.0,Intermediário
3.66523,3.68536,2004-12-14 16:30:00.0,Fechamento Interbancário
3.66771,3.67523,2004-12-14 17:42:00.0,Fechamento
3.67585,3.70675,2004-12-15 09:51:00.0,Abertura
3.67953,3.69972,2004-12-15 10:00:00.0,Intermediário
3.68298,3.70319,2004-12-15 10:30:00.0,Intermediário
3.68502,3.70659,2004-12-15 11:00:00.0,Intermediário
3.67718,3.6987,2004-12-15 11:30:00.0,Intermediário
3.68601,3.70621,2004-12-15 12:13:00.0,Intermediário
3.68436,3.7059,2004-12-15 12:30:00.0,Intermediário
3.66854,3.69002,2004-12-15 13:00:00.0,Intermediário
3.66854,3.68868,2004-12-15 13:30:00.0,Intermediário
3.6743,3.69447,2004-12-15 14:00:00.0,Intermediário
3.67485,3.69502,2004-12-15 14:30:00.0,Intermediário
3.66359,3.68236,2004-12-15 15:00:00.0,Intermediário
3.66173,3.68183,2004-12-15 15:30:00.0,Intermediário
3.64531,3.66398,2004-12-15 16:00:00.0,Intermediário
3.64613,3.6648,2004-12-15 16:30:00.0,Fechamento Interbancário
3.68591,3.69342,2004-12-15 17:38:00.0,Fechamento
3.62757,3.65826,2004-12-16 09:52:00.0,Abertura
3.62969,3.64966,2004-12-16 10:00:00.0,Intermediário
3.63971,3.65969,2004-12-16 10:30:00.0,Intermediário
3.64422,3.66423,2004-12-16 11:00:00.0,Intermediário
3.63828,3.65828,2004-12-16 11:30:00.0,Intermediário
3.63452,3.6545,2004-12-16 12:00:00.0,Intermediário
3.62801,3.64796,2004-12-16 12:33:00.0,Intermediário
3.62715,3.64708,2004-12-16 13:00:00.0,Intermediário
3.62418,3.64411,2004-12-16 13:30:00.0,Intermediário
3.62091,3.64083,2004-12-16 14:00:00.0,Intermediário
3.62091,3.64083,2004-12-16 14:30:00.0,Intermediário
3.63042,3.65039,2004-12-16 15:06:00.0,Intermediário
3.62718,3.64847,2004-12-16 15:30:00.0,Intermediário
3.62411,3.64269,2004-12-16 16:00:00.0,Intermediário
3.60863,3.62846,2004-12-16 16:30:00.0,Fechamento Interbancário
3.60828,3.61567,2004-12-16 17:53:00.0,Fechamento
3.61954,3.65012,2004-12-17 09:51:00.0,Abertura
3.61758,3.63748,2004-12-17 10:00:00.0,Intermediário
3.61602,3.63591,2004-12-17 10:30:00.0,Intermediário
3.61653,3.63509,2004-12-17 11:00:00.0,Intermediário
3.61438,3.63427,2004-12-17 11:30:00.0,Intermediário
3.61239,3.63226,2004-12-17 12:00:00.0,Intermediário
3.60515,3.62499,2004-12-17 12:30:00.0,Intermediário
3.60172,3.62154,2004-12-17 13:00:00.0,Intermediário
3.59928,3.61907,2004-12-17 13:30:00.0,Intermediário
3.59629,3.61607,2004-12-17 14:00:00.0,Intermediário
3.59873,3.61852,2004-12-17 14:30:00.0,Intermediário
3.60074,3.62057,2004-12-17 15:00:00.0,Intermediário
3.59908,3.61891,2004-12-17 15:30:00.0,Intermediário
3.59444,3.61422,2004-12-17 16:00:00.0,Intermediário
3.59579,3.61557,2004-12-17 16:30:00.0,Fechamento Interbancário
3.61581,3.6232,2004-12-17 17:41:00.0,Fechamento
3.60455,3.63514,2004-12-20 09:55:00.0,Abertura
3.6083,3.62815,2004-12-20 10:00:00.0,Intermediário
3.60455,3.62439,2004-12-20 10:30:00.0,Intermediário
3.60671,3.62655,2004-12-20 11:00:00.0,Intermediário
3.6094,3.62926,2004-12-20 11:30:00.0,Intermediário
3.60511,3.62496,2004-12-20 12:00:00.0,Intermediário
3.60056,3.61905,2004-12-20 12:30:00.0,Intermediário
3.58668,3.60778,2004-12-20 13:00:00.0,Intermediário
3.58614,3.6059,2004-12-20 13:30:00.0,Intermediário
3.59205,3.61181,2004-12-20 14:00:00.0,Intermediário
3.58802,3.60778,2004-12-20 14:30:00.0,Intermediário
3.58427,3.60402,2004-12-20 15:00:00.0,Intermediário
3.58721,3.60966,2004-12-20 15:30:00.0,Intermediário
3.57492,3.59597,2004-12-20 16:00:00.0,Intermediário
3.57492,3.59462,2004-12-20 16:30:00.0,Fechamento Interbancário
3.60373,3.6111,2004-12-20 17:38:00.0,Fechamento
3.56449,3.59488,2004-12-21 09:52:00.0,Abertura
3.57091,3.59058,2004-12-21 10:00:00.0,Intermediário
3.58429,3.60267,2004-12-21 10:30:00.0,Intermediário
3.58776,3.60751,2004-12-21 11:00:00.0,Intermediário
3.59016,3.60993,2004-12-21 11:30:00.0,Intermediário
3.59657,3.61503,2004-12-21 12:00:00.0,Intermediário
3.5979,3.61771,2004-12-21 12:30:00.0,Intermediário
3.58748,3.60724,2004-12-21 13:00:00.0,Intermediário
3.5824,3.60211,2004-12-21 13:30:00.0,Intermediário
3.58267,3.6024,2004-12-21 14:00:00.0,Intermediário
3.58294,3.60267,2004-12-21 14:30:00.0,Intermediário
3.59015,3.60992,2004-12-21 15:00:00.0,Intermediário
3.59789,3.61769,2004-12-21 15:30:00.0,Intermediário
3.60323,3.62306,2004-12-21 16:00:00.0,Intermediário
3.60136,3.62118,2004-12-21 16:30:00.0,Fechamento Interbancário
3.59125,3.59861,2004-12-21 17:39:00.0,Fechamento
3.60159,3.63212,2004-12-22 10:01:00.0,Abertura
3.60531,3.62513,2004-12-22 10:20:00.0,Intermediário
3.60028,3.62011,2004-12-22 10:30:00.0,Intermediário
3.60057,3.61906,2004-12-22 11:00:00.0,Intermediário
3.59255,3.61233,2004-12-22 11:30:00.0,Intermediário
3.59816,3.61796,2004-12-22 12:00:00.0,Intermediário
3.59923,3.61905,2004-12-22 12:30:00.0,Intermediário
3.60697,3.62817,2004-12-22 13:00:00.0,Intermediário
3.60751,3.62871,2004-12-22 13:30:00.0,Intermediário
3.60805,3.62925,2004-12-22 14:00:00.0,Intermediário
3.60751,3.62871,2004-12-22 14:30:00.0,Intermediário
3.6142,3.63409,2004-12-22 15:00:00.0,Intermediário
3.60909,3.62761,2004-12-22 15:30:00.0,Intermediário
3.61179,3.63033,2004-12-22 16:00:00.0,Intermediário
3.61312,3.63301,2004-12-22 16:30:00.0,Fechamento Interbancário
3.6127,3.62009,2004-12-22 17:42:00.0,Fechamento
3.61216,3.64281,2004-12-23 09:49:00.0,Abertura
3.62317,3.64308,2004-12-23 10:00:00.0,Intermediário
3.63526,3.65523,2004-12-23 10:30:00.0,Intermediário
3.64306,3.66306,2004-12-23 11:00:00.0,Intermediário
3.64116,3.66116,2004-12-23 11:30:00.0,Intermediário
3.64091,3.65955,2004-12-23 12:00:00.0,Intermediário
3.64549,3.66419,2004-12-23 12:30:00.0,Intermediário
3.63797,3.65797,2004-12-23 13:00:00.0,Intermediário
3.63932,3.65932,2004-12-23 13:30:00.0,Intermediário
3.64256,3.66257,2004-12-23 14:00:00.0,Intermediário
3.64067,3.66068,2004-12-23 14:30:00.0,Intermediário
3.63312,3.65175,2004-12-23 15:00:00.0,Intermediário
3.62881,3.64878,2004-12-23 15:30:00.0,Intermediário
3.63043,3.6504,2004-12-23 16:00:00.0,Intermediário
3.6342,3.65418,2004-12-23 16:30:00.0,Fechamento Interbancário
3.65034,3.65778,2004-12-23 17:39:00.0,Fechamento
3.63146,3.65415,2004-12-24 09:51:00.0,Abertura
3.63092,3.65361,2004-12-24 10:00:00.0,Intermediário
3.63096,3.65363,2004-12-24 10:30:00.0,Intermediário
3.63687,3.65687,2004-12-24 11:00:00.0,Intermediário
3.63714,3.65714,2004-12-24 11:30:00.0,Fechamento Interbancário
3.64124,3.64868,2004-12-24 12:13:00.0,Fechamento
3.63876,3.66963,2004-12-27 09:57:00.0,Abertura
3.63606,3.65606,2004-12-27 10:00:00.0,Intermediário
3.64986,3.6699,2004-12-27 10:30:00.0,Intermediário
3.65229,3.67099,2004-12-27 11:00:00.0,Intermediário
3.65064,3.67071,2004-12-27 11:30:00.0,Intermediário
3.65281,3.67288,2004-12-27 12:00:00.0,Intermediário
3.65308,3.67179,2004-12-27 12:30:00.0,Intermediário
3.64875,3.66879,2004-12-27 13:00:00.0,Intermediário
3.65735,3.67745,2004-12-27 13:30:00.0,Intermediário
3.66761,3.68774,2004-12-27 14:00:00.0,Intermediário
3.67082,3.69098,2004-12-27 14:30:00.0,Intermediário
3.66461,3.69155,2004-12-27 15:00:00.0,Intermediário
3.65965,3.68112,2004-12-27 15:30:00.0,Intermediário
3.6583,3.67978,2004-12-27 16:00:00.0,Intermediário
3.65857,3.67868,2004-12-27 16:30:00.0,Fechamento Interbancário
3.67189,3.67935,2004-12-27 18:29:00.0,Fechamento
3.64938,3.68035,2004-12-28 09:55:00.0,Abertura
3.6551,3.67518,2004-12-28 10:00:00.0,Intermediário
3.65639,3.67648,2004-12-28 10:30:00.0,Intermediário
3.65585,3.67594,2004-12-28 11:00:00.0,Intermediário
3.65068,3.67074,2004-12-28 11:30:00.0,Intermediário
3.65829,3.67839,2004-12-28 12:00:00.0,Intermediário
3.66022,3.6817,2004-12-28 12:30:00.0,Intermediário
3.65723,3.67733,2004-12-28 13:00:00.0,Intermediário
3.65673,3.67545,2004-12-28 13:30:00.0,Intermediário
3.65162,3.67031,2004-12-28 14:00:00.0,Intermediário
3.6535,3.67219,2004-12-28 14:30:00.0,Intermediário
3.65811,3.6782,2004-12-28 15:00:00.0,Intermediário
3.65348,3.67491,2004-12-28 15:30:00.0,Intermediário
3.65321,3.67328,2004-12-28 16:00:00.0,Intermediário
3.65241,3.6711,2004-12-28 16:30:00.0,Fechamento Interbancário
3.65803,3.66547,2004-12-28 18:06:00.0,Fechamento
3.6497,3.68065,2004-12-29 09:56:00.0,Abertura
3.65188,3.67056,2004-12-29 10:00:00.0,Intermediário
3.65349,3.67354,2004-12-29 10:30:00.0,Intermediário
3.64834,3.66837,2004-12-29 11:00:00.0,Intermediário
3.64618,3.6662,2004-12-29 11:30:00.0,Intermediário
3.64271,3.66274,2004-12-29 12:00:00.0,Intermediário
3.63978,3.65978,2004-12-29 12:30:00.0,Intermediário
3.64291,3.66291,2004-12-29 13:00:00.0,Intermediário
3.63727,3.65727,2004-12-29 13:30:00.0,Intermediário
3.6362,3.6562,2004-12-29 14:00:00.0,Intermediário
3.63674,3.65674,2004-12-29 14:30:00.0,Intermediário
3.63357,3.65355,2004-12-29 15:00:00.0,Intermediário
3.62271,3.64126,2004-12-29 15:55:00.0,Intermediário
3.61129,3.62981,2004-12-29 16:16:00.0,Intermediário
3.60918,3.62768,2004-12-29 16:30:00.0,Fechamento Interbancário
3.64276,3.65018,2004-12-29 17:43:00.0,Fechamento
3.60709,3.63784,2004-12-30 09:56:00.0,Abertura
3.60437,3.62284,2004-12-30 10:00:00.0,Intermediário
3.60136,3.62117,2004-12-30 10:30:00.0,Intermediário
3.60299,3.62144,2004-12-30 11:00:00.0,Intermediário
3.60414,3.62397,2004-12-30 11:30:00.0,Intermediário
3.60688,3.62537,2004-12-30 12:00:00.0,Intermediário
3.60874,3.62723,2004-12-30 12:30:00.0,Intermediário
3.60169,3.62151,2004-12-30 13:00:00.0,Intermediário
3.6091,3.62897,2004-12-30 13:30:00.0,Intermediário
3.61016,3.63003,2004-12-30 14:00:00.0,Intermediário
3.60833,3.62818,2004-12-30 14:30:00.0,Intermediário
3.60236,3.62082,2004-12-30 15:00:00.0,Intermediário
3.60508,3.62355,2004-12-30 15:30:00.0,Intermediário
3.6085,3.62836,2004-12-30 16:00:00.0,Intermediário
3.60876,3.62863,2004-12-30 16:30:00.0,Fechamento Interbancário
3.62169,3.62904,2004-12-30 17:38:00.0,Fechamento
3.61439,3.63263,2004-12-31 09:53:00.0,Abertura
3.61147,3.62971,2004-12-31 10:00:00.0,Intermediário
3.61306,3.6313,2004-12-31 10:30:00.0,Intermediário
3.61359,3.63183,2004-12-31 11:00:00.0,Intermediário
3.612,3.63024,2004-12-31 11:30:00.0,Fechamento Interbancário
3.61213,3.61949,2004-12-31 12:38:00.0,Fechamento
