cotacaoCompra,cotacaoVenda,dataHoraCotacao,tipoBoletim
2.07177,2.09143,2002-01-02 09:59:00.0,Abertura
2.07196,2.0889,2002-01-02 10:00:00.0,Intermediário
2.07495,2.08739,2002-01-02 10:30:00.0,Intermediário
2.08021,2.09357,2002-01-02 11:00:00.0,Intermediário
2.08207,2.09454,2002-01-02 11:30:00.0,Intermediário
2.08552,2.098,2002-01-02 12:00:00.0,Intermediário
2.0789,2.09135,2002-01-02 12:30:00.0,Intermediário
2.07955,2.09201,2002-01-02 13:00:00.0,Intermediário
2.07932,2.09178,2002-01-02 13:30:00.0,Intermediário
2.07955,2.09201,2002-01-02 14:00:00.0,Intermediário
2.07679,2.08924,2002-01-02 14:30:00.0,Intermediário
2.07974,2.09221,2002-01-02 15:00:00.0,Intermediário
2.08014,2.09351,2002-01-02 15:30:00.0,Intermediário
2.07708,2.09043,2002-01-02 16:00:00.0,Intermediário
2.07412,2.08746,2002-01-02 16:30:00.0,Fechamento Interbancário
2.0834,2.08852,2002-01-02 18:05:00.0,Fechamento
2.05498,2.07458,2002-01-03 09:34:00.0,Abertura
2.06555,2.07794,2002-01-03 10:00:00.0,Intermediário
2.07143,2.08385,2002-01-03 10:30:00.0,Intermediário
2.06939,2.08179,2002-01-03 11:00:00.0,Intermediário
2.06802,2.08043,2002-01-03 11:30:00.0,Intermediário
2.06668,2.07907,2002-01-03 12:00:00.0,Intermediário
2.06326,2.07473,2002-01-03 12:30:00.0,Intermediário
2.05284,2.06517,2002-01-03 13:00:00.0,Intermediário
2.0517,2.06402,2002-01-03 13:30:00.0,Intermediário
2.05216,2.06448,2002-01-03 14:00:00.0,Intermediário
2.05079,2.06311,2002-01-03 14:30:00.0,Intermediário
2.05213,2.06445,2002-01-03 15:00:00.0,Intermediário
2.05299,2.06532,2002-01-03 15:30:00.0,Intermediário
2.05591,2.06825,2002-01-03 16:00:00.0,Intermediário
2.05547,2.06781,2002-01-03 16:30:00.0,Fechamento Interbancário
2.06029,2.06537,2002-01-03 17:38:00.0,Fechamento
2.05267,2.07218,2002-01-04 09:38:00.0,Abertura
2.05351,2.06674,2002-01-04 10:00:00.0,Intermediário
2.05847,2.07082,2002-01-04 10:30:00.0,Intermediário
2.05959,2.07195,2002-01-04 11:00:00.0,Intermediário
2.06669,2.07909,2002-01-04 11:30:00.0,Intermediário
2.06227,2.07465,2002-01-04 12:00:00.0,Intermediário
2.06683,2.07922,2002-01-04 12:30:00.0,Intermediário
2.06833,2.08164,2002-01-04 13:00:00.0,Intermediário
2.06626,2.07865,2002-01-04 13:30:00.0,Intermediário
2.06395,2.07633,2002-01-04 14:00:00.0,Intermediário
2.06533,2.07772,2002-01-04 14:30:00.0,Intermediário
2.06398,2.07636,2002-01-04 15:00:00.0,Intermediário
2.07046,2.08288,2002-01-04 15:30:00.0,Intermediário
2.08324,2.09482,2002-01-04 16:00:00.0,Intermediário
2.07625,2.09139,2002-01-04 16:30:00.0,Fechamento Interbancário
2.06717,2.07227,2002-01-04 18:04:00.0,Fechamento
2.07222,2.09179,2002-01-07 09:39:00.0,Abertura
2.0789,2.09136,2002-01-07 10:00:00.0,Intermediário
2.09134,2.10744,2002-01-07 10:30:00.0,Intermediário
2.09003,2.10345,2002-01-07 11:00:00.0,Intermediário
2.08437,2.09686,2002-01-07 11:30:00.0,Intermediário
2.07806,2.09052,2002-01-07 12:00:00.0,Intermediário
2.08087,2.09245,2002-01-07 12:30:00.0,Intermediário
2.08512,2.09761,2002-01-07 13:00:00.0,Intermediário
2.08325,2.09574,2002-01-07 13:30:00.0,Intermediário
2.08535,2.09785,2002-01-07 14:00:00.0,Intermediário
2.08535,2.09785,2002-01-07 14:30:00.0,Intermediário
2.09187,2.1035,2002-01-07 15:00:00.0,Intermediário
2.08188,2.09525,2002-01-07 15:30:00.0,Intermediário
2.07502,2.08835,2002-01-07 16:00:00.0,Intermediário
2.07459,2.08792,2002-01-07 16:30:00.0,Fechamento Interbancário
2.09059,2.09574,2002-01-07 17:39:00.0,Fechamento
2.06264,2.08216,2002-01-08 09:43:00.0,Abertura
2.07217,2.0846,2002-01-08 10:00:00.0,Intermediário
2.07479,2.08723,2002-01-08 10:30:00.0,Intermediário
2.07194,2.08437,2002-01-08 11:00:00.0,Intermediário
2.07984,2.0932,2002-01-08 11:30:00.0,Intermediário
2.07797,2.09132,2002-01-08 12:00:00.0,Intermediário
2.08825,2.10077,2002-01-08 12:30:00.0,Intermediário
2.08746,2.10086,2002-01-08 13:00:00.0,Intermediário
2.08671,2.09922,2002-01-08 13:30:00.0,Intermediário
2.08765,2.10016,2002-01-08 14:00:00.0,Intermediário
2.08765,2.10016,2002-01-08 14:30:00.0,Intermediário
2.10031,2.11288,2002-01-08 15:00:00.0,Intermediário
2.10667,2.12017,2002-01-08 15:30:00.0,Intermediário
2.10798,2.12059,2002-01-08 16:00:00.0,Intermediário
2.11088,2.12351,2002-01-08 16:30:00.0,Fechamento Interbancário
2.09034,2.09549,2002-01-08 17:30:00.0,Fechamento
2.12364,2.14349,2002-01-09 09:39:00.0,Abertura
2.12738,2.14098,2002-01-09 10:00:00.0,Intermediário
2.11741,2.13096,2002-01-09 10:30:00.0,Intermediário
2.11225,2.12667,2002-01-09 11:00:00.0,Intermediário
2.11622,2.12977,2002-01-09 11:30:00.0,Intermediário
2.12002,2.13359,2002-01-09 12:00:00.0,Intermediário
2.11426,2.12691,2002-01-09 12:30:00.0,Intermediário
2.09864,2.1112,2002-01-09 13:00:00.0,Intermediário
2.09864,2.1112,2002-01-09 13:30:00.0,Intermediário
2.09887,2.11144,2002-01-09 14:00:00.0,Intermediário
2.09698,2.10954,2002-01-09 14:30:00.0,Intermediário
2.11081,2.12344,2002-01-09 15:00:00.0,Intermediário
2.10497,2.11756,2002-01-09 15:30:00.0,Intermediário
2.10497,2.11845,2002-01-09 16:00:00.0,Intermediário
2.10307,2.11655,2002-01-09 16:30:00.0,Fechamento Interbancário
2.11732,2.12253,2002-01-09 18:04:00.0,Fechamento
2.11943,2.13926,2002-01-10 09:36:00.0,Abertura
2.12518,2.13878,2002-01-10 10:00:00.0,Intermediário
2.12423,2.13692,2002-01-10 10:30:00.0,Intermediário
2.12031,2.13299,2002-01-10 11:00:00.0,Intermediário
2.12286,2.13555,2002-01-10 11:30:00.0,Intermediário
2.12482,2.13752,2002-01-10 12:00:00.0,Intermediário
2.12274,2.13632,2002-01-10 12:30:00.0,Intermediário
2.12388,2.13747,2002-01-10 13:00:00.0,Intermediário
2.12412,2.13771,2002-01-10 13:30:00.0,Intermediário
2.12578,2.13938,2002-01-10 14:00:00.0,Intermediário
2.12483,2.13842,2002-01-10 14:30:00.0,Intermediário
2.12857,2.14129,2002-01-10 15:00:00.0,Intermediário
2.14573,2.15943,2002-01-10 15:30:00.0,Intermediário
2.15449,2.16734,2002-01-10 16:00:00.0,Intermediário
2.1536,2.16644,2002-01-10 16:30:00.0,Fechamento Interbancário
2.12951,2.13474,2002-01-10 18:08:00.0,Fechamento
2.16913,2.18922,2002-01-11 09:35:00.0,Abertura
2.16962,2.18612,2002-01-11 10:00:00.0,Intermediário
2.16322,2.17612,2002-01-11 10:30:00.0,Intermediário
2.15877,2.17433,2002-01-11 11:00:00.0,Intermediário
2.15214,2.16855,2002-01-11 11:30:00.0,Intermediário
2.14785,2.16246,2002-01-11 12:00:00.0,Intermediário
2.14963,2.16335,2002-01-11 12:30:00.0,Intermediário
2.14227,2.15774,2002-01-11 13:00:00.0,Intermediário
2.14028,2.15573,2002-01-11 13:30:00.0,Intermediário
2.14004,2.15549,2002-01-11 14:00:00.0,Intermediário
2.14052,2.15597,2002-01-11 14:30:00.0,Intermediário
2.13979,2.15257,2002-01-11 15:00:00.0,Intermediário
2.13761,2.15037,2002-01-11 15:30:00.0,Intermediário
2.13221,2.14584,2002-01-11 16:00:00.0,Intermediário
2.13388,2.14752,2002-01-11 16:30:00.0,Fechamento Interbancário
2.15424,2.15952,2002-01-11 18:06:00.0,Fechamento
2.14409,2.16405,2002-01-14 09:44:00.0,Abertura
2.14176,2.15454,2002-01-14 10:00:00.0,Intermediário
2.1518,2.16464,2002-01-14 10:30:00.0,Intermediário
2.1409,2.15368,2002-01-14 11:00:00.0,Intermediário
2.14388,2.15668,2002-01-14 11:30:00.0,Intermediário
2.14128,2.15406,2002-01-14 12:00:00.0,Intermediário
2.14395,2.15585,2002-01-14 12:30:00.0,Intermediário
2.14491,2.15771,2002-01-14 13:00:00.0,Intermediário
2.14587,2.15868,2002-01-14 13:30:00.0,Intermediário
2.14827,2.16109,2002-01-14 14:00:00.0,Intermediário
2.14611,2.15892,2002-01-14 14:30:00.0,Intermediário
2.13939,2.15216,2002-01-14 15:00:00.0,Intermediário
2.13482,2.14757,2002-01-14 15:30:00.0,Intermediário
2.13637,2.15092,2002-01-14 16:00:00.0,Intermediário
2.13339,2.14703,2002-01-14 16:30:00.0,Fechamento Interbancário
2.15001,2.15528,2002-01-14 17:49:00.0,Fechamento
2.12269,2.14253,2002-01-15 09:38:00.0,Abertura
2.11658,2.13191,2002-01-15 10:00:00.0,Intermediário
2.12091,2.13359,2002-01-15 10:30:00.0,Intermediário
2.1151,2.12864,2002-01-15 11:00:00.0,Intermediário
2.10957,2.1222,2002-01-15 11:30:00.0,Intermediário
2.10643,2.11904,2002-01-15 12:00:00.0,Intermediário
2.10916,2.12088,2002-01-15 12:30:00.0,Intermediário
2.10282,2.11541,2002-01-15 13:00:00.0,Intermediário
2.10329,2.11588,2002-01-15 13:30:00.0,Intermediário
2.10211,2.11469,2002-01-15 14:00:00.0,Intermediário
2.10211,2.11469,2002-01-15 14:30:00.0,Intermediário
2.09701,2.10957,2002-01-15 15:00:00.0,Intermediário
2.10502,2.11851,2002-01-15 15:30:00.0,Intermediário
2.10497,2.11756,2002-01-15 16:00:00.0,Intermediário
2.09881,2.11227,2002-01-15 16:30:00.0,Fechamento Interbancário
2.10158,2.10677,2002-01-15 17:56:00.0,Fechamento
2.08643,2.10601,2002-01-16 09:33:00.0,Abertura
2.09762,2.11107,2002-01-16 10:00:00.0,Intermediário
2.10537,2.11798,2002-01-16 10:30:00.0,Intermediário
2.09977,2.11323,2002-01-16 11:00:00.0,Intermediário
2.10057,2.11315,2002-01-16 11:30:00.0,Intermediário
2.10617,2.11789,2002-01-16 12:00:00.0,Intermediário
2.1016,2.11418,2002-01-16 12:30:00.0,Intermediário
2.10281,2.11629,2002-01-16 13:00:00.0,Intermediário
2.10567,2.11828,2002-01-16 13:30:00.0,Intermediário
2.1071,2.11972,2002-01-16 14:00:00.0,Intermediário
2.10663,2.11924,2002-01-16 14:30:00.0,Intermediário
2.09757,2.11102,2002-01-16 15:00:00.0,Intermediário
2.08653,2.09903,2002-01-16 15:30:00.0,Intermediário
2.0807,2.09318,2002-01-16 16:00:00.0,Intermediário
2.08165,2.09413,2002-01-16 16:30:00.0,Fechamento Interbancário
2.10593,2.11114,2002-01-16 18:12:00.0,Fechamento
2.06867,2.08816,2002-01-17 09:51:00.0,Abertura
2.07365,2.08609,2002-01-17 10:00:00.0,Intermediário
2.07511,2.08756,2002-01-17 10:30:00.0,Intermediário
2.0794,2.09099,2002-01-17 11:00:00.0,Intermediário
2.08339,2.09676,2002-01-17 11:30:00.0,Intermediário
2.08291,2.0954,2002-01-17 12:00:00.0,Intermediário
2.07987,2.09146,2002-01-17 12:30:00.0,Intermediário
2.07453,2.08786,2002-01-17 13:00:00.0,Intermediário
2.075,2.08745,2002-01-17 13:30:00.0,Intermediário
2.07382,2.08627,2002-01-17 14:00:00.0,Intermediário
2.07571,2.08816,2002-01-17 14:30:00.0,Intermediário
2.07324,2.08568,2002-01-17 15:00:00.0,Intermediário
2.07477,2.08721,2002-01-17 15:30:00.0,Intermediário
2.09651,2.11172,2002-01-17 16:00:00.0,Intermediário
2.091,2.10353,2002-01-17 16:30:00.0,Fechamento Interbancário
2.08173,2.08689,2002-01-17 17:49:00.0,Fechamento
2.09187,2.11148,2002-01-18 09:35:00.0,Abertura
2.09691,2.10947,2002-01-18 10:00:00.0,Intermediário
2.08981,2.10322,2002-01-18 10:30:00.0,Intermediário
2.08244,2.09581,2002-01-18 11:00:00.0,Intermediário
2.08772,2.10023,2002-01-18 11:30:00.0,Intermediário
2.08133,2.09292,2002-01-18 12:00:00.0,Intermediário
2.08251,2.09411,2002-01-18 12:30:00.0,Intermediário
2.08072,2.0932,2002-01-18 13:00:00.0,Intermediário
2.08758,2.10009,2002-01-18 13:30:00.0,Intermediário
2.08923,2.10176,2002-01-18 14:00:00.0,Intermediário
2.09042,2.10294,2002-01-18 14:30:00.0,Intermediário
2.09306,2.1056,2002-01-18 15:00:00.0,Intermediário
2.0916,2.10413,2002-01-18 15:30:00.0,Intermediário
2.08884,2.10224,2002-01-18 16:00:00.0,Intermediário
2.08701,2.09952,2002-01-18 16:30:00.0,Fechamento Interbancário
2.09887,2.10405,2002-01-18 17:34:00.0,Fechamento
2.08454,2.10413,2002-01-21 09:41:00.0,Abertura
2.08913,2.10253,2002-01-21 10:00:00.0,Intermediário
2.09466,2.1072,2002-01-21 10:30:00.0,Intermediário
2.09401,2.10655,2002-01-21 11:00:00.0,Intermediário
2.09059,2.10312,2002-01-21 11:30:00.0,Intermediário
2.09418,2.10673,2002-01-21 12:00:00.0,Intermediário
2.09795,2.11051,2002-01-21 12:30:00.0,Intermediário
2.09306,2.1056,2002-01-21 13:00:00.0,Intermediário
2.09188,2.10441,2002-01-21 13:30:00.0,Intermediário
2.09164,2.10417,2002-01-21 14:00:00.0,Intermediário
2.09117,2.1037,2002-01-21 14:30:00.0,Intermediário
2.09171,2.10424,2002-01-21 15:00:00.0,Intermediário
2.09188,2.1053,2002-01-21 15:30:00.0,Intermediário
2.091,2.10353,2002-01-21 16:00:00.0,Intermediário
2.091,2.10353,2002-01-21 16:30:00.0,Fechamento Interbancário
2.09704,2.10222,2002-01-21 18:10:00.0,Fechamento
2.07983,2.0994,2002-01-22 09:32:00.0,Abertura
2.085,2.09838,2002-01-22 10:00:00.0,Intermediário
2.08147,2.09396,2002-01-22 10:30:00.0,Intermediário
2.08236,2.09573,2002-01-22 11:00:00.0,Intermediário
2.083,2.09549,2002-01-22 11:30:00.0,Intermediário
2.083,2.09549,2002-01-22 12:00:00.0,Intermediário
2.07965,2.09301,2002-01-22 12:30:00.0,Intermediário
2.08358,2.09519,2002-01-22 13:00:00.0,Intermediário
2.0824,2.094,2002-01-22 13:30:00.0,Intermediário
2.08335,2.09495,2002-01-22 14:00:00.0,Intermediário
2.08594,2.09756,2002-01-22 14:30:00.0,Intermediário
2.09435,2.1069,2002-01-22 15:00:00.0,Intermediário
2.095,2.10843,2002-01-22 15:30:00.0,Intermediário
2.09913,2.11171,2002-01-22 16:00:00.0,Intermediário
2.09866,2.11123,2002-01-22 16:30:00.0,Fechamento Interbancário
2.09278,2.09794,2002-01-22 17:54:00.0,Fechamento
2.0955,2.11515,2002-01-23 09:47:00.0,Abertura
2.10175,2.11433,2002-01-23 10:00:00.0,Intermediário
2.0995,2.11119,2002-01-23 10:30:00.0,Intermediário
2.09974,2.11231,2002-01-23 11:00:00.0,Intermediário
2.09944,2.11201,2002-01-23 11:30:00.0,Intermediário
2.10042,2.113,2002-01-23 12:00:00.0,Intermediário
2.10178,2.11437,2002-01-23 12:30:00.0,Intermediário
2.10226,2.11484,2002-01-23 13:00:00.0,Intermediário
2.1061,2.1187,2002-01-23 13:30:00.0,Intermediário
2.10348,2.11607,2002-01-23 14:00:00.0,Intermediário
2.10205,2.11464,2002-01-23 14:30:00.0,Intermediário
2.10486,2.11746,2002-01-23 15:00:00.0,Intermediário
2.10639,2.119,2002-01-23 15:30:00.0,Intermediário
2.09356,2.10611,2002-01-23 16:00:00.0,Intermediário
2.08809,2.10061,2002-01-23 16:30:00.0,Fechamento Interbancário
2.08848,2.09366,2002-01-23 17:41:00.0,Fechamento
2.0819,2.10142,2002-01-24 09:38:00.0,Abertura
2.08389,2.09815,2002-01-24 10:00:00.0,Intermediário
2.09557,2.10813,2002-01-24 10:30:00.0,Intermediário
2.09844,2.11101,2002-01-24 11:00:00.0,Intermediário
2.10313,2.11573,2002-01-24 11:30:00.0,Intermediário
2.10258,2.11517,2002-01-24 12:00:00.0,Intermediário
2.10258,2.11429,2002-01-24 12:30:00.0,Intermediário
2.09764,2.11021,2002-01-24 13:00:00.0,Intermediário
2.09932,2.11189,2002-01-24 13:30:00.0,Intermediário
2.10171,2.1143,2002-01-24 14:00:00.0,Intermediário
2.10219,2.11478,2002-01-24 14:30:00.0,Intermediário
2.09725,2.1107,2002-01-24 15:00:00.0,Intermediário
2.10513,2.11774,2002-01-24 15:30:00.0,Intermediário
2.09693,2.1095,2002-01-24 16:00:00.0,Intermediário
2.09829,2.11086,2002-01-24 16:30:00.0,Fechamento Interbancário
2.10354,2.10874,2002-01-24 17:40:00.0,Fechamento
2.07494,2.09437,2002-01-25 09:52:00.0,Abertura
2.07305,2.08636,2002-01-25 10:00:00.0,Intermediário
2.07779,2.09114,2002-01-25 10:30:00.0,Intermediário
2.08092,2.09341,2002-01-25 11:00:00.0,Intermediário
2.0801,2.09432,2002-01-25 11:30:00.0,Intermediário
2.07881,2.09215,2002-01-25 12:00:00.0,Intermediário
2.0838,2.0963,2002-01-25 12:30:00.0,Intermediário
2.07587,2.08834,2002-01-25 13:00:00.0,Intermediário
2.07659,2.08906,2002-01-25 13:30:00.0,Intermediário
2.07683,2.0893,2002-01-25 14:00:00.0,Intermediário
2.07827,2.09075,2002-01-25 14:30:00.0,Intermediário
2.08279,2.09616,2002-01-25 15:00:00.0,Intermediário
2.07822,2.09156,2002-01-25 15:30:00.0,Intermediário
2.07601,2.08848,2002-01-25 16:00:00.0,Intermediário
2.07721,2.08969,2002-01-25 16:30:00.0,Fechamento Interbancário
2.07801,2.08318,2002-01-25 17:30:00.0,Fechamento
2.06714,2.08648,2002-01-28 09:39:00.0,Abertura
2.06554,2.07795,2002-01-28 10:00:00.0,Intermediário
2.07117,2.08361,2002-01-28 10:30:00.0,Intermediário
2.07425,2.08671,2002-01-28 11:00:00.0,Intermediário
2.07515,2.08762,2002-01-28 11:30:00.0,Intermediário
2.07881,2.0913,2002-01-28 12:00:00.0,Intermediário
2.07655,2.09075,2002-01-28 12:30:00.0,Intermediário
2.0773,2.08978,2002-01-28 13:00:00.0,Intermediário
2.0802,2.0927,2002-01-28 13:30:00.0,Intermediário
2.08117,2.09367,2002-01-28 14:09:00.0,Intermediário
2.0802,2.0927,2002-01-28 14:30:00.0,Intermediário
2.08635,2.09887,2002-01-28 15:00:00.0,Intermediário
2.08217,2.09466,2002-01-28 15:30:00.0,Intermediário
2.08152,2.09402,2002-01-28 16:00:00.0,Intermediário
2.08214,2.0955,2002-01-28 16:30:00.0,Fechamento Interbancário
2.08575,2.09095,2002-01-28 18:02:00.0,Fechamento
2.0798,2.0992,2002-01-29 09:44:00.0,Abertura
2.08558,2.0981,2002-01-29 10:00:00.0,Intermediário
2.08166,2.09415,2002-01-29 10:30:00.0,Intermediário
2.07932,2.0918,2002-01-29 11:00:00.0,Intermediário
2.08138,2.09475,2002-01-29 11:30:00.0,Intermediário
2.07867,2.09115,2002-01-29 12:00:00.0,Intermediário
2.07805,2.09053,2002-01-29 12:30:00.0,Intermediário
2.08211,2.09461,2002-01-29 13:00:00.0,Intermediário
2.08031,2.0928,2002-01-29 13:30:00.0,Intermediário
2.082,2.0945,2002-01-29 14:00:00.0,Intermediário
2.08635,2.09887,2002-01-29 14:30:00.0,Intermediário
2.09508,2.10764,2002-01-29 15:00:00.0,Intermediário
2.107,2.11963,2002-01-29 15:30:00.0,Intermediário
2.10293,2.11553,2002-01-29 16:07:00.0,Intermediário
2.10147,2.11407,2002-01-29 16:30:00.0,Fechamento Interbancário
2.09547,2.10068,2002-01-29 17:53:00.0,Fechamento
2.10514,2.1247,2002-01-30 09:47:00.0,Abertura
2.10536,2.11884,2002-01-30 10:00:00.0,Intermediário
2.1033,2.11504,2002-01-30 10:30:00.0,Intermediário
2.1043,2.11691,2002-01-30 11:00:00.0,Intermediário
2.09831,2.11002,2002-01-30 11:30:00.0,Intermediário
2.08758,2.09925,2002-01-30 12:00:00.0,Intermediário
2.09369,2.10625,2002-01-30 12:30:00.0,Intermediário
2.09344,2.106,2002-01-30 13:00:00.0,Intermediário
2.09475,2.10731,2002-01-30 13:30:00.0,Intermediário
2.09135,2.1039,2002-01-30 14:00:00.0,Intermediário
2.09256,2.10512,2002-01-30 14:30:00.0,Intermediário
2.10751,2.11927,2002-01-30 15:00:00.0,Intermediário
2.10271,2.11531,2002-01-30 15:30:00.0,Intermediário
2.09484,2.10827,2002-01-30 16:00:00.0,Intermediário
2.09435,2.10691,2002-01-30 16:30:00.0,Fechamento Interbancário
2.09992,2.10515,2002-01-30 18:04:00.0,Fechamento
2.08315,2.10258,2002-01-31 09:43:00.0,Abertura
2.08735,2.09988,2002-01-31 10:00:00.0,Intermediário
2.08749,2.10001,2002-01-31 10:30:00.0,Intermediário
2.08401,2.09565,2002-01-31 11:00:00.0,Intermediário
2.08098,2.0926,2002-01-31 11:30:00.0,Intermediário
2.08377,2.09627,2002-01-31 12:00:00.0,Intermediário
2.06714,2.07957,2002-01-31 12:30:00.0,Intermediário
2.07182,2.08513,2002-01-31 13:00:00.0,Intermediário
2.0711,2.08354,2002-01-31 13:30:00.0,Intermediário
2.06942,2.08185,2002-01-31 14:00:00.0,Intermediário
2.07302,2.08548,2002-01-31 14:30:00.0,Intermediário
2.06482,2.07723,2002-01-31 15:00:00.0,Intermediário
2.0653,2.07685,2002-01-31 15:30:00.0,Intermediário
2.06728,2.07971,2002-01-31 16:00:00.0,Intermediário
2.06776,2.08019,2002-01-31 16:30:00.0,Fechamento Interbancário
2.07729,2.08247,2002-01-31 17:57:00.0,Fechamento
2.06924,2.08859,2002-02-01 09:45:00.0,Abertura
2.07175,2.08506,2002-02-01 10:00:00.0,Intermediário
2.08324,2.09575,2002-02-01 10:30:00.0,Intermediário
2.08366,2.0953,2002-02-01 11:00:00.0,Intermediário
2.08046,2.09295,2002-02-01 11:30:00.0,Intermediário
2.08218,2.09468,2002-02-01 12:00:00.0,Intermediário
2.07874,2.09122,2002-02-01 12:30:00.0,Intermediário
2.07533,2.08779,2002-02-01 13:00:00.0,Intermediário
2.07316,2.08562,2002-02-01 13:30:00.0,Intermediário
2.07148,2.08392,2002-02-01 14:00:00.0,Intermediário
2.0698,2.08223,2002-02-01 14:30:00.0,Intermediário
2.07454,2.087,2002-02-01 15:00:00.0,Intermediário
2.07478,2.08724,2002-02-01 15:30:00.0,Intermediário
2.07048,2.08292,2002-02-01 16:00:00.0,Intermediário
2.0677,2.08013,2002-02-01 16:30:00.0,Fechamento Interbancário
2.08022,2.08541,2002-02-01 17:45:00.0,Fechamento
2.07856,2.09797,2002-02-04 09:45:00.0,Abertura
2.08501,2.10012,2002-02-04 10:00:00.0,Intermediário
2.08415,2.09666,2002-02-04 10:30:00.0,Intermediário
2.08449,2.097,2002-02-04 11:00:00.0,Intermediário
2.08756,2.10009,2002-02-04 11:30:00.0,Intermediário
2.08684,2.09936,2002-02-04 12:00:00.0,Intermediário
2.08646,2.09898,2002-02-04 12:30:00.0,Intermediário
2.0878,2.10033,2002-02-04 13:00:00.0,Intermediário
2.09288,2.10543,2002-02-04 13:30:00.0,Intermediário
2.09288,2.10543,2002-02-04 14:00:00.0,Intermediário
2.09263,2.10518,2002-02-04 14:30:00.0,Intermediário
2.10041,2.11213,2002-02-04 15:00:00.0,Intermediário
2.1049,2.11751,2002-02-04 15:30:00.0,Intermediário
2.10442,2.11703,2002-02-04 16:00:00.0,Intermediário
2.10331,2.11591,2002-02-04 16:30:00.0,Fechamento Interbancário
2.1073,2.11253,2002-02-04 17:48:00.0,Fechamento
2.09743,2.11698,2002-02-05 09:40:00.0,Abertura
2.10389,2.1165,2002-02-05 10:08:00.0,Intermediário
2.09506,2.10763,2002-02-05 10:36:00.0,Intermediário
2.09684,2.10941,2002-02-05 11:04:00.0,Intermediário
2.09559,2.10816,2002-02-05 11:34:00.0,Intermediário
2.10385,2.11558,2002-02-05 12:00:00.0,Intermediário
2.10824,2.12087,2002-02-05 12:30:00.0,Intermediário
2.10254,2.11514,2002-02-05 13:00:00.0,Intermediário
2.09674,2.10931,2002-02-05 13:30:00.0,Intermediário
2.09771,2.11028,2002-02-05 14:00:00.0,Intermediário
2.09626,2.10883,2002-02-05 14:30:00.0,Intermediário
2.09505,2.10761,2002-02-05 15:00:00.0,Intermediário
2.09567,2.10824,2002-02-05 15:30:00.0,Intermediário
2.09598,2.10854,2002-02-05 16:00:00.0,Intermediário
2.0937,2.10626,2002-02-05 16:30:00.0,Fechamento Interbancário
2.09568,2.10089,2002-02-05 17:24:00.0,Fechamento
2.08808,2.10757,2002-02-06 09:43:00.0,Abertura
2.08923,2.10177,2002-02-06 10:00:00.0,Intermediário
2.08976,2.10142,2002-02-06 10:30:00.0,Intermediário
2.08966,2.1022,2002-02-06 11:00:00.0,Intermediário
2.08759,2.09925,2002-02-06 11:30:00.0,Intermediário
2.08363,2.09614,2002-02-06 12:00:00.0,Intermediário
2.08742,2.09908,2002-02-06 12:30:00.0,Intermediário
2.08911,2.10165,2002-02-06 13:00:00.0,Intermediário
2.09249,2.10505,2002-02-06 13:30:00.0,Intermediário
2.09732,2.1099,2002-02-06 14:00:00.0,Intermediário
2.09877,2.11135,2002-02-06 14:30:00.0,Intermediário
2.10388,2.11648,2002-02-06 15:00:00.0,Intermediário
2.1089,2.12153,2002-02-06 15:30:00.0,Intermediário
2.11143,2.12408,2002-02-06 16:00:00.0,Intermediário
2.1096,2.12223,2002-02-06 16:30:00.0,Fechamento Interbancário
2.1003,2.10552,2002-02-06 17:47:00.0,Fechamento
2.10668,2.12626,2002-02-07 09:52:00.0,Abertura
2.10784,2.12047,2002-02-07 10:00:00.0,Intermediário
2.11265,2.1253,2002-02-07 10:30:00.0,Intermediário
2.11672,2.1294,2002-02-07 11:00:00.0,Intermediário
2.11622,2.12889,2002-02-07 11:30:00.0,Intermediário
2.11402,2.12668,2002-02-07 12:00:00.0,Intermediário
2.12078,2.13261,2002-02-07 12:30:00.0,Intermediário
2.12374,2.13819,2002-02-07 13:00:00.0,Intermediário
2.12939,2.14213,2002-02-07 13:30:00.0,Intermediário
2.1316,2.14435,2002-02-07 14:00:00.0,Intermediário
2.12816,2.1409,2002-02-07 14:30:00.0,Intermediário
2.12272,2.1363,2002-02-07 15:00:00.0,Intermediário
2.1278,2.14141,2002-02-07 15:30:00.0,Intermediário
2.13446,2.14723,2002-02-07 16:05:00.0,Intermediário
2.13569,2.14759,2002-02-07 16:30:00.0,Fechamento Interbancário
2.13081,2.13609,2002-02-07 17:37:00.0,Fechamento
2.15133,2.1712,2002-02-08 09:44:00.0,Abertura
2.16082,2.17283,2002-02-08 10:00:00.0,Intermediário
2.15945,2.17234,2002-02-08 10:30:00.0,Intermediário
2.15621,2.16908,2002-02-08 11:00:00.0,Intermediário
2.14988,2.16272,2002-02-08 11:39:00.0,Intermediário
2.14778,2.1606,2002-02-08 12:00:00.0,Intermediário
2.14778,2.1606,2002-02-08 12:30:00.0,Intermediário
0.0,0.0,2002-02-08 13:00:00.0,Intermediário
2.13969,2.15248,2002-02-08 13:48:00.0,Intermediário
2.14508,2.1579,2002-02-08 13:50:00.0,Intermediário
0.0,0.0,2002-02-08 14:00:00.0,Intermediário
2.13969,2.15248,2002-02-08 14:07:00.0,Intermediário
2.14116,2.15396,2002-02-08 14:30:00.0,Intermediário
2.14762,2.16045,2002-02-08 15:18:00.0,Intermediário
2.14789,2.16072,2002-02-08 15:30:00.0,Intermediário
2.14304,2.15585,2002-02-08 16:00:00.0,Intermediário
2.14092,2.15371,2002-02-08 16:30:00.0,Fechamento Interbancário
2.15523,2.16055,2002-02-08 17:40:00.0,Fechamento
2.13022,2.14996,2002-02-13 13:02:00.0,Abertura
2.11357,2.12709,2002-02-13 13:47:00.0,Intermediário
2.1154,2.12807,2002-02-13 14:10:00.0,Intermediário
2.10805,2.12155,2002-02-13 14:39:00.0,Intermediário
2.10732,2.12082,2002-02-13 15:00:00.0,Intermediário
2.10452,2.11713,2002-02-13 15:30:00.0,Intermediário
2.09567,2.10998,2002-02-13 16:00:00.0,Intermediário
2.09741,2.10998,2002-02-13 16:30:00.0,Fechamento Interbancário
2.11249,2.11772,2002-02-13 18:30:00.0,Fechamento
2.0852,2.1047,2002-02-14 09:35:00.0,Abertura
2.08765,2.10191,2002-02-14 10:00:00.0,Intermediário
2.09386,2.10641,2002-02-14 10:30:00.0,Intermediário
2.09906,2.11164,2002-02-14 11:00:00.0,Intermediário
2.10408,2.11669,2002-02-14 11:30:00.0,Intermediário
2.10717,2.11892,2002-02-14 12:00:00.0,Intermediário
2.10838,2.12101,2002-02-14 12:30:00.0,Intermediário
2.1107,2.12334,2002-02-14 13:00:00.0,Intermediário
2.10876,2.12139,2002-02-14 13:30:00.0,Intermediário
2.10876,2.12139,2002-02-14 14:00:00.0,Intermediário
2.11215,2.1248,2002-02-14 14:30:00.0,Intermediário
2.10819,2.12169,2002-02-14 15:00:00.0,Intermediário
2.10732,2.11907,2002-02-14 15:30:00.0,Intermediário
2.11787,2.13055,2002-02-14 16:00:00.0,Intermediário
2.11763,2.13031,2002-02-14 16:30:00.0,Fechamento Interbancário
2.11857,2.12382,2002-02-14 18:03:00.0,Fechamento
2.11418,2.13382,2002-02-15 09:54:00.0,Abertura
2.11967,2.13148,2002-02-15 10:00:00.0,Intermediário
2.11842,2.1311,2002-02-15 10:30:00.0,Intermediário
2.11807,2.13075,2002-02-15 11:00:00.0,Intermediário
2.11928,2.13197,2002-02-15 11:30:00.0,Intermediário
2.11984,2.13253,2002-02-15 12:00:00.0,Intermediário
2.11689,2.12956,2002-02-15 12:30:00.0,Intermediário
2.1214,2.1341,2002-02-15 13:00:00.0,Intermediário
2.1214,2.1341,2002-02-15 13:30:00.0,Intermediário
2.12165,2.13434,2002-02-15 14:00:00.0,Intermediário
2.12335,2.13605,2002-02-15 14:30:00.0,Intermediário
2.1216,2.1343,2002-02-15 15:09:00.0,Intermediário
2.11565,2.12831,2002-02-15 15:43:00.0,Intermediário
2.11061,2.12325,2002-02-15 16:10:00.0,Intermediário
2.11061,2.12325,2002-02-15 16:41:00.0,Fechamento Interbancário
2.12539,2.13066,2002-02-15 17:21:00.0,Fechamento
2.10602,2.12563,2002-02-18 09:56:00.0,Abertura
2.10679,2.12116,2002-02-18 10:00:00.0,Intermediário
2.10708,2.1197,2002-02-18 10:30:00.0,Intermediário
2.1066,2.11922,2002-02-18 11:00:00.0,Intermediário
2.10761,2.12023,2002-02-18 11:30:00.0,Intermediário
2.10886,2.12149,2002-02-18 12:00:00.0,Intermediário
2.10761,2.12023,2002-02-18 12:30:00.0,Intermediário
2.10602,2.11863,2002-02-18 13:00:00.0,Intermediário
2.10809,2.11985,2002-02-18 13:30:00.0,Intermediário
2.10858,2.12033,2002-02-18 14:00:00.0,Intermediário
2.10955,2.12131,2002-02-18 14:30:00.0,Intermediário
2.11153,2.1233,2002-02-18 15:00:00.0,Intermediário
2.11157,2.12421,2002-02-18 15:30:00.0,Intermediário
2.11369,2.12635,2002-02-18 16:00:00.0,Intermediário
2.11345,2.1261,2002-02-18 16:30:00.0,Fechamento Interbancário
2.11314,2.11838,2002-02-18 17:17:00.0,Fechamento
2.10398,2.12356,2002-02-19 09:47:00.0,Abertura
2.10783,2.12046,2002-02-19 10:00:00.0,Intermediário
2.10775,2.12038,2002-02-19 10:30:00.0,Intermediário
2.10664,2.11926,2002-02-19 11:00:00.0,Intermediário
2.10365,2.11626,2002-02-19 11:30:00.0,Intermediário
2.10418,2.11679,2002-02-19 12:00:00.0,Intermediário
2.1065,2.11912,2002-02-19 12:30:00.0,Intermediário
2.11187,2.12364,2002-02-19 13:00:00.0,Intermediário
2.11224,2.12489,2002-02-19 13:30:00.0,Intermediário
2.11465,2.12731,2002-02-19 14:00:00.0,Intermediário
2.11417,2.12683,2002-02-19 14:30:00.0,Intermediário
2.12027,2.13383,2002-02-19 15:00:00.0,Intermediário
2.11674,2.12941,2002-02-19 15:30:00.0,Intermediário
2.12169,2.13438,2002-02-19 16:00:00.0,Intermediário
2.11921,2.13189,2002-02-19 16:30:00.0,Fechamento Interbancário
2.12342,2.12867,2002-02-19 17:21:00.0,Fechamento
2.11083,2.13049,2002-02-20 09:36:00.0,Abertura
2.11424,2.1269,2002-02-20 10:00:00.0,Intermediário
2.11797,2.12977,2002-02-20 10:30:00.0,Intermediário
2.11831,2.13099,2002-02-20 11:00:00.0,Intermediário
2.11603,2.1287,2002-02-20 11:30:00.0,Intermediário
2.11134,2.12486,2002-02-20 12:00:00.0,Intermediário
2.11366,2.12632,2002-02-20 12:30:00.0,Intermediário
2.11153,2.12417,2002-02-20 13:00:00.0,Intermediário
2.11153,2.12417,2002-02-20 13:30:00.0,Intermediário
2.1091,2.12174,2002-02-20 14:00:00.0,Intermediário
2.11226,2.1249,2002-02-20 14:30:00.0,Intermediário
2.11022,2.12198,2002-02-20 15:00:00.0,Intermediário
2.10515,2.11776,2002-02-20 15:30:00.0,Intermediário
2.10274,2.11533,2002-02-20 16:00:00.0,Intermediário
2.10153,2.11412,2002-02-20 16:30:00.0,Fechamento Interbancário
2.11241,2.11765,2002-02-20 17:21:00.0,Fechamento
2.09458,2.11412,2002-02-21 09:42:00.0,Abertura
2.10418,2.11766,2002-02-21 10:00:00.0,Intermediário
2.10317,2.11664,2002-02-21 10:30:00.0,Intermediário
2.10268,2.11528,2002-02-21 11:00:00.0,Intermediário
2.10636,2.1181,2002-02-21 11:30:00.0,Intermediário
2.10418,2.11679,2002-02-21 12:00:00.0,Intermediário
2.10563,2.11824,2002-02-21 12:30:00.0,Intermediário
2.10525,2.11786,2002-02-21 13:00:00.0,Intermediário
2.10621,2.11883,2002-02-21 13:30:00.0,Intermediário
2.1067,2.11931,2002-02-21 14:00:00.0,Intermediário
2.10549,2.1181,2002-02-21 14:30:00.0,Intermediário
2.10452,2.11713,2002-02-21 15:00:00.0,Intermediário
2.09954,2.11125,2002-02-21 15:30:00.0,Intermediário
2.09964,2.11135,2002-02-21 16:00:00.0,Intermediário
2.09964,2.11135,2002-02-21 16:30:00.0,Fechamento Interbancário
2.10455,2.10978,2002-02-21 17:16:00.0,Fechamento
2.1124,2.13204,2002-02-22 09:43:00.0,Abertura
2.12107,2.13289,2002-02-22 10:00:00.0,Intermediário
2.12277,2.13547,2002-02-22 10:30:00.0,Intermediário
2.12355,2.13537,2002-02-22 11:00:00.0,Intermediário
2.11778,2.13045,2002-02-22 11:30:00.0,Intermediário
2.11429,2.12694,2002-02-22 12:00:00.0,Intermediário
2.11758,2.12937,2002-02-22 12:30:00.0,Intermediário
2.12096,2.13277,2002-02-22 13:00:00.0,Intermediário
2.11782,2.13049,2002-02-22 13:30:00.0,Intermediário
2.11685,2.12952,2002-02-22 14:00:00.0,Intermediário
2.11951,2.13219,2002-02-22 14:30:00.0,Intermediário
2.12223,2.13493,2002-02-22 15:00:00.0,Intermediário
2.11957,2.13225,2002-02-22 15:30:00.0,Intermediário
2.11767,2.13034,2002-02-22 16:00:00.0,Intermediário
2.11864,2.13131,2002-02-22 16:30:00.0,Fechamento Interbancário
2.12358,2.12883,2002-02-22 17:37:00.0,Fechamento
2.09933,2.11892,2002-02-25 09:34:00.0,Abertura
2.10185,2.11445,2002-02-25 10:00:00.0,Intermediário
2.09717,2.10974,2002-02-25 10:30:00.0,Intermediário
2.09611,2.10868,2002-02-25 11:00:00.0,Intermediário
2.09524,2.1078,2002-02-25 11:30:00.0,Intermediário
2.08975,2.10229,2002-02-25 12:00:00.0,Intermediário
2.08946,2.10199,2002-02-25 12:30:00.0,Intermediário
2.08259,2.09771,2002-02-25 13:00:00.0,Intermediário
2.08322,2.09659,2002-02-25 13:30:00.0,Intermediário
2.08322,2.09659,2002-02-25 14:00:00.0,Intermediário
2.08179,2.09515,2002-02-25 14:30:00.0,Intermediário
2.0756,2.08806,2002-02-25 15:00:00.0,Intermediário
2.07844,2.09178,2002-02-25 15:30:00.0,Intermediário
2.07599,2.08845,2002-02-25 16:00:00.0,Intermediário
2.07512,2.08845,2002-02-25 16:30:00.0,Fechamento Interbancário
2.09045,2.09564,2002-02-25 17:12:00.0,Fechamento
2.06621,2.0856,2002-02-26 09:47:00.0,Abertura
2.07267,2.08511,2002-02-26 10:00:00.0,Intermediário
2.07581,2.08827,2002-02-26 10:30:00.0,Intermediário
2.07219,2.08464,2002-02-26 11:00:00.0,Intermediário
2.069,2.08056,2002-02-26 11:30:00.0,Intermediário
2.07178,2.08422,2002-02-26 12:00:00.0,Intermediário
2.08556,2.09807,2002-02-26 12:30:00.0,Intermediário
2.08023,2.09272,2002-02-26 13:00:00.0,Intermediário
2.08023,2.09272,2002-02-26 13:30:00.0,Intermediário
2.07903,2.09151,2002-02-26 14:00:00.0,Intermediário
2.07089,2.08333,2002-02-26 14:34:00.0,Intermediário
2.06218,2.07457,2002-02-26 15:00:00.0,Intermediário
2.06022,2.07347,2002-02-26 15:30:00.0,Intermediário
2.05993,2.07145,2002-02-26 16:00:00.0,Intermediário
2.06222,2.07462,2002-02-26 16:30:00.0,Fechamento Interbancário
2.06753,2.07269,2002-02-26 17:11:00.0,Fechamento
2.067,2.08636,2002-02-27 09:50:00.0,Abertura
2.06643,2.07885,2002-02-27 10:00:00.0,Intermediário
2.05786,2.07023,2002-02-27 10:30:00.0,Intermediário
2.05536,2.06772,2002-02-27 11:00:00.0,Intermediário
2.05426,2.06574,2002-02-27 11:30:00.0,Intermediário
2.05756,2.06993,2002-02-27 12:00:00.0,Intermediário
2.06214,2.07454,2002-02-27 12:30:00.0,Intermediário
2.05221,2.06455,2002-02-27 13:00:00.0,Intermediário
2.0515,2.06383,2002-02-27 13:30:00.0,Intermediário
2.05316,2.06551,2002-02-27 14:00:00.0,Intermediário
2.0515,2.06383,2002-02-27 14:30:00.0,Intermediário
2.04083,2.05398,2002-02-27 15:00:00.0,Intermediário
2.03833,2.0506,2002-02-27 15:30:00.0,Intermediário
2.03081,2.04304,2002-02-27 16:00:00.0,Intermediário
2.03457,2.04682,2002-02-27 16:30:00.0,Fechamento Interbancário
2.06169,2.06684,2002-02-27 17:35:00.0,Fechamento
2.02766,2.04682,2002-02-28 09:49:00.0,Abertura
2.02437,2.03657,2002-02-28 10:00:00.0,Intermediário
2.01998,2.03216,2002-02-28 10:30:00.0,Intermediário
2.01951,2.03082,2002-02-28 11:00:00.0,Intermediário
2.02312,2.03532,2002-02-28 11:30:00.0,Intermediário
2.02336,2.03555,2002-02-28 12:00:00.0,Intermediário
2.02359,2.03579,2002-02-28 12:30:00.0,Intermediário
2.03559,2.04785,2002-02-28 13:00:00.0,Intermediário
2.03512,2.04738,2002-02-28 13:30:00.0,Intermediário
2.03747,2.04974,2002-02-28 14:00:00.0,Intermediário
2.03983,2.05211,2002-02-28 14:30:00.0,Intermediário
2.04006,2.05234,2002-02-28 15:00:00.0,Intermediário
2.04651,2.06056,2002-02-28 15:30:00.0,Intermediário
2.04462,2.05693,2002-02-28 16:00:00.0,Intermediário
2.04824,2.06056,2002-02-28 16:30:00.0,Fechamento Interbancário
2.0391,2.04419,2002-02-28 17:14:00.0,Fechamento
2.04438,2.06365,2002-03-01 09:36:00.0,Abertura
2.05171,2.06405,2002-03-01 10:00:00.0,Intermediário
2.04738,2.06056,2002-03-01 10:30:00.0,Intermediário
2.04588,2.05819,2002-03-01 11:00:00.0,Intermediário
2.04021,2.05296,2002-03-01 12:37:00.0,Intermediário
2.033,2.04761,2002-03-01 12:42:00.0,Intermediário
2.03418,2.04643,2002-03-01 12:45:00.0,Intermediário
2.03331,2.04469,2002-03-01 13:00:00.0,Intermediário
2.02932,2.04154,2002-03-01 13:30:00.0,Intermediário
2.03237,2.04461,2002-03-01 14:00:00.0,Intermediário
2.03355,2.04579,2002-03-01 14:30:00.0,Intermediário
2.03056,2.04279,2002-03-01 15:00:00.0,Intermediário
2.0308,2.04304,2002-03-01 15:30:00.0,Intermediário
2.0228,2.03413,2002-03-01 16:00:00.0,Intermediário
2.0189,2.03107,2002-03-01 16:30:00.0,Fechamento Interbancário
2.03958,2.04467,2002-03-01 17:18:00.0,Fechamento
2.02054,2.03965,2002-03-04 09:38:00.0,Abertura
2.02054,2.03272,2002-03-04 10:00:00.0,Intermediário
2.02798,2.03933,2002-03-04 10:30:00.0,Intermediário
2.0322,2.04531,2002-03-04 11:00:00.0,Intermediário
2.02914,2.04136,2002-03-04 11:30:00.0,Intermediário
2.03148,2.04372,2002-03-04 12:00:00.0,Intermediário
2.03062,2.04285,2002-03-04 12:30:00.0,Intermediário
2.0346,2.04685,2002-03-04 13:00:00.0,Intermediário
2.03811,2.05037,2002-03-04 13:30:00.0,Intermediário
2.03811,2.05037,2002-03-04 14:00:00.0,Intermediário
2.03624,2.04849,2002-03-04 14:30:00.0,Intermediário
2.02421,2.03728,2002-03-04 15:00:00.0,Intermediário
2.02508,2.0364,2002-03-04 15:30:00.0,Intermediário
2.0194,2.03244,2002-03-04 16:00:00.0,Intermediário
2.01778,2.03081,2002-03-04 16:30:00.0,Fechamento Interbancário
2.0371,2.04218,2002-03-04 17:21:00.0,Fechamento
2.01389,2.03301,2002-03-05 09:49:00.0,Abertura
2.01926,2.03317,2002-03-05 10:00:00.0,Intermediário
2.00777,2.02075,2002-03-05 10:30:00.0,Intermediário
2.00857,2.02069,2002-03-05 11:00:00.0,Intermediário
2.01048,2.0226,2002-03-05 11:30:00.0,Intermediário
2.00845,2.02057,2002-03-05 12:00:00.0,Intermediário
2.01487,2.02789,2002-03-05 12:40:00.0,Intermediário
2.02286,2.03505,2002-03-05 13:06:00.0,Intermediário
2.02588,2.03809,2002-03-05 13:30:00.0,Intermediário
2.02425,2.03645,2002-03-05 13:38:00.0,Intermediário
2.02612,2.03832,2002-03-05 14:08:00.0,Intermediário
2.02681,2.03902,2002-03-05 14:30:00.0,Intermediário
2.03046,2.04268,2002-03-05 15:00:00.0,Intermediário
2.03179,2.0449,2002-03-05 15:30:00.0,Intermediário
2.02218,2.03436,2002-03-05 16:00:00.0,Intermediário
2.02218,2.03436,2002-03-05 16:30:00.0,Fechamento Interbancário
2.02531,2.03036,2002-03-05 17:17:00.0,Fechamento
2.03841,2.05767,2002-03-06 09:42:00.0,Abertura
2.04182,2.0541,2002-03-06 10:00:00.0,Intermediário
2.03864,2.05091,2002-03-06 10:30:00.0,Intermediário
2.04694,2.05837,2002-03-06 11:00:00.0,Intermediário
2.04919,2.06151,2002-03-06 11:30:00.0,Intermediário
2.04849,2.0608,2002-03-06 12:00:00.0,Intermediário
2.05459,2.06694,2002-03-06 12:30:00.0,Intermediário
2.05167,2.064,2002-03-06 13:00:00.0,Intermediário
2.05401,2.06636,2002-03-06 13:30:00.0,Intermediário
2.05589,2.06824,2002-03-06 14:00:00.0,Intermediário
2.05495,2.0673,2002-03-06 14:30:00.0,Intermediário
2.05593,2.06829,2002-03-06 15:00:00.0,Intermediário
2.06013,2.07251,2002-03-06 15:30:00.0,Intermediário
2.06918,2.0816,2002-03-06 16:00:00.0,Intermediário
2.0676,2.08001,2002-03-06 16:30:00.0,Fechamento Interbancário
2.05956,2.06468,2002-03-06 17:09:00.0,Fechamento
2.07298,2.09246,2002-03-07 09:53:00.0,Abertura
2.0726,2.0868,2002-03-07 10:00:00.0,Intermediário
2.07008,2.0825,2002-03-07 10:30:00.0,Intermediário
2.06901,2.08143,2002-03-07 11:00:00.0,Intermediário
2.06407,2.0791,2002-03-07 11:30:00.0,Intermediário
2.07157,2.08401,2002-03-07 12:00:00.0,Intermediário
2.07134,2.08377,2002-03-07 12:30:00.0,Intermediário
2.07646,2.08892,2002-03-07 13:12:00.0,Intermediário
2.07198,2.08441,2002-03-07 13:30:00.0,Intermediário
2.0734,2.08584,2002-03-07 14:00:00.0,Intermediário
2.07457,2.08702,2002-03-07 14:30:00.0,Intermediário
2.07564,2.0881,2002-03-07 15:00:00.0,Intermediário
2.09117,2.1037,2002-03-07 15:30:00.0,Intermediário
2.0891,2.10162,2002-03-07 16:00:00.0,Intermediário
2.08958,2.1021,2002-03-07 16:30:00.0,Fechamento Interbancário
2.09006,2.09522,2002-03-07 17:17:00.0,Fechamento
2.06959,2.08906,2002-03-08 09:42:00.0,Abertura
2.08413,2.09663,2002-03-08 10:27:00.0,Intermediário
2.07859,2.09194,2002-03-08 10:30:00.0,Intermediário
2.07191,2.08435,2002-03-08 11:00:00.0,Intermediário
2.06773,2.08015,2002-03-08 11:30:00.0,Intermediário
2.06003,2.0724,2002-03-08 12:11:00.0,Intermediário
2.05593,2.06829,2002-03-08 12:30:00.0,Intermediário
2.05075,2.06308,2002-03-08 13:00:00.0,Intermediário
2.05122,2.06355,2002-03-08 13:30:00.0,Intermediário
2.04911,2.06143,2002-03-08 14:00:00.0,Intermediário
2.04935,2.06167,2002-03-08 14:30:00.0,Intermediário
2.04941,2.06261,2002-03-08 15:00:00.0,Intermediário
2.03764,2.05253,2002-03-08 15:30:00.0,Intermediário
2.04879,2.06111,2002-03-08 16:00:00.0,Intermediário
2.04627,2.05858,2002-03-08 16:30:00.0,Fechamento Interbancário
2.06004,2.06517,2002-03-08 17:40:00.0,Fechamento
2.04456,2.06387,2002-03-11 09:40:00.0,Abertura
2.03886,2.05376,2002-03-11 10:00:00.0,Intermediário
2.03875,2.05189,2002-03-11 10:30:00.0,Intermediário
2.04585,2.05816,2002-03-11 11:01:00.0,Intermediário
2.04947,2.06267,2002-03-11 11:30:00.0,Intermediário
2.05214,2.06447,2002-03-11 12:00:00.0,Intermediário
2.05291,2.06436,2002-03-11 12:30:00.0,Intermediário
2.05495,2.06642,2002-03-11 13:00:00.0,Intermediário
2.05455,2.06689,2002-03-11 13:30:00.0,Intermediário
2.05525,2.0676,2002-03-11 14:00:00.0,Intermediário
2.05431,2.06666,2002-03-11 14:30:00.0,Intermediário
2.05744,2.06981,2002-03-11 15:00:00.0,Intermediário
2.05943,2.0718,2002-03-11 15:30:00.0,Intermediário
2.0609,2.07328,2002-03-11 16:00:00.0,Intermediário
2.05949,2.07187,2002-03-11 16:30:00.0,Fechamento Interbancário
2.05479,2.0599,2002-03-11 17:21:00.0,Fechamento
2.05288,2.07223,2002-03-12 09:32:00.0,Abertura
2.05378,2.067,2002-03-12 10:00:00.0,Intermediário
2.05076,2.06397,2002-03-12 10:30:00.0,Intermediário
2.0507,2.06303,2002-03-12 11:00:00.0,Intermediário
2.0514,2.06373,2002-03-12 11:30:00.0,Intermediário
2.04369,2.05686,2002-03-12 12:00:00.0,Intermediário
2.03968,2.05195,2002-03-12 12:30:00.0,Intermediário
2.04245,2.05474,2002-03-12 13:00:00.0,Intermediário
2.04539,2.05769,2002-03-12 13:30:00.0,Intermediário
2.04725,2.05957,2002-03-12 14:00:00.0,Intermediário
2.04562,2.05792,2002-03-12 14:30:00.0,Intermediário
2.04364,2.05593,2002-03-12 15:00:00.0,Intermediário
2.04015,2.05242,2002-03-12 15:30:00.0,Intermediário
2.03409,2.04633,2002-03-12 16:00:00.0,Intermediário
2.03385,2.0461,2002-03-12 16:30:00.0,Fechamento Interbancário
2.05605,2.06116,2002-03-12 17:46:00.0,Fechamento
2.0188,2.03798,2002-03-13 09:32:00.0,Abertura
2.02485,2.03792,2002-03-13 10:09:00.0,Intermediário
2.03153,2.04464,2002-03-13 10:30:00.0,Intermediário
2.03915,2.05142,2002-03-13 11:00:00.0,Intermediário
2.04096,2.05324,2002-03-13 11:30:00.0,Intermediário
2.04318,2.05546,2002-03-13 12:00:00.0,Intermediário
2.04539,2.05769,2002-03-13 12:30:00.0,Intermediário
2.04655,2.05886,2002-03-13 13:00:00.0,Intermediário
2.05234,2.06467,2002-03-13 13:30:00.0,Intermediário
2.05094,2.06326,2002-03-13 14:00:00.0,Intermediário
2.04953,2.06185,2002-03-13 14:30:00.0,Intermediário
2.04918,2.06149,2002-03-13 15:00:00.0,Intermediário
2.05156,2.06389,2002-03-13 15:30:00.0,Intermediário
2.05263,2.06496,2002-03-13 16:00:00.0,Intermediário
2.05327,2.0656,2002-03-13 16:30:00.0,Fechamento Interbancário
2.04508,2.05016,2002-03-13 17:14:00.0,Fechamento
2.0501,2.06949,2002-03-14 09:56:00.0,Abertura
2.05204,2.06437,2002-03-14 10:00:00.0,Intermediário
2.05186,2.06419,2002-03-14 10:30:00.0,Intermediário
2.06268,2.07507,2002-03-14 11:00:00.0,Intermediário
2.05905,2.0723,2002-03-14 11:30:00.0,Intermediário
2.07166,2.08409,2002-03-14 12:00:00.0,Intermediário
2.07243,2.08486,2002-03-14 12:30:00.0,Intermediário
2.0675,2.07991,2002-03-14 13:00:00.0,Intermediário
2.06844,2.08085,2002-03-14 13:40:00.0,Intermediário
2.06562,2.07802,2002-03-14 14:00:00.0,Intermediário
2.06632,2.07873,2002-03-14 14:30:00.0,Intermediário
2.07125,2.08368,2002-03-14 15:07:00.0,Intermediário
0.0,0.0,2002-03-14 15:30:00.0,Intermediário
2.06826,2.08067,2002-03-14 16:18:00.0,Intermediário
2.06473,2.07713,2002-03-14 16:19:00.0,Intermediário
2.06525,2.07765,2002-03-14 16:32:00.0,Fechamento Interbancário
2.06646,2.07158,2002-03-14 17:37:00.0,Fechamento
2.07029,2.08982,2002-03-15 09:53:00.0,Abertura
2.07941,2.09188,2002-03-15 10:38:00.0,Intermediário
2.08672,2.09923,2002-03-15 10:43:00.0,Intermediário
2.07907,2.09153,2002-03-15 11:00:00.0,Intermediário
2.0763,2.08876,2002-03-15 11:30:00.0,Intermediário
2.07842,2.09088,2002-03-15 12:00:00.0,Intermediário
2.07595,2.08751,2002-03-15 12:30:00.0,Intermediário
2.06878,2.08119,2002-03-15 13:00:00.0,Intermediário
2.06644,2.07884,2002-03-15 13:30:00.0,Intermediário
2.06574,2.07814,2002-03-15 14:00:00.0,Intermediário
2.0648,2.0772,2002-03-15 14:30:00.0,Intermediário
2.06397,2.07548,2002-03-15 15:09:00.0,Intermediário
2.06022,2.07348,2002-03-15 15:30:00.0,Intermediário
2.0655,2.0779,2002-03-15 16:00:00.0,Intermediário
2.06397,2.07637,2002-03-15 16:30:00.0,Fechamento Interbancário
2.07584,2.08098,2002-03-15 17:12:00.0,Fechamento
2.04619,2.06555,2002-03-18 09:39:00.0,Abertura
2.0507,2.06391,2002-03-18 10:00:00.0,Intermediário
2.05438,2.06672,2002-03-18 10:30:00.0,Intermediário
2.05005,2.06237,2002-03-18 11:00:00.0,Intermediário
2.05379,2.06613,2002-03-18 11:30:00.0,Intermediário
2.05081,2.06226,2002-03-18 12:00:00.0,Intermediário
2.05286,2.0652,2002-03-18 12:30:00.0,Intermediário
2.05876,2.07024,2002-03-18 13:00:00.0,Intermediário
2.059,2.07048,2002-03-18 13:30:00.0,Intermediário
2.0618,2.0733,2002-03-18 14:00:00.0,Intermediário
2.06063,2.07212,2002-03-18 14:30:00.0,Intermediário
2.06462,2.0779,2002-03-18 15:00:00.0,Intermediário
2.05975,2.07212,2002-03-18 15:30:00.0,Intermediário
2.06045,2.07283,2002-03-18 16:00:00.0,Intermediário
2.06022,2.07259,2002-03-18 16:30:00.0,Fechamento Interbancário
2.06361,2.06872,2002-03-18 17:20:00.0,Fechamento
2.05815,2.0776,2002-03-19 09:39:00.0,Abertura
2.06097,2.07335,2002-03-19 10:00:00.0,Intermediário
2.06292,2.0753,2002-03-19 10:30:00.0,Intermediário
2.06626,2.07866,2002-03-19 11:00:00.0,Intermediário
2.06761,2.08002,2002-03-19 11:30:00.0,Intermediário
2.06462,2.07702,2002-03-19 12:00:00.0,Intermediário
2.06473,2.07713,2002-03-19 12:30:00.0,Intermediário
2.06074,2.074,2002-03-19 13:00:00.0,Intermediário
2.05858,2.07095,2002-03-19 13:30:00.0,Intermediário
2.05555,2.0679,2002-03-19 14:00:00.0,Intermediário
2.05555,2.0679,2002-03-19 14:30:00.0,Intermediário
2.05894,2.07131,2002-03-19 15:00:00.0,Intermediário
2.05918,2.07243,2002-03-19 15:31:00.0,Intermediário
2.05988,2.07313,2002-03-19 16:00:00.0,Intermediário
2.06087,2.07324,2002-03-19 16:30:00.0,Fechamento Interbancário
2.06707,2.07219,2002-03-19 17:14:00.0,Fechamento
2.05105,2.07043,2002-03-20 09:34:00.0,Abertura
2.05263,2.06496,2002-03-20 10:00:00.0,Intermediário
2.05349,2.06671,2002-03-20 10:30:00.0,Intermediário
2.05701,2.06936,2002-03-20 11:00:00.0,Intermediário
2.05781,2.07017,2002-03-20 11:30:00.0,Intermediário
2.05991,2.07228,2002-03-20 12:00:00.0,Intermediário
2.06211,2.07449,2002-03-20 12:30:00.0,Intermediário
2.06071,2.07308,2002-03-20 13:00:00.0,Intermediário
2.05861,2.07098,2002-03-20 13:30:00.0,Intermediário
2.05885,2.07121,2002-03-20 14:00:00.0,Intermediário
2.06048,2.07285,2002-03-20 14:30:00.0,Intermediário
2.06102,2.0734,2002-03-20 15:00:00.0,Intermediário
2.06178,2.07416,2002-03-20 15:30:00.0,Intermediário
2.0639,2.07541,2002-03-20 16:00:00.0,Intermediário
2.06689,2.07929,2002-03-20 16:30:00.0,Fechamento Interbancário
2.06669,2.0718,2002-03-20 17:17:00.0,Fechamento
2.06439,2.08386,2002-03-21 09:46:00.0,Abertura
2.06797,2.08038,2002-03-21 10:00:00.0,Intermediário
2.06433,2.07761,2002-03-21 10:30:00.0,Intermediário
2.0607,2.07308,2002-03-21 11:00:00.0,Intermediário
2.06433,2.07672,2002-03-21 11:30:00.0,Intermediário
2.06462,2.07702,2002-03-21 12:08:00.0,Intermediário
2.0628,2.07519,2002-03-21 12:30:00.0,Intermediário
2.0655,2.0779,2002-03-21 13:00:00.0,Intermediário
2.06503,2.07743,2002-03-21 13:30:00.0,Intermediário
2.06714,2.07955,2002-03-21 14:00:00.0,Intermediário
2.06878,2.08119,2002-03-21 14:30:00.0,Intermediário
2.06961,2.08202,2002-03-21 15:00:00.0,Intermediário
2.0682,2.08061,2002-03-21 15:30:00.0,Intermediário
2.06245,2.07483,2002-03-21 16:00:00.0,Intermediário
2.06133,2.07371,2002-03-21 16:30:00.0,Fechamento Interbancário
2.07016,2.07529,2002-03-21 17:31:00.0,Fechamento
2.05279,2.07219,2002-03-22 09:41:00.0,Abertura
2.05626,2.06861,2002-03-22 10:00:00.0,Intermediário
2.05783,2.0702,2002-03-22 10:30:00.0,Intermediário
2.06,2.07237,2002-03-22 11:00:00.0,Intermediário
2.06176,2.07325,2002-03-22 11:30:00.0,Intermediário
2.06088,2.07325,2002-03-22 12:00:00.0,Intermediário
2.06514,2.07754,2002-03-22 12:30:00.0,Intermediário
2.06678,2.07919,2002-03-22 13:00:00.0,Intermediário
2.06702,2.07943,2002-03-22 13:30:00.0,Intermediário
2.06702,2.07943,2002-03-22 14:00:00.0,Intermediário
2.05902,2.07139,2002-03-22 14:30:00.0,Intermediário
2.06705,2.07947,2002-03-22 15:00:00.0,Intermediário
2.06854,2.08008,2002-03-22 15:30:00.0,Intermediário
2.06558,2.07798,2002-03-22 16:00:00.0,Intermediário
2.06487,2.07727,2002-03-22 16:30:00.0,Fechamento Interbancário
2.06015,2.06527,2002-03-22 17:17:00.0,Fechamento
2.06235,2.08177,2002-03-25 09:43:00.0,Abertura
2.06504,2.07832,2002-03-25 10:00:00.0,Intermediário
2.07039,2.08193,2002-03-25 10:30:00.0,Intermediário
2.07237,2.08481,2002-03-25 11:00:00.0,Intermediário
2.07093,2.08336,2002-03-25 11:30:00.0,Intermediário
2.06299,2.07538,2002-03-25 12:00:00.0,Intermediário
2.0609,2.07504,2002-03-25 12:30:00.0,Intermediário
2.06639,2.07792,2002-03-25 13:00:00.0,Intermediário
2.06598,2.07839,2002-03-25 13:30:00.0,Intermediário
2.06504,2.07744,2002-03-25 14:00:00.0,Intermediário
2.06575,2.07815,2002-03-25 14:30:00.0,Intermediário
2.06972,2.08215,2002-03-25 15:00:00.0,Intermediário
2.07123,2.08367,2002-03-25 15:30:00.0,Intermediário
2.06773,2.08015,2002-03-25 16:00:00.0,Intermediário
2.0675,2.07991,2002-03-25 16:30:00.0,Fechamento Interbancário
2.07323,2.07837,2002-03-25 17:13:00.0,Fechamento
2.05392,2.07328,2002-03-26 09:34:00.0,Abertura
2.0563,2.06866,2002-03-26 10:00:00.0,Intermediário
2.05409,2.06643,2002-03-26 10:30:00.0,Intermediário
2.05264,2.06498,2002-03-26 11:00:00.0,Intermediário
2.06035,2.07272,2002-03-26 11:33:00.0,Intermediário
2.05736,2.06972,2002-03-26 12:00:00.0,Intermediário
2.05263,2.06496,2002-03-26 12:30:00.0,Intermediário
2.04866,2.06097,2002-03-26 13:00:00.0,Intermediário
2.04913,2.06144,2002-03-26 13:30:00.0,Intermediário
2.04889,2.06121,2002-03-26 14:00:00.0,Intermediário
2.04749,2.0598,2002-03-26 14:30:00.0,Intermediário
2.0528,2.06514,2002-03-26 15:00:00.0,Intermediário
2.05233,2.06466,2002-03-26 15:30:00.0,Intermediário
2.05198,2.06432,2002-03-26 16:00:00.0,Intermediário
2.05134,2.06367,2002-03-26 16:30:00.0,Fechamento Interbancário
2.05963,2.06474,2002-03-26 17:27:00.0,Fechamento
2.04281,2.06212,2002-03-27 09:40:00.0,Abertura
2.04479,2.05621,2002-03-27 10:00:00.0,Intermediário
2.04567,2.05797,2002-03-27 10:30:00.0,Intermediário
2.04154,2.05382,2002-03-27 11:00:00.0,Intermediário
2.04381,2.0561,2002-03-27 11:30:00.0,Intermediário
2.04294,2.05435,2002-03-27 12:00:00.0,Intermediário
2.03624,2.0485,2002-03-27 12:30:00.0,Intermediário
2.02863,2.04084,2002-03-27 13:00:00.0,Intermediário
2.02863,2.04084,2002-03-27 13:30:00.0,Intermediário
2.02909,2.04131,2002-03-27 14:00:00.0,Intermediário
2.02886,2.04108,2002-03-27 14:30:00.0,Intermediário
2.02712,2.04108,2002-03-27 15:00:00.0,Intermediário
2.02723,2.03944,2002-03-27 15:30:00.0,Intermediário
2.02503,2.03722,2002-03-27 16:00:00.0,Intermediário
2.02369,2.03588,2002-03-27 16:30:00.0,Fechamento Interbancário
2.0388,2.04388,2002-03-27 17:11:00.0,Fechamento
2.0252,2.0444,2002-03-28 09:53:00.0,Abertura
2.02839,2.04061,2002-03-28 10:00:00.0,Intermediário
2.02068,2.03198,2002-03-28 10:30:00.0,Intermediário
2.01963,2.0318,2002-03-28 11:00:00.0,Intermediário
2.02166,2.03297,2002-03-28 11:30:00.0,Intermediário
2.01899,2.03029,2002-03-28 12:00:00.0,Intermediário
2.01487,2.02789,2002-03-28 12:30:00.0,Intermediário
2.02166,2.03384,2002-03-28 13:00:00.0,Intermediário
2.01981,2.03373,2002-03-28 13:30:00.0,Intermediário
2.01703,2.03093,2002-03-28 14:00:00.0,Intermediário
2.01679,2.0307,2002-03-28 14:30:00.0,Intermediário
2.02062,2.03279,2002-03-28 15:00:00.0,Intermediário
2.02097,2.03402,2002-03-28 15:30:00.0,Intermediário
2.01969,2.03186,2002-03-28 16:00:00.0,Intermediário
2.019,2.03116,2002-03-28 16:30:00.0,Fechamento Interbancário
2.02099,2.02603,2002-03-28 17:28:00.0,Fechamento
2.02932,2.04856,2002-04-01 09:38:00.0,Abertura
2.02578,2.03798,2002-04-01 10:00:00.0,Intermediário
2.02834,2.04055,2002-04-01 10:30:00.0,Intermediário
2.04542,2.05772,2002-04-01 11:06:00.0,Intermediário
2.04297,2.05525,2002-04-01 11:30:00.0,Intermediário
2.04292,2.0552,2002-04-01 12:00:00.0,Intermediário
2.04492,2.05722,2002-04-01 12:30:00.0,Intermediário
2.04534,2.05764,2002-04-01 13:00:00.0,Intermediário
2.04441,2.0567,2002-04-01 13:30:00.0,Intermediário
2.04395,2.05624,2002-04-01 14:00:00.0,Intermediário
2.04418,2.05647,2002-04-01 14:30:00.0,Intermediário
2.03506,2.04819,2002-04-01 15:00:00.0,Intermediário
2.03483,2.04707,2002-04-01 15:30:00.0,Intermediário
2.02485,2.03704,2002-04-01 16:00:00.0,Intermediário
2.02309,2.03527,2002-04-01 16:30:00.0,Fechamento Interbancário
2.04396,2.04903,2002-04-01 17:14:00.0,Fechamento
2.0111,2.03027,2002-04-02 09:40:00.0,Abertura
2.01529,2.02744,2002-04-02 10:00:00.0,Intermediário
2.0182,2.03035,2002-04-02 10:30:00.0,Intermediário
2.02282,2.035,2002-04-02 11:00:00.0,Intermediário
2.01999,2.03216,2002-04-02 11:30:00.0,Intermediário
2.02313,2.03531,2002-04-02 12:00:00.0,Intermediário
2.02618,2.0375,2002-04-02 12:30:00.0,Intermediário
2.0143,2.02644,2002-04-02 13:00:00.0,Intermediário
2.01338,2.02551,2002-04-02 13:30:00.0,Intermediário
2.01384,2.02597,2002-04-02 14:00:00.0,Intermediário
2.01499,2.02713,2002-04-02 14:30:00.0,Intermediário
2.01849,2.03065,2002-04-02 15:00:00.0,Intermediário
2.01884,2.03189,2002-04-02 15:36:00.0,Intermediário
2.01567,2.02694,2002-04-02 16:00:00.0,Intermediário
2.01365,2.02578,2002-04-02 16:30:00.0,Fechamento Interbancário
2.02353,2.02856,2002-04-02 17:41:00.0,Fechamento
2.01629,2.0355,2002-04-03 09:45:00.0,Abertura
2.01888,2.03104,2002-04-03 10:00:00.0,Intermediário
2.01338,2.02551,2002-04-03 10:30:00.0,Intermediário
2.00636,2.01845,2002-04-03 11:00:00.0,Intermediário
2.0059,2.01799,2002-04-03 11:30:00.0,Intermediário
2.00945,2.02068,2002-04-03 12:00:00.0,Intermediário
2.02014,2.03319,2002-04-03 12:30:00.0,Intermediário
2.02461,2.0368,2002-04-03 13:00:00.0,Intermediário
2.02415,2.03634,2002-04-03 13:30:00.0,Intermediário
2.02415,2.03634,2002-04-03 14:00:00.0,Intermediário
2.0237,2.03588,2002-04-03 14:30:00.0,Intermediário
2.02351,2.03657,2002-04-03 15:00:00.0,Intermediário
2.02018,2.03235,2002-04-03 15:30:00.0,Intermediário
2.02924,2.04057,2002-04-03 16:00:00.0,Intermediário
2.02947,2.04168,2002-04-03 16:30:00.0,Fechamento Interbancário
2.0237,2.02873,2002-04-03 17:34:00.0,Fechamento
2.03691,2.05624,2002-04-04 09:49:00.0,Abertura
2.04371,2.05688,2002-04-04 10:00:00.0,Intermediário
2.03934,2.05249,2002-04-04 10:30:00.0,Intermediário
2.04417,2.05646,2002-04-04 11:00:00.0,Intermediário
2.04079,2.05218,2002-04-04 11:30:00.0,Intermediário
2.03645,2.0487,2002-04-04 12:00:00.0,Intermediário
2.02595,2.03815,2002-04-04 12:30:00.0,Intermediário
2.02029,2.03246,2002-04-04 13:00:00.0,Intermediário
2.02075,2.03292,2002-04-04 13:30:00.0,Intermediário
2.01684,2.02899,2002-04-04 14:00:00.0,Intermediário
2.01822,2.03038,2002-04-04 14:37:00.0,Intermediário
2.0143,2.02732,2002-04-04 15:00:00.0,Intermediário
2.01582,2.02885,2002-04-04 15:30:00.0,Intermediário
2.01426,2.02639,2002-04-04 16:00:00.0,Intermediário
2.01398,2.02612,2002-04-04 16:32:00.0,Fechamento Interbancário
2.02781,2.03286,2002-04-04 17:21:00.0,Fechamento
2.00858,2.02774,2002-04-05 09:42:00.0,Abertura
2.01094,2.02218,2002-04-05 10:00:00.0,Intermediário
2.01125,2.02337,2002-04-05 10:30:00.0,Intermediário
2.00999,2.02122,2002-04-05 11:00:00.0,Intermediário
2.00995,2.02207,2002-04-05 11:30:00.0,Intermediário
2.0135,2.02475,2002-04-05 12:00:00.0,Intermediário
2.01629,2.02843,2002-04-05 12:30:00.0,Intermediário
2.01644,2.0277,2002-04-05 13:00:00.0,Intermediário
2.01556,2.02682,2002-04-05 13:30:00.0,Intermediário
2.01648,2.02774,2002-04-05 14:00:00.0,Intermediário
2.01625,2.02751,2002-04-05 14:30:00.0,Intermediário
2.00606,2.01816,2002-04-05 15:00:00.0,Intermediário
1.99952,2.01247,2002-04-05 15:30:00.0,Intermediário
2.00083,2.01289,2002-04-05 16:00:00.0,Intermediário
1.99794,2.01087,2002-04-05 16:30:00.0,Fechamento Interbancário
2.01468,2.0197,2002-04-05 17:15:00.0,Fechamento
1.99901,2.01812,2002-04-08 09:47:00.0,Abertura
2.00222,2.01606,2002-04-08 10:00:00.0,Intermediário
2.00762,2.01973,2002-04-08 10:30:00.0,Intermediário
2.00244,2.01452,2002-04-08 11:00:00.0,Intermediário
1.99978,2.01185,2002-04-08 11:30:00.0,Intermediário
1.99928,2.01047,2002-04-08 12:00:00.0,Intermediário
1.99974,2.01181,2002-04-08 12:31:00.0,Intermediário
1.99841,2.00959,2002-04-08 13:00:00.0,Intermediário
1.99841,2.01047,2002-04-08 13:30:00.0,Intermediário
1.99658,2.00863,2002-04-08 14:00:00.0,Intermediário
1.9975,2.00955,2002-04-08 14:30:00.0,Intermediário
1.99295,2.00585,2002-04-08 15:00:00.0,Intermediário
1.99177,2.00379,2002-04-08 15:30:00.0,Intermediário
2.00095,2.01302,2002-04-08 16:00:00.0,Intermediário
1.99966,2.01172,2002-04-08 16:30:00.0,Fechamento Interbancário
2.00197,2.00697,2002-04-08 17:20:00.0,Fechamento
1.99362,2.01269,2002-04-09 09:53:00.0,Abertura
1.99397,2.006,2002-04-09 10:00:00.0,Intermediário
1.99549,2.00753,2002-04-09 10:30:00.0,Intermediário
1.99533,2.00738,2002-04-09 11:00:00.0,Intermediário
1.99663,2.0078,2002-04-09 11:30:00.0,Intermediário
1.99462,2.00665,2002-04-09 12:00:00.0,Intermediário
2.00245,2.01452,2002-04-09 12:30:00.0,Intermediário
2.00762,2.01972,2002-04-09 13:00:00.0,Intermediário
2.00648,2.01858,2002-04-09 13:30:00.0,Intermediário
2.00625,2.01835,2002-04-09 14:00:00.0,Intermediário
2.00648,2.01858,2002-04-09 14:30:00.0,Intermediário
2.01163,2.02375,2002-04-09 15:00:00.0,Intermediário
2.00704,2.01914,2002-04-09 15:30:00.0,Intermediário
2.00177,2.01384,2002-04-09 16:00:00.0,Intermediário
2.00177,2.01384,2002-04-09 16:30:00.0,Fechamento Interbancário
2.01044,2.01544,2002-04-09 17:37:00.0,Fechamento
2.00665,2.02582,2002-04-10 10:08:00.0,Abertura
2.0073,2.02028,2002-04-10 10:17:00.0,Intermediário
2.00177,2.01384,2002-04-10 10:30:00.0,Intermediário
1.99907,2.01113,2002-04-10 11:00:00.0,Intermediário
1.99491,2.00695,2002-04-10 11:35:00.0,Intermediário
1.99332,2.00447,2002-04-10 12:00:00.0,Intermediário
1.99352,2.00555,2002-04-10 12:30:00.0,Intermediário
1.99553,2.00757,2002-04-10 13:00:00.0,Intermediário
1.99494,2.00697,2002-04-10 13:30:00.0,Intermediário
1.99494,2.00697,2002-04-10 14:00:00.0,Intermediário
1.99494,2.00697,2002-04-10 14:30:00.0,Intermediário
1.98681,1.9988,2002-04-10 15:00:00.0,Intermediário
1.9855,1.99749,2002-04-10 15:30:00.0,Intermediário
1.991,2.00213,2002-04-10 16:00:00.0,Intermediário
1.98947,2.00147,2002-04-10 16:30:00.0,Fechamento Interbancário
2.00018,2.00516,2002-04-10 17:21:00.0,Fechamento
1.98399,2.00304,2002-04-11 09:41:00.0,Abertura
1.99247,2.00361,2002-04-11 10:00:00.0,Intermediário
1.99755,2.00872,2002-04-11 10:30:00.0,Intermediário
2.00063,2.01358,2002-04-11 11:00:00.0,Intermediário
2.00302,2.01421,2002-04-11 11:30:00.0,Intermediário
2.00307,2.01515,2002-04-11 12:00:00.0,Intermediário
2.00335,2.01543,2002-04-11 12:30:00.0,Intermediário
2.00128,2.01246,2002-04-11 13:00:00.0,Intermediário
2.00309,2.01429,2002-04-11 13:30:00.0,Intermediário
2.00355,2.01474,2002-04-11 14:00:00.0,Intermediário
2.00242,2.0136,2002-04-11 14:30:00.0,Intermediário
2.00654,2.01952,2002-04-11 15:00:00.0,Intermediário
2.00879,2.02089,2002-04-11 15:30:00.0,Intermediário
2.01098,2.02221,2002-04-11 16:00:00.0,Intermediário
2.01032,2.02244,2002-04-11 16:30:00.0,Fechamento Interbancário
2.00418,2.00916,2002-04-11 17:26:00.0,Fechamento
2.01094,2.03012,2002-04-12 09:52:00.0,Abertura
2.01136,2.02348,2002-04-12 10:00:00.0,Intermediário
2.01056,2.02268,2002-04-12 10:30:00.0,Intermediário
2.01388,2.0269,2002-04-12 11:00:00.0,Intermediário
2.01807,2.03023,2002-04-12 11:30:00.0,Intermediário
2.01903,2.0312,2002-04-12 12:00:00.0,Intermediário
2.01502,2.02717,2002-04-12 12:30:00.0,Intermediário
2.0148,2.02605,2002-04-12 13:00:00.0,Intermediário
2.0148,2.02605,2002-04-12 13:30:00.0,Intermediário
2.01594,2.02721,2002-04-12 14:00:00.0,Intermediário
2.01571,2.02698,2002-04-12 14:30:00.0,Intermediário
2.01506,2.02632,2002-04-12 15:00:00.0,Intermediário
2.00911,2.02211,2002-04-12 15:30:00.0,Intermediário
2.01132,2.02345,2002-04-12 16:01:00.0,Intermediário
2.01312,2.02437,2002-04-12 16:32:00.0,Fechamento Interbancário
2.02077,2.02579,2002-04-12 17:34:00.0,Fechamento
2.02041,2.03964,2002-04-15 09:45:00.0,Abertura
2.02587,2.03895,2002-04-15 10:00:00.0,Intermediário
2.02818,2.04039,2002-04-15 10:30:00.0,Intermediário
2.02758,2.03979,2002-04-15 11:00:00.0,Intermediário
2.03424,2.04559,2002-04-15 11:30:00.0,Intermediário
2.03849,2.04987,2002-04-15 12:00:00.0,Intermediário
2.03692,2.04917,2002-04-15 12:30:00.0,Intermediário
2.03927,2.05066,2002-04-15 13:00:00.0,Intermediário
2.04043,2.05182,2002-04-15 13:30:00.0,Intermediário
2.03974,2.05112,2002-04-15 14:00:00.0,Intermediário
2.03997,2.05136,2002-04-15 14:30:00.0,Intermediário
2.03252,2.04475,2002-04-15 15:00:00.0,Intermediário
2.0371,2.04935,2002-04-15 15:30:00.0,Intermediário
2.03553,2.04778,2002-04-15 16:00:00.0,Intermediário
2.0346,2.04685,2002-04-15 16:30:00.0,Fechamento Interbancário
2.03765,2.04271,2002-04-15 17:16:00.0,Fechamento
2.03535,2.05465,2002-04-16 09:54:00.0,Abertura
2.03553,2.04778,2002-04-16 10:00:00.0,Intermediário
2.03183,2.04406,2002-04-16 10:30:00.0,Intermediário
2.03169,2.04391,2002-04-16 11:00:00.0,Intermediário
2.03922,2.05148,2002-04-16 11:30:00.0,Intermediário
2.03718,2.04944,2002-04-16 12:00:00.0,Intermediário
2.04006,2.05232,2002-04-16 12:30:00.0,Intermediário
2.0427,2.05498,2002-04-16 13:00:00.0,Intermediário
2.03802,2.05028,2002-04-16 13:30:00.0,Intermediário
2.03779,2.05005,2002-04-16 14:00:00.0,Intermediário
2.03871,2.05098,2002-04-16 14:30:00.0,Intermediário
2.04178,2.05405,2002-04-16 15:00:00.0,Intermediário
2.04507,2.05736,2002-04-16 15:30:00.0,Intermediário
2.04192,2.05419,2002-04-16 16:00:00.0,Intermediário
2.04145,2.05373,2002-04-16 16:30:00.0,Fechamento Interbancário
2.04297,2.04804,2002-04-16 17:20:00.0,Fechamento
2.04918,2.06862,2002-04-17 09:40:00.0,Abertura
2.05153,2.06474,2002-04-17 10:00:00.0,Intermediário
2.05273,2.06506,2002-04-17 10:30:00.0,Intermediário
2.05037,2.06447,2002-04-17 11:00:00.0,Intermediário
2.04872,2.06103,2002-04-17 11:30:00.0,Intermediário
2.0476,2.05902,2002-04-17 12:00:00.0,Intermediário
2.05007,2.06238,2002-04-17 12:30:00.0,Intermediário
2.05319,2.06552,2002-04-17 13:00:00.0,Intermediário
2.05481,2.06715,2002-04-17 13:30:00.0,Intermediário
2.05342,2.06575,2002-04-17 14:00:00.0,Intermediário
2.05203,2.06436,2002-04-17 14:30:00.0,Intermediário
2.05716,2.06862,2002-04-17 15:00:00.0,Intermediário
2.05697,2.06932,2002-04-17 15:30:00.0,Intermediário
2.06148,2.07385,2002-04-17 16:00:00.0,Intermediário
2.06171,2.07409,2002-04-17 16:31:00.0,Fechamento Interbancário
2.05948,2.06457,2002-04-17 17:33:00.0,Fechamento
2.06782,2.08737,2002-04-18 09:59:00.0,Abertura
2.07156,2.08399,2002-04-18 10:00:00.0,Intermediário
2.07207,2.0845,2002-04-18 10:30:00.0,Intermediário
2.07385,2.08628,2002-04-18 11:00:00.0,Intermediário
2.07903,2.0915,2002-04-18 11:30:00.0,Intermediário
2.07361,2.08694,2002-04-18 12:00:00.0,Intermediário
2.06495,2.07823,2002-04-18 12:30:00.0,Intermediário
2.06951,2.08282,2002-04-18 13:00:00.0,Intermediário
2.0683,2.0816,2002-04-18 13:30:00.0,Intermediário
2.06807,2.08137,2002-04-18 14:00:00.0,Intermediário
2.06877,2.08207,2002-04-18 14:30:00.0,Intermediário
2.06923,2.08254,2002-04-18 15:00:00.0,Intermediário
2.06839,2.0808,2002-04-18 15:35:00.0,Intermediário
2.06511,2.0775,2002-04-18 16:00:00.0,Intermediário
2.06558,2.07708,2002-04-18 16:30:00.0,Fechamento Interbancário
2.07692,2.08204,2002-04-18 17:15:00.0,Fechamento
2.05191,2.07137,2002-04-19 09:58:00.0,Abertura
2.05388,2.06622,2002-04-19 10:00:00.0,Intermediário
2.05658,2.06893,2002-04-19 10:30:00.0,Intermediário
2.058,2.06947,2002-04-19 11:00:00.0,Intermediário
2.05986,2.07312,2002-04-19 11:30:00.0,Intermediário
2.06279,2.07428,2002-04-19 12:00:00.0,Intermediário
2.06163,2.07312,2002-04-19 12:30:00.0,Intermediário
2.06349,2.07587,2002-04-19 13:00:00.0,Intermediário
2.06326,2.07564,2002-04-19 13:30:00.0,Intermediário
2.06604,2.07844,2002-04-19 14:03:00.0,Intermediário
2.06511,2.0775,2002-04-19 14:30:00.0,Intermediário
2.07238,2.08571,2002-04-19 15:00:00.0,Intermediário
2.07238,2.08571,2002-04-19 15:30:00.0,Intermediário
2.07145,2.08388,2002-04-19 16:00:00.0,Intermediário
2.07215,2.08458,2002-04-19 16:30:00.0,Fechamento Interbancário
2.07384,2.07896,2002-04-19 17:40:00.0,Fechamento
2.0572,2.07668,2002-04-22 09:58:00.0,Abertura
2.06028,2.07354,2002-04-22 10:00:00.0,Intermediário
2.0677,2.08011,2002-04-22 10:30:00.0,Intermediário
2.06691,2.07931,2002-04-22 11:00:00.0,Intermediário
2.06028,2.07265,2002-04-22 11:30:00.0,Intermediário
2.0705,2.08292,2002-04-22 12:00:00.0,Intermediário
2.06891,2.08132,2002-04-22 12:30:00.0,Intermediário
2.07129,2.08461,2002-04-22 13:00:00.0,Intermediário
2.07199,2.08531,2002-04-22 13:30:00.0,Intermediário
2.07223,2.08555,2002-04-22 14:00:00.0,Intermediário
2.07269,2.08602,2002-04-22 14:30:00.0,Intermediário
2.07185,2.08428,2002-04-22 15:00:00.0,Intermediário
2.07101,2.08343,2002-04-22 15:30:00.0,Intermediário
2.07703,2.09038,2002-04-22 16:00:00.0,Intermediário
2.07815,2.09061,2002-04-22 16:30:00.0,Fechamento Interbancário
2.07543,2.08056,2002-04-22 17:40:00.0,Fechamento
2.06686,2.08639,2002-04-23 09:53:00.0,Abertura
2.07083,2.08325,2002-04-23 10:00:00.0,Intermediário
2.08184,2.09521,2002-04-23 10:30:00.0,Intermediário
2.07918,2.09165,2002-04-23 11:00:00.0,Intermediário
2.08054,2.09301,2002-04-23 11:30:00.0,Intermediário
2.08035,2.09282,2002-04-23 12:00:00.0,Intermediário
2.08016,2.09353,2002-04-23 12:30:00.0,Intermediário
2.08484,2.09733,2002-04-23 13:00:00.0,Intermediário
2.08372,2.0962,2002-04-23 13:30:00.0,Intermediário
2.08184,2.09432,2002-04-23 14:00:00.0,Intermediário
2.08208,2.09456,2002-04-23 14:30:00.0,Intermediário
2.08936,2.10187,2002-04-23 15:00:00.0,Intermediário
2.08818,2.10158,2002-04-23 15:30:00.0,Intermediário
2.09154,2.10407,2002-04-23 16:00:00.0,Intermediário
2.09219,2.10384,2002-04-23 16:30:00.0,Fechamento Interbancário
2.08694,2.09209,2002-04-23 17:41:00.0,Fechamento
2.09124,2.1109,2002-04-24 09:37:00.0,Abertura
2.09921,2.11178,2002-04-24 10:00:00.0,Intermediário
2.08859,2.10199,2002-04-24 10:30:00.0,Intermediário
2.09688,2.10943,2002-04-24 11:00:00.0,Intermediário
2.09345,2.10599,2002-04-24 11:30:00.0,Intermediário
2.09505,2.1067,2002-04-24 12:00:00.0,Intermediário
2.09416,2.1067,2002-04-24 12:30:00.0,Intermediário
2.09706,2.10962,2002-04-24 13:00:00.0,Intermediário
2.09824,2.1108,2002-04-24 13:30:00.0,Intermediário
2.09894,2.11151,2002-04-24 14:00:00.0,Intermediário
2.09777,2.11033,2002-04-24 14:30:00.0,Intermediário
2.0996,2.11217,2002-04-24 15:00:00.0,Intermediário
2.09824,2.1108,2002-04-24 15:30:00.0,Intermediário
2.098,2.11056,2002-04-24 16:00:00.0,Intermediário
2.09782,2.11038,2002-04-24 16:30:00.0,Fechamento Interbancário
2.10356,2.10874,2002-04-24 17:55:00.0,Fechamento
2.11141,2.13124,2002-04-25 09:44:00.0,Abertura
2.11537,2.12802,2002-04-25 10:05:00.0,Intermediário
2.12108,2.13285,2002-04-25 10:40:00.0,Intermediário
2.12051,2.13319,2002-04-25 11:07:00.0,Intermediário
2.11664,2.1293,2002-04-25 11:36:00.0,Intermediário
2.11981,2.13247,2002-04-25 12:05:00.0,Intermediário
2.11858,2.13034,2002-04-25 12:30:00.0,Intermediário
2.12664,2.13934,2002-04-25 13:00:00.0,Intermediário
2.12693,2.13873,2002-04-25 13:30:00.0,Intermediário
2.1274,2.13921,2002-04-25 14:00:00.0,Intermediário
2.1274,2.13921,2002-04-25 14:30:00.0,Intermediário
2.11947,2.13214,2002-04-25 15:00:00.0,Intermediário
2.11947,2.13124,2002-04-25 15:30:00.0,Intermediário
2.11683,2.12949,2002-04-25 16:00:00.0,Intermediário
2.11731,2.12996,2002-04-25 16:30:00.0,Fechamento Interbancário
2.12272,2.12793,2002-04-25 17:49:00.0,Fechamento
2.10339,2.12318,2002-04-26 09:55:00.0,Abertura
2.10764,2.12024,2002-04-26 10:06:00.0,Intermediário
2.10971,2.12232,2002-04-26 10:30:00.0,Intermediário
2.10834,2.12005,2002-04-26 11:00:00.0,Intermediário
2.10919,2.12181,2002-04-26 11:30:00.0,Intermediário
2.11509,2.12773,2002-04-26 12:00:00.0,Intermediário
2.11344,2.12517,2002-04-26 12:30:00.0,Intermediário
2.11523,2.12787,2002-04-26 13:00:00.0,Intermediário
2.11877,2.13143,2002-04-26 13:30:00.0,Intermediário
2.11994,2.13261,2002-04-26 14:00:00.0,Intermediário
2.12253,2.13522,2002-04-26 14:30:00.0,Intermediário
2.12301,2.13569,2002-04-26 15:00:00.0,Intermediário
2.13204,2.14477,2002-04-26 15:30:00.0,Intermediário
2.13204,2.14477,2002-04-26 16:01:00.0,Intermediário
2.13228,2.14501,2002-04-26 16:32:00.0,Fechamento Interbancário
2.12362,2.12882,2002-04-26 17:39:00.0,Fechamento
2.13611,2.15611,2002-04-29 09:45:00.0,Abertura
2.13778,2.15053,2002-04-29 10:00:00.0,Intermediário
2.13844,2.1512,2002-04-29 10:30:00.0,Intermediário
2.12731,2.14002,2002-04-29 11:00:00.0,Intermediário
2.13096,2.14368,2002-04-29 11:30:00.0,Intermediário
2.12774,2.14135,2002-04-29 12:00:00.0,Intermediário
2.12716,2.14168,2002-04-29 12:30:00.0,Intermediário
2.12972,2.14243,2002-04-29 13:00:00.0,Intermediário
2.12736,2.14006,2002-04-29 13:30:00.0,Intermediário
2.12806,2.14077,2002-04-29 14:00:00.0,Intermediário
2.12924,2.14196,2002-04-29 14:30:00.0,Intermediário
2.1301,2.14282,2002-04-29 15:00:00.0,Intermediário
2.13536,2.1472,2002-04-29 15:30:00.0,Intermediário
2.13113,2.14385,2002-04-29 16:00:00.0,Intermediário
2.12956,2.14228,2002-04-29 16:30:00.0,Fechamento Interbancário
2.13946,2.14469,2002-04-29 17:48:00.0,Fechamento
2.11793,2.13782,2002-04-30 09:51:00.0,Abertura
2.1229,2.13648,2002-04-30 10:00:00.0,Intermediário
2.12641,2.13821,2002-04-30 10:30:00.0,Intermediário
0.0,0.0,2002-04-30 11:00:00.0,Intermediário
2.12101,2.13369,2002-04-30 11:24:00.0,Intermediário
2.12211,2.13569,2002-04-30 11:31:00.0,Intermediário
2.12457,2.13726,2002-04-30 12:00:00.0,Intermediário
2.11654,2.12919,2002-04-30 12:30:00.0,Intermediário
2.11885,2.13152,2002-04-30 13:00:00.0,Intermediário
2.12121,2.13388,2002-04-30 13:30:00.0,Intermediário
2.12144,2.13412,2002-04-30 14:00:00.0,Intermediário
2.12239,2.13506,2002-04-30 14:30:00.0,Intermediário
2.12069,2.13246,2002-04-30 15:01:00.0,Intermediário
2.12382,2.1356,2002-04-30 15:31:00.0,Intermediário
2.1189,2.13156,2002-04-30 16:07:00.0,Intermediário
2.12164,2.13431,2002-04-30 16:56:00.0,Intermediário
2.11952,2.13218,2002-04-30 16:59:00.0,Fechamento Interbancário
2.12423,2.12944,2002-04-30 17:42:00.0,Fechamento
2.12847,2.14843,2002-05-02 09:34:00.0,Abertura
2.13772,2.15048,2002-05-02 10:00:00.0,Intermediário
2.13942,2.15219,2002-05-02 10:30:00.0,Intermediário
2.13596,2.14871,2002-05-02 11:00:00.0,Intermediário
2.13749,2.15115,2002-05-02 11:30:00.0,Intermediário
2.14053,2.1533,2002-05-02 12:00:00.0,Intermediário
2.14171,2.15449,2002-05-02 12:30:00.0,Intermediário
2.14418,2.15697,2002-05-02 13:00:00.0,Intermediário
2.14442,2.15721,2002-05-02 13:30:00.0,Intermediário
2.14204,2.15482,2002-05-02 14:00:00.0,Intermediário
2.14204,2.15482,2002-05-02 14:30:00.0,Intermediário
2.15483,2.16858,2002-05-02 15:00:00.0,Intermediário
2.15411,2.16786,2002-05-02 15:30:00.0,Intermediário
2.15764,2.1705,2002-05-02 16:00:00.0,Intermediário
2.1586,2.17146,2002-05-02 16:34:00.0,Fechamento Interbancário
2.14535,2.1506,2002-05-02 17:47:00.0,Fechamento
2.18111,2.20137,2002-05-03 09:39:00.0,Abertura
2.18964,2.20357,2002-05-03 10:00:00.0,Intermediário
2.18273,2.19663,2002-05-03 10:30:00.0,Intermediário
2.18612,2.19912,2002-05-03 11:00:00.0,Intermediário
2.19947,2.21436,2002-05-03 11:30:00.0,Intermediário
2.20274,2.21582,2002-05-03 12:00:00.0,Intermediário
2.19944,2.21342,2002-05-03 12:42:00.0,Intermediário
2.19861,2.21167,2002-05-03 13:00:00.0,Intermediário
2.20391,2.217,2002-05-03 13:30:00.0,Intermediário
2.20825,2.22136,2002-05-03 14:00:00.0,Intermediário
2.2068,2.2199,2002-05-03 14:30:00.0,Intermediário
2.21123,2.22527,2002-05-03 15:00:00.0,Intermediário
2.20463,2.21772,2002-05-03 15:31:00.0,Intermediário
2.20026,2.21332,2002-05-03 16:00:00.0,Intermediário
2.20141,2.21448,2002-05-03 16:30:00.0,Fechamento Interbancário
2.21431,2.21968,2002-05-03 18:03:00.0,Fechamento
2.20928,2.22973,2002-05-06 09:57:00.0,Abertura
2.21263,2.2276,2002-05-06 10:00:00.0,Intermediário
2.2139,2.22704,2002-05-06 10:30:00.0,Intermediário
2.21858,2.23174,2002-05-06 11:00:00.0,Intermediário
2.22686,2.24006,2002-05-06 11:30:00.0,Intermediário
2.22344,2.23663,2002-05-06 12:00:00.0,Intermediário
2.22253,2.23479,2002-05-06 12:30:00.0,Intermediário
2.22697,2.24018,2002-05-06 13:00:00.0,Intermediário
2.22649,2.23969,2002-05-06 13:30:00.0,Intermediário
2.22624,2.23944,2002-05-06 14:00:00.0,Intermediário
2.226,2.2392,2002-05-06 14:30:00.0,Intermediário
2.22143,2.23552,2002-05-06 15:00:00.0,Intermediário
2.21747,2.23247,2002-05-06 15:30:00.0,Intermediário
2.21349,2.22571,2002-05-06 16:00:00.0,Intermediário
2.21354,2.22668,2002-05-06 16:30:00.0,Fechamento Interbancário
2.23161,2.23701,2002-05-06 17:59:00.0,Fechamento
2.18974,2.21008,2002-05-07 09:57:00.0,Abertura
2.19909,2.21399,2002-05-07 10:00:00.0,Intermediário
2.19631,2.20936,2002-05-07 10:30:00.0,Intermediário
2.20129,2.21436,2002-05-07 11:00:00.0,Intermediário
2.19947,2.21253,2002-05-07 11:30:00.0,Intermediário
2.19631,2.20936,2002-05-07 12:00:00.0,Intermediário
2.19823,2.21129,2002-05-07 12:30:00.0,Intermediário
2.20276,2.21492,2002-05-07 13:00:00.0,Intermediário
2.20026,2.21333,2002-05-07 13:30:00.0,Intermediário
2.19809,2.21115,2002-05-07 14:00:00.0,Intermediário
2.19833,2.21139,2002-05-07 14:30:00.0,Intermediário
2.20314,2.21622,2002-05-07 15:00:00.0,Intermediário
2.20617,2.21927,2002-05-07 15:30:00.0,Intermediário
2.21876,2.23284,2002-05-07 16:00:00.0,Intermediário
2.22199,2.23516,2002-05-07 16:30:00.0,Fechamento Interbancário
2.21129,2.21665,2002-05-07 17:50:00.0,Fechamento
2.20518,2.22558,2002-05-08 09:48:00.0,Abertura
2.21189,2.22502,2002-05-08 10:00:00.0,Intermediário
2.2039,2.217,2002-05-08 10:30:00.0,Intermediário
2.20797,2.22108,2002-05-08 11:00:00.0,Intermediário
2.2024,2.21548,2002-05-08 11:30:00.0,Intermediário
2.20094,2.21402,2002-05-08 12:00:00.0,Intermediário
2.19526,2.2083,2002-05-08 12:30:00.0,Intermediário
2.18595,2.19895,2002-05-08 13:00:00.0,Intermediário
2.18975,2.20187,2002-05-08 13:30:00.0,Intermediário
2.19048,2.20259,2002-05-08 14:00:00.0,Intermediário
2.18999,2.20211,2002-05-08 14:30:00.0,Intermediário
2.19795,2.21192,2002-05-08 15:00:00.0,Intermediário
2.20222,2.21531,2002-05-08 15:30:00.0,Intermediário
2.20041,2.21349,2002-05-08 16:00:00.0,Intermediário
2.19871,2.21178,2002-05-08 16:37:00.0,Fechamento Interbancário
2.19958,2.20494,2002-05-08 17:49:00.0,Fechamento
2.21227,2.23269,2002-05-09 09:50:00.0,Abertura
2.21575,2.2289,2002-05-09 10:00:00.0,Intermediário
2.21106,2.22418,2002-05-09 10:30:00.0,Intermediário
2.20806,2.22208,2002-05-09 11:00:00.0,Intermediário
2.21663,2.22979,2002-05-09 11:35:00.0,Intermediário
2.22378,2.23606,2002-05-09 12:00:00.0,Intermediário
2.22321,2.2364,2002-05-09 12:30:00.0,Intermediário
2.22598,2.23918,2002-05-09 13:00:00.0,Intermediário
2.22794,2.24298,2002-05-09 13:30:00.0,Intermediário
2.22549,2.24051,2002-05-09 14:00:00.0,Intermediário
2.22475,2.23978,2002-05-09 14:30:00.0,Intermediário
2.22277,2.23596,2002-05-09 15:00:00.0,Intermediário
2.22211,2.23529,2002-05-09 15:30:00.0,Intermediário
2.24025,2.25444,2002-05-09 16:00:00.0,Intermediário
2.24165,2.25493,2002-05-09 16:30:00.0,Fechamento Interbancário
2.2289,2.23431,2002-05-09 17:49:00.0,Fechamento
2.26104,2.28174,2002-05-10 09:49:00.0,Abertura
2.26642,2.27983,2002-05-10 10:00:00.0,Intermediário
2.26228,2.27658,2002-05-10 10:30:00.0,Intermediário
2.25367,2.26702,2002-05-10 11:00:00.0,Intermediário
2.25897,2.27234,2002-05-10 11:30:00.0,Intermediário
2.25847,2.27184,2002-05-10 12:00:00.0,Intermediário
2.25732,2.27069,2002-05-10 12:30:00.0,Intermediário
2.25625,2.27052,2002-05-10 13:00:00.0,Intermediário
2.2598,2.27318,2002-05-10 13:30:00.0,Intermediário
2.25931,2.27268,2002-05-10 14:00:00.0,Intermediário
2.26203,2.27541,2002-05-10 14:35:00.0,Intermediário
2.26079,2.27417,2002-05-10 15:00:00.0,Intermediário
2.2521,2.26727,2002-05-10 15:30:00.0,Intermediário
2.24272,2.256,2002-05-10 16:00:00.0,Intermediário
2.24528,2.25766,2002-05-10 16:30:00.0,Fechamento Interbancário
2.26833,2.27381,2002-05-10 17:43:00.0,Fechamento
2.24341,2.26402,2002-05-13 09:50:00.0,Abertura
2.24747,2.26078,2002-05-13 10:00:00.0,Intermediário
2.25749,2.27085,2002-05-13 10:30:00.0,Intermediário
2.25327,2.26661,2002-05-13 11:00:00.0,Intermediário
2.25212,2.26546,2002-05-13 11:30:00.0,Intermediário
2.25898,2.27235,2002-05-13 12:00:00.0,Intermediário
2.26575,2.27916,2002-05-13 12:30:00.0,Intermediário
2.26559,2.27899,2002-05-13 13:00:00.0,Intermediário
2.26807,2.28149,2002-05-13 13:30:00.0,Intermediário
2.26857,2.28199,2002-05-13 14:00:00.0,Intermediário
2.26484,2.27824,2002-05-13 14:30:00.0,Intermediário
2.27617,2.29054,2002-05-13 15:00:00.0,Intermediário
2.28329,2.29678,2002-05-13 15:30:00.0,Intermediário
2.29173,2.30527,2002-05-13 16:00:00.0,Intermediário
2.29047,2.304,2002-05-13 16:30:00.0,Fechamento Interbancário
2.27251,2.27801,2002-05-13 17:58:00.0,Fechamento
2.285,2.30576,2002-05-14 09:39:00.0,Abertura
2.29227,2.30853,2002-05-14 10:00:00.0,Intermediário
2.2699,2.28514,2002-05-14 10:30:00.0,Intermediário
2.26925,2.2854,2002-05-14 11:00:00.0,Intermediário
2.26669,2.28011,2002-05-14 11:30:00.0,Intermediário
2.26019,2.27357,2002-05-14 12:00:00.0,Intermediário
2.26835,2.28087,2002-05-14 12:30:00.0,Intermediário
2.26399,2.2774,2002-05-14 13:00:00.0,Intermediário
2.2645,2.2779,2002-05-14 13:30:00.0,Intermediário
2.26675,2.28017,2002-05-14 14:06:00.0,Intermediário
2.2665,2.27992,2002-05-14 14:38:00.0,Intermediário
2.25329,2.26664,2002-05-14 15:00:00.0,Intermediário
2.25319,2.26654,2002-05-14 15:30:00.0,Intermediário
2.25639,2.26976,2002-05-14 16:00:00.0,Intermediário
2.25779,2.27116,2002-05-14 16:30:00.0,Fechamento Interbancário
2.2693,2.27481,2002-05-14 17:46:00.0,Fechamento
2.25427,2.27488,2002-05-15 09:41:00.0,Abertura
2.26645,2.27987,2002-05-15 10:00:00.0,Intermediário
2.27393,2.28738,2002-05-15 10:30:00.0,Intermediário
2.28162,2.29511,2002-05-15 11:00:00.0,Intermediário
2.28006,2.29354,2002-05-15 11:30:00.0,Intermediário
2.27092,2.28435,2002-05-15 12:00:00.0,Intermediário
2.26206,2.27454,2002-05-15 12:30:00.0,Intermediário
2.26528,2.27959,2002-05-15 13:00:00.0,Intermediário
2.26802,2.28144,2002-05-15 13:30:00.0,Intermediário
2.26852,2.28194,2002-05-15 14:00:00.0,Intermediário
2.26777,2.28119,2002-05-15 14:30:00.0,Intermediário
2.25993,2.27331,2002-05-15 15:00:00.0,Intermediário
2.26868,2.28301,2002-05-15 15:30:00.0,Intermediário
2.27981,2.29329,2002-05-15 16:00:00.0,Intermediário
2.27742,2.29089,2002-05-15 16:30:00.0,Fechamento Interbancário
2.2908,2.29634,2002-05-15 17:59:00.0,Fechamento
2.26857,2.28932,2002-05-16 09:49:00.0,Abertura
2.26252,2.27683,2002-05-16 10:00:00.0,Intermediário
2.26212,2.2755,2002-05-16 10:30:00.0,Intermediário
2.2651,2.2785,2002-05-16 11:00:00.0,Intermediário
2.25716,2.27052,2002-05-16 11:30:00.0,Intermediário
2.24857,2.26281,2002-05-16 12:00:00.0,Intermediário
2.25773,2.27109,2002-05-16 12:30:00.0,Intermediário
2.26228,2.27658,2002-05-16 13:00:00.0,Intermediário
2.26426,2.27858,2002-05-16 13:30:00.0,Intermediário
2.26551,2.27983,2002-05-16 14:00:00.0,Intermediário
2.26451,2.27883,2002-05-16 14:30:00.0,Intermediário
2.25931,2.27359,2002-05-16 15:00:00.0,Intermediário
2.24897,2.26229,2002-05-16 15:30:00.0,Intermediário
2.24334,2.25846,2002-05-16 16:00:00.0,Intermediário
2.24334,2.25846,2002-05-16 16:30:00.0,Fechamento Interbancário
2.25981,2.26528,2002-05-16 17:47:00.0,Fechamento
2.24796,2.26863,2002-05-17 09:34:00.0,Abertura
2.25015,2.26347,2002-05-17 10:00:00.0,Intermediário
2.26359,2.27699,2002-05-17 10:30:00.0,Intermediário
2.26437,2.27684,2002-05-17 11:00:00.0,Intermediário
2.26789,2.28131,2002-05-17 11:30:00.0,Intermediário
2.27651,2.28996,2002-05-17 12:00:00.0,Intermediário
2.2805,2.29398,2002-05-17 12:30:00.0,Intermediário
2.2746,2.28804,2002-05-17 13:00:00.0,Intermediário
2.27552,2.28897,2002-05-17 13:30:00.0,Intermediário
2.27675,2.29021,2002-05-17 14:00:00.0,Intermediário
2.27725,2.29071,2002-05-17 14:30:00.0,Intermediário
2.27909,2.29255,2002-05-17 15:00:00.0,Intermediário
2.28928,2.30279,2002-05-17 15:30:00.0,Intermediário
2.27566,2.28818,2002-05-17 16:00:00.0,Intermediário
2.27442,2.28787,2002-05-17 16:30:00.0,Fechamento Interbancário
2.27781,2.2833,2002-05-17 17:51:00.0,Fechamento
2.2572,2.27794,2002-05-20 09:49:00.0,Abertura
2.26208,2.27546,2002-05-20 10:00:00.0,Intermediário
2.26018,2.27263,2002-05-20 10:30:00.0,Intermediário
2.26387,2.28003,2002-05-20 11:00:00.0,Intermediário
2.26638,2.27978,2002-05-20 11:30:00.0,Intermediário
2.27333,2.28769,2002-05-20 12:00:00.0,Intermediário
2.27007,2.28442,2002-05-20 12:30:00.0,Intermediário
2.27032,2.28467,2002-05-20 13:00:00.0,Intermediário
2.26983,2.28417,2002-05-20 13:30:00.0,Intermediário
2.27155,2.28591,2002-05-20 14:00:00.0,Intermediário
2.27131,2.28566,2002-05-20 14:30:00.0,Intermediário
2.28443,2.297,2002-05-20 15:00:00.0,Intermediário
2.28935,2.30287,2002-05-20 15:30:00.0,Intermediário
2.28524,2.29874,2002-05-20 16:00:00.0,Intermediário
2.28266,2.29614,2002-05-20 16:30:00.0,Fechamento Interbancário
2.2769,2.28239,2002-05-20 17:53:00.0,Fechamento
2.27146,2.29227,2002-05-21 09:40:00.0,Abertura
2.27135,2.28385,2002-05-21 10:00:00.0,Intermediário
2.26254,2.27592,2002-05-21 10:30:00.0,Intermediário
2.26634,2.27975,2002-05-21 11:00:00.0,Intermediário
2.26941,2.28283,2002-05-21 11:30:00.0,Intermediário
2.26959,2.28208,2002-05-21 12:00:00.0,Intermediário
2.27163,2.28507,2002-05-21 12:30:00.0,Intermediário
2.27139,2.28482,2002-05-21 13:00:00.0,Intermediário
2.26849,2.28283,2002-05-21 13:30:00.0,Intermediário
2.27072,2.28507,2002-05-21 14:00:00.0,Intermediário
2.27121,2.28556,2002-05-21 14:30:00.0,Intermediário
2.27711,2.29057,2002-05-21 15:00:00.0,Intermediário
2.27562,2.29,2002-05-21 15:30:00.0,Intermediário
2.27905,2.29251,2002-05-21 16:00:00.0,Intermediário
2.27796,2.29142,2002-05-21 16:30:00.0,Fechamento Interbancário
2.27778,2.28328,2002-05-21 17:44:00.0,Fechamento
2.30525,2.32628,2002-05-22 09:56:00.0,Abertura
2.30461,2.3182,2002-05-22 10:00:00.0,Intermediário
2.30543,2.31903,2002-05-22 10:30:00.0,Intermediário
2.30251,2.31702,2002-05-22 11:00:00.0,Intermediário
2.30368,2.3182,2002-05-22 11:30:00.0,Intermediário
2.31052,2.32414,2002-05-22 12:00:00.0,Intermediário
2.30824,2.32278,2002-05-22 12:30:00.0,Intermediário
2.31809,2.33268,2002-05-22 13:00:00.0,Intermediário
2.31541,2.32906,2002-05-22 13:30:00.0,Intermediário
2.31591,2.32957,2002-05-22 14:00:00.0,Intermediário
2.31591,2.32957,2002-05-22 14:30:00.0,Intermediário
2.31701,2.3316,2002-05-22 15:00:00.0,Intermediário
2.32356,2.33632,2002-05-22 15:30:00.0,Intermediário
2.33087,2.3446,2002-05-22 16:00:00.0,Intermediário
2.33255,2.34629,2002-05-22 16:30:00.0,Fechamento Interbancário
2.31383,2.31939,2002-05-22 17:45:00.0,Fechamento
2.31326,2.33428,2002-05-23 09:52:00.0,Abertura
2.32007,2.33375,2002-05-23 10:00:00.0,Intermediário
2.32943,2.34408,2002-05-23 10:30:00.0,Intermediário
2.31761,2.3322,2002-05-23 11:00:00.0,Intermediário
2.31669,2.33035,2002-05-23 11:30:00.0,Intermediário
2.32455,2.33917,2002-05-23 12:00:00.0,Intermediário
2.3311,2.34483,2002-05-23 12:30:00.0,Intermediário
2.33655,2.35031,2002-05-23 13:00:00.0,Intermediário
2.33427,2.34895,2002-05-23 13:30:00.0,Intermediário
2.3368,2.35149,2002-05-23 14:00:00.0,Intermediário
2.33554,2.35022,2002-05-23 14:30:00.0,Intermediário
2.34047,2.35424,2002-05-23 15:00:00.0,Intermediário
2.3326,2.34818,2002-05-23 15:30:00.0,Intermediário
2.32347,2.33809,2002-05-23 16:00:00.0,Intermediário
2.32347,2.33716,2002-05-23 16:30:00.0,Fechamento Interbancário
2.32938,2.33498,2002-05-23 18:01:00.0,Fechamento
2.31143,2.33245,2002-05-24 09:40:00.0,Abertura
2.30866,2.32228,2002-05-24 10:00:00.0,Intermediário
2.30967,2.32329,2002-05-24 10:30:00.0,Intermediário
2.31601,2.32967,2002-05-24 11:00:00.0,Intermediário
2.31904,2.33271,2002-05-24 11:30:00.0,Intermediário
2.32859,2.34231,2002-05-24 12:00:00.0,Intermediário
2.33016,2.34666,2002-05-24 12:30:00.0,Intermediário
2.32774,2.34238,2002-05-24 13:00:00.0,Intermediário
2.32984,2.34356,2002-05-24 13:30:00.0,Intermediário
2.32705,2.34077,2002-05-24 14:00:00.0,Intermediário
2.32579,2.3395,2002-05-24 14:30:00.0,Intermediário
2.31952,2.3332,2002-05-24 15:00:00.0,Intermediário
2.31752,2.33119,2002-05-24 15:30:00.0,Intermediário
2.31469,2.32834,2002-05-24 16:00:00.0,Intermediário
2.31469,2.33019,2002-05-24 16:30:00.0,Fechamento Interbancário
2.32397,2.32955,2002-05-24 17:46:00.0,Fechamento
2.29891,2.31985,2002-05-27 09:45:00.0,Abertura
2.30825,2.32278,2002-05-27 10:00:00.0,Intermediário
2.31618,2.32983,2002-05-27 10:30:00.0,Intermediário
2.31242,2.32698,2002-05-27 11:00:00.0,Intermediário
2.31542,2.32907,2002-05-27 11:30:00.0,Intermediário
2.31592,2.3305,2002-05-27 12:00:00.0,Intermediário
2.3131,2.32674,2002-05-27 12:30:00.0,Intermediário
2.31527,2.32892,2002-05-27 13:00:00.0,Intermediário
2.31871,2.33237,2002-05-27 13:30:00.0,Intermediário
2.3177,2.33136,2002-05-27 14:00:00.0,Intermediário
2.31644,2.3301,2002-05-27 14:30:00.0,Intermediário
2.31711,2.33077,2002-05-27 15:00:00.0,Intermediário
2.31861,2.3332,2002-05-27 15:30:00.0,Intermediário
2.31803,2.33262,2002-05-27 16:00:00.0,Intermediário
2.31668,2.33034,2002-05-27 16:30:00.0,Fechamento Interbancário
2.32286,2.32845,2002-05-27 17:40:00.0,Fechamento
2.33549,2.35668,2002-05-28 09:36:00.0,Abertura
2.33062,2.34434,2002-05-28 10:00:00.0,Intermediário
2.32927,2.34299,2002-05-28 10:30:00.0,Intermediário
2.33112,2.34485,2002-05-28 11:00:00.0,Intermediário
2.33556,2.34931,2002-05-28 11:30:00.0,Intermediário
2.33775,2.35151,2002-05-28 12:00:00.0,Intermediário
2.33792,2.35168,2002-05-28 12:30:00.0,Intermediário
2.33767,2.3505,2002-05-28 13:00:00.0,Intermediário
2.33993,2.35371,2002-05-28 13:30:00.0,Intermediário
2.33817,2.35193,2002-05-28 14:00:00.0,Intermediário
2.33918,2.35295,2002-05-28 14:30:00.0,Intermediário
2.34188,2.35566,2002-05-28 15:00:00.0,Intermediário
2.33859,2.35236,2002-05-28 15:30:00.0,Intermediário
2.34221,2.35599,2002-05-28 16:00:00.0,Intermediário
2.34314,2.35693,2002-05-28 16:30:00.0,Fechamento Interbancário
2.34387,2.34949,2002-05-28 17:40:00.0,Fechamento
2.33239,2.35359,2002-05-29 09:41:00.0,Abertura
2.33889,2.35266,2002-05-29 10:00:00.0,Intermediário
2.33964,2.35341,2002-05-29 10:30:00.0,Intermediário
2.33947,2.35323,2002-05-29 11:00:00.0,Intermediário
2.34824,2.36205,2002-05-29 11:30:00.0,Intermediário
2.34724,2.36104,2002-05-29 12:00:00.0,Intermediário
2.34387,2.35766,2002-05-29 12:30:00.0,Intermediário
2.34311,2.35596,2002-05-29 13:00:00.0,Intermediário
2.34445,2.35824,2002-05-29 13:30:00.0,Intermediário
2.34822,2.36203,2002-05-29 14:00:00.0,Intermediário
2.34998,2.3638,2002-05-29 14:30:00.0,Intermediário
2.347,2.35987,2002-05-29 15:00:00.0,Intermediário
2.34811,2.36192,2002-05-29 15:30:00.0,Intermediário
2.34822,2.3639,2002-05-29 16:01:00.0,Intermediário
2.34502,2.35882,2002-05-29 16:30:00.0,Fechamento Interbancário
2.35764,2.36327,2002-05-29 17:40:00.0,Fechamento
2.34636,2.36769,2002-05-31 09:50:00.0,Abertura
2.3466,2.36134,2002-05-31 10:00:00.0,Intermediário
2.35727,2.37113,2002-05-31 10:30:00.0,Intermediário
2.35849,2.37236,2002-05-31 11:00:00.0,Intermediário
2.35479,2.36863,2002-05-31 11:30:00.0,Intermediário
2.35457,2.36841,2002-05-31 12:00:00.0,Intermediário
2.35169,2.36552,2002-05-31 12:30:00.0,Intermediário
2.34865,2.36246,2002-05-31 13:00:00.0,Intermediário
2.34387,2.35766,2002-05-31 13:30:00.0,Intermediário
2.34009,2.35386,2002-05-31 14:00:00.0,Intermediário
2.34059,2.35437,2002-05-31 14:30:00.0,Intermediário
2.34193,2.35571,2002-05-31 15:00:00.0,Intermediário
2.34193,2.35571,2002-05-31 15:30:00.0,Intermediário
2.33937,2.3522,2002-05-31 16:00:00.0,Intermediário
2.33836,2.35212,2002-05-31 16:30:00.0,Fechamento Interbancário
2.35413,2.35975,2002-05-31 17:40:00.0,Fechamento
2.32924,2.35043,2002-06-03 09:59:00.0,Abertura
2.33314,2.34687,2002-06-03 10:00:00.0,Intermediário
2.34419,2.35985,2002-06-03 10:30:00.0,Intermediário
2.35247,2.36724,2002-06-03 11:00:00.0,Intermediário
2.37091,2.38484,2002-06-03 11:30:00.0,Intermediário
2.3815,2.39642,2002-06-03 12:00:00.0,Intermediário
2.38915,2.40317,2002-06-03 12:30:00.0,Intermediário
2.3854,2.40128,2002-06-03 13:00:00.0,Intermediário
2.38464,2.40052,2002-06-03 13:30:00.0,Intermediário
2.38363,2.39949,2002-06-03 14:00:00.0,Intermediário
2.38388,2.39975,2002-06-03 14:30:00.0,Intermediário
2.38329,2.39822,2002-06-03 15:00:00.0,Intermediário
2.38074,2.39471,2002-06-03 15:30:00.0,Intermediário
2.36994,2.3848,2002-06-03 16:00:00.0,Intermediário
2.37257,2.3865,2002-06-03 16:30:00.0,Fechamento Interbancário
2.38891,2.39459,2002-06-03 17:48:00.0,Fechamento
2.39524,2.41684,2002-06-04 09:44:00.0,Abertura
2.41601,2.43205,2002-06-04 10:00:00.0,Intermediário
2.41088,2.425,2002-06-04 10:30:00.0,Intermediário
2.41481,2.42989,2002-06-04 11:00:00.0,Intermediário
2.40943,2.4226,2002-06-04 11:30:00.0,Intermediário
2.40763,2.42362,2002-06-04 12:00:00.0,Intermediário
2.40797,2.42492,2002-06-04 12:30:00.0,Intermediário
2.41712,2.43222,2002-06-04 13:00:00.0,Intermediário
2.41918,2.43428,2002-06-04 13:30:00.0,Intermediário
2.42071,2.43583,2002-06-04 14:00:00.0,Intermediário
2.42071,2.43583,2002-06-04 14:30:00.0,Intermediário
2.422,2.43617,2002-06-04 15:00:00.0,Intermediário
2.42292,2.43711,2002-06-04 15:30:00.0,Intermediário
2.43429,2.45042,2002-06-04 16:00:00.0,Intermediário
2.434,2.44918,2002-06-04 16:30:00.0,Fechamento Interbancário
2.41382,2.41956,2002-06-04 17:39:00.0,Fechamento
2.44224,2.46405,2002-06-05 09:44:00.0,Abertura
2.44894,2.46326,2002-06-05 10:00:00.0,Intermediário
2.43377,2.44707,2002-06-05 10:30:00.0,Intermediário
2.43512,2.44937,2002-06-05 11:00:00.0,Intermediário
2.43538,2.44869,2002-06-05 11:30:00.0,Intermediário
2.43959,2.45386,2002-06-05 12:00:00.0,Intermediário
2.44391,2.4582,2002-06-05 12:30:00.0,Intermediário
2.44136,2.4547,2002-06-05 13:00:00.0,Intermediário
2.44136,2.45564,2002-06-05 13:30:00.0,Intermediário
2.43954,2.45381,2002-06-05 14:00:00.0,Intermediário
2.44084,2.45512,2002-06-05 14:30:00.0,Intermediário
2.44053,2.4548,2002-06-05 15:00:00.0,Intermediário
2.44485,2.45914,2002-06-05 15:30:00.0,Intermediário
2.44053,2.4548,2002-06-05 16:00:00.0,Intermediário
2.44001,2.45522,2002-06-05 16:30:00.0,Fechamento Interbancário
2.44932,2.45514,2002-06-05 17:41:00.0,Fechamento
2.46467,2.48659,2002-06-06 09:41:00.0,Abertura
2.46771,2.48306,2002-06-06 10:00:00.0,Intermediário
2.47405,2.49133,2002-06-06 10:30:00.0,Intermediário
2.48262,2.49805,2002-06-06 11:00:00.0,Intermediário
2.4852,2.4997,2002-06-06 11:30:00.0,Intermediário
2.48389,2.49838,2002-06-06 12:00:00.0,Intermediário
2.49512,2.51062,2002-06-06 12:30:00.0,Intermediário
2.49762,2.51407,2002-06-06 13:00:00.0,Intermediário
2.50041,2.51594,2002-06-06 13:30:00.0,Intermediário
2.49751,2.51301,2002-06-06 14:00:00.0,Intermediário
2.49592,2.51142,2002-06-06 14:30:00.0,Intermediário
2.51071,2.52628,2002-06-06 15:00:00.0,Intermediário
2.50938,2.52494,2002-06-06 15:30:00.0,Intermediário
2.50528,2.52273,2002-06-06 16:00:00.0,Intermediário
2.50664,2.52219,2002-06-06 16:30:00.0,Fechamento Interbancário
2.50162,2.50753,2002-06-06 17:37:00.0,Fechamento
2.54558,2.56798,2002-06-07 09:36:00.0,Abertura
2.54179,2.55752,2002-06-07 10:00:00.0,Intermediário
2.5227,2.54499,2002-06-07 10:30:00.0,Intermediário
2.52697,2.54357,2002-06-07 11:00:00.0,Intermediário
2.51787,2.53348,2002-06-07 11:30:00.0,Intermediário
2.52659,2.5413,2002-06-07 12:00:00.0,Intermediário
2.49242,2.50789,2002-06-07 12:30:00.0,Intermediário
2.49253,2.50706,2002-06-07 13:00:00.0,Intermediário
2.49042,2.50684,2002-06-07 13:30:00.0,Intermediário
2.49015,2.50657,2002-06-07 14:00:00.0,Intermediário
2.49147,2.50789,2002-06-07 14:30:00.0,Intermediário
2.48676,2.50221,2002-06-07 15:00:00.0,Intermediário
2.47644,2.49279,2002-06-07 15:30:00.0,Intermediário
2.48152,2.4979,2002-06-07 16:00:00.0,Intermediário
2.48005,2.49547,2002-06-07 16:30:00.0,Fechamento Interbancário
2.52055,2.5265,2002-06-07 17:40:00.0,Fechamento
2.49246,2.5146,2002-06-10 09:57:00.0,Abertura
2.49424,2.50878,2002-06-10 10:00:00.0,Intermediário
2.48563,2.50013,2002-06-10 10:30:00.0,Intermediário
2.48998,2.5045,2002-06-10 11:00:00.0,Intermediário
2.48772,2.50318,2002-06-10 11:30:00.0,Intermediário
2.48273,2.49721,2002-06-10 12:00:00.0,Intermediário
2.48262,2.4971,2002-06-10 12:30:00.0,Intermediário
2.48488,2.49937,2002-06-10 13:00:00.0,Intermediário
2.48145,2.49593,2002-06-10 13:30:00.0,Intermediário
2.47935,2.49382,2002-06-10 14:00:00.0,Intermediário
2.47751,2.49197,2002-06-10 14:30:00.0,Intermediário
2.48029,2.49476,2002-06-10 15:00:00.0,Intermediário
2.48097,2.4945,2002-06-10 15:30:00.0,Intermediário
2.47968,2.49415,2002-06-10 16:00:00.0,Intermediário
2.47968,2.49415,2002-06-10 16:30:00.0,Fechamento Interbancário
2.48915,2.49504,2002-06-10 17:49:00.0,Fechamento
2.47084,2.49283,2002-06-11 09:39:00.0,Abertura
2.47683,2.49129,2002-06-11 10:00:00.0,Intermediário
2.4786,2.49212,2002-06-11 10:30:00.0,Intermediário
2.48484,2.49934,2002-06-11 11:00:00.0,Intermediário
2.48578,2.50028,2002-06-11 11:30:00.0,Intermediário
2.49236,2.5069,2002-06-11 12:00:00.0,Intermediário
2.50764,2.52225,2002-06-11 12:30:00.0,Intermediário
2.5145,2.5282,2002-06-11 13:00:00.0,Intermediário
2.51956,2.53328,2002-06-11 13:30:00.0,Intermediário
2.51956,2.53328,2002-06-11 14:00:00.0,Intermediário
2.52009,2.53381,2002-06-11 14:30:00.0,Intermediário
2.54383,2.56053,2002-06-11 15:00:00.0,Intermediário
2.54288,2.56052,2002-06-11 15:30:00.0,Intermediário
2.55908,2.57395,2002-06-11 16:00:00.0,Intermediário
2.56124,2.57612,2002-06-11 16:30:00.0,Fechamento Interbancário
2.52786,2.53381,2002-06-11 17:52:00.0,Fechamento
2.57135,2.59387,2002-06-12 09:43:00.0,Abertura
2.5766,2.5944,2002-06-12 10:00:00.0,Intermediário
2.58703,2.60204,2002-06-12 10:30:00.0,Intermediário
2.57581,2.59267,2002-06-12 11:00:00.0,Intermediário
2.57333,2.58827,2002-06-12 11:30:00.0,Intermediário
2.58335,2.60024,2002-06-12 12:00:00.0,Intermediário
2.59033,2.60725,2002-06-12 12:30:00.0,Intermediário
2.59959,2.61466,2002-06-12 13:00:00.0,Intermediário
2.59712,2.61218,2002-06-12 13:30:00.0,Intermediário
2.5941,2.60915,2002-06-12 14:00:00.0,Intermediário
2.59136,2.60639,2002-06-12 14:30:00.0,Intermediário
2.60211,2.6172,2002-06-12 15:00:00.0,Intermediário
2.61741,2.63542,2002-06-12 15:30:00.0,Intermediário
2.62573,2.64473,2002-06-12 16:00:00.0,Intermediário
2.6317,2.64695,2002-06-12 16:30:00.0,Fechamento Interbancário
2.59263,2.59873,2002-06-12 17:40:00.0,Fechamento
2.57102,2.59353,2002-06-13 09:46:00.0,Abertura
2.56217,2.5799,2002-06-13 10:00:00.0,Intermediário
2.53562,2.55322,2002-06-13 10:30:00.0,Intermediário
2.56027,2.57799,2002-06-13 11:00:00.0,Intermediário
2.56313,2.57897,2002-06-13 11:30:00.0,Intermediário
2.54303,2.55876,2002-06-13 12:00:00.0,Intermediário
2.50976,2.52438,2002-06-13 12:30:00.0,Intermediário
2.48168,2.499,2002-06-13 13:00:00.0,Intermediário
2.47721,2.4945,2002-06-13 13:30:00.0,Intermediário
2.47852,2.49582,2002-06-13 14:00:00.0,Intermediário
2.54301,2.56064,2002-06-13 14:30:00.0,Intermediário
2.52676,2.54809,2002-06-13 15:00:00.0,Intermediário
2.54342,2.562,2002-06-13 15:30:00.0,Intermediário
2.53885,2.55362,2002-06-13 16:00:00.0,Intermediário
2.54355,2.55929,2002-06-13 16:30:00.0,Fechamento Interbancário
2.53833,2.54432,2002-06-13 17:45:00.0,Fechamento
2.56164,2.58413,2002-06-14 09:37:00.0,Abertura
2.56583,2.58644,2002-06-14 10:00:00.0,Intermediário
2.56786,2.58659,2002-06-14 10:30:00.0,Intermediário
2.57856,2.59544,2002-06-14 11:00:00.0,Intermediário
2.56922,2.58604,2002-06-14 11:30:00.0,Intermediário
2.57286,2.5878,2002-06-14 12:00:00.0,Intermediário
2.56499,2.58273,2002-06-14 12:30:00.0,Intermediário
2.55502,2.57081,2002-06-14 13:00:00.0,Intermediário
2.56244,2.58017,2002-06-14 13:30:00.0,Intermediário
2.56217,2.5799,2002-06-14 14:00:00.0,Intermediário
2.56434,2.58208,2002-06-14 14:30:00.0,Intermediário
2.55637,2.57407,2002-06-14 15:00:00.0,Intermediário
2.55703,2.5719,2002-06-14 15:30:00.0,Intermediário
2.56054,2.57637,2002-06-14 16:00:00.0,Intermediário
2.56,2.57488,2002-06-14 16:30:00.0,Fechamento Interbancário
2.56901,2.57505,2002-06-14 17:43:00.0,Fechamento
2.5469,2.56927,2002-06-17 09:57:00.0,Abertura
2.54663,2.569,2002-06-17 10:07:00.0,Intermediário
2.5488,2.57118,2002-06-17 10:36:00.0,Intermediário
2.5316,2.54917,2002-06-17 11:11:00.0,Intermediário
2.52272,2.53835,2002-06-17 11:30:00.0,Intermediário
2.51828,2.53389,2002-06-17 12:00:00.0,Intermediário
2.52285,2.53848,2002-06-17 12:30:00.0,Intermediário
2.52136,2.53699,2002-06-17 13:00:00.0,Intermediário
2.52351,2.5382,2002-06-17 13:30:00.0,Intermediário
2.52324,2.53793,2002-06-17 14:00:00.0,Intermediário
2.52324,2.53793,2002-06-17 14:30:00.0,Intermediário
2.52486,2.53956,2002-06-17 15:00:00.0,Intermediário
2.52553,2.54024,2002-06-17 15:30:00.0,Intermediário
2.50401,2.5205,2002-06-17 16:00:00.0,Intermediário
2.50522,2.52266,2002-06-17 16:30:00.0,Fechamento Interbancário
2.53061,2.53658,2002-06-17 18:52:00.0,Fechamento
2.50771,2.52992,2002-06-18 09:47:00.0,Abertura
2.50827,2.52288,2002-06-18 10:00:00.0,Intermediário
2.51338,2.52802,2002-06-18 10:30:00.0,Intermediário
2.50729,2.52284,2002-06-18 11:00:00.0,Intermediário
2.51217,2.5268,2002-06-18 11:30:00.0,Intermediário
2.52001,2.53563,2002-06-18 12:00:00.0,Intermediário
2.54838,2.5632,2002-06-18 12:30:00.0,Intermediário
2.55083,2.56756,2002-06-18 13:00:00.0,Intermediário
2.55271,2.56945,2002-06-18 13:30:00.0,Intermediário
2.55513,2.57188,2002-06-18 14:00:00.0,Intermediário
2.55513,2.57188,2002-06-18 14:30:00.0,Intermediário
2.54697,2.56272,2002-06-18 15:00:00.0,Intermediário
2.5493,2.56602,2002-06-18 15:30:00.0,Intermediário
2.57206,2.58794,2002-06-18 16:00:00.0,Intermediário
2.57328,2.58917,2002-06-18 16:30:00.0,Fechamento Interbancário
2.54034,2.54632,2002-06-18 18:20:00.0,Fechamento
2.60275,2.62551,2002-06-19 09:34:00.0,Abertura
2.59498,2.61002,2002-06-19 10:00:00.0,Intermediário
2.58477,2.60263,2002-06-19 10:30:00.0,Intermediário
2.58571,2.60166,2002-06-19 11:00:00.0,Intermediário
2.57085,2.58673,2002-06-19 11:30:00.0,Intermediário
2.57361,2.58855,2002-06-19 12:00:00.0,Intermediário
2.56274,2.57858,2002-06-19 12:30:00.0,Intermediário
2.56235,2.57818,2002-06-19 13:00:00.0,Intermediário
2.56665,2.5825,2002-06-19 13:30:00.0,Intermediário
2.56342,2.57927,2002-06-19 14:00:00.0,Intermediário
2.56396,2.5798,2002-06-19 14:30:00.0,Intermediário
2.57958,2.59359,2002-06-19 15:00:00.0,Intermediário
2.57768,2.59839,2002-06-19 15:30:00.0,Intermediário
2.58066,2.59564,2002-06-19 16:00:00.0,Intermediário
2.58405,2.59903,2002-06-19 16:30:00.0,Fechamento Interbancário
2.58552,2.59158,2002-06-19 17:52:00.0,Fechamento
2.61403,2.63688,2002-06-20 09:32:00.0,Abertura
2.61253,2.62766,2002-06-20 10:00:00.0,Intermediário
2.61293,2.62902,2002-06-20 10:30:00.0,Intermediário
2.62171,2.63688,2002-06-20 11:00:00.0,Intermediário
2.6269,2.645,2002-06-20 11:30:00.0,Intermediário
2.6424,2.65864,2002-06-20 12:00:00.0,Intermediário
2.63362,2.64885,2002-06-20 12:30:00.0,Intermediário
2.65188,2.67011,2002-06-20 13:00:00.0,Intermediário
2.64954,2.66583,2002-06-20 13:30:00.0,Intermediário
2.65037,2.66665,2002-06-20 14:00:00.0,Intermediário
2.64954,2.66583,2002-06-20 14:30:00.0,Intermediário
2.66423,2.68155,2002-06-20 15:00:00.0,Intermediário
2.65929,2.67659,2002-06-20 15:30:00.0,Intermediário
2.66383,2.67922,2002-06-20 16:00:00.0,Intermediário
2.66372,2.68201,2002-06-20 16:30:00.0,Fechamento Interbancário
2.65378,2.65996,2002-06-20 18:04:00.0,Fechamento
2.69573,2.71901,2002-06-21 09:31:00.0,Abertura
2.67112,2.69234,2002-06-21 10:00:00.0,Intermediário
2.66688,2.68324,2002-06-21 10:30:00.0,Intermediário
2.68204,2.69945,2002-06-21 11:00:00.0,Intermediário
2.69479,2.71519,2002-06-21 11:30:00.0,Intermediário
2.70721,2.72573,2002-06-21 12:00:00.0,Intermediário
2.72015,2.73678,2002-06-21 12:30:00.0,Intermediário
2.7175,2.73412,2002-06-21 13:00:00.0,Intermediário
2.71974,2.7354,2002-06-21 13:30:00.0,Intermediário
2.71946,2.73512,2002-06-21 14:00:00.0,Intermediário
2.71974,2.7354,2002-06-21 14:30:00.0,Intermediário
2.73787,2.75654,2002-06-21 15:00:00.0,Intermediário
2.71113,2.72966,2002-06-21 15:30:00.0,Intermediário
2.73961,2.76316,2002-06-21 16:00:00.0,Intermediário
2.74046,2.76401,2002-06-21 16:30:00.0,Fechamento Interbancário
2.7096,2.71588,2002-06-21 17:45:00.0,Fechamento
2.75591,2.7796,2002-06-24 09:52:00.0,Abertura
2.74685,2.76461,2002-06-24 10:00:00.0,Intermediário
2.76588,2.78176,2002-06-24 10:30:00.0,Intermediário
2.78746,2.80542,2002-06-24 11:00:00.0,Intermediário
2.78563,2.8026,2002-06-24 11:30:00.0,Intermediário
2.76624,2.78507,2002-06-24 12:00:00.0,Intermediário
2.75335,2.77016,2002-06-24 12:30:00.0,Intermediário
2.76279,2.77866,2002-06-24 13:01:00.0,Intermediário
2.75856,2.77441,2002-06-24 13:30:00.0,Intermediário
2.75461,2.77044,2002-06-24 14:00:00.0,Intermediário
2.75207,2.76789,2002-06-24 14:30:00.0,Intermediário
2.72229,2.73992,2002-06-24 15:00:00.0,Intermediário
2.69977,2.71533,2002-06-24 15:36:00.0,Intermediário
2.68955,2.707,2002-06-24 16:00:00.0,Intermediário
2.68927,2.70575,2002-06-24 16:30:00.0,Fechamento Interbancário
2.74305,2.7494,2002-06-24 17:44:00.0,Fechamento
2.69176,2.71509,2002-06-25 09:58:00.0,Abertura
2.69551,2.71105,2002-06-25 10:00:00.0,Intermediário
2.70105,2.71954,2002-06-25 10:30:00.0,Intermediário
2.7073,2.72485,2002-06-25 11:00:00.0,Intermediário
2.71948,2.73709,2002-06-25 11:30:00.0,Intermediário
2.7067,2.72229,2002-06-25 12:00:00.0,Intermediário
2.71334,2.72897,2002-06-25 12:30:00.0,Intermediário
2.71744,2.7331,2002-06-25 13:00:00.0,Intermediário
2.72025,2.73689,2002-06-25 13:30:00.0,Intermediário
2.7267,2.74337,2002-06-25 14:00:00.0,Intermediário
2.7253,2.74196,2002-06-25 14:30:00.0,Intermediário
2.76036,2.77818,2002-06-25 15:07:00.0,Intermediário
2.76187,2.77969,2002-06-25 15:30:00.0,Intermediário
2.75104,2.76881,2002-06-25 16:00:00.0,Intermediário
2.75244,2.76924,2002-06-25 16:30:00.0,Fechamento Interbancário
2.74163,2.74796,2002-06-25 18:12:00.0,Fechamento
2.7893,2.81325,2002-06-26 09:36:00.0,Abertura
2.78621,2.81014,2002-06-26 10:03:00.0,Intermediário
2.78987,2.81382,2002-06-26 10:35:00.0,Intermediário
2.78256,2.79951,2002-06-26 11:00:00.0,Intermediário
2.8016,2.82064,2002-06-26 11:30:00.0,Intermediário
2.81261,2.82872,2002-06-26 12:00:00.0,Intermediário
2.8179,2.83503,2002-06-26 12:30:00.0,Intermediário
2.79971,2.81576,2002-06-26 13:03:00.0,Intermediário
2.80655,2.82264,2002-06-26 13:30:00.0,Intermediário
2.80513,2.8212,2002-06-26 14:00:00.0,Intermediário
2.80883,2.82493,2002-06-26 14:30:00.0,Intermediário
2.82337,2.83954,2002-06-26 15:00:00.0,Intermediário
2.84201,2.85926,2002-06-26 15:30:00.0,Intermediário
2.83261,2.84981,2002-06-26 16:00:00.0,Intermediário
2.82313,2.84029,2002-06-26 16:30:00.0,Fechamento Interbancário
2.8059,2.81236,2002-06-26 17:38:00.0,Fechamento
2.77,2.79378,2002-06-27 09:45:00.0,Abertura
2.77784,2.79674,2002-06-27 10:00:00.0,Intermediário
2.80633,2.82241,2002-06-27 10:30:00.0,Intermediário
2.81397,2.83108,2002-06-27 11:00:00.0,Intermediário
2.80738,2.82445,2002-06-27 11:30:00.0,Intermediário
2.7999,2.81793,2002-06-27 12:00:00.0,Intermediário
2.8208,2.83794,2002-06-27 12:30:00.0,Intermediário
2.82906,2.84526,2002-06-27 13:00:00.0,Intermediário
2.82505,2.84123,2002-06-27 13:30:00.0,Intermediário
2.82448,2.84066,2002-06-27 14:00:00.0,Intermediário
2.82477,2.84094,2002-06-27 14:30:00.0,Intermediário
2.82924,2.84544,2002-06-27 15:00:00.0,Intermediário
2.81863,2.83478,2002-06-27 15:30:00.0,Intermediário
2.80932,2.8264,2002-06-27 16:00:00.0,Intermediário
2.81696,2.83309,2002-06-27 16:30:00.0,Fechamento Interbancário
2.82507,2.83155,2002-06-27 17:58:00.0,Fechamento
2.78679,2.81076,2002-06-28 09:37:00.0,Abertura
2.83008,2.84927,2002-06-28 10:00:00.0,Intermediário
2.81744,2.83457,2002-06-28 10:30:00.0,Intermediário
2.82382,2.84098,2002-06-28 11:00:00.0,Intermediário
2.81318,2.83028,2002-06-28 11:32:00.0,Intermediário
2.80675,2.82383,2002-06-28 12:07:00.0,Intermediário
2.78479,2.80274,2002-06-28 12:30:00.0,Intermediário
2.78367,2.8026,2002-06-28 13:00:00.0,Intermediário
2.78045,2.7964,2002-06-28 13:30:00.0,Intermediário
2.78805,2.80404,2002-06-28 14:00:00.0,Intermediário
2.78975,2.80574,2002-06-28 14:30:00.0,Intermediário
2.78537,2.80432,2002-06-28 15:00:00.0,Intermediário
2.78791,2.80488,2002-06-28 15:30:00.0,Intermediário
2.78195,2.80586,2002-06-28 16:00:00.0,Intermediário
2.78676,2.80473,2002-06-28 16:30:00.0,Fechamento Interbancário
2.81802,2.82448,2002-06-28 17:40:00.0,Fechamento
2.76403,2.78784,2002-07-01 09:53:00.0,Abertura
2.76235,2.78616,2002-07-01 10:00:00.0,Intermediário
2.79708,2.81608,2002-07-01 10:30:00.0,Intermediário
2.80031,2.82131,2002-07-01 11:00:00.0,Intermediário
2.80256,2.81962,2002-07-01 11:30:00.0,Intermediário
2.80226,2.82229,2002-07-01 12:00:00.0,Intermediário
2.80678,2.82286,2002-07-01 12:30:00.0,Intermediário
2.81567,2.8318,2002-07-01 13:00:00.0,Intermediário
2.81722,2.83435,2002-07-01 13:30:00.0,Intermediário
2.8158,2.83292,2002-07-01 14:00:00.0,Intermediário
2.81495,2.83206,2002-07-01 14:30:00.0,Intermediário
2.82324,2.84238,2002-07-01 15:00:00.0,Intermediário
2.83925,2.85649,2002-07-01 15:30:00.0,Intermediário
2.85223,2.86755,2002-07-01 16:00:00.0,Intermediário
2.85454,2.87384,2002-07-01 16:30:00.0,Fechamento Interbancário
2.8347,2.84119,2002-07-01 18:16:00.0,Fechamento
2.85425,2.87848,2002-07-02 09:50:00.0,Abertura
2.86026,2.88254,2002-07-02 10:00:00.0,Intermediário
2.87879,2.89623,2002-07-02 10:30:00.0,Intermediário
2.87536,2.89476,2002-07-02 11:00:00.0,Intermediário
2.8612,2.88052,2002-07-02 11:30:00.0,Intermediário
2.86473,2.88111,2002-07-02 12:00:00.0,Intermediário
2.83069,2.8469,2002-07-02 12:30:00.0,Intermediário
2.85193,2.87121,2002-07-02 13:00:00.0,Intermediário
2.85124,2.86755,2002-07-02 13:30:00.0,Intermediário
2.85124,2.86755,2002-07-02 14:00:00.0,Intermediário
2.84371,2.85998,2002-07-02 14:30:00.0,Intermediário
2.83,2.84915,2002-07-02 15:00:00.0,Intermediário
2.82274,2.84186,2002-07-02 15:30:00.0,Intermediário
2.82653,2.84567,2002-07-02 16:00:00.0,Intermediário
2.84014,2.85837,2002-07-02 16:30:00.0,Fechamento Interbancário
2.87137,2.87795,2002-07-02 17:42:00.0,Fechamento
2.86195,2.88618,2002-07-03 10:09:00.0,Abertura
2.83889,2.85809,2002-07-03 10:11:00.0,Intermediário
2.83812,2.85536,2002-07-03 10:30:00.0,Intermediário
2.78774,2.80669,2002-07-03 11:00:00.0,Intermediário
2.78533,2.80722,2002-07-03 11:30:00.0,Intermediário
2.81359,2.83266,2002-07-03 12:00:00.0,Intermediário
2.81185,2.83091,2002-07-03 12:30:00.0,Intermediário
2.80148,2.82049,2002-07-03 13:00:00.0,Intermediário
2.80417,2.82123,2002-07-03 13:30:00.0,Intermediário
2.80188,2.81894,2002-07-03 14:00:00.0,Intermediário
2.80274,2.81979,2002-07-03 14:30:00.0,Intermediário
2.78634,2.80922,2002-07-03 15:00:00.0,Intermediário
2.79108,2.81299,2002-07-03 15:35:00.0,Intermediário
2.79719,2.81422,2002-07-03 16:00:00.0,Intermediário
2.79259,2.81254,2002-07-03 16:30:00.0,Fechamento Interbancário
2.80486,2.81131,2002-07-03 17:45:00.0,Fechamento
2.77158,2.79536,2002-07-04 09:49:00.0,Abertura
2.77158,2.79536,2002-07-04 10:16:00.0,Intermediário
2.77912,2.79802,2002-07-04 10:18:00.0,Intermediário
2.78705,2.80501,2002-07-04 10:30:00.0,Intermediário
2.78539,2.80235,2002-07-04 11:00:00.0,Intermediário
2.78022,2.79716,2002-07-04 11:30:00.0,Intermediário
2.77508,2.79396,2002-07-04 12:00:00.0,Intermediário
2.76865,2.78848,2002-07-04 12:30:00.0,Intermediário
2.78079,2.80067,2002-07-04 13:00:00.0,Intermediário
2.78079,2.80067,2002-07-04 13:30:00.0,Intermediário
2.77993,2.79982,2002-07-04 14:00:00.0,Intermediário
2.77993,2.79982,2002-07-04 14:30:00.0,Intermediário
2.77225,2.79209,2002-07-04 15:00:00.0,Intermediário
2.77851,2.79446,2002-07-04 15:30:00.0,Intermediário
2.7814,2.79737,2002-07-04 16:00:00.0,Intermediário
2.78677,2.80276,2002-07-04 16:30:00.0,Fechamento Interbancário
2.78867,2.7951,2002-07-04 17:38:00.0,Fechamento
2.79008,2.8139,2002-07-05 09:53:00.0,Abertura
2.79282,2.80982,2002-07-05 10:00:00.0,Intermediário
2.79551,2.81155,2002-07-05 10:30:00.0,Intermediário
2.79597,2.81299,2002-07-05 11:00:00.0,Intermediário
2.78613,2.80407,2002-07-05 11:30:00.0,Intermediário
2.78459,2.80057,2002-07-05 12:00:00.0,Intermediário
2.79116,2.80718,2002-07-05 12:30:00.0,Intermediário
2.79218,2.8082,2002-07-05 13:00:00.0,Intermediário
2.79275,2.80878,2002-07-05 13:30:00.0,Intermediário
2.79218,2.8082,2002-07-05 14:00:00.0,Intermediário
2.7939,2.80993,2002-07-05 14:30:00.0,Intermediário
2.79904,2.8151,2002-07-05 15:00:00.0,Intermediário
2.79196,2.80993,2002-07-05 15:30:00.0,Intermediário
2.79595,2.81297,2002-07-05 16:00:00.0,Intermediário
2.79721,2.81326,2002-07-05 16:30:00.0,Fechamento Interbancário
2.79624,2.8027,2002-07-05 17:41:00.0,Fechamento
2.82076,2.84481,2002-07-08 10:03:00.0,Abertura
2.81332,2.83141,2002-07-08 10:05:00.0,Intermediário
2.82884,2.84504,2002-07-08 10:30:00.0,Intermediário
2.8346,2.85182,2002-07-08 11:00:00.0,Intermediário
2.83055,2.84775,2002-07-08 11:30:00.0,Intermediário
2.81632,2.84037,2002-07-08 12:00:00.0,Intermediário
2.80911,2.82521,2002-07-08 12:30:00.0,Intermediário
2.81152,2.82961,2002-07-08 13:00:00.0,Intermediário
2.81152,2.82961,2002-07-08 13:30:00.0,Intermediário
2.81096,2.82904,2002-07-08 14:00:00.0,Intermediário
2.81266,2.83076,2002-07-08 14:30:00.0,Intermediário
2.80308,2.82112,2002-07-08 15:00:00.0,Intermediário
2.81308,2.83117,2002-07-08 15:30:00.0,Intermediário
2.8172,2.83532,2002-07-08 16:00:00.0,Intermediário
2.81889,2.83503,2002-07-08 16:30:00.0,Fechamento Interbancário
2.84305,2.84956,2002-07-08 18:07:00.0,Fechamento
2.83277,2.85695,2002-07-09 09:56:00.0,Abertura
2.8363,2.85252,2002-07-09 10:00:00.0,Intermediário
2.8302,2.85437,2002-07-09 10:30:00.0,Intermediário
2.82992,2.8491,2002-07-09 11:00:00.0,Intermediário
2.83544,2.85465,2002-07-09 11:30:00.0,Intermediário
2.82637,2.84554,2002-07-09 12:00:00.0,Intermediário
2.81363,2.83572,2002-07-09 12:30:00.0,Intermediário
2.82497,2.84213,2002-07-09 13:00:00.0,Intermediário
2.8207,2.83785,2002-07-09 13:30:00.0,Intermediário
2.82042,2.83756,2002-07-09 14:00:00.0,Intermediário
2.82042,2.83756,2002-07-09 14:30:00.0,Intermediário
2.82029,2.84441,2002-07-09 15:00:00.0,Intermediário
2.82354,2.8427,2002-07-09 15:30:00.0,Intermediário
2.82582,2.84498,2002-07-09 16:00:00.0,Intermediário
2.82553,2.84369,2002-07-09 16:30:00.0,Fechamento Interbancário
2.83461,2.8411,2002-07-09 17:44:00.0,Fechamento
2.79821,2.82218,2002-07-10 09:40:00.0,Abertura
2.80327,2.81933,2002-07-10 10:00:00.0,Intermediário
2.81413,2.83323,2002-07-10 10:30:00.0,Intermediário
2.81756,2.83569,2002-07-10 11:00:00.0,Intermediário
2.8137,2.8308,2002-07-10 11:30:00.0,Intermediário
2.81323,2.82935,2002-07-10 12:00:00.0,Intermediário
2.81722,2.83336,2002-07-10 12:30:00.0,Intermediário
2.81385,2.82997,2002-07-10 13:00:00.0,Intermediário
2.81499,2.83111,2002-07-10 13:30:00.0,Intermediário
2.811,2.82711,2002-07-10 14:00:00.0,Intermediário
2.81072,2.82682,2002-07-10 14:30:00.0,Intermediário
2.81893,2.83607,2002-07-10 15:00:00.0,Intermediário
2.82422,2.84138,2002-07-10 15:30:00.0,Intermediário
2.80637,2.82345,2002-07-10 16:00:00.0,Intermediário
2.81117,2.82728,2002-07-10 16:30:00.0,Fechamento Interbancário
2.81993,2.8264,2002-07-10 17:38:00.0,Fechamento
2.8035,2.82748,2002-07-11 09:53:00.0,Abertura
2.80984,2.82792,2002-07-11 10:00:00.0,Intermediário
2.79871,2.81574,2002-07-11 10:30:00.0,Intermediário
2.78674,2.8047,2002-07-11 11:00:00.0,Intermediário
2.76652,2.78537,2002-07-11 11:30:00.0,Intermediário
2.78819,2.80518,2002-07-11 12:00:00.0,Intermediário
2.79553,2.81155,2002-07-11 12:30:00.0,Intermediário
2.80217,2.81922,2002-07-11 13:00:00.0,Intermediário
2.80301,2.82007,2002-07-11 13:30:00.0,Intermediário
2.79765,2.81468,2002-07-11 14:00:00.0,Intermediário
2.7968,2.81383,2002-07-11 14:30:00.0,Intermediário
2.79214,2.80815,2002-07-11 15:00:00.0,Intermediário
2.76845,2.78533,2002-07-11 15:30:00.0,Intermediário
2.75797,2.77679,2002-07-11 16:00:00.0,Intermediário
2.76121,2.77706,2002-07-11 16:30:00.0,Fechamento Interbancário
2.79165,2.79806,2002-07-11 17:42:00.0,Fechamento
2.75225,2.77599,2002-07-12 09:46:00.0,Abertura
2.76254,2.78138,2002-07-12 10:00:00.0,Intermediário
2.77523,2.79215,2002-07-12 10:30:00.0,Intermediário
2.79497,2.81099,2002-07-12 11:00:00.0,Intermediário
2.77465,2.79157,2002-07-12 11:30:00.0,Intermediário
2.76718,2.78406,2002-07-12 12:00:00.0,Intermediário
2.78,2.79694,2002-07-12 12:30:00.0,Intermediário
2.78508,2.80106,2002-07-12 13:00:00.0,Intermediário
2.78199,2.79795,2002-07-12 13:30:00.0,Intermediário
2.78143,2.79738,2002-07-12 14:00:00.0,Intermediário
2.78283,2.7988,2002-07-12 14:30:00.0,Intermediário
2.77945,2.79539,2002-07-12 15:01:00.0,Intermediário
2.78635,2.80233,2002-07-12 15:30:00.0,Intermediário
2.77731,2.79424,2002-07-12 16:00:00.0,Intermediário
2.77731,2.79324,2002-07-12 16:30:00.0,Fechamento Interbancário
2.78943,2.79583,2002-07-12 18:00:00.0,Fechamento
2.82949,2.85374,2002-07-15 09:54:00.0,Abertura
2.83633,2.85355,2002-07-15 10:00:00.0,Intermediário
2.84779,2.86507,2002-07-15 10:30:00.0,Intermediário
2.85135,2.86864,2002-07-15 11:00:00.0,Intermediário
2.85593,2.87325,2002-07-15 11:30:00.0,Intermediário
2.85563,2.87193,2002-07-15 12:00:00.0,Intermediário
2.87395,2.89037,2002-07-15 12:30:00.0,Intermediário
2.87255,2.88894,2002-07-15 13:00:00.0,Intermediário
2.87709,2.89352,2002-07-15 13:30:00.0,Intermediário
2.87255,2.88894,2002-07-15 14:00:00.0,Intermediário
2.87226,2.88866,2002-07-15 14:30:00.0,Intermediário
2.88432,2.90078,2002-07-15 15:00:00.0,Intermediário
2.87725,2.89369,2002-07-15 15:30:00.0,Intermediário
2.86998,2.88736,2002-07-15 16:00:00.0,Intermediário
2.86226,2.87862,2002-07-15 16:30:00.0,Fechamento Interbancário
2.8538,2.8603,2002-07-15 17:39:00.0,Fechamento
2.88987,2.91445,2002-07-16 09:49:00.0,Abertura
2.89577,2.91328,2002-07-16 10:00:00.0,Intermediário
2.88109,2.89752,2002-07-16 10:30:00.0,Intermediário
2.89088,2.90735,2002-07-16 11:00:00.0,Intermediário
2.90596,2.92254,2002-07-16 11:30:00.0,Intermediário
2.88786,2.90737,2002-07-16 12:00:00.0,Intermediário
2.89275,2.91125,2002-07-16 12:30:00.0,Intermediário
2.88989,2.9074,2002-07-16 13:00:00.0,Intermediário
2.88932,2.90682,2002-07-16 13:30:00.0,Intermediário
2.88332,2.90076,2002-07-16 14:00:00.0,Intermediário
2.88676,2.90423,2002-07-16 14:30:00.0,Intermediário
2.88619,2.90265,2002-07-16 15:00:00.0,Intermediário
2.87771,2.89413,2002-07-16 15:30:00.0,Intermediário
2.88759,2.90308,2002-07-16 16:00:00.0,Intermediário
2.89621,2.91169,2002-07-16 16:30:00.0,Fechamento Interbancário
2.90095,2.90755,2002-07-16 17:41:00.0,Fechamento
2.88044,2.90496,2002-07-17 09:42:00.0,Abertura
2.87042,2.88781,2002-07-17 10:00:00.0,Intermediário
2.88503,2.90249,2002-07-17 10:30:00.0,Intermediário
2.88274,2.89918,2002-07-17 11:00:00.0,Intermediário
2.88274,2.90019,2002-07-17 11:30:00.0,Intermediário
2.89581,2.91232,2002-07-17 12:00:00.0,Intermediário
2.91261,2.93124,2002-07-17 12:30:00.0,Intermediário
2.91233,2.92994,2002-07-17 13:00:00.0,Intermediário
2.91956,2.93617,2002-07-17 13:30:00.0,Intermediário
2.91724,2.93385,2002-07-17 14:00:00.0,Intermediário
2.91204,2.92864,2002-07-17 14:30:00.0,Intermediário
2.92022,2.93788,2002-07-17 15:00:00.0,Intermediário
2.92268,2.94237,2002-07-17 15:30:00.0,Intermediário
2.91722,2.93385,2002-07-17 16:00:00.0,Intermediário
2.9106,2.9282,2002-07-17 16:30:00.0,Fechamento Interbancário
2.89563,2.90219,2002-07-17 17:40:00.0,Fechamento
2.90626,2.93088,2002-07-18 09:42:00.0,Abertura
2.90699,2.92458,2002-07-18 10:00:00.0,Intermediário
2.90328,2.91982,2002-07-18 10:30:00.0,Intermediário
2.90154,2.91809,2002-07-18 11:00:00.0,Intermediário
2.90327,2.92184,2002-07-18 11:30:00.0,Intermediário
2.89492,2.91145,2002-07-18 12:00:00.0,Intermediário
2.8793,2.89674,2002-07-18 12:30:00.0,Intermediário
2.87198,2.89039,2002-07-18 13:00:00.0,Intermediário
2.87155,2.88792,2002-07-18 13:30:00.0,Intermediário
2.87298,2.88938,2002-07-18 14:00:00.0,Intermediário
2.87269,2.8891,2002-07-18 14:30:00.0,Intermediário
2.86725,2.8836,2002-07-18 15:00:00.0,Intermediário
2.87035,2.88978,2002-07-18 15:30:00.0,Intermediário
2.8598,2.87714,2002-07-18 16:00:00.0,Intermediário
2.86959,2.88597,2002-07-18 16:30:00.0,Fechamento Interbancário
2.90715,2.91377,2002-07-18 17:40:00.0,Fechamento
2.87582,2.90037,2002-07-19 09:54:00.0,Abertura
2.89016,2.90664,2002-07-19 10:00:00.0,Intermediário
2.90579,2.92235,2002-07-19 10:30:00.0,Intermediário
2.91419,2.93283,2002-07-19 11:00:00.0,Intermediário
2.90132,2.91989,2002-07-19 11:30:00.0,Intermediário
2.90159,2.92015,2002-07-19 12:00:00.0,Intermediário
2.89681,2.91433,2002-07-19 12:30:00.0,Intermediário
2.90692,2.92449,2002-07-19 13:00:00.0,Intermediário
2.90491,2.92248,2002-07-19 13:30:00.0,Intermediário
2.90405,2.92162,2002-07-19 14:00:00.0,Intermediário
2.9029,2.92047,2002-07-19 14:30:00.0,Intermediário
2.89021,2.9067,2002-07-19 15:00:00.0,Intermediário
2.88997,2.90949,2002-07-19 15:30:00.0,Intermediário
2.89988,2.91744,2002-07-19 16:00:00.0,Intermediário
2.89946,2.91601,2002-07-19 16:30:00.0,Fechamento Interbancário
2.90181,2.90841,2002-07-19 17:39:00.0,Fechamento
2.89348,2.91808,2002-07-22 09:56:00.0,Abertura
2.89924,2.91779,2002-07-22 10:07:00.0,Intermediário
2.906,2.92459,2002-07-22 10:30:00.0,Intermediário
2.89133,2.91087,2002-07-22 11:00:00.0,Intermediário
2.89394,2.91145,2002-07-22 11:30:00.0,Intermediário
2.88719,2.90569,2002-07-22 12:00:00.0,Intermediário
2.90341,2.92098,2002-07-22 12:30:00.0,Intermediário
2.89766,2.91721,2002-07-22 13:00:00.0,Intermediário
2.89909,2.91865,2002-07-22 13:30:00.0,Intermediário
2.88791,2.90742,2002-07-22 14:39:00.0,Intermediário
2.88791,2.90742,2002-07-22 14:40:00.0,Intermediário
2.87758,2.895,2002-07-22 15:00:00.0,Intermediário
2.8879,2.90537,2002-07-22 15:30:00.0,Intermediário
2.91045,2.93209,2002-07-22 16:00:00.0,Intermediário
2.91331,2.92992,2002-07-22 16:30:00.0,Fechamento Interbancário
2.90385,2.91042,2002-07-22 18:07:00.0,Fechamento
2.86498,2.88932,2002-07-23 09:45:00.0,Abertura
2.87542,2.89582,2002-07-23 10:00:00.0,Intermediário
2.88129,2.89774,2002-07-23 10:30:00.0,Intermediário
2.87821,2.89565,2002-07-23 11:00:00.0,Intermediário
2.88636,2.90284,2002-07-23 11:30:00.0,Intermediário
2.87979,2.89922,2002-07-23 12:00:00.0,Intermediário
2.87868,2.89512,2002-07-23 12:30:00.0,Intermediário
2.88257,2.89803,2002-07-23 13:00:00.0,Intermediário
2.87676,2.8922,2002-07-23 14:10:00.0,Intermediário
2.87647,2.89191,2002-07-23 14:11:00.0,Intermediário
2.88083,2.89629,2002-07-23 14:30:00.0,Intermediário
2.89113,2.90763,2002-07-23 15:00:00.0,Intermediário
2.87395,2.89136,2002-07-23 15:30:00.0,Intermediário
2.87179,2.8892,2002-07-23 16:00:00.0,Intermediário
2.86902,2.8874,2002-07-23 16:30:00.0,Fechamento Interbancário
2.87921,2.8858,2002-07-23 17:52:00.0,Fechamento
2.92232,2.94696,2002-07-24 09:51:00.0,Abertura
2.93998,2.96072,2002-07-24 10:00:00.0,Intermediário
2.94344,2.96221,2002-07-24 10:30:00.0,Intermediário
2.92217,2.94083,2002-07-24 11:00:00.0,Intermediário
2.91578,2.93241,2002-07-24 11:30:00.0,Intermediário
2.90804,2.92463,2002-07-24 12:00:00.0,Intermediário
2.9054,2.92496,2002-07-24 12:30:00.0,Intermediário
2.91243,2.93204,2002-07-24 13:00:00.0,Intermediário
2.91741,2.93704,2002-07-24 13:30:00.0,Intermediário
2.918,2.93763,2002-07-24 14:00:00.0,Intermediário
2.91858,2.93822,2002-07-24 14:30:00.0,Intermediário
2.92735,2.94404,2002-07-24 15:00:00.0,Intermediário
2.93475,2.95348,2002-07-24 15:30:00.0,Intermediário
2.92555,2.94222,2002-07-24 16:00:00.0,Intermediário
2.91909,2.93672,2002-07-24 16:30:00.0,Fechamento Interbancário
2.93296,2.93964,2002-07-24 18:02:00.0,Fechamento
2.95969,2.98458,2002-07-25 09:45:00.0,Abertura
2.95374,2.97154,2002-07-25 10:00:00.0,Intermediário
2.9591,2.97997,2002-07-25 10:30:00.0,Intermediário
2.96991,2.98779,2002-07-25 11:00:00.0,Intermediário
2.9574,2.97824,2002-07-25 11:30:00.0,Intermediário
2.9882,3.00818,2002-07-25 12:05:00.0,Intermediário
2.97605,2.99498,2002-07-25 12:30:00.0,Intermediário
2.98632,3.00228,2002-07-25 13:00:00.0,Intermediário
2.9884,3.00437,2002-07-25 13:30:00.0,Intermediário
2.98811,3.00407,2002-07-25 14:00:00.0,Intermediário
2.98751,3.00348,2002-07-25 14:30:00.0,Intermediário
3.00399,3.02606,2002-07-25 15:00:00.0,Intermediário
3.01547,3.03559,2002-07-25 15:30:00.0,Intermediário
2.99249,3.01453,2002-07-25 16:00:00.0,Intermediário
2.9923,3.01332,2002-07-25 16:30:00.0,Fechamento Interbancário
2.99541,3.00218,2002-07-25 18:05:00.0,Fechamento
2.99119,3.01621,2002-07-26 09:58:00.0,Abertura
2.99425,3.01726,2002-07-26 10:00:00.0,Intermediário
2.99621,3.01823,2002-07-26 10:30:00.0,Intermediário
2.98895,3.00992,2002-07-26 11:00:00.0,Intermediário
2.9948,3.01481,2002-07-26 11:30:00.0,Intermediário
2.98453,3.00151,2002-07-26 12:00:00.0,Intermediário
2.97448,2.99536,2002-07-26 12:30:00.0,Intermediário
2.97196,2.99184,2002-07-26 13:00:00.0,Intermediário
2.97587,2.99578,2002-07-26 13:30:00.0,Intermediário
2.97587,2.99578,2002-07-26 14:00:00.0,Intermediário
2.97497,2.99487,2002-07-26 14:30:00.0,Intermediário
2.97171,2.98862,2002-07-26 15:00:00.0,Intermediário
2.963,2.98383,2002-07-26 15:30:00.0,Intermediário
2.96531,2.98417,2002-07-26 16:00:00.0,Intermediário
2.96613,2.98599,2002-07-26 16:30:00.0,Fechamento Interbancário
2.9774,2.98419,2002-07-26 18:39:00.0,Fechamento
2.96182,2.98657,2002-07-29 09:54:00.0,Abertura
2.96431,2.98414,2002-07-29 10:00:00.0,Intermediário
2.98171,2.99966,2002-07-29 10:30:00.0,Intermediário
3.00167,3.02169,2002-07-29 11:00:00.0,Intermediário
2.99707,3.01706,2002-07-29 11:30:00.0,Intermediário
3.00986,3.02992,2002-07-29 12:00:00.0,Intermediário
3.0465,3.07656,2002-07-29 12:30:00.0,Intermediário
3.09013,3.1155,2002-07-29 13:00:00.0,Intermediário
3.0917,3.11709,2002-07-29 13:30:00.0,Intermediário
3.0917,3.11709,2002-07-29 14:00:00.0,Intermediário
3.09076,3.11613,2002-07-29 14:30:00.0,Intermediário
3.12398,3.14461,2002-07-29 15:00:00.0,Intermediário
3.17117,3.20185,2002-07-29 15:30:00.0,Intermediário
3.12218,3.17723,2002-07-29 16:00:00.0,Intermediário
3.10133,3.12186,2002-07-29 16:30:00.0,Fechamento Interbancário
3.08219,3.08921,2002-07-29 17:43:00.0,Fechamento
3.15189,3.17762,2002-07-30 09:56:00.0,Abertura
3.15617,3.1918,2002-07-30 10:00:00.0,Intermediário
3.19544,3.22139,2002-07-30 10:30:00.0,Intermediário
3.23318,3.26428,2002-07-30 11:00:00.0,Intermediário
3.21904,3.24017,2002-07-30 11:34:00.0,Intermediário
3.22498,3.24613,2002-07-30 12:00:00.0,Intermediário
3.20756,3.23853,2002-07-30 12:30:00.0,Intermediário
3.20853,3.23456,2002-07-30 13:00:00.0,Intermediário
3.20139,3.22736,2002-07-30 13:30:00.0,Intermediário
3.20204,3.22802,2002-07-30 14:00:00.0,Intermediário
3.19456,3.22049,2002-07-30 14:30:00.0,Intermediário
3.18836,3.21919,2002-07-30 15:00:00.0,Intermediário
3.2011,3.22706,2002-07-30 15:30:00.0,Intermediário
3.23089,3.257,2002-07-30 16:00:00.0,Intermediário
3.22598,3.257,2002-07-30 16:30:00.0,Fechamento Interbancário
3.21352,3.22079,2002-07-30 17:41:00.0,Fechamento
3.25977,3.286,2002-07-31 09:43:00.0,Abertura
3.23294,3.26392,2002-07-31 10:00:00.0,Intermediário
3.23782,3.26392,2002-07-31 10:30:00.0,Intermediário
3.27496,3.29635,2002-07-31 11:00:00.0,Intermediário
3.34319,3.38949,2002-07-31 11:30:00.0,Intermediário
3.52202,3.54958,2002-07-31 12:00:00.0,Intermediário
3.32805,3.36447,2002-07-31 12:30:00.0,Intermediário
3.38195,3.41862,2002-07-31 13:00:00.0,Intermediário
3.39553,3.42245,2002-07-31 13:30:00.0,Intermediário
3.39034,3.41722,2002-07-31 14:00:00.0,Intermediário
3.39103,3.41792,2002-07-31 14:30:00.0,Intermediário
3.40814,3.44492,2002-07-31 15:00:00.0,Intermediário
3.405,3.43195,2002-07-31 15:33:00.0,Intermediário
3.38479,3.41164,2002-07-31 16:00:00.0,Intermediário
3.3841,3.41094,2002-07-31 16:30:00.0,Fechamento Interbancário
3.35027,3.35784,2002-07-31 18:03:00.0,Fechamento
3.30215,3.32856,2002-08-01 09:54:00.0,Abertura
3.1903,3.25524,2002-08-01 10:00:00.0,Intermediário
3.22721,3.28255,2002-08-01 10:30:00.0,Intermediário
3.2292,3.2748,2002-08-01 11:00:00.0,Intermediário
3.27399,3.31016,2002-08-01 11:34:00.0,Intermediário
3.30373,3.34006,2002-08-01 12:00:00.0,Intermediário
3.28165,3.3179,2002-08-01 12:30:00.0,Intermediário
3.25185,3.28301,2002-08-01 13:00:00.0,Intermediário
3.19193,3.22772,2002-08-01 13:30:00.0,Intermediário
3.18966,3.22543,2002-08-01 14:00:00.0,Intermediário
3.19193,3.22772,2002-08-01 14:30:00.0,Intermediário
3.1504,3.18597,2002-08-01 15:00:00.0,Intermediário
3.16118,3.19681,2002-08-01 15:30:00.0,Intermediário
3.04183,3.08671,2002-08-01 16:00:00.0,Intermediário
3.05257,3.10738,2002-08-01 16:30:00.0,Fechamento Interbancário
3.27616,3.28355,2002-08-01 17:39:00.0,Fechamento
3.07789,3.10326,2002-08-02 09:54:00.0,Abertura
3.04126,3.07633,2002-08-02 10:00:00.0,Intermediário
3.01943,3.0445,2002-08-02 10:30:00.0,Intermediário
2.99175,3.01668,2002-08-02 11:00:00.0,Intermediário
2.94075,2.9753,2002-08-02 11:30:00.0,Intermediário
2.94729,2.97199,2002-08-02 12:00:00.0,Intermediário
2.99637,3.02132,2002-08-02 12:30:00.0,Intermediário
3.01322,3.03827,2002-08-02 13:00:00.0,Intermediário
3.02278,3.04787,2002-08-02 13:30:00.0,Intermediário
3.02002,3.0451,2002-08-02 14:00:00.0,Intermediário
3.0188,3.04387,2002-08-02 14:30:00.0,Intermediário
2.99788,3.02285,2002-08-02 15:00:00.0,Intermediário
2.98895,3.01882,2002-08-02 15:30:00.0,Intermediário
2.95328,2.97307,2002-08-02 16:00:00.0,Intermediário
2.95314,2.97789,2002-08-02 16:30:00.0,Fechamento Interbancário
2.99034,2.99715,2002-08-02 17:48:00.0,Fechamento
2.95101,2.97571,2002-08-05 09:56:00.0,Abertura
2.9452,3.00934,2002-08-05 10:00:00.0,Intermediário
2.97427,2.99416,2002-08-05 10:30:00.0,Intermediário
2.99448,3.01943,2002-08-05 11:00:00.0,Intermediário
2.99054,3.01545,2002-08-05 11:32:00.0,Intermediário
3.01696,3.04202,2002-08-05 12:00:00.0,Intermediário
3.04001,3.06319,2002-08-05 12:30:00.0,Intermediário
3.0308,3.05591,2002-08-05 13:00:00.0,Intermediário
3.03111,3.05622,2002-08-05 13:30:00.0,Intermediário
3.02834,3.05343,2002-08-05 14:00:00.0,Intermediário
3.02064,3.04568,2002-08-05 14:30:00.0,Intermediário
3.04853,3.06879,2002-08-05 15:00:00.0,Intermediário
3.07825,3.11344,2002-08-05 15:30:00.0,Intermediário
3.09439,3.1198,2002-08-05 16:00:00.0,Intermediário
3.09408,3.11948,2002-08-05 16:30:00.0,Fechamento Interbancário
3.0116,3.01847,2002-08-05 17:43:00.0,Fechamento
3.08498,3.11025,2002-08-06 09:39:00.0,Abertura
3.1191,3.14454,2002-08-06 10:00:00.0,Intermediário
3.1294,3.1549,2002-08-06 10:30:00.0,Intermediário
3.12778,3.14745,2002-08-06 11:00:00.0,Intermediário
3.10301,3.12837,2002-08-06 11:30:00.0,Intermediário
3.07895,3.09933,2002-08-06 12:00:00.0,Intermediário
3.07735,3.10256,2002-08-06 12:30:00.0,Intermediário
3.09178,3.11706,2002-08-06 13:00:00.0,Intermediário
3.09306,3.11835,2002-08-06 13:30:00.0,Intermediário
3.09081,3.11609,2002-08-06 14:00:00.0,Intermediário
3.0937,3.11899,2002-08-06 14:30:00.0,Intermediário
3.04488,3.07477,2002-08-06 15:00:00.0,Intermediário
3.01597,3.04572,2002-08-06 15:30:00.0,Intermediário
2.99002,3.0148,2002-08-06 16:00:00.0,Intermediário
2.99405,3.01885,2002-08-06 16:30:00.0,Fechamento Interbancário
3.09981,3.10689,2002-08-06 17:40:00.0,Fechamento
2.95376,2.97838,2002-08-07 09:49:00.0,Abertura
2.92929,2.9635,2002-08-07 10:00:00.0,Intermediário
2.9804,3.01001,2002-08-07 10:30:00.0,Intermediário
2.97464,2.99936,2002-08-07 11:00:00.0,Intermediário
2.95361,2.98114,2002-08-07 11:30:00.0,Intermediário
2.95895,2.9836,2002-08-07 12:00:00.0,Intermediário
2.96776,2.9876,2002-08-07 12:30:00.0,Intermediário
2.97417,2.99893,2002-08-07 13:00:00.0,Intermediário
2.97387,2.99862,2002-08-07 13:30:00.0,Intermediário
2.97417,2.99893,2002-08-07 14:00:00.0,Intermediário
2.97601,3.00077,2002-08-07 14:30:00.0,Intermediário
2.95716,2.98672,2002-08-07 15:00:00.0,Intermediário
2.94378,2.96741,2002-08-07 15:30:00.0,Intermediário
2.92842,2.95588,2002-08-07 16:00:00.0,Intermediário
2.93375,2.95342,2002-08-07 16:30:00.0,Fechamento Interbancário
2.98073,2.98755,2002-08-07 17:39:00.0,Fechamento
2.74959,2.77317,2002-08-08 09:32:00.0,Abertura
2.77919,2.81267,2002-08-08 10:00:00.0,Intermediário
2.78289,2.80665,2002-08-08 10:30:00.0,Intermediário
2.77575,2.79462,2002-08-08 11:00:00.0,Intermediário
2.77575,2.79948,2002-08-08 11:30:00.0,Intermediário
2.7837,2.80746,2002-08-08 12:00:00.0,Intermediário
2.793,2.81872,2002-08-08 12:30:00.0,Intermediário
2.79743,2.82123,2002-08-08 13:00:00.0,Intermediário
2.79917,2.82298,2002-08-08 13:30:00.0,Intermediário
2.80062,2.82444,2002-08-08 14:00:00.0,Intermediário
2.79975,2.82357,2002-08-08 14:30:00.0,Intermediário
2.80236,2.82619,2002-08-08 15:00:00.0,Intermediário
2.79551,2.81446,2002-08-08 15:30:00.0,Intermediário
2.80399,2.82782,2002-08-08 16:00:00.0,Intermediário
2.80187,2.81989,2002-08-08 16:30:00.0,Fechamento Interbancário
2.79168,2.79814,2002-08-08 17:38:00.0,Fechamento
2.89718,2.92153,2002-08-09 09:53:00.0,Abertura
2.8866,2.91089,2002-08-09 10:00:00.0,Intermediário
2.86764,2.89182,2002-08-09 10:30:00.0,Intermediário
2.87217,2.89152,2002-08-09 11:00:00.0,Intermediário
2.88117,2.90056,2002-08-09 11:30:00.0,Intermediário
2.90621,2.92574,2002-08-09 12:00:00.0,Intermediário
2.90285,2.92237,2002-08-09 12:30:00.0,Intermediário
2.87414,2.89838,2002-08-09 13:00:00.0,Intermediário
2.8781,2.90235,2002-08-09 13:30:00.0,Intermediário
2.8781,2.90235,2002-08-09 14:00:00.0,Intermediário
2.87721,2.90146,2002-08-09 14:30:00.0,Intermediário
2.89635,2.91582,2002-08-09 15:00:00.0,Intermediário
2.89665,2.91612,2002-08-09 15:30:00.0,Intermediário
2.97256,2.99728,2002-08-09 16:00:00.0,Intermediário
2.9181,2.94254,2002-08-09 16:30:00.0,Fechamento Interbancário
2.90548,2.91216,2002-08-09 18:02:00.0,Fechamento
2.99097,3.01585,2002-08-12 09:38:00.0,Abertura
2.98425,3.00909,2002-08-12 10:00:00.0,Intermediário
2.98669,3.01154,2002-08-12 10:30:00.0,Intermediário
2.99612,3.01611,2002-08-12 11:00:00.0,Intermediário
2.99796,3.02286,2002-08-12 11:30:00.0,Intermediário
3.00468,3.02471,2002-08-12 12:00:00.0,Intermediário
3.01567,3.03576,2002-08-12 12:30:00.0,Intermediário
3.02938,3.05444,2002-08-12 13:00:00.0,Intermediário
3.02907,3.05412,2002-08-12 13:30:00.0,Intermediário
3.02969,3.05475,2002-08-12 14:00:00.0,Intermediário
3.02907,3.05412,2002-08-12 14:30:00.0,Intermediário
3.01202,3.037,2002-08-12 15:00:00.0,Intermediário
3.05533,3.08052,2002-08-12 15:30:00.0,Intermediário
3.07611,3.0965,2002-08-12 16:00:00.0,Intermediário
3.07091,3.09619,2002-08-12 16:30:00.0,Fechamento Interbancário
3.0324,3.03932,2002-08-12 17:56:00.0,Fechamento
3.15456,3.18025,2002-08-13 09:42:00.0,Abertura
3.14714,3.16789,2002-08-13 10:00:00.0,Intermediário
3.16306,3.18878,2002-08-13 10:30:00.0,Intermediário
3.15786,3.18355,2002-08-13 11:00:00.0,Intermediário
3.14485,3.16558,2002-08-13 11:30:00.0,Intermediário
3.09799,3.1283,2002-08-13 12:00:00.0,Intermediário
3.11231,3.13778,2002-08-13 12:30:00.0,Intermediário
3.09596,3.12136,2002-08-13 13:00:00.0,Intermediário
3.09849,3.12391,2002-08-13 13:30:00.0,Intermediário
3.10165,3.12709,2002-08-13 14:00:00.0,Intermediário
3.10039,3.12582,2002-08-13 14:30:00.0,Intermediário
3.10039,3.13073,2002-08-13 15:00:00.0,Intermediário
3.10545,3.13092,2002-08-13 15:30:00.0,Intermediário
3.09376,3.11425,2002-08-13 16:00:00.0,Intermediário
3.09534,3.11583,2002-08-13 16:30:00.0,Fechamento Interbancário
3.15376,3.16091,2002-08-13 17:39:00.0,Fechamento
3.12857,3.15419,2002-08-14 09:47:00.0,Abertura
3.10574,3.13124,2002-08-14 10:00:00.0,Intermediário
3.09749,3.118,2002-08-14 10:30:00.0,Intermediário
3.10984,3.13042,2002-08-14 11:00:00.0,Intermediário
3.14319,3.16889,2002-08-14 11:30:00.0,Intermediário
3.14556,3.16632,2002-08-14 12:00:00.0,Intermediário
3.15017,3.17095,2002-08-14 12:30:00.0,Intermediário
3.14064,3.16137,2002-08-14 13:00:00.0,Intermediário
3.13031,3.15198,2002-08-14 13:30:00.0,Intermediário
3.13127,3.15294,2002-08-14 14:00:00.0,Intermediário
3.13254,3.15422,2002-08-14 14:30:00.0,Intermediário
3.12854,3.15413,2002-08-14 15:00:00.0,Intermediário
3.1293,3.15292,2002-08-14 15:30:00.0,Intermediário
3.13612,3.15682,2002-08-14 16:00:00.0,Intermediário
3.12653,3.14718,2002-08-14 16:30:00.0,Fechamento Interbancário
3.13118,3.13829,2002-08-14 17:42:00.0,Fechamento
3.08398,3.10932,2002-08-15 09:49:00.0,Abertura
3.08367,3.109,2002-08-15 10:00:00.0,Intermediário
3.0706,3.09587,2002-08-15 10:30:00.0,Intermediário
3.09079,3.11321,2002-08-15 11:00:00.0,Intermediário
3.10584,3.13128,2002-08-15 11:30:00.0,Intermediário
3.11479,3.13734,2002-08-15 12:00:00.0,Intermediário
3.12675,3.15724,2002-08-15 12:30:00.0,Intermediário
3.12409,3.14965,2002-08-15 13:00:00.0,Intermediário
3.12854,3.15413,2002-08-15 13:30:00.0,Intermediário
3.13141,3.15702,2002-08-15 14:00:00.0,Intermediário
3.13141,3.15702,2002-08-15 14:30:00.0,Intermediário
3.16605,3.18691,2002-08-15 15:00:00.0,Intermediário
3.14517,3.17085,2002-08-15 15:30:00.0,Intermediário
3.1478,3.16856,2002-08-15 16:01:00.0,Intermediário
3.14389,3.16464,2002-08-15 16:30:00.0,Fechamento Interbancário
3.13204,3.13916,2002-08-15 17:44:00.0,Fechamento
3.11127,3.13677,2002-08-16 09:41:00.0,Abertura
3.10228,3.12281,2002-08-16 10:00:00.0,Intermediário
3.1135,3.13409,2002-08-16 10:30:00.0,Intermediário
3.11757,3.13818,2002-08-16 11:00:00.0,Intermediário
3.10813,3.12869,2002-08-16 11:30:00.0,Intermediário
3.11272,3.13331,2002-08-16 12:00:00.0,Intermediário
3.09461,3.11608,2002-08-16 12:30:00.0,Intermediário
3.08335,3.10379,2002-08-16 13:00:00.0,Intermediário
3.08586,3.10631,2002-08-16 13:30:00.0,Intermediário
3.08711,3.10757,2002-08-16 14:00:00.0,Intermediário
3.08711,3.10757,2002-08-16 14:30:00.0,Intermediário
3.08295,3.10339,2002-08-16 15:00:00.0,Intermediário
3.09635,3.11488,2002-08-16 15:30:00.0,Intermediário
3.05748,3.08272,2002-08-16 16:00:00.0,Intermediário
3.05841,3.08366,2002-08-16 16:30:00.0,Fechamento Interbancário
3.11475,3.12182,2002-08-16 17:43:00.0,Fechamento
3.07412,3.09942,2002-08-19 09:38:00.0,Abertura
3.07936,3.09682,2002-08-19 10:00:00.0,Intermediário
3.07154,3.09191,2002-08-19 10:30:00.0,Intermediário
3.04131,3.06643,2002-08-19 11:00:00.0,Intermediário
3.02703,3.04913,2002-08-19 11:30:00.0,Intermediário
3.01344,3.03841,2002-08-19 12:00:00.0,Intermediário
3.00406,3.02899,2002-08-19 12:30:00.0,Intermediário
3.00529,3.02533,2002-08-19 13:00:00.0,Intermediário
3.00652,3.02656,2002-08-19 13:30:00.0,Intermediário
3.00652,3.02656,2002-08-19 14:00:00.0,Intermediário
3.00007,3.02007,2002-08-19 14:30:00.0,Intermediário
3.00617,3.02621,2002-08-19 15:00:00.0,Intermediário
3.01653,3.04152,2002-08-19 15:30:00.0,Intermediário
3.02172,3.04673,2002-08-19 16:00:00.0,Intermediário
3.01862,3.04361,2002-08-19 16:30:00.0,Fechamento Interbancário
3.04027,3.04721,2002-08-19 17:48:00.0,Fechamento
2.9998,3.02471,2002-08-20 09:44:00.0,Abertura
2.98331,3.00324,2002-08-20 10:00:00.0,Intermediário
2.97781,2.9977,2002-08-20 10:30:00.0,Intermediário
2.99244,3.0124,2002-08-20 11:00:00.0,Intermediário
3.00848,3.02754,2002-08-20 11:30:00.0,Intermediário
2.99366,3.01168,2002-08-20 12:00:00.0,Intermediário
3.00099,3.0259,2002-08-20 12:30:00.0,Intermediário
3.01274,3.03576,2002-08-20 13:00:00.0,Intermediário
3.01182,3.03482,2002-08-20 13:30:00.0,Intermediário
3.01367,3.03668,2002-08-20 14:00:00.0,Intermediário
3.01397,3.037,2002-08-20 14:33:00.0,Intermediário
3.03124,3.04944,2002-08-20 15:00:00.0,Intermediário
3.03705,3.05724,2002-08-20 15:30:00.0,Intermediário
3.02271,3.04774,2002-08-20 16:00:00.0,Intermediário
3.02302,3.04314,2002-08-20 16:30:00.0,Fechamento Interbancário
3.02692,3.03382,2002-08-20 17:39:00.0,Fechamento
2.98364,3.00846,2002-08-21 09:56:00.0,Abertura
2.98303,3.00785,2002-08-21 10:00:00.0,Intermediário
2.98425,3.00418,2002-08-21 10:30:00.0,Intermediário
3.00535,3.0244,2002-08-21 11:00:00.0,Intermediário
3.01088,3.02996,2002-08-21 11:30:00.0,Intermediário
3.01611,3.03817,2002-08-21 12:00:00.0,Intermediário
3.01158,3.0346,2002-08-21 12:30:00.0,Intermediário
3.00379,3.02382,2002-08-21 13:00:00.0,Intermediário
3.00103,3.02104,2002-08-21 13:30:00.0,Intermediário
3.00287,3.02289,2002-08-21 14:00:00.0,Intermediário
3.00256,3.02259,2002-08-21 14:30:00.0,Intermediário
3.00368,3.02567,2002-08-21 15:00:00.0,Intermediário
3.01166,3.03271,2002-08-21 15:30:00.0,Intermediário
3.01113,3.0312,2002-08-21 16:00:00.0,Intermediário
3.01421,3.03429,2002-08-21 16:30:00.0,Fechamento Interbancário
3.01829,3.02517,2002-08-21 17:40:00.0,Fechamento
3.02597,3.051,2002-08-22 09:44:00.0,Abertura
3.03136,3.0613,2002-08-22 10:00:00.0,Intermediário
3.02898,3.04913,2002-08-22 10:30:00.0,Intermediário
3.02906,3.04824,2002-08-22 11:00:00.0,Intermediário
3.03685,3.05704,2002-08-22 11:30:00.0,Intermediário
3.0466,3.06683,2002-08-22 12:00:00.0,Intermediário
3.07381,3.09418,2002-08-22 12:30:00.0,Intermediário
3.06296,3.08327,2002-08-22 13:00:00.0,Intermediário
3.06166,3.08196,2002-08-22 13:30:00.0,Intermediário
3.05724,3.07752,2002-08-22 14:00:00.0,Intermediário
3.05692,3.0772,2002-08-22 14:30:00.0,Intermediário
3.05564,3.07883,2002-08-22 15:00:00.0,Intermediário
3.04076,3.05901,2002-08-22 15:30:00.0,Intermediário
3.03652,3.05864,2002-08-22 16:00:00.0,Intermediário
3.03657,3.05675,2002-08-22 16:30:00.0,Fechamento Interbancário
3.04264,3.0496,2002-08-22 17:41:00.0,Fechamento
3.03868,3.06374,2002-08-23 09:51:00.0,Abertura
3.03065,3.05567,2002-08-23 10:00:00.0,Intermediário
3.02847,3.0486,2002-08-23 10:30:00.0,Intermediário
3.02581,3.04593,2002-08-23 11:00:00.0,Intermediário
3.02893,3.0481,2002-08-23 11:30:00.0,Intermediário
3.02876,3.04695,2002-08-23 12:00:00.0,Intermediário
3.02328,3.04632,2002-08-23 12:30:00.0,Intermediário
3.00193,3.02389,2002-08-23 13:00:00.0,Intermediário
3.001,3.02295,2002-08-23 13:30:00.0,Intermediário
3.00069,3.02264,2002-08-23 14:00:00.0,Intermediário
2.99946,3.0214,2002-08-23 14:30:00.0,Intermediário
2.99624,3.01622,2002-08-23 15:00:00.0,Intermediário
3.00078,3.0237,2002-08-23 15:30:00.0,Intermediário
3.01299,3.03208,2002-08-23 16:01:00.0,Intermediário
3.01998,3.04008,2002-08-23 16:41:00.0,Fechamento Interbancário
3.02755,3.03447,2002-08-23 17:51:00.0,Fechamento
2.991,3.01581,2002-08-26 09:56:00.0,Abertura
2.98976,3.01457,2002-08-26 10:00:00.0,Intermediário
2.98198,3.00285,2002-08-26 10:30:00.0,Intermediário
2.98162,2.99861,2002-08-26 11:00:00.0,Intermediário
2.98756,3.00555,2002-08-26 11:30:00.0,Intermediário
2.9816,2.99955,2002-08-26 12:00:00.0,Intermediário
2.97215,2.98908,2002-08-26 12:30:00.0,Intermediário
2.98022,3.00011,2002-08-26 13:00:00.0,Intermediário
2.98185,3.00273,2002-08-26 13:30:00.0,Intermediário
2.98185,3.00273,2002-08-26 14:00:00.0,Intermediário
2.98032,3.00119,2002-08-26 14:30:00.0,Intermediário
2.98261,3.00253,2002-08-26 15:00:00.0,Intermediário
2.98954,3.00754,2002-08-26 15:30:00.0,Intermediário
2.99778,3.02069,2002-08-26 16:00:00.0,Intermediário
2.99686,3.01684,2002-08-26 16:31:00.0,Fechamento Interbancário
2.99309,2.99994,2002-08-26 17:51:00.0,Fechamento
2.963,2.9877,2002-08-27 09:41:00.0,Abertura
2.96202,2.98183,2002-08-27 10:00:00.0,Intermediário
2.98026,3.00016,2002-08-27 10:30:00.0,Intermediário
2.99453,3.01451,2002-08-27 11:00:00.0,Intermediário
3.00856,3.02567,2002-08-27 11:36:00.0,Intermediário
3.00331,3.02138,2002-08-27 12:00:00.0,Intermediário
2.99928,3.01831,2002-08-27 12:30:00.0,Intermediário
3.00204,3.01911,2002-08-27 13:00:00.0,Intermediário
3.00699,3.02508,2002-08-27 13:30:00.0,Intermediário
3.00975,3.02785,2002-08-27 14:00:00.0,Intermediário
3.00791,3.026,2002-08-27 14:30:00.0,Intermediário
3.04977,3.07004,2002-08-27 15:00:00.0,Intermediário
3.07001,3.09038,2002-08-27 15:30:00.0,Intermediário
3.07064,3.09101,2002-08-27 16:00:00.0,Intermediário
3.07032,3.0907,2002-08-27 16:32:00.0,Fechamento Interbancário
3.04029,3.04721,2002-08-27 17:45:00.0,Fechamento
3.04977,3.07497,2002-08-28 09:55:00.0,Abertura
3.04977,3.073,2002-08-28 10:00:00.0,Intermediário
3.05896,3.07927,2002-08-28 10:30:00.0,Intermediário
3.06751,3.0859,2002-08-28 11:00:00.0,Intermediário
3.05397,3.07426,2002-08-28 11:30:00.0,Intermediário
3.05228,3.06961,2002-08-28 12:00:00.0,Intermediário
3.05397,3.07525,2002-08-28 12:30:00.0,Intermediário
3.06524,3.0846,2002-08-28 13:00:00.0,Intermediário
3.05989,3.07824,2002-08-28 13:30:00.0,Intermediário
3.05864,3.07698,2002-08-28 14:00:00.0,Intermediário
3.05771,3.07605,2002-08-28 14:30:00.0,Intermediário
3.0482,3.06747,2002-08-28 15:00:00.0,Intermediário
3.05117,3.07144,2002-08-28 15:30:00.0,Intermediário
3.04628,3.06653,2002-08-28 16:00:00.0,Intermediário
3.05108,3.07037,2002-08-28 16:30:00.0,Fechamento Interbancário
3.05777,3.06474,2002-08-28 17:51:00.0,Fechamento
3.08399,3.10938,2002-08-29 09:52:00.0,Abertura
3.08738,3.1118,2002-08-29 10:00:00.0,Intermediário
3.10146,3.12199,2002-08-29 10:30:00.0,Intermediário
3.10432,3.1219,2002-08-29 11:00:00.0,Intermediário
3.08725,3.10673,2002-08-29 11:30:00.0,Intermediário
3.07836,3.0968,2002-08-29 12:00:00.0,Intermediário
3.07479,3.09419,2002-08-29 12:30:00.0,Intermediário
3.07001,3.09038,2002-08-29 13:00:00.0,Intermediário
3.06417,3.08451,2002-08-29 13:30:00.0,Intermediário
3.06636,3.08671,2002-08-29 14:00:00.0,Intermediário
3.06885,3.08922,2002-08-29 14:30:00.0,Intermediário
3.03019,3.05036,2002-08-29 15:00:00.0,Intermediário
3.01766,3.03974,2002-08-29 15:30:00.0,Intermediário
3.0084,3.03043,2002-08-29 16:00:00.0,Intermediário
3.01257,3.03463,2002-08-29 16:30:00.0,Fechamento Interbancário
3.07534,3.08233,2002-08-29 18:04:00.0,Fechamento
2.99293,3.01785,2002-08-30 09:47:00.0,Abertura
2.96363,2.9884,2002-08-30 10:00:00.0,Intermediário
2.98259,3.00252,2002-08-30 10:30:00.0,Intermediário
2.98153,3.00047,2002-08-30 11:00:00.0,Intermediário
2.9689,2.98876,2002-08-30 11:30:00.0,Intermediário
2.96618,2.98504,2002-08-30 12:00:00.0,Intermediário
2.9631,2.98096,2002-08-30 12:30:00.0,Intermediário
2.93102,2.95069,2002-08-30 13:00:00.0,Intermediário
2.92953,2.95902,2002-08-30 13:30:00.0,Intermediário
2.93102,2.96052,2002-08-30 14:00:00.0,Intermediário
2.93222,2.96173,2002-08-30 14:30:00.0,Intermediário
2.92852,2.95014,2002-08-30 15:00:00.0,Intermediário
2.92732,2.94697,2002-08-30 15:30:00.0,Intermediário
2.93921,2.9599,2002-08-30 16:00:00.0,Intermediário
2.94185,2.96354,2002-08-30 16:30:00.0,Fechamento Interbancário
2.96684,2.97362,2002-08-30 17:56:00.0,Fechamento
2.937,2.96163,2002-09-02 09:54:00.0,Abertura
2.94425,2.96595,2002-09-02 10:00:00.0,Intermediário
2.95812,2.97793,2002-09-02 10:30:00.0,Intermediário
2.96733,2.98521,2002-09-02 11:00:00.0,Intermediário
2.97223,2.99211,2002-09-02 11:30:00.0,Intermediário
2.97556,2.99545,2002-09-02 12:00:00.0,Intermediário
2.97578,2.99371,2002-09-02 12:30:00.0,Intermediário
2.98214,3.00108,2002-09-02 13:00:00.0,Intermediário
2.97971,2.99865,2002-09-02 13:30:00.0,Intermediário
2.98062,2.99956,2002-09-02 14:00:00.0,Intermediário
2.98002,2.99895,2002-09-02 14:30:00.0,Intermediário
2.9875,3.00351,2002-09-02 15:00:00.0,Intermediário
2.99302,3.01103,2002-09-02 15:30:00.0,Intermediário
3.00458,3.02364,2002-09-02 16:00:00.0,Intermediário
3.00336,3.02241,2002-09-02 16:30:00.0,Fechamento Interbancário
2.97756,2.98436,2002-09-02 17:41:00.0,Fechamento
3.03843,3.06363,2002-09-03 09:51:00.0,Abertura
3.03629,3.05849,2002-09-03 10:00:00.0,Intermediário
3.05829,3.07762,2002-09-03 10:30:00.0,Intermediário
3.06564,3.08402,2002-09-03 11:00:00.0,Intermediário
3.07789,3.09733,2002-09-03 11:30:00.0,Intermediário
3.07601,3.09644,2002-09-03 12:00:00.0,Intermediário
3.07676,3.09719,2002-09-03 12:30:00.0,Intermediário
3.0805,3.09795,2002-09-03 13:00:00.0,Intermediário
3.07926,3.0967,2002-09-03 13:30:00.0,Intermediário
3.07864,3.09608,2002-09-03 14:00:00.0,Intermediário
3.07926,3.0967,2002-09-03 14:30:00.0,Intermediário
3.07676,3.09719,2002-09-03 15:05:00.0,Intermediário
3.09044,3.11093,2002-09-03 15:30:00.0,Intermediário
3.08304,3.1005,2002-09-03 16:00:00.0,Intermediário
3.08315,3.10062,2002-09-03 16:30:00.0,Fechamento Interbancário
3.0884,3.09539,2002-09-03 17:41:00.0,Fechamento
3.09788,3.1234,2002-09-04 09:55:00.0,Abertura
3.09198,3.11747,2002-09-04 10:00:00.0,Intermediário
3.12075,3.14139,2002-09-04 10:30:00.0,Intermediário
3.11089,3.1295,2002-09-04 11:00:00.0,Intermediário
3.11423,3.13285,2002-09-04 11:30:00.0,Intermediário
3.10704,3.1306,2002-09-04 12:00:00.0,Intermediário
3.10167,3.12122,2002-09-04 12:30:00.0,Intermediário
3.09844,3.11897,2002-09-04 13:00:00.0,Intermediário
3.10094,3.12148,2002-09-04 13:30:00.0,Intermediário
3.09625,3.11677,2002-09-04 14:00:00.0,Intermediário
3.095,3.11551,2002-09-04 14:30:00.0,Intermediário
3.08526,3.10672,2002-09-04 15:00:00.0,Intermediário
3.06627,3.08663,2002-09-04 15:30:00.0,Intermediário
3.07647,3.09688,2002-09-04 16:00:00.0,Intermediário
3.07616,3.10154,2002-09-04 16:30:00.0,Fechamento Interbancário
3.10541,3.11244,2002-09-04 17:43:00.0,Fechamento
3.12866,3.15436,2002-09-05 09:42:00.0,Abertura
3.12459,3.14725,2002-09-05 10:07:00.0,Intermediário
3.12808,3.14577,2002-09-05 10:30:00.0,Intermediário
3.1274,3.14609,2002-09-05 11:00:00.0,Intermediário
3.11527,3.13688,2002-09-05 11:30:00.0,Intermediário
3.11923,3.13688,2002-09-05 12:00:00.0,Intermediário
3.11446,3.13209,2002-09-05 12:30:00.0,Intermediário
3.10552,3.12608,2002-09-05 13:00:00.0,Intermediário
3.10614,3.12671,2002-09-05 13:30:00.0,Intermediário
3.10677,3.12734,2002-09-05 14:00:00.0,Intermediário
3.10865,3.12923,2002-09-05 14:30:00.0,Intermediário
3.1158,3.13343,2002-09-05 15:00:00.0,Intermediário
3.11904,3.13768,2002-09-05 15:30:00.0,Intermediário
3.12498,3.14465,2002-09-05 16:00:00.0,Intermediário
3.11981,3.13746,2002-09-05 16:30:00.0,Fechamento Interbancário
3.12363,3.13071,2002-09-05 17:39:00.0,Fechamento
3.12077,3.14636,2002-09-06 10:09:00.0,Abertura
3.12317,3.14876,2002-09-06 10:11:00.0,Intermediário
3.11722,3.13586,2002-09-06 10:30:00.0,Intermediário
3.11754,3.13618,2002-09-06 11:00:00.0,Intermediário
3.13216,3.14988,2002-09-06 11:30:00.0,Intermediário
3.12214,3.13981,2002-09-06 12:00:00.0,Intermediário
3.1221,3.14076,2002-09-06 12:30:00.0,Intermediário
3.11564,3.13328,2002-09-06 13:00:00.0,Intermediário
3.11915,3.13582,2002-09-06 13:30:00.0,Intermediário
3.11377,3.13042,2002-09-06 14:00:00.0,Intermediário
3.1144,3.13105,2002-09-06 14:30:00.0,Intermediário
3.10231,3.12186,2002-09-06 15:00:00.0,Intermediário
3.09481,3.11629,2002-09-06 15:30:00.0,Intermediário
3.09051,3.10901,2002-09-06 16:00:00.0,Intermediário
3.08925,3.10774,2002-09-06 16:30:00.0,Fechamento Interbancário
3.11906,3.12615,2002-09-06 17:40:00.0,Fechamento
3.10197,3.12741,2002-09-09 09:54:00.0,Abertura
3.09124,3.11859,2002-09-09 10:00:00.0,Intermediário
3.07136,3.09173,2002-09-09 10:30:00.0,Intermediário
3.08925,3.10774,2002-09-09 11:00:00.0,Intermediário
3.08233,3.10177,2002-09-09 11:30:00.0,Intermediário
3.07575,3.09417,2002-09-09 12:00:00.0,Intermediário
3.06626,3.08464,2002-09-09 12:30:00.0,Intermediário
3.04961,3.07184,2002-09-09 13:00:00.0,Intermediário
3.05063,3.07091,2002-09-09 13:30:00.0,Intermediário
3.04908,3.06934,2002-09-09 14:00:00.0,Intermediário
3.04535,3.06559,2002-09-09 14:30:00.0,Intermediário
3.02477,3.04392,2002-09-09 15:00:00.0,Intermediário
3.01705,3.03519,2002-09-09 15:30:00.0,Intermediário
3.02497,3.04609,2002-09-09 16:00:00.0,Intermediário
3.02435,3.04252,2002-09-09 16:30:00.0,Fechamento Interbancário
3.06688,3.07387,2002-09-09 17:43:00.0,Fechamento
3.02092,3.04592,2002-09-10 09:44:00.0,Abertura
3.0169,3.03405,2002-09-10 10:00:00.0,Intermediário
3.02421,3.04141,2002-09-10 10:30:00.0,Intermediário
3.03016,3.04836,2002-09-10 11:00:00.0,Intermediário
3.0326,3.04984,2002-09-10 11:30:00.0,Intermediário
3.02701,3.04519,2002-09-10 12:00:00.0,Intermediário
3.04697,3.06525,2002-09-10 12:30:00.0,Intermediário
3.05601,3.07531,2002-09-10 13:00:00.0,Intermediário
3.05767,3.07503,2002-09-10 13:30:00.0,Intermediário
3.05202,3.06936,2002-09-10 14:00:00.0,Intermediário
3.05296,3.0703,2002-09-10 14:30:00.0,Intermediário
3.06165,3.08098,2002-09-10 15:00:00.0,Intermediário
3.06605,3.08345,2002-09-10 15:30:00.0,Intermediário
3.04988,3.06819,2002-09-10 16:00:00.0,Intermediário
3.05117,3.0685,2002-09-10 16:30:00.0,Fechamento Interbancário
3.05316,3.06013,2002-09-10 17:39:00.0,Fechamento
3.04016,3.06525,2002-09-11 09:36:00.0,Abertura
3.03999,3.05824,2002-09-11 10:00:00.0,Intermediário
3.02668,3.04291,2002-09-11 10:30:00.0,Intermediário
3.02052,3.04062,2002-09-11 11:00:00.0,Intermediário
3.0116,3.02873,2002-09-11 11:30:00.0,Intermediário
3.00563,3.02565,2002-09-11 12:00:00.0,Intermediário
3.01427,3.03142,2002-09-11 12:30:00.0,Intermediário
3.01512,3.03422,2002-09-11 13:00:00.0,Intermediário
3.01388,3.03298,2002-09-11 13:30:00.0,Intermediário
3.01636,3.03547,2002-09-11 14:00:00.0,Intermediário
3.02132,3.04045,2002-09-11 14:30:00.0,Intermediário
3.02159,3.04072,2002-09-11 15:00:00.0,Intermediário
3.02654,3.04374,2002-09-11 15:30:00.0,Intermediário
3.01716,3.03725,2002-09-11 16:00:00.0,Intermediário
3.01809,3.03721,2002-09-11 16:30:00.0,Fechamento Interbancário
3.04104,3.04798,2002-09-11 17:47:00.0,Fechamento
3.03681,3.06189,2002-09-12 09:56:00.0,Abertura
3.03786,3.0561,2002-09-12 10:00:00.0,Intermediário
3.04117,3.05844,2002-09-12 10:30:00.0,Intermediário
3.04273,3.06099,2002-09-12 11:00:00.0,Intermediário
3.04195,3.05923,2002-09-12 11:34:00.0,Intermediário
3.0416,3.05888,2002-09-12 12:00:00.0,Intermediário
3.03372,3.05096,2002-09-12 12:30:00.0,Intermediário
3.03093,3.04815,2002-09-12 13:00:00.0,Intermediário
3.03426,3.05149,2002-09-12 13:30:00.0,Intermediário
3.04139,3.05867,2002-09-12 14:00:00.0,Intermediário
3.04202,3.05929,2002-09-12 14:30:00.0,Intermediário
3.05113,3.06845,2002-09-12 15:00:00.0,Intermediário
3.05629,3.07363,2002-09-12 15:30:00.0,Intermediário
3.05807,3.07542,2002-09-12 16:00:00.0,Intermediário
3.05976,3.07713,2002-09-12 16:30:00.0,Fechamento Interbancário
3.06535,3.07233,2002-09-12 17:37:00.0,Fechamento
3.08833,3.11372,2002-09-13 09:58:00.0,Abertura
3.091,3.11147,2002-09-13 10:00:00.0,Intermediário
3.0828,3.10126,2002-09-13 10:30:00.0,Intermediário
3.08892,3.10643,2002-09-13 11:00:00.0,Intermediário
3.07785,3.0963,2002-09-13 11:30:00.0,Intermediário
3.06959,3.08602,2002-09-13 12:00:00.0,Intermediário
3.06979,3.08721,2002-09-13 12:30:00.0,Intermediário
3.0561,3.07345,2002-09-13 13:00:00.0,Intermediário
3.0492,3.06652,2002-09-13 13:30:00.0,Intermediário
3.04889,3.06621,2002-09-13 14:00:00.0,Intermediário
3.04889,3.06621,2002-09-13 14:30:00.0,Intermediário
3.05337,3.07168,2002-09-13 15:00:00.0,Intermediário
3.0621,3.07949,2002-09-13 15:30:00.0,Intermediário
3.06504,3.08244,2002-09-13 16:00:00.0,Intermediário
3.06409,3.08149,2002-09-13 16:30:00.0,Fechamento Interbancário
3.05787,3.06486,2002-09-13 17:37:00.0,Fechamento
3.06618,3.09137,2002-09-16 09:38:00.0,Abertura
3.0797,3.09815,2002-09-16 10:00:00.0,Intermediário
3.07776,3.09718,2002-09-16 10:30:00.0,Intermediário
3.07452,3.09392,2002-09-16 11:00:00.0,Intermediário
3.09159,3.10912,2002-09-16 11:30:00.0,Intermediário
3.09836,3.11593,2002-09-16 12:00:00.0,Intermediário
3.09159,3.11302,2002-09-16 12:30:00.0,Intermediário
3.0948,3.11332,2002-09-16 13:00:00.0,Intermediário
3.08999,3.10752,2002-09-16 13:30:00.0,Intermediário
3.08872,3.10624,2002-09-16 14:00:00.0,Intermediário
3.09127,3.1088,2002-09-16 14:30:00.0,Intermediário
3.1094,3.12799,2002-09-16 15:00:00.0,Intermediário
3.11003,3.12864,2002-09-16 15:30:00.0,Intermediário
3.11294,3.13253,2002-09-16 16:00:00.0,Intermediário
3.11359,3.13124,2002-09-16 16:30:00.0,Fechamento Interbancário
3.08819,3.09525,2002-09-16 17:39:00.0,Fechamento
3.08665,3.1119,2002-09-17 09:43:00.0,Abertura
3.09499,3.11448,2002-09-17 10:00:00.0,Intermediário
3.0738,3.09222,2002-09-17 10:30:00.0,Intermediário
3.10107,3.11865,2002-09-17 11:00:00.0,Intermediário
3.12425,3.14196,2002-09-17 11:30:00.0,Intermediário
3.12393,3.14455,2002-09-17 12:00:00.0,Intermediário
3.11491,3.13354,2002-09-17 12:30:00.0,Intermediário
3.11523,3.13483,2002-09-17 13:00:00.0,Intermediário
3.11716,3.13677,2002-09-17 13:30:00.0,Intermediário
3.11877,3.13839,2002-09-17 14:00:00.0,Intermediário
3.11459,3.13419,2002-09-17 14:30:00.0,Intermediário
3.12393,3.14163,2002-09-17 15:00:00.0,Intermediário
3.12877,3.14649,2002-09-17 15:30:00.0,Intermediário
3.1391,3.15688,2002-09-17 16:00:00.0,Intermediário
3.1433,3.16207,2002-09-17 16:30:00.0,Fechamento Interbancário
3.13957,3.14672,2002-09-17 17:43:00.0,Fechamento
3.19613,3.22201,2002-09-18 09:58:00.0,Abertura
3.1958,3.21777,2002-09-18 10:00:00.0,Intermediário
3.20396,3.22206,2002-09-18 10:30:00.0,Intermediário
3.2062,3.23018,2002-09-18 11:00:00.0,Intermediário
3.23081,3.25296,2002-09-18 11:30:00.0,Intermediário
3.26741,3.29072,2002-09-18 12:00:00.0,Intermediário
3.25273,3.27499,2002-09-18 12:30:00.0,Intermediário
3.26365,3.28499,2002-09-18 13:00:00.0,Intermediário
3.25999,3.2813,2002-09-18 13:30:00.0,Intermediário
3.26232,3.28365,2002-09-18 14:00:00.0,Intermediário
3.26132,3.28265,2002-09-18 14:30:00.0,Intermediário
3.2479,3.26916,2002-09-18 15:00:00.0,Intermediário
3.27615,3.29755,2002-09-18 15:30:00.0,Intermediário
3.26273,3.28406,2002-09-18 16:00:00.0,Intermediário
3.26172,3.28305,2002-09-18 16:30:00.0,Fechamento Interbancário
3.2468,3.25416,2002-09-18 17:41:00.0,Fechamento
3.27689,3.30322,2002-09-19 09:44:00.0,Abertura
3.27455,3.29594,2002-09-19 10:00:00.0,Intermediário
3.26481,3.28419,2002-09-19 10:30:00.0,Intermediário
3.27787,3.29829,2002-09-19 11:00:00.0,Intermediário
3.29323,3.31374,2002-09-19 11:30:00.0,Intermediário
3.31353,3.33513,2002-09-19 12:00:00.0,Intermediário
3.33129,3.35297,2002-09-19 12:30:00.0,Intermediário
3.34064,3.36139,2002-09-19 13:00:00.0,Intermediário
3.33886,3.35861,2002-09-19 13:30:00.0,Intermediário
3.34464,3.36443,2002-09-19 14:00:00.0,Intermediário
3.35315,3.37298,2002-09-19 14:30:00.0,Intermediário
3.35315,3.37495,2002-09-19 15:00:00.0,Intermediário
3.35991,3.38471,2002-09-19 15:30:00.0,Intermediário
3.38025,3.4091,2002-09-19 16:00:00.0,Intermediário
3.38619,3.40816,2002-09-19 16:30:00.0,Fechamento Interbancário
3.33717,3.34468,2002-09-19 17:59:00.0,Fechamento
3.35888,3.38562,2002-09-20 09:52:00.0,Abertura
3.3449,3.36664,2002-09-20 10:00:00.0,Intermediário
3.32839,3.35498,2002-09-20 10:30:00.0,Intermediário
3.35027,3.37303,2002-09-20 11:00:00.0,Intermediário
3.3721,3.3989,2002-09-20 11:30:00.0,Intermediário
3.39138,3.41534,2002-09-20 12:00:00.0,Intermediário
3.3939,3.41393,2002-09-20 12:30:00.0,Intermediário
3.36896,3.39084,2002-09-20 13:00:00.0,Intermediário
3.3604,3.38223,2002-09-20 13:30:00.0,Intermediário
3.35561,3.37741,2002-09-20 14:00:00.0,Intermediário
3.35321,3.375,2002-09-20 14:30:00.0,Intermediário
3.36446,3.3863,2002-09-20 15:00:00.0,Intermediário
3.34116,3.36387,2002-09-20 15:30:00.0,Intermediário
3.32635,3.34703,2002-09-20 16:00:00.0,Intermediário
3.32873,3.3504,2002-09-20 16:30:00.0,Fechamento Interbancário
3.3649,3.37249,2002-09-20 17:53:00.0,Fechamento
3.43817,3.46533,2002-09-23 09:44:00.0,Abertura
3.43678,3.46884,2002-09-23 10:00:00.0,Intermediário
3.46827,3.49556,2002-09-23 10:30:00.0,Intermediário
3.45533,3.48256,2002-09-23 11:00:00.0,Intermediário
3.46763,3.49494,2002-09-23 11:30:00.0,Intermediário
3.48024,3.50465,2002-09-23 12:00:00.0,Intermediário
3.48269,3.50415,2002-09-23 12:30:00.0,Intermediário
3.48964,3.51704,2002-09-23 13:00:00.0,Intermediário
3.48005,3.50739,2002-09-23 13:30:00.0,Intermediário
3.4701,3.49737,2002-09-23 14:00:00.0,Intermediário
3.46974,3.49701,2002-09-23 14:30:00.0,Intermediário
3.4499,3.47707,2002-09-23 15:00:00.0,Intermediário
3.44546,3.46673,2002-09-23 15:30:00.0,Intermediário
3.47258,3.49987,2002-09-23 16:00:00.0,Intermediário
3.47604,3.50334,2002-09-23 16:30:00.0,Fechamento Interbancário
3.46678,3.47458,2002-09-23 17:42:00.0,Fechamento
3.52466,3.55225,2002-09-24 09:57:00.0,Abertura
3.53613,3.55884,2002-09-24 10:00:00.0,Intermediário
3.52048,3.54213,2002-09-24 10:30:00.0,Intermediário
3.51654,3.53915,2002-09-24 11:00:00.0,Intermediário
3.51735,3.53702,2002-09-24 11:30:00.0,Intermediário
3.52702,3.54673,2002-09-24 12:00:00.0,Intermediário
3.53535,3.56101,2002-09-24 12:30:00.0,Intermediário
3.52891,3.54864,2002-09-24 13:00:00.0,Intermediário
3.53627,3.55898,2002-09-24 13:30:00.0,Intermediário
3.53231,3.55501,2002-09-24 14:00:00.0,Intermediário
3.52763,3.5503,2002-09-24 14:30:00.0,Intermediário
3.5597,3.58253,2002-09-24 15:00:00.0,Intermediário
3.62576,3.64893,2002-09-24 15:30:00.0,Intermediário
3.70076,3.72922,2002-09-24 16:00:00.0,Intermediário
3.68759,3.71597,2002-09-24 16:30:00.0,Fechamento Interbancário
3.55711,3.56507,2002-09-24 18:53:00.0,Fechamento
3.58806,3.61594,2002-09-25 09:54:00.0,Abertura
3.60197,3.62991,2002-09-25 10:00:00.0,Intermediário
3.64311,3.67028,2002-09-25 10:30:00.0,Intermediário
3.68006,3.71821,2002-09-25 11:00:00.0,Intermediário
3.64925,3.68235,2002-09-25 11:30:00.0,Intermediário
3.66391,3.68922,2002-09-25 12:00:00.0,Intermediário
3.66561,3.68799,2002-09-25 12:30:00.0,Intermediário
3.62253,3.65059,2002-09-25 13:00:00.0,Intermediário
3.61883,3.64686,2002-09-25 13:30:00.0,Intermediário
3.61772,3.64575,2002-09-25 14:00:00.0,Intermediário
3.61809,3.64612,2002-09-25 14:30:00.0,Intermediário
3.57464,3.59754,2002-09-25 15:00:00.0,Intermediário
3.5822,3.61003,2002-09-25 15:30:00.0,Intermediário
3.56648,3.58934,2002-09-25 16:00:00.0,Intermediário
3.56903,3.59191,2002-09-25 16:30:00.0,Fechamento Interbancário
3.63704,3.64518,2002-09-25 17:44:00.0,Fechamento
3.60427,3.63222,2002-09-26 09:39:00.0,Abertura
3.62383,3.65187,2002-09-26 10:00:00.0,Intermediário
3.6366,3.65981,2002-09-26 10:30:00.0,Intermediário
3.65043,3.68055,2002-09-26 11:00:00.0,Intermediário
3.6819,3.70534,2002-09-26 11:30:00.0,Intermediário
3.66175,3.68802,2002-09-26 12:00:00.0,Intermediário
3.64445,3.66965,2002-09-26 12:30:00.0,Intermediário
3.66092,3.68425,2002-09-26 13:00:00.0,Intermediário
3.66474,3.6881,2002-09-26 13:30:00.0,Intermediário
3.66287,3.68621,2002-09-26 14:00:00.0,Intermediário
3.66662,3.68998,2002-09-26 14:30:00.0,Intermediário
3.68907,3.71255,2002-09-26 15:00:00.0,Intermediário
3.66505,3.6884,2002-09-26 15:30:00.0,Intermediário
3.65387,3.67521,2002-09-26 16:00:00.0,Intermediário
3.65717,3.68343,2002-09-26 17:13:00.0,Fechamento Interbancário
3.66457,3.67278,2002-09-26 17:43:00.0,Fechamento
3.7326,3.76121,2002-09-27 09:46:00.0,Abertura
3.72696,3.75553,2002-09-27 10:00:00.0,Intermediário
3.73108,3.75477,2002-09-27 10:30:00.0,Intermediário
3.76175,3.79049,2002-09-27 11:00:00.0,Intermediário
3.75983,3.78366,2002-09-27 11:30:00.0,Intermediário
3.75675,3.78154,2002-09-27 12:00:00.0,Intermediário
3.75939,3.78224,2002-09-27 12:30:00.0,Intermediário
3.73853,3.76716,2002-09-27 13:00:00.0,Intermediário
3.74083,3.76947,2002-09-27 13:30:00.0,Intermediário
3.7439,3.77255,2002-09-27 14:00:00.0,Intermediário
3.74275,3.7714,2002-09-27 14:30:00.0,Intermediário
3.78526,3.80923,2002-09-27 15:00:00.0,Intermediário
3.7872,3.81117,2002-09-27 15:30:00.0,Intermediário
3.78193,3.81078,2002-09-27 16:00:00.0,Intermediário
3.78501,3.80898,2002-09-27 16:30:00.0,Fechamento Interbancário
3.78012,3.78855,2002-09-27 17:42:00.0,Fechamento
3.86427,3.89358,2002-09-30 09:36:00.0,Abertura
3.87155,3.89893,2002-09-30 10:00:00.0,Intermediário
3.88336,3.90783,2002-09-30 10:30:00.0,Intermediário
3.87961,3.90901,2002-09-30 11:00:00.0,Intermediário
3.88017,3.90463,2002-09-30 11:30:00.0,Intermediário
3.84549,3.87175,2002-09-30 12:00:00.0,Intermediário
3.77004,3.7989,2002-09-30 12:30:00.0,Intermediário
3.74083,3.76457,2002-09-30 13:00:00.0,Intermediário
3.745,3.77372,2002-09-30 13:30:00.0,Intermediário
3.74576,3.77448,2002-09-30 14:00:00.0,Intermediário
3.745,3.77372,2002-09-30 14:30:00.0,Intermediário
3.73741,3.76412,2002-09-30 15:00:00.0,Intermediário
3.69952,3.72801,2002-09-30 15:30:00.0,Intermediário
3.68705,3.71053,2002-09-30 16:00:00.0,Intermediário
3.68593,3.71435,2002-09-30 16:30:00.0,Fechamento Interbancário
3.84506,3.85359,2002-09-30 18:06:00.0,Fechamento
3.69042,3.71887,2002-10-01 09:59:00.0,Abertura
3.68437,3.71279,2002-10-01 10:00:00.0,Intermediário
3.7075,3.73107,2002-10-01 10:30:00.0,Intermediário
3.71812,3.74669,2002-10-01 11:00:00.0,Intermediário
3.71471,3.74327,2002-10-01 11:30:00.0,Intermediário
3.6792,3.70264,2002-10-01 12:00:00.0,Intermediário
3.70036,3.72884,2002-10-01 12:30:00.0,Intermediário
3.62959,3.65772,2002-10-01 13:00:00.0,Intermediário
3.6318,3.65994,2002-10-01 13:30:00.0,Intermediário
3.62959,3.65772,2002-10-01 14:00:00.0,Intermediário
3.6248,3.6529,2002-10-01 14:30:00.0,Intermediário
3.54838,3.57116,2002-10-01 15:00:00.0,Intermediário
3.528,3.55068,2002-10-01 15:30:00.0,Intermediário
3.53292,3.56549,2002-10-01 16:00:00.0,Intermediário
3.5237,3.55129,2002-10-01 16:30:00.0,Fechamento Interbancário
3.68075,3.68897,2002-10-01 18:01:00.0,Fechamento
3.51291,3.54044,2002-10-02 09:57:00.0,Abertura
3.51183,3.53937,2002-10-02 10:00:00.0,Intermediário
3.50942,3.532,2002-10-02 10:30:00.0,Intermediário
3.53363,3.56128,2002-10-02 11:00:00.0,Intermediário
3.53927,3.56496,2002-10-02 11:30:00.0,Intermediário
3.52693,3.55454,2002-10-02 12:00:00.0,Intermediário
3.55113,3.57392,2002-10-02 12:30:00.0,Intermediário
3.52058,3.54322,2002-10-02 13:00:00.0,Intermediário
3.52166,3.5443,2002-10-02 13:30:00.0,Intermediário
3.52166,3.5443,2002-10-02 14:00:00.0,Intermediário
3.52309,3.54574,2002-10-02 14:30:00.0,Intermediário
3.51576,3.54332,2002-10-02 15:00:00.0,Intermediário
3.52765,3.55526,2002-10-02 15:30:00.0,Intermediário
3.58624,3.60921,2002-10-02 16:00:00.0,Intermediário
3.59626,3.62422,2002-10-02 16:30:00.0,Fechamento Interbancário
3.54504,3.55297,2002-10-02 17:49:00.0,Fechamento
3.60866,3.63671,2002-10-03 09:56:00.0,Abertura
3.61287,3.65085,2002-10-03 10:00:00.0,Intermediário
3.64469,3.66796,2002-10-03 10:30:00.0,Intermediário
3.68727,3.71075,2002-10-03 11:00:00.0,Intermediário
3.65185,3.6801,2002-10-03 11:30:00.0,Intermediário
3.65642,3.68271,2002-10-03 12:00:00.0,Intermediário
3.65889,3.68223,2002-10-03 12:30:00.0,Intermediário
3.61541,3.64348,2002-10-03 13:00:00.0,Intermediário
3.61724,3.64532,2002-10-03 13:30:00.0,Intermediário
3.61578,3.64385,2002-10-03 14:00:00.0,Intermediário
3.61797,3.64606,2002-10-03 14:30:00.0,Intermediário
3.61505,3.65796,2002-10-03 15:00:00.0,Intermediário
3.61138,3.63942,2002-10-03 15:30:00.0,Intermediário
3.63327,3.66143,2002-10-03 16:00:00.0,Intermediário
3.63893,3.66712,2002-10-03 16:30:00.0,Fechamento Interbancário
3.6464,3.65453,2002-10-03 17:43:00.0,Fechamento
3.62197,3.65004,2002-10-04 09:58:00.0,Abertura
3.60886,3.63194,2002-10-04 10:00:00.0,Intermediário
3.57312,3.60094,2002-10-04 10:30:00.0,Intermediário
3.58495,3.60791,2002-10-04 11:00:00.0,Intermediário
3.59245,3.61446,2002-10-04 11:30:00.0,Intermediário
3.5922,3.61519,2002-10-04 12:00:00.0,Intermediário
3.57024,3.59312,2002-10-04 12:30:00.0,Intermediário
3.55299,3.58071,2002-10-04 13:00:00.0,Intermediário
3.5501,3.5778,2002-10-04 13:30:00.0,Intermediário
3.53852,3.56615,2002-10-04 14:00:00.0,Intermediário
3.54395,3.57161,2002-10-04 14:30:00.0,Intermediário
3.57109,3.59888,2002-10-04 15:00:00.0,Intermediário
3.553,3.58071,2002-10-04 15:30:00.0,Intermediário
3.51843,3.544,2002-10-04 16:00:00.0,Intermediário
3.52619,3.55377,2002-10-04 16:30:00.0,Fechamento Interbancário
3.58427,3.5923,2002-10-04 17:56:00.0,Fechamento
3.53397,3.56159,2002-10-07 09:56:00.0,Abertura
3.52943,3.55703,2002-10-07 10:00:00.0,Intermediário
3.61375,3.64178,2002-10-07 10:30:00.0,Intermediário
3.61033,3.64326,2002-10-07 11:00:00.0,Intermediário
3.5949,3.62283,2002-10-07 11:30:00.0,Intermediário
3.60273,3.62874,2002-10-07 12:00:00.0,Intermediário
3.59783,3.6179,2002-10-07 12:30:00.0,Intermediário
3.59649,3.62246,2002-10-07 13:00:00.0,Intermediário
3.59613,3.6221,2002-10-07 13:30:00.0,Intermediário
3.59869,3.62467,2002-10-07 14:00:00.0,Intermediário
3.59759,3.62357,2002-10-07 14:30:00.0,Intermediário
3.64044,3.66072,2002-10-07 15:00:00.0,Intermediário
3.62429,3.65729,2002-10-07 15:30:00.0,Intermediário
3.65063,3.67885,2002-10-07 16:00:00.0,Intermediário
3.65212,3.68035,2002-10-07 16:30:00.0,Fechamento Interbancário
3.63475,3.64287,2002-10-07 17:47:00.0,Fechamento
3.58953,3.61741,2002-10-08 09:55:00.0,Abertura
3.59221,3.6201,2002-10-08 10:00:00.0,Intermediário
3.61321,3.64121,2002-10-08 10:30:00.0,Intermediário
3.60114,3.62908,2002-10-08 11:00:00.0,Intermediário
3.59746,3.62047,2002-10-08 11:30:00.0,Intermediário
3.6226,3.64575,2002-10-08 12:00:00.0,Intermediário
3.61801,3.64605,2002-10-08 12:30:00.0,Intermediário
3.63156,3.65475,2002-10-08 13:00:00.0,Intermediário
3.62897,3.65215,2002-10-08 13:30:00.0,Intermediário
3.62526,3.64842,2002-10-08 14:00:00.0,Intermediário
3.62711,3.65028,2002-10-08 14:30:00.0,Intermediário
3.60243,3.63037,2002-10-08 15:00:00.0,Intermediário
3.6073,3.63037,2002-10-08 15:30:00.0,Intermediário
3.62304,3.65108,2002-10-08 16:00:00.0,Intermediário
3.63163,3.65972,2002-10-08 16:30:00.0,Fechamento Interbancário
3.621,3.62911,2002-10-08 17:46:00.0,Fechamento
3.77246,3.80129,2002-10-09 09:54:00.0,Abertura
3.74679,3.79028,2002-10-09 10:00:00.0,Intermediário
3.76985,3.80361,2002-10-09 10:30:00.0,Intermediário
3.79073,3.81473,2002-10-09 11:00:00.0,Intermediário
3.79642,3.82539,2002-10-09 11:30:00.0,Intermediário
3.80066,3.82966,2002-10-09 12:00:00.0,Intermediário
3.79043,3.81443,2002-10-09 12:30:00.0,Intermediário
3.78666,3.81064,2002-10-09 13:00:00.0,Intermediário
3.79395,3.81796,2002-10-09 13:30:00.0,Intermediário
3.79126,3.81527,2002-10-09 14:00:00.0,Intermediário
3.79932,3.82337,2002-10-09 14:30:00.0,Intermediário
3.81068,3.83974,2002-10-09 15:00:00.0,Intermediário
3.81222,3.84129,2002-10-09 15:30:00.0,Intermediário
3.81453,3.84361,2002-10-09 16:00:00.0,Intermediário
3.81337,3.84245,2002-10-09 16:30:00.0,Fechamento Interbancário
3.81117,3.81963,2002-10-09 17:45:00.0,Fechamento
3.83707,3.86625,2002-10-10 09:57:00.0,Abertura
3.82035,3.86924,2002-10-10 10:00:00.0,Intermediário
3.85794,3.88723,2002-10-10 10:30:00.0,Intermediário
3.86561,3.89494,2002-10-10 11:00:00.0,Intermediário
3.85028,3.87953,2002-10-10 11:30:00.0,Intermediário
3.83421,3.8683,2002-10-10 12:00:00.0,Intermediário
3.85364,3.87796,2002-10-10 12:30:00.0,Intermediário
3.86684,3.90111,2002-10-10 13:00:00.0,Intermediário
3.87904,3.90348,2002-10-10 13:30:00.0,Intermediário
3.88021,3.90467,2002-10-10 14:00:00.0,Intermediário
3.87589,3.90032,2002-10-10 14:30:00.0,Intermediário
3.87864,3.90308,2002-10-10 15:00:00.0,Intermediário
3.8938,3.91832,2002-10-10 15:30:00.0,Intermediário
3.92667,3.9563,2002-10-10 16:00:00.0,Intermediário
3.90794,3.93253,2002-10-10 16:30:00.0,Fechamento Interbancário
3.86516,3.87374,2002-10-10 17:40:00.0,Fechamento
3.847,3.87622,2002-10-11 10:00:00.0,Abertura
3.86291,3.88728,2002-10-11 10:06:00.0,Intermediário
3.8753,3.90466,2002-10-11 10:30:00.0,Intermediário
3.89217,3.91668,2002-10-11 11:00:00.0,Intermediário
3.9054,3.93492,2002-10-11 11:35:00.0,Intermediário
3.87333,3.90269,2002-10-11 12:07:00.0,Intermediário
3.86802,3.89735,2002-10-11 12:45:00.0,Intermediário
3.85622,3.88548,2002-10-11 13:07:00.0,Intermediário
3.857,3.88627,2002-10-11 14:00:00.0,Intermediário
3.8613,3.89061,2002-10-11 15:29:00.0,Intermediário
3.85935,3.89021,2002-10-11 15:30:00.0,Intermediário
3.87115,3.90051,2002-10-11 15:33:00.0,Intermediário
3.75295,3.78171,2002-10-11 15:35:00.0,Intermediário
3.75257,3.78133,2002-10-11 16:08:00.0,Intermediário
3.74082,3.77941,2002-10-11 16:30:00.0,Fechamento Interbancário
3.87173,3.88032,2002-10-11 18:01:00.0,Fechamento
3.74462,3.77334,2002-10-14 09:53:00.0,Abertura
3.7431,3.78171,2002-10-14 10:00:00.0,Intermediário
3.79427,3.82819,2002-10-14 10:30:00.0,Intermediário
3.7912,3.82015,2002-10-14 11:00:00.0,Intermediário
3.81012,3.88864,2002-10-14 11:30:00.0,Intermediário
3.7662,3.79997,2002-10-14 12:27:00.0,Intermediário
3.77188,3.82054,2002-10-14 12:30:00.0,Intermediário
3.80066,3.83955,2002-10-14 13:00:00.0,Intermediário
3.79912,3.83305,2002-10-14 13:30:00.0,Intermediário
3.79873,3.83266,2002-10-14 14:00:00.0,Intermediário
3.79989,3.83383,2002-10-14 14:30:00.0,Intermediário
3.74044,3.79882,2002-10-14 15:00:00.0,Intermediário
3.78097,3.82471,2002-10-14 15:30:00.0,Intermediário
3.78058,3.80948,2002-10-14 16:00:00.0,Intermediário
3.78173,3.82054,2002-10-14 16:30:00.0,Fechamento Interbancário
3.80918,3.81764,2002-10-14 17:57:00.0,Fechamento
3.77381,3.80263,2002-10-15 09:46:00.0,Abertura
3.76881,3.79269,2002-10-15 10:00:00.0,Intermediário
3.78128,3.81014,2002-10-15 10:30:00.0,Intermediário
3.73655,3.77012,2002-10-15 11:00:00.0,Intermediário
3.76517,3.79887,2002-10-15 11:30:00.0,Intermediário
3.77737,3.80622,2002-10-15 12:00:00.0,Intermediário
3.77842,3.80728,2002-10-15 12:30:00.0,Intermediário
3.75874,3.78749,2002-10-15 13:00:00.0,Intermediário
3.76065,3.78942,2002-10-15 13:30:00.0,Intermediário
3.75567,3.7844,2002-10-15 14:00:00.0,Intermediário
3.75376,3.78247,2002-10-15 14:30:00.0,Intermediário
3.76392,3.79269,2002-10-15 15:00:00.0,Intermediário
3.77935,3.8082,2002-10-15 15:30:00.0,Intermediário
3.75721,3.78103,2002-10-15 16:00:00.0,Intermediário
3.75759,3.78142,2002-10-15 16:30:00.0,Fechamento Interbancário
3.78344,3.79187,2002-10-15 17:38:00.0,Fechamento
3.76035,3.78912,2002-10-16 09:32:00.0,Abertura
3.75844,3.78227,2002-10-16 10:00:00.0,Intermediário
3.77391,3.79781,2002-10-16 10:30:00.0,Intermediário
3.81685,3.8459,2002-10-16 11:00:00.0,Intermediário
3.78448,3.8114,2002-10-16 11:30:00.0,Intermediário
3.78861,3.81259,2002-10-16 12:00:00.0,Intermediário
3.76555,3.78942,2002-10-16 12:34:00.0,Intermediário
3.78371,3.81259,2002-10-16 13:06:00.0,Intermediário
3.78217,3.81104,2002-10-16 13:30:00.0,Intermediário
3.78255,3.81143,2002-10-16 14:00:00.0,Intermediário
3.78101,3.80988,2002-10-16 14:30:00.0,Intermediário
3.79042,3.81441,2002-10-16 15:00:00.0,Intermediário
3.78552,3.80949,2002-10-16 15:30:00.0,Intermediário
3.82999,3.8591,2002-10-16 16:00:00.0,Intermediário
3.8296,3.85871,2002-10-16 16:30:00.0,Fechamento Interbancário
3.80081,3.80928,2002-10-16 18:16:00.0,Fechamento
3.79995,3.82889,2002-10-17 09:57:00.0,Abertura
3.7984,3.83711,2002-10-17 10:00:00.0,Intermediário
3.8262,3.86014,2002-10-17 10:30:00.0,Intermediário
3.83921,3.86833,2002-10-17 11:00:00.0,Intermediário
3.83369,3.86277,2002-10-17 11:30:00.0,Intermediário
3.83815,3.86237,2002-10-17 12:00:00.0,Intermediário
3.8135,3.84247,2002-10-17 12:30:00.0,Intermediário
3.76322,3.79683,2002-10-17 13:00:00.0,Intermediário
3.74832,3.77696,2002-10-17 13:30:00.0,Intermediário
3.74871,3.77735,2002-10-17 14:00:00.0,Intermediário
3.75141,3.78007,2002-10-17 14:30:00.0,Intermediário
3.74172,3.77033,2002-10-17 15:00:00.0,Intermediário
3.74948,3.77813,2002-10-17 15:30:00.0,Intermediário
3.78205,3.81086,2002-10-17 16:00:00.0,Intermediário
3.78127,3.81008,2002-10-17 16:30:00.0,Fechamento Interbancário
3.80605,3.81456,2002-10-17 17:58:00.0,Fechamento
3.81374,3.84272,2002-10-18 09:33:00.0,Abertura
3.80786,3.83193,2002-10-18 10:00:00.0,Intermediário
3.76361,3.79722,2002-10-18 10:30:00.0,Intermediário
3.75605,3.77986,2002-10-18 11:00:00.0,Intermediário
3.74596,3.76972,2002-10-18 11:30:00.0,Intermediário
3.74734,3.77597,2002-10-18 12:00:00.0,Intermediário
3.74095,3.76955,2002-10-18 12:30:00.0,Intermediário
3.75471,3.78338,2002-10-18 13:00:00.0,Intermediário
3.75819,3.78689,2002-10-18 13:30:00.0,Intermediário
3.75858,3.78728,2002-10-18 14:00:00.0,Intermediário
3.75471,3.78338,2002-10-18 14:30:00.0,Intermediário
3.75025,3.7789,2002-10-18 15:00:00.0,Intermediário
3.7291,3.75277,2002-10-18 15:30:00.0,Intermediário
3.74772,3.77149,2002-10-18 16:00:00.0,Intermediário
3.74772,3.77149,2002-10-18 16:30:00.0,Fechamento Interbancário
3.76549,3.77391,2002-10-18 17:55:00.0,Fechamento
3.75737,3.78607,2002-10-21 09:57:00.0,Abertura
3.75659,3.78041,2002-10-21 10:00:00.0,Intermediário
3.79295,3.82183,2002-10-21 10:30:00.0,Intermediário
3.80346,3.83239,2002-10-21 11:00:00.0,Intermediário
3.79625,3.82027,2002-10-21 11:30:00.0,Intermediário
3.8081,3.83705,2002-10-21 12:00:00.0,Intermediário
3.78555,3.81439,2002-10-21 12:30:00.0,Intermediário
3.78789,3.81674,2002-10-21 13:00:00.0,Intermediário
3.78924,3.81322,2002-10-21 13:30:00.0,Intermediário
3.79236,3.81635,2002-10-21 14:00:00.0,Intermediário
3.79197,3.81596,2002-10-21 14:30:00.0,Intermediário
3.7875,3.81635,2002-10-21 15:00:00.0,Intermediário
3.78828,3.81713,2002-10-21 15:34:00.0,Intermediário
3.79508,3.81909,2002-10-21 16:00:00.0,Intermediário
3.79625,3.82027,2002-10-21 16:30:00.0,Fechamento Interbancário
3.81474,3.82325,2002-10-21 17:47:00.0,Fechamento
3.85631,3.88553,2002-10-22 09:38:00.0,Abertura
3.87054,3.89983,2002-10-22 10:00:00.0,Intermediário
3.87197,3.89342,2002-10-22 10:30:00.0,Intermediário
3.87001,3.8944,2002-10-22 11:00:00.0,Intermediário
3.86355,3.88497,2002-10-22 11:30:00.0,Intermediário
3.83154,3.86063,2002-10-22 12:00:00.0,Intermediário
3.84813,3.87241,2002-10-22 12:30:00.0,Intermediário
3.83585,3.86497,2002-10-22 13:00:00.0,Intermediário
3.83821,3.86734,2002-10-22 13:30:00.0,Intermediário
3.84213,3.87129,2002-10-22 14:00:00.0,Intermediário
3.84252,3.87168,2002-10-22 14:30:00.0,Intermediário
3.81907,3.8481,2002-10-22 15:00:00.0,Intermediário
3.8214,3.84555,2002-10-22 15:30:00.0,Intermediário
3.80735,3.83633,2002-10-22 16:00:00.0,Intermediário
3.81184,3.83594,2002-10-22 16:30:00.0,Fechamento Interbancário
3.86547,3.87408,2002-10-22 17:39:00.0,Fechamento
3.77343,3.80223,2002-10-23 09:54:00.0,Abertura
3.76329,3.80184,2002-10-23 10:00:00.0,Intermediário
3.76252,3.79126,2002-10-23 10:30:00.0,Intermediário
3.74215,3.77078,2002-10-23 11:00:00.0,Intermediário
3.76161,3.78545,2002-10-23 11:30:00.0,Intermediário
3.776,3.80089,2002-10-23 12:00:00.0,Intermediário
3.78944,3.81831,2002-10-23 12:30:00.0,Intermediário
3.79819,3.82222,2002-10-23 13:00:00.0,Intermediário
3.79547,3.81948,2002-10-23 13:30:00.0,Intermediário
3.79664,3.82065,2002-10-23 14:00:00.0,Intermediário
3.79858,3.82261,2002-10-23 14:30:00.0,Intermediário
3.77538,3.79733,2002-10-23 15:00:00.0,Intermediário
3.78124,3.81008,2002-10-23 15:30:00.0,Intermediário
3.80034,3.82928,2002-10-23 16:00:00.0,Intermediário
3.79995,3.82889,2002-10-23 16:30:00.0,Fechamento Interbancário
3.77755,3.78598,2002-10-23 17:46:00.0,Fechamento
3.74163,3.77026,2002-10-24 09:38:00.0,Abertura
3.76283,3.79156,2002-10-24 10:00:00.0,Intermediário
3.75351,3.77731,2002-10-24 10:30:00.0,Intermediário
3.76963,3.79839,2002-10-24 11:00:00.0,Intermediário
3.77565,3.79956,2002-10-24 11:30:00.0,Intermediário
3.76107,3.78881,2002-10-24 12:00:00.0,Intermediário
3.76516,3.79389,2002-10-24 12:30:00.0,Intermediário
3.74726,3.77591,2002-10-24 13:00:00.0,Intermediário
3.75111,3.77978,2002-10-24 13:30:00.0,Intermediário
3.75034,3.77901,2002-10-24 14:00:00.0,Intermediário
3.75418,3.78288,2002-10-24 14:30:00.0,Intermediário
3.71713,3.74075,2002-10-24 15:00:00.0,Intermediário
3.70701,3.73547,2002-10-24 15:30:00.0,Intermediário
3.71531,3.74381,2002-10-24 16:00:00.0,Intermediário
3.70333,3.72688,2002-10-24 16:30:00.0,Fechamento Interbancário
3.77677,3.7852,2002-10-24 17:39:00.0,Fechamento
3.71119,3.73968,2002-10-25 09:55:00.0,Abertura
3.7003,3.72383,2002-10-25 10:00:00.0,Intermediário
3.72925,3.75293,2002-10-25 10:30:00.0,Intermediário
3.71942,3.74305,2002-10-25 11:00:00.0,Intermediário
3.71949,3.74312,2002-10-25 11:30:00.0,Intermediário
3.70068,3.72911,2002-10-25 12:00:00.0,Intermediário
3.70171,3.72721,2002-10-25 12:30:00.0,Intermediário
3.68828,3.71176,2002-10-25 13:00:00.0,Intermediário
3.6879,3.71138,2002-10-25 13:30:00.0,Intermediário
3.6879,3.71138,2002-10-25 14:00:00.0,Intermediário
3.68942,3.71289,2002-10-25 14:30:00.0,Intermediário
3.66693,3.69519,2002-10-25 15:00:00.0,Intermediário
3.65192,3.67521,2002-10-25 15:30:00.0,Intermediário
3.6313,3.65449,2002-10-25 16:00:00.0,Intermediário
3.63093,3.65901,2002-10-25 16:30:00.0,Fechamento Interbancário
3.70915,3.71745,2002-10-25 17:52:00.0,Fechamento
3.63583,3.66393,2002-10-28 09:36:00.0,Abertura
3.63622,3.67408,2002-10-28 10:00:00.0,Intermediário
3.64557,3.66882,2002-10-28 10:30:00.0,Intermediário
3.62461,3.64581,2002-10-28 11:00:00.0,Intermediário
3.61335,3.63546,2002-10-28 11:30:00.0,Intermediário
3.64036,3.66654,2002-10-28 12:00:00.0,Intermediário
3.66342,3.6917,2002-10-28 12:32:00.0,Intermediário
3.6785,3.70588,2002-10-28 13:00:00.0,Intermediário
3.68037,3.70776,2002-10-28 13:30:00.0,Intermediário
3.68337,3.71077,2002-10-28 14:00:00.0,Intermediário
3.6815,3.70889,2002-10-28 14:30:00.0,Intermediário
3.67019,3.69654,2002-10-28 15:00:00.0,Intermediário
3.65435,3.67766,2002-10-28 15:30:00.0,Intermediário
3.69192,3.7243,2002-10-28 16:00:00.0,Intermediário
3.69342,3.72581,2002-10-28 16:30:00.0,Fechamento Interbancário
3.68186,3.69008,2002-10-28 17:55:00.0,Fechamento
3.7506,3.77933,2002-10-29 09:52:00.0,Abertura
3.75813,3.78689,2002-10-29 10:00:00.0,Intermediário
3.76785,3.79173,2002-10-29 10:30:00.0,Intermediário
3.73998,3.76372,2002-10-29 11:00:00.0,Intermediário
3.73476,3.76142,2002-10-29 11:30:00.0,Intermediário
3.72186,3.74354,2002-10-29 12:00:00.0,Intermediário
3.75327,3.77806,2002-10-29 12:35:00.0,Intermediário
3.75752,3.78135,2002-10-29 13:00:00.0,Intermediário
3.75708,3.78091,2002-10-29 13:30:00.0,Intermediário
3.75517,3.77899,2002-10-29 14:00:00.0,Intermediário
3.75365,3.77746,2002-10-29 14:30:00.0,Intermediário
3.734,3.75771,2002-10-29 15:00:00.0,Intermediário
3.72523,3.7558,2002-10-29 15:30:00.0,Intermediário
3.75136,3.7801,2002-10-29 16:00:00.0,Intermediário
3.75556,3.78432,2002-10-29 16:30:00.0,Fechamento Interbancário
3.75615,3.76452,2002-10-29 17:39:00.0,Fechamento
3.72037,3.74894,2002-10-30 09:41:00.0,Abertura
3.67701,3.71521,2002-10-30 10:00:00.0,Intermediário
3.68606,3.71446,2002-10-30 10:30:00.0,Intermediário
3.6623,3.69057,2002-10-30 11:00:00.0,Intermediário
3.67663,3.70498,2002-10-30 11:30:00.0,Intermediário
3.67841,3.70875,2002-10-30 12:00:00.0,Intermediário
3.65472,3.67803,2002-10-30 12:30:00.0,Intermediário
3.65584,3.68409,2002-10-30 13:00:00.0,Intermediário
3.65398,3.68222,2002-10-30 13:30:00.0,Intermediário
3.65584,3.68409,2002-10-30 14:00:00.0,Intermediário
3.65547,3.68371,2002-10-30 14:30:00.0,Intermediário
3.63964,3.66287,2002-10-30 15:00:00.0,Intermediário
3.63621,3.66436,2002-10-30 15:30:00.0,Intermediário
3.64445,3.66771,2002-10-30 16:00:00.0,Intermediário
3.64556,3.66883,2002-10-30 16:30:00.0,Fechamento Interbancário
3.68476,3.69298,2002-10-30 17:47:00.0,Fechamento
3.6152,3.64326,2002-10-31 09:48:00.0,Abertura
3.62603,3.65315,2002-10-31 10:00:00.0,Intermediário
3.60655,3.62863,2002-10-31 10:30:00.0,Intermediário
3.56435,3.5882,2002-10-31 11:00:00.0,Intermediário
3.58456,3.60752,2002-10-31 11:30:00.0,Intermediário
3.57832,3.60621,2002-10-31 12:00:00.0,Intermediário
3.57854,3.60148,2002-10-31 12:30:00.0,Intermediário
3.58194,3.60489,2002-10-31 13:00:00.0,Intermediário
3.58101,3.60198,2002-10-31 13:30:00.0,Intermediário
3.57667,3.59761,2002-10-31 14:00:00.0,Intermediário
3.57812,3.59907,2002-10-31 14:30:00.0,Intermediário
3.58543,3.60542,2002-10-31 15:00:00.0,Intermediário
3.5741,3.59702,2002-10-31 15:30:00.0,Intermediário
3.57986,3.60181,2002-10-31 16:00:00.0,Intermediário
3.57374,3.60161,2002-10-31 16:30:00.0,Fechamento Interbancário
3.60632,3.61437,2002-10-31 17:49:00.0,Fechamento
3.61892,3.64706,2002-11-01 09:53:00.0,Abertura
3.61928,3.65742,2002-11-01 10:00:00.0,Intermediário
3.60346,3.62853,2002-11-01 10:30:00.0,Intermediário
3.58382,3.6098,2002-11-01 11:00:00.0,Intermediário
3.59059,3.61361,2002-11-01 11:30:00.0,Intermediário
3.60081,3.62487,2002-11-01 12:00:00.0,Intermediário
3.57246,3.60039,2002-11-01 12:30:00.0,Intermediário
3.56956,3.59247,2002-11-01 13:00:00.0,Intermediário
3.5735,3.59644,2002-11-01 13:30:00.0,Intermediário
3.57243,3.59536,2002-11-01 14:00:00.0,Intermediário
3.57171,3.59463,2002-11-01 14:30:00.0,Intermediário
3.56853,3.59144,2002-11-01 15:00:00.0,Intermediário
3.57095,3.59885,2002-11-01 15:30:00.0,Intermediário
3.56634,3.58922,2002-11-01 16:00:00.0,Intermediário
3.56742,3.5903,2002-11-01 16:30:00.0,Fechamento Interbancário
3.59715,3.60516,2002-11-01 17:41:00.0,Fechamento
3.52731,3.55498,2002-11-04 09:55:00.0,Abertura
3.52129,3.54893,2002-11-04 10:00:00.0,Intermediário
3.53014,3.55782,2002-11-04 10:30:00.0,Intermediário
3.53227,3.55997,2002-11-04 11:00:00.0,Intermediário
3.52163,3.54929,2002-11-04 11:30:00.0,Intermediário
3.50212,3.52468,2002-11-04 12:00:00.0,Intermediário
3.49575,3.52326,2002-11-04 12:30:00.0,Intermediário
3.48196,3.50641,2002-11-04 13:00:00.0,Intermediário
3.48617,3.51064,2002-11-04 13:30:00.0,Intermediário
3.48582,3.51029,2002-11-04 14:00:00.0,Intermediário
3.48476,3.50923,2002-11-04 14:30:00.0,Intermediário
3.49895,3.5215,2002-11-04 15:00:00.0,Intermediário
3.5149,3.54252,2002-11-04 15:30:00.0,Intermediário
3.511,3.53859,2002-11-04 16:00:00.0,Intermediário
3.51558,3.54021,2002-11-04 16:30:00.0,Fechamento Interbancário
3.52826,3.53613,2002-11-04 17:44:00.0,Fechamento
3.58783,3.61589,2002-11-05 09:47:00.0,Abertura
3.57927,3.60727,2002-11-05 10:00:00.0,Intermediário
3.58248,3.60745,2002-11-05 10:30:00.0,Intermediário
3.57927,3.60224,2002-11-05 11:00:00.0,Intermediário
3.55994,3.58785,2002-11-05 11:30:00.0,Intermediário
3.55563,3.57748,2002-11-05 12:00:00.0,Intermediário
3.5671,3.59003,2002-11-05 12:30:00.0,Intermediário
3.55963,3.5825,2002-11-05 13:00:00.0,Intermediário
3.55501,3.57783,2002-11-05 13:30:00.0,Intermediário
3.55359,3.57641,2002-11-05 14:00:00.0,Intermediário
3.5543,3.57712,2002-11-05 14:30:00.0,Intermediário
3.53045,3.55315,2002-11-05 15:00:00.0,Intermediário
3.52722,3.54991,2002-11-05 15:30:00.0,Intermediário
3.51191,3.53452,2002-11-05 16:00:00.0,Intermediário
3.51015,3.53276,2002-11-05 16:30:00.0,Fechamento Interbancário
3.55849,3.56642,2002-11-05 17:41:00.0,Fechamento
3.54825,3.57604,2002-11-06 09:57:00.0,Abertura
3.54683,3.56662,2002-11-06 10:00:00.0,Intermediário
3.55958,3.58243,2002-11-06 10:30:00.0,Intermediário
3.55994,3.58279,2002-11-06 11:00:00.0,Intermediário
3.5638,3.58567,2002-11-06 11:30:00.0,Intermediário
3.55891,3.58175,2002-11-06 12:00:00.0,Intermediário
3.54079,3.56155,2002-11-06 12:30:00.0,Intermediário
3.56388,3.58675,2002-11-06 13:00:00.0,Intermediário
3.56388,3.58675,2002-11-06 13:30:00.0,Intermediário
3.56781,3.59072,2002-11-06 14:00:00.0,Intermediário
3.56924,3.59215,2002-11-06 14:30:00.0,Intermediário
3.59305,3.62109,2002-11-06 15:00:00.0,Intermediário
3.60156,3.62462,2002-11-06 15:30:00.0,Intermediário
3.61964,3.64379,2002-11-06 16:00:00.0,Intermediário
3.62922,3.65742,2002-11-06 16:30:00.0,Fechamento Interbancário
3.60291,3.61091,2002-11-06 17:49:00.0,Fechamento
3.63714,3.66545,2002-11-07 09:56:00.0,Abertura
3.63581,3.66405,2002-11-07 10:00:00.0,Intermediário
3.63708,3.66031,2002-11-07 10:30:00.0,Intermediário
3.60894,3.63102,2002-11-07 11:00:00.0,Intermediário
3.61021,3.63331,2002-11-07 11:30:00.0,Intermediário
3.61426,3.63741,2002-11-07 12:00:00.0,Intermediário
3.61045,3.63156,2002-11-07 12:30:00.0,Intermediário
3.62219,3.64336,2002-11-07 13:00:00.0,Intermediário
3.62545,3.64662,2002-11-07 13:30:00.0,Intermediário
3.63589,3.65715,2002-11-07 14:00:00.0,Intermediário
3.6377,3.65896,2002-11-07 14:30:00.0,Intermediário
3.64994,3.67327,2002-11-07 15:00:00.0,Intermediário
3.64885,3.67218,2002-11-07 15:30:00.0,Intermediário
3.60535,3.62845,2002-11-07 16:00:00.0,Intermediário
3.60463,3.63279,2002-11-07 16:30:00.0,Fechamento Interbancário
3.65214,3.66023,2002-11-07 17:44:00.0,Fechamento
3.58382,3.61188,2002-11-08 09:55:00.0,Abertura
3.58188,3.60687,2002-11-08 10:00:00.0,Intermediário
3.55383,3.57667,2002-11-08 10:30:00.0,Intermediário
3.55817,3.58103,2002-11-08 11:00:00.0,Intermediário
3.55056,3.57137,2002-11-08 11:30:00.0,Intermediário
3.52911,3.5569,2002-11-08 12:00:00.0,Intermediário
3.5556,3.57843,2002-11-08 12:30:00.0,Intermediário
3.53424,3.55698,2002-11-08 13:00:00.0,Intermediário
3.54103,3.56685,2002-11-08 13:30:00.0,Intermediário
3.54173,3.56756,2002-11-08 14:00:00.0,Intermediário
3.54766,3.57353,2002-11-08 14:30:00.0,Intermediário
3.58167,3.60771,2002-11-08 15:00:00.0,Intermediário
3.56767,3.60076,2002-11-08 15:30:00.0,Intermediário
3.57449,3.60254,2002-11-08 16:00:00.0,Intermediário
3.58215,3.60513,2002-11-08 16:30:00.0,Fechamento Interbancário
3.57281,3.58075,2002-11-08 17:47:00.0,Fechamento
3.55326,3.58119,2002-11-11 09:57:00.0,Abertura
3.54575,3.57873,2002-11-11 10:00:00.0,Intermediário
3.55474,3.58065,2002-11-11 10:38:00.0,Intermediário
3.54731,3.57013,2002-11-11 11:00:00.0,Intermediário
3.50899,3.52958,2002-11-11 11:30:00.0,Intermediário
3.51369,3.54141,2002-11-11 12:00:00.0,Intermediário
3.50933,3.53196,2002-11-11 12:30:00.0,Intermediário
3.51208,3.53372,2002-11-11 13:00:00.0,Intermediário
3.50134,3.52291,2002-11-11 13:30:00.0,Intermediário
3.50447,3.52604,2002-11-11 14:00:00.0,Intermediário
3.50725,3.52882,2002-11-11 14:30:00.0,Intermediário
3.53516,3.55788,2002-11-11 15:00:00.0,Intermediário
3.53376,3.55648,2002-11-11 15:30:00.0,Intermediário
3.54722,3.569,2002-11-11 16:00:00.0,Intermediário
3.54687,3.56865,2002-11-11 16:30:00.0,Fechamento Interbancário
3.53909,3.54698,2002-11-11 17:43:00.0,Fechamento
3.55595,3.58385,2002-11-12 09:56:00.0,Abertura
3.5671,3.59506,2002-11-12 10:00:00.0,Intermediário
3.55826,3.58113,2002-11-12 10:30:00.0,Intermediário
3.54678,3.56961,2002-11-12 11:00:00.0,Intermediário
3.54377,3.56961,2002-11-12 11:30:00.0,Intermediário
3.554,3.5738,2002-11-12 12:00:00.0,Intermediário
3.59823,3.62232,2002-11-12 12:30:00.0,Intermediário
3.58841,3.61648,2002-11-12 13:00:00.0,Intermediário
3.58734,3.61541,2002-11-12 13:30:00.0,Intermediário
3.5877,3.61577,2002-11-12 14:00:00.0,Intermediário
3.58698,3.61505,2002-11-12 14:30:00.0,Intermediário
3.61973,3.64289,2002-11-12 15:00:00.0,Intermediário
3.64025,3.66453,2002-11-12 15:30:00.0,Intermediário
3.62657,3.64977,2002-11-12 16:00:00.0,Intermediário
3.63089,3.6541,2002-11-12 16:30:00.0,Fechamento Interbancário
3.59271,3.6007,2002-11-12 17:44:00.0,Fechamento
3.6449,3.67324,2002-11-13 09:41:00.0,Abertura
3.64236,3.6707,2002-11-13 10:00:00.0,Intermediário
3.62798,3.65621,2002-11-13 10:30:00.0,Intermediário
3.64412,3.66941,2002-11-13 11:01:00.0,Intermediário
3.64968,3.67502,2002-11-13 11:30:00.0,Intermediário
3.65314,3.67849,2002-11-13 12:00:00.0,Intermediário
3.66931,3.69777,2002-11-13 12:30:00.0,Intermediário
3.67146,3.69997,2002-11-13 13:00:00.0,Intermediário
3.67219,3.7007,2002-11-13 13:30:00.0,Intermediário
3.67146,3.69997,2002-11-13 14:00:00.0,Intermediário
3.66456,3.69298,2002-11-13 14:30:00.0,Intermediário
3.65115,3.67243,2002-11-13 15:00:00.0,Intermediário
3.63955,3.6638,2002-11-13 15:30:00.0,Intermediário
3.64502,3.66528,2002-11-13 16:00:00.0,Intermediário
3.64019,3.66343,2002-11-13 16:31:00.0,Fechamento Interbancário
3.65665,3.66473,2002-11-13 17:49:00.0,Fechamento
3.66465,3.69309,2002-11-14 09:55:00.0,Abertura
3.66137,3.68778,2002-11-14 10:00:00.0,Intermediário
3.67018,3.69564,2002-11-14 10:30:00.0,Intermediário
3.67511,3.69857,2002-11-14 11:00:00.0,Intermediário
3.69231,3.71587,2002-11-14 11:30:00.0,Intermediário
3.68501,3.70848,2002-11-14 12:00:00.0,Intermediário
3.70399,3.72755,2002-11-14 12:30:00.0,Intermediário
3.71698,3.74064,2002-11-14 13:00:00.0,Intermediário
3.70699,3.7306,2002-11-14 13:30:00.0,Intermediário
3.70736,3.73097,2002-11-14 14:00:00.0,Intermediário
3.70773,3.73134,2002-11-14 14:30:00.0,Intermediário
3.70514,3.72875,2002-11-14 15:00:00.0,Intermediário
3.71386,3.73749,2002-11-14 15:30:00.0,Intermediário
3.72314,3.75085,2002-11-14 16:00:00.0,Intermediário
3.71887,3.74757,2002-11-14 16:30:00.0,Fechamento Interbancário
3.69803,3.70619,2002-11-14 17:46:00.0,Fechamento
3.68985,3.71844,2002-11-18 09:53:00.0,Abertura
3.68838,3.71697,2002-11-18 10:00:00.0,Intermediário
3.6571,3.68149,2002-11-18 10:30:00.0,Intermediário
3.62549,3.65067,2002-11-18 11:00:00.0,Intermediário
3.61451,3.63968,2002-11-18 11:30:00.0,Intermediário
3.59786,3.6189,2002-11-18 12:00:00.0,Intermediário
3.58029,3.60425,2002-11-18 12:30:00.0,Intermediário
3.60033,3.62343,2002-11-18 13:00:00.0,Intermediário
3.60212,3.62522,2002-11-18 13:30:00.0,Intermediário
3.6032,3.6263,2002-11-18 14:00:00.0,Intermediário
3.60606,3.62917,2002-11-18 14:30:00.0,Intermediário
3.56993,3.59489,2002-11-18 15:00:00.0,Intermediário
3.58924,3.61225,2002-11-18 15:30:00.0,Intermediário
3.57416,3.5971,2002-11-18 16:00:00.0,Intermediário
3.57274,3.59567,2002-11-18 16:30:00.0,Fechamento Interbancário
3.61716,3.62515,2002-11-18 17:44:00.0,Fechamento
3.60559,3.63379,2002-11-19 09:48:00.0,Abertura
3.61386,3.64211,2002-11-19 10:00:00.0,Intermediário
3.57848,3.60452,2002-11-19 10:30:00.0,Intermediário
3.56053,3.58341,2002-11-19 11:00:00.0,Intermediário
3.5727,3.59462,2002-11-19 11:30:00.0,Intermediário
3.56816,3.59308,2002-11-19 12:00:00.0,Intermediário
3.5821,3.60914,2002-11-19 12:30:00.0,Intermediário
3.6086,3.63273,2002-11-19 13:00:00.0,Intermediário
3.6042,3.63238,2002-11-19 13:30:00.0,Intermediário
3.60527,3.63345,2002-11-19 14:00:00.0,Intermediário
3.60491,3.63309,2002-11-19 14:30:00.0,Intermediário
3.60099,3.62405,2002-11-19 15:00:00.0,Intermediário
3.58457,3.60756,2002-11-19 15:30:00.0,Intermediário
3.5599,3.58276,2002-11-19 16:00:00.0,Intermediário
3.55142,3.57423,2002-11-19 16:30:00.0,Fechamento Interbancário
3.56385,3.57176,2002-11-19 17:42:00.0,Fechamento
3.48116,3.50863,2002-11-20 09:45:00.0,Abertura
3.47955,3.49999,2002-11-20 10:00:00.0,Intermediário
3.50928,3.53693,2002-11-20 10:30:00.0,Intermediário
3.51688,3.54051,2002-11-20 11:00:00.0,Intermediário
3.51963,3.54231,2002-11-20 11:30:00.0,Intermediário
3.52571,3.54839,2002-11-20 12:00:00.0,Intermediário
3.54128,3.56607,2002-11-20 12:30:00.0,Intermediário
3.54492,3.56772,2002-11-20 13:00:00.0,Intermediário
3.54421,3.56701,2002-11-20 13:30:00.0,Intermediário
3.54563,3.56843,2002-11-20 14:00:00.0,Intermediário
3.54563,3.56843,2002-11-20 14:30:00.0,Intermediário
3.5117,3.53331,2002-11-20 15:00:00.0,Intermediário
3.50812,3.53074,2002-11-20 15:30:00.0,Intermediário
3.51718,3.53683,2002-11-20 16:01:00.0,Intermediário
3.51242,3.53507,2002-11-20 16:30:00.0,Fechamento Interbancário
3.51942,3.52725,2002-11-20 17:52:00.0,Fechamento
3.50675,3.53437,2002-11-21 09:58:00.0,Abertura
3.49999,3.52256,2002-11-21 10:00:00.0,Intermediário
3.4945,3.52209,2002-11-21 10:30:00.0,Intermediário
3.51022,3.53285,2002-11-21 11:00:00.0,Intermediário
3.49754,3.52007,2002-11-21 11:30:00.0,Intermediário
3.50407,3.52466,2002-11-21 12:00:00.0,Intermediário
3.52176,3.54442,2002-11-21 12:30:00.0,Intermediário
3.50683,3.53142,2002-11-21 13:00:00.0,Intermediário
3.50633,3.5279,2002-11-21 13:30:00.0,Intermediário
3.50808,3.52966,2002-11-21 14:00:00.0,Intermediário
3.50597,3.52755,2002-11-21 14:30:00.0,Intermediário
3.52845,3.55015,2002-11-21 15:00:00.0,Intermediário
3.50699,3.52958,2002-11-21 15:30:00.0,Intermediário
3.50874,3.53135,2002-11-21 16:00:00.0,Intermediário
3.5091,3.5317,2002-11-21 16:30:00.0,Fechamento Interbancário
3.5102,3.51802,2002-11-21 17:45:00.0,Fechamento
3.54142,3.56921,2002-11-22 09:56:00.0,Abertura
3.54057,3.56436,2002-11-22 10:00:00.0,Intermediário
3.55842,3.58429,2002-11-22 10:30:00.0,Intermediário
3.55699,3.57784,2002-11-22 11:00:00.0,Intermediário
3.55642,3.57725,2002-11-22 11:30:00.0,Intermediário
3.56571,3.58659,2002-11-22 12:00:00.0,Intermediário
3.57246,3.59843,2002-11-22 12:30:00.0,Intermediário
3.57163,3.59356,2002-11-22 13:00:00.0,Intermediário
3.56757,3.58744,2002-11-22 13:30:00.0,Intermediário
3.56293,3.58279,2002-11-22 14:00:00.0,Intermediário
3.56079,3.58065,2002-11-22 14:30:00.0,Intermediário
3.55394,3.57576,2002-11-22 15:00:00.0,Intermediário
3.53995,3.56071,2002-11-22 15:30:00.0,Intermediário
3.53696,3.56071,2002-11-22 16:00:00.0,Intermediário
3.5403,3.56107,2002-11-22 16:30:00.0,Fechamento Interbancário
3.54763,3.55554,2002-11-22 17:52:00.0,Fechamento
3.53329,3.56097,2002-11-25 09:58:00.0,Abertura
3.52407,3.56164,2002-11-25 10:00:00.0,Intermediário
3.52652,3.5482,2002-11-25 10:30:00.0,Intermediário
3.537,3.55775,2002-11-25 11:00:00.0,Intermediário
3.49688,3.51941,2002-11-25 11:30:00.0,Intermediário
3.48205,3.50549,2002-11-25 12:00:00.0,Intermediário
3.49533,3.51785,2002-11-25 12:30:00.0,Intermediário
3.49137,3.51089,2002-11-25 13:00:00.0,Intermediário
3.49137,3.51089,2002-11-25 13:30:00.0,Intermediário
3.49313,3.51265,2002-11-25 14:00:00.0,Intermediário
3.49489,3.51442,2002-11-25 14:30:00.0,Intermediário
3.51952,3.54714,2002-11-25 15:00:00.0,Intermediário
3.51101,3.5386,2002-11-25 15:30:00.0,Intermediário
3.50713,3.52772,2002-11-25 16:00:00.0,Intermediário
3.5096,3.52921,2002-11-25 16:30:00.0,Fechamento Interbancário
3.51506,3.52292,2002-11-25 18:04:00.0,Fechamento
3.52588,3.55353,2002-11-26 09:52:00.0,Abertura
3.52941,3.55708,2002-11-26 10:00:00.0,Intermediário
3.54957,3.57236,2002-11-26 10:30:00.0,Intermediário
3.5359,3.55863,2002-11-26 11:00:00.0,Intermediário
3.53146,3.55416,2002-11-26 11:30:00.0,Intermediário
3.53681,3.55954,2002-11-26 12:00:00.0,Intermediário
3.5389,3.56462,2002-11-26 12:30:00.0,Intermediário
3.55588,3.5787,2002-11-26 13:00:00.0,Intermediário
3.55767,3.58051,2002-11-26 13:30:00.0,Intermediário
3.5609,3.58375,2002-11-26 14:00:00.0,Intermediário
3.56198,3.58484,2002-11-26 14:30:00.0,Intermediário
3.56613,3.589,2002-11-26 15:00:00.0,Intermediário
3.56235,3.5862,2002-11-26 15:30:00.0,Intermediário
3.57108,3.59298,2002-11-26 16:00:00.0,Intermediário
3.57117,3.59407,2002-11-26 16:30:00.0,Fechamento Interbancário
3.56023,3.56818,2002-11-26 17:52:00.0,Fechamento
3.54945,3.57723,2002-11-27 09:43:00.0,Abertura
3.54921,3.57697,2002-11-27 10:04:00.0,Intermediário
3.56622,3.58611,2002-11-27 10:30:00.0,Intermediário
3.54992,3.57272,2002-11-27 11:00:00.0,Intermediário
3.54921,3.57001,2002-11-27 11:30:00.0,Intermediário
3.54931,3.5731,2002-11-27 12:00:00.0,Intermediário
3.54904,3.56885,2002-11-27 12:30:00.0,Intermediário
3.54681,3.57157,2002-11-27 13:00:00.0,Intermediário
3.54198,3.56671,2002-11-27 13:30:00.0,Intermediário
3.5452,3.56995,2002-11-27 14:00:00.0,Intermediário
3.54162,3.56635,2002-11-27 14:30:00.0,Intermediário
3.5399,3.56265,2002-11-27 15:00:00.0,Intermediário
3.5442,3.56498,2002-11-27 15:30:00.0,Intermediário
3.5442,3.56299,2002-11-27 16:00:00.0,Intermediário
3.5443,3.56508,2002-11-27 16:30:00.0,Fechamento Interbancário
3.55241,3.56035,2002-11-27 17:45:00.0,Fechamento
3.58504,3.613,2002-11-28 09:43:00.0,Abertura
3.58441,3.60638,2002-11-28 10:00:00.0,Intermediário
3.57144,3.59335,2002-11-28 10:30:00.0,Intermediário
3.56801,3.5909,2002-11-28 11:00:00.0,Intermediário
3.56215,3.58501,2002-11-28 11:30:00.0,Intermediário
3.57467,3.5976,2002-11-28 12:00:00.0,Intermediário
3.57827,3.60321,2002-11-28 12:30:00.0,Intermediário
3.5688,3.58969,2002-11-28 13:00:00.0,Intermediário
3.56664,3.58753,2002-11-28 13:30:00.0,Intermediário
3.56844,3.58933,2002-11-28 14:00:00.0,Intermediário
3.56736,3.58825,2002-11-28 14:30:00.0,Intermediário
3.55283,3.58063,2002-11-28 15:00:00.0,Intermediário
3.56311,3.58598,2002-11-28 15:38:00.0,Intermediário
3.56556,3.59343,2002-11-28 16:00:00.0,Intermediário
3.57088,3.59379,2002-11-28 16:30:00.0,Fechamento Interbancário
3.58204,3.59002,2002-11-28 17:42:00.0,Fechamento
3.58892,3.61689,2002-11-29 09:41:00.0,Abertura
3.58017,3.60213,2002-11-29 10:00:00.0,Intermediário
3.58566,3.61063,2002-11-29 10:30:00.0,Intermediário
3.58629,3.60828,2002-11-29 11:00:00.0,Intermediário
3.58152,3.60248,2002-11-29 11:30:00.0,Intermediário
3.5889,3.60991,2002-11-29 12:00:00.0,Intermediário
3.5963,3.61932,2002-11-29 12:30:00.0,Intermediário
3.61201,3.63513,2002-11-29 13:00:00.0,Intermediário
3.61165,3.63476,2002-11-29 13:30:00.0,Intermediário
3.61347,3.63658,2002-11-29 14:00:00.0,Intermediário
3.61165,3.63476,2002-11-29 14:30:00.0,Intermediário
3.63405,3.65428,2002-11-29 15:00:00.0,Intermediário
3.62622,3.6514,2002-11-29 15:30:00.0,Intermediário
3.62048,3.64862,2002-11-29 16:00:00.0,Intermediário
3.62194,3.65009,2002-11-29 16:30:00.0,Fechamento Interbancário
3.6139,3.62195,2002-11-29 18:04:00.0,Fechamento
3.57542,3.6033,2002-12-02 09:57:00.0,Abertura
3.55991,3.59761,2002-12-02 10:00:00.0,Intermediário
3.56556,3.58843,2002-12-02 10:30:00.0,Intermediário
3.55667,3.57751,2002-12-02 11:00:00.0,Intermediário
3.55083,3.57164,2002-12-02 11:30:00.0,Intermediário
3.55505,3.57688,2002-12-02 12:00:00.0,Intermediário
3.5528,3.57362,2002-12-02 12:30:00.0,Intermediário
3.55664,3.57847,2002-12-02 13:00:00.0,Intermediário
3.56962,3.59152,2002-12-02 13:30:00.0,Intermediário
3.58513,3.60711,2002-12-02 14:03:00.0,Intermediário
3.58225,3.60421,2002-12-02 14:30:00.0,Intermediário
3.58125,3.60719,2002-12-02 15:00:00.0,Intermediário
3.60316,3.62722,2002-12-02 15:30:00.0,Intermediário
3.60002,3.62208,2002-12-02 16:00:00.0,Intermediário
3.60021,3.62426,2002-12-02 16:30:00.0,Fechamento Interbancário
3.60653,3.61455,2002-12-02 17:40:00.0,Fechamento
3.60626,3.63436,2002-12-03 09:51:00.0,Abertura
3.62454,3.64573,2002-12-03 10:00:00.0,Intermediário
3.63286,3.6561,2002-12-03 10:30:00.0,Intermediário
3.63413,3.65537,2002-12-03 11:00:00.0,Intermediário
3.63665,3.65688,2002-12-03 11:30:00.0,Intermediário
3.63555,3.65579,2002-12-03 12:00:00.0,Intermediário
3.65085,3.67416,2002-12-03 12:30:00.0,Intermediário
3.64295,3.66622,2002-12-03 13:00:00.0,Intermediário
3.63864,3.66088,2002-12-03 13:30:00.0,Intermediário
3.64083,3.6631,2002-12-03 14:00:00.0,Intermediário
3.63973,3.66199,2002-12-03 14:30:00.0,Intermediário
3.65555,3.67888,2002-12-03 15:00:00.0,Intermediário
3.65408,3.67741,2002-12-03 15:30:00.0,Intermediário
3.66089,3.68925,2002-12-03 16:00:00.0,Intermediário
3.65979,3.68314,2002-12-03 16:30:00.0,Fechamento Interbancário
3.64596,3.65407,2002-12-03 17:46:00.0,Fechamento
3.70461,3.73324,2002-12-04 09:50:00.0,Abertura
3.7024,3.72595,2002-12-04 10:00:00.0,Intermediário
3.70255,3.72716,2002-12-04 10:30:00.0,Intermediário
3.68574,3.70922,2002-12-04 11:00:00.0,Intermediário
3.68315,3.71166,2002-12-04 11:30:00.0,Intermediário
3.69762,3.71817,2002-12-04 12:00:00.0,Intermediário
3.68704,3.71554,2002-12-04 12:30:00.0,Intermediário
3.68499,3.71147,2002-12-04 13:00:00.0,Intermediário
3.68372,3.7092,2002-12-04 13:30:00.0,Intermediário
3.68299,3.70846,2002-12-04 14:00:00.0,Intermediário
3.68115,3.70661,2002-12-04 14:30:00.0,Intermediário
3.7072,3.73079,2002-12-04 15:00:00.0,Intermediário
3.70805,3.73064,2002-12-04 15:30:00.0,Intermediário
3.70503,3.72759,2002-12-04 16:00:00.0,Intermediário
3.71627,3.7399,2002-12-04 16:30:00.0,Fechamento Interbancário
3.70595,3.71416,2002-12-04 17:48:00.0,Fechamento
3.71479,3.74343,2002-12-05 09:58:00.0,Abertura
3.71182,3.73543,2002-12-05 10:00:00.0,Intermediário
3.73177,3.75348,2002-12-05 10:30:00.0,Intermediário
3.74074,3.7665,2002-12-05 11:00:00.0,Intermediário
3.72854,3.75225,2002-12-05 11:30:00.0,Intermediário
3.73564,3.76138,2002-12-05 12:00:00.0,Intermediário
3.73415,3.75788,2002-12-05 12:30:00.0,Intermediário
3.73689,3.76163,2002-12-05 13:00:00.0,Intermediário
3.73614,3.76088,2002-12-05 13:30:00.0,Intermediário
3.73801,3.76275,2002-12-05 14:00:00.0,Intermediário
3.73801,3.76275,2002-12-05 14:30:00.0,Intermediário
3.7314,3.75512,2002-12-05 15:00:00.0,Intermediário
3.74337,3.76915,2002-12-05 15:30:00.0,Intermediário
3.78015,3.80411,2002-12-05 16:00:00.0,Intermediário
3.7425,3.78131,2002-12-05 16:30:00.0,Fechamento Interbancário
3.75135,3.75965,2002-12-05 17:41:00.0,Fechamento
3.80157,3.83064,2002-12-06 09:46:00.0,Abertura
3.79729,3.82334,2002-12-06 10:00:00.0,Intermediário
3.77046,3.79436,2002-12-06 10:30:00.0,Intermediário
3.76321,3.7921,2002-12-06 11:00:00.0,Intermediário
3.74861,3.77241,2002-12-06 11:30:00.0,Intermediário
3.78864,3.81367,2002-12-06 12:05:00.0,Intermediário
3.76014,3.78907,2002-12-06 12:30:00.0,Intermediário
3.75383,3.77972,2002-12-06 13:00:00.0,Intermediário
3.752,3.77785,2002-12-06 13:30:00.0,Intermediário
3.75532,3.78121,2002-12-06 14:00:00.0,Intermediário
3.75495,3.78084,2002-12-06 14:30:00.0,Intermediário
3.75193,3.77579,2002-12-06 15:00:00.0,Intermediário
3.75193,3.77579,2002-12-06 15:30:00.0,Intermediário
3.76162,3.78552,2002-12-06 16:00:00.0,Intermediário
3.75958,3.79358,2002-12-06 16:30:00.0,Fechamento Interbancário
3.78407,3.79242,2002-12-06 17:42:00.0,Fechamento
3.81054,3.83972,2002-12-09 09:56:00.0,Abertura
3.80941,3.83859,2002-12-09 10:00:00.0,Intermediário
3.83621,3.86553,2002-12-09 10:30:00.0,Intermediário
3.83736,3.86162,2002-12-09 11:00:00.0,Intermediário
3.81997,3.84921,2002-12-09 11:30:00.0,Intermediário
3.8235,3.84568,2002-12-09 12:00:00.0,Intermediário
3.81608,3.84226,2002-12-09 12:30:00.0,Intermediário
3.81115,3.8353,2002-12-09 13:00:00.0,Intermediário
3.81153,3.83568,2002-12-09 13:30:00.0,Intermediário
3.80853,3.83265,2002-12-09 14:00:00.0,Intermediário
3.81304,3.8372,2002-12-09 14:30:00.0,Intermediário
3.80525,3.83442,2002-12-09 15:00:00.0,Intermediário
3.80374,3.8329,2002-12-09 15:30:00.0,Intermediário
3.79871,3.82785,2002-12-09 16:00:00.0,Intermediário
3.80638,3.82948,2002-12-09 16:30:00.0,Fechamento Interbancário
3.83475,3.84323,2002-12-09 17:41:00.0,Fechamento
3.81286,3.84211,2002-12-10 09:55:00.0,Abertura
3.81793,3.84416,2002-12-10 10:00:00.0,Intermediário
3.79865,3.82779,2002-12-10 10:30:00.0,Intermediário
3.79264,3.81868,2002-12-10 11:00:00.0,Intermediário
3.78007,3.80303,2002-12-10 11:30:00.0,Intermediário
3.78812,3.81214,2002-12-10 12:00:00.0,Intermediário
3.79304,3.81708,2002-12-10 12:30:00.0,Intermediário
3.80198,3.82302,2002-12-10 13:00:00.0,Intermediário
3.80424,3.82528,2002-12-10 13:30:00.0,Intermediário
3.80047,3.82151,2002-12-10 14:00:00.0,Intermediário
3.7982,3.81924,2002-12-10 14:30:00.0,Intermediário
3.79962,3.82368,2002-12-10 15:00:00.0,Intermediário
3.82386,3.85313,2002-12-10 15:30:00.0,Intermediário
3.8308,3.85503,2002-12-10 16:00:00.0,Intermediário
3.82424,3.84845,2002-12-10 16:30:00.0,Fechamento Interbancário
3.80161,3.80999,2002-12-10 17:40:00.0,Fechamento
3.82339,3.85264,2002-12-11 09:34:00.0,Abertura
3.82661,3.85084,2002-12-11 10:00:00.0,Intermediário
3.82247,3.8517,2002-12-11 10:30:00.0,Intermediário
3.82374,3.8449,2002-12-11 11:00:00.0,Intermediário
3.80201,3.82305,2002-12-11 11:30:00.0,Intermediário
3.80313,3.82722,2002-12-11 12:00:00.0,Intermediário
3.80351,3.83265,2002-12-11 12:30:00.0,Intermediário
3.80763,3.83177,2002-12-11 13:00:00.0,Intermediário
3.81304,3.83619,2002-12-11 13:30:00.0,Intermediário
3.81418,3.83733,2002-12-11 14:00:00.0,Intermediário
3.8138,3.83695,2002-12-11 14:30:00.0,Intermediário
3.80173,3.82683,2002-12-11 15:00:00.0,Intermediário
3.81218,3.84137,2002-12-11 15:30:00.0,Intermediário
3.79405,3.81912,2002-12-11 16:00:00.0,Intermediário
3.78639,3.81041,2002-12-11 16:30:00.0,Fechamento Interbancário
3.82572,3.83411,2002-12-11 17:39:00.0,Fechamento
3.75515,3.7841,2002-12-12 09:57:00.0,Abertura
3.75255,3.77641,2002-12-12 10:00:00.0,Intermediário
3.77406,3.79596,2002-12-12 10:38:00.0,Intermediário
3.78158,3.81065,2002-12-12 11:00:00.0,Intermediário
3.79939,3.82854,2002-12-12 11:30:00.0,Intermediário
3.79567,3.82483,2002-12-12 12:00:00.0,Intermediário
3.78945,3.81349,2002-12-12 12:30:00.0,Intermediário
3.81499,3.84118,2002-12-12 13:00:00.0,Intermediário
3.81989,3.84608,2002-12-12 13:30:00.0,Intermediário
3.81876,3.84495,2002-12-12 14:00:00.0,Intermediário
3.81838,3.84457,2002-12-12 14:30:00.0,Intermediário
3.83751,3.87508,2002-12-12 15:00:00.0,Intermediário
3.85974,3.88924,2002-12-12 15:30:00.0,Intermediário
3.84617,3.87561,2002-12-12 16:00:00.0,Intermediário
3.83676,3.86615,2002-12-12 16:30:00.0,Fechamento Interbancário
3.82209,3.83048,2002-12-12 17:42:00.0,Fechamento
3.83667,3.86609,2002-12-13 09:43:00.0,Abertura
3.82996,3.85627,2002-12-13 10:03:00.0,Intermediário
3.83071,3.85702,2002-12-13 10:06:00.0,Intermediário
3.83467,3.85689,2002-12-13 10:30:00.0,Intermediário
3.80184,3.82591,2002-12-13 11:00:00.0,Intermediário
3.81465,3.83881,2002-12-13 11:30:00.0,Intermediário
3.8191,3.84331,2002-12-13 12:04:00.0,Intermediário
3.81686,3.84619,2002-12-13 12:30:00.0,Intermediário
3.80852,3.83267,2002-12-13 13:00:00.0,Intermediário
3.80594,3.83006,2002-12-13 13:30:00.0,Intermediário
3.8037,3.82781,2002-12-13 14:00:00.0,Intermediário
3.80632,3.83043,2002-12-13 14:30:00.0,Intermediário
3.79611,3.82017,2002-12-13 15:00:00.0,Intermediário
3.77756,3.79845,2002-12-13 15:30:00.0,Intermediário
3.78557,3.8096,2002-12-13 16:00:00.0,Intermediário
3.79302,3.81706,2002-12-13 16:30:00.0,Fechamento Interbancário
3.81288,3.82124,2002-12-13 17:54:00.0,Fechamento
3.76583,3.79491,2002-12-16 09:57:00.0,Abertura
3.76365,3.79269,2002-12-16 10:00:00.0,Intermediário
3.76875,3.79269,2002-12-16 10:30:00.0,Intermediário
3.71993,3.74872,2002-12-16 11:00:00.0,Intermediário
3.69627,3.71984,2002-12-16 11:30:00.0,Intermediário
3.71243,3.73505,2002-12-16 12:00:00.0,Intermediário
3.7199,3.74157,2002-12-16 12:30:00.0,Intermediário
3.70093,3.72348,2002-12-16 13:00:00.0,Intermediário
3.69991,3.72348,2002-12-16 13:30:00.0,Intermediário
3.69302,3.71657,2002-12-16 14:00:00.0,Intermediário
3.69919,3.72275,2002-12-16 14:30:00.0,Intermediário
3.66754,3.69606,2002-12-16 15:00:00.0,Intermediário
3.6661,3.69462,2002-12-16 15:30:00.0,Intermediário
3.66226,3.68567,2002-12-16 16:00:00.0,Intermediário
3.66237,3.6909,2002-12-16 16:30:00.0,Fechamento Interbancário
3.71157,3.71973,2002-12-16 17:47:00.0,Fechamento
3.69018,3.71888,2002-12-17 09:42:00.0,Abertura
3.68025,3.70376,2002-12-17 10:00:00.0,Intermediário
3.70454,3.73332,2002-12-17 10:30:00.0,Intermediário
3.69389,3.71745,2002-12-17 11:00:00.0,Intermediário
3.68763,3.71012,2002-12-17 11:30:00.0,Intermediário
3.68472,3.70619,2002-12-17 12:00:00.0,Intermediário
3.68311,3.7118,2002-12-17 12:30:00.0,Intermediário
3.68096,3.70965,2002-12-17 13:00:00.0,Intermediário
3.67945,3.69983,2002-12-17 13:30:00.0,Intermediário
3.6748,3.69517,2002-12-17 14:00:00.0,Intermediário
3.66482,3.68515,2002-12-17 14:32:00.0,Intermediário
3.66451,3.68587,2002-12-17 15:00:00.0,Intermediário
3.65666,3.68005,2002-12-17 15:30:00.0,Intermediário
3.65693,3.68028,2002-12-17 16:06:00.0,Intermediário
3.6605,3.68389,2002-12-17 16:31:00.0,Fechamento Interbancário
3.67929,3.68735,2002-12-17 17:44:00.0,Fechamento
3.62813,3.6565,2002-12-18 09:54:00.0,Abertura
3.62054,3.64373,2002-12-18 10:00:00.0,Intermediário
3.60773,3.6329,2002-12-18 10:30:00.0,Intermediário
3.60925,3.63753,2002-12-18 11:00:00.0,Intermediário
3.62054,3.64373,2002-12-18 11:30:00.0,Intermediário
3.61754,3.64071,2002-12-18 12:00:00.0,Intermediário
3.60995,3.6331,2002-12-18 12:30:00.0,Intermediário
3.62231,3.6455,2002-12-18 13:00:00.0,Intermediário
3.62478,3.64798,2002-12-18 13:30:00.0,Intermediário
3.62726,3.6505,2002-12-18 14:00:00.0,Intermediário
3.62301,3.64621,2002-12-18 14:30:00.0,Intermediário
3.60184,3.62493,2002-12-18 15:00:00.0,Intermediário
3.61232,3.63239,2002-12-18 15:30:00.0,Intermediário
3.5955,3.61756,2002-12-18 16:00:00.0,Intermediário
3.59938,3.62247,2002-12-18 16:31:00.0,Fechamento Interbancário
3.62045,3.6284,2002-12-18 17:39:00.0,Fechamento
3.61483,3.64317,2002-12-19 09:55:00.0,Abertura
3.62263,3.65101,2002-12-19 10:00:00.0,Intermediário
3.6082,3.62828,2002-12-19 10:30:00.0,Intermediário
3.60235,3.62546,2002-12-19 11:00:00.0,Intermediário
3.60512,3.62828,2002-12-19 11:30:00.0,Intermediário
3.60741,3.62846,2002-12-19 12:00:00.0,Intermediário
3.59883,3.6219,2002-12-19 12:30:00.0,Intermediário
3.57475,3.59568,2002-12-19 13:00:00.0,Intermediário
3.57478,3.59673,2002-12-19 13:30:00.0,Intermediário
3.57793,3.59988,2002-12-19 14:00:00.0,Intermediário
3.57093,3.59288,2002-12-19 14:30:00.0,Intermediário
3.53074,3.55758,2002-12-19 15:00:00.0,Intermediário
3.5461,3.56891,2002-12-19 15:30:00.0,Intermediário
3.54408,3.56691,2002-12-19 16:00:00.0,Intermediário
3.55996,3.58287,2002-12-19 16:30:00.0,Fechamento Interbancário
3.59567,3.60357,2002-12-19 17:38:00.0,Fechamento
3.51761,3.54542,2002-12-20 09:56:00.0,Abertura
3.51418,3.54198,2002-12-20 10:00:00.0,Intermediário
3.51351,3.53307,2002-12-20 10:30:00.0,Intermediário
3.49986,3.52244,2002-12-20 11:00:00.0,Intermediário
3.49099,3.51661,2002-12-20 11:30:00.0,Intermediário
3.50123,3.52381,2002-12-20 12:00:00.0,Intermediário
3.49269,3.51523,2002-12-20 12:30:00.0,Intermediário
3.49269,3.51523,2002-12-20 13:00:00.0,Intermediário
3.48962,3.51216,2002-12-20 13:30:00.0,Intermediário
3.49406,3.51663,2002-12-20 14:00:00.0,Intermediário
3.49474,3.51731,2002-12-20 14:30:00.0,Intermediário
3.51489,3.53757,2002-12-20 15:00:00.0,Intermediário
3.5466,3.56736,2002-12-20 15:30:00.0,Intermediário
3.55927,3.58728,2002-12-20 16:00:00.0,Intermediário
3.5623,3.58519,2002-12-20 16:30:00.0,Fechamento Interbancário
3.51812,3.52587,2002-12-20 17:43:00.0,Fechamento
3.5416,3.56957,2002-12-23 09:48:00.0,Abertura
3.54294,3.57093,2002-12-23 10:00:00.0,Intermediário
3.57378,3.59882,2002-12-23 10:30:00.0,Intermediário
3.59394,3.62218,2002-12-23 11:00:00.0,Intermediário
3.57749,3.60049,2002-12-23 11:30:00.0,Intermediário
3.58535,3.6084,2002-12-23 12:00:00.0,Intermediário
3.58466,3.60563,2002-12-23 12:30:00.0,Intermediário
3.58053,3.60355,2002-12-23 13:00:00.0,Intermediário
3.58018,3.60321,2002-12-23 13:30:00.0,Intermediário
3.57777,3.60076,2002-12-23 14:00:00.0,Intermediário
3.56277,3.5857,2002-12-23 14:30:00.0,Intermediário
3.56811,3.59105,2002-12-23 15:00:00.0,Intermediário
3.57782,3.60081,2002-12-23 15:30:00.0,Intermediário
3.5888,3.61389,2002-12-23 16:00:00.0,Intermediário
3.59336,3.61847,2002-12-23 16:30:00.0,Fechamento Interbancário
3.58401,3.59189,2002-12-23 18:01:00.0,Fechamento
3.58811,3.61632,2002-12-24 09:13:00.0,Abertura
3.59429,3.61737,2002-12-24 10:00:00.0,Intermediário
3.59359,3.61667,2002-12-24 10:30:00.0,Intermediário
3.59667,3.61873,2002-12-24 11:00:00.0,Intermediário
3.60438,3.62645,2002-12-24 11:30:00.0,Fechamento Interbancário
3.61144,3.6194,2002-12-24 11:41:00.0,Fechamento
3.61666,3.64503,2002-12-26 09:53:00.0,Abertura
3.61491,3.64327,2002-12-26 10:00:00.0,Intermediário
3.63873,3.66721,2002-12-26 10:42:00.0,Intermediário
3.6338,3.66227,2002-12-26 11:00:00.0,Intermediário
3.63063,3.65391,2002-12-26 11:30:00.0,Intermediário
3.62548,3.64873,2002-12-26 12:00:00.0,Intermediário
3.641,3.66432,2002-12-26 12:30:00.0,Intermediário
3.64893,3.67229,2002-12-26 13:00:00.0,Intermediário
3.64717,3.67052,2002-12-26 13:30:00.0,Intermediário
3.64504,3.6684,2002-12-26 14:00:00.0,Intermediário
3.65105,3.67441,2002-12-26 14:30:00.0,Intermediário
3.65388,3.67725,2002-12-26 15:00:00.0,Intermediário
3.65353,3.67481,2002-12-26 15:30:00.0,Intermediário
3.66903,3.69767,2002-12-26 16:00:00.0,Intermediário
3.67152,3.70016,2002-12-26 16:30:00.0,Fechamento Interbancário
3.65146,3.65948,2002-12-26 17:41:00.0,Fechamento
3.67716,3.70589,2002-12-27 09:54:00.0,Abertura
3.67716,3.70589,2002-12-27 09:54:00.0,Intermediário
3.66092,3.68124,2002-12-27 10:30:00.0,Intermediário
3.68163,3.70518,2002-12-27 12:53:00.0,Intermediário
3.6668,3.69027,2002-12-27 13:00:00.0,Intermediário
3.66365,3.68708,2002-12-27 13:11:00.0,Intermediário
3.66721,3.68963,2002-12-27 13:18:00.0,Intermediário
3.68418,3.70772,2002-12-27 13:23:00.0,Intermediário
3.6859,3.70945,2002-12-27 13:30:00.0,Intermediário
3.69123,3.71479,2002-12-27 14:00:00.0,Intermediário
3.69301,3.71657,2002-12-27 14:30:00.0,Intermediário
3.68639,3.71201,2002-12-27 15:00:00.0,Intermediário
3.66739,3.69396,2002-12-27 15:30:00.0,Intermediário
3.6698,3.69116,2002-12-27 16:00:00.0,Intermediário
3.67607,3.6985,2002-12-27 16:30:00.0,Fechamento Interbancário
3.69338,3.70144,2002-12-27 17:42:00.0,Fechamento
3.63382,3.66234,2002-12-30 09:57:00.0,Abertura
3.63347,3.66199,2002-12-30 10:00:00.0,Intermediário
3.64492,3.66827,2002-12-30 10:30:00.0,Intermediário
3.66815,3.69164,2002-12-30 11:00:00.0,Intermediário
3.6782,3.70174,2002-12-30 11:30:00.0,Intermediário
3.6772,3.69864,2002-12-30 12:00:00.0,Intermediário
3.66642,3.68987,2002-12-30 12:30:00.0,Intermediário
3.68109,3.70252,2002-12-30 13:00:00.0,Intermediário
3.67932,3.70076,2002-12-30 13:30:00.0,Intermediário
3.68426,3.70571,2002-12-30 14:00:00.0,Intermediário
3.68532,3.70677,2002-12-30 14:30:00.0,Intermediário
3.69509,3.72077,2002-12-30 15:00:00.0,Intermediário
3.6934,3.72225,2002-12-30 15:30:00.0,Intermediário
3.70562,3.72928,2002-12-30 16:00:00.0,Intermediário
3.69234,3.72119,2002-12-30 16:30:00.0,Fechamento Interbancário
3.70128,3.70933,2002-12-30 17:50:00.0,Fechamento
3.701,3.72021,2002-12-31 09:38:00.0,Abertura
3.69782,3.71703,2002-12-31 10:00:00.0,Intermediário
3.69711,3.71632,2002-12-31 10:30:00.0,Intermediário
3.69605,3.71527,2002-12-31 11:00:00.0,Intermediário
3.6957,3.71491,2002-12-31 11:30:00.0,Fechamento Interbancário
3.69316,3.7012,2002-12-31 12:17:00.0,Fechamento
