cotacaoCompra,cotacaoVenda,dataHoraCotacao,tipoBoletim
2.2055,2.2189,2011-01-03 09:20:13.074,Abertura
2.2118,2.2146,2011-01-03 09:30:13.75,Intermediário
2.2045,2.2073,2011-01-03 10:00:13.095,Intermediário
2.2079,2.2108,2011-01-03 10:31:37.32,Intermediário
2.2039,2.2068,2011-01-03 11:00:14.201,Intermediário
2.2078,2.2106,2011-01-03 11:30:11.975,Intermediário
2.2089,2.2118,2011-01-03 12:00:18.27,Intermediário
2.2074,2.2103,2011-01-03 12:30:18.583,Intermediário
2.1978,2.2008,2011-01-03 13:00:18.697,Intermediário
2.1986,2.2015,2011-01-03 13:30:13.227,Intermediário
2.2072,2.2101,2011-01-03 14:00:17.686,Intermediário
2.2095,2.2124,2011-01-03 14:30:12.998,Intermediário
2.1994,2.2022,2011-01-03 15:00:19.183,Intermediário
2.2015,2.2045,2011-01-03 15:30:12.685,Intermediário
2.2042,2.2072,2011-01-03 16:00:14.354,Intermediário
2.207,2.2099,2011-01-03 16:30:12.7,Fechamento Interbancário
2.2086,2.2099,2011-01-03 17:37:45.128,Fechamento
2.2065,2.2201,2011-01-04 09:22:09.51,Abertura
2.2113,2.2144,2011-01-04 09:30:12.8,Intermediário
2.2117,2.2146,2011-01-04 10:00:14.863,Intermediário
2.213,2.2158,2011-01-04 10:30:12.337,Intermediário
2.2142,2.217,2011-01-04 11:00:14.295,Intermediário
2.2157,2.2185,2011-01-04 11:30:18.226,Intermediário
2.2172,2.22,2011-01-04 12:00:16.998,Intermediário
2.2179,2.2209,2011-01-04 12:30:19.535,Intermediário
2.2218,2.2248,2011-01-04 13:00:19.2,Intermediário
2.2178,2.2208,2011-01-04 13:30:59.426,Intermediário
2.2184,2.2214,2011-01-04 14:00:14.021,Intermediário
2.2158,2.2186,2011-01-04 14:30:19.362,Intermediário
2.2194,2.2224,2011-01-04 15:00:16.31,Intermediário
2.2204,2.2234,2011-01-04 15:30:21.296,Intermediário
2.2086,2.2115,2011-01-04 16:00:18.405,Intermediário
2.2136,2.2166,2011-01-04 16:30:14.364,Fechamento Interbancário
2.204,2.2054,2011-01-04 17:35:47.253,Fechamento
2.2013,2.2147,2011-01-05 09:22:12.958,Abertura
2.2046,2.2074,2011-01-05 09:30:13.558,Intermediário
2.2061,2.2089,2011-01-05 10:00:16.67,Intermediário
2.2003,2.2033,2011-01-05 10:30:15.765,Intermediário
2.1978,2.2006,2011-01-05 11:00:16.915,Intermediário
2.1918,2.1948,2011-01-05 11:30:14.226,Intermediário
2.1932,2.196,2011-01-05 12:00:19.274,Intermediário
2.1899,2.1927,2011-01-05 12:30:16.439,Intermediário
2.1867,2.1895,2011-01-05 13:00:23.436,Intermediário
2.1885,2.1913,2011-01-05 13:30:13.88,Intermediário
2.1937,2.1965,2011-01-05 14:00:16.54,Intermediário
2.2005,2.2033,2011-01-05 14:30:14.496,Intermediário
2.1981,2.201,2011-01-05 15:00:22.797,Intermediário
2.2055,2.2083,2011-01-05 15:31:09.018,Intermediário
2.2062,2.209,2011-01-05 16:00:14.924,Intermediário
2.2033,2.2063,2011-01-05 16:30:13.509,Fechamento Interbancário
2.2,2.2014,2011-01-05 17:35:38.994,Fechamento
2.2013,2.2146,2011-01-06 09:20:17.091,Abertura
2.2008,2.2043,2011-01-06 09:31:53.397,Intermediário
2.1964,2.1992,2011-01-06 10:01:04.016,Intermediário
2.1985,2.2013,2011-01-06 10:30:59.939,Intermediário
2.2017,2.2045,2011-01-06 11:00:15.813,Intermediário
2.2067,2.2095,2011-01-06 11:31:33.884,Intermediário
2.2064,2.2092,2011-01-06 12:00:16.516,Intermediário
2.2071,2.2099,2011-01-06 12:30:14.24,Intermediário
2.2115,2.2143,2011-01-06 13:01:11.902,Intermediário
2.2023,2.2052,2011-01-06 13:30:13.832,Intermediário
2.204,2.2068,2011-01-06 14:00:15.051,Intermediário
2.2025,2.2052,2011-01-06 14:30:13.232,Intermediário
2.1964,2.1991,2011-01-06 15:00:14.63,Intermediário
2.1947,2.1976,2011-01-06 15:30:11.99,Intermediário
2.1964,2.1991,2011-01-06 16:00:15.288,Intermediário
2.1928,2.1956,2011-01-06 16:30:12.931,Fechamento Interbancário
2.1914,2.1926,2011-01-06 17:37:47.462,Fechamento
2.1855,2.1986,2011-01-07 09:22:09.704,Abertura
2.1899,2.1927,2011-01-07 09:30:14.99,Intermediário
2.1871,2.19,2011-01-07 10:00:15.097,Intermediário
2.1879,2.1907,2011-01-07 10:30:12.364,Intermediário
2.1857,2.1885,2011-01-07 11:00:15.489,Intermediário
2.1955,2.199,2011-01-07 11:30:13.789,Intermediário
2.1823,2.1853,2011-01-07 12:00:18.667,Intermediário
2.1798,2.1826,2011-01-07 12:30:14.233,Intermediário
2.1774,2.1802,2011-01-07 13:00:20.952,Intermediário
2.1803,2.1831,2011-01-07 13:30:12.838,Intermediário
2.181,2.1837,2011-01-07 14:00:19.877,Intermediário
2.1798,2.1827,2011-01-07 14:30:20.395,Intermediário
2.182,2.1848,2011-01-07 15:00:16.024,Intermediário
2.1826,2.1853,2011-01-07 15:30:12.688,Intermediário
2.1801,2.183,2011-01-07 16:00:16.793,Intermediário
2.1772,2.18,2011-01-07 16:30:14.488,Fechamento Interbancário
2.1789,2.1801,2011-01-07 17:35:59.615,Fechamento
2.1816,2.1947,2011-01-10 09:20:11.906,Abertura
2.1855,2.1883,2011-01-10 09:30:13.748,Intermediário
2.1853,2.1881,2011-01-10 10:00:18.793,Intermediário
2.1821,2.1849,2011-01-10 10:30:15.012,Intermediário
2.1831,2.1846,2011-01-10 11:00:17.936,Intermediário
2.1839,2.1867,2011-01-10 11:30:14.548,Intermediário
2.1848,2.1877,2011-01-10 12:00:20.526,Intermediário
2.1849,2.1878,2011-01-10 12:30:15.625,Intermediário
2.1868,2.1897,2011-01-10 13:00:18.608,Intermediário
2.1892,2.192,2011-01-10 13:30:13.191,Intermediário
2.1906,2.1933,2011-01-10 14:00:16.447,Intermediário
2.1891,2.1919,2011-01-10 14:30:13.864,Intermediário
2.19,2.1927,2011-01-10 15:01:24.441,Intermediário
2.1891,2.1918,2011-01-10 15:31:17.234,Intermediário
2.1846,2.1874,2011-01-10 16:00:15.028,Intermediário
2.1825,2.1853,2011-01-10 16:30:13.565,Fechamento Interbancário
2.1882,2.1894,2011-01-10 17:35:22.996,Fechamento
2.1775,2.1906,2011-01-11 09:25:45.428,Abertura
2.1809,2.1837,2011-01-11 09:30:13.351,Intermediário
2.1862,2.1889,2011-01-11 10:00:16.662,Intermediário
2.1867,2.1895,2011-01-11 10:31:03.295,Intermediário
2.1896,2.1924,2011-01-11 11:00:15.529,Intermediário
2.1894,2.1923,2011-01-11 11:30:14.749,Intermediário
2.1891,2.1919,2011-01-11 12:00:21.972,Intermediário
2.1858,2.1885,2011-01-11 12:30:12.85,Intermediário
2.1794,2.1821,2011-01-11 13:00:17.52,Intermediário
2.1819,2.1847,2011-01-11 13:30:12.091,Intermediário
2.1844,2.1871,2011-01-11 14:00:13.324,Intermediário
2.1903,2.1931,2011-01-11 14:30:14.225,Intermediário
2.1916,2.1944,2011-01-11 15:00:15.886,Intermediário
2.1869,2.1896,2011-01-11 15:30:12.81,Intermediário
2.1877,2.1905,2011-01-11 16:00:17.49,Intermediário
2.1848,2.1877,2011-01-11 16:30:17.226,Fechamento Interbancário
2.1885,2.1899,2011-01-11 17:35:38.975,Fechamento
2.1745,2.1878,2011-01-12 09:24:08.403,Abertura
2.1759,2.1786,2011-01-12 09:30:13.396,Intermediário
2.179,2.1817,2011-01-12 10:02:30.952,Intermediário
2.1781,2.1809,2011-01-12 10:30:13.073,Intermediário
2.1801,2.1831,2011-01-12 11:00:15.666,Intermediário
2.1792,2.1821,2011-01-12 11:30:13.219,Intermediário
2.184,2.1867,2011-01-12 12:00:16.686,Intermediário
2.1883,2.1911,2011-01-12 12:30:12.452,Intermediário
2.1881,2.1909,2011-01-12 13:00:18.96,Intermediário
2.1884,2.1912,2011-01-12 13:30:12.973,Intermediário
2.1877,2.1905,2011-01-12 14:00:15.9,Intermediário
2.1866,2.1894,2011-01-12 14:31:00.114,Intermediário
2.1876,2.1904,2011-01-12 15:00:15.395,Intermediário
2.1953,2.1982,2011-01-12 15:30:12.538,Intermediário
2.1912,2.194,2011-01-12 16:00:14.597,Intermediário
2.1988,2.2017,2011-01-12 16:30:12.824,Fechamento Interbancário
2.2007,2.2021,2011-01-12 17:35:16.886,Fechamento
2.1894,2.2027,2011-01-13 09:18:32.031,Abertura
2.1952,2.198,2011-01-13 09:30:19.726,Intermediário
2.1969,2.1997,2011-01-13 10:00:23.962,Intermediário
2.201,2.2038,2011-01-13 10:30:19.346,Intermediário
2.2022,2.2051,2011-01-13 11:00:22.562,Intermediário
2.2076,2.2106,2011-01-13 11:32:10.657,Intermediário
2.2159,2.2188,2011-01-13 12:01:03.116,Intermediário
2.2194,2.2223,2011-01-13 12:30:21.01,Intermediário
2.2204,2.2234,2011-01-13 13:00:23.526,Intermediário
2.2243,2.2271,2011-01-13 13:30:18.875,Intermediário
2.2241,2.2269,2011-01-13 14:03:34.577,Intermediário
2.2266,2.2294,2011-01-13 14:30:18.973,Intermediário
2.2271,2.2301,2011-01-13 15:00:20.819,Intermediário
2.234,2.2368,2011-01-13 15:30:19.388,Intermediário
2.2305,2.2335,2011-01-13 16:00:20.806,Intermediário
2.2283,2.2311,2011-01-13 16:30:18.481,Fechamento Interbancário
2.2314,2.2326,2011-01-13 17:36:15.942,Fechamento
2.2468,2.2604,2011-01-14 09:24:21.758,Abertura
2.2492,2.252,2011-01-14 09:30:20.567,Intermediário
2.2473,2.2502,2011-01-14 10:00:20.65,Intermediário
2.2478,2.2506,2011-01-14 10:30:18.617,Intermediário
2.2478,2.2506,2011-01-14 11:00:22.572,Intermediário
2.2522,2.2552,2011-01-14 11:30:23.562,Intermediário
2.2488,2.2517,2011-01-14 12:00:24.396,Intermediário
2.2517,2.2545,2011-01-14 12:30:19.685,Intermediário
2.2555,2.2585,2011-01-14 13:00:25.539,Intermediário
2.2538,2.2569,2011-01-14 13:30:18.938,Intermediário
2.2527,2.2557,2011-01-14 14:00:22.222,Intermediário
2.245,2.2478,2011-01-14 14:30:19.218,Intermediário
2.2401,2.2429,2011-01-14 15:00:20.26,Intermediário
2.2433,2.2461,2011-01-14 15:30:21.005,Intermediário
2.246,2.2488,2011-01-14 16:00:26.525,Intermediário
2.246,2.2488,2011-01-14 16:30:20.186,Fechamento Interbancário
2.2466,2.2479,2011-01-14 17:35:45.638,Fechamento
2.2299,2.2433,2011-01-17 09:22:25.943,Abertura
2.2345,2.2375,2011-01-17 09:30:19.874,Intermediário
2.2373,2.2403,2011-01-17 10:00:20.814,Intermediário
2.2376,2.2406,2011-01-17 10:30:17.933,Intermediário
2.2358,2.2386,2011-01-17 11:00:21.455,Intermediário
2.2339,2.2367,2011-01-17 11:31:16.397,Intermediário
2.2324,2.2352,2011-01-17 12:00:23.061,Intermediário
2.2325,2.2354,2011-01-17 12:30:20.852,Intermediário
2.2359,2.2387,2011-01-17 13:01:13.795,Intermediário
2.2349,2.2377,2011-01-17 13:30:21.142,Intermediário
2.2344,2.2375,2011-01-17 14:07:02.472,Intermediário
2.2347,2.2377,2011-01-17 14:34:54.577,Intermediário
2.2351,2.2379,2011-01-17 15:00:20.382,Intermediário
2.234,2.2369,2011-01-17 15:30:18.778,Intermediário
2.2346,2.2375,2011-01-17 16:00:20.582,Intermediário
2.2356,2.2384,2011-01-17 16:30:19.854,Fechamento Interbancário
2.2356,2.2368,2011-01-17 17:35:46.545,Fechamento
2.237,2.2505,2011-01-18 09:22:24.748,Abertura
2.2427,2.2455,2011-01-18 09:30:57.374,Intermediário
2.243,2.2458,2011-01-18 10:00:24.762,Intermediário
2.2427,2.2455,2011-01-18 10:30:18.834,Intermediário
2.2411,2.244,2011-01-18 11:00:20.567,Intermediário
2.2395,2.2425,2011-01-18 11:30:20.455,Intermediário
2.2398,2.2428,2011-01-18 12:00:20.788,Intermediário
2.241,2.2438,2011-01-18 12:30:23.103,Intermediário
2.2478,2.2507,2011-01-18 13:00:21.621,Intermediário
2.2435,2.2463,2011-01-18 13:30:19.645,Intermediário
2.2386,2.2415,2011-01-18 14:04:01.322,Intermediário
2.2403,2.2432,2011-01-18 14:30:18.014,Intermediário
2.2403,2.2432,2011-01-18 15:01:35.817,Intermediário
2.2341,2.237,2011-01-18 15:30:19.263,Intermediário
2.2383,2.2411,2011-01-18 16:00:21.862,Intermediário
2.2406,2.2435,2011-01-18 16:31:02.933,Fechamento Interbancário
2.2376,2.2388,2011-01-18 17:35:28.568,Fechamento
2.2392,2.2529,2011-01-19 09:20:31.961,Abertura
2.2439,2.2468,2011-01-19 09:30:21.421,Intermediário
2.2451,2.248,2011-01-19 10:00:21.832,Intermediário
2.2493,2.2522,2011-01-19 10:30:20.89,Intermediário
2.2555,2.2583,2011-01-19 11:00:20.167,Intermediário
2.2526,2.2557,2011-01-19 11:30:22.438,Intermediário
2.2521,2.255,2011-01-19 12:01:13.457,Intermediário
2.2548,2.2579,2011-01-19 12:30:18.603,Intermediário
2.2516,2.2545,2011-01-19 13:00:22.391,Intermediário
2.2488,2.2517,2011-01-19 13:30:21.305,Intermediário
2.2533,2.2562,2011-01-19 14:00:25.451,Intermediário
2.2538,2.2567,2011-01-19 14:30:37.845,Intermediário
2.2535,2.2565,2011-01-19 15:00:25.768,Intermediário
2.2532,2.2562,2011-01-19 15:30:19.1,Intermediário
2.2542,2.2571,2011-01-19 16:00:20.305,Intermediário
2.2538,2.2567,2011-01-19 16:30:18.377,Fechamento Interbancário
2.2533,2.2546,2011-01-19 17:36:13.773,Fechamento
2.2469,2.2606,2011-01-20 09:16:33.074,Abertura
2.2535,2.2564,2011-01-20 09:30:20.287,Intermediário
2.2494,2.2523,2011-01-20 10:00:22.341,Intermediário
2.2526,2.2555,2011-01-20 10:30:17.786,Intermediário
2.2478,2.2507,2011-01-20 11:00:21.809,Intermediário
2.2478,2.2507,2011-01-20 11:30:19.958,Intermediário
2.248,2.2509,2011-01-20 12:01:37.587,Intermediário
2.2465,2.2493,2011-01-20 12:31:03.48,Intermediário
2.249,2.252,2011-01-20 13:00:21.611,Intermediário
2.2453,2.2482,2011-01-20 13:30:19.702,Intermediário
2.2463,2.2492,2011-01-20 14:00:21.443,Intermediário
2.2457,2.2485,2011-01-20 14:30:23.069,Intermediário
2.2492,2.252,2011-01-20 15:01:34.598,Intermediário
2.2522,2.2551,2011-01-20 15:30:21.087,Intermediário
2.2492,2.252,2011-01-20 16:00:21.774,Intermediário
2.2458,2.2487,2011-01-20 16:30:20.795,Fechamento Interbancário
2.2468,2.248,2011-01-20 17:39:32.358,Fechamento
2.258,2.2717,2011-01-21 09:24:22.186,Abertura
2.2626,2.2654,2011-01-21 09:31:04.489,Intermediário
2.2572,2.26,2011-01-21 10:00:18.762,Intermediário
2.2605,2.2634,2011-01-21 10:36:39.69,Intermediário
2.2598,2.2627,2011-01-21 11:00:20.238,Intermediário
2.2619,2.2649,2011-01-21 11:30:17.542,Intermediário
2.2651,2.2679,2011-01-21 12:00:20.505,Intermediário
2.2654,2.2683,2011-01-21 12:30:32.138,Intermediário
2.2639,2.2667,2011-01-21 13:00:36.376,Intermediário
2.2642,2.2671,2011-01-21 13:30:17.941,Intermediário
2.2675,2.2704,2011-01-21 14:00:34.682,Intermediário
2.2667,2.2696,2011-01-21 14:30:17.209,Intermediário
2.2677,2.2706,2011-01-21 15:00:20.017,Intermediário
2.2678,2.2707,2011-01-21 15:30:16.311,Intermediário
2.2699,2.2728,2011-01-21 16:00:19.789,Intermediário
2.2717,2.2746,2011-01-21 16:30:17.081,Fechamento Interbancário
2.2724,2.2737,2011-01-21 17:35:52.719,Fechamento
2.2645,2.2784,2011-01-24 10:04:28.839,Abertura
2.2662,2.2694,2011-01-24 10:10:21.958,Intermediário
2.2678,2.2711,2011-01-24 10:13:43.003,Intermediário
2.2677,2.2706,2011-01-24 10:30:17.327,Intermediário
2.2685,2.2714,2011-01-24 11:00:18.071,Intermediário
2.2711,2.2739,2011-01-24 11:30:16.748,Intermediário
2.277,2.2799,2011-01-24 12:00:18.475,Intermediário
2.2741,2.2772,2011-01-24 12:30:16.521,Intermediário
2.2808,2.2837,2011-01-24 13:00:36.835,Intermediário
2.2796,2.2825,2011-01-24 13:30:19.347,Intermediário
2.2837,2.2866,2011-01-24 14:00:18.4,Intermediário
2.2832,2.2861,2011-01-24 14:31:07.178,Intermediário
2.2789,2.2818,2011-01-24 15:00:21.126,Intermediário
2.2784,2.2812,2011-01-24 15:30:16.345,Intermediário
2.2784,2.2813,2011-01-24 16:00:18.836,Intermediário
2.2785,2.2814,2011-01-24 16:30:18.886,Fechamento Interbancário
2.2817,2.2829,2011-01-24 17:36:18.799,Fechamento
2.2693,2.2834,2011-01-25 09:58:31.063,Abertura
2.2778,2.2808,2011-01-25 10:03:23.578,Intermediário
2.2755,2.2786,2011-01-25 10:06:07.784,Intermediário
2.2749,2.2778,2011-01-25 10:41:51.842,Intermediário
2.2685,2.2714,2011-01-25 11:07:24.059,Intermediário
2.2735,2.2764,2011-01-25 11:30:27.96,Intermediário
2.2734,2.2763,2011-01-25 12:05:18.578,Intermediário
2.2722,2.2751,2011-01-25 12:30:17.769,Intermediário
2.2767,2.2798,2011-01-25 13:22:59.107,Intermediário
2.2839,2.287,2011-01-25 13:30:21.93,Intermediário
2.2839,2.2868,2011-01-25 14:00:19.529,Intermediário
2.2744,2.2773,2011-01-25 14:30:35.354,Intermediário
2.2774,2.2802,2011-01-25 15:00:19.462,Intermediário
2.279,2.2819,2011-01-25 15:30:16.768,Intermediário
2.2772,2.2801,2011-01-25 16:00:18.266,Intermediário
2.2762,2.2791,2011-01-25 16:31:16.039,Fechamento Interbancário
2.2826,2.2839,2011-01-25 17:36:01.933,Fechamento
2.2802,2.2941,2011-01-26 09:12:19.629,Abertura
2.2835,2.2864,2011-01-26 09:30:17.966,Intermediário
2.2825,2.2854,2011-01-26 10:00:25.179,Intermediário
2.2841,2.287,2011-01-26 10:30:16.379,Intermediário
2.2854,2.2883,2011-01-26 11:00:19.242,Intermediário
2.2835,2.2864,2011-01-26 12:13:29.214,Intermediário
2.2808,2.2839,2011-01-26 12:16:21.305,Intermediário
2.281,2.2839,2011-01-26 12:30:20.819,Intermediário
2.2795,2.2824,2011-01-26 13:00:17.888,Intermediário
2.281,2.2839,2011-01-26 13:30:15.556,Intermediário
2.2837,2.2866,2011-01-26 14:00:18.711,Intermediário
2.2815,2.2844,2011-01-26 14:30:16.595,Intermediário
2.2832,2.2861,2011-01-26 15:00:19.96,Intermediário
2.282,2.2849,2011-01-26 15:30:15.442,Intermediário
2.284,2.2869,2011-01-26 16:00:17.919,Intermediário
2.2804,2.2834,2011-01-26 16:30:16.68,Fechamento Interbancário
2.2795,2.281,2011-01-26 17:39:07.449,Fechamento
2.2835,2.2974,2011-01-27 09:10:31.022,Abertura
2.2802,2.2831,2011-01-27 09:30:18.188,Intermediário
2.2814,2.2843,2011-01-27 10:00:18.74,Intermediário
2.2832,2.2861,2011-01-27 10:30:16.538,Intermediário
2.2844,2.2873,2011-01-27 11:01:29.896,Intermediário
2.2914,2.2943,2011-01-27 11:30:18.21,Intermediário
2.2915,2.2946,2011-01-27 12:00:22.421,Intermediário
2.2917,2.2946,2011-01-27 12:30:16.172,Intermediário
2.2914,2.2943,2011-01-27 13:00:17.046,Intermediário
2.2939,2.2968,2011-01-27 13:31:37.067,Intermediário
2.2955,2.2984,2011-01-27 14:00:18.955,Intermediário
2.2906,2.2937,2011-01-27 14:30:17.096,Intermediário
2.2898,2.2927,2011-01-27 15:00:19.591,Intermediário
2.2939,2.2968,2011-01-27 15:30:15.966,Intermediário
2.2977,2.3006,2011-01-27 16:00:18.743,Intermediário
2.2987,2.3016,2011-01-27 16:30:16.078,Fechamento Interbancário
2.2907,2.292,2011-01-27 17:36:05.539,Fechamento
2.2922,2.3061,2011-01-28 09:22:19.869,Abertura
2.2987,2.3017,2011-01-28 09:30:16.589,Intermediário
2.2967,2.2996,2011-01-28 10:01:14.938,Intermediário
2.2983,2.3012,2011-01-28 10:30:16.501,Intermediário
2.2974,2.3003,2011-01-28 11:00:21.358,Intermediário
2.3006,2.3035,2011-01-28 11:30:16.645,Intermediário
2.2939,2.2968,2011-01-28 12:00:21.95,Intermediário
2.29,2.2929,2011-01-28 12:30:21.823,Intermediário
2.2939,2.2968,2011-01-28 13:00:21.28,Intermediário
2.2848,2.2877,2011-01-28 13:30:17.505,Intermediário
2.289,2.2919,2011-01-28 14:00:23.198,Intermediário
2.2885,2.2915,2011-01-28 14:31:08.285,Intermediário
2.2892,2.2923,2011-01-28 15:00:20.141,Intermediário
2.2879,2.2907,2011-01-28 15:30:15.857,Intermediário
2.2907,2.2936,2011-01-28 16:00:19.086,Intermediário
2.2874,2.2904,2011-01-28 16:30:16.641,Fechamento Interbancário
2.2798,2.2812,2011-01-28 17:36:01.111,Fechamento
2.2816,2.2954,2011-01-31 09:17:26.267,Abertura
2.2853,2.2882,2011-01-31 09:30:16.788,Intermediário
2.2858,2.2887,2011-01-31 10:00:17.681,Intermediário
2.2898,2.2927,2011-01-31 10:30:16.536,Intermediário
2.292,2.2949,2011-01-31 11:00:20.154,Intermediário
2.2927,2.2956,2011-01-31 11:30:17.75,Intermediário
2.2963,2.2993,2011-01-31 12:00:21.057,Intermediário
2.2975,2.3004,2011-01-31 12:30:20.701,Intermediário
2.2981,2.301,2011-01-31 13:00:23.248,Intermediário
2.3023,2.3052,2011-01-31 13:30:16.592,Intermediário
2.2976,2.3005,2011-01-31 14:00:18.324,Intermediário
2.292,2.2949,2011-01-31 14:30:17.071,Intermediário
2.2944,2.2973,2011-01-31 15:00:19.26,Intermediário
2.293,2.2959,2011-01-31 15:30:17.458,Intermediário
2.2906,2.2935,2011-01-31 16:00:20.13,Intermediário
2.2891,2.292,2011-01-31 16:30:17.534,Fechamento Interbancário
2.29,2.2912,2011-01-31 17:36:10.585,Fechamento
2.2822,2.2962,2011-02-01 09:16:16.609,Abertura
2.2872,2.2901,2011-02-01 09:30:16.116,Intermediário
2.2881,2.291,2011-02-01 10:00:18.993,Intermediário
2.285,2.2879,2011-02-01 10:46:34.883,Intermediário
2.2921,2.295,2011-02-01 11:00:17.952,Intermediário
2.2896,2.2927,2011-02-01 11:30:16.681,Intermediário
2.2868,2.2898,2011-02-01 12:00:21.682,Intermediário
2.2908,2.2937,2011-02-01 12:30:16.804,Intermediário
2.2863,2.2894,2011-02-01 13:01:19.424,Intermediário
2.2893,2.2922,2011-02-01 13:30:20.365,Intermediário
2.2933,2.2964,2011-02-01 14:00:19.17,Intermediário
2.2897,2.2926,2011-02-01 14:30:15.293,Intermediário
2.2907,2.2936,2011-02-01 15:00:17.679,Intermediário
2.2931,2.2961,2011-02-01 15:31:34.234,Intermediário
2.2965,2.2994,2011-02-01 16:01:37.22,Intermediário
2.2989,2.3018,2011-02-01 16:30:15.77,Fechamento Interbancário
2.2993,2.3006,2011-02-01 17:35:29.186,Fechamento
2.2978,2.3118,2011-02-02 09:24:19.019,Abertura
2.3001,2.303,2011-02-02 09:30:16.826,Intermediário
2.2987,2.3017,2011-02-02 10:00:16.893,Intermediário
2.2957,2.2986,2011-02-02 10:30:17.378,Intermediário
2.296,2.2989,2011-02-02 11:00:17.25,Intermediário
2.2982,2.3011,2011-02-02 11:30:16.553,Intermediário
2.2953,2.2984,2011-02-02 12:00:18.816,Intermediário
2.2947,2.2976,2011-02-02 12:30:18.526,Intermediário
2.2965,2.2994,2011-02-02 13:00:21.556,Intermediário
2.2977,2.3006,2011-02-02 13:30:21.664,Intermediário
2.2977,2.3006,2011-02-02 14:00:20.926,Intermediário
2.2958,2.2987,2011-02-02 14:30:16.803,Intermediário
2.2927,2.2956,2011-02-02 15:00:18.096,Intermediário
2.2932,2.2961,2011-02-02 15:31:07.76,Intermediário
2.2974,2.3003,2011-02-02 16:00:18.835,Intermediário
2.2972,2.3002,2011-02-02 16:31:04.883,Fechamento Interbancário
2.2977,2.2989,2011-02-02 17:36:11.33,Fechamento
2.2911,2.305,2011-02-03 09:16:27.482,Abertura
2.2929,2.2958,2011-02-03 09:30:16.16,Intermediário
2.2935,2.2964,2011-02-03 10:00:17.92,Intermediário
2.2927,2.2958,2011-02-03 10:30:15.559,Intermediário
2.2917,2.2947,2011-02-03 11:00:19.78,Intermediário
2.2925,2.2955,2011-02-03 11:30:17.395,Intermediário
2.2776,2.2805,2011-02-03 12:00:20.132,Intermediário
2.28,2.2829,2011-02-03 12:30:17.712,Intermediário
2.2743,2.2772,2011-02-03 13:01:39.678,Intermediário
2.2747,2.2775,2011-02-03 13:31:34.128,Intermediário
2.2735,2.2764,2011-02-03 14:00:17.213,Intermediário
2.2757,2.2786,2011-02-03 14:30:17.388,Intermediário
2.2758,2.2789,2011-02-03 15:00:18.936,Intermediário
2.2758,2.2789,2011-02-03 15:30:16.197,Intermediário
2.2765,2.2794,2011-02-03 16:00:17.653,Intermediário
2.2742,2.277,2011-02-03 16:30:17.103,Fechamento Interbancário
2.2754,2.2766,2011-02-03 17:35:34.51,Fechamento
2.2646,2.2784,2011-02-04 09:24:17.092,Abertura
2.2709,2.2738,2011-02-04 09:30:16.752,Intermediário
2.2692,2.2721,2011-02-04 10:00:17.518,Intermediário
2.2687,2.2716,2011-02-04 10:30:15.345,Intermediário
2.2692,2.2721,2011-02-04 11:00:16.766,Intermediário
2.2737,2.2773,2011-02-04 11:30:17.873,Intermediário
2.2614,2.2643,2011-02-04 12:55:01.452,Intermediário
2.2679,2.2707,2011-02-04 12:59:41.099,Intermediário
2.2666,2.2694,2011-02-04 13:01:33.452,Intermediário
2.2664,2.2693,2011-02-04 13:30:19.898,Intermediário
2.2649,2.2678,2011-02-04 14:00:19.345,Intermediário
2.2733,2.2762,2011-02-04 14:30:19.057,Intermediário
2.2735,2.2765,2011-02-04 15:00:19.462,Intermediário
2.2745,2.2774,2011-02-04 15:30:17.775,Intermediário
2.2747,2.2775,2011-02-04 16:00:18.182,Intermediário
2.2741,2.277,2011-02-04 16:30:16.113,Fechamento Interbancário
2.2728,2.274,2011-02-04 17:35:28.524,Fechamento
2.2661,2.2798,2011-02-07 09:20:28.978,Abertura
2.2696,2.2725,2011-02-07 09:30:18.875,Intermediário
2.2685,2.2713,2011-02-07 10:00:19.95,Intermediário
2.2686,2.2715,2011-02-07 10:34:57.348,Intermediário
2.2713,2.2742,2011-02-07 11:00:22.615,Intermediário
2.2696,2.2725,2011-02-07 11:30:16.888,Intermediário
2.2646,2.2675,2011-02-07 12:00:24.872,Intermediário
2.2665,2.2693,2011-02-07 12:30:20.638,Intermediário
2.2641,2.267,2011-02-07 13:00:20.264,Intermediário
2.2683,2.2712,2011-02-07 13:30:17.386,Intermediário
2.2707,2.2737,2011-02-07 14:00:20.814,Intermediário
2.272,2.2749,2011-02-07 14:30:19.066,Intermediário
2.2718,2.2747,2011-02-07 15:00:22.978,Intermediário
2.272,2.2749,2011-02-07 15:30:18.956,Intermediário
2.273,2.2759,2011-02-07 16:00:19.964,Intermediário
2.2755,2.2786,2011-02-07 16:30:21.116,Fechamento Interbancário
2.2739,2.2753,2011-02-07 17:35:26.278,Fechamento
2.2819,2.2958,2011-02-08 09:18:27.133,Abertura
2.287,2.2899,2011-02-08 09:30:17.152,Intermediário
2.2887,2.2916,2011-02-08 10:00:20.492,Intermediário
2.2854,2.2883,2011-02-08 10:30:18.792,Intermediário
2.2849,2.2879,2011-02-08 11:00:22.837,Intermediário
2.2854,2.2883,2011-02-08 11:30:19.327,Intermediário
2.2812,2.2841,2011-02-08 12:00:23.282,Intermediário
2.2825,2.2854,2011-02-08 12:30:16.959,Intermediário
2.2759,2.2774,2011-02-08 13:00:20.021,Intermediário
2.2802,2.2818,2011-02-08 13:30:16.958,Intermediário
2.2805,2.2834,2011-02-08 14:00:24.599,Intermediário
2.2817,2.2847,2011-02-08 14:30:16.663,Intermediário
2.2827,2.2856,2011-02-08 15:00:19.46,Intermediário
2.2793,2.2822,2011-02-08 15:30:22.562,Intermediário
2.2754,2.2783,2011-02-08 16:00:25.722,Intermediário
2.2719,2.2748,2011-02-08 16:30:21.071,Fechamento Interbancário
2.2791,2.2804,2011-02-08 17:36:17.567,Fechamento
2.2682,2.282,2011-02-09 09:29:19.417,Abertura
2.2745,2.2774,2011-02-09 09:35:35.173,Intermediário
2.2714,2.2743,2011-02-09 10:00:21.724,Intermediário
2.2755,2.2784,2011-02-09 10:30:18.218,Intermediário
2.2767,2.2795,2011-02-09 11:01:28.105,Intermediário
2.2767,2.2796,2011-02-09 11:30:19.973,Intermediário
2.2786,2.2815,2011-02-09 12:00:22.851,Intermediário
2.2806,2.2835,2011-02-09 12:30:20.629,Intermediário
2.279,2.2819,2011-02-09 13:00:21.675,Intermediário
2.28,2.283,2011-02-09 13:30:17.894,Intermediário
2.2767,2.2796,2011-02-09 14:00:24.68,Intermediário
2.2706,2.2735,2011-02-09 14:30:19.756,Intermediário
2.276,2.2789,2011-02-09 15:00:22.694,Intermediário
2.2777,2.2808,2011-02-09 15:31:28.489,Intermediário
2.2757,2.2772,2011-02-09 16:00:19.24,Intermediário
2.2775,2.2804,2011-02-09 16:30:17.093,Fechamento Interbancário
2.2837,2.2849,2011-02-09 17:35:59.365,Fechamento
2.2611,2.2748,2011-02-10 09:24:33.49,Abertura
2.2667,2.2696,2011-02-10 09:30:16.774,Intermediário
2.2699,2.2728,2011-02-10 10:00:18.783,Intermediário
2.2704,2.2733,2011-02-10 10:30:14.637,Intermediário
2.2694,2.2723,2011-02-10 11:00:19.551,Intermediário
2.2685,2.2715,2011-02-10 11:30:18.309,Intermediário
2.2678,2.2707,2011-02-10 12:01:16.692,Intermediário
2.2683,2.2712,2011-02-10 12:30:18.16,Intermediário
2.2665,2.2693,2011-02-10 13:00:22.122,Intermediário
2.2646,2.2675,2011-02-10 13:30:17.262,Intermediário
2.2688,2.2717,2011-02-10 14:01:44.55,Intermediário
2.2728,2.2757,2011-02-10 14:30:17.106,Intermediário
2.2738,2.2767,2011-02-10 15:00:19.546,Intermediário
2.2711,2.274,2011-02-10 15:30:16.719,Intermediário
2.274,2.2769,2011-02-10 16:00:20.444,Intermediário
2.2732,2.2761,2011-02-10 16:30:19.617,Fechamento Interbancário
2.2707,2.272,2011-02-10 17:36:02.75,Fechamento
2.256,2.2697,2011-02-11 09:23:43.302,Abertura
2.2617,2.2646,2011-02-11 09:30:13.28,Intermediário
2.259,2.2619,2011-02-11 10:00:14.577,Intermediário
2.258,2.2609,2011-02-11 10:31:09.866,Intermediário
2.2587,2.2615,2011-02-11 11:00:14.939,Intermediário
2.258,2.2609,2011-02-11 11:30:13.129,Intermediário
2.2545,2.2573,2011-02-11 12:00:17.107,Intermediário
2.2533,2.2562,2011-02-11 12:30:13.406,Intermediário
2.2566,2.2595,2011-02-11 13:00:17.684,Intermediário
2.2572,2.2603,2011-02-11 13:30:13.684,Intermediário
2.2559,2.2588,2011-02-11 14:00:15.458,Intermediário
2.2529,2.2559,2011-02-11 14:30:16.663,Intermediário
2.2506,2.2535,2011-02-11 15:00:17.233,Intermediário
2.2502,2.2531,2011-02-11 15:31:30.136,Intermediário
2.2514,2.2543,2011-02-11 16:00:19.518,Intermediário
2.2516,2.2545,2011-02-11 16:30:13.297,Fechamento Interbancário
2.2544,2.2557,2011-02-11 17:35:25.488,Fechamento
2.2419,2.2556,2011-02-14 09:18:09.659,Abertura
2.2461,2.249,2011-02-14 09:30:13.494,Intermediário
2.2453,2.2482,2011-02-14 10:00:18.066,Intermediário
2.245,2.2478,2011-02-14 10:30:13.462,Intermediário
2.242,2.2448,2011-02-14 11:00:17.175,Intermediário
2.241,2.2438,2011-02-14 11:30:15.069,Intermediário
2.2436,2.2465,2011-02-14 12:00:25.78,Intermediário
2.2416,2.2445,2011-02-14 12:30:19.03,Intermediário
2.2461,2.249,2011-02-14 13:00:19.29,Intermediário
2.2488,2.2518,2011-02-14 13:30:16.176,Intermediário
2.2426,2.2455,2011-02-14 14:00:16.437,Intermediário
2.2449,2.248,2011-02-14 14:30:16.59,Intermediário
2.2446,2.2475,2011-02-14 15:00:16.2,Intermediário
2.2473,2.2501,2011-02-14 15:31:08.309,Intermediário
2.2496,2.2525,2011-02-14 16:04:03.743,Intermediário
2.2478,2.2506,2011-02-14 16:30:42.391,Fechamento Interbancário
2.2482,2.2494,2011-02-14 17:35:22.08,Fechamento
2.2458,2.2595,2011-02-15 09:24:09.228,Abertura
2.2516,2.2544,2011-02-15 09:30:14.071,Intermediário
2.2522,2.2551,2011-02-15 10:00:17.721,Intermediário
2.2529,2.2558,2011-02-15 10:30:13.217,Intermediário
2.2518,2.2546,2011-02-15 11:00:18.331,Intermediário
2.2498,2.2526,2011-02-15 11:30:17.263,Intermediário
2.2533,2.2561,2011-02-15 12:00:21.905,Intermediário
2.2516,2.2545,2011-02-15 12:30:18.878,Intermediário
2.2551,2.258,2011-02-15 13:00:23.109,Intermediário
2.2523,2.2552,2011-02-15 13:30:23.287,Intermediário
2.2543,2.2572,2011-02-15 14:00:17.976,Intermediário
2.2521,2.255,2011-02-15 14:30:14.205,Intermediário
2.2506,2.2535,2011-02-15 15:00:19.155,Intermediário
2.2511,2.254,2011-02-15 15:30:58.761,Intermediário
2.2548,2.2577,2011-02-15 16:00:16.155,Intermediário
2.2531,2.256,2011-02-15 16:30:12.108,Fechamento Interbancário
2.2523,2.2536,2011-02-15 17:35:40.077,Fechamento
2.2475,2.2612,2011-02-16 09:16:09.313,Abertura
2.2519,2.2548,2011-02-16 09:30:14.538,Intermediário
2.2536,2.2565,2011-02-16 10:00:14.362,Intermediário
2.251,2.2538,2011-02-16 10:30:13.673,Intermediário
2.2526,2.2555,2011-02-16 11:00:17.731,Intermediário
2.2493,2.2521,2011-02-16 11:30:13.649,Intermediário
2.2466,2.2495,2011-02-16 12:00:17.445,Intermediário
2.2501,2.253,2011-02-16 12:30:53.29,Intermediário
2.2498,2.2527,2011-02-16 13:00:18.538,Intermediário
2.2501,2.253,2011-02-16 13:31:15.35,Intermediário
2.2558,2.2587,2011-02-16 14:00:20.598,Intermediário
2.2605,2.2634,2011-02-16 14:30:16.321,Intermediário
2.2639,2.2669,2011-02-16 15:00:20.568,Intermediário
2.2665,2.2696,2011-02-16 15:30:14.009,Intermediário
2.263,2.2659,2011-02-16 16:00:13.168,Intermediário
2.2665,2.2694,2011-02-16 16:30:14.318,Fechamento Interbancário
2.266,2.2672,2011-02-16 17:38:49.723,Fechamento
2.2577,2.2715,2011-02-17 09:18:10.614,Abertura
2.2628,2.2657,2011-02-17 09:31:04.877,Intermediário
2.2625,2.2654,2011-02-17 10:00:16.749,Intermediário
2.2625,2.2654,2011-02-17 10:30:12.321,Intermediário
2.2655,2.2684,2011-02-17 11:00:15.886,Intermediário
2.2605,2.2635,2011-02-17 11:30:14.155,Intermediário
2.2642,2.267,2011-02-17 12:00:17.75,Intermediário
2.2675,2.2704,2011-02-17 12:30:57.204,Intermediário
2.2668,2.2699,2011-02-17 13:00:19.763,Intermediário
2.2685,2.2879,2011-02-17 13:31:14.467,Intermediário
2.2609,2.2638,2011-02-17 14:00:17.274,Intermediário
2.261,2.2639,2011-02-17 14:30:14.705,Intermediário
2.2618,2.2647,2011-02-17 15:00:16.908,Intermediário
2.26,2.2628,2011-02-17 15:30:12.751,Intermediário
2.2581,2.261,2011-02-17 16:00:14.425,Intermediário
2.2598,2.2627,2011-02-17 16:30:12.645,Fechamento Interbancário
2.2656,2.2669,2011-02-17 17:35:30.731,Fechamento
2.2473,2.261,2011-02-18 09:16:10.986,Abertura
2.2526,2.2555,2011-02-18 09:30:14.04,Intermediário
2.2503,2.2532,2011-02-18 10:00:15.371,Intermediário
2.2552,2.2581,2011-02-18 10:30:16.392,Intermediário
2.265,2.2679,2011-02-18 11:00:19.358,Intermediário
2.2723,2.2752,2011-02-18 11:30:13.554,Intermediário
2.2746,2.2775,2011-02-18 12:00:21.053,Intermediário
2.2693,2.2722,2011-02-18 12:30:21.816,Intermediário
2.2723,2.2752,2011-02-18 13:01:12.141,Intermediário
2.2716,2.2745,2011-02-18 13:30:15.574,Intermediário
2.2733,2.2762,2011-02-18 14:00:16.524,Intermediário
2.2781,2.281,2011-02-18 14:30:15.822,Intermediário
2.2761,2.279,2011-02-18 15:00:20.804,Intermediário
2.2742,2.2771,2011-02-18 15:30:14.721,Intermediário
2.2725,2.2754,2011-02-18 16:00:26.125,Intermediário
2.2743,2.2774,2011-02-18 16:30:14.892,Fechamento Interbancário
2.281,2.2824,2011-02-18 17:37:41.925,Fechamento
2.2709,2.2847,2011-02-21 09:20:13.372,Abertura
2.2755,2.2784,2011-02-21 09:30:13.948,Intermediário
2.2749,2.2778,2011-02-21 10:00:14.48,Intermediário
2.273,2.2759,2011-02-21 10:32:27.495,Intermediário
2.2739,2.2768,2011-02-21 11:00:15.638,Intermediário
2.2735,2.2764,2011-02-21 11:30:12.753,Intermediário
2.2734,2.2763,2011-02-21 12:00:14.911,Intermediário
2.2727,2.2756,2011-02-21 12:30:14.984,Intermediário
2.2786,2.2815,2011-02-21 13:00:19.45,Intermediário
2.2811,2.284,2011-02-21 13:30:11.974,Intermediário
2.2772,2.2801,2011-02-21 14:00:14.68,Intermediário
2.2761,2.279,2011-02-21 14:30:12.702,Intermediário
2.2793,2.2822,2011-02-21 15:00:17.109,Intermediário
2.28,2.2829,2011-02-21 15:30:12.826,Intermediário
2.2798,2.2829,2011-02-21 16:00:13.782,Intermediário
2.2784,2.2813,2011-02-21 16:30:14.344,Fechamento Interbancário
2.2783,2.2795,2011-02-21 17:35:23.05,Fechamento
2.2755,2.2894,2011-02-22 09:30:23.264,Abertura
2.281,2.2841,2011-02-22 09:31:59.387,Intermediário
2.2807,2.2836,2011-02-22 10:00:17.105,Intermediário
2.2832,2.2861,2011-02-22 10:30:16.636,Intermediário
2.2781,2.281,2011-02-22 11:00:16.698,Intermediário
2.2788,2.2817,2011-02-22 11:33:49.597,Intermediário
2.2784,2.2815,2011-02-22 12:00:21.053,Intermediário
2.2804,2.2833,2011-02-22 12:30:13.492,Intermediário
2.2788,2.2818,2011-02-22 13:00:16.978,Intermediário
2.2745,2.2774,2011-02-22 13:31:04.756,Intermediário
2.2746,2.2775,2011-02-22 14:00:20.843,Intermediário
2.2758,2.2787,2011-02-22 14:31:14.26,Intermediário
2.2778,2.2807,2011-02-22 15:01:49.088,Intermediário
2.2808,2.2837,2011-02-22 15:30:14.325,Intermediário
2.2788,2.2817,2011-02-22 16:00:15.355,Intermediário
2.2812,2.2841,2011-02-22 16:30:15.872,Fechamento Interbancário
2.278,2.2792,2011-02-22 17:35:24.33,Fechamento
2.2843,2.2982,2011-02-23 09:22:10.133,Abertura
2.2896,2.2925,2011-02-23 09:31:59.122,Intermediário
2.2873,2.2902,2011-02-23 10:00:15.499,Intermediário
2.2905,2.2934,2011-02-23 10:30:13.39,Intermediário
2.2925,2.2955,2011-02-23 11:01:54.623,Intermediário
2.2921,2.2952,2011-02-23 11:30:15.612,Intermediário
2.2918,2.2947,2011-02-23 12:00:19.732,Intermediário
2.3018,2.3047,2011-02-23 12:30:13.676,Intermediário
2.2984,2.3013,2011-02-23 13:00:14.285,Intermediário
2.2994,2.3023,2011-02-23 13:31:12.345,Intermediário
2.2974,2.3003,2011-02-23 14:00:13.69,Intermediário
2.3012,2.3042,2011-02-23 14:30:13.198,Intermediário
2.3006,2.3035,2011-02-23 15:00:14.425,Intermediário
2.2999,2.3028,2011-02-23 15:30:12.808,Intermediário
2.3004,2.3033,2011-02-23 16:00:15.275,Intermediário
2.2987,2.3016,2011-02-23 16:30:11.767,Fechamento Interbancário
2.2962,2.2975,2011-02-23 17:35:48.918,Fechamento
2.2919,2.3058,2011-02-24 09:14:19.432,Abertura
2.2964,2.2993,2011-02-24 09:32:57.676,Intermediário
2.2976,2.3005,2011-02-24 10:00:15.093,Intermediário
2.2956,2.2985,2011-02-24 10:30:12.343,Intermediário
2.2963,2.2992,2011-02-24 11:00:19.029,Intermediário
2.2958,2.2987,2011-02-24 11:30:14.068,Intermediário
2.2943,2.2974,2011-02-24 12:00:15.341,Intermediário
2.2958,2.2987,2011-02-24 12:31:04.799,Intermediário
2.2948,2.2977,2011-02-24 13:00:15.476,Intermediário
2.2919,2.2948,2011-02-24 13:30:12.446,Intermediário
2.2922,2.2952,2011-02-24 14:00:14.132,Intermediário
2.2931,2.296,2011-02-24 14:30:13.065,Intermediário
2.2933,2.2962,2011-02-24 15:00:16.194,Intermediário
2.2917,2.2946,2011-02-24 15:30:15.039,Intermediário
2.2934,2.2963,2011-02-24 16:00:17.222,Intermediário
2.2921,2.295,2011-02-24 16:30:14.212,Fechamento Interbancário
2.295,2.2962,2011-02-24 17:35:36.285,Fechamento
2.284,2.298,2011-02-25 09:24:14.275,Abertura
2.2904,2.2933,2011-02-25 09:30:47.593,Intermediário
2.2899,2.2928,2011-02-25 10:00:18.088,Intermediário
2.2839,2.287,2011-02-25 10:30:14.51,Intermediário
2.2793,2.2822,2011-02-25 11:01:09.909,Intermediário
2.2844,2.2873,2011-02-25 11:30:45.453,Intermediário
2.2816,2.2845,2011-02-25 12:00:17.864,Intermediário
2.2824,2.2855,2011-02-25 12:30:13.938,Intermediário
2.2806,2.2835,2011-02-25 13:00:16.796,Intermediário
2.2815,2.2845,2011-02-25 13:30:14.264,Intermediário
2.2826,2.2855,2011-02-25 14:01:11.27,Intermediário
2.2829,2.2859,2011-02-25 14:30:59.558,Intermediário
2.2825,2.2854,2011-02-25 15:00:16.795,Intermediário
2.2845,2.2875,2011-02-25 15:30:15.154,Intermediário
2.284,2.287,2011-02-25 16:02:46.488,Intermediário
2.2843,2.2872,2011-02-25 16:30:53.522,Fechamento Interbancário
2.2838,2.2851,2011-02-25 17:35:44.632,Fechamento
2.2876,2.3016,2011-02-28 09:22:11.043,Abertura
2.2952,2.2981,2011-02-28 09:30:14.166,Intermediário
2.2896,2.2925,2011-02-28 10:00:16.494,Intermediário
2.294,2.2971,2011-02-28 10:30:15.524,Intermediário
2.2975,2.3007,2011-02-28 11:01:20.019,Intermediário
2.2973,2.3004,2011-02-28 11:30:14.338,Intermediário
2.2923,2.2952,2011-02-28 12:00:18.589,Intermediário
2.2918,2.2947,2011-02-28 12:30:16.144,Intermediário
2.2891,2.2921,2011-02-28 13:00:22.538,Intermediário
2.2873,2.2902,2011-02-28 13:30:14.172,Intermediário
2.2857,2.2886,2011-02-28 14:00:19.226,Intermediário
2.286,2.2889,2011-02-28 14:30:14.723,Intermediário
2.2883,2.2912,2011-02-28 15:00:15.45,Intermediário
2.2864,2.2894,2011-02-28 15:30:13.608,Intermediário
2.2897,2.2926,2011-02-28 16:00:15.953,Intermediário
2.2912,2.2941,2011-02-28 16:30:12.751,Fechamento Interbancário
2.2904,2.2916,2011-02-28 18:03:02.564,Fechamento
2.2889,2.3029,2011-03-01 09:16:08.975,Abertura
2.2962,2.2991,2011-03-01 09:30:14.278,Intermediário
2.2972,2.3001,2011-03-01 10:00:17.936,Intermediário
2.2936,2.2965,2011-03-01 10:30:17.703,Intermediário
2.2946,2.2975,2011-03-01 11:00:25.207,Intermediário
2.2966,2.2995,2011-03-01 11:30:14.185,Intermediário
2.2969,2.3,2011-03-01 12:00:17.917,Intermediário
2.292,2.2949,2011-03-01 12:30:17.61,Intermediário
2.2956,2.2985,2011-03-01 13:01:17.444,Intermediário
2.2925,2.2956,2011-03-01 13:30:12.548,Intermediário
2.2926,2.2956,2011-03-01 14:01:22.494,Intermediário
2.2925,2.2954,2011-03-01 14:30:12.346,Intermediário
2.293,2.2959,2011-03-01 15:00:16.083,Intermediário
2.2944,2.2973,2011-03-01 15:30:13.953,Intermediário
2.2936,2.2965,2011-03-01 16:00:15.802,Intermediário
2.2922,2.2952,2011-03-01 16:31:09.016,Fechamento Interbancário
2.2921,2.2934,2011-03-01 17:35:23.45,Fechamento
2.2896,2.3036,2011-03-02 09:18:09.641,Abertura
2.294,2.2969,2011-03-02 09:30:15.201,Intermediário
2.2948,2.2977,2011-03-02 10:00:16.71,Intermediário
2.294,2.2969,2011-03-02 10:30:15.916,Intermediário
2.3021,2.305,2011-03-02 11:01:25.031,Intermediário
2.3023,2.3052,2011-03-02 11:30:12.862,Intermediário
2.3035,2.3064,2011-03-02 12:00:17.784,Intermediário
2.3026,2.3055,2011-03-02 12:30:13.209,Intermediário
2.3039,2.3069,2011-03-02 13:00:14.379,Intermediário
2.3019,2.3049,2011-03-02 13:31:31.576,Intermediário
2.3023,2.3052,2011-03-02 14:00:14.251,Intermediário
2.3005,2.3035,2011-03-02 14:30:50.792,Intermediário
2.2998,2.3028,2011-03-02 15:00:18.611,Intermediário
2.2983,2.3013,2011-03-02 15:30:12.151,Intermediário
2.2982,2.3013,2011-03-02 16:00:16.792,Intermediário
2.2968,2.2998,2011-03-02 16:30:12.856,Fechamento Interbancário
2.2999,2.3011,2011-03-02 17:35:27.994,Fechamento
2.287,2.301,2011-03-03 09:22:11.082,Abertura
2.2918,2.2947,2011-03-03 09:30:14.672,Intermediário
2.2927,2.2958,2011-03-03 10:00:17.119,Intermediário
2.2924,2.2953,2011-03-03 10:30:13.897,Intermediário
2.3104,2.3133,2011-03-03 11:00:20.027,Intermediário
2.3074,2.3105,2011-03-03 11:30:14.911,Intermediário
2.3071,2.31,2011-03-03 12:00:21.505,Intermediário
2.3084,2.3113,2011-03-03 12:30:15.054,Intermediário
2.3069,2.3099,2011-03-03 13:00:14.394,Intermediário
2.3062,2.3094,2011-03-03 13:30:13.804,Intermediário
2.3081,2.311,2011-03-03 14:00:17.812,Intermediário
2.305,2.308,2011-03-03 14:30:12.59,Intermediário
2.3048,2.3078,2011-03-03 15:00:14.744,Intermediário
2.3012,2.3041,2011-03-03 15:30:12.099,Intermediário
2.3017,2.3048,2011-03-03 16:00:14.414,Intermediário
2.3016,2.3045,2011-03-03 16:30:14.584,Fechamento Interbancário
2.3067,2.308,2011-03-03 17:35:30.136,Fechamento
2.2965,2.3106,2011-03-04 09:23:16.49,Abertura
2.3026,2.3055,2011-03-04 09:30:13.749,Intermediário
2.3005,2.3035,2011-03-04 10:00:15.785,Intermediário
2.2992,2.3025,2011-03-04 10:30:17.52,Intermediário
2.2998,2.3027,2011-03-04 11:00:18.096,Intermediário
2.3009,2.3038,2011-03-04 11:30:22.587,Intermediário
2.3013,2.3042,2011-03-04 12:00:20.533,Intermediário
2.299,2.3021,2011-03-04 12:30:19.629,Intermediário
2.3,2.3029,2011-03-04 13:00:22.42,Intermediário
2.2972,2.3001,2011-03-04 13:30:14.274,Intermediário
2.2985,2.3014,2011-03-04 14:00:18.662,Intermediário
2.2967,2.2997,2011-03-04 14:30:14.477,Intermediário
2.295,2.298,2011-03-04 15:00:17.021,Intermediário
2.2968,2.2998,2011-03-04 15:30:13.495,Intermediário
2.2981,2.3012,2011-03-04 16:00:22.716,Intermediário
2.2982,2.3012,2011-03-04 16:30:12.966,Fechamento Interbancário
2.3016,2.3029,2011-03-04 17:38:49.199,Fechamento
2.2933,2.3074,2011-03-09 12:26:38.099,Abertura
2.2997,2.3026,2011-03-09 12:30:13.239,Intermediário
2.2984,2.3013,2011-03-09 13:00:12.979,Intermediário
2.2997,2.3027,2011-03-09 13:30:12.798,Intermediário
2.3002,2.3032,2011-03-09 14:01:18.682,Intermediário
2.2977,2.3007,2011-03-09 14:30:15.531,Intermediário
2.2977,2.3006,2011-03-09 15:00:18.962,Intermediário
2.2983,2.3013,2011-03-09 15:30:13.256,Intermediário
2.3018,2.3047,2011-03-09 16:00:16.054,Intermediário
2.3019,2.3049,2011-03-09 16:30:13.242,Fechamento Interbancário
2.3021,2.3034,2011-03-09 17:46:14.122,Fechamento
2.2876,2.3016,2011-03-10 09:25:47.216,Abertura
2.2911,2.294,2011-03-10 09:30:13.629,Intermediário
2.2925,2.2954,2011-03-10 10:00:14.77,Intermediário
2.2897,2.2926,2011-03-10 10:31:26.546,Intermediário
2.2904,2.2933,2011-03-10 11:00:15.239,Intermediário
2.2909,2.2938,2011-03-10 11:30:15.002,Intermediário
2.2964,2.2994,2011-03-10 12:00:17.464,Intermediário
2.2943,2.2972,2011-03-10 12:30:16.116,Intermediário
2.2905,2.2934,2011-03-10 13:00:19.958,Intermediário
2.2901,2.293,2011-03-10 13:32:14.981,Intermediário
2.2931,2.296,2011-03-10 14:01:28.331,Intermediário
2.2906,2.2935,2011-03-10 14:31:13.272,Intermediário
2.2926,2.2955,2011-03-10 15:01:20.578,Intermediário
2.2911,2.294,2011-03-10 15:31:27.271,Intermediário
2.2922,2.2951,2011-03-10 16:01:03.941,Intermediário
2.2889,2.2918,2011-03-10 16:30:13.556,Fechamento Interbancário
2.2909,2.2921,2011-03-10 17:36:06.816,Fechamento
2.29,2.304,2011-03-11 09:23:29.162,Abertura
2.2931,2.296,2011-03-11 09:30:14.554,Intermediário
2.2929,2.2959,2011-03-11 10:00:17.123,Intermediário
2.29,2.293,2011-03-11 10:30:15.925,Intermediário
2.2904,2.2933,2011-03-11 11:00:19.274,Intermediário
2.2907,2.2936,2011-03-11 11:30:14.835,Intermediário
2.2948,2.2978,2011-03-11 12:00:20.873,Intermediário
2.2998,2.3027,2011-03-11 12:30:15.1,Intermediário
2.2985,2.3014,2011-03-11 13:00:19.341,Intermediário
2.2982,2.3011,2011-03-11 13:30:13.265,Intermediário
2.3035,2.3064,2011-03-11 14:01:08.324,Intermediário
2.3082,2.3112,2011-03-11 14:30:16.29,Intermediário
2.3079,2.311,2011-03-11 15:00:21.864,Intermediário
2.3126,2.3157,2011-03-11 15:30:13.214,Intermediário
2.3083,2.3112,2011-03-11 16:00:14.623,Intermediário
2.312,2.3149,2011-03-11 16:30:13.432,Fechamento Interbancário
2.3121,2.3134,2011-03-11 17:35:40.852,Fechamento
2.3131,2.3272,2011-03-14 09:24:33.453,Abertura
2.3181,2.321,2011-03-14 09:30:15.448,Intermediário
2.32,2.3229,2011-03-14 10:00:23.03,Intermediário
2.3183,2.3213,2011-03-14 10:30:16.705,Intermediário
2.3208,2.3238,2011-03-14 11:00:19.496,Intermediário
2.3213,2.3243,2011-03-14 11:30:13.801,Intermediário
2.3222,2.3252,2011-03-14 12:01:22.554,Intermediário
2.3215,2.3245,2011-03-14 12:31:22.485,Intermediário
2.3259,2.3289,2011-03-14 13:00:16.962,Intermediário
2.3268,2.3299,2011-03-14 13:30:13.651,Intermediário
2.329,2.332,2011-03-14 14:00:32.543,Intermediário
2.3296,2.3326,2011-03-14 14:30:14.226,Intermediário
2.3278,2.3307,2011-03-14 15:00:21.236,Intermediário
2.327,2.33,2011-03-14 15:49:17.881,Intermediário
2.3269,2.3298,2011-03-14 16:00:19.449,Intermediário
2.324,2.327,2011-03-14 16:30:27.393,Fechamento Interbancário
2.3272,2.3285,2011-03-14 17:35:21.778,Fechamento
2.3247,2.3388,2011-03-15 09:12:11.75,Abertura
2.3231,2.3262,2011-03-15 09:30:16.183,Intermediário
2.3272,2.3302,2011-03-15 10:00:19.323,Intermediário
2.327,2.33,2011-03-15 10:31:15.617,Intermediário
2.327,2.33,2011-03-15 11:00:20.139,Intermediário
2.3268,2.3297,2011-03-15 11:30:13.639,Intermediário
2.3292,2.3322,2011-03-15 12:00:23.129,Intermediário
2.3277,2.3307,2011-03-15 12:30:52.824,Intermediário
2.3285,2.3314,2011-03-15 13:00:17.753,Intermediário
2.327,2.3301,2011-03-15 13:30:15.005,Intermediário
2.3273,2.3302,2011-03-15 14:00:16.992,Intermediário
2.3243,2.3272,2011-03-15 14:30:16.456,Intermediário
2.3259,2.3291,2011-03-15 15:00:27.582,Intermediário
2.3238,2.3269,2011-03-15 15:30:14.562,Intermediário
2.3302,2.3331,2011-03-15 16:00:17.312,Intermediário
2.3308,2.3338,2011-03-15 16:32:23.708,Fechamento Interbancário
2.3356,2.3369,2011-03-15 17:35:38.384,Fechamento
2.3111,2.3252,2011-03-16 09:22:12.992,Abertura
2.3177,2.3208,2011-03-16 09:30:16.599,Intermediário
2.3187,2.3216,2011-03-16 10:01:16.27,Intermediário
2.3123,2.3152,2011-03-16 10:30:17.642,Intermediário
2.3155,2.3185,2011-03-16 11:00:23.324,Intermediário
2.3165,2.3194,2011-03-16 11:30:15.805,Intermediário
2.314,2.317,2011-03-16 12:00:22.915,Intermediário
2.3171,2.3201,2011-03-16 12:33:51.175,Intermediário
2.3194,2.3224,2011-03-16 13:00:21.572,Intermediário
2.3237,2.3267,2011-03-16 13:30:15.726,Intermediário
2.3242,2.3272,2011-03-16 14:00:21.597,Intermediário
2.3197,2.3227,2011-03-16 14:30:17.126,Intermediário
2.3177,2.3207,2011-03-16 15:00:19.036,Intermediário
2.3206,2.3237,2011-03-16 15:30:14.071,Intermediário
2.3199,2.3229,2011-03-16 16:00:19.35,Intermediário
2.3229,2.3259,2011-03-16 16:30:14.145,Fechamento Interbancário
2.3154,2.3167,2011-03-16 17:39:32.112,Fechamento
2.3361,2.3503,2011-03-17 09:22:20.699,Abertura
2.3403,2.3433,2011-03-17 09:30:16.667,Intermediário
2.3354,2.3383,2011-03-17 10:00:23.09,Intermediário
2.3367,2.3397,2011-03-17 10:30:14.657,Intermediário
2.3348,2.3377,2011-03-17 11:00:16.788,Intermediário
2.3313,2.3343,2011-03-17 11:30:22.644,Intermediário
2.3346,2.3376,2011-03-17 12:00:21.873,Intermediário
2.3351,2.3381,2011-03-17 12:30:14.984,Intermediário
2.3371,2.3401,2011-03-17 13:00:19.868,Intermediário
2.347,2.3501,2011-03-17 13:30:14.756,Intermediário
2.3433,2.3463,2011-03-17 14:00:15.185,Intermediário
2.3435,2.3464,2011-03-17 14:30:14.053,Intermediário
2.3579,2.3609,2011-03-17 15:00:18.592,Intermediário
2.3549,2.3578,2011-03-17 15:30:13.149,Intermediário
2.3588,2.3617,2011-03-17 16:00:15.122,Intermediário
2.3595,2.3624,2011-03-17 16:30:12.889,Fechamento Interbancário
2.3467,2.348,2011-03-17 17:35:35.775,Fechamento
2.3582,2.3725,2011-03-18 09:24:09.814,Abertura
2.3645,2.3675,2011-03-18 09:30:14.494,Intermediário
2.3571,2.3602,2011-03-18 10:00:17.0,Intermediário
2.3587,2.3617,2011-03-18 10:31:23.208,Intermediário
2.362,2.3651,2011-03-18 11:00:28.343,Intermediário
2.3629,2.3659,2011-03-18 11:30:20.573,Intermediário
2.3651,2.3681,2011-03-18 12:01:37.185,Intermediário
2.3643,2.3673,2011-03-18 12:30:20.59,Intermediário
2.3665,2.3695,2011-03-18 13:00:19.883,Intermediário
2.364,2.367,2011-03-18 13:30:17.887,Intermediário
2.3656,2.3686,2011-03-18 14:00:23.031,Intermediário
2.3655,2.3685,2011-03-18 14:30:19.288,Intermediário
2.364,2.367,2011-03-18 15:00:16.819,Intermediário
2.3631,2.3661,2011-03-18 15:30:19.604,Intermediário
2.3611,2.3641,2011-03-18 16:29:54.172,Intermediário
2.3619,2.3649,2011-03-18 16:36:33.007,Fechamento Interbancário
2.3664,2.3677,2011-03-18 17:42:02.649,Fechamento
2.3479,2.3622,2011-03-21 09:31:23.607,Abertura
2.3532,2.3562,2011-03-21 09:33:27.076,Intermediário
2.356,2.359,2011-03-21 10:03:52.084,Intermediário
2.3582,2.3612,2011-03-21 10:32:40.542,Intermediário
2.3561,2.3593,2011-03-21 11:00:18.775,Intermediário
2.359,2.362,2011-03-21 11:30:13.292,Intermediário
2.3589,2.3619,2011-03-21 12:03:14.697,Intermediário
2.3586,2.3616,2011-03-21 12:33:57.355,Intermediário
2.3588,2.3618,2011-03-21 13:00:24.797,Intermediário
2.364,2.367,2011-03-21 13:30:15.402,Intermediário
2.362,2.365,2011-03-21 14:00:14.906,Intermediário
2.3633,2.3663,2011-03-21 14:32:09.484,Intermediário
2.3655,2.3687,2011-03-21 15:00:21.087,Intermediário
2.3664,2.3695,2011-03-21 15:30:18.012,Intermediário
2.3656,2.3686,2011-03-21 16:00:17.684,Intermediário
2.3685,2.3716,2011-03-21 16:30:13.563,Fechamento Interbancário
2.3676,2.3691,2011-03-21 17:36:01.956,Fechamento
2.3612,2.3756,2011-03-22 09:22:09.914,Abertura
2.3655,2.3685,2011-03-22 09:30:13.634,Intermediário
2.3619,2.3649,2011-03-22 10:00:17.074,Intermediário
2.3641,2.3671,2011-03-22 10:30:15.365,Intermediário
2.3591,2.3621,2011-03-22 11:00:19.326,Intermediário
2.3603,2.3633,2011-03-22 11:30:19.167,Intermediário
2.3593,2.3623,2011-03-22 12:00:21.886,Intermediário
2.3614,2.3644,2011-03-22 12:30:15.646,Intermediário
2.363,2.366,2011-03-22 13:00:19.588,Intermediário
2.3618,2.3648,2011-03-22 13:30:15.569,Intermediário
2.363,2.366,2011-03-22 14:00:15.741,Intermediário
2.3631,2.3661,2011-03-22 14:30:16.849,Intermediário
2.3641,2.3671,2011-03-22 15:00:20.141,Intermediário
2.3626,2.3656,2011-03-22 15:30:16.876,Intermediário
2.361,2.364,2011-03-22 16:00:16.825,Intermediário
2.3604,2.3635,2011-03-22 16:30:17.767,Fechamento Interbancário
2.3633,2.3646,2011-03-22 17:37:06.386,Fechamento
2.3445,2.3588,2011-03-23 09:25:06.059,Abertura
2.3497,2.3526,2011-03-23 09:30:13.16,Intermediário
2.3499,2.3529,2011-03-23 10:00:15.138,Intermediário
2.3451,2.3481,2011-03-23 10:30:12.918,Intermediário
2.3479,2.3509,2011-03-23 11:00:14.022,Intermediário
2.3488,2.3518,2011-03-23 11:30:15.11,Intermediário
2.3493,2.3523,2011-03-23 12:00:17.764,Intermediário
2.3477,2.3507,2011-03-23 12:30:49.5,Intermediário
2.3453,2.3483,2011-03-23 13:00:16.146,Intermediário
2.3457,2.3487,2011-03-23 13:30:12.419,Intermediário
2.3451,2.3481,2011-03-23 14:00:14.991,Intermediário
2.3431,2.3461,2011-03-23 14:30:11.779,Intermediário
2.3416,2.3446,2011-03-23 15:01:02.874,Intermediário
2.343,2.346,2011-03-23 15:30:12.176,Intermediário
2.3428,2.3458,2011-03-23 16:02:31.144,Intermediário
2.345,2.348,2011-03-23 16:30:12.394,Fechamento Interbancário
2.3456,2.3469,2011-03-23 17:35:46.713,Fechamento
2.3321,2.3464,2011-03-24 09:20:24.036,Abertura
2.3398,2.343,2011-03-24 09:31:28.273,Intermediário
2.3411,2.3441,2011-03-24 10:01:03.745,Intermediário
2.3398,2.3428,2011-03-24 10:30:13.751,Intermediário
2.3413,2.3442,2011-03-24 11:01:04.5,Intermediário
2.3445,2.3475,2011-03-24 11:30:13.251,Intermediário
2.355,2.358,2011-03-24 12:00:23.47,Intermediário
2.3539,2.3569,2011-03-24 12:30:14.847,Intermediário
2.3539,2.3569,2011-03-24 13:00:14.922,Intermediário
2.349,2.352,2011-03-24 13:30:58.523,Intermediário
2.3467,2.3497,2011-03-24 14:00:15.374,Intermediário
2.3455,2.3485,2011-03-24 14:31:23.248,Intermediário
2.3494,2.3524,2011-03-24 15:00:20.733,Intermediário
2.349,2.352,2011-03-24 15:30:12.956,Intermediário
2.3501,2.3531,2011-03-24 16:00:13.419,Intermediário
2.3484,2.3514,2011-03-24 16:30:11.475,Fechamento Interbancário
2.3519,2.3532,2011-03-24 17:36:15.489,Fechamento
2.339,2.3533,2011-03-25 09:16:09.799,Abertura
2.3437,2.3469,2011-03-25 09:30:13.718,Intermediário
2.3409,2.3439,2011-03-25 10:00:16.369,Intermediário
2.3407,2.3437,2011-03-25 10:31:21.701,Intermediário
2.3407,2.3437,2011-03-25 11:00:15.717,Intermediário
2.3417,2.3447,2011-03-25 11:30:12.343,Intermediário
2.3429,2.3459,2011-03-25 12:00:17.98,Intermediário
2.3398,2.3428,2011-03-25 12:30:14.981,Intermediário
2.3405,2.3435,2011-03-25 13:00:16.489,Intermediário
2.3317,2.3347,2011-03-25 13:30:12.263,Intermediário
2.3278,2.3307,2011-03-25 14:00:13.44,Intermediário
2.3333,2.3363,2011-03-25 14:31:12.188,Intermediário
2.3322,2.3354,2011-03-25 15:00:15.89,Intermediário
2.3328,2.3358,2011-03-25 15:30:12.196,Intermediário
2.3331,2.3361,2011-03-25 16:00:13.817,Intermediário
2.3323,2.3355,2011-03-25 16:30:12.653,Fechamento Interbancário
2.3313,2.3328,2011-03-25 17:35:38.815,Fechamento
2.3253,2.3395,2011-03-28 09:21:40.767,Abertura
2.3305,2.3335,2011-03-28 09:30:14.258,Intermediário
2.3354,2.3384,2011-03-28 10:00:23.687,Intermediário
2.3377,2.3407,2011-03-28 10:30:19.657,Intermediário
2.3396,2.3426,2011-03-28 11:01:24.679,Intermediário
2.3398,2.3428,2011-03-28 11:31:06.917,Intermediário
2.3388,2.3418,2011-03-28 12:01:55.289,Intermediário
2.3397,2.3428,2011-03-28 12:30:18.888,Intermediário
2.3399,2.3428,2011-03-28 13:01:00.698,Intermediário
2.3389,2.3418,2011-03-28 13:30:59.671,Intermediário
2.3374,2.3404,2011-03-28 14:00:20.802,Intermediário
2.3366,2.3396,2011-03-28 14:30:21.316,Intermediário
2.3367,2.3397,2011-03-28 15:01:29.078,Intermediário
2.3399,2.3429,2011-03-28 15:30:14.586,Intermediário
2.3413,2.3443,2011-03-28 16:00:19.458,Intermediário
2.3396,2.3426,2011-03-28 16:30:17.883,Fechamento Interbancário
2.3404,2.3417,2011-03-28 17:36:12.792,Fechamento
2.3307,2.345,2011-03-29 09:16:09.622,Abertura
2.3331,2.3361,2011-03-29 09:31:09.137,Intermediário
2.3304,2.3334,2011-03-29 10:00:19.685,Intermediário
2.3289,2.3319,2011-03-29 10:32:38.699,Intermediário
2.3335,2.3364,2011-03-29 11:00:16.198,Intermediário
2.3309,2.3339,2011-03-29 11:30:13.999,Intermediário
2.3298,2.3328,2011-03-29 12:00:26.782,Intermediário
2.333,2.336,2011-03-29 12:30:14.117,Intermediário
2.333,2.336,2011-03-29 13:00:16.469,Intermediário
2.3316,2.3346,2011-03-29 13:36:11.466,Intermediário
2.3316,2.3346,2011-03-29 14:00:16.394,Intermediário
2.3306,2.3336,2011-03-29 14:30:13.751,Intermediário
2.3272,2.3302,2011-03-29 15:00:16.992,Intermediário
2.3268,2.3298,2011-03-29 15:30:57.031,Intermediário
2.3272,2.3302,2011-03-29 16:00:15.642,Intermediário
2.3273,2.3305,2011-03-29 16:30:16.914,Fechamento Interbancário
2.3299,2.3313,2011-03-29 17:35:33.252,Fechamento
2.3053,2.3195,2011-03-30 09:10:11.991,Abertura
2.3114,2.3144,2011-03-30 09:30:19.153,Intermediário
2.3111,2.3141,2011-03-30 10:00:23.012,Intermediário
2.3102,2.3132,2011-03-30 10:30:13.817,Intermediário
2.3061,2.3091,2011-03-30 11:00:17.591,Intermediário
2.3015,2.3044,2011-03-30 11:30:14.862,Intermediário
2.3074,2.3103,2011-03-30 12:00:22.234,Intermediário
2.2954,2.2984,2011-03-30 12:30:13.268,Intermediário
2.2964,2.2994,2011-03-30 13:01:18.392,Intermediário
2.3032,2.3062,2011-03-30 13:30:48.756,Intermediário
2.3074,2.3104,2011-03-30 14:01:12.471,Intermediário
2.3049,2.3079,2011-03-30 14:30:14.03,Intermediário
2.3054,2.3084,2011-03-30 15:00:49.723,Intermediário
2.303,2.306,2011-03-30 15:30:56.046,Intermediário
2.3014,2.3044,2011-03-30 16:00:15.37,Intermediário
2.2985,2.3015,2011-03-30 16:30:14.478,Fechamento Interbancário
2.31,2.3113,2011-03-30 17:36:43.286,Fechamento
2.2969,2.3113,2011-03-31 09:17:20.338,Abertura
2.3045,2.3077,2011-03-31 09:30:13.665,Intermediário
2.2983,2.3013,2011-03-31 10:00:15.541,Intermediário
2.3023,2.3053,2011-03-31 10:30:13.435,Intermediário
2.3033,2.3063,2011-03-31 11:00:16.758,Intermediário
2.3074,2.3104,2011-03-31 11:30:17.945,Intermediário
2.3064,2.3094,2011-03-31 12:01:33.119,Intermediário
2.3082,2.3112,2011-03-31 12:30:13.545,Intermediário
2.3077,2.3107,2011-03-31 13:00:21.721,Intermediário
2.3121,2.3151,2011-03-31 13:30:12.759,Intermediário
2.3076,2.3106,2011-03-31 14:00:15.019,Intermediário
2.3095,2.3125,2011-03-31 14:36:55.893,Intermediário
2.3091,2.3121,2011-03-31 15:00:16.411,Intermediário
2.309,2.312,2011-03-31 15:30:13.883,Intermediário
2.313,2.316,2011-03-31 16:00:14.035,Intermediário
2.3132,2.3162,2011-03-31 16:30:13.926,Fechamento Interbancário
2.3116,2.3129,2011-03-31 17:37:06.336,Fechamento
2.2968,2.3111,2011-04-01 09:18:10.042,Abertura
2.2958,2.2988,2011-04-01 09:44:44.456,Intermediário
2.2869,2.2899,2011-04-01 10:00:32.281,Intermediário
2.2855,2.2885,2011-04-01 10:31:04.963,Intermediário
2.2806,2.2836,2011-04-01 11:00:22.734,Intermediário
2.2899,2.2929,2011-04-01 11:30:12.716,Intermediário
2.2901,2.2931,2011-04-01 12:00:19.151,Intermediário
2.2943,2.2973,2011-04-01 12:31:28.811,Intermediário
2.2976,2.3006,2011-04-01 13:00:47.365,Intermediário
2.296,2.299,2011-04-01 13:32:07.584,Intermediário
2.2982,2.3012,2011-04-01 14:00:17.038,Intermediário
2.2975,2.3005,2011-04-01 14:30:12.101,Intermediário
2.2951,2.2983,2011-04-01 15:00:15.321,Intermediário
2.2945,2.2976,2011-04-01 15:30:11.872,Intermediário
2.2917,2.2947,2011-04-01 16:00:14.15,Intermediário
2.2901,2.2932,2011-04-01 16:30:15.297,Fechamento Interbancário
2.3023,2.3038,2011-04-01 17:35:33.458,Fechamento
2.2819,2.2963,2011-04-04 09:14:09.858,Abertura
2.2893,2.2923,2011-04-04 09:30:12.597,Intermediário
2.2937,2.2968,2011-04-04 10:00:14.799,Intermediário
2.2953,2.2983,2011-04-04 10:30:13.901,Intermediário
2.2983,2.3015,2011-04-04 11:00:18.699,Intermediário
2.2972,2.3002,2011-04-04 11:30:15.488,Intermediário
2.2959,2.299,2011-04-04 12:00:21.812,Intermediário
2.2919,2.2949,2011-04-04 12:30:14.699,Intermediário
2.2863,2.2893,2011-04-04 13:02:04.839,Intermediário
2.2893,2.2923,2011-04-04 13:30:12.975,Intermediário
2.2874,2.2904,2011-04-04 14:00:15.387,Intermediário
2.287,2.29,2011-04-04 14:30:56.052,Intermediário
2.2876,2.2906,2011-04-04 15:01:01.415,Intermediário
2.2878,2.2908,2011-04-04 15:31:08.623,Intermediário
2.2899,2.2929,2011-04-04 16:00:18.454,Intermediário
2.286,2.289,2011-04-04 16:30:15.946,Fechamento Interbancário
2.2905,2.2918,2011-04-04 17:36:52.876,Fechamento
2.277,2.2913,2011-04-05 09:22:10.818,Abertura
2.283,2.286,2011-04-05 09:30:14.392,Intermediário
2.2807,2.2837,2011-04-05 10:00:14.467,Intermediário
2.2819,2.2849,2011-04-05 10:30:15.425,Intermediário
2.2834,2.2864,2011-04-05 11:00:13.743,Intermediário
2.281,2.284,2011-04-05 11:30:12.098,Intermediário
2.2829,2.2859,2011-04-05 12:00:16.647,Intermediário
2.2828,2.2858,2011-04-05 12:30:12.294,Intermediário
2.2865,2.2895,2011-04-05 13:00:14.278,Intermediário
2.2863,2.2893,2011-04-05 13:30:12.627,Intermediário
2.2883,2.2899,2011-04-05 14:00:16.154,Intermediário
2.2875,2.2891,2011-04-05 14:30:13.99,Intermediário
2.2837,2.2867,2011-04-05 15:00:18.05,Intermediário
2.2876,2.2906,2011-04-05 15:31:08.882,Intermediário
2.2837,2.2867,2011-04-05 16:00:21.766,Intermediário
2.2856,2.2886,2011-04-05 16:30:12.704,Fechamento Interbancário
2.2869,2.2882,2011-04-05 17:36:25.073,Fechamento
2.2848,2.2993,2011-04-06 09:20:05.326,Abertura
2.2904,2.2934,2011-04-06 09:30:24.434,Intermediário
2.2889,2.292,2011-04-06 10:00:21.907,Intermediário
2.2904,2.2934,2011-04-06 10:30:46.36,Intermediário
2.2935,2.2966,2011-04-06 11:00:16.552,Intermediário
2.2969,2.2999,2011-04-06 11:30:49.798,Intermediário
2.2998,2.3029,2011-04-06 12:00:24.523,Intermediário
2.2973,2.3005,2011-04-06 12:30:14.556,Intermediário
2.2946,2.2976,2011-04-06 13:01:01.157,Intermediário
2.3039,2.307,2011-04-06 13:30:15.707,Intermediário
2.3062,2.3092,2011-04-06 14:00:15.851,Intermediário
2.3105,2.3135,2011-04-06 14:30:11.888,Intermediário
2.3084,2.3114,2011-04-06 15:00:16.279,Intermediário
2.3113,2.3143,2011-04-06 15:30:13.295,Intermediário
2.311,2.314,2011-04-06 16:00:14.95,Intermediário
2.3113,2.3143,2011-04-06 16:31:28.132,Fechamento Interbancário
2.3068,2.3081,2011-04-06 17:35:36.241,Fechamento
2.2794,2.2938,2011-04-07 09:24:49.177,Abertura
2.2851,2.2881,2011-04-07 09:30:13.924,Intermediário
2.278,2.281,2011-04-07 10:00:55.385,Intermediário
2.2748,2.2778,2011-04-07 10:30:13.292,Intermediário
2.2739,2.2769,2011-04-07 11:00:15.907,Intermediário
2.2786,2.2816,2011-04-07 11:30:12.196,Intermediário
2.2778,2.2808,2011-04-07 12:00:17.946,Intermediário
2.2767,2.2797,2011-04-07 12:31:15.036,Intermediário
2.2758,2.2788,2011-04-07 13:00:16.195,Intermediário
2.2764,2.2794,2011-04-07 13:31:18.378,Intermediário
2.2777,2.2807,2011-04-07 14:00:17.985,Intermediário
2.2707,2.2737,2011-04-07 14:31:26.899,Intermediário
2.2677,2.2707,2011-04-07 15:00:24.226,Intermediário
2.2637,2.2667,2011-04-07 15:30:12.425,Intermediário
2.2618,2.2648,2011-04-07 16:00:14.334,Intermediário
2.2635,2.2665,2011-04-07 16:30:59.373,Fechamento Interbancário
2.2777,2.279,2011-04-07 17:35:58.491,Fechamento
2.2542,2.2688,2011-04-08 09:16:09.363,Abertura
2.264,2.267,2011-04-08 09:30:12.995,Intermediário
2.2697,2.2727,2011-04-08 10:00:15.099,Intermediário
2.2721,2.2751,2011-04-08 10:30:12.822,Intermediário
2.2786,2.2817,2011-04-08 11:00:16.027,Intermediário
2.2723,2.2753,2011-04-08 11:30:13.177,Intermediário
2.2734,2.2764,2011-04-08 12:00:20.34,Intermediário
2.275,2.278,2011-04-08 12:30:14.609,Intermediário
2.2753,2.2783,2011-04-08 13:01:31.775,Intermediário
2.2719,2.275,2011-04-08 13:32:13.92,Intermediário
2.2716,2.2747,2011-04-08 14:00:15.364,Intermediário
2.2702,2.2732,2011-04-08 14:30:12.576,Intermediário
2.2708,2.2738,2011-04-08 15:00:15.692,Intermediário
2.2708,2.2738,2011-04-08 15:30:12.736,Intermediário
2.2689,2.2719,2011-04-08 16:00:58.309,Intermediário
2.2693,2.2724,2011-04-08 16:30:13.793,Fechamento Interbancário
2.2742,2.2756,2011-04-08 17:36:33.44,Fechamento
2.2634,2.278,2011-04-11 09:20:15.838,Abertura
2.2694,2.2724,2011-04-11 09:31:14.92,Intermediário
2.2726,2.2756,2011-04-11 10:00:18.393,Intermediário
2.274,2.277,2011-04-11 10:30:15.235,Intermediário
2.2752,2.2783,2011-04-11 11:01:10.173,Intermediário
2.2762,2.2793,2011-04-11 11:30:46.883,Intermediário
2.2789,2.282,2011-04-11 12:00:28.132,Intermediário
2.2794,2.2825,2011-04-11 12:30:16.077,Intermediário
2.2828,2.2858,2011-04-11 13:00:16.586,Intermediário
2.282,2.285,2011-04-11 13:30:13.954,Intermediário
2.283,2.286,2011-04-11 14:00:18.422,Intermediário
2.2833,2.2863,2011-04-11 14:30:15.866,Intermediário
2.2839,2.287,2011-04-11 15:00:18.367,Intermediário
2.2787,2.2817,2011-04-11 15:30:18.661,Intermediário
2.2782,2.2812,2011-04-11 16:00:16.312,Intermediário
2.278,2.2812,2011-04-11 16:30:17.783,Fechamento Interbancário
2.279,2.2805,2011-04-11 17:35:24.788,Fechamento
2.2761,2.2908,2011-04-12 09:16:14.904,Abertura
2.2851,2.2881,2011-04-12 09:30:18.47,Intermediário
2.2887,2.2918,2011-04-12 10:00:23.353,Intermediário
2.2879,2.2909,2011-04-12 10:30:17.141,Intermediário
2.2849,2.2879,2011-04-12 11:01:24.589,Intermediário
2.2933,2.2963,2011-04-12 11:30:13.105,Intermediário
2.2973,2.3004,2011-04-12 12:00:19.404,Intermediário
2.295,2.298,2011-04-12 12:30:13.667,Intermediário
2.295,2.298,2011-04-12 13:00:21.689,Intermediário
2.2998,2.3028,2011-04-12 13:30:21.016,Intermediário
2.3018,2.3049,2011-04-12 14:00:17.985,Intermediário
2.2994,2.3025,2011-04-12 14:30:15.987,Intermediário
2.2989,2.302,2011-04-12 15:00:19.008,Intermediário
2.3015,2.3045,2011-04-12 15:30:21.481,Intermediário
2.3004,2.3034,2011-04-12 16:00:15.256,Intermediário
2.3039,2.307,2011-04-12 16:30:21.671,Fechamento Interbancário
2.297,2.2983,2011-04-12 17:35:42.342,Fechamento
2.2901,2.3047,2011-04-13 09:16:15.699,Abertura
2.2944,2.2975,2011-04-13 09:30:18.669,Intermediário
2.2904,2.2934,2011-04-13 10:00:20.845,Intermediário
2.2901,2.2931,2011-04-13 10:30:18.215,Intermediário
2.2912,2.2943,2011-04-13 11:01:17.122,Intermediário
2.2968,2.3001,2011-04-13 11:30:18.858,Intermediário
2.3018,2.3048,2011-04-13 12:00:19.99,Intermediário
2.3022,2.3052,2011-04-13 12:31:10.167,Intermediário
2.3014,2.3044,2011-04-13 13:00:53.98,Intermediário
2.3007,2.3038,2011-04-13 13:30:48.946,Intermediário
2.2998,2.3029,2011-04-13 14:01:10.369,Intermediário
2.3011,2.3041,2011-04-13 14:31:14.356,Intermediário
2.3001,2.3033,2011-04-13 15:00:27.508,Intermediário
2.3011,2.3041,2011-04-13 15:30:23.808,Intermediário
2.2945,2.2963,2011-04-13 16:00:17.164,Intermediário
2.2958,2.2988,2011-04-13 16:30:14.888,Fechamento Interbancário
2.2909,2.2922,2011-04-13 17:36:21.931,Fechamento
2.2825,2.2971,2011-04-14 09:18:15.734,Abertura
2.2859,2.289,2011-04-14 09:30:20.894,Intermediário
2.2915,2.2945,2011-04-14 10:00:20.5,Intermediário
2.2865,2.2896,2011-04-14 10:30:16.444,Intermediário
2.2899,2.2929,2011-04-14 11:00:19.682,Intermediário
2.2882,2.2913,2011-04-14 11:30:12.569,Intermediário
2.289,2.2921,2011-04-14 12:17:12.406,Intermediário
2.2884,2.2914,2011-04-14 12:30:17.001,Intermediário
2.2892,2.2922,2011-04-14 13:01:11.435,Intermediário
2.2928,2.2958,2011-04-14 13:30:24.895,Intermediário
2.2889,2.292,2011-04-14 14:00:16.626,Intermediário
2.2889,2.292,2011-04-14 14:30:57.935,Intermediário
2.2904,2.2935,2011-04-14 15:00:56.886,Intermediário
2.2896,2.2928,2011-04-14 15:30:14.998,Intermediário
2.288,2.291,2011-04-14 16:00:16.161,Intermediário
2.2865,2.2896,2011-04-14 16:31:10.409,Fechamento Interbancário
2.2943,2.2957,2011-04-14 17:36:11.304,Fechamento
2.2724,2.287,2011-04-15 09:21:47.742,Abertura
2.2783,2.2813,2011-04-15 09:30:29.221,Intermediário
2.2768,2.2798,2011-04-15 10:00:18.82,Intermediário
2.2749,2.2779,2011-04-15 10:30:15.544,Intermediário
2.278,2.2811,2011-04-15 11:01:04.207,Intermediário
2.2768,2.2798,2011-04-15 11:30:14.194,Intermediário
2.2692,2.2723,2011-04-15 12:00:19.763,Intermediário
2.2735,2.2765,2011-04-15 12:31:02.277,Intermediário
2.2703,2.2733,2011-04-15 13:00:16.525,Intermediário
2.2708,2.2738,2011-04-15 13:30:15.277,Intermediário
2.2729,2.2759,2011-04-15 14:00:17.318,Intermediário
2.2762,2.2793,2011-04-15 14:30:15.759,Intermediário
2.2746,2.2777,2011-04-15 15:00:16.773,Intermediário
2.2746,2.2777,2011-04-15 15:30:14.177,Intermediário
2.275,2.278,2011-04-15 16:00:18.395,Intermediário
2.2734,2.2764,2011-04-15 16:30:15.108,Fechamento Interbancário
2.2745,2.2758,2011-04-15 17:37:04.846,Fechamento
2.258,2.2724,2011-04-18 09:22:33.04,Abertura
2.2643,2.2673,2011-04-18 09:30:18.225,Intermediário
2.2612,2.2642,2011-04-18 10:00:17.766,Intermediário
2.2716,2.2747,2011-04-18 10:30:17.655,Intermediário
2.2651,2.2681,2011-04-18 11:00:17.796,Intermediário
2.2691,2.2721,2011-04-18 11:30:14.352,Intermediário
2.2682,2.2714,2011-04-18 12:00:20.976,Intermediário
2.2657,2.2687,2011-04-18 12:30:31.484,Intermediário
2.2668,2.2698,2011-04-18 13:00:17.371,Intermediário
2.2659,2.2689,2011-04-18 14:00:33.574,Intermediário
2.261,2.264,2011-04-18 14:03:22.506,Intermediário
2.2641,2.2671,2011-04-18 14:30:15.161,Intermediário
2.26,2.263,2011-04-18 15:00:17.208,Intermediário
2.2578,2.2608,2011-04-18 15:30:28.511,Intermediário
2.2604,2.2634,2011-04-18 16:00:15.687,Intermediário
2.2599,2.2629,2011-04-18 16:30:16.929,Fechamento Interbancário
2.2633,2.2646,2011-04-18 17:35:29.035,Fechamento
2.2556,2.27,2011-04-19 09:23:27.341,Abertura
2.2605,2.2635,2011-04-19 09:31:04.353,Intermediário
2.2572,2.2602,2011-04-19 10:00:24.079,Intermediário
2.2618,2.2648,2011-04-19 10:30:20.98,Intermediário
2.2642,2.2672,2011-04-19 11:00:21.102,Intermediário
2.2635,2.2665,2011-04-19 11:30:13.823,Intermediário
2.2629,2.2659,2011-04-19 12:00:33.586,Intermediário
2.2645,2.2675,2011-04-19 12:30:14.813,Intermediário
2.2613,2.2643,2011-04-19 13:00:23.182,Intermediário
2.2589,2.2619,2011-04-19 13:30:31.241,Intermediário
2.2589,2.2619,2011-04-19 14:01:25.356,Intermediário
2.2549,2.2579,2011-04-19 14:30:15.959,Intermediário
2.2571,2.2601,2011-04-19 15:00:17.093,Intermediário
2.2549,2.2579,2011-04-19 15:30:15.619,Intermediário
2.2571,2.2601,2011-04-19 16:01:28.648,Intermediário
2.2566,2.2597,2011-04-19 16:31:23.727,Fechamento Interbancário
2.263,2.2643,2011-04-19 17:36:41.291,Fechamento
2.2646,2.2793,2011-04-20 09:20:21.428,Abertura
2.2709,2.2739,2011-04-20 09:33:12.111,Intermediário
2.2707,2.2738,2011-04-20 10:00:17.666,Intermediário
2.2742,2.2772,2011-04-20 10:30:16.028,Intermediário
2.2763,2.2795,2011-04-20 11:00:22.86,Intermediário
2.2748,2.2779,2011-04-20 11:31:42.835,Intermediário
2.2749,2.2779,2011-04-20 12:00:32.18,Intermediário
2.2742,2.2773,2011-04-20 12:30:14.221,Intermediário
2.2753,2.2785,2011-04-20 13:00:31.646,Intermediário
2.2823,2.2854,2011-04-20 13:30:55.256,Intermediário
2.2857,2.2888,2011-04-20 14:00:16.351,Intermediário
2.2835,2.2865,2011-04-20 14:30:19.541,Intermediário
2.287,2.29,2011-04-20 15:00:18.764,Intermediário
2.2837,2.2868,2011-04-20 15:30:28.938,Intermediário
2.2771,2.2801,2011-04-20 16:00:33.415,Intermediário
2.2771,2.2803,2011-04-20 16:31:20.379,Fechamento Interbancário
2.2806,2.282,2011-04-20 17:35:32.338,Fechamento
2.2758,2.2906,2011-04-25 09:14:18.289,Abertura
2.281,2.2841,2011-04-25 09:31:17.68,Intermediário
2.2818,2.2849,2011-04-25 10:00:17.671,Intermediário
2.2866,2.2897,2011-04-25 10:30:16.595,Intermediário
2.2855,2.2885,2011-04-25 11:00:20.909,Intermediário
2.2859,2.2889,2011-04-25 11:30:22.71,Intermediário
2.2871,2.2901,2011-04-25 12:00:17.936,Intermediário
2.2861,2.2892,2011-04-25 12:30:16.675,Intermediário
2.29,2.2931,2011-04-25 13:00:17.227,Intermediário
2.2886,2.2917,2011-04-25 13:30:16.453,Intermediário
2.2881,2.2913,2011-04-25 14:00:18.06,Intermediário
2.2909,2.2939,2011-04-25 14:30:17.348,Intermediário
2.297,2.3001,2011-04-25 15:01:12.708,Intermediário
2.295,2.2983,2011-04-25 15:30:17.736,Intermediário
2.2928,2.2958,2011-04-25 16:00:19.114,Intermediário
2.2908,2.2941,2011-04-25 16:30:18.399,Fechamento Interbancário
2.2911,2.2926,2011-04-25 17:35:36.02,Fechamento
2.2814,2.2962,2011-04-26 09:16:16.245,Abertura
2.2872,2.2903,2011-04-26 09:30:17.755,Intermediário
2.2881,2.2912,2011-04-26 10:00:19.09,Intermediário
2.2908,2.2939,2011-04-26 10:30:16.847,Intermediário
2.2886,2.2916,2011-04-26 11:00:18.897,Intermediário
2.2883,2.2914,2011-04-26 11:30:19.23,Intermediário
2.286,2.2891,2011-04-26 12:01:22.37,Intermediário
2.2883,2.2914,2011-04-26 12:30:16.07,Intermediário
2.2841,2.2872,2011-04-26 13:00:25.059,Intermediário
2.2869,2.29,2011-04-26 13:30:59.797,Intermediário
2.2873,2.2904,2011-04-26 14:00:25.055,Intermediário
2.289,2.2921,2011-04-26 14:30:16.811,Intermediário
2.2904,2.2935,2011-04-26 15:00:28.698,Intermediário
2.2881,2.2912,2011-04-26 15:30:27.583,Intermediário
2.2855,2.2886,2011-04-26 16:01:44.044,Intermediário
2.2868,2.2902,2011-04-26 16:48:07.203,Fechamento Interbancário
2.2906,2.2922,2011-04-26 17:35:38.079,Fechamento
2.2813,2.2961,2011-04-27 09:27:17.218,Abertura
2.2856,2.2889,2011-04-27 09:30:30.983,Intermediário
2.2863,2.2894,2011-04-27 10:01:29.068,Intermediário
2.2877,2.2908,2011-04-27 10:30:17.624,Intermediário
2.2963,2.2994,2011-04-27 11:00:42.645,Intermediário
2.3016,2.3047,2011-04-27 11:30:33.151,Intermediário
2.299,2.302,2011-04-27 12:00:27.567,Intermediário
2.2989,2.302,2011-04-27 12:34:17.875,Intermediário
2.3,2.3031,2011-04-27 13:00:19.02,Intermediário
2.3006,2.304,2011-04-27 13:30:15.881,Intermediário
2.3016,2.3047,2011-04-27 14:00:20.273,Intermediário
2.3057,2.3088,2011-04-27 14:30:15.586,Intermediário
2.3116,2.3147,2011-04-27 15:00:29.574,Intermediário
2.308,2.3113,2011-04-27 15:30:58.988,Intermediário
2.3145,2.3176,2011-04-27 16:00:21.504,Intermediário
2.3157,2.3188,2011-04-27 16:30:15.811,Fechamento Interbancário
2.3167,2.3181,2011-04-27 17:35:58.894,Fechamento
2.323,2.3379,2011-04-28 09:19:52.948,Abertura
2.3265,2.3296,2011-04-28 09:30:26.883,Intermediário
2.3322,2.3353,2011-04-28 10:00:21.046,Intermediário
2.3453,2.3484,2011-04-28 10:37:19.263,Intermediário
2.3479,2.3512,2011-04-28 11:00:30.203,Intermediário
2.3516,2.3547,2011-04-28 11:30:55.689,Intermediário
2.3572,2.3603,2011-04-28 12:01:00.352,Intermediário
2.3499,2.353,2011-04-28 12:30:20.646,Intermediário
2.3462,2.3493,2011-04-28 13:00:25.181,Intermediário
2.3472,2.3503,2011-04-28 13:38:41.216,Intermediário
2.3453,2.3484,2011-04-28 14:00:19.005,Intermediário
2.3462,2.3493,2011-04-28 14:30:14.738,Intermediário
2.3513,2.3546,2011-04-28 15:00:37.386,Intermediário
2.3511,2.3543,2011-04-28 15:30:13.492,Intermediário
2.3445,2.3476,2011-04-28 16:00:19.114,Intermediário
2.3427,2.3458,2011-04-28 16:30:27.522,Fechamento Interbancário
2.3479,2.3493,2011-04-28 17:37:36.51,Fechamento
2.3365,2.3515,2011-04-29 09:18:16.546,Abertura
2.3406,2.3437,2011-04-29 09:30:12.796,Intermediário
2.3382,2.3413,2011-04-29 10:00:24.41,Intermediário
2.3396,2.3427,2011-04-29 10:30:16.518,Intermediário
2.3321,2.3352,2011-04-29 11:00:22.523,Intermediário
2.3361,2.3392,2011-04-29 11:30:13.046,Intermediário
2.3319,2.335,2011-04-29 12:00:21.221,Intermediário
2.3298,2.3329,2011-04-29 12:31:30.938,Intermediário
2.3253,2.3284,2011-04-29 13:00:25.216,Intermediário
2.3237,2.3268,2011-04-29 13:30:13.767,Intermediário
2.3278,2.331,2011-04-29 14:00:22.428,Intermediário
2.3279,2.331,2011-04-29 14:30:13.582,Intermediário
2.3261,2.3293,2011-04-29 15:00:46.339,Intermediário
2.3324,2.3355,2011-04-29 15:31:36.641,Intermediário
2.331,2.3342,2011-04-29 16:00:25.896,Intermediário
2.329,2.3321,2011-04-29 16:31:16.692,Fechamento Interbancário
2.3312,2.3326,2011-04-29 17:35:24.698,Fechamento
2.3299,2.3449,2011-05-02 09:27:58.941,Abertura
2.3344,2.3375,2011-05-02 09:30:15.759,Intermediário
2.3333,2.3364,2011-05-02 10:00:25.004,Intermediário
2.331,2.3341,2011-05-02 10:30:18.388,Intermediário
2.331,2.3342,2011-05-02 11:00:38.406,Intermediário
2.3348,2.338,2011-05-02 11:30:24.028,Intermediário
2.3361,2.3394,2011-05-02 12:00:25.235,Intermediário
2.3394,2.3425,2011-05-02 12:30:14.066,Intermediário
2.3409,2.344,2011-05-02 13:01:41.013,Intermediário
2.3399,2.3432,2011-05-02 13:30:27.946,Intermediário
2.3403,2.3434,2011-05-02 14:00:23.62,Intermediário
2.3402,2.3434,2011-05-02 14:30:16.84,Intermediário
2.3354,2.3386,2011-05-02 15:00:29.307,Intermediário
2.3375,2.3406,2011-05-02 15:31:15.821,Intermediário
2.3366,2.3397,2011-05-02 16:00:25.679,Intermediário
2.3358,2.3389,2011-05-02 16:30:20.449,Fechamento Interbancário
2.3357,2.337,2011-05-02 17:35:41.206,Fechamento
2.347,2.362,2011-05-03 09:20:18.166,Abertura
2.3522,2.3554,2011-05-03 09:30:32.996,Intermediário
2.3581,2.3612,2011-05-03 10:00:38.133,Intermediário
2.363,2.3661,2011-05-03 10:30:21.716,Intermediário
2.3583,2.3615,2011-05-03 11:00:47.945,Intermediário
2.3566,2.3598,2011-05-03 11:30:20.494,Intermediário
2.3596,2.3627,2011-05-03 12:01:38.419,Intermediário
2.3579,2.361,2011-05-03 12:30:18.177,Intermediário
2.3562,2.3593,2011-05-03 13:01:34.277,Intermediário
2.3557,2.3589,2011-05-03 13:31:41.107,Intermediário
2.3597,2.3628,2011-05-03 14:00:26.14,Intermediário
2.3558,2.3589,2011-05-03 14:30:17.416,Intermediário
2.3639,2.367,2011-05-03 15:00:31.939,Intermediário
2.3579,2.361,2011-05-03 15:30:16.62,Intermediário
2.3529,2.3562,2011-05-03 16:00:24.117,Intermediário
2.3526,2.3557,2011-05-03 16:30:19.922,Fechamento Interbancário
2.3543,2.3557,2011-05-03 17:35:35.769,Fechamento
2.3512,2.3662,2011-05-04 09:14:11.187,Abertura
2.3589,2.3622,2011-05-04 09:31:30.323,Intermediário
2.361,2.3641,2011-05-04 10:00:33.254,Intermediário
2.364,2.3672,2011-05-04 10:30:19.301,Intermediário
2.3765,2.3796,2011-05-04 11:01:13.811,Intermediário
2.3824,2.3855,2011-05-04 11:30:14.386,Intermediário
2.378,2.3813,2011-05-04 12:00:44.601,Intermediário
2.3839,2.387,2011-05-04 12:30:16.461,Intermediário
2.3835,2.3867,2011-05-04 13:15:53.068,Intermediário
2.3787,2.3819,2011-05-04 13:30:13.789,Intermediário
2.3876,2.3907,2011-05-04 14:00:22.002,Intermediário
2.3854,2.3885,2011-05-04 14:30:15.902,Intermediário
2.3804,2.3835,2011-05-04 15:00:30.59,Intermediário
2.3807,2.3839,2011-05-04 15:30:57.78,Intermediário
2.3801,2.3833,2011-05-04 16:00:20.797,Intermediário
2.3792,2.3823,2011-05-04 16:30:14.576,Fechamento Interbancário
2.378,2.3793,2011-05-04 17:35:32.961,Fechamento
2.3814,2.3964,2011-05-05 09:21:02.074,Abertura
2.3849,2.388,2011-05-05 09:31:21.617,Intermediário
2.3788,2.3821,2011-05-05 10:00:26.785,Intermediário
2.3747,2.3778,2011-05-05 10:30:18.29,Intermediário
2.3695,2.3726,2011-05-05 11:00:28.537,Intermediário
2.3621,2.3652,2011-05-05 11:30:14.939,Intermediário
2.3581,2.3611,2011-05-05 12:00:31.661,Intermediário
2.3662,2.3693,2011-05-05 12:30:54.327,Intermediário
2.3586,2.3616,2011-05-05 13:00:20.72,Intermediário
2.3592,2.3623,2011-05-05 13:31:27.275,Intermediário
2.3576,2.3607,2011-05-05 14:00:23.741,Intermediário
2.3584,2.3615,2011-05-05 14:31:25.873,Intermediário
2.3607,2.3637,2011-05-05 15:00:24.289,Intermediário
2.3566,2.3597,2011-05-05 15:30:17.179,Intermediário
2.3592,2.3623,2011-05-05 16:00:38.924,Intermediário
2.3559,2.359,2011-05-05 16:30:16.331,Fechamento Interbancário
2.3532,2.3545,2011-05-05 17:35:53.066,Fechamento
2.34,2.3546,2011-05-06 09:18:10.361,Abertura
2.3427,2.3459,2011-05-06 09:30:19.067,Intermediário
2.3363,2.3393,2011-05-06 10:00:25.485,Intermediário
2.3308,2.3338,2011-05-06 10:30:18.786,Intermediário
2.3274,2.3305,2011-05-06 11:00:28.332,Intermediário
2.328,2.3311,2011-05-06 11:30:16.747,Intermediário
2.3261,2.3292,2011-05-06 12:00:36.996,Intermediário
2.3234,2.3264,2011-05-06 12:31:23.867,Intermediário
2.3255,2.3287,2011-05-06 13:00:20.119,Intermediário
2.315,2.3183,2011-05-06 13:30:16.34,Intermediário
2.3141,2.3171,2011-05-06 14:00:28.06,Intermediário
2.3137,2.3169,2011-05-06 14:30:13.599,Intermediário
2.3187,2.3217,2011-05-06 15:00:39.819,Intermediário
2.3215,2.3246,2011-05-06 15:30:19.087,Intermediário
2.3196,2.3226,2011-05-06 16:00:37.872,Intermediário
2.3154,2.3185,2011-05-06 16:30:15.104,Fechamento Interbancário
2.3087,2.31,2011-05-06 17:35:35.263,Fechamento
2.3072,2.3217,2011-05-09 09:20:14.459,Abertura
2.3143,2.3174,2011-05-09 09:30:15.297,Intermediário
2.3135,2.3165,2011-05-09 10:01:08.259,Intermediário
2.3122,2.3152,2011-05-09 10:30:21.658,Intermediário
2.3124,2.3155,2011-05-09 11:00:27.077,Intermediário
2.3141,2.3172,2011-05-09 11:30:16.237,Intermediário
2.317,2.32,2011-05-09 12:00:39.048,Intermediário
2.3176,2.3208,2011-05-09 12:30:31.821,Intermediário
2.3238,2.3268,2011-05-09 13:00:21.87,Intermediário
2.3223,2.3255,2011-05-09 13:30:16.668,Intermediário
2.3255,2.3286,2011-05-09 14:00:24.126,Intermediário
2.3174,2.3204,2011-05-09 14:30:34.858,Intermediário
2.3164,2.3194,2011-05-09 15:00:51.552,Intermediário
2.3157,2.3188,2011-05-09 15:30:20.462,Intermediário
2.318,2.321,2011-05-09 16:01:22.344,Intermediário
2.321,2.3241,2011-05-09 16:30:16.185,Fechamento Interbancário
2.3226,2.3239,2011-05-09 17:36:28.314,Fechamento
2.3062,2.3208,2011-05-10 09:24:11.055,Abertura
2.3123,2.3154,2011-05-10 09:30:15.552,Intermediário
2.3112,2.3142,2011-05-10 10:00:27.447,Intermediário
2.3095,2.3126,2011-05-10 10:31:27.154,Intermediário
2.3089,2.3119,2011-05-10 11:00:23.226,Intermediário
2.3107,2.3137,2011-05-10 11:30:14.293,Intermediário
2.3086,2.3116,2011-05-10 12:00:17.654,Intermediário
2.308,2.311,2011-05-10 12:30:14.171,Intermediário
2.3073,2.3104,2011-05-10 13:00:16.319,Intermediário
2.306,2.3091,2011-05-10 13:30:16.49,Intermediário
2.307,2.31,2011-05-10 14:00:15.199,Intermediário
2.3089,2.312,2011-05-10 14:30:12.435,Intermediário
2.3094,2.3125,2011-05-10 15:00:16.505,Intermediário
2.3089,2.312,2011-05-10 15:30:22.55,Intermediário
2.3126,2.3158,2011-05-10 16:00:16.02,Intermediário
2.3091,2.3123,2011-05-10 16:30:17.167,Fechamento Interbancário
2.3136,2.3151,2011-05-10 17:37:32.405,Fechamento
2.3022,2.3167,2011-05-11 09:24:31.493,Abertura
2.3065,2.3095,2011-05-11 09:30:11.529,Intermediário
2.3072,2.3102,2011-05-11 10:00:28.718,Intermediário
2.3034,2.3064,2011-05-11 10:30:13.081,Intermediário
2.3017,2.3047,2011-05-11 11:00:36.527,Intermediário
2.311,2.3141,2011-05-11 11:30:12.652,Intermediário
2.3088,2.3118,2011-05-11 12:00:20.518,Intermediário
2.3115,2.3145,2011-05-11 12:30:11.682,Intermediário
2.3059,2.3089,2011-05-11 13:01:26.826,Intermediário
2.303,2.306,2011-05-11 13:31:01.807,Intermediário
2.3046,2.3077,2011-05-11 14:00:20.387,Intermediário
2.3038,2.3068,2011-05-11 14:30:12.064,Intermediário
2.3013,2.3043,2011-05-11 15:00:20.269,Intermediário
2.2968,2.2998,2011-05-11 15:30:55.616,Intermediário
2.2968,2.2998,2011-05-11 16:00:21.208,Intermediário
2.2987,2.3017,2011-05-11 16:30:53.437,Fechamento Interbancário
2.2973,2.2986,2011-05-11 17:38:12.597,Fechamento
2.2975,2.3118,2011-05-12 09:18:12.364,Abertura
2.3013,2.3045,2011-05-12 09:30:13.47,Intermediário
2.3033,2.3063,2011-05-12 10:00:21.051,Intermediário
2.3014,2.3044,2011-05-12 10:30:29.729,Intermediário
2.3032,2.3062,2011-05-12 11:00:29.61,Intermediário
2.3058,2.3088,2011-05-12 11:31:29.144,Intermediário
2.3035,2.3065,2011-05-12 12:00:38.784,Intermediário
2.307,2.31,2011-05-12 12:30:21.419,Intermediário
2.3045,2.3075,2011-05-12 13:00:21.553,Intermediário
2.3048,2.3078,2011-05-12 13:30:14.955,Intermediário
2.3031,2.3061,2011-05-12 14:00:22.878,Intermediário
2.3075,2.3105,2011-05-12 14:30:18.911,Intermediário
2.3054,2.3084,2011-05-12 15:00:25.939,Intermediário
2.3048,2.3079,2011-05-12 15:30:17.115,Intermediário
2.3062,2.3092,2011-05-12 16:00:16.037,Intermediário
2.308,2.311,2011-05-12 16:30:27.123,Fechamento Interbancário
2.3064,2.3077,2011-05-12 17:36:11.243,Fechamento
2.2981,2.3126,2011-05-13 09:22:23.908,Abertura
2.3017,2.3049,2011-05-13 09:30:14.541,Intermediário
2.3027,2.3057,2011-05-13 10:00:19.958,Intermediário
2.3104,2.3134,2011-05-13 10:30:15.525,Intermediário
2.3199,2.3229,2011-05-13 11:00:23.749,Intermediário
2.3209,2.3239,2011-05-13 11:30:14.259,Intermediário
2.322,2.325,2011-05-13 12:00:21.525,Intermediário
2.3169,2.3199,2011-05-13 12:30:13.198,Intermediário
2.3152,2.3182,2011-05-13 13:00:21.177,Intermediário
2.3142,2.3172,2011-05-13 13:30:12.325,Intermediário
2.305,2.3082,2011-05-13 14:00:17.889,Intermediário
2.3028,2.3057,2011-05-13 14:30:12.907,Intermediário
2.3038,2.3068,2011-05-13 15:00:21.135,Intermediário
2.3056,2.3086,2011-05-13 15:30:14.773,Intermediário
2.3015,2.3045,2011-05-13 16:00:18.821,Intermediário
2.3002,2.3032,2011-05-13 16:30:12.113,Fechamento Interbancário
2.3016,2.3029,2011-05-13 17:58:18.231,Fechamento
2.2982,2.3125,2011-05-16 09:24:15.48,Abertura
2.3072,2.3101,2011-05-16 09:30:14.031,Intermediário
2.3095,2.3125,2011-05-16 10:01:32.923,Intermediário
2.3142,2.3172,2011-05-16 10:30:16.876,Intermediário
2.3184,2.3214,2011-05-16 11:00:21.06,Intermediário
2.3144,2.3174,2011-05-16 11:30:12.237,Intermediário
2.3162,2.3192,2011-05-16 12:06:41.835,Intermediário
2.3114,2.3147,2011-05-16 12:37:04.848,Intermediário
2.3126,2.3159,2011-05-16 13:06:08.142,Intermediário
2.3138,2.3171,2011-05-16 13:37:45.211,Intermediário
2.3072,2.3102,2011-05-16 14:22:30.528,Intermediário
2.3154,2.3184,2011-05-16 14:39:50.636,Intermediário
2.3113,2.3143,2011-05-16 15:00:33.094,Intermediário
2.3146,2.3176,2011-05-16 15:30:13.437,Intermediário
2.3142,2.3172,2011-05-16 16:00:22.027,Intermediário
2.3131,2.3161,2011-05-16 16:30:13.636,Fechamento Interbancário
2.3144,2.3157,2011-05-16 17:36:13.639,Fechamento
2.3064,2.3207,2011-05-17 09:24:21.263,Abertura
2.3112,2.3142,2011-05-17 09:30:49.801,Intermediário
2.3117,2.3147,2011-05-17 10:06:28.722,Intermediário
2.3105,2.3135,2011-05-17 10:30:24.974,Intermediário
2.3117,2.3147,2011-05-17 11:00:19.635,Intermediário
2.3146,2.3176,2011-05-17 11:30:11.834,Intermediário
2.3119,2.3151,2011-05-17 12:00:19.664,Intermediário
2.3115,2.3145,2011-05-17 12:30:17.804,Intermediário
2.3125,2.3155,2011-05-17 13:00:18.081,Intermediário
2.3115,2.3147,2011-05-17 13:31:07.093,Intermediário
2.3078,2.3108,2011-05-17 14:00:18.59,Intermediário
2.3105,2.3135,2011-05-17 14:30:11.88,Intermediário
2.306,2.309,2011-05-17 15:00:30.786,Intermediário
2.3052,2.3082,2011-05-17 15:30:16.002,Intermediário
2.3046,2.3076,2011-05-17 16:01:21.943,Intermediário
2.3033,2.3063,2011-05-17 16:30:18.979,Fechamento Interbancário
2.315,2.3163,2011-05-17 17:38:53.231,Fechamento
2.2923,2.3067,2011-05-18 09:22:10.879,Abertura
2.2981,2.3012,2011-05-18 09:30:28.179,Intermediário
2.2985,2.3015,2011-05-18 10:00:16.481,Intermediário
2.2979,2.3009,2011-05-18 10:30:11.936,Intermediário
2.3021,2.3051,2011-05-18 11:00:19.319,Intermediário
2.3037,2.3067,2011-05-18 11:30:11.268,Intermediário
2.3077,2.3107,2011-05-18 12:00:19.086,Intermediário
2.3014,2.3044,2011-05-18 12:41:20.319,Intermediário
2.3035,2.3065,2011-05-18 13:00:19.425,Intermediário
2.3033,2.3064,2011-05-18 13:30:22.917,Intermediário
2.3017,2.3047,2011-05-18 14:00:27.829,Intermediário
2.3006,2.3036,2011-05-18 14:30:13.082,Intermediário
2.2984,2.3014,2011-05-18 15:00:24.828,Intermediário
2.2951,2.2981,2011-05-18 15:30:12.023,Intermediário
2.2931,2.2961,2011-05-18 16:00:19.722,Intermediário
2.2925,2.2955,2011-05-18 16:30:13.951,Fechamento Interbancário
2.3007,2.302,2011-05-18 17:36:15.01,Fechamento
2.2845,2.2989,2011-05-19 09:22:21.657,Abertura
2.2919,2.2949,2011-05-19 09:30:13.462,Intermediário
2.2925,2.2955,2011-05-19 10:00:20.11,Intermediário
2.2968,2.2998,2011-05-19 10:30:13.918,Intermediário
2.3003,2.3033,2011-05-19 11:00:23.102,Intermediário
2.3011,2.3041,2011-05-19 11:30:14.423,Intermediário
2.2987,2.3017,2011-05-19 12:00:21.389,Intermediário
2.3043,2.3073,2011-05-19 12:30:13.144,Intermediário
2.3034,2.3065,2011-05-19 13:00:18.063,Intermediário
2.3109,2.3139,2011-05-19 13:31:03.788,Intermediário
2.312,2.315,2011-05-19 14:00:16.907,Intermediário
2.3136,2.3167,2011-05-19 14:31:01.451,Intermediário
2.3098,2.3128,2011-05-19 15:00:18.259,Intermediário
2.3123,2.3153,2011-05-19 15:30:17.632,Intermediário
2.3138,2.317,2011-05-19 16:00:16.919,Intermediário
2.3114,2.3144,2011-05-19 16:30:12.498,Fechamento Interbancário
2.3124,2.3137,2011-05-19 17:39:43.259,Fechamento
2.299,2.3134,2011-05-20 09:24:09.525,Abertura
2.3039,2.3069,2011-05-20 09:34:00.723,Intermediário
2.3052,2.3082,2011-05-20 10:00:18.218,Intermediário
2.2968,2.2998,2011-05-20 10:30:11.572,Intermediário
2.2904,2.2934,2011-05-20 11:00:25.637,Intermediário
2.2932,2.2961,2011-05-20 11:30:24.695,Intermediário
2.2926,2.2956,2011-05-20 12:00:16.976,Intermediário
2.2961,2.2991,2011-05-20 12:30:20.395,Intermediário
2.2944,2.2976,2011-05-20 13:00:17.45,Intermediário
2.2905,2.2935,2011-05-20 13:30:15.603,Intermediário
2.2878,2.2909,2011-05-20 14:30:08.402,Intermediário
2.2899,2.2929,2011-05-20 14:30:11.237,Intermediário
2.2904,2.2934,2011-05-20 15:00:28.161,Intermediário
2.2903,2.2933,2011-05-20 15:30:11.937,Intermediário
2.2905,2.2935,2011-05-20 16:00:28.984,Intermediário
2.289,2.292,2011-05-20 16:30:13.66,Fechamento Interbancário
2.2934,2.2947,2011-05-20 17:35:44.773,Fechamento
2.2837,2.2979,2011-05-23 09:18:10.091,Abertura
2.2865,2.2894,2011-05-23 09:30:11.255,Intermediário
2.291,2.2939,2011-05-23 10:00:22.997,Intermediário
2.2901,2.293,2011-05-23 10:30:12.482,Intermediário
2.2909,2.2939,2011-05-23 11:00:19.558,Intermediário
2.2924,2.2954,2011-05-23 11:35:19.871,Intermediário
2.2924,2.2954,2011-05-23 12:00:17.927,Intermediário
2.2897,2.2927,2011-05-23 12:30:50.774,Intermediário
2.2916,2.2946,2011-05-23 13:00:20.599,Intermediário
2.2951,2.2981,2011-05-23 13:32:39.293,Intermediário
2.2961,2.2991,2011-05-23 14:00:32.659,Intermediário
2.2932,2.2961,2011-05-23 14:30:20.31,Intermediário
2.2969,2.2999,2011-05-23 15:00:33.277,Intermediário
2.2928,2.2958,2011-05-23 15:30:19.314,Intermediário
2.2918,2.2948,2011-05-23 16:01:03.901,Intermediário
2.2903,2.2933,2011-05-23 16:30:14.622,Fechamento Interbancário
2.2947,2.296,2011-05-23 17:37:36.356,Fechamento
2.2838,2.2981,2011-05-24 09:16:10.519,Abertura
2.289,2.292,2011-05-24 09:30:56.476,Intermediário
2.2912,2.2942,2011-05-24 10:00:20.053,Intermediário
2.2864,2.2894,2011-05-24 10:30:26.964,Intermediário
2.2916,2.2946,2011-05-24 11:00:21.376,Intermediário
2.2889,2.2919,2011-05-24 11:30:12.008,Intermediário
2.2935,2.2965,2011-05-24 12:00:18.958,Intermediário
2.2926,2.2956,2011-05-24 12:30:54.148,Intermediário
2.2935,2.2965,2011-05-24 13:00:22.658,Intermediário
2.2928,2.2957,2011-05-24 13:30:11.771,Intermediário
2.2923,2.2954,2011-05-24 14:00:16.912,Intermediário
2.2946,2.2975,2011-05-24 14:30:11.295,Intermediário
2.2976,2.3006,2011-05-24 15:00:17.413,Intermediário
2.295,2.298,2011-05-24 15:32:16.924,Intermediário
2.2905,2.2935,2011-05-24 16:18:44.656,Intermediário
2.2901,2.2931,2011-05-24 16:30:16.08,Fechamento Interbancário
2.2941,2.2953,2011-05-24 17:36:05.71,Fechamento
2.2871,2.3014,2011-05-25 09:18:03.419,Abertura
2.2924,2.2954,2011-05-25 09:30:15.875,Intermediário
2.2925,2.2955,2011-05-25 10:00:19.021,Intermediário
2.2888,2.2918,2011-05-25 10:30:25.904,Intermediário
2.2864,2.2893,2011-05-25 11:02:02.199,Intermediário
2.2874,2.2904,2011-05-25 11:30:26.412,Intermediário
2.2904,2.2934,2011-05-25 12:01:17.258,Intermediário
2.2942,2.2972,2011-05-25 12:30:13.427,Intermediário
2.2931,2.2961,2011-05-25 13:00:20.925,Intermediário
2.292,2.295,2011-05-25 13:30:26.495,Intermediário
2.2927,2.2956,2011-05-25 14:00:17.359,Intermediário
2.2917,2.2947,2011-05-25 14:30:13.547,Intermediário
2.2909,2.2939,2011-05-25 15:00:24.81,Intermediário
2.2957,2.2987,2011-05-25 15:30:13.411,Intermediário
2.2919,2.2949,2011-05-25 16:00:33.915,Intermediário
2.2936,2.2966,2011-05-25 16:30:14.158,Fechamento Interbancário
2.2963,2.2976,2011-05-25 17:36:20.489,Fechamento
2.294,2.3083,2011-05-26 09:22:12.945,Abertura
2.2996,2.3028,2011-05-26 09:30:17.955,Intermediário
2.3016,2.3046,2011-05-26 10:00:22.648,Intermediário
2.3008,2.3038,2011-05-26 10:30:17.644,Intermediário
2.2926,2.2956,2011-05-26 11:00:23.768,Intermediário
2.2931,2.2961,2011-05-26 11:31:20.222,Intermediário
2.2881,2.2911,2011-05-26 12:00:21.865,Intermediário
2.2891,2.2921,2011-05-26 12:30:29.711,Intermediário
2.286,2.289,2011-05-26 13:00:17.071,Intermediário
2.2915,2.2945,2011-05-26 13:30:25.8,Intermediário
2.293,2.2961,2011-05-26 14:00:16.172,Intermediário
2.2853,2.2883,2011-05-26 14:31:14.764,Intermediário
2.2832,2.2862,2011-05-26 15:01:06.021,Intermediário
2.2845,2.2875,2011-05-26 15:31:26.032,Intermediário
2.2868,2.2898,2011-05-26 16:00:23.149,Intermediário
2.2825,2.2855,2011-05-26 16:30:24.324,Fechamento Interbancário
2.2879,2.2891,2011-05-26 17:36:50.022,Fechamento
2.2876,2.3021,2011-05-27 09:23:06.983,Abertura
2.2956,2.2986,2011-05-27 09:30:57.342,Intermediário
2.2937,2.2967,2011-05-27 10:00:21.018,Intermediário
2.2897,2.2927,2011-05-27 10:30:16.03,Intermediário
2.285,2.288,2011-05-27 11:00:20.018,Intermediário
2.2852,2.2882,2011-05-27 11:30:18.438,Intermediário
2.2841,2.2871,2011-05-27 12:00:22.884,Intermediário
2.2853,2.2883,2011-05-27 12:30:12.923,Intermediário
2.2829,2.2859,2011-05-27 13:00:51.78,Intermediário
2.2815,2.2845,2011-05-27 13:32:35.307,Intermediário
2.2786,2.2816,2011-05-27 14:00:20.592,Intermediário
2.28,2.2831,2011-05-27 14:31:13.499,Intermediário
2.2805,2.2835,2011-05-27 15:00:17.34,Intermediário
2.2819,2.285,2011-05-27 15:30:11.615,Intermediário
2.284,2.287,2011-05-27 16:00:17.521,Intermediário
2.2858,2.2888,2011-05-27 16:30:13.862,Fechamento Interbancário
2.2915,2.2928,2011-05-27 17:37:03.004,Fechamento
2.2691,2.2835,2011-05-30 09:25:06.376,Abertura
2.2758,2.2788,2011-05-30 09:30:13.052,Intermediário
2.2759,2.2789,2011-05-30 10:00:18.205,Intermediário
2.278,2.281,2011-05-30 10:30:24.932,Intermediário
2.2751,2.2781,2011-05-30 11:00:18.194,Intermediário
2.2764,2.2796,2011-05-30 11:30:16.553,Intermediário
2.2761,2.2791,2011-05-30 12:00:18.632,Intermediário
2.277,2.28,2011-05-30 12:30:11.261,Intermediário
2.2757,2.2788,2011-05-30 13:00:17.839,Intermediário
2.2762,2.2792,2011-05-30 13:30:11.884,Intermediário
2.2773,2.2805,2011-05-30 14:00:16.372,Intermediário
2.2767,2.2799,2011-05-30 14:30:13.75,Intermediário
2.2777,2.2808,2011-05-30 15:00:17.142,Intermediário
2.2764,2.2794,2011-05-30 15:30:11.145,Intermediário
2.2761,2.2791,2011-05-30 16:00:19.642,Intermediário
2.271,2.2742,2011-05-30 16:30:12.756,Fechamento Interbancário
2.2767,2.2782,2011-05-30 17:35:51.764,Fechamento
2.2685,2.283,2011-05-31 09:19:05.188,Abertura
2.2736,2.2767,2011-05-31 09:30:15.035,Intermediário
2.2757,2.2787,2011-05-31 10:00:33.921,Intermediário
2.2781,2.2811,2011-05-31 10:30:15.996,Intermediário
2.2811,2.2841,2011-05-31 11:17:18.646,Intermediário
2.2776,2.2807,2011-05-31 11:30:20.434,Intermediário
2.2752,2.2783,2011-05-31 12:00:21.867,Intermediário
2.2743,2.2773,2011-05-31 12:30:15.499,Intermediário
2.2741,2.2772,2011-05-31 13:01:19.765,Intermediário
2.274,2.277,2011-05-31 13:30:12.518,Intermediário
2.2733,2.2765,2011-05-31 14:00:16.49,Intermediário
2.2749,2.278,2011-05-31 14:31:10.444,Intermediário
2.2752,2.2783,2011-05-31 15:00:18.072,Intermediário
2.269,2.272,2011-05-31 15:30:54.513,Intermediário
2.2693,2.2724,2011-05-31 16:01:20.436,Intermediário
2.2704,2.2735,2011-05-31 16:30:13.141,Fechamento Interbancário
2.272,2.2733,2011-05-31 17:35:48.96,Fechamento
2.2682,2.2828,2011-06-01 09:28:10.684,Abertura
2.2743,2.2774,2011-06-01 09:30:16.773,Intermediário
2.2741,2.2771,2011-06-01 10:02:00.935,Intermediário
2.2822,2.2852,2011-06-01 10:30:13.418,Intermediário
2.2851,2.2881,2011-06-01 11:00:28.615,Intermediário
2.2903,2.2934,2011-06-01 11:30:56.989,Intermediário
2.2868,2.2899,2011-06-01 12:00:21.526,Intermediário
2.2897,2.2927,2011-06-01 12:32:38.32,Intermediário
2.2849,2.2879,2011-06-01 13:00:19.293,Intermediário
2.2834,2.2864,2011-06-01 13:30:14.737,Intermediário
2.2816,2.2846,2011-06-01 14:00:18.867,Intermediário
2.2818,2.2848,2011-06-01 14:30:13.165,Intermediário
2.2835,2.2866,2011-06-01 15:00:18.832,Intermediário
2.2815,2.2845,2011-06-01 15:30:18.187,Intermediário
2.2839,2.2869,2011-06-01 16:00:16.872,Intermediário
2.2879,2.2909,2011-06-01 16:30:20.785,Fechamento Interbancário
2.2778,2.2791,2011-06-01 17:36:25.696,Fechamento
2.2861,2.3007,2011-06-02 09:20:14.422,Abertura
2.2924,2.2954,2011-06-02 09:30:27.978,Intermediário
2.2906,2.2937,2011-06-02 10:00:25.69,Intermediário
2.2908,2.2938,2011-06-02 10:31:41.689,Intermediário
2.2905,2.2935,2011-06-02 11:00:25.433,Intermediário
2.2894,2.2924,2011-06-02 11:30:15.093,Intermediário
2.2799,2.283,2011-06-02 12:00:20.707,Intermediário
2.2784,2.2814,2011-06-02 12:30:17.953,Intermediário
2.2835,2.2865,2011-06-02 13:00:19.074,Intermediário
2.2826,2.2857,2011-06-02 13:30:14.009,Intermediário
2.2822,2.2853,2011-06-02 14:00:17.394,Intermediário
2.2833,2.2864,2011-06-02 14:30:26.615,Intermediário
2.2862,2.2892,2011-06-02 15:00:31.035,Intermediário
2.2872,2.2902,2011-06-02 16:00:17.973,Intermediário
2.284,2.2871,2011-06-02 16:06:21.175,Intermediário
2.2822,2.2853,2011-06-02 16:30:17.349,Fechamento Interbancário
2.2876,2.2889,2011-06-02 17:36:31.604,Fechamento
2.2793,2.2939,2011-06-03 09:18:10.435,Abertura
2.2876,2.2908,2011-06-03 09:30:16.876,Intermediário
2.2872,2.2903,2011-06-03 10:00:19.697,Intermediário
2.2953,2.2984,2011-06-03 10:30:16.094,Intermediário
2.2937,2.2968,2011-06-03 11:00:30.867,Intermediário
2.2982,2.3012,2011-06-03 11:30:23.618,Intermediário
2.2943,2.2974,2011-06-03 12:00:26.007,Intermediário
2.2956,2.2986,2011-06-03 12:55:55.153,Intermediário
2.2956,2.2987,2011-06-03 13:00:21.179,Intermediário
2.2988,2.3019,2011-06-03 13:30:13.23,Intermediário
2.2984,2.3015,2011-06-03 14:00:17.414,Intermediário
2.3002,2.3033,2011-06-03 14:30:12.401,Intermediário
2.3,2.3031,2011-06-03 15:00:19.658,Intermediário
2.3011,2.3042,2011-06-03 15:30:15.562,Intermediário
2.3015,2.3046,2011-06-03 16:00:17.216,Intermediário
2.3017,2.3047,2011-06-03 16:30:12.609,Fechamento Interbancário
2.3011,2.3024,2011-06-03 17:35:38.619,Fechamento
2.3024,2.3172,2011-06-06 09:20:16.484,Abertura
2.3061,2.3092,2011-06-06 09:37:43.264,Intermediário
2.3048,2.3079,2011-06-06 10:00:19.179,Intermediário
2.3044,2.3075,2011-06-06 10:30:14.163,Intermediário
2.3079,2.3109,2011-06-06 11:00:32.863,Intermediário
2.3094,2.3124,2011-06-06 11:31:46.145,Intermediário
2.3118,2.3149,2011-06-06 12:00:27.44,Intermediário
2.3119,2.315,2011-06-06 12:30:13.241,Intermediário
2.3108,2.3139,2011-06-06 13:00:51.055,Intermediário
2.3061,2.3092,2011-06-06 13:30:12.09,Intermediário
2.3071,2.3102,2011-06-06 14:00:16.032,Intermediário
2.3074,2.3105,2011-06-06 14:30:12.572,Intermediário
2.3104,2.3135,2011-06-06 15:00:17.64,Intermediário
2.3068,2.3099,2011-06-06 15:30:57.023,Intermediário
2.306,2.3091,2011-06-06 16:00:15.774,Intermediário
2.303,2.3061,2011-06-06 16:30:13.366,Fechamento Interbancário
2.3019,2.3032,2011-06-06 17:36:10.808,Fechamento
2.3033,2.3181,2011-06-07 09:16:10.533,Abertura
2.3076,2.3107,2011-06-07 09:30:15.233,Intermediário
2.3098,2.3129,2011-06-07 10:01:45.186,Intermediário
2.3075,2.3106,2011-06-07 10:31:24.902,Intermediário
2.3099,2.313,2011-06-07 11:01:35.892,Intermediário
2.3116,2.3147,2011-06-07 11:31:05.327,Intermediário
2.3124,2.3155,2011-06-07 12:00:17.114,Intermediário
2.3097,2.3128,2011-06-07 12:30:12.021,Intermediário
2.3112,2.3142,2011-06-07 13:00:17.13,Intermediário
2.3105,2.3136,2011-06-07 13:31:37.189,Intermediário
2.3136,2.3167,2011-06-07 14:00:29.051,Intermediário
2.3149,2.318,2011-06-07 14:30:15.012,Intermediário
2.3158,2.3189,2011-06-07 15:00:18.265,Intermediário
2.3148,2.3179,2011-06-07 15:30:13.714,Intermediário
2.3159,2.319,2011-06-07 16:00:17.452,Intermediário
2.3142,2.3173,2011-06-07 16:30:14.427,Fechamento Interbancário
2.3136,2.3149,2011-06-07 17:35:29.479,Fechamento
2.3116,2.3264,2011-06-08 09:23:48.632,Abertura
2.3146,2.3177,2011-06-08 09:31:31.248,Intermediário
2.3158,2.3189,2011-06-08 10:00:17.558,Intermediário
2.3125,2.3156,2011-06-08 10:30:14.994,Intermediário
2.31,2.3131,2011-06-08 11:00:24.565,Intermediário
2.3099,2.313,2011-06-08 11:30:18.498,Intermediário
2.3079,2.311,2011-06-08 12:00:22.707,Intermediário
2.3025,2.3056,2011-06-08 12:31:14.535,Intermediário
2.3047,2.3078,2011-06-08 13:00:44.443,Intermediário
2.3019,2.3049,2011-06-08 13:30:13.719,Intermediário
2.3071,2.3102,2011-06-08 14:00:17.248,Intermediário
2.306,2.3091,2011-06-08 14:31:10.128,Intermediário
2.3077,2.3107,2011-06-08 15:00:19.566,Intermediário
2.3054,2.3085,2011-06-08 15:30:13.956,Intermediário
2.3045,2.3075,2011-06-08 16:00:16.906,Intermediário
2.3038,2.3069,2011-06-08 16:30:13.05,Fechamento Interbancário
2.3041,2.3054,2011-06-08 17:35:51.746,Fechamento
2.3022,2.317,2011-06-09 09:20:15.204,Abertura
2.3061,2.3092,2011-06-09 09:30:14.457,Intermediário
2.3032,2.3062,2011-06-09 10:00:18.548,Intermediário
2.2956,2.2986,2011-06-09 10:30:14.43,Intermediário
2.3016,2.3047,2011-06-09 11:00:20.093,Intermediário
2.2986,2.3016,2011-06-09 11:30:12.278,Intermediário
2.2992,2.3023,2011-06-09 12:01:02.123,Intermediário
2.3,2.3031,2011-06-09 12:31:43.344,Intermediário
2.2991,2.3022,2011-06-09 13:00:38.567,Intermediário
2.2979,2.3009,2011-06-09 13:30:12.436,Intermediário
2.3009,2.304,2011-06-09 14:01:39.715,Intermediário
2.2978,2.3008,2011-06-09 14:31:21.453,Intermediário
2.2984,2.3014,2011-06-09 15:00:23.698,Intermediário
2.3035,2.3066,2011-06-09 15:31:15.054,Intermediário
2.3026,2.3056,2011-06-09 16:01:22.167,Intermediário
2.3037,2.3068,2011-06-09 16:32:03.452,Fechamento Interbancário
2.3035,2.3049,2011-06-09 17:46:17.94,Fechamento
2.2899,2.3046,2011-06-10 09:24:12.922,Abertura
2.2941,2.2972,2011-06-10 09:31:26.566,Intermediário
2.2934,2.2964,2011-06-10 10:01:11.798,Intermediário
2.2921,2.2951,2011-06-10 10:30:13.943,Intermediário
2.2893,2.2923,2011-06-10 11:02:13.623,Intermediário
2.2917,2.2947,2011-06-10 11:30:13.842,Intermediário
2.2901,2.2931,2011-06-10 12:00:23.698,Intermediário
2.2952,2.2982,2011-06-10 12:30:15.415,Intermediário
2.2939,2.297,2011-06-10 13:03:58.743,Intermediário
2.2931,2.2962,2011-06-10 13:30:14.002,Intermediário
2.2952,2.2982,2011-06-10 14:00:17.846,Intermediário
2.2923,2.2954,2011-06-10 14:30:14.402,Intermediário
2.2923,2.2954,2011-06-10 15:00:20.243,Intermediário
2.2907,2.2938,2011-06-10 15:30:12.581,Intermediário
2.2895,2.2925,2011-06-10 16:01:10.788,Intermediário
2.289,2.292,2011-06-10 16:30:14.484,Fechamento Interbancário
2.2861,2.2874,2011-06-10 17:37:02.412,Fechamento
2.2823,2.2968,2011-06-13 09:27:58.239,Abertura
2.288,2.2912,2011-06-13 09:33:52.849,Intermediário
2.2861,2.2891,2011-06-13 10:00:31.434,Intermediário
2.2866,2.2896,2011-06-13 10:31:09.127,Intermediário
2.2855,2.2885,2011-06-13 11:00:39.488,Intermediário
2.2866,2.2896,2011-06-13 11:30:19.335,Intermediário
2.2816,2.2847,2011-06-13 12:00:36.4,Intermediário
2.2828,2.2858,2011-06-13 12:30:16.555,Intermediário
2.2815,2.2845,2011-06-13 13:00:30.045,Intermediário
2.2818,2.2848,2011-06-13 13:30:15.49,Intermediário
2.2829,2.286,2011-06-13 14:00:18.918,Intermediário
2.2882,2.2912,2011-06-13 14:30:17.201,Intermediário
2.2888,2.292,2011-06-13 15:00:27.254,Intermediário
2.2877,2.2907,2011-06-13 15:30:15.186,Intermediário
2.2857,2.2888,2011-06-13 16:00:21.242,Intermediário
2.2853,2.2883,2011-06-13 16:30:18.946,Fechamento Interbancário
2.2881,2.2895,2011-06-13 17:35:36.77,Fechamento
2.2772,2.2918,2011-06-14 09:25:49.163,Abertura
2.2817,2.2847,2011-06-14 09:30:20.755,Intermediário
2.2817,2.2847,2011-06-14 10:00:36.858,Intermediário
2.2854,2.2884,2011-06-14 10:30:26.319,Intermediário
2.287,2.29,2011-06-14 11:01:41.094,Intermediário
2.2896,2.2927,2011-06-14 11:47:20.981,Intermediário
2.2874,2.2904,2011-06-14 12:03:47.987,Intermediário
2.2874,2.2904,2011-06-14 12:30:24.984,Intermediário
2.2882,2.2912,2011-06-14 13:00:29.494,Intermediário
2.2888,2.2919,2011-06-14 13:30:16.406,Intermediário
2.2896,2.2927,2011-06-14 14:00:22.626,Intermediário
2.2911,2.2941,2011-06-14 14:30:19.277,Intermediário
2.2894,2.2925,2011-06-14 15:00:37.093,Intermediário
2.2874,2.2904,2011-06-14 15:30:28.893,Intermediário
2.2859,2.289,2011-06-14 16:00:31.591,Intermediário
2.2826,2.2857,2011-06-14 16:36:24.109,Fechamento Interbancário
2.2845,2.2858,2011-06-14 17:37:00.528,Fechamento
2.2648,2.2793,2011-06-15 09:20:21.583,Abertura
2.2699,2.2729,2011-06-15 09:30:23.911,Intermediário
2.2713,2.2743,2011-06-15 10:00:35.323,Intermediário
2.272,2.275,2011-06-15 10:30:18.017,Intermediário
2.2734,2.2764,2011-06-15 11:00:33.533,Intermediário
2.2715,2.2745,2011-06-15 11:30:19.22,Intermediário
2.2716,2.2746,2011-06-15 12:00:45.445,Intermediário
2.2737,2.2767,2011-06-15 12:30:17.561,Intermediário
2.2679,2.2709,2011-06-15 13:00:44.752,Intermediário
2.2669,2.2699,2011-06-15 13:30:19.506,Intermediário
2.2684,2.2714,2011-06-15 14:00:30.4,Intermediário
2.2628,2.2658,2011-06-15 14:30:17.489,Intermediário
2.2693,2.2723,2011-06-15 15:00:45.08,Intermediário
2.2679,2.2709,2011-06-15 15:30:18.003,Intermediário
2.265,2.2681,2011-06-15 16:00:29.858,Intermediário
2.2645,2.2675,2011-06-15 16:31:09.741,Fechamento Interbancário
2.2606,2.2619,2011-06-15 17:35:46.072,Fechamento
2.2624,2.2766,2011-06-16 09:16:05.267,Abertura
2.2728,2.2757,2011-06-16 09:30:19.695,Intermediário
2.2713,2.2743,2011-06-16 10:01:10.67,Intermediário
2.2734,2.2763,2011-06-16 10:30:18.561,Intermediário
2.27,2.273,2011-06-16 11:01:05.285,Intermediário
2.272,2.275,2011-06-16 11:31:30.533,Intermediário
2.2696,2.2726,2011-06-16 12:00:45.556,Intermediário
2.2744,2.2774,2011-06-16 12:30:55.248,Intermediário
2.2771,2.2802,2011-06-16 13:00:51.535,Intermediário
2.2805,2.2835,2011-06-16 13:30:16.619,Intermediário
2.2772,2.2802,2011-06-16 14:00:54.142,Intermediário
2.2788,2.2818,2011-06-16 14:30:19.19,Intermediário
2.2769,2.2799,2011-06-16 15:00:49.541,Intermediário
2.278,2.281,2011-06-16 15:31:21.085,Intermediário
2.2764,2.2794,2011-06-16 16:00:28.111,Intermediário
2.2782,2.2812,2011-06-16 16:30:19.977,Fechamento Interbancário
2.281,2.2823,2011-06-16 17:36:42.875,Fechamento
2.2734,2.2878,2011-06-17 09:14:14.069,Abertura
2.2775,2.2805,2011-06-17 09:30:15.559,Intermediário
2.2796,2.2826,2011-06-17 10:04:06.013,Intermediário
2.2818,2.2848,2011-06-17 10:30:16.27,Intermediário
2.2848,2.2878,2011-06-17 11:00:44.211,Intermediário
2.284,2.287,2011-06-17 11:31:01.35,Intermediário
2.2829,2.2859,2011-06-17 12:00:28.671,Intermediário
2.2836,2.2866,2011-06-17 12:30:16.339,Intermediário
2.2863,2.2893,2011-06-17 13:01:24.671,Intermediário
2.2855,2.2885,2011-06-17 13:30:15.72,Intermediário
2.2818,2.2848,2011-06-17 14:00:16.707,Intermediário
2.2829,2.2859,2011-06-17 14:30:17.52,Intermediário
2.2842,2.2872,2011-06-17 15:00:31.008,Intermediário
2.2839,2.2869,2011-06-17 15:30:13.634,Intermediário
2.2832,2.2863,2011-06-17 16:00:18.07,Intermediário
2.2791,2.2821,2011-06-17 16:30:12.355,Fechamento Interbancário
2.2821,2.2834,2011-06-17 17:35:49.064,Fechamento
2.2801,2.2945,2011-06-20 09:18:13.834,Abertura
2.2871,2.2903,2011-06-20 09:30:25.87,Intermediário
2.2907,2.2937,2011-06-20 10:00:36.856,Intermediário
2.2848,2.2878,2011-06-20 10:30:19.576,Intermediário
2.288,2.291,2011-06-20 11:00:31.06,Intermediário
2.285,2.288,2011-06-20 11:30:17.619,Intermediário
2.2855,2.2885,2011-06-20 12:00:32.353,Intermediário
2.2871,2.2901,2011-06-20 12:30:25.874,Intermediário
2.2823,2.2853,2011-06-20 13:00:32.986,Intermediário
2.2812,2.2842,2011-06-20 13:31:57.583,Intermediário
2.2799,2.2829,2011-06-20 14:00:30.535,Intermediário
2.2799,2.2829,2011-06-20 14:31:14.994,Intermediário
2.2782,2.2812,2011-06-20 15:00:33.487,Intermediário
2.2786,2.2816,2011-06-20 15:31:10.564,Intermediário
2.2788,2.2818,2011-06-20 16:00:35.692,Intermediário
2.2774,2.2804,2011-06-20 16:30:28.217,Fechamento Interbancário
2.2818,2.2831,2011-06-20 17:35:33.152,Fechamento
2.2792,2.2938,2011-06-21 09:16:12.103,Abertura
2.2847,2.2877,2011-06-21 09:30:25.5,Intermediário
2.2901,2.2931,2011-06-21 10:02:08.007,Intermediário
2.2875,2.2906,2011-06-21 10:30:14.034,Intermediário
2.2896,2.2927,2011-06-21 11:01:35.39,Intermediário
2.2874,2.2904,2011-06-21 11:30:14.233,Intermediário
2.2858,2.2888,2011-06-21 12:00:28.589,Intermediário
2.2843,2.2874,2011-06-21 12:30:15.046,Intermediário
2.2851,2.2882,2011-06-21 13:00:31.755,Intermediário
2.2861,2.2891,2011-06-21 13:41:13.839,Intermediário
2.2853,2.2883,2011-06-21 14:00:26.77,Intermediário
2.2851,2.2882,2011-06-21 14:30:17.316,Intermediário
2.2851,2.2882,2011-06-21 15:00:42.532,Intermediário
2.2853,2.2883,2011-06-21 15:30:17.472,Intermediário
2.288,2.291,2011-06-21 16:00:27.549,Intermediário
2.2862,2.2893,2011-06-21 16:30:19.363,Fechamento Interbancário
2.2908,2.2922,2011-06-21 17:35:59.84,Fechamento
2.2774,2.292,2011-06-22 09:18:11.362,Abertura
2.2821,2.2851,2011-06-22 09:30:20.991,Intermediário
2.2843,2.2874,2011-06-22 10:00:43.172,Intermediário
2.2831,2.2861,2011-06-22 10:30:18.82,Intermediário
2.2848,2.2878,2011-06-22 11:00:37.825,Intermediário
2.2891,2.2921,2011-06-22 11:30:18.377,Intermediário
2.2891,2.2921,2011-06-22 12:01:15.307,Intermediário
2.2881,2.2912,2011-06-22 12:30:16.316,Intermediário
2.2823,2.2853,2011-06-22 13:00:42.015,Intermediário
2.2853,2.2885,2011-06-22 13:30:16.37,Intermediário
2.2843,2.2873,2011-06-22 14:00:21.694,Intermediário
2.2829,2.2859,2011-06-22 14:30:33.069,Intermediário
2.2827,2.2858,2011-06-22 15:01:30.175,Intermediário
2.2832,2.2862,2011-06-22 15:40:24.566,Intermediário
2.2813,2.2843,2011-06-22 16:00:38.319,Intermediário
2.2802,2.2832,2011-06-22 16:30:16.753,Fechamento Interbancário
2.2801,2.2814,2011-06-22 17:37:04.824,Fechamento
2.2637,2.278,2011-06-24 09:18:13.989,Abertura
2.2699,2.2729,2011-06-24 09:33:01.03,Intermediário
2.2659,2.2689,2011-06-24 10:00:31.75,Intermediário
2.2624,2.2654,2011-06-24 10:31:43.831,Intermediário
2.264,2.267,2011-06-24 11:00:45.495,Intermediário
2.2593,2.2623,2011-06-24 11:30:18.994,Intermediário
2.2582,2.2612,2011-06-24 12:00:36.402,Intermediário
2.2598,2.2628,2011-06-24 12:30:18.076,Intermediário
2.2631,2.2661,2011-06-24 13:00:33.45,Intermediário
2.2633,2.2663,2011-06-24 13:32:26.193,Intermediário
2.2663,2.2693,2011-06-24 14:00:39.655,Intermediário
2.2704,2.2734,2011-06-24 14:30:29.335,Intermediário
2.2672,2.2702,2011-06-24 15:00:35.922,Intermediário
2.2685,2.2715,2011-06-24 15:30:22.055,Intermediário
2.2672,2.2702,2011-06-24 16:00:36.013,Intermediário
2.2692,2.2722,2011-06-24 16:30:19.203,Fechamento Interbancário
2.2636,2.2649,2011-06-24 17:38:48.145,Fechamento
2.2662,2.2805,2011-06-27 09:20:39.134,Abertura
2.2696,2.2726,2011-06-27 09:30:24.88,Intermediário
2.2675,2.2709,2011-06-27 10:06:41.696,Intermediário
2.2716,2.2746,2011-06-27 10:30:53.239,Intermediário
2.2732,2.2762,2011-06-27 11:00:50.912,Intermediário
2.2769,2.2799,2011-06-27 11:30:24.299,Intermediário
2.2777,2.2807,2011-06-27 12:00:54.228,Intermediário
2.2754,2.2784,2011-06-27 12:35:09.466,Intermediário
2.2777,2.2807,2011-06-27 13:00:45.074,Intermediário
2.2761,2.2791,2011-06-27 13:49:49.854,Intermediário
2.2764,2.2794,2011-06-27 14:00:38.614,Intermediário
2.278,2.281,2011-06-27 14:31:15.785,Intermediário
2.2786,2.2816,2011-06-27 15:01:30.022,Intermediário
2.2756,2.2786,2011-06-27 15:30:25.312,Intermediário
2.274,2.277,2011-06-27 16:00:47.901,Intermediário
2.2754,2.2784,2011-06-27 16:30:26.708,Fechamento Interbancário
2.2784,2.2797,2011-06-27 17:37:10.863,Fechamento
2.265,2.2794,2011-06-28 09:28:07.904,Abertura
2.2726,2.2756,2011-06-28 09:33:07.186,Intermediário
2.2782,2.2812,2011-06-28 10:01:14.268,Intermediário
2.2764,2.2794,2011-06-28 10:30:22.951,Intermediário
2.2774,2.2804,2011-06-28 11:01:12.963,Intermediário
2.2787,2.2818,2011-06-28 11:30:47.12,Intermediário
2.2708,2.2738,2011-06-28 12:01:07.154,Intermediário
2.2695,2.2725,2011-06-28 12:30:58.224,Intermediário
2.27,2.273,2011-06-28 13:00:46.728,Intermediário
2.267,2.27,2011-06-28 13:30:22.39,Intermediário
2.2667,2.2697,2011-06-28 14:03:46.45,Intermediário
2.2654,2.2684,2011-06-28 14:30:21.949,Intermediário
2.2657,2.2687,2011-06-28 15:01:00.333,Intermediário
2.267,2.27,2011-06-28 15:30:22.493,Intermediário
2.2636,2.2666,2011-06-28 16:00:52.645,Intermediário
2.2622,2.2652,2011-06-28 16:30:22.923,Fechamento Interbancário
2.2715,2.2728,2011-06-28 17:38:48.435,Fechamento
2.2601,2.2747,2011-06-29 09:22:15.445,Abertura
2.2651,2.2681,2011-06-29 09:32:08.444,Intermediário
2.2678,2.271,2011-06-29 10:01:18.754,Intermediário
2.2666,2.2696,2011-06-29 10:32:36.774,Intermediário
2.2647,2.2677,2011-06-29 11:00:54.926,Intermediário
2.2618,2.2648,2011-06-29 11:30:30.743,Intermediário
2.2631,2.2661,2011-06-29 12:01:01.55,Intermediário
2.2629,2.266,2011-06-29 12:30:56.572,Intermediário
2.2626,2.2657,2011-06-29 13:01:17.177,Intermediário
2.2609,2.2639,2011-06-29 13:31:13.497,Intermediário
2.2614,2.2644,2011-06-29 14:01:07.363,Intermediário
2.2614,2.2644,2011-06-29 14:30:27.883,Intermediário
2.2644,2.2674,2011-06-29 15:01:19.332,Intermediário
2.2663,2.2694,2011-06-29 15:30:27.515,Intermediário
2.265,2.2681,2011-06-29 16:01:03.721,Intermediário
2.2647,2.2678,2011-06-29 16:31:28.251,Fechamento Interbancário
2.2679,2.2692,2011-06-29 17:46:04.836,Fechamento
2.2538,2.2685,2011-06-30 09:22:19.614,Abertura
2.2585,2.2615,2011-06-30 09:30:28.413,Intermediário
2.2579,2.261,2011-06-30 10:00:54.076,Intermediário
2.256,2.2591,2011-06-30 10:30:27.478,Intermediário
2.2565,2.2595,2011-06-30 11:01:55.491,Intermediário
2.2606,2.2637,2011-06-30 11:30:34.64,Intermediário
2.2661,2.2692,2011-06-30 12:02:07.309,Intermediário
2.2654,2.2685,2011-06-30 12:31:46.175,Intermediário
2.2627,2.2657,2011-06-30 13:01:15.291,Intermediário
2.263,2.2661,2011-06-30 13:43:26.469,Intermediário
2.263,2.2661,2011-06-30 14:01:27.172,Intermediário
2.2648,2.2679,2011-06-30 14:30:27.595,Intermediário
2.2634,2.2664,2011-06-30 15:01:05.037,Intermediário
2.2629,2.2659,2011-06-30 15:31:22.955,Intermediário
2.2651,2.2682,2011-06-30 16:00:48.366,Intermediário
2.265,2.268,2011-06-30 16:31:10.679,Fechamento Interbancário
2.2654,2.2667,2011-06-30 17:44:48.602,Fechamento
2.2636,2.2646,2011-07-01 10:31:16.12,Abertura
2.2578,2.2588,2011-07-01 11:10:35.719,Intermediário
2.254,2.2551,2011-07-01 12:10:29.996,Intermediário
2.2583,2.2593,2011-07-01 13:05:09.105,Intermediário
2.2618,2.2631,2011-07-01 13:05:09.112,Fechamento
2.2583,2.2593,2011-07-04 10:04:47.54,Abertura
2.2613,2.2623,2011-07-04 11:04:44.765,Intermediário
2.2623,2.2633,2011-07-04 12:04:44.392,Intermediário
2.2582,2.2592,2011-07-04 13:05:16.116,Intermediário
2.2612,2.2625,2011-07-04 13:05:16.125,Fechamento
2.2604,2.2616,2011-07-05 10:04:46.028,Abertura
2.2607,2.2619,2011-07-05 11:10:32.582,Intermediário
2.2642,2.2654,2011-07-05 12:10:38.294,Intermediário
2.2633,2.2644,2011-07-05 13:04:48.424,Intermediário
2.2615,2.2628,2011-07-05 13:04:48.43,Fechamento
2.2479,2.2491,2011-07-06 10:04:47.642,Abertura
2.2409,2.242,2011-07-06 11:06:51.509,Intermediário
2.236,2.2371,2011-07-06 12:12:56.512,Intermediário
2.2419,2.243,2011-07-06 13:09:35.744,Intermediário
2.2424,2.2437,2011-07-06 13:09:35.755,Fechamento
2.2308,2.232,2011-07-07 10:11:21.706,Abertura
2.2296,2.2306,2011-07-07 11:09:00.484,Intermediário
2.2335,2.2345,2011-07-07 12:10:17.868,Intermediário
2.2312,2.2322,2011-07-07 13:10:09.43,Intermediário
2.2341,2.2354,2011-07-07 13:10:09.435,Fechamento
2.2318,2.233,2011-07-08 10:08:36.663,Abertura
2.2367,2.2379,2011-07-08 11:08:15.943,Intermediário
2.2301,2.2313,2011-07-08 12:12:20.034,Intermediário
2.2281,2.2293,2011-07-08 13:10:10.16,Intermediário
2.2267,2.228,2011-07-08 13:10:10.169,Fechamento
2.2206,2.2217,2011-07-11 10:05:33.01,Abertura
2.2179,2.2189,2011-07-11 11:04:36.827,Intermediário
2.2104,2.2116,2011-07-11 12:08:41.481,Intermediário
2.2146,2.2158,2011-07-11 13:11:00.665,Intermediário
2.2151,2.2163,2011-07-11 13:11:00.684,Fechamento
2.2106,2.2117,2011-07-12 10:06:43.966,Abertura
2.2037,2.2049,2011-07-12 11:05:49.683,Intermediário
2.2028,2.2039,2011-07-12 12:05:47.402,Intermediário
2.2095,2.2107,2011-07-12 13:08:36.701,Intermediário
2.2088,2.2101,2011-07-12 13:08:36.713,Fechamento
2.2191,2.2201,2011-07-13 10:10:47.112,Abertura
2.2217,2.2227,2011-07-13 11:04:32.788,Intermediário
2.2257,2.2267,2011-07-13 12:12:19.844,Intermediário
2.2249,2.2262,2011-07-13 13:09:09.099,Intermediário
2.232,2.2333,2011-07-13 13:09:09.112,Fechamento
2.2362,2.2372,2011-07-14 10:06:12.689,Abertura
2.2363,2.2374,2011-07-14 11:03:52.427,Intermediário
2.2272,2.2282,2011-07-14 12:04:26.442,Intermediário
2.2322,2.2332,2011-07-14 13:11:58.45,Intermediário
2.2288,2.2301,2011-07-14 13:11:58.463,Fechamento
2.2212,2.2224,2011-07-15 10:07:06.55,Abertura
2.2212,2.2222,2011-07-15 11:07:06.399,Intermediário
2.2247,2.2257,2011-07-15 12:06:25.991,Intermediário
2.228,2.2292,2011-07-15 13:09:20.144,Intermediário
2.2303,2.2317,2011-07-15 13:09:20.17,Fechamento
2.2226,2.2236,2011-07-18 10:03:20.772,Abertura
2.2243,2.2253,2011-07-18 11:11:21.127,Intermediário
2.2199,2.2209,2011-07-18 12:06:08.247,Intermediário
2.2228,2.2238,2011-07-18 13:11:44.984,Intermediário
2.2213,2.2226,2011-07-18 13:11:45.034,Fechamento
2.2228,2.2238,2011-07-19 10:04:38.774,Abertura
2.2238,2.2248,2011-07-19 11:08:25.241,Intermediário
2.2237,2.2247,2011-07-19 12:06:38.649,Intermediário
2.22,2.221,2011-07-19 13:08:56.968,Intermediário
2.2209,2.2222,2011-07-19 13:08:56.977,Fechamento
2.2219,2.2229,2011-07-20 10:11:01.788,Abertura
2.2186,2.2196,2011-07-20 11:05:55.81,Intermediário
2.2212,2.2221,2011-07-20 12:09:37.838,Intermediário
2.2203,2.2213,2011-07-20 13:10:00.313,Intermediário
2.2199,2.2212,2011-07-20 13:10:00.322,Fechamento
2.2309,2.2318,2011-07-21 10:09:00.912,Abertura
2.2311,2.2321,2011-07-21 11:04:14.766,Intermediário
2.2374,2.2383,2011-07-21 12:11:53.911,Intermediário
2.2342,2.235,2011-07-21 13:04:38.599,Intermediário
2.2366,2.2379,2011-07-21 13:04:38.608,Fechamento
2.2327,2.2336,2011-07-22 10:04:32.49,Abertura
2.232,2.233,2011-07-22 11:06:37.112,Intermediário
2.2306,2.2316,2011-07-22 12:08:39.613,Intermediário
2.228,2.229,2011-07-22 13:08:06.712,Intermediário
2.2319,2.2332,2011-07-22 13:08:06.724,Fechamento
2.2287,2.2297,2011-07-25 10:06:34.329,Abertura
2.2165,2.2175,2011-07-25 11:06:34.847,Intermediário
2.2095,2.2105,2011-07-25 12:03:54.407,Intermediário
2.2112,2.2121,2011-07-25 13:09:00.434,Intermediário
2.2166,2.2179,2011-07-25 13:09:00.439,Fechamento
2.2163,2.2173,2011-07-26 10:08:50.4,Abertura
2.2178,2.2189,2011-07-26 11:06:36.158,Intermediário
2.2206,2.2216,2011-07-26 12:04:20.154,Intermediário
2.2291,2.2301,2011-07-26 13:03:39.059,Intermediário
2.2234,2.2247,2011-07-26 13:03:39.063,Fechamento
2.2435,2.2464,2011-07-27 10:14:22.535,Abertura
2.2611,2.2634,2011-07-27 11:11:46.055,Intermediário
2.2536,2.2555,2011-07-27 12:11:35.522,Intermediário
2.2506,2.2524,2011-07-27 13:06:54.204,Intermediário
2.2463,2.2476,2011-07-27 13:06:54.21,Fechamento
2.2326,2.2352,2011-07-28 10:08:08.321,Abertura
2.2359,2.2377,2011-07-28 11:09:33.898,Intermediário
2.2375,2.239,2011-07-28 12:06:56.746,Intermediário
2.235,2.2365,2011-07-28 13:08:28.701,Intermediário
2.2371,2.2384,2011-07-28 13:08:28.709,Fechamento
2.2354,2.2367,2011-07-29 10:09:34.12,Abertura
2.2397,2.2409,2011-07-29 11:08:34.273,Intermediário
2.2341,2.2354,2011-07-29 12:08:34.385,Intermediário
2.2293,2.2306,2011-07-29 13:04:45.396,Intermediário
2.2381,2.2394,2011-07-29 13:04:45.407,Fechamento
2.2287,2.23,2011-08-01 10:02:45.431,Abertura
2.2213,2.2226,2011-08-01 11:06:33.196,Intermediário
2.2129,2.214,2011-08-01 12:10:32.483,Intermediário
2.2153,2.2165,2011-08-01 13:11:36.516,Intermediário
2.2083,2.2096,2011-08-01 13:11:36.533,Fechamento
2.2274,2.2286,2011-08-02 10:10:31.498,Abertura
2.2316,2.2327,2011-08-02 11:10:27.788,Intermediário
2.2245,2.2257,2011-08-02 12:03:40.713,Intermediário
2.2279,2.229,2011-08-02 13:11:02.982,Intermediário
2.227,2.2283,2011-08-02 13:11:02.987,Fechamento
2.239,2.2401,2011-08-03 10:06:27.952,Abertura
2.2396,2.2409,2011-08-03 11:10:29.293,Intermediário
2.2371,2.2383,2011-08-03 12:03:28.382,Intermediário
2.2399,2.2411,2011-08-03 13:07:58.985,Intermediário
2.2398,2.2411,2011-08-03 13:07:58.994,Fechamento
2.2357,2.2369,2011-08-04 10:06:28.151,Abertura
2.226,2.2272,2011-08-04 11:02:53.911,Intermediário
2.2293,2.2305,2011-08-04 12:11:27.23,Intermediário
2.2342,2.2354,2011-08-04 13:09:50.53,Intermediário
2.2286,2.2299,2011-08-04 13:09:50.54,Fechamento
2.2418,2.243,2011-08-05 10:11:30.255,Abertura
2.2478,2.2489,2011-08-05 11:07:41.718,Intermediário
2.2513,2.2524,2011-08-05 12:06:30.805,Intermediário
2.2653,2.2665,2011-08-05 13:04:04.926,Intermediário
2.2486,2.2499,2011-08-05 13:04:04.938,Fechamento
2.2615,2.2628,2011-08-08 10:06:28.142,Abertura
2.2697,2.2709,2011-08-08 11:07:26.838,Intermediário
2.2719,2.2731,2011-08-08 12:08:28.81,Intermediário
2.2781,2.2793,2011-08-08 13:03:44.771,Intermediário
2.277,2.2783,2011-08-08 13:03:44.781,Fechamento
2.316,2.3173,2011-08-09 10:05:27.948,Abertura
2.3156,2.3168,2011-08-09 11:03:26.96,Intermediário
2.349,2.3503,2011-08-09 12:06:28.158,Intermediário
2.3207,2.322,2011-08-09 13:03:07.997,Intermediário
2.3258,2.3271,2011-08-09 13:03:08.0,Fechamento
2.3007,2.3019,2011-08-10 10:11:27.072,Abertura
2.2943,2.2955,2011-08-10 11:07:27.179,Intermediário
2.297,2.2982,2011-08-10 12:18:03.735,Intermediário
2.3024,2.3036,2011-08-10 13:12:03.081,Intermediário
2.296,2.2973,2011-08-10 13:12:03.089,Fechamento
2.3101,2.3114,2011-08-11 10:09:29.325,Abertura
2.3158,2.317,2011-08-11 11:09:27.423,Intermediário
2.323,2.3242,2011-08-11 12:02:51.795,Intermediário
2.3171,2.3182,2011-08-11 13:11:20.845,Intermediário
2.3182,2.3195,2011-08-11 13:11:20.856,Fechamento
2.3045,2.3057,2011-08-12 10:08:28.391,Abertura
2.3027,2.3039,2011-08-12 11:07:28.645,Intermediário
2.2986,2.2997,2011-08-12 12:10:26.63,Intermediário
2.2986,2.2999,2011-08-12 13:08:43.509,Intermediário
2.2996,2.3009,2011-08-12 13:08:43.513,Fechamento
2.295,2.2962,2011-08-15 10:07:29.281,Abertura
2.3064,2.3076,2011-08-15 11:07:28.075,Intermediário
2.3023,2.3034,2011-08-15 12:07:29.698,Intermediário
2.3012,2.3023,2011-08-15 13:09:44.527,Intermediário
2.3045,2.3058,2011-08-15 13:09:44.536,Fechamento
2.2908,2.2919,2011-08-16 10:11:28.675,Abertura
2.2939,2.2951,2011-08-16 11:11:27.31,Intermediário
2.2876,2.2887,2011-08-16 12:05:26.626,Intermediário
2.2893,2.2903,2011-08-16 13:03:41.989,Intermediário
2.2941,2.2954,2011-08-16 13:03:42.014,Fechamento
2.2866,2.2878,2011-08-17 10:02:37.194,Abertura
2.2918,2.2929,2011-08-17 11:06:27.701,Intermediário
2.2888,2.2899,2011-08-17 12:03:01.816,Intermediário
2.2891,2.2902,2011-08-17 13:12:21.853,Intermediário
2.2834,2.2847,2011-08-17 13:12:21.859,Fechamento
2.3013,2.3027,2011-08-18 10:08:30.319,Abertura
2.3048,2.3063,2011-08-18 11:24:54.06,Intermediário
2.3015,2.3026,2011-08-18 12:09:30.15,Intermediário
2.2982,2.2994,2011-08-18 13:08:50.634,Intermediário
2.2988,2.3001,2011-08-18 13:08:50.639,Fechamento
2.2927,2.2939,2011-08-19 10:03:27.363,Abertura
2.2985,2.2997,2011-08-19 11:06:24.112,Intermediário
2.3007,2.3017,2011-08-19 12:02:59.803,Intermediário
2.3038,2.305,2011-08-19 13:07:38.753,Intermediário
2.2979,2.2992,2011-08-19 13:07:38.763,Fechamento
2.2977,2.2989,2011-08-22 10:02:39.502,Abertura
2.3037,2.3048,2011-08-22 11:09:23.226,Intermediário
2.3058,2.3072,2011-08-22 12:06:25.964,Intermediário
2.3092,2.3103,2011-08-22 13:08:10.431,Intermediário
2.3011,2.3024,2011-08-22 13:08:10.436,Fechamento
2.3135,2.3145,2011-08-23 10:10:31.647,Abertura
2.3079,2.3091,2011-08-23 11:09:38.889,Intermediário
2.311,2.3122,2011-08-23 12:10:24.59,Intermediário
2.3076,2.3088,2011-08-23 13:03:20.573,Intermediário
2.3128,2.3142,2011-08-23 13:03:20.586,Fechamento
2.3112,2.3124,2011-08-24 10:06:34.426,Abertura
2.3184,2.3196,2011-08-24 11:02:41.175,Intermediário
2.3119,2.313,2011-08-24 12:16:57.509,Intermediário
2.3139,2.3151,2011-08-24 13:07:34.556,Intermediário
2.308,2.3093,2011-08-24 13:07:34.564,Fechamento
2.3308,2.3318,2011-08-25 10:06:30.261,Abertura
2.3283,2.3294,2011-08-25 11:05:26.95,Intermediário
2.3202,2.3213,2011-08-25 12:06:28.628,Intermediário
2.3157,2.3169,2011-08-25 13:03:40.494,Intermediário
2.3216,2.3229,2011-08-25 13:03:40.505,Fechamento
2.3256,2.3268,2011-08-26 10:05:28.611,Abertura
2.3256,2.3268,2011-08-26 11:02:35.514,Intermediário
2.3147,2.3158,2011-08-26 12:03:30.591,Intermediário
2.3201,2.3213,2011-08-26 13:17:30.44,Intermediário
2.3302,2.3315,2011-08-26 13:17:30.445,Fechamento
2.3169,2.3181,2011-08-29 10:11:59.514,Abertura
2.3212,2.3223,2011-08-29 11:08:07.03,Intermediário
2.3206,2.3218,2011-08-29 12:03:24.367,Intermediário
2.3158,2.3168,2011-08-29 13:12:19.079,Intermediário
2.3165,2.3178,2011-08-29 13:12:19.089,Fechamento
2.299,2.3001,2011-08-30 10:04:25.187,Abertura
2.2969,2.2981,2011-08-30 11:04:24.504,Intermediário
2.2874,2.2885,2011-08-30 12:08:25.863,Intermediário
2.2902,2.2914,2011-08-30 13:02:57.451,Intermediário
2.2944,2.2957,2011-08-30 13:02:57.467,Fechamento
2.2945,2.2957,2011-08-31 10:03:26.161,Abertura
2.2915,2.2927,2011-08-31 11:03:24.482,Intermediário
2.2839,2.285,2011-08-31 12:06:24.825,Intermediário
2.2823,2.2835,2011-08-31 13:03:26.269,Intermediário
2.2851,2.2864,2011-08-31 13:03:26.273,Fechamento
2.2906,2.2917,2011-09-01 10:06:28.683,Abertura
2.3002,2.3012,2011-09-01 11:02:37.408,Intermediário
2.287,2.2881,2011-09-01 12:03:24.166,Intermediário
2.2824,2.2836,2011-09-01 13:04:54.409,Intermediário
2.2899,2.2912,2011-09-01 13:04:54.423,Fechamento
2.3259,2.3271,2011-09-02 10:02:38.567,Abertura
2.3296,2.3307,2011-09-02 11:10:51.014,Intermediário
2.3187,2.32,2011-09-02 12:08:26.089,Intermediário
2.3185,2.3197,2011-09-02 13:10:54.863,Intermediário
2.3201,2.3214,2011-09-02 13:10:54.87,Fechamento
2.3276,2.3288,2011-09-05 10:12:25.223,Abertura
2.3262,2.3274,2011-09-05 11:10:24.046,Intermediário
2.3332,2.3343,2011-09-05 12:07:27.666,Intermediário
2.3257,2.3269,2011-09-05 13:11:57.483,Intermediário
2.329,2.3303,2011-09-05 13:11:57.494,Fechamento
2.3272,2.3285,2011-09-06 10:03:42.671,Abertura
2.3297,2.3308,2011-09-06 11:06:25.501,Intermediário
2.3271,2.3281,2011-09-06 12:04:40.172,Intermediário
2.3224,2.3234,2011-09-06 13:11:57.523,Intermediário
2.3195,2.3208,2011-09-06 13:11:57.531,Fechamento
2.316,2.317,2011-09-08 10:07:32.342,Abertura
2.3189,2.3202,2011-09-08 11:08:24.812,Intermediário
2.3158,2.3168,2011-09-08 12:06:24.461,Intermediário
2.3082,2.3093,2011-09-08 13:09:51.533,Intermediário
2.309,2.3103,2011-09-08 13:09:51.542,Fechamento
2.3078,2.3088,2011-09-09 10:11:28.354,Abertura
2.2991,2.3001,2011-09-09 11:10:24.901,Intermediário
2.298,2.2991,2011-09-09 12:05:26.048,Intermediário
2.2959,2.297,2011-09-09 13:04:33.517,Intermediário
2.2904,2.2917,2011-09-09 13:04:33.526,Fechamento
2.2991,2.3001,2011-09-12 10:10:30.323,Abertura
2.3001,2.3012,2011-09-12 11:08:25.89,Intermediário
2.3119,2.3128,2011-09-12 12:10:26.28,Intermediário
2.3113,2.3125,2011-09-12 13:07:53.654,Intermediário
2.3028,2.304,2011-09-12 13:07:53.666,Fechamento
2.3414,2.3425,2011-09-13 10:11:28.268,Abertura
2.3353,2.3363,2011-09-13 11:09:25.674,Intermediário
2.3447,2.3458,2011-09-13 12:11:26.777,Intermediário
2.3452,2.3463,2011-09-13 13:09:29.159,Intermediário
2.3405,2.3418,2011-09-13 13:09:29.168,Fechamento
2.3563,2.3574,2011-09-14 10:05:27.536,Abertura
2.3736,2.3746,2011-09-14 11:06:25.445,Intermediário
2.3658,2.3669,2011-09-14 12:03:29.751,Intermediário
2.3693,2.3703,2011-09-14 13:04:43.212,Intermediário
2.3693,2.3705,2011-09-14 13:04:43.218,Fechamento
2.3615,2.363,2011-09-15 10:05:27.757,Abertura
2.3647,2.3659,2011-09-15 11:08:25.334,Intermediário
2.3707,2.3717,2011-09-15 12:03:52.668,Intermediário
2.3751,2.3761,2011-09-15 13:11:51.255,Intermediário
2.37,2.3712,2011-09-15 13:11:51.26,Fechamento
2.3631,2.3642,2011-09-16 10:10:22.878,Abertura
2.3663,2.3674,2011-09-16 11:09:29.834,Intermediário
2.3574,2.3585,2011-09-16 12:02:49.555,Intermediário
2.3593,2.3604,2011-09-16 13:10:06.074,Intermediário
2.359,2.3603,2011-09-16 13:10:06.08,Fechamento
2.4034,2.4045,2011-09-19 10:08:28.917,Abertura
2.415,2.4161,2011-09-19 11:05:26.048,Intermediário
2.4204,2.4216,2011-09-19 12:06:26.176,Intermediário
2.4348,2.4359,2011-09-19 13:07:09.901,Intermediário
2.4214,2.4227,2011-09-19 13:07:09.912,Fechamento
2.4341,2.4353,2011-09-20 10:05:26.856,Abertura
2.4483,2.4494,2011-09-20 11:03:24.26,Intermediário
2.4527,2.4539,2011-09-20 12:02:38.43,Intermediário
2.4515,2.4527,2011-09-20 13:03:53.648,Intermediário
2.4462,2.4475,2011-09-20 13:03:53.655,Fechamento
2.4845,2.4856,2011-09-21 10:03:27.328,Abertura
2.4929,2.494,2011-09-21 11:08:31.266,Intermediário
2.5137,2.5149,2011-09-21 12:05:26.811,Intermediário
2.5152,2.5164,2011-09-21 13:12:16.601,Intermediário
2.5073,2.5086,2011-09-21 13:12:16.613,Fechamento
2.6035,2.6048,2011-09-22 10:08:36.955,Abertura
2.5563,2.5576,2011-09-22 11:06:32.479,Intermediário
2.5276,2.5289,2011-09-22 12:08:25.676,Intermediário
2.5251,2.5263,2011-09-22 13:08:49.622,Intermediário
2.5552,2.5565,2011-09-22 13:08:49.627,Fechamento
2.533,2.5344,2011-09-23 10:11:27.437,Abertura
2.5315,2.5329,2011-09-23 11:06:25.509,Intermediário
2.536,2.5372,2011-09-23 12:05:26.206,Intermediário
2.5157,2.5168,2011-09-23 13:09:31.461,Intermediário
2.531,2.5322,2011-09-23 13:09:31.466,Fechamento
2.4649,2.4661,2011-09-26 10:03:26.65,Abertura
2.4938,2.495,2011-09-26 11:04:25.201,Intermediário
2.4903,2.4917,2011-09-26 12:04:25.992,Intermediário
2.4956,2.497,2011-09-26 13:12:30.013,Intermediário
2.4921,2.4934,2011-09-26 13:12:30.024,Fechamento
2.4404,2.4416,2011-09-27 10:05:26.195,Abertura
2.4521,2.4533,2011-09-27 11:09:26.085,Intermediário
2.4555,2.4566,2011-09-27 12:08:24.359,Intermediário
2.4544,2.4557,2011-09-27 13:05:39.765,Intermediário
2.4487,2.45,2011-09-27 13:05:39.776,Fechamento
2.4578,2.4589,2011-09-28 10:03:24.475,Abertura
2.4716,2.4726,2011-09-28 11:05:29.488,Intermediário
2.4705,2.4716,2011-09-28 12:11:54.339,Intermediário
2.4739,2.4749,2011-09-28 13:03:52.019,Intermediário
2.4703,2.4716,2011-09-28 13:03:52.032,Fechamento
2.4974,2.4984,2011-09-29 10:05:28.361,Abertura
2.4908,2.4919,2011-09-29 11:06:25.561,Intermediário
2.4955,2.4968,2011-09-29 12:07:34.263,Intermediário
2.4894,2.4906,2011-09-29 13:12:28.008,Intermediário
2.4933,2.4945,2011-09-29 13:12:28.015,Fechamento
2.4969,2.498,2011-09-30 10:02:43.941,Abertura
2.4962,2.4974,2011-09-30 11:05:25.181,Intermediário
2.4868,2.4879,2011-09-30 12:10:25.6,Intermediário
2.4869,2.488,2011-09-30 13:03:01.625,Intermediário
2.4925,2.4938,2011-09-30 13:03:01.646,Fechamento
2.5024,2.5035,2011-10-03 10:02:38.95,Abertura
2.4939,2.4952,2011-10-03 11:10:26.665,Intermediário
2.5056,2.5068,2011-10-03 12:06:26.477,Intermediário
2.4996,2.5007,2011-10-03 13:07:55.566,Intermediário
2.4977,2.4989,2011-10-03 13:07:55.576,Fechamento
2.4967,2.498,2011-10-04 10:04:26.696,Abertura
2.4927,2.494,2011-10-04 11:06:26.199,Intermediário
2.4939,2.495,2011-10-04 12:05:26.941,Intermediário
2.4977,2.4988,2011-10-04 13:09:35.59,Intermediário
2.506,2.5073,2011-10-04 13:09:35.6,Fechamento
2.4687,2.4698,2011-10-05 10:07:31.012,Abertura
2.4642,2.4655,2011-10-05 11:04:24.502,Intermediário
2.4476,2.4486,2011-10-05 12:02:37.897,Intermediário
2.4436,2.4449,2011-10-05 13:06:43.321,Intermediário
2.4587,2.4598,2011-10-05 13:06:43.326,Fechamento
2.4168,2.4177,2011-10-06 10:04:30.054,Abertura
2.4174,2.4185,2011-10-06 11:11:25.039,Intermediário
2.417,2.4183,2011-10-06 12:11:25.844,Intermediário
2.4233,2.4244,2011-10-06 13:02:42.887,Intermediário
2.4284,2.4295,2011-10-06 13:02:42.892,Fechamento
2.3818,2.3829,2011-10-07 10:08:31.618,Abertura
2.3789,2.38,2011-10-07 11:09:30.363,Intermediário
2.3813,2.3825,2011-10-07 12:05:27.299,Intermediário
2.3883,2.3895,2011-10-07 13:05:42.772,Intermediário
2.3859,2.387,2011-10-07 13:05:42.778,Fechamento
2.372,2.3731,2011-10-10 10:08:29.256,Abertura
2.3867,2.3879,2011-10-10 11:04:27.167,Intermediário
2.3858,2.3868,2011-10-10 12:07:28.517,Intermediário
2.3932,2.3944,2011-10-10 13:06:56.975,Intermediário
2.3909,2.392,2011-10-10 13:06:56.988,Fechamento
2.4133,2.4145,2011-10-11 10:08:28.101,Abertura
2.4051,2.4065,2011-10-11 11:07:29.935,Intermediário
2.4012,2.4022,2011-10-11 12:06:27.534,Intermediário
2.3959,2.397,2011-10-11 13:09:20.365,Intermediário
2.4109,2.4119,2011-10-11 13:09:20.377,Fechamento
2.409,2.4102,2011-10-13 10:07:30.384,Abertura
2.4087,2.4098,2011-10-13 11:09:45.092,Intermediário
2.4033,2.4045,2011-10-13 12:11:26.161,Intermediário
2.3971,2.3983,2011-10-13 13:04:50.299,Intermediário
2.4067,2.4079,2011-10-13 13:04:50.306,Fechamento
2.395,2.3962,2011-10-14 10:05:28.396,Abertura
2.4076,2.4089,2011-10-14 11:08:26.402,Intermediário
2.4091,2.4103,2011-10-14 12:03:26.255,Intermediário
2.4094,2.4107,2011-10-14 13:05:18.201,Intermediário
2.4072,2.4083,2011-10-14 13:05:18.216,Fechamento
2.4053,2.4064,2011-10-17 10:03:28.422,Abertura
2.4077,2.4088,2011-10-17 11:03:28.501,Intermediário
2.405,2.4061,2011-10-17 12:09:26.021,Intermediário
2.4104,2.4114,2011-10-17 13:35:32.68,Intermediário
2.4061,2.4072,2011-10-17 13:35:32.688,Fechamento
2.4358,2.4372,2011-10-18 10:11:37.61,Abertura
2.4253,2.4264,2011-10-18 11:07:45.741,Intermediário
2.4229,2.424,2011-10-18 12:09:31.102,Intermediário
2.4112,2.4124,2011-10-18 13:09:22.846,Intermediário
2.4249,2.4261,2011-10-18 13:09:22.852,Fechamento
2.4263,2.4273,2011-10-19 10:04:31.515,Abertura
2.437,2.4381,2011-10-19 11:04:28.271,Intermediário
2.4315,2.4326,2011-10-19 12:03:26.332,Intermediário
2.4323,2.4335,2011-10-19 13:06:36.353,Intermediário
2.4287,2.4299,2011-10-19 13:06:36.376,Fechamento
2.4398,2.441,2011-10-20 10:10:28.659,Abertura
2.4495,2.4506,2011-10-20 11:03:26.544,Intermediário
2.4596,2.4611,2011-10-20 12:09:56.573,Intermediário
2.4548,2.4558,2011-10-20 13:05:45.652,Intermediário
2.4398,2.4409,2011-10-20 13:05:45.658,Fechamento
2.4648,2.466,2011-10-21 10:10:45.665,Abertura
2.467,2.468,2011-10-21 11:05:38.953,Intermediário
2.4577,2.4591,2011-10-21 12:07:29.565,Intermediário
2.4726,2.4736,2011-10-21 13:10:20.155,Intermediário
2.4728,2.4739,2011-10-21 13:10:20.162,Fechamento
2.4658,2.467,2011-10-24 10:07:33.944,Abertura
2.4629,2.4641,2011-10-24 11:11:08.485,Intermediário
2.4627,2.4638,2011-10-24 12:13:36.475,Intermediário
2.4557,2.457,2011-10-24 13:02:48.34,Intermediário
2.4659,2.4671,2011-10-24 13:02:48.352,Fechamento
2.4216,2.4229,2011-10-25 10:03:30.684,Abertura
2.436,2.4373,2011-10-25 11:07:29.238,Intermediário
2.4485,2.45,2011-10-25 12:09:10.017,Intermediário
2.4516,2.4526,2011-10-25 13:02:50.185,Intermediário
2.4391,2.4402,2011-10-25 13:02:50.199,Fechamento
2.4472,2.4486,2011-10-26 10:10:31.325,Abertura
2.4458,2.447,2011-10-26 11:03:27.685,Intermediário
2.4486,2.4498,2011-10-26 12:11:28.738,Intermediário
2.4408,2.4419,2011-10-26 13:15:58.726,Intermediário
2.4317,2.4328,2011-10-26 13:15:58.735,Fechamento
2.4322,2.4334,2011-10-27 10:11:29.987,Abertura
2.4385,2.4397,2011-10-27 11:04:28.585,Intermediário
2.4435,2.4446,2011-10-27 12:10:34.047,Intermediário
2.4451,2.4463,2011-10-27 13:09:00.086,Intermediário
2.4485,2.4496,2011-10-27 13:09:00.094,Fechamento
2.4008,2.4021,2011-10-28 10:25:16.267,Abertura
2.4137,2.4147,2011-10-28 11:06:26.644,Intermediário
2.4054,2.4067,2011-10-28 12:09:29.411,Intermediário
2.3989,2.4001,2011-10-28 13:07:14.773,Intermediário
2.4073,2.4084,2011-10-28 13:07:14.779,Fechamento
2.3537,2.3549,2011-10-31 10:05:28.825,Abertura
2.3601,2.3614,2011-10-31 11:06:27.004,Intermediário
2.3698,2.371,2011-10-31 12:04:25.511,Intermediário
2.3646,2.3659,2011-10-31 13:09:33.806,Intermediário
2.3599,2.361,2011-10-31 13:09:33.819,Fechamento
2.3999,2.401,2011-11-01 10:07:30.275,Abertura
2.3945,2.3959,2011-11-01 11:06:26.18,Intermediário
2.3859,2.387,2011-11-01 12:06:28.285,Intermediário
2.3786,2.3798,2011-11-01 13:05:18.45,Intermediário
2.3918,2.3929,2011-11-01 13:05:18.463,Fechamento
2.3888,2.3899,2011-11-03 10:07:33.306,Abertura
2.3665,2.3677,2011-11-03 11:03:26.945,Intermediário
2.3632,2.3646,2011-11-03 12:03:27.56,Intermediário
2.3805,2.3816,2011-11-03 13:08:31.372,Intermediário
2.374,2.3753,2011-11-03 13:08:31.379,Fechamento
2.4007,2.4019,2011-11-04 10:03:31.482,Abertura
2.3948,2.3959,2011-11-04 11:05:38.852,Intermediário
2.394,2.3951,2011-11-04 12:03:27.231,Intermediário
2.4031,2.4042,2011-11-04 13:17:53.847,Intermediário
2.3912,2.3923,2011-11-04 13:17:53.856,Fechamento
2.4181,2.4192,2011-11-07 10:07:38.405,Abertura
2.4004,2.4015,2011-11-07 11:07:49.062,Intermediário
2.4064,2.4075,2011-11-07 12:06:29.28,Intermediário
2.4077,2.4088,2011-11-07 13:29:35.579,Intermediário
2.4157,2.4168,2011-11-07 13:29:35.587,Fechamento
2.407,2.4085,2011-11-08 10:25:19.314,Abertura
2.4044,2.4054,2011-11-08 11:06:34.901,Intermediário
2.4023,2.4035,2011-11-08 12:11:28.727,Intermediário
2.4136,2.4146,2011-11-08 13:11:28.013,Intermediário
2.4149,2.416,2011-11-08 13:11:28.113,Fechamento
2.3949,2.396,2011-11-09 10:04:45.181,Abertura
2.3874,2.3884,2011-11-09 11:07:28.771,Intermediário
2.38,2.3811,2011-11-09 12:11:26.857,Intermediário
2.3775,2.3785,2011-11-09 13:11:08.055,Intermediário
2.3782,2.3792,2011-11-09 13:11:08.066,Fechamento
2.399,2.4003,2011-11-10 10:11:29.644,Abertura
2.3987,2.3999,2011-11-10 11:11:05.329,Intermediário
2.3939,2.395,2011-11-10 12:08:37.83,Intermediário
2.3937,2.3949,2011-11-10 13:08:10.787,Intermediário
2.391,2.3921,2011-11-10 13:08:10.795,Fechamento
2.3962,2.3974,2011-11-11 10:10:30.262,Abertura
2.3946,2.3957,2011-11-11 11:21:15.641,Intermediário
2.3938,2.3949,2011-11-11 12:09:27.846,Intermediário
2.3956,2.3967,2011-11-11 13:05:13.239,Intermediário
2.4005,2.4017,2011-11-11 13:05:13.248,Fechamento
2.4079,2.4091,2011-11-14 10:07:49.173,Abertura
2.4108,2.412,2011-11-14 11:06:17.24,Intermediário
2.4053,2.4064,2011-11-14 12:08:27.002,Intermediário
2.4047,2.4058,2011-11-14 13:06:15.382,Intermediário
2.403,2.4041,2011-11-14 13:06:15.392,Fechamento
2.3987,2.3999,2011-11-16 10:07:29.322,Abertura
2.3964,2.3975,2011-11-16 11:02:45.013,Intermediário
2.392,2.3932,2011-11-16 12:11:27.954,Intermediário
2.3966,2.3977,2011-11-16 13:07:09.747,Intermediário
2.4002,2.4014,2011-11-16 13:07:09.761,Fechamento
2.403,2.4044,2011-11-17 10:09:29.187,Abertura
2.3969,2.398,2011-11-17 11:07:29.576,Intermediário
2.3992,2.4003,2011-11-17 12:02:34.554,Intermediário
2.3889,2.39,2011-11-17 13:08:47.734,Intermediário
2.3989,2.4002,2011-11-17 13:08:47.742,Fechamento
2.4066,2.4077,2011-11-18 10:10:32.381,Abertura
2.4028,2.4039,2011-11-18 11:05:26.725,Intermediário
2.4022,2.4034,2011-11-18 12:05:21.627,Intermediário
2.4071,2.4083,2011-11-18 13:03:27.576,Intermediário
2.3982,2.3993,2011-11-18 13:03:27.595,Fechamento
2.4289,2.43,2011-11-21 10:07:30.697,Abertura
2.4255,2.4266,2011-11-21 11:10:28.406,Intermediário
2.4257,2.4268,2011-11-21 12:07:28.612,Intermediário
2.436,2.4375,2011-11-21 13:10:51.237,Intermediário
2.4279,2.4294,2011-11-21 13:10:51.25,Fechamento
2.4391,2.4402,2011-11-22 10:07:31.924,Abertura
2.4444,2.4455,2011-11-22 11:06:26.682,Intermediário
2.4449,2.446,2011-11-22 12:08:26.561,Intermediário
2.4448,2.4459,2011-11-22 13:11:51.81,Intermediário
2.442,2.4431,2011-11-22 13:11:51.822,Fechamento
2.4589,2.4602,2011-11-23 10:03:29.484,Abertura
2.4649,2.4661,2011-11-23 11:02:37.905,Intermediário
2.4688,2.4699,2011-11-23 12:11:27.255,Intermediário
2.4758,2.4768,2011-11-23 13:06:39.367,Intermediário
2.4639,2.465,2011-11-23 13:06:39.379,Fechamento
2.4789,2.48,2011-11-24 10:02:35.036,Abertura
2.4837,2.4851,2011-11-24 11:08:26.998,Intermediário
2.4908,2.4919,2011-11-24 12:05:28.181,Intermediário
2.5116,2.513,2011-11-24 13:11:03.573,Intermediário
2.4863,2.4876,2011-11-24 13:11:03.581,Fechamento
2.5092,2.5103,2011-11-25 10:05:30.594,Abertura
2.5164,2.5176,2011-11-25 11:03:31.726,Intermediário
2.5085,2.5096,2011-11-25 12:04:28.005,Intermediário
2.4925,2.4936,2011-11-25 13:06:57.634,Intermediário
2.5111,2.5122,2011-11-25 13:06:57.642,Fechamento
2.4962,2.4972,2011-11-28 10:07:30.378,Abertura
2.4915,2.4926,2011-11-28 11:06:28.02,Intermediário
2.4792,2.4803,2011-11-28 12:10:25.368,Intermediário
2.4743,2.4755,2011-11-28 13:10:49.81,Intermediário
2.4857,2.4868,2011-11-28 13:10:49.829,Fechamento
2.4732,2.4742,2011-11-29 10:11:30.16,Abertura
2.4634,2.4647,2011-11-29 11:05:24.599,Intermediário
2.462,2.4632,2011-11-29 12:02:29.536,Intermediário
2.4639,2.4652,2011-11-29 13:10:05.021,Intermediário
2.4651,2.4664,2011-11-29 13:10:05.039,Fechamento
2.4305,2.4316,2011-11-30 10:17:57.201,Abertura
2.4244,2.4255,2011-11-30 11:08:31.757,Intermediário
2.4264,2.4274,2011-11-30 12:15:40.816,Intermediário
2.4266,2.4279,2011-11-30 13:10:04.46,Intermediário
2.4403,2.4416,2011-11-30 13:10:04.474,Fechamento
2.4197,2.4209,2011-12-01 10:06:33.835,Abertura
2.4176,2.4188,2011-12-01 11:08:26.54,Intermediário
2.4204,2.4215,2011-12-01 12:09:29.096,Intermediário
2.4094,2.4105,2011-12-01 13:04:08.337,Intermediário
2.4162,2.4174,2011-12-01 13:04:08.357,Fechamento
2.4037,2.4048,2011-12-02 10:04:29.28,Abertura
2.4146,2.4158,2011-12-02 11:04:29.306,Intermediário
2.403,2.404,2011-12-02 12:07:29.037,Intermediário
2.4096,2.4107,2011-12-02 13:06:02.9,Intermediário
2.4038,2.4049,2011-12-02 13:06:02.917,Fechamento
2.3951,2.3962,2011-12-05 10:09:29.312,Abertura
2.3957,2.3968,2011-12-05 11:04:30.529,Intermediário
2.3971,2.3983,2011-12-05 12:03:25.595,Intermediário
2.401,2.4021,2011-12-05 13:03:44.242,Intermediário
2.4006,2.4017,2011-12-05 13:03:44.254,Fechamento
2.3959,2.397,2011-12-06 10:06:30.056,Abertura
2.3973,2.3983,2011-12-06 11:06:29.432,Intermediário
2.3983,2.3994,2011-12-06 12:09:27.304,Intermediário
2.3957,2.3969,2011-12-06 13:10:57.79,Intermediário
2.396,2.3971,2011-12-06 13:10:57.813,Fechamento
2.4086,2.4096,2011-12-07 10:09:32.162,Abertura
2.4021,2.4032,2011-12-07 11:09:28.116,Intermediário
2.3995,2.4005,2011-12-07 12:11:31.091,Intermediário
2.4011,2.4024,2011-12-07 13:12:30.149,Intermediário
2.4047,2.4057,2011-12-07 13:12:30.157,Fechamento
2.4046,2.4057,2011-12-08 10:03:30.06,Abertura
2.4002,2.4013,2011-12-08 11:07:27.974,Intermediário
2.3923,2.3933,2011-12-08 12:09:29.151,Intermediário
2.3987,2.3999,2011-12-08 13:02:47.728,Intermediário
2.3904,2.3915,2011-12-08 13:02:47.737,Fechamento
2.4277,2.4289,2011-12-09 10:05:28.424,Abertura
2.4225,2.4236,2011-12-09 11:06:18.556,Intermediário
2.4253,2.4264,2011-12-09 12:10:28.416,Intermediário
2.4192,2.4203,2011-12-09 13:04:38.016,Intermediário
2.423,2.4242,2011-12-09 13:04:38.022,Fechamento
2.4086,2.4098,2011-12-12 10:02:38.271,Abertura
2.4145,2.4156,2011-12-12 11:06:27.54,Intermediário
2.4112,2.4123,2011-12-12 12:02:36.281,Intermediário
2.4198,2.421,2011-12-12 13:04:51.458,Intermediário
2.4117,2.4129,2011-12-12 13:04:51.472,Fechamento
2.4371,2.4382,2011-12-13 10:06:29.186,Abertura
2.4296,2.4306,2011-12-13 11:02:31.159,Intermediário
2.4247,2.4258,2011-12-13 12:03:30.863,Intermediário
2.4242,2.4253,2011-12-13 13:09:57.797,Intermediário
2.4286,2.4296,2011-12-13 13:09:57.807,Fechamento
2.4323,2.4333,2011-12-14 10:03:45.735,Abertura
2.4248,2.4257,2011-12-14 11:07:31.213,Intermediário
2.4299,2.4311,2011-12-14 12:11:27.092,Intermediário
2.4359,2.437,2011-12-14 13:12:01.755,Intermediário
2.4305,2.4316,2011-12-14 13:12:01.764,Fechamento
2.4266,2.4275,2011-12-15 10:09:30.663,Abertura
2.4211,2.4221,2011-12-15 11:11:28.313,Intermediário
2.4185,2.4196,2011-12-15 12:02:52.789,Intermediário
2.4217,2.4228,2011-12-15 13:13:04.423,Intermediário
2.4244,2.4255,2011-12-15 13:13:04.435,Fechamento
2.4091,2.4101,2011-12-16 10:02:32.345,Abertura
2.4114,2.4125,2011-12-16 11:06:27.661,Intermediário
2.4104,2.4114,2011-12-16 12:10:27.209,Intermediário
2.4032,2.4043,2011-12-16 13:11:34.62,Intermediário
2.4043,2.4054,2011-12-16 13:11:34.63,Fechamento
2.4174,2.4185,2011-12-19 10:08:30.227,Abertura
2.4254,2.4266,2011-12-19 11:06:29.092,Intermediário
2.4281,2.4292,2011-12-19 12:07:33.029,Intermediário
2.424,2.4251,2011-12-19 13:04:36.327,Intermediário
2.4239,2.4251,2011-12-19 13:04:36.348,Fechamento
2.4268,2.4278,2011-12-20 10:02:56.144,Abertura
2.4295,2.4306,2011-12-20 11:06:27.942,Intermediário
2.4213,2.4224,2011-12-20 12:06:27.557,Intermediário
2.4143,2.4154,2011-12-20 13:11:42.089,Intermediário
2.4271,2.4282,2011-12-20 13:11:42.104,Fechamento
2.4239,2.425,2011-12-21 10:05:28.409,Abertura
2.4238,2.4249,2011-12-21 11:08:28.831,Intermediário
2.4208,2.4218,2011-12-21 12:07:29.998,Intermediário
2.4243,2.4252,2011-12-21 13:06:53.832,Intermediário
2.4189,2.4199,2011-12-21 13:06:53.845,Fechamento
2.4192,2.4203,2011-12-22 10:07:33.084,Abertura
2.424,2.4251,2011-12-22 11:11:26.858,Intermediário
2.4234,2.4244,2011-12-22 12:11:28.103,Intermediário
2.4243,2.4256,2011-12-22 13:11:34.408,Intermediário
2.423,2.4241,2011-12-22 13:11:34.419,Fechamento
2.4153,2.4163,2011-12-23 10:04:31.247,Abertura
2.4229,2.4239,2011-12-23 11:07:30.699,Intermediário
2.4256,2.4267,2011-12-23 12:04:47.78,Intermediário
2.4261,2.4273,2011-12-23 13:08:21.156,Intermediário
2.4187,2.4199,2011-12-23 13:08:21.163,Fechamento
2.4215,2.423,2011-12-26 10:03:28.659,Abertura
2.4255,2.4264,2011-12-26 11:05:26.52,Intermediário
2.4296,2.4309,2011-12-26 12:03:25.932,Intermediário
2.4281,2.4298,2011-12-26 13:05:19.365,Intermediário
2.4255,2.4273,2011-12-26 13:05:19.379,Fechamento
2.4247,2.4258,2011-12-27 10:07:30.081,Abertura
2.4248,2.4259,2011-12-27 11:03:26.563,Intermediário
2.4304,2.4315,2011-12-27 12:04:27.502,Intermediário
2.4288,2.4301,2011-12-27 13:10:52.586,Intermediário
2.4272,2.4285,2011-12-27 13:10:52.594,Fechamento
2.4289,2.4301,2011-12-28 10:11:29.977,Abertura
2.4318,2.4329,2011-12-28 11:10:26.992,Intermediário
2.4309,2.432,2011-12-28 12:04:26.335,Intermediário
2.4299,2.4312,2011-12-28 13:16:42.796,Intermediário
2.4191,2.4204,2011-12-28 13:16:42.805,Fechamento
2.4215,2.4227,2011-12-29 10:10:40.756,Abertura
2.42,2.4211,2011-12-29 11:04:50.715,Intermediário
2.4127,2.4138,2011-12-29 12:08:33.664,Intermediário
2.4144,2.4153,2011-12-29 13:12:34.043,Intermediário
2.4219,2.423,2011-12-29 13:12:34.052,Fechamento
2.426,2.4271,2011-12-30 10:02:07.751,Abertura
2.4253,2.4263,2011-12-30 11:03:23.975,Intermediário
2.4279,2.429,2011-12-30 12:02:23.766,Intermediário
2.4331,2.4342,2011-12-30 13:02:18.353,Intermediário
2.4331,2.4342,2011-12-30 13:02:18.36,Fechamento
