cotacaoCompra,cotacaoVenda,dataHoraCotacao,tipoBoletim
1.29181,1.30454,2001-01-02 09:37:00.0,Abertura
1.29259,1.29997,2001-01-02 10:00:00.0,Intermediário
1.29227,1.29965,2001-01-02 10:30:00.0,Intermediário
1.29134,1.29872,2001-01-02 11:00:00.0,Intermediário
1.29062,1.29801,2001-01-02 11:30:00.0,Intermediário
1.28979,1.29649,2001-01-02 12:00:00.0,Intermediário
1.28674,1.29409,2001-01-02 12:30:00.0,Intermediário
1.28938,1.29608,2001-01-02 13:00:00.0,Intermediário
1.291,1.2977,2001-01-02 13:30:00.0,Intermediário
1.2935,1.30023,2001-01-02 14:00:00.0,Intermediário
1.29238,1.29909,2001-01-02 14:30:00.0,Intermediário
1.2905,1.29788,2001-01-02 15:00:00.0,Intermediário
1.29581,1.30322,2001-01-02 15:30:00.0,Intermediário
1.29697,1.30372,2001-01-02 16:00:00.0,Intermediário
1.29712,1.30453,2001-01-02 16:30:00.0,Intermediário
1.29788,1.30462,2001-01-02 17:00:00.0,Fechamento Interbancário
1.29679,1.2995,2001-01-02 18:14:00.0,Fechamento
1.29341,1.30618,2001-01-03 09:40:00.0,Abertura
1.29666,1.30408,2001-01-03 10:00:00.0,Intermediário
1.2991,1.30586,2001-01-03 10:30:00.0,Intermediário
1.29702,1.30376,2001-01-03 11:00:00.0,Intermediário
1.29769,1.30443,2001-01-03 11:30:00.0,Intermediário
1.29771,1.30446,2001-01-03 12:00:00.0,Intermediário
1.29618,1.30358,2001-01-03 12:30:00.0,Intermediário
1.29595,1.30335,2001-01-03 13:00:00.0,Intermediário
1.2956,1.303,2001-01-03 13:30:00.0,Intermediário
1.29464,1.30204,2001-01-03 14:00:00.0,Intermediário
1.29318,1.30057,2001-01-03 14:30:00.0,Intermediário
1.29479,1.30219,2001-01-03 15:00:00.0,Intermediário
1.29273,1.29945,2001-01-03 15:30:00.0,Intermediário
1.29181,1.29852,2001-01-03 16:00:00.0,Intermediário
1.28762,1.29431,2001-01-03 16:30:00.0,Intermediário
1.28685,1.2942,2001-01-03 17:02:00.0,Fechamento Interbancário
1.29448,1.29718,2001-01-03 18:10:00.0,Fechamento
1.28468,1.29738,2001-01-04 09:42:00.0,Abertura
1.29044,1.29714,2001-01-04 10:00:00.0,Intermediário
1.29027,1.29764,2001-01-04 10:30:00.0,Intermediário
1.28977,1.29714,2001-01-04 11:00:00.0,Intermediário
1.29134,1.29874,2001-01-04 11:30:00.0,Intermediário
1.29236,1.29908,2001-01-04 12:00:00.0,Intermediário
1.2943,1.30103,2001-01-04 12:30:00.0,Intermediário
1.29479,1.30153,2001-01-04 13:00:00.0,Intermediário
1.29143,1.29814,2001-01-04 13:30:00.0,Intermediário
1.28927,1.29597,2001-01-04 14:00:00.0,Intermediário
1.28979,1.29649,2001-01-04 14:30:00.0,Intermediário
1.28921,1.29658,2001-01-04 15:00:00.0,Intermediário
1.29009,1.29746,2001-01-04 15:30:00.0,Intermediário
1.29052,1.29723,2001-01-04 16:00:00.0,Intermediário
1.29161,1.29833,2001-01-04 16:30:00.0,Intermediário
1.29193,1.29932,2001-01-04 17:00:00.0,Fechamento Interbancário
1.2898,1.29249,2001-01-04 18:18:00.0,Fechamento
1.28578,1.29845,2001-01-05 09:47:00.0,Abertura
1.29012,1.29749,2001-01-05 10:00:00.0,Intermediário
1.29096,1.29833,2001-01-05 10:30:00.0,Intermediário
1.29145,1.29882,2001-01-05 11:00:00.0,Intermediário
1.29228,1.299,2001-01-05 11:30:00.0,Intermediário
1.29147,1.29885,2001-01-05 12:00:00.0,Intermediário
1.29673,1.30347,2001-01-05 12:30:00.0,Intermediário
1.29573,1.30313,2001-01-05 13:00:00.0,Intermediário
1.29495,1.30234,2001-01-05 13:30:00.0,Intermediário
1.29383,1.30121,2001-01-05 14:00:00.0,Intermediário
1.2947,1.30208,2001-01-05 14:30:00.0,Intermediário
1.29871,1.30545,2001-01-05 15:00:00.0,Intermediário
1.30001,1.30743,2001-01-05 15:30:00.0,Intermediário
1.30145,1.30888,2001-01-05 16:00:00.0,Intermediário
1.30128,1.30804,2001-01-05 16:30:00.0,Intermediário
1.30157,1.309,2001-01-05 17:00:00.0,Fechamento Interbancário
1.29792,1.30062,2001-01-05 18:12:00.0,Fechamento
1.29558,1.30833,2001-01-08 09:39:00.0,Abertura
1.30171,1.30914,2001-01-08 10:00:00.0,Intermediário
1.30154,1.30897,2001-01-08 10:30:00.0,Intermediário
1.30166,1.30842,2001-01-08 11:00:00.0,Intermediário
1.30131,1.30873,2001-01-08 11:30:00.0,Intermediário
1.3034,1.31084,2001-01-08 12:00:00.0,Intermediário
1.30354,1.31031,2001-01-08 12:30:00.0,Intermediário
1.3063,1.3131,2001-01-08 13:00:00.0,Intermediário
1.30354,1.31098,2001-01-08 13:30:00.0,Intermediário
1.3018,1.30923,2001-01-08 14:00:00.0,Intermediário
1.30354,1.31098,2001-01-08 14:30:00.0,Intermediário
1.30256,1.30999,2001-01-08 15:00:00.0,Intermediário
1.30273,1.31017,2001-01-08 15:30:00.0,Intermediário
1.30273,1.31017,2001-01-08 16:00:00.0,Intermediário
1.30186,1.3093,2001-01-08 16:30:00.0,Intermediário
1.30142,1.30819,2001-01-08 17:00:00.0,Fechamento Interbancário
1.30407,1.30678,2001-01-08 18:13:00.0,Fechamento
1.29771,1.31049,2001-01-09 09:58:00.0,Abertura
1.2989,1.30565,2001-01-09 10:00:00.0,Intermediário
1.29864,1.30606,2001-01-09 10:30:00.0,Intermediário
1.29685,1.30425,2001-01-09 11:00:00.0,Intermediário
1.29598,1.30338,2001-01-09 11:30:00.0,Intermediário
1.29858,1.306,2001-01-09 12:00:00.0,Intermediário
1.29774,1.30448,2001-01-09 12:30:00.0,Intermediário
1.29664,1.30338,2001-01-09 13:00:00.0,Intermediário
1.29707,1.30381,2001-01-09 13:30:00.0,Intermediário
1.29638,1.30312,2001-01-09 14:00:00.0,Intermediário
1.29482,1.30154,2001-01-09 14:30:00.0,Intermediário
1.2923,1.29968,2001-01-09 15:00:00.0,Intermediário
1.2945,1.30189,2001-01-09 15:30:00.0,Intermediário
1.2945,1.30189,2001-01-09 16:00:00.0,Intermediário
1.29433,1.30172,2001-01-09 16:30:00.0,Intermediário
1.29468,1.30207,2001-01-09 17:00:00.0,Fechamento Interbancário
1.29722,1.29992,2001-01-09 18:24:00.0,Fechamento
1.29282,1.30556,2001-01-10 09:34:00.0,Abertura
1.29566,1.30239,2001-01-10 10:00:00.0,Intermediário
1.29601,1.30341,2001-01-10 10:30:00.0,Intermediário
1.29566,1.30239,2001-01-10 11:00:00.0,Intermediário
1.29638,1.30379,2001-01-10 11:30:00.0,Intermediário
1.29618,1.30291,2001-01-10 12:00:00.0,Intermediário
1.29584,1.30323,2001-01-10 12:30:00.0,Intermediário
1.29566,1.30239,2001-01-10 13:00:00.0,Intermediário
1.29531,1.30204,2001-01-10 13:30:00.0,Intermediário
1.29566,1.30239,2001-01-10 14:00:00.0,Intermediário
1.29479,1.30152,2001-01-10 14:30:00.0,Intermediário
1.28972,1.29709,2001-01-10 15:00:00.0,Intermediário
1.29344,1.30016,2001-01-10 15:30:00.0,Intermediário
1.29206,1.29877,2001-01-10 16:00:00.0,Intermediário
1.29146,1.29883,2001-01-10 16:30:00.0,Intermediário
1.291,1.2977,2001-01-10 17:00:00.0,Fechamento Interbancário
1.29133,1.29402,2001-01-10 18:12:00.0,Fechamento
1.29146,1.30419,2001-01-11 10:56:00.0,Abertura
1.29026,1.30298,2001-01-11 11:19:00.0,Intermediário
1.29146,1.30419,2001-01-11 11:39:00.0,Intermediário
1.29746,1.30419,2001-01-11 12:05:00.0,Intermediário
1.29937,1.30612,2001-01-11 12:32:00.0,Intermediário
1.29797,1.30472,2001-01-11 13:03:00.0,Intermediário
1.29789,1.30463,2001-01-11 13:32:00.0,Intermediário
1.2978,1.30454,2001-01-11 14:03:00.0,Intermediário
1.29705,1.30446,2001-01-11 14:38:00.0,Intermediário
1.29676,1.3035,2001-01-11 15:04:00.0,Intermediário
1.29986,1.30728,2001-01-11 15:30:00.0,Intermediário
1.30128,1.30871,2001-01-11 16:00:00.0,Intermediário
1.30285,1.31028,2001-01-11 16:30:00.0,Intermediário
1.30354,1.31098,2001-01-11 17:00:00.0,Fechamento Interbancário
1.29982,1.30253,2001-01-11 18:29:00.0,Fechamento
1.29832,1.3111,2001-01-12 09:36:00.0,Abertura
1.30328,1.31073,2001-01-12 10:00:00.0,Intermediário
1.30444,1.31122,2001-01-12 10:30:00.0,Intermediário
1.30529,1.31207,2001-01-12 11:00:00.0,Intermediário
1.30476,1.31154,2001-01-12 11:30:00.0,Intermediário
1.29989,1.30731,2001-01-12 12:16:00.0,Intermediário
1.29859,1.30601,2001-01-12 12:30:00.0,Intermediário
1.30001,1.30743,2001-01-12 13:00:00.0,Intermediário
1.29931,1.30673,2001-01-12 13:30:00.0,Intermediário
1.29887,1.30629,2001-01-12 14:00:00.0,Intermediário
1.29984,1.30725,2001-01-12 14:30:00.0,Intermediário
1.29885,1.30626,2001-01-12 15:00:00.0,Intermediário
1.29801,1.30542,2001-01-12 15:30:00.0,Intermediário
1.29714,1.30387,2001-01-12 16:00:00.0,Intermediário
1.29492,1.30231,2001-01-12 16:30:00.0,Intermediário
1.2955,1.30223,2001-01-12 17:00:00.0,Fechamento Interbancário
1.29849,1.30118,2001-01-12 18:24:00.0,Fechamento
1.2877,1.30039,2001-01-15 09:42:00.0,Abertura
1.29156,1.29827,2001-01-15 10:00:00.0,Intermediário
1.29064,1.29734,2001-01-15 10:30:00.0,Intermediário
1.29072,1.2981,2001-01-15 11:00:00.0,Intermediário
1.29098,1.29835,2001-01-15 11:30:00.0,Intermediário
1.29196,1.29868,2001-01-15 12:00:00.0,Intermediário
1.29068,1.29804,2001-01-15 12:30:00.0,Intermediário
1.28933,1.29602,2001-01-15 13:00:00.0,Intermediário
1.28993,1.29663,2001-01-15 13:30:00.0,Intermediário
1.28976,1.29645,2001-01-15 14:00:00.0,Intermediário
1.28976,1.29645,2001-01-15 14:30:00.0,Intermediário
1.28952,1.29688,2001-01-15 15:00:00.0,Intermediário
1.28969,1.29706,2001-01-15 15:30:00.0,Intermediário
1.29121,1.29859,2001-01-15 16:00:00.0,Intermediário
1.29248,1.29985,2001-01-15 16:30:00.0,Intermediário
1.29265,1.30003,2001-01-15 17:00:00.0,Fechamento Interbancário
1.29379,1.29648,2001-01-15 18:17:00.0,Fechamento
1.29004,1.30273,2001-01-16 09:39:00.0,Abertura
1.29487,1.30227,2001-01-16 10:00:00.0,Intermediário
1.29534,1.30206,2001-01-16 10:30:00.0,Intermediário
1.29568,1.3024,2001-01-16 11:00:00.0,Intermediário
1.29766,1.30441,2001-01-16 11:30:00.0,Intermediário
1.29551,1.3029,2001-01-16 12:00:00.0,Intermediário
1.29551,1.30223,2001-01-16 12:30:00.0,Intermediário
1.29609,1.30348,2001-01-16 13:00:00.0,Intermediário
1.2966,1.304,2001-01-16 13:30:00.0,Intermediário
1.29704,1.30443,2001-01-16 14:00:00.0,Intermediário
1.29609,1.30348,2001-01-16 14:30:00.0,Intermediário
1.29382,1.3012,2001-01-16 15:00:00.0,Intermediário
1.29476,1.30215,2001-01-16 15:30:00.0,Intermediário
1.29577,1.3025,2001-01-16 16:00:00.0,Intermediário
1.2941,1.30082,2001-01-16 16:30:00.0,Intermediário
1.29384,1.30056,2001-01-16 17:00:00.0,Fechamento Interbancário
1.29299,1.29567,2001-01-16 18:17:00.0,Fechamento
1.28585,1.2985,2001-01-17 09:35:00.0,Abertura
1.28917,1.29587,2001-01-17 10:00:00.0,Intermediário
1.28841,1.2951,2001-01-17 10:30:00.0,Intermediário
1.28875,1.29544,2001-01-17 11:00:00.0,Intermediário
1.29052,1.29722,2001-01-17 11:30:00.0,Intermediário
1.28964,1.29634,2001-01-17 12:06:00.0,Intermediário
1.28947,1.29617,2001-01-17 12:30:00.0,Intermediário
1.29039,1.29709,2001-01-17 13:00:00.0,Intermediário
1.28913,1.29649,2001-01-17 13:30:00.0,Intermediário
1.28811,1.29545,2001-01-17 14:03:00.0,Intermediário
1.28734,1.29468,2001-01-17 14:30:00.0,Intermediário
1.28826,1.2956,2001-01-17 15:00:00.0,Intermediário
1.28875,1.29543,2001-01-17 15:30:00.0,Intermediário
1.28884,1.29552,2001-01-17 16:00:00.0,Intermediário
1.28923,1.29658,2001-01-17 16:30:00.0,Intermediário
1.29041,1.2971,2001-01-17 17:00:00.0,Fechamento Interbancário
1.28772,1.2904,2001-01-17 18:19:00.0,Fechamento
1.28647,1.29911,2001-01-18 09:42:00.0,Abertura
1.29026,1.29695,2001-01-18 10:00:00.0,Intermediário
1.28913,1.29649,2001-01-18 10:30:00.0,Intermediário
1.2908,1.29749,2001-01-18 11:00:00.0,Intermediário
1.29063,1.29799,2001-01-18 11:30:00.0,Intermediário
1.28752,1.29485,2001-01-18 12:00:00.0,Intermediário
1.28562,1.29229,2001-01-18 12:30:00.0,Intermediário
1.28467,1.29199,2001-01-18 13:00:00.0,Intermediário
1.28552,1.29284,2001-01-18 14:09:00.0,Intermediário
1.28501,1.29233,2001-01-18 14:10:00.0,Intermediário
1.28501,1.29233,2001-01-18 14:30:00.0,Intermediário
1.28461,1.29193,2001-01-18 15:00:00.0,Intermediário
1.28535,1.29201,2001-01-18 15:30:00.0,Intermediário
1.28618,1.29351,2001-01-18 16:00:00.0,Intermediário
1.28692,1.29425,2001-01-18 16:30:00.0,Intermediário
1.28762,1.2943,2001-01-18 17:00:00.0,Fechamento Interbancário
1.28714,1.28981,2001-01-18 18:09:00.0,Fechamento
1.28444,1.29707,2001-01-19 09:37:00.0,Abertura
1.28728,1.29462,2001-01-19 10:00:00.0,Intermediário
1.29016,1.2975,2001-01-19 10:30:00.0,Intermediário
1.29244,1.29914,2001-01-19 11:00:00.0,Intermediário
1.29383,1.30054,2001-01-19 11:30:00.0,Intermediário
1.29479,1.30151,2001-01-19 12:00:00.0,Intermediário
1.29564,1.30303,2001-01-19 12:30:00.0,Intermediário
1.29374,1.30044,2001-01-19 13:00:00.0,Intermediário
1.29356,1.30027,2001-01-19 13:30:00.0,Intermediário
1.29356,1.30027,2001-01-19 14:00:00.0,Intermediário
1.29151,1.29821,2001-01-19 14:30:00.0,Intermediário
1.29081,1.2975,2001-01-19 15:00:00.0,Intermediário
1.29074,1.2981,2001-01-19 15:30:00.0,Intermediário
1.291,1.2977,2001-01-19 16:00:00.0,Intermediário
1.29053,1.29722,2001-01-19 16:30:00.0,Intermediário
1.28968,1.29637,2001-01-19 18:36:00.0,Fechamento Interbancário
1.29013,1.29281,2001-01-19 18:43:00.0,Fechamento
1.29033,1.30298,2001-01-22 09:44:00.0,Abertura
1.29256,1.29926,2001-01-22 10:00:00.0,Intermediário
1.29099,1.29834,2001-01-22 10:30:00.0,Intermediário
1.29182,1.29918,2001-01-22 11:28:00.0,Intermediário
1.29282,1.29952,2001-01-22 11:30:00.0,Intermediário
1.29599,1.30271,2001-01-22 12:00:00.0,Intermediário
1.29685,1.30358,2001-01-22 12:30:00.0,Intermediário
1.29602,1.3034,2001-01-22 13:00:00.0,Intermediário
1.29532,1.30271,2001-01-22 13:30:00.0,Intermediário
1.2943,1.30168,2001-01-22 14:00:00.0,Intermediário
1.29558,1.30297,2001-01-22 14:53:00.0,Intermediário
1.29593,1.30265,2001-01-22 15:00:00.0,Intermediário
1.29628,1.303,2001-01-22 15:30:00.0,Intermediário
1.29682,1.30355,2001-01-22 16:00:00.0,Intermediário
1.29854,1.30528,2001-01-22 16:30:00.0,Intermediário
1.29793,1.30468,2001-01-22 17:00:00.0,Fechamento Interbancário
1.29991,1.30261,2001-01-22 18:15:00.0,Fechamento
1.29448,1.30719,2001-01-23 10:06:00.0,Abertura
1.2972,1.30459,2001-01-23 10:14:00.0,Intermediário
1.29659,1.30332,2001-01-23 10:30:00.0,Intermediário
1.29636,1.30308,2001-01-23 11:00:00.0,Intermediário
1.29549,1.30288,2001-01-23 11:30:00.0,Intermediário
1.29685,1.30424,2001-01-23 12:00:00.0,Intermediário
1.29685,1.30424,2001-01-23 12:30:00.0,Intermediário
1.29616,1.30288,2001-01-23 13:00:00.0,Intermediário
1.29599,1.30271,2001-01-23 13:30:00.0,Intermediário
1.29564,1.30236,2001-01-23 14:00:00.0,Intermediário
1.29521,1.30194,2001-01-23 14:30:00.0,Intermediário
1.29668,1.30407,2001-01-23 15:00:00.0,Intermediário
1.29812,1.30485,2001-01-23 15:30:00.0,Intermediário
1.29599,1.30337,2001-01-23 16:00:00.0,Intermediário
1.2963,1.30303,2001-01-23 16:30:00.0,Intermediário
1.29645,1.30318,2001-01-23 17:00:00.0,Fechamento Interbancário
1.29385,1.29654,2001-01-23 18:12:00.0,Fechamento
1.29003,1.30269,2001-01-24 09:36:00.0,Abertura
1.2925,1.2992,2001-01-24 10:00:00.0,Intermediário
1.29437,1.30174,2001-01-24 10:30:00.0,Intermediário
1.29412,1.30082,2001-01-24 11:00:00.0,Intermediário
1.29526,1.30264,2001-01-24 11:36:00.0,Intermediário
1.29374,1.30111,2001-01-24 12:00:00.0,Intermediário
1.29355,1.30026,2001-01-24 12:38:00.0,Intermediário
1.29227,1.29897,2001-01-24 13:00:00.0,Intermediário
1.29449,1.3012,2001-01-24 13:30:00.0,Intermediário
1.29381,1.30052,2001-01-24 14:00:00.0,Intermediário
1.29406,1.30077,2001-01-24 14:30:00.0,Intermediário
1.29391,1.30062,2001-01-24 15:00:00.0,Intermediário
1.29463,1.30135,2001-01-24 15:30:00.0,Intermediário
1.29827,1.30567,2001-01-24 16:00:00.0,Intermediário
1.29642,1.3038,2001-01-24 16:30:00.0,Intermediário
1.29659,1.30397,2001-01-24 17:00:00.0,Fechamento Interbancário
1.29214,1.29482,2001-01-24 18:10:00.0,Fechamento
1.29542,1.30808,2001-01-25 09:59:00.0,Abertura
1.29931,1.30671,2001-01-25 10:00:00.0,Intermediário
1.2992,1.30659,2001-01-25 10:30:00.0,Intermediário
1.2966,1.30397,2001-01-25 11:17:00.0,Intermediário
1.29786,1.30524,2001-01-25 11:30:00.0,Intermediário
1.30341,1.31017,2001-01-25 13:41:00.0,Intermediário
1.30333,1.31008,2001-01-25 13:44:00.0,Intermediário
1.30307,1.30982,2001-01-25 13:46:00.0,Intermediário
1.30315,1.3099,2001-01-25 13:48:00.0,Intermediário
1.30419,1.31095,2001-01-25 14:00:00.0,Intermediário
1.30479,1.31156,2001-01-25 14:30:00.0,Intermediário
1.30557,1.313,2001-01-25 15:00:00.0,Intermediário
1.30439,1.31182,2001-01-25 15:30:00.0,Intermediário
1.30542,1.31286,2001-01-25 16:00:00.0,Intermediário
1.30627,1.31303,2001-01-25 16:30:00.0,Intermediário
1.30661,1.31405,2001-01-25 17:00:00.0,Fechamento Interbancário
1.30719,1.30988,2001-01-25 18:28:00.0,Fechamento
1.30694,1.31972,2001-01-26 09:46:00.0,Abertura
1.3103,1.31776,2001-01-26 10:00:00.0,Intermediário
1.31026,1.31705,2001-01-26 10:30:00.0,Intermediário
1.31089,1.31769,2001-01-26 11:03:00.0,Intermediário
1.31016,1.31762,2001-01-26 11:30:00.0,Intermediário
1.31002,1.31682,2001-01-26 12:00:00.0,Intermediário
1.31005,1.31685,2001-01-26 12:30:00.0,Intermediário
1.31019,1.31766,2001-01-26 13:00:00.0,Intermediário
1.30924,1.31669,2001-01-26 13:30:00.0,Intermediário
1.30811,1.31555,2001-01-26 14:00:00.0,Intermediário
1.30846,1.3159,2001-01-26 14:30:00.0,Intermediário
1.30794,1.31538,2001-01-26 15:00:00.0,Intermediário
1.30881,1.31625,2001-01-26 15:30:00.0,Intermediário
1.30863,1.31608,2001-01-26 16:00:00.0,Intermediário
1.30583,1.31326,2001-01-26 16:30:00.0,Intermediário
1.30679,1.31422,2001-01-26 17:00:00.0,Fechamento Interbancário
1.30801,1.31071,2001-01-26 18:16:00.0,Fechamento
1.30587,1.31864,2001-01-29 09:53:00.0,Abertura
1.31005,1.31752,2001-01-29 10:00:00.0,Intermediário
1.30933,1.31678,2001-01-29 10:30:00.0,Intermediário
1.31051,1.31731,2001-01-29 11:00:00.0,Intermediário
1.31054,1.31801,2001-01-29 11:30:00.0,Intermediário
1.31366,1.32046,2001-01-29 12:00:00.0,Intermediário
1.31331,1.32011,2001-01-29 12:30:00.0,Intermediário
1.31264,1.32011,2001-01-29 13:00:00.0,Intermediário
1.31167,1.31914,2001-01-29 13:30:00.0,Intermediário
1.31124,1.3187,2001-01-29 14:00:00.0,Intermediário
1.31159,1.31906,2001-01-29 14:30:00.0,Intermediário
1.31299,1.3198,2001-01-29 15:00:00.0,Intermediário
1.31331,1.32078,2001-01-29 15:30:00.0,Intermediário
1.31229,1.31976,2001-01-29 16:00:00.0,Intermediário
1.31117,1.31864,2001-01-29 16:30:00.0,Intermediário
1.31065,1.31811,2001-01-29 17:00:00.0,Fechamento Interbancário
1.31279,1.31551,2001-01-29 18:25:00.0,Fechamento
1.30682,1.31961,2001-01-30 09:49:00.0,Abertura
1.3104,1.31786,2001-01-30 10:00:00.0,Intermediário
1.31063,1.3181,2001-01-30 10:30:00.0,Intermediário
1.31098,1.31844,2001-01-30 11:00:00.0,Intermediário
1.31331,1.32011,2001-01-30 11:30:00.0,Intermediário
1.31229,1.31976,2001-01-30 12:00:00.0,Intermediário
1.31421,1.3217,2001-01-30 12:30:00.0,Intermediário
1.31239,1.31987,2001-01-30 13:00:00.0,Intermediário
1.31047,1.31793,2001-01-30 13:55:00.0,Intermediário
1.31248,1.31996,2001-01-30 14:00:00.0,Intermediário
1.31292,1.3204,2001-01-30 14:30:00.0,Intermediário
1.31318,1.32067,2001-01-30 15:08:00.0,Intermediário
1.30747,1.31424,2001-01-30 15:30:00.0,Intermediário
1.3064,1.31384,2001-01-30 16:00:00.0,Intermediário
1.3044,1.31117,2001-01-30 16:30:00.0,Intermediário
1.3044,1.31117,2001-01-30 17:00:00.0,Fechamento Interbancário
1.30906,1.31177,2001-01-30 18:14:00.0,Fechamento
1.30067,1.31343,2001-01-31 09:35:00.0,Abertura
1.30809,1.31554,2001-01-31 10:00:00.0,Intermediário
1.31062,1.31741,2001-01-31 10:30:00.0,Intermediário
1.30937,1.31616,2001-01-31 11:00:00.0,Intermediário
1.3088,1.31558,2001-01-31 11:30:00.0,Intermediário
1.3076,1.31505,2001-01-31 12:00:00.0,Intermediário
1.31036,1.31716,2001-01-31 12:30:00.0,Intermediário
1.30918,1.31663,2001-01-31 13:00:00.0,Intermediário
1.30865,1.31611,2001-01-31 13:30:00.0,Intermediário
1.30831,1.31575,2001-01-31 14:06:00.0,Intermediário
1.30926,1.31672,2001-01-31 14:30:00.0,Intermediário
1.31071,1.31818,2001-01-31 15:00:00.0,Intermediário
1.31108,1.31788,2001-01-31 15:30:00.0,Intermediário
1.31204,1.31885,2001-01-31 16:00:00.0,Intermediário
1.31269,1.32017,2001-01-31 16:30:00.0,Intermediário
1.3112,1.31867,2001-01-31 17:13:00.0,Fechamento Interbancário
1.31393,1.31666,2001-01-31 18:50:00.0,Fechamento
1.30927,1.32209,2001-02-01 09:29:00.0,Abertura
1.31552,1.32301,2001-02-01 10:00:00.0,Intermediário
1.31636,1.32386,2001-02-01 10:30:00.0,Intermediário
1.31752,1.32435,2001-02-01 11:00:00.0,Intermediário
1.31796,1.32546,2001-02-01 11:30:00.0,Intermediário
1.31892,1.32644,2001-02-01 12:00:00.0,Intermediário
1.32088,1.32773,2001-02-01 12:30:00.0,Intermediário
1.32176,1.32929,2001-02-01 13:00:00.0,Intermediário
1.32238,1.32991,2001-02-01 13:30:00.0,Intermediário
1.32185,1.32938,2001-02-01 14:00:00.0,Intermediário
1.32194,1.32947,2001-02-01 14:30:00.0,Intermediário
1.32293,1.33046,2001-02-01 15:00:00.0,Intermediário
1.32323,1.33077,2001-02-01 15:30:00.0,Intermediário
1.32395,1.33082,2001-02-01 16:00:00.0,Intermediário
1.32338,1.33091,2001-02-01 16:30:00.0,Intermediário
1.32742,1.33498,2001-02-01 17:00:00.0,Fechamento Interbancário
1.31843,1.32117,2001-02-01 18:24:00.0,Fechamento
1.32448,1.3374,2001-02-02 09:31:00.0,Abertura
1.3292,1.33676,2001-02-02 10:00:00.0,Intermediário
1.33241,1.33999,2001-02-02 10:30:00.0,Intermediário
1.33062,1.33819,2001-02-02 11:00:00.0,Intermediário
1.33156,1.33846,2001-02-02 11:30:00.0,Intermediário
1.33157,1.33914,2001-02-02 12:07:00.0,Intermediário
1.33081,1.33771,2001-02-02 12:30:00.0,Intermediário
1.32889,1.33578,2001-02-02 13:00:00.0,Intermediário
1.32711,1.334,2001-02-02 13:30:00.0,Intermediário
1.32711,1.334,2001-02-02 14:00:00.0,Intermediário
1.32835,1.33525,2001-02-02 14:30:00.0,Intermediário
1.33085,1.33775,2001-02-02 15:00:00.0,Intermediário
1.33014,1.33704,2001-02-02 15:30:00.0,Intermediário
1.3292,1.33609,2001-02-02 16:00:00.0,Intermediário
1.32902,1.33592,2001-02-02 16:30:00.0,Intermediário
1.32648,1.33404,2001-02-02 17:00:00.0,Fechamento Interbancário
1.33271,1.33548,2001-02-02 18:17:00.0,Fechamento
1.32166,1.33454,2001-02-05 09:37:00.0,Abertura
1.3272,1.33408,2001-02-05 10:00:00.0,Intermediário
1.32627,1.33382,2001-02-05 10:30:00.0,Intermediário
1.32547,1.33234,2001-02-05 11:00:00.0,Intermediário
1.32578,1.33332,2001-02-05 11:30:00.0,Intermediário
1.32363,1.33048,2001-02-05 12:00:00.0,Intermediário
1.32531,1.33218,2001-02-05 12:30:00.0,Intermediário
1.3269,1.33378,2001-02-05 13:00:00.0,Intermediário
1.3258,1.33267,2001-02-05 13:30:00.0,Intermediário
1.32271,1.32957,2001-02-05 14:00:00.0,Intermediário
1.32227,1.32912,2001-02-05 14:30:00.0,Intermediário
1.32258,1.32943,2001-02-05 15:00:00.0,Intermediário
1.32308,1.33059,2001-02-05 15:30:00.0,Intermediário
1.32568,1.33321,2001-02-05 16:00:00.0,Intermediário
1.32723,1.33476,2001-02-05 16:30:00.0,Intermediário
1.32498,1.33183,2001-02-05 17:00:00.0,Fechamento Interbancário
1.3209,1.32362,2001-02-05 18:34:00.0,Fechamento
1.31798,1.33078,2001-02-06 09:36:00.0,Abertura
1.32097,1.32782,2001-02-06 10:00:00.0,Intermediário
1.3198,1.32729,2001-02-06 10:30:00.0,Intermediário
1.3173,1.32478,2001-02-06 11:00:00.0,Intermediário
1.31883,1.32632,2001-02-06 11:30:00.0,Intermediário
1.31914,1.32597,2001-02-06 12:00:00.0,Intermediário
1.32033,1.32716,2001-02-06 12:30:00.0,Intermediário
1.31984,1.32667,2001-02-06 13:00:00.0,Intermediário
1.31975,1.32658,2001-02-06 13:30:00.0,Intermediário
1.32045,1.32729,2001-02-06 14:00:00.0,Intermediário
1.32106,1.3279,2001-02-06 14:30:00.0,Intermediário
1.32079,1.32829,2001-02-06 15:00:00.0,Intermediário
1.31978,1.32728,2001-02-06 15:30:00.0,Intermediário
1.31826,1.32508,2001-02-06 16:00:00.0,Intermediário
1.32151,1.32835,2001-02-06 16:30:00.0,Intermediário
1.31977,1.32659,2001-02-06 17:00:00.0,Fechamento Interbancário
1.31919,1.32192,2001-02-06 18:41:00.0,Fechamento
1.31897,1.33176,2001-02-07 09:31:00.0,Abertura
1.32187,1.32937,2001-02-07 10:00:00.0,Intermediário
1.32196,1.3288,2001-02-07 10:30:00.0,Intermediário
1.32209,1.32959,2001-02-07 11:00:00.0,Intermediário
1.32359,1.33043,2001-02-07 11:30:00.0,Intermediário
1.32231,1.32915,2001-02-07 12:00:00.0,Intermediário
1.32227,1.32911,2001-02-07 12:30:00.0,Intermediário
1.32156,1.3284,2001-02-07 13:00:00.0,Intermediário
1.31982,1.32665,2001-02-07 13:30:00.0,Intermediário
1.31973,1.32656,2001-02-07 14:00:00.0,Intermediário
1.32069,1.32753,2001-02-07 14:30:00.0,Intermediário
1.3242,1.33171,2001-02-07 15:00:00.0,Intermediário
1.32587,1.3334,2001-02-07 15:30:00.0,Intermediário
1.32521,1.33207,2001-02-07 16:00:00.0,Intermediário
1.32411,1.33096,2001-02-07 16:30:00.0,Intermediário
1.32468,1.3322,2001-02-07 17:00:00.0,Fechamento Interbancário
1.32366,1.32639,2001-02-07 18:18:00.0,Fechamento
1.31691,1.32969,2001-02-08 09:43:00.0,Abertura
1.31747,1.32495,2001-02-08 10:00:00.0,Intermediário
1.3173,1.32478,2001-02-08 10:30:00.0,Intermediário
1.31713,1.32394,2001-02-08 11:00:00.0,Intermediário
1.31769,1.32518,2001-02-08 11:30:00.0,Intermediário
1.31779,1.32526,2001-02-08 12:00:00.0,Intermediário
1.3173,1.32411,2001-02-08 12:30:00.0,Intermediário
1.3151,1.32257,2001-02-08 13:26:00.0,Intermediário
1.31562,1.3231,2001-02-08 13:30:00.0,Intermediário
1.31685,1.32433,2001-02-08 14:00:00.0,Intermediário
1.31641,1.32389,2001-02-08 14:30:00.0,Intermediário
1.31452,1.32199,2001-02-08 15:00:00.0,Intermediário
1.31466,1.32146,2001-02-08 15:30:00.0,Intermediário
1.3137,1.3205,2001-02-08 16:00:00.0,Intermediário
1.31169,1.31848,2001-02-08 16:30:00.0,Intermediário
1.31215,1.31961,2001-02-08 17:00:00.0,Fechamento Interbancário
1.31832,1.32105,2001-02-08 18:35:00.0,Fechamento
1.30959,1.32234,2001-02-09 09:40:00.0,Abertura
1.31459,1.32206,2001-02-09 10:00:00.0,Intermediário
1.31692,1.32374,2001-02-09 10:30:00.0,Intermediário
1.31588,1.32335,2001-02-09 11:00:00.0,Intermediário
1.31544,1.32291,2001-02-09 11:30:00.0,Intermediário
1.31697,1.32379,2001-02-09 12:00:00.0,Intermediário
1.31678,1.32427,2001-02-09 12:30:00.0,Intermediário
1.31664,1.32346,2001-02-09 13:00:00.0,Intermediário
1.31629,1.32312,2001-02-09 13:30:00.0,Intermediário
1.31542,1.32224,2001-02-09 14:00:00.0,Intermediário
1.31595,1.32277,2001-02-09 14:30:00.0,Intermediário
1.31302,1.32049,2001-02-09 15:00:00.0,Intermediário
1.31045,1.31724,2001-02-09 15:30:00.0,Intermediário
1.30901,1.31645,2001-02-09 16:00:00.0,Intermediário
1.30826,1.3157,2001-02-09 16:30:00.0,Intermediário
1.30743,1.31486,2001-02-09 17:00:00.0,Fechamento Interbancário
1.31459,1.31731,2001-02-09 18:13:00.0,Fechamento
1.30315,1.31586,2001-02-12 09:30:00.0,Abertura
1.30596,1.31272,2001-02-12 10:00:00.0,Intermediário
1.30641,1.31318,2001-02-12 10:30:00.0,Intermediário
1.3071,1.31453,2001-02-12 11:00:00.0,Intermediário
1.30432,1.31107,2001-02-12 11:30:00.0,Intermediário
1.30186,1.3086,2001-02-12 12:00:00.0,Intermediário
1.30106,1.30846,2001-02-12 12:30:00.0,Intermediário
1.3002,1.30759,2001-02-12 13:00:00.0,Intermediário
1.29952,1.30691,2001-02-12 13:30:00.0,Intermediário
1.2996,1.30699,2001-02-12 14:00:00.0,Intermediário
1.29858,1.30596,2001-02-12 14:30:00.0,Intermediário
1.30112,1.30785,2001-02-12 15:00:00.0,Intermediário
1.30001,1.30739,2001-02-12 15:30:00.0,Intermediário
1.30075,1.30748,2001-02-12 16:00:00.0,Intermediário
1.29907,1.30644,2001-02-12 16:30:00.0,Intermediário
1.29881,1.30619,2001-02-12 17:00:00.0,Fechamento Interbancário
1.29957,1.30225,2001-02-12 18:21:00.0,Fechamento
1.29636,1.30899,2001-02-13 09:30:00.0,Abertura
1.29878,1.30616,2001-02-13 10:00:00.0,Intermediário
1.29941,1.30679,2001-02-13 10:30:00.0,Intermediário
1.29543,1.30213,2001-02-13 11:00:00.0,Intermediário
1.29384,1.30119,2001-02-13 11:30:00.0,Intermediário
1.2956,1.30296,2001-02-13 12:00:00.0,Intermediário
1.29492,1.30162,2001-02-13 12:30:00.0,Intermediário
1.2956,1.3023,2001-02-13 13:00:00.0,Intermediário
1.29662,1.30333,2001-02-13 13:30:00.0,Intermediário
1.29704,1.30375,2001-02-13 14:00:00.0,Intermediário
1.29833,1.30504,2001-02-13 14:30:00.0,Intermediário
1.29932,1.30604,2001-02-13 15:00:00.0,Intermediário
1.30081,1.30753,2001-02-13 15:30:00.0,Intermediário
1.30146,1.30885,2001-02-13 16:00:00.0,Intermediário
1.30294,1.31034,2001-02-13 16:30:00.0,Intermediário
1.303,1.30974,2001-02-13 17:00:00.0,Fechamento Interbancário
1.29866,1.30134,2001-02-13 18:16:00.0,Fechamento
1.29878,1.31142,2001-02-14 09:33:00.0,Abertura
1.30292,1.30965,2001-02-14 10:00:00.0,Intermediário
1.30406,1.31146,2001-02-14 10:30:00.0,Intermediário
1.30516,1.31191,2001-02-14 11:00:00.0,Intermediário
1.30433,1.31174,2001-02-14 11:30:00.0,Intermediário
1.3045,1.31191,2001-02-14 12:00:00.0,Intermediário
1.30197,1.30936,2001-02-14 12:30:00.0,Intermediário
1.30081,1.30819,2001-02-14 13:00:00.0,Intermediário
1.30098,1.30836,2001-02-14 13:30:00.0,Intermediário
1.30038,1.30776,2001-02-14 14:00:00.0,Intermediário
1.29996,1.30733,2001-02-14 14:30:00.0,Intermediário
1.30072,1.30745,2001-02-14 15:00:00.0,Intermediário
1.29998,1.30736,2001-02-14 15:30:00.0,Intermediário
1.3003,1.30767,2001-02-14 16:00:00.0,Intermediário
1.29913,1.30585,2001-02-14 16:30:00.0,Intermediário
1.29762,1.30499,2001-02-14 17:00:00.0,Fechamento Interbancário
1.29807,1.30075,2001-02-14 18:20:00.0,Fechamento
1.29274,1.30533,2001-02-15 09:35:00.0,Abertura
1.29297,1.30031,2001-02-15 10:00:00.0,Intermediário
1.29332,1.30001,2001-02-15 10:30:00.0,Intermediário
1.29269,1.29938,2001-02-15 11:00:00.0,Intermediário
1.29238,1.29972,2001-02-15 11:30:00.0,Intermediário
1.29339,1.30074,2001-02-15 12:00:00.0,Intermediário
1.29394,1.30129,2001-02-15 12:30:00.0,Intermediário
1.294,1.30135,2001-02-15 13:00:00.0,Intermediário
1.29383,1.30118,2001-02-15 13:30:00.0,Intermediário
1.29341,1.30075,2001-02-15 14:00:00.0,Intermediário
1.29366,1.30101,2001-02-15 14:30:00.0,Intermediário
1.29301,1.2997,2001-02-15 15:11:00.0,Intermediário
1.29446,1.30181,2001-02-15 15:38:00.0,Intermediário
1.29497,1.30232,2001-02-15 16:00:00.0,Intermediário
1.29718,1.30389,2001-02-15 16:30:00.0,Intermediário
1.29684,1.30354,2001-02-15 17:00:00.0,Fechamento Interbancário
1.29339,1.29605,2001-02-15 18:28:00.0,Fechamento
1.29329,1.30586,2001-02-16 09:37:00.0,Abertura
1.29431,1.30165,2001-02-16 10:00:00.0,Intermediário
1.29389,1.30123,2001-02-16 10:39:00.0,Intermediário
1.294,1.30134,2001-02-16 11:00:00.0,Intermediário
1.29364,1.30097,2001-02-16 11:30:00.0,Intermediário
1.29689,1.30358,2001-02-16 12:00:00.0,Intermediário
1.2968,1.30415,2001-02-16 12:30:00.0,Intermediário
1.29691,1.30361,2001-02-16 13:00:00.0,Intermediário
1.29573,1.30242,2001-02-16 13:30:00.0,Intermediário
1.29624,1.30293,2001-02-16 14:00:00.0,Intermediário
1.29632,1.30302,2001-02-16 14:30:00.0,Intermediário
1.29395,1.30129,2001-02-16 15:00:00.0,Intermediário
1.29393,1.30126,2001-02-16 15:30:00.0,Intermediário
1.2909,1.29822,2001-02-16 16:00:00.0,Intermediário
1.29205,1.29938,2001-02-16 16:30:00.0,Intermediário
1.29651,1.30385,2001-02-16 17:00:00.0,Fechamento Interbancário
1.29263,1.29528,2001-02-16 18:33:00.0,Fechamento
1.29162,1.30414,2001-02-19 09:30:00.0,Abertura
1.29685,1.30354,2001-02-19 10:00:00.0,Intermediário
1.29426,1.30159,2001-02-19 10:30:00.0,Intermediário
1.29646,1.30314,2001-02-19 11:00:00.0,Intermediário
1.29592,1.30326,2001-02-19 11:30:00.0,Intermediário
1.29695,1.30365,2001-02-19 12:00:00.0,Intermediário
1.29864,1.306,2001-02-19 12:30:00.0,Intermediário
1.29844,1.3058,2001-02-19 13:00:00.0,Intermediário
1.2998,1.30716,2001-02-19 13:30:00.0,Intermediário
1.29988,1.30725,2001-02-19 14:00:00.0,Intermediário
1.29946,1.30682,2001-02-19 14:30:00.0,Intermediário
1.30028,1.30764,2001-02-19 15:00:00.0,Intermediário
1.3011,1.30781,2001-02-19 15:30:00.0,Intermediário
1.2998,1.30651,2001-02-19 16:00:00.0,Intermediário
1.30197,1.3087,2001-02-19 16:30:00.0,Intermediário
1.30146,1.30818,2001-02-19 17:00:00.0,Fechamento Interbancário
1.3025,1.30518,2001-02-19 18:17:00.0,Fechamento
1.29904,1.31161,2001-02-20 09:36:00.0,Abertura
1.30353,1.3109,2001-02-20 10:00:00.0,Intermediário
1.30064,1.30801,2001-02-20 10:30:00.0,Intermediário
1.30101,1.30773,2001-02-20 11:07:00.0,Intermediário
1.30242,1.30915,2001-02-20 11:30:00.0,Intermediário
1.30322,1.30994,2001-02-20 12:00:00.0,Intermediário
1.30211,1.30948,2001-02-20 12:30:00.0,Intermediário
1.30216,1.30889,2001-02-20 13:00:00.0,Intermediário
1.30098,1.3077,2001-02-20 13:30:00.0,Intermediário
1.30081,1.30753,2001-02-20 14:00:00.0,Intermediário
1.30132,1.30804,2001-02-20 14:30:00.0,Intermediário
1.30124,1.30796,2001-02-20 15:00:00.0,Intermediário
1.30236,1.30909,2001-02-20 15:30:00.0,Intermediário
1.30194,1.30866,2001-02-20 16:00:00.0,Intermediário
1.3016,1.30897,2001-02-20 16:30:00.0,Intermediário
1.3011,1.30846,2001-02-20 17:00:00.0,Fechamento Interbancário
1.30061,1.30327,2001-02-20 18:09:00.0,Fechamento
1.30203,1.31459,2001-02-21 09:22:00.0,Abertura
1.30661,1.31399,2001-02-21 10:00:00.0,Intermediário
1.30673,1.31411,2001-02-21 10:30:00.0,Intermediário
1.31133,1.31875,2001-02-21 11:00:00.0,Intermediário
1.31344,1.32021,2001-02-21 11:30:00.0,Intermediário
1.31194,1.31935,2001-02-21 12:00:00.0,Intermediário
1.31224,1.31901,2001-02-21 12:30:00.0,Intermediário
1.31043,1.31784,2001-02-21 13:00:00.0,Intermediário
1.31205,1.31947,2001-02-21 13:30:00.0,Intermediário
1.31119,1.31861,2001-02-21 14:00:00.0,Intermediário
1.31223,1.31965,2001-02-21 14:30:00.0,Intermediário
1.32114,1.32991,2001-02-21 15:00:00.0,Intermediário
1.32201,1.32948,2001-02-21 15:30:00.0,Intermediário
1.32084,1.3283,2001-02-21 16:00:00.0,Intermediário
1.32807,1.33557,2001-02-21 16:30:00.0,Intermediário
1.32228,1.32974,2001-02-21 17:12:00.0,Fechamento Interbancário
1.31499,1.31768,2001-02-21 18:57:00.0,Fechamento
1.31596,1.32861,2001-02-22 09:24:00.0,Abertura
1.31877,1.32622,2001-02-22 10:06:00.0,Intermediário
1.31828,1.32572,2001-02-22 10:41:00.0,Intermediário
1.3197,1.32715,2001-02-22 11:10:00.0,Intermediário
1.32138,1.32819,2001-02-22 11:38:00.0,Intermediário
1.32211,1.32892,2001-02-22 12:00:00.0,Intermediário
1.32211,1.32892,2001-02-22 12:30:00.0,Intermediário
1.32465,1.33148,2001-02-22 13:00:00.0,Intermediário
1.32379,1.33062,2001-02-22 13:30:00.0,Intermediário
1.32422,1.33105,2001-02-22 14:00:00.0,Intermediário
1.32379,1.33062,2001-02-22 14:30:00.0,Intermediário
1.32591,1.33339,2001-02-22 15:00:00.0,Intermediário
1.32483,1.33167,2001-02-22 15:30:00.0,Intermediário
1.32388,1.33136,2001-02-22 16:00:00.0,Intermediário
1.32479,1.33226,2001-02-22 16:30:00.0,Intermediário
1.3247,1.33218,2001-02-22 17:11:00.0,Fechamento Interbancário
1.3209,1.3236,2001-02-22 18:17:00.0,Fechamento
1.31736,1.33002,2001-02-23 09:26:00.0,Abertura
1.32712,1.33397,2001-02-23 10:00:00.0,Intermediário
1.32734,1.33483,2001-02-23 10:30:00.0,Intermediário
1.32695,1.33445,2001-02-23 11:00:00.0,Intermediário
1.32518,1.33201,2001-02-23 11:30:00.0,Intermediário
1.32496,1.33244,2001-02-23 12:00:00.0,Intermediário
1.32651,1.334,2001-02-23 12:30:00.0,Intermediário
1.32699,1.33448,2001-02-23 13:00:00.0,Intermediário
1.32682,1.33431,2001-02-23 13:30:00.0,Intermediário
1.32673,1.33422,2001-02-23 14:00:00.0,Intermediário
1.32699,1.33448,2001-02-23 14:35:00.0,Intermediário
1.32569,1.33253,2001-02-23 15:00:00.0,Intermediário
1.32496,1.33179,2001-02-23 15:30:00.0,Intermediário
1.32578,1.33326,2001-02-23 16:00:00.0,Intermediário
1.32033,1.32779,2001-02-23 16:30:00.0,Intermediário
1.3205,1.32731,2001-02-23 17:00:00.0,Fechamento Interbancário
1.32678,1.32949,2001-02-23 18:15:00.0,Fechamento
1.32862,1.34139,2001-02-28 12:30:00.0,Abertura
1.33141,1.33893,2001-02-28 13:00:00.0,Intermediário
1.33372,1.34124,2001-02-28 13:30:00.0,Intermediário
1.33137,1.33823,2001-02-28 14:00:00.0,Intermediário
1.33137,1.33888,2001-02-28 14:30:00.0,Intermediário
1.33071,1.33758,2001-02-28 15:00:00.0,Intermediário
1.3311,1.33797,2001-02-28 15:30:00.0,Intermediário
1.32773,1.33457,2001-02-28 16:19:00.0,Intermediário
1.32716,1.33465,2001-02-28 16:41:00.0,Intermediário
1.32803,1.33553,2001-02-28 16:46:00.0,Intermediário
1.32786,1.33535,2001-02-28 16:47:00.0,Intermediário
1.32812,1.33561,2001-02-28 17:00:00.0,Fechamento Interbancário
1.32877,1.33148,2001-02-28 18:15:00.0,Fechamento
1.32264,1.33531,2001-03-01 09:43:00.0,Abertura
1.3254,1.33223,2001-03-01 10:00:00.0,Intermediário
1.32595,1.33344,2001-03-01 10:30:00.0,Intermediário
1.32458,1.33141,2001-03-01 11:09:00.0,Intermediário
1.3216,1.32841,2001-03-01 11:30:00.0,Intermediário
1.32294,1.32976,2001-03-01 12:00:00.0,Intermediário
1.3208,1.32759,2001-03-01 12:30:00.0,Intermediário
1.32247,1.32993,2001-03-01 13:00:00.0,Intermediário
1.31964,1.32709,2001-03-01 13:30:00.0,Intermediário
1.31743,1.32486,2001-03-01 14:00:00.0,Intermediário
1.3176,1.32503,2001-03-01 14:30:00.0,Intermediário
1.31777,1.32521,2001-03-01 15:00:00.0,Intermediário
1.31786,1.32529,2001-03-01 15:30:00.0,Intermediário
1.31679,1.32422,2001-03-01 16:00:00.0,Intermediário
1.3173,1.32473,2001-03-01 16:30:00.0,Intermediário
1.31404,1.32082,2001-03-01 17:00:00.0,Fechamento Interbancário
1.31736,1.32004,2001-03-01 18:21:00.0,Fechamento
1.31214,1.32473,2001-03-02 09:35:00.0,Abertura
1.31618,1.32361,2001-03-02 10:00:00.0,Intermediário
1.31615,1.32357,2001-03-02 10:30:00.0,Intermediário
1.31765,1.32443,2001-03-02 11:00:00.0,Intermediário
1.31632,1.32374,2001-03-02 11:30:00.0,Intermediário
1.31584,1.32326,2001-03-02 12:00:00.0,Intermediário
1.31537,1.32279,2001-03-02 12:30:00.0,Intermediário
1.31163,1.31904,2001-03-02 13:00:00.0,Intermediário
1.31031,1.31771,2001-03-02 13:30:00.0,Intermediário
1.31031,1.31771,2001-03-02 14:00:00.0,Intermediário
1.31082,1.31823,2001-03-02 14:30:00.0,Intermediário
1.30896,1.31634,2001-03-02 15:00:00.0,Intermediário
1.30783,1.31522,2001-03-02 15:30:00.0,Intermediário
1.30947,1.31623,2001-03-02 16:00:00.0,Intermediário
1.31023,1.31764,2001-03-02 16:30:00.0,Intermediário
1.30854,1.31593,2001-03-02 17:00:00.0,Fechamento Interbancário
1.31477,1.31745,2001-03-02 18:15:00.0,Fechamento
1.30301,1.31558,2001-03-05 09:43:00.0,Abertura
1.30669,1.31408,2001-03-05 10:00:00.0,Intermediário
1.30826,1.31501,2001-03-05 10:30:00.0,Intermediário
1.30801,1.31476,2001-03-05 11:00:00.0,Intermediário
1.30705,1.31443,2001-03-05 11:30:00.0,Intermediário
1.30348,1.31085,2001-03-05 12:00:00.0,Intermediário
1.30475,1.31147,2001-03-05 12:30:00.0,Intermediário
1.30461,1.31133,2001-03-05 13:00:00.0,Intermediário
1.3044,1.31177,2001-03-05 13:30:00.0,Intermediário
1.30424,1.31161,2001-03-05 14:00:00.0,Intermediário
1.3044,1.31177,2001-03-05 14:30:00.0,Intermediário
1.30424,1.31161,2001-03-05 15:00:00.0,Intermediário
1.30264,1.31,2001-03-05 15:30:00.0,Intermediário
1.30247,1.30918,2001-03-05 16:00:00.0,Intermediário
1.30311,1.31048,2001-03-05 16:30:00.0,Intermediário
1.30311,1.31048,2001-03-05 17:00:00.0,Fechamento Interbancário
1.30488,1.30754,2001-03-05 18:24:00.0,Fechamento
1.30054,1.31308,2001-03-06 09:31:00.0,Abertura
1.30413,1.31086,2001-03-06 10:00:00.0,Intermediário
1.30382,1.31055,2001-03-06 10:30:00.0,Intermediário
1.30438,1.31112,2001-03-06 11:00:00.0,Intermediário
1.30557,1.31295,2001-03-06 11:30:00.0,Intermediário
1.3054,1.31278,2001-03-06 12:00:00.0,Intermediário
1.30554,1.31292,2001-03-06 12:30:00.0,Intermediário
1.30839,1.31579,2001-03-06 13:00:00.0,Intermediário
1.31094,1.31835,2001-03-06 13:30:00.0,Intermediário
1.30975,1.31716,2001-03-06 14:00:00.0,Intermediário
1.31077,1.31818,2001-03-06 14:30:00.0,Intermediário
1.31156,1.31833,2001-03-06 15:00:00.0,Intermediário
1.31268,1.31946,2001-03-06 15:30:00.0,Intermediário
1.3148,1.32224,2001-03-06 16:00:00.0,Intermediário
1.31732,1.32477,2001-03-06 16:30:00.0,Intermediário
1.31732,1.32412,2001-03-06 17:00:00.0,Fechamento Interbancário
1.31112,1.3138,2001-03-06 18:11:00.0,Fechamento
1.31155,1.32415,2001-03-07 09:37:00.0,Abertura
1.31367,1.32109,2001-03-07 10:00:00.0,Intermediário
1.31412,1.32153,2001-03-07 10:30:00.0,Intermediário
1.31328,1.32005,2001-03-07 11:00:00.0,Intermediário
1.31208,1.31884,2001-03-07 11:30:00.0,Intermediário
1.31294,1.31971,2001-03-07 12:00:00.0,Intermediário
1.31457,1.32199,2001-03-07 12:30:00.0,Intermediário
1.31733,1.32476,2001-03-07 13:00:00.0,Intermediário
1.3192,1.326,2001-03-07 13:30:00.0,Intermediário
1.31801,1.32479,2001-03-07 14:00:00.0,Intermediário
1.31937,1.32616,2001-03-07 14:30:00.0,Intermediário
1.31748,1.32492,2001-03-07 15:00:00.0,Intermediário
1.31637,1.3238,2001-03-07 15:30:00.0,Intermediário
1.31662,1.32405,2001-03-07 16:00:00.0,Intermediário
1.31384,1.32126,2001-03-07 16:30:00.0,Intermediário
1.31359,1.321,2001-03-07 17:00:00.0,Fechamento Interbancário
1.31335,1.31604,2001-03-07 18:36:00.0,Fechamento
1.30607,1.31861,2001-03-08 09:41:00.0,Abertura
1.30851,1.31525,2001-03-08 10:00:00.0,Intermediário
1.31025,1.317,2001-03-08 10:30:00.0,Intermediário
1.31255,1.31996,2001-03-08 11:00:00.0,Intermediário
1.31143,1.31884,2001-03-08 11:30:00.0,Intermediário
1.30992,1.31668,2001-03-08 12:00:00.0,Intermediário
1.31079,1.31754,2001-03-08 12:30:00.0,Intermediário
1.31037,1.31776,2001-03-08 13:00:00.0,Intermediário
1.30978,1.31717,2001-03-08 13:30:00.0,Intermediário
1.31045,1.31785,2001-03-08 14:00:00.0,Intermediário
1.31163,1.31904,2001-03-08 14:30:00.0,Intermediário
1.31684,1.32427,2001-03-08 15:00:00.0,Intermediário
1.32052,1.32797,2001-03-08 15:30:00.0,Intermediário
1.32547,1.33358,2001-03-08 16:00:00.0,Intermediário
1.32298,1.33043,2001-03-08 16:30:00.0,Intermediário
1.32332,1.33078,2001-03-08 17:00:00.0,Fechamento Interbancário
1.31569,1.31837,2001-03-08 18:17:00.0,Fechamento
1.32525,1.3379,2001-03-09 09:31:00.0,Abertura
1.32848,1.33596,2001-03-09 10:00:00.0,Intermediário
1.32882,1.3363,2001-03-09 10:30:00.0,Intermediário
1.32917,1.33666,2001-03-09 11:04:00.0,Intermediário
1.32427,1.33174,2001-03-09 11:30:00.0,Intermediário
1.3262,1.33367,2001-03-09 12:00:00.0,Intermediário
1.32655,1.33337,2001-03-09 12:30:00.0,Intermediário
1.32311,1.33057,2001-03-09 13:00:00.0,Intermediário
1.32354,1.331,2001-03-09 13:30:00.0,Intermediário
1.32354,1.331,2001-03-09 14:00:00.0,Intermediário
1.32405,1.33151,2001-03-09 14:30:00.0,Intermediário
1.32276,1.33022,2001-03-09 15:00:00.0,Intermediário
1.32155,1.329,2001-03-09 15:41:00.0,Intermediário
1.31875,1.32619,2001-03-09 16:00:00.0,Intermediário
1.31914,1.32658,2001-03-09 16:30:00.0,Intermediário
1.31983,1.32727,2001-03-09 17:00:00.0,Fechamento Interbancário
1.32899,1.33169,2001-03-09 18:50:00.0,Fechamento
1.3157,1.32829,2001-03-12 09:42:00.0,Abertura
1.3157,1.32829,2001-03-12 09:52:00.0,Intermediário
1.32089,1.32769,2001-03-12 10:00:00.0,Intermediário
1.3214,1.32885,2001-03-12 10:30:00.0,Intermediário
1.32174,1.32919,2001-03-12 11:00:00.0,Intermediário
1.32029,1.32708,2001-03-12 11:30:00.0,Intermediário
1.32,1.32679,2001-03-12 12:00:00.0,Intermediário
1.32051,1.3273,2001-03-12 12:30:00.0,Intermediário
1.32518,1.33264,2001-03-12 13:00:00.0,Intermediário
1.3257,1.33316,2001-03-12 13:30:00.0,Intermediário
1.32536,1.33282,2001-03-12 14:00:00.0,Intermediário
1.32544,1.3329,2001-03-12 14:30:00.0,Intermediário
1.32475,1.33286,2001-03-12 15:00:00.0,Intermediário
1.32051,1.32795,2001-03-12 15:30:00.0,Intermediário
1.32373,1.33118,2001-03-12 16:00:00.0,Intermediário
1.32351,1.33096,2001-03-12 16:30:00.0,Intermediário
1.32326,1.33071,2001-03-12 17:00:00.0,Fechamento Interbancário
1.32254,1.32523,2001-03-12 18:15:00.0,Fechamento
1.32134,1.33394,2001-03-13 09:37:00.0,Abertura
1.32587,1.3327,2001-03-13 10:00:00.0,Intermediário
1.3275,1.33497,2001-03-13 10:30:00.0,Intermediário
1.32646,1.33329,2001-03-13 11:00:00.0,Intermediário
1.33012,1.33696,2001-03-13 11:30:00.0,Intermediário
1.32972,1.33721,2001-03-13 12:00:00.0,Intermediário
1.32797,1.33544,2001-03-13 12:30:00.0,Intermediário
1.32658,1.33406,2001-03-13 13:00:00.0,Intermediário
1.32658,1.33406,2001-03-13 13:30:00.0,Intermediário
1.32668,1.33415,2001-03-13 14:00:00.0,Intermediário
1.32633,1.3338,2001-03-13 14:30:00.0,Intermediário
1.33033,1.33717,2001-03-13 15:00:00.0,Intermediário
1.33248,1.33998,2001-03-13 15:30:00.0,Intermediário
1.33377,1.34129,2001-03-13 16:00:00.0,Intermediário
1.33218,1.33969,2001-03-13 16:30:00.0,Intermediário
1.33209,1.3396,2001-03-13 17:00:00.0,Fechamento Interbancário
1.33289,1.3356,2001-03-13 18:10:00.0,Fechamento
1.33308,1.34576,2001-03-14 09:40:00.0,Abertura
1.33806,1.34494,2001-03-14 10:00:00.0,Intermediário
1.33784,1.34472,2001-03-14 10:39:00.0,Intermediário
1.34128,1.34882,2001-03-14 11:00:00.0,Intermediário
1.33904,1.34658,2001-03-14 11:30:00.0,Intermediário
1.33819,1.34507,2001-03-14 12:00:00.0,Intermediário
1.33583,1.34334,2001-03-14 12:30:00.0,Intermediário
1.3323,1.33979,2001-03-14 13:00:00.0,Intermediário
1.3317,1.33919,2001-03-14 13:30:00.0,Intermediário
1.33024,1.33773,2001-03-14 14:00:00.0,Intermediário
1.33135,1.33884,2001-03-14 14:30:00.0,Intermediário
1.33362,1.34048,2001-03-14 15:00:00.0,Intermediário
1.3338,1.34065,2001-03-14 15:30:00.0,Intermediário
1.33375,1.34061,2001-03-14 16:00:00.0,Intermediário
1.32811,1.33557,2001-03-14 16:30:00.0,Intermediário
1.32969,1.33716,2001-03-14 17:00:00.0,Fechamento Interbancário
1.33123,1.33394,2001-03-14 18:16:00.0,Fechamento
1.32269,1.33528,2001-03-15 09:42:00.0,Abertura
1.33085,1.33832,2001-03-15 10:00:00.0,Intermediário
1.3343,1.34179,2001-03-15 10:40:00.0,Intermediário
1.33563,1.34313,2001-03-15 11:00:00.0,Intermediário
1.33546,1.34231,2001-03-15 11:30:00.0,Intermediário
1.337,1.3445,2001-03-15 12:00:00.0,Intermediário
1.33737,1.34488,2001-03-15 12:30:00.0,Intermediário
1.34194,1.34947,2001-03-15 13:00:00.0,Intermediário
1.34398,1.35345,2001-03-15 13:30:00.0,Intermediário
1.34381,1.35328,2001-03-15 14:00:00.0,Intermediário
1.34381,1.35135,2001-03-15 14:30:00.0,Intermediário
1.34389,1.35078,2001-03-15 15:00:00.0,Intermediário
1.32944,1.33691,2001-03-15 15:32:00.0,Intermediário
1.33379,1.34127,2001-03-15 16:00:00.0,Intermediário
1.34154,1.34842,2001-03-15 16:30:00.0,Intermediário
1.33937,1.34623,2001-03-15 17:00:00.0,Fechamento Interbancário
1.33489,1.33759,2001-03-15 18:39:00.0,Fechamento
1.34743,1.36009,2001-03-16 09:36:00.0,Abertura
1.35243,1.36256,2001-03-16 10:00:00.0,Intermediário
1.35384,1.36142,2001-03-16 10:30:00.0,Intermediário
1.35046,1.35803,2001-03-16 11:00:00.0,Intermediário
1.34432,1.3525,2001-03-16 11:30:00.0,Intermediário
1.35245,1.36002,2001-03-16 12:00:00.0,Intermediário
1.35399,1.36349,2001-03-16 12:30:00.0,Intermediário
1.35759,1.3671,2001-03-16 13:00:00.0,Intermediário
1.35959,1.3691,2001-03-16 13:30:00.0,Intermediário
1.35889,1.3684,2001-03-16 14:00:00.0,Intermediário
1.36011,1.36963,2001-03-16 14:30:00.0,Intermediário
1.3525,1.3607,2001-03-16 15:00:00.0,Intermediário
1.35449,1.36206,2001-03-16 15:30:00.0,Intermediário
1.3532,1.36142,2001-03-16 16:00:00.0,Intermediário
1.35269,1.36026,2001-03-16 16:58:00.0,Intermediário
1.35345,1.36102,2001-03-16 17:23:00.0,Fechamento Interbancário
1.34987,1.35259,2001-03-16 18:25:00.0,Fechamento
1.34804,1.3607,2001-03-19 09:50:00.0,Abertura
1.35159,1.3598,2001-03-19 10:14:00.0,Intermediário
1.35544,1.36366,2001-03-19 10:30:00.0,Intermediário
1.35897,1.36657,2001-03-19 11:00:00.0,Intermediário
1.36532,1.37359,2001-03-19 11:30:00.0,Intermediário
1.37001,1.37958,2001-03-19 12:00:00.0,Intermediário
1.36821,1.37521,2001-03-19 12:30:00.0,Intermediário
1.38219,1.39118,2001-03-19 13:00:00.0,Intermediário
1.38336,1.39106,2001-03-19 13:30:00.0,Intermediário
1.35503,1.3626,2001-03-19 14:00:00.0,Intermediário
1.35999,1.3695,2001-03-19 14:30:00.0,Intermediário
1.36022,1.3691,2001-03-19 15:00:00.0,Intermediário
1.35591,1.36285,2001-03-19 15:30:00.0,Intermediário
1.35175,1.35867,2001-03-19 16:00:00.0,Intermediário
1.3428,1.35096,2001-03-19 16:30:00.0,Intermediário
1.34705,1.35459,2001-03-19 17:00:00.0,Fechamento Interbancário
1.35611,1.35884,2001-03-19 18:26:00.0,Fechamento
1.34967,1.36235,2001-03-20 09:36:00.0,Abertura
1.34662,1.35481,2001-03-20 10:00:00.0,Intermediário
1.3496,1.35716,2001-03-20 10:30:00.0,Intermediário
1.35054,1.35811,2001-03-20 11:00:00.0,Intermediário
1.34627,1.35446,2001-03-20 11:30:00.0,Intermediário
1.34431,1.35184,2001-03-20 12:00:00.0,Intermediário
1.34384,1.35137,2001-03-20 12:30:00.0,Intermediário
1.34094,1.3491,2001-03-20 13:00:00.0,Intermediário
1.3418,1.34996,2001-03-20 13:30:00.0,Intermediário
1.34197,1.35014,2001-03-20 14:00:00.0,Intermediário
1.34205,1.35022,2001-03-20 14:30:00.0,Intermediário
1.33417,1.34166,2001-03-20 15:00:00.0,Intermediário
1.33869,1.34621,2001-03-20 15:30:00.0,Intermediário
1.33464,1.34214,2001-03-20 16:00:00.0,Intermediário
1.33131,1.33879,2001-03-20 16:30:00.0,Intermediário
1.3288,1.33626,2001-03-20 17:04:00.0,Fechamento Interbancário
1.33443,1.33713,2001-03-20 18:10:00.0,Fechamento
1.32175,1.33427,2001-03-21 09:37:00.0,Abertura
1.33329,1.34076,2001-03-21 10:00:00.0,Intermediário
1.33426,1.3411,2001-03-21 10:30:00.0,Intermediário
1.33237,1.33983,2001-03-21 11:00:00.0,Intermediário
1.32999,1.33681,2001-03-21 11:30:00.0,Intermediário
1.32915,1.3366,2001-03-21 12:00:00.0,Intermediário
1.33055,1.338,2001-03-21 12:30:00.0,Intermediário
1.33232,1.33979,2001-03-21 13:00:00.0,Intermediário
1.3327,1.34017,2001-03-21 13:30:00.0,Intermediário
1.33329,1.34076,2001-03-21 14:00:00.0,Intermediário
1.33304,1.34051,2001-03-21 14:30:00.0,Intermediário
1.33439,1.34123,2001-03-21 15:00:00.0,Intermediário
1.3442,1.35363,2001-03-21 15:30:00.0,Intermediário
1.34394,1.3521,2001-03-21 16:00:00.0,Intermediário
1.34456,1.35208,2001-03-21 16:30:00.0,Intermediário
1.34274,1.35024,2001-03-21 17:00:00.0,Fechamento Interbancário
1.33013,1.33282,2001-03-21 18:14:00.0,Fechamento
1.34859,1.36122,2001-03-22 09:32:00.0,Abertura
1.35645,1.3653,2001-03-22 10:00:00.0,Intermediário
1.35486,1.36243,2001-03-22 10:30:00.0,Intermediário
1.35439,1.36196,2001-03-22 11:00:00.0,Intermediário
1.35673,1.36431,2001-03-22 11:30:00.0,Intermediário
1.35884,1.36642,2001-03-22 12:00:00.0,Intermediário
1.36221,1.36982,2001-03-22 12:30:00.0,Intermediário
1.36007,1.36767,2001-03-22 13:00:00.0,Intermediário
1.35837,1.36596,2001-03-22 13:30:00.0,Intermediário
1.35751,1.3651,2001-03-22 14:00:00.0,Intermediário
1.3582,1.36579,2001-03-22 14:30:00.0,Intermediário
1.36472,1.37233,2001-03-22 15:00:00.0,Intermediário
1.37037,1.37738,2001-03-22 15:30:00.0,Intermediário
1.36806,1.3757,2001-03-22 16:00:00.0,Intermediário
1.37098,1.37862,2001-03-22 16:30:00.0,Intermediário
1.36921,1.37685,2001-03-22 17:00:00.0,Fechamento Interbancário
1.36134,1.36409,2001-03-22 18:35:00.0,Fechamento
1.36769,1.38044,2001-03-23 09:41:00.0,Abertura
1.37634,1.38402,2001-03-23 10:00:00.0,Intermediário
1.3754,1.38307,2001-03-23 10:30:00.0,Intermediário
1.37423,1.3819,2001-03-23 11:00:00.0,Intermediário
1.37788,1.38556,2001-03-23 11:30:00.0,Intermediário
1.37535,1.3843,2001-03-23 12:00:00.0,Intermediário
1.37831,1.38727,2001-03-23 12:30:00.0,Intermediário
1.38428,1.392,2001-03-23 13:00:00.0,Intermediário
1.38235,1.39133,2001-03-23 13:30:00.0,Intermediário
1.38368,1.39267,2001-03-23 14:00:00.0,Intermediário
1.38279,1.39178,2001-03-23 14:30:00.0,Intermediário
1.37445,1.38211,2001-03-23 15:00:00.0,Intermediário
1.37342,1.38108,2001-03-23 15:30:00.0,Intermediário
1.3743,1.38196,2001-03-23 16:00:00.0,Intermediário
1.38484,1.39256,2001-03-23 16:30:00.0,Intermediário
1.38421,1.39256,2001-03-23 17:00:00.0,Fechamento Interbancário
1.37687,1.37963,2001-03-23 18:28:00.0,Fechamento
1.37281,1.38561,2001-03-26 09:41:00.0,Abertura
1.37071,1.37966,2001-03-26 10:00:00.0,Intermediário
1.37517,1.38285,2001-03-26 10:30:00.0,Intermediário
1.37543,1.38312,2001-03-26 11:00:00.0,Intermediário
1.37072,1.37839,2001-03-26 11:30:00.0,Intermediário
1.36741,1.3757,2001-03-26 12:00:00.0,Intermediário
1.36353,1.37117,2001-03-26 12:30:00.0,Intermediário
1.36598,1.37362,2001-03-26 13:00:00.0,Intermediário
1.36739,1.37503,2001-03-26 13:30:00.0,Intermediário
1.36879,1.37645,2001-03-26 14:00:00.0,Intermediário
1.36897,1.37663,2001-03-26 14:30:00.0,Intermediário
1.36853,1.37619,2001-03-26 15:00:00.0,Intermediário
1.3694,1.37705,2001-03-26 15:30:00.0,Intermediário
1.37306,1.38074,2001-03-26 16:00:00.0,Intermediário
1.36791,1.37556,2001-03-26 16:30:00.0,Intermediário
1.36686,1.3745,2001-03-26 17:00:00.0,Fechamento Interbancário
1.37018,1.37295,2001-03-26 18:09:00.0,Fechamento
1.35116,1.36386,2001-03-27 09:35:00.0,Abertura
1.35655,1.36415,2001-03-27 10:00:00.0,Intermediário
1.35789,1.36549,2001-03-27 10:30:00.0,Intermediário
1.35821,1.36581,2001-03-27 11:00:00.0,Intermediário
1.35491,1.3625,2001-03-27 11:30:00.0,Intermediário
1.35524,1.36282,2001-03-27 12:00:00.0,Intermediário
1.35558,1.36317,2001-03-27 12:42:00.0,Intermediário
1.35474,1.36168,2001-03-27 13:00:00.0,Intermediário
1.35154,1.35846,2001-03-27 13:30:00.0,Intermediário
1.35068,1.3576,2001-03-27 14:00:00.0,Intermediário
1.35206,1.35898,2001-03-27 14:30:00.0,Intermediário
1.35235,1.35927,2001-03-27 15:00:00.0,Intermediário
1.34894,1.35586,2001-03-27 15:30:00.0,Intermediário
1.34576,1.3533,2001-03-27 16:00:00.0,Intermediário
1.34929,1.35684,2001-03-27 16:30:00.0,Intermediário
1.34941,1.35632,2001-03-27 17:00:00.0,Fechamento Interbancário
1.35333,1.35605,2001-03-27 18:42:00.0,Fechamento
1.34098,1.35358,2001-03-28 09:43:00.0,Abertura
1.34289,1.3504,2001-03-28 10:00:00.0,Intermediário
1.3425,1.35002,2001-03-28 10:30:00.0,Intermediário
1.34381,1.3507,2001-03-28 11:00:00.0,Intermediário
1.34257,1.35008,2001-03-28 11:30:00.0,Intermediário
1.34357,1.35109,2001-03-28 12:00:00.0,Intermediário
1.34384,1.35135,2001-03-28 12:48:00.0,Intermediário
1.34694,1.35447,2001-03-28 13:00:00.0,Intermediário
1.34932,1.35688,2001-03-28 13:30:00.0,Intermediário
1.35148,1.35904,2001-03-28 14:00:00.0,Intermediário
1.35044,1.358,2001-03-28 14:30:00.0,Intermediário
1.35174,1.3593,2001-03-28 15:00:00.0,Intermediário
1.35217,1.35909,2001-03-28 15:30:00.0,Intermediário
1.35222,1.35979,2001-03-28 16:00:00.0,Intermediário
1.35472,1.36165,2001-03-28 16:30:00.0,Intermediário
1.35419,1.36177,2001-03-28 17:00:00.0,Fechamento Interbancário
1.35222,1.35495,2001-03-28 18:13:00.0,Fechamento
1.3496,1.36225,2001-03-29 09:29:00.0,Abertura
1.35739,1.36434,2001-03-29 10:00:00.0,Intermediário
1.35704,1.36399,2001-03-29 10:30:00.0,Intermediário
1.35759,1.36518,2001-03-29 11:00:00.0,Intermediário
1.3604,1.36735,2001-03-29 11:30:00.0,Intermediário
1.3595,1.36709,2001-03-29 12:00:00.0,Intermediário
1.35829,1.36588,2001-03-29 12:41:00.0,Intermediário
1.35953,1.36649,2001-03-29 13:00:00.0,Intermediário
1.35815,1.36573,2001-03-29 13:30:00.0,Intermediário
1.3571,1.36469,2001-03-29 14:00:00.0,Intermediário
1.35745,1.36503,2001-03-29 14:30:00.0,Intermediário
1.35599,1.36356,2001-03-29 15:00:00.0,Intermediário
1.35789,1.36611,2001-03-29 15:30:00.0,Intermediário
1.35979,1.36739,2001-03-29 16:00:00.0,Intermediário
1.36434,1.37196,2001-03-29 16:30:00.0,Intermediário
1.36368,1.37129,2001-03-29 17:00:00.0,Fechamento Interbancário
1.35532,1.35805,2001-03-29 18:12:00.0,Fechamento
1.36132,1.374,2001-03-30 09:34:00.0,Abertura
1.36506,1.37332,2001-03-30 10:00:00.0,Intermediário
1.3706,1.37825,2001-03-30 10:30:00.0,Intermediário
1.3742,1.38122,2001-03-30 11:00:00.0,Intermediário
1.37205,1.37906,2001-03-30 11:30:00.0,Intermediário
1.37249,1.38014,2001-03-30 12:00:00.0,Intermediário
1.36873,1.37636,2001-03-30 12:41:00.0,Intermediário
1.36959,1.37722,2001-03-30 13:24:00.0,Intermediário
1.36985,1.37748,2001-03-30 13:30:00.0,Intermediário
1.37158,1.37922,2001-03-30 14:00:00.0,Intermediário
1.37185,1.37949,2001-03-30 14:30:00.0,Intermediário
1.37025,1.37789,2001-03-30 15:00:00.0,Intermediário
1.37108,1.37873,2001-03-30 15:30:00.0,Intermediário
1.36706,1.37469,2001-03-30 16:00:00.0,Intermediário
1.36144,1.36903,2001-03-30 16:30:00.0,Intermediário
1.36207,1.36903,2001-03-30 17:00:00.0,Fechamento Interbancário
1.36873,1.37148,2001-03-30 18:17:00.0,Fechamento
1.36385,1.37655,2001-04-02 09:54:00.0,Abertura
1.36823,1.3765,2001-04-02 10:00:00.0,Intermediário
1.36316,1.37077,2001-04-02 10:30:00.0,Intermediário
1.36316,1.37076,2001-04-02 11:00:00.0,Intermediário
1.36457,1.37218,2001-04-02 11:30:00.0,Intermediário
1.36662,1.37424,2001-04-02 12:00:00.0,Intermediário
1.36572,1.37334,2001-04-02 12:30:00.0,Intermediário
1.3659,1.37352,2001-04-02 13:00:00.0,Intermediário
1.3665,1.37413,2001-04-02 13:30:00.0,Intermediário
1.36598,1.3736,2001-04-02 14:00:00.0,Intermediário
1.36702,1.37465,2001-04-02 14:30:00.0,Intermediário
1.37186,1.37951,2001-04-02 15:00:00.0,Intermediário
1.37442,1.38208,2001-04-02 15:30:00.0,Intermediário
1.36816,1.37578,2001-04-02 16:00:00.0,Intermediário
1.36689,1.37514,2001-04-02 16:30:00.0,Intermediário
1.36769,1.37531,2001-04-02 17:00:00.0,Fechamento Interbancário
1.36265,1.36538,2001-04-02 18:15:00.0,Fechamento
1.37188,1.38459,2001-04-03 09:41:00.0,Abertura
1.37256,1.38019,2001-04-03 10:00:00.0,Intermediário
1.37182,1.37945,2001-04-03 10:30:00.0,Intermediário
1.3738,1.38081,2001-04-03 11:00:00.0,Intermediário
1.37216,1.3798,2001-04-03 11:30:00.0,Intermediário
1.3719,1.3789,2001-04-03 12:00:00.0,Intermediário
1.37377,1.38142,2001-04-03 12:34:00.0,Intermediário
1.37237,1.38002,2001-04-03 13:00:00.0,Intermediário
1.37283,1.38048,2001-04-03 13:30:00.0,Intermediário
1.37379,1.38144,2001-04-03 14:00:00.0,Intermediário
1.37396,1.38161,2001-04-03 14:30:00.0,Intermediário
1.37143,1.37907,2001-04-03 15:00:00.0,Intermediário
1.37074,1.37838,2001-04-03 15:30:00.0,Intermediário
1.37148,1.37912,2001-04-03 16:00:00.0,Intermediário
1.37355,1.3812,2001-04-03 16:30:00.0,Intermediário
1.37392,1.38157,2001-04-03 17:00:00.0,Fechamento Interbancário
1.37477,1.37753,2001-04-03 18:37:00.0,Fechamento
1.37043,1.38317,2001-04-04 09:49:00.0,Abertura
1.37529,1.38295,2001-04-04 10:00:00.0,Intermediário
1.37354,1.38119,2001-04-04 10:30:00.0,Intermediário
1.3738,1.38146,2001-04-04 11:00:00.0,Intermediário
1.37568,1.38272,2001-04-04 11:30:00.0,Intermediário
1.37852,1.38556,2001-04-04 12:00:00.0,Intermediário
1.37456,1.38223,2001-04-04 12:30:00.0,Intermediário
1.37485,1.38252,2001-04-04 13:00:00.0,Intermediário
1.3745,1.38216,2001-04-04 13:30:00.0,Intermediário
1.37493,1.38261,2001-04-04 14:00:00.0,Intermediário
1.37432,1.38199,2001-04-04 14:30:00.0,Intermediário
1.37669,1.38373,2001-04-04 15:00:00.0,Intermediário
1.3757,1.38274,2001-04-04 15:30:00.0,Intermediário
1.3761,1.38377,2001-04-04 16:00:00.0,Intermediário
1.37884,1.38715,2001-04-04 16:30:00.0,Intermediário
1.37868,1.38636,2001-04-04 17:00:00.0,Fechamento Interbancário
1.37287,1.37564,2001-04-04 18:11:00.0,Fechamento
1.36666,1.37936,2001-04-05 09:44:00.0,Abertura
1.36792,1.37555,2001-04-05 10:00:00.0,Intermediário
1.36792,1.37555,2001-04-05 10:30:00.0,Intermediário
1.36965,1.37728,2001-04-05 11:00:00.0,Intermediário
1.37248,1.38012,2001-04-05 11:30:00.0,Intermediário
1.37134,1.37898,2001-04-05 12:00:00.0,Intermediário
1.37074,1.37838,2001-04-05 12:30:00.0,Intermediário
1.37011,1.37711,2001-04-05 13:00:00.0,Intermediário
1.37089,1.37789,2001-04-05 13:30:00.0,Intermediário
1.37132,1.37832,2001-04-05 14:00:00.0,Intermediário
1.3722,1.3792,2001-04-05 14:30:00.0,Intermediário
1.36633,1.37394,2001-04-05 15:00:00.0,Intermediário
1.36509,1.37271,2001-04-05 15:30:00.0,Intermediário
1.36218,1.36978,2001-04-05 16:00:00.0,Intermediário
1.36371,1.37132,2001-04-05 16:30:00.0,Intermediário
1.36405,1.37167,2001-04-05 17:00:00.0,Fechamento Interbancário
1.36971,1.37246,2001-04-05 18:14:00.0,Fechamento
1.36069,1.37338,2001-04-06 09:47:00.0,Abertura
1.36643,1.37342,2001-04-06 10:00:00.0,Intermediário
1.36507,1.3727,2001-04-06 10:30:00.0,Intermediário
1.36877,1.37642,2001-04-06 11:00:00.0,Intermediário
1.37088,1.37789,2001-04-06 11:30:00.0,Intermediário
1.37019,1.37785,2001-04-06 12:00:00.0,Intermediário
1.371,1.37865,2001-04-06 12:30:00.0,Intermediário
1.37259,1.38026,2001-04-06 13:00:00.0,Intermediário
1.37229,1.37996,2001-04-06 13:30:00.0,Intermediário
1.37106,1.37872,2001-04-06 14:00:00.0,Intermediário
1.37237,1.38004,2001-04-06 14:30:00.0,Intermediário
1.3744,1.38208,2001-04-06 15:00:00.0,Intermediário
1.37594,1.38363,2001-04-06 15:30:00.0,Intermediário
1.37953,1.38722,2001-04-06 16:00:00.0,Intermediário
1.37981,1.38751,2001-04-06 16:30:00.0,Intermediário
1.37999,1.38769,2001-04-06 17:00:00.0,Fechamento Interbancário
1.37281,1.37557,2001-04-06 18:31:00.0,Fechamento
1.37836,1.39118,2001-04-09 09:43:00.0,Abertura
1.38296,1.39068,2001-04-09 10:00:00.0,Intermediário
1.38186,1.38893,2001-04-09 10:30:00.0,Intermediário
1.38111,1.38882,2001-04-09 11:00:00.0,Intermediário
1.38063,1.38833,2001-04-09 11:30:00.0,Intermediário
1.38369,1.39141,2001-04-09 12:00:00.0,Intermediário
1.38232,1.3894,2001-04-09 12:30:00.0,Intermediário
1.38197,1.38968,2001-04-09 13:00:00.0,Intermediário
1.38144,1.38915,2001-04-09 13:30:00.0,Intermediário
1.38144,1.38915,2001-04-09 14:00:00.0,Intermediário
1.38109,1.38879,2001-04-09 14:30:00.0,Intermediário
1.379,1.38669,2001-04-09 15:00:00.0,Intermediário
1.37836,1.38605,2001-04-09 15:30:00.0,Intermediário
1.37509,1.38276,2001-04-09 16:00:00.0,Intermediário
1.37524,1.38292,2001-04-09 16:30:00.0,Intermediário
1.37559,1.38327,2001-04-09 17:00:00.0,Fechamento Interbancário
1.38088,1.38365,2001-04-09 18:13:00.0,Fechamento
1.37168,1.38449,2001-04-10 09:42:00.0,Abertura
1.37629,1.38398,2001-04-10 10:00:00.0,Intermediário
1.37381,1.38149,2001-04-10 10:30:00.0,Intermediário
1.37026,1.37728,2001-04-10 11:00:00.0,Intermediário
1.37252,1.38019,2001-04-10 11:30:00.0,Intermediário
1.37298,1.38065,2001-04-10 12:00:00.0,Intermediário
1.37643,1.38347,2001-04-10 12:30:00.0,Intermediário
1.37406,1.38174,2001-04-10 13:00:00.0,Intermediário
1.37273,1.38041,2001-04-10 13:30:00.0,Intermediário
1.37459,1.38227,2001-04-10 14:00:00.0,Intermediário
1.37512,1.38281,2001-04-10 14:30:00.0,Intermediário
1.37357,1.38125,2001-04-10 15:00:00.0,Intermediário
1.37165,1.37932,2001-04-10 15:30:00.0,Intermediário
1.36829,1.37594,2001-04-10 16:00:00.0,Intermediário
1.36949,1.37714,2001-04-10 16:30:00.0,Intermediário
1.37101,1.37867,2001-04-10 17:00:00.0,Fechamento Interbancário
1.37447,1.37725,2001-04-10 18:13:00.0,Fechamento
1.36286,1.37563,2001-04-11 09:39:00.0,Abertura
1.36504,1.37268,2001-04-11 10:05:00.0,Intermediário
1.36679,1.37443,2001-04-11 10:30:00.0,Intermediário
1.3705,1.37815,2001-04-11 11:00:00.0,Intermediário
1.36946,1.37711,2001-04-11 11:30:00.0,Intermediário
1.37129,1.37831,2001-04-11 12:00:00.0,Intermediário
1.37196,1.37962,2001-04-11 12:30:00.0,Intermediário
1.37689,1.38457,2001-04-11 13:00:00.0,Intermediário
1.37618,1.38386,2001-04-11 13:30:00.0,Intermediário
1.37635,1.38404,2001-04-11 14:00:00.0,Intermediário
1.37618,1.38386,2001-04-11 14:30:00.0,Intermediário
1.37792,1.38561,2001-04-11 15:00:00.0,Intermediário
1.37464,1.38231,2001-04-11 15:30:00.0,Intermediário
1.3742,1.38188,2001-04-11 16:00:00.0,Intermediário
1.3742,1.38188,2001-04-11 16:30:00.0,Intermediário
1.37438,1.38205,2001-04-11 17:00:00.0,Fechamento Interbancário
1.36642,1.36917,2001-04-11 18:23:00.0,Fechamento
1.37739,1.39024,2001-04-12 09:46:00.0,Abertura
1.38224,1.38995,2001-04-12 10:00:00.0,Intermediário
1.38796,1.39571,2001-04-12 10:30:00.0,Intermediário
1.38658,1.39432,2001-04-12 11:00:00.0,Intermediário
1.38346,1.39117,2001-04-12 11:30:00.0,Intermediário
1.38397,1.39169,2001-04-12 12:00:00.0,Intermediário
1.38359,1.39067,2001-04-12 12:30:00.0,Intermediário
1.38068,1.38839,2001-04-12 13:00:00.0,Intermediário
1.38148,1.38919,2001-04-12 13:30:00.0,Intermediário
1.38139,1.3891,2001-04-12 14:00:00.0,Intermediário
1.38245,1.39018,2001-04-12 14:30:00.0,Intermediário
1.38521,1.39294,2001-04-12 15:00:00.0,Intermediário
1.38121,1.38892,2001-04-12 15:30:00.0,Intermediário
1.3795,1.38605,2001-04-12 16:00:00.0,Intermediário
1.37696,1.38464,2001-04-12 16:30:00.0,Intermediário
1.37614,1.38382,2001-04-12 17:00:00.0,Fechamento Interbancário
1.38,1.38278,2001-04-12 18:22:00.0,Fechamento
1.38364,1.39648,2001-04-16 09:53:00.0,Abertura
1.38535,1.39564,2001-04-16 10:00:00.0,Intermediário
1.39065,1.3984,2001-04-16 10:50:00.0,Intermediário
1.39239,1.40014,2001-04-16 11:00:00.0,Intermediário
1.39047,1.39758,2001-04-16 11:30:00.0,Intermediário
1.39228,1.40004,2001-04-16 12:00:00.0,Intermediário
1.39397,1.4011,2001-04-16 12:30:00.0,Intermediário
1.39388,1.40165,2001-04-16 13:00:00.0,Intermediário
1.39433,1.4021,2001-04-16 13:30:00.0,Intermediário
1.39478,1.40255,2001-04-16 14:00:00.0,Intermediário
1.39514,1.40291,2001-04-16 14:30:00.0,Intermediário
1.39313,1.40089,2001-04-16 15:00:00.0,Intermediário
1.39386,1.40162,2001-04-16 15:30:00.0,Intermediário
1.39706,1.40483,2001-04-16 16:00:00.0,Intermediário
1.40163,1.40943,2001-04-16 16:47:00.0,Intermediário
1.40154,1.40934,2001-04-16 17:16:00.0,Fechamento Interbancário
1.39399,1.39678,2001-04-16 21:33:00.0,Fechamento
1.40478,1.41775,2001-04-17 09:47:00.0,Abertura
1.40386,1.41233,2001-04-17 10:00:00.0,Intermediário
1.40126,1.40907,2001-04-17 10:30:00.0,Intermediário
1.40126,1.40907,2001-04-17 11:00:00.0,Intermediário
1.4001,1.4079,2001-04-17 12:35:00.0,Intermediário
1.40193,1.40974,2001-04-17 12:36:00.0,Intermediário
1.40348,1.4113,2001-04-17 12:38:00.0,Intermediário
1.40394,1.41176,2001-04-17 13:00:00.0,Intermediário
1.40439,1.41221,2001-04-17 13:30:00.0,Intermediário
1.40385,1.41167,2001-04-17 14:00:00.0,Intermediário
1.40394,1.41176,2001-04-17 14:30:00.0,Intermediário
1.40138,1.40918,2001-04-17 15:00:00.0,Intermediário
1.3982,1.406,2001-04-17 15:30:00.0,Intermediário
1.40278,1.4106,2001-04-17 16:00:00.0,Intermediário
1.40273,1.41053,2001-04-17 16:30:00.0,Intermediário
1.402,1.40981,2001-04-17 17:00:00.0,Fechamento Interbancário
1.39748,1.40028,2001-04-17 18:50:00.0,Fechamento
1.38204,1.39484,2001-04-18 09:49:00.0,Abertura
1.38331,1.39038,2001-04-18 10:00:00.0,Intermediário
1.38414,1.39185,2001-04-18 10:30:00.0,Intermediário
1.38443,1.39214,2001-04-18 11:00:00.0,Intermediário
1.38784,1.39556,2001-04-18 11:30:00.0,Intermediário
1.39033,1.39807,2001-04-18 12:04:00.0,Intermediário
1.38619,1.39391,2001-04-18 13:06:00.0,Intermediário
1.37943,1.38712,2001-04-18 13:09:00.0,Intermediário
1.38384,1.39156,2001-04-18 13:30:00.0,Intermediário
1.38243,1.39014,2001-04-18 14:00:00.0,Intermediário
1.38225,1.38997,2001-04-18 14:30:00.0,Intermediário
1.38456,1.39164,2001-04-18 15:00:00.0,Intermediário
1.38725,1.39499,2001-04-18 15:30:00.0,Intermediário
1.39299,1.40076,2001-04-18 16:00:00.0,Intermediário
1.39172,1.39948,2001-04-18 16:30:00.0,Intermediário
1.39126,1.39901,2001-04-18 17:00:00.0,Fechamento Interbancário
1.38813,1.39091,2001-04-18 18:20:00.0,Fechamento
1.39296,1.40588,2001-04-19 09:39:00.0,Abertura
1.40599,1.41383,2001-04-19 10:03:00.0,Intermediário
1.40789,1.41573,2001-04-19 10:30:00.0,Intermediário
1.40881,1.41666,2001-04-19 11:00:00.0,Intermediário
1.4087,1.41655,2001-04-19 11:30:00.0,Intermediário
1.40941,1.41727,2001-04-19 12:00:00.0,Intermediário
1.41035,1.41821,2001-04-19 12:30:00.0,Intermediário
1.4142,1.42208,2001-04-19 13:00:00.0,Intermediário
1.41384,1.42172,2001-04-19 13:30:00.0,Intermediário
1.41292,1.4208,2001-04-19 14:00:00.0,Intermediário
1.41192,1.41979,2001-04-19 14:30:00.0,Intermediário
1.41707,1.42561,2001-04-19 15:00:00.0,Intermediário
1.41698,1.42488,2001-04-19 15:35:00.0,Intermediário
1.42269,1.4319,2001-04-19 16:00:00.0,Intermediário
1.40704,1.41489,2001-04-19 16:30:00.0,Intermediário
1.40725,1.41573,2001-04-19 17:00:00.0,Fechamento Interbancário
1.40879,1.41163,2001-04-19 18:38:00.0,Fechamento
1.42314,1.43624,2001-04-20 09:51:00.0,Abertura
1.43965,1.4496,2001-04-20 10:00:00.0,Intermediário
1.43679,1.44607,2001-04-20 10:30:00.0,Intermediário
1.43557,1.44356,2001-04-20 11:07:00.0,Intermediário
1.43264,1.4406,2001-04-20 12:03:00.0,Intermediário
1.43531,1.44329,2001-04-20 12:06:00.0,Intermediário
1.4405,1.44851,2001-04-20 12:30:00.0,Intermediário
1.43642,1.44441,2001-04-20 13:00:00.0,Intermediário
1.43477,1.44275,2001-04-20 13:30:00.0,Intermediário
1.43393,1.44191,2001-04-20 14:00:00.0,Intermediário
1.4331,1.44107,2001-04-20 14:30:00.0,Intermediário
1.44232,1.45033,2001-04-20 15:00:00.0,Intermediário
1.44554,1.45357,2001-04-20 15:30:00.0,Intermediário
1.45209,1.46144,2001-04-20 16:00:00.0,Intermediário
1.46253,1.47258,2001-04-20 16:30:00.0,Intermediário
1.44601,1.45599,2001-04-20 17:00:00.0,Fechamento Interbancário
1.44477,1.44767,2001-04-20 18:24:00.0,Fechamento
1.44943,1.46266,2001-04-23 09:50:00.0,Abertura
1.45783,1.46852,2001-04-23 10:00:00.0,Intermediário
1.46727,1.47736,2001-04-23 10:30:00.0,Intermediário
1.46912,1.47856,2001-04-23 11:00:00.0,Intermediário
1.46007,1.46881,2001-04-23 11:30:00.0,Intermediário
1.46309,1.47121,2001-04-23 12:00:00.0,Intermediário
1.45873,1.46682,2001-04-23 12:30:00.0,Intermediário
1.45578,1.46385,2001-04-23 13:00:00.0,Intermediário
1.45445,1.46252,2001-04-23 14:23:00.0,Intermediário
1.45408,1.46214,2001-04-23 14:24:00.0,Intermediário
1.45578,1.46385,2001-04-23 14:30:00.0,Intermediário
1.45521,1.46328,2001-04-23 15:00:00.0,Intermediário
1.45887,1.46825,2001-04-23 15:30:00.0,Intermediário
1.46125,1.46935,2001-04-23 16:00:00.0,Intermediário
1.45535,1.46343,2001-04-23 16:30:00.0,Intermediário
1.45507,1.46315,2001-04-23 17:00:00.0,Fechamento Interbancário
1.45441,1.45733,2001-04-23 18:23:00.0,Fechamento
1.44559,1.45879,2001-04-24 09:44:00.0,Abertura
1.44996,1.4593,2001-04-24 10:00:00.0,Intermediário
1.45085,1.45955,2001-04-24 10:30:00.0,Intermediário
1.45462,1.46269,2001-04-24 11:00:00.0,Intermediário
1.45291,1.46096,2001-04-24 11:30:00.0,Intermediário
1.45376,1.46118,2001-04-24 12:09:00.0,Intermediário
1.45462,1.46204,2001-04-24 12:30:00.0,Intermediário
1.4559,1.46334,2001-04-24 13:00:00.0,Intermediário
1.4559,1.46334,2001-04-24 13:30:00.0,Intermediário
1.45684,1.46427,2001-04-24 14:00:00.0,Intermediário
1.45703,1.46446,2001-04-24 14:30:00.0,Intermediário
1.45244,1.45985,2001-04-24 15:00:00.0,Intermediário
1.45428,1.46235,2001-04-24 15:30:00.0,Intermediário
1.4539,1.46197,2001-04-24 16:00:00.0,Intermediário
1.45952,1.46761,2001-04-24 16:30:00.0,Intermediário
1.46016,1.46761,2001-04-24 17:02:00.0,Fechamento Interbancário
1.4548,1.4577,2001-04-24 18:51:00.0,Fechamento
1.48037,1.49377,2001-04-25 09:44:00.0,Abertura
1.49105,1.4993,2001-04-25 10:00:00.0,Intermediário
1.49267,1.50222,2001-04-25 10:30:00.0,Intermediário
1.49277,1.50037,2001-04-25 11:00:00.0,Intermediário
1.48568,1.49455,2001-04-25 11:30:00.0,Intermediário
1.48032,1.48851,2001-04-25 12:00:00.0,Intermediário
1.48452,1.49273,2001-04-25 12:30:00.0,Intermediário
1.47738,1.48555,2001-04-25 13:00:00.0,Intermediário
1.47642,1.4846,2001-04-25 13:30:00.0,Intermediário
1.47452,1.48268,2001-04-25 14:00:00.0,Intermediário
1.475,1.48316,2001-04-25 14:30:00.0,Intermediário
1.47193,1.48072,2001-04-25 15:00:00.0,Intermediário
1.4686,1.47738,2001-04-25 15:30:00.0,Intermediário
1.47843,1.48661,2001-04-25 16:00:00.0,Intermediário
1.47585,1.48467,2001-04-25 16:30:00.0,Intermediário
1.4715,1.47964,2001-04-25 17:00:00.0,Fechamento Interbancário
1.48332,1.48628,2001-04-25 18:49:00.0,Fechamento
1.45836,1.47163,2001-04-26 09:50:00.0,Abertura
1.46253,1.47064,2001-04-26 10:00:00.0,Intermediário
1.46695,1.47443,2001-04-26 10:30:00.0,Intermediário
1.4661,1.47422,2001-04-26 11:00:00.0,Intermediário
1.46355,1.47167,2001-04-26 11:30:00.0,Intermediário
1.46327,1.47138,2001-04-26 12:00:00.0,Intermediário
1.46575,1.47388,2001-04-26 12:30:00.0,Intermediário
1.46262,1.47008,2001-04-26 13:00:00.0,Intermediário
1.46177,1.46922,2001-04-26 13:30:00.0,Intermediário
1.46215,1.46961,2001-04-26 14:00:00.0,Intermediário
1.46196,1.46942,2001-04-26 14:30:00.0,Intermediário
1.45247,1.45988,2001-04-26 15:01:00.0,Intermediário
1.45016,1.45822,2001-04-26 15:30:00.0,Intermediário
1.4545,1.46257,2001-04-26 16:00:00.0,Intermediário
1.44536,1.45339,2001-04-26 16:30:00.0,Intermediário
1.44582,1.45385,2001-04-26 17:00:00.0,Fechamento Interbancário
1.4581,1.46102,2001-04-26 18:46:00.0,Fechamento
1.44445,1.45766,2001-04-27 09:48:00.0,Abertura
1.44002,1.44802,2001-04-27 10:00:00.0,Intermediário
1.43594,1.44328,2001-04-27 10:55:00.0,Intermediário
1.42932,1.43792,2001-04-27 11:00:00.0,Intermediário
1.43627,1.44426,2001-04-27 11:30:00.0,Intermediário
1.43701,1.445,2001-04-27 12:00:00.0,Intermediário
1.43645,1.44443,2001-04-27 12:30:00.0,Intermediário
1.4358,1.44378,2001-04-27 13:00:00.0,Intermediário
1.4356,1.4436,2001-04-27 13:30:00.0,Intermediário
1.43664,1.44463,2001-04-27 14:00:00.0,Intermediário
1.43617,1.44416,2001-04-27 14:30:00.0,Intermediário
1.43728,1.44528,2001-04-27 15:00:00.0,Intermediário
1.43377,1.44174,2001-04-27 15:30:00.0,Intermediário
1.42729,1.43524,2001-04-27 16:00:00.0,Intermediário
1.42452,1.4318,2001-04-27 16:30:00.0,Intermediário
1.42442,1.43236,2001-04-27 17:00:00.0,Fechamento Interbancário
1.4352,1.43808,2001-04-27 18:18:00.0,Fechamento
1.4112,1.42428,2001-04-30 09:43:00.0,Abertura
1.40816,1.41796,2001-04-30 10:00:00.0,Intermediário
1.41784,1.42575,2001-04-30 10:30:00.0,Intermediário
1.41647,1.42437,2001-04-30 11:00:00.0,Intermediário
1.41535,1.42325,2001-04-30 11:30:00.0,Intermediário
1.41747,1.42537,2001-04-30 12:00:00.0,Intermediário
1.41738,1.4253,2001-04-30 12:30:00.0,Intermediário
1.42127,1.4292,2001-04-30 13:00:00.0,Intermediário
1.42015,1.42808,2001-04-30 13:30:00.0,Intermediário
1.42053,1.42845,2001-04-30 14:00:00.0,Intermediário
1.42015,1.42808,2001-04-30 14:30:00.0,Intermediário
1.42396,1.4319,2001-04-30 15:00:00.0,Intermediário
1.42962,1.43758,2001-04-30 15:30:00.0,Intermediário
1.42823,1.43619,2001-04-30 16:00:00.0,Intermediário
1.42906,1.43703,2001-04-30 16:30:00.0,Intermediário
1.42841,1.43637,2001-04-30 17:00:00.0,Fechamento Interbancário
1.41953,1.4224,2001-04-30 18:50:00.0,Fechamento
1.43568,1.44892,2001-05-02 09:47:00.0,Abertura
1.44762,1.45569,2001-05-02 10:00:00.0,Intermediário
1.445,1.4524,2001-05-02 10:30:00.0,Intermediário
1.44621,1.45361,2001-05-02 11:00:00.0,Intermediário
1.44639,1.45378,2001-05-02 11:30:00.0,Intermediário
1.44965,1.45772,2001-05-02 12:00:00.0,Intermediário
1.45383,1.46191,2001-05-02 12:30:00.0,Intermediário
1.45393,1.46202,2001-05-02 13:00:00.0,Intermediário
1.45336,1.46144,2001-05-02 13:30:00.0,Intermediário
1.45431,1.4624,2001-05-02 14:00:00.0,Intermediário
1.4526,1.46068,2001-05-02 14:30:00.0,Intermediário
1.45027,1.45768,2001-05-02 15:00:00.0,Intermediário
1.45035,1.45843,2001-05-02 15:30:00.0,Intermediário
1.45462,1.46272,2001-05-02 16:00:00.0,Intermediário
1.45585,1.4646,2001-05-02 16:30:00.0,Intermediário
1.45557,1.46366,2001-05-02 17:00:00.0,Fechamento Interbancário
1.44925,1.45217,2001-05-02 18:24:00.0,Fechamento
1.45482,1.46815,2001-05-03 09:59:00.0,Abertura
1.45364,1.46172,2001-05-03 10:00:00.0,Intermediário
1.46037,1.46849,2001-05-03 10:30:00.0,Intermediário
1.45901,1.46713,2001-05-03 11:00:00.0,Intermediário
1.46051,1.46863,2001-05-03 11:30:00.0,Intermediário
1.45714,1.46524,2001-05-03 12:00:00.0,Intermediário
1.45491,1.46235,2001-05-03 12:30:00.0,Intermediário
1.45724,1.46534,2001-05-03 13:00:00.0,Intermediário
1.45714,1.46524,2001-05-03 13:30:00.0,Intermediário
1.45781,1.46591,2001-05-03 14:00:00.0,Intermediário
1.45905,1.46716,2001-05-03 14:30:00.0,Intermediário
1.44831,1.45637,2001-05-03 15:00:00.0,Intermediário
1.44376,1.45114,2001-05-03 15:30:00.0,Intermediário
1.44152,1.44955,2001-05-03 16:00:00.0,Intermediário
1.43966,1.44768,2001-05-03 16:30:00.0,Intermediário
1.44023,1.44825,2001-05-03 17:00:00.0,Fechamento Interbancário
1.45563,1.45857,2001-05-03 18:28:00.0,Fechamento
1.43764,1.4509,2001-05-04 09:43:00.0,Abertura
1.45267,1.46011,2001-05-04 10:00:00.0,Intermediário
1.45406,1.46151,2001-05-04 10:30:00.0,Intermediário
1.44993,1.458,2001-05-04 11:00:00.0,Intermediário
1.44245,1.45049,2001-05-04 11:30:00.0,Intermediário
1.44235,1.44974,2001-05-04 12:00:00.0,Intermediário
1.44217,1.4502,2001-05-04 12:30:00.0,Intermediário
1.43928,1.4473,2001-05-04 13:00:00.0,Intermediário
1.43993,1.44796,2001-05-04 13:30:00.0,Intermediário
1.43965,1.44768,2001-05-04 14:00:00.0,Intermediário
1.43909,1.44711,2001-05-04 14:30:00.0,Intermediário
1.43408,1.44142,2001-05-04 15:00:00.0,Intermediário
1.43324,1.44058,2001-05-04 15:30:00.0,Intermediário
1.43649,1.4445,2001-05-04 16:00:00.0,Intermediário
1.4377,1.44571,2001-05-04 16:30:00.0,Intermediário
1.43742,1.44477,2001-05-04 17:00:00.0,Fechamento Interbancário
1.44266,1.44557,2001-05-04 18:12:00.0,Fechamento
1.42619,1.43936,2001-05-07 09:47:00.0,Abertura
1.42721,1.43517,2001-05-07 10:00:00.0,Intermediário
1.42711,1.43507,2001-05-07 10:30:00.0,Intermediário
1.42581,1.43376,2001-05-07 11:00:00.0,Intermediário
1.42424,1.43218,2001-05-07 11:42:00.0,Intermediário
1.42359,1.43153,2001-05-07 12:14:00.0,Intermediário
1.42387,1.43181,2001-05-07 12:40:00.0,Intermediário
1.42461,1.43255,2001-05-07 13:15:00.0,Intermediário
1.42498,1.43292,2001-05-07 13:49:00.0,Intermediário
1.4248,1.43273,2001-05-07 14:08:00.0,Intermediário
1.42433,1.43227,2001-05-07 14:43:00.0,Intermediário
1.42128,1.4292,2001-05-07 15:03:00.0,Intermediário
1.42821,1.43617,2001-05-07 15:45:00.0,Intermediário
1.42711,1.43506,2001-05-07 16:07:00.0,Intermediário
1.43266,1.44063,2001-05-07 16:30:00.0,Intermediário
1.43256,1.44053,2001-05-07 17:00:00.0,Fechamento Interbancário
1.4215,1.42436,2001-05-07 18:19:00.0,Fechamento
1.43311,1.44628,2001-05-08 09:51:00.0,Abertura
1.44143,1.44944,2001-05-08 10:00:00.0,Intermediário
1.44078,1.44879,2001-05-08 10:30:00.0,Intermediário
1.44087,1.44889,2001-05-08 11:00:00.0,Intermediário
1.44149,1.4495,2001-05-08 11:49:00.0,Intermediário
1.4426,1.45062,2001-05-08 12:00:00.0,Intermediário
1.44316,1.45117,2001-05-08 12:46:00.0,Intermediário
1.4391,1.44709,2001-05-08 13:07:00.0,Intermediário
1.43854,1.44653,2001-05-08 13:34:00.0,Intermediário
1.43807,1.44606,2001-05-08 14:06:00.0,Intermediário
1.43872,1.44672,2001-05-08 14:30:00.0,Intermediário
1.44112,1.44913,2001-05-08 15:00:00.0,Intermediário
1.44064,1.44865,2001-05-08 15:30:00.0,Intermediário
1.44075,1.44875,2001-05-08 16:00:00.0,Intermediário
1.4485,1.45654,2001-05-08 16:30:00.0,Intermediário
1.45028,1.45834,2001-05-08 17:00:00.0,Fechamento Interbancário
1.44457,1.44747,2001-05-08 18:23:00.0,Fechamento
1.4568,1.47009,2001-05-09 09:41:00.0,Abertura
1.4649,1.47304,2001-05-09 10:00:00.0,Intermediário
1.46628,1.47442,2001-05-09 10:30:00.0,Intermediário
1.4647,1.47283,2001-05-09 11:00:00.0,Intermediário
1.4632,1.47132,2001-05-09 11:30:00.0,Intermediário
1.46106,1.46917,2001-05-09 12:00:00.0,Intermediário
1.46042,1.46852,2001-05-09 12:30:00.0,Intermediário
1.46133,1.46944,2001-05-09 13:00:00.0,Intermediário
1.46237,1.47049,2001-05-09 13:30:00.0,Intermediário
1.46209,1.47021,2001-05-09 14:00:00.0,Intermediário
1.46313,1.47126,2001-05-09 14:30:00.0,Intermediário
1.46018,1.46829,2001-05-09 15:00:00.0,Intermediário
1.46157,1.46969,2001-05-09 15:30:00.0,Intermediário
1.46324,1.47137,2001-05-09 16:00:00.0,Intermediário
1.46666,1.47415,2001-05-09 16:30:00.0,Intermediário
1.46555,1.47369,2001-05-09 17:00:00.0,Fechamento Interbancário
1.46528,1.46822,2001-05-09 18:21:00.0,Fechamento
1.45664,1.46994,2001-05-10 09:50:00.0,Abertura
1.46555,1.47369,2001-05-10 10:00:00.0,Intermediário
1.46544,1.47358,2001-05-10 10:30:00.0,Intermediário
1.46819,1.47633,2001-05-10 11:00:00.0,Intermediário
1.46838,1.47652,2001-05-10 11:30:00.0,Intermediário
1.46903,1.47717,2001-05-10 12:00:00.0,Intermediário
1.47478,1.48296,2001-05-10 12:30:00.0,Intermediário
1.47581,1.48465,2001-05-10 13:00:00.0,Intermediário
1.47773,1.48657,2001-05-10 13:30:00.0,Intermediário
1.47619,1.48503,2001-05-10 14:00:00.0,Intermediário
1.47505,1.48387,2001-05-10 14:30:00.0,Intermediário
1.466,1.47412,2001-05-10 15:00:00.0,Intermediário
1.46514,1.47327,2001-05-10 15:30:00.0,Intermediário
1.46312,1.47125,2001-05-10 16:00:00.0,Intermediário
1.46129,1.46875,2001-05-10 16:30:00.0,Intermediário
1.46027,1.46837,2001-05-10 17:00:00.0,Fechamento Interbancário
1.46787,1.47081,2001-05-10 18:22:00.0,Fechamento
1.45593,1.46919,2001-05-11 09:45:00.0,Abertura
1.4624,1.47115,2001-05-11 10:00:00.0,Intermediário
1.47532,1.48349,2001-05-11 10:30:00.0,Intermediário
1.47222,1.48037,2001-05-11 11:00:00.0,Intermediário
1.47392,1.48207,2001-05-11 11:30:00.0,Intermediário
1.47186,1.48001,2001-05-11 12:00:00.0,Intermediário
1.4696,1.4771,2001-05-11 12:30:00.0,Intermediário
1.47004,1.47818,2001-05-11 13:00:00.0,Intermediário
1.46977,1.47791,2001-05-11 13:30:00.0,Intermediário
1.46996,1.4781,2001-05-11 14:00:00.0,Intermediário
1.46968,1.47782,2001-05-11 14:30:00.0,Intermediário
1.47648,1.48464,2001-05-11 15:00:00.0,Intermediário
1.47536,1.48352,2001-05-11 15:30:00.0,Intermediário
1.46894,1.47707,2001-05-11 16:00:00.0,Intermediário
1.46921,1.47734,2001-05-11 16:30:00.0,Intermediário
1.46996,1.4781,2001-05-11 17:00:00.0,Fechamento Interbancário
1.47216,1.47511,2001-05-11 18:23:00.0,Fechamento
1.46992,1.48321,2001-05-14 09:47:00.0,Abertura
1.47286,1.48101,2001-05-14 10:00:00.0,Intermediário
1.48069,1.48888,2001-05-14 10:30:00.0,Intermediário
1.48261,1.49081,2001-05-14 11:00:00.0,Intermediário
1.48085,1.48904,2001-05-14 11:36:00.0,Intermediário
1.48176,1.48995,2001-05-14 12:06:00.0,Intermediário
1.48254,1.49074,2001-05-14 12:30:00.0,Intermediário
1.48093,1.48911,2001-05-14 13:00:00.0,Intermediário
1.4814,1.48959,2001-05-14 13:30:00.0,Intermediário
1.48302,1.49122,2001-05-14 14:00:00.0,Intermediário
1.48264,1.49083,2001-05-14 14:30:00.0,Intermediário
1.48029,1.48847,2001-05-14 15:00:00.0,Intermediário
1.48396,1.49151,2001-05-14 15:30:00.0,Intermediário
1.48434,1.49254,2001-05-14 16:00:00.0,Intermediário
1.48727,1.49548,2001-05-14 16:30:00.0,Intermediário
1.48803,1.49561,2001-05-14 17:00:00.0,Fechamento Interbancário
1.48231,1.48526,2001-05-14 18:14:00.0,Fechamento
1.49094,1.50433,2001-05-15 09:46:00.0,Abertura
1.49954,1.50781,2001-05-15 10:00:00.0,Intermediário
1.50277,1.51106,2001-05-15 10:30:00.0,Intermediário
1.50348,1.51178,2001-05-15 11:00:00.0,Intermediário
1.50203,1.51033,2001-05-15 11:30:00.0,Intermediário
1.50351,1.51182,2001-05-15 12:00:00.0,Intermediário
1.50209,1.51039,2001-05-15 12:30:00.0,Intermediário
1.50319,1.51149,2001-05-15 13:00:00.0,Intermediário
1.50261,1.5109,2001-05-15 13:30:00.0,Intermediário
1.5029,1.51119,2001-05-15 14:00:00.0,Intermediário
1.50377,1.51207,2001-05-15 14:30:00.0,Intermediário
1.5059,1.51421,2001-05-15 15:00:00.0,Intermediário
1.50861,1.51693,2001-05-15 15:30:00.0,Intermediário
1.50775,1.51606,2001-05-15 16:00:00.0,Intermediário
1.5081,1.51642,2001-05-15 16:30:00.0,Intermediário
1.50969,1.51801,2001-05-15 17:00:00.0,Fechamento Interbancário
1.51011,1.51311,2001-05-15 19:38:00.0,Fechamento
1.50069,1.51416,2001-05-16 09:54:00.0,Abertura
1.50049,1.50879,2001-05-16 10:00:00.0,Intermediário
1.4959,1.50353,2001-05-16 10:30:00.0,Intermediário
1.49681,1.50574,2001-05-16 11:00:00.0,Intermediário
1.5005,1.50814,2001-05-16 11:30:00.0,Intermediário
1.50167,1.50997,2001-05-16 12:00:00.0,Intermediário
1.50361,1.51192,2001-05-16 12:30:00.0,Intermediário
1.50504,1.51336,2001-05-16 13:00:00.0,Intermediário
1.50494,1.51326,2001-05-16 13:30:00.0,Intermediário
1.50485,1.51316,2001-05-16 14:00:00.0,Intermediário
1.50416,1.51247,2001-05-16 14:30:00.0,Intermediário
1.50591,1.51423,2001-05-16 15:00:00.0,Intermediário
1.504,1.51231,2001-05-16 15:30:00.0,Intermediário
1.50164,1.50994,2001-05-16 16:00:00.0,Intermediário
1.50138,1.50968,2001-05-16 16:30:00.0,Intermediário
1.50265,1.51095,2001-05-16 17:00:00.0,Fechamento Interbancário
1.50606,1.50907,2001-05-16 18:10:00.0,Fechamento
1.50003,1.51354,2001-05-17 09:41:00.0,Abertura
1.50715,1.51548,2001-05-17 10:00:00.0,Intermediário
1.50474,1.51306,2001-05-17 10:30:00.0,Intermediário
1.50117,1.50947,2001-05-17 11:00:00.0,Intermediário
1.49899,1.50729,2001-05-17 11:30:00.0,Intermediário
1.49626,1.50454,2001-05-17 12:00:00.0,Intermediário
1.49019,1.49844,2001-05-17 12:30:00.0,Intermediário
1.49707,1.5047,2001-05-17 13:00:00.0,Intermediário
1.49727,1.5049,2001-05-17 13:30:00.0,Intermediário
1.49766,1.50529,2001-05-17 14:00:00.0,Intermediário
1.49756,1.50519,2001-05-17 14:30:00.0,Intermediário
1.49974,1.50738,2001-05-17 15:00:00.0,Intermediário
1.4987,1.50699,2001-05-17 15:30:00.0,Intermediário
1.49759,1.50588,2001-05-17 16:00:00.0,Intermediário
1.49655,1.50483,2001-05-17 16:30:00.0,Intermediário
1.49684,1.50513,2001-05-17 17:00:00.0,Fechamento Interbancário
1.49691,1.49991,2001-05-17 18:14:00.0,Fechamento
1.49206,1.50556,2001-05-18 09:43:00.0,Abertura
1.4905,1.49876,2001-05-18 10:00:00.0,Intermediário
1.48972,1.49798,2001-05-18 10:49:00.0,Intermediário
1.49134,1.49961,2001-05-18 11:00:00.0,Intermediário
1.49411,1.50239,2001-05-18 11:30:00.0,Intermediário
1.49317,1.50079,2001-05-18 12:00:00.0,Intermediário
1.49385,1.50147,2001-05-18 12:30:00.0,Intermediário
1.49433,1.50196,2001-05-18 13:00:00.0,Intermediário
1.49356,1.50118,2001-05-18 13:30:00.0,Intermediário
1.49307,1.50069,2001-05-18 14:00:00.0,Intermediário
1.49395,1.50157,2001-05-18 14:30:00.0,Intermediário
1.49612,1.50441,2001-05-18 15:00:00.0,Intermediário
1.49597,1.50425,2001-05-18 15:30:00.0,Intermediário
1.49382,1.50209,2001-05-18 16:00:00.0,Intermediário
1.49795,1.50625,2001-05-18 16:30:00.0,Intermediário
1.49814,1.50643,2001-05-18 17:00:00.0,Fechamento Interbancário
1.49423,1.49723,2001-05-18 18:18:00.0,Fechamento
1.50805,1.52161,2001-05-21 09:44:00.0,Abertura
1.51378,1.52215,2001-05-21 10:00:00.0,Intermediário
1.51453,1.5229,2001-05-21 10:30:00.0,Intermediário
1.51757,1.52596,2001-05-21 11:00:00.0,Intermediário
1.5166,1.52498,2001-05-21 11:30:00.0,Intermediário
1.51416,1.52318,2001-05-21 12:00:00.0,Intermediário
1.5149,1.52262,2001-05-21 12:30:00.0,Intermediário
1.5135,1.52187,2001-05-21 13:00:00.0,Intermediário
1.51222,1.52059,2001-05-21 13:30:00.0,Intermediário
1.51124,1.51959,2001-05-21 14:00:00.0,Intermediário
1.51262,1.52098,2001-05-21 14:30:00.0,Intermediário
1.51252,1.52089,2001-05-21 15:00:00.0,Intermediário
1.50857,1.5169,2001-05-21 15:30:00.0,Intermediário
1.50842,1.51676,2001-05-21 16:00:00.0,Intermediário
1.50498,1.51265,2001-05-21 16:30:00.0,Intermediário
1.50544,1.51376,2001-05-21 17:00:00.0,Fechamento Interbancário
1.51126,1.51428,2001-05-21 20:12:00.0,Fechamento
1.49234,1.5058,2001-05-22 09:48:00.0,Abertura
1.49005,1.49829,2001-05-22 10:00:00.0,Intermediário
1.48439,1.49261,2001-05-22 10:30:00.0,Intermediário
1.48685,1.49509,2001-05-22 11:00:00.0,Intermediário
1.48786,1.49544,2001-05-22 11:30:00.0,Intermediário
1.48633,1.49455,2001-05-22 12:00:00.0,Intermediário
1.48821,1.49644,2001-05-22 12:30:00.0,Intermediário
1.49059,1.49819,2001-05-22 13:00:00.0,Intermediário
1.48982,1.49741,2001-05-22 13:30:00.0,Intermediário
1.48992,1.49751,2001-05-22 14:00:00.0,Intermediário
1.48982,1.49741,2001-05-22 14:30:00.0,Intermediário
1.49584,1.50411,2001-05-22 15:00:00.0,Intermediário
1.49306,1.50131,2001-05-22 15:30:00.0,Intermediário
1.50271,1.51101,2001-05-22 16:00:00.0,Intermediário
1.504,1.51231,2001-05-22 16:30:00.0,Intermediário
1.504,1.51231,2001-05-22 17:00:00.0,Fechamento Interbancário
1.49452,1.4975,2001-05-22 18:17:00.0,Fechamento
1.50232,1.51579,2001-05-23 09:42:00.0,Abertura
1.50978,1.5194,2001-05-23 10:00:00.0,Intermediário
1.50698,1.5153,2001-05-23 10:30:00.0,Intermediário
1.50966,1.51734,2001-05-23 11:00:00.0,Intermediário
1.51428,1.52263,2001-05-23 11:30:00.0,Intermediário
1.51017,1.5185,2001-05-23 12:00:00.0,Intermediário
1.51348,1.52118,2001-05-23 12:30:00.0,Intermediário
1.51334,1.52169,2001-05-23 13:00:00.0,Intermediário
1.51276,1.5211,2001-05-23 13:30:00.0,Intermediário
1.51167,1.52001,2001-05-23 14:00:00.0,Intermediário
1.50982,1.51815,2001-05-23 14:30:00.0,Intermediário
1.50696,1.51527,2001-05-23 15:00:00.0,Intermediário
1.50864,1.51695,2001-05-23 15:30:00.0,Intermediário
1.5078,1.51611,2001-05-23 16:00:00.0,Intermediário
1.50833,1.51664,2001-05-23 16:30:00.0,Intermediário
1.50823,1.51654,2001-05-23 17:00:00.0,Fechamento Interbancário
1.508,1.51101,2001-05-23 18:10:00.0,Fechamento
1.50055,1.514,2001-05-24 09:42:00.0,Abertura
1.50315,1.5108,2001-05-24 10:00:00.0,Intermediário
1.5059,1.51421,2001-05-24 10:30:00.0,Intermediário
1.51005,1.51838,2001-05-24 11:00:00.0,Intermediário
1.51873,1.52774,2001-05-24 11:30:00.0,Intermediário
1.51714,1.5255,2001-05-24 12:00:00.0,Intermediário
1.51793,1.52629,2001-05-24 12:30:00.0,Intermediário
1.51718,1.52555,2001-05-24 13:00:00.0,Intermediário
1.51679,1.52515,2001-05-24 13:30:00.0,Intermediário
1.51718,1.52555,2001-05-24 14:00:00.0,Intermediário
1.51866,1.52703,2001-05-24 14:30:00.0,Intermediário
1.52308,1.53341,2001-05-24 15:00:00.0,Intermediário
1.51976,1.52878,2001-05-24 15:30:00.0,Intermediário
1.51699,1.52535,2001-05-24 16:00:00.0,Intermediário
1.51203,1.52231,2001-05-24 16:30:00.0,Intermediário
1.51212,1.52241,2001-05-24 17:00:00.0,Fechamento Interbancário
1.51584,1.51885,2001-05-24 18:20:00.0,Fechamento
1.52743,1.54104,2001-05-25 09:51:00.0,Abertura
1.52792,1.53634,2001-05-25 10:00:00.0,Intermediário
1.52658,1.53499,2001-05-25 10:30:00.0,Intermediário
1.53196,1.54039,2001-05-25 11:00:00.0,Intermediário
1.53023,1.53865,2001-05-25 11:30:00.0,Intermediário
1.52988,1.5383,2001-05-25 12:00:00.0,Intermediário
1.50966,1.51799,2001-05-25 12:30:00.0,Intermediário
1.51037,1.5187,2001-05-25 13:00:00.0,Intermediário
1.50491,1.51386,2001-05-25 13:30:00.0,Intermediário
1.50139,1.51033,2001-05-25 14:00:00.0,Intermediário
1.5038,1.5121,2001-05-25 14:30:00.0,Intermediário
1.50736,1.51567,2001-05-25 15:00:00.0,Intermediário
1.49165,1.50119,2001-05-25 15:30:00.0,Intermediário
1.49995,1.50952,2001-05-25 16:00:00.0,Intermediário
1.49475,1.50365,2001-05-25 16:30:00.0,Intermediário
1.49297,1.50317,2001-05-25 17:00:00.0,Fechamento Interbancário
1.51192,1.51492,2001-05-25 18:19:00.0,Fechamento
1.4961,1.50956,2001-05-28 09:57:00.0,Abertura
1.49901,1.50924,2001-05-28 10:00:00.0,Intermediário
1.49627,1.50453,2001-05-28 10:30:00.0,Intermediário
1.49946,1.50775,2001-05-28 11:00:00.0,Intermediário
1.50153,1.50982,2001-05-28 11:30:00.0,Intermediário
1.5023,1.5106,2001-05-28 12:00:00.0,Intermediário
1.50201,1.51031,2001-05-28 12:30:00.0,Intermediário
1.50162,1.50927,2001-05-28 13:00:00.0,Intermediário
1.5025,1.51015,2001-05-28 13:30:00.0,Intermediário
1.5023,1.50995,2001-05-28 14:00:00.0,Intermediário
1.5023,1.50995,2001-05-28 14:30:00.0,Intermediário
1.50592,1.51424,2001-05-28 15:00:00.0,Intermediário
1.50602,1.51434,2001-05-28 15:30:00.0,Intermediário
1.50553,1.51384,2001-05-28 16:00:00.0,Intermediário
1.50637,1.51469,2001-05-28 16:30:00.0,Intermediário
1.50657,1.51489,2001-05-28 17:00:00.0,Fechamento Interbancário
1.50397,1.50697,2001-05-28 18:34:00.0,Fechamento
1.5156,1.52918,2001-05-29 09:47:00.0,Abertura
1.52445,1.53286,2001-05-29 10:00:00.0,Intermediário
1.51953,1.52792,2001-05-29 10:30:00.0,Intermediário
1.51662,1.52499,2001-05-29 11:00:00.0,Intermediário
1.51185,1.52019,2001-05-29 11:30:00.0,Intermediário
1.51293,1.52128,2001-05-29 12:00:00.0,Intermediário
1.51129,1.51963,2001-05-29 12:30:00.0,Intermediário
1.51562,1.52334,2001-05-29 13:00:00.0,Intermediário
1.51631,1.52403,2001-05-29 13:30:00.0,Intermediário
1.51562,1.52334,2001-05-29 14:00:00.0,Intermediário
1.51494,1.52265,2001-05-29 14:30:00.0,Intermediário
1.51906,1.5268,2001-05-29 15:00:00.0,Intermediário
1.51822,1.5266,2001-05-29 15:30:00.0,Intermediário
1.51952,1.5279,2001-05-29 16:00:00.0,Intermediário
1.52097,1.53067,2001-05-29 16:30:00.0,Intermediário
1.52152,1.52992,2001-05-29 17:00:00.0,Fechamento Interbancário
1.51982,1.52285,2001-05-29 18:27:00.0,Fechamento
1.52332,1.53694,2001-05-30 09:53:00.0,Abertura
1.52676,1.53518,2001-05-30 10:00:00.0,Intermediário
1.52384,1.53224,2001-05-30 10:41:00.0,Intermediário
1.52529,1.53304,2001-05-30 10:44:00.0,Intermediário
1.52455,1.53296,2001-05-30 11:00:00.0,Intermediário
1.52708,1.53549,2001-05-30 11:30:00.0,Intermediário
1.52708,1.53549,2001-05-30 12:00:00.0,Intermediário
1.52213,1.53052,2001-05-30 12:30:00.0,Intermediário
1.52105,1.52942,2001-05-30 13:00:00.0,Intermediário
1.52213,1.53052,2001-05-30 13:30:00.0,Intermediário
1.52183,1.53022,2001-05-30 14:00:00.0,Intermediário
1.52056,1.52893,2001-05-30 14:30:00.0,Intermediário
1.52521,1.53361,2001-05-30 15:00:00.0,Intermediário
1.52541,1.53381,2001-05-30 15:30:00.0,Intermediário
1.51767,1.52603,2001-05-30 16:00:00.0,Intermediário
1.51121,1.5189,2001-05-30 16:30:00.0,Intermediário
1.51076,1.51844,2001-05-30 17:00:00.0,Fechamento Interbancário
1.52617,1.5292,2001-05-30 18:17:00.0,Fechamento
1.50861,1.52211,2001-05-31 09:57:00.0,Abertura
1.51282,1.52245,2001-05-31 10:00:00.0,Intermediário
1.51758,1.52529,2001-05-31 10:30:00.0,Intermediário
1.51793,1.52629,2001-05-31 11:00:00.0,Intermediário
1.52086,1.52923,2001-05-31 11:30:00.0,Intermediário
1.5221,1.53048,2001-05-31 12:00:00.0,Intermediário
1.52516,1.53291,2001-05-31 12:30:00.0,Intermediário
1.52248,1.53087,2001-05-31 13:00:00.0,Intermediário
1.5211,1.52948,2001-05-31 13:30:00.0,Intermediário
1.52091,1.52928,2001-05-31 14:00:00.0,Intermediário
1.52277,1.53117,2001-05-31 14:30:00.0,Intermediário
1.52901,1.53744,2001-05-31 15:00:00.0,Intermediário
1.53404,1.5425,2001-05-31 15:30:00.0,Intermediário
1.53449,1.54425,2001-05-31 16:00:00.0,Intermediário
1.53768,1.54811,2001-05-31 16:30:00.0,Intermediário
1.53708,1.54751,2001-05-31 17:00:00.0,Fechamento Interbancário
1.53178,1.53483,2001-05-31 18:17:00.0,Fechamento
1.54649,1.56023,2001-06-01 09:34:00.0,Abertura
1.54948,1.55802,2001-06-01 10:00:00.0,Intermediário
1.55529,1.56385,2001-06-01 10:30:00.0,Intermediário
1.55401,1.56257,2001-06-01 11:00:00.0,Intermediário
1.55602,1.56458,2001-06-01 11:30:00.0,Intermediário
1.55594,1.56516,2001-06-01 12:00:00.0,Intermediário
1.55258,1.56113,2001-06-01 12:30:00.0,Intermediário
1.55372,1.56162,2001-06-01 13:00:00.0,Intermediário
1.55291,1.5608,2001-06-01 13:30:00.0,Intermediário
1.54898,1.55684,2001-06-01 14:00:00.0,Intermediário
1.54988,1.55776,2001-06-01 14:30:00.0,Intermediário
1.54739,1.55592,2001-06-01 15:00:00.0,Intermediário
1.5476,1.55613,2001-06-01 15:30:00.0,Intermediário
1.54405,1.55322,2001-06-01 16:00:00.0,Intermediário
1.5475,1.55865,2001-06-01 16:30:00.0,Intermediário
1.54489,1.556,2001-06-01 17:00:00.0,Fechamento Interbancário
1.55013,1.55322,2001-06-01 18:20:00.0,Fechamento
1.5367,1.55041,2001-06-04 09:47:00.0,Abertura
1.53584,1.54497,2001-06-04 10:00:00.0,Intermediário
1.5376,1.54607,2001-06-04 10:30:00.0,Intermediário
1.5357,1.54416,2001-06-04 11:00:00.0,Intermediário
1.53659,1.54506,2001-06-04 11:30:00.0,Intermediário
1.53684,1.54531,2001-06-04 12:00:00.0,Intermediário
1.53549,1.54396,2001-06-04 12:30:00.0,Intermediário
1.53354,1.54135,2001-06-04 13:00:00.0,Intermediário
1.53324,1.54104,2001-06-04 13:30:00.0,Intermediário
1.53344,1.54124,2001-06-04 14:00:00.0,Intermediário
1.53274,1.54054,2001-06-04 14:30:00.0,Intermediário
1.53519,1.543,2001-06-04 15:00:00.0,Intermediário
1.53864,1.54646,2001-06-04 15:30:00.0,Intermediário
1.54559,1.55409,2001-06-04 16:00:00.0,Intermediário
1.54633,1.55419,2001-06-04 16:30:00.0,Fechamento Interbancário
1.53606,1.53912,2001-06-04 17:23:00.0,Fechamento
1.53908,1.55277,2001-06-05 09:44:00.0,Abertura
1.54727,1.55644,2001-06-05 10:00:00.0,Intermediário
1.55212,1.56066,2001-06-05 10:30:00.0,Intermediário
1.55245,1.561,2001-06-05 11:00:00.0,Intermediário
1.5527,1.56059,2001-06-05 11:30:00.0,Intermediário
1.5519,1.56045,2001-06-05 12:00:00.0,Intermediário
1.553,1.56155,2001-06-05 12:30:00.0,Intermediário
1.55421,1.56277,2001-06-05 13:00:00.0,Intermediário
1.5566,1.56516,2001-06-05 13:30:00.0,Intermediário
1.5571,1.56567,2001-06-05 14:00:00.0,Intermediário
1.55771,1.56629,2001-06-05 14:30:00.0,Intermediário
1.5569,1.56612,2001-06-05 15:00:00.0,Intermediário
1.55665,1.56457,2001-06-05 15:30:00.0,Intermediário
1.55665,1.56522,2001-06-05 16:00:00.0,Intermediário
1.55665,1.56522,2001-06-05 16:30:00.0,Fechamento Interbancário
1.55923,1.56235,2001-06-05 17:42:00.0,Fechamento
1.54167,1.55542,2001-06-06 09:40:00.0,Abertura
1.5493,1.55785,2001-06-06 10:00:00.0,Intermediário
1.5513,1.5592,2001-06-06 10:30:00.0,Intermediário
1.5553,1.56321,2001-06-06 11:00:00.0,Intermediário
1.5542,1.56276,2001-06-06 11:30:00.0,Intermediário
1.5553,1.56321,2001-06-06 12:00:00.0,Intermediário
1.55699,1.56557,2001-06-06 12:30:00.0,Intermediário
1.55744,1.56602,2001-06-06 13:00:00.0,Intermediário
1.55677,1.56469,2001-06-06 13:30:00.0,Intermediário
1.55667,1.56458,2001-06-06 14:00:00.0,Intermediário
1.55667,1.56458,2001-06-06 14:30:00.0,Intermediário
1.56392,1.57253,2001-06-06 15:00:00.0,Intermediário
1.56241,1.57101,2001-06-06 15:30:00.0,Intermediário
1.56024,1.56949,2001-06-06 16:00:00.0,Intermediário
1.56065,1.56925,2001-06-06 16:30:00.0,Fechamento Interbancário
1.55971,1.56281,2001-06-06 17:40:00.0,Fechamento
1.56607,1.57996,2001-06-07 09:37:00.0,Abertura
1.57107,1.57972,2001-06-07 10:00:00.0,Intermediário
1.57013,1.57878,2001-06-07 10:30:00.0,Intermediário
1.56951,1.57816,2001-06-07 11:00:00.0,Intermediário
1.56709,1.57507,2001-06-07 11:30:00.0,Intermediário
1.56631,1.57427,2001-06-07 12:00:00.0,Intermediário
1.56751,1.57614,2001-06-07 12:30:00.0,Intermediário
1.56607,1.57469,2001-06-07 13:00:00.0,Intermediário
1.56503,1.57365,2001-06-07 13:30:00.0,Intermediário
1.56617,1.57479,2001-06-07 14:00:00.0,Intermediário
1.56339,1.57201,2001-06-07 14:30:00.0,Intermediário
1.56028,1.56889,2001-06-07 15:00:00.0,Intermediário
1.5558,1.56437,2001-06-07 15:30:00.0,Intermediário
1.54854,1.55709,2001-06-07 16:00:00.0,Intermediário
1.54982,1.55836,2001-06-07 16:30:00.0,Fechamento Interbancário
1.56675,1.56988,2001-06-07 17:27:00.0,Fechamento
1.54483,1.55863,2001-06-08 09:43:00.0,Abertura
1.54655,1.55508,2001-06-08 10:00:00.0,Intermediário
1.54488,1.55341,2001-06-08 10:30:00.0,Intermediário
1.54888,1.55677,2001-06-08 11:00:00.0,Intermediário
1.54968,1.55823,2001-06-08 11:30:00.0,Intermediário
1.55098,1.55954,2001-06-08 12:00:00.0,Intermediário
1.5525,1.56106,2001-06-08 12:30:00.0,Intermediário
1.55602,1.5646,2001-06-08 13:00:00.0,Intermediário
1.55654,1.56512,2001-06-08 13:30:00.0,Intermediário
1.55562,1.56419,2001-06-08 14:00:00.0,Intermediário
1.5552,1.56378,2001-06-08 14:30:00.0,Intermediário
1.5472,1.55573,2001-06-08 15:00:00.0,Intermediário
1.54942,1.55863,2001-06-08 15:30:00.0,Intermediário
1.54781,1.55636,2001-06-08 16:00:00.0,Intermediário
1.54716,1.5557,2001-06-08 16:30:00.0,Fechamento Interbancário
1.55156,1.55466,2001-06-08 17:26:00.0,Fechamento
1.55014,1.56398,2001-06-11 09:56:00.0,Abertura
1.55186,1.56044,2001-06-11 10:00:00.0,Intermediário
1.55712,1.56572,2001-06-11 10:30:00.0,Intermediário
1.55651,1.56576,2001-06-11 11:00:00.0,Intermediário
1.5586,1.5672,2001-06-11 11:30:00.0,Intermediário
1.56143,1.56938,2001-06-11 12:00:00.0,Intermediário
1.56295,1.57091,2001-06-11 12:30:00.0,Intermediário
1.56222,1.57084,2001-06-11 13:00:00.0,Intermediário
1.56288,1.57084,2001-06-11 13:30:00.0,Intermediário
1.56195,1.5699,2001-06-11 14:00:00.0,Intermediário
1.56195,1.5699,2001-06-11 14:30:00.0,Intermediário
1.56206,1.57067,2001-06-11 15:00:00.0,Intermediário
1.56077,1.5707,2001-06-11 15:30:00.0,Intermediário
1.5632,1.57182,2001-06-11 16:00:00.0,Intermediário
1.56375,1.57171,2001-06-11 16:30:00.0,Fechamento Interbancário
1.55956,1.56267,2001-06-11 17:28:00.0,Fechamento
1.55793,1.57177,2001-06-12 09:48:00.0,Abertura
1.56171,1.56966,2001-06-12 10:00:00.0,Intermediário
1.56372,1.57233,2001-06-12 10:30:00.0,Intermediário
1.56192,1.57052,2001-06-12 11:00:00.0,Intermediário
1.56274,1.57135,2001-06-12 11:36:00.0,Intermediário
1.56415,1.57211,2001-06-12 12:00:00.0,Intermediário
1.56278,1.57139,2001-06-12 12:30:00.0,Intermediário
1.56202,1.56997,2001-06-12 13:00:00.0,Intermediário
1.56049,1.56908,2001-06-12 13:30:00.0,Intermediário
1.56008,1.56867,2001-06-12 14:00:00.0,Intermediário
1.55988,1.56846,2001-06-12 14:30:00.0,Intermediário
1.55902,1.5676,2001-06-12 15:00:00.0,Intermediário
1.56506,1.57368,2001-06-12 15:30:00.0,Intermediário
1.57226,1.5809,2001-06-12 16:00:00.0,Intermediário
1.57294,1.58159,2001-06-12 16:30:00.0,Fechamento Interbancário
1.56507,1.56818,2001-06-12 17:39:00.0,Fechamento
1.57355,1.58748,2001-06-13 09:52:00.0,Abertura
1.57486,1.58419,2001-06-13 10:00:00.0,Intermediário
1.57732,1.58599,2001-06-13 10:41:00.0,Intermediário
1.5823,1.59101,2001-06-13 11:00:00.0,Intermediário
1.58395,1.59268,2001-06-13 11:40:00.0,Intermediário
1.58408,1.59279,2001-06-13 12:11:00.0,Intermediário
1.58268,1.59139,2001-06-13 12:39:00.0,Intermediário
1.58222,1.59094,2001-06-13 13:06:00.0,Intermediário
1.58212,1.59083,2001-06-13 13:47:00.0,Intermediário
1.58295,1.59167,2001-06-13 14:09:00.0,Intermediário
1.58378,1.5925,2001-06-13 14:30:00.0,Intermediário
1.57828,1.58764,2001-06-13 15:00:00.0,Intermediário
1.58089,1.59025,2001-06-13 15:30:00.0,Intermediário
1.5901,1.59884,2001-06-13 16:00:00.0,Intermediário
1.59154,1.6003,2001-06-13 16:30:00.0,Fechamento Interbancário
1.58537,1.58853,2001-06-13 17:31:00.0,Fechamento
1.58672,1.60068,2001-06-15 09:41:00.0,Abertura
1.57355,1.58682,2001-06-15 10:00:00.0,Intermediário
1.57293,1.58159,2001-06-15 10:30:00.0,Intermediário
1.5708,1.58011,2001-06-15 11:00:00.0,Intermediário
1.58214,1.59084,2001-06-15 11:30:00.0,Intermediário
1.578,1.58669,2001-06-15 12:02:00.0,Intermediário
1.57289,1.58221,2001-06-15 12:30:00.0,Intermediário
1.57507,1.58374,2001-06-15 13:00:00.0,Intermediário
1.57632,1.58499,2001-06-15 13:30:00.0,Intermediário
1.5757,1.58436,2001-06-15 14:00:00.0,Intermediário
1.57528,1.58395,2001-06-15 14:30:00.0,Intermediário
1.57662,1.5853,2001-06-15 15:00:00.0,Intermediário
1.58212,1.59016,2001-06-15 15:30:00.0,Intermediário
1.57865,1.58734,2001-06-15 16:00:00.0,Intermediário
1.57759,1.58627,2001-06-15 16:30:00.0,Fechamento Interbancário
1.57692,1.58005,2001-06-15 17:29:00.0,Fechamento
1.60315,1.61719,2001-06-18 09:48:00.0,Abertura
1.59879,1.60887,2001-06-18 10:04:00.0,Intermediário
1.60112,1.60991,2001-06-18 10:30:00.0,Intermediário
1.60112,1.60991,2001-06-18 10:30:00.0,Intermediário
1.60608,1.61554,2001-06-18 11:00:00.0,Intermediário
1.60639,1.61586,2001-06-18 11:00:00.0,Intermediário
1.60416,1.61295,2001-06-18 11:30:00.0,Intermediário
1.60416,1.61295,2001-06-18 11:30:00.0,Intermediário
1.60296,1.61174,2001-06-18 12:03:00.0,Intermediário
1.60538,1.61548,2001-06-18 12:36:00.0,Intermediário
1.60438,1.61317,2001-06-18 13:01:00.0,Intermediário
1.60333,1.61211,2001-06-18 13:33:00.0,Intermediário
1.60344,1.61222,2001-06-18 14:04:00.0,Intermediário
1.60448,1.61327,2001-06-18 14:30:00.0,Intermediário
1.59863,1.61066,2001-06-18 15:00:00.0,Intermediário
1.59616,1.60817,2001-06-18 15:30:00.0,Intermediário
1.59246,1.60316,2001-06-18 16:00:00.0,Intermediário
1.59384,1.60258,2001-06-18 16:30:00.0,Fechamento Interbancário
1.59891,1.60208,2001-06-18 17:42:00.0,Fechamento
1.59761,1.61161,2001-06-19 09:57:00.0,Abertura
1.60213,1.61286,2001-06-19 10:00:00.0,Intermediário
1.60737,1.61618,2001-06-19 10:30:00.0,Intermediário
1.61068,1.61949,2001-06-19 11:00:00.0,Intermediário
1.6079,1.61735,2001-06-19 11:30:00.0,Intermediário
1.60519,1.61398,2001-06-19 12:00:00.0,Intermediário
1.60487,1.61366,2001-06-19 12:30:00.0,Intermediário
1.60737,1.61553,2001-06-19 13:00:00.0,Intermediário
1.6056,1.61374,2001-06-19 13:30:00.0,Intermediário
1.60497,1.6131,2001-06-19 14:00:00.0,Intermediário
1.60591,1.61405,2001-06-19 14:30:00.0,Intermediário
1.60102,1.60979,2001-06-19 15:00:00.0,Intermediário
1.60523,1.61403,2001-06-19 15:30:00.0,Intermediário
1.61262,1.62145,2001-06-19 16:00:00.0,Intermediário
1.60822,1.61833,2001-06-19 16:30:00.0,Fechamento Interbancário
1.60491,1.60809,2001-06-19 17:31:00.0,Fechamento
1.60665,1.62066,2001-06-20 09:44:00.0,Abertura
1.60814,1.61824,2001-06-20 10:00:00.0,Intermediário
1.60344,1.61222,2001-06-20 10:30:00.0,Intermediário
1.60591,1.6147,2001-06-20 11:00:00.0,Intermediário
1.61015,1.61896,2001-06-20 11:30:00.0,Intermediário
1.6149,1.62374,2001-06-20 12:00:00.0,Intermediário
1.61185,1.62068,2001-06-20 12:30:00.0,Intermediário
1.61326,1.62209,2001-06-20 13:00:00.0,Intermediário
1.61221,1.62103,2001-06-20 13:30:00.0,Intermediário
1.61115,1.61997,2001-06-20 14:00:00.0,Intermediário
1.60989,1.61871,2001-06-20 14:32:00.0,Intermediário
1.61101,1.61982,2001-06-20 15:00:00.0,Intermediário
1.60861,1.61808,2001-06-20 15:30:00.0,Intermediário
1.60235,1.61112,2001-06-20 16:00:00.0,Intermediário
1.6032,1.61199,2001-06-20 16:32:00.0,Fechamento Interbancário
1.61071,1.6139,2001-06-20 17:41:00.0,Fechamento
1.59822,1.61223,2001-06-21 09:44:00.0,Abertura
1.58538,1.59409,2001-06-21 10:00:00.0,Intermediário
1.58609,1.59545,2001-06-21 10:30:00.0,Intermediário
1.5791,1.58844,2001-06-21 11:00:00.0,Intermediário
1.57122,1.57986,2001-06-21 11:30:00.0,Intermediário
1.57914,1.58913,2001-06-21 12:00:00.0,Intermediário
1.55538,1.56526,2001-06-21 12:30:00.0,Intermediário
1.55877,1.56801,2001-06-21 13:00:00.0,Intermediário
1.55837,1.56891,2001-06-21 13:30:00.0,Intermediário
1.55928,1.56984,2001-06-21 14:00:00.0,Intermediário
1.55825,1.56881,2001-06-21 14:30:00.0,Intermediário
1.55224,1.56604,2001-06-21 15:00:00.0,Intermediário
1.5514,1.56325,2001-06-21 15:30:00.0,Intermediário
1.55754,1.56547,2001-06-21 16:00:00.0,Intermediário
1.55734,1.56526,2001-06-21 16:30:00.0,Fechamento Interbancário
1.576,1.57913,2001-06-21 17:30:00.0,Fechamento
1.53508,1.54881,2001-06-22 09:49:00.0,Abertura
1.52222,1.53129,2001-06-22 10:00:00.0,Intermediário
1.52263,1.53038,2001-06-22 10:30:00.0,Intermediário
1.52251,1.53093,2001-06-22 11:00:00.0,Intermediário
1.52418,1.53195,2001-06-22 11:30:00.0,Intermediário
1.52182,1.53023,2001-06-22 12:00:00.0,Intermediário
1.518,1.5264,2001-06-22 12:30:00.0,Intermediário
1.50992,1.51827,2001-06-22 13:00:00.0,Intermediário
1.51546,1.52319,2001-06-22 13:30:00.0,Intermediário
1.51506,1.52279,2001-06-22 14:00:00.0,Intermediário
1.51506,1.52279,2001-06-22 14:30:00.0,Intermediário
1.51702,1.52608,2001-06-22 15:00:00.0,Intermediário
1.51964,1.52805,2001-06-22 15:30:00.0,Intermediário
1.51316,1.52153,2001-06-22 16:00:00.0,Intermediário
1.51183,1.52218,2001-06-22 16:30:00.0,Fechamento Interbancário
1.52672,1.52977,2001-06-22 17:33:00.0,Fechamento
1.49274,1.50629,2001-06-25 09:52:00.0,Abertura
1.49596,1.50425,2001-06-25 10:00:00.0,Intermediário
1.50311,1.51144,2001-06-25 10:30:00.0,Intermediário
1.50718,1.51553,2001-06-25 11:00:00.0,Intermediário
1.51336,1.52109,2001-06-25 11:31:00.0,Intermediário
1.51605,1.52379,2001-06-25 12:00:00.0,Intermediário
1.5178,1.52621,2001-06-25 12:30:00.0,Intermediário
1.5175,1.52591,2001-06-25 13:00:00.0,Intermediário
1.52056,1.52898,2001-06-25 13:30:00.0,Intermediário
1.51936,1.52777,2001-06-25 14:00:00.0,Intermediário
1.51996,1.52838,2001-06-25 14:30:00.0,Intermediário
1.52294,1.53071,2001-06-25 15:00:00.0,Intermediário
1.50741,1.51708,2001-06-25 15:30:00.0,Intermediário
1.51165,1.52003,2001-06-25 16:00:00.0,Intermediário
1.51051,1.51822,2001-06-25 16:30:00.0,Fechamento Interbancário
1.51188,1.51491,2001-06-25 17:12:00.0,Fechamento
1.51481,1.5285,2001-06-26 09:34:00.0,Abertura
1.51956,1.52797,2001-06-26 10:00:00.0,Intermediário
1.51981,1.52823,2001-06-26 10:30:00.0,Intermediário
1.51975,1.52818,2001-06-26 11:00:00.0,Intermediário
1.52001,1.52843,2001-06-26 11:30:00.0,Intermediário
1.52066,1.52908,2001-06-26 12:00:00.0,Intermediário
1.52283,1.53126,2001-06-26 12:30:00.0,Intermediário
1.52394,1.53238,2001-06-26 13:00:00.0,Intermediário
1.52314,1.53157,2001-06-26 13:30:00.0,Intermediário
1.52495,1.5334,2001-06-26 14:00:00.0,Intermediário
1.52334,1.53178,2001-06-26 14:30:00.0,Intermediário
1.52192,1.53035,2001-06-26 15:00:00.0,Intermediário
1.52446,1.5329,2001-06-26 15:30:00.0,Intermediário
1.52826,1.53671,2001-06-26 16:00:00.0,Intermediário
1.53028,1.53875,2001-06-26 16:30:00.0,Fechamento Interbancário
1.52272,1.52578,2001-06-26 17:11:00.0,Fechamento
1.5322,1.54598,2001-06-27 09:48:00.0,Abertura
1.5364,1.54557,2001-06-27 10:00:00.0,Intermediário
1.53701,1.54486,2001-06-27 10:30:00.0,Intermediário
1.53884,1.54669,2001-06-27 11:00:00.0,Intermediário
1.52922,1.54032,2001-06-27 11:30:00.0,Intermediário
1.53195,1.54042,2001-06-27 12:00:00.0,Intermediário
1.53382,1.54164,2001-06-27 12:30:00.0,Intermediário
1.53205,1.53986,2001-06-27 13:00:00.0,Intermediário
1.53691,1.54475,2001-06-27 13:30:00.0,Intermediário
1.53579,1.54364,2001-06-27 14:00:00.0,Intermediário
1.53579,1.54364,2001-06-27 14:30:00.0,Intermediário
1.52321,1.5343,2001-06-27 15:00:00.0,Intermediário
1.5233,1.53239,2001-06-27 15:30:00.0,Intermediário
1.53636,1.54485,2001-06-27 16:00:00.0,Intermediário
1.51424,1.52329,2001-06-27 16:30:00.0,Fechamento Interbancário
1.52991,1.53298,2001-06-27 17:44:00.0,Fechamento
1.4857,1.4992,2001-06-28 09:51:00.0,Abertura
1.49651,1.50482,2001-06-28 10:00:00.0,Intermediário
1.50316,1.51149,2001-06-28 10:30:00.0,Intermediário
1.50421,1.51321,2001-06-28 11:00:00.0,Intermediário
1.49874,1.50771,2001-06-28 11:30:00.0,Intermediário
1.49796,1.50626,2001-06-28 12:00:00.0,Intermediário
1.49854,1.50751,2001-06-28 12:30:00.0,Intermediário
1.49795,1.50693,2001-06-28 13:00:00.0,Intermediário
1.49678,1.50574,2001-06-28 13:30:00.0,Intermediário
1.49727,1.50623,2001-06-28 14:00:00.0,Intermediário
1.49658,1.50554,2001-06-28 14:30:00.0,Intermediário
1.49887,1.50719,2001-06-28 15:00:00.0,Intermediário
1.50414,1.51314,2001-06-28 15:36:00.0,Intermediário
1.5078,1.51615,2001-06-28 16:00:00.0,Intermediário
1.5069,1.51525,2001-06-28 16:30:00.0,Fechamento Interbancário
1.50355,1.50657,2001-06-28 17:30:00.0,Fechamento
1.51334,1.52699,2001-06-29 09:44:00.0,Abertura
1.5139,1.52228,2001-06-29 10:00:00.0,Intermediário
1.51491,1.5233,2001-06-29 10:30:00.0,Intermediário
1.51453,1.52293,2001-06-29 11:00:00.0,Intermediário
1.5131,1.52149,2001-06-29 11:30:00.0,Intermediário
1.51495,1.52335,2001-06-29 12:00:00.0,Intermediário
1.51551,1.52325,2001-06-29 12:30:00.0,Intermediário
1.51199,1.52037,2001-06-29 13:00:00.0,Intermediário
1.51232,1.52071,2001-06-29 13:30:00.0,Intermediário
1.51293,1.52131,2001-06-29 14:00:00.0,Intermediário
1.51522,1.52363,2001-06-29 14:30:00.0,Intermediário
1.51321,1.5216,2001-06-29 15:00:00.0,Intermediário
1.51678,1.52453,2001-06-29 15:30:00.0,Intermediário
1.52271,1.53116,2001-06-29 16:00:00.0,Intermediário
1.52271,1.53116,2001-06-29 16:30:00.0,Fechamento Interbancário
1.51909,1.52215,2001-06-29 17:31:00.0,Fechamento
1.52739,1.54114,2001-07-02 09:56:00.0,Abertura
1.5281,1.53854,2001-07-02 10:00:00.0,Intermediário
1.53078,1.53859,2001-07-02 10:30:00.0,Intermediário
1.52956,1.53737,2001-07-02 11:00:00.0,Intermediário
1.53022,1.5387,2001-07-02 11:30:00.0,Intermediário
1.52982,1.53763,2001-07-02 12:00:00.0,Intermediário
1.52972,1.53753,2001-07-02 12:30:00.0,Intermediário
1.53058,1.53839,2001-07-02 13:00:00.0,Intermediário
1.53038,1.53819,2001-07-02 13:30:00.0,Intermediário
1.53048,1.53829,2001-07-02 14:00:00.0,Intermediário
1.53078,1.53859,2001-07-02 14:30:00.0,Intermediário
1.53058,1.53905,2001-07-02 15:00:00.0,Intermediário
1.53114,1.53961,2001-07-02 15:30:00.0,Intermediário
1.53427,1.54277,2001-07-02 16:00:00.0,Intermediário
1.53625,1.54476,2001-07-02 16:30:00.0,Fechamento Interbancário
1.53309,1.53617,2001-07-02 17:21:00.0,Fechamento
1.53951,1.55335,2001-07-03 09:45:00.0,Abertura
1.54226,1.55146,2001-07-03 10:00:00.0,Intermediário
1.54037,1.54824,2001-07-03 10:30:00.0,Intermediário
1.54297,1.55152,2001-07-03 11:00:00.0,Intermediário
1.54501,1.55289,2001-07-03 11:30:00.0,Intermediário
1.54679,1.55468,2001-07-03 12:00:00.0,Intermediário
1.54636,1.55491,2001-07-03 12:30:00.0,Intermediário
1.54559,1.55413,2001-07-03 13:00:00.0,Intermediário
1.54599,1.55455,2001-07-03 13:30:00.0,Intermediário
1.54713,1.55568,2001-07-03 14:00:00.0,Intermediário
1.54672,1.55527,2001-07-03 14:30:00.0,Intermediário
1.55272,1.56063,2001-07-03 15:00:00.0,Intermediário
1.54784,1.55773,2001-07-03 15:30:00.0,Intermediário
1.54978,1.56366,2001-07-03 16:00:00.0,Intermediário
1.55257,1.56314,2001-07-03 16:31:00.0,Fechamento Interbancário
1.54598,1.54909,2001-07-03 17:39:00.0,Fechamento
1.56413,1.57806,2001-07-04 09:48:00.0,Abertura
1.57302,1.58302,2001-07-04 10:00:00.0,Intermediário
1.57427,1.58361,2001-07-04 10:30:00.0,Intermediário
1.57594,1.58463,2001-07-04 11:00:00.0,Intermediário
1.57444,1.58312,2001-07-04 11:30:00.0,Intermediário
1.5759,1.58459,2001-07-04 12:00:00.0,Intermediário
1.57993,1.58997,2001-07-04 12:30:00.0,Intermediário
1.58084,1.59153,2001-07-04 13:00:00.0,Intermediário
1.58258,1.59129,2001-07-04 13:30:00.0,Intermediário
1.58226,1.59098,2001-07-04 14:00:00.0,Intermediário
1.58216,1.59087,2001-07-04 14:30:00.0,Intermediário
1.58369,1.59241,2001-07-04 15:00:00.0,Intermediário
1.58744,1.59684,2001-07-04 15:30:00.0,Intermediário
1.59536,1.6048,2001-07-04 16:00:00.0,Intermediário
1.59602,1.6048,2001-07-04 16:30:00.0,Fechamento Interbancário
1.57889,1.58205,2001-07-04 17:14:00.0,Fechamento
1.59231,1.60639,2001-07-05 09:47:00.0,Abertura
1.58832,1.59907,2001-07-05 10:00:00.0,Intermediário
1.5847,1.59543,2001-07-05 10:30:00.0,Intermediário
1.58676,1.59683,2001-07-05 11:00:00.0,Intermediário
1.58951,1.59827,2001-07-05 11:30:00.0,Intermediário
1.59467,1.60278,2001-07-05 12:00:00.0,Intermediário
1.59944,1.6089,2001-07-05 12:30:00.0,Intermediário
1.59882,1.60761,2001-07-05 13:00:00.0,Intermediário
1.59839,1.60719,2001-07-05 13:30:00.0,Intermediário
1.5985,1.60729,2001-07-05 14:00:00.0,Intermediário
1.59903,1.60783,2001-07-05 14:30:00.0,Intermediário
1.61024,1.62042,2001-07-05 15:00:00.0,Intermediário
1.61853,1.62742,2001-07-05 15:30:00.0,Intermediário
1.62462,1.63751,2001-07-05 16:00:00.0,Intermediário
1.62564,1.63985,2001-07-05 16:30:00.0,Fechamento Interbancário
1.59134,1.59452,2001-07-05 17:21:00.0,Fechamento
1.65906,1.67342,2001-07-06 09:53:00.0,Abertura
1.66817,1.68257,2001-07-06 10:00:00.0,Intermediário
1.64744,1.66174,2001-07-06 10:30:00.0,Intermediário
1.64142,1.65238,2001-07-06 11:00:00.0,Intermediário
1.65237,1.6667,2001-07-06 11:30:00.0,Intermediário
1.64033,1.65129,2001-07-06 12:00:00.0,Intermediário
1.63096,1.64187,2001-07-06 12:30:00.0,Intermediário
1.63556,1.64649,2001-07-06 13:00:00.0,Intermediário
1.63663,1.64758,2001-07-06 13:30:00.0,Intermediário
1.63749,1.64845,2001-07-06 14:00:00.0,Intermediário
1.63556,1.64649,2001-07-06 14:30:00.0,Intermediário
1.62468,1.63885,2001-07-06 15:00:00.0,Intermediário
1.60503,1.61581,2001-07-06 15:30:00.0,Intermediário
1.58949,1.6002,2001-07-06 16:00:00.0,Intermediário
1.59151,1.60224,2001-07-06 16:30:00.0,Fechamento Interbancário
1.6348,1.63803,2001-07-06 17:31:00.0,Fechamento
1.6157,1.62983,2001-07-09 09:57:00.0,Abertura
1.61614,1.62697,2001-07-09 10:00:00.0,Intermediário
1.61297,1.62576,2001-07-09 10:30:00.0,Intermediário
1.60165,1.61241,2001-07-09 11:00:00.0,Intermediário
1.59869,1.61273,2001-07-09 11:30:00.0,Intermediário
1.60218,1.61295,2001-07-09 12:00:00.0,Intermediário
1.60471,1.61682,2001-07-09 12:30:00.0,Intermediário
1.6041,1.61422,2001-07-09 13:00:00.0,Intermediário
1.60463,1.61475,2001-07-09 13:30:00.0,Intermediário
1.60442,1.61454,2001-07-09 14:00:00.0,Intermediário
1.60336,1.61348,2001-07-09 14:30:00.0,Intermediário
1.59964,1.61237,2001-07-09 15:00:00.0,Intermediário
1.60303,1.61248,2001-07-09 15:30:00.0,Intermediário
1.60435,1.61316,2001-07-09 16:00:00.0,Intermediário
1.60587,1.61535,2001-07-09 16:30:00.0,Fechamento Interbancário
1.6107,1.6139,2001-07-09 17:21:00.0,Fechamento
1.60408,1.61816,2001-07-10 09:45:00.0,Abertura
1.60437,1.61582,2001-07-10 10:00:00.0,Intermediário
1.61087,1.62102,2001-07-10 10:30:00.0,Intermediário
1.6244,1.6333,2001-07-10 11:00:00.0,Intermediário
1.63075,1.64166,2001-07-10 11:30:00.0,Intermediário
1.63316,1.6421,2001-07-10 12:00:00.0,Intermediário
1.63195,1.64155,2001-07-10 12:30:00.0,Intermediário
1.63274,1.64168,2001-07-10 13:00:00.0,Intermediário
1.63339,1.64233,2001-07-10 13:30:00.0,Intermediário
1.63349,1.64243,2001-07-10 14:00:00.0,Intermediário
1.63382,1.64276,2001-07-10 14:30:00.0,Intermediário
1.63382,1.64474,2001-07-10 15:00:00.0,Intermediário
1.62399,1.6342,2001-07-10 15:30:00.0,Intermediário
1.63075,1.64298,2001-07-10 16:04:00.0,Intermediário
1.63053,1.64276,2001-07-10 16:30:00.0,Fechamento Interbancário
1.62823,1.63145,2001-07-10 17:19:00.0,Fechamento
1.67515,1.68955,2001-07-11 09:44:00.0,Abertura
1.67723,1.68703,2001-07-11 10:05:00.0,Intermediário
1.67251,1.6836,2001-07-11 10:30:00.0,Intermediário
1.6616,1.67264,2001-07-11 11:00:00.0,Intermediário
1.65789,1.66694,2001-07-11 11:30:00.0,Intermediário
1.65812,1.66717,2001-07-11 12:00:00.0,Intermediário
1.66508,1.67416,2001-07-11 12:30:00.0,Intermediário
1.67076,1.67987,2001-07-11 13:00:00.0,Intermediário
1.67097,1.68074,2001-07-11 13:30:00.0,Intermediário
1.67097,1.68074,2001-07-11 14:00:00.0,Intermediário
1.67371,1.68349,2001-07-11 14:30:00.0,Intermediário
1.63757,1.6518,2001-07-11 15:00:00.0,Intermediário
1.6402,1.64918,2001-07-11 15:30:00.0,Intermediário
1.62953,1.64371,2001-07-11 16:00:00.0,Intermediário
1.63323,1.64414,2001-07-11 16:30:00.0,Fechamento Interbancário
1.65593,1.65919,2001-07-11 17:16:00.0,Fechamento
1.67729,1.69169,2001-07-12 09:50:00.0,Abertura
1.65506,1.67132,2001-07-12 10:00:00.0,Intermediário
1.65854,1.66957,2001-07-12 10:30:00.0,Intermediário
1.66094,1.67329,2001-07-12 11:00:00.0,Intermediário
1.65506,1.66541,2001-07-12 11:30:00.0,Intermediário
1.66061,1.67099,2001-07-12 12:00:00.0,Intermediário
1.66595,1.67504,2001-07-12 12:30:00.0,Intermediário
1.67465,1.68575,2001-07-12 13:00:00.0,Intermediário
1.67814,1.68924,2001-07-12 13:30:00.0,Intermediário
1.67901,1.69013,2001-07-12 14:00:00.0,Intermediário
1.67836,1.68947,2001-07-12 14:30:00.0,Intermediário
1.6592,1.66891,2001-07-12 15:00:00.0,Intermediário
1.66225,1.6746,2001-07-12 15:30:00.0,Intermediário
1.66442,1.6735,2001-07-12 16:00:00.0,Intermediário
1.66432,1.67471,2001-07-12 16:30:00.0,Fechamento Interbancário
1.66159,1.66485,2001-07-12 17:22:00.0,Fechamento
1.63778,1.65194,2001-07-13 09:44:00.0,Abertura
1.64882,1.66043,2001-07-13 10:00:00.0,Intermediário
1.6538,1.66347,2001-07-13 10:30:00.0,Intermediário
1.65944,1.66848,2001-07-13 11:00:00.0,Intermediário
1.65706,1.66805,2001-07-13 11:30:00.0,Intermediário
1.65837,1.6674,2001-07-13 12:00:00.0,Intermediário
1.6588,1.66979,2001-07-13 12:30:00.0,Intermediário
1.65729,1.66632,2001-07-13 13:00:00.0,Intermediário
1.65815,1.66719,2001-07-13 13:30:00.0,Intermediário
1.65708,1.6661,2001-07-13 14:00:00.0,Intermediário
1.65794,1.66697,2001-07-13 14:30:00.0,Intermediário
1.64745,1.65839,2001-07-13 15:00:00.0,Intermediário
1.6563,1.66598,2001-07-13 15:30:00.0,Intermediário
1.66874,1.68043,2001-07-13 16:00:00.0,Intermediário
1.67459,1.68891,2001-07-13 16:30:00.0,Fechamento Interbancário
1.65869,1.66195,2001-07-13 17:20:00.0,Fechamento
1.67489,1.68919,2001-07-16 09:51:00.0,Abertura
1.67879,1.69313,2001-07-16 10:00:00.0,Intermediário
1.67692,1.68604,2001-07-16 10:30:00.0,Intermediário
1.68362,1.69276,2001-07-16 11:00:00.0,Intermediário
1.68381,1.69296,2001-07-16 11:30:00.0,Intermediário
1.6832,1.69299,2001-07-16 12:00:00.0,Intermediário
1.68105,1.69018,2001-07-16 12:30:00.0,Intermediário
1.68321,1.69431,2001-07-16 13:00:00.0,Intermediário
1.68409,1.69325,2001-07-16 13:30:00.0,Intermediário
1.6842,1.69336,2001-07-16 14:00:00.0,Intermediário
1.68585,1.695,2001-07-16 14:30:00.0,Intermediário
1.67631,1.68543,2001-07-16 15:00:00.0,Intermediário
1.67653,1.68565,2001-07-16 15:30:00.0,Intermediário
1.6722,1.68195,2001-07-16 16:00:00.0,Intermediário
1.67372,1.68217,2001-07-16 16:30:00.0,Fechamento Interbancário
1.68646,1.68977,2001-07-16 17:25:00.0,Fechamento
1.65349,1.66772,2001-07-17 09:47:00.0,Abertura
1.64581,1.65478,2001-07-17 10:00:00.0,Intermediário
1.64852,1.65751,2001-07-17 10:30:00.0,Intermediário
1.65058,1.65957,2001-07-17 11:00:00.0,Intermediário
1.645,1.65396,2001-07-17 11:30:00.0,Intermediário
1.64269,1.65166,2001-07-17 12:00:00.0,Intermediário
1.63408,1.6456,2001-07-17 12:30:00.0,Intermediário
1.62362,1.63249,2001-07-17 13:00:00.0,Intermediário
1.62299,1.63185,2001-07-17 13:30:00.0,Intermediário
1.62488,1.63376,2001-07-17 14:00:00.0,Intermediário
1.62383,1.6327,2001-07-17 14:30:00.0,Intermediário
1.61361,1.62243,2001-07-17 15:00:00.0,Intermediário
1.62556,1.63444,2001-07-17 15:30:00.0,Intermediário
1.6165,1.62663,2001-07-17 16:00:00.0,Intermediário
1.61859,1.62875,2001-07-17 16:30:00.0,Fechamento Interbancário
1.64188,1.64511,2001-07-17 17:28:00.0,Fechamento
1.58976,1.60371,2001-07-18 09:42:00.0,Abertura
1.60066,1.61466,2001-07-18 10:00:00.0,Intermediário
1.59322,1.60261,2001-07-18 10:30:00.0,Intermediário
1.59886,1.60762,2001-07-18 11:00:00.0,Intermediário
1.60123,1.60999,2001-07-18 11:30:00.0,Intermediário
1.59811,1.60621,2001-07-18 12:05:00.0,Intermediário
1.59746,1.60621,2001-07-18 12:30:00.0,Intermediário
1.60287,1.61361,2001-07-18 13:00:00.0,Intermediário
1.60168,1.61045,2001-07-18 13:30:00.0,Intermediário
1.59857,1.60732,2001-07-18 14:00:00.0,Intermediário
1.59898,1.60774,2001-07-18 14:30:00.0,Intermediário
1.6217,1.6325,2001-07-18 15:00:00.0,Intermediário
1.63061,1.64082,2001-07-18 15:30:00.0,Intermediário
1.61926,1.62811,2001-07-18 16:00:00.0,Intermediário
1.62063,1.62948,2001-07-18 16:30:00.0,Fechamento Interbancário
1.60502,1.6082,2001-07-18 17:23:00.0,Fechamento
1.6367,1.65083,2001-07-19 09:50:00.0,Abertura
1.61909,1.62858,2001-07-19 10:00:00.0,Intermediário
1.61347,1.62229,2001-07-19 10:30:00.0,Intermediário
1.62665,1.63618,2001-07-19 11:00:00.0,Intermediário
1.6225,1.63137,2001-07-19 11:30:00.0,Intermediário
1.62336,1.63223,2001-07-19 12:00:00.0,Intermediário
1.61786,1.6267,2001-07-19 12:30:00.0,Intermediário
1.61396,1.62343,2001-07-19 13:00:00.0,Intermediário
1.61512,1.62459,2001-07-19 13:30:00.0,Intermediário
1.61533,1.6248,2001-07-19 14:06:00.0,Intermediário
1.61533,1.6248,2001-07-19 14:30:00.0,Intermediário
1.62514,1.63466,2001-07-19 15:00:00.0,Intermediário
1.61837,1.62851,2001-07-19 15:30:00.0,Intermediário
1.61957,1.62841,2001-07-19 16:00:00.0,Intermediário
1.6215,1.63035,2001-07-19 16:30:00.0,Fechamento Interbancário
1.6216,1.62479,2001-07-19 17:26:00.0,Fechamento
1.59655,1.61048,2001-07-20 09:44:00.0,Abertura
1.58878,1.60008,2001-07-20 10:00:00.0,Intermediário
1.59158,1.60094,2001-07-20 10:30:00.0,Intermediário
1.59486,1.60359,2001-07-20 11:00:00.0,Intermediário
1.59311,1.60248,2001-07-20 11:30:00.0,Intermediário
1.5959,1.60464,2001-07-20 12:00:00.0,Intermediário
1.58797,1.59796,2001-07-20 12:30:00.0,Intermediário
1.58606,1.59475,2001-07-20 13:00:00.0,Intermediário
1.58545,1.59542,2001-07-20 13:30:00.0,Intermediário
1.58688,1.59687,2001-07-20 14:00:00.0,Intermediário
1.58698,1.59698,2001-07-20 14:30:00.0,Intermediário
1.57644,1.58703,2001-07-20 15:00:00.0,Intermediário
1.57385,1.58313,2001-07-20 15:30:00.0,Intermediário
1.57981,1.59042,2001-07-20 16:00:00.0,Intermediário
1.58175,1.59107,2001-07-20 16:30:00.0,Fechamento Interbancário
1.58938,1.59252,2001-07-20 18:18:00.0,Fechamento
1.56574,1.57952,2001-07-23 09:46:00.0,Abertura
1.55979,1.56835,2001-07-23 10:00:00.0,Intermediário
1.55555,1.56409,2001-07-23 10:30:00.0,Intermediário
1.55382,1.56235,2001-07-23 11:00:00.0,Intermediário
1.55122,1.56038,2001-07-23 11:30:00.0,Intermediário
1.55414,1.56267,2001-07-23 12:00:00.0,Intermediário
1.55471,1.56389,2001-07-23 12:30:00.0,Intermediário
1.55293,1.56146,2001-07-23 13:00:00.0,Intermediário
1.55232,1.56085,2001-07-23 13:30:00.0,Intermediário
1.55232,1.56085,2001-07-23 14:00:00.0,Intermediário
1.55232,1.56085,2001-07-23 14:30:00.0,Intermediário
1.55585,1.5644,2001-07-23 15:00:00.0,Intermediário
1.55631,1.56486,2001-07-23 15:30:00.0,Intermediário
1.55914,1.5677,2001-07-23 16:00:00.0,Intermediário
1.55759,1.56679,2001-07-23 16:30:00.0,Fechamento Interbancário
1.55748,1.56056,2001-07-23 17:22:00.0,Fechamento
1.56525,1.57906,2001-07-24 09:45:00.0,Abertura
1.56528,1.57387,2001-07-24 10:00:00.0,Intermediário
1.55908,1.5683,2001-07-24 10:30:00.0,Intermediário
1.56781,1.57577,2001-07-24 11:00:00.0,Intermediário
1.56955,1.57817,2001-07-24 11:30:00.0,Intermediário
1.56969,1.57831,2001-07-24 12:00:00.0,Intermediário
1.576,1.58465,2001-07-24 12:30:00.0,Intermediário
1.57794,1.58726,2001-07-24 13:00:00.0,Intermediário
1.57764,1.5863,2001-07-24 13:30:00.0,Intermediário
1.57753,1.5862,2001-07-24 14:00:00.0,Intermediário
1.57692,1.58558,2001-07-24 14:30:00.0,Intermediário
1.59251,1.60123,2001-07-24 15:00:00.0,Intermediário
1.59411,1.60545,2001-07-24 15:30:00.0,Intermediário
1.5994,1.60881,2001-07-24 16:00:00.0,Intermediário
1.59748,1.60753,2001-07-24 16:30:00.0,Fechamento Interbancário
1.57154,1.57465,2001-07-24 17:30:00.0,Fechamento
1.61728,1.63133,2001-07-25 09:37:00.0,Abertura
1.62288,1.63174,2001-07-25 10:00:00.0,Intermediário
1.62158,1.63174,2001-07-25 10:30:00.0,Intermediário
1.6167,1.6275,2001-07-25 11:00:00.0,Intermediário
1.61507,1.62455,2001-07-25 11:30:00.0,Intermediário
1.61821,1.62771,2001-07-25 12:00:00.0,Intermediário
1.6151,1.62393,2001-07-25 12:30:00.0,Intermediário
1.6057,1.61905,2001-07-25 13:00:00.0,Intermediário
1.60612,1.61687,2001-07-25 13:30:00.0,Intermediário
1.60612,1.61687,2001-07-25 14:00:00.0,Intermediário
1.60686,1.61761,2001-07-25 14:30:00.0,Intermediário
1.61498,1.62511,2001-07-25 15:00:00.0,Intermediário
1.618,1.62684,2001-07-25 15:30:00.0,Intermediário
1.6126,1.62402,2001-07-25 16:00:00.0,Intermediário
1.61335,1.62282,2001-07-25 16:30:00.0,Fechamento Interbancário
1.61857,1.62176,2001-07-25 17:14:00.0,Fechamento
1.60926,1.62328,2001-07-26 09:39:00.0,Abertura
1.60772,1.61716,2001-07-26 10:00:00.0,Intermediário
1.61465,1.62413,2001-07-26 10:30:00.0,Intermediário
1.617,1.62715,2001-07-26 11:00:00.0,Intermediário
1.61746,1.6263,2001-07-26 11:30:00.0,Intermediário
1.62195,1.63082,2001-07-26 12:00:00.0,Intermediário
1.61717,1.62667,2001-07-26 12:30:00.0,Intermediário
1.61629,1.62514,2001-07-26 13:00:00.0,Intermediário
1.61692,1.62578,2001-07-26 13:30:00.0,Intermediário
1.61713,1.62599,2001-07-26 14:00:00.0,Intermediário
1.61734,1.62619,2001-07-26 14:30:00.0,Intermediário
1.61233,1.62246,2001-07-26 15:00:00.0,Intermediário
1.61331,1.62214,2001-07-26 15:30:00.0,Intermediário
1.613,1.62248,2001-07-26 16:00:00.0,Intermediário
1.6118,1.62193,2001-07-26 16:30:00.0,Fechamento Interbancário
1.61728,1.62048,2001-07-26 17:20:00.0,Fechamento
1.62665,1.64078,2001-07-27 09:49:00.0,Abertura
1.62526,1.63676,2001-07-27 10:01:00.0,Intermediário
1.63404,1.64297,2001-07-27 10:30:00.0,Intermediário
1.62745,1.63701,2001-07-27 11:00:00.0,Intermediário
1.62854,1.6381,2001-07-27 11:30:00.0,Intermediário
1.6251,1.63463,2001-07-27 12:00:00.0,Intermediário
1.6166,1.62609,2001-07-27 12:30:00.0,Intermediário
1.6199,1.62941,2001-07-27 13:00:00.0,Intermediário
1.62084,1.63037,2001-07-27 13:30:00.0,Intermediário
1.62095,1.63047,2001-07-27 14:00:00.0,Intermediário
1.62106,1.63058,2001-07-27 14:30:00.0,Intermediário
1.61789,1.62739,2001-07-27 15:00:00.0,Intermediário
1.62039,1.62926,2001-07-27 15:30:00.0,Intermediário
1.59477,1.60875,2001-07-27 16:00:00.0,Intermediário
1.59519,1.6059,2001-07-27 16:30:00.0,Fechamento Interbancário
1.6265,1.62972,2001-07-27 17:17:00.0,Fechamento
1.56517,1.57901,2001-07-30 09:42:00.0,Abertura
1.57055,1.5818,2001-07-30 10:00:00.0,Intermediário
1.57933,1.588,2001-07-30 10:30:00.0,Intermediário
1.58758,1.5976,2001-07-30 11:00:00.0,Intermediário
1.58852,1.59854,2001-07-30 11:30:00.0,Intermediário
1.58846,1.59718,2001-07-30 12:00:00.0,Intermediário
1.58948,1.59886,2001-07-30 12:30:00.0,Intermediário
1.58554,1.59425,2001-07-30 13:00:00.0,Intermediário
1.58643,1.59514,2001-07-30 13:30:00.0,Intermediário
1.58654,1.59524,2001-07-30 14:00:00.0,Intermediário
1.58716,1.59587,2001-07-30 14:30:00.0,Intermediário
1.58898,1.5977,2001-07-30 15:00:00.0,Intermediário
1.58616,1.59553,2001-07-30 15:30:00.0,Intermediário
1.57171,1.58232,2001-07-30 16:00:00.0,Intermediário
1.57425,1.58356,2001-07-30 16:30:00.0,Fechamento Interbancário
1.58789,1.59105,2001-07-30 18:25:00.0,Fechamento
1.57088,1.58477,2001-07-31 09:44:00.0,Abertura
1.58311,1.59116,2001-07-31 10:00:00.0,Intermediário
1.58878,1.5975,2001-07-31 10:30:00.0,Intermediário
1.59383,1.60257,2001-07-31 11:00:00.0,Intermediário
1.58774,1.59777,2001-07-31 11:30:00.0,Intermediário
1.58497,1.59368,2001-07-31 12:00:00.0,Intermediário
1.58456,1.59458,2001-07-31 12:30:00.0,Intermediário
1.58904,1.59776,2001-07-31 13:00:00.0,Intermediário
1.5907,1.59943,2001-07-31 13:30:00.0,Intermediário
1.59174,1.60048,2001-07-31 14:00:00.0,Intermediário
1.59174,1.60048,2001-07-31 14:30:00.0,Intermediário
1.58987,1.5986,2001-07-31 15:00:00.0,Intermediário
1.59962,1.6084,2001-07-31 15:30:00.0,Intermediário
1.60729,1.6174,2001-07-31 16:00:00.0,Intermediário
1.60557,1.61567,2001-07-31 16:30:00.0,Fechamento Interbancário
1.5828,1.58594,2001-07-31 18:14:00.0,Fechamento
1.60498,1.61898,2001-08-01 09:47:00.0,Abertura
1.60947,1.61958,2001-08-01 10:00:00.0,Intermediário
1.61692,1.62577,2001-08-01 10:30:00.0,Intermediário
1.62069,1.6302,2001-08-01 11:04:00.0,Intermediário
1.61759,1.62774,2001-08-01 11:30:00.0,Intermediário
1.61617,1.62566,2001-08-01 12:00:00.0,Intermediário
1.61812,1.62762,2001-08-01 12:30:00.0,Intermediário
1.62264,1.63281,2001-08-01 13:00:00.0,Intermediário
1.62264,1.63281,2001-08-01 13:30:00.0,Intermediário
1.62285,1.63302,2001-08-01 14:00:00.0,Intermediário
1.62264,1.63281,2001-08-01 14:30:00.0,Intermediário
1.63018,1.63909,2001-08-01 15:00:00.0,Intermediário
1.62216,1.63299,2001-08-01 15:30:00.0,Intermediário
1.62262,1.63149,2001-08-01 16:00:00.0,Intermediário
1.61853,1.62803,2001-08-01 16:30:00.0,Fechamento Interbancário
1.61961,1.62281,2001-08-01 17:34:00.0,Fechamento
1.59725,1.6112,2001-08-02 09:55:00.0,Abertura
1.61407,1.62421,2001-08-02 10:00:00.0,Intermediário
1.61092,1.61973,2001-08-02 10:30:00.0,Intermediário
1.61945,1.62831,2001-08-02 11:00:00.0,Intermediário
1.61265,1.62213,2001-08-02 11:30:00.0,Intermediário
1.61299,1.62246,2001-08-02 12:00:00.0,Intermediário
1.60925,1.61805,2001-08-02 12:30:00.0,Intermediário
1.60315,1.61192,2001-08-02 13:00:00.0,Intermediário
1.60523,1.61402,2001-08-02 13:30:00.0,Intermediário
1.60627,1.61507,2001-08-02 14:00:00.0,Intermediário
1.60731,1.61611,2001-08-02 14:30:00.0,Intermediário
1.60937,1.61882,2001-08-02 15:00:00.0,Intermediário
1.61022,1.61903,2001-08-02 15:30:00.0,Intermediário
1.61606,1.6249,2001-08-02 16:00:00.0,Intermediário
1.62042,1.62929,2001-08-02 16:30:00.0,Fechamento Interbancário
1.61869,1.62189,2001-08-02 17:33:00.0,Fechamento
1.60214,1.61614,2001-08-03 09:46:00.0,Abertura
1.6069,1.61569,2001-08-03 10:00:00.0,Intermediário
1.60855,1.61736,2001-08-03 10:30:00.0,Intermediário
1.61182,1.62064,2001-08-03 11:00:00.0,Intermediário
1.617,1.62584,2001-08-03 11:30:00.0,Intermediário
1.621,1.63052,2001-08-03 12:00:00.0,Intermediário
1.62067,1.62953,2001-08-03 12:30:00.0,Intermediário
1.62164,1.63181,2001-08-03 13:00:00.0,Intermediário
1.62155,1.63041,2001-08-03 13:30:00.0,Intermediário
1.62197,1.63084,2001-08-03 14:00:00.0,Intermediário
1.6225,1.63137,2001-08-03 14:30:00.0,Intermediário
1.62468,1.63356,2001-08-03 15:00:00.0,Intermediário
1.62336,1.63355,2001-08-03 15:30:00.0,Intermediário
1.63118,1.64075,2001-08-03 16:00:00.0,Intermediário
1.63139,1.64097,2001-08-03 16:30:00.0,Fechamento Interbancário
1.62422,1.62743,2001-08-03 17:28:00.0,Fechamento
1.61347,1.62754,2001-08-06 09:49:00.0,Abertura
1.61074,1.61956,2001-08-06 10:00:00.0,Intermediário
1.61421,1.62305,2001-08-06 10:30:00.0,Intermediário
1.61703,1.62588,2001-08-06 11:00:00.0,Intermediário
1.61153,1.62233,2001-08-06 11:30:00.0,Intermediário
1.61337,1.62221,2001-08-06 12:00:00.0,Intermediário
1.60926,1.61809,2001-08-06 12:30:00.0,Intermediário
1.61023,1.61839,2001-08-06 13:00:00.0,Intermediário
1.61065,1.61882,2001-08-06 13:30:00.0,Intermediário
1.61161,1.61978,2001-08-06 14:00:00.0,Intermediário
1.6115,1.61967,2001-08-06 14:30:00.0,Intermediário
1.6041,1.61289,2001-08-06 15:00:00.0,Intermediário
1.60604,1.61484,2001-08-06 15:30:00.0,Intermediário
1.60711,1.61658,2001-08-06 16:00:00.0,Intermediário
1.60838,1.6172,2001-08-06 16:30:00.0,Fechamento Interbancário
1.61536,1.61855,2001-08-06 17:34:00.0,Fechamento
1.59761,1.61163,2001-08-07 10:06:00.0,Abertura
1.59304,1.60179,2001-08-07 10:08:00.0,Intermediário
1.59218,1.60027,2001-08-07 10:30:00.0,Intermediário
1.59191,1.60064,2001-08-07 11:00:00.0,Intermediário
1.59001,1.59938,2001-08-07 11:30:00.0,Intermediário
1.58744,1.59615,2001-08-07 12:00:00.0,Intermediário
1.58908,1.5978,2001-08-07 12:30:00.0,Intermediário
1.59116,1.59989,2001-08-07 13:00:00.0,Intermediário
1.59013,1.59885,2001-08-07 13:30:00.0,Intermediário
1.59044,1.59916,2001-08-07 14:00:00.0,Intermediário
1.59064,1.59937,2001-08-07 14:30:00.0,Intermediário
1.58682,1.59553,2001-08-07 15:00:00.0,Intermediário
1.58945,1.59817,2001-08-07 15:30:00.0,Intermediário
1.6131,1.62193,2001-08-07 16:00:00.0,Intermediário
1.61178,1.62387,2001-08-07 16:30:00.0,Fechamento Interbancário
1.5905,1.59365,2001-08-07 18:09:00.0,Fechamento
1.59771,1.6117,2001-08-08 09:43:00.0,Abertura
1.59998,1.60875,2001-08-08 10:00:00.0,Intermediário
1.61427,1.62441,2001-08-08 10:30:00.0,Intermediário
1.612,1.62082,2001-08-08 11:00:00.0,Intermediário
1.60807,1.61753,2001-08-08 11:30:00.0,Intermediário
1.60807,1.61818,2001-08-08 12:00:00.0,Intermediário
1.60581,1.61461,2001-08-08 12:30:00.0,Intermediário
1.60271,1.6115,2001-08-08 13:00:00.0,Intermediário
1.60073,1.6095,2001-08-08 13:30:00.0,Intermediário
1.5999,1.60866,2001-08-08 14:00:00.0,Intermediário
1.60084,1.60961,2001-08-08 14:30:00.0,Intermediário
1.59587,1.60592,2001-08-08 15:00:00.0,Intermediário
1.60549,1.61428,2001-08-08 15:30:00.0,Intermediário
1.60419,1.61298,2001-08-08 16:00:00.0,Intermediário
1.60482,1.61361,2001-08-08 16:30:00.0,Fechamento Interbancário
1.60701,1.61019,2001-08-08 17:21:00.0,Fechamento
1.59112,1.60506,2001-08-09 09:53:00.0,Abertura
1.59668,1.60542,2001-08-09 10:00:00.0,Intermediário
1.60167,1.61043,2001-08-09 10:30:00.0,Intermediário
1.60177,1.61119,2001-08-09 11:00:00.0,Intermediário
1.59779,1.60719,2001-08-09 11:30:00.0,Intermediário
1.6007,1.61012,2001-08-09 12:00:00.0,Intermediário
1.59745,1.6062,2001-08-09 12:37:00.0,Intermediário
1.59945,1.60756,2001-08-09 13:00:00.0,Intermediário
1.59769,1.60579,2001-08-09 14:06:00.0,Intermediário
1.59686,1.60495,2001-08-09 14:10:00.0,Intermediário
1.59831,1.60641,2001-08-09 14:30:00.0,Intermediário
1.59753,1.60563,2001-08-09 15:00:00.0,Intermediário
1.59955,1.60962,2001-08-09 15:30:00.0,Intermediário
1.59725,1.60599,2001-08-09 16:00:00.0,Intermediário
1.59766,1.60641,2001-08-09 16:30:00.0,Fechamento Interbancário
1.59967,1.60283,2001-08-09 17:21:00.0,Fechamento
1.60937,1.62338,2001-08-10 10:17:00.0,Abertura
1.60906,1.62306,2001-08-10 10:19:00.0,Intermediário
1.61098,1.61979,2001-08-10 10:30:00.0,Intermediário
1.61261,1.62142,2001-08-10 11:00:00.0,Intermediário
1.61155,1.62035,2001-08-10 11:30:00.0,Intermediário
1.61238,1.6212,2001-08-10 12:00:00.0,Intermediário
1.61251,1.62067,2001-08-10 12:30:00.0,Intermediário
1.61002,1.61947,2001-08-10 13:00:00.0,Intermediário
1.61075,1.62021,2001-08-10 13:30:00.0,Intermediário
1.60992,1.61937,2001-08-10 14:00:00.0,Intermediário
1.61085,1.62032,2001-08-10 14:30:00.0,Intermediário
1.61042,1.61857,2001-08-10 15:00:00.0,Intermediário
1.60155,1.61032,2001-08-10 15:30:00.0,Intermediário
1.5928,1.60216,2001-08-10 16:00:00.0,Intermediário
1.59489,1.60493,2001-08-10 16:30:00.0,Fechamento Interbancário
1.61012,1.6133,2001-08-10 18:30:00.0,Fechamento
1.6008,1.61477,2001-08-13 09:51:00.0,Abertura
1.60775,1.61786,2001-08-13 10:00:00.0,Intermediário
1.61092,1.61973,2001-08-13 10:30:00.0,Intermediário
1.61112,1.61929,2001-08-13 11:00:00.0,Intermediário
1.61374,1.62192,2001-08-13 11:30:00.0,Intermediário
1.61407,1.6229,2001-08-13 12:00:00.0,Intermediário
1.61527,1.6241,2001-08-13 12:30:00.0,Intermediário
1.61711,1.62595,2001-08-13 13:00:00.0,Intermediário
1.61773,1.62658,2001-08-13 13:30:00.0,Intermediário
1.61742,1.62627,2001-08-13 14:00:00.0,Intermediário
1.61878,1.62763,2001-08-13 14:30:00.0,Intermediário
1.61912,1.62797,2001-08-13 15:00:00.0,Intermediário
1.62008,1.62894,2001-08-13 15:30:00.0,Intermediário
1.62159,1.6298,2001-08-13 16:00:00.0,Intermediário
1.62031,1.62917,2001-08-13 16:30:00.0,Fechamento Interbancário
1.61683,1.62003,2001-08-13 17:23:00.0,Fechamento
1.62577,1.63986,2001-08-14 09:47:00.0,Abertura
1.62921,1.63811,2001-08-14 10:00:00.0,Intermediário
1.63139,1.64029,2001-08-14 10:30:00.0,Intermediário
1.63093,1.63984,2001-08-14 11:03:00.0,Intermediário
1.62782,1.63671,2001-08-14 11:30:00.0,Intermediário
1.62945,1.63769,2001-08-14 12:00:00.0,Intermediário
1.62946,1.63835,2001-08-14 12:38:00.0,Intermediário
1.62752,1.6364,2001-08-14 13:00:00.0,Intermediário
1.62826,1.63715,2001-08-14 13:30:00.0,Intermediário
1.6271,1.63598,2001-08-14 14:00:00.0,Intermediário
1.6271,1.63598,2001-08-14 14:30:00.0,Intermediário
1.62364,1.63315,2001-08-14 15:00:00.0,Intermediário
1.62546,1.63433,2001-08-14 15:30:00.0,Intermediário
1.63283,1.64174,2001-08-14 16:00:00.0,Intermediário
1.63197,1.64087,2001-08-14 16:30:00.0,Fechamento Interbancário
1.63325,1.63647,2001-08-14 17:57:00.0,Fechamento
1.63208,1.64623,2001-08-15 09:47:00.0,Abertura
1.63144,1.64035,2001-08-15 10:00:00.0,Intermediário
1.63091,1.63982,2001-08-15 10:30:00.0,Intermediário
1.62913,1.63803,2001-08-15 11:00:00.0,Intermediário
1.62978,1.63869,2001-08-15 11:30:00.0,Intermediário
1.62903,1.63793,2001-08-15 12:00:00.0,Intermediário
1.62868,1.63758,2001-08-15 12:30:00.0,Intermediário
1.62387,1.63276,2001-08-15 13:00:00.0,Intermediário
1.62452,1.63276,2001-08-15 13:34:00.0,Intermediário
1.62546,1.63435,2001-08-15 14:00:00.0,Intermediário
1.62546,1.63435,2001-08-15 14:30:00.0,Intermediário
1.62436,1.63259,2001-08-15 15:00:00.0,Intermediário
1.62915,1.63806,2001-08-15 15:30:00.0,Intermediário
1.62708,1.63598,2001-08-15 16:00:00.0,Intermediário
1.62719,1.63608,2001-08-15 16:30:00.0,Fechamento Interbancário
1.63394,1.63716,2001-08-15 17:19:00.0,Fechamento
1.60832,1.62238,2001-08-16 09:43:00.0,Abertura
1.61482,1.62367,2001-08-16 10:00:00.0,Intermediário
1.6181,1.62762,2001-08-16 10:30:00.0,Intermediário
1.62082,1.62904,2001-08-16 11:00:00.0,Intermediário
1.61871,1.62756,2001-08-16 11:30:00.0,Intermediário
1.62142,1.63029,2001-08-16 12:00:00.0,Intermediário
1.62402,1.63356,2001-08-16 12:30:00.0,Intermediário
1.62566,1.63455,2001-08-16 13:00:00.0,Intermediário
1.62503,1.63325,2001-08-16 13:30:00.0,Intermediário
1.62587,1.63411,2001-08-16 14:06:00.0,Intermediário
1.62619,1.63443,2001-08-16 14:30:00.0,Intermediário
1.62146,1.63033,2001-08-16 15:00:00.0,Intermediário
1.62237,1.63059,2001-08-16 15:30:00.0,Intermediário
1.62265,1.63217,2001-08-16 16:00:00.0,Intermediário
1.62138,1.63024,2001-08-16 16:30:00.0,Fechamento Interbancário
1.61553,1.61872,2001-08-16 17:20:00.0,Fechamento
1.6243,1.63836,2001-08-17 09:51:00.0,Abertura
1.62946,1.639,2001-08-17 10:00:00.0,Intermediário
1.63096,1.64116,2001-08-17 10:30:00.0,Intermediário
1.62977,1.63801,2001-08-17 11:00:00.0,Intermediário
1.62927,1.63815,2001-08-17 11:30:00.0,Intermediário
1.63034,1.63988,2001-08-17 12:00:00.0,Intermediário
1.63023,1.63978,2001-08-17 12:30:00.0,Intermediário
1.63014,1.63839,2001-08-17 13:00:00.0,Intermediário
1.63099,1.63989,2001-08-17 13:30:00.0,Intermediário
1.63067,1.63957,2001-08-17 14:00:00.0,Intermediário
1.62867,1.63756,2001-08-17 14:30:00.0,Intermediário
1.63404,1.64295,2001-08-17 15:00:00.0,Intermediário
1.63866,1.64889,2001-08-17 15:30:00.0,Intermediário
1.62801,1.63755,2001-08-17 16:00:00.0,Intermediário
1.62908,1.63862,2001-08-17 16:30:00.0,Fechamento Interbancário
1.63242,1.63563,2001-08-17 17:26:00.0,Fechamento
1.63464,1.64873,2001-08-20 09:43:00.0,Abertura
1.63603,1.64689,2001-08-20 10:00:00.0,Intermediário
1.63443,1.64333,2001-08-20 10:30:00.0,Intermediário
1.63203,1.64093,2001-08-20 11:00:00.0,Intermediário
1.63085,1.63909,2001-08-20 11:30:00.0,Intermediário
1.6315,1.6404,2001-08-20 12:00:00.0,Intermediário
1.6342,1.64311,2001-08-20 12:30:00.0,Intermediário
1.63461,1.64352,2001-08-20 13:00:00.0,Intermediário
1.63419,1.6431,2001-08-20 13:30:00.0,Intermediário
1.63451,1.64342,2001-08-20 14:00:00.0,Intermediário
1.63493,1.64384,2001-08-20 14:30:00.0,Intermediário
1.63353,1.64309,2001-08-20 15:00:00.0,Intermediário
1.62978,1.63866,2001-08-20 15:30:00.0,Intermediário
1.6261,1.63497,2001-08-20 16:00:00.0,Intermediário
1.62579,1.63465,2001-08-20 16:30:00.0,Fechamento Interbancário
1.63522,1.63843,2001-08-20 17:20:00.0,Fechamento
1.61851,1.63251,2001-08-21 09:51:00.0,Abertura
1.62374,1.6326,2001-08-21 10:00:00.0,Intermediário
1.62427,1.63378,2001-08-21 10:33:00.0,Intermediário
1.62858,1.63681,2001-08-21 11:00:00.0,Intermediário
1.63156,1.64046,2001-08-21 11:30:00.0,Intermediário
1.63444,1.6427,2001-08-21 12:00:00.0,Intermediário
1.63111,1.64001,2001-08-21 12:30:00.0,Intermediário
1.62931,1.63885,2001-08-21 13:00:00.0,Intermediário
1.62942,1.63895,2001-08-21 13:30:00.0,Intermediário
1.62984,1.63938,2001-08-21 14:00:00.0,Intermediário
1.62931,1.63885,2001-08-21 14:30:00.0,Intermediário
1.64143,1.65231,2001-08-21 15:00:00.0,Intermediário
1.64079,1.65038,2001-08-21 15:30:00.0,Intermediário
1.64282,1.65241,2001-08-21 16:00:00.0,Intermediário
1.6424,1.65135,2001-08-21 16:30:00.0,Fechamento Interbancário
1.63498,1.63818,2001-08-21 17:21:00.0,Fechamento
1.61384,1.62783,2001-08-22 09:48:00.0,Abertura
1.6208,1.62965,2001-08-22 10:00:00.0,Intermediário
1.62263,1.63084,2001-08-22 10:30:00.0,Intermediário
1.62905,1.63728,2001-08-22 11:00:00.0,Intermediário
1.63331,1.64157,2001-08-22 11:30:00.0,Intermediário
1.63116,1.64006,2001-08-22 12:00:00.0,Intermediário
1.6348,1.64372,2001-08-22 12:30:00.0,Intermediário
1.63145,1.64036,2001-08-22 13:00:00.0,Intermediário
1.63134,1.64025,2001-08-22 13:30:00.0,Intermediário
1.63166,1.64057,2001-08-22 14:00:00.0,Intermediário
1.63303,1.64194,2001-08-22 14:30:00.0,Intermediário
1.6309,1.63914,2001-08-22 15:00:00.0,Intermediário
1.62799,1.63623,2001-08-22 15:30:00.0,Intermediário
1.62962,1.63851,2001-08-22 16:00:00.0,Intermediário
1.62981,1.63871,2001-08-22 16:30:00.0,Fechamento Interbancário
1.63301,1.63622,2001-08-22 17:24:00.0,Fechamento
1.62595,1.64003,2001-08-23 09:48:00.0,Abertura
1.62658,1.63546,2001-08-23 10:00:00.0,Intermediário
1.62616,1.63503,2001-08-23 10:30:00.0,Intermediário
1.62841,1.6373,2001-08-23 11:00:00.0,Intermediário
1.63284,1.64174,2001-08-23 11:30:00.0,Intermediário
1.63607,1.64629,2001-08-23 12:00:00.0,Intermediário
1.63724,1.64552,2001-08-23 12:30:00.0,Intermediário
1.63639,1.64531,2001-08-23 13:00:00.0,Intermediário
1.63703,1.64595,2001-08-23 13:30:00.0,Intermediário
1.63788,1.64681,2001-08-23 14:00:00.0,Intermediário
1.6383,1.64724,2001-08-23 14:30:00.0,Intermediário
1.63896,1.64854,2001-08-23 15:00:00.0,Intermediário
1.63832,1.64724,2001-08-23 15:30:00.0,Intermediário
1.63627,1.64519,2001-08-23 16:00:00.0,Intermediário
1.63658,1.64551,2001-08-23 16:30:00.0,Fechamento Interbancário
1.63854,1.64176,2001-08-23 17:35:00.0,Fechamento
1.6392,1.65333,2001-08-24 09:44:00.0,Abertura
1.64846,1.65743,2001-08-24 10:00:00.0,Intermediário
1.65008,1.66036,2001-08-24 10:30:00.0,Intermediário
1.65127,1.66025,2001-08-24 11:00:00.0,Intermediário
1.652,1.661,2001-08-24 11:30:00.0,Intermediário
1.65276,1.66177,2001-08-24 12:00:00.0,Intermediário
1.6505,1.65949,2001-08-24 12:30:00.0,Intermediário
1.64813,1.65711,2001-08-24 13:00:00.0,Intermediário
1.64866,1.65765,2001-08-24 13:30:00.0,Intermediário
1.64813,1.65711,2001-08-24 14:00:00.0,Intermediário
1.64973,1.65872,2001-08-24 14:30:00.0,Intermediário
1.6467,1.65633,2001-08-24 15:00:00.0,Intermediário
1.64789,1.65753,2001-08-24 15:30:00.0,Intermediário
1.64931,1.65894,2001-08-24 16:00:00.0,Intermediário
1.64931,1.65829,2001-08-24 16:30:00.0,Fechamento Interbancário
1.65342,1.65667,2001-08-24 17:32:00.0,Fechamento
1.6463,1.66047,2001-08-27 09:50:00.0,Abertura
1.6504,1.66004,2001-08-27 10:00:00.0,Intermediário
1.65105,1.66005,2001-08-27 10:30:00.0,Intermediário
1.65331,1.66231,2001-08-27 11:00:00.0,Intermediário
1.65289,1.66189,2001-08-27 11:30:00.0,Intermediário
1.65396,1.66296,2001-08-27 12:00:00.0,Intermediário
1.65267,1.66166,2001-08-27 12:30:00.0,Intermediário
1.6559,1.66426,2001-08-27 13:00:00.0,Intermediário
1.656,1.66437,2001-08-27 13:30:00.0,Intermediário
1.65719,1.66556,2001-08-27 14:00:00.0,Intermediário
1.65687,1.66524,2001-08-27 14:30:00.0,Intermediário
1.65655,1.66556,2001-08-27 15:00:00.0,Intermediário
1.6545,1.6635,2001-08-27 15:30:00.0,Intermediário
1.65493,1.66394,2001-08-27 16:00:00.0,Intermediário
1.65503,1.66404,2001-08-27 16:30:00.0,Fechamento Interbancário
1.65861,1.66187,2001-08-27 18:03:00.0,Fechamento
1.64525,1.65941,2001-08-28 09:43:00.0,Abertura
1.64934,1.65767,2001-08-28 10:00:00.0,Intermediário
1.65277,1.66112,2001-08-28 10:30:00.0,Intermediário
1.65406,1.66242,2001-08-28 11:00:00.0,Intermediário
1.65676,1.66578,2001-08-28 11:30:00.0,Intermediário
1.66053,1.66957,2001-08-28 12:00:00.0,Intermediário
1.66043,1.66881,2001-08-28 12:30:00.0,Intermediário
1.65697,1.66534,2001-08-28 13:00:00.0,Intermediário
1.65665,1.66567,2001-08-28 13:30:00.0,Intermediário
1.65632,1.66534,2001-08-28 14:00:00.0,Intermediário
1.65783,1.66686,2001-08-28 14:30:00.0,Intermediário
1.65254,1.66154,2001-08-28 15:00:00.0,Intermediário
1.65556,1.66523,2001-08-28 15:30:00.0,Intermediário
1.656,1.66502,2001-08-28 16:00:00.0,Intermediário
1.65622,1.66524,2001-08-28 16:30:00.0,Fechamento Interbancário
1.65801,1.66126,2001-08-28 17:17:00.0,Fechamento
1.64276,1.65691,2001-08-29 09:58:00.0,Abertura
1.64566,1.65463,2001-08-29 10:00:00.0,Intermediário
1.64578,1.6541,2001-08-29 10:30:00.0,Intermediário
1.64547,1.65379,2001-08-29 11:00:00.0,Intermediário
1.64398,1.65293,2001-08-29 11:30:00.0,Intermediário
1.64611,1.65443,2001-08-29 12:00:00.0,Intermediário
1.64516,1.65347,2001-08-29 12:30:00.0,Intermediário
1.64388,1.65218,2001-08-29 13:00:00.0,Intermediário
1.64388,1.65283,2001-08-29 13:30:00.0,Intermediário
1.64409,1.65304,2001-08-29 14:00:00.0,Intermediário
1.64441,1.65272,2001-08-29 14:30:00.0,Intermediário
1.64311,1.65206,2001-08-29 15:00:00.0,Intermediário
1.64409,1.65304,2001-08-29 15:30:00.0,Intermediário
1.64301,1.65131,2001-08-29 16:00:00.0,Intermediário
1.64257,1.65152,2001-08-29 16:30:00.0,Fechamento Interbancário
1.64502,1.64824,2001-08-29 17:17:00.0,Fechamento
1.63732,1.65142,2001-08-30 09:49:00.0,Abertura
1.64302,1.65197,2001-08-30 10:00:00.0,Intermediário
1.63935,1.64828,2001-08-30 10:30:00.0,Intermediário
1.6385,1.64677,2001-08-30 11:00:00.0,Intermediário
1.63872,1.64764,2001-08-30 11:30:00.0,Intermediário
1.63968,1.64796,2001-08-30 12:00:00.0,Intermediário
1.64012,1.6484,2001-08-30 12:30:00.0,Intermediário
1.64171,1.65001,2001-08-30 13:00:00.0,Intermediário
1.64001,1.6483,2001-08-30 13:30:00.0,Intermediário
1.64034,1.64862,2001-08-30 14:00:00.0,Intermediário
1.64055,1.64883,2001-08-30 14:30:00.0,Intermediário
1.6369,1.64581,2001-08-30 15:00:00.0,Intermediário
1.63303,1.64193,2001-08-30 15:30:00.0,Intermediário
1.6311,1.63998,2001-08-30 16:00:00.0,Intermediário
1.63172,1.64191,2001-08-30 16:30:00.0,Fechamento Interbancário
1.6417,1.64492,2001-08-30 17:18:00.0,Fechamento
1.62434,1.63838,2001-08-31 09:48:00.0,Abertura
1.63884,1.64776,2001-08-31 10:00:00.0,Intermediário
1.64518,1.65413,2001-08-31 10:30:00.0,Intermediário
1.64551,1.65448,2001-08-31 11:00:00.0,Intermediário
1.63975,1.64867,2001-08-31 11:34:00.0,Intermediário
1.64092,1.64985,2001-08-31 12:00:00.0,Intermediário
1.64124,1.65018,2001-08-31 12:30:00.0,Intermediário
1.64464,1.65295,2001-08-31 13:00:00.0,Intermediário
1.6422,1.6505,2001-08-31 13:30:00.0,Intermediário
1.64199,1.65028,2001-08-31 14:00:00.0,Intermediário
1.64178,1.65007,2001-08-31 14:30:00.0,Intermediário
1.64339,1.65168,2001-08-31 15:00:00.0,Intermediário
1.64681,1.65577,2001-08-31 15:30:00.0,Intermediário
1.64939,1.65966,2001-08-31 16:00:00.0,Intermediário
1.64907,1.65804,2001-08-31 16:30:00.0,Fechamento Interbancário
1.64332,1.64656,2001-08-31 17:16:00.0,Fechamento
1.64663,1.66075,2001-09-03 09:54:00.0,Abertura
1.64844,1.65741,2001-09-03 10:00:00.0,Intermediário
1.64555,1.6545,2001-09-03 10:30:00.0,Intermediário
1.64427,1.65256,2001-09-03 11:00:00.0,Intermediário
1.64331,1.65224,2001-09-03 11:30:00.0,Intermediário
1.64331,1.6516,2001-09-03 12:00:00.0,Intermediário
1.64352,1.65245,2001-09-03 12:30:00.0,Intermediário
1.64406,1.65299,2001-09-03 13:00:00.0,Intermediário
1.64427,1.65321,2001-09-03 13:30:00.0,Intermediário
1.64437,1.65331,2001-09-03 14:00:00.0,Intermediário
1.64427,1.65321,2001-09-03 14:30:00.0,Intermediário
1.64651,1.65482,2001-09-03 15:00:00.0,Intermediário
1.64662,1.65557,2001-09-03 15:30:00.0,Intermediário
1.64984,1.6588,2001-09-03 16:00:00.0,Intermediário
1.65015,1.65913,2001-09-03 16:30:00.0,Fechamento Interbancário
1.64686,1.65009,2001-09-03 17:24:00.0,Fechamento
1.64383,1.65794,2001-09-04 09:49:00.0,Abertura
1.64725,1.65621,2001-09-04 10:00:00.0,Intermediário
1.64974,1.6587,2001-09-04 10:30:00.0,Intermediário
1.65048,1.65945,2001-09-04 11:00:00.0,Intermediário
1.64962,1.65859,2001-09-04 11:32:00.0,Intermediário
1.64844,1.6574,2001-09-04 12:00:00.0,Intermediário
1.64524,1.65419,2001-09-04 12:33:00.0,Intermediário
1.64578,1.65409,2001-09-04 13:00:00.0,Intermediário
1.64588,1.65419,2001-09-04 13:30:00.0,Intermediário
1.64293,1.65122,2001-09-04 14:00:00.0,Intermediário
1.63955,1.64783,2001-09-04 14:30:00.0,Intermediário
1.64031,1.64858,2001-09-04 15:00:00.0,Intermediário
1.6402,1.64912,2001-09-04 15:30:00.0,Intermediário
1.6333,1.64218,2001-09-04 16:00:00.0,Intermediário
1.63255,1.64143,2001-09-04 16:30:00.0,Fechamento Interbancário
1.64123,1.64443,2001-09-04 17:36:00.0,Fechamento
1.63669,1.65073,2001-09-05 09:51:00.0,Abertura
1.64221,1.65114,2001-09-05 10:00:00.0,Intermediário
1.64136,1.64965,2001-09-05 10:30:00.0,Intermediário
1.63998,1.64826,2001-09-05 11:00:00.0,Intermediário
1.63917,1.64743,2001-09-05 11:30:00.0,Intermediário
1.63957,1.64784,2001-09-05 12:00:00.0,Intermediário
1.6382,1.64646,2001-09-05 12:30:00.0,Intermediário
1.63862,1.64753,2001-09-05 13:00:00.0,Intermediário
1.63915,1.64806,2001-09-05 13:30:00.0,Intermediário
1.63977,1.64869,2001-09-05 14:00:00.0,Intermediário
1.63946,1.64837,2001-09-05 14:30:00.0,Intermediário
1.64424,1.65254,2001-09-05 15:00:00.0,Intermediário
1.64446,1.65276,2001-09-05 15:30:00.0,Intermediário
1.65158,1.66056,2001-09-05 16:21:00.0,Intermediário
1.64935,1.65831,2001-09-05 17:06:00.0,Fechamento Interbancário
1.64517,1.64839,2001-09-05 17:39:00.0,Fechamento
1.65045,1.66455,2001-09-06 09:50:00.0,Abertura
1.66035,1.66872,2001-09-06 10:00:00.0,Intermediário
1.65833,1.66733,2001-09-06 10:30:00.0,Intermediário
1.6595,1.66851,2001-09-06 11:00:00.0,Intermediário
1.65939,1.6684,2001-09-06 11:30:00.0,Intermediário
1.66046,1.66882,2001-09-06 12:00:00.0,Intermediário
1.65598,1.66497,2001-09-06 12:30:00.0,Intermediário
1.65331,1.66358,2001-09-06 13:00:00.0,Intermediário
1.65289,1.66187,2001-09-06 13:30:00.0,Intermediário
1.6531,1.66208,2001-09-06 14:00:00.0,Intermediário
1.65683,1.66582,2001-09-06 14:30:00.0,Intermediário
1.6548,1.66443,2001-09-06 15:00:00.0,Intermediário
1.65672,1.66636,2001-09-06 15:30:00.0,Intermediário
1.65266,1.66357,2001-09-06 16:00:00.0,Intermediário
1.65277,1.66367,2001-09-06 16:30:00.0,Fechamento Interbancário
1.66139,1.66463,2001-09-06 17:47:00.0,Fechamento
1.65729,1.67139,2001-09-10 09:45:00.0,Abertura
1.6593,1.66894,2001-09-10 10:00:00.0,Intermediário
1.66068,1.66905,2001-09-10 10:30:00.0,Intermediário
1.65729,1.66627,2001-09-10 11:00:00.0,Intermediário
1.65516,1.66414,2001-09-10 11:30:00.0,Intermediário
1.65231,1.66126,2001-09-10 12:00:00.0,Intermediário
1.65421,1.66382,2001-09-10 12:30:00.0,Intermediário
1.65431,1.66328,2001-09-10 13:00:00.0,Intermediário
1.65537,1.66435,2001-09-10 13:30:00.0,Intermediário
1.65526,1.66424,2001-09-10 14:00:00.0,Intermediário
1.65621,1.6652,2001-09-10 14:30:00.0,Intermediário
1.66121,1.67022,2001-09-10 15:00:00.0,Intermediário
1.66121,1.66958,2001-09-10 15:30:00.0,Intermediário
1.66248,1.67214,2001-09-10 16:00:00.0,Intermediário
1.66227,1.67129,2001-09-10 16:30:00.0,Fechamento Interbancário
1.66253,1.66577,2001-09-10 17:21:00.0,Fechamento
1.65972,1.67386,2001-09-11 09:38:00.0,Abertura
1.66601,1.67504,2001-09-11 10:00:00.0,Intermediário
1.66823,1.67728,2001-09-11 10:34:00.0,Intermediário
1.68737,1.69842,2001-09-11 11:04:00.0,Intermediário
1.70299,1.71412,2001-09-11 11:30:00.0,Intermediário
1.68058,1.69285,2001-09-11 12:02:00.0,Intermediário
1.68787,1.70211,2001-09-11 12:37:00.0,Intermediário
1.69477,1.70585,2001-09-11 13:03:00.0,Intermediário
1.69434,1.70541,2001-09-11 13:30:00.0,Intermediário
1.69413,1.7052,2001-09-11 14:00:00.0,Intermediário
1.69413,1.7052,2001-09-11 14:30:00.0,Intermediário
1.6951,1.70938,2001-09-11 15:00:00.0,Intermediário
1.69926,1.71037,2001-09-11 15:30:00.0,Intermediário
1.69405,1.70385,2001-09-11 16:00:00.0,Intermediário
1.69278,1.70385,2001-09-11 16:30:00.0,Fechamento Interbancário
1.68196,1.68522,2001-09-11 17:11:00.0,Fechamento
1.69526,1.70956,2001-09-12 09:49:00.0,Abertura
1.699,1.71011,2001-09-12 10:00:00.0,Intermediário
1.69958,1.71005,2001-09-12 10:30:00.0,Intermediário
1.70375,1.71297,2001-09-12 11:00:00.0,Intermediário
1.70931,1.71791,2001-09-12 11:30:00.0,Intermediário
1.70675,1.71534,2001-09-12 12:00:00.0,Intermediário
1.7105,1.71975,2001-09-12 12:30:00.0,Intermediário
1.71178,1.72168,2001-09-12 13:00:00.0,Intermediário
1.71035,1.72024,2001-09-12 13:30:00.0,Intermediário
1.7086,1.71847,2001-09-12 14:00:00.0,Intermediário
1.70761,1.71748,2001-09-12 14:30:00.0,Intermediário
1.7084,1.71891,2001-09-12 15:00:00.0,Intermediário
1.71799,1.72662,2001-09-12 15:30:00.0,Intermediário
1.71799,1.72854,2001-09-12 16:00:00.0,Intermediário
1.71023,1.7246,2001-09-12 16:30:00.0,Fechamento Interbancário
1.7105,1.71382,2001-09-12 17:29:00.0,Fechamento
1.71839,1.73279,2001-09-13 09:50:00.0,Abertura
1.71914,1.72841,2001-09-13 10:00:00.0,Intermediário
1.7256,1.73426,2001-09-13 10:30:00.0,Intermediário
1.7291,1.73843,2001-09-13 11:00:00.0,Intermediário
1.7315,1.74148,2001-09-13 11:30:00.0,Intermediário
1.73624,1.74624,2001-09-13 12:00:00.0,Intermediário
1.73954,1.75146,2001-09-13 12:30:00.0,Intermediário
1.73853,1.74917,2001-09-13 13:00:00.0,Intermediário
1.73862,1.74798,2001-09-13 13:30:00.0,Intermediário
1.73961,1.74898,2001-09-13 14:00:00.0,Intermediário
1.73961,1.74898,2001-09-13 14:30:00.0,Intermediário
1.70313,1.72064,2001-09-13 15:00:00.0,Intermediário
1.70368,1.71479,2001-09-13 15:30:00.0,Intermediário
1.69116,1.70285,2001-09-13 16:00:00.0,Intermediário
1.69167,1.70273,2001-09-13 16:30:00.0,Fechamento Interbancário
1.71961,1.72293,2001-09-13 17:37:00.0,Fechamento
1.71006,1.7244,2001-09-14 09:51:00.0,Abertura
1.72135,1.73063,2001-09-14 10:00:00.0,Intermediário
1.71701,1.72627,2001-09-14 10:30:00.0,Intermediário
1.71433,1.7255,2001-09-14 11:00:00.0,Intermediário
1.7218,1.73045,2001-09-14 11:30:00.0,Intermediário
1.7214,1.73132,2001-09-14 12:00:00.0,Intermediário
1.7243,1.7336,2001-09-14 12:30:00.0,Intermediário
1.7287,1.73802,2001-09-14 13:00:00.0,Intermediário
1.72769,1.73699,2001-09-14 13:30:00.0,Intermediário
1.72824,1.73755,2001-09-14 14:00:00.0,Intermediário
1.72912,1.73844,2001-09-14 14:30:00.0,Intermediário
1.70477,1.71717,2001-09-14 15:00:00.0,Intermediário
1.70763,1.71876,2001-09-14 15:30:00.0,Intermediário
1.70815,1.71865,2001-09-14 16:00:00.0,Intermediário
1.71018,1.72196,2001-09-14 16:30:00.0,Fechamento Interbancário
1.72199,1.72532,2001-09-14 17:37:00.0,Fechamento
1.68691,1.70112,2001-09-17 09:47:00.0,Abertura
1.69537,1.70453,2001-09-17 10:00:00.0,Intermediário
1.69513,1.70429,2001-09-17 10:37:00.0,Intermediário
1.69811,1.70728,2001-09-17 11:00:00.0,Intermediário
1.70052,1.70971,2001-09-17 11:30:00.0,Intermediário
1.69551,1.70467,2001-09-17 12:05:00.0,Intermediário
1.69515,1.70495,2001-09-17 12:30:00.0,Intermediário
1.6962,1.70473,2001-09-17 13:00:00.0,Intermediário
1.69534,1.70386,2001-09-17 13:30:00.0,Intermediário
1.69534,1.70386,2001-09-17 14:00:00.0,Intermediário
1.69674,1.70527,2001-09-17 14:30:00.0,Intermediário
1.69481,1.7046,2001-09-17 15:00:00.0,Intermediário
1.69301,1.7028,2001-09-17 15:30:00.0,Intermediário
1.69427,1.70342,2001-09-17 16:00:00.0,Intermediário
1.6947,1.70322,2001-09-17 16:30:00.0,Fechamento Interbancário
1.69632,1.69961,2001-09-17 17:20:00.0,Fechamento
1.69137,1.7056,2001-09-18 09:39:00.0,Abertura
1.6959,1.70506,2001-09-18 10:00:00.0,Intermediário
1.69781,1.70697,2001-09-18 10:30:00.0,Intermediário
1.69973,1.7089,2001-09-18 11:00:00.0,Intermediário
1.69953,1.7087,2001-09-18 11:30:00.0,Intermediário
1.70038,1.70892,2001-09-18 12:00:00.0,Intermediário
1.69932,1.70848,2001-09-18 12:30:00.0,Intermediário
1.70102,1.70955,2001-09-18 13:00:00.0,Intermediário
1.70156,1.71074,2001-09-18 13:30:00.0,Intermediário
1.69982,1.70899,2001-09-18 14:00:00.0,Intermediário
1.70069,1.70987,2001-09-18 14:30:00.0,Intermediário
1.69847,1.70763,2001-09-18 15:00:00.0,Intermediário
1.70152,1.7107,2001-09-18 15:30:00.0,Intermediário
1.70711,1.71631,2001-09-18 16:00:00.0,Intermediário
1.7082,1.71741,2001-09-18 16:30:00.0,Fechamento Interbancário
1.70086,1.70416,2001-09-18 17:28:00.0,Fechamento
1.70615,1.72045,2001-09-19 09:37:00.0,Abertura
1.71261,1.72312,2001-09-19 10:00:00.0,Intermediário
1.71397,1.72321,2001-09-19 10:30:00.0,Intermediário
1.7185,1.72777,2001-09-19 11:00:00.0,Intermediário
1.71935,1.72863,2001-09-19 11:30:00.0,Intermediário
1.72164,1.73092,2001-09-19 12:03:00.0,Intermediário
1.71802,1.72728,2001-09-19 12:30:00.0,Intermediário
1.71888,1.72878,2001-09-19 13:00:00.0,Intermediário
1.72052,1.73043,2001-09-19 13:30:00.0,Intermediário
1.72085,1.73076,2001-09-19 14:00:00.0,Intermediário
1.7214,1.73132,2001-09-19 14:30:00.0,Intermediário
1.72201,1.73129,2001-09-19 15:00:00.0,Intermediário
1.72254,1.73182,2001-09-19 15:30:00.0,Intermediário
1.72168,1.73096,2001-09-19 16:00:00.0,Intermediário
1.72094,1.73021,2001-09-19 16:30:00.0,Fechamento Interbancário
1.72207,1.7254,2001-09-19 17:31:00.0,Fechamento
1.72486,1.73926,2001-09-20 09:52:00.0,Abertura
1.72953,1.73948,2001-09-20 10:00:00.0,Intermediário
1.73025,1.73956,2001-09-20 10:30:00.0,Intermediário
1.73378,1.74312,2001-09-20 11:00:00.0,Intermediário
1.73525,1.74523,2001-09-20 11:30:00.0,Intermediário
1.73809,1.74681,2001-09-20 12:00:00.0,Intermediário
1.73674,1.74609,2001-09-20 12:30:00.0,Intermediário
1.7345,1.74511,2001-09-20 13:00:00.0,Intermediário
1.73533,1.74594,2001-09-20 13:30:00.0,Intermediário
1.73367,1.74428,2001-09-20 14:00:00.0,Intermediário
1.73345,1.74405,2001-09-20 14:30:00.0,Intermediário
1.73811,1.74683,2001-09-20 15:00:00.0,Intermediário
1.73736,1.74735,2001-09-20 15:30:00.0,Intermediário
1.74778,1.75717,2001-09-20 16:00:00.0,Intermediário
1.74975,1.76108,2001-09-20 16:30:00.0,Fechamento Interbancário
1.73567,1.73903,2001-09-20 17:15:00.0,Fechamento
1.78684,1.80156,2001-09-21 09:46:00.0,Abertura
1.7817,1.79638,2001-09-21 10:00:00.0,Intermediário
1.78536,1.7943,2001-09-21 10:30:00.0,Intermediário
1.78571,1.79529,2001-09-21 11:00:00.0,Intermediário
1.7783,1.78975,2001-09-21 11:30:00.0,Intermediário
1.76739,1.78006,2001-09-21 12:00:00.0,Intermediário
1.76156,1.77166,2001-09-21 12:30:00.0,Intermediário
1.76616,1.77755,2001-09-21 13:00:00.0,Intermediário
1.76616,1.78075,2001-09-21 13:30:00.0,Intermediário
1.76582,1.7804,2001-09-21 14:00:00.0,Intermediário
1.76515,1.77972,2001-09-21 14:30:00.0,Intermediário
1.77399,1.78542,2001-09-21 15:00:00.0,Intermediário
1.77762,1.78715,2001-09-21 15:30:00.0,Intermediário
1.79712,1.80866,2001-09-21 16:00:00.0,Intermediário
1.79701,1.81173,2001-09-21 16:30:00.0,Fechamento Interbancário
1.77999,1.78342,2001-09-21 17:20:00.0,Fechamento
1.7733,1.78793,2001-09-24 09:52:00.0,Abertura
1.77079,1.78222,2001-09-24 10:00:00.0,Intermediário
1.77636,1.78654,2001-09-24 10:35:00.0,Intermediário
1.75401,1.76535,2001-09-24 11:00:00.0,Intermediário
1.75161,1.76231,2001-09-24 11:30:00.0,Intermediário
1.74749,1.75817,2001-09-24 12:00:00.0,Intermediário
1.75759,1.76768,2001-09-24 12:30:00.0,Intermediário
1.75808,1.76753,2001-09-24 13:00:00.0,Intermediário
1.75797,1.76742,2001-09-24 13:30:00.0,Intermediário
1.75752,1.76697,2001-09-24 14:00:00.0,Intermediário
1.75774,1.76719,2001-09-24 14:30:00.0,Intermediário
1.75976,1.76986,2001-09-24 15:00:00.0,Intermediário
1.76283,1.77294,2001-09-24 15:30:00.0,Intermediário
1.72804,1.73926,2001-09-24 16:00:00.0,Intermediário
1.72464,1.73585,2001-09-24 16:30:00.0,Fechamento Interbancário
1.76022,1.76362,2001-09-24 17:25:00.0,Fechamento
1.71784,1.73223,2001-09-25 09:37:00.0,Abertura
1.71924,1.72852,2001-09-25 10:00:00.0,Intermediário
1.73489,1.74679,2001-09-25 10:30:00.0,Intermediário
1.73829,1.74829,2001-09-25 11:00:00.0,Intermediário
1.74,1.74937,2001-09-25 11:30:00.0,Intermediário
1.71984,1.73103,2001-09-25 12:00:00.0,Intermediário
1.72293,1.73223,2001-09-25 12:30:00.0,Intermediário
1.72239,1.73166,2001-09-25 13:00:00.0,Intermediário
1.72282,1.7321,2001-09-25 13:30:00.0,Intermediário
1.72315,1.73243,2001-09-25 14:00:00.0,Intermediário
1.72293,1.73221,2001-09-25 14:30:00.0,Intermediário
1.72103,1.73221,2001-09-25 15:00:00.0,Intermediário
1.72155,1.73083,2001-09-25 15:30:00.0,Intermediário
1.71838,1.72891,2001-09-25 16:00:00.0,Intermediário
1.72252,1.73243,2001-09-25 16:30:00.0,Fechamento Interbancário
1.72453,1.72788,2001-09-25 17:21:00.0,Fechamento
1.72398,1.73837,2001-09-26 09:48:00.0,Abertura
1.72812,1.73743,2001-09-26 10:00:00.0,Intermediário
1.72937,1.73868,2001-09-26 10:30:00.0,Intermediário
1.72931,1.73798,2001-09-26 11:00:00.0,Intermediário
1.72857,1.73724,2001-09-26 11:30:00.0,Intermediário
1.73132,1.74064,2001-09-26 12:00:00.0,Intermediário
1.72249,1.73177,2001-09-26 12:30:00.0,Intermediário
1.72782,1.73712,2001-09-26 13:00:00.0,Intermediário
1.72881,1.73812,2001-09-26 13:30:00.0,Intermediário
1.72826,1.73757,2001-09-26 14:00:00.0,Intermediário
1.72848,1.73779,2001-09-26 14:30:00.0,Intermediário
1.73154,1.74023,2001-09-26 15:00:00.0,Intermediário
1.73058,1.7399,2001-09-26 15:30:00.0,Intermediário
1.73546,1.7448,2001-09-26 16:00:00.0,Intermediário
1.73513,1.74447,2001-09-26 16:30:00.0,Fechamento Interbancário
1.73066,1.73401,2001-09-26 17:21:00.0,Fechamento
1.70737,1.72167,2001-09-27 09:41:00.0,Abertura
1.71362,1.72349,2001-09-27 10:00:00.0,Intermediário
1.71863,1.72788,2001-09-27 10:30:00.0,Intermediário
1.71657,1.72518,2001-09-27 11:00:00.0,Intermediário
1.71615,1.7254,2001-09-27 11:30:00.0,Intermediário
1.71285,1.72208,2001-09-27 12:00:00.0,Intermediário
1.71413,1.724,2001-09-27 12:30:00.0,Intermediário
1.71292,1.72215,2001-09-27 13:00:00.0,Intermediário
1.71335,1.72258,2001-09-27 13:30:00.0,Intermediário
1.71465,1.72389,2001-09-27 14:00:00.0,Intermediário
1.71422,1.72346,2001-09-27 14:30:00.0,Intermediário
1.70927,1.71976,2001-09-27 15:00:00.0,Intermediário
1.70358,1.71277,2001-09-27 15:30:00.0,Intermediário
1.68767,1.69741,2001-09-27 16:00:00.0,Intermediário
1.68787,1.69698,2001-09-27 16:30:00.0,Fechamento Interbancário
1.71034,1.71364,2001-09-27 17:22:00.0,Fechamento
1.67862,1.69276,2001-09-28 09:52:00.0,Abertura
1.68031,1.69066,2001-09-28 10:00:00.0,Intermediário
1.68273,1.69182,2001-09-28 10:30:00.0,Intermediário
1.68779,1.69753,2001-09-28 11:00:00.0,Intermediário
1.68757,1.69795,2001-09-28 11:30:00.0,Intermediário
1.68597,1.69507,2001-09-28 12:00:00.0,Intermediário
1.68354,1.69263,2001-09-28 12:30:00.0,Intermediário
1.68913,1.69825,2001-09-28 13:00:00.0,Intermediário
1.69116,1.70029,2001-09-28 13:30:00.0,Intermediário
1.68903,1.69814,2001-09-28 14:00:00.0,Intermediário
1.68935,1.69847,2001-09-28 14:30:00.0,Intermediário
1.686,1.6951,2001-09-28 15:00:00.0,Intermediário
1.6938,1.70294,2001-09-28 15:30:00.0,Intermediário
1.68483,1.69902,2001-09-28 16:00:00.0,Intermediário
1.68462,1.69563,2001-09-28 16:30:00.0,Fechamento Interbancário
1.68935,1.69261,2001-09-28 17:31:00.0,Fechamento
1.69292,1.70713,2001-10-01 09:51:00.0,Abertura
1.70073,1.71054,2001-10-01 10:00:00.0,Intermediário
1.70067,1.71047,2001-10-01 10:30:00.0,Intermediário
1.69884,1.708,2001-10-01 11:00:00.0,Intermediário
1.69791,1.70706,2001-10-01 11:30:00.0,Intermediário
1.70047,1.709,2001-10-01 12:00:00.0,Intermediário
1.69789,1.70706,2001-10-01 12:30:00.0,Intermediário
1.69745,1.70661,2001-10-01 13:00:00.0,Intermediário
1.69788,1.70704,2001-10-01 13:30:00.0,Intermediário
1.70284,1.71203,2001-10-01 14:00:00.0,Intermediário
1.70306,1.71225,2001-10-01 14:30:00.0,Intermediário
1.70033,1.70952,2001-10-01 15:00:00.0,Intermediário
1.70097,1.71015,2001-10-01 15:30:00.0,Intermediário
1.69716,1.70633,2001-10-01 16:00:00.0,Intermediário
1.69512,1.70363,2001-10-01 16:30:00.0,Fechamento Interbancário
1.70387,1.70718,2001-10-01 17:14:00.0,Fechamento
1.70997,1.72429,2001-10-02 09:52:00.0,Abertura
1.71413,1.72401,2001-10-02 10:00:00.0,Intermediário
1.71658,1.72519,2001-10-02 10:30:00.0,Intermediário
1.71818,1.7268,2001-10-02 11:00:00.0,Intermediário
1.71971,1.72898,2001-10-02 11:30:00.0,Intermediário
1.71793,1.7272,2001-10-02 12:00:00.0,Intermediário
1.71471,1.72524,2001-10-02 12:30:00.0,Intermediário
1.716,1.72526,2001-10-02 13:00:00.0,Intermediário
1.716,1.72526,2001-10-02 13:30:00.0,Intermediário
1.7159,1.72515,2001-10-02 14:00:00.0,Intermediário
1.71622,1.72548,2001-10-02 14:30:00.0,Intermediário
1.71813,1.7274,2001-10-02 15:00:00.0,Intermediário
1.71922,1.72849,2001-10-02 15:30:00.0,Intermediário
1.72061,1.72924,2001-10-02 16:00:00.0,Intermediário
1.72275,1.73204,2001-10-02 16:30:00.0,Fechamento Interbancário
1.72179,1.72511,2001-10-02 17:16:00.0,Fechamento
1.72706,1.74148,2001-10-03 09:53:00.0,Abertura
1.73292,1.74225,2001-10-03 10:00:00.0,Intermediário
1.73441,1.74375,2001-10-03 10:30:00.0,Intermediário
1.73702,1.74637,2001-10-03 11:00:00.0,Intermediário
1.7361,1.74481,2001-10-03 11:30:00.0,Intermediário
1.73499,1.7437,2001-10-03 12:00:00.0,Intermediário
1.73422,1.74356,2001-10-03 12:30:00.0,Intermediário
1.73566,1.74437,2001-10-03 13:00:00.0,Intermediário
1.73521,1.74393,2001-10-03 13:30:00.0,Intermediário
1.73521,1.74393,2001-10-03 14:00:00.0,Intermediário
1.73488,1.74359,2001-10-03 14:30:00.0,Intermediário
1.73956,1.74829,2001-10-03 15:00:00.0,Intermediário
1.73981,1.74917,2001-10-03 15:30:00.0,Intermediário
1.73057,1.74054,2001-10-03 16:00:00.0,Intermediário
1.73046,1.73979,2001-10-03 16:30:00.0,Fechamento Interbancário
1.73798,1.74133,2001-10-03 17:27:00.0,Fechamento
1.73987,1.75435,2001-10-04 09:34:00.0,Abertura
1.74009,1.75458,2001-10-04 09:53:00.0,Intermediário
1.74428,1.75303,2001-10-04 10:00:00.0,Intermediário
1.73727,1.74726,2001-10-04 10:30:00.0,Intermediário
1.73998,1.75063,2001-10-04 11:00:00.0,Intermediário
1.73882,1.74818,2001-10-04 11:30:00.0,Intermediário
1.73513,1.74383,2001-10-04 12:00:00.0,Intermediário
1.73355,1.74289,2001-10-04 12:30:00.0,Intermediário
1.73763,1.74698,2001-10-04 13:00:00.0,Intermediário
1.73751,1.74687,2001-10-04 13:30:00.0,Intermediário
1.73707,1.74642,2001-10-04 14:00:00.0,Intermediário
1.73751,1.74687,2001-10-04 14:30:00.0,Intermediário
1.74018,1.74954,2001-10-04 15:00:00.0,Intermediário
1.73981,1.74917,2001-10-04 15:30:00.0,Intermediário
1.73881,1.74818,2001-10-04 16:00:00.0,Intermediário
1.73848,1.74848,2001-10-04 16:30:00.0,Fechamento Interbancário
1.73846,1.74182,2001-10-04 17:30:00.0,Fechamento
1.7463,1.76081,2001-10-05 09:44:00.0,Abertura
1.74782,1.75723,2001-10-05 10:00:00.0,Intermediário
1.75073,1.76015,2001-10-05 10:30:00.0,Intermediário
1.75201,1.76143,2001-10-05 11:00:00.0,Intermediário
1.7566,1.76542,2001-10-05 11:30:00.0,Intermediário
1.75627,1.76572,2001-10-05 12:00:00.0,Intermediário
1.75533,1.76478,2001-10-05 12:30:00.0,Intermediário
1.7584,1.76722,2001-10-05 13:00:00.0,Intermediário
1.75897,1.76779,2001-10-05 13:30:00.0,Intermediário
1.75829,1.76711,2001-10-05 14:00:00.0,Intermediário
1.75784,1.76665,2001-10-05 14:30:00.0,Intermediário
1.75889,1.76835,2001-10-05 15:00:00.0,Intermediário
1.76144,1.77092,2001-10-05 15:30:00.0,Intermediário
1.77102,1.78118,2001-10-05 16:00:00.0,Intermediário
1.77177,1.78129,2001-10-05 16:30:00.0,Fechamento Interbancário
1.75959,1.76299,2001-10-05 17:19:00.0,Fechamento
1.78397,1.79869,2001-10-08 09:50:00.0,Abertura
1.78589,1.79612,2001-10-08 10:00:00.0,Intermediário
1.78449,1.79473,2001-10-08 10:30:00.0,Intermediário
1.78536,1.79559,2001-10-08 11:00:00.0,Intermediário
1.78041,1.79126,2001-10-08 11:30:00.0,Intermediário
1.78122,1.79078,2001-10-08 12:00:00.0,Intermediário
1.76983,1.78448,2001-10-08 12:30:00.0,Intermediário
1.76186,1.77325,2001-10-08 13:00:00.0,Intermediário
1.76253,1.7733,2001-10-08 13:30:00.0,Intermediário
1.76264,1.77341,2001-10-08 14:00:00.0,Intermediário
1.76253,1.7733,2001-10-08 14:30:00.0,Intermediário
1.7657,1.77583,2001-10-08 15:00:00.0,Intermediário
1.76946,1.77961,2001-10-08 15:30:00.0,Intermediário
1.76715,1.77666,2001-10-08 16:12:00.0,Intermediário
1.76749,1.77699,2001-10-08 16:33:00.0,Fechamento Interbancário
1.7788,1.78222,2001-10-08 17:46:00.0,Fechamento
1.76502,1.77966,2001-10-09 09:44:00.0,Abertura
1.76777,1.77922,2001-10-09 10:06:00.0,Intermediário
1.7753,1.78548,2001-10-09 10:48:00.0,Intermediário
1.778,1.78755,2001-10-09 11:17:00.0,Intermediário
1.77437,1.7839,2001-10-09 11:44:00.0,Intermediário
1.77196,1.78148,2001-10-09 12:06:00.0,Intermediário
1.77158,1.7811,2001-10-09 12:36:00.0,Intermediário
1.77004,1.77955,2001-10-09 13:05:00.0,Intermediário
1.76992,1.77943,2001-10-09 13:34:00.0,Intermediário
1.76846,1.77795,2001-10-09 14:03:00.0,Intermediário
1.76778,1.77727,2001-10-09 14:32:00.0,Intermediário
1.77198,1.7815,2001-10-09 15:03:00.0,Intermediário
1.77101,1.78051,2001-10-09 15:35:00.0,Intermediário
1.7701,1.7796,2001-10-09 16:04:00.0,Intermediário
1.77101,1.78051,2001-10-09 16:33:00.0,Fechamento Interbancário
1.77239,1.7758,2001-10-09 17:10:00.0,Fechamento
1.77112,1.78575,2001-10-10 09:46:00.0,Abertura
1.77814,1.78769,2001-10-10 10:00:00.0,Intermediário
1.78037,1.78993,2001-10-10 10:30:00.0,Intermediário
1.7783,1.78785,2001-10-10 11:00:00.0,Intermediário
1.77571,1.78525,2001-10-10 11:30:00.0,Intermediário
1.76612,1.77497,2001-10-10 12:00:00.0,Intermediário
1.76133,1.77144,2001-10-10 12:30:00.0,Intermediário
1.75983,1.76994,2001-10-10 13:00:00.0,Intermediário
1.76271,1.77219,2001-10-10 13:30:00.0,Intermediário
1.76159,1.77106,2001-10-10 14:00:00.0,Intermediário
1.76159,1.77106,2001-10-10 14:30:00.0,Intermediário
1.75867,1.76812,2001-10-10 15:00:00.0,Intermediário
1.75748,1.76885,2001-10-10 15:45:00.0,Intermediário
1.76118,1.77065,2001-10-10 16:02:00.0,Intermediário
1.7623,1.77177,2001-10-10 16:32:00.0,Fechamento Interbancário
1.76908,1.77248,2001-10-10 17:53:00.0,Fechamento
1.75931,1.77388,2001-10-11 09:43:00.0,Abertura
1.76703,1.77652,2001-10-11 10:00:00.0,Intermediário
1.77112,1.78063,2001-10-11 10:30:00.0,Intermediário
1.77026,1.77914,2001-10-11 11:00:00.0,Intermediário
1.76977,1.77928,2001-10-11 11:30:00.0,Intermediário
1.76876,1.77825,2001-10-11 12:00:00.0,Intermediário
1.7662,1.77505,2001-10-11 12:30:00.0,Intermediário
1.7684,1.77791,2001-10-11 13:00:00.0,Intermediário
1.76795,1.77682,2001-10-11 13:30:00.0,Intermediário
1.76908,1.77794,2001-10-11 14:00:00.0,Intermediário
1.7684,1.77727,2001-10-11 14:30:00.0,Intermediário
1.77058,1.78072,2001-10-11 15:00:00.0,Intermediário
1.77087,1.78038,2001-10-11 15:30:00.0,Intermediário
1.77112,1.78127,2001-10-11 16:00:00.0,Intermediário
1.77134,1.78086,2001-10-11 16:30:00.0,Fechamento Interbancário
1.77343,1.77684,2001-10-11 17:36:00.0,Fechamento
1.77893,1.79363,2001-10-15 09:57:00.0,Abertura
1.78044,1.79129,2001-10-15 10:00:00.0,Intermediário
1.78044,1.79129,2001-10-15 10:00:00.0,Intermediário
1.77665,1.7862,2001-10-15 10:35:00.0,Intermediário
1.77872,1.78763,2001-10-15 11:00:00.0,Intermediário
1.78019,1.78911,2001-10-15 11:30:00.0,Intermediário
1.78066,1.79023,2001-10-15 12:00:00.0,Intermediário
1.7802,1.78977,2001-10-15 12:05:00.0,Intermediário
1.77904,1.7886,2001-10-15 12:30:00.0,Intermediário
1.777,1.78655,2001-10-15 13:00:00.0,Intermediário
1.77689,1.78581,2001-10-15 13:30:00.0,Intermediário
1.777,1.78591,2001-10-15 14:00:00.0,Intermediário
1.77677,1.78569,2001-10-15 14:30:00.0,Intermediário
1.77741,1.78698,2001-10-15 15:00:00.0,Intermediário
1.77753,1.78709,2001-10-15 15:30:00.0,Intermediário
1.77312,1.7833,2001-10-15 16:00:00.0,Intermediário
1.77357,1.78312,2001-10-15 16:30:00.0,Fechamento Interbancário
1.78092,1.78436,2001-10-15 17:49:00.0,Fechamento
1.7537,1.76828,2001-10-16 09:32:00.0,Abertura
1.76171,1.77055,2001-10-16 10:00:00.0,Intermediário
1.76638,1.77589,2001-10-16 10:30:00.0,Intermediário
1.75919,1.76866,2001-10-16 11:00:00.0,Intermediário
1.76566,1.77453,2001-10-16 11:30:00.0,Intermediário
1.76107,1.77055,2001-10-16 12:07:00.0,Intermediário
1.76438,1.77323,2001-10-16 12:30:00.0,Intermediário
1.76351,1.77235,2001-10-16 13:00:00.0,Intermediário
1.76351,1.773,2001-10-16 13:30:00.0,Intermediário
1.76363,1.77311,2001-10-16 14:00:00.0,Intermediário
1.76408,1.77356,2001-10-16 14:30:00.0,Intermediário
1.75288,1.76231,2001-10-16 15:00:00.0,Intermediário
1.74725,1.75667,2001-10-16 15:30:00.0,Intermediário
1.73009,1.73941,2001-10-16 16:00:00.0,Intermediário
1.72734,1.73858,2001-10-16 16:30:00.0,Fechamento Interbancário
1.75701,1.7604,2001-10-16 17:36:00.0,Fechamento
1.71751,1.7319,2001-10-17 09:38:00.0,Abertura
1.72441,1.73435,2001-10-17 10:00:00.0,Intermediário
1.73666,1.74537,2001-10-17 10:30:00.0,Intermediário
1.73546,1.74482,2001-10-17 11:00:00.0,Intermediário
1.73297,1.74231,2001-10-17 11:30:00.0,Intermediário
1.73339,1.74337,2001-10-17 12:00:00.0,Intermediário
1.73054,1.73987,2001-10-17 12:30:00.0,Intermediário
1.73079,1.74011,2001-10-17 13:00:00.0,Intermediário
1.73079,1.74011,2001-10-17 13:30:00.0,Intermediário
1.73035,1.73968,2001-10-17 14:00:00.0,Intermediário
1.7287,1.73801,2001-10-17 14:30:00.0,Intermediário
1.73113,1.74045,2001-10-17 15:00:00.0,Intermediário
1.73107,1.74104,2001-10-17 15:30:00.0,Intermediário
1.73219,1.74089,2001-10-17 16:00:00.0,Intermediário
1.73153,1.74086,2001-10-17 16:30:00.0,Fechamento Interbancário
1.7307,1.73405,2001-10-17 17:45:00.0,Fechamento
1.73433,1.74877,2001-10-18 09:37:00.0,Abertura
1.73913,1.74848,2001-10-18 10:00:00.0,Intermediário
1.73494,1.74364,2001-10-18 10:30:00.0,Intermediário
1.73285,1.74218,2001-10-18 11:00:00.0,Intermediário
1.73673,1.74608,2001-10-18 11:30:00.0,Intermediário
1.7367,1.74541,2001-10-18 12:00:00.0,Intermediário
1.73503,1.74372,2001-10-18 12:30:00.0,Intermediário
1.73795,1.74729,2001-10-18 13:00:00.0,Intermediário
1.73891,1.74826,2001-10-18 13:30:00.0,Intermediário
1.73825,1.74759,2001-10-18 14:00:00.0,Intermediário
1.73759,1.74692,2001-10-18 14:30:00.0,Intermediário
1.74012,1.74947,2001-10-18 15:00:00.0,Intermediário
1.73981,1.74853,2001-10-18 15:30:00.0,Intermediário
1.74319,1.75256,2001-10-18 16:00:00.0,Intermediário
1.74297,1.75234,2001-10-18 16:30:00.0,Fechamento Interbancário
1.73482,1.73817,2001-10-18 17:55:00.0,Fechamento
1.74525,1.75972,2001-10-19 09:47:00.0,Abertura
1.74961,1.75964,2001-10-19 10:00:00.0,Intermediário
1.75025,1.75964,2001-10-19 10:30:00.0,Intermediário
1.75039,1.75979,2001-10-19 11:00:00.0,Intermediário
1.75333,1.76274,2001-10-19 11:30:00.0,Intermediário
1.75009,1.75949,2001-10-19 12:00:00.0,Intermediário
1.74898,1.759,2001-10-19 12:30:00.0,Intermediário
1.74819,1.75759,2001-10-19 13:00:00.0,Intermediário
1.74864,1.75803,2001-10-19 13:30:00.0,Intermediário
1.74964,1.75904,2001-10-19 14:00:00.0,Intermediário
1.74887,1.75826,2001-10-19 14:30:00.0,Intermediário
1.72906,1.7409,2001-10-19 15:00:00.0,Intermediário
1.73181,1.74239,2001-10-19 15:30:00.0,Intermediário
1.73087,1.74018,2001-10-19 16:00:00.0,Intermediário
1.72917,1.73974,2001-10-19 16:30:00.0,Fechamento Interbancário
1.74684,1.75021,2001-10-19 17:40:00.0,Fechamento
1.72375,1.73811,2001-10-22 09:42:00.0,Abertura
1.72589,1.73581,2001-10-22 10:00:00.0,Intermediário
1.72063,1.72989,2001-10-22 10:30:00.0,Intermediário
1.71486,1.72411,2001-10-22 11:00:00.0,Intermediário
1.7174,1.72601,2001-10-22 11:30:00.0,Intermediário
1.71749,1.72674,2001-10-22 12:00:00.0,Intermediário
1.71841,1.7283,2001-10-22 12:30:00.0,Intermediário
1.71736,1.72661,2001-10-22 13:00:00.0,Intermediário
1.71704,1.72628,2001-10-22 13:30:00.0,Intermediário
1.7179,1.72716,2001-10-22 14:00:00.0,Intermediário
1.71704,1.72628,2001-10-22 14:30:00.0,Intermediário
1.71344,1.72394,2001-10-22 15:00:00.0,Intermediário
1.71756,1.72744,2001-10-22 15:30:00.0,Intermediário
1.71704,1.72755,2001-10-22 16:00:00.0,Intermediário
1.71882,1.72808,2001-10-22 16:30:00.0,Fechamento Interbancário
1.71885,1.72217,2001-10-22 17:39:00.0,Fechamento
1.71097,1.72527,2001-10-23 09:30:00.0,Abertura
1.71586,1.72446,2001-10-23 10:00:00.0,Intermediário
1.71199,1.72121,2001-10-23 10:30:00.0,Intermediário
1.70913,1.7177,2001-10-23 11:00:00.0,Intermediário
1.71905,1.72831,2001-10-23 11:30:00.0,Intermediário
1.72536,1.73465,2001-10-23 12:00:00.0,Intermediário
1.72431,1.73296,2001-10-23 12:30:00.0,Intermediário
1.73003,1.73934,2001-10-23 13:00:00.0,Intermediário
1.72906,1.73837,2001-10-23 13:30:00.0,Intermediário
1.72796,1.73726,2001-10-23 14:00:00.0,Intermediário
1.72841,1.73771,2001-10-23 14:30:00.0,Intermediário
1.7311,1.74042,2001-10-23 15:00:00.0,Intermediário
1.73511,1.74445,2001-10-23 15:30:00.0,Intermediário
1.73165,1.74098,2001-10-23 16:06:00.0,Intermediário
1.73224,1.74156,2001-10-23 16:30:00.0,Fechamento Interbancário
1.72511,1.72845,2001-10-23 17:23:00.0,Fechamento
1.72753,1.74193,2001-10-24 09:37:00.0,Abertura
1.72946,1.73877,2001-10-24 10:00:00.0,Intermediário
1.73188,1.74121,2001-10-24 10:30:00.0,Intermediário
1.74026,1.75025,2001-10-24 11:00:00.0,Intermediário
1.73998,1.74934,2001-10-24 11:30:00.0,Intermediário
1.73561,1.74557,2001-10-24 12:00:00.0,Intermediário
1.73341,1.74273,2001-10-24 12:30:00.0,Intermediário
1.73717,1.74652,2001-10-24 13:00:00.0,Intermediário
1.73607,1.74541,2001-10-24 13:30:00.0,Intermediário
1.7364,1.74574,2001-10-24 14:00:00.0,Intermediário
1.73728,1.74663,2001-10-24 14:30:00.0,Intermediário
1.73789,1.74724,2001-10-24 15:00:00.0,Intermediário
1.74001,1.75001,2001-10-24 15:30:00.0,Intermediário
1.74751,1.75626,2001-10-24 16:00:00.0,Intermediário
1.74888,1.75765,2001-10-24 16:30:00.0,Fechamento Interbancário
1.74094,1.7443,2001-10-24 17:50:00.0,Fechamento
1.75344,1.76794,2001-10-25 09:41:00.0,Abertura
1.74299,1.75236,2001-10-25 10:00:00.0,Intermediário
1.73811,1.74746,2001-10-25 10:30:00.0,Intermediário
1.73879,1.74877,2001-10-25 11:00:00.0,Intermediário
1.74309,1.75246,2001-10-25 11:30:00.0,Intermediário
1.74086,1.75021,2001-10-25 12:00:00.0,Intermediário
1.74161,1.75096,2001-10-25 12:30:00.0,Intermediário
1.73805,1.74675,2001-10-25 13:00:00.0,Intermediário
1.73651,1.74585,2001-10-25 13:30:00.0,Intermediário
1.73607,1.7454,2001-10-25 14:00:00.0,Intermediário
1.73773,1.74707,2001-10-25 14:30:00.0,Intermediário
1.7307,1.74065,2001-10-25 15:00:00.0,Intermediário
1.72354,1.73346,2001-10-25 15:30:00.0,Intermediário
1.72074,1.73,2001-10-25 16:00:00.0,Intermediário
1.72008,1.72935,2001-10-25 16:30:00.0,Fechamento Interbancário
1.73997,1.74333,2001-10-25 17:53:00.0,Fechamento
1.72917,1.74037,2001-10-26 09:45:00.0,Abertura
1.73387,1.7432,2001-10-26 10:00:00.0,Intermediário
1.72747,1.73741,2001-10-26 10:30:00.0,Intermediário
1.72568,1.73498,2001-10-26 11:00:00.0,Intermediário
1.72944,1.73938,2001-10-26 11:30:00.0,Intermediário
1.73081,1.74013,2001-10-26 12:00:00.0,Intermediário
1.72743,1.73609,2001-10-26 12:30:00.0,Intermediário
1.72743,1.73672,2001-10-26 13:00:00.0,Intermediário
1.72825,1.73692,2001-10-26 13:30:00.0,Intermediário
1.72814,1.73681,2001-10-26 14:00:00.0,Intermediário
1.7288,1.73747,2001-10-26 14:30:00.0,Intermediário
1.73101,1.74032,2001-10-26 15:00:00.0,Intermediário
1.72614,1.73606,2001-10-26 15:30:00.0,Intermediário
1.72168,1.73031,2001-10-26 16:00:00.0,Intermediário
1.72204,1.73131,2001-10-26 16:30:00.0,Fechamento Interbancário
1.72727,1.7306,2001-10-26 17:49:00.0,Fechamento
1.73153,1.74593,2001-10-29 09:42:00.0,Abertura
1.73345,1.74468,2001-10-29 10:00:00.0,Intermediário
1.73168,1.74098,2001-10-29 10:30:00.0,Intermediário
1.72229,1.73219,2001-10-29 11:00:00.0,Intermediário
1.72306,1.7336,2001-10-29 11:30:00.0,Intermediário
1.7238,1.73244,2001-10-29 12:00:00.0,Intermediário
1.72251,1.73178,2001-10-29 12:30:00.0,Intermediário
1.71861,1.72785,2001-10-29 13:00:00.0,Intermediário
1.71852,1.72777,2001-10-29 13:30:00.0,Intermediário
1.71993,1.7292,2001-10-29 14:00:00.0,Intermediário
1.71982,1.72909,2001-10-29 14:30:00.0,Intermediário
1.71792,1.72718,2001-10-29 15:00:00.0,Intermediário
1.72657,1.73714,2001-10-29 15:30:00.0,Intermediário
1.72445,1.7331,2001-10-29 16:00:00.0,Intermediário
1.72362,1.7329,2001-10-29 16:30:00.0,Fechamento Interbancário
1.72776,1.7311,2001-10-29 17:45:00.0,Fechamento
1.72441,1.73877,2001-10-30 09:43:00.0,Abertura
1.73043,1.74037,2001-10-30 10:00:00.0,Intermediário
1.72854,1.73783,2001-10-30 10:30:00.0,Intermediário
1.72661,1.7359,2001-10-30 11:00:00.0,Intermediário
1.72107,1.73097,2001-10-30 11:30:00.0,Intermediário
1.72013,1.72939,2001-10-30 12:00:00.0,Intermediário
1.71481,1.72404,2001-10-30 12:30:00.0,Intermediário
1.71718,1.72643,2001-10-30 13:00:00.0,Intermediário
1.72196,1.73123,2001-10-30 13:30:00.0,Intermediário
1.72022,1.72948,2001-10-30 14:00:00.0,Intermediário
1.72043,1.7297,2001-10-30 14:30:00.0,Intermediário
1.71928,1.72917,2001-10-30 15:00:00.0,Intermediário
1.71895,1.72758,2001-10-30 15:30:00.0,Intermediário
1.71895,1.72821,2001-10-30 16:00:00.0,Intermediário
1.71917,1.72843,2001-10-30 16:30:00.0,Fechamento Interbancário
1.72342,1.72675,2001-10-30 17:36:00.0,Fechamento
1.71051,1.72476,2001-10-31 09:40:00.0,Abertura
1.71367,1.72288,2001-10-31 10:00:00.0,Intermediário
1.70752,1.71734,2001-10-31 10:30:00.0,Intermediário
1.70822,1.71741,2001-10-31 11:00:00.0,Intermediário
1.70548,1.71465,2001-10-31 11:30:00.0,Intermediário
1.70235,1.71214,2001-10-31 12:00:00.0,Intermediário
1.69946,1.70798,2001-10-31 12:30:00.0,Intermediário
1.68397,1.69431,2001-10-31 13:00:00.0,Intermediário
1.68544,1.69453,2001-10-31 13:30:00.0,Intermediário
1.68704,1.69614,2001-10-31 14:00:00.0,Intermediário
1.68567,1.69474,2001-10-31 14:30:00.0,Intermediário
1.69664,1.70578,2001-10-31 15:11:00.0,Intermediário
1.69518,1.70558,2001-10-31 15:30:00.0,Intermediário
1.69602,1.70453,2001-10-31 16:00:00.0,Intermediário
1.69414,1.70453,2001-10-31 16:30:00.0,Fechamento Interbancário
1.70284,1.70611,2001-10-31 17:47:00.0,Fechamento
1.6793,1.69338,2001-11-01 09:43:00.0,Abertura
1.68369,1.69339,2001-11-01 10:00:00.0,Intermediário
1.68288,1.69194,2001-11-01 10:30:00.0,Intermediário
1.67975,1.6888,2001-11-01 11:00:00.0,Intermediário
1.67463,1.68366,2001-11-01 11:30:00.0,Intermediário
1.67766,1.6867,2001-11-01 12:00:00.0,Intermediário
1.67912,1.68754,2001-11-01 12:30:00.0,Intermediário
1.68623,1.69657,2001-11-01 13:00:00.0,Intermediário
1.68498,1.69468,2001-11-01 13:30:00.0,Intermediário
1.68403,1.69372,2001-11-01 14:05:00.0,Intermediário
1.68498,1.69468,2001-11-01 14:30:00.0,Intermediário
1.68038,1.69069,2001-11-01 15:00:00.0,Intermediário
1.68393,1.69489,2001-11-01 15:30:00.0,Intermediário
1.67305,1.68711,2001-11-01 16:00:00.0,Intermediário
1.67378,1.6828,2001-11-01 16:30:00.0,Fechamento Interbancário
1.67995,1.68319,2001-11-01 17:13:00.0,Fechamento
1.65321,1.66718,2001-11-05 09:53:00.0,Abertura
1.65258,1.66151,2001-11-05 10:00:00.0,Intermediário
1.65227,1.66182,2001-11-05 10:30:00.0,Intermediário
1.65467,1.6636,2001-11-05 11:00:00.0,Intermediário
1.65227,1.66119,2001-11-05 11:30:00.0,Intermediário
1.64769,1.6566,2001-11-05 12:00:00.0,Intermediário
1.6362,1.64506,2001-11-05 12:30:00.0,Intermediário
1.636,1.64611,2001-11-05 13:00:00.0,Intermediário
1.63569,1.6458,2001-11-05 13:30:00.0,Intermediário
1.63508,1.64518,2001-11-05 14:00:00.0,Intermediário
1.63375,1.64383,2001-11-05 14:30:00.0,Intermediário
1.61927,1.62928,2001-11-05 15:00:00.0,Intermediário
1.62121,1.63062,2001-11-05 15:30:00.0,Intermediário
1.62547,1.6349,2001-11-05 16:00:00.0,Intermediário
1.6264,1.63647,2001-11-05 16:30:00.0,Fechamento Interbancário
1.64305,1.64623,2001-11-05 17:52:00.0,Fechamento
1.6207,1.6345,2001-11-06 09:46:00.0,Abertura
1.62163,1.63041,2001-11-06 10:00:00.0,Intermediário
1.63166,1.64111,2001-11-06 10:30:00.0,Intermediário
1.62525,1.63531,2001-11-06 11:00:00.0,Intermediário
1.62435,1.63251,2001-11-06 11:30:00.0,Intermediário
1.62366,1.63244,2001-11-06 12:00:00.0,Intermediário
1.6254,1.63482,2001-11-06 12:30:00.0,Intermediário
1.62895,1.63713,2001-11-06 13:00:00.0,Intermediário
1.62936,1.63754,2001-11-06 13:30:00.0,Intermediário
1.62987,1.63806,2001-11-06 14:00:00.0,Intermediário
1.63058,1.63878,2001-11-06 14:30:00.0,Intermediário
1.62307,1.63312,2001-11-06 15:00:00.0,Intermediário
1.62412,1.63291,2001-11-06 15:30:00.0,Intermediário
1.62943,1.63888,2001-11-06 16:00:00.0,Intermediário
1.62953,1.63898,2001-11-06 16:30:00.0,Fechamento Interbancário
1.62968,1.63284,2001-11-06 17:26:00.0,Fechamento
1.64069,1.6546,2001-11-07 09:36:00.0,Abertura
1.63389,1.64399,2001-11-07 10:00:00.0,Intermediário
1.63985,1.64808,2001-11-07 10:30:00.0,Intermediário
1.63776,1.64725,2001-11-07 11:00:00.0,Intermediário
1.63901,1.64787,2001-11-07 11:30:00.0,Intermediário
1.63659,1.64544,2001-11-07 12:00:00.0,Intermediário
1.63803,1.64626,2001-11-07 12:30:00.0,Intermediário
1.63073,1.63955,2001-11-07 13:00:00.0,Intermediário
1.62981,1.63862,2001-11-07 13:30:00.0,Intermediário
1.62991,1.63872,2001-11-07 14:00:00.0,Intermediário
1.62867,1.63749,2001-11-07 14:30:00.0,Intermediário
1.6263,1.63574,2001-11-07 15:00:00.0,Intermediário
1.60988,1.61923,2001-11-07 15:30:00.0,Intermediário
1.5986,1.60915,2001-11-07 16:00:00.0,Intermediário
1.59758,1.60625,2001-11-07 16:30:00.0,Fechamento Interbancário
1.62804,1.63119,2001-11-07 17:23:00.0,Fechamento
1.59275,1.63152,2001-11-08 09:44:00.0,Abertura
1.59275,1.60642,2001-11-08 10:01:00.0,Intermediário
1.59338,1.60328,2001-11-08 10:03:00.0,Intermediário
1.60402,1.61334,2001-11-08 10:30:00.0,Intermediário
1.60327,1.61196,2001-11-08 11:00:00.0,Intermediário
1.5988,1.6081,2001-11-08 11:30:00.0,Intermediário
1.59939,1.60742,2001-11-08 12:00:00.0,Intermediário
1.59525,1.60453,2001-11-08 12:30:00.0,Intermediário
1.59236,1.60037,2001-11-08 13:00:00.0,Intermediário
1.59323,1.6025,2001-11-08 13:30:00.0,Intermediário
1.59264,1.6019,2001-11-08 14:00:00.0,Intermediário
1.59294,1.6022,2001-11-08 14:30:00.0,Intermediário
1.59498,1.60364,2001-11-08 15:05:00.0,Intermediário
1.59146,1.60135,2001-11-08 15:30:00.0,Intermediário
1.57868,1.58726,2001-11-08 16:00:00.0,Intermediário
1.58013,1.58871,2001-11-08 16:30:00.0,Fechamento Interbancário
1.59679,1.59989,2001-11-08 17:47:00.0,Fechamento
1.58541,1.59902,2001-11-09 09:51:00.0,Abertura
1.5868,1.59667,2001-11-09 10:00:00.0,Intermediário
1.57891,1.58686,2001-11-09 10:30:00.0,Intermediário
1.5822,1.5908,2001-11-09 11:00:00.0,Intermediário
1.58486,1.59347,2001-11-09 11:30:00.0,Intermediário
1.58473,1.59333,2001-11-09 12:00:00.0,Intermediário
1.586,1.59586,2001-11-09 12:30:00.0,Intermediário
1.58092,1.5895,2001-11-09 13:00:00.0,Intermediário
1.57665,1.58521,2001-11-09 13:30:00.0,Intermediário
1.57704,1.5856,2001-11-09 14:00:00.0,Intermediário
1.57733,1.58589,2001-11-09 14:30:00.0,Intermediário
1.57088,1.58003,2001-11-09 15:00:00.0,Intermediário
1.57386,1.58241,2001-11-09 15:30:00.0,Intermediário
1.57665,1.58646,2001-11-09 16:00:00.0,Intermediário
1.57737,1.58656,2001-11-09 16:30:00.0,Fechamento Interbancário
1.57826,1.58132,2001-11-09 17:24:00.0,Fechamento
1.57884,1.59241,2001-11-12 09:54:00.0,Abertura
1.58067,1.59113,2001-11-12 10:00:00.0,Intermediário
1.58746,1.59607,2001-11-12 10:30:00.0,Intermediário
1.58166,1.59087,2001-11-12 11:00:00.0,Intermediário
1.57947,1.58804,2001-11-12 11:30:00.0,Intermediário
1.57947,1.58866,2001-11-12 12:00:00.0,Intermediário
1.58228,1.59087,2001-11-12 12:30:00.0,Intermediário
1.59245,1.60546,2001-11-12 13:10:00.0,Intermediário
1.59265,1.60566,2001-11-12 13:39:00.0,Intermediário
1.59315,1.60616,2001-11-12 14:00:00.0,Intermediário
1.59344,1.60646,2001-11-12 14:30:00.0,Intermediário
1.59118,1.59981,2001-11-12 15:00:00.0,Intermediário
1.5865,1.59511,2001-11-12 15:30:00.0,Intermediário
1.58533,1.59392,2001-11-12 16:00:00.0,Intermediário
1.58618,1.59478,2001-11-12 16:30:00.0,Fechamento Interbancário
1.58821,1.59129,2001-11-12 17:27:00.0,Fechamento
1.58329,1.5969,2001-11-13 09:34:00.0,Abertura
1.57536,1.58518,2001-11-13 10:00:00.0,Intermediário
1.58211,1.5907,2001-11-13 10:30:00.0,Intermediário
1.58202,1.58997,2001-11-13 11:00:00.0,Intermediário
1.57919,1.58776,2001-11-13 11:30:00.0,Intermediário
1.58151,1.58947,2001-11-13 12:02:00.0,Intermediário
1.57997,1.58855,2001-11-13 12:30:00.0,Intermediário
1.58036,1.58895,2001-11-13 13:00:00.0,Intermediário
1.57947,1.58806,2001-11-13 13:30:00.0,Intermediário
1.58007,1.58865,2001-11-13 14:00:00.0,Intermediário
1.58016,1.58875,2001-11-13 14:30:00.0,Intermediário
1.56857,1.57773,2001-11-13 15:00:00.0,Intermediário
1.57294,1.58149,2001-11-13 15:38:00.0,Intermediário
1.57464,1.58257,2001-11-13 16:00:00.0,Intermediário
1.57392,1.58247,2001-11-13 16:39:00.0,Fechamento Interbancário
1.58105,1.58413,2001-11-13 17:23:00.0,Fechamento
1.57732,1.59093,2001-11-14 09:34:00.0,Abertura
1.58643,1.59567,2001-11-14 10:03:00.0,Intermediário
1.58643,1.59567,2001-11-14 10:03:00.0,Intermediário
1.5899,1.59791,2001-11-14 10:30:00.0,Intermediário
1.5865,1.59511,2001-11-14 11:00:00.0,Intermediário
1.58481,1.59342,2001-11-14 11:30:00.0,Intermediário
1.58445,1.59307,2001-11-14 12:00:00.0,Intermediário
1.58706,1.59569,2001-11-14 12:30:00.0,Intermediário
1.58752,1.59741,2001-11-14 13:00:00.0,Intermediário
1.58593,1.5958,2001-11-14 13:30:00.0,Intermediário
1.58463,1.59449,2001-11-14 14:00:00.0,Intermediário
1.58512,1.59499,2001-11-14 14:30:00.0,Intermediário
1.58876,1.59739,2001-11-14 15:00:00.0,Intermediário
1.58864,1.59789,2001-11-14 15:30:00.0,Intermediário
1.59418,1.60409,2001-11-14 16:00:00.0,Intermediário
1.59468,1.60333,2001-11-14 16:30:00.0,Fechamento Interbancário
1.58604,1.58913,2001-11-14 18:05:00.0,Fechamento
1.59355,1.60724,2001-11-16 09:47:00.0,Abertura
1.59726,1.60593,2001-11-16 10:10:00.0,Intermediário
1.59076,1.60129,2001-11-16 10:30:00.0,Intermediário
1.59382,1.60248,2001-11-16 11:00:00.0,Intermediário
1.5926,1.60187,2001-11-16 11:30:00.0,Intermediário
1.59162,1.60089,2001-11-16 12:00:00.0,Intermediário
1.5926,1.6025,2001-11-16 12:30:00.0,Intermediário
1.59395,1.60323,2001-11-16 13:00:00.0,Intermediário
1.59448,1.6025,2001-11-16 13:30:00.0,Intermediário
1.59528,1.60331,2001-11-16 14:00:00.0,Intermediário
1.59468,1.6027,2001-11-16 14:30:00.0,Intermediário
1.59253,1.60181,2001-11-16 15:00:00.0,Intermediário
1.58836,1.59699,2001-11-16 15:30:00.0,Intermediário
1.58776,1.5964,2001-11-16 16:00:00.0,Intermediário
1.5865,1.59513,2001-11-16 16:30:00.0,Fechamento Interbancário
1.59527,1.59838,2001-11-16 17:17:00.0,Fechamento
1.5807,1.59436,2001-11-19 09:40:00.0,Abertura
1.57818,1.58677,2001-11-19 10:11:00.0,Intermediário
1.58388,1.5925,2001-11-19 10:30:00.0,Intermediário
1.58285,1.59084,2001-11-19 11:00:00.0,Intermediário
1.58381,1.59243,2001-11-19 11:30:00.0,Intermediário
1.58236,1.59098,2001-11-19 12:00:00.0,Intermediário
1.58395,1.59258,2001-11-19 12:30:00.0,Intermediário
1.58365,1.59227,2001-11-19 13:00:00.0,Intermediário
1.58435,1.59298,2001-11-19 13:30:00.0,Intermediário
1.58345,1.59207,2001-11-19 14:00:00.0,Intermediário
1.58275,1.59137,2001-11-19 14:30:00.0,Intermediário
1.58203,1.59127,2001-11-19 15:00:00.0,Intermediário
1.58226,1.59086,2001-11-19 15:30:00.0,Intermediário
1.58398,1.59259,2001-11-19 16:00:00.0,Intermediário
1.58398,1.59259,2001-11-19 16:30:00.0,Fechamento Interbancário
1.58232,1.58539,2001-11-19 17:38:00.0,Fechamento
1.57695,1.59056,2001-11-20 09:49:00.0,Abertura
1.58209,1.59258,2001-11-20 10:06:00.0,Intermediário
1.58593,1.59391,2001-11-20 10:30:00.0,Intermediário
1.5868,1.59605,2001-11-20 11:09:00.0,Intermediário
1.58888,1.59751,2001-11-20 11:30:00.0,Intermediário
1.58703,1.59565,2001-11-20 12:00:00.0,Intermediário
1.58773,1.59635,2001-11-20 12:30:00.0,Intermediário
1.58939,1.59802,2001-11-20 13:00:00.0,Intermediário
1.58979,1.59842,2001-11-20 13:30:00.0,Intermediário
1.58928,1.59791,2001-11-20 14:00:00.0,Intermediário
1.58868,1.59731,2001-11-20 14:30:00.0,Intermediário
1.5931,1.60175,2001-11-20 15:00:00.0,Intermediário
1.59223,1.6015,2001-11-20 15:30:00.0,Intermediário
1.59436,1.60489,2001-11-20 16:00:00.0,Intermediário
1.59565,1.6062,2001-11-20 16:30:00.0,Fechamento Interbancário
1.58725,1.59034,2001-11-20 17:21:00.0,Fechamento
1.59007,1.60371,2001-11-21 09:57:00.0,Abertura
1.58965,1.59827,2001-11-21 10:09:00.0,Intermediário
1.58982,1.59845,2001-11-21 10:30:00.0,Intermediário
1.58381,1.59303,2001-11-21 11:00:00.0,Intermediário
1.58789,1.5965,2001-11-21 11:30:00.0,Intermediário
1.58072,1.58994,2001-11-21 12:00:00.0,Intermediário
1.58312,1.59172,2001-11-21 12:30:00.0,Intermediário
1.57882,1.58738,2001-11-21 13:00:00.0,Intermediário
1.57816,1.58735,2001-11-21 13:30:00.0,Intermediário
1.57757,1.58676,2001-11-21 14:00:00.0,Intermediário
1.57718,1.58636,2001-11-21 14:30:00.0,Intermediário
1.57862,1.58718,2001-11-21 15:00:00.0,Intermediário
1.57954,1.58748,2001-11-21 15:30:00.0,Intermediário
1.58248,1.59044,2001-11-21 16:00:00.0,Intermediário
1.58298,1.59094,2001-11-21 16:30:00.0,Fechamento Interbancário
1.58422,1.58729,2001-11-21 17:18:00.0,Fechamento
1.57747,1.59104,2001-11-22 09:56:00.0,Abertura
1.57809,1.58728,2001-11-22 10:08:00.0,Intermediário
1.58187,1.59045,2001-11-22 10:30:00.0,Intermediário
1.58354,1.59213,2001-11-22 11:00:00.0,Intermediário
1.5822,1.59078,2001-11-22 11:30:00.0,Intermediário
1.58138,1.58996,2001-11-22 12:00:00.0,Intermediário
1.5818,1.59038,2001-11-22 12:30:00.0,Intermediário
1.58302,1.59161,2001-11-22 13:00:00.0,Intermediário
1.58302,1.59161,2001-11-22 13:30:00.0,Intermediário
1.58282,1.59141,2001-11-22 14:00:00.0,Intermediário
1.58321,1.59181,2001-11-22 14:30:00.0,Intermediário
1.58548,1.59346,2001-11-22 15:00:00.0,Intermediário
1.58403,1.59263,2001-11-22 15:30:00.0,Intermediário
1.58312,1.59108,2001-11-22 16:00:00.0,Intermediário
1.57885,1.58742,2001-11-22 16:30:00.0,Fechamento Interbancário
1.58356,1.58664,2001-11-22 17:31:00.0,Fechamento
1.57468,1.58825,2001-11-23 09:44:00.0,Abertura
1.57166,1.58083,2001-11-23 10:03:00.0,Intermediário
1.57461,1.58254,2001-11-23 10:30:00.0,Intermediário
1.56554,1.57406,2001-11-23 11:00:00.0,Intermediário
1.57109,1.57963,2001-11-23 11:30:00.0,Intermediário
1.5707,1.57923,2001-11-23 12:00:00.0,Intermediário
1.5708,1.57933,2001-11-23 12:30:00.0,Intermediário
1.56817,1.57669,2001-11-23 13:00:00.0,Intermediário
1.56787,1.57702,2001-11-23 13:30:00.0,Intermediário
1.5664,1.57555,2001-11-23 14:00:00.0,Intermediário
1.56738,1.57653,2001-11-23 14:30:00.0,Intermediário
1.56627,1.57542,2001-11-23 15:00:00.0,Intermediário
1.56345,1.57196,2001-11-23 15:30:00.0,Intermediário
1.56184,1.56971,2001-11-23 16:00:00.0,Intermediário
1.5601,1.56859,2001-11-23 16:30:00.0,Fechamento Interbancário
1.56861,1.57166,2001-11-23 17:12:00.0,Fechamento
1.54792,1.56136,2001-11-26 09:51:00.0,Abertura
1.54998,1.55843,2001-11-26 10:00:00.0,Intermediário
1.55642,1.56489,2001-11-26 10:30:00.0,Intermediário
1.55608,1.56518,2001-11-26 11:00:00.0,Intermediário
1.55333,1.56178,2001-11-26 11:30:00.0,Intermediário
1.55151,1.56058,2001-11-26 12:00:00.0,Intermediário
1.55333,1.56115,2001-11-26 12:30:00.0,Intermediário
1.55049,1.55892,2001-11-26 13:00:00.0,Intermediário
1.55223,1.56005,2001-11-26 13:30:00.0,Intermediário
1.55097,1.55878,2001-11-26 14:00:00.0,Intermediário
1.55146,1.55927,2001-11-26 14:30:00.0,Intermediário
1.55247,1.56154,2001-11-26 15:00:00.0,Intermediário
1.54949,1.55792,2001-11-26 15:30:00.0,Intermediário
1.54331,1.55234,2001-11-26 16:00:00.0,Intermediário
1.54508,1.5535,2001-11-26 16:30:00.0,Fechamento Interbancário
1.55343,1.55646,2001-11-26 17:18:00.0,Fechamento
1.5365,1.54991,2001-11-27 09:46:00.0,Abertura
1.54049,1.54891,2001-11-27 10:00:00.0,Intermediário
1.53476,1.54252,2001-11-27 10:30:00.0,Intermediário
1.53828,1.54667,2001-11-27 11:00:00.0,Intermediário
1.53886,1.54788,2001-11-27 11:30:00.0,Intermediário
1.53934,1.54774,2001-11-27 12:00:00.0,Intermediário
1.53862,1.54639,2001-11-27 12:30:00.0,Intermediário
1.5376,1.54537,2001-11-27 13:00:00.0,Intermediário
1.53655,1.54493,2001-11-27 13:30:00.0,Intermediário
1.53568,1.54406,2001-11-27 14:00:00.0,Intermediário
1.53626,1.54464,2001-11-27 14:30:00.0,Intermediário
1.54271,1.55112,2001-11-27 15:00:00.0,Intermediário
1.54876,1.55719,2001-11-27 15:30:00.0,Intermediário
1.54208,1.55111,2001-11-27 16:00:00.0,Intermediário
1.54313,1.55154,2001-11-27 16:30:00.0,Fechamento Interbancário
1.54043,1.54344,2001-11-27 17:34:00.0,Fechamento
1.55363,1.56713,2001-11-28 09:46:00.0,Abertura
1.55479,1.56326,2001-11-28 10:00:00.0,Intermediário
1.5505,1.56021,2001-11-28 10:30:00.0,Intermediário
1.55799,1.56585,2001-11-28 11:00:00.0,Intermediário
1.56028,1.56878,2001-11-28 11:30:00.0,Intermediário
1.5614,1.56991,2001-11-28 12:00:00.0,Intermediário
1.56207,1.57058,2001-11-28 12:30:00.0,Intermediário
1.56045,1.56958,2001-11-28 13:00:00.0,Intermediário
1.56172,1.57023,2001-11-28 13:30:00.0,Intermediário
1.56182,1.57033,2001-11-28 14:00:00.0,Intermediário
1.56281,1.57133,2001-11-28 14:30:00.0,Intermediário
1.56271,1.57123,2001-11-28 15:00:00.0,Intermediário
1.56645,1.57435,2001-11-28 15:30:00.0,Intermediário
1.5634,1.57192,2001-11-28 16:00:00.0,Intermediário
1.56271,1.57123,2001-11-28 16:30:00.0,Fechamento Interbancário
1.56589,1.56895,2001-11-28 17:46:00.0,Fechamento
1.57433,1.58798,2001-11-29 09:43:00.0,Abertura
1.57965,1.58825,2001-11-29 10:00:00.0,Intermediário
1.58015,1.58938,2001-11-29 10:30:00.0,Intermediário
1.58065,1.58925,2001-11-29 11:00:00.0,Intermediário
1.57819,1.58614,2001-11-29 11:30:00.0,Intermediário
1.57703,1.58625,2001-11-29 12:00:00.0,Intermediário
1.56913,1.57958,2001-11-29 12:30:00.0,Intermediário
1.56976,1.57831,2001-11-29 13:00:00.0,Intermediário
1.57015,1.57871,2001-11-29 13:30:00.0,Intermediário
1.57104,1.57961,2001-11-29 14:00:00.0,Intermediário
1.56806,1.57661,2001-11-29 14:30:00.0,Intermediário
1.57941,1.58801,2001-11-29 15:00:00.0,Intermediário
1.58999,1.59928,2001-11-29 15:30:00.0,Intermediário
1.60173,1.61043,2001-11-29 16:00:00.0,Intermediário
1.59897,1.60767,2001-11-29 16:30:00.0,Fechamento Interbancário
1.58153,1.58462,2001-11-29 17:28:00.0,Fechamento
1.59572,1.60948,2001-11-30 09:52:00.0,Abertura
1.59703,1.60763,2001-11-30 10:00:00.0,Intermediário
1.61168,1.62044,2001-11-30 10:30:00.0,Intermediário
1.60315,1.61314,2001-11-30 11:00:00.0,Intermediário
1.60409,1.61281,2001-11-30 11:30:00.0,Intermediário
1.60009,1.61006,2001-11-30 12:00:00.0,Intermediário
1.59786,1.60656,2001-11-30 12:30:00.0,Intermediário
1.60058,1.60993,2001-11-30 13:00:00.0,Intermediário
1.60273,1.61208,2001-11-30 13:30:00.0,Intermediário
1.60241,1.61177,2001-11-30 14:00:00.0,Intermediário
1.6014,1.61076,2001-11-30 14:30:00.0,Intermediário
1.5913,1.6006,2001-11-30 15:00:00.0,Intermediário
1.59485,1.60291,2001-11-30 15:30:00.0,Intermediário
1.58097,1.58959,2001-11-30 16:00:00.0,Intermediário
1.5816,1.59086,2001-11-30 16:30:00.0,Fechamento Interbancário
1.60492,1.60807,2001-11-30 17:34:00.0,Fechamento
1.57835,1.59204,2001-12-03 09:42:00.0,Abertura
1.57483,1.58533,2001-12-03 10:00:00.0,Intermediário
1.57095,1.58208,2001-12-03 10:30:00.0,Intermediário
1.57226,1.58148,2001-12-03 11:00:00.0,Intermediário
1.56633,1.57488,2001-12-03 11:30:00.0,Intermediário
1.55331,1.56307,2001-12-03 12:00:00.0,Intermediário
1.55984,1.56835,2001-12-03 12:30:00.0,Intermediário
1.56188,1.57167,2001-12-03 13:00:00.0,Intermediário
1.56137,1.5699,2001-12-03 13:30:00.0,Intermediário
1.56088,1.5694,2001-12-03 14:00:00.0,Intermediário
1.56127,1.5698,2001-12-03 14:30:00.0,Intermediário
1.55604,1.56454,2001-12-03 15:00:00.0,Intermediário
1.55297,1.56146,2001-12-03 15:30:00.0,Intermediário
1.55064,1.55911,2001-12-03 16:00:00.0,Intermediário
1.55068,1.55915,2001-12-03 16:30:00.0,Fechamento Interbancário
1.5632,1.56627,2001-12-03 18:11:00.0,Fechamento
1.53062,1.54408,2001-12-04 09:42:00.0,Abertura
1.53948,1.5479,2001-12-04 10:00:00.0,Intermediário
1.53374,1.54277,2001-12-04 10:30:00.0,Intermediário
1.53841,1.54684,2001-12-04 11:00:00.0,Intermediário
1.53852,1.54694,2001-12-04 11:30:00.0,Intermediário
1.5392,1.547,2001-12-04 12:00:00.0,Intermediário
1.53651,1.54429,2001-12-04 12:30:00.0,Intermediário
1.53856,1.54698,2001-12-04 13:00:00.0,Intermediário
1.53885,1.54728,2001-12-04 13:30:00.0,Intermediário
1.53885,1.54728,2001-12-04 14:00:00.0,Intermediário
1.53885,1.54728,2001-12-04 14:30:00.0,Intermediário
1.5408,1.54924,2001-12-04 15:00:00.0,Intermediário
1.54165,1.55072,2001-12-04 15:30:00.0,Intermediário
1.5478,1.55562,2001-12-04 16:00:00.0,Intermediário
1.54599,1.55445,2001-12-04 16:30:00.0,Fechamento Interbancário
1.54293,1.54598,2001-12-04 17:34:00.0,Fechamento
1.52633,1.53978,2001-12-05 09:35:00.0,Abertura
1.52857,1.53694,2001-12-05 10:00:00.0,Intermediário
1.52945,1.53719,2001-12-05 10:30:00.0,Intermediário
1.53203,1.54106,2001-12-05 11:00:00.0,Intermediário
1.53935,1.54841,2001-12-05 11:30:00.0,Intermediário
1.54481,1.55453,2001-12-05 12:00:00.0,Intermediário
1.54612,1.5565,2001-12-05 12:30:00.0,Intermediário
1.54227,1.55135,2001-12-05 13:00:00.0,Intermediário
1.54434,1.55343,2001-12-05 13:30:00.0,Intermediário
1.54384,1.55293,2001-12-05 14:00:00.0,Intermediário
1.54384,1.55293,2001-12-05 14:30:00.0,Intermediário
1.53837,1.54679,2001-12-05 15:00:00.0,Intermediário
1.5455,1.55459,2001-12-05 15:30:00.0,Intermediário
1.54595,1.55504,2001-12-05 16:00:00.0,Intermediário
1.54648,1.55494,2001-12-05 16:30:00.0,Fechamento Interbancário
1.54401,1.54706,2001-12-05 17:23:00.0,Fechamento
1.55246,1.56605,2001-12-06 09:50:00.0,Abertura
1.55749,1.56601,2001-12-06 10:00:00.0,Intermediário
1.55618,1.56405,2001-12-06 10:30:00.0,Intermediário
1.55232,1.56081,2001-12-06 11:00:00.0,Intermediário
1.55268,1.5618,2001-12-06 11:30:00.0,Intermediário
1.54197,1.5504,2001-12-06 12:00:00.0,Intermediário
1.54412,1.5532,2001-12-06 12:30:00.0,Intermediário
1.54304,1.55085,2001-12-06 13:00:00.0,Intermediário
1.54275,1.55119,2001-12-06 13:30:00.0,Intermediário
1.54216,1.5506,2001-12-06 14:00:00.0,Intermediário
1.54129,1.54971,2001-12-06 14:30:00.0,Intermediário
1.53423,1.54262,2001-12-06 15:00:00.0,Intermediário
1.52707,1.53543,2001-12-06 15:31:00.0,Intermediário
1.53082,1.5392,2001-12-06 16:00:00.0,Intermediário
1.53116,1.53954,2001-12-06 16:30:00.0,Fechamento Interbancário
1.55044,1.55349,2001-12-06 17:45:00.0,Fechamento
1.52376,1.53719,2001-12-07 09:45:00.0,Abertura
1.52468,1.5343,2001-12-07 10:00:00.0,Intermediário
1.52259,1.53029,2001-12-07 10:30:00.0,Intermediário
1.52234,1.53068,2001-12-07 11:00:00.0,Intermediário
1.52117,1.52951,2001-12-07 11:30:00.0,Intermediário
1.51939,1.529,2001-12-07 12:00:00.0,Intermediário
1.51939,1.52773,2001-12-07 12:30:00.0,Intermediário
1.51783,1.52744,2001-12-07 13:00:00.0,Intermediário
1.51885,1.52719,2001-12-07 13:30:00.0,Intermediário
1.51837,1.5267,2001-12-07 14:00:00.0,Intermediário
1.51953,1.52786,2001-12-07 14:30:00.0,Intermediário
1.51997,1.5283,2001-12-07 15:00:00.0,Intermediário
1.51856,1.52817,2001-12-07 15:30:00.0,Intermediário
1.51228,1.52186,2001-12-07 16:00:00.0,Intermediário
1.51355,1.52249,2001-12-07 16:30:00.0,Fechamento Interbancário
1.52237,1.52538,2001-12-07 17:44:00.0,Fechamento
1.49707,1.51038,2001-12-10 09:45:00.0,Abertura
1.49853,1.50676,2001-12-10 10:00:00.0,Intermediário
1.49821,1.50707,2001-12-10 10:30:00.0,Intermediário
1.49909,1.50796,2001-12-10 11:00:00.0,Intermediário
1.50302,1.51063,2001-12-10 11:30:00.0,Intermediário
1.50033,1.50857,2001-12-10 12:00:00.0,Intermediário
1.49616,1.50437,2001-12-10 12:30:00.0,Intermediário
1.49223,1.50043,2001-12-10 13:00:00.0,Intermediário
1.48718,1.49536,2001-12-10 13:30:00.0,Intermediário
1.4869,1.49508,2001-12-10 14:00:00.0,Intermediário
1.48775,1.49593,2001-12-10 14:30:00.0,Intermediário
1.48016,1.48895,2001-12-10 15:00:00.0,Intermediário
1.47342,1.48216,2001-12-10 15:30:00.0,Intermediário
1.4762,1.48561,2001-12-10 16:00:00.0,Intermediário
1.47358,1.4817,2001-12-10 16:30:00.0,Fechamento Interbancário
1.49184,1.49479,2001-12-10 17:42:00.0,Fechamento
1.46669,1.47985,2001-12-11 09:42:00.0,Abertura
1.46726,1.47789,2001-12-11 10:00:00.0,Intermediário
1.48253,1.49069,2001-12-11 10:30:00.0,Intermediário
1.48262,1.49077,2001-12-11 11:00:00.0,Intermediário
1.47583,1.4846,2001-12-11 11:30:00.0,Intermediário
1.47927,1.48742,2001-12-11 12:00:00.0,Intermediário
1.47935,1.48749,2001-12-11 12:30:00.0,Intermediário
1.47663,1.48476,2001-12-11 13:00:00.0,Intermediário
1.477,1.48513,2001-12-11 13:30:00.0,Intermediário
1.47607,1.48419,2001-12-11 14:00:00.0,Intermediário
1.47513,1.48325,2001-12-11 14:30:00.0,Intermediário
1.47883,1.4876,2001-12-11 15:00:00.0,Intermediário
1.48344,1.4916,2001-12-11 15:30:00.0,Intermediário
1.49899,1.50913,2001-12-11 16:00:00.0,Intermediário
1.50337,1.51225,2001-12-11 16:30:00.0,Fechamento Interbancário
1.48319,1.48612,2001-12-11 17:27:00.0,Fechamento
1.48571,1.49901,2001-12-12 09:45:00.0,Abertura
1.49366,1.50188,2001-12-12 10:00:00.0,Intermediário
1.49656,1.50479,2001-12-12 10:30:00.0,Intermediário
1.49347,1.50169,2001-12-12 11:00:00.0,Intermediário
1.49589,1.50413,2001-12-12 11:30:00.0,Intermediário
1.4993,1.50755,2001-12-12 12:00:00.0,Intermediário
1.49733,1.50556,2001-12-12 12:30:00.0,Intermediário
1.50169,1.50995,2001-12-12 13:00:00.0,Intermediário
1.50226,1.51053,2001-12-12 13:30:00.0,Intermediário
1.5016,1.50985,2001-12-12 14:00:00.0,Intermediário
1.50226,1.51053,2001-12-12 14:30:00.0,Intermediário
1.51112,1.51943,2001-12-12 15:00:00.0,Intermediário
1.50943,1.51964,2001-12-12 15:30:00.0,Intermediário
1.50966,1.51795,2001-12-12 16:00:00.0,Intermediário
1.50918,1.51747,2001-12-12 16:30:00.0,Fechamento Interbancário
1.5012,1.50416,2001-12-12 17:42:00.0,Fechamento
1.50914,1.52255,2001-12-13 09:52:00.0,Abertura
1.51379,1.5221,2001-12-13 10:00:00.0,Intermediário
1.51615,1.52383,2001-12-13 10:30:00.0,Intermediário
1.52188,1.53022,2001-12-13 11:00:00.0,Intermediário
1.51923,1.52757,2001-12-13 11:30:00.0,Intermediário
1.51889,1.52658,2001-12-13 12:00:00.0,Intermediário
1.51747,1.5258,2001-12-13 12:30:00.0,Intermediário
1.51469,1.52301,2001-12-13 13:00:00.0,Intermediário
1.51663,1.52495,2001-12-13 13:30:00.0,Intermediário
1.51546,1.52378,2001-12-13 14:00:00.0,Intermediário
1.51575,1.52408,2001-12-13 14:30:00.0,Intermediário
1.51855,1.52688,2001-12-13 15:00:00.0,Intermediário
1.51816,1.52713,2001-12-13 15:30:00.0,Intermediário
1.50852,1.51682,2001-12-13 16:12:00.0,Intermediário
1.50881,1.5171,2001-12-13 16:30:00.0,Fechamento Interbancário
1.51775,1.52074,2001-12-13 19:05:00.0,Fechamento
1.5181,1.53156,2001-12-14 09:45:00.0,Abertura
1.52217,1.53116,2001-12-14 10:00:00.0,Intermediário
1.52236,1.53071,2001-12-14 10:30:00.0,Intermediário
1.51698,1.5253,2001-12-14 11:00:00.0,Intermediário
1.51698,1.5253,2001-12-14 11:30:00.0,Intermediário
1.51643,1.52476,2001-12-14 12:00:00.0,Intermediário
1.51781,1.52678,2001-12-14 12:30:00.0,Intermediário
1.52136,1.52972,2001-12-14 13:00:00.0,Intermediário
1.52063,1.52898,2001-12-14 13:30:00.0,Intermediário
1.51976,1.5281,2001-12-14 14:00:00.0,Intermediário
1.51985,1.5282,2001-12-14 14:30:00.0,Intermediário
1.52498,1.53336,2001-12-14 15:00:00.0,Intermediário
1.51771,1.52606,2001-12-14 15:30:00.0,Intermediário
1.51691,1.52525,2001-12-14 16:00:00.0,Intermediário
1.51736,1.52569,2001-12-14 16:30:00.0,Fechamento Interbancário
1.5238,1.52682,2001-12-14 17:16:00.0,Fechamento
1.51475,1.52822,2001-12-17 09:54:00.0,Abertura
1.51829,1.52727,2001-12-17 10:00:00.0,Intermediário
1.51662,1.52688,2001-12-17 10:30:00.0,Intermediário
1.51078,1.52101,2001-12-17 11:00:00.0,Intermediário
1.50369,1.51196,2001-12-17 11:30:00.0,Intermediário
1.50463,1.51356,2001-12-17 12:00:00.0,Intermediário
1.50412,1.5124,2001-12-17 12:30:00.0,Intermediário
1.50623,1.51452,2001-12-17 13:00:00.0,Intermediário
1.50686,1.51516,2001-12-17 13:30:00.0,Intermediário
1.50783,1.51612,2001-12-17 14:00:00.0,Intermediário
1.50629,1.51458,2001-12-17 14:30:00.0,Intermediário
1.5061,1.51438,2001-12-17 15:00:00.0,Intermediário
1.5,1.5089,2001-12-17 15:30:00.0,Intermediário
1.50083,1.50845,2001-12-17 16:00:00.0,Intermediário
1.50039,1.50864,2001-12-17 16:30:00.0,Fechamento Interbancário
1.5041,1.50708,2001-12-17 17:49:00.0,Fechamento
1.49027,1.50358,2001-12-18 09:50:00.0,Abertura
1.49357,1.50116,2001-12-18 10:00:00.0,Intermediário
1.49411,1.50234,2001-12-18 10:30:00.0,Intermediário
1.48976,1.49796,2001-12-18 11:00:00.0,Intermediário
1.48846,1.49665,2001-12-18 11:30:00.0,Intermediário
1.48888,1.49707,2001-12-18 12:00:00.0,Intermediário
1.48516,1.49334,2001-12-18 12:30:00.0,Intermediário
1.48663,1.49481,2001-12-18 13:00:00.0,Intermediário
1.48625,1.49443,2001-12-18 13:30:00.0,Intermediário
1.48503,1.4932,2001-12-18 14:00:00.0,Intermediário
1.48597,1.49415,2001-12-18 14:30:00.0,Intermediário
1.48733,1.49488,2001-12-18 15:00:00.0,Intermediário
1.48151,1.4903,2001-12-18 15:30:00.0,Intermediário
1.47224,1.48035,2001-12-18 16:00:00.0,Intermediário
1.47254,1.48066,2001-12-18 16:30:00.0,Fechamento Interbancário
1.48608,1.48903,2001-12-18 17:51:00.0,Fechamento
1.45273,1.46583,2001-12-19 09:43:00.0,Abertura
1.45788,1.46529,2001-12-19 10:00:00.0,Intermediário
1.45319,1.46121,2001-12-19 10:30:00.0,Intermediário
1.45427,1.46166,2001-12-19 11:00:00.0,Intermediário
1.45158,1.45958,2001-12-19 11:30:00.0,Intermediário
1.44471,1.45268,2001-12-19 12:00:00.0,Intermediário
1.45107,1.46099,2001-12-19 12:30:00.0,Intermediário
1.45542,1.46346,2001-12-19 13:00:00.0,Intermediário
1.45441,1.46244,2001-12-19 13:30:00.0,Intermediário
1.4545,1.46253,2001-12-19 14:00:00.0,Intermediário
1.45441,1.46244,2001-12-19 14:30:00.0,Intermediário
1.44807,1.45607,2001-12-19 15:03:00.0,Intermediário
1.44555,1.45481,2001-12-19 15:30:00.0,Intermediário
1.45575,1.46379,2001-12-19 16:13:00.0,Intermediário
1.45575,1.46379,2001-12-19 16:39:00.0,Fechamento Interbancário
1.45353,1.45642,2001-12-19 18:14:00.0,Fechamento
1.47578,1.48899,2001-12-20 09:38:00.0,Abertura
1.4749,1.48365,2001-12-20 10:00:00.0,Intermediário
1.46632,1.47503,2001-12-20 10:30:00.0,Intermediário
1.46194,1.47063,2001-12-20 11:00:00.0,Intermediário
1.46447,1.47381,2001-12-20 11:30:00.0,Intermediário
1.46256,1.47063,2001-12-20 12:00:00.0,Intermediário
1.46465,1.47273,2001-12-20 12:30:00.0,Intermediário
1.45952,1.47011,2001-12-20 13:00:00.0,Intermediário
1.46112,1.46918,2001-12-20 13:30:00.0,Intermediário
1.46233,1.47039,2001-12-20 14:00:00.0,Intermediário
1.46196,1.47002,2001-12-20 14:30:00.0,Intermediário
1.46412,1.47219,2001-12-20 15:00:00.0,Intermediário
1.46709,1.47581,2001-12-20 15:30:00.0,Intermediário
1.47414,1.48226,2001-12-20 16:00:00.0,Intermediário
1.47312,1.48187,2001-12-20 16:30:00.0,Fechamento Interbancário
1.46761,1.47052,2001-12-20 17:24:00.0,Fechamento
1.47953,1.49274,2001-12-21 09:36:00.0,Abertura
1.46673,1.4748,2001-12-21 10:00:00.0,Intermediário
1.46331,1.47137,2001-12-21 10:30:00.0,Intermediário
1.46556,1.47299,2001-12-21 11:00:00.0,Intermediário
1.46988,1.47797,2001-12-21 11:30:00.0,Intermediário
1.47254,1.48128,2001-12-21 12:00:00.0,Intermediário
1.47373,1.48184,2001-12-21 12:30:00.0,Intermediário
1.47981,1.48858,2001-12-21 13:00:00.0,Intermediário
1.47953,1.4883,2001-12-21 13:30:00.0,Intermediário
1.47598,1.48473,2001-12-21 14:00:00.0,Intermediário
1.47561,1.48436,2001-12-21 14:30:00.0,Intermediário
1.47822,1.48635,2001-12-21 15:00:00.0,Intermediário
1.47502,1.48377,2001-12-21 15:30:00.0,Intermediário
1.47169,1.47979,2001-12-21 16:00:00.0,Intermediário
1.47249,1.48059,2001-12-21 16:30:00.0,Fechamento Interbancário
0.0,0.0,2001-12-21 17:59:00.0,Intermediário
1.46755,1.47044,2001-12-21 23:55:00.0,Fechamento
1.46159,1.47464,2001-12-24 09:57:00.0,Abertura
1.45929,1.47233,2001-12-24 10:00:00.0,Intermediário
1.4592,1.46722,2001-12-24 10:30:00.0,Intermediário
1.45778,1.4658,2001-12-24 11:00:00.0,Intermediário
1.45623,1.46423,2001-12-24 11:33:00.0,Fechamento Interbancário
1.4609,1.46378,2001-12-24 11:47:00.0,Fechamento
1.44806,1.46106,2001-12-26 09:53:00.0,Abertura
1.44959,1.45758,2001-12-26 10:00:00.0,Intermediário
1.44289,1.45084,2001-12-26 10:30:00.0,Intermediário
1.44306,1.45164,2001-12-26 11:00:00.0,Intermediário
1.44643,1.45439,2001-12-26 11:36:00.0,Intermediário
1.44687,1.45609,2001-12-26 12:00:00.0,Intermediário
1.44552,1.45473,2001-12-26 12:30:00.0,Intermediário
1.44587,1.45383,2001-12-26 13:04:00.0,Intermediário
1.44605,1.45401,2001-12-26 13:30:00.0,Intermediário
1.44587,1.45383,2001-12-26 14:00:00.0,Intermediário
1.44596,1.45392,2001-12-26 14:30:00.0,Intermediário
1.44702,1.45562,2001-12-26 15:00:00.0,Intermediário
1.44711,1.45507,2001-12-26 15:31:00.0,Intermediário
1.45245,1.46106,2001-12-26 16:00:00.0,Intermediário
1.44985,1.45782,2001-12-26 16:30:00.0,Fechamento Interbancário
1.44273,1.44557,2001-12-26 17:30:00.0,Fechamento
1.43507,1.44799,2001-12-27 09:42:00.0,Abertura
1.44086,1.44879,2001-12-27 10:00:00.0,Intermediário
1.44341,1.45135,2001-12-27 10:30:00.0,Intermediário
1.44575,1.45307,2001-12-27 11:00:00.0,Intermediário
1.44368,1.45162,2001-12-27 11:30:00.0,Intermediário
1.44379,1.45172,2001-12-27 12:00:00.0,Intermediário
1.44748,1.45545,2001-12-27 12:30:00.0,Intermediário
1.45092,1.4589,2001-12-27 13:00:00.0,Intermediário
1.44783,1.4558,2001-12-27 13:30:00.0,Intermediário
1.44882,1.45679,2001-12-27 14:00:00.0,Intermediário
1.44864,1.45661,2001-12-27 14:30:00.0,Intermediário
1.45351,1.46151,2001-12-27 15:00:00.0,Intermediário
1.45297,1.46097,2001-12-27 15:30:00.0,Intermediário
1.45592,1.46393,2001-12-27 16:00:00.0,Intermediário
1.45644,1.46445,2001-12-27 16:30:00.0,Fechamento Interbancário
1.45162,1.45448,2001-12-27 17:53:00.0,Fechamento
1.44444,1.45741,2001-12-28 09:32:00.0,Abertura
1.44507,1.45303,2001-12-28 10:00:00.0,Intermediário
1.44668,1.45527,2001-12-28 10:30:00.0,Intermediário
1.44881,1.45679,2001-12-28 11:00:00.0,Intermediário
1.44837,1.45635,2001-12-28 11:30:00.0,Intermediário
1.45236,1.45973,2001-12-28 12:00:00.0,Intermediário
1.45227,1.45963,2001-12-28 12:30:00.0,Intermediário
1.45421,1.46284,2001-12-28 13:00:00.0,Intermediário
1.45349,1.46148,2001-12-28 13:30:00.0,Intermediário
1.45311,1.46111,2001-12-28 14:00:00.0,Intermediário
1.45349,1.46148,2001-12-28 14:30:00.0,Intermediário
1.45296,1.46095,2001-12-28 15:00:00.0,Intermediário
1.44501,1.45359,2001-12-28 15:35:00.0,Intermediário
1.44798,1.45658,2001-12-28 16:00:00.0,Intermediário
1.44716,1.45513,2001-12-28 16:30:00.0,Fechamento Interbancário
1.45548,1.45836,2001-12-28 17:49:00.0,Fechamento
1.45541,1.46266,2001-12-31 09:43:00.0,Abertura
1.45477,1.46202,2001-12-31 10:00:00.0,Intermediário
1.45477,1.46202,2001-12-31 10:30:00.0,Intermediário
1.45495,1.4622,2001-12-31 11:00:00.0,Intermediário
1.45312,1.46036,2001-12-31 11:30:00.0,Fechamento Interbancário
1.45457,1.45745,2001-12-31 12:28:00.0,Fechamento
