cotacaoCompra,cotacaoVenda,dataHoraCotacao,tipoBoletim
2.23618,2.25294,2003-01-02 09:57:00.0,Abertura
2.2343,2.25105,2003-01-02 10:00:00.0,Intermediário
2.23301,2.24975,2003-01-02 10:30:00.0,Intermediário
2.22913,2.24268,2003-01-02 11:00:00.0,Intermediário
2.22708,2.23934,2003-01-02 11:30:00.0,Intermediário
2.22172,2.23394,2003-01-02 12:00:00.0,Intermediário
2.22249,2.23471,2003-01-02 12:30:00.0,Intermediário
2.22938,2.24608,2003-01-02 13:00:00.0,Intermediário
2.23892,2.25251,2003-01-02 13:34:00.0,Intermediário
2.23807,2.25166,2003-01-02 14:00:00.0,Intermediário
2.23765,2.25123,2003-01-02 14:30:00.0,Intermediário
2.2413,2.25426,2003-01-02 15:00:00.0,Intermediário
2.23779,2.25138,2003-01-02 15:30:00.0,Intermediário
2.23637,2.24994,2003-01-02 16:00:00.0,Intermediário
2.24067,2.25427,2003-01-02 16:30:00.0,Fechamento Interbancário
2.23709,2.24127,2003-01-02 17:54:00.0,Fechamento
2.22803,2.24477,2003-01-03 09:42:00.0,Abertura
2.21743,2.23285,2003-01-03 10:00:00.0,Intermediário
2.21453,2.2293,2003-01-03 10:30:00.0,Intermediário
2.20873,2.22155,2003-01-03 11:00:00.0,Intermediário
2.21531,2.22753,2003-01-03 11:30:00.0,Intermediário
2.21277,2.22561,2003-01-03 12:00:00.0,Intermediário
2.20462,2.21679,2003-01-03 12:30:00.0,Intermediário
2.2042,2.21764,2003-01-03 13:00:00.0,Intermediário
2.20138,2.21482,2003-01-03 13:30:00.0,Intermediário
2.2042,2.21764,2003-01-03 14:00:00.0,Intermediário
2.20364,2.21708,2003-01-03 14:30:00.0,Intermediário
2.18008,2.19661,2003-01-03 15:00:00.0,Intermediário
2.18687,2.20023,2003-01-03 15:30:00.0,Intermediário
2.18758,2.20094,2003-01-03 16:00:00.0,Intermediário
2.19009,2.20668,2003-01-03 16:30:00.0,Fechamento Interbancário
2.21353,2.21766,2003-01-03 17:46:00.0,Fechamento
2.17723,2.19377,2003-01-06 09:57:00.0,Abertura
2.17692,2.19025,2003-01-06 10:00:00.0,Intermediário
2.16876,2.18206,2003-01-06 10:30:00.0,Intermediário
2.15221,2.16543,2003-01-06 11:00:00.0,Intermediário
2.14004,2.1532,2003-01-06 11:30:00.0,Intermediário
2.13183,2.14496,2003-01-06 12:00:00.0,Intermediário
2.13848,2.15163,2003-01-06 12:30:00.0,Intermediário
2.13416,2.1505,2003-01-06 13:00:00.0,Intermediário
2.13457,2.15091,2003-01-06 13:30:00.0,Intermediário
2.13689,2.15326,2003-01-06 14:00:00.0,Intermediário
2.13566,2.15202,2003-01-06 14:30:00.0,Intermediário
2.12995,2.14307,2003-01-06 15:00:00.0,Intermediário
2.1458,2.16221,2003-01-06 15:30:00.0,Intermediário
2.13662,2.15298,2003-01-06 16:00:00.0,Intermediário
2.13675,2.15312,2003-01-06 16:30:00.0,Fechamento Interbancário
2.15512,2.15917,2003-01-06 17:47:00.0,Fechamento
2.14014,2.1565,2003-01-07 09:50:00.0,Abertura
2.14036,2.15096,2003-01-07 10:00:00.0,Intermediário
2.14539,2.16179,2003-01-07 10:30:00.0,Intermediário
2.15593,2.16917,2003-01-07 11:00:00.0,Intermediário
2.14301,2.15941,2003-01-07 11:30:00.0,Intermediário
2.13932,2.15055,2003-01-07 12:00:00.0,Intermediário
2.12212,2.13714,2003-01-07 12:30:00.0,Intermediário
2.13205,2.14389,2003-01-07 13:00:00.0,Intermediário
2.13055,2.14238,2003-01-07 13:30:00.0,Intermediário
2.13096,2.14279,2003-01-07 14:00:00.0,Intermediário
2.13287,2.14472,2003-01-07 14:30:00.0,Intermediário
2.1149,2.12796,2003-01-07 15:00:00.0,Intermediário
2.1086,2.12161,2003-01-07 15:30:00.0,Intermediário
2.10376,2.11739,2003-01-07 16:00:00.0,Intermediário
2.10376,2.11867,2003-01-07 16:30:00.0,Fechamento Interbancário
2.13722,2.14124,2003-01-07 17:59:00.0,Fechamento
2.08343,2.09953,2003-01-08 09:58:00.0,Abertura
2.08755,2.10688,2003-01-08 10:00:00.0,Intermediário
2.09646,2.11263,2003-01-08 10:30:00.0,Intermediário
2.11425,2.12729,2003-01-08 11:00:00.0,Intermediário
2.11261,2.12564,2003-01-08 11:30:00.0,Intermediário
2.12144,2.13452,2003-01-08 12:00:00.0,Intermediário
2.11653,2.1283,2003-01-08 12:30:00.0,Intermediário
2.10801,2.12102,2003-01-08 13:00:00.0,Intermediário
2.10814,2.12116,2003-01-08 13:30:00.0,Intermediário
2.10882,2.12184,2003-01-08 14:00:00.0,Intermediário
2.10841,2.12143,2003-01-08 14:30:00.0,Intermediário
2.10009,2.11628,2003-01-08 15:03:00.0,Intermediário
2.1018,2.11414,2003-01-08 15:30:00.0,Intermediário
2.11856,2.13033,2003-01-08 16:00:00.0,Intermediário
2.11751,2.13376,2003-01-08 16:30:00.0,Fechamento Interbancário
2.11864,2.12263,2003-01-08 17:51:00.0,Fechamento
2.13981,2.1562,2003-01-09 09:58:00.0,Abertura
2.13771,2.15409,2003-01-09 10:00:00.0,Intermediário
2.14256,2.15574,2003-01-09 10:30:00.0,Intermediário
2.13341,2.14656,2003-01-09 11:00:00.0,Intermediário
2.12697,2.14008,2003-01-09 11:30:00.0,Intermediário
2.12747,2.13995,2003-01-09 12:00:00.0,Intermediário
2.13158,2.14279,2003-01-09 12:30:00.0,Intermediário
2.11932,2.13241,2003-01-09 13:00:00.0,Intermediário
2.11831,2.1346,2003-01-09 13:30:00.0,Intermediário
2.12009,2.13639,2003-01-09 14:00:00.0,Intermediário
2.12132,2.13762,2003-01-09 14:30:00.0,Intermediário
2.1211,2.13292,2003-01-09 15:00:00.0,Intermediário
2.13431,2.14812,2003-01-09 15:30:00.0,Intermediário
2.12807,2.1412,2003-01-09 16:00:00.0,Intermediário
2.12889,2.14203,2003-01-09 16:30:00.0,Fechamento Interbancário
2.14245,2.1465,2003-01-09 17:49:00.0,Fechamento
2.12457,2.14092,2003-01-10 09:42:00.0,Abertura
2.12205,2.13515,2003-01-10 10:00:00.0,Intermediário
2.12513,2.13826,2003-01-10 10:30:00.0,Intermediário
2.11113,2.12744,2003-01-10 11:00:00.0,Intermediário
2.11472,2.12844,2003-01-10 11:30:00.0,Intermediário
2.12164,2.13477,2003-01-10 12:04:00.0,Intermediário
2.12291,2.13604,2003-01-10 12:30:00.0,Intermediário
2.11143,2.12386,2003-01-10 13:00:00.0,Intermediário
2.11052,2.12424,2003-01-10 13:30:00.0,Intermediário
2.10957,2.12328,2003-01-10 14:00:00.0,Intermediário
2.1074,2.12109,2003-01-10 14:30:00.0,Intermediário
2.11807,2.13117,2003-01-10 15:00:00.0,Intermediário
2.11621,2.12931,2003-01-10 15:30:00.0,Intermediário
2.12029,2.13211,2003-01-10 16:00:00.0,Intermediário
2.1243,2.13743,2003-01-10 16:30:00.0,Fechamento Interbancário
2.12683,2.13085,2003-01-10 17:58:00.0,Fechamento
2.11893,2.13531,2003-01-13 09:52:00.0,Abertura
2.12383,2.13828,2003-01-13 10:00:00.0,Intermediário
2.12661,2.14041,2003-01-13 10:30:00.0,Intermediário
2.13187,2.14506,2003-01-13 11:00:00.0,Intermediário
2.12934,2.14185,2003-01-13 11:30:00.0,Intermediário
2.12471,2.13916,2003-01-13 12:00:00.0,Intermediário
2.12532,2.13717,2003-01-13 12:30:00.0,Intermediário
2.12879,2.14196,2003-01-13 13:00:00.0,Intermediário
2.12934,2.1425,2003-01-13 13:30:00.0,Intermediário
2.13114,2.14432,2003-01-13 14:00:00.0,Intermediário
2.13058,2.14376,2003-01-13 14:30:00.0,Intermediário
2.13497,2.14687,2003-01-13 15:00:00.0,Intermediário
2.13594,2.14849,2003-01-13 15:30:00.0,Intermediário
2.13663,2.14919,2003-01-13 16:00:00.0,Intermediário
2.13705,2.14961,2003-01-13 16:30:00.0,Fechamento Interbancário
2.13426,2.13829,2003-01-13 17:40:00.0,Fechamento
2.1323,2.14873,2003-01-14 09:56:00.0,Abertura
2.13438,2.14757,2003-01-14 10:00:00.0,Intermediário
2.11991,2.13368,2003-01-14 10:30:00.0,Intermediário
2.12226,2.13475,2003-01-14 11:00:00.0,Intermediário
2.12307,2.13948,2003-01-14 11:30:00.0,Intermediário
2.12134,2.13318,2003-01-14 12:00:00.0,Intermediário
2.11526,2.12773,2003-01-14 12:30:00.0,Intermediário
2.12334,2.1352,2003-01-14 13:00:00.0,Intermediário
2.12348,2.13534,2003-01-14 13:30:00.0,Intermediário
2.12114,2.13298,2003-01-14 14:00:00.0,Intermediário
2.12224,2.13409,2003-01-14 14:30:00.0,Intermediário
2.11378,2.12819,2003-01-14 15:00:00.0,Intermediário
2.11058,2.12237,2003-01-14 15:30:00.0,Intermediário
2.10826,2.12264,2003-01-14 16:00:00.0,Intermediário
2.11109,2.12223,2003-01-14 16:30:00.0,Fechamento Interbancário
2.12501,2.12904,2003-01-14 17:39:00.0,Fechamento
2.10861,2.12494,2003-01-15 09:40:00.0,Abertura
2.11427,2.12607,2003-01-15 10:00:00.0,Intermediário
2.12189,2.13503,2003-01-15 10:30:00.0,Intermediário
2.12679,2.14125,2003-01-15 11:00:00.0,Intermediário
2.12795,2.13916,2003-01-15 11:30:00.0,Intermediário
2.12395,2.1358,2003-01-15 12:00:00.0,Intermediário
2.1273,2.13981,2003-01-15 12:30:00.0,Intermediário
2.14011,2.15465,2003-01-15 13:01:00.0,Intermediário
2.14122,2.15576,2003-01-15 13:30:00.0,Intermediário
2.14052,2.15507,2003-01-15 14:00:00.0,Intermediário
2.14485,2.15942,2003-01-15 14:30:00.0,Intermediário
2.1539,2.1672,2003-01-15 15:00:00.0,Intermediário
2.16011,2.17344,2003-01-15 15:30:00.0,Intermediário
2.16059,2.17327,2003-01-15 16:00:00.0,Intermediário
2.15983,2.1712,2003-01-15 16:30:00.0,Fechamento Interbancário
2.14281,2.14687,2003-01-15 17:41:00.0,Fechamento
2.13807,2.15457,2003-01-16 09:41:00.0,Abertura
2.1377,2.15093,2003-01-16 10:00:00.0,Intermediário
2.13403,2.14659,2003-01-16 10:30:00.0,Intermediário
2.13835,2.15158,2003-01-16 11:00:00.0,Intermediário
2.14225,2.1542,2003-01-16 11:30:00.0,Intermediário
2.14086,2.1528,2003-01-16 12:00:00.0,Intermediário
2.14401,2.15662,2003-01-16 12:30:00.0,Intermediário
2.13528,2.1485,2003-01-16 13:00:00.0,Intermediário
2.13321,2.14641,2003-01-16 13:30:00.0,Intermediário
2.13668,2.1499,2003-01-16 14:00:00.0,Intermediário
2.13641,2.14962,2003-01-16 14:30:00.0,Intermediário
2.1339,2.1471,2003-01-16 15:00:00.0,Intermediário
2.13649,2.15102,2003-01-16 15:30:00.0,Intermediário
2.14652,2.15981,2003-01-16 16:00:00.0,Intermediário
2.14499,2.15825,2003-01-16 16:30:00.0,Fechamento Interbancário
2.14469,2.14877,2003-01-16 17:40:00.0,Fechamento
2.16972,2.18638,2003-01-17 09:46:00.0,Abertura
2.17267,2.19066,2003-01-17 10:00:00.0,Intermediário
2.17312,2.18652,2003-01-17 10:30:00.0,Intermediário
2.18442,2.19787,2003-01-17 11:00:00.0,Intermediário
2.19707,2.20928,2003-01-17 11:30:00.0,Intermediário
2.19745,2.21163,2003-01-17 12:00:00.0,Intermediário
2.19804,2.21286,2003-01-17 12:30:00.0,Intermediário
2.20267,2.21622,2003-01-17 13:00:00.0,Intermediário
2.2021,2.21564,2003-01-17 13:30:00.0,Intermediário
2.20239,2.21593,2003-01-17 14:00:00.0,Intermediário
2.20196,2.2155,2003-01-17 14:30:00.0,Intermediário
2.18746,2.19962,2003-01-17 15:00:00.0,Intermediário
2.18949,2.20165,2003-01-17 15:30:00.0,Intermediário
2.19345,2.20694,2003-01-17 16:00:00.0,Intermediário
2.1902,2.20694,2003-01-17 16:30:00.0,Fechamento Interbancário
2.18825,2.1924,2003-01-17 17:47:00.0,Fechamento
2.20726,2.22406,2003-01-20 09:55:00.0,Abertura
2.20798,2.22479,2003-01-20 10:00:00.0,Intermediário
2.21476,2.22834,2003-01-20 10:30:00.0,Intermediário
2.20445,2.21732,2003-01-20 11:00:00.0,Intermediário
2.21137,2.22298,2003-01-20 11:30:00.0,Intermediário
2.2118,2.22472,2003-01-20 12:00:00.0,Intermediário
2.2206,2.23423,2003-01-20 12:30:00.0,Intermediário
2.22798,2.24033,2003-01-20 13:00:00.0,Intermediário
2.22827,2.24063,2003-01-20 13:30:00.0,Intermediário
2.22769,2.24004,2003-01-20 14:00:00.0,Intermediário
2.22682,2.23916,2003-01-20 14:30:00.0,Intermediário
2.22234,2.23662,2003-01-20 15:00:00.0,Intermediário
2.22299,2.23858,2003-01-20 15:30:00.0,Intermediário
2.21374,2.22668,2003-01-20 16:02:00.0,Intermediário
2.21151,2.22508,2003-01-20 16:30:00.0,Fechamento Interbancário
2.21602,2.2202,2003-01-20 17:36:00.0,Fechamento
2.19384,2.21059,2003-01-21 09:56:00.0,Abertura
2.19889,2.21304,2003-01-21 10:00:00.0,Intermediário
2.21215,2.22703,2003-01-21 10:30:00.0,Intermediário
2.22717,2.24276,2003-01-21 11:00:00.0,Intermediário
2.22963,2.24459,2003-01-21 11:30:00.0,Intermediário
2.23972,2.25341,2003-01-21 12:00:00.0,Intermediário
2.25461,2.26838,2003-01-21 12:30:00.0,Intermediário
2.25521,2.26704,2003-01-21 13:00:00.0,Intermediário
2.25934,2.27183,2003-01-21 13:30:00.0,Intermediário
2.25905,2.27154,2003-01-21 14:00:00.0,Intermediário
2.25698,2.26946,2003-01-21 14:30:00.0,Intermediário
2.25104,2.26481,2003-01-21 15:00:00.0,Intermediário
2.25704,2.27149,2003-01-21 15:30:00.0,Intermediário
2.26035,2.27613,2003-01-21 16:00:00.0,Intermediário
2.2613,2.27773,2003-01-21 16:30:00.0,Fechamento Interbancário
2.24143,2.24566,2003-01-21 17:45:00.0,Fechamento
2.26567,2.28278,2003-01-22 09:38:00.0,Abertura
2.28996,2.30391,2003-01-22 10:00:00.0,Intermediário
2.30024,2.31357,2003-01-22 10:30:00.0,Intermediário
2.30138,2.31867,2003-01-22 11:00:00.0,Intermediário
2.29467,2.30864,2003-01-22 11:30:00.0,Intermediário
2.28401,2.29794,2003-01-22 12:00:00.0,Intermediário
2.28386,2.29975,2003-01-22 12:30:00.0,Intermediário
2.28596,2.29794,2003-01-22 13:00:00.0,Intermediário
2.28552,2.29749,2003-01-22 13:30:00.0,Intermediário
2.28641,2.29838,2003-01-22 14:00:00.0,Intermediário
2.28656,2.29853,2003-01-22 14:30:00.0,Intermediário
2.28676,2.30003,2003-01-22 15:00:00.0,Intermediário
2.28416,2.29809,2003-01-22 15:30:00.0,Intermediário
2.28446,2.29707,2003-01-22 16:00:00.0,Intermediário
2.28505,2.29898,2003-01-22 16:30:00.0,Fechamento Interbancário
2.29271,2.29704,2003-01-22 17:44:00.0,Fechamento
2.28822,2.30546,2003-01-23 09:53:00.0,Abertura
2.2843,2.29822,2003-01-23 10:00:00.0,Intermediário
2.27979,2.2924,2003-01-23 10:30:00.0,Intermediário
2.2747,2.28729,2003-01-23 11:00:00.0,Intermediário
2.27964,2.29356,2003-01-23 11:30:00.0,Intermediário
2.26344,2.27728,2003-01-23 12:00:00.0,Intermediário
2.28455,2.29851,2003-01-23 12:52:00.0,Intermediário
2.28519,2.29849,2003-01-23 13:00:00.0,Intermediário
2.28596,2.29927,2003-01-23 13:30:00.0,Intermediário
2.28416,2.29745,2003-01-23 14:00:00.0,Intermediário
2.28416,2.29745,2003-01-23 14:30:00.0,Intermediário
2.30762,2.32168,2003-01-23 15:00:00.0,Intermediário
2.30404,2.32006,2003-01-23 15:30:00.0,Intermediário
2.30596,2.32,2003-01-23 16:00:00.0,Intermediário
2.30686,2.32092,2003-01-23 16:30:00.0,Fechamento Interbancário
2.28483,2.28913,2003-01-23 17:45:00.0,Fechamento
2.31371,2.33109,2003-01-24 09:54:00.0,Abertura
2.33114,2.34861,2003-01-24 10:00:00.0,Intermediário
2.33319,2.34869,2003-01-24 10:30:00.0,Intermediário
2.33108,2.34524,2003-01-24 11:00:00.0,Intermediário
2.32292,2.34033,2003-01-24 11:30:00.0,Intermediário
2.33601,2.3502,2003-01-24 12:00:00.0,Intermediário
2.33716,2.35333,2003-01-24 12:30:00.0,Intermediário
2.34347,2.3577,2003-01-24 13:00:00.0,Intermediário
2.34763,2.36188,2003-01-24 13:30:00.0,Intermediário
2.34686,2.3611,2003-01-24 14:00:00.0,Intermediário
2.34733,2.36157,2003-01-24 14:30:00.0,Intermediário
2.36589,2.38023,2003-01-24 15:00:00.0,Intermediário
2.37636,2.39074,2003-01-24 15:30:00.0,Intermediário
2.37418,2.38855,2003-01-24 16:00:00.0,Intermediário
2.37511,2.38949,2003-01-24 16:30:00.0,Fechamento Interbancário
2.35948,2.36392,2003-01-24 17:42:00.0,Fechamento
2.40902,2.42686,2003-01-27 09:37:00.0,Abertura
2.41045,2.42699,2003-01-27 10:00:00.0,Intermediário
2.41171,2.42959,2003-01-27 10:30:00.0,Intermediário
2.40546,2.41999,2003-01-27 11:00:00.0,Intermediário
2.40451,2.41905,2003-01-27 11:30:00.0,Intermediário
2.40645,2.42229,2003-01-27 12:00:00.0,Intermediário
2.3862,2.40391,2003-01-27 12:30:00.0,Intermediário
2.37246,2.38682,2003-01-27 13:00:00.0,Intermediário
2.37386,2.38824,2003-01-27 13:30:00.0,Intermediário
2.37432,2.38871,2003-01-27 14:00:00.0,Intermediário
2.36841,2.38275,2003-01-27 14:30:00.0,Intermediário
2.38757,2.40528,2003-01-27 15:00:00.0,Intermediário
2.37816,2.39058,2003-01-27 15:30:00.0,Intermediário
2.37005,2.38506,2003-01-27 16:00:00.0,Intermediário
2.37005,2.38506,2003-01-27 16:30:00.0,Fechamento Interbancário
2.39837,2.40286,2003-01-27 17:45:00.0,Fechamento
2.3608,2.37837,2003-01-28 09:51:00.0,Abertura
2.36422,2.37853,2003-01-28 10:00:00.0,Intermediário
2.3691,2.38409,2003-01-28 10:30:00.0,Intermediário
2.36982,2.38614,2003-01-28 11:00:00.0,Intermediário
2.36982,2.3835,2003-01-28 11:30:00.0,Intermediário
2.36802,2.38234,2003-01-28 12:00:00.0,Intermediário
2.36614,2.37981,2003-01-28 12:30:00.0,Intermediário
2.37448,2.38884,2003-01-28 13:00:00.0,Intermediário
2.36643,2.37943,2003-01-28 13:30:00.0,Intermediário
2.36458,2.37758,2003-01-28 14:00:00.0,Intermediário
2.3632,2.37618,2003-01-28 14:30:00.0,Intermediário
2.36254,2.37615,2003-01-28 15:00:00.0,Intermediário
2.35968,2.37593,2003-01-28 15:30:00.0,Intermediário
2.36443,2.37873,2003-01-28 16:00:00.0,Intermediário
2.36627,2.38058,2003-01-28 16:30:00.0,Fechamento Interbancário
2.36698,2.37143,2003-01-28 17:47:00.0,Fechamento
2.39832,2.41609,2003-01-29 09:55:00.0,Abertura
2.40086,2.41603,2003-01-29 10:00:00.0,Intermediário
2.39927,2.41442,2003-01-29 10:30:00.0,Intermediário
2.39251,2.40632,2003-01-29 11:00:00.0,Intermediário
2.38546,2.40187,2003-01-29 11:30:00.0,Intermediário
2.38243,2.39619,2003-01-29 12:00:00.0,Intermediário
2.38804,2.40181,2003-01-29 12:30:00.0,Intermediário
2.38125,2.39367,2003-01-29 13:00:00.0,Intermediário
2.38499,2.39745,2003-01-29 13:30:00.0,Intermediário
2.38265,2.39508,2003-01-29 14:00:00.0,Intermediário
2.38499,2.39745,2003-01-29 14:30:00.0,Intermediário
2.36762,2.38197,2003-01-29 15:00:00.0,Intermediário
2.35934,2.37233,2003-01-29 15:30:00.0,Intermediário
2.35576,2.37004,2003-01-29 16:00:00.0,Intermediário
2.35529,2.36957,2003-01-29 16:30:00.0,Fechamento Interbancário
2.38879,2.39327,2003-01-29 17:38:00.0,Fechamento
2.32815,2.34557,2003-01-30 09:41:00.0,Abertura
2.33783,2.3507,2003-01-30 10:00:00.0,Intermediário
2.33544,2.34962,2003-01-30 10:30:00.0,Intermediário
2.31958,2.33695,2003-01-30 11:00:00.0,Intermediário
2.3175,2.32963,2003-01-30 11:30:00.0,Intermediário
2.30725,2.32261,2003-01-30 12:00:00.0,Intermediário
2.31881,2.33356,2003-01-30 12:30:00.0,Intermediário
2.32055,2.33399,2003-01-30 13:00:00.0,Intermediário
2.31758,2.331,2003-01-30 13:30:00.0,Intermediário
2.31864,2.33207,2003-01-30 14:00:00.0,Intermediário
2.31833,2.33177,2003-01-30 14:30:00.0,Intermediário
2.31828,2.3317,2003-01-30 15:00:00.0,Intermediário
2.31934,2.33343,2003-01-30 15:32:00.0,Intermediário
2.31527,2.33131,2003-01-30 16:00:00.0,Intermediário
2.31829,2.33238,2003-01-30 16:31:00.0,Fechamento Interbancário
2.3317,2.33606,2003-01-30 17:38:00.0,Fechamento
2.30234,2.31962,2003-01-31 09:40:00.0,Abertura
2.29722,2.31187,2003-01-31 10:00:00.0,Intermediário
2.30228,2.3163,2003-01-31 10:30:00.0,Intermediário
2.30198,2.31469,2003-01-31 11:00:00.0,Intermediário
2.30314,2.31715,2003-01-31 11:30:00.0,Intermediário
2.30163,2.31499,2003-01-31 12:00:00.0,Intermediário
2.30378,2.31649,2003-01-31 12:30:00.0,Intermediário
2.29803,2.31006,2003-01-31 13:00:00.0,Intermediário
2.29848,2.31051,2003-01-31 13:30:00.0,Intermediário
2.29893,2.31095,2003-01-31 14:00:00.0,Intermediário
2.30554,2.31762,2003-01-31 14:30:00.0,Intermediário
2.28988,2.30254,2003-01-31 15:00:00.0,Intermediário
2.29395,2.30664,2003-01-31 15:34:00.0,Intermediário
2.29392,2.30792,2003-01-31 16:04:00.0,Intermediário
2.30333,2.31738,2003-01-31 16:30:00.0,Fechamento Interbancário
2.31381,2.31817,2003-01-31 17:43:00.0,Fechamento
2.27533,2.29254,2003-02-03 09:58:00.0,Abertura
2.27697,2.29089,2003-02-03 10:00:00.0,Intermediário
2.27355,2.29403,2003-02-03 10:30:00.0,Intermediário
2.28102,2.29827,2003-02-03 11:09:00.0,Intermediário
2.28891,2.30289,2003-02-03 11:30:00.0,Intermediário
2.27833,2.29554,2003-02-03 12:02:00.0,Intermediário
2.28841,2.30436,2003-02-03 12:30:00.0,Intermediário
2.2995,2.31353,2003-02-03 13:00:00.0,Intermediário
2.30072,2.31277,2003-02-03 13:30:00.0,Intermediário
2.30223,2.3143,2003-02-03 14:00:00.0,Intermediário
2.30117,2.31323,2003-02-03 14:30:00.0,Intermediário
2.31142,2.32419,2003-02-03 15:00:00.0,Intermediário
2.31697,2.33109,2003-02-03 15:30:00.0,Intermediário
2.30901,2.32309,2003-02-03 16:00:00.0,Intermediário
2.30856,2.32197,2003-02-03 16:31:00.0,Fechamento Interbancário
2.29953,2.30388,2003-02-03 17:50:00.0,Fechamento
2.33102,2.3485,2003-02-04 09:57:00.0,Abertura
2.32749,2.34167,2003-02-04 10:00:00.0,Intermediário
2.32368,2.33783,2003-02-04 10:30:00.0,Intermediário
2.31137,2.32547,2003-02-04 11:00:00.0,Intermediário
2.32684,2.33902,2003-02-04 11:30:00.0,Intermediário
2.32633,2.33984,2003-02-04 12:00:00.0,Intermediário
2.33474,2.34762,2003-02-04 12:30:00.0,Intermediário
2.33151,2.34571,2003-02-04 13:00:00.0,Intermediário
2.33043,2.34462,2003-02-04 13:30:00.0,Intermediário
2.33089,2.34509,2003-02-04 14:00:00.0,Intermediário
2.33136,2.34555,2003-02-04 14:30:00.0,Intermediário
2.34282,2.35641,2003-02-04 15:00:00.0,Intermediário
2.34329,2.35556,2003-02-04 15:30:00.0,Intermediário
2.34206,2.3596,2003-02-04 16:00:00.0,Intermediário
2.34298,2.36053,2003-02-04 16:30:00.0,Fechamento Interbancário
2.33241,2.33681,2003-02-04 18:27:00.0,Fechamento
2.3587,2.37634,2003-02-05 09:39:00.0,Abertura
2.36406,2.37775,2003-02-05 10:00:00.0,Intermediário
2.36883,2.38453,2003-02-05 10:30:00.0,Intermediário
2.36506,2.37942,2003-02-05 11:00:00.0,Intermediário
2.36962,2.38399,2003-02-05 11:30:00.0,Intermediário
2.35804,2.37235,2003-02-05 12:00:00.0,Intermediário
2.35882,2.37115,2003-02-05 12:30:00.0,Intermediário
2.3563,2.37391,2003-02-05 13:00:00.0,Intermediário
2.35537,2.37297,2003-02-05 13:30:00.0,Intermediário
2.35257,2.37017,2003-02-05 14:00:00.0,Intermediário
2.35257,2.37017,2003-02-05 14:30:00.0,Intermediário
2.34415,2.3584,2003-02-05 15:00:00.0,Intermediário
2.33452,2.35068,2003-02-05 15:36:00.0,Intermediário
2.33116,2.34402,2003-02-05 16:07:00.0,Intermediário
2.33347,2.34633,2003-02-05 16:30:00.0,Fechamento Interbancário
2.35312,2.35754,2003-02-05 17:39:00.0,Fechamento
2.3519,2.36945,2003-02-06 09:50:00.0,Abertura
2.35063,2.36621,2003-02-06 10:00:00.0,Intermediário
2.35456,2.36751,2003-02-06 10:30:00.0,Intermediário
2.3481,2.36167,2003-02-06 11:00:00.0,Intermediário
2.36249,2.3768,2003-02-06 11:30:00.0,Intermediário
2.36757,2.37993,2003-02-06 12:00:00.0,Intermediário
2.37029,2.38268,2003-02-06 12:30:00.0,Intermediário
2.37292,2.3873,2003-02-06 13:00:00.0,Intermediário
2.37048,2.38419,2003-02-06 13:30:00.0,Intermediário
2.37064,2.38434,2003-02-06 14:00:00.0,Intermediário
2.37126,2.38497,2003-02-06 14:30:00.0,Intermediário
2.35994,2.37424,2003-02-06 15:00:00.0,Intermediário
2.36214,2.37646,2003-02-06 15:30:00.0,Intermediário
2.3579,2.37024,2003-02-06 16:01:00.0,Intermediário
2.36054,2.37288,2003-02-06 16:30:00.0,Fechamento Interbancário
2.37279,2.37726,2003-02-06 17:43:00.0,Fechamento
2.34874,2.36628,2003-02-07 09:56:00.0,Abertura
2.34874,2.36957,2003-02-07 10:00:00.0,Intermediário
2.34859,2.36086,2003-02-07 10:30:00.0,Intermediário
2.33822,2.35111,2003-02-07 11:00:00.0,Intermediário
2.34174,2.35464,2003-02-07 11:30:00.0,Intermediário
2.34033,2.35455,2003-02-07 12:00:00.0,Intermediário
2.32974,2.34325,2003-02-07 12:30:00.0,Intermediário
2.33174,2.34525,2003-02-07 13:00:00.0,Intermediário
2.33467,2.34886,2003-02-07 13:30:00.0,Intermediário
2.33328,2.34746,2003-02-07 14:00:00.0,Intermediário
2.33297,2.34716,2003-02-07 14:30:00.0,Intermediário
2.35091,2.36517,2003-02-07 15:00:00.0,Intermediário
2.35153,2.36382,2003-02-07 15:30:00.0,Intermediário
2.34987,2.36413,2003-02-07 16:00:00.0,Intermediário
2.34528,2.35952,2003-02-07 16:30:00.0,Fechamento Interbancário
2.34998,2.3544,2003-02-07 17:45:00.0,Fechamento
2.34378,2.3613,2003-02-10 09:57:00.0,Abertura
2.34546,2.36299,2003-02-10 10:00:00.0,Intermediário
2.3635,2.37913,2003-02-10 10:30:00.0,Intermediário
2.35726,2.36957,2003-02-10 11:00:00.0,Intermediário
2.35514,2.36942,2003-02-10 11:30:00.0,Intermediário
2.3546,2.36756,2003-02-10 12:00:00.0,Intermediário
2.35625,2.36988,2003-02-10 12:30:00.0,Intermediário
2.35286,2.36646,2003-02-10 13:00:00.0,Intermediário
2.34541,2.35766,2003-02-10 13:30:00.0,Intermediário
2.34633,2.35858,2003-02-10 14:00:00.0,Intermediário
2.34679,2.35905,2003-02-10 14:30:00.0,Intermediário
2.35231,2.36459,2003-02-10 15:00:00.0,Intermediário
2.33813,2.35165,2003-02-10 15:30:00.0,Intermediário
2.33123,2.34341,2003-02-10 16:02:00.0,Intermediário
2.33276,2.34495,2003-02-10 16:30:00.0,Fechamento Interbancário
2.35183,2.35626,2003-02-10 18:03:00.0,Fechamento
2.31314,2.33048,2003-02-11 09:49:00.0,Abertura
2.31655,2.3339,2003-02-11 10:04:00.0,Intermediário
2.32236,2.33449,2003-02-11 10:30:00.0,Intermediário
2.3217,2.33581,2003-02-11 11:00:00.0,Intermediário
2.32626,2.33908,2003-02-11 11:30:00.0,Intermediário
2.32833,2.34247,2003-02-11 12:00:00.0,Intermediário
2.32019,2.33297,2003-02-11 12:30:00.0,Intermediário
2.31405,2.32941,2003-02-11 13:00:00.0,Intermediário
2.31814,2.33157,2003-02-11 13:30:00.0,Intermediário
2.31663,2.33004,2003-02-11 14:00:00.0,Intermediário
2.31844,2.33187,2003-02-11 14:30:00.0,Intermediário
2.33072,2.34618,2003-02-11 15:00:00.0,Intermediário
2.33207,2.34687,2003-02-11 15:31:00.0,Intermediário
2.33112,2.34526,2003-02-11 17:26:00.0,Intermediário
2.33112,2.34526,2003-02-11 17:31:00.0,Fechamento Interbancário
2.33375,2.33814,2003-02-11 18:34:00.0,Fechamento
2.35519,2.37275,2003-02-12 09:56:00.0,Abertura
2.35286,2.36909,2003-02-12 10:00:00.0,Intermediário
2.36117,2.37349,2003-02-12 10:30:00.0,Intermediário
2.35563,2.36859,2003-02-12 11:00:00.0,Intermediário
2.34721,2.3621,2003-02-12 11:30:00.0,Intermediário
2.34099,2.35323,2003-02-12 12:00:00.0,Intermediário
2.34718,2.3614,2003-02-12 12:30:00.0,Intermediário
2.34567,2.35793,2003-02-12 13:00:00.0,Intermediário
2.34475,2.35701,2003-02-12 13:30:00.0,Intermediário
2.34506,2.35732,2003-02-12 14:00:00.0,Intermediário
2.34521,2.35747,2003-02-12 14:30:00.0,Intermediário
2.34475,2.35766,2003-02-12 15:00:00.0,Intermediário
2.34636,2.35994,2003-02-12 15:30:00.0,Intermediário
2.35054,2.36479,2003-02-12 16:00:00.0,Intermediário
2.34828,2.36318,2003-02-12 16:30:00.0,Fechamento Interbancário
2.35143,2.35585,2003-02-12 17:43:00.0,Fechamento
2.36125,2.37884,2003-02-13 09:51:00.0,Abertura
2.36545,2.37978,2003-02-13 10:00:00.0,Intermediário
2.36622,2.38056,2003-02-13 10:30:00.0,Intermediário
2.36795,2.38163,2003-02-13 11:00:00.0,Intermediário
2.37325,2.3876,2003-02-13 11:30:00.0,Intermediário
2.39138,2.40782,2003-02-13 12:00:00.0,Intermediário
2.38555,2.39997,2003-02-13 12:30:00.0,Intermediário
2.39751,2.41002,2003-02-13 13:00:00.0,Intermediário
2.39751,2.41134,2003-02-13 13:30:00.0,Intermediário
2.4013,2.41515,2003-02-13 14:15:00.0,Intermediário
2.40225,2.41611,2003-02-13 14:30:00.0,Intermediário
2.38449,2.40223,2003-02-13 15:21:00.0,Intermediário
2.40099,2.4155,2003-02-13 15:30:00.0,Intermediário
2.40296,2.41947,2003-02-13 16:00:00.0,Intermediário
2.40265,2.42047,2003-02-13 16:30:00.0,Fechamento Interbancário
2.39221,2.39671,2003-02-13 17:45:00.0,Fechamento
2.39639,2.41418,2003-02-14 09:57:00.0,Abertura
2.39717,2.41498,2003-02-14 10:00:00.0,Intermediário
2.39341,2.40591,2003-02-14 10:30:00.0,Intermediário
2.40625,2.42079,2003-02-14 11:00:00.0,Intermediário
2.40091,2.41609,2003-02-14 11:30:00.0,Intermediário
2.39962,2.41479,2003-02-14 12:00:00.0,Intermediário
2.40272,2.41659,2003-02-14 12:30:00.0,Intermediário
2.40399,2.41654,2003-02-14 13:00:00.0,Intermediário
2.39957,2.41208,2003-02-14 13:30:00.0,Intermediário
2.40099,2.41352,2003-02-14 14:00:00.0,Intermediário
2.40383,2.41638,2003-02-14 14:30:00.0,Intermediário
2.40467,2.41921,2003-02-14 15:00:00.0,Intermediário
2.40393,2.41713,2003-02-14 15:30:00.0,Intermediário
2.40072,2.41852,2003-02-14 16:01:00.0,Intermediário
2.40025,2.41804,2003-02-14 16:33:00.0,Fechamento Interbancário
2.39854,2.40304,2003-02-14 17:43:00.0,Fechamento
2.37183,2.38948,2003-02-17 09:52:00.0,Abertura
2.37058,2.38824,2003-02-17 10:05:00.0,Intermediário
2.3785,2.39356,2003-02-17 10:30:00.0,Intermediário
2.37745,2.39052,2003-02-17 11:00:00.0,Intermediário
2.37245,2.3855,2003-02-17 11:46:00.0,Intermediário
2.37245,2.3855,2003-02-17 12:14:00.0,Intermediário
2.3724,2.38478,2003-02-17 12:30:00.0,Intermediário
2.36981,2.3835,2003-02-17 13:23:00.0,Intermediário
2.37214,2.38584,2003-02-17 13:38:00.0,Intermediário
2.3734,2.3871,2003-02-17 14:05:00.0,Intermediário
2.37167,2.38537,2003-02-17 14:40:00.0,Intermediário
2.37402,2.38773,2003-02-17 15:17:00.0,Intermediário
2.3726,2.38697,2003-02-17 15:37:00.0,Intermediário
2.37324,2.38892,2003-02-17 16:00:00.0,Intermediário
2.37043,2.38478,2003-02-17 16:31:00.0,Fechamento Interbancário
2.37775,2.38221,2003-02-17 17:43:00.0,Fechamento
2.35063,2.36819,2003-02-18 09:57:00.0,Abertura
2.34813,2.36897,2003-02-18 10:00:00.0,Intermediário
2.34301,2.35855,2003-02-18 10:33:00.0,Intermediário
2.34546,2.35904,2003-02-18 11:00:00.0,Intermediário
2.35137,2.36432,2003-02-18 11:30:00.0,Intermediário
2.34775,2.36068,2003-02-18 12:00:00.0,Intermediário
2.35477,2.36709,2003-02-18 12:30:00.0,Intermediário
2.36274,2.37575,2003-02-18 13:00:00.0,Intermediário
2.36185,2.37685,2003-02-18 13:30:00.0,Intermediário
2.36591,2.38094,2003-02-18 14:00:00.0,Intermediário
2.36498,2.37999,2003-02-18 14:30:00.0,Intermediário
2.36212,2.3758,2003-02-18 15:00:00.0,Intermediário
2.36464,2.37833,2003-02-18 15:31:00.0,Intermediário
2.36176,2.37477,2003-02-18 16:00:00.0,Intermediário
2.36052,2.37483,2003-02-18 16:30:00.0,Fechamento Interbancário
2.3619,2.36635,2003-02-18 17:45:00.0,Fechamento
2.36208,2.37974,2003-02-19 09:51:00.0,Abertura
2.35944,2.37577,2003-02-19 10:00:00.0,Intermediário
2.35917,2.37218,2003-02-19 10:30:00.0,Intermediário
2.36172,2.37473,2003-02-19 11:00:00.0,Intermediário
2.36219,2.37587,2003-02-19 11:30:00.0,Intermediário
2.36574,2.37943,2003-02-19 12:00:00.0,Intermediário
2.36683,2.38053,2003-02-19 12:30:00.0,Intermediário
2.37573,2.39014,2003-02-19 13:00:00.0,Intermediário
2.37432,2.38872,2003-02-19 13:30:00.0,Intermediário
2.37526,2.38967,2003-02-19 14:00:00.0,Intermediário
2.37808,2.3925,2003-02-19 14:30:00.0,Intermediário
2.38156,2.39468,2003-02-19 15:00:00.0,Intermediário
2.38094,2.39472,2003-02-19 15:30:00.0,Intermediário
2.38291,2.39538,2003-02-19 16:00:00.0,Intermediário
2.38006,2.39383,2003-02-19 16:30:00.0,Fechamento Interbancário
2.37148,2.37596,2003-02-19 17:47:00.0,Fechamento
2.38562,2.40342,2003-02-20 09:55:00.0,Abertura
2.38478,2.39858,2003-02-20 10:00:00.0,Intermediário
2.38147,2.39459,2003-02-20 10:30:00.0,Intermediário
2.39057,2.40308,2003-02-20 11:00:00.0,Intermediário
2.38562,2.39877,2003-02-20 11:30:00.0,Intermediário
2.3835,2.39597,2003-02-20 12:00:00.0,Intermediário
2.38377,2.39624,2003-02-20 12:30:00.0,Intermediário
2.4029,2.41813,2003-02-20 13:00:00.0,Intermediário
2.40502,2.41893,2003-02-20 13:30:00.0,Intermediário
2.4063,2.42022,2003-02-20 14:00:00.0,Intermediário
2.40566,2.41958,2003-02-20 14:30:00.0,Intermediário
2.40271,2.41594,2003-02-20 15:00:00.0,Intermediário
2.39786,2.41108,2003-02-20 15:30:00.0,Intermediário
2.39309,2.40761,2003-02-20 16:00:00.0,Intermediário
2.39277,2.40529,2003-02-20 16:30:00.0,Fechamento Interbancário
2.39189,2.3964,2003-02-20 17:56:00.0,Fechamento
2.38094,2.39871,2003-02-21 09:51:00.0,Abertura
2.38204,2.3965,2003-02-21 10:00:00.0,Intermediário
2.38429,2.39877,2003-02-21 10:30:00.0,Intermediário
2.38797,2.40113,2003-02-21 11:00:00.0,Intermediário
2.39002,2.40451,2003-02-21 11:30:00.0,Intermediário
2.38983,2.40366,2003-02-21 12:00:00.0,Intermediário
2.39654,2.41108,2003-02-21 12:30:00.0,Intermediário
2.40086,2.41408,2003-02-21 13:00:00.0,Intermediário
2.40038,2.4136,2003-02-21 13:30:00.0,Intermediário
2.39959,2.4128,2003-02-21 14:00:00.0,Intermediário
2.40006,2.41328,2003-02-21 14:30:00.0,Intermediário
2.39696,2.41083,2003-02-21 15:00:00.0,Intermediário
2.40022,2.41344,2003-02-21 15:30:00.0,Intermediário
2.39797,2.4125,2003-02-21 16:00:00.0,Intermediário
2.39526,2.40911,2003-02-21 16:30:00.0,Fechamento Interbancário
2.39452,2.39903,2003-02-21 17:52:00.0,Fechamento
2.39459,2.41248,2003-02-24 09:56:00.0,Abertura
2.39555,2.41078,2003-02-24 10:00:00.0,Intermediário
2.38652,2.40036,2003-02-24 10:30:00.0,Intermediário
2.38787,2.40106,2003-02-24 11:00:00.0,Intermediário
2.38971,2.40357,2003-02-24 11:30:00.0,Intermediário
2.38652,2.40103,2003-02-24 12:00:00.0,Intermediário
2.39244,2.40631,2003-02-24 12:30:00.0,Intermediário
2.39518,2.40841,2003-02-24 13:00:00.0,Intermediário
2.39502,2.40825,2003-02-24 13:30:00.0,Intermediário
2.39454,2.40776,2003-02-24 14:00:00.0,Intermediário
2.3992,2.41244,2003-02-24 14:30:00.0,Intermediário
2.40164,2.41557,2003-02-24 15:00:00.0,Intermediário
2.39998,2.41323,2003-02-24 15:30:00.0,Intermediário
2.39867,2.41191,2003-02-24 16:00:00.0,Intermediário
2.39571,2.41029,2003-02-24 16:30:00.0,Fechamento Interbancário
2.40209,2.40666,2003-02-24 17:49:00.0,Fechamento
2.39679,2.41473,2003-02-25 09:50:00.0,Abertura
2.39612,2.41406,2003-02-25 10:00:00.0,Intermediário
2.39131,2.40519,2003-02-25 10:30:00.0,Intermediário
2.40301,2.41695,2003-02-25 11:00:00.0,Intermediário
2.40945,2.42342,2003-02-25 11:30:00.0,Intermediário
2.41438,2.42702,2003-02-25 12:00:00.0,Intermediário
2.40851,2.42181,2003-02-25 12:30:00.0,Intermediário
2.40205,2.41597,2003-02-25 13:00:00.0,Intermediário
2.40558,2.41953,2003-02-25 13:30:00.0,Intermediário
2.40429,2.41823,2003-02-25 14:00:00.0,Intermediário
2.40253,2.41646,2003-02-25 14:30:00.0,Intermediário
2.41247,2.42511,2003-02-25 15:00:00.0,Intermediário
2.40929,2.42258,2003-02-25 15:30:00.0,Intermediário
2.40927,2.42256,2003-02-25 16:00:00.0,Intermediário
2.40547,2.4201,2003-02-25 16:31:00.0,Fechamento Interbancário
2.40893,2.4135,2003-02-25 17:39:00.0,Fechamento
2.3816,2.39945,2003-02-26 09:55:00.0,Abertura
2.38262,2.39779,2003-02-26 10:00:00.0,Intermediário
2.38787,2.40106,2003-02-26 10:30:00.0,Intermediário
2.39486,2.40809,2003-02-26 11:00:00.0,Intermediário
2.38894,2.40213,2003-02-26 11:30:00.0,Intermediário
2.38939,2.40326,2003-02-26 12:00:00.0,Intermediário
2.38529,2.39846,2003-02-26 12:30:00.0,Intermediário
2.38545,2.39996,2003-02-26 13:00:00.0,Intermediário
2.38904,2.40157,2003-02-26 13:30:00.0,Intermediário
2.39,2.40253,2003-02-26 14:00:00.0,Intermediário
2.38872,2.40124,2003-02-26 14:30:00.0,Intermediário
2.3959,2.40913,2003-02-26 15:00:00.0,Intermediário
2.39225,2.40545,2003-02-26 15:30:00.0,Intermediário
2.39006,2.40259,2003-02-26 16:00:00.0,Intermediário
2.38875,2.40127,2003-02-26 16:30:00.0,Fechamento Interbancário
2.39325,2.39779,2003-02-26 17:46:00.0,Fechamento
2.39995,2.41791,2003-02-27 09:53:00.0,Abertura
2.40475,2.41803,2003-02-27 10:00:00.0,Intermediário
2.40538,2.41865,2003-02-27 10:38:00.0,Intermediário
2.40319,2.41645,2003-02-27 11:00:00.0,Intermediário
2.40023,2.41281,2003-02-27 11:30:00.0,Intermediário
2.39991,2.41383,2003-02-27 12:00:00.0,Intermediário
2.3995,2.41341,2003-02-27 12:30:00.0,Intermediário
2.37868,2.39451,2003-02-27 13:00:00.0,Intermediário
2.37817,2.39199,2003-02-27 13:30:00.0,Intermediário
2.37643,2.39022,2003-02-27 14:00:00.0,Intermediário
2.37833,2.39215,2003-02-27 14:30:00.0,Intermediário
2.37493,2.38939,2003-02-27 15:00:00.0,Intermediário
2.37808,2.39189,2003-02-27 15:30:00.0,Intermediário
2.37439,2.38751,2003-02-27 16:00:00.0,Intermediário
2.37874,2.39123,2003-02-27 16:30:00.0,Fechamento Interbancário
2.39578,2.40032,2003-02-27 17:43:00.0,Fechamento
2.374,2.39183,2003-02-28 09:42:00.0,Abertura
2.37996,2.39379,2003-02-28 10:00:00.0,Intermediário
2.38264,2.39513,2003-02-28 10:30:00.0,Intermediário
2.37782,2.3903,2003-02-28 11:00:00.0,Intermediário
2.38202,2.39586,2003-02-28 11:30:00.0,Intermediário
2.38788,2.4004,2003-02-28 12:00:00.0,Intermediário
2.38501,2.39819,2003-02-28 12:30:00.0,Intermediário
2.38905,2.40158,2003-02-28 13:00:00.0,Intermediário
2.39097,2.40352,2003-02-28 13:30:00.0,Intermediário
2.39274,2.40529,2003-02-28 14:00:00.0,Intermediário
2.39354,2.4061,2003-02-28 14:30:00.0,Intermediário
2.38801,2.40324,2003-02-28 15:00:00.0,Intermediário
2.39274,2.40665,2003-02-28 15:30:00.0,Intermediário
2.39454,2.41048,2003-02-28 16:00:00.0,Intermediário
2.3961,2.40935,2003-02-28 16:30:00.0,Fechamento Interbancário
2.39612,2.40066,2003-02-28 17:49:00.0,Fechamento
2.41609,2.42946,2003-03-05 11:57:00.0,Abertura
2.4184,2.43178,2003-03-05 12:00:00.0,Intermediário
2.4184,2.43178,2003-03-05 12:30:00.0,Intermediário
2.41988,2.43327,2003-03-05 13:00:00.0,Intermediário
2.41317,2.4306,2003-03-05 13:30:00.0,Intermediário
2.41691,2.43029,2003-03-05 14:00:00.0,Intermediário
2.41754,2.43023,2003-03-05 14:30:00.0,Intermediário
2.40891,2.42156,2003-03-05 15:00:00.0,Intermediário
2.40639,2.42107,2003-03-05 15:30:00.0,Intermediário
2.4109,2.42425,2003-03-05 16:00:00.0,Intermediário
2.40916,2.42387,2003-03-05 16:30:00.0,Fechamento Interbancário
2.42153,2.42615,2003-03-05 18:00:00.0,Fechamento
2.39168,2.4097,2003-03-06 09:55:00.0,Abertura
2.39445,2.4125,2003-03-06 10:00:00.0,Intermediário
2.397,2.41097,2003-03-06 10:30:00.0,Intermediário
2.39804,2.41064,2003-03-06 11:00:00.0,Intermediário
2.39125,2.40519,2003-03-06 11:30:00.0,Intermediário
2.39019,2.40276,2003-03-06 12:00:00.0,Intermediário
2.38194,2.39516,2003-03-06 12:30:00.0,Intermediário
2.38697,2.39952,2003-03-06 13:00:00.0,Intermediário
2.38842,2.40167,2003-03-06 13:30:00.0,Intermediário
2.38893,2.40216,2003-03-06 14:00:00.0,Intermediário
2.38957,2.40282,2003-03-06 14:30:00.0,Intermediário
2.38518,2.40045,2003-03-06 15:00:00.0,Intermediário
2.38551,2.39941,2003-03-06 15:30:00.0,Intermediário
2.36804,2.38254,2003-03-06 16:00:00.0,Intermediário
2.36813,2.38264,2003-03-06 16:36:00.0,Fechamento Interbancário
2.39331,2.39789,2003-03-06 18:05:00.0,Fechamento
2.37442,2.39239,2003-03-07 09:50:00.0,Abertura
2.38204,2.39663,2003-03-07 10:00:00.0,Intermediário
2.39213,2.4061,2003-03-07 10:30:00.0,Intermediário
2.39305,2.40634,2003-03-07 11:00:00.0,Intermediário
2.39886,2.4115,2003-03-07 11:30:00.0,Intermediário
2.38534,2.39994,2003-03-07 12:05:00.0,Intermediário
2.38421,2.3995,2003-03-07 12:30:00.0,Intermediário
2.38223,2.39546,2003-03-07 13:03:00.0,Intermediário
2.38126,2.39447,2003-03-07 13:35:00.0,Intermediário
2.38239,2.39562,2003-03-07 14:00:00.0,Intermediário
2.3793,2.39251,2003-03-07 14:54:00.0,Intermediário
2.36648,2.37895,2003-03-07 15:00:00.0,Intermediário
2.37403,2.3879,2003-03-07 15:30:00.0,Intermediário
2.38107,2.39567,2003-03-07 16:00:00.0,Intermediário
2.38175,2.39498,2003-03-07 16:30:00.0,Fechamento Interbancário
2.38331,2.38785,2003-03-07 17:40:00.0,Fechamento
2.39145,2.40952,2003-03-10 09:47:00.0,Abertura
2.39616,2.41084,2003-03-10 10:00:00.0,Intermediário
2.40145,2.41616,2003-03-10 10:30:00.0,Intermediário
2.4054,2.41944,2003-03-10 11:21:00.0,Intermediário
2.40671,2.42076,2003-03-10 11:30:00.0,Intermediário
2.40156,2.4142,2003-03-10 12:00:00.0,Intermediário
2.4009,2.41422,2003-03-10 12:30:00.0,Intermediário
2.40123,2.41455,2003-03-10 13:00:00.0,Intermediário
2.39894,2.41224,2003-03-10 13:30:00.0,Intermediário
2.40041,2.41372,2003-03-10 14:00:00.0,Intermediário
2.40172,2.41505,2003-03-10 14:30:00.0,Intermediário
2.4002,2.4142,2003-03-10 15:00:00.0,Intermediário
2.40085,2.41417,2003-03-10 15:30:00.0,Intermediário
2.39679,2.40941,2003-03-10 16:00:00.0,Intermediário
2.39761,2.41023,2003-03-10 16:30:00.0,Fechamento Interbancário
2.40455,2.40913,2003-03-10 17:51:00.0,Fechamento
2.38983,2.40791,2003-03-11 09:46:00.0,Abertura
2.39081,2.40889,2003-03-11 10:00:00.0,Intermediário
2.38995,2.40322,2003-03-11 10:30:00.0,Intermediário
2.38927,2.40185,2003-03-11 11:00:00.0,Intermediário
2.39614,2.40875,2003-03-11 11:30:00.0,Intermediário
2.37816,2.39067,2003-03-11 12:00:00.0,Intermediário
2.37087,2.38539,2003-03-11 12:30:00.0,Intermediário
2.3761,2.38928,2003-03-11 13:00:00.0,Intermediário
2.3761,2.38928,2003-03-11 13:30:00.0,Intermediário
2.37642,2.38961,2003-03-11 14:00:00.0,Intermediário
2.3761,2.38928,2003-03-11 14:30:00.0,Intermediário
2.36349,2.37663,2003-03-11 15:00:00.0,Intermediário
2.36529,2.37842,2003-03-11 15:30:00.0,Intermediário
2.35649,2.37162,2003-03-11 16:00:00.0,Intermediário
2.35569,2.37083,2003-03-11 16:30:00.0,Fechamento Interbancário
2.37786,2.38241,2003-03-11 17:39:00.0,Fechamento
2.36421,2.3821,2003-03-12 09:46:00.0,Abertura
2.36426,2.37875,2003-03-12 10:00:00.0,Intermediário
2.35461,2.36836,2003-03-12 10:33:00.0,Intermediário
2.34785,2.36021,2003-03-12 11:00:00.0,Intermediário
2.34336,2.35842,2003-03-12 11:30:00.0,Intermediário
2.34287,2.35454,2003-03-12 12:00:00.0,Intermediário
2.34753,2.36194,2003-03-12 12:30:00.0,Intermediário
2.34833,2.36273,2003-03-12 13:00:00.0,Intermediário
2.35048,2.36285,2003-03-12 13:30:00.0,Intermediário
2.35493,2.36734,2003-03-12 14:00:00.0,Intermediário
2.35191,2.3643,2003-03-12 14:30:00.0,Intermediário
2.34865,2.36169,2003-03-12 15:00:00.0,Intermediário
2.34896,2.36201,2003-03-12 15:30:00.0,Intermediário
2.34168,2.35674,2003-03-12 16:00:00.0,Intermediário
2.34177,2.35546,2003-03-12 16:30:00.0,Fechamento Interbancário
2.35142,2.35592,2003-03-12 17:44:00.0,Fechamento
2.29438,2.3119,2003-03-13 09:33:00.0,Abertura
2.29921,2.31336,2003-03-13 10:00:00.0,Intermediário
2.30779,2.32198,2003-03-13 10:30:00.0,Intermediário
2.29994,2.31476,2003-03-13 11:00:00.0,Intermediário
2.30577,2.31996,2003-03-13 11:30:00.0,Intermediário
2.30055,2.31269,2003-03-13 12:00:00.0,Intermediário
2.31312,2.32599,2003-03-13 12:30:00.0,Intermediário
2.30707,2.31923,2003-03-13 13:00:00.0,Intermediário
2.30676,2.3196,2003-03-13 13:30:00.0,Intermediário
2.30443,2.31725,2003-03-13 14:00:00.0,Intermediário
2.30552,2.31834,2003-03-13 14:30:00.0,Intermediário
2.30443,2.31657,2003-03-13 15:00:00.0,Intermediário
2.29553,2.30898,2003-03-13 15:30:00.0,Intermediário
2.28774,2.30183,2003-03-13 16:00:00.0,Intermediário
2.2882,2.3023,2003-03-13 16:30:00.0,Fechamento Interbancário
2.30636,2.31076,2003-03-13 18:12:00.0,Fechamento
2.28132,2.29875,2003-03-14 09:40:00.0,Abertura
2.27602,2.2914,2003-03-14 10:00:00.0,Intermediário
2.27678,2.29015,2003-03-14 10:30:00.0,Intermediário
2.28154,2.29425,2003-03-14 11:00:00.0,Intermediário
2.2717,2.28573,2003-03-14 11:30:00.0,Intermediário
2.27852,2.2919,2003-03-14 12:00:00.0,Intermediário
2.27311,2.28646,2003-03-14 12:30:00.0,Intermediário
2.27461,2.28729,2003-03-14 13:00:00.0,Intermediário
2.27767,2.29037,2003-03-14 13:48:00.0,Intermediário
2.27874,2.29145,2003-03-14 14:00:00.0,Intermediário
2.28398,2.29673,2003-03-14 14:30:00.0,Intermediário
2.30247,2.31461,2003-03-14 15:00:00.0,Intermediário
2.31203,2.32422,2003-03-14 15:30:00.0,Intermediário
2.32108,2.33332,2003-03-14 16:00:00.0,Intermediário
2.32014,2.33237,2003-03-14 16:30:00.0,Fechamento Interbancário
2.29712,2.30152,2003-03-14 17:39:00.0,Fechamento
2.34198,2.35978,2003-03-17 09:54:00.0,Abertura
2.34162,2.35942,2003-03-17 10:00:00.0,Intermediário
2.34064,2.35433,2003-03-17 10:30:00.0,Intermediário
2.33585,2.3502,2003-03-17 11:00:00.0,Intermediário
2.33341,2.34775,2003-03-17 11:30:00.0,Intermediário
2.33214,2.34511,2003-03-17 12:00:00.0,Intermediário
2.32786,2.34082,2003-03-17 12:30:00.0,Intermediário
2.31144,2.32568,2003-03-17 13:05:00.0,Intermediário
2.30817,2.32237,2003-03-17 13:47:00.0,Intermediário
2.30319,2.31736,2003-03-17 14:00:00.0,Intermediário
2.30646,2.32064,2003-03-17 14:30:00.0,Intermediário
2.29754,2.31033,2003-03-17 15:00:00.0,Intermediário
2.30769,2.31986,2003-03-17 15:30:00.0,Intermediário
2.31661,2.32881,2003-03-17 16:00:00.0,Intermediário
2.31286,2.32707,2003-03-17 16:30:00.0,Fechamento Interbancário
2.32326,2.3277,2003-03-17 17:47:00.0,Fechamento
2.28499,2.30245,2003-03-18 09:54:00.0,Abertura
2.29171,2.3038,2003-03-18 10:00:00.0,Intermediário
2.30377,2.31658,2003-03-18 10:30:00.0,Intermediário
2.3063,2.31913,2003-03-18 11:00:00.0,Intermediário
2.31268,2.32624,2003-03-18 11:30:00.0,Intermediário
2.317,2.3299,2003-03-18 12:00:00.0,Intermediário
2.32218,2.3351,2003-03-18 12:30:00.0,Intermediário
2.32124,2.33347,2003-03-18 13:00:00.0,Intermediário
2.31786,2.33007,2003-03-18 13:30:00.0,Intermediário
2.32146,2.3337,2003-03-18 14:00:00.0,Intermediário
2.32099,2.33322,2003-03-18 14:30:00.0,Intermediário
2.31506,2.32794,2003-03-18 15:00:00.0,Intermediário
2.32061,2.33284,2003-03-18 15:30:00.0,Intermediário
2.31953,2.33447,2003-03-18 16:00:00.0,Intermediário
2.32895,2.34123,2003-03-18 16:30:00.0,Fechamento Interbancário
2.32347,2.32792,2003-03-18 17:41:00.0,Fechamento
2.31687,2.33449,2003-03-19 09:56:00.0,Abertura
2.32046,2.33268,2003-03-19 10:00:00.0,Intermediário
2.31545,2.32833,2003-03-19 10:30:00.0,Intermediário
2.32233,2.33525,2003-03-19 11:00:00.0,Intermediário
2.33019,2.34313,2003-03-19 11:30:00.0,Intermediário
2.3356,2.34858,2003-03-19 12:00:00.0,Intermediário
2.33031,2.34325,2003-03-19 12:30:00.0,Intermediário
2.32726,2.33951,2003-03-19 13:00:00.0,Intermediário
2.329,2.34125,2003-03-19 13:30:00.0,Intermediário
2.33072,2.343,2003-03-19 14:00:00.0,Intermediário
2.32978,2.34205,2003-03-19 14:30:00.0,Intermediário
2.33189,2.34619,2003-03-19 15:00:00.0,Intermediário
2.3349,2.34922,2003-03-19 15:30:00.0,Intermediário
2.33407,2.3477,2003-03-19 16:00:00.0,Intermediário
2.33212,2.34508,2003-03-19 16:30:00.0,Fechamento Interbancário
2.32697,2.3314,2003-03-19 17:48:00.0,Fechamento
2.32586,2.34353,2003-03-20 09:55:00.0,Abertura
2.33292,2.34723,2003-03-20 10:00:00.0,Intermediário
2.34574,2.35809,2003-03-20 10:30:00.0,Intermediário
2.34417,2.35718,2003-03-20 11:00:00.0,Intermediário
2.34262,2.35495,2003-03-20 11:30:00.0,Intermediário
2.34829,2.36132,2003-03-20 12:00:00.0,Intermediário
2.35447,2.36755,2003-03-20 12:34:00.0,Intermediário
2.35051,2.36492,2003-03-20 13:00:00.0,Intermediário
2.35529,2.36972,2003-03-20 13:30:00.0,Intermediário
2.35162,2.36604,2003-03-20 14:00:00.0,Intermediário
2.35066,2.36508,2003-03-20 14:30:00.0,Intermediário
2.34717,2.36089,2003-03-20 15:00:00.0,Intermediário
2.34571,2.35806,2003-03-20 15:30:00.0,Intermediário
2.33751,2.35184,2003-03-20 16:00:00.0,Intermediário
2.34049,2.35415,2003-03-20 16:30:00.0,Fechamento Interbancário
2.34691,2.35138,2003-03-20 17:38:00.0,Fechamento
2.31977,2.3374,2003-03-21 09:40:00.0,Abertura
2.32569,2.33862,2003-03-21 10:00:00.0,Intermediário
2.32729,2.34022,2003-03-21 10:30:00.0,Intermediário
2.32378,2.33602,2003-03-21 11:00:00.0,Intermediário
2.31844,2.33133,2003-03-21 11:30:00.0,Intermediário
2.31134,2.32553,2003-03-21 12:00:00.0,Intermediário
2.29896,2.3131,2003-03-21 12:30:00.0,Intermediário
2.2912,2.30461,2003-03-21 13:00:00.0,Intermediário
2.29422,2.30766,2003-03-21 13:30:00.0,Intermediário
2.29315,2.30657,2003-03-21 14:00:00.0,Intermediário
2.28899,2.30239,2003-03-21 14:30:00.0,Intermediário
2.27766,2.28967,2003-03-21 15:00:00.0,Intermediário
2.27812,2.29013,2003-03-21 15:30:00.0,Intermediário
2.27244,2.2871,2003-03-21 16:00:00.0,Intermediário
2.27402,2.28803,2003-03-21 16:30:00.0,Fechamento Interbancário
2.30223,2.30662,2003-03-21 17:56:00.0,Fechamento
2.30113,2.31865,2003-03-24 09:49:00.0,Abertura
2.29932,2.31683,2003-03-24 10:00:00.0,Intermediário
2.29855,2.31268,2003-03-24 10:30:00.0,Intermediário
2.29029,2.30303,2003-03-24 11:00:00.0,Intermediário
2.28392,2.29799,2003-03-24 11:30:00.0,Intermediário
2.29392,2.30737,2003-03-24 12:00:00.0,Intermediário
2.30008,2.31221,2003-03-24 12:30:00.0,Intermediário
2.29894,2.31107,2003-03-24 13:00:00.0,Intermediário
2.29651,2.30997,2003-03-24 13:30:00.0,Intermediário
2.29853,2.31201,2003-03-24 14:00:00.0,Intermediário
2.29853,2.31201,2003-03-24 14:30:00.0,Intermediário
2.29422,2.30768,2003-03-24 15:00:00.0,Intermediário
2.29458,2.30805,2003-03-24 15:30:00.0,Intermediário
2.29183,2.30393,2003-03-24 16:00:00.0,Intermediário
2.29105,2.30315,2003-03-24 16:30:00.0,Fechamento Interbancário
2.29832,2.30271,2003-03-24 18:01:00.0,Fechamento
2.27156,2.28899,2003-03-25 09:45:00.0,Abertura
2.28807,2.3015,2003-03-25 10:00:00.0,Intermediário
2.28355,2.29628,2003-03-25 10:30:00.0,Intermediário
2.2917,2.30584,2003-03-25 11:00:00.0,Intermediário
2.29249,2.30594,2003-03-25 11:30:00.0,Intermediário
2.29135,2.30481,2003-03-25 12:00:00.0,Intermediário
2.29431,2.30641,2003-03-25 12:30:00.0,Intermediário
2.29083,2.30359,2003-03-25 13:00:00.0,Intermediário
2.28797,2.30074,2003-03-25 13:30:00.0,Intermediário
2.28859,2.30135,2003-03-25 14:00:00.0,Intermediário
2.28767,2.30043,2003-03-25 14:30:00.0,Intermediário
2.27984,2.29392,2003-03-25 15:00:00.0,Intermediário
2.27601,2.28803,2003-03-25 15:30:00.0,Intermediário
2.27343,2.28544,2003-03-25 16:00:00.0,Intermediário
2.27545,2.28746,2003-03-25 16:30:00.0,Fechamento Interbancário
2.29188,2.29627,2003-03-25 18:00:00.0,Fechamento
2.27729,2.2948,2003-03-26 09:53:00.0,Abertura
2.28053,2.29532,2003-03-26 10:00:00.0,Intermediário
2.28763,2.29973,2003-03-26 10:30:00.0,Intermediário
2.27914,2.29187,2003-03-26 11:00:00.0,Intermediário
2.28472,2.29816,2003-03-26 11:30:00.0,Intermediário
2.28869,2.30283,2003-03-26 12:00:00.0,Intermediário
2.28995,2.30341,2003-03-26 12:30:00.0,Intermediário
2.29677,2.31027,2003-03-26 13:00:00.0,Intermediário
2.29881,2.31232,2003-03-26 13:30:00.0,Intermediário
2.2985,2.312,2003-03-26 14:00:00.0,Intermediário
2.29413,2.30761,2003-03-26 14:30:00.0,Intermediário
2.29313,2.30592,2003-03-26 15:00:00.0,Intermediário
2.29371,2.30651,2003-03-26 15:30:00.0,Intermediário
2.29177,2.30456,2003-03-26 16:00:00.0,Intermediário
2.29115,2.30393,2003-03-26 16:30:00.0,Fechamento Interbancário
2.29215,2.29656,2003-03-26 17:41:00.0,Fechamento
2.31215,2.32985,2003-03-27 09:59:00.0,Abertura
2.31247,2.32674,2003-03-27 10:00:00.0,Intermediário
2.3239,2.33619,2003-03-27 10:30:00.0,Intermediário
2.32552,2.33849,2003-03-27 11:00:00.0,Intermediário
2.32992,2.34224,2003-03-27 11:30:00.0,Intermediário
2.32829,2.34059,2003-03-27 12:00:00.0,Intermediário
2.32325,2.33621,2003-03-27 12:30:00.0,Intermediário
2.31596,2.33024,2003-03-27 13:00:00.0,Intermediário
2.31539,2.32693,2003-03-27 13:30:00.0,Intermediário
2.31412,2.32566,2003-03-27 14:00:00.0,Intermediário
2.31176,2.3233,2003-03-27 14:30:00.0,Intermediário
2.29383,2.308,2003-03-27 15:00:00.0,Intermediário
2.30256,2.31474,2003-03-27 15:30:00.0,Intermediário
2.30408,2.31558,2003-03-27 16:00:00.0,Intermediário
2.30052,2.31474,2003-03-27 16:30:00.0,Fechamento Interbancário
2.32187,2.32632,2003-03-27 17:42:00.0,Fechamento
2.29943,2.31705,2003-03-28 09:54:00.0,Abertura
2.30524,2.31878,2003-03-28 10:00:00.0,Intermediário
2.30639,2.31858,2003-03-28 10:30:00.0,Intermediário
2.29544,2.30963,2003-03-28 11:00:00.0,Intermediário
2.2954,2.30823,2003-03-28 11:30:00.0,Intermediário
2.2976,2.30974,2003-03-28 12:00:00.0,Intermediário
2.29544,2.30758,2003-03-28 12:30:00.0,Intermediário
2.28964,2.30243,2003-03-28 13:00:00.0,Intermediário
2.28461,2.29737,2003-03-28 13:30:00.0,Intermediário
2.2874,2.30019,2003-03-28 14:00:00.0,Intermediário
2.28756,2.30033,2003-03-28 14:30:00.0,Intermediário
2.28897,2.30109,2003-03-28 15:00:00.0,Intermediário
2.28193,2.29469,2003-03-28 15:30:00.0,Intermediário
2.28164,2.2937,2003-03-28 16:00:00.0,Intermediário
2.27978,2.29183,2003-03-28 16:30:00.0,Fechamento Interbancário
2.29002,2.29443,2003-03-28 17:51:00.0,Fechamento
2.28865,2.3062,2003-03-31 09:46:00.0,Abertura
2.282,2.29543,2003-03-31 10:00:00.0,Intermediário
2.27388,2.28863,2003-03-31 10:30:00.0,Intermediário
2.26218,2.27483,2003-03-31 11:00:00.0,Intermediário
2.26542,2.2774,2003-03-31 11:30:00.0,Intermediário
2.26194,2.2739,2003-03-31 12:00:00.0,Intermediário
2.2572,2.26984,2003-03-31 12:30:00.0,Intermediário
2.25938,2.27338,2003-03-31 13:00:00.0,Intermediário
2.26137,2.27539,2003-03-31 13:30:00.0,Intermediário
2.26153,2.27555,2003-03-31 14:00:00.0,Intermediário
2.26414,2.27819,2003-03-31 14:30:00.0,Intermediário
2.25969,2.27166,2003-03-31 15:00:00.0,Intermediário
2.26958,2.28365,2003-03-31 15:30:00.0,Intermediário
2.27483,2.28755,2003-03-31 16:04:00.0,Intermediário
2.27371,2.28574,2003-03-31 16:32:00.0,Fechamento Interbancário
2.27965,2.28402,2003-03-31 17:51:00.0,Fechamento
2.27606,2.29358,2003-04-01 09:48:00.0,Abertura
2.27162,2.28502,2003-04-01 10:00:00.0,Intermediário
2.27297,2.28502,2003-04-01 10:30:00.0,Intermediário
2.27375,2.28714,2003-04-01 11:00:00.0,Intermediário
2.26588,2.27855,2003-04-01 11:30:00.0,Intermediário
2.25991,2.27254,2003-04-01 12:00:00.0,Intermediário
2.25267,2.26527,2003-04-01 12:30:00.0,Intermediário
2.25494,2.26824,2003-04-01 13:00:00.0,Intermediário
2.25402,2.26731,2003-04-01 13:30:00.0,Intermediário
2.25263,2.26592,2003-04-01 14:00:00.0,Intermediário
2.25433,2.26762,2003-04-01 14:30:00.0,Intermediário
2.24885,2.26145,2003-04-01 15:00:00.0,Intermediário
2.2514,2.26536,2003-04-01 15:30:00.0,Intermediário
2.24232,2.2542,2003-04-01 16:00:00.0,Intermediário
2.242,2.25457,2003-04-01 16:30:00.0,Fechamento Interbancário
2.26072,2.26507,2003-04-01 17:41:00.0,Fechamento
2.21981,2.23698,2003-04-02 09:49:00.0,Abertura
2.22236,2.23481,2003-04-02 10:00:00.0,Intermediário
2.21516,2.2269,2003-04-02 10:30:00.0,Intermediário
2.21418,2.22795,2003-04-02 11:00:00.0,Intermediário
2.20827,2.21998,2003-04-02 11:30:00.0,Intermediário
2.21149,2.22457,2003-04-02 12:00:00.0,Intermediário
2.21628,2.22803,2003-04-02 12:30:00.0,Intermediário
2.21299,2.22472,2003-04-02 13:00:00.0,Intermediário
2.21388,2.22563,2003-04-02 13:30:00.0,Intermediário
2.21689,2.22864,2003-04-02 14:00:00.0,Intermediário
2.21929,2.23106,2003-04-02 14:30:00.0,Intermediário
2.21696,2.23008,2003-04-02 15:00:00.0,Intermediário
2.21884,2.2306,2003-04-02 15:30:00.0,Intermediário
2.20883,2.22054,2003-04-02 16:00:00.0,Intermediário
2.21101,2.22274,2003-04-02 16:31:00.0,Fechamento Interbancário
2.22626,2.23056,2003-04-02 17:49:00.0,Fechamento
2.20012,2.21724,2003-04-03 09:42:00.0,Abertura
2.20717,2.21958,2003-04-03 10:00:00.0,Intermediário
2.20303,2.21472,2003-04-03 10:30:00.0,Intermediário
2.20611,2.21918,2003-04-03 11:00:00.0,Intermediário
2.21094,2.22336,2003-04-03 11:30:00.0,Intermediário
2.20794,2.22033,2003-04-03 12:00:00.0,Intermediário
2.19805,2.21039,2003-04-03 12:36:00.0,Intermediário
2.19186,2.20552,2003-04-03 13:13:00.0,Intermediário
2.19437,2.20805,2003-04-03 13:40:00.0,Intermediário
2.19543,2.2091,2003-04-03 14:11:00.0,Intermediário
2.19721,2.2109,2003-04-03 14:30:00.0,Intermediário
2.1899,2.20221,2003-04-03 15:00:00.0,Intermediário
2.20036,2.21271,2003-04-03 15:30:00.0,Intermediário
2.19587,2.20955,2003-04-03 16:00:00.0,Intermediário
2.19543,2.2091,2003-04-03 16:33:00.0,Fechamento Interbancário
2.20512,2.20937,2003-04-03 17:43:00.0,Fechamento
2.20346,2.22058,2003-04-04 09:48:00.0,Abertura
2.20668,2.21973,2003-04-04 10:00:00.0,Intermediário
2.20695,2.22071,2003-04-04 10:30:00.0,Intermediário
2.19472,2.20705,2003-04-04 11:00:00.0,Intermediário
2.18869,2.20032,2003-04-04 11:30:00.0,Intermediário
2.18396,2.19556,2003-04-04 12:00:00.0,Intermediário
2.18963,2.20194,2003-04-04 12:30:00.0,Intermediário
2.19128,2.2036,2003-04-04 13:00:00.0,Intermediário
2.19173,2.20405,2003-04-04 13:30:00.0,Intermediário
2.19219,2.2045,2003-04-04 14:00:00.0,Intermediário
2.19143,2.20375,2003-04-04 14:30:00.0,Intermediário
2.1848,2.19913,2003-04-04 15:00:00.0,Intermediário
2.17678,2.1904,2003-04-04 15:30:00.0,Intermediário
2.17796,2.19294,2003-04-04 16:00:00.0,Intermediário
2.17855,2.19354,2003-04-04 16:30:00.0,Fechamento Interbancário
2.20248,2.20673,2003-04-04 17:38:00.0,Fechamento
2.14941,2.1663,2003-04-07 09:51:00.0,Abertura
2.15425,2.16776,2003-04-07 10:00:00.0,Intermediário
2.14409,2.15755,2003-04-07 10:30:00.0,Intermediário
2.15087,2.16231,2003-04-07 11:00:00.0,Intermediário
2.15561,2.16708,2003-04-07 11:30:00.0,Intermediário
2.15561,2.16776,2003-04-07 12:00:00.0,Intermediário
2.14748,2.15891,2003-04-07 12:30:00.0,Intermediário
2.14951,2.16095,2003-04-07 13:00:00.0,Intermediário
2.14951,2.16095,2003-04-07 13:30:00.0,Intermediário
2.14951,2.16095,2003-04-07 14:00:00.0,Intermediário
2.14951,2.16095,2003-04-07 14:30:00.0,Intermediário
2.14409,2.15755,2003-04-07 15:00:00.0,Intermediário
2.13867,2.15074,2003-04-07 15:30:00.0,Intermediário
2.13122,2.1453,2003-04-07 16:00:00.0,Intermediário
2.13528,2.14734,2003-04-07 16:30:00.0,Fechamento Interbancário
2.15026,2.15442,2003-04-07 17:50:00.0,Fechamento
2.12233,2.13909,2003-04-08 09:45:00.0,Abertura
2.13122,2.1453,2003-04-08 10:00:00.0,Intermediário
2.12986,2.14258,2003-04-08 10:30:00.0,Intermediário
2.1407,2.15278,2003-04-08 11:00:00.0,Intermediário
2.14409,2.15619,2003-04-08 11:30:00.0,Intermediário
2.14341,2.15823,2003-04-08 12:00:00.0,Intermediário
2.1529,2.16435,2003-04-08 12:30:00.0,Intermediário
2.14748,2.15891,2003-04-08 13:00:00.0,Intermediário
2.15087,2.16231,2003-04-08 13:30:00.0,Intermediário
2.15087,2.16231,2003-04-08 14:00:00.0,Intermediário
2.15658,2.16807,2003-04-08 14:30:00.0,Intermediário
2.16824,2.17978,2003-04-08 15:00:00.0,Intermediário
2.17004,2.18296,2003-04-08 15:30:00.0,Intermediário
2.1613,2.17553,2003-04-08 16:00:00.0,Intermediário
2.16144,2.17568,2003-04-08 16:30:00.0,Fechamento Interbancário
2.15241,2.15656,2003-04-08 17:47:00.0,Fechamento
2.17486,2.19189,2003-04-09 09:51:00.0,Abertura
2.17908,2.19204,2003-04-09 10:00:00.0,Intermediário
2.15885,2.17308,2003-04-09 10:30:00.0,Intermediário
2.15851,2.17205,2003-04-09 11:00:00.0,Intermediário
2.15099,2.16244,2003-04-09 11:30:00.0,Intermediário
2.15435,2.16719,2003-04-09 12:00:00.0,Intermediário
2.16139,2.17359,2003-04-09 12:30:00.0,Intermediário
2.15547,2.16695,2003-04-09 13:00:00.0,Intermediário
2.15459,2.16608,2003-04-09 13:30:00.0,Intermediário
2.15503,2.16651,2003-04-09 14:00:00.0,Intermediário
2.15606,2.16754,2003-04-09 14:30:00.0,Intermediário
2.15394,2.1654,2003-04-09 15:00:00.0,Intermediário
2.16247,2.17399,2003-04-09 15:30:00.0,Intermediário
2.168,2.17954,2003-04-09 16:00:00.0,Intermediário
2.16859,2.18014,2003-04-09 16:30:00.0,Fechamento Interbancário
2.16921,2.1734,2003-04-09 17:47:00.0,Fechamento
2.18482,2.20191,2003-04-10 09:44:00.0,Abertura
2.1872,2.20089,2003-04-10 10:00:00.0,Intermediário
2.18911,2.20144,2003-04-10 10:30:00.0,Intermediário
2.19228,2.206,2003-04-10 11:00:00.0,Intermediário
2.18993,2.20296,2003-04-10 11:30:00.0,Intermediário
2.1907,2.20373,2003-04-10 12:00:00.0,Intermediário
2.19588,2.20893,2003-04-10 12:30:00.0,Intermediário
2.19877,2.21047,2003-04-10 13:00:00.0,Intermediário
2.20264,2.21367,2003-04-10 13:30:00.0,Intermediário
2.204,2.21504,2003-04-10 14:00:00.0,Intermediário
2.204,2.21504,2003-04-10 14:30:00.0,Intermediário
2.20789,2.22033,2003-04-10 15:00:00.0,Intermediário
2.22038,2.23425,2003-04-10 15:30:00.0,Intermediário
2.22457,2.23777,2003-04-10 16:00:00.0,Intermediário
2.22487,2.23808,2003-04-10 16:30:00.0,Fechamento Interbancário
2.20754,2.21182,2003-04-10 18:34:00.0,Fechamento
2.20022,2.21742,2003-04-11 09:42:00.0,Abertura
2.19856,2.21439,2003-04-11 10:00:00.0,Intermediário
2.20242,2.21414,2003-04-11 10:30:00.0,Intermediário
2.19529,2.20836,2003-04-11 11:00:00.0,Intermediário
2.20779,2.22023,2003-04-11 11:30:00.0,Intermediário
2.20239,2.2155,2003-04-11 12:00:00.0,Intermediário
2.21145,2.22391,2003-04-11 12:30:00.0,Intermediário
2.21336,2.22652,2003-04-11 13:00:00.0,Intermediário
2.21504,2.22821,2003-04-11 13:30:00.0,Intermediário
2.21412,2.22729,2003-04-11 14:00:00.0,Intermediário
2.21291,2.22606,2003-04-11 14:30:00.0,Intermediário
2.20794,2.22107,2003-04-11 15:02:00.0,Intermediário
2.20092,2.21471,2003-04-11 15:30:00.0,Intermediário
2.19606,2.20983,2003-04-11 16:00:00.0,Intermediário
2.19737,2.20907,2003-04-11 16:30:00.0,Fechamento Interbancário
2.20958,2.21387,2003-04-11 17:41:00.0,Fechamento
2.17849,2.1956,2003-04-14 09:56:00.0,Abertura
2.17954,2.19321,2003-04-14 10:00:00.0,Intermediário
2.18758,2.20061,2003-04-14 10:30:00.0,Intermediário
2.18993,2.2016,2003-04-14 11:00:00.0,Intermediário
2.18491,2.19795,2003-04-14 11:30:00.0,Intermediário
2.18504,2.19669,2003-04-14 12:00:00.0,Intermediário
2.17987,2.19219,2003-04-14 12:30:00.0,Intermediário
2.17942,2.19312,2003-04-14 13:00:00.0,Intermediário
2.18047,2.19416,2003-04-14 13:30:00.0,Intermediário
2.17987,2.19357,2003-04-14 14:00:00.0,Intermediário
2.17867,2.19236,2003-04-14 14:30:00.0,Intermediário
2.18103,2.19266,2003-04-14 15:00:00.0,Intermediário
2.17127,2.18424,2003-04-14 15:30:00.0,Intermediário
2.16799,2.18094,2003-04-14 16:00:00.0,Intermediário
2.16921,2.18079,2003-04-14 16:31:00.0,Fechamento Interbancário
2.18396,2.1882,2003-04-14 17:41:00.0,Fechamento
2.15689,2.1739,2003-04-15 09:42:00.0,Abertura
2.16168,2.17734,2003-04-15 10:00:00.0,Intermediário
2.15702,2.16992,2003-04-15 10:30:00.0,Intermediário
2.14942,2.16089,2003-04-15 11:00:00.0,Intermediário
2.14657,2.16011,2003-04-15 11:30:00.0,Intermediário
2.15015,2.16164,2003-04-15 12:00:00.0,Intermediário
2.13671,2.15089,2003-04-15 12:30:00.0,Intermediário
2.13808,2.15089,2003-04-15 13:00:00.0,Intermediário
2.13883,2.15095,2003-04-15 13:30:00.0,Intermediário
2.14266,2.15481,2003-04-15 14:00:00.0,Intermediário
2.14488,2.15704,2003-04-15 14:30:00.0,Intermediário
2.13272,2.14413,2003-04-15 15:01:00.0,Intermediário
2.12347,2.13552,2003-04-15 15:35:00.0,Intermediário
2.1194,2.13352,2003-04-15 16:00:00.0,Intermediário
2.11979,2.13184,2003-04-15 16:48:00.0,Fechamento Interbancário
2.14441,2.1486,2003-04-15 17:47:00.0,Fechamento
2.10526,2.12207,2003-04-16 09:56:00.0,Abertura
2.10131,2.11534,2003-04-16 10:01:00.0,Intermediário
2.11446,2.12785,2003-04-16 10:31:00.0,Intermediário
2.11923,2.13264,2003-04-16 11:00:00.0,Intermediário
2.10601,2.11935,2003-04-16 11:30:00.0,Intermediário
2.11855,2.13126,2003-04-16 12:00:00.0,Intermediário
2.11045,2.12382,2003-04-16 12:30:00.0,Intermediário
2.10301,2.11564,2003-04-16 13:00:00.0,Intermediário
2.10402,2.11666,2003-04-16 13:30:00.0,Intermediário
2.10402,2.11666,2003-04-16 14:00:00.0,Intermediário
2.10431,2.11695,2003-04-16 14:30:00.0,Intermediário
2.09861,2.11191,2003-04-16 15:00:00.0,Intermediário
2.10875,2.1221,2003-04-16 15:37:00.0,Intermediário
2.11758,2.13097,2003-04-16 17:04:00.0,Intermediário
2.11831,2.1317,2003-04-16 17:05:00.0,Fechamento Interbancário
2.10816,2.11228,2003-04-16 17:48:00.0,Fechamento
2.08932,2.10604,2003-04-17 09:44:00.0,Abertura
2.09481,2.10673,2003-04-17 10:00:00.0,Intermediário
2.08609,2.09865,2003-04-17 10:30:00.0,Intermediário
2.08391,2.09715,2003-04-17 11:00:00.0,Intermediário
2.06927,2.08313,2003-04-17 11:30:00.0,Intermediário
2.0707,2.08319,2003-04-17 12:00:00.0,Intermediário
2.07236,2.08348,2003-04-17 12:30:00.0,Intermediário
2.08657,2.09846,2003-04-17 13:00:00.0,Intermediário
2.08342,2.09458,2003-04-17 13:30:00.0,Intermediário
2.08485,2.09603,2003-04-17 14:00:00.0,Intermediário
2.08312,2.09429,2003-04-17 14:30:00.0,Intermediário
2.08247,2.09363,2003-04-17 15:00:00.0,Intermediário
2.07821,2.09004,2003-04-17 15:30:00.0,Intermediário
2.08067,2.09389,2003-04-17 16:00:00.0,Intermediário
2.08051,2.09375,2003-04-17 16:30:00.0,Fechamento Interbancário
2.0837,2.08779,2003-04-17 17:41:00.0,Fechamento
2.11132,2.12818,2003-04-22 09:56:00.0,Abertura
2.11234,2.12919,2003-04-22 10:00:00.0,Intermediário
2.12531,2.13878,2003-04-22 10:30:00.0,Intermediário
2.11393,2.12595,2003-04-22 11:00:00.0,Intermediário
2.11261,2.12601,2003-04-22 11:30:00.0,Intermediário
2.11277,2.12479,2003-04-22 12:00:00.0,Intermediário
2.11276,2.12477,2003-04-22 12:30:00.0,Intermediário
2.10617,2.11746,2003-04-22 13:00:00.0,Intermediário
2.10443,2.11572,2003-04-22 13:30:00.0,Intermediário
2.10501,2.11629,2003-04-22 14:00:00.0,Intermediário
2.10559,2.11687,2003-04-22 14:30:00.0,Intermediário
2.1003,2.11226,2003-04-22 15:00:00.0,Intermediário
2.10116,2.11243,2003-04-22 15:30:00.0,Intermediário
2.09456,2.10649,2003-04-22 16:00:00.0,Intermediário
2.09398,2.1059,2003-04-22 16:30:00.0,Fechamento Interbancário
2.11391,2.11803,2003-04-22 17:49:00.0,Fechamento
2.09336,2.1101,2003-04-23 09:51:00.0,Abertura
2.09278,2.10606,2003-04-23 10:00:00.0,Intermediário
2.07832,2.09085,2003-04-23 10:30:00.0,Intermediário
2.07087,2.08267,2003-04-23 11:00:00.0,Intermediário
2.07122,2.08372,2003-04-23 11:30:00.0,Intermediário
2.07383,2.08565,2003-04-23 12:00:00.0,Intermediário
2.0663,2.07878,2003-04-23 12:30:00.0,Intermediário
2.06655,2.07902,2003-04-23 13:00:00.0,Intermediário
2.06552,2.0766,2003-04-23 13:30:00.0,Intermediário
2.06709,2.07818,2003-04-23 14:00:00.0,Intermediário
2.06467,2.07575,2003-04-23 14:30:00.0,Intermediário
2.06729,2.08046,2003-04-23 15:00:00.0,Intermediário
2.07465,2.08716,2003-04-23 15:30:00.0,Intermediário
2.062,2.07444,2003-04-23 16:00:00.0,Intermediário
2.06228,2.07473,2003-04-23 16:30:00.0,Fechamento Interbancário
2.07407,2.07814,2003-04-23 17:41:00.0,Fechamento
2.04661,2.06306,2003-04-24 09:43:00.0,Abertura
2.04519,2.05823,2003-04-24 10:24:00.0,Intermediário
2.03798,2.05031,2003-04-24 10:30:00.0,Intermediário
2.0447,2.05568,2003-04-24 11:00:00.0,Intermediário
2.04115,2.0535,2003-04-24 11:30:00.0,Intermediário
2.05129,2.06231,2003-04-24 12:00:00.0,Intermediário
2.05806,2.07116,2003-04-24 12:30:00.0,Intermediário
2.0528,2.0645,2003-04-24 13:00:00.0,Intermediário
2.05164,2.06471,2003-04-24 13:30:00.0,Intermediário
2.05375,2.06684,2003-04-24 14:00:00.0,Intermediário
2.05164,2.06471,2003-04-24 14:30:00.0,Intermediário
2.06505,2.0775,2003-04-24 15:00:00.0,Intermediário
2.07148,2.08464,2003-04-24 15:30:00.0,Intermediário
2.05799,2.0711,2003-04-24 16:00:00.0,Intermediário
2.0594,2.07183,2003-04-24 16:30:00.0,Fechamento Interbancário
2.05774,2.06177,2003-04-24 17:46:00.0,Fechamento
2.07375,2.09037,2003-04-25 09:52:00.0,Abertura
2.0746,2.08779,2003-04-25 10:00:00.0,Intermediário
2.06628,2.07942,2003-04-25 10:30:00.0,Intermediário
2.06522,2.07767,2003-04-25 11:00:00.0,Intermediário
2.06446,2.07554,2003-04-25 11:30:00.0,Intermediário
2.06597,2.07775,2003-04-25 12:00:00.0,Intermediário
2.06763,2.0801,2003-04-25 12:30:00.0,Intermediário
2.06782,2.07892,2003-04-25 13:00:00.0,Intermediário
2.06796,2.07907,2003-04-25 13:30:00.0,Intermediário
2.06968,2.08077,2003-04-25 14:00:00.0,Intermediário
2.07438,2.08552,2003-04-25 14:30:00.0,Intermediário
2.07025,2.08276,2003-04-25 15:00:00.0,Intermediário
2.07343,2.08456,2003-04-25 15:30:00.0,Intermediário
2.07381,2.08494,2003-04-25 16:00:00.0,Intermediário
2.07248,2.08361,2003-04-25 16:30:00.0,Fechamento Interbancário
2.07888,2.08294,2003-04-25 17:42:00.0,Fechamento
2.06539,2.08202,2003-04-28 09:51:00.0,Abertura
2.06466,2.07714,2003-04-28 10:00:00.0,Intermediário
2.06789,2.07899,2003-04-28 10:30:00.0,Intermediário
2.07443,2.08627,2003-04-28 11:00:00.0,Intermediário
2.07391,2.08574,2003-04-28 11:30:00.0,Intermediário
2.06607,2.07717,2003-04-28 12:00:00.0,Intermediário
2.0604,2.07354,2003-04-28 12:30:00.0,Intermediário
2.05696,2.06939,2003-04-28 13:00:00.0,Intermediário
2.05498,2.06739,2003-04-28 13:30:00.0,Intermediário
2.05682,2.06925,2003-04-28 14:00:00.0,Intermediário
2.05654,2.06897,2003-04-28 14:30:00.0,Intermediário
2.04772,2.06079,2003-04-28 15:00:00.0,Intermediário
2.03632,2.04935,2003-04-28 15:30:00.0,Intermediário
2.03328,2.04491,2003-04-28 16:00:00.0,Intermediário
2.03495,2.04728,2003-04-28 16:30:00.0,Fechamento Interbancário
2.06323,2.06727,2003-04-28 17:55:00.0,Fechamento
2.01235,2.02871,2003-04-29 09:54:00.0,Abertura
2.0129,2.02581,2003-04-29 10:00:00.0,Intermediário
2.01167,2.0225,2003-04-29 10:30:00.0,Intermediário
2.01661,2.02817,2003-04-29 11:00:00.0,Intermediário
2.0183,2.02918,2003-04-29 11:30:00.0,Intermediário
2.01712,2.03006,2003-04-29 12:00:00.0,Intermediário
2.00593,2.01882,2003-04-29 12:30:00.0,Intermediário
2.0025,2.01399,2003-04-29 13:00:00.0,Intermediário
2.00291,2.01441,2003-04-29 13:30:00.0,Intermediário
2.00319,2.01469,2003-04-29 14:00:00.0,Intermediário
2.0061,2.01763,2003-04-29 14:30:00.0,Intermediário
2.02601,2.03971,2003-04-29 15:02:00.0,Intermediário
2.01191,2.02484,2003-04-29 15:30:00.0,Intermediário
2.01038,2.02194,2003-04-29 16:00:00.0,Intermediário
2.0119,2.02415,2003-04-29 16:30:00.0,Fechamento Interbancário
2.02357,2.02755,2003-04-29 17:44:00.0,Fechamento
1.9848,2.00108,2003-04-30 09:48:00.0,Abertura
1.99352,2.00498,2003-04-30 10:00:00.0,Intermediário
1.99823,2.01111,2003-04-30 10:41:00.0,Intermediário
1.9992,2.01139,2003-04-30 11:00:00.0,Intermediário
2.00865,2.0195,2003-04-30 11:30:00.0,Intermediário
2.00602,2.01827,2003-04-30 12:00:00.0,Intermediário
2.00644,2.01799,2003-04-30 12:30:00.0,Intermediário
2.00575,2.01729,2003-04-30 13:00:00.0,Intermediário
2.00463,2.01617,2003-04-30 13:30:00.0,Intermediário
2.00505,2.01659,2003-04-30 14:00:00.0,Intermediário
2.00393,2.01546,2003-04-30 14:30:00.0,Intermediário
2.00588,2.01672,2003-04-30 15:01:00.0,Intermediário
2.02453,2.03617,2003-04-30 15:30:00.0,Intermediário
2.02525,2.03829,2003-04-30 16:00:00.0,Intermediário
2.02594,2.03758,2003-04-30 16:30:00.0,Fechamento Interbancário
2.01448,2.01847,2003-04-30 17:52:00.0,Fechamento
2.04776,2.06446,2003-05-02 09:50:00.0,Abertura
2.04276,2.05309,2003-05-02 10:00:00.0,Intermediário
2.03622,2.05219,2003-05-02 10:30:00.0,Intermediário
2.04291,2.05465,2003-05-02 11:00:00.0,Intermediário
2.03898,2.05,2003-05-02 11:30:00.0,Intermediário
2.0354,2.04782,2003-05-02 12:00:00.0,Intermediário
2.03499,2.0474,2003-05-02 12:30:00.0,Intermediário
2.03771,2.04942,2003-05-02 13:00:00.0,Intermediário
2.03785,2.04957,2003-05-02 13:30:00.0,Intermediário
2.03828,2.05,2003-05-02 14:00:00.0,Intermediário
2.03871,2.05044,2003-05-02 14:30:00.0,Intermediário
2.06133,2.07387,2003-05-02 15:00:00.0,Intermediário
2.07625,2.08886,2003-05-02 15:30:00.0,Intermediário
2.08216,2.09339,2003-05-02 16:00:00.0,Intermediário
2.08515,2.09781,2003-05-02 16:30:00.0,Fechamento Interbancário
2.05215,2.05622,2003-05-02 17:45:00.0,Fechamento
2.07941,2.09629,2003-05-05 09:51:00.0,Abertura
2.07721,2.08983,2003-05-05 10:00:00.0,Intermediário
2.07361,2.08692,2003-05-05 10:30:00.0,Intermediário
2.07697,2.0903,2003-05-05 11:00:00.0,Intermediário
2.09313,2.10583,2003-05-05 11:30:00.0,Intermediário
2.11198,2.12408,2003-05-05 12:00:00.0,Intermediário
2.11349,2.12701,2003-05-05 12:30:00.0,Intermediário
2.10867,2.12076,2003-05-05 13:00:00.0,Intermediário
2.10912,2.1212,2003-05-05 13:30:00.0,Intermediário
2.11122,2.12331,2003-05-05 14:00:00.0,Intermediário
2.11227,2.12436,2003-05-05 14:30:00.0,Intermediário
2.13545,2.14908,2003-05-05 15:00:00.0,Intermediário
2.14581,2.15806,2003-05-05 15:30:00.0,Intermediário
2.14515,2.15739,2003-05-05 16:00:00.0,Intermediário
2.14438,2.15805,2003-05-05 16:30:00.0,Fechamento Interbancário
2.11129,2.11548,2003-05-05 17:40:00.0,Fechamento
2.16462,2.18195,2003-05-06 09:41:00.0,Abertura
2.17619,2.19144,2003-05-06 10:00:00.0,Intermediário
2.15633,2.17008,2003-05-06 10:30:00.0,Intermediário
2.14308,2.15677,2003-05-06 11:00:00.0,Intermediário
2.14288,2.15514,2003-05-06 11:30:00.0,Intermediário
2.14855,2.16154,2003-05-06 12:00:00.0,Intermediário
2.13605,2.1497,2003-05-06 12:30:00.0,Intermediário
2.12436,2.13582,2003-05-06 13:00:00.0,Intermediário
2.1226,2.13405,2003-05-06 13:30:00.0,Intermediário
2.1229,2.13435,2003-05-06 14:00:00.0,Intermediário
2.12789,2.13936,2003-05-06 14:30:00.0,Intermediário
2.14512,2.15667,2003-05-06 15:00:00.0,Intermediário
2.14962,2.16406,2003-05-06 15:32:00.0,Intermediário
2.15747,2.17053,2003-05-06 16:00:00.0,Intermediário
2.16599,2.17767,2003-05-06 16:30:00.0,Fechamento Interbancário
2.16889,2.1732,2003-05-06 17:39:00.0,Fechamento
2.12904,2.14627,2003-05-07 09:52:00.0,Abertura
2.13322,2.14832,2003-05-07 10:00:00.0,Intermediário
2.10916,2.12271,2003-05-07 10:31:00.0,Intermediário
2.12257,2.13548,2003-05-07 11:00:00.0,Intermediário
2.12266,2.13628,2003-05-07 11:30:00.0,Intermediário
2.11195,2.12622,2003-05-07 12:00:00.0,Intermediário
2.1194,2.13299,2003-05-07 12:30:00.0,Intermediário
2.10766,2.12119,2003-05-07 13:00:00.0,Intermediário
2.1057,2.11922,2003-05-07 13:30:00.0,Intermediário
2.10766,2.12119,2003-05-07 14:00:00.0,Intermediário
2.11022,2.12377,2003-05-07 14:30:00.0,Intermediário
2.11114,2.12398,2003-05-07 15:00:00.0,Intermediário
2.09662,2.1094,2003-05-07 15:30:00.0,Intermediário
2.10139,2.11491,2003-05-07 16:00:00.0,Intermediário
2.10389,2.11741,2003-05-07 16:30:00.0,Fechamento Interbancário
2.11877,2.12299,2003-05-07 17:41:00.0,Fechamento
2.08335,2.10037,2003-05-08 09:38:00.0,Abertura
2.08926,2.10273,2003-05-08 10:00:00.0,Intermediário
2.082,2.09545,2003-05-08 10:30:00.0,Intermediário
2.08713,2.1006,2003-05-08 11:00:00.0,Intermediário
2.09533,2.10884,2003-05-08 11:30:00.0,Intermediário
2.08126,2.0947,2003-05-08 12:00:00.0,Intermediário
2.08788,2.10063,2003-05-08 12:30:00.0,Intermediário
2.075,2.08769,2003-05-08 13:00:00.0,Intermediário
2.07738,2.09008,2003-05-08 13:30:00.0,Intermediário
2.07708,2.08978,2003-05-08 14:00:00.0,Intermediário
2.07545,2.08814,2003-05-08 14:30:00.0,Intermediário
2.08669,2.10016,2003-05-08 15:00:00.0,Intermediário
2.0838,2.09652,2003-05-08 15:30:00.0,Intermediário
2.08186,2.0953,2003-05-08 16:00:00.0,Intermediário
2.08302,2.09503,2003-05-08 16:30:00.0,Fechamento Interbancário
2.09187,2.09605,2003-05-08 17:41:00.0,Fechamento
2.0506,2.06747,2003-05-09 09:40:00.0,Abertura
2.04173,2.05353,2003-05-09 10:00:00.0,Intermediário
2.05641,2.06972,2003-05-09 10:30:00.0,Intermediário
2.06113,2.07448,2003-05-09 11:00:00.0,Intermediário
2.06687,2.07952,2003-05-09 11:30:00.0,Intermediário
2.0643,2.07694,2003-05-09 12:00:00.0,Intermediário
2.06563,2.07684,2003-05-09 12:30:00.0,Intermediário
2.05875,2.07137,2003-05-09 13:00:00.0,Intermediário
2.05831,2.07092,2003-05-09 13:30:00.0,Intermediário
2.05772,2.07034,2003-05-09 14:00:00.0,Intermediário
2.05979,2.07241,2003-05-09 14:30:00.0,Intermediário
2.06164,2.07283,2003-05-09 15:00:00.0,Intermediário
2.06994,2.08405,2003-05-09 15:30:00.0,Intermediário
2.06019,2.07281,2003-05-09 16:00:00.0,Intermediário
2.0569,2.06879,2003-05-09 16:30:00.0,Fechamento Interbancário
2.0632,2.06733,2003-05-09 17:51:00.0,Fechamento
2.06092,2.07789,2003-05-12 09:54:00.0,Abertura
2.06737,2.08148,2003-05-12 10:00:00.0,Intermediário
2.07722,2.09066,2003-05-12 10:30:00.0,Intermediário
2.07093,2.08362,2003-05-12 11:00:00.0,Intermediário
2.06014,2.0735,2003-05-12 11:30:00.0,Intermediário
2.06422,2.0776,2003-05-12 12:00:00.0,Intermediário
2.05921,2.07257,2003-05-12 12:30:00.0,Intermediário
2.06097,2.07362,2003-05-12 13:00:00.0,Intermediário
2.06082,2.07347,2003-05-12 13:30:00.0,Intermediário
2.05919,2.07182,2003-05-12 14:00:00.0,Intermediário
2.05993,2.07257,2003-05-12 14:30:00.0,Intermediário
2.06278,2.07399,2003-05-12 15:00:00.0,Intermediário
2.06221,2.07486,2003-05-12 15:30:00.0,Intermediário
2.05212,2.06615,2003-05-12 16:00:00.0,Intermediário
2.05282,2.06541,2003-05-12 16:30:00.0,Fechamento Interbancário
2.06814,2.07226,2003-05-12 17:51:00.0,Fechamento
2.04544,2.06234,2003-05-13 09:49:00.0,Abertura
2.04539,2.05867,2003-05-13 10:00:00.0,Intermediário
2.0409,2.05271,2003-05-13 10:30:00.0,Intermediário
2.04798,2.06055,2003-05-13 11:00:00.0,Intermediário
2.05794,2.06913,2003-05-13 11:30:00.0,Intermediário
2.05334,2.06593,2003-05-13 12:00:00.0,Intermediário
2.05991,2.07182,2003-05-13 12:30:00.0,Intermediário
2.06392,2.07585,2003-05-13 13:00:00.0,Intermediário
2.06451,2.07789,2003-05-13 13:30:00.0,Intermediário
2.06585,2.07924,2003-05-13 14:00:00.0,Intermediário
2.06704,2.08043,2003-05-13 14:30:00.0,Intermediário
2.0715,2.08347,2003-05-13 15:00:00.0,Intermediário
2.08497,2.097,2003-05-13 15:30:00.0,Intermediário
2.07807,2.09151,2003-05-13 16:00:00.0,Intermediário
2.07834,2.09106,2003-05-13 16:30:00.0,Fechamento Interbancário
2.06303,2.06715,2003-05-13 17:48:00.0,Fechamento
2.07333,2.09037,2003-05-14 09:52:00.0,Abertura
2.07938,2.0921,2003-05-14 10:00:00.0,Intermediário
2.08539,2.09669,2003-05-14 10:30:00.0,Intermediário
2.07722,2.08996,2003-05-14 11:00:00.0,Intermediário
2.09068,2.10421,2003-05-14 11:30:00.0,Intermediário
2.08595,2.09801,2003-05-14 12:00:00.0,Intermediário
2.088,2.09935,2003-05-14 12:30:00.0,Intermediário
2.09268,2.10478,2003-05-14 13:00:00.0,Intermediário
2.09283,2.10493,2003-05-14 13:30:00.0,Intermediário
2.09435,2.10645,2003-05-14 14:00:00.0,Intermediário
2.09435,2.10645,2003-05-14 14:30:00.0,Intermediário
2.09743,2.11101,2003-05-14 15:00:00.0,Intermediário
2.09458,2.10668,2003-05-14 15:30:00.0,Intermediário
2.09674,2.10814,2003-05-14 16:01:00.0,Intermediário
2.09659,2.10799,2003-05-14 16:31:00.0,Fechamento Interbancário
2.10018,2.1044,2003-05-14 17:39:00.0,Fechamento
2.12051,2.13781,2003-05-15 09:58:00.0,Abertura
2.12204,2.13501,2003-05-15 10:00:00.0,Intermediário
2.11534,2.12899,2003-05-15 10:30:00.0,Intermediário
2.1169,2.1291,2003-05-15 11:00:00.0,Intermediário
2.11603,2.12752,2003-05-15 11:30:00.0,Intermediário
2.12936,2.14309,2003-05-15 12:00:00.0,Intermediário
2.11645,2.12867,2003-05-15 12:30:00.0,Intermediário
2.12175,2.13398,2003-05-15 13:00:00.0,Intermediário
2.11943,2.13165,2003-05-15 13:30:00.0,Intermediário
2.11453,2.12672,2003-05-15 14:00:00.0,Intermediário
2.11177,2.12394,2003-05-15 14:30:00.0,Intermediário
2.12563,2.13715,2003-05-15 15:00:00.0,Intermediário
2.12488,2.13857,2003-05-15 15:33:00.0,Intermediário
2.13698,2.14999,2003-05-15 16:00:00.0,Intermediário
2.13837,2.1514,2003-05-15 16:30:00.0,Fechamento Interbancário
2.11708,2.1213,2003-05-15 17:40:00.0,Fechamento
2.15247,2.17,2003-05-16 09:57:00.0,Abertura
2.15467,2.16856,2003-05-16 10:00:00.0,Intermediário
2.1637,2.17616,2003-05-16 10:30:00.0,Intermediário
2.18462,2.1972,2003-05-16 11:00:00.0,Intermediário
2.17704,2.1947,2003-05-16 11:30:00.0,Intermediário
2.17433,2.1883,2003-05-16 12:00:00.0,Intermediário
2.16681,2.17928,2003-05-16 12:30:00.0,Intermediário
2.1577,2.17014,2003-05-16 13:00:00.0,Intermediário
2.15786,2.17029,2003-05-16 13:30:00.0,Intermediário
2.15346,2.16586,2003-05-16 14:00:00.0,Intermediário
2.15142,2.16381,2003-05-16 14:30:00.0,Intermediário
2.15737,2.17127,2003-05-16 15:00:00.0,Intermediário
2.15145,2.16459,2003-05-16 15:30:00.0,Intermediário
2.1461,2.15993,2003-05-16 16:00:00.0,Intermediário
2.14641,2.16025,2003-05-16 16:30:00.0,Fechamento Interbancário
2.17404,2.17838,2003-05-16 17:42:00.0,Fechamento
2.17001,2.18767,2003-05-19 09:56:00.0,Abertura
2.17835,2.19089,2003-05-19 10:00:00.0,Intermediário
2.1844,2.19844,2003-05-19 10:30:00.0,Intermediário
2.17423,2.19046,2003-05-19 11:00:00.0,Intermediário
2.18039,2.19442,2003-05-19 11:30:00.0,Intermediário
2.17394,2.18721,2003-05-19 12:00:00.0,Intermediário
2.18561,2.19893,2003-05-19 12:30:00.0,Intermediário
2.1852,2.19925,2003-05-19 13:00:00.0,Intermediário
2.18296,2.19699,2003-05-19 13:30:00.0,Intermediário
2.18408,2.19812,2003-05-19 14:00:00.0,Intermediário
2.18696,2.20104,2003-05-19 14:30:00.0,Intermediário
2.19513,2.20923,2003-05-19 15:00:00.0,Intermediário
2.1947,2.20733,2003-05-19 15:30:00.0,Intermediário
2.18992,2.20325,2003-05-19 16:00:00.0,Intermediário
2.19265,2.20673,2003-05-19 16:30:00.0,Fechamento Interbancário
2.18306,2.18742,2003-05-19 17:48:00.0,Fechamento
2.20062,2.21846,2003-05-20 09:57:00.0,Abertura
2.20951,2.22298,2003-05-20 10:22:00.0,Intermediário
2.21606,2.22882,2003-05-20 10:51:00.0,Intermediário
2.22862,2.24291,2003-05-20 11:21:00.0,Intermediário
2.22739,2.24167,2003-05-20 12:12:00.0,Intermediário
2.21878,2.23153,2003-05-20 12:13:00.0,Intermediário
2.22765,2.24196,2003-05-20 12:43:00.0,Intermediário
2.22726,2.24157,2003-05-20 13:08:00.0,Intermediário
2.22115,2.23543,2003-05-20 14:00:00.0,Intermediário
2.22099,2.23526,2003-05-20 14:07:00.0,Intermediário
2.21639,2.23062,2003-05-20 14:30:00.0,Intermediário
2.21402,2.22824,2003-05-20 15:00:00.0,Intermediário
2.21754,2.23177,2003-05-20 15:30:00.0,Intermediário
2.23868,2.25228,2003-05-20 16:00:00.0,Intermediário
2.24319,2.25756,2003-05-20 16:30:00.0,Fechamento Interbancário
2.22749,2.23197,2003-05-20 17:40:00.0,Fechamento
2.21713,2.23507,2003-05-21 09:54:00.0,Abertura
2.22409,2.24059,2003-05-21 10:00:00.0,Intermediário
2.22311,2.23738,2003-05-21 10:30:00.0,Intermediário
2.23941,2.25229,2003-05-21 11:00:00.0,Intermediário
2.22682,2.23888,2003-05-21 11:30:00.0,Intermediário
2.22723,2.24004,2003-05-21 12:00:00.0,Intermediário
2.22124,2.23327,2003-05-21 12:30:00.0,Intermediário
2.21475,2.23271,2003-05-21 13:00:00.0,Intermediário
2.21327,2.22973,2003-05-21 13:30:00.0,Intermediário
2.21278,2.22923,2003-05-21 14:00:00.0,Intermediário
2.21278,2.22923,2003-05-21 14:30:00.0,Intermediário
2.21376,2.22726,2003-05-21 15:00:00.0,Intermediário
2.20425,2.21843,2003-05-21 15:30:00.0,Intermediário
2.21779,2.2313,2003-05-21 16:00:00.0,Intermediário
2.22173,2.23378,2003-05-21 16:30:00.0,Fechamento Interbancário
2.22479,2.22927,2003-05-21 17:51:00.0,Fechamento
2.18534,2.20308,2003-05-22 09:57:00.0,Abertura
2.18632,2.20039,2003-05-22 10:00:00.0,Intermediário
2.18455,2.19712,2003-05-22 10:30:00.0,Intermediário
2.18752,2.20011,2003-05-22 11:00:00.0,Intermediário
2.18466,2.19871,2003-05-22 11:30:00.0,Intermediário
2.1787,2.19197,2003-05-22 12:00:00.0,Intermediário
2.1813,2.19385,2003-05-22 12:30:00.0,Intermediário
2.17734,2.18986,2003-05-22 13:00:00.0,Intermediário
2.17894,2.19147,2003-05-22 13:30:00.0,Intermediário
2.17353,2.18603,2003-05-22 14:00:00.0,Intermediário
2.17132,2.1838,2003-05-22 14:30:00.0,Intermediário
2.15857,2.17026,2003-05-22 15:00:00.0,Intermediário
2.14894,2.16202,2003-05-22 15:30:00.0,Intermediário
2.15853,2.17387,2003-05-22 16:00:00.0,Intermediário
2.15961,2.17276,2003-05-22 16:30:00.0,Fechamento Interbancário
2.16771,2.17205,2003-05-22 17:37:00.0,Fechamento
2.13807,2.15545,2003-05-23 09:52:00.0,Abertura
2.14364,2.15743,2003-05-23 10:00:00.0,Intermediário
2.14344,2.15577,2003-05-23 10:30:00.0,Intermediário
2.14282,2.15587,2003-05-23 11:00:00.0,Intermediário
2.13734,2.14965,2003-05-23 11:30:00.0,Intermediário
2.1202,2.13387,2003-05-23 12:00:00.0,Intermediário
2.12101,2.13252,2003-05-23 12:30:00.0,Intermediário
2.11759,2.12908,2003-05-23 13:00:00.0,Intermediário
2.11625,2.12992,2003-05-23 13:30:00.0,Intermediário
2.11717,2.13085,2003-05-23 14:00:00.0,Intermediário
2.11794,2.13161,2003-05-23 14:30:00.0,Intermediário
2.11897,2.13192,2003-05-23 15:00:00.0,Intermediário
2.1103,2.12248,2003-05-23 15:30:00.0,Intermediário
2.11282,2.12502,2003-05-23 16:00:00.0,Intermediário
2.11355,2.12721,2003-05-23 16:30:00.0,Fechamento Interbancário
2.14011,2.1444,2003-05-23 17:42:00.0,Fechamento
2.1054,2.12265,2003-05-26 09:57:00.0,Abertura
2.10029,2.11752,2003-05-26 10:00:00.0,Intermediário
2.09869,2.11009,2003-05-26 10:30:00.0,Intermediário
2.10564,2.11853,2003-05-26 11:00:00.0,Intermediário
2.10465,2.11681,2003-05-26 11:30:00.0,Intermediário
2.10419,2.11634,2003-05-26 12:00:00.0,Intermediário
2.10702,2.11846,2003-05-26 12:30:00.0,Intermediário
2.10664,2.11881,2003-05-26 13:00:00.0,Intermediário
2.10603,2.1182,2003-05-26 13:30:00.0,Intermediário
2.10649,2.11866,2003-05-26 14:00:00.0,Intermediário
2.10802,2.12021,2003-05-26 14:30:00.0,Intermediário
2.15772,2.17161,2003-05-26 15:00:00.0,Intermediário
2.18994,2.20398,2003-05-26 15:30:00.0,Intermediário
2.19373,2.21144,2003-05-26 16:00:00.0,Intermediário
2.19437,2.21207,2003-05-26 16:30:00.0,Fechamento Interbancário
2.1504,2.15471,2003-05-26 17:43:00.0,Fechamento
2.21449,2.23226,2003-05-27 09:55:00.0,Abertura
2.21295,2.23073,2003-05-27 10:00:00.0,Intermediário
2.20906,2.22318,2003-05-27 10:30:00.0,Intermediário
2.19832,2.21239,2003-05-27 11:00:00.0,Intermediário
2.18125,2.1967,2003-05-27 11:30:00.0,Intermediário
2.19357,2.20763,2003-05-27 12:00:00.0,Intermediário
2.18933,2.20189,2003-05-27 12:30:00.0,Intermediário
2.19828,2.21234,2003-05-27 13:00:00.0,Intermediário
2.19988,2.21395,2003-05-27 13:30:00.0,Intermediário
2.20068,2.21476,2003-05-27 14:00:00.0,Intermediário
2.19924,2.21331,2003-05-27 14:30:00.0,Intermediário
2.20237,2.2172,2003-05-27 15:00:00.0,Intermediário
2.18728,2.20204,2003-05-27 15:30:00.0,Intermediário
2.1961,2.20943,2003-05-27 16:00:00.0,Intermediário
2.19515,2.20846,2003-05-27 16:30:00.0,Fechamento Interbancário
2.19356,2.19794,2003-05-27 17:45:00.0,Fechamento
2.15431,2.17169,2003-05-28 09:54:00.0,Abertura
2.16116,2.17357,2003-05-28 10:00:00.0,Intermediário
2.16425,2.17738,2003-05-28 10:30:00.0,Intermediário
2.17224,2.18397,2003-05-28 11:00:00.0,Intermediário
2.16961,2.18349,2003-05-28 11:30:00.0,Intermediário
2.17221,2.18393,2003-05-28 12:00:00.0,Intermediário
2.17252,2.18497,2003-05-28 12:30:00.0,Intermediário
2.17024,2.18266,2003-05-28 13:00:00.0,Intermediário
2.17118,2.18361,2003-05-28 13:30:00.0,Intermediário
2.17572,2.1882,2003-05-28 14:00:00.0,Intermediário
2.1776,2.19009,2003-05-28 14:30:00.0,Intermediário
2.17314,2.18634,2003-05-28 15:00:00.0,Intermediário
2.17321,2.18567,2003-05-28 15:30:00.0,Intermediário
2.1671,2.18098,2003-05-28 16:00:00.0,Intermediário
2.16657,2.17972,2003-05-28 16:30:00.0,Fechamento Interbancário
2.17326,2.17757,2003-05-28 17:39:00.0,Fechamento
2.14589,2.16329,2003-05-29 09:56:00.0,Abertura
2.14981,2.16216,2003-05-29 10:00:00.0,Intermediário
2.13476,2.1485,2003-05-29 10:30:00.0,Intermediário
2.14158,2.15535,2003-05-29 11:00:00.0,Intermediário
2.13128,2.14429,2003-05-29 11:30:00.0,Intermediário
2.12781,2.14153,2003-05-29 12:00:00.0,Intermediário
2.13594,2.14898,2003-05-29 12:30:00.0,Intermediário
2.12342,2.14075,2003-05-29 13:00:00.0,Intermediário
2.12527,2.14262,2003-05-29 13:30:00.0,Intermediário
2.12666,2.14403,2003-05-29 14:00:00.0,Intermediário
2.12666,2.14403,2003-05-29 14:30:00.0,Intermediário
2.12627,2.13854,2003-05-29 15:00:00.0,Intermediário
2.12928,2.14156,2003-05-29 15:30:00.0,Intermediário
2.13469,2.147,2003-05-29 16:00:00.0,Intermediário
2.13178,2.14407,2003-05-29 16:30:00.0,Fechamento Interbancário
2.15139,2.15568,2003-05-29 18:02:00.0,Fechamento
2.14175,2.15922,2003-05-30 09:49:00.0,Abertura
2.14852,2.16602,2003-05-30 10:00:00.0,Intermediário
2.14493,2.16094,2003-05-30 10:30:00.0,Intermediário
2.16562,2.17954,2003-05-30 11:00:00.0,Intermediário
2.1563,2.17016,2003-05-30 11:32:00.0,Intermediário
2.15586,2.16826,2003-05-30 12:00:00.0,Intermediário
2.16672,2.17846,2003-05-30 12:30:00.0,Intermediário
2.16765,2.17938,2003-05-30 13:00:00.0,Intermediário
2.16519,2.17763,2003-05-30 13:30:00.0,Intermediário
2.16629,2.17874,2003-05-30 14:00:00.0,Intermediário
2.16645,2.1789,2003-05-30 14:30:00.0,Intermediário
2.1723,2.1848,2003-05-30 15:18:00.0,Intermediário
2.17413,2.18665,2003-05-30 15:21:00.0,Intermediário
2.15977,2.17442,2003-05-30 15:30:00.0,Intermediário
2.16354,2.18113,2003-05-30 16:00:00.0,Intermediário
2.16403,2.17795,2003-05-30 16:30:00.0,Fechamento Interbancário
2.16586,2.17018,2003-05-30 18:04:00.0,Fechamento
2.14874,2.16622,2003-06-02 09:56:00.0,Abertura
2.15139,2.1667,2003-06-02 10:00:00.0,Intermediário
2.16071,2.17314,2003-06-02 10:30:00.0,Intermediário
2.15522,2.16908,2003-06-02 11:00:00.0,Intermediário
2.16135,2.17379,2003-06-02 11:30:00.0,Intermediário
2.16578,2.17824,2003-06-02 12:00:00.0,Intermediário
2.16354,2.17747,2003-06-02 12:30:00.0,Intermediário
2.16226,2.17471,2003-06-02 13:00:00.0,Intermediário
2.16415,2.17589,2003-06-02 13:30:00.0,Intermediário
2.16289,2.17461,2003-06-02 14:00:00.0,Intermediário
2.16194,2.17366,2003-06-02 14:30:00.0,Intermediário
2.16672,2.18066,2003-06-02 15:00:00.0,Intermediário
2.16901,2.18148,2003-06-02 15:30:00.0,Intermediário
2.17021,2.18269,2003-06-02 16:00:00.0,Intermediário
2.17068,2.18244,2003-06-02 16:30:00.0,Fechamento Interbancário
2.17094,2.17528,2003-06-02 17:53:00.0,Fechamento
2.15913,2.17668,2003-06-03 09:54:00.0,Abertura
2.16117,2.17509,2003-06-03 10:00:00.0,Intermediário
2.1612,2.17291,2003-06-03 10:30:00.0,Intermediário
2.15664,2.16905,2003-06-03 11:00:00.0,Intermediário
2.15792,2.16962,2003-06-03 11:32:00.0,Intermediário
2.1483,2.16139,2003-06-03 12:00:00.0,Intermediário
2.14946,2.16401,2003-06-03 12:30:00.0,Intermediário
2.14532,2.15766,2003-06-03 13:00:00.0,Intermediário
2.14968,2.16206,2003-06-03 14:18:00.0,Intermediário
2.15108,2.16347,2003-06-03 14:19:00.0,Intermediário
2.15407,2.16647,2003-06-03 14:30:00.0,Intermediário
2.14714,2.1588,2003-06-03 15:00:00.0,Intermediário
2.14923,2.1631,2003-06-03 15:37:00.0,Intermediário
2.1521,2.16598,2003-06-03 16:00:00.0,Intermediário
2.15017,2.16183,2003-06-03 16:30:00.0,Fechamento Interbancário
2.16611,2.17044,2003-06-03 17:48:00.0,Fechamento
2.122,2.13946,2003-06-04 09:44:00.0,Abertura
2.14094,2.15627,2003-06-04 10:00:00.0,Intermediário
2.13985,2.15591,2003-06-04 10:30:00.0,Intermediário
2.14126,2.15512,2003-06-04 11:00:00.0,Intermediário
2.13553,2.14789,2003-06-04 11:30:00.0,Intermediário
2.13706,2.14868,2003-06-04 12:00:00.0,Intermediário
2.14639,2.15954,2003-06-04 12:30:00.0,Intermediário
2.14771,2.16012,2003-06-04 13:00:00.0,Intermediário
2.14629,2.15944,2003-06-04 13:30:00.0,Intermediário
2.14676,2.1599,2003-06-04 14:00:00.0,Intermediário
2.14692,2.16006,2003-06-04 14:30:00.0,Intermediário
2.12971,2.14351,2003-06-04 15:00:00.0,Intermediário
2.13202,2.1451,2003-06-04 15:30:00.0,Intermediário
2.13999,2.1531,2003-06-04 16:00:00.0,Intermediário
2.14494,2.15734,2003-06-04 16:30:00.0,Fechamento Interbancário
2.13407,2.13836,2003-06-04 17:43:00.0,Fechamento
2.14903,2.16665,2003-06-05 09:58:00.0,Abertura
2.14629,2.16391,2003-06-05 10:00:00.0,Intermediário
2.14708,2.15951,2003-06-05 10:30:00.0,Intermediário
2.15309,2.1648,2003-06-05 11:00:00.0,Intermediário
2.15413,2.16661,2003-06-05 11:30:00.0,Intermediário
2.14876,2.16122,2003-06-05 12:00:00.0,Intermediário
2.15976,2.17229,2003-06-05 12:30:00.0,Intermediário
2.15033,2.16429,2003-06-05 13:00:00.0,Intermediário
2.14953,2.16348,2003-06-05 13:30:00.0,Intermediário
2.14921,2.16316,2003-06-05 14:00:00.0,Intermediário
2.14969,2.16364,2003-06-05 14:30:00.0,Intermediário
2.13434,2.14597,2003-06-05 15:00:00.0,Intermediário
2.13657,2.14971,2003-06-05 15:30:00.0,Intermediário
2.12737,2.14048,2003-06-05 16:00:00.0,Intermediário
2.12562,2.13872,2003-06-05 16:30:00.0,Fechamento Interbancário
2.15207,2.15642,2003-06-05 17:43:00.0,Fechamento
2.07319,2.09044,2003-06-06 09:33:00.0,Abertura
2.05963,2.07235,2003-06-06 10:05:00.0,Intermediário
2.07915,2.09197,2003-06-06 10:30:00.0,Intermediário
2.08019,2.09228,2003-06-06 11:00:00.0,Intermediário
2.09723,2.11014,2003-06-06 11:30:00.0,Intermediário
2.1049,2.12082,2003-06-06 12:00:00.0,Intermediário
2.11588,2.13335,2003-06-06 12:30:00.0,Intermediário
2.11952,2.13256,2003-06-06 13:00:00.0,Intermediário
2.11832,2.13209,2003-06-06 13:30:00.0,Intermediário
2.11645,2.13019,2003-06-06 14:00:00.0,Intermediário
2.11707,2.13082,2003-06-06 14:30:00.0,Intermediário
2.12209,2.13955,2003-06-06 15:00:00.0,Intermediário
2.1138,2.12752,2003-06-06 15:30:00.0,Intermediário
2.10952,2.12471,2003-06-06 16:00:00.0,Intermediário
2.11061,2.12431,2003-06-06 16:30:00.0,Fechamento Interbancário
2.09345,2.09767,2003-06-06 17:42:00.0,Fechamento
2.09269,2.10999,2003-06-09 09:40:00.0,Abertura
2.09653,2.11387,2003-06-09 10:00:00.0,Intermediário
2.10662,2.11883,2003-06-09 10:30:00.0,Intermediário
2.10724,2.12019,2003-06-09 11:00:00.0,Intermediário
2.11326,2.12846,2003-06-09 11:30:00.0,Intermediário
2.10676,2.12044,2003-06-09 12:00:00.0,Intermediário
2.09901,2.11045,2003-06-09 12:30:00.0,Intermediário
2.10751,2.11901,2003-06-09 13:00:00.0,Intermediário
2.10813,2.11962,2003-06-09 13:30:00.0,Intermediário
2.10581,2.11729,2003-06-09 14:00:00.0,Intermediário
2.10782,2.1193,2003-06-09 14:30:00.0,Intermediário
2.11022,2.12246,2003-06-09 15:00:00.0,Intermediário
2.10067,2.11434,2003-06-09 15:30:00.0,Intermediário
2.10283,2.11429,2003-06-09 16:00:00.0,Intermediário
2.10253,2.11398,2003-06-09 16:30:00.0,Fechamento Interbancário
2.10779,2.11205,2003-06-09 17:47:00.0,Fechamento
2.09436,2.11166,2003-06-10 09:48:00.0,Abertura
2.09678,2.10967,2003-06-10 10:00:00.0,Intermediário
2.08823,2.10108,2003-06-10 10:30:00.0,Intermediário
2.08652,2.09936,2003-06-10 11:00:00.0,Intermediário
2.08922,2.1028,2003-06-10 11:30:00.0,Intermediário
2.09075,2.10361,2003-06-10 12:00:00.0,Intermediário
2.09194,2.10407,2003-06-10 12:30:00.0,Intermediário
2.09322,2.10535,2003-06-10 13:00:00.0,Intermediário
2.09441,2.10581,2003-06-10 13:30:00.0,Intermediário
2.09609,2.10751,2003-06-10 14:00:00.0,Intermediário
2.09732,2.10874,2003-06-10 14:30:00.0,Intermediário
2.09212,2.10498,2003-06-10 15:00:00.0,Intermediário
2.10338,2.11483,2003-06-10 15:30:00.0,Intermediário
2.09839,2.11351,2003-06-10 16:00:00.0,Intermediário
2.10107,2.11397,2003-06-10 16:30:00.0,Fechamento Interbancário
2.09644,2.10066,2003-06-10 17:38:00.0,Fechamento
2.10804,2.12547,2003-06-11 09:56:00.0,Abertura
2.1082,2.12266,2003-06-11 10:00:00.0,Intermediário
2.11355,2.12507,2003-06-11 10:30:00.0,Intermediário
2.12126,2.13431,2003-06-11 11:00:00.0,Intermediário
2.12414,2.13571,2003-06-11 11:30:00.0,Intermediário
2.11883,2.13261,2003-06-11 12:00:00.0,Intermediário
2.12446,2.13602,2003-06-11 12:30:00.0,Intermediário
2.11961,2.13116,2003-06-11 13:00:00.0,Intermediário
2.1172,2.13023,2003-06-11 13:30:00.0,Intermediário
2.11642,2.12944,2003-06-11 14:00:00.0,Intermediário
2.11626,2.12928,2003-06-11 14:30:00.0,Intermediário
2.11394,2.12695,2003-06-11 15:00:00.0,Intermediário
2.11686,2.12988,2003-06-11 15:30:00.0,Intermediário
2.1039,2.11759,2003-06-11 16:00:00.0,Intermediário
2.10222,2.11443,2003-06-11 16:30:00.0,Fechamento Interbancário
2.12037,2.12467,2003-06-11 17:39:00.0,Fechamento
2.09407,2.11142,2003-06-12 09:53:00.0,Abertura
2.10098,2.11393,2003-06-12 10:00:00.0,Intermediário
2.10828,2.12126,2003-06-12 10:30:00.0,Intermediário
2.10851,2.12076,2003-06-12 11:00:00.0,Intermediário
2.11074,2.12299,2003-06-12 11:30:00.0,Intermediário
2.11428,2.1258,2003-06-12 12:00:00.0,Intermediário
2.1099,2.1229,2003-06-12 12:32:00.0,Intermediário
2.11565,2.1272,2003-06-12 13:00:00.0,Intermediário
2.1155,2.12704,2003-06-12 13:30:00.0,Intermediário
2.11487,2.12641,2003-06-12 14:00:00.0,Intermediário
2.11472,2.12625,2003-06-12 14:30:00.0,Intermediário
2.1226,2.13565,2003-06-12 15:00:00.0,Intermediário
2.11933,2.13236,2003-06-12 15:46:00.0,Intermediário
2.11494,2.12648,2003-06-12 16:00:00.0,Intermediário
2.11405,2.12632,2003-06-12 16:30:00.0,Fechamento Interbancário
2.11993,2.1242,2003-06-12 18:22:00.0,Fechamento
2.10912,2.12658,2003-06-13 09:38:00.0,Abertura
2.11294,2.12818,2003-06-13 10:00:00.0,Intermediário
2.11531,2.1276,2003-06-13 10:30:00.0,Intermediário
2.11746,2.12977,2003-06-13 11:00:00.0,Intermediário
2.12024,2.13182,2003-06-13 11:30:00.0,Intermediário
2.12541,2.13775,2003-06-13 12:00:00.0,Intermediário
2.13106,2.14345,2003-06-13 12:30:00.0,Intermediário
2.13011,2.14249,2003-06-13 13:00:00.0,Intermediário
2.12979,2.14217,2003-06-13 13:30:00.0,Intermediário
2.12882,2.1412,2003-06-13 14:00:00.0,Intermediário
2.12963,2.14201,2003-06-13 14:30:00.0,Intermediário
2.13378,2.14694,2003-06-13 15:00:00.0,Intermediário
2.12962,2.14125,2003-06-13 15:30:00.0,Intermediário
2.11609,2.13369,2003-06-13 16:00:00.0,Intermediário
2.12038,2.13197,2003-06-13 16:30:00.0,Fechamento Interbancário
2.13728,2.14163,2003-06-13 17:44:00.0,Fechamento
2.10826,2.12578,2003-06-16 09:56:00.0,Abertura
2.10841,2.12594,2003-06-16 10:00:00.0,Intermediário
2.11345,2.12651,2003-06-16 10:30:00.0,Intermediário
2.12319,2.1348,2003-06-16 11:00:00.0,Intermediário
2.11802,2.12958,2003-06-16 11:30:00.0,Intermediário
2.12034,2.13342,2003-06-16 12:00:00.0,Intermediário
2.11838,2.12995,2003-06-16 12:30:00.0,Intermediário
2.12183,2.13417,2003-06-16 13:00:00.0,Intermediário
2.11978,2.1321,2003-06-16 13:30:00.0,Intermediário
2.12151,2.13385,2003-06-16 14:00:00.0,Intermediário
2.12041,2.13273,2003-06-16 14:30:00.0,Intermediário
2.11743,2.12974,2003-06-16 15:00:00.0,Intermediário
2.12183,2.1364,2003-06-16 18:48:00.0,Intermediário
2.13148,2.14311,2003-06-16 18:51:00.0,Intermediário
2.13148,2.14311,2003-06-16 18:52:00.0,Fechamento Interbancário
2.11775,2.12203,2003-06-16 19:16:00.0,Fechamento
2.12197,2.13949,2003-06-17 09:56:00.0,Abertura
2.13561,2.14948,2003-06-17 10:13:00.0,Intermediário
2.1187,2.1325,2003-06-17 10:45:00.0,Intermediário
2.11574,2.1273,2003-06-17 11:11:00.0,Intermediário
2.12121,2.13502,2003-06-17 11:38:00.0,Intermediário
2.133,2.14613,2003-06-17 12:09:00.0,Intermediário
2.13582,2.1497,2003-06-17 12:30:00.0,Intermediário
2.1456,2.15881,2003-06-17 13:00:00.0,Intermediário
2.14576,2.15897,2003-06-17 13:30:00.0,Intermediário
2.14257,2.15575,2003-06-17 14:00:00.0,Intermediário
2.14576,2.15897,2003-06-17 14:30:00.0,Intermediário
2.14076,2.15394,2003-06-17 15:00:00.0,Intermediário
2.14012,2.15554,2003-06-17 15:30:00.0,Intermediário
2.1288,2.14341,2003-06-17 16:00:00.0,Intermediário
2.12848,2.14234,2003-06-17 16:30:00.0,Fechamento Interbancário
2.14261,2.14695,2003-06-17 17:48:00.0,Fechamento
2.14478,2.16243,2003-06-18 09:51:00.0,Abertura
2.14857,2.16102,2003-06-18 10:00:00.0,Intermediário
2.14997,2.16395,2003-06-18 10:30:00.0,Intermediário
2.14545,2.1579,2003-06-18 11:00:00.0,Intermediário
2.14816,2.16138,2003-06-18 11:30:00.0,Intermediário
2.14994,2.16317,2003-06-18 12:00:00.0,Intermediário
2.15819,2.17073,2003-06-18 12:30:00.0,Intermediário
2.16967,2.18301,2003-06-18 13:00:00.0,Intermediário
2.16799,2.18055,2003-06-18 13:30:00.0,Intermediário
2.16621,2.17876,2003-06-18 14:00:00.0,Intermediário
2.16556,2.1781,2003-06-18 14:30:00.0,Intermediário
2.16334,2.17664,2003-06-18 15:00:00.0,Intermediário
2.16169,2.17422,2003-06-18 15:30:00.0,Intermediário
2.15344,2.16669,2003-06-18 16:00:00.0,Intermediário
2.15335,2.16584,2003-06-18 16:30:00.0,Fechamento Interbancário
2.16002,2.16441,2003-06-18 17:51:00.0,Fechamento
2.13821,2.15581,2003-06-20 09:56:00.0,Abertura
2.14365,2.15756,2003-06-20 10:00:00.0,Intermediário
2.1501,2.16255,2003-06-20 10:30:00.0,Intermediário
2.14534,2.15851,2003-06-20 11:00:00.0,Intermediário
2.1253,2.1391,2003-06-20 11:30:00.0,Intermediário
2.12388,2.13841,2003-06-20 12:00:00.0,Intermediário
2.11411,2.12783,2003-06-20 12:30:00.0,Intermediário
2.11153,2.12524,2003-06-20 13:00:00.0,Intermediário
2.11091,2.12462,2003-06-20 13:30:00.0,Intermediário
2.10626,2.11993,2003-06-20 14:00:00.0,Intermediário
2.10828,2.12196,2003-06-20 14:30:00.0,Intermediário
2.12025,2.13326,2003-06-20 15:00:00.0,Intermediário
2.11689,2.12989,2003-06-20 15:30:00.0,Intermediário
2.11585,2.12957,2003-06-20 16:00:00.0,Intermediário
2.11678,2.13051,2003-06-20 16:30:00.0,Fechamento Interbancário
2.12312,2.1274,2003-06-20 17:42:00.0,Fechamento
2.11134,2.12872,2003-06-23 09:56:00.0,Abertura
2.12189,2.1349,2003-06-23 10:00:00.0,Intermediário
2.12646,2.14025,2003-06-23 10:30:00.0,Intermediário
2.1271,2.13867,2003-06-23 11:00:00.0,Intermediário
2.12955,2.14113,2003-06-23 11:30:00.0,Intermediário
2.12114,2.13341,2003-06-23 12:00:00.0,Intermediário
2.12007,2.13456,2003-06-23 12:30:00.0,Intermediário
2.11988,2.13216,2003-06-23 13:00:00.0,Intermediário
2.12015,2.13316,2003-06-23 13:30:00.0,Intermediário
2.11889,2.1319,2003-06-23 14:00:00.0,Intermediário
2.11826,2.13127,2003-06-23 14:30:00.0,Intermediário
2.10705,2.11928,2003-06-23 15:00:00.0,Intermediário
2.10145,2.11364,2003-06-23 15:30:00.0,Intermediário
2.09859,2.11224,2003-06-23 16:00:00.0,Intermediário
2.09736,2.10952,2003-06-23 16:30:00.0,Fechamento Interbancário
2.1145,2.11876,2003-06-23 17:39:00.0,Fechamento
2.09595,2.11328,2003-06-24 09:56:00.0,Abertura
2.10103,2.11469,2003-06-24 10:00:00.0,Intermediário
2.10651,2.11872,2003-06-24 10:30:00.0,Intermediário
2.10118,2.11483,2003-06-24 11:00:00.0,Intermediário
2.10068,2.11285,2003-06-24 11:30:00.0,Intermediário
2.09774,2.1099,2003-06-24 12:00:00.0,Intermediário
2.09274,2.10488,2003-06-24 12:30:00.0,Intermediário
2.08996,2.10208,2003-06-24 13:00:00.0,Intermediário
2.09161,2.10448,2003-06-24 13:30:00.0,Intermediário
2.09054,2.1034,2003-06-24 14:00:00.0,Intermediário
2.09361,2.1065,2003-06-24 14:30:00.0,Intermediário
2.09057,2.1027,2003-06-24 15:00:00.0,Intermediário
2.09439,2.10801,2003-06-24 15:30:00.0,Intermediário
2.10176,2.11394,2003-06-24 16:00:00.0,Intermediário
2.1013,2.11348,2003-06-24 16:46:00.0,Fechamento Interbancário
2.10201,2.10625,2003-06-24 17:45:00.0,Fechamento
2.10686,2.12427,2003-06-25 09:57:00.0,Abertura
2.11091,2.1254,2003-06-25 10:00:00.0,Intermediário
2.10709,2.11934,2003-06-25 10:30:00.0,Intermediário
2.11144,2.1237,2003-06-25 11:00:00.0,Intermediário
2.1145,2.1268,2003-06-25 11:30:00.0,Intermediário
2.11817,2.12974,2003-06-25 12:00:00.0,Intermediário
2.11986,2.13218,2003-06-25 12:30:00.0,Intermediário
2.12393,2.13627,2003-06-25 13:00:00.0,Intermediário
2.12695,2.1393,2003-06-25 13:30:00.0,Intermediário
2.12774,2.1401,2003-06-25 14:00:00.0,Intermediário
2.12568,2.13802,2003-06-25 14:30:00.0,Intermediário
2.12706,2.14016,2003-06-25 15:00:00.0,Intermediário
2.12114,2.13347,2003-06-25 15:30:00.0,Intermediário
2.11516,2.12744,2003-06-25 16:00:00.0,Intermediário
2.11842,2.12997,2003-06-25 16:30:00.0,Fechamento Interbancário
2.11855,2.12282,2003-06-25 17:38:00.0,Fechamento
2.12764,2.14514,2003-06-26 09:41:00.0,Abertura
2.12462,2.13767,2003-06-26 10:02:00.0,Intermediário
2.1203,2.13335,2003-06-26 10:30:00.0,Intermediário
2.12989,2.14224,2003-06-26 11:00:00.0,Intermediário
2.13073,2.14234,2003-06-26 11:30:00.0,Intermediário
2.1311,2.14492,2003-06-26 12:00:00.0,Intermediário
2.12858,2.14092,2003-06-26 12:30:00.0,Intermediário
2.13126,2.14287,2003-06-26 13:00:00.0,Intermediário
2.13126,2.14287,2003-06-26 13:30:00.0,Intermediário
2.13268,2.1443,2003-06-26 14:06:00.0,Intermediário
2.13394,2.14556,2003-06-26 14:30:00.0,Intermediário
2.13436,2.14672,2003-06-26 15:00:00.0,Intermediário
2.13757,2.14921,2003-06-26 15:30:00.0,Intermediário
2.13826,2.15138,2003-06-26 16:00:00.0,Intermediário
2.13479,2.14642,2003-06-26 16:30:00.0,Fechamento Interbancário
2.13052,2.13482,2003-06-26 17:38:00.0,Fechamento
2.13379,2.15133,2003-06-27 09:54:00.0,Abertura
2.13285,2.14594,2003-06-27 10:00:00.0,Intermediário
2.12486,2.13717,2003-06-27 10:30:00.0,Intermediário
2.11997,2.13151,2003-06-27 11:00:00.0,Intermediário
2.12274,2.13505,2003-06-27 11:30:00.0,Intermediário
2.11246,2.12547,2003-06-27 12:00:00.0,Intermediário
2.1193,2.13158,2003-06-27 12:30:00.0,Intermediário
2.12744,2.13904,2003-06-27 13:00:00.0,Intermediário
2.12587,2.13745,2003-06-27 13:30:00.0,Intermediário
2.12886,2.14047,2003-06-27 14:00:00.0,Intermediário
2.12886,2.14047,2003-06-27 14:30:00.0,Intermediário
2.12421,2.13803,2003-06-27 15:00:00.0,Intermediário
2.12807,2.13967,2003-06-27 15:30:00.0,Intermediário
2.12648,2.13882,2003-06-27 16:00:00.0,Intermediário
2.12769,2.1393,2003-06-27 16:30:00.0,Fechamento Interbancário
2.13526,2.13956,2003-06-27 17:57:00.0,Fechamento
2.1138,2.13121,2003-06-30 09:57:00.0,Abertura
2.1236,2.1359,2003-06-30 10:00:00.0,Intermediário
2.12523,2.13828,2003-06-30 10:30:00.0,Intermediário
2.11544,2.12918,2003-06-30 11:00:00.0,Intermediário
2.10709,2.1193,2003-06-30 11:30:00.0,Intermediário
2.10964,2.12262,2003-06-30 12:12:00.0,Intermediário
2.10293,2.11585,2003-06-30 12:39:00.0,Intermediário
2.1049,2.11711,2003-06-30 13:00:00.0,Intermediário
2.10738,2.11961,2003-06-30 13:30:00.0,Intermediário
2.108,2.12024,2003-06-30 14:00:00.0,Intermediário
2.11347,2.12573,2003-06-30 14:30:00.0,Intermediário
2.10744,2.11968,2003-06-30 15:00:00.0,Intermediário
2.10013,2.11307,2003-06-30 15:30:00.0,Intermediário
2.09725,2.11019,2003-06-30 16:00:00.0,Intermediário
2.10409,2.11558,2003-06-30 16:30:00.0,Fechamento Interbancário
2.1286,2.13289,2003-06-30 18:18:00.0,Fechamento
2.0972,2.11461,2003-07-01 09:56:00.0,Abertura
2.09448,2.10741,2003-07-01 10:00:00.0,Intermediário
2.10219,2.1144,2003-07-01 10:30:00.0,Intermediário
2.11292,2.12593,2003-07-01 11:00:00.0,Intermediário
2.09928,2.11222,2003-07-01 11:30:00.0,Intermediário
2.0995,2.11171,2003-07-01 12:00:00.0,Intermediário
2.10211,2.11433,2003-07-01 12:30:00.0,Intermediário
2.10293,2.1159,2003-07-01 13:00:00.0,Intermediário
2.10122,2.11417,2003-07-01 13:30:00.0,Intermediário
2.10091,2.11386,2003-07-01 14:00:00.0,Intermediário
2.10075,2.1137,2003-07-01 14:30:00.0,Intermediário
2.09333,2.1055,2003-07-01 15:00:00.0,Intermediário
2.09213,2.10429,2003-07-01 15:30:00.0,Intermediário
2.09225,2.1044,2003-07-01 16:00:00.0,Intermediário
2.09146,2.10362,2003-07-01 16:30:00.0,Fechamento Interbancário
2.09794,2.10219,2003-07-01 17:44:00.0,Fechamento
2.09234,2.10972,2003-07-02 09:57:00.0,Abertura
2.09213,2.111,2003-07-02 10:00:00.0,Intermediário
2.08617,2.09757,2003-07-02 10:30:00.0,Intermediário
2.08858,2.1,2003-07-02 11:00:00.0,Intermediário
2.09793,2.11014,2003-07-02 11:30:00.0,Intermediário
2.10287,2.11436,2003-07-02 12:00:00.0,Intermediário
2.1048,2.11857,2003-07-02 12:30:00.0,Intermediário
2.10468,2.11844,2003-07-02 13:00:00.0,Intermediário
2.10341,2.11717,2003-07-02 13:30:00.0,Intermediário
2.10153,2.11528,2003-07-02 14:00:00.0,Intermediário
2.0995,2.11322,2003-07-02 14:30:00.0,Intermediário
2.09902,2.11051,2003-07-02 15:00:00.0,Intermediário
2.09866,2.1109,2003-07-02 15:30:00.0,Intermediário
2.09972,2.11271,2003-07-02 16:00:00.0,Intermediário
2.10079,2.11228,2003-07-02 16:30:00.0,Fechamento Interbancário
2.1066,2.11089,2003-07-02 17:43:00.0,Fechamento
2.10647,2.12397,2003-07-03 09:56:00.0,Abertura
2.1098,2.12508,2003-07-03 10:00:00.0,Intermediário
2.1049,2.11717,2003-07-03 10:30:00.0,Intermediário
2.1089,2.12193,2003-07-03 11:00:00.0,Intermediário
2.11662,2.12894,2003-07-03 11:30:00.0,Intermediário
2.11134,2.12439,2003-07-03 12:00:00.0,Intermediário
2.10969,2.12348,2003-07-03 12:30:00.0,Intermediário
2.11278,2.12432,2003-07-03 13:00:00.0,Intermediário
2.11278,2.12432,2003-07-03 13:30:00.0,Intermediário
2.11134,2.12289,2003-07-03 14:00:00.0,Intermediário
2.11372,2.12528,2003-07-03 14:30:00.0,Intermediário
2.11836,2.13069,2003-07-03 15:00:00.0,Intermediário
2.11655,2.12962,2003-07-03 15:30:00.0,Intermediário
2.1107,2.12301,2003-07-03 16:00:00.0,Intermediário
2.11039,2.12269,2003-07-03 16:30:00.0,Fechamento Interbancário
2.11694,2.12125,2003-07-03 17:48:00.0,Fechamento
2.09613,2.11357,2003-07-04 09:54:00.0,Abertura
2.10126,2.11499,2003-07-04 10:00:00.0,Intermediário
2.10631,2.11932,2003-07-04 10:30:00.0,Intermediário
2.10721,2.11873,2003-07-04 11:00:00.0,Intermediário
2.10424,2.11574,2003-07-04 11:30:00.0,Intermediário
2.10526,2.11676,2003-07-04 12:00:00.0,Intermediário
2.1011,2.11334,2003-07-04 12:30:00.0,Intermediário
2.10255,2.11479,2003-07-04 13:00:00.0,Intermediário
2.10302,2.11527,2003-07-04 13:30:00.0,Intermediário
2.10428,2.11653,2003-07-04 14:00:00.0,Intermediário
2.10443,2.11669,2003-07-04 14:30:00.0,Intermediário
2.10428,2.11653,2003-07-04 15:00:00.0,Intermediário
2.10694,2.11996,2003-07-04 15:30:00.0,Intermediário
2.11141,2.12444,2003-07-04 16:01:00.0,Intermediário
2.11031,2.12333,2003-07-04 16:30:00.0,Fechamento Interbancário
2.10707,2.11135,2003-07-04 17:45:00.0,Fechamento
2.09888,2.11628,2003-07-07 12:39:00.0,Abertura
2.10231,2.11676,2003-07-07 12:42:00.0,Intermediário
2.1144,2.12742,2003-07-07 12:44:00.0,Intermediário
2.11783,2.13087,2003-07-07 12:49:00.0,Intermediário
2.11725,2.1288,2003-07-07 12:59:00.0,Intermediário
2.11297,2.12524,2003-07-07 13:04:00.0,Intermediário
2.11445,2.12821,2003-07-07 13:06:00.0,Intermediário
2.12168,2.13474,2003-07-07 13:09:00.0,Intermediário
2.12421,2.1358,2003-07-07 13:30:00.0,Intermediário
2.12406,2.13564,2003-07-07 14:04:00.0,Intermediário
2.12374,2.13532,2003-07-07 14:41:00.0,Intermediário
2.12074,2.13305,2003-07-07 15:16:00.0,Intermediário
2.12616,2.13999,2003-07-07 15:30:00.0,Intermediário
2.13323,2.14635,2003-07-07 16:21:00.0,Intermediário
2.13515,2.14826,2003-07-07 16:30:00.0,Fechamento Interbancário
2.12392,2.1282,2003-07-07 17:48:00.0,Fechamento
2.11559,2.13303,2003-07-08 09:54:00.0,Abertura
2.12077,2.13453,2003-07-08 10:00:00.0,Intermediário
2.11968,2.13195,2003-07-08 10:30:00.0,Intermediário
2.11357,2.12508,2003-07-08 11:00:00.0,Intermediário
2.10987,2.12136,2003-07-08 11:30:00.0,Intermediário
2.10905,2.12127,2003-07-08 12:05:00.0,Intermediário
2.11068,2.12215,2003-07-08 12:30:00.0,Intermediário
2.10271,2.11414,2003-07-08 13:07:00.0,Intermediário
2.10459,2.11677,2003-07-08 13:30:00.0,Intermediário
2.10382,2.116,2003-07-08 14:00:00.0,Intermediário
2.10505,2.11724,2003-07-08 14:30:00.0,Intermediário
2.10749,2.12115,2003-07-08 15:00:00.0,Intermediário
2.10864,2.12084,2003-07-08 15:30:00.0,Intermediário
2.09384,2.10523,2003-07-08 16:00:00.0,Intermediário
2.09537,2.10678,2003-07-08 16:30:00.0,Fechamento Interbancário
2.10994,2.11418,2003-07-08 17:45:00.0,Fechamento
2.09011,2.10735,2003-07-09 09:53:00.0,Abertura
2.08831,2.10334,2003-07-09 10:00:00.0,Intermediário
2.08986,2.1049,2003-07-09 10:30:00.0,Intermediário
2.08468,2.09748,2003-07-09 11:03:00.0,Intermediário
2.08051,2.09256,2003-07-09 11:30:00.0,Intermediário
2.07501,2.08848,2003-07-09 12:00:00.0,Intermediário
2.07386,2.08587,2003-07-09 12:30:00.0,Intermediário
2.07102,2.08374,2003-07-09 13:00:00.0,Intermediário
2.07042,2.08314,2003-07-09 13:30:00.0,Intermediário
2.07327,2.08602,2003-07-09 14:00:00.0,Intermediário
2.07372,2.08648,2003-07-09 14:30:00.0,Intermediário
2.0757,2.08918,2003-07-09 15:00:00.0,Intermediário
2.07578,2.09147,2003-07-09 15:30:00.0,Intermediário
2.07766,2.0897,2003-07-09 16:00:00.0,Intermediário
2.07585,2.08788,2003-07-09 16:30:00.0,Fechamento Interbancário
2.08202,2.08621,2003-07-09 17:40:00.0,Fechamento
2.07142,2.08848,2003-07-10 09:57:00.0,Abertura
2.07548,2.08821,2003-07-10 10:00:00.0,Intermediário
2.07921,2.09049,2003-07-10 10:30:00.0,Intermediário
2.07834,2.09106,2003-07-10 11:00:00.0,Intermediário
2.08263,2.09466,2003-07-10 11:30:00.0,Intermediário
2.08563,2.09767,2003-07-10 12:00:00.0,Intermediário
2.08713,2.09919,2003-07-10 12:30:00.0,Intermediário
2.08795,2.10001,2003-07-10 13:00:00.0,Intermediário
2.08629,2.09835,2003-07-10 13:30:00.0,Intermediário
2.0869,2.09895,2003-07-10 14:00:00.0,Intermediário
2.08509,2.09714,2003-07-10 14:30:00.0,Intermediário
2.08218,2.09348,2003-07-10 15:00:00.0,Intermediário
2.08368,2.09645,2003-07-10 15:30:00.0,Intermediário
2.08533,2.0981,2003-07-10 16:00:00.0,Intermediário
2.08773,2.09978,2003-07-10 16:30:00.0,Fechamento Interbancário
2.08812,2.09229,2003-07-10 17:39:00.0,Fechamento
2.10631,2.12357,2003-07-11 09:41:00.0,Abertura
2.09478,2.10758,2003-07-11 10:11:00.0,Intermediário
2.0982,2.11032,2003-07-11 10:30:00.0,Intermediário
2.10053,2.11193,2003-07-11 11:07:00.0,Intermediário
2.09581,2.10792,2003-07-11 11:38:00.0,Intermediário
2.09882,2.11021,2003-07-11 12:00:00.0,Intermediário
2.09893,2.11105,2003-07-11 12:30:00.0,Intermediário
2.10591,2.11734,2003-07-11 13:00:00.0,Intermediário
2.10591,2.11734,2003-07-11 13:30:00.0,Intermediário
2.10713,2.11857,2003-07-11 14:00:00.0,Intermediário
2.10545,2.11688,2003-07-11 14:30:00.0,Intermediário
2.09676,2.10814,2003-07-11 15:00:00.0,Intermediário
2.099,2.1104,2003-07-11 15:30:00.0,Intermediário
2.09443,2.10726,2003-07-11 16:00:00.0,Intermediário
2.09473,2.10611,2003-07-11 16:30:00.0,Fechamento Interbancário
2.10619,2.11042,2003-07-11 17:50:00.0,Fechamento
2.0929,2.11009,2003-07-14 09:56:00.0,Abertura
2.09199,2.10773,2003-07-14 10:06:00.0,Intermediário
2.09039,2.10321,2003-07-14 10:30:00.0,Intermediário
2.08108,2.09384,2003-07-14 11:00:00.0,Intermediário
2.08646,2.09927,2003-07-14 11:30:00.0,Intermediário
2.08302,2.09509,2003-07-14 12:00:00.0,Intermediário
2.08835,2.10117,2003-07-14 12:30:00.0,Intermediário
2.08707,2.09916,2003-07-14 13:00:00.0,Intermediário
2.08722,2.09931,2003-07-14 13:30:00.0,Intermediário
2.08737,2.09946,2003-07-14 14:00:00.0,Intermediário
2.08707,2.09916,2003-07-14 14:30:00.0,Intermediário
2.0865,2.09785,2003-07-14 15:00:00.0,Intermediário
2.07872,2.09003,2003-07-14 15:30:00.0,Intermediário
2.076,2.08876,2003-07-14 16:00:00.0,Intermediário
2.0751,2.08712,2003-07-14 16:30:00.0,Fechamento Interbancário
2.08889,2.09309,2003-07-14 17:53:00.0,Fechamento
2.06873,2.0858,2003-07-15 09:57:00.0,Abertura
2.05946,2.07209,2003-07-15 10:08:00.0,Intermediário
2.05613,2.06802,2003-07-15 10:36:00.0,Intermediário
2.05387,2.06575,2003-07-15 11:00:00.0,Intermediário
2.04662,2.05918,2003-07-15 11:30:00.0,Intermediário
2.04393,2.05646,2003-07-15 12:03:00.0,Intermediário
2.04887,2.05928,2003-07-15 12:30:00.0,Intermediário
2.03068,2.04245,2003-07-15 13:00:00.0,Intermediário
2.02966,2.04142,2003-07-15 13:30:00.0,Intermediário
2.02981,2.04157,2003-07-15 14:00:00.0,Intermediário
2.0285,2.04026,2003-07-15 14:30:00.0,Intermediário
2.03506,2.04972,2003-07-15 15:00:00.0,Intermediário
2.03408,2.0473,2003-07-15 15:30:00.0,Intermediário
2.04197,2.05379,2003-07-15 16:00:00.0,Intermediário
2.04257,2.05511,2003-07-15 16:30:00.0,Fechamento Interbancário
2.04807,2.05218,2003-07-15 17:43:00.0,Fechamento
2.05789,2.07479,2003-07-16 09:44:00.0,Abertura
2.06301,2.07493,2003-07-16 10:00:00.0,Intermediário
2.06206,2.07397,2003-07-16 10:30:00.0,Intermediário
2.05475,2.06591,2003-07-16 11:00:00.0,Intermediário
2.05391,2.0658,2003-07-16 11:30:00.0,Intermediário
2.05721,2.06911,2003-07-16 12:00:00.0,Intermediário
2.05797,2.07131,2003-07-16 12:30:00.0,Intermediário
2.05933,2.07052,2003-07-16 13:00:00.0,Intermediário
2.05904,2.07022,2003-07-16 13:30:00.0,Intermediário
2.05799,2.06917,2003-07-16 14:00:00.0,Intermediário
2.05695,2.06814,2003-07-16 14:30:00.0,Intermediário
2.05616,2.06805,2003-07-16 15:00:00.0,Intermediário
2.05048,2.06236,2003-07-16 15:30:00.0,Intermediário
2.05074,2.06189,2003-07-16 16:00:00.0,Intermediário
2.05059,2.06174,2003-07-16 16:30:00.0,Fechamento Interbancário
2.06372,2.06784,2003-07-16 17:44:00.0,Fechamento
2.0251,2.04184,2003-07-17 10:03:00.0,Abertura
2.02653,2.04041,2003-07-17 10:12:00.0,Intermediário
2.0244,2.03757,2003-07-17 10:30:00.0,Intermediário
2.0271,2.03884,2003-07-17 11:00:00.0,Intermediário
2.04227,2.0548,2003-07-17 11:30:00.0,Intermediário
2.04419,2.056,2003-07-17 12:00:00.0,Intermediário
2.03684,2.04934,2003-07-17 12:30:00.0,Intermediário
2.04154,2.05406,2003-07-17 13:00:00.0,Intermediário
2.03878,2.05128,2003-07-17 13:30:00.0,Intermediário
2.04096,2.05347,2003-07-17 14:00:00.0,Intermediário
2.04331,2.05583,2003-07-17 14:30:00.0,Intermediário
2.04599,2.05925,2003-07-17 15:00:00.0,Intermediário
2.04732,2.05986,2003-07-17 15:30:00.0,Intermediário
2.04948,2.06132,2003-07-17 16:00:00.0,Intermediário
2.04934,2.06117,2003-07-17 16:30:00.0,Fechamento Interbancário
2.04023,2.0443,2003-07-17 17:42:00.0,Fechamento
2.03559,2.05232,2003-07-18 10:03:00.0,Abertura
2.03782,2.051,2003-07-18 10:12:00.0,Intermediário
2.03878,2.04983,2003-07-18 10:40:00.0,Intermediário
2.03248,2.04348,2003-07-18 11:49:00.0,Intermediário
2.03461,2.04634,2003-07-18 11:53:00.0,Intermediário
2.03079,2.04321,2003-07-18 12:00:00.0,Intermediário
2.02524,2.03621,2003-07-18 12:30:00.0,Intermediário
2.02613,2.03782,2003-07-18 13:00:00.0,Intermediário
2.02885,2.04057,2003-07-18 13:30:00.0,Intermediário
2.02828,2.03999,2003-07-18 14:00:00.0,Intermediário
2.03072,2.04244,2003-07-18 14:30:00.0,Intermediário
2.03503,2.04676,2003-07-18 15:00:00.0,Intermediário
2.03553,2.04728,2003-07-18 15:30:00.0,Intermediário
2.04676,2.05785,2003-07-18 16:00:00.0,Intermediário
2.04705,2.05815,2003-07-18 16:33:00.0,Fechamento Interbancário
2.04144,2.0455,2003-07-18 17:40:00.0,Fechamento
2.04135,2.05808,2003-07-21 09:52:00.0,Abertura
2.0419,2.05437,2003-07-21 10:00:00.0,Intermediário
2.04266,2.05371,2003-07-21 10:30:00.0,Intermediário
2.03892,2.04998,2003-07-21 11:03:00.0,Intermediário
2.03854,2.05102,2003-07-21 11:31:00.0,Intermediário
2.03882,2.04987,2003-07-21 12:01:00.0,Intermediário
2.04186,2.05292,2003-07-21 12:30:00.0,Intermediário
2.04229,2.05408,2003-07-21 13:00:00.0,Intermediário
2.04041,2.05217,2003-07-21 13:30:00.0,Intermediário
2.04404,2.05584,2003-07-21 14:00:00.0,Intermediário
2.04592,2.05773,2003-07-21 14:30:00.0,Intermediário
2.04646,2.05827,2003-07-21 15:00:00.0,Intermediário
2.0467,2.0585,2003-07-21 15:30:00.0,Intermediário
2.04173,2.05351,2003-07-21 16:00:00.0,Intermediário
2.04303,2.05483,2003-07-21 16:31:00.0,Fechamento Interbancário
2.04877,2.05284,2003-07-21 17:38:00.0,Fechamento
2.04073,2.0575,2003-07-22 09:41:00.0,Abertura
2.04286,2.05536,2003-07-22 11:48:00.0,Intermediário
2.03335,2.04508,2003-07-22 11:55:00.0,Intermediário
2.03405,2.04577,2003-07-22 11:58:00.0,Intermediário
2.03858,2.05104,2003-07-22 12:00:00.0,Intermediário
2.04256,2.05363,2003-07-22 12:00:00.0,Intermediário
2.0357,2.04814,2003-07-22 12:30:00.0,Intermediário
2.03319,2.0449,2003-07-22 13:00:00.0,Intermediário
2.0349,2.04592,2003-07-22 13:30:00.0,Intermediário
2.03461,2.04563,2003-07-22 14:00:00.0,Intermediário
2.0349,2.04592,2003-07-22 14:30:00.0,Intermediário
2.02374,2.03611,2003-07-22 15:01:00.0,Intermediário
2.03082,2.04181,2003-07-22 15:30:00.0,Intermediário
2.02827,2.03995,2003-07-22 16:14:00.0,Intermediário
2.02913,2.04082,2003-07-22 16:30:00.0,Fechamento Interbancário
2.03171,2.03575,2003-07-22 18:11:00.0,Fechamento
2.03242,2.04911,2003-07-23 10:00:00.0,Abertura
2.03316,2.04702,2003-07-23 10:09:00.0,Intermediário
2.03285,2.04529,2003-07-23 10:30:00.0,Intermediário
2.03681,2.04785,2003-07-23 11:00:00.0,Intermediário
2.04417,2.05668,2003-07-23 11:30:00.0,Intermediário
2.04687,2.05797,2003-07-23 12:00:00.0,Intermediário
2.05599,2.06785,2003-07-23 12:30:00.0,Intermediário
2.0639,2.07509,2003-07-23 13:00:00.0,Intermediário
2.06464,2.07584,2003-07-23 13:30:00.0,Intermediário
2.06716,2.07835,2003-07-23 14:00:00.0,Intermediário
2.06849,2.0797,2003-07-23 14:30:00.0,Intermediário
2.05696,2.06811,2003-07-23 15:00:00.0,Intermediário
2.06333,2.07453,2003-07-23 15:30:00.0,Intermediário
2.06535,2.07655,2003-07-23 16:01:00.0,Intermediário
2.06361,2.0748,2003-07-23 16:30:00.0,Fechamento Interbancário
2.06229,2.0664,2003-07-23 17:38:00.0,Fechamento
2.07189,2.08886,2003-07-24 09:55:00.0,Abertura
2.07376,2.08859,2003-07-24 10:00:00.0,Intermediário
2.06707,2.079,2003-07-24 10:30:00.0,Intermediário
2.07283,2.08407,2003-07-24 11:00:00.0,Intermediário
2.07105,2.08371,2003-07-24 11:30:00.0,Intermediário
2.07481,2.08606,2003-07-24 12:00:00.0,Intermediário
2.06304,2.07566,2003-07-24 12:30:00.0,Intermediário
2.05917,2.07105,2003-07-24 13:00:00.0,Intermediário
2.05947,2.07135,2003-07-24 13:30:00.0,Intermediário
2.06197,2.07388,2003-07-24 14:00:00.0,Intermediário
2.06183,2.07373,2003-07-24 14:30:00.0,Intermediário
2.05875,2.06992,2003-07-24 15:00:00.0,Intermediário
2.06504,2.07623,2003-07-24 15:30:00.0,Intermediário
2.06025,2.07358,2003-07-24 16:00:00.0,Intermediário
2.06102,2.07363,2003-07-24 16:30:00.0,Fechamento Interbancário
2.06985,2.07398,2003-07-24 17:44:00.0,Fechamento
2.07125,2.08826,2003-07-25 09:55:00.0,Abertura
2.06721,2.08276,2003-07-25 10:00:00.0,Intermediário
2.06912,2.0818,2003-07-25 10:30:00.0,Intermediário
2.07633,2.0876,2003-07-25 11:00:00.0,Intermediário
2.08125,2.09328,2003-07-25 11:33:00.0,Intermediário
2.0871,2.09916,2003-07-25 12:00:00.0,Intermediário
2.08339,2.09688,2003-07-25 12:30:00.0,Intermediário
2.08369,2.09718,2003-07-25 13:00:00.0,Intermediário
2.08631,2.09764,2003-07-25 13:30:00.0,Intermediário
2.08707,2.0984,2003-07-25 14:00:00.0,Intermediário
2.08888,2.10023,2003-07-25 14:30:00.0,Intermediário
2.0836,2.09492,2003-07-25 15:00:00.0,Intermediário
2.08403,2.09534,2003-07-25 15:30:00.0,Intermediário
2.08957,2.10165,2003-07-25 16:00:00.0,Intermediário
2.08821,2.09955,2003-07-25 16:30:00.0,Fechamento Interbancário
2.08862,2.0928,2003-07-25 17:39:00.0,Fechamento
2.08977,2.10692,2003-07-28 09:57:00.0,Abertura
2.09239,2.10448,2003-07-28 10:00:00.0,Intermediário
2.09482,2.10692,2003-07-28 10:30:00.0,Intermediário
2.09384,2.1052,2003-07-28 11:00:00.0,Intermediário
2.09164,2.10371,2003-07-28 11:30:00.0,Intermediário
2.08365,2.09497,2003-07-28 12:00:00.0,Intermediário
2.08557,2.0969,2003-07-28 12:30:00.0,Intermediário
2.08867,2.10001,2003-07-28 13:00:00.0,Intermediário
2.08723,2.09929,2003-07-28 13:30:00.0,Intermediário
2.08362,2.09565,2003-07-28 14:00:00.0,Intermediário
2.08377,2.09581,2003-07-28 14:31:00.0,Intermediário
2.08008,2.09281,2003-07-28 15:00:00.0,Intermediário
2.08164,2.09293,2003-07-28 15:30:00.0,Intermediário
2.08365,2.09494,2003-07-28 16:01:00.0,Intermediário
2.08635,2.09767,2003-07-28 16:31:00.0,Fechamento Interbancário
2.08806,2.09223,2003-07-28 17:38:00.0,Fechamento
2.09031,2.10743,2003-07-29 09:56:00.0,Abertura
2.09352,2.10487,2003-07-29 10:00:00.0,Intermediário
2.09215,2.1035,2003-07-29 10:30:00.0,Intermediário
2.09537,2.10819,2003-07-29 11:00:00.0,Intermediário
2.10167,2.11452,2003-07-29 11:38:00.0,Intermediário
2.09568,2.10777,2003-07-29 12:00:00.0,Intermediário
2.1,2.11211,2003-07-29 12:30:00.0,Intermediário
2.10357,2.11496,2003-07-29 13:00:00.0,Intermediário
2.10504,2.11718,2003-07-29 13:30:00.0,Intermediário
2.10474,2.11687,2003-07-29 14:00:00.0,Intermediário
2.10323,2.11534,2003-07-29 14:30:00.0,Intermediário
2.10466,2.11823,2003-07-29 15:00:00.0,Intermediário
2.10971,2.12042,2003-07-29 15:30:00.0,Intermediário
2.11395,2.1254,2003-07-29 16:02:00.0,Intermediário
2.11471,2.12617,2003-07-29 16:32:00.0,Fechamento Interbancário
2.09904,2.10322,2003-07-29 18:02:00.0,Fechamento
2.09561,2.1127,2003-07-30 10:02:00.0,Abertura
2.09636,2.10914,2003-07-30 10:06:00.0,Intermediário
2.09404,2.10538,2003-07-30 10:30:00.0,Intermediário
2.09433,2.1064,2003-07-30 11:00:00.0,Intermediário
2.09749,2.10812,2003-07-30 11:30:00.0,Intermediário
2.09704,2.10768,2003-07-30 12:00:00.0,Intermediário
2.09364,2.10639,2003-07-30 12:30:00.0,Intermediário
2.10106,2.11314,2003-07-30 13:00:00.0,Intermediário
2.09863,2.10997,2003-07-30 13:30:00.0,Intermediário
2.09728,2.10861,2003-07-30 14:00:00.0,Intermediário
2.09832,2.10967,2003-07-30 14:30:00.0,Intermediário
2.10335,2.11543,2003-07-30 15:00:00.0,Intermediário
2.1122,2.12434,2003-07-30 15:30:00.0,Intermediário
2.11415,2.12629,2003-07-30 16:00:00.0,Intermediário
2.11441,2.12583,2003-07-30 16:30:00.0,Fechamento Interbancário
2.09999,2.10416,2003-07-30 18:17:00.0,Fechamento
2.11071,2.12783,2003-07-31 09:56:00.0,Abertura
2.11086,2.12441,2003-07-31 10:00:00.0,Intermediário
2.09979,2.11114,2003-07-31 10:30:00.0,Intermediário
2.09756,2.10959,2003-07-31 11:00:00.0,Intermediário
2.10001,2.11279,2003-07-31 11:30:00.0,Intermediário
2.09487,2.1069,2003-07-31 12:00:00.0,Intermediário
2.09757,2.10888,2003-07-31 12:47:00.0,Intermediário
2.09934,2.11139,2003-07-31 13:00:00.0,Intermediário
2.09785,2.1099,2003-07-31 13:30:00.0,Intermediário
2.09474,2.10675,2003-07-31 14:00:00.0,Intermediário
2.09637,2.1084,2003-07-31 14:30:00.0,Intermediário
2.1093,2.11997,2003-07-31 15:00:00.0,Intermediário
2.1084,2.12192,2003-07-31 15:30:00.0,Intermediário
2.10102,2.11236,2003-07-31 16:00:00.0,Intermediário
2.10701,2.11839,2003-07-31 16:30:00.0,Fechamento Interbancário
2.10846,2.11263,2003-07-31 17:42:00.0,Fechamento
2.11459,2.13171,2003-08-01 09:56:00.0,Abertura
2.11433,2.12646,2003-08-01 10:00:00.0,Intermediário
2.12582,2.13802,2003-08-01 10:33:00.0,Intermediário
2.13833,2.15203,2003-08-01 11:00:00.0,Intermediário
2.14318,2.15548,2003-08-01 11:33:00.0,Intermediário
2.14323,2.15624,2003-08-01 12:00:00.0,Intermediário
2.14536,2.15765,2003-08-01 12:30:00.0,Intermediário
2.14282,2.15582,2003-08-01 13:00:00.0,Intermediário
2.14343,2.15644,2003-08-01 13:30:00.0,Intermediário
2.13792,2.15089,2003-08-01 14:00:00.0,Intermediário
2.13837,2.15135,2003-08-01 14:30:00.0,Intermediário
2.16027,2.17407,2003-08-01 15:00:00.0,Intermediário
2.16045,2.17281,2003-08-01 15:30:00.0,Intermediário
2.16027,2.17192,2003-08-01 16:00:00.0,Intermediário
2.15962,2.1727,2003-08-01 16:30:00.0,Fechamento Interbancário
2.14088,2.14512,2003-08-01 17:44:00.0,Fechamento
2.17778,2.19521,2003-08-04 09:46:00.0,Abertura
2.1773,2.19116,2003-08-04 10:00:00.0,Intermediário
2.17745,2.18988,2003-08-04 10:30:00.0,Intermediário
2.18462,2.1978,2003-08-04 11:00:00.0,Intermediário
2.18051,2.19439,2003-08-04 11:39:00.0,Intermediário
2.17618,2.18787,2003-08-04 12:15:00.0,Intermediário
2.18076,2.1939,2003-08-04 12:39:00.0,Intermediário
2.20352,2.21677,2003-08-04 13:00:00.0,Intermediário
2.20864,2.22121,2003-08-04 13:30:00.0,Intermediário
2.21037,2.22295,2003-08-04 14:00:00.0,Intermediário
2.20864,2.22121,2003-08-04 14:30:00.0,Intermediário
2.18762,2.20079,2003-08-04 15:00:00.0,Intermediário
2.17092,2.18545,2003-08-04 15:30:00.0,Intermediário
2.17856,2.19171,2003-08-04 16:00:00.0,Intermediário
2.17964,2.19209,2003-08-04 16:30:00.0,Fechamento Interbancário
2.18546,2.18977,2003-08-04 17:40:00.0,Fechamento
2.14237,2.15958,2003-08-05 09:40:00.0,Abertura
2.14899,2.16269,2003-08-05 10:00:00.0,Intermediário
2.1541,2.1664,2003-08-05 10:30:00.0,Intermediário
2.15042,2.16342,2003-08-05 11:00:00.0,Intermediário
2.15894,2.17129,2003-08-05 11:30:00.0,Intermediário
2.1599,2.17082,2003-08-05 12:00:00.0,Intermediário
2.15554,2.16859,2003-08-05 12:30:00.0,Intermediário
2.15512,2.16673,2003-08-05 13:00:00.0,Intermediário
2.15405,2.16565,2003-08-05 13:30:00.0,Intermediário
2.15773,2.16935,2003-08-05 14:00:00.0,Intermediário
2.15727,2.1689,2003-08-05 14:30:00.0,Intermediário
2.14274,2.15572,2003-08-05 15:00:00.0,Intermediário
2.15462,2.16623,2003-08-05 15:30:00.0,Intermediário
2.14777,2.16077,2003-08-05 16:00:00.0,Intermediário
2.1466,2.15818,2003-08-05 16:30:00.0,Fechamento Interbancário
2.16456,2.16885,2003-08-05 17:43:00.0,Fechamento
2.15399,2.17129,2003-08-06 09:49:00.0,Abertura
2.14598,2.15967,2003-08-06 10:00:00.0,Intermediário
2.14518,2.15745,2003-08-06 10:30:00.0,Intermediário
2.14695,2.16065,2003-08-06 11:00:00.0,Intermediário
2.15552,2.16713,2003-08-06 11:30:00.0,Intermediário
2.15532,2.16692,2003-08-06 12:00:00.0,Intermediário
2.15293,2.16451,2003-08-06 12:30:00.0,Intermediário
2.15369,2.16742,2003-08-06 13:00:00.0,Intermediário
2.15715,2.16878,2003-08-06 13:30:00.0,Intermediário
2.15654,2.16816,2003-08-06 14:00:00.0,Intermediário
2.15547,2.16707,2003-08-06 14:30:00.0,Intermediário
2.16418,2.17725,2003-08-06 15:00:00.0,Intermediário
2.16973,2.18212,2003-08-06 15:30:00.0,Intermediário
2.16553,2.17933,2003-08-06 16:00:00.0,Intermediário
2.16633,2.18013,2003-08-06 16:30:00.0,Fechamento Interbancário
2.15996,2.16422,2003-08-06 18:03:00.0,Fechamento
2.15488,2.1722,2003-08-07 09:53:00.0,Abertura
2.16126,2.1736,2003-08-07 10:00:00.0,Intermediário
2.15767,2.17002,2003-08-07 10:30:00.0,Intermediário
2.14769,2.15856,2003-08-07 11:00:00.0,Intermediário
2.1586,2.17096,2003-08-07 11:30:00.0,Intermediário
2.14951,2.16327,2003-08-07 12:00:00.0,Intermediário
2.13818,2.15043,2003-08-07 12:30:00.0,Intermediário
2.14645,2.15805,2003-08-07 13:00:00.0,Intermediário
2.14246,2.15403,2003-08-07 13:30:00.0,Intermediário
2.14246,2.15403,2003-08-07 14:00:00.0,Intermediário
2.14139,2.15295,2003-08-07 14:30:00.0,Intermediário
2.13603,2.14828,2003-08-07 15:00:00.0,Intermediário
2.13148,2.14443,2003-08-07 15:41:00.0,Intermediário
2.13296,2.1452,2003-08-07 16:00:00.0,Intermediário
2.13403,2.147,2003-08-07 16:30:00.0,Fechamento Interbancário
2.15615,2.16044,2003-08-07 17:46:00.0,Fechamento
2.13047,2.14771,2003-08-08 09:48:00.0,Abertura
2.1266,2.13951,2003-08-08 10:00:00.0,Intermediário
2.13256,2.14479,2003-08-08 10:30:00.0,Intermediário
2.14906,2.16355,2003-08-08 11:00:00.0,Intermediário
2.14609,2.1584,2003-08-08 11:30:00.0,Intermediário
2.144,2.15628,2003-08-08 12:00:00.0,Intermediário
2.14405,2.15707,2003-08-08 12:30:00.0,Intermediário
2.13576,2.14731,2003-08-08 13:00:00.0,Intermediário
2.13992,2.15148,2003-08-08 13:30:00.0,Intermediário
2.13915,2.1507,2003-08-08 14:00:00.0,Intermediário
2.13869,2.15024,2003-08-08 14:30:00.0,Intermediário
2.13495,2.1472,2003-08-08 15:00:00.0,Intermediário
2.13054,2.14421,2003-08-08 15:30:00.0,Intermediário
2.13791,2.14875,2003-08-08 16:00:00.0,Intermediário
2.13944,2.15028,2003-08-08 16:30:00.0,Fechamento Interbancário
2.14576,2.15004,2003-08-08 17:40:00.0,Fechamento
2.13786,2.1552,2003-08-11 09:54:00.0,Abertura
2.14268,2.15499,2003-08-11 10:00:00.0,Intermediário
2.14434,2.15737,2003-08-11 10:30:00.0,Intermediário
2.1546,2.16696,2003-08-11 11:07:00.0,Intermediário
2.15306,2.16469,2003-08-11 11:30:00.0,Intermediário
2.15113,2.16348,2003-08-11 12:00:00.0,Intermediário
2.14784,2.16161,2003-08-11 12:30:00.0,Intermediário
2.15531,2.16842,2003-08-11 13:00:00.0,Intermediário
2.16316,2.17486,2003-08-11 13:30:00.0,Intermediário
2.1641,2.17581,2003-08-11 14:00:00.0,Intermediário
2.16238,2.17407,2003-08-11 14:30:00.0,Intermediário
2.16976,2.18221,2003-08-11 15:00:00.0,Intermediário
2.17127,2.18301,2003-08-11 15:30:00.0,Intermediário
2.16942,2.18333,2003-08-11 16:00:00.0,Intermediário
2.16769,2.18158,2003-08-11 16:30:00.0,Fechamento Interbancário
2.16544,2.16975,2003-08-11 18:04:00.0,Fechamento
2.16564,2.18315,2003-08-12 09:57:00.0,Abertura
2.16867,2.18111,2003-08-12 10:00:00.0,Intermediário
2.18522,2.19847,2003-08-12 10:30:00.0,Intermediário
2.18459,2.19709,2003-08-12 11:00:00.0,Intermediário
2.18572,2.19969,2003-08-12 11:34:00.0,Intermediário
2.17597,2.18772,2003-08-12 12:00:00.0,Intermediário
2.17581,2.18757,2003-08-12 12:30:00.0,Intermediário
2.17202,2.18519,2003-08-12 13:00:00.0,Intermediário
2.17311,2.1863,2003-08-12 13:30:00.0,Intermediário
2.17296,2.18614,2003-08-12 14:00:00.0,Intermediário
2.17358,2.18677,2003-08-12 14:30:00.0,Intermediário
2.17684,2.18933,2003-08-12 15:00:00.0,Intermediário
2.18341,2.1952,2003-08-12 15:30:00.0,Intermediário
2.1841,2.19661,2003-08-12 16:00:00.0,Intermediário
2.18205,2.19456,2003-08-12 16:30:00.0,Fechamento Interbancário
2.18151,2.18584,2003-08-12 17:39:00.0,Fechamento
2.18421,2.20176,2003-08-13 09:49:00.0,Abertura
2.18582,2.19906,2003-08-13 10:00:00.0,Intermediário
2.17895,2.19215,2003-08-13 10:30:00.0,Intermediário
2.17596,2.18842,2003-08-13 11:00:00.0,Intermediário
2.18352,2.19675,2003-08-13 11:30:00.0,Intermediário
2.18126,2.19449,2003-08-13 12:00:00.0,Intermediário
2.18032,2.19281,2003-08-13 12:30:00.0,Intermediário
2.18014,2.19336,2003-08-13 13:00:00.0,Intermediário
2.17982,2.19304,2003-08-13 13:30:00.0,Intermediário
2.17904,2.19225,2003-08-13 14:06:00.0,Intermediário
2.17998,2.1932,2003-08-13 14:30:00.0,Intermediário
2.17015,2.18259,2003-08-13 15:00:00.0,Intermediário
2.17857,2.1918,2003-08-13 15:52:00.0,Intermediário
2.17319,2.18639,2003-08-13 16:00:00.0,Intermediário
2.17335,2.18655,2003-08-13 16:30:00.0,Fechamento Interbancário
2.19479,2.19916,2003-08-13 17:57:00.0,Fechamento
2.17058,2.18809,2003-08-14 09:51:00.0,Abertura
2.17647,2.19039,2003-08-14 10:00:00.0,Intermediário
2.17111,2.18429,2003-08-14 10:30:00.0,Intermediário
2.17033,2.18277,2003-08-14 11:00:00.0,Intermediário
2.1647,2.17638,2003-08-14 11:30:00.0,Intermediário
2.16441,2.1761,2003-08-14 12:00:00.0,Intermediário
2.15439,2.16674,2003-08-14 12:30:00.0,Intermediário
2.14589,2.15892,2003-08-14 13:00:00.0,Intermediário
2.14558,2.15861,2003-08-14 13:30:00.0,Intermediário
2.14282,2.15582,2003-08-14 14:00:00.0,Intermediário
2.14481,2.15783,2003-08-14 14:30:00.0,Intermediário
2.14691,2.15921,2003-08-14 15:00:00.0,Intermediário
2.15145,2.16306,2003-08-14 15:30:00.0,Intermediário
2.15274,2.16364,2003-08-14 16:00:00.0,Intermediário
2.15115,2.16277,2003-08-14 16:41:00.0,Fechamento Interbancário
2.16093,2.16523,2003-08-14 17:47:00.0,Fechamento
2.14211,2.15943,2003-08-15 09:52:00.0,Abertura
2.14627,2.15785,2003-08-15 10:00:00.0,Intermediário
2.14246,2.15548,2003-08-15 10:30:00.0,Intermediário
2.14553,2.15785,2003-08-15 11:00:00.0,Intermediário
2.14806,2.1611,2003-08-15 11:30:00.0,Intermediário
2.14925,2.16231,2003-08-15 12:11:00.0,Intermediário
2.15056,2.1629,2003-08-15 12:44:00.0,Intermediário
2.15075,2.16237,2003-08-15 13:00:00.0,Intermediário
2.1489,2.16051,2003-08-15 13:30:00.0,Intermediário
2.14874,2.16036,2003-08-15 14:00:00.0,Intermediário
2.14953,2.16114,2003-08-15 14:30:00.0,Intermediário
2.14828,2.16061,2003-08-15 15:00:00.0,Intermediário
2.14921,2.16155,2003-08-15 15:30:00.0,Intermediário
2.15339,2.16503,2003-08-15 16:01:00.0,Intermediário
2.15082,2.16243,2003-08-15 16:30:00.0,Fechamento Interbancário
2.15283,2.1571,2003-08-15 17:51:00.0,Fechamento
2.13387,2.15117,2003-08-18 09:53:00.0,Abertura
2.13151,2.1488,2003-08-18 10:00:00.0,Intermediário
2.1285,2.14144,2003-08-18 10:30:00.0,Intermediário
2.1391,2.15065,2003-08-18 11:00:00.0,Intermediário
2.14032,2.1519,2003-08-18 11:30:00.0,Intermediário
2.13971,2.15128,2003-08-18 12:00:00.0,Intermediário
2.14037,2.15195,2003-08-18 12:30:00.0,Intermediário
2.14176,2.15477,2003-08-18 13:00:00.0,Intermediário
2.14026,2.15182,2003-08-18 13:30:00.0,Intermediário
2.13888,2.15044,2003-08-18 14:00:00.0,Intermediário
2.14289,2.15446,2003-08-18 14:30:00.0,Intermediário
2.1454,2.15697,2003-08-18 15:00:00.0,Intermediário
2.14857,2.16233,2003-08-18 15:30:00.0,Intermediário
2.15427,2.16591,2003-08-18 16:00:00.0,Intermediário
2.15273,2.16435,2003-08-18 16:30:00.0,Fechamento Interbancário
2.14229,2.14657,2003-08-18 18:05:00.0,Fechamento
2.13787,2.15514,2003-08-19 09:54:00.0,Abertura
2.13396,2.14546,2003-08-19 10:00:00.0,Intermediário
2.1367,2.14822,2003-08-19 10:30:00.0,Intermediário
2.13493,2.14643,2003-08-19 11:00:00.0,Intermediário
2.13838,2.14991,2003-08-19 11:30:00.0,Intermediário
2.13329,2.1448,2003-08-19 12:00:00.0,Intermediário
2.12983,2.14132,2003-08-19 12:30:00.0,Intermediário
2.1306,2.14209,2003-08-19 13:00:00.0,Intermediário
2.13048,2.14199,2003-08-19 13:30:00.0,Intermediário
2.13094,2.14245,2003-08-19 14:00:00.0,Intermediário
2.13003,2.14153,2003-08-19 14:30:00.0,Intermediário
2.13634,2.14859,2003-08-19 15:00:00.0,Intermediário
2.13024,2.14245,2003-08-19 15:30:00.0,Intermediário
2.13164,2.14387,2003-08-19 16:00:00.0,Intermediário
2.1321,2.14361,2003-08-19 16:30:00.0,Fechamento Interbancário
2.14388,2.14814,2003-08-19 17:49:00.0,Fechamento
2.1319,2.14914,2003-08-20 09:56:00.0,Abertura
2.13547,2.14699,2003-08-20 10:00:00.0,Intermediário
2.13014,2.14378,2003-08-20 10:30:00.0,Intermediário
2.13183,2.14405,2003-08-20 11:00:00.0,Intermediário
2.13294,2.14516,2003-08-20 11:30:00.0,Intermediário
2.13786,2.15082,2003-08-20 12:00:00.0,Intermediário
2.13492,2.14644,2003-08-20 12:30:00.0,Intermediário
2.13415,2.14495,2003-08-20 13:00:00.0,Intermediário
2.13233,2.14527,2003-08-20 13:30:00.0,Intermediário
2.13233,2.14527,2003-08-20 14:00:00.0,Intermediário
2.12825,2.14114,2003-08-20 14:30:00.0,Intermediário
2.1206,2.13346,2003-08-20 15:00:00.0,Intermediário
2.12728,2.13875,2003-08-20 15:31:00.0,Intermediário
2.12811,2.13961,2003-08-20 16:01:00.0,Intermediário
2.12872,2.1402,2003-08-20 16:31:00.0,Fechamento Interbancário
2.1372,2.14143,2003-08-20 17:50:00.0,Fechamento
2.12638,2.14353,2003-08-21 09:51:00.0,Abertura
2.13119,2.14196,2003-08-21 10:00:00.0,Intermediário
2.12997,2.14145,2003-08-21 10:30:00.0,Intermediário
2.12786,2.13933,2003-08-21 11:00:00.0,Intermediário
2.12573,2.13791,2003-08-21 11:30:00.0,Intermediário
2.1277,2.13989,2003-08-21 12:00:00.0,Intermediário
2.13083,2.14231,2003-08-21 12:30:00.0,Intermediário
2.13372,2.14522,2003-08-21 13:00:00.0,Intermediário
2.12856,2.14004,2003-08-21 13:30:00.0,Intermediário
2.12902,2.1405,2003-08-21 14:00:00.0,Intermediário
2.12661,2.13806,2003-08-21 14:30:00.0,Intermediário
2.12507,2.13796,2003-08-21 15:00:00.0,Intermediário
2.12234,2.1345,2003-08-21 15:30:00.0,Intermediário
2.12597,2.13814,2003-08-21 16:00:00.0,Intermediário
2.12926,2.14145,2003-08-21 17:02:00.0,Fechamento Interbancário
2.13012,2.13432,2003-08-21 18:17:00.0,Fechamento
2.11113,2.12819,2003-08-22 09:52:00.0,Abertura
2.11488,2.127,2003-08-22 10:00:00.0,Intermediário
2.11071,2.12209,2003-08-22 10:30:00.0,Intermediário
2.10874,2.11939,2003-08-22 11:00:00.0,Intermediário
2.10518,2.11724,2003-08-22 11:30:00.0,Intermediário
2.11284,2.12423,2003-08-22 12:14:00.0,Intermediário
2.11165,2.12304,2003-08-22 12:30:00.0,Intermediário
2.11659,2.12872,2003-08-22 13:00:00.0,Intermediário
2.11689,2.12973,2003-08-22 13:30:00.0,Intermediário
2.11764,2.13049,2003-08-22 14:00:00.0,Intermediário
2.12049,2.13336,2003-08-22 14:30:00.0,Intermediário
2.11616,2.1283,2003-08-22 15:08:00.0,Intermediário
2.12529,2.13676,2003-08-22 15:38:00.0,Intermediário
2.12227,2.13302,2003-08-22 16:00:00.0,Intermediário
2.12253,2.134,2003-08-22 16:30:00.0,Fechamento Interbancário
2.13304,2.13727,2003-08-22 17:44:00.0,Fechamento
2.12164,2.13882,2003-08-25 09:56:00.0,Abertura
2.12123,2.1334,2003-08-25 10:00:00.0,Intermediário
2.1291,2.1406,2003-08-25 10:30:00.0,Intermediário
2.13149,2.14371,2003-08-25 11:00:00.0,Intermediário
2.13125,2.14347,2003-08-25 11:32:00.0,Intermediário
2.13221,2.14516,2003-08-25 12:12:00.0,Intermediário
2.13339,2.1449,2003-08-25 12:30:00.0,Intermediário
2.13007,2.14229,2003-08-25 13:03:00.0,Intermediário
2.12901,2.14122,2003-08-25 13:30:00.0,Intermediário
2.12855,2.14076,2003-08-25 14:00:00.0,Intermediário
2.12825,2.14045,2003-08-25 14:30:00.0,Intermediário
2.12734,2.13953,2003-08-25 15:01:00.0,Intermediário
2.13176,2.14255,2003-08-25 15:41:00.0,Intermediário
2.1303,2.14321,2003-08-25 17:05:00.0,Intermediário
2.13045,2.14337,2003-08-25 17:06:00.0,Fechamento Interbancário
2.13113,2.13536,2003-08-25 17:54:00.0,Fechamento
2.13213,2.14935,2003-08-26 09:54:00.0,Abertura
2.13111,2.1426,2003-08-26 10:00:00.0,Intermediário
2.12745,2.13892,2003-08-26 10:30:00.0,Intermediário
2.12663,2.13811,2003-08-26 11:00:00.0,Intermediário
2.14001,2.15157,2003-08-26 12:16:00.0,Intermediário
2.14118,2.15275,2003-08-26 12:18:00.0,Intermediário
2.13909,2.15137,2003-08-26 12:38:00.0,Intermediário
2.13689,2.1506,2003-08-26 13:05:00.0,Intermediário
2.13781,2.15151,2003-08-26 13:41:00.0,Intermediário
2.13842,2.15213,2003-08-26 14:05:00.0,Intermediário
2.13934,2.15306,2003-08-26 14:35:00.0,Intermediário
2.13735,2.14891,2003-08-26 15:03:00.0,Intermediário
2.1375,2.1505,2003-08-26 15:36:00.0,Intermediário
2.13852,2.15007,2003-08-26 16:02:00.0,Intermediário
2.13898,2.15054,2003-08-26 16:33:00.0,Fechamento Interbancário
2.14113,2.14539,2003-08-26 18:43:00.0,Fechamento
2.11167,2.1288,2003-08-27 09:36:00.0,Abertura
2.11555,2.13055,2003-08-27 10:04:00.0,Intermediário
2.11753,2.12897,2003-08-27 10:30:00.0,Intermediário
2.11557,2.12701,2003-08-27 11:00:00.0,Intermediário
2.11452,2.12594,2003-08-27 11:30:00.0,Intermediário
2.11805,2.12877,2003-08-27 12:00:00.0,Intermediário
2.11444,2.12585,2003-08-27 12:30:00.0,Intermediário
2.11794,2.12938,2003-08-27 13:00:00.0,Intermediário
2.11886,2.13029,2003-08-27 13:30:00.0,Intermediário
2.11659,2.12802,2003-08-27 14:00:00.0,Intermediário
2.11689,2.12831,2003-08-27 14:30:00.0,Intermediário
2.11262,2.12403,2003-08-27 15:00:00.0,Intermediário
2.10439,2.11504,2003-08-27 15:30:00.0,Intermediário
2.10207,2.11415,2003-08-27 16:00:00.0,Intermediário
2.10341,2.11478,2003-08-27 16:30:00.0,Fechamento Interbancário
2.11784,2.12204,2003-08-27 17:48:00.0,Fechamento
2.09177,2.10877,2003-08-28 09:56:00.0,Abertura
2.09289,2.10562,2003-08-28 10:00:00.0,Intermediário
2.09527,2.10659,2003-08-28 10:30:00.0,Intermediário
2.10219,2.11354,2003-08-28 11:00:00.0,Intermediário
2.11457,2.12529,2003-08-28 11:30:00.0,Intermediário
2.11246,2.12459,2003-08-28 12:00:00.0,Intermediário
2.11022,2.12163,2003-08-28 12:30:00.0,Intermediário
2.10964,2.12104,2003-08-28 13:00:00.0,Intermediário
2.10707,2.11918,2003-08-28 13:30:00.0,Intermediário
2.10692,2.11902,2003-08-28 14:13:00.0,Intermediário
2.10767,2.11978,2003-08-28 14:30:00.0,Intermediário
2.10511,2.11722,2003-08-28 15:00:00.0,Intermediário
2.11254,2.12324,2003-08-28 15:30:00.0,Intermediário
2.11306,2.12448,2003-08-28 16:00:00.0,Intermediário
2.11269,2.12483,2003-08-28 16:30:00.0,Fechamento Interbancário
2.11453,2.11874,2003-08-28 17:49:00.0,Fechamento
2.11263,2.12978,2003-08-29 09:54:00.0,Abertura
2.12296,2.13587,2003-08-29 10:00:00.0,Intermediário
2.12238,2.13314,2003-08-29 10:30:00.0,Intermediário
2.12142,2.13362,2003-08-29 11:00:00.0,Intermediário
2.12693,2.13916,2003-08-29 11:30:00.0,Intermediário
2.12841,2.1392,2003-08-29 12:00:00.0,Intermediário
2.12985,2.14353,2003-08-29 12:30:00.0,Intermediário
2.13185,2.14266,2003-08-29 13:14:00.0,Intermediário
2.13015,2.14095,2003-08-29 13:41:00.0,Intermediário
2.13201,2.14281,2003-08-29 14:04:00.0,Intermediário
2.13185,2.14266,2003-08-29 14:30:00.0,Intermediário
2.14182,2.15268,2003-08-29 15:00:00.0,Intermediário
2.14152,2.15453,2003-08-29 15:30:00.0,Intermediário
2.14177,2.15334,2003-08-29 16:00:00.0,Intermediário
2.14321,2.15552,2003-08-29 16:30:00.0,Fechamento Interbancário
2.13684,2.14109,2003-08-29 18:28:00.0,Fechamento
2.14916,2.16659,2003-09-01 09:52:00.0,Abertura
2.15117,2.16426,2003-09-01 10:00:00.0,Intermediário
2.15892,2.17132,2003-09-01 10:30:00.0,Intermediário
2.15432,2.16596,2003-09-01 11:00:00.0,Intermediário
2.15246,2.16555,2003-09-01 11:30:00.0,Intermediário
2.15298,2.16388,2003-09-01 12:01:00.0,Intermediário
2.15128,2.16363,2003-09-01 12:30:00.0,Intermediário
2.152,2.16363,2003-09-01 13:00:00.0,Intermediário
2.15324,2.16489,2003-09-01 13:30:00.0,Intermediário
2.15433,2.16599,2003-09-01 14:00:00.0,Intermediário
2.1548,2.16646,2003-09-01 14:30:00.0,Intermediário
2.15578,2.16744,2003-09-01 15:00:00.0,Intermediário
2.15619,2.16785,2003-09-01 15:30:00.0,Intermediário
2.15908,2.17076,2003-09-01 16:00:00.0,Intermediário
2.15836,2.17003,2003-09-01 16:30:00.0,Fechamento Interbancário
2.16175,2.16607,2003-09-01 18:18:00.0,Fechamento
2.14766,2.16504,2003-09-02 09:55:00.0,Abertura
2.15115,2.16494,2003-09-02 10:00:00.0,Intermediário
2.15068,2.16303,2003-09-02 10:30:00.0,Intermediário
2.14719,2.15878,2003-09-02 11:00:00.0,Intermediário
2.14566,2.15726,2003-09-02 11:30:00.0,Intermediário
2.14412,2.15571,2003-09-02 12:00:00.0,Intermediário
2.1395,2.15179,2003-09-02 12:30:00.0,Intermediário
2.1359,2.14818,2003-09-02 13:00:00.0,Intermediário
2.13299,2.14525,2003-09-02 13:30:00.0,Intermediário
2.13391,2.14618,2003-09-02 14:00:00.0,Intermediário
2.13606,2.14833,2003-09-02 14:30:00.0,Intermediário
2.13509,2.14808,2003-09-02 15:00:00.0,Intermediário
2.132,2.14426,2003-09-02 15:30:00.0,Intermediário
2.12455,2.13675,2003-09-02 16:00:00.0,Intermediário
2.12138,2.13357,2003-09-02 16:30:00.0,Fechamento Interbancário
2.13362,2.13786,2003-09-02 17:46:00.0,Fechamento
2.1095,2.12667,2003-09-03 09:53:00.0,Abertura
2.11493,2.12709,2003-09-03 10:00:00.0,Intermediário
2.11776,2.12995,2003-09-03 10:30:00.0,Intermediário
2.12754,2.13905,2003-09-03 11:00:00.0,Intermediário
2.1266,2.13883,2003-09-03 11:30:00.0,Intermediário
2.12706,2.13857,2003-09-03 12:00:00.0,Intermediário
2.12722,2.13945,2003-09-03 12:30:00.0,Intermediário
2.13364,2.14518,2003-09-03 13:00:00.0,Intermediário
2.13394,2.14549,2003-09-03 13:30:00.0,Intermediário
2.13811,2.1497,2003-09-03 14:00:00.0,Intermediário
2.13549,2.14705,2003-09-03 14:30:00.0,Intermediário
2.13564,2.14793,2003-09-03 15:00:00.0,Intermediário
2.1361,2.1484,2003-09-03 15:30:00.0,Intermediário
2.14096,2.15328,2003-09-03 16:00:00.0,Intermediário
2.14034,2.1512,2003-09-03 16:30:00.0,Fechamento Interbancário
2.14111,2.14539,2003-09-03 17:44:00.0,Fechamento
2.14138,2.15883,2003-09-04 09:56:00.0,Abertura
2.14143,2.1545,2003-09-04 10:00:00.0,Intermediário
2.14169,2.15403,2003-09-04 10:30:00.0,Intermediário
2.13847,2.15007,2003-09-04 11:00:00.0,Intermediário
2.14096,2.1533,2003-09-04 11:30:00.0,Intermediário
2.1391,2.1507,2003-09-04 12:00:00.0,Intermediário
2.13598,2.14829,2003-09-04 12:30:00.0,Intermediário
2.13546,2.14705,2003-09-04 13:00:00.0,Intermediário
2.13624,2.14782,2003-09-04 13:30:00.0,Intermediário
2.13577,2.14737,2003-09-04 14:00:00.0,Intermediário
2.13671,2.14829,2003-09-04 14:30:00.0,Intermediário
2.13338,2.14495,2003-09-04 15:00:00.0,Intermediário
2.13364,2.14594,2003-09-04 15:30:00.0,Intermediário
2.13032,2.14261,2003-09-04 16:00:00.0,Intermediário
2.13069,2.14224,2003-09-04 16:30:00.0,Fechamento Interbancário
2.14329,2.1476,2003-09-04 17:42:00.0,Fechamento
2.12983,2.14726,2003-09-05 09:55:00.0,Abertura
2.14087,2.15468,2003-09-05 10:00:00.0,Intermediário
2.13951,2.1504,2003-09-05 10:30:00.0,Intermediário
2.13597,2.14758,2003-09-05 11:00:00.0,Intermediário
2.12543,2.13697,2003-09-05 11:30:00.0,Intermediário
2.11583,2.12732,2003-09-05 12:00:00.0,Intermediário
2.11651,2.128,2003-09-05 12:30:00.0,Intermediário
2.11416,2.1271,2003-09-05 13:00:00.0,Intermediário
2.11432,2.12726,2003-09-05 13:30:00.0,Intermediário
2.11447,2.12741,2003-09-05 14:00:00.0,Intermediário
2.11493,2.12788,2003-09-05 14:30:00.0,Intermediário
2.12676,2.13905,2003-09-05 15:00:00.0,Intermediário
2.12413,2.13712,2003-09-05 15:30:00.0,Intermediário
2.1157,2.12719,2003-09-05 16:00:00.0,Intermediário
2.11632,2.12782,2003-09-05 16:30:00.0,Fechamento Interbancário
2.1309,2.13517,2003-09-05 17:44:00.0,Fechamento
2.10662,2.12394,2003-09-08 09:59:00.0,Abertura
2.10565,2.11855,2003-09-08 10:00:00.0,Intermediário
2.10332,2.11473,2003-09-08 10:30:00.0,Intermediário
2.10793,2.12083,2003-09-08 11:00:00.0,Intermediário
2.10767,2.11912,2003-09-08 11:30:00.0,Intermediário
2.11215,2.12435,2003-09-08 12:00:00.0,Intermediário
2.11615,2.12836,2003-09-08 12:30:00.0,Intermediário
2.12481,2.13634,2003-09-08 13:00:00.0,Intermediário
2.12404,2.13556,2003-09-08 13:30:00.0,Intermediário
2.12512,2.13665,2003-09-08 14:00:00.0,Intermediário
2.1245,2.13603,2003-09-08 14:30:00.0,Intermediário
2.12783,2.14156,2003-09-08 15:00:00.0,Intermediário
2.13048,2.14349,2003-09-08 15:30:00.0,Intermediário
2.13973,2.15205,2003-09-08 16:00:00.0,Intermediário
2.13692,2.14924,2003-09-08 17:02:00.0,Fechamento Interbancário
2.11826,2.12251,2003-09-08 18:01:00.0,Fechamento
2.14201,2.1595,2003-09-09 09:48:00.0,Abertura
2.14279,2.15589,2003-09-09 10:00:00.0,Intermediário
2.15066,2.16233,2003-09-09 10:30:00.0,Intermediário
2.13546,2.14851,2003-09-09 11:00:00.0,Intermediário
2.13812,2.15118,2003-09-09 11:30:00.0,Intermediário
2.13216,2.14374,2003-09-09 12:00:00.0,Intermediário
2.13654,2.14961,2003-09-09 12:30:00.0,Intermediário
2.13612,2.14772,2003-09-09 13:00:00.0,Intermediário
2.13848,2.15009,2003-09-09 13:30:00.0,Intermediário
2.13942,2.15104,2003-09-09 14:00:00.0,Intermediário
2.13989,2.15151,2003-09-09 14:30:00.0,Intermediário
2.13446,2.14826,2003-09-09 15:00:00.0,Intermediário
2.13921,2.15155,2003-09-09 15:30:00.0,Intermediário
2.13269,2.14427,2003-09-09 16:00:00.0,Intermediário
2.13337,2.14495,2003-09-09 16:30:00.0,Fechamento Interbancário
2.14092,2.1452,2003-09-09 17:46:00.0,Fechamento
2.14014,2.15766,2003-09-10 09:55:00.0,Abertura
2.14072,2.15383,2003-09-10 10:00:00.0,Intermediário
2.13811,2.15046,2003-09-10 10:30:00.0,Intermediário
2.1379,2.15025,2003-09-10 11:00:00.0,Intermediário
2.12137,2.13363,2003-09-10 11:30:00.0,Intermediário
2.12345,2.13645,2003-09-10 12:00:00.0,Intermediário
2.12013,2.13311,2003-09-10 12:30:00.0,Intermediário
2.12075,2.133,2003-09-10 13:00:00.0,Intermediário
2.11997,2.13222,2003-09-10 13:30:00.0,Intermediário
2.11997,2.13222,2003-09-10 14:00:00.0,Intermediário
2.11997,2.13222,2003-09-10 14:30:00.0,Intermediário
2.11583,2.12733,2003-09-10 15:00:00.0,Intermediário
2.11479,2.12555,2003-09-10 15:30:00.0,Intermediário
2.10775,2.11995,2003-09-10 16:00:00.0,Intermediário
2.10829,2.11975,2003-09-10 16:30:00.0,Fechamento Interbancário
2.12629,2.13055,2003-09-10 18:35:00.0,Fechamento
2.09737,2.11464,2003-09-11 09:52:00.0,Abertura
2.09267,2.10405,2003-09-11 10:00:00.0,Intermediário
2.09203,2.10486,2003-09-11 10:30:00.0,Intermediário
2.09708,2.10995,2003-09-11 11:00:00.0,Intermediário
2.10457,2.11674,2003-09-11 11:30:00.0,Intermediário
2.11033,2.12324,2003-09-11 12:00:00.0,Intermediário
2.11007,2.12227,2003-09-11 12:30:00.0,Intermediário
2.10807,2.11952,2003-09-11 13:00:00.0,Intermediário
2.10637,2.11782,2003-09-11 13:30:00.0,Intermediário
2.10591,2.11736,2003-09-11 14:00:00.0,Intermediário
2.10377,2.11521,2003-09-11 14:30:00.0,Intermediário
2.10698,2.11917,2003-09-11 15:00:00.0,Intermediário
2.11521,2.12743,2003-09-11 15:30:00.0,Intermediário
2.11583,2.12805,2003-09-11 16:00:00.0,Intermediário
2.11615,2.12763,2003-09-11 16:30:00.0,Fechamento Interbancário
2.11171,2.11596,2003-09-11 17:52:00.0,Fechamento
2.12049,2.13788,2003-09-12 09:56:00.0,Abertura
2.12528,2.13829,2003-09-12 10:00:00.0,Intermediário
2.11364,2.12513,2003-09-12 10:30:00.0,Intermediário
2.11893,2.13119,2003-09-12 11:03:00.0,Intermediário
2.11106,2.12402,2003-09-12 11:30:00.0,Intermediário
2.11423,2.12574,2003-09-12 12:00:00.0,Intermediário
2.11693,2.12918,2003-09-12 12:30:00.0,Intermediário
2.11912,2.13285,2003-09-12 13:00:00.0,Intermediário
2.1221,2.13364,2003-09-12 13:30:00.0,Intermediário
2.12194,2.13348,2003-09-12 14:00:00.0,Intermediário
2.12101,2.13256,2003-09-12 14:30:00.0,Intermediário
2.11939,2.1324,2003-09-12 15:00:00.0,Intermediário
2.11639,2.12791,2003-09-12 15:30:00.0,Intermediário
2.12103,2.13257,2003-09-12 16:00:00.0,Intermediário
2.12103,2.13404,2003-09-12 16:30:00.0,Fechamento Interbancário
2.11912,2.12337,2003-09-12 17:41:00.0,Fechamento
2.11958,2.13696,2003-09-15 09:57:00.0,Abertura
2.12177,2.13476,2003-09-15 10:00:00.0,Intermediário
2.11229,2.12595,2003-09-15 10:30:00.0,Intermediário
2.1085,2.12144,2003-09-15 11:00:00.0,Intermediário
2.10466,2.11757,2003-09-15 11:30:00.0,Intermediário
2.10539,2.11684,2003-09-15 12:00:00.0,Intermediário
2.10937,2.12157,2003-09-15 12:30:00.0,Intermediário
2.1046,2.11679,2003-09-15 13:00:00.0,Intermediário
2.1046,2.11826,2003-09-15 13:30:00.0,Intermediário
2.10337,2.11701,2003-09-15 14:00:00.0,Intermediário
2.10337,2.11701,2003-09-15 14:30:00.0,Intermediário
2.10383,2.11601,2003-09-15 15:00:00.0,Intermediário
2.10368,2.11512,2003-09-15 15:31:00.0,Intermediário
2.10272,2.11563,2003-09-15 16:01:00.0,Intermediário
2.10157,2.11299,2003-09-15 16:30:00.0,Fechamento Interbancário
2.11172,2.11595,2003-09-15 17:46:00.0,Fechamento
2.10921,2.12655,2003-09-16 09:45:00.0,Abertura
2.10652,2.1187,2003-09-16 10:00:00.0,Intermediário
2.10706,2.11999,2003-09-16 10:30:00.0,Intermediário
2.10906,2.12126,2003-09-16 11:00:00.0,Intermediário
2.10725,2.11944,2003-09-16 11:30:00.0,Intermediário
2.1144,2.12588,2003-09-16 12:00:00.0,Intermediário
2.1141,2.1256,2003-09-16 12:30:00.0,Intermediário
2.10869,2.12016,2003-09-16 13:00:00.0,Intermediário
2.10854,2.12001,2003-09-16 13:30:00.0,Intermediário
2.10885,2.12032,2003-09-16 14:00:00.0,Intermediário
2.10915,2.12063,2003-09-16 14:30:00.0,Intermediário
2.11217,2.12365,2003-09-16 15:00:00.0,Intermediário
2.11629,2.1278,2003-09-16 15:30:00.0,Intermediário
2.11892,2.13116,2003-09-16 16:00:00.0,Intermediário
2.12093,2.13319,2003-09-16 16:30:00.0,Fechamento Interbancário
2.11306,2.11729,2003-09-16 17:50:00.0,Fechamento
2.11633,2.13369,2003-09-17 09:39:00.0,Abertura
2.11642,2.12866,2003-09-17 10:00:00.0,Intermediário
2.1131,2.12531,2003-09-17 10:33:00.0,Intermediário
2.1133,2.12626,2003-09-17 11:00:00.0,Intermediário
2.11737,2.12888,2003-09-17 11:30:00.0,Intermediário
2.11595,2.12819,2003-09-17 12:00:00.0,Intermediário
2.12122,2.13348,2003-09-17 12:30:00.0,Intermediário
2.12842,2.14217,2003-09-17 13:00:00.0,Intermediário
2.1305,2.14207,2003-09-17 13:30:00.0,Intermediário
2.13112,2.14269,2003-09-17 14:00:00.0,Intermediário
2.13175,2.14332,2003-09-17 14:30:00.0,Intermediário
2.1234,2.13567,2003-09-17 15:00:00.0,Intermediário
2.12391,2.13546,2003-09-17 15:30:00.0,Intermediário
2.12761,2.13844,2003-09-17 16:00:00.0,Intermediário
2.12409,2.13562,2003-09-17 16:30:00.0,Fechamento Interbancário
2.12427,2.12853,2003-09-17 17:59:00.0,Fechamento
2.11195,2.12932,2003-09-18 09:54:00.0,Abertura
2.11607,2.12758,2003-09-18 10:00:00.0,Intermediário
2.12043,2.13269,2003-09-18 10:30:00.0,Intermediário
2.12194,2.13421,2003-09-18 11:00:00.0,Intermediário
2.12301,2.13456,2003-09-18 11:30:00.0,Intermediário
2.11784,2.12936,2003-09-18 12:00:00.0,Intermediário
2.1131,2.1246,2003-09-18 12:30:00.0,Intermediário
2.11764,2.12916,2003-09-18 13:00:00.0,Intermediário
2.11888,2.13041,2003-09-18 13:30:00.0,Intermediário
2.11888,2.13041,2003-09-18 14:00:00.0,Intermediário
2.12121,2.13275,2003-09-18 14:30:00.0,Intermediário
2.12179,2.13333,2003-09-18 15:00:00.0,Intermediário
2.12409,2.1349,2003-09-18 15:30:00.0,Intermediário
2.12418,2.13574,2003-09-18 16:00:00.0,Intermediário
2.12711,2.13868,2003-09-18 16:30:00.0,Fechamento Interbancário
2.12652,2.1308,2003-09-18 17:45:00.0,Fechamento
2.14089,2.15848,2003-09-19 09:58:00.0,Abertura
2.1431,2.15551,2003-09-19 10:00:00.0,Intermediário
2.13863,2.15027,2003-09-19 10:30:00.0,Intermediário
2.14439,2.15606,2003-09-19 11:00:00.0,Intermediário
2.14354,2.15595,2003-09-19 11:30:00.0,Intermediário
2.14724,2.15969,2003-09-19 12:00:00.0,Intermediário
2.15216,2.16387,2003-09-19 12:30:00.0,Intermediário
2.1536,2.16532,2003-09-19 13:00:00.0,Intermediário
2.15168,2.16341,2003-09-19 13:30:00.0,Intermediário
2.15264,2.16436,2003-09-19 14:00:00.0,Intermediário
2.15376,2.16548,2003-09-19 14:30:00.0,Intermediário
2.14957,2.16202,2003-09-19 15:00:00.0,Intermediário
2.14867,2.16112,2003-09-19 15:30:00.0,Intermediário
2.14455,2.15548,2003-09-19 16:00:00.0,Intermediário
2.14089,2.1518,2003-09-19 16:30:00.0,Fechamento Interbancário
2.15274,2.15707,2003-09-19 17:51:00.0,Fechamento
2.15899,2.17672,2003-09-22 09:56:00.0,Abertura
2.16154,2.1748,2003-09-22 10:25:00.0,Intermediário
2.15745,2.1692,2003-09-22 10:30:00.0,Intermediário
2.15157,2.16404,2003-09-22 11:00:00.0,Intermediário
2.15002,2.16172,2003-09-22 11:30:00.0,Intermediário
2.14902,2.16072,2003-09-22 12:00:00.0,Intermediário
2.14545,2.15788,2003-09-22 12:30:00.0,Intermediário
2.14688,2.15931,2003-09-22 13:00:00.0,Intermediário
2.14783,2.16028,2003-09-22 13:30:00.0,Intermediário
2.14992,2.16237,2003-09-22 14:00:00.0,Intermediário
2.14816,2.1606,2003-09-22 14:30:00.0,Intermediário
2.14939,2.16259,2003-09-22 15:00:00.0,Intermediário
2.1533,2.16502,2003-09-22 15:30:00.0,Intermediário
2.15141,2.16388,2003-09-22 16:00:00.0,Intermediário
2.14838,2.16082,2003-09-22 16:30:00.0,Fechamento Interbancário
2.1498,2.15412,2003-09-22 17:46:00.0,Fechamento
2.13752,2.15509,2003-09-23 09:50:00.0,Abertura
2.14021,2.15335,2003-09-23 10:00:00.0,Intermediário
2.13884,2.15048,2003-09-23 10:30:00.0,Intermediário
2.14258,2.15423,2003-09-23 11:00:00.0,Intermediário
2.14184,2.15349,2003-09-23 11:30:00.0,Intermediário
2.14579,2.15746,2003-09-23 12:00:00.0,Intermediário
2.147,2.15868,2003-09-23 12:30:00.0,Intermediário
2.14662,2.15828,2003-09-23 13:00:00.0,Intermediário
2.14647,2.15812,2003-09-23 13:30:00.0,Intermediário
2.14789,2.15956,2003-09-23 14:00:00.0,Intermediário
2.14963,2.16132,2003-09-23 14:30:00.0,Intermediário
2.14836,2.16004,2003-09-23 15:00:00.0,Intermediário
2.15109,2.16499,2003-09-23 15:30:00.0,Intermediário
2.14767,2.16008,2003-09-23 16:00:00.0,Intermediário
2.14682,2.15849,2003-09-23 16:30:00.0,Fechamento Interbancário
2.14577,2.1501,2003-09-23 17:40:00.0,Fechamento
2.15855,2.17618,2003-09-24 09:54:00.0,Abertura
2.16223,2.17544,2003-09-24 10:00:00.0,Intermediário
2.15938,2.1711,2003-09-24 10:30:00.0,Intermediário
2.15317,2.16561,2003-09-24 11:00:00.0,Intermediário
2.1502,2.16188,2003-09-24 11:30:00.0,Intermediário
2.14862,2.1603,2003-09-24 12:00:00.0,Intermediário
2.14074,2.15386,2003-09-24 12:30:00.0,Intermediário
2.14453,2.15768,2003-09-24 13:00:00.0,Intermediário
2.14887,2.16056,2003-09-24 13:30:00.0,Intermediário
2.14695,2.15864,2003-09-24 14:00:00.0,Intermediário
2.14711,2.1588,2003-09-24 14:30:00.0,Intermediário
2.15391,2.16637,2003-09-24 15:00:00.0,Intermediário
2.15456,2.16775,2003-09-24 15:30:00.0,Intermediário
2.15773,2.16872,2003-09-24 16:00:00.0,Intermediário
2.16034,2.1721,2003-09-24 16:30:00.0,Fechamento Interbancário
2.16374,2.1681,2003-09-24 17:38:00.0,Fechamento
2.15324,2.17088,2003-09-25 09:50:00.0,Abertura
2.15498,2.16743,2003-09-25 10:00:00.0,Intermediário
2.15753,2.16927,2003-09-25 10:30:00.0,Intermediário
2.16536,2.17714,2003-09-25 11:00:00.0,Intermediário
2.16594,2.17772,2003-09-25 11:30:00.0,Intermediário
2.17171,2.18351,2003-09-25 12:00:00.0,Intermediário
2.17055,2.18309,2003-09-25 12:30:00.0,Intermediário
2.16612,2.17865,2003-09-25 13:00:00.0,Intermediário
2.1649,2.17742,2003-09-25 13:30:00.0,Intermediário
2.16426,2.17679,2003-09-25 14:00:00.0,Intermediário
2.16522,2.17775,2003-09-25 14:30:00.0,Intermediário
2.17108,2.1829,2003-09-25 15:00:00.0,Intermediário
2.1751,2.18693,2003-09-25 15:30:00.0,Intermediário
2.17019,2.18198,2003-09-25 16:00:00.0,Intermediário
2.17211,2.18393,2003-09-25 16:30:00.0,Fechamento Interbancário
2.16913,2.1735,2003-09-25 17:46:00.0,Fechamento
2.15614,2.17377,2003-09-26 09:46:00.0,Abertura
2.16256,2.17432,2003-09-26 10:00:00.0,Intermediário
2.1638,2.17554,2003-09-26 10:30:00.0,Intermediário
2.16973,2.18227,2003-09-26 11:00:00.0,Intermediário
2.15878,2.17052,2003-09-26 11:30:00.0,Intermediário
2.16493,2.1767,2003-09-26 12:00:00.0,Intermediário
2.16046,2.17293,2003-09-26 12:30:00.0,Intermediário
2.15389,2.16634,2003-09-26 13:00:00.0,Intermediário
2.1542,2.16666,2003-09-26 13:30:00.0,Intermediário
2.15294,2.16538,2003-09-26 14:00:00.0,Intermediário
2.15532,2.16778,2003-09-26 14:30:00.0,Intermediário
2.15673,2.16846,2003-09-26 15:00:00.0,Intermediário
2.15615,2.16788,2003-09-26 15:30:00.0,Intermediário
2.15984,2.17232,2003-09-26 16:00:00.0,Intermediário
2.15995,2.17615,2003-09-26 16:30:00.0,Fechamento Interbancário
2.16799,2.17237,2003-09-26 17:50:00.0,Fechamento
2.15016,2.16773,2003-09-29 09:58:00.0,Abertura
2.15256,2.16498,2003-09-29 10:00:00.0,Intermediário
2.15163,2.16405,2003-09-29 10:30:00.0,Intermediário
2.15582,2.16753,2003-09-29 11:00:00.0,Intermediário
2.15719,2.16817,2003-09-29 11:30:00.0,Intermediário
2.16199,2.17448,2003-09-29 12:13:00.0,Intermediário
2.16352,2.17454,2003-09-29 12:30:00.0,Intermediário
2.16348,2.17525,2003-09-29 13:15:00.0,Intermediário
2.1638,2.17557,2003-09-29 13:30:00.0,Intermediário
2.16396,2.17573,2003-09-29 14:00:00.0,Intermediário
2.16444,2.1762,2003-09-29 14:30:00.0,Intermediário
2.16408,2.17659,2003-09-29 15:00:00.0,Intermediário
2.15711,2.16958,2003-09-29 15:30:00.0,Intermediário
2.15722,2.17043,2003-09-29 16:00:00.0,Intermediário
2.15806,2.16981,2003-09-29 16:30:00.0,Fechamento Interbancário
2.16871,2.17308,2003-09-29 17:43:00.0,Fechamento
2.16668,2.18441,2003-09-30 09:42:00.0,Abertura
2.16178,2.17503,2003-09-30 10:00:00.0,Intermediário
2.16462,2.17788,2003-09-30 10:30:00.0,Intermediário
2.16726,2.17904,2003-09-30 11:00:00.0,Intermediário
2.17083,2.18266,2003-09-30 11:30:00.0,Intermediário
2.16276,2.17527,2003-09-30 12:03:00.0,Intermediário
2.16154,2.17404,2003-09-30 12:43:00.0,Intermediário
2.16027,2.17275,2003-09-30 13:00:00.0,Intermediário
2.16202,2.17453,2003-09-30 13:33:00.0,Intermediário
2.16378,2.1763,2003-09-30 14:00:00.0,Intermediário
2.15834,2.17082,2003-09-30 14:30:00.0,Intermediário
2.14576,2.15891,2003-09-30 15:00:00.0,Intermediário
2.14333,2.15574,2003-09-30 15:30:00.0,Intermediário
2.13716,2.14953,2003-09-30 16:00:00.0,Intermediário
2.13795,2.1496,2003-09-30 16:30:00.0,Fechamento Interbancário
2.16156,2.16593,2003-09-30 17:39:00.0,Fechamento
2.14191,2.15953,2003-10-01 09:43:00.0,Abertura
2.14291,2.15533,2003-10-01 10:00:00.0,Intermediário
2.14076,2.15315,2003-10-01 10:30:00.0,Intermediário
2.1372,2.14886,2003-10-01 11:00:00.0,Intermediário
2.14677,2.15921,2003-10-01 12:07:00.0,Intermediário
2.15121,2.16293,2003-10-01 12:11:00.0,Intermediário
2.15235,2.1648,2003-10-01 12:30:00.0,Intermediário
2.14978,2.1615,2003-10-01 13:00:00.0,Intermediário
2.14925,2.1617,2003-10-01 13:30:00.0,Intermediário
2.15068,2.16313,2003-10-01 14:00:00.0,Intermediário
2.15052,2.16299,2003-10-01 14:30:00.0,Intermediário
2.15126,2.16373,2003-10-01 15:00:00.0,Intermediário
2.14814,2.15985,2003-10-01 15:30:00.0,Intermediário
2.14973,2.16219,2003-10-01 16:00:00.0,Intermediário
2.15023,2.16192,2003-10-01 16:30:00.0,Fechamento Interbancário
2.15459,2.15893,2003-10-01 17:40:00.0,Fechamento
2.14185,2.15945,2003-10-02 09:47:00.0,Abertura
2.1428,2.1552,2003-10-02 10:00:00.0,Intermediário
2.14665,2.15907,2003-10-02 10:30:00.0,Intermediário
2.15041,2.16287,2003-10-02 11:00:00.0,Intermediário
2.15079,2.16251,2003-10-02 11:30:00.0,Intermediário
2.15962,2.17138,2003-10-02 12:00:00.0,Intermediário
2.1541,2.16657,2003-10-02 12:30:00.0,Intermediário
2.15593,2.16844,2003-10-02 13:00:00.0,Intermediário
2.15497,2.16747,2003-10-02 13:30:00.0,Intermediário
2.154,2.1665,2003-10-02 14:00:00.0,Intermediário
2.15256,2.16504,2003-10-02 14:30:00.0,Intermediário
2.15123,2.16371,2003-10-02 15:00:00.0,Intermediário
2.14799,2.1597,2003-10-02 15:30:00.0,Intermediário
2.14975,2.16072,2003-10-02 16:00:00.0,Intermediário
2.15033,2.16205,2003-10-02 16:30:00.0,Fechamento Interbancário
2.15975,2.16412,2003-10-02 17:40:00.0,Fechamento
2.13731,2.15493,2003-10-03 09:55:00.0,Abertura
2.13525,2.15284,2003-10-03 10:00:00.0,Intermediário
2.14436,2.15603,2003-10-03 10:30:00.0,Intermediário
2.14611,2.15781,2003-10-03 11:06:00.0,Intermediário
2.14703,2.15948,2003-10-03 11:30:00.0,Intermediário
2.1416,2.15402,2003-10-03 12:00:00.0,Intermediário
2.14033,2.15275,2003-10-03 12:47:00.0,Intermediário
2.14475,2.15569,2003-10-03 13:00:00.0,Intermediário
2.14378,2.15472,2003-10-03 13:30:00.0,Intermediário
2.13647,2.14736,2003-10-03 14:00:00.0,Intermediário
2.13551,2.1464,2003-10-03 14:30:00.0,Intermediário
2.13705,2.14869,2003-10-03 15:00:00.0,Intermediário
2.1407,2.15236,2003-10-03 15:30:00.0,Intermediário
2.13695,2.14858,2003-10-03 16:00:00.0,Intermediário
2.13959,2.15125,2003-10-03 16:30:00.0,Fechamento Interbancário
2.1439,2.14823,2003-10-03 17:40:00.0,Fechamento
2.13784,2.15546,2003-10-06 09:59:00.0,Abertura
2.13959,2.15349,2003-10-06 10:08:00.0,Intermediário
2.14107,2.15275,2003-10-06 10:30:00.0,Intermediário
2.13355,2.14518,2003-10-06 11:00:00.0,Intermediário
2.13206,2.14369,2003-10-06 11:30:00.0,Intermediário
2.13385,2.147,2003-10-06 12:00:00.0,Intermediário
2.13634,2.148,2003-10-06 12:30:00.0,Intermediário
2.13816,2.14982,2003-10-06 13:08:00.0,Intermediário
2.13704,2.1487,2003-10-06 13:38:00.0,Intermediário
2.13689,2.14854,2003-10-06 14:12:00.0,Intermediário
2.13609,2.14773,2003-10-06 14:30:00.0,Intermediário
2.13768,2.15084,2003-10-06 15:00:00.0,Intermediário
2.13173,2.14336,2003-10-06 15:30:00.0,Intermediário
2.12733,2.13893,2003-10-06 16:00:00.0,Intermediário
2.12907,2.14069,2003-10-06 16:30:00.0,Fechamento Interbancário
2.14216,2.1465,2003-10-06 17:54:00.0,Fechamento
2.14029,2.15799,2003-10-07 09:48:00.0,Abertura
2.14248,2.15418,2003-10-07 10:00:00.0,Intermediário
2.14811,2.15984,2003-10-07 10:30:00.0,Intermediário
2.15419,2.16673,2003-10-07 11:00:00.0,Intermediário
2.15628,2.16806,2003-10-07 11:30:00.0,Intermediário
2.15647,2.16825,2003-10-07 12:00:00.0,Intermediário
2.1498,2.1623,2003-10-07 12:30:00.0,Intermediário
2.14592,2.15766,2003-10-07 13:00:00.0,Intermediário
2.1471,2.15884,2003-10-07 13:30:00.0,Intermediário
2.14678,2.15851,2003-10-07 14:00:00.0,Intermediário
2.14614,2.15786,2003-10-07 14:30:00.0,Intermediário
2.14608,2.15933,2003-10-07 15:00:00.0,Intermediário
2.14164,2.15409,2003-10-07 15:30:00.0,Intermediário
2.14298,2.15469,2003-10-07 16:00:00.0,Intermediário
2.14137,2.15306,2003-10-07 16:30:00.0,Fechamento Interbancário
2.1524,2.15679,2003-10-07 18:41:00.0,Fechamento
2.13211,2.14978,2003-10-08 09:46:00.0,Abertura
2.1335,2.14667,2003-10-08 10:00:00.0,Intermediário
2.13141,2.14381,2003-10-08 10:30:00.0,Intermediário
2.12868,2.14032,2003-10-08 11:00:00.0,Intermediário
2.13414,2.14731,2003-10-08 11:30:00.0,Intermediário
2.13141,2.14381,2003-10-08 12:00:00.0,Intermediário
2.1304,2.14204,2003-10-08 12:30:00.0,Intermediário
2.12917,2.14082,2003-10-08 13:00:00.0,Intermediário
2.12869,2.14034,2003-10-08 13:30:00.0,Intermediário
2.12869,2.14034,2003-10-08 14:00:00.0,Intermediário
2.12885,2.1405,2003-10-08 14:30:00.0,Intermediário
2.12464,2.13626,2003-10-08 15:00:00.0,Intermediário
2.12645,2.13884,2003-10-08 15:30:00.0,Intermediário
2.12874,2.14114,2003-10-08 16:01:00.0,Intermediário
2.12683,2.13846,2003-10-08 16:30:00.0,Fechamento Interbancário
2.12817,2.13251,2003-10-08 17:45:00.0,Fechamento
2.12572,2.14335,2003-10-09 09:54:00.0,Abertura
2.12237,2.13397,2003-10-09 10:00:00.0,Intermediário
2.12493,2.13654,2003-10-09 10:30:00.0,Intermediário
2.13208,2.14522,2003-10-09 11:00:00.0,Intermediário
2.13473,2.14641,2003-10-09 11:31:00.0,Intermediário
2.12892,2.14281,2003-10-09 12:00:00.0,Intermediário
2.11102,2.12331,2003-10-09 12:35:00.0,Intermediário
2.10647,2.11873,2003-10-09 13:00:00.0,Intermediário
2.10631,2.11857,2003-10-09 13:30:00.0,Intermediário
2.10379,2.11604,2003-10-09 14:00:00.0,Intermediário
2.1071,2.11937,2003-10-09 14:30:00.0,Intermediário
2.1024,2.11389,2003-10-09 15:00:00.0,Intermediário
2.10898,2.12127,2003-10-09 15:30:00.0,Intermediário
2.11083,2.12237,2003-10-09 16:00:00.0,Intermediário
2.11004,2.12159,2003-10-09 16:30:00.0,Fechamento Interbancário
2.12065,2.12496,2003-10-09 17:44:00.0,Fechamento
2.12519,2.14285,2003-10-10 09:37:00.0,Abertura
2.13664,2.1491,2003-10-10 10:02:00.0,Intermediário
2.13885,2.15056,2003-10-10 10:30:00.0,Intermediário
2.14466,2.1564,2003-10-10 11:00:00.0,Intermediário
2.13735,2.14904,2003-10-10 11:30:00.0,Intermediário
2.13653,2.14824,2003-10-10 12:00:00.0,Intermediário
2.13972,2.15219,2003-10-10 12:30:00.0,Intermediário
2.14074,2.15246,2003-10-10 13:00:00.0,Intermediário
2.14155,2.15328,2003-10-10 13:30:00.0,Intermediário
2.13977,2.15148,2003-10-10 14:00:00.0,Intermediário
2.13945,2.15116,2003-10-10 14:30:00.0,Intermediário
2.14198,2.1537,2003-10-10 15:00:00.0,Intermediário
2.14182,2.15431,2003-10-10 15:30:00.0,Intermediário
2.13766,2.1509,2003-10-10 16:00:00.0,Intermediário
2.13788,2.14959,2003-10-10 16:30:00.0,Fechamento Interbancário
2.14747,2.15185,2003-10-10 17:42:00.0,Fechamento
2.13475,2.15252,2003-10-13 09:57:00.0,Abertura
2.13804,2.14975,2003-10-13 10:00:00.0,Intermediário
2.14231,2.15404,2003-10-13 10:30:00.0,Intermediário
2.14214,2.15388,2003-10-13 11:00:00.0,Intermediário
2.14188,2.1536,2003-10-13 11:30:00.0,Intermediário
2.14231,2.15403,2003-10-13 12:00:00.0,Intermediário
2.14042,2.15214,2003-10-13 12:30:00.0,Intermediário
2.1415,2.15322,2003-10-13 13:07:00.0,Intermediário
2.1415,2.15322,2003-10-13 13:59:00.0,Intermediário
2.14085,2.15257,2003-10-13 14:27:00.0,Intermediário
2.14085,2.15257,2003-10-13 14:30:00.0,Intermediário
2.1442,2.15669,2003-10-13 15:00:00.0,Intermediário
2.14182,2.15355,2003-10-13 15:30:00.0,Intermediário
2.14187,2.15437,2003-10-13 16:00:00.0,Intermediário
2.14204,2.15377,2003-10-13 16:30:00.0,Fechamento Interbancário
2.14683,2.15121,2003-10-13 17:40:00.0,Fechamento
2.13371,2.1514,2003-10-14 09:40:00.0,Abertura
2.13938,2.15109,2003-10-14 10:00:00.0,Intermediário
2.14024,2.1527,2003-10-14 10:30:00.0,Intermediário
2.12892,2.14058,2003-10-14 11:00:00.0,Intermediário
2.13289,2.14456,2003-10-14 11:30:00.0,Intermediário
2.13589,2.14683,2003-10-14 12:00:00.0,Intermediário
2.12977,2.14143,2003-10-14 12:30:00.0,Intermediário
2.13136,2.14305,2003-10-14 13:00:00.0,Intermediário
2.13056,2.14224,2003-10-14 13:30:00.0,Intermediário
2.13329,2.14498,2003-10-14 14:00:00.0,Intermediário
2.13104,2.14272,2003-10-14 14:30:00.0,Intermediário
2.1304,2.14132,2003-10-14 15:00:00.0,Intermediário
2.13024,2.14191,2003-10-14 15:30:00.0,Intermediário
2.1312,2.14288,2003-10-14 16:00:00.0,Intermediário
2.13056,2.14224,2003-10-14 16:31:00.0,Fechamento Interbancário
2.14426,2.14862,2003-10-14 17:38:00.0,Fechamento
2.12068,2.13832,2003-10-15 09:59:00.0,Abertura
2.12587,2.13827,2003-10-15 10:00:00.0,Intermediário
2.11864,2.131,2003-10-15 10:30:00.0,Intermediário
2.12236,2.13398,2003-10-15 11:00:00.0,Intermediário
2.12455,2.13543,2003-10-15 11:30:00.0,Intermediário
2.1223,2.13317,2003-10-15 12:00:00.0,Intermediário
2.12896,2.14062,2003-10-15 12:30:00.0,Intermediário
2.12798,2.1404,2003-10-15 13:00:00.0,Intermediário
2.12734,2.13975,2003-10-15 13:30:00.0,Intermediário
2.12718,2.13959,2003-10-15 14:00:00.0,Intermediário
2.12574,2.13813,2003-10-15 14:30:00.0,Intermediário
2.12531,2.13694,2003-10-15 15:00:00.0,Intermediário
2.12697,2.13862,2003-10-15 15:30:00.0,Intermediário
2.13445,2.14764,2003-10-15 16:00:00.0,Intermediário
2.13397,2.14564,2003-10-15 16:30:00.0,Fechamento Interbancário
2.12647,2.1308,2003-10-15 17:41:00.0,Fechamento
2.13636,2.15413,2003-10-16 09:35:00.0,Abertura
2.14321,2.15494,2003-10-16 10:00:00.0,Intermediário
2.13788,2.15187,2003-10-16 10:30:00.0,Intermediário
2.14533,2.15785,2003-10-16 11:00:00.0,Intermediário
2.15224,2.16405,2003-10-16 11:30:00.0,Intermediário
2.15284,2.16464,2003-10-16 12:00:00.0,Intermediário
2.15544,2.1665,2003-10-16 12:30:00.0,Intermediário
2.15473,2.1673,2003-10-16 13:00:00.0,Intermediário
2.1531,2.16565,2003-10-16 13:30:00.0,Intermediário
2.15112,2.16367,2003-10-16 14:00:00.0,Intermediário
2.15326,2.16581,2003-10-16 14:30:00.0,Intermediário
2.15468,2.16574,2003-10-16 15:00:00.0,Intermediário
2.15597,2.16853,2003-10-16 15:30:00.0,Intermediário
2.15877,2.16983,2003-10-16 16:00:00.0,Intermediário
2.15647,2.16751,2003-10-16 16:30:00.0,Fechamento Interbancário
2.15166,2.15605,2003-10-16 17:42:00.0,Fechamento
2.1594,2.17728,2003-10-17 09:57:00.0,Abertura
2.16134,2.17315,2003-10-17 10:00:00.0,Intermediário
2.16625,2.17811,2003-10-17 10:30:00.0,Intermediário
2.16858,2.18044,2003-10-17 11:00:00.0,Intermediário
2.17274,2.18388,2003-10-17 11:36:00.0,Intermediário
2.17238,2.18428,2003-10-17 12:00:00.0,Intermediário
2.16835,2.18023,2003-10-17 12:30:00.0,Intermediário
2.16898,2.18009,2003-10-17 13:00:00.0,Intermediário
2.17178,2.18292,2003-10-17 13:30:00.0,Intermediário
2.1698,2.18093,2003-10-17 14:00:00.0,Intermediário
2.17063,2.18176,2003-10-17 14:30:00.0,Intermediário
2.17165,2.18355,2003-10-17 15:00:00.0,Intermediário
2.17442,2.18633,2003-10-17 15:30:00.0,Intermediário
2.17687,2.18879,2003-10-17 16:11:00.0,Intermediário
2.17637,2.18829,2003-10-17 16:41:00.0,Fechamento Interbancário
2.17372,2.17816,2003-10-17 17:39:00.0,Fechamento
2.17483,2.19282,2003-10-20 10:16:00.0,Abertura
2.17385,2.18802,2003-10-20 10:18:00.0,Intermediário
2.18167,2.1936,2003-10-20 10:30:00.0,Intermediário
2.18322,2.19441,2003-10-20 11:00:00.0,Intermediário
2.18434,2.19628,2003-10-20 11:30:00.0,Intermediário
2.17842,2.19033,2003-10-20 12:00:00.0,Intermediário
2.1749,2.18681,2003-10-20 12:30:00.0,Intermediário
2.17434,2.18624,2003-10-20 13:15:00.0,Intermediário
2.175,2.1869,2003-10-20 13:42:00.0,Intermediário
2.17319,2.18507,2003-10-20 14:09:00.0,Intermediário
2.17204,2.18391,2003-10-20 14:30:00.0,Intermediário
2.175,2.18764,2003-10-20 15:00:00.0,Intermediário
2.17904,2.19172,2003-10-20 15:30:00.0,Intermediário
2.17129,2.18315,2003-10-20 16:00:00.0,Intermediário
2.16873,2.18057,2003-10-20 16:30:00.0,Fechamento Interbancário
2.18076,2.1852,2003-10-20 17:43:00.0,Fechamento
2.15812,2.17599,2003-10-21 09:55:00.0,Abertura
2.16042,2.17223,2003-10-21 10:00:00.0,Intermediário
2.15813,2.16993,2003-10-21 10:30:00.0,Intermediário
2.15683,2.16863,2003-10-21 11:00:00.0,Intermediário
2.15904,2.17236,2003-10-21 11:30:00.0,Intermediário
2.16146,2.17329,2003-10-21 12:00:00.0,Intermediário
2.16375,2.1756,2003-10-21 12:30:00.0,Intermediário
2.17254,2.18443,2003-10-21 13:00:00.0,Intermediário
2.17248,2.1836,2003-10-21 13:30:00.0,Intermediário
2.17314,2.18426,2003-10-21 14:00:00.0,Intermediário
2.17446,2.1856,2003-10-21 14:30:00.0,Intermediário
2.17166,2.18429,2003-10-21 15:00:00.0,Intermediário
2.16998,2.18184,2003-10-21 15:30:00.0,Intermediário
2.16189,2.17449,2003-10-21 16:00:00.0,Intermediário
2.16359,2.17542,2003-10-21 16:30:00.0,Fechamento Interbancário
2.17145,2.17588,2003-10-21 17:39:00.0,Fechamento
2.1589,2.17681,2003-10-22 09:43:00.0,Abertura
2.16265,2.17602,2003-10-22 10:00:00.0,Intermediário
2.17221,2.18488,2003-10-22 10:30:00.0,Intermediário
2.17689,2.18883,2003-10-22 11:00:00.0,Intermediário
2.17929,2.192,2003-10-22 11:30:00.0,Intermediário
2.18646,2.1992,2003-10-22 12:00:00.0,Intermediário
2.18131,2.19327,2003-10-22 12:30:00.0,Intermediário
2.19074,2.20276,2003-10-22 13:00:00.0,Intermediário
2.19225,2.20426,2003-10-22 13:30:00.0,Intermediário
2.18873,2.20072,2003-10-22 14:00:00.0,Intermediário
2.18923,2.20123,2003-10-22 14:30:00.0,Intermediário
2.18397,2.19518,2003-10-22 15:00:00.0,Intermediário
2.18531,2.19883,2003-10-22 15:30:00.0,Intermediário
2.19007,2.20285,2003-10-22 16:00:00.0,Intermediário
2.18856,2.19979,2003-10-22 16:30:00.0,Fechamento Interbancário
2.19204,2.19652,2003-10-22 17:45:00.0,Fechamento
2.18871,2.20682,2003-10-23 09:51:00.0,Abertura
2.19066,2.20265,2003-10-23 10:00:00.0,Intermediário
2.19429,2.20783,2003-10-23 10:30:00.0,Intermediário
2.18997,2.20348,2003-10-23 11:00:00.0,Intermediário
2.18735,2.19933,2003-10-23 11:30:00.0,Intermediário
2.18478,2.19598,2003-10-23 12:00:00.0,Intermediário
2.18454,2.19726,2003-10-23 12:30:00.0,Intermediário
2.1812,2.19316,2003-10-23 13:00:00.0,Intermediário
2.18439,2.19712,2003-10-23 13:30:00.0,Intermediário
2.18356,2.1963,2003-10-23 14:00:00.0,Intermediário
2.17974,2.19243,2003-10-23 14:30:00.0,Intermediário
2.17719,2.18988,2003-10-23 15:00:00.0,Intermediário
2.1818,2.19299,2003-10-23 15:30:00.0,Intermediário
2.1808,2.19275,2003-10-23 16:00:00.0,Intermediário
2.18213,2.19409,2003-10-23 16:30:00.0,Fechamento Interbancário
2.19049,2.19496,2003-10-23 17:43:00.0,Fechamento
2.18562,2.20373,2003-10-24 09:43:00.0,Abertura
2.19116,2.20315,2003-10-24 10:00:00.0,Intermediário
2.19378,2.20579,2003-10-24 10:30:00.0,Intermediário
2.18988,2.20264,2003-10-24 11:00:00.0,Intermediário
2.18666,2.19864,2003-10-24 11:30:00.0,Intermediário
2.18741,2.20016,2003-10-24 12:00:00.0,Intermediário
2.18751,2.20025,2003-10-24 12:30:00.0,Intermediário
2.18718,2.19839,2003-10-24 13:00:00.0,Intermediário
2.18785,2.19907,2003-10-24 13:30:00.0,Intermediário
2.18768,2.1989,2003-10-24 14:00:00.0,Intermediário
2.19054,2.20177,2003-10-24 14:30:00.0,Intermediário
2.19121,2.20244,2003-10-24 15:00:00.0,Intermediário
2.18751,2.19948,2003-10-24 15:30:00.0,Intermediário
2.19047,2.20399,2003-10-24 16:00:00.0,Intermediário
2.19073,2.20272,2003-10-24 16:30:00.0,Fechamento Interbancário
2.19328,2.19776,2003-10-24 17:38:00.0,Fechamento
2.18687,2.20498,2003-10-27 09:59:00.0,Abertura
2.19345,2.20776,2003-10-27 10:00:00.0,Intermediário
2.19197,2.20397,2003-10-27 10:30:00.0,Intermediário
2.18799,2.2015,2003-10-27 11:00:00.0,Intermediário
2.19152,2.20353,2003-10-27 11:30:00.0,Intermediário
2.18682,2.19879,2003-10-27 12:00:00.0,Intermediário
2.18364,2.19635,2003-10-27 12:30:00.0,Intermediário
2.18348,2.19544,2003-10-27 13:16:00.0,Intermediário
2.18499,2.19695,2003-10-27 13:39:00.0,Intermediário
2.18549,2.19745,2003-10-27 14:00:00.0,Intermediário
2.18516,2.19711,2003-10-27 14:30:00.0,Intermediário
2.18192,2.19463,2003-10-27 15:00:00.0,Intermediário
2.18153,2.19424,2003-10-27 15:30:00.0,Intermediário
2.18044,2.19238,2003-10-27 16:00:00.0,Intermediário
2.17928,2.19121,2003-10-27 16:30:00.0,Fechamento Interbancário
2.18692,2.1914,2003-10-27 18:02:00.0,Fechamento
2.17472,2.19272,2003-10-28 09:52:00.0,Abertura
2.17581,2.18772,2003-10-28 10:00:00.0,Intermediário
2.18191,2.19383,2003-10-28 10:30:00.0,Intermediário
2.17987,2.19179,2003-10-28 11:00:00.0,Intermediário
2.17604,2.18793,2003-10-28 11:30:00.0,Intermediário
2.17934,2.19127,2003-10-28 12:00:00.0,Intermediário
2.17413,2.18755,2003-10-28 12:30:00.0,Intermediário
2.16648,2.18062,2003-10-28 13:00:00.0,Intermediário
2.17188,2.18378,2003-10-28 13:30:00.0,Intermediário
2.17287,2.18478,2003-10-28 14:00:00.0,Intermediário
2.17452,2.18644,2003-10-28 14:30:00.0,Intermediário
2.17365,2.18631,2003-10-28 15:00:00.0,Intermediário
2.17113,2.18302,2003-10-28 15:30:00.0,Intermediário
2.17013,2.18278,2003-10-28 16:00:00.0,Intermediário
2.17148,2.18338,2003-10-28 16:30:00.0,Fechamento Interbancário
2.18722,2.19169,2003-10-28 17:40:00.0,Fechamento
2.17096,2.18899,2003-10-29 09:49:00.0,Abertura
2.17547,2.18739,2003-10-29 10:00:00.0,Intermediário
2.17511,2.1878,2003-10-29 10:30:00.0,Intermediário
2.17514,2.18706,2003-10-29 11:00:00.0,Intermediário
2.16994,2.18182,2003-10-29 11:30:00.0,Intermediário
2.17279,2.18469,2003-10-29 12:00:00.0,Intermediário
2.17137,2.18402,2003-10-29 12:30:00.0,Intermediário
2.1712,2.18309,2003-10-29 13:00:00.0,Intermediário
2.17401,2.18593,2003-10-29 13:30:00.0,Intermediário
2.17451,2.18643,2003-10-29 14:00:00.0,Intermediário
2.17368,2.1856,2003-10-29 14:30:00.0,Intermediário
2.1704,2.1823,2003-10-29 15:00:00.0,Intermediário
2.16614,2.178,2003-10-29 15:30:00.0,Intermediário
2.16347,2.17531,2003-10-29 16:00:00.0,Intermediário
2.16143,2.17328,2003-10-29 16:30:00.0,Fechamento Interbancário
2.17288,2.17733,2003-10-29 17:41:00.0,Fechamento
2.16052,2.17851,2003-10-30 09:57:00.0,Abertura
2.1639,2.17578,2003-10-30 10:00:00.0,Intermediário
2.16636,2.179,2003-10-30 10:30:00.0,Intermediário
2.16951,2.1814,2003-10-30 11:00:00.0,Intermediário
2.16689,2.17877,2003-10-30 11:30:00.0,Intermediário
2.16582,2.17846,2003-10-30 12:00:00.0,Intermediário
2.16769,2.17957,2003-10-30 12:30:00.0,Intermediário
2.17534,2.18727,2003-10-30 13:00:00.0,Intermediário
2.1766,2.18854,2003-10-30 13:30:00.0,Intermediário
2.17378,2.18569,2003-10-30 14:00:00.0,Intermediário
2.1761,2.18804,2003-10-30 14:30:00.0,Intermediário
2.17504,2.1862,2003-10-30 15:00:00.0,Intermediário
2.17305,2.18497,2003-10-30 15:30:00.0,Intermediário
2.17004,2.18194,2003-10-30 16:00:00.0,Intermediário
2.1702,2.1821,2003-10-30 16:30:00.0,Fechamento Interbancário
2.16121,2.16564,2003-10-30 17:53:00.0,Fechamento
2.1503,2.16816,2003-10-31 09:49:00.0,Abertura
2.14965,2.16143,2003-10-31 10:00:00.0,Intermediário
2.14868,2.16122,2003-10-31 10:30:00.0,Intermediário
2.1523,2.1641,2003-10-31 11:00:00.0,Intermediário
2.15518,2.16774,2003-10-31 11:30:00.0,Intermediário
2.15625,2.1673,2003-10-31 12:00:00.0,Intermediário
2.15191,2.16368,2003-10-31 12:30:00.0,Intermediário
2.15484,2.16587,2003-10-31 13:00:00.0,Intermediário
2.16079,2.17262,2003-10-31 13:30:00.0,Intermediário
2.16161,2.17345,2003-10-31 14:00:00.0,Intermediário
2.16013,2.17196,2003-10-31 14:30:00.0,Intermediário
2.16537,2.17722,2003-10-31 15:00:00.0,Intermediário
2.16832,2.18018,2003-10-31 15:30:00.0,Intermediário
2.16927,2.18115,2003-10-31 16:00:00.0,Intermediário
2.16629,2.17814,2003-10-31 16:30:00.0,Fechamento Interbancário
2.16276,2.16717,2003-10-31 18:01:00.0,Fechamento
2.14714,2.16494,2003-11-03 09:43:00.0,Abertura
2.14773,2.16024,2003-11-03 10:00:00.0,Intermediário
2.14573,2.15746,2003-11-03 10:30:00.0,Intermediário
2.14673,2.15922,2003-11-03 11:00:00.0,Intermediário
2.14593,2.15843,2003-11-03 11:30:00.0,Intermediário
2.1477,2.15945,2003-11-03 12:00:00.0,Intermediário
2.15074,2.16402,2003-11-03 12:30:00.0,Intermediário
2.14976,2.16151,2003-11-03 13:14:00.0,Intermediário
2.14298,2.15469,2003-11-03 13:55:00.0,Intermediário
2.14298,2.15469,2003-11-03 14:00:00.0,Intermediário
2.13911,2.1508,2003-11-03 14:42:00.0,Intermediário
2.13408,2.1465,2003-11-03 15:00:00.0,Intermediário
2.12935,2.14099,2003-11-03 15:30:00.0,Intermediário
2.13142,2.14383,2003-11-03 16:00:00.0,Intermediário
2.1295,2.14115,2003-11-03 16:30:00.0,Fechamento Interbancário
2.14078,2.14515,2003-11-03 17:45:00.0,Fechamento
2.12969,2.14732,2003-11-04 09:51:00.0,Abertura
2.13299,2.14539,2003-11-04 10:00:00.0,Intermediário
2.13496,2.14812,2003-11-04 10:30:00.0,Intermediário
2.1334,2.14506,2003-11-04 11:00:00.0,Intermediário
2.13629,2.14871,2003-11-04 11:30:00.0,Intermediário
2.1372,2.14962,2003-11-04 12:00:00.0,Intermediário
2.13943,2.15113,2003-11-04 12:30:00.0,Intermediário
2.13607,2.14774,2003-11-04 13:00:00.0,Intermediário
2.13762,2.14855,2003-11-04 13:30:00.0,Intermediário
2.1381,2.14903,2003-11-04 14:00:00.0,Intermediário
2.1381,2.14903,2003-11-04 14:30:00.0,Intermediário
2.13873,2.15042,2003-11-04 15:00:00.0,Intermediário
2.13944,2.15114,2003-11-04 15:30:00.0,Intermediário
2.14501,2.15749,2003-11-04 16:00:00.0,Intermediário
2.14255,2.15349,2003-11-04 16:30:00.0,Fechamento Interbancário
2.14972,2.15408,2003-11-04 17:49:00.0,Fechamento
2.14003,2.15776,2003-11-05 09:30:00.0,Abertura
2.14067,2.15312,2003-11-05 10:00:00.0,Intermediário
2.14597,2.15845,2003-11-05 10:30:00.0,Intermediário
2.14174,2.1542,2003-11-05 11:00:00.0,Intermediário
2.14223,2.15467,2003-11-05 11:30:00.0,Intermediário
2.14217,2.15387,2003-11-05 12:00:00.0,Intermediário
2.1405,2.1522,2003-11-05 12:30:00.0,Intermediário
2.14291,2.15461,2003-11-05 13:00:00.0,Intermediário
2.14597,2.1577,2003-11-05 13:30:00.0,Intermediário
2.14694,2.15867,2003-11-05 14:00:00.0,Intermediário
2.1463,2.15802,2003-11-05 14:30:00.0,Intermediário
2.14201,2.15371,2003-11-05 15:00:00.0,Intermediário
2.14046,2.1529,2003-11-05 15:30:00.0,Intermediário
2.14232,2.15478,2003-11-05 16:00:00.0,Intermediário
2.14314,2.15484,2003-11-05 16:30:00.0,Fechamento Interbancário
2.14613,2.15051,2003-11-05 17:38:00.0,Fechamento
2.14376,2.16149,2003-11-06 09:55:00.0,Abertura
2.14494,2.1574,2003-11-06 10:00:00.0,Intermediário
2.14659,2.15756,2003-11-06 10:30:00.0,Intermediário
2.14478,2.15575,2003-11-06 11:00:00.0,Intermediário
2.14349,2.15521,2003-11-06 11:30:00.0,Intermediário
2.1374,2.14907,2003-11-06 12:00:00.0,Intermediário
2.14093,2.15261,2003-11-06 12:30:00.0,Intermediário
2.14648,2.15818,2003-11-06 13:00:00.0,Intermediário
2.14781,2.15954,2003-11-06 13:30:00.0,Intermediário
2.14846,2.16019,2003-11-06 14:00:00.0,Intermediário
2.14814,2.15986,2003-11-06 14:30:00.0,Intermediário
2.14994,2.16167,2003-11-06 15:00:00.0,Intermediário
2.14616,2.15861,2003-11-06 15:36:00.0,Intermediário
2.14427,2.15598,2003-11-06 16:11:00.0,Intermediário
2.14411,2.15582,2003-11-06 16:40:00.0,Fechamento Interbancário
2.13913,2.14346,2003-11-06 17:37:00.0,Fechamento
2.14964,2.1674,2003-11-07 10:46:00.0,Abertura
2.15157,2.16407,2003-11-07 10:49:00.0,Intermediário
2.14724,2.16047,2003-11-07 10:52:00.0,Intermediário
2.14948,2.16122,2003-11-07 11:07:00.0,Intermediário
2.14862,2.16112,2003-11-07 11:34:00.0,Intermediário
2.15898,2.17078,2003-11-07 12:00:00.0,Intermediário
2.15273,2.1645,2003-11-07 12:30:00.0,Intermediário
2.1515,2.16326,2003-11-07 13:00:00.0,Intermediário
2.1619,2.17372,2003-11-07 13:34:00.0,Intermediário
2.15994,2.17176,2003-11-07 14:00:00.0,Intermediário
2.16027,2.17209,2003-11-07 14:30:00.0,Intermediário
2.1599,2.17172,2003-11-07 15:00:00.0,Intermediário
2.1611,2.17292,2003-11-07 15:30:00.0,Intermediário
2.16157,2.17265,2003-11-07 16:01:00.0,Intermediário
2.16125,2.17307,2003-11-07 16:34:00.0,Fechamento Interbancário
2.16591,2.17032,2003-11-07 17:39:00.0,Fechamento
2.17307,2.19105,2003-11-10 09:51:00.0,Abertura
2.17568,2.18834,2003-11-10 10:00:00.0,Intermediário
2.17713,2.18905,2003-11-10 10:30:00.0,Intermediário
2.17535,2.188,2003-11-10 11:00:00.0,Intermediário
2.17823,2.19014,2003-11-10 11:31:00.0,Intermediário
2.18586,2.19782,2003-11-10 12:00:00.0,Intermediário
2.18883,2.20081,2003-11-10 12:30:00.0,Intermediário
2.19261,2.2046,2003-11-10 13:00:00.0,Intermediário
2.1937,2.20494,2003-11-10 13:30:00.0,Intermediário
2.19438,2.20561,2003-11-10 14:00:00.0,Intermediário
2.19656,2.20781,2003-11-10 14:30:00.0,Intermediário
2.19101,2.20298,2003-11-10 16:18:00.0,Intermediário
2.19455,2.20655,2003-11-10 16:22:00.0,Intermediário
2.19522,2.20723,2003-11-10 16:25:00.0,Intermediário
2.19439,2.20639,2003-11-10 16:30:00.0,Fechamento Interbancário
2.19428,2.19877,2003-11-10 17:58:00.0,Fechamento
2.18857,2.20665,2003-11-11 09:47:00.0,Abertura
2.1908,2.20278,2003-11-11 10:00:00.0,Intermediário
2.19455,2.20732,2003-11-11 10:30:00.0,Intermediário
2.19794,2.21074,2003-11-11 11:00:00.0,Intermediário
2.19744,2.20947,2003-11-11 11:30:00.0,Intermediário
2.19702,2.20828,2003-11-11 12:00:00.0,Intermediário
2.19769,2.2097,2003-11-11 12:30:00.0,Intermediário
2.19566,2.20768,2003-11-11 13:00:00.0,Intermediário
2.19802,2.21003,2003-11-11 13:30:00.0,Intermediário
2.19617,2.20817,2003-11-11 14:00:00.0,Intermediário
2.19667,2.20868,2003-11-11 14:35:00.0,Intermediário
2.20165,2.21369,2003-11-11 15:00:00.0,Intermediário
2.2041,2.21691,2003-11-11 15:30:00.0,Intermediário
2.20731,2.22013,2003-11-11 16:00:00.0,Intermediário
2.20731,2.22013,2003-11-11 16:30:00.0,Fechamento Interbancário
2.20421,2.20872,2003-11-11 17:38:00.0,Fechamento
2.22314,2.24142,2003-11-12 09:58:00.0,Abertura
2.22679,2.23896,2003-11-12 10:14:00.0,Intermediário
2.22357,2.23651,2003-11-12 10:30:00.0,Intermediário
2.22238,2.23453,2003-11-12 11:01:00.0,Intermediário
2.22007,2.23144,2003-11-12 11:30:00.0,Intermediário
2.22705,2.23922,2003-11-12 12:00:00.0,Intermediário
2.23148,2.24446,2003-11-12 12:30:00.0,Intermediário
2.23361,2.24659,2003-11-12 13:01:00.0,Intermediário
2.23173,2.24471,2003-11-12 13:30:00.0,Intermediário
2.23637,2.24936,2003-11-12 14:00:00.0,Intermediário
2.23929,2.25231,2003-11-12 14:30:00.0,Intermediário
2.23483,2.24782,2003-11-12 15:00:00.0,Intermediário
2.23091,2.24388,2003-11-12 15:31:00.0,Intermediário
2.22186,2.23403,2003-11-12 16:00:00.0,Intermediário
2.22084,2.23299,2003-11-12 16:30:00.0,Fechamento Interbancário
2.2325,2.23706,2003-11-12 17:41:00.0,Fechamento
2.22811,2.24649,2003-11-13 09:57:00.0,Abertura
2.22734,2.24186,2003-11-13 10:00:00.0,Intermediário
2.23408,2.24632,2003-11-13 10:30:00.0,Intermediário
2.23612,2.24911,2003-11-13 11:00:00.0,Intermediário
2.2392,2.25145,2003-11-13 11:30:00.0,Intermediário
2.23963,2.25112,2003-11-13 12:00:00.0,Intermediário
2.24347,2.25575,2003-11-13 12:30:00.0,Intermediário
2.25304,2.26536,2003-11-13 13:00:00.0,Intermediário
2.24731,2.25961,2003-11-13 13:30:00.0,Intermediário
2.24645,2.25874,2003-11-13 14:00:00.0,Intermediário
2.24869,2.261,2003-11-13 14:30:00.0,Intermediário
2.25378,2.2661,2003-11-13 15:00:00.0,Intermediário
2.2449,2.25717,2003-11-13 15:30:00.0,Intermediário
2.25282,2.26513,2003-11-13 16:00:00.0,Intermediário
2.25507,2.2674,2003-11-13 16:30:00.0,Fechamento Interbancário
2.2417,2.24628,2003-11-13 17:37:00.0,Fechamento
2.25831,2.27683,2003-11-14 09:57:00.0,Abertura
2.26354,2.27515,2003-11-14 10:00:00.0,Intermediário
2.2545,2.26683,2003-11-14 10:30:00.0,Intermediário
2.25123,2.26354,2003-11-14 11:00:00.0,Intermediário
2.25472,2.26705,2003-11-14 11:30:00.0,Intermediário
2.25715,2.26947,2003-11-14 12:00:00.0,Intermediário
2.25492,2.26877,2003-11-14 12:30:00.0,Intermediário
2.25487,2.26719,2003-11-14 13:00:00.0,Intermediário
2.25435,2.26667,2003-11-14 13:30:00.0,Intermediário
2.25174,2.26405,2003-11-14 14:00:00.0,Intermediário
2.25002,2.26233,2003-11-14 14:30:00.0,Intermediário
2.2518,2.26488,2003-11-14 15:00:00.0,Intermediário
2.25471,2.2678,2003-11-14 15:30:00.0,Intermediário
2.25467,2.26775,2003-11-14 16:00:00.0,Intermediário
2.25639,2.26872,2003-11-14 16:31:00.0,Fechamento Interbancário
2.25701,2.26162,2003-11-14 17:49:00.0,Fechamento
2.25499,2.27344,2003-11-17 10:16:00.0,Abertura
2.25327,2.26633,2003-11-17 10:24:00.0,Intermediário
2.26402,2.27715,2003-11-17 10:30:00.0,Intermediário
2.26732,2.28046,2003-11-17 11:00:00.0,Intermediário
2.26732,2.28046,2003-11-17 11:30:00.0,Intermediário
2.26318,2.27708,2003-11-17 12:00:00.0,Intermediário
2.26269,2.27582,2003-11-17 12:30:00.0,Intermediário
2.2615,2.27463,2003-11-17 13:00:00.0,Intermediário
2.26244,2.27479,2003-11-17 13:30:00.0,Intermediário
2.255,2.26731,2003-11-17 14:00:00.0,Intermediário
2.24556,2.2578,2003-11-17 14:30:00.0,Intermediário
2.23398,2.24618,2003-11-17 15:00:00.0,Intermediário
2.22538,2.23753,2003-11-17 15:30:00.0,Intermediário
2.22369,2.23659,2003-11-17 16:00:00.0,Intermediário
2.22589,2.23881,2003-11-17 16:30:00.0,Fechamento Interbancário
2.2475,2.25208,2003-11-17 17:42:00.0,Fechamento
2.23978,2.25812,2003-11-18 09:54:00.0,Abertura
2.23918,2.25368,2003-11-18 10:00:00.0,Intermediário
2.23784,2.25082,2003-11-18 10:30:00.0,Intermediário
2.23947,2.2517,2003-11-18 11:00:00.0,Intermediário
2.23709,2.25007,2003-11-18 11:30:00.0,Intermediário
2.23556,2.24699,2003-11-18 12:00:00.0,Intermediário
2.23818,2.25116,2003-11-18 12:30:00.0,Intermediário
2.23155,2.24373,2003-11-18 13:00:00.0,Intermediário
2.2425,2.25474,2003-11-18 13:32:00.0,Intermediário
2.24576,2.25803,2003-11-18 14:00:00.0,Intermediário
2.2449,2.25716,2003-11-18 14:30:00.0,Intermediário
2.25446,2.26678,2003-11-18 15:00:00.0,Intermediário
2.25666,2.26899,2003-11-18 15:30:00.0,Intermediário
2.25648,2.2688,2003-11-18 16:00:00.0,Intermediário
2.25675,2.26908,2003-11-18 16:32:00.0,Fechamento Interbancário
2.2621,2.26673,2003-11-18 17:40:00.0,Fechamento
2.26724,2.28578,2003-11-19 09:43:00.0,Abertura
2.26714,2.27951,2003-11-19 10:00:00.0,Intermediário
2.26788,2.28103,2003-11-19 10:30:00.0,Intermediário
2.26321,2.27634,2003-11-19 11:00:00.0,Intermediário
2.25962,2.27273,2003-11-19 11:30:00.0,Intermediário
2.26062,2.27374,2003-11-19 12:00:00.0,Intermediário
2.25797,2.27031,2003-11-19 12:30:00.0,Intermediário
2.25871,2.27105,2003-11-19 13:00:00.0,Intermediário
2.25437,2.26668,2003-11-19 13:30:00.0,Intermediário
2.25454,2.26685,2003-11-19 14:00:00.0,Intermediário
2.25212,2.26443,2003-11-19 14:30:00.0,Intermediário
2.25052,2.26282,2003-11-19 15:00:00.0,Intermediário
2.24771,2.25999,2003-11-19 15:30:00.0,Intermediário
2.24736,2.26041,2003-11-19 16:00:00.0,Intermediário
2.24914,2.26066,2003-11-19 16:30:00.0,Fechamento Interbancário
2.25657,2.26116,2003-11-19 17:40:00.0,Fechamento
2.25033,2.26876,2003-11-20 09:50:00.0,Abertura
2.25124,2.26353,2003-11-20 10:00:00.0,Intermediário
2.25807,2.2704,2003-11-20 10:30:00.0,Intermediário
2.25824,2.27058,2003-11-20 11:00:00.0,Intermediário
2.26005,2.27316,2003-11-20 11:30:00.0,Intermediário
2.26153,2.27465,2003-11-20 12:00:00.0,Intermediário
2.26571,2.27886,2003-11-20 12:30:00.0,Intermediário
2.25638,2.27024,2003-11-20 13:00:00.0,Intermediário
2.25715,2.26947,2003-11-20 13:30:00.0,Intermediário
2.25488,2.2672,2003-11-20 14:00:00.0,Intermediário
2.2535,2.26582,2003-11-20 14:30:00.0,Intermediário
2.25197,2.26505,2003-11-20 15:00:00.0,Intermediário
2.25558,2.26867,2003-11-20 15:30:00.0,Intermediário
2.2514,2.26524,2003-11-20 16:00:00.0,Intermediário
2.25241,2.26472,2003-11-20 16:31:00.0,Fechamento Interbancário
2.26038,2.26499,2003-11-20 17:41:00.0,Fechamento
2.23074,2.24906,2003-11-21 09:45:00.0,Abertura
2.23388,2.24686,2003-11-21 10:00:00.0,Intermediário
2.23873,2.25096,2003-11-21 10:30:00.0,Intermediário
2.24248,2.25472,2003-11-21 11:00:00.0,Intermediário
2.2407,2.2537,2003-11-21 11:30:00.0,Intermediário
2.23686,2.24984,2003-11-21 12:00:00.0,Intermediário
2.236,2.24822,2003-11-21 12:30:00.0,Intermediário
2.23627,2.24848,2003-11-21 13:00:00.0,Intermediário
2.23697,2.24917,2003-11-21 13:30:00.0,Intermediário
2.24227,2.25453,2003-11-21 14:00:00.0,Intermediário
2.24159,2.25384,2003-11-21 14:30:00.0,Intermediário
2.23606,2.24906,2003-11-21 15:00:00.0,Intermediário
2.23666,2.2489,2003-11-21 15:30:00.0,Intermediário
2.23504,2.24804,2003-11-21 16:00:00.0,Intermediário
2.23521,2.24744,2003-11-21 16:30:00.0,Fechamento Interbancário
2.24665,2.25124,2003-11-21 17:53:00.0,Fechamento
2.22592,2.24421,2003-11-24 09:48:00.0,Abertura
2.23108,2.24328,2003-11-24 10:00:00.0,Intermediário
2.23261,2.24557,2003-11-24 10:30:00.0,Intermediário
2.23574,2.24797,2003-11-24 11:00:00.0,Intermediário
2.23074,2.2437,2003-11-24 11:30:00.0,Intermediário
2.22506,2.23721,2003-11-24 12:00:00.0,Intermediário
2.22617,2.23833,2003-11-24 12:30:00.0,Intermediário
2.22151,2.23441,2003-11-24 13:00:00.0,Intermediário
2.2129,2.22498,2003-11-24 13:30:00.0,Intermediário
2.20686,2.21891,2003-11-24 14:00:00.0,Intermediário
2.20653,2.21858,2003-11-24 14:30:00.0,Intermediário
2.20101,2.21377,2003-11-24 15:01:00.0,Intermediário
2.20227,2.21428,2003-11-24 15:30:00.0,Intermediário
2.20503,2.21706,2003-11-24 16:00:00.0,Intermediário
2.20619,2.21824,2003-11-24 16:30:00.0,Fechamento Interbancário
2.2147,2.21921,2003-11-24 17:45:00.0,Fechamento
2.21139,2.22955,2003-11-25 09:39:00.0,Abertura
2.21425,2.2271,2003-11-25 10:00:00.0,Intermediário
2.21391,2.22599,2003-11-25 10:30:00.0,Intermediário
2.21324,2.22532,2003-11-25 11:00:00.0,Intermediário
2.21164,2.22371,2003-11-25 11:30:00.0,Intermediário
2.2161,2.2282,2003-11-25 12:00:00.0,Intermediário
2.22082,2.23219,2003-11-25 12:30:00.0,Intermediário
2.21973,2.23184,2003-11-25 13:00:00.0,Intermediário
2.2247,2.23685,2003-11-25 13:30:00.0,Intermediário
2.22335,2.2355,2003-11-25 14:00:00.0,Intermediário
2.22352,2.23567,2003-11-25 14:30:00.0,Intermediário
2.22302,2.23593,2003-11-25 15:00:00.0,Intermediário
2.22918,2.24211,2003-11-25 15:30:00.0,Intermediário
2.23045,2.24263,2003-11-25 16:00:00.0,Intermediário
2.23038,2.24331,2003-11-25 16:30:00.0,Fechamento Interbancário
2.2245,2.22905,2003-11-25 17:37:00.0,Fechamento
2.2265,2.24478,2003-11-26 09:41:00.0,Abertura
2.23234,2.24453,2003-11-26 10:00:00.0,Intermediário
2.23642,2.24864,2003-11-26 10:30:00.0,Intermediário
2.23592,2.24891,2003-11-26 11:00:00.0,Intermediário
2.23694,2.24915,2003-11-26 11:30:00.0,Intermediário
2.23676,2.24898,2003-11-26 12:00:00.0,Intermediário
2.24669,2.25897,2003-11-26 12:30:00.0,Intermediário
2.24933,2.2624,2003-11-26 13:00:00.0,Intermediário
2.2547,2.26779,2003-11-26 13:30:00.0,Intermediário
2.25037,2.26343,2003-11-26 14:00:00.0,Intermediário
2.25174,2.26482,2003-11-26 14:30:00.0,Intermediário
2.24998,2.26304,2003-11-26 15:00:00.0,Intermediário
2.25109,2.26339,2003-11-26 15:30:00.0,Intermediário
2.25272,2.26502,2003-11-26 16:00:00.0,Intermediário
2.25459,2.26691,2003-11-26 16:30:00.0,Fechamento Interbancário
2.24884,2.25342,2003-11-26 17:45:00.0,Fechamento
2.24795,2.26635,2003-11-27 09:57:00.0,Abertura
2.24804,2.26031,2003-11-27 10:00:00.0,Intermediário
2.2526,2.26413,2003-11-27 10:30:00.0,Intermediário
2.25185,2.26414,2003-11-27 11:00:00.0,Intermediário
2.24964,2.2627,2003-11-27 11:30:00.0,Intermediário
2.24907,2.26211,2003-11-27 12:00:00.0,Intermediário
2.24503,2.25728,2003-11-27 12:30:00.0,Intermediário
2.24636,2.25863,2003-11-27 13:00:00.0,Intermediário
2.24423,2.25647,2003-11-27 13:30:00.0,Intermediário
2.2444,2.25665,2003-11-27 14:00:00.0,Intermediário
2.2432,2.25545,2003-11-27 14:30:00.0,Intermediário
2.24141,2.25365,2003-11-27 15:00:00.0,Intermediário
2.24251,2.25476,2003-11-27 15:30:00.0,Intermediário
2.24337,2.25563,2003-11-27 16:00:00.0,Intermediário
2.24455,2.25605,2003-11-27 16:30:00.0,Fechamento Interbancário
2.25169,2.25627,2003-11-27 17:39:00.0,Fechamento
2.2738,2.29242,2003-11-28 09:39:00.0,Abertura
2.27026,2.28267,2003-11-28 10:00:00.0,Intermediário
2.26921,2.28083,2003-11-28 10:30:00.0,Intermediário
2.26089,2.27478,2003-11-28 11:00:00.0,Intermediário
2.25997,2.2731,2003-11-28 11:30:00.0,Intermediário
2.25754,2.26989,2003-11-28 12:00:00.0,Intermediário
2.26186,2.27422,2003-11-28 12:30:00.0,Intermediário
2.26598,2.27837,2003-11-28 13:00:00.0,Intermediário
2.26319,2.27557,2003-11-28 13:30:00.0,Intermediário
2.26007,2.27241,2003-11-28 14:00:00.0,Intermediário
2.26146,2.27381,2003-11-28 14:30:00.0,Intermediário
2.26255,2.2757,2003-11-28 15:00:00.0,Intermediário
2.26367,2.27605,2003-11-28 15:30:00.0,Intermediário
2.26287,2.27524,2003-11-28 16:00:00.0,Intermediário
2.26131,2.27367,2003-11-28 16:45:00.0,Fechamento Interbancário
2.26737,2.272,2003-11-28 18:50:00.0,Fechamento
2.25391,2.27238,2003-12-01 09:57:00.0,Abertura
2.25774,2.27084,2003-12-01 10:00:00.0,Intermediário
2.25555,2.26787,2003-12-01 10:30:00.0,Intermediário
2.24862,2.26244,2003-12-01 11:00:00.0,Intermediário
2.24908,2.26214,2003-12-01 11:30:00.0,Intermediário
2.24967,2.26197,2003-12-01 12:00:00.0,Intermediário
2.24369,2.25595,2003-12-01 12:30:00.0,Intermediário
2.24823,2.26053,2003-12-01 13:00:00.0,Intermediário
2.24357,2.25583,2003-12-01 13:30:00.0,Intermediário
2.2434,2.25566,2003-12-01 14:00:00.0,Intermediário
2.24288,2.25514,2003-12-01 14:30:00.0,Intermediário
2.24093,2.25317,2003-12-01 15:00:00.0,Intermediário
2.2399,2.25215,2003-12-01 15:30:00.0,Intermediário
2.23821,2.25044,2003-12-01 16:01:00.0,Intermediário
2.23908,2.25131,2003-12-01 16:36:00.0,Fechamento Interbancário
2.24955,2.25414,2003-12-01 17:46:00.0,Fechamento
2.22821,2.24651,2003-12-02 09:53:00.0,Abertura
2.22947,2.24166,2003-12-02 10:00:00.0,Intermediário
2.23194,2.24413,2003-12-02 10:30:00.0,Intermediário
2.23808,2.25031,2003-12-02 11:00:00.0,Intermediário
2.23791,2.2509,2003-12-02 11:30:00.0,Intermediário
2.2388,2.25181,2003-12-02 12:00:00.0,Intermediário
2.23555,2.24854,2003-12-02 12:30:00.0,Intermediário
2.24573,2.25799,2003-12-02 13:00:00.0,Intermediário
2.25013,2.26245,2003-12-02 13:30:00.0,Intermediário
2.25396,2.26628,2003-12-02 14:00:00.0,Intermediário
2.25065,2.26297,2003-12-02 14:30:00.0,Intermediário
2.24783,2.26013,2003-12-02 15:00:00.0,Intermediário
2.25015,2.26246,2003-12-02 15:30:00.0,Intermediário
2.25159,2.26392,2003-12-02 17:20:00.0,Intermediário
2.25177,2.26409,2003-12-02 17:21:00.0,Fechamento Interbancário
2.25384,2.25846,2003-12-02 17:40:00.0,Fechamento
2.25699,2.27552,2003-12-03 09:52:00.0,Abertura
2.25937,2.2725,2003-12-03 10:00:00.0,Intermediário
2.25617,2.26927,2003-12-03 10:30:00.0,Intermediário
2.25125,2.26434,2003-12-03 11:00:00.0,Intermediário
2.24843,2.26073,2003-12-03 11:30:00.0,Intermediário
2.24446,2.25672,2003-12-03 12:00:00.0,Intermediário
2.2448,2.25707,2003-12-03 12:30:00.0,Intermediário
2.24412,2.25637,2003-12-03 13:00:00.0,Intermediário
2.24601,2.25829,2003-12-03 13:30:00.0,Intermediário
2.24618,2.25846,2003-12-03 14:00:00.0,Intermediário
2.2467,2.25899,2003-12-03 14:30:00.0,Intermediário
2.24848,2.26155,2003-12-03 15:00:00.0,Intermediário
2.2495,2.26179,2003-12-03 15:30:00.0,Intermediário
2.25044,2.26197,2003-12-03 16:00:00.0,Intermediário
2.25054,2.26284,2003-12-03 16:30:00.0,Fechamento Interbancário
2.25143,2.25603,2003-12-03 17:37:00.0,Fechamento
2.23706,2.25541,2003-12-04 09:57:00.0,Abertura
2.23807,2.25105,2003-12-04 10:00:00.0,Intermediário
2.24368,2.25593,2003-12-04 10:30:00.0,Intermediário
2.2424,2.25541,2003-12-04 11:00:00.0,Intermediário
2.24178,2.25402,2003-12-04 11:30:00.0,Intermediário
2.2501,2.2624,2003-12-04 12:00:00.0,Intermediário
2.2513,2.2636,2003-12-04 12:30:00.0,Intermediário
2.25,2.2623,2003-12-04 13:00:00.0,Intermediário
2.24554,2.25778,2003-12-04 13:30:00.0,Intermediário
2.23594,2.24814,2003-12-04 14:00:00.0,Intermediário
2.23509,2.24729,2003-12-04 14:30:00.0,Intermediário
2.23467,2.24686,2003-12-04 15:00:00.0,Intermediário
2.23331,2.24549,2003-12-04 15:30:00.0,Intermediário
2.23601,2.24898,2003-12-04 16:00:00.0,Intermediário
2.23892,2.25112,2003-12-04 16:30:00.0,Fechamento Interbancário
2.23952,2.24409,2003-12-04 17:41:00.0,Fechamento
2.24267,2.26104,2003-12-05 09:47:00.0,Abertura
2.24829,2.26057,2003-12-05 10:00:00.0,Intermediário
2.25142,2.2637,2003-12-05 10:30:00.0,Intermediário
2.25004,2.26232,2003-12-05 11:00:00.0,Intermediário
2.2513,2.2636,2003-12-05 11:32:00.0,Intermediário
2.24326,2.25551,2003-12-05 12:04:00.0,Intermediário
2.24172,2.25472,2003-12-05 12:30:00.0,Intermediário
2.24326,2.25551,2003-12-05 13:00:00.0,Intermediário
2.24446,2.25672,2003-12-05 13:30:00.0,Intermediário
2.24309,2.25533,2003-12-05 14:00:00.0,Intermediário
2.24446,2.25672,2003-12-05 14:30:00.0,Intermediário
2.24472,2.25699,2003-12-05 15:00:00.0,Intermediário
2.24497,2.25724,2003-12-05 15:30:00.0,Intermediário
2.24207,2.25508,2003-12-05 16:00:00.0,Intermediário
2.24738,2.25967,2003-12-05 16:30:00.0,Fechamento Interbancário
2.24944,2.25402,2003-12-05 17:41:00.0,Fechamento
2.24429,2.26269,2003-12-08 09:46:00.0,Abertura
2.24753,2.26059,2003-12-08 10:00:00.0,Intermediário
2.24874,2.2618,2003-12-08 10:30:00.0,Intermediário
2.25422,2.26653,2003-12-08 11:00:00.0,Intermediário
2.2536,2.26591,2003-12-08 11:30:00.0,Intermediário
2.25284,2.26514,2003-12-08 12:00:00.0,Intermediário
2.25207,2.26437,2003-12-08 12:30:00.0,Intermediário
2.25046,2.26276,2003-12-08 13:00:00.0,Intermediário
2.25115,2.26345,2003-12-08 13:30:00.0,Intermediário
2.2522,2.2645,2003-12-08 14:00:00.0,Intermediário
2.25445,2.26677,2003-12-08 14:30:00.0,Intermediário
2.26102,2.27338,2003-12-08 15:00:00.0,Intermediário
2.26208,2.27443,2003-12-08 15:30:00.0,Intermediário
2.25955,2.2719,2003-12-08 16:00:00.0,Intermediário
2.25963,2.27197,2003-12-08 16:30:00.0,Fechamento Interbancário
2.26514,2.26978,2003-12-08 17:39:00.0,Fechamento
2.2569,2.27541,2003-12-09 09:57:00.0,Abertura
2.25928,2.27241,2003-12-09 10:00:00.0,Intermediário
2.25707,2.26941,2003-12-09 10:30:00.0,Intermediário
2.25422,2.26655,2003-12-09 11:08:00.0,Intermediário
2.25371,2.26603,2003-12-09 11:30:00.0,Intermediário
2.25063,2.26294,2003-12-09 12:00:00.0,Intermediário
2.2477,2.25998,2003-12-09 12:30:00.0,Intermediário
2.24372,2.256,2003-12-09 13:00:00.0,Intermediário
2.23311,2.24531,2003-12-09 13:30:00.0,Intermediário
2.22681,2.23898,2003-12-09 14:00:00.0,Intermediário
2.23175,2.24393,2003-12-09 14:30:00.0,Intermediário
2.23497,2.24718,2003-12-09 15:02:00.0,Intermediário
2.23216,2.24434,2003-12-09 15:34:00.0,Intermediário
2.23225,2.24443,2003-12-09 16:00:00.0,Intermediário
2.23242,2.2446,2003-12-09 16:32:00.0,Fechamento Interbancário
2.24284,2.24741,2003-12-09 17:43:00.0,Fechamento
2.23608,2.25442,2003-12-10 09:55:00.0,Abertura
2.23947,2.2517,2003-12-10 10:00:00.0,Intermediário
2.23343,2.24637,2003-12-10 10:30:00.0,Intermediário
2.23919,2.25141,2003-12-10 11:00:00.0,Intermediário
2.24225,2.25373,2003-12-10 11:30:00.0,Intermediário
2.24259,2.25407,2003-12-10 12:00:00.0,Intermediário
2.24217,2.25442,2003-12-10 12:30:00.0,Intermediário
2.24287,2.25511,2003-12-10 13:00:00.0,Intermediário
2.23945,2.25168,2003-12-10 13:30:00.0,Intermediário
2.24133,2.25358,2003-12-10 14:00:00.0,Intermediário
2.24202,2.25427,2003-12-10 14:30:00.0,Intermediário
2.24651,2.25801,2003-12-10 15:00:00.0,Intermediário
2.24499,2.25724,2003-12-10 15:30:00.0,Intermediário
2.24647,2.25873,2003-12-10 16:00:00.0,Intermediário
2.24775,2.26001,2003-12-10 16:30:00.0,Fechamento Interbancário
2.24923,2.2538,2003-12-10 17:41:00.0,Fechamento
2.21594,2.23409,2003-12-11 09:52:00.0,Abertura
2.22063,2.23273,2003-12-11 10:00:00.0,Intermediário
2.21761,2.23046,2003-12-11 10:30:00.0,Intermediário
2.22392,2.23603,2003-12-11 11:00:00.0,Intermediário
2.2208,2.2329,2003-12-11 11:30:00.0,Intermediário
2.21327,2.22533,2003-12-11 12:00:00.0,Intermediário
2.20869,2.22073,2003-12-11 12:30:00.0,Intermediário
2.20911,2.22115,2003-12-11 13:00:00.0,Intermediário
2.21336,2.22466,2003-12-11 13:30:00.0,Intermediário
2.20936,2.22065,2003-12-11 14:00:00.0,Intermediário
2.21052,2.22182,2003-12-11 14:30:00.0,Intermediário
2.21143,2.22348,2003-12-11 15:00:00.0,Intermediário
2.21127,2.22331,2003-12-11 15:30:00.0,Intermediário
2.20793,2.21996,2003-12-11 16:01:00.0,Intermediário
2.20843,2.22046,2003-12-11 16:41:00.0,Fechamento Interbancário
2.22644,2.23096,2003-12-11 17:37:00.0,Fechamento
2.22672,2.24495,2003-12-12 09:58:00.0,Abertura
2.23085,2.24301,2003-12-12 10:00:00.0,Intermediário
2.23666,2.24963,2003-12-12 10:30:00.0,Intermediário
2.23691,2.24912,2003-12-12 11:00:00.0,Intermediário
2.23594,2.24814,2003-12-12 11:30:00.0,Intermediário
2.23161,2.24378,2003-12-12 12:00:00.0,Intermediário
2.2311,2.24327,2003-12-12 12:30:00.0,Intermediário
2.23636,2.24856,2003-12-12 13:00:00.0,Intermediário
2.22975,2.2419,2003-12-12 13:30:00.0,Intermediário
2.22788,2.24003,2003-12-12 14:00:00.0,Intermediário
2.22552,2.23766,2003-12-12 14:30:00.0,Intermediário
2.23102,2.24319,2003-12-12 15:00:00.0,Intermediário
2.22933,2.24148,2003-12-12 15:30:00.0,Intermediário
2.22453,2.23665,2003-12-12 16:00:00.0,Intermediário
2.22512,2.23725,2003-12-12 16:30:00.0,Fechamento Interbancário
2.23112,2.23566,2003-12-12 18:00:00.0,Fechamento
2.21452,2.23266,2003-12-15 09:58:00.0,Abertura
2.21804,2.22937,2003-12-15 10:00:00.0,Intermediário
2.2115,2.22357,2003-12-15 10:30:00.0,Intermediário
2.21653,2.22862,2003-12-15 11:00:00.0,Intermediário
2.21443,2.22651,2003-12-15 11:30:00.0,Intermediário
2.22268,2.23404,2003-12-15 12:00:00.0,Intermediário
2.21711,2.22922,2003-12-15 12:30:00.0,Intermediário
2.22268,2.23481,2003-12-15 13:00:00.0,Intermediário
2.22301,2.23515,2003-12-15 13:30:00.0,Intermediário
2.22133,2.23345,2003-12-15 14:00:00.0,Intermediário
2.22251,2.23464,2003-12-15 14:30:00.0,Intermediário
2.21863,2.23074,2003-12-15 15:00:00.0,Intermediário
2.22031,2.23167,2003-12-15 15:30:00.0,Intermediário
2.21982,2.23194,2003-12-15 16:00:00.0,Intermediário
2.21921,2.23134,2003-12-15 16:30:00.0,Fechamento Interbancário
2.2274,2.23195,2003-12-15 17:53:00.0,Fechamento
2.20802,2.22616,2003-12-16 09:58:00.0,Abertura
2.21122,2.22329,2003-12-16 10:00:00.0,Intermediário
2.2161,2.22743,2003-12-16 10:30:00.0,Intermediário
2.21241,2.22448,2003-12-16 11:00:00.0,Intermediário
2.21326,2.22533,2003-12-16 11:30:00.0,Intermediário
2.21242,2.22524,2003-12-16 12:00:00.0,Intermediário
2.21527,2.22735,2003-12-16 12:30:00.0,Intermediário
2.21284,2.2249,2003-12-16 13:00:00.0,Intermediário
2.21343,2.22549,2003-12-16 13:30:00.0,Intermediário
2.21745,2.22956,2003-12-16 14:00:00.0,Intermediário
2.22285,2.23498,2003-12-16 14:30:00.0,Intermediário
2.21585,2.22795,2003-12-16 15:00:00.0,Intermediário
2.21753,2.22887,2003-12-16 15:30:00.0,Intermediário
2.21117,2.22323,2003-12-16 16:00:00.0,Intermediário
2.20843,2.22046,2003-12-16 16:30:00.0,Fechamento Interbancário
2.20829,2.21276,2003-12-16 17:43:00.0,Fechamento
2.19858,2.21658,2003-12-17 09:58:00.0,Abertura
2.20174,2.21374,2003-12-17 10:00:00.0,Intermediário
2.19959,2.21157,2003-12-17 10:30:00.0,Intermediário
2.19714,2.20911,2003-12-17 11:00:00.0,Intermediário
2.19707,2.20903,2003-12-17 11:33:00.0,Intermediário
2.19971,2.21169,2003-12-17 12:00:00.0,Intermediário
2.2037,2.21571,2003-12-17 12:34:00.0,Intermediário
2.19921,2.21119,2003-12-17 13:00:00.0,Intermediário
2.20867,2.22071,2003-12-17 14:00:00.0,Intermediário
2.20883,2.22088,2003-12-17 14:30:00.0,Intermediário
2.20708,2.21911,2003-12-17 15:00:00.0,Intermediário
2.20716,2.2192,2003-12-17 15:30:00.0,Intermediário
2.20491,2.21693,2003-12-17 16:00:00.0,Intermediário
2.20359,2.21559,2003-12-17 16:30:00.0,Fechamento Interbancário
2.21089,2.21536,2003-12-17 17:38:00.0,Fechamento
2.19775,2.21578,2003-12-18 09:54:00.0,Abertura
2.19902,2.21101,2003-12-18 10:00:00.0,Intermediário
2.2016,2.2136,2003-12-18 10:30:00.0,Intermediário
2.20094,2.21218,2003-12-18 11:00:00.0,Intermediário
2.20055,2.21253,2003-12-18 11:30:00.0,Intermediário
2.19417,2.20613,2003-12-18 12:00:00.0,Intermediário
2.19639,2.20835,2003-12-18 12:30:00.0,Intermediário
2.1978,2.20977,2003-12-18 13:00:00.0,Intermediário
2.1983,2.21027,2003-12-18 13:30:00.0,Intermediário
2.19813,2.2101,2003-12-18 14:00:00.0,Intermediário
2.20209,2.21411,2003-12-18 14:30:00.0,Intermediário
2.19995,2.21194,2003-12-18 15:00:00.0,Intermediário
2.1963,2.20902,2003-12-18 15:30:00.0,Intermediário
2.19729,2.21002,2003-12-18 16:00:00.0,Intermediário
2.19797,2.20994,2003-12-18 16:30:00.0,Fechamento Interbancário
2.20223,2.2067,2003-12-18 17:51:00.0,Fechamento
2.18296,2.20085,2003-12-19 09:59:00.0,Abertura
2.18925,2.20117,2003-12-19 10:00:00.0,Intermediário
2.19185,2.2038,2003-12-19 10:30:00.0,Intermediário
2.18561,2.19751,2003-12-19 11:00:00.0,Intermediário
2.1838,2.19569,2003-12-19 11:30:00.0,Intermediário
2.18222,2.1941,2003-12-19 12:00:00.0,Intermediário
2.18591,2.19782,2003-12-19 12:30:00.0,Intermediário
2.18608,2.19723,2003-12-19 13:00:00.0,Intermediário
2.18264,2.19377,2003-12-19 13:30:00.0,Intermediário
2.18182,2.19295,2003-12-19 14:00:00.0,Intermediário
2.17598,2.18707,2003-12-19 14:30:00.0,Intermediário
2.17802,2.18913,2003-12-19 15:00:00.0,Intermediário
2.17981,2.19093,2003-12-19 15:30:00.0,Intermediário
2.1767,2.18779,2003-12-19 16:00:00.0,Intermediário
2.17829,2.18941,2003-12-19 16:30:00.0,Fechamento Interbancário
2.18503,2.18945,2003-12-19 17:50:00.0,Fechamento
2.18104,2.19892,2003-12-22 10:04:00.0,Abertura
2.18104,2.19892,2003-12-22 10:05:00.0,Intermediário
2.18354,2.19542,2003-12-22 10:30:00.0,Intermediário
2.18428,2.19692,2003-12-22 11:00:00.0,Intermediário
2.18701,2.19893,2003-12-22 11:30:00.0,Intermediário
2.1854,2.19731,2003-12-22 12:00:00.0,Intermediário
2.18769,2.20037,2003-12-22 12:30:00.0,Intermediário
2.19016,2.20209,2003-12-22 13:00:00.0,Intermediário
2.19082,2.20275,2003-12-22 13:30:00.0,Intermediário
2.19066,2.20258,2003-12-22 14:00:00.0,Intermediário
2.18933,2.20126,2003-12-22 14:30:00.0,Intermediário
2.18849,2.20042,2003-12-22 15:00:00.0,Intermediário
2.19021,2.2029,2003-12-22 15:30:00.0,Intermediário
2.18698,2.19814,2003-12-22 16:00:00.0,Intermediário
2.18806,2.19998,2003-12-22 16:30:00.0,Fechamento Interbancário
2.19292,2.19738,2003-12-22 17:49:00.0,Fechamento
2.18984,2.20782,2003-12-23 09:54:00.0,Abertura
2.19301,2.20422,2003-12-23 10:00:00.0,Intermediário
2.19275,2.20623,2003-12-23 10:30:00.0,Intermediário
2.19574,2.20921,2003-12-23 11:00:00.0,Intermediário
2.19574,2.2077,2003-12-23 11:30:00.0,Intermediário
2.19838,2.21037,2003-12-23 12:00:00.0,Intermediário
2.19285,2.20558,2003-12-23 12:30:00.0,Intermediário
2.19386,2.20508,2003-12-23 13:00:00.0,Intermediário
2.19403,2.20524,2003-12-23 13:30:00.0,Intermediário
2.19486,2.20608,2003-12-23 14:00:00.0,Intermediário
2.19668,2.20792,2003-12-23 14:30:00.0,Intermediário
2.19217,2.20414,2003-12-23 15:00:00.0,Intermediário
2.19449,2.20646,2003-12-23 15:30:00.0,Intermediário
2.18989,2.20186,2003-12-23 16:00:00.0,Intermediário
2.19489,2.20686,2003-12-23 16:30:00.0,Fechamento Interbancário
2.20768,2.21217,2003-12-23 17:39:00.0,Fechamento
2.19725,2.21534,2003-12-24 09:54:00.0,Abertura
2.20222,2.21424,2003-12-24 10:00:00.0,Intermediário
2.20331,2.21458,2003-12-24 10:30:00.0,Intermediário
2.20121,2.21323,2003-12-24 11:00:00.0,Intermediário
2.20087,2.21289,2003-12-24 11:30:00.0,Intermediário
2.20339,2.21542,2003-12-24 12:00:00.0,Fechamento Interbancário
2.20699,2.21149,2003-12-24 12:09:00.0,Fechamento
2.20865,2.22685,2003-12-26 09:58:00.0,Abertura
2.2117,2.22379,2003-12-26 10:00:00.0,Intermediário
2.20552,2.21835,2003-12-26 10:30:00.0,Intermediário
2.20552,2.21682,2003-12-26 11:00:00.0,Intermediário
2.20662,2.21869,2003-12-26 11:30:00.0,Intermediário
2.20527,2.21733,2003-12-26 12:00:00.0,Intermediário
2.20956,2.22164,2003-12-26 12:30:00.0,Intermediário
2.21685,2.22975,2003-12-26 13:00:00.0,Intermediário
2.21651,2.22941,2003-12-26 13:30:00.0,Intermediário
2.2155,2.22838,2003-12-26 14:00:00.0,Intermediário
2.21617,2.22907,2003-12-26 14:30:00.0,Intermediário
2.21381,2.22667,2003-12-26 15:00:00.0,Intermediário
2.21024,2.22232,2003-12-26 15:30:00.0,Intermediário
2.21007,2.22215,2003-12-26 16:00:00.0,Intermediário
2.20838,2.22047,2003-12-26 16:30:00.0,Fechamento Interbancário
2.21512,2.21964,2003-12-26 17:42:00.0,Fechamento
2.21533,2.23358,2003-12-29 09:57:00.0,Abertura
2.21659,2.22948,2003-12-29 10:00:00.0,Intermediário
2.21847,2.23136,2003-12-29 10:30:00.0,Intermediário
2.21558,2.22769,2003-12-29 11:00:00.0,Intermediário
2.21396,2.22607,2003-12-29 11:30:00.0,Intermediário
2.21074,2.2236,2003-12-29 12:00:00.0,Intermediário
2.20431,2.21638,2003-12-29 12:30:00.0,Intermediário
2.19258,2.20458,2003-12-29 13:00:00.0,Intermediário
2.19292,2.20491,2003-12-29 13:30:00.0,Intermediário
2.19091,2.20289,2003-12-29 14:00:00.0,Intermediário
2.19258,2.20458,2003-12-29 14:30:00.0,Intermediário
2.18378,2.19573,2003-12-29 15:00:00.0,Intermediário
2.1858,2.19777,2003-12-29 15:30:00.0,Intermediário
2.18253,2.19374,2003-12-29 16:00:00.0,Intermediário
2.17918,2.19112,2003-12-29 16:30:00.0,Fechamento Interbancário
2.20107,2.20558,2003-12-29 17:40:00.0,Fechamento
2.17596,2.19398,2003-12-30 09:52:00.0,Abertura
2.18913,2.20187,2003-12-30 10:00:00.0,Intermediário
2.18811,2.20084,2003-12-30 10:30:00.0,Intermediário
2.18754,2.20026,2003-12-30 11:00:00.0,Intermediário
2.19494,2.20848,2003-12-30 11:30:00.0,Intermediário
2.20084,2.21366,2003-12-30 12:00:00.0,Intermediário
2.20786,2.21994,2003-12-30 12:30:00.0,Intermediário
2.20896,2.22105,2003-12-30 13:00:00.0,Intermediário
2.2071,2.21919,2003-12-30 13:30:00.0,Intermediário
2.20795,2.22002,2003-12-30 14:00:00.0,Intermediário
2.20931,2.22139,2003-12-30 14:30:00.0,Intermediário
2.21396,2.22685,2003-12-30 15:00:00.0,Intermediário
2.22785,2.24082,2003-12-30 15:30:00.0,Intermediário
2.23542,2.24766,2003-12-30 16:00:00.0,Intermediário
2.24071,2.25297,2003-12-30 16:30:00.0,Fechamento Interbancário
2.22913,2.23372,2003-12-30 17:38:00.0,Fechamento
2.22786,2.23915,2003-12-31 09:40:00.0,Abertura
2.23132,2.24261,2003-12-31 10:00:00.0,Intermediário
2.23287,2.24418,2003-12-31 10:30:00.0,Intermediário
2.24016,2.25151,2003-12-31 11:00:00.0,Intermediário
2.24242,2.25379,2003-12-31 11:30:00.0,Fechamento Interbancário
2.23935,2.24393,2003-12-31 12:20:00.0,Fechamento
