cotacaoCompra,cotacaoVenda,dataHoraCotacao,tipoBoletim
1.7915,1.80235,2008-01-02 09:24:00.0,Abertura
1.79511,1.79813,2008-01-02 09:30:00.0,Intermediário
1.79648,1.79941,2008-01-02 10:00:00.0,Intermediário
1.79859,1.80135,2008-01-02 10:30:00.0,Intermediário
1.79171,1.79464,2008-01-02 11:00:00.0,Intermediário
1.78698,1.78991,2008-01-02 11:30:00.0,Intermediário
1.7829,1.786,2008-01-02 12:00:00.0,Intermediário
1.77596,1.77816,2008-01-02 12:30:00.0,Intermediário
1.78013,1.78341,2008-01-02 13:00:00.0,Intermediário
1.7787,1.78143,2008-01-02 13:30:00.0,Intermediário
1.77209,1.77481,2008-01-02 14:00:00.0,Intermediário
1.77613,1.77872,2008-01-02 14:30:00.0,Intermediário
1.78019,1.78248,2008-01-02 15:00:00.0,Intermediário
1.78535,1.78796,2008-01-02 15:30:00.0,Intermediário
1.78781,1.79037,2008-01-02 16:00:00.0,Intermediário
1.78863,1.79046,2008-01-02 16:30:00.0,Fechamento Interbancário
1.78803,1.78965,2008-01-02 17:33:00.0,Fechamento
1.77103,1.78162,2008-01-03 09:20:00.0,Abertura
1.77067,1.77392,2008-01-03 09:30:00.0,Intermediário
1.77392,1.77664,2008-01-03 10:00:00.0,Intermediário
1.77032,1.77257,2008-01-03 10:30:00.0,Intermediário
1.77402,1.77684,2008-01-03 11:00:00.0,Intermediário
1.77176,1.77493,2008-01-03 11:30:00.0,Intermediário
1.77332,1.77596,2008-01-03 12:00:00.0,Intermediário
1.77514,1.77704,2008-01-03 12:30:00.0,Intermediário
1.77446,1.77827,2008-01-03 13:00:00.0,Intermediário
1.77325,1.77652,2008-01-03 13:30:00.0,Intermediário
1.77075,1.77401,2008-01-03 14:00:00.0,Intermediário
1.76945,1.77218,2008-01-03 14:30:00.0,Intermediário
1.76643,1.7688,2008-01-03 15:00:00.0,Intermediário
1.76762,1.77063,2008-01-03 15:30:00.0,Intermediário
1.77211,1.77393,2008-01-03 16:00:00.0,Intermediário
1.77149,1.77304,2008-01-03 16:30:00.0,Fechamento Interbancário
1.77563,1.77698,2008-01-03 17:39:00.0,Fechamento
1.75948,1.77064,2008-01-04 09:21:00.0,Abertura
1.76304,1.76595,2008-01-04 09:30:00.0,Intermediário
1.7653,1.76822,2008-01-04 10:00:00.0,Intermediário
1.76375,1.76631,2008-01-04 10:30:00.0,Intermediário
1.76536,1.7681,2008-01-04 11:00:00.0,Intermediário
1.75689,1.7712,2008-01-04 11:30:00.0,Intermediário
1.77501,1.77839,2008-01-04 12:00:00.0,Intermediário
1.77086,1.77369,2008-01-04 12:30:00.0,Intermediário
1.76791,1.77099,2008-01-04 13:00:00.0,Intermediário
1.75418,1.75705,2008-01-04 13:30:00.0,Intermediário
1.74928,1.7518,2008-01-04 14:00:00.0,Intermediário
1.75242,1.7553,2008-01-04 14:30:00.0,Intermediário
1.76267,1.76529,2008-01-04 15:00:00.0,Intermediário
1.75454,1.75733,2008-01-04 15:30:00.0,Intermediário
1.7502,1.75307,2008-01-04 16:00:00.0,Intermediário
1.75382,1.75588,2008-01-04 16:30:00.0,Fechamento Interbancário
1.75642,1.75828,2008-01-04 17:33:00.0,Fechamento
1.74329,1.75362,2008-01-07 09:16:00.0,Abertura
1.74455,1.74706,2008-01-07 09:30:00.0,Intermediário
1.7482,1.7509,2008-01-07 10:00:00.0,Intermediário
1.75489,1.75742,2008-01-07 10:30:00.0,Intermediário
1.76253,1.76471,2008-01-07 11:00:00.0,Intermediário
1.766,1.76906,2008-01-07 11:30:00.0,Intermediário
1.76424,1.76612,2008-01-07 12:00:00.0,Intermediário
1.76241,1.76547,2008-01-07 12:30:00.0,Intermediário
1.76559,1.76794,2008-01-07 13:00:00.0,Intermediário
1.76119,1.76406,2008-01-07 13:30:00.0,Intermediário
1.75695,1.75948,2008-01-07 14:00:00.0,Intermediário
1.75749,1.76044,2008-01-07 14:30:00.0,Intermediário
1.75868,1.76181,2008-01-07 15:00:00.0,Intermediário
1.75672,1.75967,2008-01-07 15:30:00.0,Intermediário
1.75477,1.75744,2008-01-07 16:00:00.0,Intermediário
1.75301,1.75453,2008-01-07 16:30:00.0,Fechamento Interbancário
1.75669,1.75801,2008-01-07 17:41:00.0,Fechamento
1.74915,1.76018,2008-01-08 09:11:00.0,Abertura
1.75442,1.75677,2008-01-08 09:33:00.0,Intermediário
1.75412,1.75665,2008-01-08 10:00:00.0,Intermediário
1.75256,1.75526,2008-01-08 10:30:00.0,Intermediário
1.75169,1.75428,2008-01-08 11:00:00.0,Intermediário
1.75307,1.75577,2008-01-08 11:30:00.0,Intermediário
1.7482,1.75057,2008-01-08 12:00:00.0,Intermediário
1.75034,1.75177,2008-01-08 12:30:00.0,Intermediário
1.75156,1.75282,2008-01-08 13:00:00.0,Intermediário
1.75604,1.75773,2008-01-08 13:30:00.0,Intermediário
1.75463,1.75651,2008-01-08 14:00:00.0,Intermediário
1.7527,1.75514,2008-01-08 14:30:00.0,Intermediário
1.75793,1.76064,2008-01-08 15:00:00.0,Intermediário
1.75829,1.76117,2008-01-08 15:30:00.0,Intermediário
1.75912,1.76218,2008-01-08 16:00:00.0,Intermediário
1.75903,1.76091,2008-01-08 16:30:00.0,Fechamento Interbancário
1.75364,1.75531,2008-01-08 17:39:00.0,Fechamento
1.74848,1.75931,2008-01-09 09:18:00.0,Abertura
1.7492,1.75206,2008-01-09 09:30:00.0,Intermediário
1.75199,1.75503,2008-01-09 10:00:00.0,Intermediário
1.75116,1.75428,2008-01-09 10:30:00.0,Intermediário
1.75082,1.75404,2008-01-09 11:00:00.0,Intermediário
1.75369,1.75637,2008-01-09 11:30:00.0,Intermediário
1.75711,1.75979,2008-01-09 12:00:00.0,Intermediário
1.7502,1.7527,2008-01-09 12:30:00.0,Intermediário
1.75106,1.75336,2008-01-09 13:00:00.0,Intermediário
1.75077,1.75345,2008-01-09 13:30:00.0,Intermediário
1.75112,1.75397,2008-01-09 14:00:00.0,Intermediário
1.75548,1.75726,2008-01-09 14:30:00.0,Intermediário
1.75753,1.76039,2008-01-09 15:00:00.0,Intermediário
1.75345,1.75505,2008-01-09 15:30:00.0,Intermediário
1.75315,1.75449,2008-01-09 16:00:00.0,Intermediário
1.75154,1.75287,2008-01-09 16:30:00.0,Fechamento Interbancário
1.75183,1.75297,2008-01-09 17:55:00.0,Fechamento
1.74556,1.75601,2008-01-10 09:21:00.0,Abertura
1.74831,1.75117,2008-01-10 09:30:00.0,Intermediário
1.75266,1.75535,2008-01-10 10:00:00.0,Intermediário
1.75079,1.75348,2008-01-10 10:30:00.0,Intermediário
1.74473,1.74749,2008-01-10 11:00:00.0,Intermediário
1.74252,1.74506,2008-01-10 11:31:00.0,Intermediário
1.74664,1.74815,2008-01-10 12:00:00.0,Intermediário
1.74415,1.74716,2008-01-10 12:30:00.0,Intermediário
1.74252,1.7457,2008-01-10 13:00:00.0,Intermediário
1.74111,1.74394,2008-01-10 13:30:00.0,Intermediário
1.73896,1.74171,2008-01-10 14:00:00.0,Intermediário
1.73545,1.73844,2008-01-10 14:30:00.0,Intermediário
1.73814,1.74097,2008-01-10 15:00:00.0,Intermediário
1.74336,1.74655,2008-01-10 15:30:00.0,Intermediário
1.74266,1.74586,2008-01-10 16:00:00.0,Intermediário
1.73793,1.74094,2008-01-10 16:30:00.0,Fechamento Interbancário
1.74386,1.74569,2008-01-10 17:41:00.0,Fechamento
1.73582,1.74676,2008-01-11 09:19:00.0,Abertura
1.73827,1.74111,2008-01-11 09:30:00.0,Intermediário
1.72296,1.74408,2008-01-11 10:00:00.0,Intermediário
1.72566,1.72847,2008-01-11 10:31:00.0,Intermediário
1.72272,1.72552,2008-01-11 11:00:00.0,Intermediário
1.72417,1.72778,2008-01-11 11:30:00.0,Intermediário
1.72174,1.72437,2008-01-11 12:00:00.0,Intermediário
1.71731,1.71995,2008-01-11 12:30:00.0,Intermediário
1.71613,1.7186,2008-01-11 13:00:00.0,Intermediário
1.71815,1.72028,2008-01-11 13:30:00.0,Intermediário
1.71714,1.71961,2008-01-11 14:00:00.0,Intermediário
1.71832,1.7213,2008-01-11 14:30:00.0,Intermediário
1.7142,1.71585,2008-01-11 15:00:00.0,Intermediário
1.71673,1.7181,2008-01-11 15:30:00.0,Intermediário
1.71302,1.71583,2008-01-11 16:00:00.0,Intermediário
1.7151,1.71774,2008-01-11 16:30:00.0,Fechamento Interbancário
1.72079,1.72226,2008-01-11 17:41:00.0,Fechamento
1.71426,1.72444,2008-01-14 09:21:00.0,Abertura
1.71721,1.71986,2008-01-14 09:30:00.0,Intermediário
1.71749,1.7203,2008-01-14 10:00:00.0,Intermediário
1.71437,1.71684,2008-01-14 10:30:00.0,Intermediário
1.71005,1.71235,2008-01-14 11:00:00.0,Intermediário
1.71033,1.71182,2008-01-14 11:30:00.0,Intermediário
1.70991,1.71263,2008-01-14 12:00:00.0,Intermediário
1.70945,1.71209,2008-01-14 12:30:00.0,Intermediário
1.70681,1.70837,2008-01-14 13:00:00.0,Intermediário
1.70698,1.7083,2008-01-14 13:30:00.0,Intermediário
1.7053,1.70696,2008-01-14 14:00:00.0,Intermediário
1.70413,1.7057,2008-01-14 14:30:00.0,Intermediário
1.69784,1.69965,2008-01-14 15:00:00.0,Intermediário
1.69948,1.70236,2008-01-14 15:30:00.0,Intermediário
1.70083,1.70215,2008-01-14 16:00:00.0,Intermediário
1.70158,1.7034,2008-01-14 16:30:00.0,Fechamento Interbancário
1.70806,1.70969,2008-01-14 17:52:00.0,Fechamento
1.70359,1.71395,2008-01-15 09:21:00.0,Abertura
1.70717,1.70981,2008-01-15 09:30:00.0,Intermediário
1.70907,1.71189,2008-01-15 10:00:00.0,Intermediário
1.71088,1.71403,2008-01-15 10:30:00.0,Intermediário
1.70953,1.71127,2008-01-15 11:00:00.0,Intermediário
1.70413,1.71282,2008-01-15 11:30:00.0,Intermediário
1.7144,1.71704,2008-01-15 12:00:00.0,Intermediário
1.71476,1.71741,2008-01-15 12:30:00.0,Intermediário
1.7088,1.71195,2008-01-15 13:00:00.0,Intermediário
1.70461,1.70725,2008-01-15 13:30:00.0,Intermediário
1.7078,1.7106,2008-01-15 14:00:00.0,Intermediário
1.7083,1.71077,2008-01-15 14:30:00.0,Intermediário
1.72092,1.72348,2008-01-15 15:00:00.0,Intermediário
1.71266,1.71546,2008-01-15 15:30:00.0,Intermediário
1.71807,1.72105,2008-01-15 16:00:00.0,Intermediário
1.72241,1.72514,2008-01-15 16:30:00.0,Fechamento Interbancário
1.71572,1.71727,2008-01-15 17:42:00.0,Fechamento
1.72094,1.73137,2008-01-16 09:19:00.0,Abertura
1.72395,1.72683,2008-01-16 09:30:00.0,Intermediário
1.72484,1.72747,2008-01-16 10:00:00.0,Intermediário
1.72158,1.72429,2008-01-16 10:30:00.0,Intermediário
1.7233,1.72609,2008-01-16 11:00:00.0,Intermediário
1.72485,1.72858,2008-01-16 11:30:00.0,Intermediário
1.72878,1.73269,2008-01-16 12:00:00.0,Intermediário
1.72718,1.72955,2008-01-16 12:30:00.0,Intermediário
1.72536,1.7285,2008-01-16 13:00:00.0,Intermediário
1.72316,1.72571,2008-01-16 13:30:00.0,Intermediário
1.71593,1.71872,2008-01-16 14:00:00.0,Intermediário
1.71752,1.72023,2008-01-16 14:30:00.0,Intermediário
1.72737,1.73,2008-01-16 15:00:00.0,Intermediário
1.727,1.72979,2008-01-16 15:30:00.0,Intermediário
1.72713,1.72942,2008-01-16 16:00:00.0,Intermediário
1.72848,1.73145,2008-01-16 16:30:00.0,Fechamento Interbancário
1.71989,1.72168,2008-01-16 17:40:00.0,Fechamento
1.72353,1.73399,2008-01-17 09:57:00.0,Abertura
1.72205,1.72485,2008-01-17 10:00:00.0,Intermediário
1.72104,1.72333,2008-01-17 10:17:00.0,Intermediário
1.72889,1.73186,2008-01-17 10:30:00.0,Intermediário
1.72599,1.72854,2008-01-17 11:00:00.0,Intermediário
1.72293,1.72707,2008-01-17 11:30:00.0,Intermediário
1.7223,1.7251,2008-01-17 12:00:00.0,Intermediário
1.72073,1.72353,2008-01-17 12:30:00.0,Intermediário
1.72082,1.72395,2008-01-17 13:00:00.0,Intermediário
1.71487,1.71782,2008-01-17 13:30:00.0,Intermediário
1.71454,1.71732,2008-01-17 14:00:00.0,Intermediário
1.7127,1.71582,2008-01-17 14:30:00.0,Intermediário
1.72616,1.72878,2008-01-17 15:00:00.0,Intermediário
1.7363,1.73909,2008-01-17 15:30:00.0,Intermediário
1.7341,1.73655,2008-01-17 16:00:00.0,Intermediário
1.73723,1.74002,2008-01-17 16:30:00.0,Fechamento Interbancário
1.72058,1.7222,2008-01-17 17:56:00.0,Fechamento
1.73206,1.74248,2008-01-18 09:20:00.0,Abertura
1.73498,1.73761,2008-01-18 09:30:00.0,Intermediário
1.73888,1.74134,2008-01-18 10:00:00.0,Intermediário
1.73269,1.73557,2008-01-18 10:30:00.0,Intermediário
1.73391,1.73688,2008-01-18 11:00:00.0,Intermediário
1.73378,1.73607,2008-01-18 11:30:00.0,Intermediário
1.7315,1.73531,2008-01-18 12:00:00.0,Intermediário
1.73294,1.7354,2008-01-18 12:30:00.0,Intermediário
1.73553,1.73833,2008-01-18 13:00:00.0,Intermediário
1.73646,1.73883,2008-01-18 13:30:00.0,Intermediário
1.73468,1.73722,2008-01-18 14:00:00.0,Intermediário
1.73401,1.73663,2008-01-18 14:30:00.0,Intermediário
1.74508,1.74796,2008-01-18 15:00:00.0,Intermediário
1.74379,1.74642,2008-01-18 15:30:00.0,Intermediário
1.7374,1.7401,2008-01-18 16:00:00.0,Intermediário
1.73558,1.73837,2008-01-18 16:30:00.0,Fechamento Interbancário
1.73577,1.7374,2008-01-18 17:46:00.0,Fechamento
1.75957,1.7703,2008-01-21 09:28:00.0,Abertura
1.76419,1.76682,2008-01-21 09:30:00.0,Intermediário
1.77001,1.77282,2008-01-21 10:00:00.0,Intermediário
1.77129,1.77383,2008-01-21 10:30:00.0,Intermediário
1.76836,1.77099,2008-01-21 11:00:00.0,Intermediário
1.76545,1.7679,2008-01-21 11:30:00.0,Intermediário
1.76237,1.76491,2008-01-21 12:00:00.0,Intermediário
1.76112,1.76382,2008-01-21 12:30:00.0,Intermediário
1.76191,1.76573,2008-01-21 13:00:00.0,Intermediário
1.76234,1.76505,2008-01-21 13:30:00.0,Intermediário
1.76099,1.76351,2008-01-21 14:00:00.0,Intermediário
1.7696,1.77223,2008-01-21 14:30:00.0,Intermediário
1.77109,1.77388,2008-01-21 15:00:00.0,Intermediário
1.77354,1.77633,2008-01-21 15:30:00.0,Intermediário
1.77205,1.77485,2008-01-21 16:00:00.0,Intermediário
1.77177,1.77343,2008-01-21 16:30:00.0,Fechamento Interbancário
1.77206,1.77352,2008-01-21 17:51:00.0,Fechamento
1.75252,1.76311,2008-01-22 09:24:00.0,Abertura
1.755,1.75777,2008-01-22 09:30:00.0,Intermediário
1.7626,1.76539,2008-01-22 10:00:00.0,Intermediário
1.7659,1.76852,2008-01-22 10:30:00.0,Intermediário
1.77576,1.77838,2008-01-22 11:00:00.0,Intermediário
1.7559,1.76033,2008-01-22 11:30:00.0,Intermediário
1.75544,1.76539,2008-01-22 12:00:00.0,Intermediário
1.75075,1.75337,2008-01-22 12:30:00.0,Intermediário
1.74857,1.75102,2008-01-22 13:00:00.0,Intermediário
1.75846,1.76109,2008-01-22 13:30:00.0,Intermediário
1.75777,1.76041,2008-01-22 14:00:00.0,Intermediário
1.75305,1.75586,2008-01-22 14:30:00.0,Intermediário
1.75576,1.75839,2008-01-22 15:00:00.0,Intermediário
1.75317,1.75615,2008-01-22 15:30:00.0,Intermediário
1.74566,1.74829,2008-01-22 16:00:00.0,Intermediário
1.74971,1.75137,2008-01-22 16:30:00.0,Fechamento Interbancário
1.76172,1.76319,2008-01-22 17:50:00.0,Fechamento
1.75374,1.76465,2008-01-23 09:24:00.0,Abertura
1.75796,1.76059,2008-01-23 09:30:00.0,Intermediário
1.76259,1.76574,2008-01-23 10:00:00.0,Intermediário
1.76081,1.76264,2008-01-23 10:30:00.0,Intermediário
1.76305,1.76585,2008-01-23 11:00:00.0,Intermediário
1.76488,1.76819,2008-01-23 11:30:00.0,Intermediário
1.76814,1.77094,2008-01-23 12:00:00.0,Intermediário
1.76619,1.76934,2008-01-23 12:30:00.0,Intermediário
1.7656,1.76814,2008-01-23 13:00:00.0,Intermediário
1.76258,1.76522,2008-01-23 13:30:00.0,Intermediário
1.75778,1.76041,2008-01-23 14:00:00.0,Intermediário
1.75616,1.75887,2008-01-23 14:30:00.0,Intermediário
1.76411,1.76665,2008-01-23 15:00:00.0,Intermediário
1.76328,1.76608,2008-01-23 15:30:00.0,Intermediário
1.76696,1.76967,2008-01-23 16:00:00.0,Intermediário
1.77081,1.77282,2008-01-23 16:30:00.0,Fechamento Interbancário
1.76004,1.76184,2008-01-23 17:41:00.0,Fechamento
1.76291,1.7738,2008-01-24 09:12:00.0,Abertura
1.768,1.77084,2008-01-24 09:30:00.0,Intermediário
1.76615,1.76908,2008-01-24 10:00:00.0,Intermediário
1.76638,1.7694,2008-01-24 10:30:00.0,Intermediário
1.76804,1.77105,2008-01-24 11:00:00.0,Intermediário
1.76592,1.77036,2008-01-24 11:30:00.0,Intermediário
1.76152,1.76471,2008-01-24 12:00:00.0,Intermediário
1.76299,1.76601,2008-01-24 12:30:00.0,Intermediário
1.76136,1.76596,2008-01-24 13:00:00.0,Intermediário
1.76293,1.76561,2008-01-24 13:30:00.0,Intermediário
1.7591,1.76177,2008-01-24 14:00:00.0,Intermediário
1.7687,1.77125,2008-01-24 14:30:00.0,Intermediário
1.77171,1.77458,2008-01-24 15:00:00.0,Intermediário
1.76581,1.76867,2008-01-24 15:30:00.0,Intermediário
1.76581,1.76884,2008-01-24 16:00:00.0,Intermediário
1.76616,1.76893,2008-01-24 16:30:00.0,Fechamento Interbancário
1.76963,1.77121,2008-01-24 17:46:00.0,Fechamento
1.77687,1.78735,2008-01-25 09:26:00.0,Abertura
1.7795,1.78337,2008-01-25 09:30:00.0,Intermediário
1.77155,1.77442,2008-01-25 10:00:00.0,Intermediário
1.77806,1.78093,2008-01-25 10:30:00.0,Intermediário
1.77478,1.77765,2008-01-25 11:00:00.0,Intermediário
1.77293,1.77597,2008-01-25 11:30:00.0,Intermediário
1.76973,1.77458,2008-01-25 12:00:00.0,Intermediário
1.77707,1.78013,2008-01-25 12:30:00.0,Intermediário
1.77725,1.77995,2008-01-25 13:00:00.0,Intermediário
1.7768,1.77924,2008-01-25 13:30:00.0,Intermediário
1.77548,1.77818,2008-01-25 14:00:00.0,Intermediário
1.76868,1.77155,2008-01-25 14:30:00.0,Intermediário
1.77592,1.77979,2008-01-25 15:00:00.0,Intermediário
1.77647,1.7797,2008-01-25 15:30:00.0,Intermediário
1.77423,1.77592,2008-01-25 16:00:00.0,Intermediário
1.77277,1.77546,2008-01-25 16:30:00.0,Fechamento Interbancário
1.77813,1.77963,2008-01-25 17:34:00.0,Fechamento
1.77363,1.78444,2008-01-28 09:25:00.0,Abertura
1.77923,1.78192,2008-01-28 09:30:00.0,Intermediário
1.78217,1.78504,2008-01-28 10:00:00.0,Intermediário
1.7827,1.78504,2008-01-28 10:30:00.0,Intermediário
1.78153,1.7844,2008-01-28 11:00:00.0,Intermediário
1.7744,1.77745,2008-01-28 11:30:00.0,Intermediário
1.77608,1.77895,2008-01-28 12:00:00.0,Intermediário
1.77551,1.77802,2008-01-28 12:30:00.0,Intermediário
1.77758,1.77999,2008-01-28 13:00:00.0,Intermediário
1.78266,1.785,2008-01-28 13:32:00.0,Intermediário
1.78612,1.78901,2008-01-28 14:00:00.0,Intermediário
1.77574,1.77961,2008-01-28 14:30:00.0,Intermediário
1.77413,1.77672,2008-01-28 15:00:00.0,Intermediário
1.77422,1.777,2008-01-28 15:31:00.0,Intermediário
1.77572,1.77869,2008-01-28 16:00:00.0,Intermediário
1.77537,1.77824,2008-01-28 16:30:00.0,Fechamento Interbancário
1.78214,1.78382,2008-01-28 17:35:00.0,Fechamento
1.76992,1.78056,2008-01-29 09:17:00.0,Abertura
1.7736,1.77566,2008-01-29 09:30:00.0,Intermediário
1.77348,1.7762,2008-01-29 10:00:00.0,Intermediário
1.77244,1.77515,2008-01-29 10:30:00.0,Intermediário
1.77489,1.77742,2008-01-29 11:00:00.0,Intermediário
1.77329,1.776,2008-01-29 11:30:00.0,Intermediário
1.77822,1.78139,2008-01-29 12:00:00.0,Intermediário
1.77956,1.78211,2008-01-29 12:30:00.0,Intermediário
1.78201,1.78545,2008-01-29 13:00:00.0,Intermediário
1.78255,1.78509,2008-01-29 13:30:00.0,Intermediário
1.77996,1.78267,2008-01-29 14:00:00.0,Intermediário
1.77695,1.78003,2008-01-29 14:30:00.0,Intermediário
1.77673,1.77909,2008-01-29 15:00:00.0,Intermediário
1.77804,1.78076,2008-01-29 15:30:00.0,Intermediário
1.78071,1.78361,2008-01-29 16:00:00.0,Intermediário
1.77989,1.78243,2008-01-29 16:30:00.0,Fechamento Interbancário
1.77629,1.77762,2008-01-29 17:37:00.0,Fechamento
1.77715,1.78826,2008-01-30 09:21:00.0,Abertura
1.77945,1.78253,2008-01-30 09:30:00.0,Intermediário
1.78213,1.78449,2008-01-30 10:00:00.0,Intermediário
1.78711,1.79002,2008-01-30 10:30:00.0,Intermediário
1.78894,1.79149,2008-01-30 11:00:00.0,Intermediário
1.78557,1.78893,2008-01-30 11:30:00.0,Intermediário
1.7919,1.79482,2008-01-30 12:00:00.0,Intermediário
1.78986,1.79241,2008-01-30 12:30:00.0,Intermediário
1.78959,1.79232,2008-01-30 13:00:00.0,Intermediário
1.7876,1.79042,2008-01-30 13:30:00.0,Intermediário
1.78625,1.78898,2008-01-30 14:00:00.0,Intermediário
1.78805,1.79077,2008-01-30 14:30:00.0,Intermediário
1.78983,1.79256,2008-01-30 15:00:00.0,Intermediário
1.78629,1.7892,2008-01-30 15:30:00.0,Intermediário
1.78801,1.79056,2008-01-30 16:00:00.0,Intermediário
1.79074,1.79265,2008-01-30 16:30:00.0,Fechamento Interbancário
1.79014,1.79185,2008-01-30 17:38:00.0,Fechamento
1.77262,1.7832,2008-01-31 09:23:00.0,Abertura
1.7751,1.77729,2008-01-31 09:30:00.0,Intermediário
1.76865,1.77119,2008-01-31 10:00:00.0,Intermediário
1.76247,1.76518,2008-01-31 10:30:00.0,Intermediário
1.76188,1.76441,2008-01-31 11:00:00.0,Intermediário
1.76335,1.76792,2008-01-31 11:30:00.0,Intermediário
1.75545,1.75823,2008-01-31 12:00:00.0,Intermediário
1.76003,1.76289,2008-01-31 12:30:00.0,Intermediário
1.75997,1.76248,2008-01-31 13:00:00.0,Intermediário
1.75988,1.76248,2008-01-31 13:30:00.0,Intermediário
1.75491,1.75802,2008-01-31 14:00:00.0,Intermediário
1.75196,1.75491,2008-01-31 14:30:00.0,Intermediário
1.75015,1.75284,2008-01-31 15:00:00.0,Intermediário
1.75213,1.75474,2008-01-31 15:30:00.0,Intermediário
1.75278,1.7553,2008-01-31 16:00:00.0,Intermediário
1.75209,1.75479,2008-01-31 16:30:00.0,Fechamento Interbancário
1.75459,1.75609,2008-01-31 17:51:00.0,Fechamento
1.7521,1.763,2008-02-01 09:20:00.0,Abertura
1.75616,1.75975,2008-02-01 09:30:00.0,Intermediário
1.75916,1.76152,2008-02-01 10:00:00.0,Intermediário
1.75403,1.75674,2008-02-01 10:30:00.0,Intermediário
1.75147,1.75391,2008-02-01 11:00:00.0,Intermediário
1.74401,1.75931,2008-02-01 11:30:00.0,Intermediário
1.74226,1.74443,2008-02-01 12:00:00.0,Intermediário
1.74221,1.7456,2008-02-01 12:30:00.0,Intermediário
1.73961,1.74216,2008-02-01 13:00:00.0,Intermediário
1.74178,1.74422,2008-02-01 13:30:00.0,Intermediário
1.74449,1.74728,2008-02-01 14:00:00.0,Intermediário
1.75195,1.75449,2008-02-01 14:30:00.0,Intermediário
1.7501,1.75334,2008-02-01 15:00:00.0,Intermediário
1.75067,1.75345,2008-02-01 15:30:00.0,Intermediário
1.75241,1.7553,2008-02-01 16:00:00.0,Intermediário
1.754,1.75689,2008-02-01 16:30:00.0,Fechamento Interbancário
1.7543,1.75599,2008-02-01 17:39:00.0,Fechamento
1.73597,1.74653,2008-02-06 12:03:00.0,Abertura
1.75323,1.7561,2008-02-06 12:30:00.0,Intermediário
1.75533,1.76206,2008-02-06 13:00:00.0,Intermediário
1.75444,1.75722,2008-02-06 13:30:00.0,Intermediário
1.75426,1.75678,2008-02-06 14:00:00.0,Intermediário
1.7506,1.75346,2008-02-06 14:30:00.0,Intermediário
1.74693,1.74998,2008-02-06 15:00:00.0,Intermediário
1.74541,1.74802,2008-02-06 15:30:00.0,Intermediário
1.74333,1.74584,2008-02-06 16:00:00.0,Intermediário
1.7442,1.74689,2008-02-06 16:30:00.0,Fechamento Interbancário
1.74549,1.74699,2008-02-06 17:53:00.0,Fechamento
1.74474,1.75536,2008-02-07 09:21:00.0,Abertura
1.75099,1.75419,2008-02-07 09:30:00.0,Intermediário
1.74659,1.7497,2008-02-07 10:00:00.0,Intermediário
1.74559,1.74859,2008-02-07 10:30:00.0,Intermediário
1.74828,1.75112,2008-02-07 11:00:00.0,Intermediário
1.75104,1.7547,2008-02-07 11:30:00.0,Intermediário
1.74869,1.7518,2008-02-07 12:00:00.0,Intermediário
1.74958,1.75216,2008-02-07 12:30:00.0,Intermediário
1.74876,1.75152,2008-02-07 13:00:00.0,Intermediário
1.75119,1.75404,2008-02-07 13:30:00.0,Intermediário
1.74946,1.75225,2008-02-07 14:00:00.0,Intermediário
1.74911,1.75178,2008-02-07 14:30:00.0,Intermediário
1.74605,1.74871,2008-02-07 15:00:00.0,Intermediário
1.74339,1.74624,2008-02-07 15:30:00.0,Intermediário
1.74072,1.74348,2008-02-07 16:00:00.0,Intermediário
1.73874,1.74141,2008-02-07 16:30:00.0,Fechamento Interbancário
1.74359,1.74507,2008-02-07 17:34:00.0,Fechamento
1.74707,1.7577,2008-02-08 09:25:00.0,Abertura
1.75151,1.75268,2008-02-08 09:30:00.0,Intermediário
1.76482,1.76635,2008-02-08 10:00:00.0,Intermediário
1.76359,1.76611,2008-02-08 10:30:00.0,Intermediário
1.76177,1.76447,2008-02-08 11:00:00.0,Intermediário
1.76447,1.767,2008-02-08 11:30:00.0,Intermediário
1.766,1.76853,2008-02-08 12:00:00.0,Intermediário
1.77045,1.77317,2008-02-08 12:30:00.0,Intermediário
1.76996,1.77185,2008-02-08 13:00:00.0,Intermediário
1.77022,1.77202,2008-02-08 13:30:00.0,Intermediário
1.76996,1.77232,2008-02-08 14:00:00.0,Intermediário
1.76919,1.77173,2008-02-08 14:30:00.0,Intermediário
1.76606,1.76895,2008-02-08 15:00:00.0,Intermediário
1.76854,1.77125,2008-02-08 15:30:00.0,Intermediário
1.76965,1.77255,2008-02-08 16:00:00.0,Intermediário
1.76718,1.77024,2008-02-08 16:30:00.0,Fechamento Interbancário
1.76748,1.76934,2008-02-08 17:43:00.0,Fechamento
1.75684,1.76735,2008-02-11 09:12:00.0,Abertura
1.76688,1.76977,2008-02-11 09:30:00.0,Intermediário
1.76871,1.77042,2008-02-11 10:00:00.0,Intermediário
1.76306,1.76677,2008-02-11 10:30:00.0,Intermediário
1.75779,1.76053,2008-02-11 11:00:00.0,Intermediário
1.75718,1.75988,2008-02-11 11:30:00.0,Intermediário
1.75777,1.76065,2008-02-11 12:00:00.0,Intermediário
1.75435,1.75722,2008-02-11 12:30:00.0,Intermediário
1.75386,1.75691,2008-02-11 13:00:00.0,Intermediário
1.75526,1.75778,2008-02-11 13:30:00.0,Intermediário
1.75526,1.75761,2008-02-11 14:00:00.0,Intermediário
1.75754,1.76006,2008-02-11 14:30:00.0,Intermediário
1.75649,1.7591,2008-02-11 15:00:00.0,Intermediário
1.75637,1.75898,2008-02-11 15:30:00.0,Intermediário
1.75472,1.75659,2008-02-11 16:00:00.0,Intermediário
1.7556,1.75747,2008-02-11 16:30:00.0,Fechamento Interbancário
1.75789,1.75957,2008-02-11 17:39:00.0,Fechamento
1.75115,1.76241,2008-02-12 09:17:00.0,Abertura
1.754,1.75662,2008-02-12 09:30:00.0,Intermediário
1.75416,1.75739,2008-02-12 10:00:00.0,Intermediário
1.75184,1.75437,2008-02-12 10:30:00.0,Intermediário
1.74939,1.75209,2008-02-12 11:00:00.0,Intermediário
1.74805,1.75066,2008-02-12 11:30:00.0,Intermediário
1.75233,1.75421,2008-02-12 12:00:00.0,Intermediário
1.75537,1.75862,2008-02-12 12:30:00.0,Intermediário
1.75118,1.7538,2008-02-12 13:00:00.0,Intermediário
1.7503,1.75292,2008-02-12 13:30:00.0,Intermediário
1.74925,1.75169,2008-02-12 14:00:00.0,Intermediário
1.75058,1.7531,2008-02-12 14:30:00.0,Intermediário
1.75166,1.75419,2008-02-12 15:00:00.0,Intermediário
1.74957,1.75245,2008-02-12 15:30:00.0,Intermediário
1.7487,1.75158,2008-02-12 16:00:00.0,Intermediário
1.75075,1.75245,2008-02-12 16:30:00.0,Fechamento Interbancário
1.74875,1.75025,2008-02-12 17:35:00.0,Fechamento
1.74483,1.7557,2008-02-13 09:24:00.0,Abertura
1.74835,1.75123,2008-02-13 09:30:00.0,Intermediário
1.7487,1.7514,2008-02-13 10:00:00.0,Intermediário
1.74862,1.75133,2008-02-13 10:30:00.0,Intermediário
1.74989,1.75268,2008-02-13 11:00:00.0,Intermediário
1.74434,1.75163,2008-02-13 11:30:00.0,Intermediário
1.74774,1.75046,2008-02-13 12:00:00.0,Intermediário
1.74505,1.74792,2008-02-13 12:30:00.0,Intermediário
1.74531,1.74845,2008-02-13 13:00:00.0,Intermediário
1.74417,1.74687,2008-02-13 13:30:00.0,Intermediário
1.74261,1.74548,2008-02-13 14:00:00.0,Intermediário
1.74574,1.74844,2008-02-13 14:30:00.0,Intermediário
1.74687,1.74966,2008-02-13 15:00:00.0,Intermediário
1.74626,1.74896,2008-02-13 15:30:00.0,Intermediário
1.742,1.74487,2008-02-13 16:00:00.0,Intermediário
1.74553,1.74723,2008-02-13 16:30:00.0,Fechamento Interbancário
1.74763,1.74914,2008-02-13 17:36:00.0,Fechamento
1.73795,1.7485,2008-02-14 09:17:00.0,Abertura
1.74384,1.74654,2008-02-14 09:30:00.0,Intermediário
1.74362,1.74649,2008-02-14 10:00:00.0,Intermediário
1.74659,1.7496,2008-02-14 10:30:00.0,Intermediário
1.74759,1.75065,2008-02-14 11:00:00.0,Intermediário
1.74711,1.74987,2008-02-14 11:30:00.0,Intermediário
1.7403,1.74291,2008-02-14 12:00:00.0,Intermediário
1.74396,1.74657,2008-02-14 12:30:00.0,Intermediário
1.74492,1.74815,2008-02-14 13:00:00.0,Intermediário
1.75053,1.75306,2008-02-14 13:30:00.0,Intermediário
1.7525,1.75492,2008-02-14 14:00:00.0,Intermediário
1.75105,1.75412,2008-02-14 14:30:00.0,Intermediário
1.75055,1.75361,2008-02-14 15:00:00.0,Intermediário
1.75108,1.75361,2008-02-14 15:30:00.0,Intermediário
1.75273,1.75562,2008-02-14 16:00:00.0,Intermediário
1.75089,1.75368,2008-02-14 16:30:00.0,Fechamento Interbancário
1.74899,1.75058,2008-02-14 17:43:00.0,Fechamento
1.75,1.76092,2008-02-15 09:21:00.0,Abertura
1.75213,1.75449,2008-02-15 09:30:00.0,Intermediário
1.75467,1.75738,2008-02-15 10:00:00.0,Intermediário
1.75674,1.75972,2008-02-15 10:30:00.0,Intermediário
1.75846,1.7607,2008-02-15 11:00:00.0,Intermediário
1.75799,1.7597,2008-02-15 11:30:00.0,Intermediário
1.75781,1.7607,2008-02-15 12:00:00.0,Intermediário
1.75687,1.75857,2008-02-15 12:30:00.0,Intermediário
1.7527,1.75593,2008-02-15 13:00:00.0,Intermediário
1.74747,1.75072,2008-02-15 13:30:00.0,Intermediário
1.74581,1.7495,2008-02-15 14:00:00.0,Intermediário
1.74755,1.75107,2008-02-15 14:30:00.0,Intermediário
1.7492,1.75072,2008-02-15 15:00:00.0,Intermediário
1.74781,1.75085,2008-02-15 15:30:00.0,Intermediário
1.73637,1.73939,2008-02-15 16:00:00.0,Intermediário
1.73414,1.73693,2008-02-15 16:30:00.0,Fechamento Interbancário
1.73543,1.73703,2008-02-15 17:38:00.0,Fechamento
1.72598,1.73693,2008-02-18 09:33:00.0,Abertura
1.7293,1.73214,2008-02-18 09:37:00.0,Intermediário
1.73222,1.7349,2008-02-18 10:12:00.0,Intermediário
1.72924,1.7314,2008-02-18 10:57:00.0,Intermediário
1.73182,1.73433,2008-02-18 11:03:00.0,Intermediário
1.73006,1.73274,2008-02-18 11:33:00.0,Intermediário
1.7276,1.73062,2008-02-18 12:08:00.0,Intermediário
1.72657,1.7289,2008-02-18 12:38:00.0,Intermediário
1.72373,1.72623,2008-02-18 13:04:00.0,Intermediário
1.72441,1.72691,2008-02-18 13:33:00.0,Intermediário
1.72458,1.72708,2008-02-18 14:11:00.0,Intermediário
1.72407,1.72674,2008-02-18 14:35:00.0,Intermediário
1.72256,1.72489,2008-02-18 15:10:00.0,Intermediário
1.72308,1.7254,2008-02-18 15:36:00.0,Intermediário
1.72157,1.72458,2008-02-18 16:11:00.0,Intermediário
1.72109,1.72376,2008-02-18 16:56:00.0,Fechamento Interbancário
1.72566,1.72714,2008-02-18 17:37:00.0,Fechamento
1.71992,1.7309,2008-02-19 09:18:00.0,Abertura
1.72328,1.72613,2008-02-19 09:41:00.0,Intermediário
1.71886,1.72136,2008-02-19 10:03:00.0,Intermediário
1.71636,1.71886,2008-02-19 10:33:00.0,Intermediário
1.71154,1.7142,2008-02-19 11:02:00.0,Intermediário
1.70867,1.71149,2008-02-19 11:31:00.0,Intermediário
1.71169,1.71451,2008-02-19 12:02:00.0,Intermediário
1.71101,1.71366,2008-02-19 12:31:00.0,Intermediário
1.70881,1.71146,2008-02-19 13:02:00.0,Intermediário
1.70408,1.70688,2008-02-19 13:31:00.0,Intermediário
1.70456,1.70737,2008-02-19 14:02:00.0,Intermediário
1.70724,1.70916,2008-02-19 14:30:00.0,Intermediário
1.70773,1.70989,2008-02-19 15:00:00.0,Intermediário
1.70916,1.71065,2008-02-19 15:30:00.0,Intermediário
1.70609,1.7084,2008-02-19 16:00:00.0,Intermediário
1.70674,1.70815,2008-02-19 16:30:00.0,Fechamento Interbancário
1.70684,1.70805,2008-02-19 17:37:00.0,Fechamento
1.70562,1.71594,2008-02-20 09:23:00.0,Abertura
1.71055,1.71238,2008-02-20 09:30:00.0,Intermediário
1.71106,1.71288,2008-02-20 10:00:00.0,Intermediário
1.70991,1.71288,2008-02-20 10:30:00.0,Intermediário
1.71117,1.71308,2008-02-20 11:00:00.0,Intermediário
1.70808,1.71106,2008-02-20 11:30:00.0,Intermediário
1.70572,1.70836,2008-02-20 12:00:00.0,Intermediário
1.70367,1.70648,2008-02-20 12:30:00.0,Intermediário
1.70184,1.70447,2008-02-20 13:00:00.0,Intermediário
1.70142,1.70405,2008-02-20 13:30:00.0,Intermediário
1.70158,1.70413,2008-02-20 14:00:00.0,Intermediário
1.70081,1.70345,2008-02-20 14:30:00.0,Intermediário
1.70125,1.70377,2008-02-20 15:00:00.0,Intermediário
1.69811,1.70108,2008-02-20 15:30:00.0,Intermediário
1.69305,1.69568,2008-02-20 16:00:00.0,Intermediário
1.69505,1.69785,2008-02-20 16:30:00.0,Fechamento Interbancário
1.70716,1.70878,2008-02-20 18:31:00.0,Fechamento
1.68411,1.69448,2008-02-21 09:29:00.0,Abertura
1.68872,1.6912,2008-02-21 09:32:00.0,Intermediário
1.6912,1.69319,2008-02-21 10:03:00.0,Intermediário
1.69403,1.69634,2008-02-21 10:33:00.0,Intermediário
1.68847,1.69103,2008-02-21 11:00:00.0,Intermediário
1.68476,1.68723,2008-02-21 11:30:00.0,Intermediário
1.68517,1.68823,2008-02-21 12:00:00.0,Intermediário
1.68475,1.68764,2008-02-21 12:30:00.0,Intermediário
1.68658,1.68956,2008-02-21 13:00:00.0,Intermediário
1.69059,1.69324,2008-02-21 13:30:00.0,Intermediário
1.68971,1.69245,2008-02-21 14:00:00.0,Intermediário
1.69057,1.69305,2008-02-21 14:30:00.0,Intermediário
1.68549,1.68789,2008-02-21 15:00:00.0,Intermediário
1.69144,1.69426,2008-02-21 15:30:00.0,Intermediário
1.68883,1.69139,2008-02-21 16:00:00.0,Intermediário
1.69073,1.69213,2008-02-21 16:30:00.0,Fechamento Interbancário
1.69033,1.69154,2008-02-21 18:10:00.0,Fechamento
1.68696,1.69787,2008-02-22 09:09:00.0,Abertura
1.68696,1.68928,2008-02-22 09:30:00.0,Intermediário
1.68696,1.68995,2008-02-22 10:00:00.0,Intermediário
1.67769,1.68082,2008-02-22 10:30:00.0,Intermediário
1.67521,1.67767,2008-02-22 11:00:00.0,Intermediário
1.67358,1.67729,2008-02-22 11:30:00.0,Intermediário
1.67614,1.67865,2008-02-22 12:00:00.0,Intermediário
1.68048,1.68312,2008-02-22 12:30:00.0,Intermediário
1.68294,1.68591,2008-02-22 13:00:00.0,Intermediário
1.68294,1.68575,2008-02-22 13:30:00.0,Intermediário
1.67823,1.68085,2008-02-22 14:00:00.0,Intermediário
1.68753,1.69034,2008-02-22 14:30:00.0,Intermediário
1.68044,1.68307,2008-02-22 15:00:00.0,Intermediário
1.67798,1.68061,2008-02-22 15:30:00.0,Intermediário
1.67881,1.68177,2008-02-22 16:00:00.0,Intermediário
1.68128,1.68391,2008-02-22 16:30:00.0,Fechamento Interbancário
1.67753,1.67898,2008-02-22 17:32:00.0,Fechamento
1.68391,1.6947,2008-02-25 09:14:00.0,Abertura
1.68664,1.68938,2008-02-25 09:30:00.0,Intermediário
1.68209,1.69372,2008-02-25 10:00:00.0,Intermediário
1.69782,1.70041,2008-02-25 10:30:00.0,Intermediário
1.6996,1.70219,2008-02-25 11:00:00.0,Intermediário
1.70379,1.70646,2008-02-25 11:30:00.0,Intermediário
1.70247,1.70525,2008-02-25 12:00:00.0,Intermediário
1.70281,1.7054,2008-02-25 12:30:00.0,Intermediário
1.70633,1.70893,2008-02-25 13:00:00.0,Intermediário
1.70706,1.70962,2008-02-25 13:30:00.0,Intermediário
1.70573,1.70825,2008-02-25 14:00:00.0,Intermediário
1.71028,1.71214,2008-02-25 14:30:00.0,Intermediário
1.70776,1.71045,2008-02-25 15:00:00.0,Intermediário
1.7081,1.71045,2008-02-25 15:30:00.0,Intermediário
1.7069,1.70908,2008-02-25 16:00:00.0,Intermediário
1.70893,1.71079,2008-02-25 16:30:00.0,Fechamento Interbancário
1.70933,1.71099,2008-02-25 17:32:00.0,Fechamento
1.70208,1.71285,2008-02-26 09:08:00.0,Abertura
1.71434,1.71706,2008-02-26 09:42:00.0,Intermediário
1.71628,1.71908,2008-02-26 10:00:00.0,Intermediário
1.71564,1.7194,2008-02-26 10:30:00.0,Intermediário
1.71203,1.71483,2008-02-26 11:00:00.0,Intermediário
1.7129,1.71544,2008-02-26 11:30:00.0,Intermediário
1.71261,1.71576,2008-02-26 12:00:00.0,Intermediário
1.70964,1.7127,2008-02-26 12:30:00.0,Intermediário
1.70989,1.71261,2008-02-26 13:00:00.0,Intermediário
1.70885,1.71174,2008-02-26 13:30:00.0,Intermediário
1.71231,1.71487,2008-02-26 14:00:00.0,Intermediário
1.71083,1.71356,2008-02-26 14:30:00.0,Intermediário
1.71449,1.71568,2008-02-26 15:00:00.0,Intermediário
1.71245,1.71417,2008-02-26 15:30:00.0,Intermediário
1.71074,1.71365,2008-02-26 16:00:00.0,Intermediário
1.71234,1.71507,2008-02-26 16:30:00.0,Fechamento Interbancário
1.71886,1.72037,2008-02-26 17:37:00.0,Fechamento
1.70297,1.71367,2008-02-27 09:15:00.0,Abertura
1.70876,1.71012,2008-02-27 09:30:00.0,Intermediário
1.70488,1.70727,2008-02-27 10:00:00.0,Intermediário
1.70898,1.71207,2008-02-27 10:30:00.0,Intermediário
1.70813,1.70974,2008-02-27 11:00:00.0,Intermediário
1.7066,1.70968,2008-02-27 11:30:00.0,Intermediário
1.70601,1.70901,2008-02-27 12:00:00.0,Intermediário
1.70068,1.70317,2008-02-27 12:30:00.0,Intermediário
1.70332,1.70595,2008-02-27 13:00:00.0,Intermediário
1.70182,1.7049,2008-02-27 13:30:00.0,Intermediário
1.708,1.71066,2008-02-27 14:00:00.0,Intermediário
1.70502,1.70777,2008-02-27 14:30:00.0,Intermediário
1.6998,1.70245,2008-02-27 15:00:00.0,Intermediário
1.70704,1.70961,2008-02-27 15:30:00.0,Intermediário
1.70702,1.70874,2008-02-27 16:00:00.0,Intermediário
1.70304,1.70475,2008-02-27 16:30:00.0,Fechamento Interbancário
1.70375,1.70526,2008-02-27 17:41:00.0,Fechamento
1.70596,1.71673,2008-02-28 09:19:00.0,Abertura
1.70996,1.71236,2008-02-28 09:30:00.0,Intermediário
1.70779,1.71019,2008-02-28 10:00:00.0,Intermediário
1.70689,1.70929,2008-02-28 10:30:00.0,Intermediário
1.70827,1.70979,2008-02-28 11:00:00.0,Intermediário
1.7053,1.70787,2008-02-28 11:30:00.0,Intermediário
1.70465,1.70923,2008-02-28 12:00:00.0,Intermediário
1.70702,1.70959,2008-02-28 12:30:00.0,Intermediário
1.71801,1.72086,2008-02-28 13:00:00.0,Intermediário
1.71934,1.72219,2008-02-28 13:30:00.0,Intermediário
1.72102,1.72396,2008-02-28 14:00:00.0,Intermediário
1.72231,1.72387,2008-02-28 14:30:00.0,Intermediário
1.72258,1.72517,2008-02-28 15:00:00.0,Intermediário
1.71963,1.72128,2008-02-28 15:30:00.0,Intermediário
1.71517,1.71758,2008-02-28 16:00:00.0,Intermediário
1.71446,1.71637,2008-02-28 16:30:00.0,Fechamento Interbancário
1.71806,1.71977,2008-02-28 17:36:00.0,Fechamento
1.70963,1.72052,2008-02-29 09:23:00.0,Abertura
1.71295,1.71577,2008-02-29 09:30:00.0,Intermediário
1.71277,1.71551,2008-02-29 10:00:00.0,Intermediário
1.71175,1.72124,2008-02-29 10:30:00.0,Intermediário
1.71513,1.71789,2008-02-29 11:00:00.0,Intermediário
1.71525,1.7168,2008-02-29 11:30:00.0,Intermediário
1.72107,1.72244,2008-02-29 12:00:00.0,Intermediário
1.71822,1.72012,2008-02-29 12:30:00.0,Intermediário
1.71863,1.72146,2008-02-29 13:00:00.0,Intermediário
1.7203,1.72296,2008-02-29 13:30:00.0,Intermediário
1.71872,1.72181,2008-02-29 14:00:00.0,Intermediário
1.71846,1.72146,2008-02-29 14:30:00.0,Intermediário
1.72101,1.72379,2008-02-29 15:00:00.0,Intermediário
1.71877,1.72041,2008-02-29 15:30:00.0,Intermediário
1.72066,1.72349,2008-02-29 16:00:00.0,Intermediário
1.72168,1.72459,2008-02-29 16:30:00.0,Fechamento Interbancário
1.71404,1.71573,2008-02-29 17:39:00.0,Fechamento
1.71611,1.72733,2008-03-03 09:20:00.0,Abertura
1.71916,1.72154,2008-03-03 09:30:00.0,Intermediário
1.7184,1.72122,2008-03-03 10:00:00.0,Intermediário
1.7087,1.71159,2008-03-03 10:30:00.0,Intermediário
1.70204,1.70492,2008-03-03 11:00:00.0,Intermediário
1.70277,1.70465,2008-03-03 11:30:00.0,Intermediário
1.70959,1.71249,2008-03-03 12:00:00.0,Intermediário
1.70455,1.70744,2008-03-03 12:30:00.0,Intermediário
1.69832,1.7012,2008-03-03 13:00:00.0,Intermediário
1.7009,1.70361,2008-03-03 13:30:00.0,Intermediário
1.70314,1.70586,2008-03-03 14:00:00.0,Intermediário
1.703,1.70548,2008-03-03 14:30:00.0,Intermediário
1.69418,1.69686,2008-03-03 15:00:00.0,Intermediário
1.68986,1.69282,2008-03-03 15:30:00.0,Intermediário
1.68704,1.68923,2008-03-03 16:00:00.0,Intermediário
1.6838,1.68548,2008-03-03 16:30:00.0,Fechamento Interbancário
1.69367,1.69516,2008-03-03 17:39:00.0,Fechamento
1.68605,1.6972,2008-03-04 09:20:00.0,Abertura
1.6885,1.69104,2008-03-04 09:30:00.0,Intermediário
1.68555,1.68927,2008-03-04 10:00:00.0,Intermediário
1.68656,1.68961,2008-03-04 10:30:00.0,Intermediário
1.68113,1.68366,2008-03-04 11:00:00.0,Intermediário
1.6806,1.68338,2008-03-04 11:30:00.0,Intermediário
1.68044,1.68304,2008-03-04 12:00:00.0,Intermediário
1.68349,1.68593,2008-03-04 12:30:00.0,Intermediário
1.68295,1.68564,2008-03-04 13:00:00.0,Intermediário
1.68426,1.68712,2008-03-04 13:30:00.0,Intermediário
1.68232,1.68492,2008-03-04 14:00:00.0,Intermediário
1.68274,1.68543,2008-03-04 14:30:00.0,Intermediário
1.69078,1.69347,2008-03-04 15:00:00.0,Intermediário
1.69466,1.69744,2008-03-04 15:30:00.0,Intermediário
1.68939,1.6909,2008-03-04 16:00:00.0,Intermediário
1.69155,1.69303,2008-03-04 16:30:00.0,Fechamento Interbancário
1.6787,1.67997,2008-03-04 17:38:00.0,Fechamento
1.67892,1.69001,2008-03-05 09:12:00.0,Abertura
1.68194,1.68463,2008-03-05 09:30:00.0,Intermediário
1.68329,1.68564,2008-03-05 10:00:00.0,Intermediário
1.68512,1.68798,2008-03-05 10:30:00.0,Intermediário
1.68839,1.69109,2008-03-05 11:00:00.0,Intermediário
1.68317,1.68587,2008-03-05 11:30:00.0,Intermediário
1.68349,1.68585,2008-03-05 12:00:00.0,Intermediário
1.68594,1.68856,2008-03-05 12:30:00.0,Intermediário
1.68223,1.68451,2008-03-05 13:00:00.0,Intermediário
1.68249,1.68502,2008-03-05 13:30:00.0,Intermediário
1.68288,1.68536,2008-03-05 14:00:00.0,Intermediário
1.68692,1.6898,2008-03-05 14:30:00.0,Intermediário
1.69053,1.69337,2008-03-05 15:00:00.0,Intermediário
1.69215,1.69435,2008-03-05 15:30:00.0,Intermediário
1.69181,1.69452,2008-03-05 16:00:00.0,Intermediário
1.69028,1.69316,2008-03-05 16:30:00.0,Fechamento Interbancário
1.68947,1.69114,2008-03-05 17:41:00.0,Fechamento
1.68106,1.69173,2008-03-06 09:19:00.0,Abertura
1.68359,1.68629,2008-03-06 09:30:00.0,Intermediário
1.68631,1.68937,2008-03-06 10:00:00.0,Intermediário
1.68489,1.68777,2008-03-06 10:30:00.0,Intermediário
1.68726,1.6898,2008-03-06 11:00:00.0,Intermediário
1.68511,1.68761,2008-03-06 11:30:00.0,Intermediário
1.69018,1.69307,2008-03-06 12:00:00.0,Intermediário
1.68883,1.69189,2008-03-06 12:30:00.0,Intermediário
1.68645,1.689,2008-03-06 13:00:00.0,Intermediário
1.68578,1.68875,2008-03-06 13:30:00.0,Intermediário
1.68707,1.68995,2008-03-06 14:00:00.0,Intermediário
1.6844,1.68728,2008-03-06 14:30:00.0,Intermediário
1.69473,1.69779,2008-03-06 15:00:00.0,Intermediário
1.69829,1.70135,2008-03-06 15:30:00.0,Intermediário
1.702,1.70455,2008-03-06 16:00:00.0,Intermediário
1.70148,1.70394,2008-03-06 16:30:00.0,Fechamento Interbancário
1.69459,1.69583,2008-03-06 17:36:00.0,Fechamento
1.73037,1.74122,2008-03-07 09:11:00.0,Abertura
1.72543,1.72827,2008-03-07 09:30:00.0,Intermediário
1.72449,1.72813,2008-03-07 10:00:00.0,Intermediário
1.72217,1.73108,2008-03-07 10:30:00.0,Intermediário
1.72609,1.72892,2008-03-07 11:00:00.0,Intermediário
1.72312,1.72577,2008-03-07 11:30:00.0,Intermediário
1.71664,1.71792,2008-03-07 12:00:00.0,Intermediário
1.71078,1.71368,2008-03-07 12:30:00.0,Intermediário
1.71113,1.71385,2008-03-07 13:00:00.0,Intermediário
1.70621,1.70887,2008-03-07 13:30:00.0,Intermediário
1.70146,1.70451,2008-03-07 14:00:00.0,Intermediário
1.70246,1.70496,2008-03-07 14:30:00.0,Intermediário
1.69683,1.69945,2008-03-07 15:00:00.0,Intermediário
1.69678,1.69983,2008-03-07 15:30:00.0,Intermediário
1.69712,1.69955,2008-03-07 16:00:00.0,Intermediário
1.69539,1.69751,2008-03-07 16:30:00.0,Fechamento Interbancário
1.6967,1.69862,2008-03-07 17:36:00.0,Fechamento
1.69425,1.70506,2008-03-10 09:18:00.0,Abertura
1.6948,1.69767,2008-03-10 09:30:00.0,Intermediário
1.70032,1.70303,2008-03-10 10:00:00.0,Intermediário
1.69863,1.70099,2008-03-10 10:30:00.0,Intermediário
1.70153,1.70408,2008-03-10 11:00:00.0,Intermediário
1.70678,1.70938,2008-03-10 11:44:00.0,Intermediário
1.70195,1.70461,2008-03-10 12:00:00.0,Intermediário
1.70201,1.70452,2008-03-10 12:30:00.0,Intermediário
1.70767,1.71028,2008-03-10 13:00:00.0,Intermediário
1.70878,1.71148,2008-03-10 13:30:00.0,Intermediário
1.71033,1.71302,2008-03-10 14:00:00.0,Intermediário
1.70712,1.70981,2008-03-10 14:30:00.0,Intermediário
1.70876,1.71111,2008-03-10 15:00:00.0,Intermediário
1.71128,1.71394,2008-03-10 15:30:00.0,Intermediário
1.70876,1.71045,2008-03-10 16:00:00.0,Intermediário
1.71165,1.71334,2008-03-10 17:01:00.0,Fechamento Interbancário
1.70442,1.70591,2008-03-10 17:34:00.0,Fechamento
1.70783,1.71843,2008-03-11 09:22:00.0,Abertura
1.71069,1.71547,2008-03-11 09:30:00.0,Intermediário
1.69602,1.69956,2008-03-11 10:00:00.0,Intermediário
1.69954,1.70239,2008-03-11 10:30:00.0,Intermediário
1.70221,1.70339,2008-03-11 11:00:00.0,Intermediário
1.70295,1.70428,2008-03-11 11:30:00.0,Intermediário
1.70104,1.70391,2008-03-11 12:00:00.0,Intermediário
1.70266,1.70476,2008-03-11 12:30:00.0,Intermediário
1.7085,1.71104,2008-03-11 13:00:00.0,Intermediário
1.70998,1.71226,2008-03-11 13:30:00.0,Intermediário
1.70811,1.71087,2008-03-11 14:00:00.0,Intermediário
1.70719,1.71024,2008-03-11 14:30:00.0,Intermediário
1.71013,1.71273,2008-03-11 15:00:00.0,Intermediário
1.69567,1.69853,2008-03-11 15:30:00.0,Intermediário
1.69418,1.69705,2008-03-11 16:00:00.0,Intermediário
1.69215,1.69384,2008-03-11 16:30:00.0,Fechamento Interbancário
1.70412,1.70562,2008-03-11 17:43:00.0,Fechamento
1.71426,1.72543,2008-03-12 09:21:00.0,Abertura
1.71695,1.71941,2008-03-12 09:30:00.0,Intermediário
1.71053,1.71307,2008-03-12 10:00:00.0,Intermediário
1.70591,1.70895,2008-03-12 10:30:00.0,Intermediário
1.70813,1.71067,2008-03-12 11:00:00.0,Intermediário
1.70798,1.71053,2008-03-12 11:30:00.0,Intermediário
1.69541,1.6976,2008-03-12 12:00:00.0,Intermediário
1.69271,1.69517,2008-03-12 12:30:00.0,Intermediário
1.69562,1.69783,2008-03-12 13:00:00.0,Intermediário
1.69716,1.69989,2008-03-12 13:30:00.0,Intermediário
1.69811,1.70099,2008-03-12 14:00:00.0,Intermediário
1.69695,1.69848,2008-03-12 14:30:00.0,Intermediário
1.69356,1.69627,2008-03-12 15:00:00.0,Intermediário
1.69144,1.69394,2008-03-12 15:30:00.0,Intermediário
1.68905,1.69141,2008-03-12 16:00:00.0,Intermediário
1.69034,1.69313,2008-03-12 16:30:00.0,Fechamento Interbancário
1.69721,1.6988,2008-03-12 17:41:00.0,Fechamento
1.70823,1.71924,2008-03-13 09:22:00.0,Abertura
1.71025,1.71405,2008-03-13 09:30:00.0,Intermediário
1.71284,1.71521,2008-03-13 10:00:00.0,Intermediário
1.71873,1.72053,2008-03-13 10:30:00.0,Intermediário
1.72709,1.73001,2008-03-13 11:00:00.0,Intermediário
1.7274,1.7286,2008-03-13 11:30:00.0,Intermediário
1.734,1.73794,2008-03-13 12:00:00.0,Intermediário
1.72414,1.72663,2008-03-13 12:52:00.0,Intermediário
1.7272,1.72941,2008-03-13 13:00:00.0,Intermediário
1.72536,1.72801,2008-03-13 13:30:00.0,Intermediário
1.72659,1.72941,2008-03-13 14:00:00.0,Intermediário
1.72684,1.72958,2008-03-13 14:30:00.0,Intermediário
1.72468,1.72842,2008-03-13 15:00:00.0,Intermediário
1.71545,1.71835,2008-03-13 15:30:00.0,Intermediário
1.71417,1.71655,2008-03-13 16:00:00.0,Intermediário
1.71414,1.71602,2008-03-13 16:30:00.0,Fechamento Interbancário
1.71951,1.7212,2008-03-13 17:34:00.0,Fechamento
1.69998,1.71021,2008-03-14 09:14:00.0,Abertura
1.69775,1.7066,2008-03-14 09:30:00.0,Intermediário
1.69031,1.693,2008-03-14 10:00:00.0,Intermediário
1.68643,1.68929,2008-03-14 10:30:00.0,Intermediário
1.704,1.70636,2008-03-14 11:00:00.0,Intermediário
1.7158,1.71862,2008-03-14 11:30:00.0,Intermediário
1.71943,1.72232,2008-03-14 12:00:00.0,Intermediário
1.71639,1.71893,2008-03-14 12:30:00.0,Intermediário
1.72627,1.72898,2008-03-14 13:00:00.0,Intermediário
1.72767,1.73093,2008-03-14 13:30:00.0,Intermediário
1.72487,1.72759,2008-03-14 14:00:00.0,Intermediário
1.7335,1.73622,2008-03-14 14:30:00.0,Intermediário
1.73279,1.73543,2008-03-14 15:00:00.0,Intermediário
1.74442,1.74742,2008-03-14 15:30:00.0,Intermediário
1.73543,1.73869,2008-03-14 16:00:00.0,Intermediário
1.73701,1.73909,2008-03-14 16:30:00.0,Fechamento Interbancário
1.71865,1.72051,2008-03-14 17:40:00.0,Fechamento
1.74167,1.75227,2008-03-17 09:15:00.0,Abertura
1.73904,1.7421,2008-03-17 09:30:00.0,Intermediário
1.73651,1.73957,2008-03-17 10:00:00.0,Intermediário
1.73594,1.73812,2008-03-17 10:30:00.0,Intermediário
1.73051,1.73278,2008-03-17 11:00:00.0,Intermediário
1.72746,1.73,2008-03-17 11:30:00.0,Intermediário
1.72811,1.73056,2008-03-17 12:00:00.0,Intermediário
1.72629,1.72934,2008-03-17 12:30:00.0,Intermediário
1.72542,1.72834,2008-03-17 13:00:00.0,Intermediário
1.72472,1.72776,2008-03-17 13:30:00.0,Intermediário
1.72507,1.72759,2008-03-17 14:00:00.0,Intermediário
1.72992,1.73249,2008-03-17 14:30:00.0,Intermediário
1.72497,1.72831,2008-03-17 15:00:00.0,Intermediário
1.72627,1.72896,2008-03-17 15:30:00.0,Intermediário
1.7204,1.72278,2008-03-17 16:00:00.0,Intermediário
1.72269,1.72573,2008-03-17 16:30:00.0,Fechamento Interbancário
1.72469,1.72653,2008-03-17 17:34:00.0,Fechamento
1.70396,1.71486,2008-03-18 09:10:00.0,Abertura
1.70938,1.71207,2008-03-18 09:30:00.0,Intermediário
1.71126,1.71407,2008-03-18 10:00:00.0,Intermediário
1.71216,1.71477,2008-03-18 10:30:00.0,Intermediário
1.71102,1.71371,2008-03-18 11:00:00.0,Intermediário
1.71096,1.71366,2008-03-18 11:30:00.0,Intermediário
1.70847,1.71082,2008-03-18 12:00:00.0,Intermediário
1.70812,1.71116,2008-03-18 12:30:00.0,Intermediário
1.71328,1.71598,2008-03-18 13:00:00.0,Intermediário
1.71291,1.71595,2008-03-18 13:30:00.0,Intermediário
1.70767,1.71035,2008-03-18 14:00:00.0,Intermediário
1.71509,1.71688,2008-03-18 14:30:00.0,Intermediário
1.70616,1.70904,2008-03-18 15:00:00.0,Intermediário
1.71362,1.71667,2008-03-18 15:30:00.0,Intermediário
1.70161,1.70449,2008-03-18 16:00:00.0,Intermediário
1.69968,1.70231,2008-03-18 16:30:00.0,Fechamento Interbancário
1.71166,1.71309,2008-03-18 17:42:00.0,Fechamento
1.68853,1.6994,2008-03-19 09:15:00.0,Abertura
1.6949,1.69787,2008-03-19 09:30:00.0,Intermediário
1.6867,1.68938,2008-03-19 10:00:00.0,Intermediário
1.68823,1.69092,2008-03-19 10:30:00.0,Intermediário
1.68955,1.69223,2008-03-19 11:00:00.0,Intermediário
1.69401,1.69641,2008-03-19 11:30:00.0,Intermediário
1.69017,1.69251,2008-03-19 12:00:00.0,Intermediário
1.69082,1.69366,2008-03-19 12:30:00.0,Intermediário
1.69326,1.6961,2008-03-19 13:00:00.0,Intermediário
1.68621,1.6889,2008-03-19 13:30:00.0,Intermediário
1.68424,1.68679,2008-03-19 14:00:00.0,Intermediário
1.68776,1.69034,2008-03-19 14:30:00.0,Intermediário
1.69719,1.70067,2008-03-19 15:00:00.0,Intermediário
1.69858,1.70082,2008-03-19 15:30:00.0,Intermediário
1.70097,1.7028,2008-03-19 16:15:00.0,Intermediário
1.69543,1.69709,2008-03-19 16:30:00.0,Fechamento Interbancário
1.68034,1.6818,2008-03-19 17:47:00.0,Fechamento
1.68389,1.69402,2008-03-20 09:17:00.0,Abertura
1.6915,1.69601,2008-03-20 09:30:00.0,Intermediário
1.70688,1.70941,2008-03-20 10:00:00.0,Intermediário
1.69478,1.69789,2008-03-20 10:30:00.0,Intermediário
1.69655,1.69852,2008-03-20 11:00:00.0,Intermediário
1.69254,1.69506,2008-03-20 11:30:00.0,Intermediário
1.69318,1.69579,2008-03-20 12:00:00.0,Intermediário
1.69333,1.69561,2008-03-20 12:30:00.0,Intermediário
1.69162,1.6949,2008-03-20 13:00:00.0,Intermediário
1.69061,1.69379,2008-03-20 13:30:00.0,Intermediário
1.69291,1.696,2008-03-20 14:00:00.0,Intermediário
1.69409,1.69686,2008-03-20 14:30:00.0,Intermediário
1.69253,1.69548,2008-03-20 15:00:00.0,Intermediário
1.69123,1.69384,2008-03-20 15:30:00.0,Intermediário
1.68962,1.69256,2008-03-20 16:00:00.0,Intermediário
1.69192,1.6947,2008-03-20 16:30:00.0,Fechamento Interbancário
1.70228,1.70389,2008-03-20 17:38:00.0,Fechamento
1.673,1.68405,2008-03-24 09:14:00.0,Abertura
1.6743,1.67673,2008-03-24 09:30:00.0,Intermediário
1.67512,1.67805,2008-03-24 10:00:00.0,Intermediário
1.68178,1.68329,2008-03-24 10:30:00.0,Intermediário
1.68645,1.68965,2008-03-24 11:00:00.0,Intermediário
1.69433,1.6968,2008-03-24 11:30:00.0,Intermediário
1.69219,1.69465,2008-03-24 16:42:00.0,Intermediário
1.69164,1.69312,2008-03-24 16:45:00.0,Intermediário
1.69639,1.69885,2008-03-24 16:47:00.0,Intermediário
1.69789,1.70035,2008-03-24 16:50:00.0,Intermediário
1.69956,1.70252,2008-03-24 16:55:00.0,Intermediário
1.69415,1.69661,2008-03-24 16:57:00.0,Intermediário
1.69941,1.70238,2008-03-24 17:00:00.0,Intermediário
1.70849,1.71112,2008-03-24 17:02:00.0,Intermediário
1.71496,1.71662,2008-03-24 17:05:00.0,Intermediário
1.7156,1.71746,2008-03-24 17:18:00.0,Fechamento Interbancário
1.70961,1.71127,2008-03-24 18:35:00.0,Fechamento
1.70422,1.7149,2008-03-25 09:12:00.0,Abertura
1.70048,1.71471,2008-03-25 09:30:00.0,Intermediário
1.7089,1.7117,2008-03-25 10:00:00.0,Intermediário
1.70298,1.70562,2008-03-25 10:30:00.0,Intermediário
1.69831,1.70085,2008-03-25 11:00:00.0,Intermediário
1.70135,1.70399,2008-03-25 11:30:00.0,Intermediário
1.70648,1.70962,2008-03-25 12:00:00.0,Intermediário
1.70765,1.71029,2008-03-25 12:30:00.0,Intermediário
1.70923,1.7117,2008-03-25 13:00:00.0,Intermediário
1.71125,1.71389,2008-03-25 13:52:00.0,Intermediário
1.71007,1.71271,2008-03-25 14:00:00.0,Intermediário
1.71142,1.71406,2008-03-25 14:30:00.0,Intermediário
1.70979,1.71218,2008-03-25 15:00:00.0,Intermediário
1.70636,1.70866,2008-03-25 15:30:00.0,Intermediário
1.7024,1.70504,2008-03-25 16:00:00.0,Intermediário
1.70123,1.70288,2008-03-25 16:30:00.0,Fechamento Interbancário
1.70349,1.70495,2008-03-25 17:35:00.0,Fechamento
1.71104,1.72141,2008-03-26 09:13:00.0,Abertura
1.70238,1.70585,2008-03-26 09:30:00.0,Intermediário
1.7042,1.7068,2008-03-26 10:00:00.0,Intermediário
1.69782,1.6998,2008-03-26 10:30:00.0,Intermediário
1.69822,1.70072,2008-03-26 11:00:00.0,Intermediário
1.70992,1.7125,2008-03-26 11:30:00.0,Intermediário
1.70897,1.71145,2008-03-26 12:00:00.0,Intermediário
1.70749,1.71029,2008-03-26 12:30:00.0,Intermediário
1.70301,1.7053,2008-03-26 13:00:00.0,Intermediário
1.70083,1.70346,2008-03-26 13:30:00.0,Intermediário
1.69983,1.70233,2008-03-26 14:00:00.0,Intermediário
1.70135,1.70365,2008-03-26 14:30:00.0,Intermediário
1.70002,1.70248,2008-03-26 15:00:00.0,Intermediário
1.69674,1.69937,2008-03-26 15:30:00.0,Intermediário
1.69207,1.69447,2008-03-26 16:00:00.0,Intermediário
1.69249,1.69447,2008-03-26 16:30:00.0,Fechamento Interbancário
1.69445,1.69623,2008-03-26 17:35:00.0,Fechamento
1.68902,1.69981,2008-03-27 09:19:00.0,Abertura
1.69362,1.69733,2008-03-27 09:30:00.0,Intermediário
1.69199,1.6945,2008-03-27 10:00:00.0,Intermediário
1.69482,1.69778,2008-03-27 10:30:00.0,Intermediário
1.6968,1.69925,2008-03-27 11:00:00.0,Intermediário
1.6999,1.70225,2008-03-27 11:30:00.0,Intermediário
1.70154,1.70418,2008-03-27 12:00:00.0,Intermediário
1.70338,1.70585,2008-03-27 12:30:00.0,Intermediário
1.7046,1.70724,2008-03-27 13:00:00.0,Intermediário
1.70628,1.70888,2008-03-27 13:30:00.0,Intermediário
1.70376,1.70624,2008-03-27 14:00:00.0,Intermediário
1.7046,1.70708,2008-03-27 14:30:00.0,Intermediário
1.70987,1.71268,2008-03-27 15:00:00.0,Intermediário
1.70749,1.71004,2008-03-27 15:30:00.0,Intermediário
1.70782,1.70948,2008-03-27 16:00:00.0,Intermediário
1.70497,1.70662,2008-03-27 16:30:00.0,Fechamento Interbancário
1.70271,1.70417,2008-03-27 17:36:00.0,Fechamento
1.70485,1.71535,2008-03-28 09:16:00.0,Abertura
1.71395,1.71754,2008-03-28 09:30:00.0,Intermediário
1.71504,1.71786,2008-03-28 10:00:00.0,Intermediário
1.70902,1.71199,2008-03-28 10:30:00.0,Intermediário
1.71482,1.71729,2008-03-28 11:00:00.0,Intermediário
1.71454,1.71586,2008-03-28 11:30:00.0,Intermediário
1.71449,1.71698,2008-03-28 12:00:00.0,Intermediário
1.71269,1.71516,2008-03-28 12:30:00.0,Intermediário
1.70785,1.71055,2008-03-28 13:00:00.0,Intermediário
1.70721,1.70941,2008-03-28 13:30:00.0,Intermediário
1.7054,1.7082,2008-03-28 14:00:00.0,Intermediário
1.70473,1.70708,2008-03-28 14:30:00.0,Intermediário
1.71081,1.71353,2008-03-28 15:00:00.0,Intermediário
1.7082,1.71002,2008-03-28 15:30:00.0,Intermediário
1.70935,1.71207,2008-03-28 16:00:00.0,Intermediário
1.71016,1.71297,2008-03-28 16:30:00.0,Fechamento Interbancário
1.71193,1.71356,2008-03-28 17:40:00.0,Fechamento
1.69166,1.70207,2008-03-31 09:13:00.0,Abertura
1.6986,1.70196,2008-03-31 09:30:00.0,Intermediário
1.70072,1.70349,2008-03-31 10:00:00.0,Intermediário
1.70144,1.70389,2008-03-31 10:30:00.0,Intermediário
1.70043,1.70304,2008-03-31 11:38:00.0,Intermediário
1.70323,1.70618,2008-03-31 11:41:00.0,Intermediário
1.70387,1.70518,2008-03-31 12:06:00.0,Intermediário
1.70012,1.70273,2008-03-31 12:54:00.0,Intermediário
1.69584,1.69861,2008-03-31 13:08:00.0,Intermediário
1.69468,1.69762,2008-03-31 13:43:00.0,Intermediário
1.69617,1.69877,2008-03-31 14:05:00.0,Intermediário
1.69765,1.70026,2008-03-31 14:34:00.0,Intermediário
1.70349,1.70577,2008-03-31 15:08:00.0,Intermediário
1.70017,1.70281,2008-03-31 15:30:00.0,Intermediário
1.70248,1.70509,2008-03-31 16:00:00.0,Intermediário
1.70331,1.70592,2008-03-31 16:30:00.0,Fechamento Interbancário
1.70068,1.70212,2008-03-31 17:52:00.0,Fechamento
1.70744,1.7177,2008-04-01 09:13:00.0,Abertura
1.70969,1.71264,2008-04-01 09:30:00.0,Intermediário
1.70347,1.706,2008-04-01 10:00:00.0,Intermediário
1.70596,1.70891,2008-04-01 10:30:00.0,Intermediário
1.70796,1.71055,2008-04-01 11:00:00.0,Intermediário
1.70606,1.7077,2008-04-01 11:30:00.0,Intermediário
1.70093,1.70243,2008-04-01 12:01:00.0,Intermediário
1.70656,1.70786,2008-04-01 12:30:00.0,Intermediário
1.69587,1.69807,2008-04-01 13:00:00.0,Intermediário
1.69752,1.69997,2008-04-01 13:30:00.0,Intermediário
1.69819,1.70063,2008-04-01 14:00:00.0,Intermediário
1.70279,1.70524,2008-04-01 14:30:00.0,Intermediário
1.70556,1.70801,2008-04-01 15:00:00.0,Intermediário
1.7062,1.70898,2008-04-01 15:30:00.0,Intermediário
1.70571,1.70825,2008-04-01 16:00:00.0,Intermediário
1.70596,1.70858,2008-04-01 16:30:00.0,Fechamento Interbancário
1.71437,1.71582,2008-04-01 17:39:00.0,Fechamento
1.6978,1.70789,2008-04-02 09:22:00.0,Abertura
1.69956,1.70202,2008-04-02 09:30:00.0,Intermediário
1.70267,1.7048,2008-04-02 10:00:00.0,Intermediário
1.70269,1.70516,2008-04-02 10:30:00.0,Intermediário
1.70349,1.70595,2008-04-02 11:00:00.0,Intermediário
1.70087,1.70351,2008-04-02 11:30:00.0,Intermediário
1.69741,1.69874,2008-04-02 12:00:00.0,Intermediário
1.69759,1.70056,2008-04-02 12:30:00.0,Intermediário
1.69269,1.69565,2008-04-02 13:12:00.0,Intermediário
1.6931,1.69548,2008-04-02 13:30:00.0,Intermediário
1.69388,1.69616,2008-04-02 14:00:00.0,Intermediário
1.69455,1.69683,2008-04-02 14:30:00.0,Intermediário
1.69685,1.69915,2008-04-02 15:00:00.0,Intermediário
1.69206,1.69455,2008-04-02 15:30:00.0,Intermediário
1.69597,1.6993,2008-04-02 16:00:00.0,Intermediário
1.69817,1.70047,2008-04-02 16:30:00.0,Fechamento Interbancário
1.69965,1.70077,2008-04-02 17:36:00.0,Fechamento
1.69726,1.70814,2008-04-03 09:21:00.0,Abertura
1.70055,1.70337,2008-04-03 09:30:00.0,Intermediário
1.70365,1.70604,2008-04-03 10:00:00.0,Intermediário
1.70735,1.70888,2008-04-03 10:30:00.0,Intermediário
1.70989,1.71213,2008-04-03 11:00:00.0,Intermediário
1.71179,1.71429,2008-04-03 11:30:00.0,Intermediário
1.70922,1.71123,2008-04-03 12:00:00.0,Intermediário
1.71317,1.7148,2008-04-03 12:30:00.0,Intermediário
1.70972,1.71198,2008-04-03 13:00:00.0,Intermediário
1.70845,1.71077,2008-04-03 13:30:00.0,Intermediário
1.70811,1.71111,2008-04-03 14:00:00.0,Intermediário
1.70279,1.70533,2008-04-03 14:30:00.0,Intermediário
1.704,1.70576,2008-04-03 15:00:00.0,Intermediário
1.70435,1.70568,2008-04-03 15:30:00.0,Intermediário
1.70967,1.71187,2008-04-03 16:00:00.0,Intermediário
1.7085,1.71099,2008-04-03 16:30:00.0,Fechamento Interbancário
1.71686,1.71816,2008-04-03 17:35:00.0,Fechamento
1.69896,1.70974,2008-04-04 09:18:00.0,Abertura
1.70151,1.70679,2008-04-04 09:30:00.0,Intermediário
1.70423,1.70574,2008-04-04 10:00:00.0,Intermediário
1.70181,1.70465,2008-04-04 10:30:00.0,Intermediário
1.70094,1.70522,2008-04-04 11:00:00.0,Intermediário
1.70164,1.70419,2008-04-04 11:30:00.0,Intermediário
1.69318,1.69545,2008-04-04 12:00:00.0,Intermediário
1.69161,1.69443,2008-04-04 12:30:00.0,Intermediário
1.6911,1.69443,2008-04-04 13:01:00.0,Intermediário
1.69177,1.69443,2008-04-04 13:30:00.0,Intermediário
1.69223,1.69468,2008-04-04 14:01:00.0,Intermediário
1.69241,1.69478,2008-04-04 14:30:00.0,Intermediário
1.69071,1.69328,2008-04-04 15:00:00.0,Intermediário
1.6974,1.70006,2008-04-04 15:30:00.0,Intermediário
1.69342,1.69641,2008-04-04 16:00:00.0,Intermediário
1.69344,1.69576,2008-04-04 16:30:00.0,Fechamento Interbancário
1.69631,1.69744,2008-04-04 17:39:00.0,Fechamento
1.68437,1.6953,2008-04-07 09:21:00.0,Abertura
1.68601,1.68849,2008-04-07 09:30:00.0,Intermediário
1.68299,1.68547,2008-04-07 10:00:00.0,Intermediário
1.68186,1.68485,2008-04-07 10:30:00.0,Intermediário
1.68203,1.68518,2008-04-07 11:00:00.0,Intermediário
1.67954,1.68219,2008-04-07 11:30:00.0,Intermediário
1.67637,1.67885,2008-04-07 12:00:00.0,Intermediário
1.67721,1.68018,2008-04-07 12:30:00.0,Intermediário
1.6782,1.68085,2008-04-07 13:00:00.0,Intermediário
1.67754,1.68035,2008-04-07 13:30:00.0,Intermediário
1.67688,1.67919,2008-04-07 14:00:00.0,Intermediário
1.67703,1.67938,2008-04-07 14:30:00.0,Intermediário
1.67885,1.68116,2008-04-07 15:00:00.0,Intermediário
1.68015,1.68264,2008-04-07 15:30:00.0,Intermediário
1.68016,1.68313,2008-04-07 16:00:00.0,Intermediário
1.68121,1.68263,2008-04-07 16:30:00.0,Fechamento Interbancário
1.67647,1.67769,2008-04-07 17:42:00.0,Fechamento
1.6783,1.6887,2008-04-08 09:13:00.0,Abertura
1.68129,1.68319,2008-04-08 09:30:00.0,Intermediário
1.6836,1.68624,2008-04-08 10:00:00.0,Intermediário
1.68558,1.68806,2008-04-08 10:30:00.0,Intermediário
1.68246,1.68494,2008-04-08 11:00:00.0,Intermediário
1.67949,1.68205,2008-04-08 11:30:00.0,Intermediário
1.67011,1.67266,2008-04-08 12:00:00.0,Intermediário
1.67175,1.67422,2008-04-08 12:30:00.0,Intermediário
1.67373,1.67627,2008-04-08 13:00:00.0,Intermediário
1.67489,1.67736,2008-04-08 13:30:00.0,Intermediário
1.67308,1.67571,2008-04-08 14:00:00.0,Intermediário
1.67538,1.67802,2008-04-08 14:30:00.0,Intermediário
1.67488,1.67768,2008-04-08 15:00:00.0,Intermediário
1.67653,1.67925,2008-04-08 15:30:00.0,Intermediário
1.67095,1.67358,2008-04-08 16:00:00.0,Intermediário
1.66913,1.67137,2008-04-08 16:30:00.0,Fechamento Interbancário
1.67998,1.68104,2008-04-08 17:38:00.0,Fechamento
1.65894,1.66912,2008-04-09 09:19:00.0,Abertura
1.66291,1.66536,2008-04-09 09:30:00.0,Intermediário
1.66454,1.66699,2008-04-09 10:00:00.0,Intermediário
1.65826,1.6605,2008-04-09 10:30:00.0,Intermediário
1.65595,1.65832,2008-04-09 11:00:00.0,Intermediário
1.65177,1.65429,2008-04-09 11:30:00.0,Intermediário
1.65051,1.6528,2008-04-09 12:00:00.0,Intermediário
1.65197,1.65474,2008-04-09 12:30:00.0,Intermediário
1.65602,1.65842,2008-04-09 13:00:00.0,Intermediário
1.65783,1.66026,2008-04-09 13:30:00.0,Intermediário
1.65973,1.66211,2008-04-09 14:00:00.0,Intermediário
1.65946,1.66224,2008-04-09 14:30:00.0,Intermediário
1.65815,1.66093,2008-04-09 15:00:00.0,Intermediário
1.65701,1.65995,2008-04-09 15:30:00.0,Intermediário
1.6549,1.65734,2008-04-09 16:00:00.0,Intermediário
1.65425,1.65661,2008-04-09 16:30:00.0,Fechamento Interbancário
1.65425,1.65544,2008-04-09 17:35:00.0,Fechamento
1.65521,1.66536,2008-04-10 09:16:00.0,Abertura
1.66126,1.66388,2008-04-10 09:30:00.0,Intermediário
1.65142,1.65374,2008-04-10 10:00:00.0,Intermediário
1.65454,1.65765,2008-04-10 10:30:00.0,Intermediário
1.64839,1.65084,2008-04-10 11:00:00.0,Intermediário
1.6466,1.6492,2008-04-10 11:30:00.0,Intermediário
1.64571,1.6479,2008-04-10 12:00:00.0,Intermediário
1.64817,1.65094,2008-04-10 12:30:00.0,Intermediário
1.64801,1.65062,2008-04-10 13:00:00.0,Intermediário
1.65044,1.65338,2008-04-10 13:30:00.0,Intermediário
1.64882,1.65143,2008-04-10 14:00:00.0,Intermediário
1.65107,1.65342,2008-04-10 14:30:00.0,Intermediário
1.64786,1.6503,2008-04-10 15:00:00.0,Intermediário
1.64932,1.65177,2008-04-10 15:30:00.0,Intermediário
1.65569,1.65717,2008-04-10 16:00:00.0,Intermediário
1.65308,1.65569,2008-04-10 16:30:00.0,Fechamento Interbancário
1.65151,1.65294,2008-04-10 17:36:00.0,Fechamento
1.65538,1.66568,2008-04-11 09:08:00.0,Abertura
1.65848,1.66126,2008-04-11 09:30:00.0,Intermediário
1.65173,1.65442,2008-04-11 10:00:00.0,Intermediário
1.64907,1.65167,2008-04-11 10:30:00.0,Intermediário
1.64305,1.64556,2008-04-11 11:00:00.0,Intermediário
1.64743,1.65019,2008-04-11 11:30:00.0,Intermediário
1.64807,1.65076,2008-04-11 12:00:00.0,Intermediário
1.6471,1.64972,2008-04-11 12:30:00.0,Intermediário
1.64644,1.64856,2008-04-11 13:00:00.0,Intermediário
1.64393,1.64632,2008-04-11 13:30:00.0,Intermediário
1.6437,1.64662,2008-04-11 14:00:00.0,Intermediário
1.64483,1.64759,2008-04-11 14:30:00.0,Intermediário
1.64842,1.65102,2008-04-11 15:00:00.0,Intermediário
1.64875,1.65119,2008-04-11 15:30:00.0,Intermediário
1.64957,1.65217,2008-04-11 16:00:00.0,Intermediário
1.6494,1.65184,2008-04-11 16:31:00.0,Fechamento Interbancário
1.64823,1.6495,2008-04-11 17:38:00.0,Fechamento
1.65167,1.66178,2008-04-14 09:17:00.0,Abertura
1.65444,1.65753,2008-04-14 09:30:00.0,Intermediário
1.65226,1.65461,2008-04-14 10:00:00.0,Intermediário
1.65109,1.65361,2008-04-14 10:30:00.0,Intermediário
1.65017,1.65278,2008-04-14 11:00:00.0,Intermediário
1.65091,1.65262,2008-04-14 11:30:00.0,Intermediário
1.64675,1.64935,2008-04-14 12:00:00.0,Intermediário
1.65031,1.65325,2008-04-14 12:30:00.0,Intermediário
1.6474,1.65001,2008-04-14 13:00:00.0,Intermediário
1.64676,1.6492,2008-04-14 13:30:00.0,Intermediário
1.64724,1.64985,2008-04-14 14:00:00.0,Intermediário
1.64902,1.6513,2008-04-14 14:30:00.0,Intermediário
1.64898,1.65123,2008-04-14 15:00:00.0,Intermediário
1.64995,1.65245,2008-04-14 15:30:00.0,Intermediário
1.65262,1.65523,2008-04-14 16:00:00.0,Intermediário
1.65311,1.65506,2008-04-14 16:30:00.0,Fechamento Interbancário
1.65203,1.65379,2008-04-14 17:43:00.0,Fechamento
1.64384,1.65411,2008-04-15 09:16:00.0,Abertura
1.64464,1.64757,2008-04-15 09:30:00.0,Intermediário
1.64382,1.64659,2008-04-15 10:00:00.0,Intermediário
1.64561,1.64804,2008-04-15 10:30:00.0,Intermediário
1.64958,1.65194,2008-04-15 11:00:00.0,Intermediário
1.65121,1.65279,2008-04-15 11:30:00.0,Intermediário
1.65046,1.65291,2008-04-15 12:00:00.0,Intermediário
1.65177,1.65422,2008-04-15 12:30:00.0,Intermediário
1.65275,1.65521,2008-04-15 13:00:00.0,Intermediário
1.65243,1.65501,2008-04-15 13:30:00.0,Intermediário
1.65259,1.65472,2008-04-15 14:00:00.0,Intermediário
1.65178,1.65407,2008-04-15 14:30:00.0,Intermediário
1.64884,1.65096,2008-04-15 15:00:00.0,Intermediário
1.64811,1.65049,2008-04-15 15:30:00.0,Intermediário
1.64999,1.65236,2008-04-15 16:00:00.0,Intermediário
1.64983,1.65228,2008-04-15 16:30:00.0,Fechamento Interbancário
1.64924,1.65051,2008-04-15 17:35:00.0,Fechamento
1.65165,1.66221,2008-04-16 09:28:00.0,Abertura
1.65503,1.66286,2008-04-16 09:30:00.0,Intermediário
1.66393,1.66643,2008-04-16 10:00:00.0,Intermediário
1.66302,1.66584,2008-04-16 12:05:00.0,Intermediário
1.66202,1.66484,2008-04-16 12:07:00.0,Intermediário
1.66567,1.66866,2008-04-16 12:10:00.0,Intermediário
1.66418,1.66567,2008-04-16 12:12:00.0,Intermediário
1.66434,1.66683,2008-04-16 12:37:00.0,Intermediário
1.666,1.66833,2008-04-16 13:09:00.0,Intermediário
1.66633,1.66899,2008-04-16 13:30:00.0,Intermediário
1.66733,1.67033,2008-04-16 14:00:00.0,Intermediário
1.6645,1.66717,2008-04-16 14:30:00.0,Intermediário
1.66417,1.6665,2008-04-16 15:00:00.0,Intermediário
1.66439,1.66685,2008-04-16 15:30:00.0,Intermediário
1.66001,1.66281,2008-04-16 16:00:00.0,Intermediário
1.66018,1.66152,2008-04-16 16:30:00.0,Fechamento Interbancário
1.66627,1.66742,2008-04-16 17:35:00.0,Fechamento
1.64856,1.65919,2008-04-17 09:23:00.0,Abertura
1.65162,1.65445,2008-04-17 09:30:00.0,Intermediário
1.6476,1.6501,2008-04-17 10:00:00.0,Intermediário
1.64615,1.64895,2008-04-17 10:30:00.0,Intermediário
1.64466,1.64671,2008-04-17 11:00:00.0,Intermediário
1.63834,1.63973,2008-04-17 11:30:00.0,Intermediário
1.63588,1.6385,2008-04-17 12:00:00.0,Intermediário
1.6413,1.64338,2008-04-17 12:30:00.0,Intermediário
1.64244,1.64491,2008-04-17 13:00:00.0,Intermediário
1.64114,1.64361,2008-04-17 13:30:00.0,Intermediário
1.64098,1.64377,2008-04-17 14:00:00.0,Intermediário
1.64407,1.6467,2008-04-17 14:30:00.0,Intermediário
1.63782,1.6393,2008-04-17 15:00:00.0,Intermediário
1.64014,1.64309,2008-04-17 15:30:00.0,Intermediário
1.63523,1.63769,2008-04-17 16:00:00.0,Intermediário
1.63215,1.63477,2008-04-17 16:30:00.0,Fechamento Interbancário
1.63511,1.63654,2008-04-17 17:52:00.0,Fechamento
1.63322,1.64359,2008-04-18 09:16:00.0,Abertura
1.63602,1.63832,2008-04-18 09:30:00.0,Intermediário
1.63753,1.63999,2008-04-18 10:00:00.0,Intermediário
1.65339,1.65559,2008-04-18 10:30:00.0,Intermediário
1.65887,1.66136,2008-04-18 11:00:00.0,Intermediário
1.65556,1.65839,2008-04-18 11:30:00.0,Intermediário
1.64771,1.64911,2008-04-18 12:00:00.0,Intermediário
1.64655,1.65,2008-04-18 12:30:00.0,Intermediário
1.64965,1.65229,2008-04-18 13:00:00.0,Intermediário
1.64899,1.65179,2008-04-18 13:30:00.0,Intermediário
1.64899,1.65163,2008-04-18 14:00:00.0,Intermediário
1.64932,1.65229,2008-04-18 14:30:00.0,Intermediário
1.65822,1.6612,2008-04-18 15:00:00.0,Intermediário
1.65756,1.66054,2008-04-18 15:30:00.0,Intermediário
1.65871,1.66136,2008-04-18 16:00:00.0,Intermediário
1.65772,1.66053,2008-04-18 16:30:00.0,Fechamento Interbancário
1.65921,1.66083,2008-04-18 17:34:00.0,Fechamento
1.64532,1.65586,2008-04-22 09:15:00.0,Abertura
1.64862,1.65,2008-04-22 09:30:00.0,Intermediário
1.64778,1.65043,2008-04-22 10:00:00.0,Intermediário
1.63479,1.63742,2008-04-22 10:30:00.0,Intermediário
1.63931,1.64169,2008-04-22 11:00:00.0,Intermediário
1.6416,1.64324,2008-04-22 11:30:00.0,Intermediário
1.64437,1.64634,2008-04-22 12:00:00.0,Intermediário
1.64366,1.64679,2008-04-22 12:30:00.0,Intermediário
1.64815,1.65088,2008-04-22 13:00:00.0,Intermediário
1.64757,1.64999,2008-04-22 13:30:00.0,Intermediário
1.6441,1.64711,2008-04-22 14:00:00.0,Intermediário
1.64332,1.6458,2008-04-22 14:30:00.0,Intermediário
1.64351,1.64499,2008-04-22 15:00:00.0,Intermediário
1.64598,1.6483,2008-04-22 15:30:00.0,Intermediário
1.64585,1.64733,2008-04-22 16:00:00.0,Intermediário
1.64768,1.64929,2008-04-22 16:30:00.0,Fechamento Interbancário
1.6444,1.64581,2008-04-22 17:36:00.0,Fechamento
1.62796,1.63821,2008-04-23 09:16:00.0,Abertura
1.6242,1.62754,2008-04-23 09:30:00.0,Intermediário
1.62258,1.62515,2008-04-23 10:00:00.0,Intermediário
1.62169,1.62403,2008-04-23 10:30:00.0,Intermediário
1.6253,1.62745,2008-04-23 11:00:00.0,Intermediário
1.62294,1.62586,2008-04-23 11:30:00.0,Intermediário
1.6222,1.62464,2008-04-23 12:00:00.0,Intermediário
1.62205,1.62449,2008-04-23 12:30:00.0,Intermediário
1.62433,1.62693,2008-04-23 13:00:00.0,Intermediário
1.62369,1.62629,2008-04-23 13:30:00.0,Intermediário
1.62337,1.62581,2008-04-23 14:00:00.0,Intermediário
1.62608,1.62852,2008-04-23 14:30:00.0,Intermediário
1.62898,1.63045,2008-04-23 15:00:00.0,Intermediário
1.6293,1.63109,2008-04-23 15:30:00.0,Intermediário
1.62964,1.63209,2008-04-23 16:00:00.0,Intermediário
1.62834,1.62996,2008-04-23 16:30:00.0,Fechamento Interbancário
1.62873,1.63016,2008-04-23 17:31:00.0,Fechamento
1.622,1.63225,2008-04-24 09:21:00.0,Abertura
1.62578,1.62854,2008-04-24 09:30:00.0,Intermediário
1.63003,1.63279,2008-04-24 10:00:00.0,Intermediário
1.62618,1.62861,2008-04-24 10:30:00.0,Intermediário
1.63143,1.63444,2008-04-24 11:00:00.0,Intermediário
1.63333,1.63594,2008-04-24 11:30:00.0,Intermediário
1.64242,1.64471,2008-04-24 12:00:00.0,Intermediário
1.64594,1.64863,2008-04-24 12:30:00.0,Intermediário
1.64677,1.64972,2008-04-24 13:00:00.0,Intermediário
1.64596,1.64825,2008-04-24 13:30:00.0,Intermediário
1.64304,1.64533,2008-04-24 14:00:00.0,Intermediário
1.64405,1.64634,2008-04-24 14:30:00.0,Intermediário
1.63967,1.64195,2008-04-24 15:00:00.0,Intermediário
1.63926,1.64165,2008-04-24 15:30:00.0,Intermediário
1.64592,1.64825,2008-04-24 16:00:00.0,Intermediário
1.64238,1.645,2008-04-24 16:30:00.0,Fechamento Interbancário
1.64228,1.64372,2008-04-24 17:33:00.0,Fechamento
1.64754,1.65798,2008-04-25 09:23:00.0,Abertura
1.65205,1.65357,2008-04-25 09:30:00.0,Intermediário
1.64879,1.65158,2008-04-25 10:00:00.0,Intermediário
1.6426,1.64553,2008-04-25 10:30:00.0,Intermediário
1.64094,1.6439,2008-04-25 11:00:00.0,Intermediário
1.64142,1.64391,2008-04-25 11:30:00.0,Intermediário
1.64956,1.65208,2008-04-25 12:00:00.0,Intermediário
1.64647,1.64925,2008-04-25 12:30:00.0,Intermediário
1.64255,1.64392,2008-04-25 13:00:00.0,Intermediário
1.64225,1.64388,2008-04-25 13:30:00.0,Intermediário
1.64162,1.64295,2008-04-25 14:00:00.0,Intermediário
1.64249,1.64388,2008-04-25 14:30:00.0,Intermediário
1.64075,1.6432,2008-04-25 15:00:00.0,Intermediário
1.64188,1.64466,2008-04-25 15:30:00.0,Intermediário
1.63813,1.64043,2008-04-25 16:00:00.0,Intermediário
1.6391,1.64172,2008-04-25 16:30:00.0,Fechamento Interbancário
1.64206,1.64349,2008-04-25 17:40:00.0,Fechamento
1.63611,1.64662,2008-04-28 09:22:00.0,Abertura
1.64266,1.64512,2008-04-28 09:30:00.0,Intermediário
1.6407,1.64324,2008-04-28 10:00:00.0,Intermediário
1.63957,1.64203,2008-04-28 10:30:00.0,Intermediário
1.63862,1.64141,2008-04-28 11:00:00.0,Intermediário
1.64339,1.64488,2008-04-28 11:30:00.0,Intermediário
1.64619,1.64913,2008-04-28 12:00:00.0,Intermediário
1.64732,1.64994,2008-04-28 12:30:00.0,Intermediário
1.65189,1.65435,2008-04-28 13:16:00.0,Intermediário
1.65262,1.65525,2008-04-28 13:30:00.0,Intermediário
1.6545,1.65696,2008-04-28 14:00:00.0,Intermediário
1.65364,1.65598,2008-04-28 14:30:00.0,Intermediário
1.65664,1.6596,2008-04-28 15:00:00.0,Intermediário
1.66074,1.66321,2008-04-28 15:30:00.0,Intermediário
1.66601,1.66848,2008-04-28 16:00:00.0,Intermediário
1.66568,1.66831,2008-04-28 16:30:00.0,Fechamento Interbancário
1.6554,1.65685,2008-04-28 17:36:00.0,Fechamento
1.66831,1.67901,2008-04-29 09:16:00.0,Abertura
1.67342,1.67634,2008-04-29 09:30:00.0,Intermediário
1.6716,1.67474,2008-04-29 10:00:00.0,Intermediário
1.67554,1.67719,2008-04-29 11:00:00.0,Intermediário
1.67489,1.67736,2008-04-29 11:18:00.0,Intermediário
1.67489,1.67738,2008-04-29 11:30:00.0,Intermediário
1.6757,1.67833,2008-04-29 12:00:00.0,Intermediário
1.67669,1.67834,2008-04-29 12:30:00.0,Intermediário
1.67769,1.68016,2008-04-29 13:00:00.0,Intermediário
1.67686,1.6793,2008-04-29 13:30:00.0,Intermediário
1.68047,1.6831,2008-04-29 14:00:00.0,Intermediário
1.68474,1.68704,2008-04-29 14:30:00.0,Intermediário
1.6867,1.68913,2008-04-29 15:00:00.0,Intermediário
1.68477,1.68624,2008-04-29 15:30:00.0,Intermediário
1.68181,1.68363,2008-04-29 16:00:00.0,Intermediário
1.68296,1.6856,2008-04-29 16:30:00.0,Fechamento Interbancário
1.68395,1.68541,2008-04-29 17:33:00.0,Fechamento
1.67928,1.68993,2008-04-30 09:13:00.0,Abertura
1.68415,1.68671,2008-04-30 09:30:00.0,Intermediário
1.69148,1.69448,2008-04-30 10:00:00.0,Intermediário
1.69255,1.69488,2008-04-30 10:30:00.0,Intermediário
1.68157,1.68405,2008-04-30 11:00:00.0,Intermediário
1.68339,1.68622,2008-04-30 11:30:00.0,Intermediário
1.67759,1.6809,2008-04-30 12:00:00.0,Intermediário
1.67441,1.67665,2008-04-30 12:30:00.0,Intermediário
1.67525,1.6777,2008-04-30 13:00:00.0,Intermediário
1.67872,1.68121,2008-04-30 13:30:00.0,Intermediário
1.67972,1.68204,2008-04-30 14:00:00.0,Intermediário
1.67939,1.68204,2008-04-30 14:30:00.0,Intermediário
1.67775,1.68024,2008-04-30 15:00:00.0,Intermediário
1.67403,1.67685,2008-04-30 15:30:00.0,Intermediário
1.65356,1.65637,2008-04-30 16:00:00.0,Intermediário
1.64995,1.65242,2008-04-30 16:30:00.0,Fechamento Interbancário
1.67518,1.67647,2008-04-30 17:37:00.0,Fechamento
1.62061,1.63109,2008-05-02 09:16:00.0,Abertura
1.62308,1.62726,2008-05-02 09:30:00.0,Intermediário
1.62401,1.62645,2008-05-02 10:00:00.0,Intermediário
1.60869,1.61112,2008-05-02 10:30:00.0,Intermediário
1.60994,1.61257,2008-05-02 11:00:00.0,Intermediário
1.61429,1.61586,2008-05-02 11:30:00.0,Intermediário
1.6173,1.61892,2008-05-02 12:00:00.0,Intermediário
1.61604,1.61849,2008-05-02 12:30:00.0,Intermediário
1.61422,1.61659,2008-05-02 13:00:00.0,Intermediário
1.61271,1.61499,2008-05-02 13:30:00.0,Intermediário
1.61319,1.61547,2008-05-02 14:00:00.0,Intermediário
1.61306,1.61566,2008-05-02 14:30:00.0,Intermediário
1.61547,1.61807,2008-05-02 15:00:00.0,Intermediário
1.6168,1.61939,2008-05-02 15:30:00.0,Intermediário
1.6157,1.61794,2008-05-02 16:00:00.0,Intermediário
1.61455,1.61741,2008-05-02 16:30:00.0,Fechamento Interbancário
1.61729,1.61898,2008-05-02 17:35:00.0,Fechamento
1.61698,1.62759,2008-05-05 09:27:00.0,Abertura
1.62327,1.62587,2008-05-05 09:30:00.0,Intermediário
1.62502,1.62763,2008-05-05 10:00:00.0,Intermediário
1.62483,1.62661,2008-05-05 10:30:00.0,Intermediário
1.62287,1.62563,2008-05-05 11:00:00.0,Intermediário
1.63289,1.63436,2008-05-05 11:30:00.0,Intermediário
1.63587,1.63732,2008-05-05 12:00:00.0,Intermediário
1.63805,1.63968,2008-05-05 12:30:00.0,Intermediário
1.63795,1.64041,2008-05-05 13:00:00.0,Intermediário
1.63722,1.64017,2008-05-05 13:30:00.0,Intermediário
1.63622,1.63857,2008-05-05 14:00:00.0,Intermediário
1.63674,1.63889,2008-05-05 14:30:00.0,Intermediário
1.62777,1.62955,2008-05-05 15:00:00.0,Intermediário
1.6366,1.63807,2008-05-05 15:30:00.0,Intermediário
1.63461,1.63706,2008-05-05 16:00:00.0,Intermediário
1.63459,1.63708,2008-05-05 16:30:00.0,Fechamento Interbancário
1.63557,1.63688,2008-05-05 17:35:00.0,Fechamento
1.63539,1.64559,2008-05-06 09:19:00.0,Abertura
1.62973,1.63249,2008-05-06 09:30:00.0,Intermediário
1.63802,1.64148,2008-05-06 10:00:00.0,Intermediário
1.64182,1.64346,2008-05-06 10:30:00.0,Intermediário
1.64331,1.64626,2008-05-06 11:00:00.0,Intermediário
1.65172,1.65392,2008-05-06 11:30:00.0,Intermediário
1.64665,1.64913,2008-05-06 12:00:00.0,Intermediário
1.65702,1.66001,2008-05-06 12:30:00.0,Intermediário
1.65355,1.6562,2008-05-06 13:00:00.0,Intermediário
1.65603,1.65819,2008-05-06 13:30:00.0,Intermediário
1.63886,1.64181,2008-05-06 14:00:00.0,Intermediário
1.62777,1.63053,2008-05-06 14:30:00.0,Intermediário
1.62189,1.62464,2008-05-06 15:00:00.0,Intermediário
1.63491,1.63785,2008-05-06 15:30:00.0,Intermediário
1.65603,1.65785,2008-05-06 16:00:00.0,Intermediário
1.65337,1.65586,2008-05-06 16:30:00.0,Fechamento Interbancário
1.65606,1.65736,2008-05-06 17:37:00.0,Fechamento
1.65171,1.66224,2008-05-07 09:16:00.0,Abertura
1.65536,1.65866,2008-05-07 09:30:00.0,Intermediário
1.65819,1.66077,2008-05-07 10:00:00.0,Intermediário
1.65854,1.66086,2008-05-07 10:30:00.0,Intermediário
1.65853,1.66118,2008-05-07 11:00:00.0,Intermediário
1.65854,1.66094,2008-05-07 11:30:00.0,Intermediário
1.6657,1.66816,2008-05-07 12:00:00.0,Intermediário
1.6655,1.66833,2008-05-07 12:30:00.0,Intermediário
1.66883,1.67144,2008-05-07 13:00:00.0,Intermediário
1.66791,1.67032,2008-05-07 13:30:00.0,Intermediário
1.66775,1.67024,2008-05-07 14:00:00.0,Intermediário
1.66916,1.67182,2008-05-07 14:30:00.0,Intermediário
1.66926,1.6718,2008-05-07 15:00:00.0,Intermediário
1.67662,1.67818,2008-05-07 15:30:00.0,Intermediário
1.67544,1.67693,2008-05-07 16:00:00.0,Intermediário
1.67627,1.67909,2008-05-07 16:30:00.0,Fechamento Interbancário
1.66167,1.66329,2008-05-07 17:38:00.0,Fechamento
1.66877,1.67875,2008-05-08 09:21:00.0,Abertura
1.67423,1.67704,2008-05-08 09:30:00.0,Intermediário
1.67602,1.67836,2008-05-08 10:00:00.0,Intermediário
1.67227,1.67491,2008-05-08 10:30:00.0,Intermediário
1.66831,1.67178,2008-05-08 11:00:00.0,Intermediário
1.66864,1.67128,2008-05-08 11:30:00.0,Intermediário
1.66782,1.67012,2008-05-08 12:00:00.0,Intermediário
1.66108,1.66387,2008-05-08 12:30:00.0,Intermediário
1.65485,1.65739,2008-05-08 13:00:00.0,Intermediário
1.65509,1.6578,2008-05-08 13:30:00.0,Intermediário
1.65566,1.65816,2008-05-08 14:00:00.0,Intermediário
1.65419,1.65698,2008-05-08 14:30:00.0,Intermediário
1.65798,1.6606,2008-05-08 15:00:00.0,Intermediário
1.66634,1.6688,2008-05-08 15:30:00.0,Intermediário
1.6683,1.67093,2008-05-08 16:00:00.0,Intermediário
1.66323,1.66585,2008-05-08 16:30:00.0,Fechamento Interbancário
1.66401,1.66545,2008-05-08 17:40:00.0,Fechamento
1.68055,1.69097,2008-05-09 09:14:00.0,Abertura
1.68765,1.69048,2008-05-09 09:30:00.0,Intermediário
1.68835,1.69084,2008-05-09 10:00:00.0,Intermediário
1.6789,1.68122,2008-05-09 10:30:00.0,Intermediário
1.68073,1.6833,2008-05-09 11:00:00.0,Intermediário
1.67659,1.67908,2008-05-09 11:30:00.0,Intermediário
1.6766,1.67909,2008-05-09 12:00:00.0,Intermediário
1.67903,1.68127,2008-05-09 12:30:00.0,Intermediário
1.67727,1.67959,2008-05-09 13:00:00.0,Intermediário
1.6771,1.68009,2008-05-09 13:30:00.0,Intermediário
1.6756,1.67804,2008-05-09 14:00:00.0,Intermediário
1.67743,1.68008,2008-05-09 14:30:00.0,Intermediário
1.67511,1.67776,2008-05-09 15:00:00.0,Intermediário
1.68025,1.68257,2008-05-09 15:30:00.0,Intermediário
1.67461,1.6771,2008-05-09 16:00:00.0,Intermediário
1.67404,1.67544,2008-05-09 16:30:00.0,Fechamento Interbancário
1.68308,1.68429,2008-05-09 17:33:00.0,Fechamento
1.66501,1.67546,2008-05-12 09:15:00.0,Abertura
1.66899,1.67281,2008-05-12 09:30:00.0,Intermediário
1.66832,1.67081,2008-05-12 10:00:00.0,Intermediário
1.66534,1.66832,2008-05-12 10:30:00.0,Intermediário
1.66501,1.66634,2008-05-12 11:00:00.0,Intermediário
1.66534,1.66683,2008-05-12 11:30:00.0,Intermediário
1.66137,1.66385,2008-05-12 12:00:00.0,Intermediário
1.65954,1.66212,2008-05-12 12:30:00.0,Intermediário
1.66036,1.66301,2008-05-12 13:00:00.0,Intermediário
1.65871,1.66144,2008-05-12 13:30:00.0,Intermediário
1.66085,1.66334,2008-05-12 14:00:00.0,Intermediário
1.65811,1.66019,2008-05-12 14:30:00.0,Intermediário
1.65662,1.65903,2008-05-12 15:00:00.0,Intermediário
1.65621,1.65903,2008-05-12 15:30:00.0,Intermediário
1.6558,1.65738,2008-05-12 16:00:00.0,Intermediário
1.6552,1.65754,2008-05-12 16:30:00.0,Fechamento Interbancário
1.66565,1.6668,2008-05-12 17:35:00.0,Fechamento
1.65043,1.66087,2008-05-13 09:17:00.0,Abertura
1.65374,1.65639,2008-05-13 09:30:00.0,Intermediário
1.64976,1.65123,2008-05-13 10:00:00.0,Intermediário
1.64829,1.64994,2008-05-13 10:30:00.0,Intermediário
1.65572,1.65721,2008-05-13 11:00:00.0,Intermediário
1.65223,1.65488,2008-05-13 11:30:00.0,Intermediário
1.65736,1.66018,2008-05-13 12:00:00.0,Intermediário
1.6618,1.66415,2008-05-13 12:30:00.0,Intermediário
1.663,1.66733,2008-05-13 13:00:00.0,Intermediário
1.65486,1.65752,2008-05-13 13:30:00.0,Intermediário
1.65453,1.65694,2008-05-13 14:00:00.0,Intermediário
1.65486,1.65735,2008-05-13 14:30:00.0,Intermediário
1.6522,1.65369,2008-05-13 15:00:00.0,Intermediário
1.65055,1.65237,2008-05-13 15:30:00.0,Intermediário
1.65022,1.65221,2008-05-13 16:00:00.0,Intermediário
1.65121,1.65303,2008-05-13 16:30:00.0,Fechamento Interbancário
1.65271,1.65433,2008-05-13 17:35:00.0,Fechamento
1.66784,1.67869,2008-05-14 09:22:00.0,Abertura
1.65782,1.65949,2008-05-14 09:30:00.0,Intermediário
1.66817,1.67,2008-05-14 10:27:00.0,Intermediário
1.66117,1.664,2008-05-14 10:30:00.0,Intermediário
1.66335,1.66583,2008-05-14 11:00:00.0,Intermediário
1.66017,1.66233,2008-05-14 11:30:00.0,Intermediário
1.65669,1.65918,2008-05-14 12:00:00.0,Intermediário
1.65587,1.65852,2008-05-14 12:30:00.0,Intermediário
1.65768,1.66009,2008-05-14 13:00:00.0,Intermediário
1.65636,1.65935,2008-05-14 13:30:00.0,Intermediário
1.65603,1.6586,2008-05-14 14:00:00.0,Intermediário
1.65818,1.65934,2008-05-14 14:30:00.0,Intermediário
1.65734,1.66017,2008-05-14 15:00:00.0,Intermediário
1.65951,1.66134,2008-05-14 15:30:00.0,Intermediário
1.65545,1.6577,2008-05-14 16:00:00.0,Intermediário
1.65885,1.66031,2008-05-14 16:30:00.0,Fechamento Interbancário
1.65915,1.66041,2008-05-14 17:36:00.0,Fechamento
1.65568,1.66582,2008-05-15 09:21:00.0,Abertura
1.65631,1.65885,2008-05-15 09:30:00.0,Intermediário
1.65819,1.66077,2008-05-15 10:00:00.0,Intermediário
1.66017,1.66233,2008-05-15 10:30:00.0,Intermediário
1.65735,1.66548,2008-05-15 11:00:00.0,Intermediário
1.65834,1.661,2008-05-15 11:30:00.0,Intermediário
1.65553,1.65801,2008-05-15 12:00:00.0,Intermediário
1.65517,1.6575,2008-05-15 12:30:00.0,Intermediário
1.656,1.65883,2008-05-15 13:00:00.0,Intermediário
1.65018,1.65268,2008-05-15 13:30:00.0,Intermediário
1.64772,1.65053,2008-05-15 14:00:00.0,Intermediário
1.64903,1.65152,2008-05-15 14:30:00.0,Intermediário
1.65609,1.65834,2008-05-15 15:00:00.0,Intermediário
1.65476,1.65734,2008-05-15 15:30:00.0,Intermediário
1.65118,1.65368,2008-05-15 16:00:00.0,Intermediário
1.65301,1.65459,2008-05-15 16:30:00.0,Fechamento Interbancário
1.65831,1.65969,2008-05-15 17:49:00.0,Fechamento
1.64745,1.65831,2008-05-16 09:07:00.0,Abertura
1.65111,1.65327,2008-05-16 09:30:00.0,Intermediário
1.64566,1.64865,2008-05-16 10:00:00.0,Intermediário
1.65196,1.65329,2008-05-16 10:30:00.0,Intermediário
1.65411,1.65664,2008-05-16 11:00:00.0,Intermediário
1.65128,1.65429,2008-05-16 11:30:00.0,Intermediário
1.64955,1.65198,2008-05-16 12:00:00.0,Intermediário
1.6508,1.65346,2008-05-16 12:30:00.0,Intermediário
1.64859,1.65099,2008-05-16 13:00:00.0,Intermediário
1.64662,1.64912,2008-05-16 13:30:00.0,Intermediário
1.64413,1.64655,2008-05-16 14:00:00.0,Intermediário
1.64318,1.64558,2008-05-16 14:30:00.0,Intermediário
1.64316,1.64582,2008-05-16 15:00:00.0,Intermediário
1.64018,1.64184,2008-05-16 15:30:00.0,Intermediário
1.63918,1.64184,2008-05-16 16:00:00.0,Intermediário
1.64049,1.64315,2008-05-16 16:30:00.0,Fechamento Interbancário
1.64309,1.64455,2008-05-16 17:36:00.0,Fechamento
1.6462,1.65656,2008-05-19 09:21:00.0,Abertura
1.64973,1.65241,2008-05-19 09:30:00.0,Intermediário
1.65107,1.65291,2008-05-19 10:00:00.0,Intermediário
1.65038,1.65323,2008-05-19 10:30:00.0,Intermediário
1.65826,1.66061,2008-05-19 11:00:00.0,Intermediário
1.65677,1.65945,2008-05-19 11:30:00.0,Intermediário
1.65861,1.66102,2008-05-19 12:00:00.0,Intermediário
1.65877,1.66129,2008-05-19 12:30:00.0,Intermediário
1.65979,1.66246,2008-05-19 13:00:00.0,Intermediário
1.65978,1.6623,2008-05-19 13:30:00.0,Intermediário
1.65902,1.66146,2008-05-19 14:00:00.0,Intermediário
1.65986,1.66231,2008-05-19 14:30:00.0,Intermediário
1.66045,1.6633,2008-05-19 15:00:00.0,Intermediário
1.65794,1.66079,2008-05-19 15:30:00.0,Intermediário
1.66112,1.66398,2008-05-19 16:00:00.0,Intermediário
1.65945,1.66211,2008-05-19 16:30:00.0,Fechamento Interbancário
1.65763,1.65909,2008-05-19 17:37:00.0,Fechamento
1.65809,1.66919,2008-05-20 09:22:00.0,Abertura
1.66448,1.66667,2008-05-20 09:30:00.0,Intermediário
1.66699,1.66936,2008-05-20 10:00:00.0,Intermediário
1.66902,1.67087,2008-05-20 10:30:00.0,Intermediário
1.67171,1.67423,2008-05-20 11:00:00.0,Intermediário
1.66905,1.67154,2008-05-20 11:30:00.0,Intermediário
1.67121,1.67356,2008-05-20 12:00:00.0,Intermediário
1.66231,1.66516,2008-05-20 12:30:00.0,Intermediário
1.66398,1.66633,2008-05-20 13:00:00.0,Intermediário
1.66616,1.66885,2008-05-20 13:30:00.0,Intermediário
1.66465,1.66717,2008-05-20 14:00:00.0,Intermediário
1.66482,1.66751,2008-05-20 14:30:00.0,Intermediário
1.66214,1.66356,2008-05-20 15:00:00.0,Intermediário
1.66314,1.66566,2008-05-20 15:30:00.0,Intermediário
1.66062,1.66331,2008-05-20 16:00:00.0,Intermediário
1.66114,1.66363,2008-05-20 16:30:00.0,Fechamento Interbancário
1.66941,1.67068,2008-05-20 17:38:00.0,Fechamento
1.66802,1.6792,2008-05-21 09:21:00.0,Abertura
1.66937,1.67242,2008-05-21 09:30:00.0,Intermediário
1.66971,1.67275,2008-05-21 10:00:00.0,Intermediário
1.66903,1.6714,2008-05-21 10:30:00.0,Intermediário
1.67029,1.67273,2008-05-21 11:00:00.0,Intermediário
1.67123,1.67394,2008-05-21 11:30:00.0,Intermediário
1.67531,1.67786,2008-05-21 12:00:00.0,Intermediário
1.67378,1.67658,2008-05-21 12:30:00.0,Intermediário
1.67598,1.67869,2008-05-21 13:00:00.0,Intermediário
1.67649,1.67878,2008-05-21 13:30:00.0,Intermediário
1.67736,1.67972,2008-05-21 14:00:00.0,Intermediário
1.67547,1.67792,2008-05-21 14:30:00.0,Intermediário
1.67394,1.67699,2008-05-21 15:00:00.0,Intermediário
1.67477,1.6775,2008-05-21 15:30:00.0,Intermediário
1.68223,1.68479,2008-05-21 16:00:00.0,Intermediário
1.68343,1.68615,2008-05-21 16:30:00.0,Fechamento Interbancário
1.67469,1.67619,2008-05-21 17:39:00.0,Fechamento
1.66988,1.68103,2008-05-23 09:20:00.0,Abertura
1.67359,1.67613,2008-05-23 09:30:00.0,Intermediário
1.67394,1.67665,2008-05-23 10:00:00.0,Intermediário
1.67598,1.67869,2008-05-23 10:30:00.0,Intermediário
1.67957,1.68344,2008-05-23 11:00:00.0,Intermediário
1.67631,1.67885,2008-05-23 11:30:00.0,Intermediário
1.67593,1.6772,2008-05-23 12:00:00.0,Intermediário
1.67697,1.67832,2008-05-23 12:30:00.0,Intermediário
1.67408,1.67696,2008-05-23 13:00:00.0,Intermediário
1.67578,1.67865,2008-05-23 13:30:00.0,Intermediário
1.67408,1.67668,2008-05-23 14:00:00.0,Intermediário
1.67527,1.67797,2008-05-23 14:30:00.0,Intermediário
1.68219,1.68489,2008-05-23 15:00:00.0,Intermediário
1.68083,1.68353,2008-05-23 15:30:00.0,Intermediário
1.67998,1.68252,2008-05-23 16:00:00.0,Intermediário
1.67813,1.68041,2008-05-23 16:30:00.0,Fechamento Interbancário
1.67297,1.67404,2008-05-23 17:34:00.0,Fechamento
1.67543,1.68588,2008-05-26 09:16:00.0,Abertura
1.67846,1.68134,2008-05-26 09:30:00.0,Intermediário
1.6788,1.68134,2008-05-26 10:00:00.0,Intermediário
1.67779,1.68117,2008-05-26 10:30:00.0,Intermediário
1.67863,1.68032,2008-05-26 11:00:00.0,Intermediário
1.67796,1.68049,2008-05-26 11:30:00.0,Intermediário
1.6761,1.67804,2008-05-26 12:00:00.0,Intermediário
1.6766,1.67812,2008-05-26 12:30:00.0,Intermediário
1.6766,1.6793,2008-05-26 13:00:00.0,Intermediário
1.67187,1.6749,2008-05-26 13:30:00.0,Intermediário
1.67153,1.67473,2008-05-26 14:00:00.0,Intermediário
1.67322,1.67625,2008-05-26 14:30:00.0,Intermediário
1.67154,1.67423,2008-05-26 15:00:00.0,Intermediário
1.67086,1.67355,2008-05-26 15:30:00.0,Intermediário
1.6712,1.67456,2008-05-26 16:00:00.0,Intermediário
1.67087,1.67372,2008-05-26 16:30:00.0,Fechamento Interbancário
1.67308,1.67473,2008-05-26 17:35:00.0,Fechamento
1.66801,1.67914,2008-05-27 09:06:00.0,Abertura
1.67359,1.67612,2008-05-27 09:30:00.0,Intermediário
1.67358,1.6751,2008-05-27 10:08:00.0,Intermediário
1.66818,1.67011,2008-05-27 10:30:00.0,Intermediário
1.67059,1.67325,2008-05-27 11:00:00.0,Intermediário
1.67354,1.67588,2008-05-27 11:30:00.0,Intermediário
1.67186,1.67412,2008-05-27 12:00:00.0,Intermediário
1.67388,1.6764,2008-05-27 12:40:00.0,Intermediário
1.67992,1.68259,2008-05-27 13:00:00.0,Intermediário
1.68078,1.68346,2008-05-27 13:30:00.0,Intermediário
1.68043,1.68278,2008-05-27 14:00:00.0,Intermediário
1.68093,1.68363,2008-05-27 14:30:00.0,Intermediário
1.6812,1.68362,2008-05-27 15:00:00.0,Intermediário
1.68395,1.68546,2008-05-27 15:30:00.0,Intermediário
1.67823,1.68109,2008-05-27 16:00:00.0,Intermediário
1.67982,1.68227,2008-05-27 16:30:00.0,Fechamento Interbancário
1.67811,1.67935,2008-05-27 17:36:00.0,Fechamento
1.66734,1.67806,2008-05-28 09:22:00.0,Abertura
1.67119,1.67253,2008-05-28 09:30:00.0,Intermediário
1.67253,1.67488,2008-05-28 10:00:00.0,Intermediário
1.67228,1.67362,2008-05-28 10:30:00.0,Intermediário
1.685,1.68652,2008-05-28 11:00:00.0,Intermediário
1.6845,1.68636,2008-05-28 11:30:00.0,Intermediário
1.67791,1.67926,2008-05-28 12:00:00.0,Intermediário
1.68128,1.68364,2008-05-28 12:30:00.0,Intermediário
1.68415,1.68667,2008-05-28 13:00:00.0,Intermediário
1.68704,1.6894,2008-05-28 13:30:00.0,Intermediário
1.68772,1.69025,2008-05-28 14:00:00.0,Intermediário
1.68653,1.6894,2008-05-28 14:30:00.0,Intermediário
1.67945,1.68215,2008-05-28 15:00:00.0,Intermediário
1.6766,1.67947,2008-05-28 15:30:00.0,Intermediário
1.67153,1.67375,2008-05-28 16:00:00.0,Intermediário
1.66986,1.67189,2008-05-28 16:30:00.0,Fechamento Interbancário
1.67814,1.67997,2008-05-28 17:37:00.0,Fechamento
1.66903,1.67995,2008-05-29 09:20:00.0,Abertura
1.67377,1.67539,2008-05-29 09:30:00.0,Intermediário
1.67683,1.67853,2008-05-29 10:00:00.0,Intermediário
1.67343,1.6753,2008-05-29 10:30:00.0,Intermediário
1.67157,1.67411,2008-05-29 11:00:00.0,Intermediário
1.67631,1.67868,2008-05-29 11:30:00.0,Intermediário
1.67378,1.67547,2008-05-29 12:00:00.0,Intermediário
1.67157,1.67309,2008-05-29 12:30:00.0,Intermediário
1.66977,1.67131,2008-05-29 13:00:00.0,Intermediário
1.66835,1.6697,2008-05-29 13:30:00.0,Intermediário
1.66802,1.66987,2008-05-29 14:00:00.0,Intermediário
1.66648,1.66785,2008-05-29 14:30:00.0,Intermediário
1.66431,1.66684,2008-05-29 15:00:00.0,Intermediário
1.66229,1.66414,2008-05-29 15:30:00.0,Intermediário
1.6542,1.65706,2008-05-29 16:00:00.0,Intermediário
1.65319,1.65588,2008-05-29 16:30:00.0,Fechamento Interbancário
1.66613,1.66761,2008-05-29 17:32:00.0,Fechamento
1.645,1.65558,2008-05-30 09:14:00.0,Abertura
1.64112,1.64388,2008-05-30 09:30:00.0,Intermediário
1.63905,1.6414,2008-05-30 10:00:00.0,Intermediário
1.63981,1.64241,2008-05-30 10:30:00.0,Intermediário
1.64103,1.64269,2008-05-30 11:00:00.0,Intermediário
1.63671,1.63938,2008-05-30 11:30:00.0,Intermediário
1.64033,1.64251,2008-05-30 12:00:00.0,Intermediário
1.63516,1.63783,2008-05-30 12:30:00.0,Intermediário
1.63364,1.63598,2008-05-30 13:00:00.0,Intermediário
1.63369,1.63598,2008-05-30 13:30:00.0,Intermediário
1.6315,1.63384,2008-05-30 14:00:00.0,Intermediário
1.63438,1.63695,2008-05-30 14:30:00.0,Intermediário
1.6338,1.6358,2008-05-30 15:00:00.0,Intermediário
1.6375,1.6405,2008-05-30 15:30:00.0,Intermediário
1.63676,1.63901,2008-05-30 16:00:00.0,Intermediário
1.63483,1.63717,2008-05-30 16:30:00.0,Fechamento Interbancário
1.63744,1.63858,2008-05-30 17:35:00.0,Fechamento
1.63302,1.64373,2008-06-02 09:20:00.0,Abertura
1.6362,1.63903,2008-06-02 09:30:00.0,Intermediário
1.63392,1.63642,2008-06-02 10:00:00.0,Intermediário
1.6354,1.63806,2008-06-02 10:30:00.0,Intermediário
1.63619,1.63926,2008-06-02 11:00:00.0,Intermediário
1.63711,1.63994,2008-06-02 11:30:00.0,Intermediário
1.63235,1.63451,2008-06-02 12:00:00.0,Intermediário
1.63218,1.63467,2008-06-02 12:30:00.0,Intermediário
1.6254,1.62821,2008-06-02 13:00:00.0,Intermediário
1.62483,1.62756,2008-06-02 13:30:00.0,Intermediário
1.62567,1.62822,2008-06-02 14:00:00.0,Intermediário
1.62575,1.62807,2008-06-02 14:30:00.0,Intermediário
1.62882,1.63139,2008-06-02 15:00:00.0,Intermediário
1.62874,1.63106,2008-06-02 15:30:00.0,Intermediário
1.6291,1.63064,2008-06-02 16:00:00.0,Intermediário
1.62781,1.63041,2008-06-02 16:31:00.0,Fechamento Interbancário
1.62801,1.62941,2008-06-02 17:37:00.0,Fechamento
1.61426,1.62473,2008-06-03 09:14:00.0,Abertura
1.61932,1.62173,2008-06-03 09:30:00.0,Intermediário
1.61656,1.61895,2008-06-03 10:00:00.0,Intermediário
1.61143,1.61294,2008-06-03 10:30:00.0,Intermediário
1.61129,1.61431,2008-06-03 11:00:00.0,Intermediário
1.61201,1.61364,2008-06-03 11:30:00.0,Intermediário
1.61265,1.61396,2008-06-03 12:00:00.0,Intermediário
1.61088,1.61367,2008-06-03 12:30:00.0,Intermediário
1.61329,1.61576,2008-06-03 13:00:00.0,Intermediário
1.61185,1.61447,2008-06-03 13:30:00.0,Intermediário
1.6112,1.61367,2008-06-03 14:00:00.0,Intermediário
1.60977,1.61239,2008-06-03 14:30:00.0,Intermediário
1.61457,1.61719,2008-06-03 15:00:00.0,Intermediário
1.61482,1.61712,2008-06-03 15:30:00.0,Intermediário
1.61204,1.61461,2008-06-03 16:00:00.0,Intermediário
1.61233,1.61479,2008-06-03 16:30:00.0,Fechamento Interbancário
1.60608,1.60736,2008-06-03 17:33:00.0,Fechamento
1.61201,1.62272,2008-06-04 09:15:00.0,Abertura
1.61241,1.61892,2008-06-04 09:30:00.0,Intermediário
1.61867,1.6201,2008-06-04 10:00:00.0,Intermediário
1.61648,1.61894,2008-06-04 10:30:00.0,Intermediário
1.6123,1.61491,2008-06-04 11:00:00.0,Intermediário
1.61246,1.61523,2008-06-04 11:30:00.0,Intermediário
1.60947,1.61176,2008-06-04 12:00:00.0,Intermediário
1.60899,1.61176,2008-06-04 12:46:00.0,Intermediário
1.60591,1.60907,2008-06-04 13:00:00.0,Intermediário
1.60489,1.60726,2008-06-04 13:30:00.0,Intermediário
1.60568,1.60805,2008-06-04 14:00:00.0,Intermediário
1.60667,1.60927,2008-06-04 14:30:00.0,Intermediário
1.60363,1.60576,2008-06-04 15:00:00.0,Intermediário
1.60292,1.60513,2008-06-04 15:30:00.0,Intermediário
1.60094,1.6037,2008-06-04 16:00:00.0,Intermediário
1.59827,1.60102,2008-06-04 16:30:00.0,Fechamento Interbancário
1.60014,1.60171,2008-06-04 17:38:00.0,Fechamento
1.58607,1.59628,2008-06-05 09:26:00.0,Abertura
1.59452,1.59694,2008-06-05 09:41:00.0,Intermediário
1.59365,1.59639,2008-06-05 10:12:00.0,Intermediário
1.59276,1.59534,2008-06-05 10:30:00.0,Intermediário
1.59388,1.59608,2008-06-05 11:00:00.0,Intermediário
1.59295,1.59524,2008-06-05 11:30:00.0,Intermediário
1.5899,1.59095,2008-06-05 12:00:00.0,Intermediário
1.59501,1.59835,2008-06-05 12:30:00.0,Intermediário
1.59737,1.6011,2008-06-05 13:00:00.0,Intermediário
1.59816,1.60031,2008-06-05 13:30:00.0,Intermediário
1.5982,1.60141,2008-06-05 14:00:00.0,Intermediário
1.599,1.60141,2008-06-05 14:30:00.0,Intermediário
1.60031,1.60161,2008-06-05 15:00:00.0,Intermediário
1.59784,1.60027,2008-06-05 15:30:00.0,Intermediário
1.59859,1.6011,2008-06-05 16:00:00.0,Intermediário
1.59674,1.59796,2008-06-05 16:30:00.0,Fechamento Interbancário
1.59713,1.59815,2008-06-05 17:34:00.0,Fechamento
1.58839,1.59843,2008-06-06 09:20:00.0,Abertura
1.59139,1.59572,2008-06-06 09:30:00.0,Intermediário
1.59376,1.59604,2008-06-06 10:00:00.0,Intermediário
1.59741,1.59969,2008-06-06 10:30:00.0,Intermediário
1.59533,1.59839,2008-06-06 11:00:00.0,Intermediário
1.59764,1.59973,2008-06-06 11:30:00.0,Intermediário
1.5987,1.60083,2008-06-06 12:00:00.0,Intermediário
1.59823,1.60067,2008-06-06 12:30:00.0,Intermediário
1.59682,1.59925,2008-06-06 13:00:00.0,Intermediário
1.59768,1.60004,2008-06-06 13:30:00.0,Intermediário
1.59713,1.59988,2008-06-06 14:00:00.0,Intermediário
1.59595,1.59855,2008-06-06 14:30:00.0,Intermediário
1.59553,1.59713,2008-06-06 15:00:00.0,Intermediário
1.59894,1.60016,2008-06-06 15:30:00.0,Intermediário
1.60192,1.60467,2008-06-06 16:00:00.0,Intermediário
1.60302,1.60546,2008-06-06 16:30:00.0,Fechamento Interbancário
1.59753,1.59878,2008-06-06 17:36:00.0,Fechamento
1.59039,1.60063,2008-06-09 09:20:00.0,Abertura
1.59425,1.59698,2008-06-09 09:30:00.0,Intermediário
1.59359,1.59588,2008-06-09 10:00:00.0,Intermediário
1.59179,1.59307,2008-06-09 10:30:00.0,Intermediário
1.58972,1.59239,2008-06-09 11:00:00.0,Intermediário
1.58991,1.59244,2008-06-09 11:30:00.0,Intermediário
1.58636,1.58862,2008-06-09 12:00:00.0,Intermediário
1.58219,1.58476,2008-06-09 12:30:00.0,Intermediário
1.58584,1.58873,2008-06-09 13:00:00.0,Intermediário
1.58785,1.58997,2008-06-09 13:30:00.0,Intermediário
1.58693,1.58935,2008-06-09 14:00:00.0,Intermediário
1.59022,1.59373,2008-06-09 14:30:00.0,Intermediário
1.59017,1.59249,2008-06-09 15:00:00.0,Intermediário
1.58975,1.59264,2008-06-09 15:30:00.0,Intermediário
1.58833,1.59059,2008-06-09 16:00:00.0,Intermediário
1.58909,1.59151,2008-06-09 16:30:00.0,Fechamento Interbancário
1.58977,1.59102,2008-06-09 17:36:00.0,Fechamento
1.57977,1.59009,2008-06-10 09:15:00.0,Abertura
1.5832,1.58585,2008-06-10 09:30:00.0,Intermediário
1.5932,1.59546,2008-06-10 10:00:00.0,Intermediário
1.60157,1.60478,2008-06-10 10:30:00.0,Intermediário
1.60447,1.60721,2008-06-10 11:00:00.0,Intermediário
1.60137,1.60266,2008-06-10 11:30:00.0,Intermediário
1.60074,1.60302,2008-06-10 12:00:00.0,Intermediário
1.6018,1.60446,2008-06-10 12:30:00.0,Intermediário
1.60047,1.6032,2008-06-10 13:00:00.0,Intermediário
1.60197,1.60433,2008-06-10 13:30:00.0,Intermediário
1.60219,1.60508,2008-06-10 14:00:00.0,Intermediário
1.60294,1.60526,2008-06-10 14:30:00.0,Intermediário
1.60735,1.60896,2008-06-10 15:00:00.0,Intermediário
1.60938,1.61196,2008-06-10 15:30:00.0,Intermediário
1.60849,1.61092,2008-06-10 16:00:00.0,Intermediário
1.6077,1.61044,2008-06-10 16:30:00.0,Fechamento Interbancário
1.60125,1.60282,2008-06-10 17:43:00.0,Fechamento
1.60401,1.61446,2008-06-11 09:26:00.0,Abertura
1.60758,1.60986,2008-06-11 09:30:00.0,Intermediário
1.61135,1.61379,2008-06-11 10:00:00.0,Intermediário
1.614,1.61628,2008-06-11 10:30:00.0,Intermediário
1.61902,1.62146,2008-06-11 11:00:00.0,Intermediário
1.62175,1.62338,2008-06-11 11:30:00.0,Intermediário
1.61944,1.62205,2008-06-11 12:00:00.0,Intermediário
1.62005,1.62245,2008-06-11 12:30:00.0,Intermediário
1.61164,1.61424,2008-06-11 13:00:00.0,Intermediário
1.60974,1.61233,2008-06-11 13:30:00.0,Intermediário
1.60974,1.61233,2008-06-11 14:00:00.0,Intermediário
1.60847,1.61091,2008-06-11 14:30:00.0,Intermediário
1.61044,1.61303,2008-06-11 15:00:00.0,Intermediário
1.60941,1.61176,2008-06-11 15:30:00.0,Intermediário
1.60847,1.61091,2008-06-11 16:00:00.0,Intermediário
1.60749,1.61024,2008-06-11 16:30:00.0,Fechamento Interbancário
1.61044,1.61201,2008-06-11 17:43:00.0,Fechamento
1.5926,1.60272,2008-06-12 09:25:00.0,Abertura
1.59747,1.60004,2008-06-12 09:30:00.0,Intermediário
1.603,1.60589,2008-06-12 10:00:00.0,Intermediário
1.60355,1.60597,2008-06-12 10:30:00.0,Intermediário
1.60433,1.60592,2008-06-12 11:00:00.0,Intermediário
1.59996,1.60254,2008-06-12 11:30:00.0,Intermediário
1.6014,1.60255,2008-06-12 12:00:00.0,Intermediário
1.59842,1.59973,2008-06-12 12:30:00.0,Intermediário
1.60152,1.60305,2008-06-12 13:00:00.0,Intermediário
1.60231,1.60376,2008-06-12 13:30:00.0,Intermediário
1.60262,1.60423,2008-06-12 14:00:00.0,Intermediário
1.60278,1.60438,2008-06-12 14:30:00.0,Intermediário
1.59891,1.60117,2008-06-12 15:00:00.0,Intermediário
1.59789,1.60047,2008-06-12 15:30:00.0,Intermediário
1.59613,1.59863,2008-06-12 16:00:00.0,Intermediário
1.59621,1.59879,2008-06-12 16:30:00.0,Fechamento Interbancário
1.60227,1.60368,2008-06-12 17:34:00.0,Fechamento
1.58991,1.60012,2008-06-13 09:18:00.0,Abertura
1.5956,1.59891,2008-06-13 09:30:00.0,Intermediário
1.59715,1.59891,2008-06-13 10:00:00.0,Intermediário
1.59669,1.5979,2008-06-13 10:30:00.0,Intermediário
1.59571,1.59797,2008-06-13 11:00:00.0,Intermediário
1.59408,1.5968,2008-06-13 11:30:00.0,Intermediário
1.59458,1.597,2008-06-13 12:00:00.0,Intermediário
1.59221,1.59463,2008-06-13 12:30:00.0,Intermediário
1.58857,1.59144,2008-06-13 13:00:00.0,Intermediário
1.58503,1.58759,2008-06-13 13:30:00.0,Intermediário
1.58382,1.58611,2008-06-13 14:00:00.0,Intermediário
1.58534,1.58775,2008-06-13 14:30:00.0,Intermediário
1.58928,1.5913,2008-06-13 15:00:00.0,Intermediário
1.5857,1.58841,2008-06-13 15:30:00.0,Intermediário
1.58974,1.59117,2008-06-13 16:00:00.0,Intermediário
1.58908,1.59144,2008-06-13 16:30:00.0,Fechamento Interbancário
1.59005,1.59124,2008-06-13 17:38:00.0,Fechamento
1.5804,1.59078,2008-06-16 09:18:00.0,Abertura
1.58471,1.58705,2008-06-16 09:30:00.0,Intermediário
1.58749,1.58905,2008-06-16 10:00:00.0,Intermediário
1.59067,1.59301,2008-06-16 10:30:00.0,Intermediário
1.58696,1.58938,2008-06-16 11:00:00.0,Intermediário
1.58628,1.5875,2008-06-16 11:30:00.0,Intermediário
1.58971,1.59229,2008-06-16 13:09:00.0,Intermediário
1.59095,1.59224,2008-06-16 13:11:00.0,Intermediário
1.59013,1.59287,2008-06-16 13:14:00.0,Intermediário
1.59173,1.59318,2008-06-16 13:30:00.0,Intermediário
1.59204,1.59365,2008-06-16 14:00:00.0,Intermediário
1.5906,1.59302,2008-06-16 14:30:00.0,Intermediário
1.58811,1.59045,2008-06-16 15:00:00.0,Intermediário
1.58986,1.59213,2008-06-16 15:30:00.0,Intermediário
1.58691,1.58964,2008-06-16 16:00:00.0,Intermediário
1.58733,1.58991,2008-06-16 16:30:00.0,Fechamento Interbancário
1.59017,1.59157,2008-06-16 17:36:00.0,Fechamento
1.58214,1.5924,2008-06-17 09:16:00.0,Abertura
1.58593,1.58875,2008-06-17 09:30:00.0,Intermediário
1.58433,1.58674,2008-06-17 10:00:00.0,Intermediário
1.58297,1.58587,2008-06-17 10:30:00.0,Intermediário
1.58259,1.58494,2008-06-17 11:00:00.0,Intermediário
1.58375,1.5852,2008-06-17 11:30:00.0,Intermediário
1.58256,1.58487,2008-06-17 12:00:00.0,Intermediário
1.5805,1.58324,2008-06-17 12:30:00.0,Intermediário
1.58099,1.58259,2008-06-17 13:00:00.0,Intermediário
1.58168,1.58297,2008-06-17 13:30:00.0,Intermediário
1.58075,1.58235,2008-06-17 14:00:00.0,Intermediário
1.57689,1.57931,2008-06-17 14:30:00.0,Intermediário
1.5773,1.5789,2008-06-17 15:00:00.0,Intermediário
1.57962,1.58122,2008-06-17 15:30:00.0,Intermediário
1.57791,1.5805,2008-06-17 16:00:00.0,Intermediário
1.57729,1.57957,2008-06-17 16:30:00.0,Fechamento Interbancário
1.58309,1.58418,2008-06-17 17:33:00.0,Fechamento
1.57619,1.58646,2008-06-18 09:26:00.0,Abertura
1.57921,1.58156,2008-06-18 09:30:00.0,Intermediário
1.58158,1.58447,2008-06-18 10:00:00.0,Intermediário
1.57941,1.58199,2008-06-18 10:30:00.0,Intermediário
1.57988,1.58254,2008-06-18 11:00:00.0,Intermediário
1.58212,1.58328,2008-06-18 11:30:00.0,Intermediário
1.58153,1.58385,2008-06-18 12:00:00.0,Intermediário
1.58282,1.58571,2008-06-18 12:30:00.0,Intermediário
1.58143,1.58386,2008-06-18 13:00:00.0,Intermediário
1.5791,1.58122,2008-06-18 13:30:00.0,Intermediário
1.57915,1.582,2008-06-18 14:00:00.0,Intermediário
1.58283,1.58557,2008-06-18 14:30:00.0,Intermediário
1.58218,1.5834,2008-06-18 15:00:00.0,Intermediário
1.5805,1.58262,2008-06-18 15:30:00.0,Intermediário
1.57698,1.57926,2008-06-18 16:00:00.0,Intermediário
1.57776,1.58003,2008-06-18 16:30:00.0,Fechamento Interbancário
1.58218,1.58328,2008-06-18 17:33:00.0,Fechamento
1.5775,1.58782,2008-06-19 09:16:00.0,Abertura
1.58217,1.58523,2008-06-19 09:30:00.0,Intermediário
1.58129,1.58373,2008-06-19 10:00:00.0,Intermediário
1.58509,1.58754,2008-06-19 10:30:00.0,Intermediário
1.58157,1.58561,2008-06-19 11:00:00.0,Intermediário
1.58435,1.58597,2008-06-19 11:30:00.0,Intermediário
1.58539,1.58732,2008-06-19 12:00:00.0,Intermediário
1.58378,1.58646,2008-06-19 12:30:00.0,Intermediário
1.58051,1.5831,2008-06-19 13:00:00.0,Intermediário
1.58035,1.58295,2008-06-19 13:30:00.0,Intermediário
1.58082,1.58306,2008-06-19 14:00:00.0,Intermediário
1.58061,1.5829,2008-06-19 14:30:00.0,Intermediário
1.58202,1.58335,2008-06-19 15:00:00.0,Intermediário
1.57667,1.5791,2008-06-19 15:30:00.0,Intermediário
1.57978,1.58123,2008-06-19 16:00:00.0,Intermediário
1.57807,1.57967,2008-06-19 16:30:00.0,Fechamento Interbancário
1.57935,1.58076,2008-06-19 17:38:00.0,Fechamento
1.57713,1.58758,2008-06-20 09:21:00.0,Abertura
1.58212,1.58771,2008-06-20 09:30:00.0,Intermediário
1.58078,1.58305,2008-06-20 10:00:00.0,Intermediário
1.57414,1.5762,2008-06-20 10:30:00.0,Intermediário
1.57714,1.57988,2008-06-20 11:00:00.0,Intermediário
1.57905,1.58136,2008-06-20 11:30:00.0,Intermediário
1.57696,1.57931,2008-06-20 12:00:00.0,Intermediário
1.57828,1.58055,2008-06-20 12:30:00.0,Intermediário
1.57445,1.57688,2008-06-20 13:00:00.0,Intermediário
1.57308,1.57543,2008-06-20 13:30:00.0,Intermediário
1.57207,1.57481,2008-06-20 14:00:00.0,Intermediário
1.57146,1.57404,2008-06-20 14:30:00.0,Intermediário
1.57422,1.57667,2008-06-20 15:00:00.0,Intermediário
1.57895,1.58024,2008-06-20 15:30:00.0,Intermediário
1.57324,1.57559,2008-06-20 16:00:00.0,Intermediário
1.574,1.57638,2008-06-20 16:30:00.0,Fechamento Interbancário
1.57341,1.57461,2008-06-20 17:32:00.0,Fechamento
1.57677,1.58708,2008-06-23 09:24:00.0,Abertura
1.58397,1.58641,2008-06-23 09:30:00.0,Intermediário
1.58091,1.58303,2008-06-23 10:00:00.0,Intermediário
1.58288,1.58593,2008-06-23 10:30:00.0,Intermediário
1.58597,1.58811,2008-06-23 11:00:00.0,Intermediário
1.58729,1.58858,2008-06-23 11:30:00.0,Intermediário
1.58765,1.58985,2008-06-23 12:00:00.0,Intermediário
1.58733,1.58977,2008-06-23 12:30:00.0,Intermediário
1.58796,1.5905,2008-06-23 13:00:00.0,Intermediário
1.58765,1.59039,2008-06-23 13:30:00.0,Intermediário
1.58858,1.59149,2008-06-23 14:00:00.0,Intermediário
1.58843,1.59086,2008-06-23 14:30:00.0,Intermediário
1.58252,1.58511,2008-06-23 15:00:00.0,Intermediário
1.58511,1.58657,2008-06-23 15:30:00.0,Intermediário
1.5875,1.58971,2008-06-23 16:00:00.0,Intermediário
1.5861,1.58838,2008-06-23 16:30:00.0,Fechamento Interbancário
1.586,1.5871,2008-06-23 17:38:00.0,Fechamento
1.5806,1.59075,2008-06-24 09:07:00.0,Abertura
1.58355,1.58615,2008-06-24 09:30:00.0,Intermediário
1.58355,1.58599,2008-06-24 10:00:00.0,Intermediário
1.5819,1.58319,2008-06-24 10:30:00.0,Intermediário
1.58511,1.58652,2008-06-24 11:00:00.0,Intermediário
1.58331,1.58575,2008-06-24 11:30:00.0,Intermediário
1.58115,1.58367,2008-06-24 12:00:00.0,Intermediário
1.58019,1.58248,2008-06-24 12:30:00.0,Intermediário
1.58029,1.58263,2008-06-24 13:00:00.0,Intermediário
1.58019,1.58279,2008-06-24 13:30:00.0,Intermediário
1.5808,1.5831,2008-06-24 14:00:00.0,Intermediário
1.58035,1.58326,2008-06-24 14:30:00.0,Intermediário
1.5816,1.58404,2008-06-24 15:00:00.0,Intermediário
1.58123,1.58368,2008-06-24 15:30:00.0,Intermediário
1.5807,1.58207,2008-06-24 16:00:00.0,Intermediário
1.58172,1.58332,2008-06-24 16:30:00.0,Fechamento Interbancário
1.58449,1.58589,2008-06-24 17:38:00.0,Fechamento
1.58155,1.59205,2008-06-25 09:23:00.0,Abertura
1.58451,1.58758,2008-06-25 09:30:00.0,Intermediário
1.58482,1.5866,2008-06-25 10:00:00.0,Intermediário
1.59073,1.59318,2008-06-25 10:30:00.0,Intermediário
1.58895,1.59026,2008-06-25 11:00:00.0,Intermediário
1.58645,1.58876,2008-06-25 11:30:00.0,Intermediário
1.58035,1.58295,2008-06-25 12:00:00.0,Intermediário
1.58241,1.58462,2008-06-25 12:30:00.0,Intermediário
1.57952,1.58113,2008-06-25 13:00:00.0,Intermediário
1.5764,1.57884,2008-06-25 13:30:00.0,Intermediário
1.57676,1.579,2008-06-25 14:00:00.0,Intermediário
1.57798,1.58025,2008-06-25 14:30:00.0,Intermediário
1.57591,1.57728,2008-06-25 15:00:00.0,Intermediário
1.57182,1.58004,2008-06-25 15:30:00.0,Intermediário
1.57458,1.57618,2008-06-25 16:00:00.0,Intermediário
1.57504,1.57665,2008-06-25 16:30:00.0,Fechamento Interbancário
1.58425,1.58567,2008-06-25 17:41:00.0,Fechamento
1.56838,1.57874,2008-06-26 09:20:00.0,Abertura
1.57223,1.57433,2008-06-26 09:30:00.0,Intermediário
1.57332,1.57564,2008-06-26 10:00:00.0,Intermediário
1.57858,1.5815,2008-06-26 10:30:00.0,Intermediário
1.57498,1.57765,2008-06-26 11:00:00.0,Intermediário
1.5766,1.57806,2008-06-26 11:30:00.0,Intermediário
1.57416,1.57662,2008-06-26 12:00:00.0,Intermediário
1.57804,1.58048,2008-06-26 12:30:00.0,Intermediário
1.5751,1.57801,2008-06-26 13:00:00.0,Intermediário
1.57328,1.57572,2008-06-26 13:30:00.0,Intermediário
1.57421,1.57666,2008-06-26 14:00:00.0,Intermediário
1.5739,1.57666,2008-06-26 14:30:00.0,Intermediário
1.57645,1.57905,2008-06-26 15:00:00.0,Intermediário
1.57708,1.57999,2008-06-26 15:30:00.0,Intermediário
1.58087,1.58332,2008-06-26 16:00:00.0,Intermediário
1.57947,1.5816,2008-06-26 16:30:00.0,Fechamento Interbancário
1.57384,1.57479,2008-06-26 17:36:00.0,Fechamento
1.58836,1.59924,2008-06-27 09:16:00.0,Abertura
1.59913,1.60175,2008-06-27 09:30:00.0,Intermediário
1.59944,1.60175,2008-06-27 10:00:00.0,Intermediário
1.59583,1.59845,2008-06-27 10:30:00.0,Intermediário
1.59373,1.59666,2008-06-27 11:00:00.0,Intermediário
1.58976,1.59206,2008-06-27 11:30:00.0,Intermediário
1.5874,1.58977,2008-06-27 12:00:00.0,Intermediário
1.58664,1.58892,2008-06-27 12:30:00.0,Intermediário
1.58305,1.5855,2008-06-27 13:00:00.0,Intermediário
1.58368,1.58613,2008-06-27 13:30:00.0,Intermediário
1.58212,1.58472,2008-06-27 14:00:00.0,Intermediário
1.58509,1.58769,2008-06-27 14:30:00.0,Intermediário
1.58649,1.58893,2008-06-27 15:00:00.0,Intermediário
1.58118,1.5841,2008-06-27 15:30:00.0,Intermediário
1.57614,1.57849,2008-06-27 16:00:00.0,Intermediário
1.57567,1.57827,2008-06-27 16:30:00.0,Fechamento Interbancário
1.58942,1.59084,2008-06-27 17:35:00.0,Fechamento
1.56772,1.57806,2008-06-30 09:23:00.0,Abertura
1.57115,1.5739,2008-06-30 09:40:00.0,Intermediário
1.56666,1.56909,2008-06-30 10:37:00.0,Intermediário
1.56903,1.57079,2008-06-30 10:48:00.0,Intermediário
1.57124,1.57371,2008-06-30 11:00:00.0,Intermediário
1.57213,1.57504,2008-06-30 11:30:00.0,Intermediário
1.5673,1.5738,2008-06-30 12:00:00.0,Intermediário
1.55882,1.56124,2008-06-30 12:30:00.0,Intermediário
1.56443,1.56701,2008-06-30 13:00:00.0,Intermediário
1.56551,1.56824,2008-06-30 13:30:00.0,Intermediário
1.56551,1.56763,2008-06-30 14:00:00.0,Intermediário
1.56687,1.56922,2008-06-30 14:30:00.0,Intermediário
1.5667,1.56845,2008-06-30 15:00:00.0,Intermediário
1.56632,1.56869,2008-06-30 15:30:00.0,Intermediário
1.56711,1.56953,2008-06-30 16:00:00.0,Intermediário
1.56521,1.56768,2008-06-30 16:30:00.0,Fechamento Interbancário
1.56139,1.56268,2008-06-30 17:51:00.0,Fechamento
1.57647,1.58691,2008-07-01 09:17:00.0,Abertura
1.57957,1.58355,2008-07-01 09:30:00.0,Intermediário
1.57863,1.58095,2008-07-01 10:00:00.0,Intermediário
1.5789,1.58164,2008-07-01 10:30:00.0,Intermediário
1.57572,1.57748,2008-07-01 11:00:00.0,Intermediário
1.57358,1.57632,2008-07-01 11:30:00.0,Intermediário
1.56772,1.56989,2008-07-01 12:00:00.0,Intermediário
1.56794,1.5702,2008-07-01 12:30:00.0,Intermediário
1.57051,1.57292,2008-07-01 13:00:00.0,Intermediário
1.57344,1.57601,2008-07-01 13:30:00.0,Intermediário
1.57313,1.5757,2008-07-01 14:00:00.0,Intermediário
1.57344,1.57601,2008-07-01 14:30:00.0,Intermediário
1.57204,1.57446,2008-07-01 15:00:00.0,Intermediário
1.57076,1.57333,2008-07-01 15:30:00.0,Intermediário
1.56568,1.56824,2008-07-01 16:00:00.0,Intermediário
1.56598,1.56855,2008-07-01 16:30:00.0,Fechamento Interbancário
1.56921,1.5706,2008-07-01 17:35:00.0,Fechamento
1.56007,1.5702,2008-07-02 09:16:00.0,Abertura
1.56348,1.56598,2008-07-02 09:30:00.0,Intermediário
1.56649,1.56824,2008-07-02 10:00:00.0,Intermediário
1.56913,1.57133,2008-07-02 10:30:00.0,Intermediário
1.56832,1.57122,2008-07-02 11:00:00.0,Intermediário
1.57025,1.5726,2008-07-02 11:30:00.0,Intermediário
1.56948,1.57191,2008-07-02 12:00:00.0,Intermediário
1.57239,1.57506,2008-07-02 12:30:00.0,Intermediário
1.57993,1.58139,2008-07-02 13:00:00.0,Intermediário
1.58306,1.58499,2008-07-02 13:30:00.0,Intermediário
1.58173,1.58327,2008-07-02 14:00:00.0,Intermediário
1.57913,1.58156,2008-07-02 14:30:00.0,Intermediário
1.5763,1.57752,2008-07-02 15:00:00.0,Intermediário
1.57708,1.57822,2008-07-02 15:30:00.0,Intermediário
1.58147,1.58399,2008-07-02 16:00:00.0,Intermediário
1.58045,1.58321,2008-07-02 16:30:00.0,Fechamento Interbancário
1.57799,1.57956,2008-07-02 17:35:00.0,Fechamento
1.57718,1.58766,2008-07-03 09:11:00.0,Abertura
1.58107,1.58546,2008-07-03 09:30:00.0,Intermediário
1.57558,1.57817,2008-07-03 10:00:00.0,Intermediário
1.57466,1.57587,2008-07-03 10:30:00.0,Intermediário
1.57936,1.58179,2008-07-03 11:00:00.0,Intermediário
1.57564,1.57709,2008-07-03 11:30:00.0,Intermediário
1.57449,1.57578,2008-07-03 12:00:00.0,Intermediário
1.57418,1.57531,2008-07-03 12:30:00.0,Intermediário
1.57245,1.57487,2008-07-03 13:00:00.0,Intermediário
1.57083,1.57325,2008-07-03 13:30:00.0,Intermediário
1.57153,1.5741,2008-07-03 14:19:00.0,Intermediário
1.57322,1.57549,2008-07-03 14:39:00.0,Intermediário
1.57724,1.579,2008-07-03 15:00:00.0,Intermediário
1.57719,1.57879,2008-07-03 15:30:00.0,Intermediário
1.58045,1.58236,2008-07-03 16:00:00.0,Intermediário
1.57838,1.58096,2008-07-03 16:30:00.0,Fechamento Interbancário
1.5775,1.5789,2008-07-03 17:33:00.0,Fechamento
1.58123,1.59169,2008-07-04 09:18:00.0,Abertura
1.58242,1.58516,2008-07-04 09:30:00.0,Intermediário
1.58729,1.58994,2008-07-04 10:00:00.0,Intermediário
1.58449,1.58716,2008-07-04 10:30:00.0,Intermediário
1.58229,1.58394,2008-07-04 11:00:00.0,Intermediário
1.58309,1.58501,2008-07-04 11:30:00.0,Intermediário
1.58329,1.58471,2008-07-04 12:00:00.0,Intermediário
1.58035,1.58263,2008-07-04 12:30:00.0,Intermediário
1.58169,1.5846,2008-07-04 13:00:00.0,Intermediário
1.57817,1.58076,2008-07-04 13:30:00.0,Intermediário
1.57901,1.58205,2008-07-04 14:00:00.0,Intermediário
1.5771,1.57989,2008-07-04 14:30:00.0,Intermediário
1.57859,1.58003,2008-07-04 15:00:00.0,Intermediário
1.57668,1.57859,2008-07-04 15:30:00.0,Intermediário
1.57366,1.5767,2008-07-04 16:00:00.0,Intermediário
1.57368,1.57627,2008-07-04 16:30:00.0,Fechamento Interbancário
1.57681,1.57823,2008-07-04 17:38:00.0,Fechamento
1.56926,1.57951,2008-07-07 09:15:00.0,Abertura
1.57168,1.57518,2008-07-07 09:30:00.0,Intermediário
1.57333,1.57606,2008-07-07 10:00:00.0,Intermediário
1.56959,1.57277,2008-07-07 10:30:00.0,Intermediário
1.57174,1.57395,2008-07-07 11:00:00.0,Intermediário
1.57151,1.5737,2008-07-07 11:30:00.0,Intermediário
1.57507,1.57725,2008-07-07 12:00:00.0,Intermediário
1.57274,1.57418,2008-07-07 12:30:00.0,Intermediário
1.57151,1.57295,2008-07-07 13:00:00.0,Intermediário
1.57196,1.57387,2008-07-07 13:30:00.0,Intermediário
1.57134,1.57273,2008-07-07 14:00:00.0,Intermediário
1.57258,1.57387,2008-07-07 14:30:00.0,Intermediário
1.5731,1.57569,2008-07-07 15:00:00.0,Intermediário
1.57346,1.57605,2008-07-07 15:30:00.0,Intermediário
1.57246,1.57512,2008-07-07 16:00:00.0,Intermediário
1.57346,1.5762,2008-07-07 16:30:00.0,Fechamento Interbancário
1.57572,1.57729,2008-07-07 17:37:00.0,Fechamento
1.56732,1.57822,2008-07-08 09:23:00.0,Abertura
1.57125,1.57383,2008-07-08 09:30:00.0,Intermediário
1.56587,1.56822,2008-07-08 10:00:00.0,Intermediário
1.56615,1.56843,2008-07-08 10:30:00.0,Intermediário
1.56431,1.5678,2008-07-08 11:00:00.0,Intermediário
1.56586,1.56827,2008-07-08 11:30:00.0,Intermediário
1.56751,1.56984,2008-07-08 12:00:00.0,Intermediário
1.56644,1.56901,2008-07-08 12:30:00.0,Intermediário
1.57719,1.5797,2008-07-08 13:00:00.0,Intermediário
1.57554,1.57786,2008-07-08 13:30:00.0,Intermediário
1.57527,1.57802,2008-07-08 14:00:00.0,Intermediário
1.57606,1.57848,2008-07-08 14:30:00.0,Intermediário
1.57668,1.57957,2008-07-08 15:00:00.0,Intermediário
1.57923,1.58153,2008-07-08 15:30:00.0,Intermediário
1.57895,1.58137,2008-07-08 16:00:00.0,Intermediário
1.57972,1.58215,2008-07-08 16:30:00.0,Fechamento Interbancário
1.5708,1.57205,2008-07-08 17:37:00.0,Fechamento
1.58258,1.59309,2008-07-09 09:26:00.0,Abertura
1.58705,1.58882,2008-07-09 09:30:00.0,Intermediário
1.58734,1.5888,2008-07-09 10:00:00.0,Intermediário
1.59217,1.59509,2008-07-09 10:30:00.0,Intermediário
1.59102,1.59379,2008-07-09 11:00:00.0,Intermediário
1.59008,1.59253,2008-07-09 11:30:00.0,Intermediário
1.58901,1.59152,2008-07-09 12:00:00.0,Intermediário
1.5894,1.59201,2008-07-09 12:30:00.0,Intermediário
1.59019,1.59296,2008-07-09 13:00:00.0,Intermediário
1.59098,1.59343,2008-07-09 13:30:00.0,Intermediário
1.58988,1.59248,2008-07-09 14:00:00.0,Intermediário
1.59035,1.59296,2008-07-09 14:30:00.0,Intermediário
1.59113,1.59349,2008-07-09 15:00:00.0,Intermediário
1.59098,1.59351,2008-07-09 15:30:00.0,Intermediário
1.5905,1.5928,2008-07-09 16:00:00.0,Intermediário
1.58873,1.59035,2008-07-09 16:30:00.0,Fechamento Interbancário
1.59011,1.59153,2008-07-09 17:43:00.0,Fechamento
1.58573,1.59597,2008-07-10 09:25:00.0,Abertura
1.58846,1.59177,2008-07-10 09:30:00.0,Intermediário
1.59557,1.59802,2008-07-10 10:00:00.0,Intermediário
1.59774,1.59988,2008-07-10 10:30:00.0,Intermediário
1.59632,1.59925,2008-07-10 11:00:00.0,Intermediário
1.60551,1.60829,2008-07-10 11:30:00.0,Intermediário
1.60206,1.60484,2008-07-10 12:00:00.0,Intermediário
1.59699,1.59945,2008-07-10 12:30:00.0,Intermediário
1.59161,1.5939,2008-07-10 13:00:00.0,Intermediário
1.59098,1.5939,2008-07-10 13:30:00.0,Intermediário
1.5905,1.59281,2008-07-10 14:00:00.0,Intermediário
1.59176,1.59438,2008-07-10 14:30:00.0,Intermediário
1.58903,1.59125,2008-07-10 15:00:00.0,Intermediário
1.5912,1.59429,2008-07-10 15:30:00.0,Intermediário
1.59212,1.59437,2008-07-10 16:00:00.0,Intermediário
1.59219,1.59481,2008-07-10 16:30:00.0,Fechamento Interbancário
1.59903,1.60046,2008-07-10 17:36:00.0,Fechamento
1.57755,1.58771,2008-07-11 09:23:00.0,Abertura
1.57895,1.5899,2008-07-11 09:30:00.0,Intermediário
1.58056,1.58284,2008-07-11 10:00:00.0,Intermediário
1.58736,1.58975,2008-07-11 10:30:00.0,Intermediário
1.58688,1.58996,2008-07-11 11:00:00.0,Intermediário
1.58825,1.59075,2008-07-11 11:30:00.0,Intermediário
1.58483,1.58744,2008-07-11 12:00:00.0,Intermediário
1.58692,1.58922,2008-07-11 12:30:00.0,Intermediário
1.5871,1.5895,2008-07-11 13:00:00.0,Intermediário
1.58661,1.58898,2008-07-11 13:30:00.0,Intermediário
1.58645,1.58883,2008-07-11 14:00:00.0,Intermediário
1.59017,1.59259,2008-07-11 14:30:00.0,Intermediário
1.59017,1.59262,2008-07-11 15:00:00.0,Intermediário
1.58661,1.58854,2008-07-11 15:30:00.0,Intermediário
1.58416,1.58708,2008-07-11 16:00:00.0,Intermediário
1.58447,1.58677,2008-07-11 16:30:00.0,Fechamento Interbancário
1.58685,1.58796,2008-07-11 17:42:00.0,Fechamento
1.57994,1.59017,2008-07-14 09:21:00.0,Abertura
1.58145,1.5839,2008-07-14 09:30:00.0,Intermediário
1.58546,1.58784,2008-07-14 10:00:00.0,Intermediário
1.58631,1.58874,2008-07-14 10:30:00.0,Intermediário
1.58858,1.59104,2008-07-14 11:00:00.0,Intermediário
1.58926,1.59172,2008-07-14 11:30:00.0,Intermediário
1.58639,1.58774,2008-07-14 12:00:00.0,Intermediário
1.58695,1.58931,2008-07-14 12:30:00.0,Intermediário
1.58227,1.58465,2008-07-14 13:00:00.0,Intermediário
1.58376,1.58607,2008-07-14 13:30:00.0,Intermediário
1.58361,1.58575,2008-07-14 14:00:00.0,Intermediário
1.58251,1.58497,2008-07-14 14:30:00.0,Intermediário
1.58329,1.58476,2008-07-14 15:00:00.0,Intermediário
1.58313,1.5846,2008-07-14 15:30:00.0,Intermediário
1.58444,1.58691,2008-07-14 16:00:00.0,Intermediário
1.58381,1.5862,2008-07-14 16:30:00.0,Fechamento Interbancário
1.58421,1.5854,2008-07-14 17:38:00.0,Fechamento
1.59211,1.60244,2008-07-15 09:21:00.0,Abertura
1.59596,1.59876,2008-07-15 09:30:00.0,Intermediário
1.59216,1.59404,2008-07-15 10:00:00.0,Intermediário
1.58963,1.59212,2008-07-15 10:30:00.0,Intermediário
1.59236,1.59532,2008-07-15 11:00:00.0,Intermediário
1.59396,1.59644,2008-07-15 11:30:00.0,Intermediário
1.59523,1.5982,2008-07-15 12:00:00.0,Intermediário
1.59014,1.59309,2008-07-15 12:30:00.0,Intermediário
1.59006,1.59236,2008-07-15 13:00:00.0,Intermediário
1.59189,1.59436,2008-07-15 13:30:00.0,Intermediário
1.59157,1.59388,2008-07-15 14:00:00.0,Intermediário
1.59284,1.59548,2008-07-15 14:30:00.0,Intermediário
1.58997,1.5912,2008-07-15 15:00:00.0,Intermediário
1.59031,1.59257,2008-07-15 15:30:00.0,Intermediário
1.58266,1.58504,2008-07-15 16:01:00.0,Intermediário
1.58304,1.58558,2008-07-15 16:30:00.0,Fechamento Interbancário
1.58623,1.58757,2008-07-15 17:41:00.0,Fechamento
1.58431,1.59461,2008-07-16 09:20:00.0,Abertura
1.58923,1.59186,2008-07-16 09:30:00.0,Intermediário
1.59443,1.5974,2008-07-16 10:00:00.0,Intermediário
1.58763,1.59026,2008-07-16 10:30:00.0,Intermediário
1.59061,1.59325,2008-07-16 11:00:00.0,Intermediário
1.59161,1.59377,2008-07-16 11:30:00.0,Intermediário
1.58823,1.58975,2008-07-16 12:00:00.0,Intermediário
1.58996,1.59175,2008-07-16 12:30:00.0,Intermediário
1.5919,1.59329,2008-07-16 13:00:00.0,Intermediário
1.59229,1.59393,2008-07-16 13:30:00.0,Intermediário
1.59182,1.59375,2008-07-16 14:00:00.0,Intermediário
1.59261,1.59393,2008-07-16 14:30:00.0,Intermediário
1.59397,1.59561,2008-07-16 15:00:00.0,Intermediário
1.58987,1.59234,2008-07-16 15:30:00.0,Intermediário
1.59142,1.59381,2008-07-16 16:00:00.0,Intermediário
1.59229,1.59509,2008-07-16 16:30:00.0,Fechamento Interbancário
1.59249,1.59409,2008-07-16 17:43:00.0,Fechamento
1.58457,1.59488,2008-07-17 09:20:00.0,Abertura
1.58978,1.59335,2008-07-17 09:30:00.0,Intermediário
1.58635,1.58882,2008-07-17 10:00:00.0,Intermediário
1.58415,1.58678,2008-07-17 10:30:00.0,Intermediário
1.58632,1.58927,2008-07-17 11:00:00.0,Intermediário
1.58811,1.59059,2008-07-17 11:30:00.0,Intermediário
1.58836,1.58984,2008-07-17 12:00:00.0,Intermediário
1.5876,1.58968,2008-07-17 12:30:00.0,Intermediário
1.58331,1.5861,2008-07-17 13:00:00.0,Intermediário
1.58378,1.58618,2008-07-17 13:30:00.0,Intermediário
1.58283,1.58531,2008-07-17 14:00:00.0,Intermediário
1.58031,1.58278,2008-07-17 14:30:00.0,Intermediário
1.58125,1.58272,2008-07-17 15:00:00.0,Intermediário
1.57859,1.58106,2008-07-17 15:30:00.0,Intermediário
1.58606,1.58836,2008-07-17 16:00:00.0,Intermediário
1.58653,1.58867,2008-07-17 16:30:00.0,Fechamento Interbancário
1.58007,1.58102,2008-07-17 17:37:00.0,Fechamento
1.57947,1.58973,2008-07-18 09:17:00.0,Abertura
1.58301,1.58586,2008-07-18 09:30:00.0,Intermediário
1.58839,1.59086,2008-07-18 10:00:00.0,Intermediário
1.59007,1.5927,2008-07-18 10:30:00.0,Intermediário
1.5896,1.59191,2008-07-18 11:00:00.0,Intermediário
1.58476,1.58691,2008-07-18 11:30:00.0,Intermediário
1.58317,1.58451,2008-07-18 12:00:00.0,Intermediário
1.58203,1.58413,2008-07-18 12:30:00.0,Intermediário
1.58031,1.58162,2008-07-18 13:00:00.0,Intermediário
1.58039,1.58193,2008-07-18 13:30:00.0,Intermediário
1.57937,1.58091,2008-07-18 14:00:00.0,Intermediário
1.57897,1.58052,2008-07-18 14:30:00.0,Intermediário
1.57968,1.58206,2008-07-18 15:00:00.0,Intermediário
1.57801,1.57916,2008-07-18 15:30:00.0,Intermediário
1.57759,1.5802,2008-07-18 16:00:00.0,Intermediário
1.57759,1.5802,2008-07-18 16:30:00.0,Fechamento Interbancário
1.58256,1.58398,2008-07-18 17:50:00.0,Fechamento
1.57214,1.58303,2008-07-21 09:29:00.0,Abertura
1.57575,1.57806,2008-07-21 09:30:00.0,Intermediário
1.57544,1.57774,2008-07-21 10:00:00.0,Intermediário
1.57481,1.57643,2008-07-21 10:30:00.0,Intermediário
1.57643,1.57853,2008-07-21 11:00:00.0,Intermediário
1.57659,1.57796,2008-07-21 11:30:00.0,Intermediário
1.57701,1.57963,2008-07-21 12:00:00.0,Intermediário
1.57804,1.58057,2008-07-21 12:30:00.0,Intermediário
1.57954,1.58199,2008-07-21 13:00:00.0,Intermediário
1.57984,1.58223,2008-07-21 13:30:00.0,Intermediário
1.58016,1.58263,2008-07-21 14:00:00.0,Intermediário
1.57937,1.58184,2008-07-21 14:30:00.0,Intermediário
1.57575,1.57821,2008-07-21 15:00:00.0,Intermediário
1.57685,1.57824,2008-07-21 15:30:00.0,Intermediário
1.57503,1.5772,2008-07-21 16:00:00.0,Intermediário
1.57308,1.57569,2008-07-21 16:30:00.0,Fechamento Interbancário
1.57707,1.57849,2008-07-21 17:37:00.0,Fechamento
1.57154,1.58263,2008-07-22 09:23:00.0,Abertura
1.57265,1.57553,2008-07-22 09:30:00.0,Intermediário
1.56943,1.57188,2008-07-22 10:00:00.0,Intermediário
1.57185,1.57439,2008-07-22 10:30:00.0,Intermediário
1.57032,1.57278,2008-07-22 11:00:00.0,Intermediário
1.56962,1.57108,2008-07-22 11:30:00.0,Intermediário
1.57098,1.57314,2008-07-22 12:00:00.0,Intermediário
1.57137,1.5739,2008-07-22 12:30:00.0,Intermediário
1.56935,1.57187,2008-07-22 13:00:00.0,Intermediário
1.5664,1.56886,2008-07-22 13:30:00.0,Intermediário
1.56758,1.56985,2008-07-22 14:00:00.0,Intermediário
1.56795,1.57047,2008-07-22 14:30:00.0,Intermediário
1.56566,1.5681,2008-07-22 15:00:00.0,Intermediário
1.5656,1.56705,2008-07-22 15:30:00.0,Intermediário
1.56486,1.56616,2008-07-22 16:00:00.0,Intermediário
1.56371,1.56605,2008-07-22 16:30:00.0,Fechamento Interbancário
1.56698,1.56813,2008-07-22 17:35:00.0,Fechamento
1.56334,1.57357,2008-07-23 09:24:00.0,Abertura
1.56577,1.56819,2008-07-23 09:30:00.0,Intermediário
1.57178,1.57487,2008-07-23 10:00:00.0,Intermediário
1.57038,1.57291,2008-07-23 10:30:00.0,Intermediário
1.56799,1.5702,2008-07-23 11:00:00.0,Intermediário
1.56628,1.56872,2008-07-23 11:53:00.0,Intermediário
1.56742,1.57003,2008-07-23 12:00:00.0,Intermediário
1.56748,1.57008,2008-07-23 12:30:00.0,Intermediário
1.56872,1.57149,2008-07-23 13:00:00.0,Intermediário
1.56919,1.57211,2008-07-23 13:30:00.0,Intermediário
1.5681,1.57038,2008-07-23 14:00:00.0,Intermediário
1.56733,1.56993,2008-07-23 14:30:00.0,Intermediário
1.5655,1.56795,2008-07-23 15:00:00.0,Intermediário
1.5666,1.56892,2008-07-23 15:30:00.0,Intermediário
1.5651,1.56785,2008-07-23 16:00:00.0,Intermediário
1.56432,1.56692,2008-07-23 16:30:00.0,Fechamento Interbancário
1.56492,1.56633,2008-07-23 17:39:00.0,Fechamento
1.55795,1.56839,2008-07-24 09:12:00.0,Abertura
1.55993,1.562,2008-07-24 09:30:00.0,Intermediário
1.55811,1.55938,2008-07-24 10:00:00.0,Intermediário
1.56033,1.56324,2008-07-24 10:30:00.0,Intermediário
1.55826,1.56386,2008-07-24 11:00:00.0,Intermediário
1.56188,1.56341,2008-07-24 11:30:00.0,Intermediário
1.55942,1.56087,2008-07-24 12:00:00.0,Intermediário
1.55938,1.56159,2008-07-24 12:30:00.0,Intermediário
1.55861,1.5612,2008-07-24 13:00:00.0,Intermediário
1.5553,1.55766,2008-07-24 13:30:00.0,Intermediário
1.55492,1.55751,2008-07-24 14:00:00.0,Intermediário
1.55676,1.55904,2008-07-24 14:30:00.0,Intermediário
1.55732,1.55874,2008-07-24 15:00:00.0,Intermediário
1.55645,1.55874,2008-07-24 15:30:00.0,Intermediário
1.55775,1.55935,2008-07-24 16:00:00.0,Intermediário
1.5579,1.55943,2008-07-24 16:30:00.0,Fechamento Interbancário
1.55721,1.55854,2008-07-24 17:35:00.0,Fechamento
1.55083,1.56116,2008-07-25 09:19:00.0,Abertura
1.54824,1.55098,2008-07-25 09:30:00.0,Intermediário
1.54717,1.5496,2008-07-25 10:00:00.0,Intermediário
1.54588,1.54862,2008-07-25 10:30:00.0,Intermediário
1.54588,1.54831,2008-07-25 11:00:00.0,Intermediário
1.54672,1.54899,2008-07-25 11:30:00.0,Intermediário
1.54633,1.54792,2008-07-25 12:00:00.0,Intermediário
1.5458,1.54724,2008-07-25 12:30:00.0,Intermediário
1.54664,1.54921,2008-07-25 13:00:00.0,Intermediário
1.54497,1.54731,2008-07-25 13:30:00.0,Intermediário
1.54201,1.54443,2008-07-25 14:00:00.0,Intermediário
1.54254,1.54495,2008-07-25 14:30:00.0,Intermediário
1.54435,1.54578,2008-07-25 15:00:00.0,Intermediário
1.54368,1.54522,2008-07-25 15:30:00.0,Intermediário
1.54246,1.54405,2008-07-25 16:00:00.0,Intermediário
1.54216,1.54458,2008-07-25 16:30:00.0,Fechamento Interbancário
1.54481,1.54605,2008-07-25 17:37:00.0,Fechamento
1.53357,1.54366,2008-07-28 09:13:00.0,Abertura
1.53598,1.53899,2008-07-28 09:30:00.0,Intermediário
1.53887,1.54101,2008-07-28 10:00:00.0,Intermediário
1.53884,1.54027,2008-07-28 10:30:00.0,Intermediário
1.53929,1.5417,2008-07-28 11:00:00.0,Intermediário
1.53801,1.53944,2008-07-28 11:30:00.0,Intermediário
1.53887,1.54125,2008-07-28 12:00:00.0,Intermediário
1.53982,1.54268,2008-07-28 12:30:00.0,Intermediário
1.53962,1.54192,2008-07-28 13:00:00.0,Intermediário
1.53951,1.54192,2008-07-28 13:30:00.0,Intermediário
1.53861,1.54132,2008-07-28 14:00:00.0,Intermediário
1.53681,1.53921,2008-07-28 14:30:00.0,Intermediário
1.53795,1.54033,2008-07-28 15:00:00.0,Intermediário
1.53902,1.54162,2008-07-28 15:30:00.0,Intermediário
1.53726,1.53959,2008-07-28 16:00:00.0,Intermediário
1.53763,1.54019,2008-07-28 16:30:00.0,Fechamento Interbancário
1.5392,1.54058,2008-07-28 17:35:00.0,Fechamento
1.53298,1.5431,2008-07-29 09:17:00.0,Abertura
1.53666,1.53921,2008-07-29 09:30:00.0,Intermediário
1.53508,1.53771,2008-07-29 10:00:00.0,Intermediário
1.53493,1.53733,2008-07-29 10:30:00.0,Intermediário
1.53363,1.53643,2008-07-29 11:00:00.0,Intermediário
1.53179,1.53299,2008-07-29 11:30:00.0,Intermediário
1.52955,1.53179,2008-07-29 12:00:00.0,Intermediário
1.53064,1.53269,2008-07-29 12:30:00.0,Intermediário
1.53101,1.53218,2008-07-29 13:00:00.0,Intermediário
1.53104,1.53261,2008-07-29 13:30:00.0,Intermediário
1.53164,1.53321,2008-07-29 14:00:00.0,Intermediário
1.53149,1.53291,2008-07-29 14:30:00.0,Intermediário
1.53089,1.53261,2008-07-29 15:00:00.0,Intermediário
1.53238,1.53493,2008-07-29 15:30:00.0,Intermediário
1.53043,1.53216,2008-07-29 16:00:00.0,Intermediário
1.53163,1.53299,2008-07-29 16:30:00.0,Fechamento Interbancário
1.53475,1.53592,2008-07-29 17:38:00.0,Fechamento
1.52605,1.53613,2008-07-30 09:20:00.0,Abertura
1.52772,1.53005,2008-07-30 09:30:00.0,Intermediário
1.52488,1.52743,2008-07-30 10:00:00.0,Intermediário
1.52339,1.52564,2008-07-30 10:30:00.0,Intermediário
1.52301,1.52548,2008-07-30 11:00:00.0,Intermediário
1.52473,1.52615,2008-07-30 11:30:00.0,Intermediário
1.52534,1.52778,2008-07-30 12:00:00.0,Intermediário
1.52427,1.52667,2008-07-30 12:30:00.0,Intermediário
1.52373,1.52607,2008-07-30 13:00:00.0,Intermediário
1.52382,1.52652,2008-07-30 13:30:00.0,Intermediário
1.52635,1.52883,2008-07-30 14:00:00.0,Intermediário
1.5265,1.52906,2008-07-30 14:30:00.0,Intermediário
1.52569,1.52831,2008-07-30 15:00:00.0,Intermediário
1.52569,1.52839,2008-07-30 15:30:00.0,Intermediário
1.52427,1.52614,2008-07-30 16:00:00.0,Intermediário
1.52517,1.52672,2008-07-30 16:30:00.0,Fechamento Interbancário
1.52742,1.52877,2008-07-30 17:40:00.0,Fechamento
1.52261,1.53272,2008-07-31 09:16:00.0,Abertura
1.5222,1.52541,2008-07-31 09:30:00.0,Intermediário
1.52562,1.52719,2008-07-31 10:00:00.0,Intermediário
1.52698,1.52938,2008-07-31 10:30:00.0,Intermediário
1.5278,1.52923,2008-07-31 11:00:00.0,Intermediário
1.52864,1.52986,2008-07-31 11:30:00.0,Intermediário
1.52771,1.52999,2008-07-31 12:00:00.0,Intermediário
1.52807,1.53042,2008-07-31 12:30:00.0,Intermediário
1.52594,1.52833,2008-07-31 13:00:00.0,Intermediário
1.52653,1.52908,2008-07-31 13:30:00.0,Intermediário
1.52668,1.52938,2008-07-31 14:00:00.0,Intermediário
1.52698,1.52938,2008-07-31 14:30:00.0,Intermediário
1.52675,1.5296,2008-07-31 15:00:00.0,Intermediário
1.52628,1.52854,2008-07-31 15:30:00.0,Intermediário
1.52418,1.52643,2008-07-31 16:00:00.0,Intermediário
1.52388,1.52643,2008-07-31 16:30:00.0,Fechamento Interbancário
1.52955,1.53093,2008-07-31 17:37:00.0,Fechamento
1.51869,1.52881,2008-08-01 09:24:00.0,Abertura
1.52003,1.52452,2008-08-01 09:30:00.0,Intermediário
1.51816,1.52061,2008-08-01 10:00:00.0,Intermediário
1.51893,1.52132,2008-08-01 10:30:00.0,Intermediário
1.51878,1.52214,2008-08-01 11:00:00.0,Intermediário
1.51996,1.52138,2008-08-01 11:30:00.0,Intermediário
1.51571,1.51812,2008-08-01 12:00:00.0,Intermediário
1.5162,1.51861,2008-08-01 12:30:00.0,Intermediário
1.51791,1.52046,2008-08-01 13:00:00.0,Intermediário
1.52051,1.5232,2008-08-01 13:30:00.0,Intermediário
1.51843,1.52112,2008-08-01 14:00:00.0,Intermediário
1.51888,1.52127,2008-08-01 14:30:00.0,Intermediário
1.52105,1.52337,2008-08-01 15:00:00.0,Intermediário
1.51754,1.52009,2008-08-01 15:30:00.0,Intermediário
1.51577,1.51801,2008-08-01 16:00:00.0,Intermediário
1.51756,1.51969,2008-08-01 16:30:00.0,Fechamento Interbancário
1.51707,1.51804,2008-08-01 17:40:00.0,Fechamento
1.51196,1.52211,2008-08-04 09:21:00.0,Abertura
1.5163,1.51912,2008-08-04 09:30:00.0,Intermediário
1.51815,1.52054,2008-08-04 10:00:00.0,Intermediário
1.51867,1.52113,2008-08-04 10:30:00.0,Intermediário
1.51771,1.52098,2008-08-04 11:00:00.0,Intermediário
1.51993,1.5221,2008-08-04 11:30:00.0,Intermediário
1.51677,1.519,2008-08-04 12:00:00.0,Intermediário
1.51618,1.51871,2008-08-04 12:30:00.0,Intermediário
1.51285,1.51518,2008-08-04 13:00:00.0,Intermediário
1.51284,1.51536,2008-08-04 13:30:00.0,Intermediário
1.51277,1.51506,2008-08-04 14:00:00.0,Intermediário
1.51262,1.51506,2008-08-04 14:30:00.0,Intermediário
1.51076,1.51299,2008-08-04 15:00:00.0,Intermediário
1.50974,1.51211,2008-08-04 15:30:00.0,Intermediário
1.50641,1.50796,2008-08-04 16:00:00.0,Intermediário
1.50729,1.50869,2008-08-04 16:30:00.0,Fechamento Interbancário
1.51028,1.51149,2008-08-04 17:42:00.0,Fechamento
1.49617,1.50622,2008-08-05 09:11:00.0,Abertura
1.50196,1.50431,2008-08-05 09:30:00.0,Intermediário
1.51219,1.51435,2008-08-05 10:00:00.0,Intermediário
1.51194,1.51531,2008-08-05 10:30:00.0,Intermediário
1.51148,1.51384,2008-08-05 11:00:00.0,Intermediário
1.5078,1.50994,2008-08-05 11:30:00.0,Intermediário
1.51056,1.51278,2008-08-05 12:00:00.0,Intermediário
1.50949,1.51169,2008-08-05 12:30:00.0,Intermediário
1.51049,1.51271,2008-08-05 13:00:00.0,Intermediário
1.51065,1.51271,2008-08-05 13:30:00.0,Intermediário
1.5105,1.51291,2008-08-05 14:00:00.0,Intermediário
1.50757,1.50882,2008-08-05 14:30:00.0,Intermediário
1.5056,1.50802,2008-08-05 15:00:00.0,Intermediário
1.50649,1.50891,2008-08-05 15:30:00.0,Intermediário
1.50786,1.5094,2008-08-05 16:09:00.0,Intermediário
1.50707,1.5085,2008-08-05 16:30:00.0,Fechamento Interbancário
1.50649,1.50773,2008-08-05 18:26:00.0,Fechamento
1.49993,1.50974,2008-08-06 09:14:00.0,Abertura
1.50684,1.50829,2008-08-06 09:30:00.0,Intermediário
1.51019,1.51379,2008-08-06 10:00:00.0,Intermediário
1.50731,1.50951,2008-08-06 10:30:00.0,Intermediário
1.50677,1.51292,2008-08-06 11:00:00.0,Intermediário
1.50965,1.51104,2008-08-06 11:30:00.0,Intermediário
1.51044,1.51169,2008-08-06 12:00:00.0,Intermediário
1.5061,1.50927,2008-08-06 12:30:00.0,Intermediário
1.50879,1.51142,2008-08-06 13:00:00.0,Intermediário
1.50969,1.51214,2008-08-06 13:30:00.0,Intermediário
1.50951,1.51199,2008-08-06 14:00:00.0,Intermediário
1.50936,1.51184,2008-08-06 14:30:00.0,Intermediário
1.50621,1.50869,2008-08-06 15:00:00.0,Intermediário
1.50489,1.50716,2008-08-06 15:30:00.0,Intermediário
1.50506,1.50644,2008-08-06 16:00:00.0,Intermediário
1.50353,1.50616,2008-08-06 16:30:00.0,Fechamento Interbancário
1.50487,1.50635,2008-08-06 17:37:00.0,Fechamento
1.49981,1.50979,2008-08-07 09:18:00.0,Abertura
1.50189,1.50775,2008-08-07 09:30:00.0,Intermediário
1.50184,1.5041,2008-08-07 10:00:00.0,Intermediário
1.50372,1.50577,2008-08-07 10:30:00.0,Intermediário
1.50637,1.50792,2008-08-07 11:00:00.0,Intermediário
1.50566,1.50843,2008-08-07 11:30:00.0,Intermediário
1.50466,1.50705,2008-08-07 12:00:00.0,Intermediário
1.50908,1.51137,2008-08-07 12:30:00.0,Intermediário
1.5127,1.51504,2008-08-07 13:00:00.0,Intermediário
1.51083,1.51331,2008-08-07 13:30:00.0,Intermediário
1.51055,1.51309,2008-08-07 14:00:00.0,Intermediário
1.51126,1.51345,2008-08-07 14:30:00.0,Intermediário
1.50965,1.51198,2008-08-07 15:00:00.0,Intermediário
1.51164,1.51426,2008-08-07 15:30:00.0,Intermediário
1.51155,1.51308,2008-08-07 16:00:00.0,Intermediário
1.51178,1.5144,2008-08-07 16:30:00.0,Fechamento Interbancário
1.50466,1.50613,2008-08-07 17:37:00.0,Fechamento
1.51276,1.52258,2008-08-08 09:23:00.0,Abertura
1.51529,1.5176,2008-08-08 09:30:00.0,Intermediário
1.51555,1.51799,2008-08-08 10:00:00.0,Intermediário
1.51769,1.51877,2008-08-08 10:30:00.0,Intermediário
1.51399,1.51685,2008-08-08 11:00:00.0,Intermediário
1.51492,1.51737,2008-08-08 11:30:00.0,Intermediário
1.5073,1.50866,2008-08-08 12:00:00.0,Intermediário
1.51106,1.51322,2008-08-08 12:30:00.0,Intermediário
1.50857,1.51082,2008-08-08 13:00:00.0,Intermediário
1.50899,1.51157,2008-08-08 13:30:00.0,Intermediário
1.50843,1.51078,2008-08-08 14:00:00.0,Intermediário
1.50927,1.51172,2008-08-08 14:30:00.0,Intermediário
1.50984,1.51204,2008-08-08 15:00:00.0,Intermediário
1.50965,1.51122,2008-08-08 15:30:00.0,Intermediário
1.5044,1.50655,2008-08-08 16:00:00.0,Intermediário
1.50468,1.50733,2008-08-08 16:30:00.0,Fechamento Interbancário
1.51011,1.51164,2008-08-08 17:47:00.0,Fechamento
1.50082,1.51069,2008-08-11 09:18:00.0,Abertura
1.50619,1.5085,2008-08-11 09:30:00.0,Intermediário
1.5052,1.50736,2008-08-11 10:00:00.0,Intermediário
1.51399,1.51549,2008-08-11 10:30:00.0,Intermediário
1.50998,1.51228,2008-08-11 11:00:00.0,Intermediário
1.51292,1.51508,2008-08-11 11:30:00.0,Intermediário
1.50735,1.51021,2008-08-11 12:00:00.0,Intermediário
1.50445,1.5068,2008-08-11 12:30:00.0,Intermediário
1.50583,1.50834,2008-08-11 13:00:00.0,Intermediário
1.50642,1.5086,2008-08-11 13:30:00.0,Intermediário
1.50988,1.51206,2008-08-11 14:00:00.0,Intermediário
1.51164,1.51393,2008-08-11 14:30:00.0,Intermediário
1.51114,1.51351,2008-08-11 15:00:00.0,Intermediário
1.50977,1.5122,2008-08-11 15:30:00.0,Intermediário
1.51132,1.51362,2008-08-11 16:00:00.0,Intermediário
1.5097,1.51183,2008-08-11 16:30:00.0,Fechamento Interbancário
1.5097,1.51071,2008-08-11 17:42:00.0,Fechamento
1.50945,1.51931,2008-08-12 09:19:00.0,Abertura
1.51096,1.51488,2008-08-12 09:30:00.0,Intermediário
1.51656,1.51888,2008-08-12 10:00:00.0,Intermediário
1.5141,1.51626,2008-08-12 10:30:00.0,Intermediário
1.51694,1.51902,2008-08-12 11:00:00.0,Intermediário
1.52056,1.52249,2008-08-12 11:30:00.0,Intermediário
1.5245,1.52587,2008-08-12 12:00:00.0,Intermediário
1.52203,1.52424,2008-08-12 12:30:00.0,Intermediário
1.52472,1.52689,2008-08-12 13:00:00.0,Intermediário
1.52401,1.52689,2008-08-12 13:30:00.0,Intermediário
1.52422,1.52639,2008-08-12 14:00:00.0,Intermediário
1.52573,1.52833,2008-08-12 14:30:00.0,Intermediário
1.52274,1.52511,2008-08-12 15:00:00.0,Intermediário
1.52311,1.52434,2008-08-12 15:30:00.0,Intermediário
1.52731,1.52938,2008-08-12 16:00:00.0,Intermediário
1.52688,1.52919,2008-08-12 16:30:00.0,Fechamento Interbancário
1.52057,1.52175,2008-08-12 17:37:00.0,Fechamento
1.51677,1.52642,2008-08-13 09:20:00.0,Abertura
1.51924,1.52289,2008-08-13 09:30:00.0,Intermediário
1.52041,1.52274,2008-08-13 10:00:00.0,Intermediário
1.52009,1.52239,2008-08-13 10:30:00.0,Intermediário
1.5192,1.52214,2008-08-13 11:00:00.0,Intermediário
1.52106,1.52343,2008-08-13 11:30:00.0,Intermediário
1.52405,1.52635,2008-08-13 12:00:00.0,Intermediário
1.52526,1.52754,2008-08-13 12:30:00.0,Intermediário
1.5246,1.52576,2008-08-13 13:00:00.0,Intermediário
1.52525,1.52719,2008-08-13 13:30:00.0,Intermediário
1.52568,1.52705,2008-08-13 14:00:00.0,Intermediário
1.51817,1.52033,2008-08-13 14:30:00.0,Intermediário
1.51957,1.52246,2008-08-13 15:00:00.0,Intermediário
1.51646,1.51906,2008-08-13 15:30:00.0,Intermediário
1.51855,1.521,2008-08-13 16:00:00.0,Intermediário
1.51769,1.52014,2008-08-13 16:30:00.0,Fechamento Interbancário
1.52456,1.52588,2008-08-13 17:40:00.0,Fechamento
1.51564,1.52566,2008-08-14 09:28:00.0,Abertura
1.51826,1.52109,2008-08-14 09:30:00.0,Intermediário
1.51973,1.52096,2008-08-14 10:00:00.0,Intermediário
1.51982,1.52186,2008-08-14 10:30:00.0,Intermediário
1.51971,1.52231,2008-08-14 11:00:00.0,Intermediário
1.51886,1.52102,2008-08-14 11:30:00.0,Intermediário
1.51681,1.51818,2008-08-14 12:00:00.0,Intermediário
1.52289,1.52498,2008-08-14 12:30:00.0,Intermediário
1.52673,1.52919,2008-08-14 13:00:00.0,Intermediário
1.52515,1.52761,2008-08-14 13:30:00.0,Intermediário
1.52358,1.52589,2008-08-14 14:00:00.0,Intermediário
1.52329,1.5256,2008-08-14 14:30:00.0,Intermediário
1.52452,1.52668,2008-08-14 15:00:00.0,Intermediário
1.52436,1.5266,2008-08-14 15:30:00.0,Intermediário
1.52735,1.52965,2008-08-14 16:00:00.0,Intermediário
1.5256,1.52805,2008-08-14 16:30:00.0,Fechamento Interbancário
1.52147,1.52279,2008-08-14 17:33:00.0,Fechamento
1.5246,1.53485,2008-08-15 09:19:00.0,Abertura
1.53412,1.53651,2008-08-15 09:30:00.0,Intermediário
1.53643,1.54202,2008-08-15 10:00:00.0,Intermediário
1.53766,1.53999,2008-08-15 10:30:00.0,Intermediário
1.53629,1.53781,2008-08-15 11:00:00.0,Intermediário
1.53434,1.53622,2008-08-15 11:30:00.0,Intermediário
1.53563,1.53824,2008-08-15 12:00:00.0,Intermediário
1.54186,1.5439,2008-08-15 12:30:00.0,Intermediário
1.54223,1.54455,2008-08-15 13:27:00.0,Intermediário
1.5389,1.54151,2008-08-15 13:30:00.0,Intermediário
1.53962,1.5418,2008-08-15 14:00:00.0,Intermediário
1.5447,1.5458,2008-08-15 14:30:00.0,Intermediário
1.54386,1.54615,2008-08-15 15:00:00.0,Intermediário
1.54666,1.54914,2008-08-15 15:30:00.0,Intermediário
1.54616,1.54863,2008-08-15 16:00:00.0,Intermediário
1.54492,1.54725,2008-08-15 16:30:00.0,Fechamento Interbancário
1.54596,1.54715,2008-08-15 17:36:00.0,Fechamento
1.53952,1.54938,2008-08-18 09:21:00.0,Abertura
1.54021,1.54297,2008-08-18 09:30:00.0,Intermediário
1.53745,1.53977,2008-08-18 10:00:00.0,Intermediário
1.53708,1.53912,2008-08-18 10:30:00.0,Intermediário
1.53657,1.5389,2008-08-18 11:00:00.0,Intermediário
1.53868,1.54114,2008-08-18 11:30:00.0,Intermediário
1.53749,1.53971,2008-08-18 12:00:00.0,Intermediário
1.53687,1.53919,2008-08-18 12:30:00.0,Intermediário
1.53701,1.53933,2008-08-18 13:00:00.0,Intermediário
1.5339,1.53665,2008-08-18 13:30:00.0,Intermediário
1.53477,1.53708,2008-08-18 14:00:00.0,Intermediário
1.53556,1.53759,2008-08-18 14:30:00.0,Intermediário
1.53709,1.5394,2008-08-18 15:00:00.0,Intermediário
1.53709,1.53926,2008-08-18 15:30:00.0,Intermediário
1.53839,1.54063,2008-08-18 16:00:00.0,Intermediário
1.53839,1.54085,2008-08-18 16:30:00.0,Fechamento Interbancário
1.53566,1.53699,2008-08-18 17:44:00.0,Fechamento
1.5391,1.54879,2008-08-19 09:21:00.0,Abertura
1.54214,1.54556,2008-08-19 09:30:00.0,Intermediário
1.54445,1.5469,2008-08-19 10:00:00.0,Intermediário
1.54301,1.54562,2008-08-19 10:30:00.0,Intermediário
1.54061,1.54266,2008-08-19 11:00:00.0,Intermediário
1.54229,1.54446,2008-08-19 11:30:00.0,Intermediário
1.54258,1.5449,2008-08-19 12:00:00.0,Intermediário
1.54288,1.54534,2008-08-19 12:30:00.0,Intermediário
1.54303,1.54535,2008-08-19 13:00:00.0,Intermediário
1.54223,1.54477,2008-08-19 13:30:00.0,Intermediário
1.53694,1.53984,2008-08-19 14:00:00.0,Intermediário
1.53636,1.53882,2008-08-19 14:30:00.0,Intermediário
1.53463,1.53694,2008-08-19 15:00:00.0,Intermediário
1.53455,1.53687,2008-08-19 15:30:00.0,Intermediário
1.52746,1.52992,2008-08-19 16:00:00.0,Intermediário
1.52849,1.53077,2008-08-19 16:30:00.0,Fechamento Interbancário
1.53743,1.53858,2008-08-19 17:38:00.0,Fechamento
1.52598,1.53585,2008-08-20 09:20:00.0,Abertura
1.53185,1.53468,2008-08-20 09:30:00.0,Intermediário
1.53019,1.53294,2008-08-20 10:00:00.0,Intermediário
1.52555,1.52707,2008-08-20 10:30:00.0,Intermediário
1.52518,1.52779,2008-08-20 11:00:00.0,Intermediário
1.51894,1.52111,2008-08-20 11:30:00.0,Intermediário
1.52284,1.52518,2008-08-20 12:00:00.0,Intermediário
1.5248,1.5274,2008-08-20 12:30:00.0,Intermediário
1.52681,1.52912,2008-08-20 13:00:00.0,Intermediário
1.52644,1.52847,2008-08-20 13:30:00.0,Intermediário
1.52429,1.5266,2008-08-20 14:00:00.0,Intermediário
1.52487,1.52718,2008-08-20 14:30:00.0,Intermediário
1.52529,1.52739,2008-08-20 15:00:00.0,Intermediário
1.52325,1.52585,2008-08-20 15:30:00.0,Intermediário
1.5219,1.5242,2008-08-20 16:00:00.0,Intermediário
1.52383,1.526,2008-08-20 16:30:00.0,Fechamento Interbancário
1.52562,1.52666,2008-08-20 17:40:00.0,Fechamento
1.52671,1.53664,2008-08-21 09:14:00.0,Abertura
1.5308,1.53299,2008-08-21 09:30:00.0,Intermediário
1.53418,1.53649,2008-08-21 10:00:00.0,Intermediário
1.53335,1.53685,2008-08-21 10:30:00.0,Intermediário
1.53503,1.53736,2008-08-21 11:00:00.0,Intermediário
1.53853,1.54088,2008-08-21 11:30:00.0,Intermediário
1.54258,1.54494,2008-08-21 12:00:00.0,Intermediário
1.54037,1.54302,2008-08-21 12:30:00.0,Intermediário
1.54111,1.54346,2008-08-21 13:00:00.0,Intermediário
1.54126,1.54361,2008-08-21 13:30:00.0,Intermediário
1.54236,1.54479,2008-08-21 14:00:00.0,Intermediário
1.54192,1.54428,2008-08-21 14:30:00.0,Intermediário
1.54045,1.54288,2008-08-21 15:00:00.0,Intermediário
1.53971,1.54126,2008-08-21 15:30:00.0,Intermediário
1.53796,1.54027,2008-08-21 16:00:00.0,Intermediário
1.53993,1.54244,2008-08-21 16:30:00.0,Fechamento Interbancário
1.5452,1.54656,2008-08-21 17:42:00.0,Fechamento
1.53758,1.54802,2008-08-22 09:20:00.0,Abertura
1.53993,1.54214,2008-08-22 09:30:00.0,Intermediário
1.54162,1.54412,2008-08-22 10:00:00.0,Intermediário
1.53986,1.54236,2008-08-22 10:30:00.0,Intermediário
1.54343,1.54567,2008-08-22 11:00:00.0,Intermediário
1.54294,1.54831,2008-08-22 11:30:00.0,Intermediário
1.54486,1.54691,2008-08-22 12:00:00.0,Intermediário
1.54592,1.54837,2008-08-22 12:30:00.0,Intermediário
1.54699,1.54869,2008-08-22 13:00:00.0,Intermediário
1.5467,1.54799,2008-08-22 13:30:00.0,Intermediário
1.5467,1.54854,2008-08-22 14:00:00.0,Intermediário
1.54758,1.54965,2008-08-22 14:30:00.0,Intermediário
1.54714,1.54956,2008-08-22 15:00:00.0,Intermediário
1.55148,1.55383,2008-08-22 15:30:00.0,Intermediário
1.55153,1.55433,2008-08-22 16:00:00.0,Intermediário
1.55153,1.55455,2008-08-22 16:30:00.0,Fechamento Interbancário
1.54666,1.54853,2008-08-22 17:36:00.0,Fechamento
1.54899,1.559,2008-08-25 09:20:00.0,Abertura
1.55052,1.55273,2008-08-25 09:30:00.0,Intermediário
1.55006,1.55228,2008-08-25 10:00:00.0,Intermediário
1.54993,1.55133,2008-08-25 10:30:00.0,Intermediário
1.5477,1.5502,2008-08-25 11:00:00.0,Intermediário
1.55051,1.55301,2008-08-25 11:30:00.0,Intermediário
1.555,1.55646,2008-08-25 12:00:00.0,Intermediário
1.55641,1.55757,2008-08-25 12:30:00.0,Intermediário
1.55566,1.55787,2008-08-25 13:00:00.0,Intermediário
1.55373,1.55609,2008-08-25 13:30:00.0,Intermediário
1.54989,1.55238,2008-08-25 14:00:00.0,Intermediário
1.55319,1.55524,2008-08-25 14:30:00.0,Intermediário
1.55246,1.55502,2008-08-25 15:00:00.0,Intermediário
1.55355,1.55589,2008-08-25 15:30:00.0,Intermediário
1.55369,1.55604,2008-08-25 16:00:00.0,Intermediário
1.5509,1.55325,2008-08-25 16:30:00.0,Fechamento Interbancário
1.54776,1.54897,2008-08-25 17:37:00.0,Fechamento
1.55533,1.56513,2008-08-26 09:21:00.0,Abertura
1.5584,1.5609,2008-08-26 09:30:00.0,Intermediário
1.56009,1.56289,2008-08-26 10:00:00.0,Intermediário
1.56597,1.56803,2008-08-26 10:30:00.0,Intermediário
1.56271,1.56552,2008-08-26 11:00:00.0,Intermediário
1.56865,1.57087,2008-08-26 11:30:00.0,Intermediário
1.56799,1.56955,2008-08-26 12:00:00.0,Intermediário
1.56591,1.56827,2008-08-26 12:30:00.0,Intermediário
1.56326,1.56554,2008-08-26 13:00:00.0,Intermediário
1.56438,1.56644,2008-08-26 13:30:00.0,Intermediário
1.56304,1.56539,2008-08-26 14:00:00.0,Intermediário
1.56335,1.56608,2008-08-26 14:30:00.0,Intermediário
1.56202,1.56465,2008-08-26 15:00:00.0,Intermediário
1.55776,1.56056,2008-08-26 15:30:00.0,Intermediário
1.55511,1.55651,2008-08-26 16:00:00.0,Intermediário
1.55481,1.55651,2008-08-26 16:30:00.0,Fechamento Interbancário
1.56025,1.56175,2008-08-26 17:36:00.0,Fechamento
1.55017,1.56015,2008-08-27 09:20:00.0,Abertura
1.55268,1.55394,2008-08-27 09:30:00.0,Intermediário
1.55103,1.55324,2008-08-27 10:00:00.0,Intermediário
1.55073,1.5529,2008-08-27 10:30:00.0,Intermediário
1.54928,1.55163,2008-08-27 11:00:00.0,Intermediário
1.5497,1.55119,2008-08-27 11:30:00.0,Intermediário
1.54867,1.54985,2008-08-27 12:00:00.0,Intermediário
1.54837,1.55006,2008-08-27 12:30:00.0,Intermediário
1.54741,1.54876,2008-08-27 13:00:00.0,Intermediário
1.5466,1.54882,2008-08-27 13:30:00.0,Intermediário
1.54594,1.54829,2008-08-27 14:00:00.0,Intermediário
1.54771,1.55036,2008-08-27 14:30:00.0,Intermediário
1.54618,1.54852,2008-08-27 15:00:00.0,Intermediário
1.5458,1.54823,2008-08-27 15:30:00.0,Intermediário
1.54646,1.54881,2008-08-27 16:00:00.0,Intermediário
1.54639,1.54919,2008-08-27 16:30:00.0,Fechamento Interbancário
1.54687,1.54852,2008-08-27 17:35:00.0,Fechamento
1.5428,1.55309,2008-08-28 09:18:00.0,Abertura
1.54448,1.54713,2008-08-28 09:30:00.0,Intermediário
1.54765,1.55045,2008-08-28 10:00:00.0,Intermediário
1.54671,1.54911,2008-08-28 10:30:00.0,Intermediário
1.54611,1.54846,2008-08-28 11:27:00.0,Intermediário
1.54737,1.5495,2008-08-28 11:30:00.0,Intermediário
1.54087,1.54307,2008-08-28 12:00:00.0,Intermediário
1.54271,1.54497,2008-08-28 12:30:00.0,Intermediário
1.54562,1.54789,2008-08-28 13:00:00.0,Intermediário
1.54702,1.54981,2008-08-28 13:30:00.0,Intermediário
1.54512,1.54743,2008-08-28 14:00:00.0,Intermediário
1.54621,1.54855,2008-08-28 14:30:00.0,Intermediário
1.54812,1.55054,2008-08-28 15:00:00.0,Intermediário
1.54892,1.55061,2008-08-28 15:30:00.0,Intermediário
1.54877,1.55112,2008-08-28 16:00:00.0,Intermediário
1.54987,1.55236,2008-08-28 16:30:00.0,Fechamento Interbancário
1.5455,1.54685,2008-08-28 17:34:00.0,Fechamento
1.54533,1.55556,2008-08-29 09:24:00.0,Abertura
1.54891,1.55162,2008-08-29 09:30:00.0,Intermediário
1.54452,1.54692,2008-08-29 10:00:00.0,Intermediário
1.53985,1.54233,2008-08-29 10:30:00.0,Intermediário
1.54152,1.54415,2008-08-29 11:00:00.0,Intermediário
1.5434,1.54617,2008-08-29 11:30:00.0,Intermediário
1.54057,1.54274,2008-08-29 12:00:00.0,Intermediário
1.53607,1.53839,2008-08-29 12:30:00.0,Intermediário
1.53716,1.53962,2008-08-29 13:00:00.0,Intermediário
1.5373,1.53976,2008-08-29 13:30:00.0,Intermediário
1.53528,1.53761,2008-08-29 14:00:00.0,Intermediário
1.53528,1.53803,2008-08-29 14:30:00.0,Intermediário
1.53448,1.5368,2008-08-29 15:00:00.0,Intermediário
1.53268,1.53499,2008-08-29 15:30:00.0,Intermediário
1.53499,1.5373,2008-08-29 16:00:00.0,Intermediário
1.53555,1.53782,2008-08-29 16:30:00.0,Fechamento Interbancário
1.538,1.53914,2008-08-29 17:33:00.0,Fechamento
1.53572,1.54553,2008-09-01 09:28:00.0,Abertura
1.53781,1.53979,2008-09-01 09:30:00.0,Intermediário
1.53659,1.53889,2008-09-01 10:00:00.0,Intermediário
1.53659,1.53796,2008-09-01 10:30:00.0,Intermediário
1.53781,1.54041,2008-09-01 11:00:00.0,Intermediário
1.53724,1.53954,2008-09-01 11:30:00.0,Intermediário
1.5381,1.54033,2008-09-01 12:00:00.0,Intermediário
1.53832,1.54091,2008-09-01 12:30:00.0,Intermediário
1.53882,1.54127,2008-09-01 13:00:00.0,Intermediário
1.54028,1.54286,2008-09-01 13:30:00.0,Intermediário
1.5381,1.54055,2008-09-01 14:00:00.0,Intermediário
1.53954,1.54228,2008-09-01 14:30:00.0,Intermediário
1.53796,1.54026,2008-09-01 15:00:00.0,Intermediário
1.53623,1.53868,2008-09-01 15:30:00.0,Intermediário
1.5376,1.54019,2008-09-01 16:00:00.0,Intermediário
1.53961,1.54235,2008-09-01 16:30:00.0,Fechamento Interbancário
1.53952,1.54114,2008-09-01 17:36:00.0,Fechamento
1.54552,1.55518,2008-09-02 09:12:00.0,Abertura
1.54954,1.55285,2008-09-02 09:30:00.0,Intermediário
1.54635,1.54872,2008-09-02 10:00:00.0,Intermediário
1.54924,1.55155,2008-09-02 10:30:00.0,Intermediário
1.54674,1.5491,2008-09-02 11:00:00.0,Intermediário
1.54529,1.54767,2008-09-02 11:30:00.0,Intermediário
1.54456,1.5473,2008-09-02 12:00:00.0,Intermediário
1.5489,1.5515,2008-09-02 12:30:00.0,Intermediário
1.54845,1.5509,2008-09-02 13:00:00.0,Intermediário
1.54787,1.55011,2008-09-02 13:30:00.0,Intermediário
1.54903,1.55134,2008-09-02 14:00:00.0,Intermediário
1.54961,1.55192,2008-09-02 14:30:00.0,Intermediário
1.5529,1.55523,2008-09-02 15:00:00.0,Intermediário
1.55319,1.55549,2008-09-02 15:30:00.0,Intermediário
1.5561,1.5587,2008-09-02 16:00:00.0,Intermediário
1.55495,1.55741,2008-09-02 16:30:00.0,Fechamento Interbancário
1.55345,1.55479,2008-09-02 17:42:00.0,Fechamento
1.55052,1.56028,2008-09-03 09:25:00.0,Abertura
1.55335,1.55539,2008-09-03 09:30:00.0,Intermediário
1.55317,1.55547,2008-09-03 10:00:00.0,Intermediário
1.564,1.56662,2008-09-03 10:30:00.0,Intermediário
1.56322,1.56559,2008-09-03 11:00:00.0,Intermediário
1.56497,1.5673,2008-09-03 11:30:00.0,Intermediário
1.56779,1.57038,2008-09-03 12:00:00.0,Intermediário
1.57449,1.57689,2008-09-03 12:30:00.0,Intermediário
1.57729,1.57959,2008-09-03 13:00:00.0,Intermediário
1.57488,1.57736,2008-09-03 13:30:00.0,Intermediário
1.57385,1.57632,2008-09-03 14:00:00.0,Intermediário
1.574,1.57647,2008-09-03 14:30:00.0,Intermediário
1.57711,1.57937,2008-09-03 15:00:00.0,Intermediário
1.57726,1.57944,2008-09-03 15:30:00.0,Intermediário
1.57865,1.58078,2008-09-03 16:00:00.0,Intermediário
1.57736,1.58014,2008-09-03 16:30:00.0,Fechamento Interbancário
1.57454,1.57618,2008-09-03 17:38:00.0,Fechamento
1.57999,1.59003,2008-09-04 09:18:00.0,Abertura
1.58237,1.58471,2008-09-04 09:30:00.0,Intermediário
1.58625,1.58904,2008-09-04 10:00:00.0,Intermediário
1.58277,1.58511,2008-09-04 10:30:00.0,Intermediário
1.58509,1.5873,2008-09-04 11:00:00.0,Intermediário
1.58208,1.5846,2008-09-04 11:30:00.0,Intermediário
1.58726,1.58973,2008-09-04 12:00:00.0,Intermediário
1.5908,1.59358,2008-09-04 12:30:00.0,Intermediário
1.59491,1.59712,2008-09-04 13:00:00.0,Intermediário
1.59552,1.59771,2008-09-04 13:30:00.0,Intermediário
1.59537,1.59801,2008-09-04 14:00:00.0,Intermediário
1.60899,1.61066,2008-09-04 14:30:00.0,Intermediário
1.60939,1.61218,2008-09-04 15:00:00.0,Intermediário
1.60926,1.61175,2008-09-04 15:30:00.0,Intermediário
1.61076,1.61305,2008-09-04 16:01:00.0,Intermediário
1.60505,1.60738,2008-09-04 16:31:00.0,Fechamento Interbancário
1.5912,1.5924,2008-09-04 17:41:00.0,Fechamento
1.61807,1.62806,2008-09-05 09:22:00.0,Abertura
1.62149,1.62428,2008-09-05 09:31:00.0,Intermediário
1.63427,1.63669,2008-09-05 10:00:00.0,Intermediário
1.62481,1.6271,2008-09-05 10:30:00.0,Intermediário
1.61678,1.61957,2008-09-05 11:00:00.0,Intermediário
1.62592,1.62856,2008-09-05 11:30:00.0,Intermediário
1.62988,1.63192,2008-09-05 12:00:00.0,Intermediário
1.63185,1.63325,2008-09-05 12:30:00.0,Intermediário
1.62876,1.6311,2008-09-05 13:00:00.0,Intermediário
1.62525,1.62789,2008-09-05 13:30:00.0,Intermediário
1.62616,1.6285,2008-09-05 14:00:00.0,Intermediário
1.62051,1.62322,2008-09-05 14:30:00.0,Intermediário
1.61427,1.61705,2008-09-05 15:00:00.0,Intermediário
1.61127,1.61405,2008-09-05 15:30:00.0,Intermediário
1.61109,1.61387,2008-09-05 16:00:00.0,Intermediário
1.61169,1.61418,2008-09-05 16:30:00.0,Fechamento Interbancário
1.62551,1.62687,2008-09-05 17:39:00.0,Fechamento
1.59996,1.61029,2008-09-08 09:17:00.0,Abertura
1.59869,1.60113,2008-09-08 09:30:00.0,Intermediário
1.60307,1.60528,2008-09-08 10:00:00.0,Intermediário
1.60392,1.60671,2008-09-08 10:30:00.0,Intermediário
1.6079,1.6101,2008-09-08 11:00:00.0,Intermediário
1.61369,1.61606,2008-09-08 11:30:00.0,Intermediário
1.61817,1.62081,2008-09-08 12:00:00.0,Intermediário
1.6193,1.62149,2008-09-08 12:30:00.0,Intermediário
1.6246,1.62708,2008-09-08 13:00:00.0,Intermediário
1.62627,1.62876,2008-09-08 13:30:00.0,Intermediário
1.62415,1.62678,2008-09-08 14:00:00.0,Intermediário
1.62327,1.62571,2008-09-08 14:30:00.0,Intermediário
1.62225,1.62458,2008-09-08 15:00:00.0,Intermediário
1.622,1.62428,2008-09-08 15:30:00.0,Intermediário
1.62187,1.62436,2008-09-08 16:00:00.0,Intermediário
1.62451,1.62699,2008-09-08 16:30:00.0,Fechamento Interbancário
1.61832,1.61968,2008-09-08 17:50:00.0,Fechamento
1.62981,1.63967,2008-09-09 09:13:00.0,Abertura
1.63624,1.63859,2008-09-09 09:30:00.0,Intermediário
1.64468,1.64695,2008-09-09 10:00:00.0,Intermediário
1.64856,1.65097,2008-09-09 10:30:00.0,Intermediário
1.64441,1.647,2008-09-09 11:00:00.0,Intermediário
1.64529,1.64778,2008-09-09 11:30:00.0,Intermediário
1.64652,1.64932,2008-09-09 12:00:00.0,Intermediário
1.64263,1.64512,2008-09-09 13:58:00.0,Intermediário
1.64435,1.64684,2008-09-09 14:08:00.0,Intermediário
1.64463,1.64713,2008-09-09 14:13:00.0,Intermediário
1.6373,1.63964,2008-09-09 14:18:00.0,Intermediário
1.63696,1.63976,2008-09-09 14:30:00.0,Intermediário
1.64606,1.64839,2008-09-09 15:00:00.0,Intermediário
1.65205,1.65464,2008-09-09 15:30:00.0,Intermediário
1.65731,1.65934,2008-09-09 16:00:00.0,Intermediário
1.65437,1.65696,2008-09-09 16:30:00.0,Fechamento Interbancário
1.63811,1.63958,2008-09-09 17:35:00.0,Fechamento
1.65563,1.66566,2008-09-10 09:20:00.0,Abertura
1.66495,1.66729,2008-09-10 09:30:00.0,Intermediário
1.66106,1.66363,2008-09-10 10:00:00.0,Intermediário
1.65622,1.65856,2008-09-10 10:30:00.0,Intermediário
1.6549,1.65739,2008-09-10 11:00:00.0,Intermediário
1.65966,1.66168,2008-09-10 11:30:00.0,Intermediário
1.6715,1.67276,2008-09-10 12:00:00.0,Intermediário
1.66271,1.66511,2008-09-10 12:30:00.0,Intermediário
1.65797,1.6603,2008-09-10 13:00:00.0,Intermediário
1.65828,1.66107,2008-09-10 13:30:00.0,Intermediário
1.66091,1.66332,2008-09-10 14:00:00.0,Intermediário
1.6627,1.6648,2008-09-10 14:30:00.0,Intermediário
1.66324,1.66635,2008-09-10 15:00:00.0,Intermediário
1.6678,1.67005,2008-09-10 15:30:00.0,Intermediário
1.66947,1.67103,2008-09-10 16:00:00.0,Intermediário
1.66713,1.66963,2008-09-10 16:30:00.0,Fechamento Interbancário
1.669,1.67038,2008-09-10 17:43:00.0,Fechamento
1.6833,1.69357,2008-09-11 09:16:00.0,Abertura
1.68555,1.68812,2008-09-11 09:30:00.0,Intermediário
1.69479,1.69697,2008-09-11 10:00:00.0,Intermediário
1.70145,1.70348,2008-09-11 10:30:00.0,Intermediário
1.70027,1.70276,2008-09-11 11:00:00.0,Intermediário
1.69235,1.69484,2008-09-11 11:30:00.0,Intermediário
1.68599,1.68878,2008-09-11 12:00:00.0,Intermediário
1.68087,1.683,2008-09-11 12:30:00.0,Intermediário
1.68133,1.6835,2008-09-11 13:00:00.0,Intermediário
1.68219,1.68459,2008-09-11 13:30:00.0,Intermediário
1.6818,1.68428,2008-09-11 14:00:00.0,Intermediário
1.68038,1.68301,2008-09-11 14:30:00.0,Intermediário
1.68521,1.68784,2008-09-11 15:00:00.0,Intermediário
1.67748,1.6798,2008-09-11 15:30:00.0,Intermediário
1.68267,1.68523,2008-09-11 16:00:00.0,Intermediário
1.68212,1.68491,2008-09-11 16:30:00.0,Fechamento Interbancário
1.69204,1.69373,2008-09-11 17:35:00.0,Fechamento
1.6793,1.68913,2008-09-12 09:17:00.0,Abertura
1.68787,1.69054,2008-09-12 09:30:00.0,Intermediário
1.67958,1.68201,2008-09-12 10:00:00.0,Intermediário
1.68448,1.68734,2008-09-12 10:30:00.0,Intermediário
1.68431,1.68713,2008-09-12 11:00:00.0,Intermediário
1.68098,1.68329,2008-09-12 11:30:00.0,Intermediário
1.67638,1.67874,2008-09-12 12:00:00.0,Intermediário
1.67625,1.67942,2008-09-12 12:30:00.0,Intermediário
1.67892,1.68128,2008-09-12 13:00:00.0,Intermediário
1.67829,1.68065,2008-09-12 13:30:00.0,Intermediário
1.67813,1.68033,2008-09-12 14:00:00.0,Intermediário
1.67971,1.68235,2008-09-12 14:30:00.0,Intermediário
1.67907,1.68142,2008-09-12 15:00:00.0,Intermediário
1.68299,1.68567,2008-09-12 15:30:00.0,Intermediário
1.67798,1.68081,2008-09-12 16:02:00.0,Intermediário
1.67782,1.6805,2008-09-12 16:30:00.0,Fechamento Interbancário
1.68762,1.68917,2008-09-12 17:46:00.0,Fechamento
1.70282,1.7125,2008-09-15 09:26:00.0,Abertura
1.70401,1.70684,2008-09-15 09:30:00.0,Intermediário
1.70261,1.70506,2008-09-15 10:00:00.0,Intermediário
1.69579,1.69861,2008-09-15 10:30:00.0,Intermediário
1.68766,1.69047,2008-09-15 11:00:00.0,Intermediário
1.68872,1.69024,2008-09-15 11:30:00.0,Intermediário
1.68445,1.68674,2008-09-15 12:00:00.0,Intermediário
1.68671,1.68901,2008-09-15 12:30:00.0,Intermediário
1.69011,1.69279,2008-09-15 13:00:00.0,Intermediário
1.69134,1.6939,2008-09-15 13:30:00.0,Intermediário
1.69102,1.69322,2008-09-15 14:00:00.0,Intermediário
1.69102,1.69385,2008-09-15 14:30:00.0,Intermediário
1.69408,1.6969,2008-09-15 15:00:00.0,Intermediário
1.69065,1.69316,2008-09-15 15:30:00.0,Intermediário
1.69036,1.69319,2008-09-15 16:00:00.0,Intermediário
1.69021,1.69239,2008-09-15 16:30:00.0,Fechamento Interbancário
1.6946,1.69567,2008-09-15 17:35:00.0,Fechamento
1.69249,1.70254,2008-09-16 09:18:00.0,Abertura
1.70021,1.7031,2008-09-16 09:30:00.0,Intermediário
1.70407,1.70689,2008-09-16 10:00:00.0,Intermediário
1.72073,1.7234,2008-09-16 10:30:00.0,Intermediário
1.72071,1.72348,2008-09-16 11:00:00.0,Intermediário
1.71341,1.71564,2008-09-16 11:30:00.0,Intermediário
1.70209,1.70459,2008-09-16 12:00:00.0,Intermediário
1.70718,1.70987,2008-09-16 12:30:00.0,Intermediário
1.70268,1.70518,2008-09-16 13:00:00.0,Intermediário
1.70223,1.70473,2008-09-16 13:30:00.0,Intermediário
1.7035,1.70568,2008-09-16 14:00:00.0,Intermediário
1.70425,1.70643,2008-09-16 14:30:00.0,Intermediário
1.70336,1.70602,2008-09-16 15:00:00.0,Intermediário
1.71751,1.72002,2008-09-16 15:30:00.0,Intermediário
1.70191,1.70442,2008-09-16 16:38:00.0,Intermediário
1.69907,1.70157,2008-09-16 16:43:00.0,Fechamento Interbancário
1.71981,1.7212,2008-09-16 17:36:00.0,Fechamento
1.70083,1.71115,2008-09-17 09:24:00.0,Abertura
1.70816,1.71099,2008-09-17 09:30:00.0,Intermediário
1.72012,1.72249,2008-09-17 10:00:00.0,Intermediário
1.71588,1.71871,2008-09-17 10:30:00.0,Intermediário
1.73072,1.73338,2008-09-17 11:00:00.0,Intermediário
1.73236,1.73492,2008-09-17 11:30:00.0,Intermediário
1.7317,1.73404,2008-09-17 12:00:00.0,Intermediário
1.73485,1.73752,2008-09-17 12:30:00.0,Intermediário
1.74219,1.74502,2008-09-17 13:00:00.0,Intermediário
1.74337,1.74566,2008-09-17 13:30:00.0,Intermediário
1.7464,1.74842,2008-09-17 14:00:00.0,Intermediário
1.74835,1.75119,2008-09-17 14:30:00.0,Intermediário
1.74916,1.75146,2008-09-17 15:00:00.0,Intermediário
1.75219,1.75455,2008-09-17 15:30:00.0,Intermediário
1.74785,1.7507,2008-09-17 16:00:00.0,Intermediário
1.74507,1.74759,2008-09-17 16:30:00.0,Fechamento Interbancário
1.74432,1.74572,2008-09-17 17:40:00.0,Fechamento
1.76099,1.77075,2008-09-18 09:23:00.0,Abertura
1.76415,1.7667,2008-09-18 09:30:00.0,Intermediário
1.76576,1.76864,2008-09-18 10:00:00.0,Intermediário
1.7836,1.78649,2008-09-18 10:30:00.0,Intermediário
1.76331,1.76606,2008-09-18 11:00:00.0,Intermediário
1.76873,1.77036,2008-09-18 11:30:00.0,Intermediário
1.76361,1.76646,2008-09-18 12:00:00.0,Intermediário
1.77465,1.77751,2008-09-18 12:30:00.0,Intermediário
1.79032,1.79303,2008-09-18 13:00:00.0,Intermediário
1.78898,1.79169,2008-09-18 13:30:00.0,Intermediário
1.79082,1.79336,2008-09-18 14:00:00.0,Intermediário
1.80274,1.80588,2008-09-18 14:30:00.0,Intermediário
1.81037,1.81258,2008-09-18 15:00:00.0,Intermediário
1.82947,1.83237,2008-09-18 15:30:00.0,Intermediário
1.81512,1.81847,2008-09-18 16:00:00.0,Intermediário
1.81101,1.81391,2008-09-18 16:30:00.0,Fechamento Interbancário
1.79889,1.80066,2008-09-18 17:42:00.0,Fechamento
1.72913,1.7395,2008-09-19 09:20:00.0,Abertura
1.73227,1.73464,2008-09-19 09:30:00.0,Intermediário
1.74466,1.74708,2008-09-19 10:00:00.0,Intermediário
1.74561,1.7482,2008-09-19 10:30:00.0,Intermediário
1.7388,1.74168,2008-09-19 11:00:00.0,Intermediário
1.74836,1.75078,2008-09-19 11:30:00.0,Intermediário
1.74955,1.75212,2008-09-19 12:00:00.0,Intermediário
1.74149,1.74406,2008-09-19 12:30:00.0,Intermediário
1.74479,1.7474,2008-09-19 13:00:00.0,Intermediário
1.74966,1.75175,2008-09-19 13:30:00.0,Intermediário
1.73934,1.74224,2008-09-19 14:00:00.0,Intermediário
1.73512,1.73801,2008-09-19 14:30:00.0,Intermediário
1.73368,1.73574,2008-09-19 15:00:00.0,Intermediário
1.74334,1.74555,2008-09-19 15:30:00.0,Intermediário
1.73751,1.73995,2008-09-19 16:00:00.0,Intermediário
1.73938,1.74228,2008-09-19 16:30:00.0,Fechamento Interbancário
1.75176,1.75353,2008-09-19 17:46:00.0,Fechamento
1.71458,1.7246,2008-09-22 09:25:00.0,Abertura
1.71783,1.72069,2008-09-22 09:30:00.0,Intermediário
1.72141,1.72384,2008-09-22 10:00:00.0,Intermediário
1.7253,1.72788,2008-09-22 10:30:00.0,Intermediário
1.73119,1.73249,2008-09-22 11:00:00.0,Intermediário
1.73299,1.73551,2008-09-22 11:30:00.0,Intermediário
1.73146,1.73429,2008-09-22 12:00:00.0,Intermediário
1.73607,1.739,2008-09-22 12:30:00.0,Intermediário
1.73457,1.73683,2008-09-22 13:00:00.0,Intermediário
1.73457,1.73699,2008-09-22 13:30:00.0,Intermediário
1.73322,1.73582,2008-09-22 14:00:00.0,Intermediário
1.73655,1.739,2008-09-22 14:30:00.0,Intermediário
1.73447,1.73724,2008-09-22 15:00:00.0,Intermediário
1.73812,1.74073,2008-09-22 15:30:00.0,Intermediário
1.73345,1.73639,2008-09-22 16:00:00.0,Intermediário
1.73261,1.73505,2008-09-22 16:30:00.0,Fechamento Interbancário
1.73948,1.74076,2008-09-22 17:33:00.0,Fechamento
1.75259,1.76311,2008-09-23 09:22:00.0,Abertura
1.75755,1.76016,2008-09-23 09:30:00.0,Intermediário
1.75051,1.75312,2008-09-23 10:00:00.0,Intermediário
1.75573,1.75821,2008-09-23 10:30:00.0,Intermediário
1.74716,1.74983,2008-09-23 11:00:00.0,Intermediário
1.74826,1.75087,2008-09-23 11:30:00.0,Intermediário
1.7529,1.75567,2008-09-23 12:00:00.0,Intermediário
1.75171,1.75449,2008-09-23 12:30:00.0,Intermediário
1.75357,1.75635,2008-09-23 13:00:00.0,Intermediário
1.75408,1.75635,2008-09-23 13:30:00.0,Intermediário
1.75137,1.75415,2008-09-23 14:00:00.0,Intermediário
1.7694,1.77178,2008-09-23 14:30:00.0,Intermediário
1.77283,1.7754,2008-09-23 15:00:00.0,Intermediário
1.77027,1.77271,2008-09-23 15:30:00.0,Intermediário
1.76635,1.76876,2008-09-23 16:00:00.0,Intermediário
1.76578,1.76874,2008-09-23 16:30:00.0,Fechamento Interbancário
1.76038,1.76217,2008-09-23 17:35:00.0,Fechamento
1.77449,1.7852,2008-09-24 09:25:00.0,Abertura
1.77193,1.77683,2008-09-24 09:30:00.0,Intermediário
1.7716,1.7744,2008-09-24 10:00:00.0,Intermediário
1.77176,1.77399,2008-09-24 10:30:00.0,Intermediário
1.78578,1.78824,2008-09-24 11:08:00.0,Intermediário
1.7844,1.78737,2008-09-24 11:30:00.0,Intermediário
1.77686,1.77938,2008-09-24 12:00:00.0,Intermediário
1.77853,1.78098,2008-09-24 12:30:00.0,Intermediário
1.78061,1.78325,2008-09-24 13:00:00.0,Intermediário
1.77941,1.78237,2008-09-24 13:30:00.0,Intermediário
1.77821,1.78082,2008-09-24 14:00:00.0,Intermediário
1.78074,1.78319,2008-09-24 14:30:00.0,Intermediário
1.78257,1.78489,2008-09-24 15:00:00.0,Intermediário
1.78744,1.78989,2008-09-24 15:30:00.0,Intermediário
1.7893,1.79192,2008-09-24 16:00:00.0,Intermediário
1.78475,1.78737,2008-09-24 16:30:00.0,Fechamento Interbancário
1.77963,1.78109,2008-09-24 17:37:00.0,Fechamento
1.78675,1.79728,2008-09-25 09:12:00.0,Abertura
1.78189,1.78473,2008-09-25 09:30:00.0,Intermediário
1.77421,1.777,2008-09-25 10:00:00.0,Intermediário
1.77338,1.77584,2008-09-25 10:30:00.0,Intermediário
1.76436,1.76699,2008-09-25 11:00:00.0,Intermediário
1.76416,1.76628,2008-09-25 11:30:00.0,Intermediário
1.7741,1.77672,2008-09-25 12:00:00.0,Intermediário
1.77307,1.77586,2008-09-25 12:30:00.0,Intermediário
1.77159,1.77438,2008-09-25 13:00:00.0,Intermediário
1.76885,1.77164,2008-09-25 13:30:00.0,Intermediário
1.76885,1.77147,2008-09-25 14:00:00.0,Intermediário
1.75828,1.7609,2008-09-25 14:30:00.0,Intermediário
1.75527,1.75822,2008-09-25 15:00:00.0,Intermediário
1.76073,1.76317,2008-09-25 15:30:00.0,Intermediário
1.75998,1.76243,2008-09-25 16:00:00.0,Intermediário
1.75936,1.76197,2008-09-25 16:30:00.0,Fechamento Interbancário
1.767,1.76846,2008-09-25 17:32:00.0,Fechamento
1.78689,1.79725,2008-09-26 09:21:00.0,Abertura
1.79314,1.79708,2008-09-26 09:30:00.0,Intermediário
1.79604,1.79998,2008-09-26 10:00:00.0,Intermediário
1.78965,1.79244,2008-09-26 10:30:00.0,Intermediário
1.78447,1.78697,2008-09-26 11:00:00.0,Intermediário
1.78388,1.78668,2008-09-26 11:30:00.0,Intermediário
1.78244,1.78506,2008-09-26 12:00:00.0,Intermediário
1.78244,1.78506,2008-09-26 12:30:00.0,Intermediário
1.78578,1.78858,2008-09-26 13:00:00.0,Intermediário
1.78682,1.78927,2008-09-26 13:30:00.0,Intermediário
1.78907,1.79169,2008-09-26 14:00:00.0,Intermediário
1.78768,1.79052,2008-09-26 14:30:00.0,Intermediário
1.78761,1.79038,2008-09-26 15:00:00.0,Intermediário
1.791,1.79363,2008-09-26 15:30:00.0,Intermediário
1.79423,1.79703,2008-09-26 16:00:00.0,Intermediário
1.79318,1.79599,2008-09-26 16:30:00.0,Fechamento Interbancário
1.7958,1.79744,2008-09-26 17:42:00.0,Fechamento
1.81827,1.8287,2008-09-29 09:21:00.0,Abertura
1.84975,1.85239,2008-09-29 09:30:00.0,Intermediário
1.84974,1.85257,2008-09-29 10:00:00.0,Intermediário
1.85189,1.85418,2008-09-29 10:30:00.0,Intermediário
1.86377,1.8666,2008-09-29 11:00:00.0,Intermediário
1.86691,1.86957,2008-09-29 11:30:00.0,Intermediário
1.85205,1.85466,2008-09-29 12:00:00.0,Intermediário
1.84974,1.85203,2008-09-29 12:30:00.0,Intermediário
1.83838,1.84066,2008-09-29 13:00:00.0,Intermediário
1.83927,1.8419,2008-09-29 13:30:00.0,Intermediário
1.83874,1.84084,2008-09-29 14:00:00.0,Intermediário
1.8417,1.84476,2008-09-29 14:30:00.0,Intermediário
1.88307,1.88572,2008-09-29 15:00:00.0,Intermediário
1.89184,1.89486,2008-09-29 15:30:00.0,Intermediário
1.8902,1.89322,2008-09-29 16:00:00.0,Intermediário
1.88339,1.88621,2008-09-29 16:30:00.0,Fechamento Interbancário
1.87486,1.87652,2008-09-29 17:34:00.0,Fechamento
1.82991,1.84034,2008-09-30 09:17:00.0,Abertura
1.83541,1.8382,2008-09-30 09:30:00.0,Intermediário
1.83576,1.83819,2008-09-30 10:00:00.0,Intermediário
1.82829,1.83165,2008-09-30 10:30:00.0,Intermediário
1.83822,1.8407,2008-09-30 11:00:00.0,Intermediário
1.81715,1.81913,2008-09-30 11:30:00.0,Intermediário
1.81331,1.81587,2008-09-30 12:00:00.0,Intermediário
1.80938,1.81177,2008-09-30 12:30:00.0,Intermediário
1.8157,1.81827,2008-09-30 13:00:00.0,Intermediário
1.8181,1.82093,2008-09-30 13:30:00.0,Intermediário
1.81604,1.81895,2008-09-30 14:00:00.0,Intermediário
1.8133,1.81552,2008-09-30 14:30:00.0,Intermediário
1.80629,1.80902,2008-09-30 15:00:00.0,Intermediário
1.78726,1.78998,2008-09-30 15:30:00.0,Intermediário
1.78675,1.78939,2008-09-30 16:00:00.0,Intermediário
1.78753,1.79041,2008-09-30 16:30:00.0,Fechamento Interbancário
1.79739,1.79915,2008-09-30 17:38:00.0,Fechamento
1.78919,1.79947,2008-10-01 09:21:00.0,Abertura
1.78871,1.79144,2008-10-01 09:30:00.0,Intermediário
1.79245,1.79468,2008-10-01 10:00:00.0,Intermediário
1.80382,1.80617,2008-10-01 10:30:00.0,Intermediário
1.81442,1.81656,2008-10-01 11:00:00.0,Intermediário
1.81947,1.82144,2008-10-01 11:30:00.0,Intermediário
1.82169,1.82359,2008-10-01 12:00:00.0,Intermediário
1.8252,1.82716,2008-10-01 12:30:00.0,Intermediário
1.82161,1.82451,2008-10-01 13:00:00.0,Intermediário
1.81929,1.82203,2008-10-01 13:30:00.0,Intermediário
1.82307,1.82547,2008-10-01 14:00:00.0,Intermediário
1.81715,1.81938,2008-10-01 14:30:00.0,Intermediário
1.81895,1.8217,2008-10-01 15:00:00.0,Intermediário
1.8127,1.81561,2008-10-01 15:30:00.0,Intermediário
1.81108,1.81381,2008-10-01 16:00:00.0,Intermediário
1.80886,1.81142,2008-10-01 16:30:00.0,Fechamento Interbancário
1.80651,1.80794,2008-10-01 17:33:00.0,Fechamento
1.82355,1.83344,2008-10-02 09:25:00.0,Abertura
1.8445,1.84724,2008-10-02 09:30:00.0,Intermediário
1.85627,1.85822,2008-10-02 10:00:00.0,Intermediário
1.84338,1.84532,2008-10-02 10:30:00.0,Intermediário
1.84443,1.84733,2008-10-02 11:00:00.0,Intermediário
1.84885,1.84995,2008-10-02 11:30:00.0,Intermediário
1.84822,1.85054,2008-10-02 12:00:00.0,Intermediário
1.85889,1.86129,2008-10-02 12:30:00.0,Intermediário
1.85142,1.85405,2008-10-02 13:00:00.0,Intermediário
1.84962,1.85165,2008-10-02 13:30:00.0,Intermediário
1.84911,1.85123,2008-10-02 14:00:00.0,Intermediário
1.87199,1.87454,2008-10-02 14:30:00.0,Intermediário
1.87517,1.87755,2008-10-02 15:00:00.0,Intermediário
1.87338,1.87535,2008-10-02 15:30:00.0,Intermediário
1.86904,1.87124,2008-10-02 16:00:00.0,Intermediário
1.87118,1.87373,2008-10-02 16:30:00.0,Fechamento Interbancário
1.86033,1.86177,2008-10-02 17:48:00.0,Fechamento
1.89152,1.90114,2008-10-03 09:21:00.0,Abertura
1.90481,1.90737,2008-10-03 09:30:00.0,Intermediário
1.8921,1.89404,2008-10-03 10:00:00.0,Intermediário
1.86312,1.88175,2008-10-03 10:30:00.0,Intermediário
1.86286,1.86471,2008-10-03 11:00:00.0,Intermediário
1.87327,1.87598,2008-10-03 11:30:00.0,Intermediário
1.86156,1.86427,2008-10-03 12:00:00.0,Intermediário
1.85004,1.85291,2008-10-03 12:30:00.0,Intermediário
1.85021,1.85309,2008-10-03 13:00:00.0,Intermediário
1.85089,1.85377,2008-10-03 13:30:00.0,Intermediário
1.85261,1.85514,2008-10-03 14:00:00.0,Intermediário
1.87401,1.87639,2008-10-03 14:30:00.0,Intermediário
1.87374,1.87651,2008-10-03 15:00:00.0,Intermediário
1.90693,1.90967,2008-10-03 15:30:00.0,Intermediário
1.897,1.89991,2008-10-03 16:00:00.0,Intermediário
1.88904,1.89194,2008-10-03 16:30:00.0,Fechamento Interbancário
1.89847,1.90027,2008-10-03 17:34:00.0,Fechamento
1.94772,1.95782,2008-10-06 09:23:00.0,Abertura
1.95218,1.95474,2008-10-06 09:30:00.0,Intermediário
1.96287,1.96388,2008-10-06 10:00:00.0,Intermediário
1.97258,1.97588,2008-10-06 10:30:00.0,Intermediário
1.96756,1.96947,2008-10-06 11:00:00.0,Intermediário
1.98043,1.98234,2008-10-06 11:30:00.0,Intermediário
1.94809,1.95104,2008-10-06 12:00:00.0,Intermediário
1.95855,1.96142,2008-10-06 12:30:00.0,Intermediário
1.96148,1.96338,2008-10-06 13:00:00.0,Intermediário
1.95426,1.95713,2008-10-06 13:30:00.0,Intermediário
1.95479,1.95731,2008-10-06 14:00:00.0,Intermediário
1.96655,1.96924,2008-10-06 14:30:00.0,Intermediário
1.97511,1.97779,2008-10-06 15:00:00.0,Intermediário
1.9821,1.98499,2008-10-06 15:30:00.0,Intermediário
1.98427,1.9868,2008-10-06 16:00:00.0,Intermediário
1.99419,1.9971,2008-10-06 16:30:00.0,Fechamento Interbancário
1.97432,1.97613,2008-10-06 17:45:00.0,Fechamento
1.96176,1.97189,2008-10-07 09:25:00.0,Abertura
2.05416,2.05709,2008-10-07 09:30:00.0,Intermediário
2.05332,2.05531,2008-10-07 10:00:00.0,Intermediário
2.01527,2.01801,2008-10-07 10:30:00.0,Intermediário
1.97652,1.97932,2008-10-07 11:00:00.0,Intermediário
1.96701,1.9708,2008-10-07 11:30:00.0,Intermediário
1.98647,1.98909,2008-10-07 12:00:00.0,Intermediário
2.03006,2.03279,2008-10-07 12:30:00.0,Intermediário
2.01555,2.01809,2008-10-07 13:00:00.0,Intermediário
2.01337,2.01572,2008-10-07 13:30:00.0,Intermediário
2.01155,2.01445,2008-10-07 14:00:00.0,Intermediário
2.04648,2.0494,2008-10-07 14:30:00.0,Intermediário
2.07776,2.08013,2008-10-07 15:00:00.0,Intermediário
2.08917,2.09193,2008-10-07 15:30:00.0,Intermediário
2.0888,2.09174,2008-10-07 16:00:00.0,Intermediário
2.08653,2.08909,2008-10-07 16:30:00.0,Fechamento Interbancário
1.97588,1.97732,2008-10-07 17:34:00.0,Fechamento
2.21263,2.22273,2008-10-08 09:18:00.0,Abertura
2.20645,2.20886,2008-10-08 09:30:00.0,Intermediário
2.20441,2.20681,2008-10-08 10:00:00.0,Intermediário
2.20468,2.20667,2008-10-08 10:30:00.0,Intermediário
2.14427,2.14665,2008-10-08 11:00:00.0,Intermediário
2.15625,2.15814,2008-10-08 11:30:00.0,Intermediário
2.13314,2.13442,2008-10-08 12:00:00.0,Intermediário
2.1137,2.11666,2008-10-08 12:30:00.0,Intermediário
2.13929,2.1422,2008-10-08 13:00:00.0,Intermediário
2.14095,2.14368,2008-10-08 13:30:00.0,Intermediário
2.14381,2.14674,2008-10-08 14:00:00.0,Intermediário
2.12091,2.12384,2008-10-08 14:30:00.0,Intermediário
2.07232,2.07522,2008-10-08 15:00:00.0,Intermediário
2.04874,2.05108,2008-10-08 15:30:00.0,Intermediário
2.01832,2.02099,2008-10-08 16:00:00.0,Intermediário
2.02245,2.02496,2008-10-08 16:30:00.0,Fechamento Interbancário
2.13079,2.13226,2008-10-08 17:40:00.0,Fechamento
1.97671,1.98631,2008-10-09 09:22:00.0,Abertura
1.97973,1.98186,2008-10-09 09:30:00.0,Intermediário
1.92694,1.92949,2008-10-09 10:00:00.0,Intermediário
1.94494,1.9593,2008-10-09 10:30:00.0,Intermediário
1.92437,1.927,2008-10-09 11:00:00.0,Intermediário
1.93656,1.93901,2008-10-09 11:30:00.0,Intermediário
1.93554,1.93738,2008-10-09 12:00:00.0,Intermediário
1.92813,1.93054,2008-10-09 12:30:00.0,Intermediário
1.91467,1.91658,2008-10-09 13:00:00.0,Intermediário
1.91667,1.91914,2008-10-09 13:30:00.0,Intermediário
1.89147,1.89354,2008-10-09 14:00:00.0,Intermediário
1.8858,1.88925,2008-10-09 14:30:00.0,Intermediário
1.90822,1.91167,2008-10-09 15:00:00.0,Intermediário
1.91828,1.92106,2008-10-09 15:30:00.0,Intermediário
1.89476,1.89718,2008-10-09 16:00:00.0,Intermediário
1.91489,1.91766,2008-10-09 16:30:00.0,Fechamento Interbancário
1.90181,1.90352,2008-10-09 17:36:00.0,Fechamento
1.96431,1.97295,2008-10-10 09:21:00.0,Abertura
1.96817,1.97175,2008-10-10 09:30:00.0,Intermediário
1.97912,1.98202,2008-10-10 10:00:00.0,Intermediário
1.95941,1.96145,2008-10-10 10:30:00.0,Intermediário
1.91969,1.92236,2008-10-10 11:00:00.0,Intermediário
1.91997,1.92233,2008-10-10 11:30:00.0,Intermediário
1.90862,1.91112,2008-10-10 12:00:00.0,Intermediário
1.91227,1.91475,2008-10-10 12:30:00.0,Intermediário
1.93012,1.93188,2008-10-10 13:00:00.0,Intermediário
1.93891,1.94068,2008-10-10 13:30:00.0,Intermediário
1.93581,1.93815,2008-10-10 14:00:00.0,Intermediário
1.94088,1.94306,2008-10-10 14:30:00.0,Intermediário
1.93286,1.93486,2008-10-10 15:00:00.0,Intermediário
1.91391,1.91564,2008-10-10 15:30:00.0,Intermediário
1.92474,1.92689,2008-10-10 16:00:00.0,Intermediário
1.93682,1.93932,2008-10-10 16:30:00.0,Fechamento Interbancário
1.91604,1.91753,2008-10-10 17:47:00.0,Fechamento
1.89484,1.90407,2008-10-13 09:21:00.0,Abertura
1.88286,1.88466,2008-10-13 09:30:00.0,Intermediário
1.87381,1.8757,2008-10-13 10:00:00.0,Intermediário
1.87392,1.87662,2008-10-13 10:30:00.0,Intermediário
1.88,1.88269,2008-10-13 11:00:00.0,Intermediário
1.88921,1.89159,2008-10-13 11:30:00.0,Intermediário
1.89156,1.89428,2008-10-13 12:00:00.0,Intermediário
1.89094,1.89309,2008-10-13 12:30:00.0,Intermediário
1.8771,1.87915,2008-10-13 13:00:00.0,Intermediário
1.87349,1.87602,2008-10-13 13:30:00.0,Intermediário
1.86135,1.86403,2008-10-13 14:00:00.0,Intermediário
1.86593,1.86846,2008-10-13 14:30:00.0,Intermediário
1.8704,1.87262,2008-10-13 15:00:00.0,Intermediário
1.86768,1.87083,2008-10-13 15:30:00.0,Intermediário
1.85316,1.85585,2008-10-13 16:00:00.0,Intermediário
1.85557,1.85809,2008-10-13 16:30:00.0,Fechamento Interbancário
1.86631,1.86779,2008-10-13 17:34:00.0,Fechamento
1.80061,1.81011,2008-10-14 09:18:00.0,Abertura
1.7967,1.79853,2008-10-14 09:30:00.0,Intermediário
1.78378,1.78481,2008-10-14 10:00:00.0,Intermediário
1.785,1.78752,2008-10-14 10:30:00.0,Intermediário
1.8139,1.81572,2008-10-14 11:00:00.0,Intermediário
1.81937,1.82159,2008-10-14 11:30:00.0,Intermediário
1.82609,1.82764,2008-10-14 12:00:00.0,Intermediário
1.81581,1.81763,2008-10-14 12:30:00.0,Intermediário
1.79718,1.79952,2008-10-14 13:00:00.0,Intermediário
1.79266,1.79516,2008-10-14 13:30:00.0,Intermediário
1.78337,1.78602,2008-10-14 14:00:00.0,Intermediário
1.78802,1.79053,2008-10-14 14:30:00.0,Intermediário
1.79319,1.79584,2008-10-14 15:00:00.0,Intermediário
1.80338,1.80518,2008-10-14 15:30:00.0,Intermediário
1.8077,1.80988,2008-10-14 16:00:00.0,Intermediário
1.79902,1.80134,2008-10-14 16:30:00.0,Fechamento Interbancário
1.78792,1.78921,2008-10-14 17:56:00.0,Fechamento
1.80165,1.81116,2008-10-15 09:23:00.0,Abertura
1.81444,1.81678,2008-10-15 09:30:00.0,Intermediário
1.84141,1.84391,2008-10-15 10:00:00.0,Intermediário
1.8313,1.8341,2008-10-15 10:30:00.0,Intermediário
1.85135,1.85313,2008-10-15 11:00:00.0,Intermediário
1.86314,1.86478,2008-10-15 11:30:00.0,Intermediário
1.85511,1.85757,2008-10-15 12:00:00.0,Intermediário
1.84297,1.84514,2008-10-15 12:30:00.0,Intermediário
1.83497,1.83744,2008-10-15 13:00:00.0,Intermediário
1.83952,1.84199,2008-10-15 13:30:00.0,Intermediário
1.82341,1.82557,2008-10-15 14:00:00.0,Intermediário
1.83815,1.84067,2008-10-15 14:30:00.0,Intermediário
1.83411,1.83627,2008-10-15 15:00:00.0,Intermediário
1.82805,1.83069,2008-10-15 15:30:00.0,Intermediário
1.82117,1.82377,2008-10-15 16:00:00.0,Intermediário
1.82439,1.82685,2008-10-15 16:30:00.0,Fechamento Interbancário
1.81705,1.8185,2008-10-15 17:52:00.0,Fechamento
1.89458,1.90332,2008-10-16 09:27:00.0,Abertura
1.8844,1.88624,2008-10-16 09:30:00.0,Intermediário
1.8589,1.86066,2008-10-16 10:00:00.0,Intermediário
1.85782,1.85958,2008-10-16 10:30:00.0,Intermediário
1.86952,1.87213,2008-10-16 11:00:00.0,Intermediário
1.86914,1.87177,2008-10-16 11:30:00.0,Intermediário
1.87232,1.87416,2008-10-16 12:00:00.0,Intermediário
1.85967,1.86228,2008-10-16 12:30:00.0,Intermediário
1.83233,1.83492,2008-10-16 13:00:00.0,Intermediário
1.84235,1.84453,2008-10-16 13:30:00.0,Intermediário
1.83099,1.83346,2008-10-16 14:00:00.0,Intermediário
1.83567,1.83797,2008-10-16 14:30:00.0,Intermediário
1.83382,1.83604,2008-10-16 15:00:00.0,Intermediário
1.84675,1.84921,2008-10-16 15:30:00.0,Intermediário
1.82568,1.82782,2008-10-16 16:01:00.0,Intermediário
1.81948,1.82193,2008-10-16 16:30:00.0,Fechamento Interbancário
1.83935,1.8408,2008-10-16 17:51:00.0,Fechamento
1.80313,1.81245,2008-10-17 09:23:00.0,Abertura
1.80262,1.8049,2008-10-17 09:30:00.0,Intermediário
1.79924,1.80099,2008-10-17 10:00:00.0,Intermediário
1.80665,1.80848,2008-10-17 10:30:00.0,Intermediário
1.79385,1.79561,2008-10-17 11:00:00.0,Intermediário
1.80094,1.80324,2008-10-17 11:30:00.0,Intermediário
1.79763,1.7994,2008-10-17 12:00:00.0,Intermediário
1.8044,1.80571,2008-10-17 12:30:00.0,Intermediário
1.79073,1.79272,2008-10-17 13:00:00.0,Intermediário
1.77336,1.7755,2008-10-17 13:30:00.0,Intermediário
1.77275,1.77512,2008-10-17 14:00:00.0,Intermediário
1.75302,1.7556,2008-10-17 14:30:00.0,Intermediário
1.76963,1.77208,2008-10-17 15:00:00.0,Intermediário
1.77545,1.77789,2008-10-17 15:30:00.0,Intermediário
1.77941,1.782,2008-10-17 16:00:00.0,Intermediário
1.78651,1.78903,2008-10-17 16:30:00.0,Fechamento Interbancário
1.77234,1.77384,2008-10-17 17:36:00.0,Fechamento
1.76725,1.77603,2008-10-20 09:20:00.0,Abertura
1.76476,1.76987,2008-10-20 09:30:00.0,Intermediário
1.78179,1.78356,2008-10-20 10:00:00.0,Intermediário
1.77112,1.77332,2008-10-20 10:30:00.0,Intermediário
1.77338,1.77566,2008-10-20 11:00:00.0,Intermediário
1.76935,1.77208,2008-10-20 11:30:00.0,Intermediário
1.75675,1.7585,2008-10-20 12:00:00.0,Intermediário
1.75707,1.75882,2008-10-20 12:30:00.0,Intermediário
1.75178,1.75419,2008-10-20 13:00:00.0,Intermediário
1.74856,1.75096,2008-10-20 15:00:00.0,Intermediário
1.74658,1.74912,2008-10-20 15:12:00.0,Intermediário
1.76318,1.76633,2008-10-20 15:17:00.0,Intermediário
1.76613,1.76855,2008-10-20 15:25:00.0,Intermediário
1.77767,1.78024,2008-10-20 15:37:00.0,Intermediário
1.78823,1.79051,2008-10-20 16:04:00.0,Intermediário
1.78,1.78212,2008-10-20 16:30:00.0,Fechamento Interbancário
1.77463,1.77575,2008-10-20 17:46:00.0,Fechamento
1.77739,1.78601,2008-10-21 09:14:00.0,Abertura
1.78482,1.78723,2008-10-21 09:30:00.0,Intermediário
1.78554,1.78779,2008-10-21 10:00:00.0,Intermediário
1.78163,1.78388,2008-10-21 10:30:00.0,Intermediário
1.79889,1.8009,2008-10-21 11:00:00.0,Intermediário
1.8142,1.8163,2008-10-21 11:30:00.0,Intermediário
1.81042,1.81256,2008-10-21 12:00:00.0,Intermediário
1.80253,1.80449,2008-10-21 12:30:00.0,Intermediário
1.81305,1.81536,2008-10-21 13:00:00.0,Intermediário
1.80667,1.80906,2008-10-21 13:30:00.0,Intermediário
1.81252,1.81423,2008-10-21 14:00:00.0,Intermediário
1.81788,1.82027,2008-10-21 14:30:00.0,Intermediário
1.83921,1.84138,2008-10-21 15:00:00.0,Intermediário
1.83543,1.83737,2008-10-21 15:30:00.0,Intermediário
1.84258,1.84452,2008-10-21 16:00:00.0,Intermediário
1.8317,1.8335,2008-10-21 16:30:00.0,Fechamento Interbancário
1.80237,1.80317,2008-10-21 17:35:00.0,Fechamento
1.89805,1.90703,2008-10-22 09:20:00.0,Abertura
1.88919,1.89172,2008-10-22 09:30:00.0,Intermediário
1.88081,1.88303,2008-10-22 10:00:00.0,Intermediário
1.87065,1.87233,2008-10-22 10:30:00.0,Intermediário
1.87365,1.87585,2008-10-22 11:00:00.0,Intermediário
1.87255,1.87445,2008-10-22 11:30:00.0,Intermediário
1.89137,1.89343,2008-10-22 12:00:00.0,Intermediário
1.88791,1.89012,2008-10-22 12:30:00.0,Intermediário
1.88986,1.89237,2008-10-22 13:00:00.0,Intermediário
1.90179,1.90423,2008-10-22 13:30:00.0,Intermediário
1.90255,1.9043,2008-10-22 14:00:00.0,Intermediário
1.89014,1.8925,2008-10-22 14:30:00.0,Intermediário
1.9021,1.90385,2008-10-22 15:00:00.0,Intermediário
1.898,1.9005,2008-10-22 15:30:00.0,Intermediário
1.90358,1.90619,2008-10-22 16:00:00.0,Intermediário
1.90108,1.90339,2008-10-22 16:30:00.0,Fechamento Interbancário
1.89004,1.89139,2008-10-22 18:01:00.0,Fechamento
1.9562,1.96469,2008-10-23 09:22:00.0,Abertura
1.97604,1.97841,2008-10-23 09:30:00.0,Intermediário
1.982,1.98365,2008-10-23 10:00:00.0,Intermediário
1.98583,1.98748,2008-10-23 10:30:00.0,Intermediário
1.88222,1.88455,2008-10-23 11:00:00.0,Intermediário
1.85755,1.86001,2008-10-23 11:30:00.0,Intermediário
1.86012,1.86243,2008-10-23 12:00:00.0,Intermediário
1.82994,1.83167,2008-10-23 12:30:00.0,Intermediário
1.81254,1.8142,2008-10-23 13:00:00.0,Intermediário
1.82049,1.82216,2008-10-23 13:30:00.0,Intermediário
1.81384,1.81565,2008-10-23 14:00:00.0,Intermediário
1.84043,1.84246,2008-10-23 14:30:00.0,Intermediário
1.82408,1.82672,2008-10-23 15:00:00.0,Intermediário
1.80337,1.80598,2008-10-23 15:30:00.0,Intermediário
1.81746,1.81912,2008-10-23 16:00:00.0,Intermediário
1.83068,1.83256,2008-10-23 16:30:00.0,Fechamento Interbancário
1.83657,1.83779,2008-10-23 17:46:00.0,Fechamento
1.86799,1.87672,2008-10-24 09:21:00.0,Abertura
1.84932,1.85096,2008-10-24 09:30:00.0,Intermediário
1.87569,1.87733,2008-10-24 10:00:00.0,Intermediário
1.86625,1.8683,2008-10-24 10:30:00.0,Intermediário
1.87209,1.87426,2008-10-24 11:00:00.0,Intermediário
1.86385,1.86571,2008-10-24 11:30:00.0,Intermediário
1.8369,1.83854,2008-10-24 12:00:00.0,Intermediário
1.85019,1.85184,2008-10-24 12:30:00.0,Intermediário
1.82433,1.82597,2008-10-24 13:00:00.0,Intermediário
1.80613,1.80848,2008-10-24 13:30:00.0,Intermediário
1.79256,1.79455,2008-10-24 14:00:00.0,Intermediário
1.80746,1.81003,2008-10-24 14:30:00.0,Intermediário
1.81754,1.81997,2008-10-24 15:00:00.0,Intermediário
1.81983,1.82226,2008-10-24 15:30:00.0,Intermediário
1.83499,1.83706,2008-10-24 16:00:00.0,Intermediário
1.82324,1.82527,2008-10-24 16:30:00.0,Fechamento Interbancário
1.81179,1.81288,2008-10-24 17:43:00.0,Fechamento
1.78058,1.78949,2008-10-27 09:43:00.0,Abertura
1.78819,1.79184,2008-10-27 09:50:00.0,Intermediário
1.78065,1.78386,2008-10-27 10:10:00.0,Intermediário
1.79739,1.80034,2008-10-27 10:38:00.0,Intermediário
1.77844,1.78042,2008-10-27 11:00:00.0,Intermediário
1.77246,1.77471,2008-10-27 11:30:00.0,Intermediário
1.78217,1.78401,2008-10-27 12:00:00.0,Intermediário
1.76833,1.77065,2008-10-27 12:30:00.0,Intermediário
1.74877,1.75039,2008-10-27 13:00:00.0,Intermediário
1.76279,1.7653,2008-10-27 13:30:00.0,Intermediário
1.75363,1.75577,2008-10-27 14:00:00.0,Intermediário
1.74865,1.75046,2008-10-27 14:30:00.0,Intermediário
1.73822,1.74004,2008-10-27 15:00:00.0,Intermediário
1.73494,1.7373,2008-10-27 15:30:00.0,Intermediário
1.73947,1.74197,2008-10-27 16:00:00.0,Intermediário
1.73375,1.73536,2008-10-27 16:30:00.0,Fechamento Interbancário
1.74117,1.74186,2008-10-27 17:36:00.0,Fechamento
1.68362,1.69191,2008-10-28 09:21:00.0,Abertura
1.69798,1.70046,2008-10-28 09:30:00.0,Intermediário
1.68935,1.69097,2008-10-28 10:00:00.0,Intermediário
1.69634,1.69795,2008-10-28 10:30:00.0,Intermediário
1.7087,1.71079,2008-10-28 11:00:00.0,Intermediário
1.70239,1.70487,2008-10-28 11:30:00.0,Intermediário
1.6747,1.67677,2008-10-28 12:00:00.0,Intermediário
1.67067,1.67287,2008-10-28 12:30:00.0,Intermediário
1.67839,1.68033,2008-10-28 13:00:00.0,Intermediário
1.68164,1.68397,2008-10-28 13:30:00.0,Intermediário
1.68675,1.68836,2008-10-28 14:00:00.0,Intermediário
1.67677,1.6792,2008-10-28 14:30:00.0,Intermediário
1.67441,1.67656,2008-10-28 15:00:00.0,Intermediário
1.69038,1.69243,2008-10-28 15:30:00.0,Intermediário
1.6904,1.69272,2008-10-28 16:00:00.0,Intermediário
1.68387,1.68606,2008-10-28 16:30:00.0,Fechamento Interbancário
1.67093,1.67219,2008-10-28 17:37:00.0,Fechamento
1.71159,1.72034,2008-10-29 09:26:00.0,Abertura
1.71065,1.71265,2008-10-29 09:30:00.0,Intermediário
1.70569,1.70796,2008-10-29 10:00:00.0,Intermediário
1.72302,1.72515,2008-10-29 10:30:00.0,Intermediário
1.72655,1.72841,2008-10-29 11:00:00.0,Intermediário
1.7268,1.72893,2008-10-29 11:30:00.0,Intermediário
1.73528,1.73741,2008-10-29 12:00:00.0,Intermediário
1.74811,1.75059,2008-10-29 12:30:00.0,Intermediário
1.74581,1.74751,2008-10-29 13:00:00.0,Intermediário
1.73621,1.73881,2008-10-29 13:30:00.0,Intermediário
1.72569,1.72794,2008-10-29 14:00:00.0,Intermediário
1.72408,1.72635,2008-10-29 14:30:00.0,Intermediário
1.74327,1.74581,2008-10-29 15:00:00.0,Intermediário
1.7317,1.73322,2008-10-29 15:30:00.0,Intermediário
1.74527,1.7479,2008-10-29 16:00:00.0,Intermediário
1.73966,1.74199,2008-10-29 16:30:00.0,Fechamento Interbancário
1.7317,1.73305,2008-10-29 17:49:00.0,Fechamento
1.75499,1.76367,2008-10-30 09:18:00.0,Abertura
1.76038,1.76308,2008-10-30 09:30:00.0,Intermediário
1.75745,1.75993,2008-10-30 10:00:00.0,Intermediário
1.75887,1.76113,2008-10-30 10:30:00.0,Intermediário
1.7487,1.75093,2008-10-30 11:00:00.0,Intermediário
1.75206,1.75379,2008-10-30 11:30:00.0,Intermediário
1.75164,1.75391,2008-10-30 12:00:00.0,Intermediário
1.74784,1.74957,2008-10-30 12:30:00.0,Intermediário
1.73758,1.74018,2008-10-30 13:00:00.0,Intermediário
1.72285,1.72523,2008-10-30 13:30:00.0,Intermediário
1.74063,1.74288,2008-10-30 14:00:00.0,Intermediário
1.73881,1.74102,2008-10-30 14:30:00.0,Intermediário
1.73379,1.73571,2008-10-30 15:00:00.0,Intermediário
1.73664,1.73856,2008-10-30 15:30:00.0,Intermediário
1.73045,1.73295,2008-10-30 16:04:00.0,Intermediário
1.73658,1.73881,2008-10-30 16:34:00.0,Fechamento Interbancário
1.74591,1.74715,2008-10-30 17:34:00.0,Fechamento
1.73135,1.74027,2008-10-31 09:22:00.0,Abertura
1.72908,1.73129,2008-10-31 09:30:00.0,Intermediário
1.71112,1.71352,2008-10-31 10:00:00.0,Intermediário
1.72023,1.72193,2008-10-31 10:30:00.0,Intermediário
1.70823,1.71087,2008-10-31 11:00:00.0,Intermediário
1.71883,1.71971,2008-10-31 11:30:00.0,Intermediário
1.73216,1.73449,2008-10-31 12:00:00.0,Intermediário
1.72239,1.72487,2008-10-31 12:30:00.0,Intermediário
1.7392,1.74183,2008-10-31 13:00:00.0,Intermediário
1.75569,1.75821,2008-10-31 13:30:00.0,Intermediário
1.73984,1.74249,2008-10-31 14:00:00.0,Intermediário
1.75853,1.76026,2008-10-31 14:30:00.0,Intermediário
1.77784,1.78013,2008-10-31 15:00:00.0,Intermediário
1.78884,1.79141,2008-10-31 15:30:00.0,Intermediário
1.79887,1.80143,2008-10-31 16:00:00.0,Intermediário
1.794,1.79656,2008-10-31 16:30:00.0,Fechamento Interbancário
1.75784,1.75938,2008-10-31 17:50:00.0,Fechamento
1.80243,1.81186,2008-11-03 09:19:00.0,Abertura
1.82511,1.82755,2008-11-03 09:30:00.0,Intermediário
1.81712,1.81948,2008-11-03 10:00:00.0,Intermediário
1.81811,1.8207,2008-11-03 10:30:00.0,Intermediário
1.82496,1.82709,2008-11-03 11:00:00.0,Intermediário
1.82776,1.8302,2008-11-03 11:30:00.0,Intermediário
1.83074,1.83333,2008-11-03 12:00:00.0,Intermediário
1.82637,1.82811,2008-11-03 12:30:00.0,Intermediário
1.83543,1.83804,2008-11-03 13:00:00.0,Intermediário
1.83059,1.83234,2008-11-03 13:30:00.0,Intermediário
1.82825,1.83069,2008-11-03 14:00:00.0,Intermediário
1.82153,1.82366,2008-11-03 14:30:00.0,Intermediário
1.83074,1.8325,2008-11-03 15:00:00.0,Intermediário
1.81719,1.81967,2008-11-03 15:30:00.0,Intermediário
1.82792,1.82968,2008-11-03 16:00:00.0,Intermediário
1.82431,1.82676,2008-11-03 16:30:00.0,Fechamento Interbancário
1.83694,1.83839,2008-11-03 17:36:00.0,Fechamento
1.82119,1.8306,2008-11-04 09:19:00.0,Abertura
1.8252,1.82752,2008-11-04 09:30:00.0,Intermediário
1.82653,1.82831,2008-11-04 10:00:00.0,Intermediário
1.82991,1.83225,2008-11-04 10:30:00.0,Intermediário
1.83205,1.83471,2008-11-04 11:00:00.0,Intermediário
1.84062,1.84265,2008-11-04 11:30:00.0,Intermediário
1.84251,1.84502,2008-11-04 12:00:00.0,Intermediário
1.83034,1.83213,2008-11-04 12:30:00.0,Intermediário
1.83003,1.83222,2008-11-04 13:00:00.0,Intermediário
1.83066,1.83285,2008-11-04 13:30:00.0,Intermediário
1.81629,1.81899,2008-11-04 14:00:00.0,Intermediário
1.81905,1.82157,2008-11-04 14:30:00.0,Intermediário
1.82284,1.82522,2008-11-04 15:00:00.0,Intermediário
1.82451,1.82721,2008-11-04 15:30:00.0,Intermediário
1.82804,1.83041,2008-11-04 16:00:00.0,Intermediário
1.82811,1.83079,2008-11-04 16:30:00.0,Fechamento Interbancário
1.83842,1.84007,2008-11-04 17:37:00.0,Fechamento
1.82989,1.83869,2008-11-05 09:19:00.0,Abertura
1.83178,1.83382,2008-11-05 09:30:00.0,Intermediário
1.83535,1.83789,2008-11-05 10:00:00.0,Intermediário
1.83673,1.83927,2008-11-05 10:30:00.0,Intermediário
1.84507,1.84745,2008-11-05 11:00:00.0,Intermediário
1.83817,1.84053,2008-11-05 11:30:00.0,Intermediário
1.83948,1.84185,2008-11-05 12:00:00.0,Intermediário
1.8416,1.84382,2008-11-05 12:30:00.0,Intermediário
1.83675,1.83912,2008-11-05 13:00:00.0,Intermediário
1.8302,1.83297,2008-11-05 13:30:00.0,Intermediário
1.81559,1.81826,2008-11-05 14:00:00.0,Intermediário
1.8162,1.81865,2008-11-05 14:30:00.0,Intermediário
1.82586,1.82853,2008-11-05 15:01:00.0,Intermediário
1.83728,1.83949,2008-11-05 15:30:00.0,Intermediário
1.825,1.8272,2008-11-05 16:00:00.0,Intermediário
1.82878,1.83083,2008-11-05 16:30:00.0,Fechamento Interbancário
1.83155,1.83256,2008-11-05 17:36:00.0,Fechamento
1.83,1.83949,2008-11-06 09:16:00.0,Abertura
1.82657,1.8289,2008-11-06 09:30:00.0,Intermediário
1.81354,1.81617,2008-11-06 10:00:00.0,Intermediário
1.8181,1.82075,2008-11-06 10:30:00.0,Intermediário
1.81733,1.81966,2008-11-06 11:00:00.0,Intermediário
1.835,1.83773,2008-11-06 11:30:00.0,Intermediário
1.84396,1.84576,2008-11-06 12:00:00.0,Intermediário
1.84199,1.84378,2008-11-06 12:30:00.0,Intermediário
1.8344,1.83705,2008-11-06 13:00:00.0,Intermediário
1.82862,1.83142,2008-11-06 13:30:00.0,Intermediário
1.83424,1.83672,2008-11-06 14:00:00.0,Intermediário
1.83899,1.84099,2008-11-06 14:30:00.0,Intermediário
1.84856,1.85107,2008-11-06 15:00:00.0,Intermediário
1.87278,1.87558,2008-11-06 15:30:00.0,Intermediário
1.85304,1.85566,2008-11-06 16:00:00.0,Intermediário
1.85419,1.85606,2008-11-06 16:30:00.0,Fechamento Interbancário
1.81674,1.81759,2008-11-06 17:50:00.0,Fechamento
1.8309,1.8399,2008-11-07 09:21:00.0,Abertura
1.84043,1.84272,2008-11-07 09:30:00.0,Intermediário
1.84299,1.84543,2008-11-07 10:00:00.0,Intermediário
1.83909,1.84122,2008-11-07 10:30:00.0,Intermediário
1.83718,1.83932,2008-11-07 11:00:00.0,Intermediário
1.83492,1.83752,2008-11-07 11:30:00.0,Intermediário
1.84131,1.84346,2008-11-07 12:00:00.0,Intermediário
1.84077,1.84239,2008-11-07 12:30:00.0,Intermediário
1.83534,1.83796,2008-11-07 13:00:00.0,Intermediário
1.85002,1.8522,2008-11-07 13:30:00.0,Intermediário
1.82907,1.83093,2008-11-07 14:00:00.0,Intermediário
1.8334,1.83587,2008-11-07 14:30:00.0,Intermediário
1.82002,1.82264,2008-11-07 15:00:00.0,Intermediário
1.8214,1.82401,2008-11-07 15:30:00.0,Intermediário
1.82226,1.82456,2008-11-07 16:00:00.0,Intermediário
1.82433,1.82664,2008-11-07 16:30:00.0,Fechamento Interbancário
1.82644,1.82774,2008-11-07 17:35:00.0,Fechamento
1.80367,1.81298,2008-11-10 09:22:00.0,Abertura
1.80738,1.81018,2008-11-10 09:30:00.0,Intermediário
1.80113,1.80292,2008-11-10 10:00:00.0,Intermediário
1.80802,1.8105,2008-11-10 10:30:00.0,Intermediário
1.8088,1.81143,2008-11-10 11:00:00.0,Intermediário
1.80712,1.80943,2008-11-10 11:30:00.0,Intermediário
1.80814,1.81092,2008-11-10 12:00:00.0,Intermediário
1.79851,1.80066,2008-11-10 12:30:00.0,Intermediário
1.78589,1.78847,2008-11-10 13:00:00.0,Intermediário
1.79153,1.79397,2008-11-10 13:30:00.0,Intermediário
1.79861,1.80047,2008-11-10 14:00:00.0,Intermediário
1.8073,1.80952,2008-11-10 14:30:00.0,Intermediário
1.8156,1.81833,2008-11-10 15:00:00.0,Intermediário
1.82321,1.82566,2008-11-10 15:30:00.0,Intermediário
1.83279,1.83538,2008-11-10 16:01:00.0,Intermediário
1.83348,1.83523,2008-11-10 16:30:00.0,Fechamento Interbancário
1.78551,1.78625,2008-11-10 17:33:00.0,Fechamento
1.85294,1.86179,2008-11-11 09:23:00.0,Abertura
1.85828,1.86058,2008-11-11 09:30:00.0,Intermediário
1.8485,1.85111,2008-11-11 10:00:00.0,Intermediário
1.84413,1.84673,2008-11-11 10:30:00.0,Intermediário
1.83983,1.84197,2008-11-11 11:00:00.0,Intermediário
1.85443,1.85705,2008-11-11 11:30:00.0,Intermediário
1.84529,1.8477,2008-11-11 12:00:00.0,Intermediário
1.83699,1.83928,2008-11-11 12:30:00.0,Intermediário
1.83699,1.83927,2008-11-11 13:00:00.0,Intermediário
1.83058,1.833,2008-11-11 13:30:00.0,Intermediário
1.82587,1.82829,2008-11-11 14:00:00.0,Intermediário
1.84679,1.85038,2008-11-11 14:30:00.0,Intermediário
1.85016,1.85213,2008-11-11 15:00:00.0,Intermediário
1.84213,1.84436,2008-11-11 15:30:00.0,Intermediário
1.84019,1.84284,2008-11-11 16:00:00.0,Intermediário
1.84115,1.84357,2008-11-11 16:30:00.0,Fechamento Interbancário
1.82226,1.82368,2008-11-11 17:37:00.0,Fechamento
1.8392,1.84835,2008-11-12 09:14:00.0,Abertura
1.83716,1.83889,2008-11-12 09:30:00.0,Intermediário
1.84747,1.85004,2008-11-12 10:00:00.0,Intermediário
1.86156,1.8633,2008-11-12 10:30:00.0,Intermediário
1.86455,1.86696,2008-11-12 11:00:00.0,Intermediário
1.86666,1.86861,2008-11-12 11:30:00.0,Intermediário
1.86527,1.86753,2008-11-12 12:00:00.0,Intermediário
1.86765,1.87022,2008-11-12 12:30:00.0,Intermediário
1.8489,1.85115,2008-11-12 13:00:00.0,Intermediário
1.85383,1.85626,2008-11-12 13:30:00.0,Intermediário
1.85601,1.85823,2008-11-12 14:00:00.0,Intermediário
1.86065,1.86304,2008-11-12 14:30:00.0,Intermediário
1.85404,1.85604,2008-11-12 15:00:00.0,Intermediário
1.85188,1.85456,2008-11-12 15:30:00.0,Intermediário
1.86098,1.86268,2008-11-12 16:01:00.0,Intermediário
1.8588,1.86118,2008-11-12 16:30:00.0,Fechamento Interbancário
1.838,1.8394,2008-11-12 17:35:00.0,Fechamento
1.87682,1.88552,2008-11-13 09:20:00.0,Abertura
1.86999,1.87237,2008-11-13 09:30:00.0,Intermediário
1.87551,1.87788,2008-11-13 10:00:00.0,Intermediário
1.86128,1.86381,2008-11-13 10:30:00.0,Intermediário
1.8783,1.88053,2008-11-13 11:00:00.0,Intermediário
1.87518,1.87758,2008-11-13 11:30:00.0,Intermediário
1.87308,1.87515,2008-11-13 12:00:00.0,Intermediário
1.87008,1.87231,2008-11-13 12:30:00.0,Intermediário
1.87252,1.8752,2008-11-13 13:00:00.0,Intermediário
1.88442,1.88621,2008-11-13 13:45:00.0,Intermediário
1.87878,1.88048,2008-11-13 14:00:00.0,Intermediário
1.88531,1.8877,2008-11-13 14:30:00.0,Intermediário
1.89115,1.89366,2008-11-13 15:00:00.0,Intermediário
1.88259,1.88452,2008-11-13 15:30:00.0,Intermediário
1.90323,1.9056,2008-11-13 16:00:00.0,Intermediário
1.91192,1.91415,2008-11-13 16:30:00.0,Fechamento Interbancário
1.88331,1.88457,2008-11-13 17:36:00.0,Fechamento
1.88146,1.8912,2008-11-14 09:21:00.0,Abertura
1.88148,1.88419,2008-11-14 09:30:00.0,Intermediário
1.88352,1.88524,2008-11-14 10:00:00.0,Intermediário
1.88261,1.88502,2008-11-14 10:30:00.0,Intermediário
1.8897,1.89196,2008-11-14 11:00:00.0,Intermediário
1.89689,1.89944,2008-11-14 11:30:00.0,Intermediário
1.88186,1.88458,2008-11-14 12:00:00.0,Intermediário
1.87326,1.87582,2008-11-14 12:30:00.0,Intermediário
1.86755,1.87027,2008-11-14 13:00:00.0,Intermediário
1.86356,1.86612,2008-11-14 13:30:00.0,Intermediário
1.86251,1.86478,2008-11-14 14:00:00.0,Intermediário
1.86385,1.86556,2008-11-14 14:30:00.0,Intermediário
1.85805,1.86029,2008-11-14 15:00:00.0,Intermediário
1.853,1.85569,2008-11-14 15:30:00.0,Intermediário
1.83592,1.8383,2008-11-14 16:00:00.0,Intermediário
1.8454,1.84778,2008-11-14 16:30:00.0,Fechamento Interbancário
1.85452,1.85592,2008-11-14 17:48:00.0,Fechamento
1.84253,1.85155,2008-11-17 09:21:00.0,Abertura
1.84557,1.84809,2008-11-17 09:30:00.0,Intermediário
1.84036,1.84287,2008-11-17 10:00:00.0,Intermediário
1.85826,1.86033,2008-11-17 10:30:00.0,Intermediário
1.86811,1.87064,2008-11-17 11:00:00.0,Intermediário
1.8749,1.87744,2008-11-17 11:30:00.0,Intermediário
1.88388,1.88627,2008-11-17 12:00:00.0,Intermediário
1.87556,1.87764,2008-11-17 12:30:00.0,Intermediário
1.86708,1.86961,2008-11-17 13:00:00.0,Intermediário
1.86058,1.86295,2008-11-17 13:30:00.0,Intermediário
1.86329,1.86582,2008-11-17 14:00:00.0,Intermediário
1.87597,1.8783,2008-11-17 14:30:00.0,Intermediário
1.88032,1.88284,2008-11-17 15:00:00.0,Intermediário
1.89158,1.89412,2008-11-17 15:30:00.0,Intermediário
1.86559,1.86816,2008-11-17 16:00:00.0,Intermediário
1.86889,1.87146,2008-11-17 16:30:00.0,Fechamento Interbancário
1.88384,1.88543,2008-11-17 17:38:00.0,Fechamento
1.87814,1.88656,2008-11-18 09:22:00.0,Abertura
1.8823,1.88483,2008-11-18 09:53:00.0,Intermediário
1.88149,1.88373,2008-11-18 10:08:00.0,Intermediário
1.88272,1.88526,2008-11-18 10:30:00.0,Intermediário
1.8878,1.88958,2008-11-18 11:00:00.0,Intermediário
1.8751,1.87764,2008-11-18 11:30:00.0,Intermediário
1.87317,1.87571,2008-11-18 12:00:00.0,Intermediário
1.86634,1.86873,2008-11-18 12:30:00.0,Intermediário
1.87751,1.88008,2008-11-18 13:00:00.0,Intermediário
1.86743,1.87014,2008-11-18 13:30:00.0,Intermediário
1.86521,1.86776,2008-11-18 14:00:00.0,Intermediário
1.86319,1.86573,2008-11-18 14:30:00.0,Intermediário
1.87617,1.87888,2008-11-18 15:00:00.0,Intermediário
1.87205,1.87459,2008-11-18 15:30:00.0,Intermediário
1.87434,1.87658,2008-11-18 16:00:00.0,Intermediário
1.88595,1.88811,2008-11-18 16:30:00.0,Fechamento Interbancário
1.8647,1.86588,2008-11-18 17:35:00.0,Fechamento
1.88229,1.89145,2008-11-19 09:17:00.0,Abertura
1.90808,1.91047,2008-11-19 09:30:00.0,Intermediário
1.90314,1.90584,2008-11-19 10:00:00.0,Intermediário
1.91206,1.91431,2008-11-19 10:30:00.0,Intermediário
1.91398,1.91653,2008-11-19 11:00:00.0,Intermediário
1.91467,1.92003,2008-11-19 11:30:00.0,Intermediário
1.9162,1.91827,2008-11-19 12:00:00.0,Intermediário
1.90969,1.91209,2008-11-19 12:30:00.0,Intermediário
1.91881,1.92074,2008-11-19 13:00:00.0,Intermediário
1.91536,1.91792,2008-11-19 13:30:00.0,Intermediário
1.92199,1.92392,2008-11-19 14:00:00.0,Intermediário
1.92657,1.9291,2008-11-19 14:30:00.0,Intermediário
1.93063,1.93241,2008-11-19 15:00:00.0,Intermediário
1.94368,1.94718,2008-11-19 15:30:00.0,Intermediário
1.91171,1.91393,2008-11-19 16:00:00.0,Intermediário
1.91884,1.92122,2008-11-19 16:30:00.0,Fechamento Interbancário
1.90904,1.91045,2008-11-19 17:40:00.0,Fechamento
1.89692,1.90563,2008-11-20 09:25:00.0,Abertura
1.89855,1.90105,2008-11-20 09:30:00.0,Intermediário
1.89735,1.89984,2008-11-20 10:00:00.0,Intermediário
1.89946,1.90197,2008-11-20 10:30:00.0,Intermediário
1.89674,1.89901,2008-11-20 11:00:00.0,Intermediário
1.89178,1.89419,2008-11-20 11:30:00.0,Intermediário
1.88462,1.88724,2008-11-20 12:00:00.0,Intermediário
1.87706,1.87937,2008-11-20 12:30:00.0,Intermediário
1.86825,1.8709,2008-11-20 13:00:00.0,Intermediário
1.86453,1.86617,2008-11-20 13:30:00.0,Intermediário
1.84594,1.84834,2008-11-20 14:00:00.0,Intermediário
1.85634,1.85891,2008-11-20 14:30:00.0,Intermediário
1.85735,1.85992,2008-11-20 15:00:00.0,Intermediário
1.86986,1.87187,2008-11-20 15:30:00.0,Intermediário
1.86942,1.87201,2008-11-20 16:01:00.0,Intermediário
1.85996,1.86253,2008-11-20 16:35:00.0,Fechamento Interbancário
1.86572,1.86736,2008-11-20 21:06:00.0,Fechamento
1.891,1.89973,2008-11-21 09:19:00.0,Abertura
1.90223,1.90439,2008-11-21 09:30:00.0,Intermediário
1.89539,1.89755,2008-11-21 10:00:00.0,Intermediário
1.90454,1.90699,2008-11-21 10:30:00.0,Intermediário
1.90138,1.90353,2008-11-21 11:00:00.0,Intermediário
1.90133,1.90394,2008-11-21 11:30:00.0,Intermediário
1.88883,1.89098,2008-11-21 12:00:00.0,Intermediário
1.86857,1.87102,2008-11-21 12:30:00.0,Intermediário
1.88753,1.88983,2008-11-21 13:00:00.0,Intermediário
1.91322,1.91523,2008-11-21 13:30:00.0,Intermediário
1.90917,1.9114,2008-11-21 14:00:00.0,Intermediário
1.90839,1.91069,2008-11-21 14:30:00.0,Intermediário
1.90765,1.91024,2008-11-21 15:00:00.0,Intermediário
1.91609,1.91795,2008-11-21 15:30:00.0,Intermediário
1.91091,1.91321,2008-11-21 16:00:00.0,Intermediário
1.90728,1.90972,2008-11-21 16:30:00.0,Fechamento Interbancário
1.88468,1.88618,2008-11-21 17:40:00.0,Fechamento
1.8821,1.89029,2008-11-24 09:23:00.0,Abertura
1.88696,1.88958,2008-11-24 09:30:00.0,Intermediário
1.88708,1.88925,2008-11-24 10:00:00.0,Intermediário
1.8826,1.88508,2008-11-24 10:30:00.0,Intermediário
1.88069,1.88301,2008-11-24 11:00:00.0,Intermediário
1.8729,1.87526,2008-11-24 11:30:00.0,Intermediário
1.86967,1.87154,2008-11-24 12:00:00.0,Intermediário
1.8791,1.88152,2008-11-24 12:30:00.0,Intermediário
1.88699,1.88918,2008-11-24 13:00:00.0,Intermediário
1.91071,1.91325,2008-11-24 13:30:00.0,Intermediário
1.91119,1.91375,2008-11-24 14:00:00.0,Intermediário
1.90616,1.90856,2008-11-24 14:30:00.0,Intermediário
1.89372,1.89613,2008-11-24 15:00:00.0,Intermediário
1.87717,1.87955,2008-11-24 15:30:00.0,Intermediário
1.88225,1.88494,2008-11-24 16:00:00.0,Intermediário
1.88632,1.88886,2008-11-24 16:30:00.0,Fechamento Interbancário
1.90759,1.90917,2008-11-24 17:36:00.0,Fechamento
1.84804,1.85653,2008-11-25 09:22:00.0,Abertura
1.83772,1.84007,2008-11-25 09:30:00.0,Intermediário
1.84442,1.84707,2008-11-25 10:00:00.0,Intermediário
1.87183,1.87404,2008-11-25 10:30:00.0,Intermediário
1.88911,1.89163,2008-11-25 11:00:00.0,Intermediário
1.8971,1.89979,2008-11-25 11:30:00.0,Intermediário
1.88744,1.8897,2008-11-25 12:00:00.0,Intermediário
1.87721,1.87978,2008-11-25 12:30:00.0,Intermediário
1.87878,1.88103,2008-11-25 13:00:00.0,Intermediário
1.87924,1.88188,2008-11-25 13:30:00.0,Intermediário
1.89707,1.89979,2008-11-25 14:00:00.0,Intermediário
1.89559,1.89731,2008-11-25 14:30:00.0,Intermediário
1.88565,1.88837,2008-11-25 15:00:00.0,Intermediário
1.87986,1.88226,2008-11-25 15:30:00.0,Intermediário
1.88699,1.88877,2008-11-25 16:00:00.0,Intermediário
1.89099,1.89293,2008-11-25 16:30:00.0,Fechamento Interbancário
1.87779,1.87875,2008-11-25 17:38:00.0,Fechamento
1.90837,1.91728,2008-11-26 09:22:00.0,Abertura
1.91159,1.91399,2008-11-26 09:30:00.0,Intermediário
1.91861,1.92088,2008-11-26 10:00:00.0,Intermediário
1.90507,1.90687,2008-11-26 10:30:00.0,Intermediário
1.89994,1.90248,2008-11-26 11:00:00.0,Intermediário
1.90068,1.90291,2008-11-26 11:30:00.0,Intermediário
1.90449,1.90719,2008-11-26 12:00:00.0,Intermediário
1.90122,1.90345,2008-11-26 12:30:00.0,Intermediário
1.89749,1.89956,2008-11-26 13:00:00.0,Intermediário
1.90109,1.90364,2008-11-26 13:30:00.0,Intermediário
1.90387,1.90627,2008-11-26 14:00:00.0,Intermediário
1.86199,1.86443,2008-11-26 14:30:00.0,Intermediário
1.86762,1.87014,2008-11-26 15:00:00.0,Intermediário
1.86303,1.86556,2008-11-26 15:30:00.0,Intermediário
1.84174,1.84427,2008-11-26 16:00:00.0,Intermediário
1.84392,1.84659,2008-11-26 16:30:00.0,Fechamento Interbancário
1.8831,1.88482,2008-11-26 17:34:00.0,Fechamento
1.79749,1.80653,2008-11-27 09:21:00.0,Abertura
1.8038,1.80617,2008-11-27 09:30:00.0,Intermediário
1.80826,1.81077,2008-11-27 10:00:00.0,Intermediário
1.82541,1.82792,2008-11-27 10:30:00.0,Intermediário
1.82863,1.83113,2008-11-27 11:00:00.0,Intermediário
1.82274,1.82525,2008-11-27 11:30:00.0,Intermediário
1.81127,1.81377,2008-11-27 12:00:00.0,Intermediário
1.81789,1.82046,2008-11-27 12:30:00.0,Intermediário
1.82333,1.82553,2008-11-27 13:00:00.0,Intermediário
1.82894,1.83131,2008-11-27 13:30:00.0,Intermediário
1.82628,1.82864,2008-11-27 14:00:00.0,Intermediário
1.83101,1.83352,2008-11-27 14:30:00.0,Intermediário
1.82002,1.82224,2008-11-27 15:00:00.0,Intermediário
1.8271,1.82976,2008-11-27 15:30:00.0,Intermediário
1.8499,1.85257,2008-11-27 16:00:00.0,Intermediário
1.84834,1.85101,2008-11-27 16:31:00.0,Fechamento Interbancário
1.8369,1.83859,2008-11-27 17:39:00.0,Fechamento
1.88005,1.88873,2008-11-28 09:24:00.0,Abertura
1.88262,1.88515,2008-11-28 09:30:00.0,Intermediário
1.87621,1.87889,2008-11-28 10:00:00.0,Intermediário
1.86881,1.87133,2008-11-28 10:30:00.0,Intermediário
1.8867,1.88938,2008-11-28 11:00:00.0,Intermediário
1.86866,1.87118,2008-11-28 11:30:00.0,Intermediário
1.8633,1.86567,2008-11-28 12:00:00.0,Intermediário
1.84395,1.84645,2008-11-28 12:30:00.0,Intermediário
1.83281,1.83516,2008-11-28 13:00:00.0,Intermediário
1.84039,1.84289,2008-11-28 13:30:00.0,Intermediário
1.85325,1.85561,2008-11-28 14:00:00.0,Intermediário
1.84166,1.84401,2008-11-28 14:30:00.0,Intermediário
1.86206,1.86443,2008-11-28 15:00:00.0,Intermediário
1.87424,1.87692,2008-11-28 15:30:00.0,Intermediário
1.87379,1.87601,2008-11-28 16:00:00.0,Intermediário
1.86849,1.87071,2008-11-28 16:30:00.0,Fechamento Interbancário
1.88408,1.88533,2008-11-28 17:34:00.0,Fechamento
1.88646,1.8948,2008-12-01 09:24:00.0,Abertura
1.8877,1.88992,2008-12-01 09:30:00.0,Intermediário
1.90384,1.90652,2008-12-01 10:00:00.0,Intermediário
1.90193,1.90446,2008-12-01 10:30:00.0,Intermediário
1.89155,1.89391,2008-12-01 11:00:00.0,Intermediário
1.88808,1.89074,2008-12-01 11:30:00.0,Intermediário
1.88031,1.88252,2008-12-01 12:00:00.0,Intermediário
1.89644,1.89913,2008-12-01 12:30:00.0,Intermediário
1.89807,1.90045,2008-12-01 13:00:00.0,Intermediário
1.88937,1.89174,2008-12-01 13:30:00.0,Intermediário
1.8884,1.89091,2008-12-01 14:00:00.0,Intermediário
1.8943,1.89657,2008-12-01 14:30:00.0,Intermediário
1.90984,1.91254,2008-12-01 15:00:00.0,Intermediário
1.90572,1.90838,2008-12-01 15:30:00.0,Intermediário
1.88687,1.88955,2008-12-01 16:00:00.0,Intermediário
1.87662,1.879,2008-12-01 16:30:00.0,Fechamento Interbancário
1.90714,1.90856,2008-12-01 17:48:00.0,Fechamento
1.84683,1.85574,2008-12-02 09:19:00.0,Abertura
1.85851,1.86101,2008-12-02 09:30:00.0,Intermediário
1.84953,1.85144,2008-12-02 10:00:00.0,Intermediário
1.84849,1.85114,2008-12-02 10:30:00.0,Intermediário
1.86824,1.87075,2008-12-02 11:00:00.0,Intermediário
1.88548,1.88816,2008-12-02 11:30:00.0,Intermediário
1.8945,1.89672,2008-12-02 12:00:00.0,Intermediário
1.91946,1.92199,2008-12-02 12:30:00.0,Intermediário
1.939,1.94123,2008-12-02 13:00:00.0,Intermediário
1.91996,1.92249,2008-12-02 13:30:00.0,Intermediário
1.9288,1.93133,2008-12-02 14:00:00.0,Intermediário
1.92215,1.92437,2008-12-02 14:30:00.0,Intermediário
1.91373,1.91626,2008-12-02 15:00:00.0,Intermediário
1.92707,1.92961,2008-12-02 15:30:00.0,Intermediário
1.9337,1.93639,2008-12-02 16:00:00.0,Intermediário
1.91476,1.91728,2008-12-02 16:30:00.0,Fechamento Interbancário
1.87863,1.88017,2008-12-02 17:52:00.0,Fechamento
1.93579,1.94438,2008-12-03 09:23:00.0,Abertura
1.93924,1.94161,2008-12-03 09:30:00.0,Intermediário
1.94894,1.95163,2008-12-03 10:00:00.0,Intermediário
1.90666,1.90917,2008-12-03 10:30:00.0,Intermediário
1.8937,1.89604,2008-12-03 11:00:00.0,Intermediário
1.91904,1.92139,2008-12-03 11:30:00.0,Intermediário
1.92117,1.92353,2008-12-03 12:00:00.0,Intermediário
1.89228,1.89476,2008-12-03 12:30:00.0,Intermediário
1.89281,1.89552,2008-12-03 13:01:00.0,Intermediário
1.89446,1.89695,2008-12-03 13:30:00.0,Intermediário
1.88912,1.89116,2008-12-03 14:00:00.0,Intermediário
1.90609,1.90828,2008-12-03 14:30:00.0,Intermediário
1.90494,1.90711,2008-12-03 15:00:00.0,Intermediário
1.92421,1.92641,2008-12-03 15:30:00.0,Intermediário
1.95851,1.96105,2008-12-03 16:00:00.0,Intermediário
1.96114,1.96366,2008-12-03 16:30:00.0,Fechamento Interbancário
1.91951,1.92106,2008-12-03 17:34:00.0,Fechamento
1.99619,2.00524,2008-12-04 09:19:00.0,Abertura
1.96985,1.97238,2008-12-04 09:30:00.0,Intermediário
1.9587,1.96122,2008-12-04 10:00:00.0,Intermediário
1.9608,1.96332,2008-12-04 10:30:00.0,Intermediário
1.96625,1.96877,2008-12-04 11:00:00.0,Intermediário
1.95903,1.96123,2008-12-04 11:30:00.0,Intermediário
1.9541,1.9563,2008-12-04 12:00:00.0,Intermediário
1.95965,1.96232,2008-12-04 12:30:00.0,Intermediário
1.96235,1.96487,2008-12-04 13:00:00.0,Intermediário
1.95683,1.95903,2008-12-04 13:30:00.0,Intermediário
1.96399,1.96619,2008-12-04 14:00:00.0,Intermediário
1.98477,1.98749,2008-12-04 14:30:00.0,Intermediário
1.9761,1.97879,2008-12-04 15:00:00.0,Intermediário
1.95588,1.95825,2008-12-04 15:30:00.0,Intermediário
1.98814,1.99051,2008-12-04 16:00:00.0,Intermediário
1.99308,1.99544,2008-12-04 16:30:00.0,Fechamento Interbancário
1.95824,1.95963,2008-12-04 17:43:00.0,Fechamento
1.96639,1.97513,2008-12-05 09:22:00.0,Abertura
1.9615,1.96383,2008-12-05 09:30:00.0,Intermediário
1.97884,1.98132,2008-12-05 10:00:00.0,Intermediário
1.96683,1.96914,2008-12-05 10:30:00.0,Intermediário
1.96822,1.97084,2008-12-05 11:00:00.0,Intermediário
1.98232,1.98449,2008-12-05 11:30:00.0,Intermediário
1.96204,1.96449,2008-12-05 12:00:00.0,Intermediário
1.97785,1.97978,2008-12-05 12:30:00.0,Intermediário
1.97516,1.97731,2008-12-05 13:00:00.0,Intermediário
1.97379,1.976,2008-12-05 13:30:00.0,Intermediário
1.99215,1.99426,2008-12-05 14:00:00.0,Intermediário
1.99923,2.00154,2008-12-05 14:30:00.0,Intermediário
2.01495,2.01758,2008-12-05 15:00:00.0,Intermediário
1.91672,1.919,2008-12-05 15:30:00.0,Intermediário
1.90252,1.90495,2008-12-05 16:00:00.0,Intermediário
1.9144,1.91591,2008-12-05 16:30:00.0,Fechamento Interbancário
1.93109,1.93245,2008-12-05 17:39:00.0,Fechamento
1.91833,1.92727,2008-12-08 09:26:00.0,Abertura
1.93145,1.93398,2008-12-08 09:30:00.0,Intermediário
1.92717,1.92985,2008-12-08 10:00:00.0,Intermediário
1.96561,1.968,2008-12-08 10:30:00.0,Intermediário
1.94781,1.95159,2008-12-08 11:00:00.0,Intermediário
1.96955,1.97209,2008-12-08 11:30:00.0,Intermediário
1.966,1.96855,2008-12-08 12:00:00.0,Intermediário
1.96533,1.96787,2008-12-08 12:30:00.0,Intermediário
1.95755,1.95977,2008-12-08 13:00:00.0,Intermediário
1.94666,1.94902,2008-12-08 13:30:00.0,Intermediário
1.93402,1.93607,2008-12-08 14:00:00.0,Intermediário
1.93738,1.93928,2008-12-08 14:30:00.0,Intermediário
1.95834,1.96102,2008-12-08 15:00:00.0,Intermediário
1.98583,1.9881,2008-12-08 15:30:00.0,Intermediário
1.97982,1.98235,2008-12-08 16:00:00.0,Intermediário
1.98586,1.98855,2008-12-08 16:30:00.0,Fechamento Interbancário
1.9613,1.96303,2008-12-08 17:46:00.0,Fechamento
2.00842,2.01732,2008-12-09 09:23:00.0,Abertura
2.02017,2.0224,2008-12-09 09:30:00.0,Intermediário
2.02051,2.02274,2008-12-09 10:00:00.0,Intermediário
1.96974,1.97305,2008-12-09 10:30:00.0,Intermediário
1.96441,1.96678,2008-12-09 11:00:00.0,Intermediário
1.97368,1.97621,2008-12-09 11:30:00.0,Intermediário
1.96825,1.97061,2008-12-09 12:00:00.0,Intermediário
1.96474,1.96708,2008-12-09 12:30:00.0,Intermediário
1.9712,1.97378,2008-12-09 13:00:00.0,Intermediário
1.94436,1.94701,2008-12-09 13:30:00.0,Intermediário
1.95962,1.96229,2008-12-09 14:00:00.0,Intermediário
1.96935,1.97202,2008-12-09 14:30:00.0,Intermediário
1.96875,1.97112,2008-12-09 15:00:00.0,Intermediário
1.95479,1.95747,2008-12-09 15:30:00.0,Intermediário
1.96105,1.96373,2008-12-09 16:00:00.0,Intermediário
1.95332,1.95552,2008-12-09 16:30:00.0,Fechamento Interbancário
1.96369,1.96494,2008-12-09 17:49:00.0,Fechamento
1.96991,1.97882,2008-12-10 09:26:00.0,Abertura
1.95751,1.96019,2008-12-10 09:30:00.0,Intermediário
1.94562,1.94798,2008-12-10 10:00:00.0,Intermediário
1.96613,1.96835,2008-12-10 10:30:00.0,Intermediário
1.9873,1.98999,2008-12-10 11:00:00.0,Intermediário
1.98157,1.98379,2008-12-10 11:30:00.0,Intermediário
1.97712,1.97966,2008-12-10 12:00:00.0,Intermediário
1.97125,1.97361,2008-12-10 12:30:00.0,Intermediário
1.95483,1.95704,2008-12-10 13:00:00.0,Intermediário
1.93835,1.94082,2008-12-10 13:30:00.0,Intermediário
1.93067,1.93303,2008-12-10 14:00:00.0,Intermediário
1.92641,1.92861,2008-12-10 14:30:00.0,Intermediário
1.93821,1.94042,2008-12-10 15:00:00.0,Intermediário
1.9361,1.938,2008-12-10 15:30:00.0,Intermediário
1.92871,1.93061,2008-12-10 16:00:00.0,Intermediário
1.93421,1.93654,2008-12-10 16:30:00.0,Fechamento Interbancário
1.96487,1.96626,2008-12-10 17:35:00.0,Fechamento
1.91399,1.92292,2008-12-11 09:22:00.0,Abertura
1.91563,1.91784,2008-12-11 09:30:00.0,Intermediário
1.91448,1.91716,2008-12-11 10:00:00.0,Intermediário
1.92151,1.92403,2008-12-11 10:30:00.0,Intermediário
1.93109,1.93325,2008-12-11 11:00:00.0,Intermediário
1.94613,1.94885,2008-12-11 11:30:00.0,Intermediário
1.94402,1.94595,2008-12-11 12:00:00.0,Intermediário
1.95138,1.95364,2008-12-11 12:30:00.0,Intermediário
1.93055,1.93281,2008-12-11 13:00:00.0,Intermediário
1.92458,1.92716,2008-12-11 13:30:00.0,Intermediário
1.92405,1.92662,2008-12-11 14:00:00.0,Intermediário
1.90877,1.91103,2008-12-11 14:30:00.0,Intermediário
1.88167,1.88408,2008-12-11 15:00:00.0,Intermediário
1.88722,1.88979,2008-12-11 15:30:00.0,Intermediário
1.93083,1.93342,2008-12-11 16:00:00.0,Intermediário
1.91184,1.91447,2008-12-11 16:30:00.0,Fechamento Interbancário
1.9085,1.91015,2008-12-11 17:43:00.0,Fechamento
1.92936,1.93815,2008-12-12 09:25:00.0,Abertura
1.90946,1.91167,2008-12-12 09:30:00.0,Intermediário
1.90748,1.91,2008-12-12 10:00:00.0,Intermediário
1.90365,1.90633,2008-12-12 10:30:00.0,Intermediário
1.92478,1.92635,2008-12-12 11:00:00.0,Intermediário
1.92032,1.92255,2008-12-12 11:30:00.0,Intermediário
1.92385,1.92624,2008-12-12 12:00:00.0,Intermediário
1.92391,1.92615,2008-12-12 12:30:00.0,Intermediário
1.91241,1.91502,2008-12-12 13:00:00.0,Intermediário
1.91025,1.91278,2008-12-12 13:30:00.0,Intermediário
1.90376,1.90595,2008-12-12 14:00:00.0,Intermediário
1.92447,1.92717,2008-12-12 14:30:00.0,Intermediário
1.9249,1.92678,2008-12-12 15:00:00.0,Intermediário
1.89317,1.89569,2008-12-12 15:30:00.0,Intermediário
1.89986,1.90162,2008-12-12 16:00:00.0,Intermediário
1.89895,1.90147,2008-12-12 16:30:00.0,Fechamento Interbancário
1.9208,1.92237,2008-12-12 17:39:00.0,Fechamento
1.91429,1.92317,2008-12-15 09:22:00.0,Abertura
1.91167,1.91577,2008-12-15 09:36:00.0,Intermediário
1.91445,1.91871,2008-12-15 10:00:00.0,Intermediário
1.95882,1.96125,2008-12-15 10:30:00.0,Intermediário
1.96221,1.96447,2008-12-15 11:00:00.0,Intermediário
1.96573,1.96832,2008-12-15 11:30:00.0,Intermediário
1.95291,1.95558,2008-12-15 12:00:00.0,Intermediário
1.93077,1.93333,2008-12-15 12:30:00.0,Intermediário
1.9269,1.92931,2008-12-15 13:00:00.0,Intermediário
1.9248,1.92738,2008-12-15 13:30:00.0,Intermediário
1.91395,1.91634,2008-12-15 14:00:00.0,Intermediário
1.90488,1.90742,2008-12-15 14:30:00.0,Intermediário
1.91031,1.91271,2008-12-15 15:00:00.0,Intermediário
1.89875,1.90114,2008-12-15 15:30:00.0,Intermediário
1.90999,1.91237,2008-12-15 16:00:00.0,Intermediário
1.92593,1.92786,2008-12-15 16:30:00.0,Fechamento Interbancário
1.91076,1.91172,2008-12-15 17:34:00.0,Fechamento
1.93376,1.94201,2008-12-16 09:20:00.0,Abertura
1.93974,1.94215,2008-12-16 09:30:00.0,Intermediário
1.93386,1.93611,2008-12-16 10:00:00.0,Intermediário
1.94098,1.94323,2008-12-16 10:30:00.0,Intermediário
1.93763,1.94004,2008-12-16 11:00:00.0,Intermediário
1.93839,1.94104,2008-12-16 11:30:00.0,Intermediário
1.9363,1.93887,2008-12-16 12:00:00.0,Intermediário
1.94183,1.94393,2008-12-16 12:30:00.0,Intermediário
1.93892,1.94133,2008-12-16 13:00:00.0,Intermediário
1.93257,1.93509,2008-12-16 13:30:00.0,Intermediário
1.93367,1.93593,2008-12-16 14:00:00.0,Intermediário
1.93825,1.94068,2008-12-16 14:30:00.0,Intermediário
1.93316,1.93543,2008-12-16 15:00:00.0,Intermediário
1.94624,1.94852,2008-12-16 15:30:00.0,Intermediário
1.93511,1.93755,2008-12-16 16:00:00.0,Intermediário
1.94024,1.94267,2008-12-16 16:30:00.0,Fechamento Interbancário
1.94638,1.94783,2008-12-16 17:36:00.0,Fechamento
1.92327,1.93252,2008-12-17 09:22:00.0,Abertura
1.92387,1.92652,2008-12-17 09:30:00.0,Intermediário
1.93252,1.93498,2008-12-17 10:00:00.0,Intermediário
1.94217,1.94495,2008-12-17 10:30:00.0,Intermediário
1.95323,1.95553,2008-12-17 11:00:00.0,Intermediário
1.97105,1.97385,2008-12-17 11:30:00.0,Intermediário
1.95991,1.96238,2008-12-17 12:00:00.0,Intermediário
1.96277,1.96525,2008-12-17 12:30:00.0,Intermediário
1.95118,1.953,2008-12-17 13:00:00.0,Intermediário
1.94271,1.94551,2008-12-17 13:30:00.0,Intermediário
1.95316,1.95564,2008-12-17 14:00:00.0,Intermediário
1.95156,1.95436,2008-12-17 14:30:00.0,Intermediário
1.96384,1.96664,2008-12-17 15:00:00.0,Intermediário
1.95717,1.95981,2008-12-17 15:30:00.0,Intermediário
1.95094,1.95325,2008-12-17 16:00:00.0,Intermediário
1.94913,1.9516,2008-12-17 16:30:00.0,Fechamento Interbancário
1.95894,1.96042,2008-12-17 18:00:00.0,Fechamento
1.9816,1.99055,2008-12-18 09:19:00.0,Abertura
1.97443,1.97975,2008-12-18 09:30:00.0,Intermediário
1.98448,1.98734,2008-12-18 10:00:00.0,Intermediário
1.98245,1.98516,2008-12-18 10:30:00.0,Intermediário
1.97391,1.97659,2008-12-18 11:00:00.0,Intermediário
1.96647,1.96831,2008-12-18 11:30:00.0,Intermediário
1.9637,1.9662,2008-12-18 12:00:00.0,Intermediário
1.96121,1.96387,2008-12-18 12:30:00.0,Intermediário
1.96723,1.97004,2008-12-18 13:00:00.0,Intermediário
1.97149,1.97349,2008-12-18 13:30:00.0,Intermediário
1.9717,1.97437,2008-12-18 14:00:00.0,Intermediário
1.97014,1.97247,2008-12-18 14:30:00.0,Intermediário
1.96825,1.97086,2008-12-18 15:00:00.0,Intermediário
1.96319,1.96567,2008-12-18 15:30:00.0,Intermediário
1.97072,1.97339,2008-12-18 16:00:00.0,Intermediário
1.97171,1.97422,2008-12-18 16:30:00.0,Fechamento Interbancário
1.97121,1.97272,2008-12-18 17:35:00.0,Fechamento
1.99479,2.00358,2008-12-19 09:22:00.0,Abertura
2.0026,2.0052,2008-12-19 09:30:00.0,Intermediário
1.98645,1.98873,2008-12-19 10:00:00.0,Intermediário
1.9721,1.97469,2008-12-19 10:30:00.0,Intermediário
1.957,1.95928,2008-12-19 11:00:00.0,Intermediário
1.93398,1.93593,2008-12-19 11:30:00.0,Intermediário
1.93165,1.93408,2008-12-19 12:00:00.0,Intermediário
1.93803,1.94079,2008-12-19 12:30:00.0,Intermediário
1.95076,1.95305,2008-12-19 13:00:00.0,Intermediário
1.94598,1.94859,2008-12-19 13:30:00.0,Intermediário
1.94046,1.94289,2008-12-19 14:00:00.0,Intermediário
1.94163,1.94406,2008-12-19 14:30:00.0,Intermediário
1.93698,1.9394,2008-12-19 15:00:00.0,Intermediário
1.93441,1.93667,2008-12-19 15:30:00.0,Intermediário
1.93617,1.9382,2008-12-19 16:00:00.0,Intermediário
1.91738,1.91995,2008-12-19 16:30:00.0,Fechamento Interbancário
1.93942,1.94102,2008-12-19 17:52:00.0,Fechamento
1.9391,1.94832,2008-12-22 09:20:00.0,Abertura
1.94158,1.94419,2008-12-22 09:49:00.0,Intermediário
1.95279,1.95476,2008-12-22 10:00:00.0,Intermediário
1.94204,1.94673,2008-12-22 10:30:00.0,Intermediário
1.96506,1.9677,2008-12-22 11:00:00.0,Intermediário
1.96456,1.96695,2008-12-22 11:30:00.0,Intermediário
1.96419,1.96687,2008-12-22 12:00:00.0,Intermediário
1.9635,1.96629,2008-12-22 12:30:00.0,Intermediário
1.95704,1.95949,2008-12-22 13:00:00.0,Intermediário
1.96043,1.96272,2008-12-22 13:30:00.0,Intermediário
1.9495,1.95242,2008-12-22 14:00:00.0,Intermediário
1.95615,1.95843,2008-12-22 14:30:00.0,Intermediário
1.96883,1.9716,2008-12-22 15:00:00.0,Intermediário
1.97601,1.97798,2008-12-22 15:30:00.0,Intermediário
1.95593,1.96127,2008-12-22 16:00:00.0,Intermediário
1.96566,1.96828,2008-12-22 16:30:00.0,Fechamento Interbancário
1.9494,1.95102,2008-12-22 17:39:00.0,Fechamento
1.96486,1.97392,2008-12-23 09:20:00.0,Abertura
1.96758,1.9702,2008-12-23 09:30:00.0,Intermediário
1.9632,1.96517,2008-12-23 10:00:00.0,Intermediário
1.94556,1.94816,2008-12-23 10:30:00.0,Intermediário
1.94832,1.95092,2008-12-23 11:00:00.0,Intermediário
1.9493,1.95142,2008-12-23 11:30:00.0,Intermediário
1.9505,1.9531,2008-12-23 12:00:00.0,Intermediário
1.94429,1.9469,2008-12-23 12:30:00.0,Intermediário
1.95198,1.95443,2008-12-23 13:00:00.0,Intermediário
1.95634,1.95904,2008-12-23 13:30:00.0,Intermediário
1.952,1.95477,2008-12-23 14:00:00.0,Intermediário
1.94663,1.94908,2008-12-23 14:30:00.0,Intermediário
1.94938,1.95182,2008-12-23 15:00:00.0,Intermediário
1.95466,1.95727,2008-12-23 15:30:00.0,Intermediário
1.96299,1.96479,2008-12-23 16:00:00.0,Intermediário
1.96358,1.96652,2008-12-23 16:30:00.0,Fechamento Interbancário
1.96037,1.96232,2008-12-23 17:33:00.0,Fechamento
1.96164,1.97085,2008-12-24 09:15:00.0,Abertura
1.96589,1.96786,2008-12-24 09:30:00.0,Intermediário
1.95656,1.95885,2008-12-24 10:00:00.0,Intermediário
1.95539,1.95785,2008-12-24 10:30:00.0,Intermediário
1.95162,1.95407,2008-12-24 11:00:00.0,Intermediário
1.95943,1.96205,2008-12-24 11:30:00.0,Fechamento Interbancário
1.95802,1.95965,2008-12-24 12:03:00.0,Fechamento
1.93469,1.94369,2008-12-26 09:21:00.0,Abertura
1.93093,1.93352,2008-12-26 09:30:00.0,Intermediário
1.93548,1.93872,2008-12-26 10:00:00.0,Intermediário
1.9465,1.9491,2008-12-26 10:30:00.0,Intermediário
1.94878,1.95281,2008-12-26 11:00:00.0,Intermediário
1.94009,1.94269,2008-12-26 11:30:00.0,Intermediário
1.93868,1.94062,2008-12-26 12:00:00.0,Intermediário
1.94092,1.94335,2008-12-26 12:30:00.0,Intermediário
1.94108,1.94367,2008-12-26 13:00:00.0,Intermediário
1.9406,1.94375,2008-12-26 13:30:00.0,Intermediário
1.94203,1.94463,2008-12-26 14:00:00.0,Intermediário
1.94378,1.94622,2008-12-26 14:30:00.0,Intermediário
1.94185,1.94429,2008-12-26 15:00:00.0,Intermediário
1.93908,1.94167,2008-12-26 15:30:00.0,Intermediário
1.93686,1.93928,2008-12-26 16:00:00.0,Intermediário
1.94051,1.94374,2008-12-26 16:30:00.0,Fechamento Interbancário
1.93436,1.9366,2008-12-26 17:38:00.0,Fechamento
1.92371,1.93286,2008-12-29 09:21:00.0,Abertura
1.92752,1.93011,2008-12-29 09:30:00.0,Intermediário
1.92449,1.92692,2008-12-29 10:00:00.0,Intermediário
1.93443,1.93686,2008-12-29 10:30:00.0,Intermediário
1.94004,1.94264,2008-12-29 11:00:00.0,Intermediário
1.94449,1.94645,2008-12-29 11:30:00.0,Intermediário
1.95192,1.95436,2008-12-29 12:00:00.0,Intermediário
1.96035,1.96294,2008-12-29 12:30:00.0,Intermediário
1.97964,1.9816,2008-12-29 13:00:00.0,Intermediário
1.97889,1.98144,2008-12-29 13:30:00.0,Intermediário
1.96436,1.96692,2008-12-29 14:00:00.0,Intermediário
1.96054,1.96331,2008-12-29 14:30:00.0,Intermediário
1.96878,1.97139,2008-12-29 15:00:00.0,Intermediário
1.97205,1.97418,2008-12-29 15:30:00.0,Intermediário
1.97784,1.98046,2008-12-29 16:00:00.0,Intermediário
1.97917,1.98178,2008-12-29 16:30:00.0,Fechamento Interbancário
1.96424,1.96586,2008-12-29 17:42:00.0,Fechamento
1.9101,1.91917,2008-12-30 09:21:00.0,Abertura
1.91289,1.9156,2008-12-30 09:30:00.0,Intermediário
1.92048,1.92461,2008-12-30 10:01:00.0,Intermediário
1.90948,1.9122,2008-12-30 10:30:00.0,Intermediário
1.91181,1.91437,2008-12-30 11:00:00.0,Intermediário
1.90428,1.90701,2008-12-30 11:30:00.0,Intermediário
1.8939,1.8963,2008-12-30 12:00:00.0,Intermediário
1.88513,1.88784,2008-12-30 12:30:00.0,Intermediário
1.89249,1.89451,2008-12-30 13:00:00.0,Intermediário
1.89541,1.89797,2008-12-30 13:30:00.0,Intermediário
1.89707,1.89948,2008-12-30 14:00:00.0,Intermediário
1.8937,1.89631,2008-12-30 14:30:00.0,Intermediário
1.90737,1.9101,2008-12-30 15:00:00.0,Intermediário
1.88911,1.89167,2008-12-30 15:30:00.0,Intermediário
1.91163,1.91406,2008-12-30 16:00:00.0,Intermediário
1.91069,1.91327,2008-12-30 16:30:00.0,Fechamento Interbancário
1.91413,1.91573,2008-12-30 17:38:00.0,Fechamento
1.91193,1.92108,2008-12-31 09:18:00.0,Abertura
1.91771,1.91966,2008-12-31 09:30:00.0,Intermediário
1.90131,1.90387,2008-12-31 10:00:00.0,Intermediário
1.90534,1.90853,2008-12-31 10:30:00.0,Intermediário
1.90784,1.91041,2008-12-31 11:00:00.0,Intermediário
1.91018,1.91275,2008-12-31 11:30:00.0,Fechamento Interbancário
1.91116,1.91275,2008-12-31 12:03:00.0,Fechamento
