cotacaoCompra,cotacaoVenda,dataHoraCotacao,tipoBoletim
5.65861,5.70097,2003-01-02 09:57:00.0,Abertura
5.64675,5.68902,2003-01-02 10:00:00.0,Intermediário
5.63936,5.68157,2003-01-02 10:30:00.0,Intermediário
5.62326,5.65738,2003-01-02 11:00:00.0,Intermediário
5.62412,5.65502,2003-01-02 11:30:00.0,Intermediário
5.62408,5.65497,2003-01-02 12:00:00.0,Intermediário
5.62748,5.65839,2003-01-02 12:30:00.0,Intermediário
5.6382,5.68043,2003-01-02 13:00:00.0,Intermediário
5.63141,5.66554,2003-01-02 13:34:00.0,Intermediário
5.62859,5.66272,2003-01-02 14:00:00.0,Intermediário
5.63388,5.66802,2003-01-02 14:30:00.0,Intermediário
5.64067,5.67322,2003-01-02 15:00:00.0,Intermediário
5.61768,5.65172,2003-01-02 15:30:00.0,Intermediário
5.61344,5.64748,2003-01-02 16:00:00.0,Intermediário
5.62316,5.65724,2003-01-02 16:30:00.0,Fechamento Interbancário
5.6092,5.61964,2003-01-02 17:54:00.0,Fechamento
5.5821,5.62396,2003-01-03 09:42:00.0,Abertura
5.54537,5.58387,2003-01-03 10:00:00.0,Intermediário
5.53776,5.57463,2003-01-03 10:30:00.0,Intermediário
5.52913,5.56118,2003-01-03 11:00:00.0,Intermediário
5.54193,5.57245,2003-01-03 11:30:00.0,Intermediário
5.54367,5.57579,2003-01-03 12:00:00.0,Intermediário
5.51835,5.54876,2003-01-03 12:30:00.0,Intermediário
5.52354,5.55717,2003-01-03 13:00:00.0,Intermediário
5.53289,5.56656,2003-01-03 13:30:00.0,Intermediário
5.53254,5.56621,2003-01-03 14:00:00.0,Intermediário
5.53666,5.57037,2003-01-03 14:30:00.0,Intermediário
5.48271,5.5242,2003-01-03 15:00:00.0,Intermediário
5.51039,5.54397,2003-01-03 15:30:00.0,Intermediário
5.50868,5.54225,2003-01-03 16:00:00.0,Intermediário
5.50627,5.54786,2003-01-03 16:30:00.0,Fechamento Interbancário
5.57781,5.58811,2003-01-03 17:46:00.0,Fechamento
5.49526,5.5369,2003-01-06 09:57:00.0,Abertura
5.48932,5.52284,2003-01-06 10:00:00.0,Intermediário
5.46941,5.50284,2003-01-06 10:30:00.0,Intermediário
5.42627,5.4595,2003-01-06 11:00:00.0,Intermediário
5.40548,5.4386,2003-01-06 11:30:00.0,Intermediário
5.37366,5.40662,2003-01-06 12:00:00.0,Intermediário
5.38707,5.42007,2003-01-06 12:30:00.0,Intermediário
5.37132,5.41233,2003-01-06 13:00:00.0,Intermediário
5.36765,5.40864,2003-01-06 13:30:00.0,Intermediário
5.36865,5.40965,2003-01-06 14:00:00.0,Intermediário
5.3613,5.40228,2003-01-06 14:30:00.0,Intermediário
5.34195,5.37475,2003-01-06 15:00:00.0,Intermediário
5.38172,5.42276,2003-01-06 15:30:00.0,Intermediário
5.35399,5.39487,2003-01-06 16:00:00.0,Intermediário
5.35896,5.39993,2003-01-06 16:30:00.0,Fechamento Interbancário
5.41188,5.42192,2003-01-06 17:47:00.0,Fechamento
5.36332,5.40426,2003-01-07 09:50:00.0,Abertura
5.3571,5.38355,2003-01-07 10:00:00.0,Intermediário
5.37032,5.41129,2003-01-07 10:30:00.0,Intermediário
5.40318,5.43625,2003-01-07 11:00:00.0,Intermediário
5.36466,5.4056,2003-01-07 11:30:00.0,Intermediário
5.3401,5.36808,2003-01-07 12:00:00.0,Intermediário
5.30496,5.34242,2003-01-07 12:30:00.0,Intermediário
5.34697,5.37658,2003-01-07 13:00:00.0,Intermediário
5.34897,5.37859,2003-01-07 13:30:00.0,Intermediário
5.34764,5.37725,2003-01-07 14:00:00.0,Intermediário
5.3423,5.37188,2003-01-07 14:30:00.0,Intermediário
5.29557,5.32814,2003-01-07 15:00:00.0,Intermediário
5.27898,5.3115,2003-01-07 15:30:00.0,Intermediário
5.26519,5.29926,2003-01-07 16:00:00.0,Intermediário
5.26815,5.30544,2003-01-07 16:30:00.0,Fechamento Interbancário
5.35843,5.3684,2003-01-07 17:59:00.0,Fechamento
5.2178,5.25801,2003-01-08 09:58:00.0,Abertura
5.22579,5.27407,2003-01-08 10:00:00.0,Intermediário
5.2491,5.28946,2003-01-08 10:30:00.0,Intermediário
5.29041,5.32296,2003-01-08 11:00:00.0,Intermediário
5.28035,5.31284,2003-01-08 11:30:00.0,Intermediário
5.29975,5.33233,2003-01-08 12:00:00.0,Intermediário
5.29248,5.32184,2003-01-08 12:30:00.0,Intermediário
5.27313,5.3056,2003-01-08 13:00:00.0,Intermediário
5.27148,5.30394,2003-01-08 13:30:00.0,Intermediário
5.27577,5.30825,2003-01-08 14:00:00.0,Intermediário
5.27809,5.31056,2003-01-08 14:30:00.0,Intermediário
5.26615,5.30663,2003-01-08 15:03:00.0,Intermediário
5.2924,5.32337,2003-01-08 15:30:00.0,Intermediário
5.33556,5.3651,2003-01-08 16:00:00.0,Intermediário
5.33112,5.37194,2003-01-08 16:30:00.0,Fechamento Interbancário
5.33595,5.34592,2003-01-08 17:51:00.0,Fechamento
5.37368,5.4147,2003-01-09 09:58:00.0,Abertura
5.36364,5.40462,2003-01-09 10:00:00.0,Intermediário
5.37133,5.40429,2003-01-09 10:30:00.0,Intermediário
5.34813,5.38098,2003-01-09 11:00:00.0,Intermediário
5.33106,5.3638,2003-01-09 11:30:00.0,Intermediário
5.33233,5.36347,2003-01-09 12:00:00.0,Intermediário
5.34029,5.36825,2003-01-09 12:30:00.0,Intermediário
5.30523,5.33785,2003-01-09 13:00:00.0,Intermediário
5.30203,5.34268,2003-01-09 13:30:00.0,Intermediário
5.30269,5.34334,2003-01-09 14:00:00.0,Intermediário
5.30335,5.344,2003-01-09 14:30:00.0,Intermediário
5.28708,5.31641,2003-01-09 15:00:00.0,Intermediário
5.32468,5.359,2003-01-09 15:30:00.0,Intermediário
5.30391,5.33652,2003-01-09 16:00:00.0,Intermediário
5.30557,5.33818,2003-01-09 16:30:00.0,Fechamento Interbancário
5.34455,5.35449,2003-01-09 17:49:00.0,Fechamento
5.3038,5.34451,2003-01-10 09:42:00.0,Abertura
5.29676,5.32938,2003-01-10 10:00:00.0,Intermediário
5.28581,5.31835,2003-01-10 10:30:00.0,Intermediário
5.25434,5.29483,2003-01-10 11:00:00.0,Intermediário
5.27334,5.30746,2003-01-10 11:30:00.0,Intermediário
5.2964,5.32901,2003-01-10 12:04:00.0,Intermediário
5.28787,5.32043,2003-01-10 12:30:00.0,Intermediário
5.26506,5.2959,2003-01-10 13:00:00.0,Intermediário
5.2567,5.29073,2003-01-10 13:30:00.0,Intermediário
5.25212,5.28614,2003-01-10 14:00:00.0,Intermediário
5.25244,5.28647,2003-01-10 14:30:00.0,Intermediário
5.27841,5.31095,2003-01-10 15:00:00.0,Intermediário
5.2717,5.3042,2003-01-10 15:30:00.0,Intermediário
5.27618,5.30545,2003-01-10 16:00:00.0,Intermediário
5.28709,5.31967,2003-01-10 16:30:00.0,Fechamento Interbancário
5.29094,5.30079,2003-01-10 17:58:00.0,Fechamento
5.24652,5.28691,2003-01-13 09:52:00.0,Abertura
5.25125,5.28684,2003-01-13 10:00:00.0,Intermediário
5.26118,5.29521,2003-01-13 10:30:00.0,Intermediário
5.27856,5.31105,2003-01-13 11:00:00.0,Intermediário
5.26792,5.29876,2003-01-13 11:30:00.0,Intermediário
5.25794,5.29357,2003-01-13 12:00:00.0,Intermediário
5.26213,5.29134,2003-01-13 12:30:00.0,Intermediário
5.27371,5.30619,2003-01-13 13:00:00.0,Intermediário
5.27338,5.30586,2003-01-13 13:30:00.0,Intermediário
5.27535,5.30783,2003-01-13 14:00:00.0,Intermediário
5.26844,5.30091,2003-01-13 14:30:00.0,Intermediário
5.27799,5.30729,2003-01-13 15:00:00.0,Intermediário
5.28312,5.31405,2003-01-13 15:30:00.0,Intermediário
5.28576,5.3167,2003-01-13 16:00:00.0,Intermediário
5.28576,5.3167,2003-01-13 16:30:00.0,Fechamento Interbancário
5.27168,5.28153,2003-01-13 17:40:00.0,Fechamento
5.28119,5.32174,2003-01-14 09:56:00.0,Abertura
5.28336,5.31588,2003-01-14 10:00:00.0,Intermediário
5.24586,5.27982,2003-01-14 10:30:00.0,Intermediário
5.26072,5.29154,2003-01-14 11:00:00.0,Intermediário
5.25241,5.29286,2003-01-14 11:30:00.0,Intermediário
5.25025,5.27941,2003-01-14 12:00:00.0,Intermediário
5.24071,5.27143,2003-01-14 12:30:00.0,Intermediário
5.2586,5.28781,2003-01-14 13:00:00.0,Intermediário
5.25827,5.28748,2003-01-14 13:30:00.0,Intermediário
5.26089,5.2901,2003-01-14 14:00:00.0,Intermediário
5.25467,5.28387,2003-01-14 14:30:00.0,Intermediário
5.23219,5.26771,2003-01-14 15:00:00.0,Intermediário
5.21996,5.24896,2003-01-14 15:30:00.0,Intermediário
5.2155,5.25095,2003-01-14 16:00:00.0,Intermediário
5.22156,5.24896,2003-01-14 16:30:00.0,Fechamento Interbancário
5.25867,5.26847,2003-01-14 17:39:00.0,Fechamento
5.20517,5.24534,2003-01-15 09:40:00.0,Abertura
5.21181,5.2408,2003-01-15 10:00:00.0,Intermediário
5.23029,5.26257,2003-01-15 10:30:00.0,Intermediário
5.23913,5.27464,2003-01-15 11:00:00.0,Intermediário
5.24528,5.2728,2003-01-15 11:30:00.0,Intermediário
5.23951,5.26861,2003-01-15 12:00:00.0,Intermediário
5.24314,5.27387,2003-01-15 12:30:00.0,Intermediário
5.2767,5.3124,2003-01-15 13:01:00.0,Intermediário
5.28096,5.3167,2003-01-15 13:30:00.0,Intermediário
5.28558,5.32133,2003-01-15 14:00:00.0,Intermediário
5.27931,5.31504,2003-01-15 14:30:00.0,Intermediário
5.30463,5.33727,2003-01-15 15:00:00.0,Intermediário
5.31767,5.35034,2003-01-15 15:30:00.0,Intermediário
5.31375,5.3448,2003-01-15 16:00:00.0,Intermediário
5.31501,5.34286,2003-01-15 16:30:00.0,Fechamento Interbancário
5.28787,5.29773,2003-01-15 17:41:00.0,Fechamento
5.26857,5.30907,2003-01-16 09:41:00.0,Abertura
5.265,5.29744,2003-01-16 10:00:00.0,Intermediário
5.25896,5.28977,2003-01-16 10:30:00.0,Intermediário
5.26693,5.29938,2003-01-16 11:00:00.0,Intermediário
5.27456,5.30384,2003-01-16 11:30:00.0,Intermediário
5.27766,5.30692,2003-01-16 12:00:00.0,Intermediário
5.28921,5.32013,2003-01-16 12:30:00.0,Intermediário
5.26561,5.29806,2003-01-16 13:00:00.0,Intermediário
5.26989,5.30235,2003-01-16 13:30:00.0,Intermediário
5.2745,5.30696,2003-01-16 14:00:00.0,Intermediário
5.27548,5.30798,2003-01-16 14:30:00.0,Intermediário
5.27264,5.30512,2003-01-16 15:00:00.0,Intermediário
5.28112,5.31688,2003-01-16 15:30:00.0,Intermediário
5.30765,5.34032,2003-01-16 16:00:00.0,Intermediário
5.31323,5.34594,2003-01-16 16:30:00.0,Fechamento Interbancário
5.30417,5.31409,2003-01-16 17:40:00.0,Fechamento
5.37419,5.41528,2003-01-17 09:46:00.0,Abertura
5.3757,5.42,2003-01-17 10:00:00.0,Intermediário
5.38059,5.41361,2003-01-17 10:30:00.0,Intermediário
5.41496,5.44815,2003-01-17 11:00:00.0,Intermediário
5.4414,5.47148,2003-01-17 11:30:00.0,Intermediário
5.44614,5.48107,2003-01-17 12:00:00.0,Intermediário
5.4431,5.47962,2003-01-17 12:30:00.0,Intermediário
5.45855,5.4919,2003-01-17 13:00:00.0,Intermediário
5.45855,5.4919,2003-01-17 13:30:00.0,Intermediário
5.4643,5.4977,2003-01-17 14:00:00.0,Intermediário
5.46664,5.50007,2003-01-17 14:30:00.0,Intermediário
5.43461,5.46465,2003-01-17 15:00:00.0,Intermediário
5.43638,5.46639,2003-01-17 15:30:00.0,Intermediário
5.44479,5.4781,2003-01-17 16:00:00.0,Intermediário
5.43942,5.48081,2003-01-17 16:30:00.0,Fechamento Interbancário
5.42318,5.43328,2003-01-17 17:47:00.0,Fechamento
5.45425,5.49562,2003-01-20 09:55:00.0,Abertura
5.45051,5.49184,2003-01-20 10:00:00.0,Intermediário
5.46074,5.49409,2003-01-20 10:30:00.0,Intermediário
5.43944,5.47106,2003-01-20 11:00:00.0,Intermediário
5.45614,5.48462,2003-01-20 11:30:00.0,Intermediário
5.4575,5.48921,2003-01-20 12:00:00.0,Intermediário
5.47728,5.51071,2003-01-20 12:30:00.0,Intermediário
5.49332,5.52361,2003-01-20 13:00:00.0,Intermediário
5.49367,5.52395,2003-01-20 13:30:00.0,Intermediário
5.49603,5.52635,2003-01-20 14:00:00.0,Intermediário
5.49603,5.52635,2003-01-20 14:30:00.0,Intermediário
5.48131,5.51634,2003-01-20 15:00:00.0,Intermediário
5.49108,5.52943,2003-01-20 15:30:00.0,Intermediário
5.47167,5.50347,2003-01-20 16:02:00.0,Intermediário
5.46802,5.50142,2003-01-20 16:30:00.0,Fechamento Interbancário
5.4852,5.49539,2003-01-20 17:36:00.0,Fechamento
5.42115,5.46237,2003-01-21 09:56:00.0,Abertura
5.4284,5.46319,2003-01-21 10:00:00.0,Intermediário
5.46367,5.50023,2003-01-21 10:30:00.0,Intermediário
5.49997,5.53834,2003-01-21 11:00:00.0,Intermediário
5.50558,5.54236,2003-01-21 11:30:00.0,Intermediário
5.52963,5.56328,2003-01-21 12:00:00.0,Intermediário
5.56064,5.59444,2003-01-21 12:30:00.0,Intermediário
5.56021,5.5892,2003-01-21 13:00:00.0,Intermediário
5.56264,5.59324,2003-01-21 13:30:00.0,Intermediário
5.56954,5.60018,2003-01-21 14:00:00.0,Intermediário
5.57613,5.60678,2003-01-21 14:30:00.0,Intermediário
5.56742,5.60128,2003-01-21 15:00:00.0,Intermediário
5.58984,5.62543,2003-01-21 15:30:00.0,Intermediário
5.60229,5.64117,2003-01-21 16:00:00.0,Intermediário
5.6046,5.64511,2003-01-21 16:30:00.0,Fechamento Interbancário
5.55804,5.56834,2003-01-21 17:45:00.0,Fechamento
5.59403,5.63607,2003-01-22 09:38:00.0,Abertura
5.64783,5.68205,2003-01-22 10:00:00.0,Intermediário
5.67637,5.7091,2003-01-22 10:30:00.0,Intermediário
5.67511,5.71752,2003-01-22 11:00:00.0,Intermediário
5.6713,5.70564,2003-01-22 11:30:00.0,Intermediário
5.64471,5.6789,2003-01-22 12:00:00.0,Intermediário
5.64015,5.67918,2003-01-22 12:30:00.0,Intermediário
5.65129,5.6807,2003-01-22 13:00:00.0,Intermediário
5.65059,5.67999,2003-01-22 13:30:00.0,Intermediário
5.65653,5.68597,2003-01-22 14:00:00.0,Intermediário
5.65793,5.68738,2003-01-22 14:30:00.0,Intermediário
5.6663,5.69901,2003-01-22 15:00:00.0,Intermediário
5.66082,5.69511,2003-01-22 15:30:00.0,Intermediário
5.66258,5.69366,2003-01-22 16:00:00.0,Intermediário
5.65977,5.69405,2003-01-22 16:30:00.0,Fechamento Interbancário
5.68697,5.69749,2003-01-22 17:44:00.0,Fechamento
5.67445,5.71697,2003-01-23 09:53:00.0,Abertura
5.65744,5.69175,2003-01-23 10:00:00.0,Intermediário
5.63824,5.66919,2003-01-23 10:30:00.0,Intermediário
5.62321,5.6541,2003-01-23 11:00:00.0,Intermediário
5.63406,5.66825,2003-01-23 11:30:00.0,Intermediário
5.59434,5.62834,2003-01-23 12:00:00.0,Intermediário
5.65153,5.68584,2003-01-23 12:52:00.0,Intermediário
5.64969,5.68236,2003-01-23 13:00:00.0,Intermediário
5.65664,5.68934,2003-01-23 13:30:00.0,Intermediário
5.6535,5.68619,2003-01-23 14:00:00.0,Intermediário
5.6549,5.68759,2003-01-23 14:30:00.0,Intermediário
5.70891,5.74349,2003-01-23 15:00:00.0,Intermediário
5.70187,5.74129,2003-01-23 15:30:00.0,Intermediário
5.70578,5.74031,2003-01-23 16:00:00.0,Intermediário
5.70296,5.73745,2003-01-23 16:30:00.0,Fechamento Interbancário
5.65961,5.67005,2003-01-23 17:45:00.0,Fechamento
5.7576,5.80058,2003-01-24 09:54:00.0,Abertura
5.79191,5.83502,2003-01-24 10:00:00.0,Intermediário
5.80147,5.83972,2003-01-24 10:30:00.0,Intermediário
5.79694,5.8319,2003-01-24 11:00:00.0,Intermediário
5.77812,5.82117,2003-01-24 11:30:00.0,Intermediário
5.80353,5.83855,2003-01-24 12:00:00.0,Intermediário
5.79575,5.83558,2003-01-24 12:30:00.0,Intermediário
5.8223,5.85739,2003-01-24 13:00:00.0,Intermediário
5.82624,5.86133,2003-01-24 13:30:00.0,Intermediário
5.82552,5.86061,2003-01-24 14:00:00.0,Intermediário
5.82982,5.86495,2003-01-24 14:30:00.0,Intermediário
5.88011,5.91548,2003-01-24 15:00:00.0,Intermediário
5.9085,5.94402,2003-01-24 15:30:00.0,Intermediário
5.90035,5.93583,2003-01-24 16:00:00.0,Intermediário
5.8989,5.93438,2003-01-24 16:30:00.0,Fechamento Interbancário
5.86916,5.87995,2003-01-24 17:42:00.0,Fechamento
6.00896,6.05316,2003-01-27 09:37:00.0,Abertura
5.99869,6.03957,2003-01-27 10:00:00.0,Intermediário
5.99942,6.04359,2003-01-27 10:30:00.0,Intermediário
5.97726,6.01306,2003-01-27 11:00:00.0,Intermediário
5.97323,6.00902,2003-01-27 11:30:00.0,Intermediário
5.98702,6.02615,2003-01-27 12:00:00.0,Intermediário
5.92898,5.97275,2003-01-27 12:30:00.0,Intermediário
5.9031,5.93857,2003-01-27 13:00:00.0,Intermediário
5.90958,5.94511,2003-01-27 13:30:00.0,Intermediário
5.90491,5.94039,2003-01-27 14:00:00.0,Intermediário
5.90813,5.94365,2003-01-27 14:30:00.0,Intermediário
5.95691,6.00083,2003-01-27 15:00:00.0,Intermediário
5.93352,5.96424,2003-01-27 15:30:00.0,Intermediário
5.90577,5.94289,2003-01-27 16:00:00.0,Intermediário
5.9007,5.93782,2003-01-27 16:30:00.0,Fechamento Interbancário
5.98794,5.99892,2003-01-27 17:45:00.0,Fechamento
5.90557,5.94928,2003-01-28 09:51:00.0,Abertura
5.91591,5.95145,2003-01-28 10:00:00.0,Intermediário
5.92699,5.96422,2003-01-28 10:30:00.0,Intermediário
5.93153,5.97207,2003-01-28 11:00:00.0,Intermediário
5.93094,5.96491,2003-01-28 11:30:00.0,Intermediário
5.92023,5.95582,2003-01-28 12:00:00.0,Intermediário
5.92277,5.95672,2003-01-28 12:30:00.0,Intermediário
5.94839,5.98409,2003-01-28 13:00:00.0,Intermediário
5.93934,5.9717,2003-01-28 13:30:00.0,Intermediário
5.94839,5.9808,2003-01-28 14:00:00.0,Intermediário
5.95057,5.98298,2003-01-28 14:30:00.0,Intermediário
5.95366,5.98774,2003-01-28 15:00:00.0,Intermediário
5.9353,5.97587,2003-01-28 15:30:00.0,Intermediário
5.94984,5.98554,2003-01-28 16:00:00.0,Intermediário
5.94802,5.98372,2003-01-28 16:30:00.0,Fechamento Interbancário
5.95269,5.96359,2003-01-28 17:47:00.0,Fechamento
6.0253,6.06963,2003-01-29 09:55:00.0,Abertura
6.02401,6.06174,2003-01-29 10:00:00.0,Intermediário
6.0231,6.06082,2003-01-29 10:30:00.0,Intermediário
6.00447,6.0388,2003-01-29 11:00:00.0,Intermediário
5.98275,6.02356,2003-01-29 11:30:00.0,Intermediário
5.97692,6.01111,2003-01-29 12:00:00.0,Intermediário
5.9948,6.02906,2003-01-29 12:30:00.0,Intermediário
5.98927,6.02025,2003-01-29 13:00:00.0,Intermediário
5.9853,6.01624,2003-01-29 13:30:00.0,Intermediário
5.98676,6.0177,2003-01-29 14:00:00.0,Intermediário
5.97947,6.01038,2003-01-29 14:30:00.0,Intermediário
5.93695,5.9726,2003-01-29 15:00:00.0,Intermediário
5.91844,5.95071,2003-01-29 15:30:00.0,Intermediário
5.90662,5.94212,2003-01-29 16:00:00.0,Intermediário
5.90339,5.93888,2003-01-29 16:30:00.0,Fechamento Interbancário
5.99394,6.00487,2003-01-29 17:38:00.0,Fechamento
5.84699,5.89049,2003-01-30 09:41:00.0,Abertura
5.86524,5.8973,2003-01-30 10:00:00.0,Intermediário
5.86268,5.89801,2003-01-30 10:30:00.0,Intermediário
5.82523,5.86862,2003-01-30 11:00:00.0,Intermediário
5.82408,5.85427,2003-01-30 11:30:00.0,Intermediário
5.79345,5.83176,2003-01-30 12:00:00.0,Intermediário
5.82097,5.85776,2003-01-30 12:30:00.0,Intermediário
5.84298,5.87655,2003-01-30 13:00:00.0,Intermediário
5.84397,5.87756,2003-01-30 13:30:00.0,Intermediário
5.84503,5.87863,2003-01-30 14:00:00.0,Intermediário
5.84254,5.8761,2003-01-30 14:30:00.0,Intermediário
5.85327,5.88692,2003-01-30 15:00:00.0,Intermediário
5.85611,5.89142,2003-01-30 15:32:00.0,Intermediário
5.84197,5.88219,2003-01-30 16:00:00.0,Intermediário
5.85082,5.8861,2003-01-30 16:31:00.0,Fechamento Interbancário
5.89412,5.90494,2003-01-30 17:38:00.0,Fechamento
5.82333,5.86676,2003-01-31 09:40:00.0,Abertura
5.80109,5.83778,2003-01-31 10:00:00.0,Intermediário
5.81462,5.84972,2003-01-31 10:30:00.0,Intermediário
5.81462,5.84641,2003-01-31 11:00:00.0,Intermediário
5.82144,5.85658,2003-01-31 11:30:00.0,Intermediário
5.82496,5.85847,2003-01-31 12:00:00.0,Intermediário
5.82661,5.85847,2003-01-31 12:30:00.0,Intermediário
5.80064,5.83071,2003-01-31 13:00:00.0,Intermediário
5.80099,5.83106,2003-01-31 13:30:00.0,Intermediário
5.79428,5.82435,2003-01-31 14:00:00.0,Intermediário
5.79993,5.83,2003-01-31 14:30:00.0,Intermediário
5.75666,5.7882,2003-01-31 15:00:00.0,Intermediário
5.74634,5.77781,2003-01-31 15:34:00.0,Intermediário
5.7556,5.79041,2003-01-31 16:04:00.0,Intermediário
5.77623,5.81117,2003-01-31 16:30:00.0,Fechamento Interbancário
5.79961,5.81024,2003-01-31 17:43:00.0,Fechamento
5.67825,5.72091,2003-02-03 09:58:00.0,Abertura
5.6786,5.71305,2003-02-03 10:00:00.0,Intermediário
5.67078,5.7216,2003-02-03 10:30:00.0,Intermediário
5.6803,5.723,2003-02-03 11:09:00.0,Intermediário
5.70971,5.74431,2003-02-03 11:30:00.0,Intermediário
5.68447,5.72718,2003-02-03 12:02:00.0,Intermediário
5.70394,5.74343,2003-02-03 12:30:00.0,Intermediário
5.7346,5.76933,2003-02-03 13:00:00.0,Intermediário
5.73355,5.76335,2003-02-03 13:30:00.0,Intermediário
5.73811,5.76791,2003-02-03 14:00:00.0,Intermediário
5.73881,5.76861,2003-02-03 14:30:00.0,Intermediário
5.76488,5.79644,2003-02-03 15:00:00.0,Intermediário
5.77444,5.80935,2003-02-03 15:30:00.0,Intermediário
5.74383,5.77859,2003-02-03 16:00:00.0,Intermediário
5.74699,5.78011,2003-02-03 16:31:00.0,Fechamento Interbancário
5.72469,5.73523,2003-02-03 17:50:00.0,Fechamento
5.82914,5.87254,2003-02-04 09:57:00.0,Abertura
5.81658,5.85168,2003-02-04 10:00:00.0,Intermediário
5.80193,5.83696,2003-02-04 10:30:00.0,Intermediário
5.77659,5.81152,2003-02-04 11:00:00.0,Intermediário
5.80875,5.83888,2003-02-04 11:30:00.0,Intermediário
5.80074,5.83413,2003-02-04 12:00:00.0,Intermediário
5.83201,5.86389,2003-02-04 12:30:00.0,Intermediário
5.81732,5.85244,2003-02-04 13:00:00.0,Intermediário
5.8205,5.85563,2003-02-04 13:30:00.0,Intermediário
5.81767,5.8528,2003-02-04 14:00:00.0,Intermediário
5.82507,5.86024,2003-02-04 14:30:00.0,Intermediário
5.84539,5.87898,2003-02-04 15:00:00.0,Intermediário
5.85691,5.88727,2003-02-04 15:30:00.0,Intermediário
5.85656,5.90014,2003-02-04 16:00:00.0,Intermediário
5.85161,5.89514,2003-02-04 16:30:00.0,Fechamento Interbancário
5.83564,5.84634,2003-02-04 18:27:00.0,Fechamento
5.90708,5.9509,2003-02-05 09:39:00.0,Abertura
5.91338,5.94727,2003-02-05 10:00:00.0,Intermediário
5.92672,5.96567,2003-02-05 10:30:00.0,Intermediário
5.91632,5.95188,2003-02-05 11:00:00.0,Intermediário
5.92488,5.96051,2003-02-05 11:30:00.0,Intermediário
5.89306,5.92853,2003-02-05 12:00:00.0,Intermediário
5.88553,5.916,2003-02-05 12:30:00.0,Intermediário
5.88126,5.9249,2003-02-05 13:00:00.0,Intermediário
5.88767,5.9314,2003-02-05 13:30:00.0,Intermediário
5.87732,5.92095,2003-02-05 14:00:00.0,Intermediário
5.87947,5.92311,2003-02-05 14:30:00.0,Intermediário
5.86305,5.89836,2003-02-05 15:00:00.0,Intermediário
5.83206,5.87218,2003-02-05 15:36:00.0,Intermediário
5.82857,5.86044,2003-02-05 16:07:00.0,Intermediário
5.83103,5.86293,2003-02-05 16:30:00.0,Fechamento Interbancário
5.88616,5.89693,2003-02-05 17:39:00.0,Fechamento
5.91234,5.95618,2003-02-06 09:50:00.0,Abertura
5.89517,5.93393,2003-02-06 10:00:00.0,Intermediário
5.89831,5.9305,2003-02-06 10:30:00.0,Intermediário
5.87515,5.90888,2003-02-06 11:00:00.0,Intermediário
5.91686,5.95242,2003-02-06 11:30:00.0,Intermediário
5.92382,5.95447,2003-02-06 12:00:00.0,Intermediário
5.91693,5.94756,2003-02-06 12:30:00.0,Intermediário
5.90774,5.94324,2003-02-06 13:00:00.0,Intermediário
5.91075,5.94463,2003-02-06 13:30:00.0,Intermediário
5.90894,5.94282,2003-02-06 14:00:00.0,Intermediário
5.90067,5.93451,2003-02-06 14:30:00.0,Intermediário
5.87224,5.90757,2003-02-06 15:00:00.0,Intermediário
5.87963,5.91501,2003-02-06 15:30:00.0,Intermediário
5.86509,5.89548,2003-02-06 16:01:00.0,Intermediário
5.86258,5.89293,2003-02-06 16:30:00.0,Fechamento Interbancário
5.89774,5.90857,2003-02-06 17:43:00.0,Fechamento
5.81899,5.86219,2003-02-07 09:56:00.0,Abertura
5.81756,5.8689,2003-02-07 10:00:00.0,Intermediário
5.82541,5.85563,2003-02-07 10:30:00.0,Intermediário
5.79565,5.82737,2003-02-07 11:00:00.0,Intermediário
5.81387,5.84568,2003-02-07 11:30:00.0,Intermediário
5.79877,5.83374,2003-02-07 12:00:00.0,Intermediário
5.77615,5.80942,2003-02-07 12:30:00.0,Intermediário
5.78504,5.81832,2003-02-07 13:00:00.0,Intermediário
5.79831,5.8333,2003-02-07 13:30:00.0,Intermediário
5.79618,5.83113,2003-02-07 14:00:00.0,Intermediário
5.79297,5.82792,2003-02-07 14:30:00.0,Intermediário
5.82505,5.86017,2003-02-07 15:00:00.0,Intermediário
5.82577,5.85599,2003-02-07 15:30:00.0,Intermediário
5.81699,5.85205,2003-02-07 16:00:00.0,Intermediário
5.81417,5.84922,2003-02-07 16:30:00.0,Fechamento Interbancário
5.83936,5.85012,2003-02-07 17:45:00.0,Fechamento
5.8373,5.88067,2003-02-10 09:57:00.0,Abertura
5.83658,5.87995,2003-02-10 10:00:00.0,Intermediário
5.88151,5.92018,2003-02-10 10:30:00.0,Intermediário
5.86629,5.89669,2003-02-10 11:00:00.0,Intermediário
5.85888,5.89417,2003-02-10 11:30:00.0,Intermediário
5.85714,5.88913,2003-02-10 12:00:00.0,Intermediário
5.85986,5.89348,2003-02-10 12:30:00.0,Intermediário
5.85698,5.89059,2003-02-10 13:00:00.0,Intermediário
5.85445,5.88478,2003-02-10 13:30:00.0,Intermediário
5.84869,5.87902,2003-02-10 14:00:00.0,Intermediário
5.84761,5.87794,2003-02-10 14:30:00.0,Intermediário
5.86246,5.89283,2003-02-10 15:00:00.0,Intermediário
5.82602,5.85949,2003-02-10 15:30:00.0,Intermediário
5.81585,5.84604,2003-02-10 16:02:00.0,Intermediário
5.818,5.84819,2003-02-10 16:30:00.0,Fechamento Interbancário
5.86594,5.87668,2003-02-10 18:03:00.0,Fechamento
5.74403,5.78685,2003-02-11 09:49:00.0,Abertura
5.75353,5.79639,2003-02-11 10:04:00.0,Intermediário
5.76503,5.79497,2003-02-11 10:30:00.0,Intermediário
5.75851,5.79327,2003-02-11 11:00:00.0,Intermediário
5.76092,5.79247,2003-02-11 11:30:00.0,Intermediário
5.76344,5.79824,2003-02-11 12:00:00.0,Intermediário
5.7436,5.77505,2003-02-11 12:30:00.0,Intermediário
5.72735,5.7652,2003-02-11 13:00:00.0,Intermediário
5.73766,5.77071,2003-02-11 13:30:00.0,Intermediário
5.73766,5.77071,2003-02-11 14:00:00.0,Intermediário
5.7366,5.76964,2003-02-11 14:30:00.0,Intermediário
5.7767,5.8148,2003-02-11 15:00:00.0,Intermediário
5.78584,5.82235,2003-02-11 15:31:00.0,Intermediário
5.79069,5.8256,2003-02-11 17:26:00.0,Intermediário
5.7846,5.8195,2003-02-11 17:31:00.0,Fechamento Interbancário
5.78127,5.79193,2003-02-11 18:34:00.0,Fechamento
5.82121,5.8644,2003-02-12 09:56:00.0,Abertura
5.8117,5.8516,2003-02-12 10:00:00.0,Intermediário
5.82785,5.85808,2003-02-12 10:30:00.0,Intermediário
5.81206,5.84381,2003-02-12 11:00:00.0,Intermediário
5.80581,5.84241,2003-02-12 11:30:00.0,Intermediário
5.79071,5.82078,2003-02-12 12:00:00.0,Intermediário
5.79487,5.8298,2003-02-12 12:30:00.0,Intermediário
5.78822,5.81826,2003-02-12 13:00:00.0,Intermediário
5.79863,5.82872,2003-02-12 13:30:00.0,Intermediário
5.79504,5.82509,2003-02-12 14:00:00.0,Intermediário
5.80255,5.83267,2003-02-12 14:30:00.0,Intermediário
5.79648,5.82818,2003-02-12 15:00:00.0,Intermediário
5.79647,5.82977,2003-02-12 15:30:00.0,Intermediário
5.80057,5.83552,2003-02-12 16:00:00.0,Intermediário
5.79646,5.833,2003-02-12 16:30:00.0,Fechamento Interbancário
5.80992,5.82064,2003-02-12 17:43:00.0,Fechamento
5.8347,5.87794,2003-02-13 09:51:00.0,Abertura
5.84531,5.88047,2003-02-13 10:00:00.0,Intermediário
5.8435,5.87866,2003-02-13 10:30:00.0,Intermediário
5.85086,5.88443,2003-02-13 11:00:00.0,Intermediário
5.86194,5.89721,2003-02-13 11:30:00.0,Intermediário
5.90368,5.94399,2003-02-13 12:00:00.0,Intermediário
5.89309,5.92848,2003-02-13 12:30:00.0,Intermediário
5.92033,5.95098,2003-02-13 13:00:00.0,Intermediário
5.91264,5.9465,2003-02-13 13:30:00.0,Intermediário
5.91777,5.95163,2003-02-13 14:15:00.0,Intermediário
5.91886,5.95273,2003-02-13 14:30:00.0,Intermediário
5.88006,5.92355,2003-02-13 15:21:00.0,Intermediário
5.91496,5.95049,2003-02-13 15:30:00.0,Intermediário
5.91291,5.95325,2003-02-13 16:00:00.0,Intermediário
5.90816,5.95174,2003-02-13 16:30:00.0,Fechamento Interbancário
5.88846,5.89928,2003-02-13 17:45:00.0,Fechamento
5.88292,5.92636,2003-02-14 09:57:00.0,Abertura
5.87818,5.92158,2003-02-14 10:00:00.0,Intermediário
5.87521,5.90565,2003-02-14 10:30:00.0,Intermediário
5.90347,5.93888,2003-02-14 11:00:00.0,Intermediário
5.89285,5.92983,2003-02-14 11:30:00.0,Intermediário
5.89306,5.93004,2003-02-14 12:00:00.0,Intermediário
5.89842,5.93218,2003-02-14 12:30:00.0,Intermediário
5.90569,5.9363,2003-02-14 13:00:00.0,Intermediário
5.90024,5.93077,2003-02-14 13:30:00.0,Intermediário
5.88565,5.91613,2003-02-14 14:00:00.0,Intermediário
5.88854,5.91906,2003-02-14 14:30:00.0,Intermediário
5.88484,5.92015,2003-02-14 15:00:00.0,Intermediário
5.88842,5.92051,2003-02-14 15:30:00.0,Intermediário
5.88374,5.92712,2003-02-14 16:01:00.0,Intermediário
5.88484,5.92822,2003-02-14 16:33:00.0,Fechamento Interbancário
5.89354,5.90441,2003-02-14 17:43:00.0,Fechamento
5.77499,5.8178,2003-02-17 09:52:00.0,Abertura
5.77643,5.81925,2003-02-17 10:05:00.0,Intermediário
5.78934,5.82581,2003-02-17 10:30:00.0,Intermediário
5.78188,5.81351,2003-02-17 11:00:00.0,Intermediário
5.78367,5.81528,2003-02-17 11:46:00.0,Intermediário
5.7815,5.8131,2003-02-17 12:14:00.0,Intermediário
5.77578,5.80576,2003-02-17 12:30:00.0,Intermediário
5.78404,5.81724,2003-02-17 13:23:00.0,Intermediário
5.78223,5.81543,2003-02-17 13:38:00.0,Intermediário
5.77824,5.81145,2003-02-17 14:05:00.0,Intermediário
5.78005,5.81326,2003-02-17 14:40:00.0,Intermediário
5.77716,5.81036,2003-02-17 15:17:00.0,Intermediário
5.77716,5.81196,2003-02-17 15:37:00.0,Intermediário
5.77788,5.81589,2003-02-17 16:00:00.0,Intermediário
5.76954,5.80431,2003-02-17 16:31:00.0,Fechamento Interbancário
5.7933,5.804,2003-02-17 17:43:00.0,Fechamento
5.71532,5.7578,2003-02-18 09:57:00.0,Abertura
5.70234,5.75276,2003-02-18 10:00:00.0,Intermediário
5.69367,5.73127,2003-02-18 10:33:00.0,Intermediário
5.69868,5.7315,2003-02-18 11:00:00.0,Intermediário
5.70162,5.73287,2003-02-18 11:30:00.0,Intermediário
5.6885,5.7197,2003-02-18 12:00:00.0,Intermediário
5.69484,5.72446,2003-02-18 12:30:00.0,Intermediário
5.71109,5.74237,2003-02-18 13:00:00.0,Intermediário
5.7106,5.74669,2003-02-18 13:30:00.0,Intermediário
5.7074,5.74345,2003-02-18 14:00:00.0,Intermediário
5.70525,5.74129,2003-02-18 14:30:00.0,Intermediário
5.69715,5.72996,2003-02-18 15:00:00.0,Intermediário
5.71696,5.74988,2003-02-18 15:31:00.0,Intermediário
5.70475,5.73603,2003-02-18 16:00:00.0,Intermediário
5.70192,5.73635,2003-02-18 16:30:00.0,Fechamento Interbancário
5.70544,5.71604,2003-02-18 17:45:00.0,Fechamento
5.70019,5.74262,2003-02-19 09:51:00.0,Abertura
5.69168,5.73088,2003-02-19 10:00:00.0,Intermediário
5.69936,5.73059,2003-02-19 10:30:00.0,Intermediário
5.70962,5.7409,2003-02-19 11:00:00.0,Intermediário
5.70926,5.74214,2003-02-19 11:30:00.0,Intermediário
5.71804,5.75096,2003-02-19 12:00:00.0,Intermediário
5.72271,5.75564,2003-02-19 12:30:00.0,Intermediário
5.73739,5.77199,2003-02-19 13:00:00.0,Intermediário
5.73811,5.77271,2003-02-19 13:30:00.0,Intermediário
5.73956,5.77416,2003-02-19 14:00:00.0,Intermediário
5.74424,5.77889,2003-02-19 14:30:00.0,Intermediário
5.75416,5.78565,2003-02-19 15:00:00.0,Intermediário
5.75489,5.78798,2003-02-19 15:30:00.0,Intermediário
5.76111,5.79102,2003-02-19 16:00:00.0,Intermediário
5.75047,5.78353,2003-02-19 16:30:00.0,Fechamento Interbancário
5.73682,5.74744,2003-02-19 17:47:00.0,Fechamento
5.74445,5.7871,2003-02-20 09:55:00.0,Abertura
5.73874,5.77173,2003-02-20 10:00:00.0,Intermediário
5.73006,5.7614,2003-02-20 10:30:00.0,Intermediário
5.75236,5.78221,2003-02-20 11:00:00.0,Intermediário
5.74301,5.77445,2003-02-20 11:30:00.0,Intermediário
5.73622,5.766,2003-02-20 12:00:00.0,Intermediário
5.73124,5.761,2003-02-20 12:30:00.0,Intermediário
5.76538,5.80172,2003-02-20 13:00:00.0,Intermediário
5.76424,5.79736,2003-02-20 13:30:00.0,Intermediário
5.76279,5.79591,2003-02-20 14:00:00.0,Intermediário
5.76783,5.80099,2003-02-20 14:30:00.0,Intermediário
5.76451,5.79606,2003-02-20 15:00:00.0,Intermediário
5.74911,5.78059,2003-02-20 15:30:00.0,Intermediário
5.73885,5.77348,2003-02-20 16:00:00.0,Intermediário
5.73849,5.76833,2003-02-20 16:30:00.0,Fechamento Interbancário
5.74528,5.75593,2003-02-20 17:56:00.0,Fechamento
5.72507,5.7676,2003-02-21 09:51:00.0,Abertura
5.724,5.75852,2003-02-21 10:00:00.0,Intermediário
5.73478,5.76936,2003-02-21 10:30:00.0,Intermediário
5.73529,5.76668,2003-02-21 11:00:00.0,Intermediário
5.74397,5.7786,2003-02-21 11:30:00.0,Intermediário
5.74058,5.77359,2003-02-21 12:00:00.0,Intermediário
5.74955,5.78421,2003-02-21 12:30:00.0,Intermediário
5.75348,5.78496,2003-02-21 13:00:00.0,Intermediário
5.72962,5.76096,2003-02-21 13:30:00.0,Intermediário
5.73432,5.76571,2003-02-21 14:00:00.0,Intermediário
5.73034,5.76169,2003-02-21 14:30:00.0,Intermediário
5.72415,5.75706,2003-02-21 15:00:00.0,Intermediário
5.7177,5.749,2003-02-21 15:30:00.0,Intermediário
5.70164,5.73606,2003-02-21 16:00:00.0,Intermediário
5.69983,5.73266,2003-02-21 16:30:00.0,Fechamento Interbancário
5.70065,5.71123,2003-02-21 17:52:00.0,Fechamento
5.66371,5.70585,2003-02-24 09:56:00.0,Abertura
5.66083,5.69664,2003-02-24 10:00:00.0,Intermediário
5.64222,5.67476,2003-02-24 10:30:00.0,Intermediário
5.65125,5.68223,2003-02-24 11:00:00.0,Intermediário
5.66136,5.69399,2003-02-24 11:30:00.0,Intermediário
5.65153,5.6857,2003-02-24 12:00:00.0,Intermediário
5.66706,5.69974,2003-02-24 12:30:00.0,Intermediário
5.67582,5.70692,2003-02-24 13:00:00.0,Intermediário
5.6751,5.7062,2003-02-24 13:30:00.0,Intermediário
5.67618,5.70727,2003-02-24 14:00:00.0,Intermediário
5.68048,5.71162,2003-02-24 14:30:00.0,Intermediário
5.68027,5.71297,2003-02-24 15:00:00.0,Intermediário
5.67854,5.70967,2003-02-24 15:30:00.0,Intermediário
5.67767,5.7088,2003-02-24 16:00:00.0,Intermediário
5.67522,5.70951,2003-02-24 16:30:00.0,Fechamento Interbancário
5.69026,5.70078,2003-02-24 17:49:00.0,Fechamento
5.62951,5.67145,2003-02-25 09:50:00.0,Abertura
5.62758,5.66951,2003-02-25 10:00:00.0,Intermediário
5.62364,5.65609,2003-02-25 10:30:00.0,Intermediário
5.653,5.68558,2003-02-25 11:00:00.0,Intermediário
5.66255,5.69518,2003-02-25 11:30:00.0,Intermediário
5.6734,5.7029,2003-02-25 12:00:00.0,Intermediário
5.66557,5.69663,2003-02-25 12:30:00.0,Intermediário
5.64368,5.67621,2003-02-25 13:00:00.0,Intermediário
5.64656,5.67909,2003-02-25 13:30:00.0,Intermediário
5.64476,5.67729,2003-02-25 14:00:00.0,Intermediário
5.64656,5.67909,2003-02-25 14:30:00.0,Intermediário
5.67654,5.70606,2003-02-25 15:00:00.0,Intermediário
5.66291,5.69397,2003-02-25 15:30:00.0,Intermediário
5.66098,5.69203,2003-02-25 16:00:00.0,Intermediário
5.65614,5.69031,2003-02-25 16:31:00.0,Fechamento Interbancário
5.66974,5.68029,2003-02-25 17:39:00.0,Fechamento
5.61793,5.65984,2003-02-26 09:55:00.0,Abertura
5.61893,5.65449,2003-02-26 10:00:00.0,Intermediário
5.62537,5.65622,2003-02-26 10:30:00.0,Intermediário
5.6411,5.67202,2003-02-26 11:00:00.0,Intermediário
5.62951,5.66039,2003-02-26 11:30:00.0,Intermediário
5.6365,5.66903,2003-02-26 12:00:00.0,Intermediário
5.63771,5.66863,2003-02-26 12:30:00.0,Intermediário
5.64772,5.68187,2003-02-26 13:00:00.0,Intermediário
5.65493,5.68437,2003-02-26 13:30:00.0,Intermediário
5.64852,5.67789,2003-02-26 14:00:00.0,Intermediário
5.64423,5.67359,2003-02-26 14:30:00.0,Intermediário
5.65906,5.69009,2003-02-26 15:00:00.0,Intermediário
5.65118,5.68217,2003-02-26 15:30:00.0,Intermediário
5.64416,5.67354,2003-02-26 16:00:00.0,Intermediário
5.64079,5.67016,2003-02-26 16:30:00.0,Fechamento Interbancário
5.66144,5.67194,2003-02-26 17:46:00.0,Fechamento
5.65907,5.7012,2003-02-27 09:53:00.0,Abertura
5.66552,5.69656,2003-02-27 10:00:00.0,Intermediário
5.67211,5.70319,2003-02-27 10:38:00.0,Intermediário
5.65898,5.69002,2003-02-27 11:00:00.0,Intermediário
5.6494,5.67881,2003-02-27 11:30:00.0,Intermediário
5.65156,5.68413,2003-02-27 12:00:00.0,Intermediário
5.64773,5.68031,2003-02-27 12:30:00.0,Intermediário
5.61294,5.6501,2003-02-27 13:00:00.0,Intermediário
5.61421,5.64662,2003-02-27 13:30:00.0,Intermediário
5.61599,5.6484,2003-02-27 14:00:00.0,Intermediário
5.61457,5.64698,2003-02-27 14:30:00.0,Intermediário
5.60963,5.64361,2003-02-27 15:00:00.0,Intermediário
5.61915,5.65157,2003-02-27 15:30:00.0,Intermediário
5.6104,5.64119,2003-02-27 16:00:00.0,Intermediário
5.61462,5.64385,2003-02-27 16:30:00.0,Fechamento Interbancário
5.66056,5.67108,2003-02-27 17:43:00.0,Fechamento
5.59474,5.63656,2003-02-28 09:42:00.0,Abertura
5.59407,5.62636,2003-02-28 10:00:00.0,Intermediário
5.60392,5.63308,2003-02-28 10:30:00.0,Intermediário
5.60694,5.63617,2003-02-28 11:00:00.0,Intermediário
5.60371,5.63604,2003-02-28 11:30:00.0,Intermediário
5.61858,5.64781,2003-02-28 12:00:00.0,Intermediário
5.6075,5.63828,2003-02-28 12:30:00.0,Intermediário
5.60729,5.63649,2003-02-28 13:00:00.0,Intermediário
5.60444,5.63364,2003-02-28 13:30:00.0,Intermediário
5.60372,5.63292,2003-02-28 14:00:00.0,Intermediário
5.60765,5.63685,2003-02-28 14:30:00.0,Intermediário
5.59543,5.63089,2003-02-28 15:00:00.0,Intermediário
5.5943,5.62661,2003-02-28 15:30:00.0,Intermediário
5.59623,5.63328,2003-02-28 16:00:00.0,Intermediário
5.60465,5.63542,2003-02-28 16:30:00.0,Fechamento Interbancário
5.60476,5.61521,2003-02-28 17:49:00.0,Fechamento
5.68583,5.717,2003-03-05 11:57:00.0,Abertura
5.68619,5.71736,2003-03-05 12:00:00.0,Intermediário
5.69258,5.72378,2003-03-05 12:30:00.0,Intermediário
5.69721,5.72842,2003-03-05 13:00:00.0,Intermediário
5.68746,5.72825,2003-03-05 13:30:00.0,Intermediário
5.69472,5.72592,2003-03-05 14:00:00.0,Intermediário
5.6983,5.72792,2003-03-05 14:30:00.0,Intermediário
5.68231,5.71185,2003-03-05 15:00:00.0,Intermediário
5.67397,5.7083,2003-03-05 15:30:00.0,Intermediário
5.68743,5.71862,2003-03-05 16:00:00.0,Intermediário
5.67752,5.71185,2003-03-05 16:30:00.0,Fechamento Interbancário
5.70242,5.71297,2003-03-05 18:00:00.0,Fechamento
5.64973,5.692,2003-03-06 09:55:00.0,Abertura
5.64518,5.6874,2003-03-06 10:00:00.0,Intermediário
5.65295,5.6856,2003-03-06 10:30:00.0,Intermediário
5.66252,5.69197,2003-03-06 11:00:00.0,Intermediário
5.63279,5.6653,2003-03-06 11:30:00.0,Intermediário
5.63011,5.65939,2003-03-06 12:00:00.0,Intermediário
5.61895,5.6498,2003-03-06 12:30:00.0,Intermediário
5.63558,5.66491,2003-03-06 13:00:00.0,Intermediário
5.63872,5.66969,2003-03-06 13:30:00.0,Intermediário
5.644,5.67498,2003-03-06 14:00:00.0,Intermediário
5.6366,5.66757,2003-03-06 14:30:00.0,Intermediário
5.62841,5.66416,2003-03-06 15:00:00.0,Intermediário
5.63123,5.66376,2003-03-06 15:30:00.0,Intermediário
5.58717,5.62111,2003-03-06 16:00:00.0,Intermediário
5.59441,5.62839,2003-03-06 16:36:00.0,Fechamento Interbancário
5.6516,5.66205,2003-03-06 18:05:00.0,Fechamento
5.59793,5.63997,2003-03-07 09:50:00.0,Abertura
5.61257,5.64663,2003-03-07 10:00:00.0,Intermediário
5.63368,5.66625,2003-03-07 10:30:00.0,Intermediário
5.62875,5.65966,2003-03-07 11:00:00.0,Intermediário
5.64526,5.67466,2003-03-07 11:30:00.0,Intermediário
5.61257,5.64663,2003-03-07 12:05:00.0,Intermediário
5.60912,5.64476,2003-03-07 12:30:00.0,Intermediário
5.60542,5.63622,2003-03-07 13:03:00.0,Intermediário
5.60402,5.63482,2003-03-07 13:35:00.0,Intermediário
5.5974,5.62816,2003-03-07 14:00:00.0,Intermediário
5.59981,5.63061,2003-03-07 14:54:00.0,Intermediário
5.56278,5.59178,2003-03-07 15:00:00.0,Intermediário
5.57696,5.60923,2003-03-07 15:30:00.0,Intermediário
5.59162,5.62559,2003-03-07 16:00:00.0,Intermediário
5.59601,5.62678,2003-03-07 16:30:00.0,Fechamento Interbancário
5.61117,5.62156,2003-03-07 17:40:00.0,Fechamento
5.59533,5.63728,2003-03-10 09:47:00.0,Abertura
5.60259,5.63658,2003-03-10 10:00:00.0,Intermediário
5.622,5.65609,2003-03-10 10:30:00.0,Intermediário
5.63282,5.66536,2003-03-10 11:21:00.0,Intermediário
5.63212,5.66465,2003-03-10 11:30:00.0,Intermediário
5.62803,5.65734,2003-03-10 12:00:00.0,Intermediário
5.6372,5.66816,2003-03-10 12:30:00.0,Intermediário
5.62874,5.65965,2003-03-10 13:00:00.0,Intermediário
5.63227,5.66318,2003-03-10 13:30:00.0,Intermediário
5.63368,5.66459,2003-03-10 14:00:00.0,Intermediário
5.63227,5.66318,2003-03-10 14:30:00.0,Intermediário
5.62802,5.66052,2003-03-10 15:00:00.0,Intermediário
5.62661,5.6575,2003-03-10 15:30:00.0,Intermediário
5.61827,5.64753,2003-03-10 16:00:00.0,Intermediário
5.61827,5.64753,2003-03-10 16:30:00.0,Fechamento Interbancário
5.64721,5.65766,2003-03-10 17:51:00.0,Fechamento
5.60902,5.6511,2003-03-11 09:46:00.0,Abertura
5.60902,5.6511,2003-03-11 10:00:00.0,Intermediário
5.61542,5.64628,2003-03-11 10:30:00.0,Intermediário
5.62307,5.65236,2003-03-11 11:00:00.0,Intermediário
5.63619,5.66552,2003-03-11 11:30:00.0,Intermediário
5.62529,5.65456,2003-03-11 12:00:00.0,Intermediário
5.61012,5.64414,2003-03-11 12:30:00.0,Intermediário
5.62134,5.65219,2003-03-11 13:00:00.0,Intermediário
5.61607,5.64692,2003-03-11 13:30:00.0,Intermediário
5.61397,5.64482,2003-03-11 14:00:00.0,Intermediário
5.61362,5.64447,2003-03-11 14:30:00.0,Intermediário
5.5929,5.62363,2003-03-11 15:00:00.0,Intermediário
5.59729,5.62803,2003-03-11 15:30:00.0,Intermediário
5.57471,5.61019,2003-03-11 16:00:00.0,Intermediário
5.57298,5.60845,2003-03-11 16:30:00.0,Fechamento Interbancário
5.63197,5.64237,2003-03-11 17:39:00.0,Fechamento
5.62817,5.67041,2003-03-12 09:46:00.0,Abertura
5.6188,5.65292,2003-03-12 10:00:00.0,Intermediário
5.60809,5.64055,2003-03-12 10:33:00.0,Intermediário
5.60417,5.63338,2003-03-12 11:00:00.0,Intermediário
5.58,5.61552,2003-03-12 11:30:00.0,Intermediário
5.56906,5.59649,2003-03-12 12:00:00.0,Intermediário
5.57691,5.6108,2003-03-12 12:30:00.0,Intermediário
5.5889,5.62286,2003-03-12 13:00:00.0,Intermediário
5.59281,5.62194,2003-03-12 13:30:00.0,Intermediário
5.59351,5.62264,2003-03-12 14:00:00.0,Intermediário
5.59452,5.62368,2003-03-12 14:30:00.0,Intermediário
5.5913,5.62207,2003-03-12 15:00:00.0,Intermediário
5.59304,5.6238,2003-03-12 15:30:00.0,Intermediário
5.5781,5.61364,2003-03-12 16:00:00.0,Intermediário
5.5827,5.61503,2003-03-12 16:30:00.0,Fechamento Interbancário
5.60212,5.61252,2003-03-12 17:44:00.0,Fechamento
5.45648,5.49784,2003-03-13 09:33:00.0,Abertura
5.47881,5.51223,2003-03-13 10:00:00.0,Intermediário
5.49963,5.53317,2003-03-13 10:30:00.0,Intermediário
5.49367,5.52878,2003-03-13 11:00:00.0,Intermediário
5.50405,5.53763,2003-03-13 11:30:00.0,Intermediário
5.49019,5.51887,2003-03-13 12:00:00.0,Intermediário
5.51223,5.5426,2003-03-13 12:30:00.0,Intermediário
5.50123,5.52995,2003-03-13 13:00:00.0,Intermediário
5.49746,5.52774,2003-03-13 13:30:00.0,Intermediário
5.4954,5.52568,2003-03-13 14:00:00.0,Intermediário
5.49883,5.52912,2003-03-13 14:30:00.0,Intermediário
5.48784,5.51648,2003-03-13 15:00:00.0,Intermediário
5.4619,5.49365,2003-03-13 15:30:00.0,Intermediário
5.44391,5.47718,2003-03-13 16:00:00.0,Intermediário
5.44051,5.47373,2003-03-13 16:30:00.0,Fechamento Interbancário
5.488,5.4982,2003-03-13 18:12:00.0,Fechamento
5.40233,5.44333,2003-03-14 09:40:00.0,Abertura
5.39224,5.4284,2003-03-14 10:00:00.0,Intermediário
5.39054,5.42191,2003-03-14 10:30:00.0,Intermediário
5.39699,5.42681,2003-03-14 11:00:00.0,Intermediário
5.36717,5.40002,2003-03-14 11:30:00.0,Intermediário
5.38282,5.41418,2003-03-14 12:00:00.0,Intermediário
5.36889,5.40017,2003-03-14 12:30:00.0,Intermediário
5.35754,5.38716,2003-03-14 13:00:00.0,Intermediário
5.34167,5.3712,2003-03-14 13:48:00.0,Intermediário
5.34437,5.37394,2003-03-14 14:00:00.0,Intermediário
5.34099,5.37052,2003-03-14 14:30:00.0,Intermediário
5.38239,5.41054,2003-03-14 15:00:00.0,Intermediário
5.40562,5.43391,2003-03-14 15:30:00.0,Intermediário
5.42871,5.45708,2003-03-14 16:00:00.0,Intermediário
5.42733,5.45571,2003-03-14 16:30:00.0,Fechamento Interbancário
5.37194,5.38197,2003-03-14 17:39:00.0,Fechamento
5.44685,5.488,2003-03-17 09:54:00.0,Abertura
5.44286,5.48396,2003-03-17 10:00:00.0,Intermediário
5.44828,5.4799,2003-03-17 10:30:00.0,Intermediário
5.44286,5.47608,2003-03-17 11:00:00.0,Intermediário
5.43393,5.46711,2003-03-17 11:30:00.0,Intermediário
5.42777,5.45771,2003-03-17 12:00:00.0,Intermediário
5.41883,5.44875,2003-03-17 12:30:00.0,Intermediário
5.3877,5.4206,2003-03-17 13:05:00.0,Intermediário
5.36478,5.39759,2003-03-17 13:47:00.0,Intermediário
5.35999,5.39278,2003-03-17 14:00:00.0,Intermediário
5.35557,5.38832,2003-03-17 14:30:00.0,Intermediário
5.34468,5.37426,2003-03-17 15:00:00.0,Intermediário
5.36743,5.39553,2003-03-17 15:30:00.0,Intermediário
5.38812,5.41632,2003-03-17 16:00:00.0,Intermediário
5.38377,5.41667,2003-03-17 16:30:00.0,Fechamento Interbancário
5.40789,5.41804,2003-03-17 17:47:00.0,Fechamento
5.30424,5.3446,2003-03-18 09:54:00.0,Abertura
5.31916,5.34705,2003-03-18 10:00:00.0,Intermediário
5.34316,5.3727,2003-03-18 10:30:00.0,Intermediário
5.34769,5.37726,2003-03-18 11:00:00.0,Intermediário
5.35032,5.38148,2003-03-18 11:30:00.0,Intermediário
5.35744,5.38706,2003-03-18 12:00:00.0,Intermediário
5.36826,5.39792,2003-03-18 12:30:00.0,Intermediário
5.37235,5.40049,2003-03-18 13:00:00.0,Intermediário
5.36307,5.39115,2003-03-18 13:30:00.0,Intermediário
5.36411,5.39219,2003-03-18 14:00:00.0,Intermediário
5.36889,5.39701,2003-03-18 14:30:00.0,Intermediário
5.36502,5.39467,2003-03-18 15:00:00.0,Intermediário
5.37201,5.40014,2003-03-18 15:30:00.0,Intermediário
5.36767,5.40205,2003-03-18 16:00:00.0,Intermediário
5.37511,5.40324,2003-03-18 16:30:00.0,Fechamento Interbancário
5.37248,5.38251,2003-03-18 17:41:00.0,Fechamento
5.34332,5.38376,2003-03-19 09:56:00.0,Abertura
5.34247,5.37045,2003-03-19 10:00:00.0,Intermediário
5.34948,5.37907,2003-03-19 10:30:00.0,Intermediário
5.38143,5.41116,2003-03-19 11:00:00.0,Intermediário
5.39545,5.42524,2003-03-19 11:30:00.0,Intermediário
5.40291,5.43273,2003-03-19 12:00:00.0,Intermediário
5.40668,5.43653,2003-03-19 12:30:00.0,Intermediário
5.39438,5.42262,2003-03-19 13:00:00.0,Intermediário
5.39299,5.42123,2003-03-19 13:30:00.0,Intermediário
5.4006,5.42884,2003-03-19 14:00:00.0,Intermediário
5.40095,5.42919,2003-03-19 14:30:00.0,Intermediário
5.40287,5.43585,2003-03-19 15:00:00.0,Intermediário
5.40876,5.44177,2003-03-19 15:30:00.0,Intermediário
5.40169,5.43308,2003-03-19 16:00:00.0,Intermediário
5.40221,5.43203,2003-03-19 16:30:00.0,Fechamento Interbancário
5.40305,5.41315,2003-03-19 17:48:00.0,Fechamento
5.39833,5.43911,2003-03-20 09:55:00.0,Abertura
5.41396,5.44696,2003-03-20 10:00:00.0,Intermediário
5.44068,5.46912,2003-03-20 10:30:00.0,Intermediário
5.43548,5.46546,2003-03-20 11:00:00.0,Intermediário
5.43843,5.46685,2003-03-20 11:30:00.0,Intermediário
5.4466,5.47661,2003-03-20 12:00:00.0,Intermediário
5.45945,5.48956,2003-03-20 12:34:00.0,Intermediário
5.44312,5.47626,2003-03-20 13:00:00.0,Intermediário
5.4466,5.47975,2003-03-20 13:30:00.0,Intermediário
5.45044,5.48363,2003-03-20 14:00:00.0,Intermediário
5.44137,5.47452,2003-03-20 14:30:00.0,Intermediário
5.4407,5.47225,2003-03-20 15:00:00.0,Intermediário
5.43844,5.46684,2003-03-20 15:30:00.0,Intermediário
5.4275,5.46056,2003-03-20 16:00:00.0,Intermediário
5.42941,5.46092,2003-03-20 16:30:00.0,Fechamento Interbancário
5.44484,5.455,2003-03-20 17:38:00.0,Fechamento
5.38271,5.42342,2003-03-21 09:40:00.0,Abertura
5.39139,5.42116,2003-03-21 10:00:00.0,Intermediário
5.40006,5.42986,2003-03-21 10:30:00.0,Intermediário
5.40333,5.43159,2003-03-21 11:00:00.0,Intermediário
5.39739,5.42722,2003-03-21 11:30:00.0,Intermediário
5.38684,5.41974,2003-03-21 12:00:00.0,Intermediário
5.3685,5.40133,2003-03-21 12:30:00.0,Intermediário
5.33944,5.37055,2003-03-21 13:00:00.0,Intermediário
5.35283,5.38398,2003-03-21 13:30:00.0,Intermediário
5.35146,5.3826,2003-03-21 14:00:00.0,Intermediário
5.34564,5.37677,2003-03-21 14:30:00.0,Intermediário
5.3187,5.34657,2003-03-21 15:00:00.0,Intermediário
5.32106,5.34896,2003-03-21 15:30:00.0,Intermediário
5.3039,5.33799,2003-03-21 16:00:00.0,Intermediário
5.30852,5.34105,2003-03-21 16:30:00.0,Fechamento Interbancário
5.38282,5.39289,2003-03-21 17:56:00.0,Fechamento
5.37953,5.42032,2003-03-24 09:49:00.0,Abertura
5.37198,5.4127,2003-03-24 10:00:00.0,Intermediário
5.36992,5.40273,2003-03-24 10:30:00.0,Intermediário
5.35667,5.38631,2003-03-24 11:00:00.0,Intermediário
5.34259,5.3753,2003-03-24 11:30:00.0,Intermediário
5.35181,5.38298,2003-03-24 12:00:00.0,Intermediário
5.36882,5.3969,2003-03-24 12:30:00.0,Intermediário
5.36554,5.39361,2003-03-24 13:00:00.0,Intermediário
5.35762,5.38883,2003-03-24 13:30:00.0,Intermediário
5.35967,5.39088,2003-03-24 14:00:00.0,Intermediário
5.35864,5.38985,2003-03-24 14:30:00.0,Intermediário
5.34982,5.38097,2003-03-24 15:00:00.0,Intermediário
5.35037,5.38153,2003-03-24 15:30:00.0,Intermediário
5.34319,5.37115,2003-03-24 16:00:00.0,Intermediário
5.34081,5.36877,2003-03-24 16:30:00.0,Fechamento Interbancário
5.35628,5.36633,2003-03-24 18:01:00.0,Fechamento
5.29432,5.33473,2003-03-25 09:45:00.0,Abertura
5.32432,5.35535,2003-03-25 10:00:00.0,Intermediário
5.30812,5.33753,2003-03-25 10:30:00.0,Intermediário
5.33091,5.36357,2003-03-25 11:00:00.0,Intermediário
5.33563,5.36673,2003-03-25 11:30:00.0,Intermediário
5.33338,5.36447,2003-03-25 12:00:00.0,Intermediário
5.33202,5.35996,2003-03-25 12:30:00.0,Intermediário
5.31865,5.3481,2003-03-25 13:00:00.0,Intermediário
5.31166,5.34106,2003-03-25 13:30:00.0,Intermediário
5.31403,5.34343,2003-03-25 14:00:00.0,Intermediário
5.3103,5.3397,2003-03-25 14:30:00.0,Intermediário
5.297,5.32948,2003-03-25 15:00:00.0,Intermediário
5.29018,5.3179,2003-03-25 15:30:00.0,Intermediário
5.28459,5.3123,2003-03-25 16:00:00.0,Intermediário
5.27954,5.30721,2003-03-25 16:30:00.0,Fechamento Interbancário
5.32694,5.33694,2003-03-25 18:00:00.0,Fechamento
5.26618,5.30644,2003-03-26 09:53:00.0,Abertura
5.27369,5.30768,2003-03-26 10:00:00.0,Intermediário
5.29343,5.32118,2003-03-26 10:30:00.0,Intermediário
5.27906,5.30833,2003-03-26 11:00:00.0,Intermediário
5.29365,5.32456,2003-03-26 11:30:00.0,Intermediário
5.30567,5.3382,2003-03-26 12:00:00.0,Intermediário
5.30599,5.33697,2003-03-26 12:30:00.0,Intermediário
5.32192,5.35297,2003-03-26 13:00:00.0,Intermediário
5.32463,5.35568,2003-03-26 13:30:00.0,Intermediário
5.32361,5.35466,2003-03-26 14:00:00.0,Intermediário
5.32226,5.35331,2003-03-26 14:30:00.0,Intermediário
5.31631,5.34576,2003-03-26 15:00:00.0,Intermediário
5.31844,5.34789,2003-03-26 15:30:00.0,Intermediário
5.31015,5.33956,2003-03-26 16:00:00.0,Intermediário
5.30981,5.33922,2003-03-26 16:30:00.0,Fechamento Interbancário
5.31055,5.32052,2003-03-26 17:41:00.0,Fechamento
5.33507,5.37564,2003-03-27 09:59:00.0,Abertura
5.33338,5.36605,2003-03-27 10:00:00.0,Intermediário
5.35673,5.38478,2003-03-27 10:30:00.0,Intermediário
5.35687,5.38652,2003-03-27 11:00:00.0,Intermediário
5.36222,5.3903,2003-03-27 11:30:00.0,Intermediário
5.36065,5.38872,2003-03-27 12:00:00.0,Intermediário
5.34783,5.3774,2003-03-27 12:30:00.0,Intermediário
5.33822,5.37089,2003-03-27 13:00:00.0,Intermediário
5.33271,5.35905,2003-03-27 13:30:00.0,Intermediário
5.32386,5.3502,2003-03-27 14:00:00.0,Intermediário
5.3147,5.34098,2003-03-27 14:30:00.0,Intermediário
5.2676,5.29994,2003-03-27 15:00:00.0,Intermediário
5.27777,5.30544,2003-03-27 15:30:00.0,Intermediário
5.28693,5.31307,2003-03-27 16:00:00.0,Intermediário
5.2754,5.30778,2003-03-27 16:30:00.0,Fechamento Interbancário
5.32195,5.33191,2003-03-27 17:42:00.0,Fechamento
5.27371,5.31393,2003-03-28 09:54:00.0,Abertura
5.2864,5.31727,2003-03-28 10:00:00.0,Intermediário
5.28836,5.31609,2003-03-28 10:30:00.0,Intermediário
5.2699,5.30226,2003-03-28 11:00:00.0,Intermediário
5.2841,5.31338,2003-03-28 11:30:00.0,Intermediário
5.28711,5.31485,2003-03-28 12:00:00.0,Intermediário
5.28466,5.31238,2003-03-28 12:30:00.0,Intermediário
5.2669,5.29609,2003-03-28 13:00:00.0,Intermediário
5.26533,5.29452,2003-03-28 13:30:00.0,Intermediário
5.26533,5.29452,2003-03-28 14:00:00.0,Intermediário
5.27472,5.30395,2003-03-28 14:30:00.0,Intermediário
5.28781,5.31556,2003-03-28 15:00:00.0,Intermediário
5.28377,5.31304,2003-03-28 15:30:00.0,Intermediário
5.29454,5.32229,2003-03-28 16:00:00.0,Intermediário
5.29219,5.31993,2003-03-28 16:30:00.0,Fechamento Interbancário
5.31449,5.32446,2003-03-28 17:51:00.0,Fechamento
5.32972,5.3703,2003-03-31 09:46:00.0,Abertura
5.3107,5.34171,2003-03-31 10:00:00.0,Intermediário
5.29247,5.32656,2003-03-31 10:30:00.0,Intermediário
5.25476,5.28392,2003-03-31 11:00:00.0,Intermediário
5.26531,5.29293,2003-03-31 11:30:00.0,Intermediário
5.26167,5.28926,2003-03-31 12:00:00.0,Intermediário
5.25885,5.28801,2003-03-31 12:30:00.0,Intermediário
5.25037,5.28267,2003-03-31 13:00:00.0,Intermediário
5.25203,5.28434,2003-03-31 13:30:00.0,Intermediário
5.25037,5.28267,2003-03-31 14:00:00.0,Intermediário
5.25137,5.28367,2003-03-31 14:30:00.0,Intermediário
5.24067,5.26817,2003-03-31 15:00:00.0,Intermediário
5.26965,5.30203,2003-03-31 15:30:00.0,Intermediário
5.2861,5.31538,2003-03-31 16:04:00.0,Intermediário
5.28691,5.31461,2003-03-31 16:32:00.0,Fechamento Interbancário
5.3027,5.31262,2003-03-31 17:51:00.0,Fechamento
5.27307,5.31337,2003-04-01 09:48:00.0,Abertura
5.2557,5.28642,2003-04-01 10:00:00.0,Intermediário
5.25884,5.28642,2003-04-01 10:30:00.0,Intermediário
5.26,5.29077,2003-04-01 11:00:00.0,Intermediário
5.24196,5.27108,2003-04-01 11:30:00.0,Intermediário
5.23331,5.26237,2003-04-01 12:00:00.0,Intermediário
5.22027,5.24926,2003-04-01 12:30:00.0,Intermediário
5.22108,5.25166,2003-04-01 13:00:00.0,Intermediário
5.23139,5.26202,2003-04-01 13:30:00.0,Intermediário
5.22973,5.26032,2003-04-01 14:00:00.0,Intermediário
5.22973,5.26032,2003-04-01 14:30:00.0,Intermediário
5.21441,5.24338,2003-04-01 15:00:00.0,Intermediário
5.22319,5.25533,2003-04-01 15:30:00.0,Intermediário
5.21305,5.24045,2003-04-01 16:00:00.0,Intermediário
5.21027,5.23919,2003-04-01 16:30:00.0,Fechamento Interbancário
5.26049,5.27036,2003-04-01 17:41:00.0,Fechamento
5.17233,5.21215,2003-04-02 09:49:00.0,Abertura
5.16972,5.19847,2003-04-02 10:00:00.0,Intermediário
5.15042,5.17749,2003-04-02 10:30:00.0,Intermediário
5.1416,5.17335,2003-04-02 11:00:00.0,Intermediário
5.12852,5.15551,2003-04-02 11:30:00.0,Intermediário
5.13322,5.16337,2003-04-02 12:00:00.0,Intermediário
5.14112,5.16816,2003-04-02 12:30:00.0,Intermediário
5.12851,5.1555,2003-04-02 13:00:00.0,Intermediário
5.12785,5.15484,2003-04-02 13:30:00.0,Intermediário
5.12556,5.15251,2003-04-02 14:00:00.0,Intermediário
5.12589,5.15284,2003-04-02 14:30:00.0,Intermediário
5.11807,5.14813,2003-04-02 15:00:00.0,Intermediário
5.12127,5.1482,2003-04-02 15:30:00.0,Intermediário
5.09424,5.12105,2003-04-02 16:00:00.0,Intermediário
5.093,5.11981,2003-04-02 16:31:00.0,Fechamento Interbancário
5.1368,5.14645,2003-04-02 17:49:00.0,Fechamento
5.07146,5.11074,2003-04-03 09:42:00.0,Abertura
5.08329,5.11165,2003-04-03 10:00:00.0,Intermediário
5.07478,5.10151,2003-04-03 10:30:00.0,Intermediário
5.08291,5.11282,2003-04-03 11:00:00.0,Intermediário
5.11468,5.14319,2003-04-03 11:30:00.0,Intermediário
5.11266,5.14114,2003-04-03 12:00:00.0,Intermediário
5.10566,5.13412,2003-04-03 12:36:00.0,Intermediário
5.10136,5.13297,2003-04-03 13:13:00.0,Intermediário
5.10104,5.13265,2003-04-03 13:40:00.0,Intermediário
5.09945,5.13102,2003-04-03 14:11:00.0,Intermediário
5.0936,5.12513,2003-04-03 14:30:00.0,Intermediário
5.07387,5.10216,2003-04-03 15:00:00.0,Intermediário
5.09889,5.1273,2003-04-03 15:30:00.0,Intermediário
5.09197,5.1235,2003-04-03 16:00:00.0,Intermediário
5.09262,5.12415,2003-04-03 16:33:00.0,Fechamento Interbancário
5.11703,5.12669,2003-04-03 17:43:00.0,Fechamento
5.10179,5.14119,2003-04-04 09:48:00.0,Abertura
5.10583,5.13583,2003-04-04 10:00:00.0,Intermediário
5.09593,5.12745,2003-04-04 10:30:00.0,Intermediário
5.06048,5.08874,2003-04-04 11:00:00.0,Intermediário
5.0478,5.07442,2003-04-04 11:30:00.0,Intermediário
5.02561,5.05211,2003-04-04 12:00:00.0,Intermediário
5.03701,5.06514,2003-04-04 12:30:00.0,Intermediário
5.03592,5.06403,2003-04-04 13:00:00.0,Intermediário
5.03495,5.06306,2003-04-04 13:30:00.0,Intermediário
5.03366,5.06176,2003-04-04 14:00:00.0,Intermediário
5.03592,5.06403,2003-04-04 14:30:00.0,Intermediário
5.02003,5.05275,2003-04-04 15:00:00.0,Intermediário
5.00794,5.03904,2003-04-04 15:30:00.0,Intermediário
5.00987,5.04411,2003-04-04 16:00:00.0,Intermediário
5.00923,5.04346,2003-04-04 16:30:00.0,Fechamento Interbancário
5.06625,5.07581,2003-04-04 17:38:00.0,Fechamento
4.91204,4.95045,2003-04-07 09:51:00.0,Abertura
4.91628,4.94694,2003-04-07 10:00:00.0,Intermediário
4.89499,4.92555,2003-04-07 10:30:00.0,Intermediário
4.9076,4.93356,2003-04-07 11:00:00.0,Intermediário
4.91399,4.93998,2003-04-07 11:30:00.0,Intermediário
4.92096,4.94853,2003-04-07 12:00:00.0,Intermediário
4.90558,4.93151,2003-04-07 12:30:00.0,Intermediário
4.908,4.93395,2003-04-07 13:00:00.0,Intermediário
4.91117,4.93713,2003-04-07 13:30:00.0,Intermediário
4.90958,4.93554,2003-04-07 14:00:00.0,Intermediário
4.90736,4.93332,2003-04-07 14:30:00.0,Intermediário
4.89436,4.92491,2003-04-07 15:00:00.0,Intermediário
4.88546,4.91285,2003-04-07 15:30:00.0,Intermediário
4.87127,4.90328,2003-04-07 16:00:00.0,Intermediário
4.87898,4.90634,2003-04-07 16:30:00.0,Fechamento Interbancário
4.92921,4.93857,2003-04-07 17:50:00.0,Fechamento
4.85643,4.8946,2003-04-08 09:45:00.0,Abertura
4.87315,4.90517,2003-04-08 10:00:00.0,Intermediário
4.86786,4.89671,2003-04-08 10:30:00.0,Intermediário
4.89168,4.9191,2003-04-08 11:00:00.0,Intermediário
4.90793,4.93546,2003-04-08 11:30:00.0,Intermediário
4.89376,4.92742,2003-04-08 12:00:00.0,Intermediário
4.91827,4.94426,2003-04-08 12:30:00.0,Intermediário
4.90589,4.93183,2003-04-08 13:00:00.0,Intermediário
4.91268,4.93865,2003-04-08 13:30:00.0,Intermediário
4.91077,4.93674,2003-04-08 14:00:00.0,Intermediário
4.913,4.93896,2003-04-08 14:30:00.0,Intermediário
4.93684,4.96292,2003-04-08 15:00:00.0,Intermediário
4.94154,4.97074,2003-04-08 15:30:00.0,Intermediário
4.93088,4.96318,2003-04-08 16:00:00.0,Intermediário
4.93565,4.96796,2003-04-08 16:30:00.0,Fechamento Interbancário
4.91581,4.92515,2003-04-08 17:47:00.0,Fechamento
4.97964,5.01845,2003-04-09 09:51:00.0,Abertura
4.98451,5.01392,2003-04-09 10:00:00.0,Intermediário
4.93409,4.9664,2003-04-09 10:30:00.0,Intermediário
4.93946,4.97022,2003-04-09 11:00:00.0,Intermediário
4.91854,4.94455,2003-04-09 11:30:00.0,Intermediário
4.91791,4.94703,2003-04-09 12:00:00.0,Intermediário
4.9407,4.96835,2003-04-09 12:30:00.0,Intermediário
4.92358,4.94959,2003-04-09 13:00:00.0,Intermediário
4.93877,4.96486,2003-04-09 13:30:00.0,Intermediário
4.94603,4.97219,2003-04-09 14:00:00.0,Intermediário
4.94099,4.96708,2003-04-09 14:30:00.0,Intermediário
4.93792,4.96402,2003-04-09 15:00:00.0,Intermediário
4.95943,4.98565,2003-04-09 15:30:00.0,Intermediário
4.97411,5.00039,2003-04-09 16:00:00.0,Intermediário
4.97411,5.00039,2003-04-09 16:30:00.0,Fechamento Interbancário
4.97647,4.98588,2003-04-09 17:47:00.0,Fechamento
5.0136,5.0526,2003-04-10 09:44:00.0,Abertura
5.01007,5.04122,2003-04-10 10:00:00.0,Intermediário
5.00511,5.03309,2003-04-10 10:30:00.0,Intermediário
5.02264,5.05386,2003-04-10 11:00:00.0,Intermediário
5.01567,5.04528,2003-04-10 11:30:00.0,Intermediário
5.01657,5.04619,2003-04-10 12:00:00.0,Intermediário
5.03137,5.06105,2003-04-10 12:30:00.0,Intermediário
5.03789,5.06446,2003-04-10 13:00:00.0,Intermediário
5.04163,5.06662,2003-04-10 13:30:00.0,Intermediário
5.04421,5.06922,2003-04-10 14:00:00.0,Intermediário
5.04453,5.06954,2003-04-10 14:30:00.0,Intermediário
5.05132,5.0795,2003-04-10 15:00:00.0,Intermediário
5.07954,5.111,2003-04-10 15:30:00.0,Intermediário
5.09095,5.12091,2003-04-10 16:00:00.0,Intermediário
5.09287,5.12286,2003-04-10 16:30:00.0,Fechamento Interbancário
5.05321,5.06277,2003-04-10 18:34:00.0,Fechamento
5.03328,5.07241,2003-04-11 09:42:00.0,Abertura
5.02849,5.06443,2003-04-11 10:00:00.0,Intermediário
5.03475,5.06132,2003-04-11 10:30:00.0,Intermediário
5.02034,5.04997,2003-04-11 11:00:00.0,Intermediário
5.03778,5.0659,2003-04-11 11:30:00.0,Intermediário
5.03187,5.06154,2003-04-11 12:00:00.0,Intermediário
5.04316,5.07131,2003-04-11 12:30:00.0,Intermediário
5.04883,5.07857,2003-04-11 13:00:00.0,Intermediário
5.04851,5.07825,2003-04-11 13:30:00.0,Intermediário
5.05141,5.08119,2003-04-11 14:00:00.0,Intermediário
5.05141,5.08119,2003-04-11 14:30:00.0,Intermediário
5.04003,5.06973,2003-04-11 15:02:00.0,Intermediário
5.02595,5.05716,2003-04-11 15:30:00.0,Intermediário
5.01776,5.04894,2003-04-11 16:00:00.0,Intermediário
5.02342,5.0499,2003-04-11 16:30:00.0,Fechamento Interbancário
5.04714,5.05669,2003-04-11 17:41:00.0,Fechamento
5.00125,5.04027,2003-04-14 09:56:00.0,Abertura
4.9987,5.02983,2003-04-14 10:00:00.0,Intermediário
5.01759,5.04722,2003-04-14 10:30:00.0,Intermediário
5.01008,5.03651,2003-04-14 11:00:00.0,Intermediário
5.00002,5.02956,2003-04-14 11:30:00.0,Intermediário
4.9991,5.02548,2003-04-14 12:00:00.0,Intermediário
4.9865,5.01441,2003-04-14 12:30:00.0,Intermediário
4.97796,5.00895,2003-04-14 13:00:00.0,Intermediário
4.97796,5.00895,2003-04-14 13:30:00.0,Intermediário
4.98272,5.01375,2003-04-14 14:00:00.0,Intermediário
4.98272,5.01375,2003-04-14 14:30:00.0,Intermediário
4.98743,5.01375,2003-04-14 15:00:00.0,Intermediário
4.96606,4.99546,2003-04-14 15:30:00.0,Intermediário
4.95821,4.98758,2003-04-14 16:00:00.0,Intermediário
4.96388,4.99011,2003-04-14 16:31:00.0,Fechamento Interbancário
5.00438,5.01385,2003-04-14 17:41:00.0,Fechamento
4.93783,4.97653,2003-04-15 09:42:00.0,Abertura
4.94723,4.9828,2003-04-15 10:00:00.0,Intermediário
4.92496,4.95416,2003-04-15 10:30:00.0,Intermediário
4.90427,4.93021,2003-04-15 11:00:00.0,Intermediário
4.90489,4.93554,2003-04-15 11:30:00.0,Intermediário
4.90615,4.93209,2003-04-15 12:00:00.0,Intermediário
4.87045,4.90253,2003-04-15 12:30:00.0,Intermediário
4.87731,4.90627,2003-04-15 13:00:00.0,Intermediário
4.87856,4.90594,2003-04-15 13:30:00.0,Intermediário
4.87389,4.90127,2003-04-15 14:00:00.0,Intermediário
4.87856,4.90594,2003-04-15 14:30:00.0,Intermediário
4.85253,4.87821,2003-04-15 15:01:00.0,Intermediário
4.83153,4.85869,2003-04-15 15:35:00.0,Intermediário
4.82557,4.85742,2003-04-15 16:00:00.0,Intermediário
4.82713,4.85427,2003-04-15 16:48:00.0,Fechamento Interbancário
4.88964,4.89894,2003-04-15 17:47:00.0,Fechamento
4.80558,4.84369,2003-04-16 09:56:00.0,Abertura
4.79367,4.82542,2003-04-16 10:01:00.0,Intermediário
4.83094,4.86128,2003-04-16 10:31:00.0,Intermediário
4.84629,4.87669,2003-04-16 11:00:00.0,Intermediário
4.81872,4.849,2003-04-16 11:30:00.0,Intermediário
4.84533,4.87415,2003-04-16 12:00:00.0,Intermediário
4.83932,4.86967,2003-04-16 12:30:00.0,Intermediário
4.82343,4.85216,2003-04-16 13:00:00.0,Intermediário
4.82374,4.85246,2003-04-16 13:30:00.0,Intermediário
4.82374,4.85246,2003-04-16 14:00:00.0,Intermediário
4.82497,4.85369,2003-04-16 14:30:00.0,Intermediário
4.80864,4.83887,2003-04-16 15:00:00.0,Intermediário
4.8399,4.87028,2003-04-16 15:37:00.0,Intermediário
4.8746,4.90514,2003-04-16 17:04:00.0,Intermediário
4.87491,4.90545,2003-04-16 17:05:00.0,Fechamento Interbancário
4.85697,4.86617,2003-04-16 17:48:00.0,Fechamento
4.80209,4.84022,2003-04-17 09:44:00.0,Abertura
4.81226,4.83936,2003-04-17 10:00:00.0,Intermediário
4.79014,4.81871,2003-04-17 10:30:00.0,Intermediário
4.77783,4.80793,2003-04-17 11:00:00.0,Intermediário
4.74154,4.77308,2003-04-17 11:30:00.0,Intermediário
4.74365,4.77202,2003-04-17 12:00:00.0,Intermediário
4.73809,4.76325,2003-04-17 12:30:00.0,Intermediário
4.76827,4.79515,2003-04-17 13:00:00.0,Intermediário
4.7616,4.78689,2003-04-17 13:30:00.0,Intermediário
4.75527,4.78052,2003-04-17 14:00:00.0,Intermediário
4.75345,4.77867,2003-04-17 14:30:00.0,Intermediário
4.75243,4.77767,2003-04-17 15:00:00.0,Intermediário
4.7406,4.76734,2003-04-17 15:30:00.0,Intermediário
4.74778,4.7777,2003-04-17 16:00:00.0,Intermediário
4.74597,4.77588,2003-04-17 16:30:00.0,Fechamento Interbancário
4.75475,4.76382,2003-04-17 17:41:00.0,Fechamento
4.82446,4.86268,2003-04-22 09:56:00.0,Abertura
4.82508,4.8633,2003-04-22 10:00:00.0,Intermediário
4.84824,4.87868,2003-04-22 10:30:00.0,Intermediário
4.82522,4.85239,2003-04-22 11:00:00.0,Intermediário
4.82369,4.85402,2003-04-22 11:30:00.0,Intermediário
4.82385,4.851,2003-04-22 12:00:00.0,Intermediário
4.81913,4.84626,2003-04-22 12:30:00.0,Intermediário
4.8075,4.83299,2003-04-22 13:00:00.0,Intermediário
4.80139,4.82685,2003-04-22 13:30:00.0,Intermediário
4.80689,4.83238,2003-04-22 14:00:00.0,Intermediário
4.81053,4.83605,2003-04-22 14:30:00.0,Intermediário
4.79867,4.8257,2003-04-22 15:00:00.0,Intermediário
4.79867,4.82412,2003-04-22 15:30:00.0,Intermediário
4.78111,4.80803,2003-04-22 16:00:00.0,Intermediário
4.77989,4.80682,2003-04-22 16:30:00.0,Fechamento Interbancário
4.83085,4.84001,2003-04-22 17:49:00.0,Fechamento
4.80544,4.84358,2003-04-23 09:51:00.0,Abertura
4.80574,4.83596,2003-04-23 10:00:00.0,Intermediário
4.76568,4.79413,2003-04-23 10:30:00.0,Intermediário
4.75779,4.78462,2003-04-23 11:00:00.0,Intermediário
4.76702,4.79552,2003-04-23 11:30:00.0,Intermediário
4.76884,4.79571,2003-04-23 12:00:00.0,Intermediário
4.7502,4.77858,2003-04-23 12:30:00.0,Intermediário
4.74479,4.77317,2003-04-23 13:00:00.0,Intermediário
4.74246,4.76764,2003-04-23 13:30:00.0,Intermediário
4.74667,4.77188,2003-04-23 14:00:00.0,Intermediário
4.74965,4.77489,2003-04-23 14:30:00.0,Intermediário
4.75649,4.78652,2003-04-23 15:00:00.0,Intermediário
4.77547,4.80398,2003-04-23 15:30:00.0,Intermediário
4.74819,4.77657,2003-04-23 16:00:00.0,Intermediário
4.75239,4.78081,2003-04-23 16:30:00.0,Fechamento Interbancário
4.78249,4.79153,2003-04-23 17:41:00.0,Fechamento
4.76475,4.80279,2003-04-24 09:43:00.0,Abertura
4.75812,4.78817,2003-04-24 10:24:00.0,Intermediário
4.73746,4.76582,2003-04-24 10:30:00.0,Intermediário
4.75027,4.7755,2003-04-24 11:00:00.0,Intermediário
4.74193,4.77031,2003-04-24 11:30:00.0,Intermediário
4.76805,4.79337,2003-04-24 12:00:00.0,Intermediário
4.78429,4.81446,2003-04-24 12:30:00.0,Intermediário
4.78083,4.8078,2003-04-24 13:00:00.0,Intermediário
4.76957,4.79967,2003-04-24 13:30:00.0,Intermediário
4.77077,4.80087,2003-04-24 14:00:00.0,Intermediário
4.77136,4.80147,2003-04-24 14:30:00.0,Intermediário
4.79961,4.82826,2003-04-24 15:00:00.0,Intermediário
4.80948,4.83979,2003-04-24 15:30:00.0,Intermediário
4.78275,4.81294,2003-04-24 16:00:00.0,Intermediário
4.78245,4.81104,2003-04-24 16:30:00.0,Fechamento Interbancário
4.78144,4.79053,2003-04-24 17:46:00.0,Fechamento
4.80564,4.84388,2003-04-25 09:52:00.0,Abertura
4.80382,4.83409,2003-04-25 10:00:00.0,Intermediário
4.7817,4.81187,2003-04-25 10:30:00.0,Intermediário
4.77936,4.80792,2003-04-25 11:00:00.0,Intermediário
4.77663,4.80197,2003-04-25 11:30:00.0,Intermediário
4.78101,4.80796,2003-04-25 12:00:00.0,Intermediário
4.7869,4.81546,2003-04-25 12:30:00.0,Intermediário
4.78312,4.80848,2003-04-25 13:00:00.0,Intermediário
4.7798,4.80516,2003-04-25 13:30:00.0,Intermediário
4.77408,4.79943,2003-04-25 14:00:00.0,Intermediário
4.77679,4.80215,2003-04-25 14:30:00.0,Intermediário
4.76457,4.79306,2003-04-25 15:00:00.0,Intermediário
4.76389,4.78919,2003-04-25 15:30:00.0,Intermediário
4.76646,4.79177,2003-04-25 16:00:00.0,Intermediário
4.76834,4.79367,2003-04-25 16:30:00.0,Fechamento Interbancário
4.7916,4.8007,2003-04-25 17:42:00.0,Fechamento
4.76747,4.80557,2003-04-28 09:51:00.0,Abertura
4.76687,4.79537,2003-04-28 10:00:00.0,Intermediário
4.76895,4.79427,2003-04-28 10:30:00.0,Intermediário
4.77618,4.80314,2003-04-28 11:00:00.0,Intermediário
4.77496,4.80188,2003-04-28 11:30:00.0,Intermediário
4.76393,4.78922,2003-04-28 12:00:00.0,Intermediário
4.75073,4.78074,2003-04-28 12:30:00.0,Intermediário
4.74609,4.77447,2003-04-28 13:00:00.0,Intermediário
4.74519,4.77357,2003-04-28 13:30:00.0,Intermediário
4.74429,4.77268,2003-04-28 14:00:00.0,Intermediário
4.7431,4.77148,2003-04-28 14:30:00.0,Intermediário
4.72615,4.75604,2003-04-28 15:00:00.0,Intermediário
4.69551,4.72526,2003-04-28 15:30:00.0,Intermediário
4.68868,4.71522,2003-04-28 16:00:00.0,Intermediário
4.68819,4.71633,2003-04-28 16:30:00.0,Fechamento Interbancário
4.74777,4.75675,2003-04-28 17:55:00.0,Fechamento
4.65348,4.69101,2003-04-29 09:54:00.0,Abertura
4.65319,4.68273,2003-04-29 10:00:00.0,Intermediário
4.64592,4.67065,2003-04-29 10:30:00.0,Intermediário
4.65497,4.68135,2003-04-29 11:00:00.0,Intermediário
4.65326,4.67804,2003-04-29 11:30:00.0,Intermediário
4.64145,4.67095,2003-04-29 12:00:00.0,Intermediário
4.61503,4.64441,2003-04-29 12:30:00.0,Intermediário
4.60582,4.63196,2003-04-29 13:00:00.0,Intermediário
4.60989,4.63606,2003-04-29 13:30:00.0,Intermediário
4.60756,4.63371,2003-04-29 14:00:00.0,Intermediário
4.60814,4.63429,2003-04-29 14:30:00.0,Intermediário
4.65495,4.68612,2003-04-29 15:02:00.0,Intermediário
4.63013,4.6596,2003-04-29 15:30:00.0,Intermediário
4.62549,4.65175,2003-04-29 16:00:00.0,Intermediário
4.63143,4.65931,2003-04-29 16:30:00.0,Fechamento Interbancário
4.66075,4.66963,2003-04-29 17:44:00.0,Fechamento
4.57851,4.61578,2003-04-30 09:48:00.0,Abertura
4.59321,4.6193,2003-04-30 10:00:00.0,Intermediário
4.59497,4.62426,2003-04-30 10:41:00.0,Intermediário
4.59482,4.6225,2003-04-30 11:00:00.0,Intermediário
4.61505,4.63966,2003-04-30 11:30:00.0,Intermediário
4.59854,4.62629,2003-04-30 12:00:00.0,Intermediário
4.60475,4.63091,2003-04-30 12:30:00.0,Intermediário
4.60156,4.6277,2003-04-30 13:00:00.0,Intermediário
4.60357,4.62972,2003-04-30 13:30:00.0,Intermediário
4.60357,4.62972,2003-04-30 14:00:00.0,Intermediário
4.6079,4.63408,2003-04-30 14:30:00.0,Intermediário
4.61225,4.63684,2003-04-30 15:01:00.0,Intermediário
4.64669,4.67303,2003-04-30 15:30:00.0,Intermediário
4.63971,4.66925,2003-04-30 16:00:00.0,Intermediário
4.64174,4.66808,2003-04-30 16:30:00.0,Fechamento Interbancário
4.61431,4.6231,2003-04-30 17:52:00.0,Fechamento
4.67693,4.71469,2003-05-02 09:50:00.0,Abertura
4.65946,4.68266,2003-05-02 10:00:00.0,Intermediário
4.64313,4.67914,2003-05-02 10:30:00.0,Intermediário
4.66962,4.69611,2003-05-02 11:00:00.0,Intermediário
4.65363,4.6784,2003-05-02 11:30:00.0,Intermediário
4.64782,4.6758,2003-05-02 12:00:00.0,Intermediário
4.63827,4.66619,2003-05-02 12:30:00.0,Intermediário
4.64103,4.66736,2003-05-02 13:00:00.0,Intermediário
4.6439,4.67026,2003-05-02 13:30:00.0,Intermediário
4.6439,4.67026,2003-05-02 14:00:00.0,Intermediário
4.64419,4.67055,2003-05-02 14:30:00.0,Intermediário
4.69509,4.7233,2003-05-02 15:00:00.0,Intermediário
4.73211,4.76047,2003-05-02 15:30:00.0,Intermediário
4.74107,4.76627,2003-05-02 16:00:00.0,Intermediário
4.74913,4.77757,2003-05-02 16:30:00.0,Fechamento Interbancário
4.67524,4.6841,2003-05-02 17:45:00.0,Fechamento
4.73856,4.7766,2003-05-05 09:51:00.0,Abertura
4.72907,4.75742,2003-05-05 10:00:00.0,Intermediário
4.72322,4.75315,2003-05-05 10:30:00.0,Intermediário
4.72764,4.75758,2003-05-05 11:00:00.0,Intermediário
4.7594,4.78787,2003-05-05 11:30:00.0,Intermediário
4.79234,4.81936,2003-05-05 12:00:00.0,Intermediário
4.79294,4.82318,2003-05-05 12:30:00.0,Intermediário
4.78724,4.81423,2003-05-05 13:00:00.0,Intermediário
4.78664,4.81363,2003-05-05 13:30:00.0,Intermediário
4.78634,4.81333,2003-05-05 14:00:00.0,Intermediário
4.78514,4.81214,2003-05-05 14:30:00.0,Intermediário
4.83861,4.86907,2003-05-05 15:00:00.0,Intermediário
4.86135,4.88869,2003-05-05 15:30:00.0,Intermediário
4.86629,4.89367,2003-05-05 16:00:00.0,Intermediário
4.86599,4.89659,2003-05-05 16:30:00.0,Fechamento Interbancário
4.79272,4.80176,2003-05-05 17:40:00.0,Fechamento
4.92118,4.96013,2003-05-06 09:41:00.0,Abertura
4.94854,4.98276,2003-05-06 10:00:00.0,Intermediário
4.89721,4.92798,2003-05-06 10:30:00.0,Intermediário
4.86656,4.89718,2003-05-06 11:00:00.0,Intermediário
4.86877,4.89617,2003-05-06 11:30:00.0,Intermediário
4.88315,4.91224,2003-05-06 12:00:00.0,Intermediário
4.85999,4.89059,2003-05-06 12:30:00.0,Intermediário
4.8286,4.85421,2003-05-06 13:00:00.0,Intermediário
4.82519,4.85079,2003-05-06 13:30:00.0,Intermediário
4.82252,4.84809,2003-05-06 14:00:00.0,Intermediário
4.82789,4.85349,2003-05-06 14:30:00.0,Intermediário
4.87248,4.89828,2003-05-06 15:00:00.0,Intermediário
4.87419,4.90648,2003-05-06 15:32:00.0,Intermediário
4.87057,4.89958,2003-05-06 16:00:00.0,Intermediário
4.87238,4.89818,2003-05-06 16:30:00.0,Fechamento Interbancário
4.88478,4.894,2003-05-06 17:39:00.0,Fechamento
4.76415,4.80227,2003-05-07 09:52:00.0,Abertura
4.77064,4.80398,2003-05-07 10:00:00.0,Intermediário
4.72594,4.75586,2003-05-07 10:31:00.0,Intermediário
4.74129,4.76968,2003-05-07 11:00:00.0,Intermediário
4.7378,4.76778,2003-05-07 11:30:00.0,Intermediário
4.71424,4.74566,2003-05-07 12:00:00.0,Intermediário
4.72939,4.75933,2003-05-07 12:30:00.0,Intermediário
4.70439,4.73419,2003-05-07 13:00:00.0,Intermediário
4.71324,4.74308,2003-05-07 13:30:00.0,Intermediário
4.71205,4.74189,2003-05-07 14:00:00.0,Intermediário
4.71738,4.74726,2003-05-07 14:30:00.0,Intermediário
4.71541,4.7437,2003-05-07 15:00:00.0,Intermediário
4.68144,4.70955,2003-05-07 15:30:00.0,Intermediário
4.69088,4.72063,2003-05-07 16:00:00.0,Intermediário
4.69318,4.72295,2003-05-07 16:30:00.0,Fechamento Interbancário
4.73059,4.73957,2003-05-07 17:41:00.0,Fechamento
4.67068,4.7084,2003-05-08 09:38:00.0,Abertura
4.67417,4.70386,2003-05-08 10:00:00.0,Intermediário
4.6532,4.6828,2003-05-08 10:30:00.0,Intermediário
4.66935,4.69904,2003-05-08 11:00:00.0,Intermediário
4.67719,4.70688,2003-05-08 11:30:00.0,Intermediário
4.64552,4.67508,2003-05-08 12:00:00.0,Intermediário
4.66731,4.69539,2003-05-08 12:30:00.0,Intermediário
4.63997,4.66792,2003-05-08 13:00:00.0,Intermediário
4.64345,4.6714,2003-05-08 13:30:00.0,Intermediário
4.63304,4.66092,2003-05-08 14:00:00.0,Intermediário
4.62579,4.65366,2003-05-08 14:30:00.0,Intermediário
4.64827,4.67785,2003-05-08 15:00:00.0,Intermediário
4.65555,4.68354,2003-05-08 15:30:00.0,Intermediário
4.64436,4.67391,2003-05-08 16:00:00.0,Intermediário
4.65003,4.67639,2003-05-08 16:30:00.0,Fechamento Interbancário
4.67112,4.67999,2003-05-08 17:41:00.0,Fechamento
4.60087,4.63827,2003-05-09 09:40:00.0,Abertura
4.57391,4.59994,2003-05-09 10:00:00.0,Intermediário
4.60999,4.6394,2003-05-09 10:30:00.0,Intermediário
4.61114,4.64055,2003-05-09 11:00:00.0,Intermediário
4.61204,4.63985,2003-05-09 11:30:00.0,Intermediário
4.60163,4.62939,2003-05-09 12:00:00.0,Intermediário
4.60563,4.6302,2003-05-09 12:30:00.0,Intermediário
4.60297,4.63073,2003-05-09 13:00:00.0,Intermediário
4.59722,4.62497,2003-05-09 13:30:00.0,Intermediário
4.60125,4.629,2003-05-09 14:00:00.0,Intermediário
4.60182,4.62958,2003-05-09 14:30:00.0,Intermediário
4.60576,4.63032,2003-05-09 15:00:00.0,Intermediário
4.62555,4.65664,2003-05-09 15:30:00.0,Intermediário
4.6033,4.63107,2003-05-09 16:00:00.0,Intermediário
4.59616,4.62228,2003-05-09 16:30:00.0,Fechamento Interbancário
4.6223,4.63107,2003-05-09 17:51:00.0,Fechamento
4.61662,4.65417,2003-05-12 09:54:00.0,Abertura
4.62392,4.65503,2003-05-12 10:00:00.0,Intermediário
4.64937,4.67899,2003-05-12 10:30:00.0,Intermediário
4.63444,4.66236,2003-05-12 11:00:00.0,Intermediário
4.604,4.63339,2003-05-12 11:30:00.0,Intermediário
4.61129,4.64071,2003-05-12 12:00:00.0,Intermediário
4.60807,4.63748,2003-05-12 12:30:00.0,Intermediário
4.60624,4.63403,2003-05-12 13:00:00.0,Intermediário
4.60452,4.63231,2003-05-12 13:30:00.0,Intermediário
4.60423,4.63202,2003-05-12 14:00:00.0,Intermediário
4.6071,4.63489,2003-05-12 14:30:00.0,Intermediário
4.61341,4.63801,2003-05-12 15:00:00.0,Intermediário
4.61525,4.64307,2003-05-12 15:30:00.0,Intermediário
4.59396,4.62492,2003-05-12 16:00:00.0,Intermediário
4.59689,4.62463,2003-05-12 16:30:00.0,Fechamento Interbancário
4.63029,4.63911,2003-05-12 17:51:00.0,Fechamento
4.56909,4.6064,2003-05-13 09:49:00.0,Abertura
4.57448,4.60374,2003-05-13 10:00:00.0,Intermediário
4.56607,4.59208,2003-05-13 10:30:00.0,Intermediário
4.57758,4.60526,2003-05-13 11:00:00.0,Intermediário
4.6001,4.62463,2003-05-13 11:30:00.0,Intermediário
4.59655,4.62431,2003-05-13 12:00:00.0,Intermediário
4.61576,4.64198,2003-05-13 12:30:00.0,Intermediário
4.61806,4.64429,2003-05-13 13:00:00.0,Intermediário
4.61547,4.64492,2003-05-13 13:30:00.0,Intermediário
4.61205,4.64147,2003-05-13 14:00:00.0,Intermediário
4.61604,4.6455,2003-05-13 14:30:00.0,Intermediário
4.6251,4.65137,2003-05-13 15:00:00.0,Intermediário
4.65513,4.68153,2003-05-13 15:30:00.0,Intermediário
4.63531,4.66485,2003-05-13 16:00:00.0,Intermediário
4.63807,4.66601,2003-05-13 16:30:00.0,Fechamento Interbancário
4.61096,4.61975,2003-05-13 17:48:00.0,Fechamento
4.65342,4.69114,2003-05-14 09:52:00.0,Abertura
4.66603,4.6941,2003-05-14 10:00:00.0,Intermediário
4.67352,4.69838,2003-05-14 10:30:00.0,Intermediário
4.64881,4.67681,2003-05-14 11:00:00.0,Intermediário
4.67729,4.70705,2003-05-14 11:30:00.0,Intermediário
4.66464,4.69109,2003-05-14 12:00:00.0,Intermediário
4.65924,4.68405,2003-05-14 12:30:00.0,Intermediário
4.66442,4.69086,2003-05-14 13:00:00.0,Intermediário
4.66789,4.69436,2003-05-14 13:30:00.0,Intermediário
4.67046,4.69696,2003-05-14 14:00:00.0,Intermediário
4.66818,4.69465,2003-05-14 14:30:00.0,Intermediário
4.67386,4.70363,2003-05-14 15:00:00.0,Intermediário
4.66637,4.69285,2003-05-14 15:30:00.0,Intermediário
4.66389,4.68874,2003-05-14 16:01:00.0,Intermediário
4.66334,4.68816,2003-05-14 16:31:00.0,Fechamento Interbancário
4.67358,4.68244,2003-05-14 17:39:00.0,Fechamento
4.7446,4.78279,2003-05-15 09:58:00.0,Abertura
4.74137,4.76981,2003-05-15 10:00:00.0,Intermediário
4.72121,4.75116,2003-05-15 10:30:00.0,Intermediário
4.72518,4.75191,2003-05-15 11:00:00.0,Intermediário
4.71243,4.73749,2003-05-15 11:30:00.0,Intermediário
4.75631,4.78647,2003-05-15 12:00:00.0,Intermediário
4.73498,4.76179,2003-05-15 12:30:00.0,Intermediário
4.74495,4.77178,2003-05-15 13:00:00.0,Intermediário
4.74466,4.77149,2003-05-15 13:30:00.0,Intermediário
4.7362,4.76299,2003-05-15 14:00:00.0,Intermediário
4.73851,4.76534,2003-05-15 14:30:00.0,Intermediário
4.76636,4.79167,2003-05-15 15:00:00.0,Intermediário
4.77034,4.80051,2003-05-15 15:33:00.0,Intermediário
4.79121,4.81987,2003-05-15 16:00:00.0,Intermediário
4.79636,4.82504,2003-05-15 16:30:00.0,Fechamento Interbancário
4.75006,4.75903,2003-05-15 17:40:00.0,Fechamento
4.79729,4.8358,2003-05-16 09:57:00.0,Abertura
4.79552,4.82584,2003-05-16 10:00:00.0,Intermediário
4.80275,4.82984,2003-05-16 10:30:00.0,Intermediário
4.85327,4.88062,2003-05-16 11:00:00.0,Intermediário
4.8358,4.87445,2003-05-16 11:30:00.0,Intermediário
4.83073,4.86122,2003-05-16 12:00:00.0,Intermediário
4.81673,4.8439,2003-05-16 12:30:00.0,Intermediário
4.79344,4.82051,2003-05-16 13:00:00.0,Intermediário
4.79138,4.81844,2003-05-16 13:30:00.0,Intermediário
4.79019,4.81725,2003-05-16 14:00:00.0,Intermediário
4.79078,4.81784,2003-05-16 14:30:00.0,Intermediário
4.79979,4.83013,2003-05-16 15:00:00.0,Intermediário
4.77915,4.80777,2003-05-16 15:30:00.0,Intermediário
4.7653,4.79549,2003-05-16 16:00:00.0,Intermediário
4.76207,4.79225,2003-05-16 16:30:00.0,Fechamento Interbancário
4.8145,4.82359,2003-05-16 17:42:00.0,Fechamento
4.83689,4.87563,2003-05-19 09:56:00.0,Abertura
4.8498,4.87712,2003-05-19 10:00:00.0,Intermediário
4.86375,4.89442,2003-05-19 10:30:00.0,Intermediário
4.83585,4.8713,2003-05-19 11:00:00.0,Intermediário
4.85351,4.88413,2003-05-19 11:30:00.0,Intermediário
4.84119,4.87013,2003-05-19 12:00:00.0,Intermediário
4.86627,4.89531,2003-05-19 12:30:00.0,Intermediário
4.86285,4.89352,2003-05-19 13:00:00.0,Intermediário
4.86703,4.89773,2003-05-19 13:30:00.0,Intermediário
4.86494,4.89561,2003-05-19 14:00:00.0,Intermediário
4.86107,4.89173,2003-05-19 14:30:00.0,Intermediário
4.87735,4.9081,2003-05-19 15:00:00.0,Intermediário
4.88352,4.91099,2003-05-19 15:30:00.0,Intermediário
4.87868,4.90777,2003-05-19 16:00:00.0,Intermediário
4.87984,4.91061,2003-05-19 16:30:00.0,Fechamento Interbancário
4.86593,4.87511,2003-05-19 17:48:00.0,Fechamento
4.87319,4.91211,2003-05-20 09:57:00.0,Abertura
4.8864,4.91555,2003-05-20 10:22:00.0,Intermediário
4.90751,4.93511,2003-05-20 10:51:00.0,Intermediário
4.92335,4.9543,2003-05-20 11:21:00.0,Intermediário
4.92534,4.95629,2003-05-20 12:12:00.0,Intermediário
4.90859,4.93617,2003-05-20 12:13:00.0,Intermediário
4.92348,4.95446,2003-05-20 12:43:00.0,Intermediário
4.92105,4.95199,2003-05-20 13:08:00.0,Intermediário
4.92673,4.95774,2003-05-20 14:00:00.0,Intermediário
4.92375,4.95473,2003-05-20 14:07:00.0,Intermediário
4.92255,4.9535,2003-05-20 14:30:00.0,Intermediário
4.92178,4.95273,2003-05-20 15:00:00.0,Intermediário
4.92312,4.95408,2003-05-20 15:30:00.0,Intermediário
4.96866,4.99818,2003-05-20 16:00:00.0,Intermediário
4.97776,5.00896,2003-05-20 16:30:00.0,Fechamento Interbancário
4.94356,4.95283,2003-05-20 17:40:00.0,Fechamento
4.92773,4.96693,2003-05-21 09:54:00.0,Abertura
4.9407,4.97667,2003-05-21 10:00:00.0,Intermediário
4.93837,4.96941,2003-05-21 10:30:00.0,Intermediário
4.96708,4.99496,2003-05-21 11:00:00.0,Intermediário
4.94902,4.97516,2003-05-21 11:30:00.0,Intermediário
4.94584,4.97363,2003-05-21 12:00:00.0,Intermediário
4.92506,4.95109,2003-05-21 12:30:00.0,Intermediário
4.90797,4.9471,2003-05-21 13:00:00.0,Intermediário
4.90317,4.93897,2003-05-21 13:30:00.0,Intermediário
4.90287,4.93867,2003-05-21 14:00:00.0,Intermediário
4.90048,4.93627,2003-05-21 14:30:00.0,Intermediário
4.90198,4.9312,2003-05-21 15:00:00.0,Intermediário
4.88113,4.91191,2003-05-21 15:30:00.0,Intermediário
4.89759,4.92677,2003-05-21 16:00:00.0,Intermediário
4.89759,4.92349,2003-05-21 16:30:00.0,Fechamento Interbancário
4.92597,4.93523,2003-05-21 17:51:00.0,Fechamento
4.86465,4.90355,2003-05-22 09:57:00.0,Abertura
4.86524,4.89591,2003-05-22 10:00:00.0,Intermediário
4.87159,4.89903,2003-05-22 10:30:00.0,Intermediário
4.87561,4.90306,2003-05-22 11:00:00.0,Intermediário
4.86566,4.89635,2003-05-22 11:30:00.0,Intermediário
4.86252,4.89155,2003-05-22 12:00:00.0,Intermediário
4.87439,4.90185,2003-05-22 12:30:00.0,Intermediário
4.86952,4.89694,2003-05-22 13:00:00.0,Intermediário
4.88292,4.91042,2003-05-22 13:30:00.0,Intermediário
4.87221,4.89963,2003-05-22 14:00:00.0,Intermediário
4.874,4.90143,2003-05-22 14:30:00.0,Intermediário
4.84847,4.87413,2003-05-22 15:00:00.0,Intermediário
4.84342,4.87237,2003-05-22 15:30:00.0,Intermediário
4.85559,4.8895,2003-05-22 16:00:00.0,Intermediário
4.86048,4.8895,2003-05-22 16:30:00.0,Fechamento Interbancário
4.8769,4.88609,2003-05-22 17:37:00.0,Fechamento
4.83802,4.87682,2003-05-23 09:52:00.0,Abertura
4.84576,4.87638,2003-05-23 10:00:00.0,Intermediário
4.83466,4.86193,2003-05-23 10:30:00.0,Intermediário
4.83896,4.86787,2003-05-23 11:00:00.0,Intermediário
4.83267,4.85993,2003-05-23 11:30:00.0,Intermediário
4.79261,4.82296,2003-05-23 12:00:00.0,Intermediário
4.78951,4.81493,2003-05-23 12:30:00.0,Intermediário
4.78029,4.80567,2003-05-23 13:00:00.0,Intermediário
4.77954,4.80983,2003-05-23 13:30:00.0,Intermediário
4.77778,4.80807,2003-05-23 14:00:00.0,Intermediário
4.77837,4.80866,2003-05-23 14:30:00.0,Intermediário
4.77942,4.80807,2003-05-23 15:00:00.0,Intermediário
4.75674,4.78367,2003-05-23 15:30:00.0,Intermediário
4.75914,4.78608,2003-05-23 16:00:00.0,Intermediário
4.75876,4.78896,2003-05-23 16:30:00.0,Fechamento Interbancário
4.81436,4.82344,2003-05-23 17:42:00.0,Fechamento
4.75965,4.79809,2003-05-26 09:57:00.0,Abertura
4.74243,4.78078,2003-05-26 10:00:00.0,Intermediário
4.7409,4.76609,2003-05-26 10:30:00.0,Intermediário
4.75391,4.78244,2003-05-26 11:00:00.0,Intermediário
4.74454,4.7714,2003-05-26 11:30:00.0,Intermediário
4.74454,4.7714,2003-05-26 12:00:00.0,Intermediário
4.75013,4.77537,2003-05-26 12:30:00.0,Intermediário
4.74744,4.77431,2003-05-26 13:00:00.0,Intermediário
4.74802,4.77489,2003-05-26 13:30:00.0,Intermediário
4.74773,4.7746,2003-05-26 14:00:00.0,Intermediário
4.74454,4.7714,2003-05-26 14:30:00.0,Intermediário
4.85393,4.88459,2003-05-26 15:00:00.0,Intermediário
4.92747,4.95848,2003-05-26 15:30:00.0,Intermediário
4.93565,4.9749,2003-05-26 16:00:00.0,Intermediário
4.93537,4.97459,2003-05-26 16:30:00.0,Fechamento Interbancário
4.83783,4.84695,2003-05-26 17:43:00.0,Fechamento
5.01267,5.05232,2003-05-27 09:55:00.0,Abertura
5.00386,5.04346,2003-05-27 10:00:00.0,Intermediário
4.99049,5.02178,2003-05-27 10:30:00.0,Intermediário
4.96557,4.99674,2003-05-27 11:00:00.0,Intermediário
4.92285,4.95712,2003-05-27 11:30:00.0,Intermediário
4.94561,4.97667,2003-05-27 12:00:00.0,Intermediário
4.93859,4.96633,2003-05-27 12:30:00.0,Intermediário
4.95896,4.99009,2003-05-27 13:00:00.0,Intermediário
4.96108,4.99221,2003-05-27 13:30:00.0,Intermediário
4.96017,4.9913,2003-05-27 14:00:00.0,Intermediário
4.95926,4.99039,2003-05-27 14:30:00.0,Intermediário
4.96599,4.99879,2003-05-27 15:00:00.0,Intermediário
4.93251,4.96515,2003-05-27 15:30:00.0,Intermediário
4.95223,4.98169,2003-05-27 16:00:00.0,Intermediário
4.94981,4.97927,2003-05-27 16:30:00.0,Fechamento Interbancário
4.95352,4.96281,2003-05-27 17:45:00.0,Fechamento
4.89614,4.93516,2003-05-28 09:54:00.0,Abertura
4.9009,4.92848,2003-05-28 10:00:00.0,Intermediário
4.90579,4.93503,2003-05-28 10:30:00.0,Intermediário
4.91876,4.94477,2003-05-28 11:00:00.0,Intermediário
4.91537,4.94628,2003-05-28 11:30:00.0,Intermediário
4.91943,4.94546,2003-05-28 12:00:00.0,Intermediário
4.92154,4.94921,2003-05-28 12:30:00.0,Intermediário
4.92263,4.95029,2003-05-28 13:00:00.0,Intermediário
4.92564,4.95331,2003-05-28 13:30:00.0,Intermediário
4.92444,4.95211,2003-05-28 14:00:00.0,Intermediário
4.92806,4.95576,2003-05-28 14:30:00.0,Intermediário
4.91761,4.94688,2003-05-28 15:00:00.0,Intermediário
4.91869,4.94632,2003-05-28 15:30:00.0,Intermediário
4.91142,4.94233,2003-05-28 16:00:00.0,Intermediário
4.91904,4.94835,2003-05-28 16:30:00.0,Fechamento Interbancário
4.94008,4.94935,2003-05-28 17:39:00.0,Fechamento
4.88633,4.92539,2003-05-29 09:56:00.0,Abertura
4.88812,4.91566,2003-05-29 10:00:00.0,Intermediário
4.8568,4.88748,2003-05-29 10:30:00.0,Intermediário
4.86291,4.89361,2003-05-29 11:00:00.0,Intermediário
4.8363,4.86525,2003-05-29 11:30:00.0,Intermediário
4.83013,4.8607,2003-05-29 12:00:00.0,Intermediário
4.84065,4.86962,2003-05-29 12:30:00.0,Intermediário
4.82014,4.85894,2003-05-29 13:00:00.0,Intermediário
4.83301,4.8719,2003-05-29 13:30:00.0,Intermediário
4.83564,4.87455,2003-05-29 14:00:00.0,Intermediário
4.83359,4.87249,2003-05-29 14:30:00.0,Intermediário
4.82216,4.84938,2003-05-29 15:00:00.0,Intermediário
4.82923,4.85649,2003-05-29 15:30:00.0,Intermediário
4.846,4.87334,2003-05-29 16:00:00.0,Intermediário
4.83157,4.85884,2003-05-29 16:30:00.0,Fechamento Interbancário
4.8762,4.88537,2003-05-29 18:02:00.0,Fechamento
4.82726,4.86605,2003-05-30 09:49:00.0,Abertura
4.83832,4.87716,2003-05-30 10:00:00.0,Intermediário
4.83223,4.86774,2003-05-30 10:30:00.0,Intermediário
4.874,4.90475,2003-05-30 11:00:00.0,Intermediário
4.84843,4.87906,2003-05-30 11:32:00.0,Intermediário
4.85051,4.87787,2003-05-30 12:00:00.0,Intermediário
4.86716,4.89294,2003-05-30 12:30:00.0,Intermediário
4.87117,4.89697,2003-05-30 13:00:00.0,Intermediário
4.87371,4.90115,2003-05-30 13:30:00.0,Intermediário
4.86567,4.8931,2003-05-30 14:00:00.0,Intermediário
4.86745,4.89489,2003-05-30 14:30:00.0,Intermediário
4.87831,4.90579,2003-05-30 15:18:00.0,Intermediário
4.87786,4.90534,2003-05-30 15:21:00.0,Intermediário
4.84678,4.87904,2003-05-30 15:30:00.0,Intermediário
4.84576,4.88459,2003-05-30 16:00:00.0,Intermediário
4.84312,4.87371,2003-05-30 16:30:00.0,Fechamento Interbancário
4.84739,4.85653,2003-05-30 18:04:00.0,Fechamento
4.81485,4.85346,2003-06-02 09:56:00.0,Abertura
4.81825,4.85197,2003-06-02 10:00:00.0,Intermediário
4.84384,4.87113,2003-06-02 10:30:00.0,Intermediário
4.82696,4.85746,2003-06-02 11:00:00.0,Intermediário
4.83825,4.86552,2003-06-02 11:30:00.0,Intermediário
4.84934,4.87668,2003-06-02 12:00:00.0,Intermediário
4.83304,4.86358,2003-06-02 12:30:00.0,Intermediário
4.84654,4.87384,2003-06-02 13:00:00.0,Intermediário
4.8501,4.87579,2003-06-02 13:30:00.0,Intermediário
4.84594,4.8716,2003-06-02 14:00:00.0,Intermediário
4.85039,4.87609,2003-06-02 14:30:00.0,Intermediário
4.8621,4.8928,2003-06-02 15:00:00.0,Intermediário
4.87013,4.89758,2003-06-02 15:30:00.0,Intermediário
4.87147,4.89892,2003-06-02 16:00:00.0,Intermediário
4.87117,4.89698,2003-06-02 16:30:00.0,Fechamento Interbancário
4.87659,4.88577,2003-06-02 17:53:00.0,Fechamento
4.83185,4.87058,2003-06-03 09:54:00.0,Abertura
4.83334,4.86388,2003-06-03 10:00:00.0,Intermediário
4.84964,4.87534,2003-06-03 10:30:00.0,Intermediário
4.83956,4.86685,2003-06-03 11:00:00.0,Intermediário
4.83645,4.86207,2003-06-03 11:32:00.0,Intermediário
4.82668,4.85553,2003-06-03 12:00:00.0,Intermediário
4.81454,4.84662,2003-06-03 12:30:00.0,Intermediário
4.80778,4.8349,2003-06-03 13:00:00.0,Intermediário
4.80482,4.83194,2003-06-03 14:18:00.0,Intermediário
4.8063,4.83342,2003-06-03 14:19:00.0,Intermediário
4.806,4.83313,2003-06-03 14:30:00.0,Intermediário
4.77554,4.8009,2003-06-03 15:00:00.0,Intermediário
4.77821,4.80848,2003-06-03 15:37:00.0,Intermediário
4.78486,4.81517,2003-06-03 16:00:00.0,Intermediário
4.78249,4.80789,2003-06-03 16:30:00.0,Fechamento Interbancário
4.82376,4.83283,2003-06-03 17:48:00.0,Fechamento
4.70561,4.74373,2003-06-04 09:44:00.0,Abertura
4.74335,4.77674,2003-06-04 10:00:00.0,Intermediário
4.7431,4.77814,2003-06-04 10:30:00.0,Intermediário
4.73556,4.76562,2003-06-04 11:00:00.0,Intermediário
4.73265,4.75944,2003-06-04 11:30:00.0,Intermediário
4.74202,4.76722,2003-06-04 12:00:00.0,Intermediário
4.76341,4.792,2003-06-04 12:30:00.0,Intermediário
4.76382,4.79077,2003-06-04 13:00:00.0,Intermediário
4.75947,4.78802,2003-06-04 13:30:00.0,Intermediário
4.76119,4.78977,2003-06-04 14:00:00.0,Intermediário
4.76266,4.79124,2003-06-04 14:30:00.0,Intermediário
4.72488,4.75492,2003-06-04 15:00:00.0,Intermediário
4.73285,4.76129,2003-06-04 15:30:00.0,Intermediário
4.74682,4.77533,2003-06-04 16:00:00.0,Intermediário
4.75037,4.77726,2003-06-04 16:30:00.0,Fechamento Interbancário
4.74101,4.74997,2003-06-04 17:43:00.0,Fechamento
4.80263,4.84139,2003-06-05 09:58:00.0,Abertura
4.79467,4.83339,2003-06-05 10:00:00.0,Intermediário
4.80772,4.8349,2003-06-05 10:30:00.0,Intermediário
4.79894,4.8244,2003-06-05 11:00:00.0,Intermediário
4.78912,4.81619,2003-06-05 11:30:00.0,Intermediário
4.7738,4.80081,2003-06-05 12:00:00.0,Intermediário
4.7975,4.82463,2003-06-05 12:30:00.0,Intermediário
4.78636,4.81676,2003-06-05 13:00:00.0,Intermediário
4.78492,4.81531,2003-06-05 13:30:00.0,Intermediário
4.79185,4.82226,2003-06-05 14:00:00.0,Intermediário
4.78752,4.81792,2003-06-05 14:30:00.0,Intermediário
4.75725,4.78251,2003-06-05 15:00:00.0,Intermediário
4.76309,4.7917,2003-06-05 15:30:00.0,Intermediário
4.73868,4.76719,2003-06-05 16:00:00.0,Intermediário
4.7361,4.76461,2003-06-05 16:30:00.0,Fechamento Interbancário
4.80138,4.8104,2003-06-05 17:43:00.0,Fechamento
4.67479,4.71303,2003-06-06 09:33:00.0,Abertura
4.64574,4.67383,2003-06-06 10:05:00.0,Intermediário
4.67754,4.70578,2003-06-06 10:30:00.0,Intermediário
4.69387,4.72052,2003-06-06 11:00:00.0,Intermediário
4.72975,4.75823,2003-06-06 11:30:00.0,Intermediário
4.74225,4.77747,2003-06-06 12:00:00.0,Intermediário
4.76727,4.80594,2003-06-06 12:30:00.0,Intermediário
4.76893,4.79759,2003-06-06 13:00:00.0,Intermediário
4.76986,4.80018,2003-06-06 13:30:00.0,Intermediário
4.76928,4.79961,2003-06-06 14:00:00.0,Intermediário
4.77069,4.80105,2003-06-06 14:30:00.0,Intermediário
4.78757,4.82634,2003-06-06 15:00:00.0,Intermediário
4.76612,4.79641,2003-06-06 15:30:00.0,Intermediário
4.76395,4.79759,2003-06-06 16:00:00.0,Intermediário
4.76079,4.79106,2003-06-06 16:30:00.0,Fechamento Interbancário
4.7318,4.7407,2003-06-06 17:42:00.0,Fechamento
4.71712,4.7555,2003-06-09 09:40:00.0,Abertura
4.70885,4.74717,2003-06-09 10:00:00.0,Intermediário
4.7342,4.76103,2003-06-09 10:30:00.0,Intermediário
4.7299,4.75834,2003-06-09 11:00:00.0,Intermediário
4.73097,4.76438,2003-06-09 11:30:00.0,Intermediário
4.71066,4.74067,2003-06-09 12:00:00.0,Intermediário
4.68808,4.71303,2003-06-09 12:30:00.0,Intermediário
4.71121,4.73626,2003-06-09 13:00:00.0,Intermediário
4.70691,4.73195,2003-06-09 13:30:00.0,Intermediário
4.7072,4.73224,2003-06-09 14:00:00.0,Intermediário
4.70863,4.73368,2003-06-09 14:30:00.0,Intermediário
4.71622,4.74293,2003-06-09 15:00:00.0,Intermediário
4.69515,4.72507,2003-06-09 15:30:00.0,Intermediário
4.69943,4.72443,2003-06-09 16:00:00.0,Intermediário
4.69743,4.72242,2003-06-09 16:30:00.0,Fechamento Interbancário
4.71567,4.72456,2003-06-09 17:47:00.0,Fechamento
4.73,4.76841,2003-06-10 09:48:00.0,Abertura
4.73451,4.763,2003-06-10 10:00:00.0,Intermediário
4.71256,4.74093,2003-06-10 10:30:00.0,Intermediário
4.71164,4.74002,2003-06-10 11:00:00.0,Intermediário
4.71442,4.74447,2003-06-10 11:30:00.0,Intermediário
4.70556,4.73391,2003-06-10 12:00:00.0,Intermediário
4.71293,4.73963,2003-06-10 12:30:00.0,Intermediário
4.72216,4.74893,2003-06-10 13:00:00.0,Intermediário
4.72238,4.74749,2003-06-10 13:30:00.0,Intermediário
4.72209,4.74721,2003-06-10 14:00:00.0,Intermediário
4.72209,4.74721,2003-06-10 14:30:00.0,Intermediário
4.70669,4.73502,2003-06-10 15:00:00.0,Intermediário
4.72503,4.75014,2003-06-10 15:30:00.0,Intermediário
4.72181,4.75517,2003-06-10 16:00:00.0,Intermediário
4.72704,4.75549,2003-06-10 16:30:00.0,Fechamento Interbancário
4.72295,4.73188,2003-06-10 17:38:00.0,Fechamento
4.76379,4.80249,2003-06-11 09:56:00.0,Abertura
4.7615,4.7935,2003-06-11 10:00:00.0,Intermediário
4.76865,4.79398,2003-06-11 10:30:00.0,Intermediário
4.78855,4.81732,2003-06-11 11:00:00.0,Intermediário
4.79262,4.81807,2003-06-11 11:30:00.0,Intermediário
4.78282,4.81323,2003-06-11 12:00:00.0,Intermediário
4.79262,4.81807,2003-06-11 12:30:00.0,Intermediário
4.78282,4.80821,2003-06-11 13:00:00.0,Intermediário
4.7795,4.80821,2003-06-11 13:30:00.0,Intermediário
4.7772,4.80591,2003-06-11 14:00:00.0,Intermediário
4.77691,4.80562,2003-06-11 14:30:00.0,Intermediário
4.77141,4.80009,2003-06-11 15:00:00.0,Intermediário
4.77393,4.80262,2003-06-11 15:30:00.0,Intermediário
4.74312,4.77335,2003-06-11 16:00:00.0,Intermediário
4.74146,4.76833,2003-06-11 16:30:00.0,Fechamento Interbancário
4.78039,4.78935,2003-06-11 17:39:00.0,Fechamento
4.73559,4.77415,2003-06-12 09:53:00.0,Abertura
4.7426,4.77115,2003-06-12 10:00:00.0,Intermediário
4.75448,4.78309,2003-06-12 10:30:00.0,Intermediário
4.76236,4.78934,2003-06-12 11:00:00.0,Intermediário
4.76069,4.78767,2003-06-12 11:30:00.0,Intermediário
4.76902,4.79436,2003-06-12 12:00:00.0,Intermediário
4.7507,4.7793,2003-06-12 12:32:00.0,Intermediário
4.76259,4.78791,2003-06-12 13:00:00.0,Intermediário
4.76145,4.78676,2003-06-12 13:30:00.0,Intermediário
4.76033,4.78562,2003-06-12 14:00:00.0,Intermediário
4.76316,4.78848,2003-06-12 14:30:00.0,Intermediário
4.78481,4.81357,2003-06-12 15:00:00.0,Intermediário
4.78102,4.80975,2003-06-12 15:46:00.0,Intermediário
4.76678,4.79211,2003-06-12 16:00:00.0,Intermediário
4.76512,4.79211,2003-06-12 16:30:00.0,Fechamento Interbancário
4.77354,4.78252,2003-06-12 18:22:00.0,Fechamento
4.73552,4.77404,2003-06-13 09:38:00.0,Abertura
4.7455,4.77905,2003-06-13 10:00:00.0,Intermediário
4.75334,4.78027,2003-06-13 10:30:00.0,Intermediário
4.75443,4.78134,2003-06-13 11:00:00.0,Intermediário
4.75793,4.78322,2003-06-13 11:30:00.0,Intermediário
4.7542,4.78113,2003-06-13 12:00:00.0,Intermediário
4.75087,4.77779,2003-06-13 12:30:00.0,Intermediário
4.74813,4.77506,2003-06-13 13:00:00.0,Intermediário
4.74132,4.76818,2003-06-13 13:30:00.0,Intermediário
4.74417,4.77103,2003-06-13 14:00:00.0,Intermediário
4.7436,4.77046,2003-06-13 14:30:00.0,Intermediário
4.7523,4.78089,2003-06-13 15:00:00.0,Intermediário
4.75198,4.77721,2003-06-13 15:30:00.0,Intermediário
4.72174,4.76027,2003-06-13 16:00:00.0,Intermediário
4.73595,4.76115,2003-06-13 16:30:00.0,Fechamento Interbancário
4.77402,4.78302,2003-06-13 17:44:00.0,Fechamento
4.74467,4.78341,2003-06-16 09:56:00.0,Abertura
4.74216,4.78086,2003-06-16 10:00:00.0,Intermediário
4.76513,4.79383,2003-06-16 10:30:00.0,Intermediário
4.79498,4.82043,2003-06-16 11:00:00.0,Intermediário
4.78845,4.81387,2003-06-16 11:30:00.0,Intermediário
4.77649,4.80522,2003-06-16 12:00:00.0,Intermediário
4.77314,4.79848,2003-06-16 12:30:00.0,Intermediário
4.78213,4.80919,2003-06-16 13:00:00.0,Intermediário
4.77529,4.80234,2003-06-16 13:30:00.0,Intermediário
4.77928,4.80634,2003-06-16 14:00:00.0,Intermediário
4.77985,4.80691,2003-06-16 14:30:00.0,Intermediário
4.772,4.79903,2003-06-16 15:00:00.0,Intermediário
4.78721,4.81935,2003-06-16 18:48:00.0,Intermediário
4.8084,4.83391,2003-06-16 18:51:00.0,Intermediário
4.8084,4.83391,2003-06-16 18:52:00.0,Fechamento Interbancário
4.77848,4.78746,2003-06-16 19:16:00.0,Fechamento
4.80033,4.83929,2003-06-17 09:56:00.0,Abertura
4.8322,4.86289,2003-06-17 10:13:00.0,Intermediário
4.81594,4.84655,2003-06-17 10:45:00.0,Intermediário
4.80749,4.833,2003-06-17 11:11:00.0,Intermediário
4.81687,4.84752,2003-06-17 11:38:00.0,Intermediário
4.83313,4.86214,2003-06-17 12:09:00.0,Intermediário
4.83037,4.86107,2003-06-17 12:30:00.0,Intermediário
4.83964,4.86868,2003-06-17 13:00:00.0,Intermediário
4.84137,4.87041,2003-06-17 13:30:00.0,Intermediário
4.8382,4.86724,2003-06-17 14:00:00.0,Intermediário
4.84108,4.87012,2003-06-17 14:30:00.0,Intermediário
4.83382,4.86283,2003-06-17 15:00:00.0,Intermediário
4.83296,4.86704,2003-06-17 15:30:00.0,Intermediário
4.8066,4.83887,2003-06-17 16:00:00.0,Intermediário
4.80775,4.83833,2003-06-17 16:30:00.0,Fechamento Interbancário
4.83874,4.84779,2003-06-17 17:48:00.0,Fechamento
4.84798,4.88714,2003-06-18 09:51:00.0,Abertura
4.84231,4.86967,2003-06-18 10:00:00.0,Intermediário
4.83393,4.86462,2003-06-18 10:30:00.0,Intermediário
4.82657,4.85384,2003-06-18 11:00:00.0,Intermediário
4.82786,4.85683,2003-06-18 11:30:00.0,Intermediário
4.8204,4.84933,2003-06-18 12:00:00.0,Intermediário
4.83105,4.85837,2003-06-18 12:30:00.0,Intermediário
4.86248,4.89161,2003-06-18 13:00:00.0,Intermediário
4.86126,4.88871,2003-06-18 13:30:00.0,Intermediário
4.86126,4.88871,2003-06-18 14:00:00.0,Intermediário
4.86155,4.889,2003-06-18 14:30:00.0,Intermediário
4.85294,4.88203,2003-06-18 15:00:00.0,Intermediário
4.85017,4.87756,2003-06-18 15:30:00.0,Intermediário
4.83532,4.86433,2003-06-18 16:00:00.0,Intermediário
4.8348,4.86212,2003-06-18 16:30:00.0,Fechamento Interbancário
4.84888,4.85796,2003-06-18 17:51:00.0,Fechamento
4.81607,4.85501,2003-06-20 09:56:00.0,Abertura
4.82266,4.85327,2003-06-20 10:00:00.0,Intermediário
4.83932,4.86665,2003-06-20 10:30:00.0,Intermediário
4.83926,4.86825,2003-06-20 11:00:00.0,Intermediário
4.79595,4.82643,2003-06-20 11:30:00.0,Intermediário
4.78907,4.82115,2003-06-20 12:00:00.0,Intermediário
4.77903,4.8094,2003-06-20 12:30:00.0,Intermediário
4.77861,4.80899,2003-06-20 13:00:00.0,Intermediário
4.77372,4.80409,2003-06-20 13:30:00.0,Intermediário
4.7608,4.79109,2003-06-20 14:00:00.0,Intermediário
4.76828,4.79859,2003-06-20 14:30:00.0,Intermediário
4.79264,4.82139,2003-06-20 15:00:00.0,Intermediário
4.7806,4.80931,2003-06-20 15:30:00.0,Intermediário
4.77808,4.80844,2003-06-20 16:00:00.0,Intermediário
4.78645,4.81685,2003-06-20 16:30:00.0,Fechamento Interbancário
4.8058,4.81483,2003-06-20 17:42:00.0,Fechamento
4.78298,4.82168,2003-06-23 09:56:00.0,Abertura
4.80093,4.82972,2003-06-23 10:00:00.0,Intermediário
4.80159,4.83207,2003-06-23 10:30:00.0,Intermediário
4.81088,4.83642,2003-06-23 11:00:00.0,Intermediário
4.81335,4.83888,2003-06-23 11:30:00.0,Intermediário
4.80902,4.83618,2003-06-23 12:00:00.0,Intermediário
4.80179,4.83394,2003-06-23 12:30:00.0,Intermediário
4.79726,4.82441,2003-06-23 13:00:00.0,Intermediário
4.80037,4.8292,2003-06-23 13:30:00.0,Intermediário
4.80037,4.8292,2003-06-23 14:00:00.0,Intermediário
4.79893,4.82776,2003-06-23 14:30:00.0,Intermediário
4.77878,4.80583,2003-06-23 15:00:00.0,Intermediário
4.7654,4.7924,2003-06-23 15:30:00.0,Intermediário
4.76207,4.7924,2003-06-23 16:00:00.0,Intermediário
4.76036,4.78734,2003-06-23 16:30:00.0,Fechamento Interbancário
4.80042,4.80941,2003-06-23 17:39:00.0,Fechamento
4.74136,4.77991,2003-06-24 09:56:00.0,Abertura
4.74882,4.77905,2003-06-24 10:00:00.0,Intermediário
4.762,4.78897,2003-06-24 10:30:00.0,Intermediário
4.75326,4.78352,2003-06-24 11:00:00.0,Intermediário
4.76034,4.7873,2003-06-24 11:30:00.0,Intermediário
4.75919,4.78615,2003-06-24 12:00:00.0,Intermediário
4.7458,4.77271,2003-06-24 12:30:00.0,Intermediário
4.72628,4.75306,2003-06-24 13:00:00.0,Intermediário
4.72736,4.75582,2003-06-24 13:30:00.0,Intermediário
4.72508,4.75353,2003-06-24 14:00:00.0,Intermediário
4.72851,4.75696,2003-06-24 14:30:00.0,Intermediário
4.72628,4.75306,2003-06-24 15:00:00.0,Intermediário
4.73628,4.76643,2003-06-24 15:30:00.0,Intermediário
4.75805,4.785,2003-06-24 16:00:00.0,Intermediário
4.75977,4.78673,2003-06-24 16:46:00.0,Fechamento Interbancário
4.758,4.76694,2003-06-24 17:45:00.0,Fechamento
4.76828,4.80704,2003-06-25 09:57:00.0,Abertura
4.76828,4.80033,2003-06-25 10:00:00.0,Intermediário
4.7543,4.78124,2003-06-25 10:30:00.0,Intermediário
4.75397,4.78089,2003-06-25 11:00:00.0,Intermediário
4.76029,4.78726,2003-06-25 11:30:00.0,Intermediário
4.76832,4.79365,2003-06-25 12:00:00.0,Intermediário
4.76885,4.79587,2003-06-25 12:30:00.0,Intermediário
4.78865,4.81577,2003-06-25 13:00:00.0,Intermediário
4.79008,4.8172,2003-06-25 13:30:00.0,Intermediário
4.78411,4.81119,2003-06-25 14:00:00.0,Intermediário
4.78951,4.81663,2003-06-25 14:30:00.0,Intermediário
4.79764,4.82648,2003-06-25 15:00:00.0,Intermediário
4.77129,4.79833,2003-06-25 15:30:00.0,Intermediário
4.76589,4.79286,2003-06-25 16:00:00.0,Intermediário
4.77098,4.79632,2003-06-25 16:30:00.0,Fechamento Interbancário
4.77504,4.78403,2003-06-25 17:38:00.0,Fechamento
4.8002,4.83903,2003-06-26 09:41:00.0,Abertura
4.78093,4.80967,2003-06-26 10:02:00.0,Intermediário
4.77551,4.80421,2003-06-26 10:30:00.0,Intermediário
4.79135,4.81845,2003-06-26 11:00:00.0,Intermediário
4.79264,4.81806,2003-06-26 11:30:00.0,Intermediário
4.79731,4.82779,2003-06-26 12:00:00.0,Intermediário
4.79474,4.82185,2003-06-26 12:30:00.0,Intermediário
4.80403,4.82953,2003-06-26 13:00:00.0,Intermediário
4.80548,4.83097,2003-06-26 13:30:00.0,Intermediário
4.80663,4.83213,2003-06-26 14:06:00.0,Intermediário
4.80432,4.82982,2003-06-26 14:30:00.0,Intermediário
4.80569,4.83286,2003-06-26 15:00:00.0,Intermediário
4.80619,4.83167,2003-06-26 15:30:00.0,Intermediário
4.80599,4.83482,2003-06-26 16:00:00.0,Intermediário
4.8028,4.82827,2003-06-26 16:30:00.0,Fechamento Interbancário
4.80349,4.81252,2003-06-26 17:38:00.0,Fechamento
4.77377,4.81237,2003-06-27 09:54:00.0,Abertura
4.77435,4.80301,2003-06-27 10:00:00.0,Intermediário
4.76418,4.79115,2003-06-27 10:30:00.0,Intermediário
4.7425,4.76769,2003-06-27 11:00:00.0,Intermediário
4.74472,4.77158,2003-06-27 11:30:00.0,Intermediário
4.72002,4.74842,2003-06-27 12:00:00.0,Intermediário
4.73032,4.75712,2003-06-27 12:30:00.0,Intermediário
4.73719,4.76237,2003-06-27 13:00:00.0,Intermediário
4.72743,4.75255,2003-06-27 13:30:00.0,Intermediário
4.72772,4.75284,2003-06-27 14:00:00.0,Intermediário
4.7283,4.75341,2003-06-27 14:30:00.0,Intermediário
4.72209,4.75215,2003-06-27 15:00:00.0,Intermediário
4.7306,4.75574,2003-06-27 15:30:00.0,Intermediário
4.72337,4.75011,2003-06-27 16:00:00.0,Intermediário
4.72875,4.75388,2003-06-27 16:30:00.0,Fechamento Interbancário
4.74915,4.7581,2003-06-27 17:57:00.0,Fechamento
4.72851,4.76689,2003-06-30 09:57:00.0,Abertura
4.74574,4.77263,2003-06-30 10:00:00.0,Intermediário
4.75856,4.78713,2003-06-30 10:30:00.0,Intermediário
4.74394,4.7741,2003-06-30 11:00:00.0,Intermediário
4.73478,4.7616,2003-06-30 11:30:00.0,Intermediário
4.73062,4.75909,2003-06-30 12:12:00.0,Intermediário
4.71926,4.74768,2003-06-30 12:39:00.0,Intermediário
4.71919,4.74596,2003-06-30 13:00:00.0,Intermediário
4.72034,4.74711,2003-06-30 13:30:00.0,Intermediário
4.71862,4.74539,2003-06-30 14:00:00.0,Intermediário
4.72491,4.75169,2003-06-30 14:30:00.0,Intermediário
4.7129,4.73961,2003-06-30 15:00:00.0,Intermediário
4.69854,4.72685,2003-06-30 15:30:00.0,Intermediário
4.68693,4.71519,2003-06-30 16:00:00.0,Intermediário
4.69524,4.72022,2003-06-30 16:30:00.0,Fechamento Interbancário
4.75031,4.75928,2003-06-30 18:18:00.0,Fechamento
4.69272,4.73101,2003-07-01 09:56:00.0,Abertura
4.68632,4.71458,2003-07-01 10:00:00.0,Intermediário
4.70974,4.73647,2003-07-01 10:30:00.0,Intermediário
4.72571,4.75415,2003-07-01 11:00:00.0,Intermediário
4.71792,4.74636,2003-07-01 11:30:00.0,Intermediário
4.70923,4.73595,2003-07-01 12:00:00.0,Intermediário
4.72037,4.74713,2003-07-01 12:30:00.0,Intermediário
4.71896,4.74742,2003-07-01 13:00:00.0,Intermediário
4.71643,4.74485,2003-07-01 13:30:00.0,Intermediário
4.717,4.74542,2003-07-01 14:00:00.0,Intermediário
4.71672,4.74514,2003-07-01 14:30:00.0,Intermediário
4.7046,4.73131,2003-07-01 15:00:00.0,Intermediário
4.70013,4.72681,2003-07-01 15:30:00.0,Intermediário
4.70403,4.73075,2003-07-01 16:00:00.0,Intermediário
4.70292,4.72961,2003-07-01 16:30:00.0,Fechamento Interbancário
4.72524,4.73414,2003-07-01 17:44:00.0,Fechamento
4.69553,4.73387,2003-07-02 09:57:00.0,Abertura
4.6897,4.73135,2003-07-02 10:00:00.0,Intermediário
4.67219,4.69705,2003-07-02 10:30:00.0,Intermediário
4.67804,4.70295,2003-07-02 11:00:00.0,Intermediário
4.69284,4.71948,2003-07-02 11:30:00.0,Intermediário
4.69475,4.71973,2003-07-02 12:00:00.0,Intermediário
4.68402,4.71395,2003-07-02 12:30:00.0,Intermediário
4.68478,4.71473,2003-07-02 13:00:00.0,Intermediário
4.68309,4.71303,2003-07-02 13:30:00.0,Intermediário
4.67804,4.70795,2003-07-02 14:00:00.0,Intermediário
4.68027,4.71021,2003-07-02 14:30:00.0,Intermediário
4.67169,4.69656,2003-07-02 15:00:00.0,Intermediário
4.6709,4.69745,2003-07-02 15:30:00.0,Intermediário
4.67172,4.69994,2003-07-02 16:00:00.0,Intermediário
4.67479,4.69969,2003-07-02 16:30:00.0,Fechamento Interbancário
4.69733,4.70617,2003-07-02 17:43:00.0,Fechamento
4.72596,4.76453,2003-07-03 09:56:00.0,Abertura
4.72618,4.7597,2003-07-03 10:00:00.0,Intermediário
4.71563,4.74239,2003-07-03 10:30:00.0,Intermediário
4.71772,4.74616,2003-07-03 11:00:00.0,Intermediário
4.72977,4.75657,2003-07-03 11:30:00.0,Intermediário
4.72202,4.75049,2003-07-03 12:00:00.0,Intermediário
4.71671,4.7468,2003-07-03 12:30:00.0,Intermediário
4.72231,4.74742,2003-07-03 13:00:00.0,Intermediário
4.72316,4.74827,2003-07-03 13:30:00.0,Intermediário
4.71806,4.74315,2003-07-03 14:00:00.0,Intermediário
4.71467,4.73975,2003-07-03 14:30:00.0,Intermediário
4.72296,4.74976,2003-07-03 15:00:00.0,Intermediário
4.71935,4.7478,2003-07-03 15:30:00.0,Intermediário
4.70188,4.72858,2003-07-03 16:00:00.0,Intermediário
4.70018,4.72688,2003-07-03 16:30:00.0,Fechamento Interbancário
4.72379,4.73266,2003-07-03 17:48:00.0,Fechamento
4.69355,4.73192,2003-07-04 09:54:00.0,Abertura
4.70046,4.73051,2003-07-04 10:00:00.0,Intermediário
4.71495,4.74338,2003-07-04 10:30:00.0,Intermediário
4.71577,4.74086,2003-07-04 11:00:00.0,Intermediário
4.7032,4.72822,2003-07-04 11:30:00.0,Intermediário
4.70652,4.73156,2003-07-04 12:00:00.0,Intermediário
4.69202,4.71866,2003-07-04 12:30:00.0,Intermediário
4.70602,4.73275,2003-07-04 13:00:00.0,Intermediário
4.69984,4.7265,2003-07-04 13:30:00.0,Intermediário
4.69955,4.72621,2003-07-04 14:00:00.0,Intermediário
4.69984,4.7265,2003-07-04 14:30:00.0,Intermediário
4.69984,4.7265,2003-07-04 15:00:00.0,Intermediário
4.70649,4.73485,2003-07-04 15:30:00.0,Intermediário
4.71675,4.74519,2003-07-04 16:01:00.0,Intermediário
4.71618,4.74459,2003-07-04 16:30:00.0,Fechamento Interbancário
4.71376,4.72262,2003-07-04 17:45:00.0,Fechamento
4.67805,4.71618,2003-07-07 12:39:00.0,Abertura
4.68321,4.71476,2003-07-07 12:42:00.0,Intermediário
4.71178,4.74014,2003-07-07 12:44:00.0,Intermediário
4.71951,4.74791,2003-07-07 12:49:00.0,Intermediário
4.7193,4.74438,2003-07-07 12:59:00.0,Intermediário
4.71027,4.73696,2003-07-07 13:04:00.0,Intermediário
4.71214,4.74215,2003-07-07 13:06:00.0,Intermediário
4.72718,4.75561,2003-07-07 13:09:00.0,Intermediário
4.72407,4.74921,2003-07-07 13:30:00.0,Intermediário
4.72838,4.75353,2003-07-07 14:04:00.0,Intermediário
4.73212,4.75726,2003-07-07 14:41:00.0,Intermediário
4.72632,4.75309,2003-07-07 15:16:00.0,Intermediário
4.73283,4.76294,2003-07-07 15:30:00.0,Intermediário
4.74838,4.77691,2003-07-07 16:21:00.0,Intermediário
4.7481,4.77662,2003-07-07 16:30:00.0,Fechamento Interbancário
4.72758,4.7365,2003-07-07 17:48:00.0,Fechamento
4.71116,4.74937,2003-07-08 09:54:00.0,Abertura
4.71578,4.74579,2003-07-08 10:00:00.0,Intermediário
4.71174,4.73847,2003-07-08 10:30:00.0,Intermediário
4.70143,4.72644,2003-07-08 11:00:00.0,Intermediário
4.69578,4.72077,2003-07-08 11:30:00.0,Intermediário
4.69449,4.7211,2003-07-08 12:05:00.0,Intermediário
4.7105,4.73556,2003-07-08 12:30:00.0,Intermediário
4.70887,4.73393,2003-07-08 13:07:00.0,Intermediário
4.70637,4.73306,2003-07-08 13:30:00.0,Intermediário
4.70551,4.73219,2003-07-08 14:00:00.0,Intermediário
4.70551,4.73219,2003-07-08 14:30:00.0,Intermediário
4.70177,4.73171,2003-07-08 15:00:00.0,Intermediário
4.70503,4.73171,2003-07-08 15:30:00.0,Intermediário
4.67693,4.70183,2003-07-08 16:00:00.0,Intermediário
4.67751,4.70241,2003-07-08 16:30:00.0,Fechamento Interbancário
4.71091,4.71982,2003-07-08 17:45:00.0,Fechamento
4.66319,4.70109,2003-07-09 09:53:00.0,Abertura
4.65419,4.68714,2003-07-09 10:00:00.0,Intermediário
4.66692,4.69994,2003-07-09 10:30:00.0,Intermediário
4.66492,4.69302,2003-07-09 11:03:00.0,Intermediário
4.65765,4.6841,2003-07-09 11:30:00.0,Intermediário
4.65507,4.68476,2003-07-09 12:00:00.0,Intermediário
4.65353,4.67995,2003-07-09 12:30:00.0,Intermediário
4.64491,4.67292,2003-07-09 13:00:00.0,Intermediário
4.64548,4.67349,2003-07-09 13:30:00.0,Intermediário
4.64834,4.67635,2003-07-09 14:00:00.0,Intermediário
4.6492,4.67724,2003-07-09 14:30:00.0,Intermediário
4.65963,4.68935,2003-07-09 15:00:00.0,Intermediário
4.65388,4.68849,2003-07-09 15:30:00.0,Intermediário
4.6636,4.69008,2003-07-09 16:00:00.0,Intermediário
4.66646,4.69294,2003-07-09 16:30:00.0,Fechamento Interbancário
4.69208,4.70095,2003-07-09 17:40:00.0,Fechamento
4.65641,4.69424,2003-07-10 09:57:00.0,Abertura
4.66538,4.69348,2003-07-10 10:00:00.0,Intermediário
4.68177,4.70669,2003-07-10 10:30:00.0,Intermediário
4.67986,4.70803,2003-07-10 11:00:00.0,Intermediário
4.68859,4.71516,2003-07-10 11:30:00.0,Intermediário
4.70362,4.73029,2003-07-10 12:00:00.0,Intermediário
4.70565,4.73232,2003-07-10 12:30:00.0,Intermediário
4.71252,4.73922,2003-07-10 13:00:00.0,Intermediário
4.71281,4.73951,2003-07-10 13:30:00.0,Intermediário
4.71252,4.73922,2003-07-10 14:00:00.0,Intermediário
4.71166,4.73835,2003-07-10 14:30:00.0,Intermediário
4.70992,4.73498,2003-07-10 15:00:00.0,Intermediário
4.7183,4.74665,2003-07-10 15:30:00.0,Intermediário
4.71657,4.74492,2003-07-10 16:00:00.0,Intermediário
4.71791,4.74463,2003-07-10 16:30:00.0,Fechamento Interbancário
4.72565,4.73459,2003-07-10 17:39:00.0,Fechamento
4.74921,4.78754,2003-07-11 09:41:00.0,Abertura
4.73934,4.7678,2003-07-11 10:11:00.0,Intermediário
4.73675,4.76358,2003-07-11 10:30:00.0,Intermediário
4.73861,4.7638,2003-07-11 11:07:00.0,Intermediário
4.72238,4.74914,2003-07-11 11:38:00.0,Intermediário
4.72446,4.74956,2003-07-11 12:00:00.0,Intermediário
4.72957,4.75635,2003-07-11 12:30:00.0,Intermediário
4.73265,4.7578,2003-07-11 13:00:00.0,Intermediário
4.73466,4.75983,2003-07-11 13:30:00.0,Intermediário
4.73178,4.75693,2003-07-11 14:00:00.0,Intermediário
4.73149,4.75664,2003-07-11 14:30:00.0,Intermediário
4.71223,4.73729,2003-07-11 15:00:00.0,Intermediário
4.71328,4.73835,2003-07-11 15:30:00.0,Intermediário
4.70243,4.73071,2003-07-11 16:00:00.0,Intermediário
4.70272,4.72773,2003-07-11 16:30:00.0,Fechamento Interbancário
4.72833,4.7373,2003-07-11 17:50:00.0,Fechamento
4.69235,4.73036,2003-07-14 09:56:00.0,Abertura
4.69061,4.72533,2003-07-14 10:06:00.0,Intermediário
4.68448,4.71266,2003-07-14 10:30:00.0,Intermediário
4.66711,4.69524,2003-07-14 11:00:00.0,Intermediário
4.66522,4.69333,2003-07-14 11:30:00.0,Intermediário
4.65089,4.67729,2003-07-14 12:00:00.0,Intermediário
4.65996,4.68802,2003-07-14 12:30:00.0,Intermediário
4.65717,4.68361,2003-07-14 13:00:00.0,Intermediário
4.6566,4.68304,2003-07-14 13:30:00.0,Intermediário
4.65318,4.67958,2003-07-14 14:00:00.0,Intermediário
4.6526,4.67901,2003-07-14 14:30:00.0,Intermediário
4.6461,4.67084,2003-07-14 15:00:00.0,Intermediário
4.61715,4.64176,2003-07-14 15:30:00.0,Intermediário
4.60966,4.63747,2003-07-14 16:00:00.0,Intermediário
4.60709,4.63328,2003-07-14 16:30:00.0,Fechamento Interbancário
4.63769,4.64651,2003-07-14 17:53:00.0,Fechamento
4.58582,4.6232,2003-07-15 09:57:00.0,Abertura
4.59678,4.62453,2003-07-15 10:08:00.0,Intermediário
4.59532,4.62144,2003-07-15 10:36:00.0,Intermediário
4.5907,4.61683,2003-07-15 11:00:00.0,Intermediário
4.57911,4.60676,2003-07-15 11:30:00.0,Intermediário
4.56851,4.59611,2003-07-15 12:03:00.0,Intermediário
4.57285,4.59565,2003-07-15 12:30:00.0,Intermediário
4.52136,4.54714,2003-07-15 13:00:00.0,Intermediário
4.51487,4.54059,2003-07-15 13:30:00.0,Intermediário
4.50807,4.53378,2003-07-15 14:00:00.0,Intermediário
4.50836,4.53407,2003-07-15 14:30:00.0,Intermediário
4.51649,4.5486,2003-07-15 15:00:00.0,Intermediário
4.51344,4.54233,2003-07-15 15:30:00.0,Intermediário
4.52989,4.5557,2003-07-15 16:00:00.0,Intermediário
4.52944,4.55684,2003-07-15 16:30:00.0,Fechamento Interbancário
4.54253,4.55122,2003-07-15 17:43:00.0,Fechamento
4.56889,4.60602,2003-07-16 09:44:00.0,Abertura
4.56229,4.58822,2003-07-16 10:00:00.0,Intermediário
4.56399,4.58995,2003-07-16 10:30:00.0,Intermediário
4.55502,4.57931,2003-07-16 11:00:00.0,Intermediário
4.54584,4.57173,2003-07-16 11:30:00.0,Intermediário
4.55866,4.58459,2003-07-16 12:00:00.0,Intermediário
4.55649,4.58562,2003-07-16 12:30:00.0,Intermediário
4.55662,4.58094,2003-07-16 13:00:00.0,Intermediário
4.55433,4.57865,2003-07-16 13:30:00.0,Intermediário
4.54434,4.5686,2003-07-16 14:00:00.0,Intermediário
4.54778,4.57206,2003-07-16 14:30:00.0,Intermediário
4.54539,4.57128,2003-07-16 15:00:00.0,Intermediário
4.53257,4.55837,2003-07-16 15:30:00.0,Intermediário
4.53234,4.55655,2003-07-16 16:00:00.0,Intermediário
4.53205,4.55627,2003-07-16 16:30:00.0,Fechamento Interbancário
4.57443,4.58316,2003-07-16 17:44:00.0,Fechamento
4.49808,4.53486,2003-07-17 10:03:00.0,Abertura
4.50181,4.53225,2003-07-17 10:12:00.0,Intermediário
4.49162,4.5204,2003-07-17 10:30:00.0,Intermediário
4.49783,4.52346,2003-07-17 11:00:00.0,Intermediário
4.53802,4.56545,2003-07-17 11:30:00.0,Intermediário
4.53773,4.56356,2003-07-17 12:00:00.0,Intermediário
4.53005,4.55743,2003-07-17 12:30:00.0,Intermediário
4.53659,4.56401,2003-07-17 13:00:00.0,Intermediário
4.54002,4.56745,2003-07-17 13:30:00.0,Intermediário
4.548,4.5755,2003-07-17 14:00:00.0,Intermediário
4.546,4.57349,2003-07-17 14:30:00.0,Intermediário
4.55481,4.58394,2003-07-17 15:00:00.0,Intermediário
4.55509,4.58263,2003-07-17 15:30:00.0,Intermediário
4.56085,4.58681,2003-07-17 16:00:00.0,Intermediário
4.56659,4.59255,2003-07-17 16:30:00.0,Fechamento Interbancário
4.55681,4.56551,2003-07-17 17:42:00.0,Fechamento
4.55532,4.59239,2003-07-18 10:03:00.0,Abertura
4.56096,4.59009,2003-07-18 10:12:00.0,Intermediário
4.56414,4.58851,2003-07-18 10:40:00.0,Intermediário
4.54532,4.5696,2003-07-18 11:49:00.0,Intermediário
4.54992,4.57581,2003-07-18 11:53:00.0,Intermediário
4.54086,4.5683,2003-07-18 12:00:00.0,Intermediário
4.53353,4.55776,2003-07-18 12:30:00.0,Intermediário
4.5384,4.56423,2003-07-18 13:00:00.0,Intermediário
4.54582,4.57169,2003-07-18 13:30:00.0,Intermediário
4.54238,4.56825,2003-07-18 14:00:00.0,Intermediário
4.54267,4.56854,2003-07-18 14:30:00.0,Intermediário
4.54771,4.5736,2003-07-18 15:00:00.0,Intermediário
4.55477,4.5807,2003-07-18 15:30:00.0,Intermediário
4.57999,4.60443,2003-07-18 16:00:00.0,Intermediário
4.57884,4.60327,2003-07-18 16:33:00.0,Fechamento Interbancário
4.57178,4.58053,2003-07-18 17:40:00.0,Fechamento
4.58735,4.62457,2003-07-21 09:52:00.0,Abertura
4.58851,4.61617,2003-07-21 10:00:00.0,Intermediário
4.58186,4.60632,2003-07-21 10:30:00.0,Intermediário
4.57678,4.60122,2003-07-21 11:03:00.0,Intermediário
4.58077,4.60842,2003-07-21 11:31:00.0,Intermediário
4.58265,4.6071,2003-07-21 12:01:00.0,Intermediário
4.5891,4.6136,2003-07-21 12:30:00.0,Intermediário
4.59773,4.62384,2003-07-21 13:00:00.0,Intermediário
4.59227,4.61837,2003-07-21 13:30:00.0,Intermediário
4.59284,4.61894,2003-07-21 14:00:00.0,Intermediário
4.59342,4.61952,2003-07-21 14:30:00.0,Intermediário
4.5985,4.62462,2003-07-21 15:00:00.0,Intermediário
4.60703,4.63318,2003-07-21 15:30:00.0,Intermediário
4.59326,4.61936,2003-07-21 16:00:00.0,Intermediário
4.59297,4.61907,2003-07-21 16:31:00.0,Fechamento Interbancário
4.61178,4.62055,2003-07-21 17:38:00.0,Fechamento
4.59339,4.63071,2003-07-22 09:41:00.0,Abertura
4.59818,4.6259,2003-07-22 11:48:00.0,Intermediário
4.59166,4.61775,2003-07-22 11:55:00.0,Intermediário
4.59342,4.61952,2003-07-22 11:58:00.0,Intermediário
4.6053,4.63306,2003-07-22 12:00:00.0,Intermediário
4.61083,4.6354,2003-07-22 12:00:00.0,Intermediário
4.59307,4.62077,2003-07-22 12:30:00.0,Intermediário
4.58795,4.61405,2003-07-22 13:00:00.0,Intermediário
4.59703,4.62154,2003-07-22 13:30:00.0,Intermediário
4.59156,4.61606,2003-07-22 14:00:00.0,Intermediário
4.59214,4.61664,2003-07-22 14:30:00.0,Intermediário
4.58105,4.6087,2003-07-22 15:01:00.0,Intermediário
4.59451,4.61901,2003-07-22 15:30:00.0,Intermediário
4.59533,4.62145,2003-07-22 16:14:00.0,Intermediário
4.59161,4.6177,2003-07-22 16:30:00.0,Fechamento Interbancário
4.59878,4.60755,2003-07-22 18:11:00.0,Fechamento
4.61143,4.64888,2003-07-23 10:00:00.0,Abertura
4.61053,4.64154,2003-07-23 10:09:00.0,Intermediário
4.60826,4.63606,2003-07-23 10:30:00.0,Intermediário
4.62001,4.64463,2003-07-23 11:00:00.0,Intermediário
4.62825,4.65614,2003-07-23 11:30:00.0,Intermediário
4.63422,4.6589,2003-07-23 12:00:00.0,Intermediário
4.64465,4.67102,2003-07-23 12:30:00.0,Intermediário
4.64886,4.67362,2003-07-23 13:00:00.0,Intermediário
4.6451,4.66986,2003-07-23 13:30:00.0,Intermediário
4.64423,4.66899,2003-07-23 14:00:00.0,Intermediário
4.64568,4.67044,2003-07-23 14:30:00.0,Intermediário
4.62613,4.6508,2003-07-23 15:00:00.0,Intermediário
4.64292,4.66767,2003-07-23 15:30:00.0,Intermediário
4.64442,4.66915,2003-07-23 16:01:00.0,Intermediário
4.64394,4.6687,2003-07-23 16:30:00.0,Fechamento Interbancário
4.63999,4.64878,2003-07-23 17:38:00.0,Fechamento
4.66479,4.70254,2003-07-24 09:55:00.0,Abertura
4.66626,4.69917,2003-07-24 10:00:00.0,Intermediário
4.64905,4.67544,2003-07-24 10:30:00.0,Intermediário
4.65819,4.68298,2003-07-24 11:00:00.0,Intermediário
4.6608,4.68885,2003-07-24 11:30:00.0,Intermediário
4.6599,4.6847,2003-07-24 12:00:00.0,Intermediário
4.64339,4.67136,2003-07-24 12:30:00.0,Intermediário
4.63276,4.65904,2003-07-24 13:00:00.0,Intermediário
4.63074,4.65702,2003-07-24 13:30:00.0,Intermediário
4.63506,4.66138,2003-07-24 14:00:00.0,Intermediário
4.64109,4.66744,2003-07-24 14:30:00.0,Intermediário
4.64005,4.66478,2003-07-24 15:00:00.0,Intermediário
4.65426,4.67905,2003-07-24 15:30:00.0,Intermediário
4.64955,4.67917,2003-07-24 16:00:00.0,Intermediário
4.64707,4.67507,2003-07-24 16:30:00.0,Fechamento Interbancário
4.67646,4.68534,2003-07-24 17:44:00.0,Fechamento
4.65486,4.69262,2003-07-25 09:55:00.0,Abertura
4.64507,4.67951,2003-07-25 10:00:00.0,Intermediário
4.6487,4.6767,2003-07-25 10:30:00.0,Intermediário
4.66091,4.68571,2003-07-25 11:00:00.0,Intermediário
4.66424,4.6907,2003-07-25 11:33:00.0,Intermediário
4.67423,4.70073,2003-07-25 12:00:00.0,Intermediário
4.6724,4.70217,2003-07-25 12:30:00.0,Intermediário
4.66349,4.69319,2003-07-25 13:00:00.0,Intermediário
4.6692,4.69405,2003-07-25 13:30:00.0,Intermediário
4.66256,4.68741,2003-07-25 14:00:00.0,Intermediário
4.66487,4.68972,2003-07-25 14:30:00.0,Intermediário
4.65968,4.68449,2003-07-25 15:00:00.0,Intermediário
4.66072,4.68554,2003-07-25 15:30:00.0,Intermediário
4.67186,4.69835,2003-07-25 16:00:00.0,Intermediário
4.67301,4.69788,2003-07-25 16:30:00.0,Fechamento Interbancário
4.67833,4.6872,2003-07-25 17:39:00.0,Fechamento
4.69375,4.73174,2003-07-28 09:57:00.0,Abertura
4.69282,4.71943,2003-07-28 10:00:00.0,Intermediário
4.70554,4.73221,2003-07-28 10:30:00.0,Intermediário
4.70215,4.72715,2003-07-28 11:00:00.0,Intermediário
4.69688,4.72349,2003-07-28 11:30:00.0,Intermediário
4.68703,4.71197,2003-07-28 12:00:00.0,Intermediário
4.68634,4.71129,2003-07-28 12:30:00.0,Intermediário
4.69913,4.72413,2003-07-28 13:00:00.0,Intermediário
4.69617,4.72279,2003-07-28 13:30:00.0,Intermediário
4.68981,4.71639,2003-07-28 14:00:00.0,Intermediário
4.69213,4.71871,2003-07-28 14:31:00.0,Intermediário
4.68628,4.71447,2003-07-28 15:00:00.0,Intermediário
4.69114,4.7161,2003-07-28 15:30:00.0,Intermediário
4.69746,4.72244,2003-07-28 16:01:00.0,Intermediário
4.69601,4.72099,2003-07-28 16:31:00.0,Fechamento Interbancário
4.70519,4.71408,2003-07-28 17:38:00.0,Fechamento
4.70404,4.7421,2003-07-29 09:56:00.0,Abertura
4.71036,4.73542,2003-07-29 10:00:00.0,Intermediário
4.6981,4.72309,2003-07-29 10:30:00.0,Intermediário
4.71368,4.74199,2003-07-29 11:00:00.0,Intermediário
4.7334,4.76182,2003-07-29 11:38:00.0,Intermediário
4.72046,4.74717,2003-07-29 12:00:00.0,Intermediário
4.72465,4.7514,2003-07-29 12:30:00.0,Intermediário
4.73262,4.75779,2003-07-29 13:00:00.0,Intermediário
4.73658,4.76338,2003-07-29 13:30:00.0,Intermediário
4.73658,4.76338,2003-07-29 14:00:00.0,Intermediário
4.74038,4.76719,2003-07-29 14:30:00.0,Intermediário
4.74128,4.77136,2003-07-29 15:00:00.0,Intermediário
4.74409,4.76768,2003-07-29 15:30:00.0,Intermediário
4.7597,4.78497,2003-07-29 16:02:00.0,Intermediário
4.75647,4.78174,2003-07-29 16:32:00.0,Fechamento Interbancário
4.73053,4.73947,2003-07-29 18:02:00.0,Fechamento
4.74431,4.78251,2003-07-30 10:02:00.0,Abertura
4.74402,4.77248,2003-07-30 10:06:00.0,Intermediário
4.73671,4.76188,2003-07-30 10:30:00.0,Intermediário
4.73436,4.76112,2003-07-30 11:00:00.0,Intermediário
4.737,4.76055,2003-07-30 11:30:00.0,Intermediário
4.74199,4.76556,2003-07-30 12:00:00.0,Intermediário
4.73714,4.76554,2003-07-30 12:30:00.0,Intermediário
4.75651,4.78339,2003-07-30 13:00:00.0,Intermediário
4.7593,4.78457,2003-07-30 13:30:00.0,Intermediário
4.76222,4.78753,2003-07-30 14:00:00.0,Intermediário
4.76193,4.78723,2003-07-30 14:30:00.0,Intermediário
4.76958,4.79652,2003-07-30 15:00:00.0,Intermediário
4.78394,4.81097,2003-07-30 15:30:00.0,Intermediário
4.78835,4.81538,2003-07-30 16:00:00.0,Intermediário
4.78819,4.8136,2003-07-30 16:30:00.0,Fechamento Interbancário
4.7624,4.77141,2003-07-30 18:17:00.0,Fechamento
4.77303,4.81127,2003-07-31 09:56:00.0,Abertura
4.77095,4.80111,2003-07-31 10:00:00.0,Intermediário
4.74436,4.76957,2003-07-31 10:30:00.0,Intermediário
4.74372,4.77053,2003-07-31 11:00:00.0,Intermediário
4.73785,4.76622,2003-07-31 11:30:00.0,Intermediário
4.74694,4.77378,2003-07-31 12:00:00.0,Intermediário
4.76868,4.79397,2003-07-31 12:47:00.0,Intermediário
4.75691,4.78379,2003-07-31 13:00:00.0,Intermediário
4.75484,4.78171,2003-07-31 13:30:00.0,Intermediário
4.74983,4.77667,2003-07-31 14:00:00.0,Intermediário
4.74835,4.77516,2003-07-31 14:30:00.0,Intermediário
4.78332,4.8071,2003-07-31 15:00:00.0,Intermediário
4.7772,4.8074,2003-07-31 15:30:00.0,Intermediário
4.76203,4.78731,2003-07-31 16:00:00.0,Intermediário
4.76292,4.7882,2003-07-31 16:30:00.0,Fechamento Interbancário
4.77343,4.78249,2003-07-31 17:42:00.0,Fechamento
4.77638,4.81462,2003-08-01 09:56:00.0,Abertura
4.7721,4.79902,2003-08-01 10:00:00.0,Intermediário
4.77151,4.79843,2003-08-01 10:33:00.0,Intermediário
4.79025,4.82048,2003-08-01 11:00:00.0,Intermediário
4.81609,4.84324,2003-08-01 11:33:00.0,Intermediário
4.80732,4.83606,2003-08-01 12:00:00.0,Intermediário
4.81729,4.84441,2003-08-01 12:30:00.0,Intermediário
4.79917,4.82785,2003-08-01 13:00:00.0,Intermediário
4.80516,4.83385,2003-08-01 13:30:00.0,Intermediário
4.80307,4.83175,2003-08-01 14:00:00.0,Intermediário
4.80486,4.83355,2003-08-01 14:30:00.0,Intermediário
4.8607,4.89127,2003-08-01 15:00:00.0,Intermediário
4.85737,4.88472,2003-08-01 15:30:00.0,Intermediário
4.86248,4.88825,2003-08-01 16:00:00.0,Intermediário
4.8623,4.89128,2003-08-01 16:30:00.0,Fechamento Interbancário
4.83085,4.84,2003-08-01 17:44:00.0,Fechamento
4.92528,4.96428,2003-08-04 09:46:00.0,Abertura
4.92011,4.95096,2003-08-04 10:00:00.0,Intermediário
4.92631,4.95396,2003-08-04 10:30:00.0,Intermediário
4.94385,4.97322,2003-08-04 11:00:00.0,Intermediário
4.93604,4.96698,2003-08-04 11:39:00.0,Intermediário
4.92745,4.95351,2003-08-04 12:15:00.0,Intermediário
4.93357,4.96287,2003-08-04 12:39:00.0,Intermediário
4.98132,5.01084,2003-08-04 13:00:00.0,Intermediário
5.00372,5.03172,2003-08-04 13:30:00.0,Intermediário
4.99874,5.02674,2003-08-04 14:00:00.0,Intermediário
4.99719,5.02518,2003-08-04 14:30:00.0,Intermediário
4.95383,4.98324,2003-08-04 15:00:00.0,Intermediário
4.9182,4.95067,2003-08-04 15:30:00.0,Intermediário
4.92462,4.95389,2003-08-04 16:00:00.0,Intermediário
4.92799,4.95566,2003-08-04 16:30:00.0,Fechamento Interbancário
4.95059,4.95993,2003-08-04 17:40:00.0,Fechamento
4.8643,4.90297,2003-08-05 09:40:00.0,Abertura
4.87223,4.90285,2003-08-05 10:00:00.0,Intermediário
4.88586,4.91335,2003-08-05 10:30:00.0,Intermediário
4.87454,4.90358,2003-08-05 11:00:00.0,Intermediário
4.87888,4.90632,2003-08-05 11:30:00.0,Intermediário
4.87453,4.89872,2003-08-05 12:00:00.0,Intermediário
4.8639,4.89288,2003-08-05 12:30:00.0,Intermediário
4.87012,4.89591,2003-08-05 13:00:00.0,Intermediário
4.86529,4.89106,2003-08-05 13:30:00.0,Intermediário
4.85137,4.87706,2003-08-05 14:00:00.0,Intermediário
4.85922,4.88495,2003-08-05 14:30:00.0,Intermediário
4.83924,4.8681,2003-08-05 15:00:00.0,Intermediário
4.86509,4.89087,2003-08-05 15:30:00.0,Intermediário
4.84946,4.87838,2003-08-05 16:00:00.0,Intermediário
4.84664,4.87233,2003-08-05 16:30:00.0,Fechamento Interbancário
4.9037,4.91295,2003-08-05 17:43:00.0,Fechamento
4.88656,4.92538,2003-08-06 09:49:00.0,Abertura
4.86384,4.89442,2003-08-06 10:00:00.0,Intermediário
4.8567,4.88402,2003-08-06 10:30:00.0,Intermediário
4.86616,4.89677,2003-08-06 11:00:00.0,Intermediário
4.88929,4.91517,2003-08-06 11:30:00.0,Intermediário
4.88243,4.90825,2003-08-06 12:00:00.0,Intermediário
4.8702,4.89601,2003-08-06 12:30:00.0,Intermediário
4.87081,4.90145,2003-08-06 13:00:00.0,Intermediário
4.88001,4.90582,2003-08-06 13:30:00.0,Intermediário
4.87606,4.90187,2003-08-06 14:00:00.0,Intermediário
4.86516,4.89091,2003-08-06 14:30:00.0,Intermediário
4.88119,4.91025,2003-08-06 15:00:00.0,Intermediário
4.89072,4.91821,2003-08-06 15:30:00.0,Intermediário
4.8935,4.92424,2003-08-06 16:00:00.0,Intermediário
4.89824,4.929,2003-08-06 16:30:00.0,Fechamento Interbancário
4.88877,4.89799,2003-08-06 18:03:00.0,Fechamento
4.86339,4.90206,2003-08-07 09:53:00.0,Abertura
4.87341,4.90084,2003-08-07 10:00:00.0,Intermediário
4.86463,4.892,2003-08-07 10:30:00.0,Intermediário
4.84725,4.87132,2003-08-07 11:00:00.0,Intermediário
4.86382,4.8912,2003-08-07 11:30:00.0,Intermediário
4.84938,4.87993,2003-08-07 12:00:00.0,Intermediário
4.82852,4.85574,2003-08-07 12:30:00.0,Intermediário
4.83456,4.86018,2003-08-07 13:00:00.0,Intermediário
4.82796,4.85355,2003-08-07 13:30:00.0,Intermediário
4.82257,4.84816,2003-08-07 14:00:00.0,Intermediário
4.82946,4.85505,2003-08-07 14:30:00.0,Intermediário
4.81943,4.84661,2003-08-07 15:00:00.0,Intermediário
4.81467,4.84345,2003-08-07 15:41:00.0,Intermediário
4.8136,4.84076,2003-08-07 16:00:00.0,Intermediário
4.8139,4.84268,2003-08-07 16:30:00.0,Fechamento Interbancário
4.86324,4.87241,2003-08-07 17:46:00.0,Fechamento
4.79564,4.83399,2003-08-08 09:48:00.0,Abertura
4.78309,4.81169,2003-08-08 10:00:00.0,Intermediário
4.79481,4.82185,2003-08-08 10:30:00.0,Intermediário
4.82806,4.86012,2003-08-08 11:00:00.0,Intermediário
4.82394,4.85111,2003-08-08 11:30:00.0,Intermediário
4.81603,4.84319,2003-08-08 12:00:00.0,Intermediário
4.80692,4.83565,2003-08-08 12:30:00.0,Intermediário
4.78646,4.81188,2003-08-08 13:00:00.0,Intermediário
4.78766,4.81307,2003-08-08 13:30:00.0,Intermediário
4.7853,4.81069,2003-08-08 14:00:00.0,Intermediário
4.78736,4.81278,2003-08-08 14:30:00.0,Intermediário
4.77281,4.79974,2003-08-08 15:00:00.0,Intermediário
4.7664,4.79652,2003-08-08 15:30:00.0,Intermediário
4.77638,4.80014,2003-08-08 16:00:00.0,Intermediário
4.77638,4.80014,2003-08-08 16:30:00.0,Fechamento Interbancário
4.78562,4.79468,2003-08-08 17:40:00.0,Fechamento
4.75908,4.79722,2003-08-11 09:54:00.0,Abertura
4.76708,4.79401,2003-08-11 10:00:00.0,Intermediário
4.77494,4.80349,2003-08-11 10:30:00.0,Intermediário
4.79637,4.82343,2003-08-11 11:07:00.0,Intermediário
4.79067,4.8161,2003-08-11 11:30:00.0,Intermediário
4.77681,4.80376,2003-08-11 12:00:00.0,Intermediário
4.77478,4.80496,2003-08-11 12:30:00.0,Intermediário
4.79444,4.82309,2003-08-11 13:00:00.0,Intermediário
4.80659,4.83208,2003-08-11 13:30:00.0,Intermediário
4.8018,4.82729,2003-08-11 14:00:00.0,Intermediário
4.8009,4.82639,2003-08-11 14:30:00.0,Intermediário
4.80746,4.83456,2003-08-11 15:00:00.0,Intermediário
4.80936,4.83486,2003-08-11 15:30:00.0,Intermediário
4.81494,4.84532,2003-08-11 16:00:00.0,Intermediário
4.81494,4.84532,2003-08-11 16:30:00.0,Fechamento Interbancário
4.81028,4.81935,2003-08-11 18:04:00.0,Fechamento
4.7925,4.83075,2003-08-12 09:57:00.0,Abertura
4.79479,4.82182,2003-08-12 10:00:00.0,Intermediário
4.84056,4.86942,2003-08-12 10:30:00.0,Intermediário
4.84187,4.86915,2003-08-12 11:00:00.0,Intermediário
4.84224,4.87269,2003-08-12 11:34:00.0,Intermediário
4.82457,4.85015,2003-08-12 12:00:00.0,Intermediário
4.82608,4.85166,2003-08-12 12:30:00.0,Intermediário
4.82319,4.85196,2003-08-12 13:00:00.0,Intermediário
4.82436,4.85317,2003-08-12 13:30:00.0,Intermediário
4.81866,4.8474,2003-08-12 14:00:00.0,Intermediário
4.82198,4.85075,2003-08-12 14:30:00.0,Intermediário
4.82648,4.85366,2003-08-12 15:00:00.0,Intermediário
4.83106,4.85669,2003-08-12 15:30:00.0,Intermediário
4.84127,4.86854,2003-08-12 16:00:00.0,Intermediário
4.84217,4.86945,2003-08-12 16:30:00.0,Fechamento Interbancário
4.84057,4.84971,2003-08-12 17:39:00.0,Fechamento
4.86576,4.90437,2003-08-13 09:49:00.0,Abertura
4.86096,4.88991,2003-08-13 10:00:00.0,Intermediário
4.8507,4.87961,2003-08-13 10:30:00.0,Intermediário
4.84795,4.87525,2003-08-13 11:00:00.0,Intermediário
4.86339,4.89239,2003-08-13 11:30:00.0,Intermediário
4.85637,4.88533,2003-08-13 12:00:00.0,Intermediário
4.85576,4.88311,2003-08-13 12:30:00.0,Intermediário
4.85255,4.8815,2003-08-13 13:00:00.0,Intermediário
4.85137,4.88029,2003-08-13 13:30:00.0,Intermediário
4.85016,4.87908,2003-08-13 14:06:00.0,Intermediário
4.85077,4.87968,2003-08-13 14:30:00.0,Intermediário
4.82397,4.85117,2003-08-13 15:00:00.0,Intermediário
4.8267,4.85549,2003-08-13 15:52:00.0,Intermediário
4.81759,4.84633,2003-08-13 16:00:00.0,Intermediário
4.81879,4.84756,2003-08-13 16:30:00.0,Fechamento Interbancário
4.86937,4.87854,2003-08-13 17:57:00.0,Fechamento
4.82569,4.86413,2003-08-14 09:51:00.0,Abertura
4.83378,4.86423,2003-08-14 10:00:00.0,Intermediário
4.82559,4.85438,2003-08-14 10:30:00.0,Intermediário
4.8271,4.85428,2003-08-14 11:00:00.0,Intermediário
4.81157,4.8371,2003-08-14 11:30:00.0,Intermediário
4.80697,4.83245,2003-08-14 12:00:00.0,Intermediário
4.80088,4.82794,2003-08-14 12:30:00.0,Intermediário
4.78571,4.81431,2003-08-14 13:00:00.0,Intermediário
4.78751,4.81611,2003-08-14 13:30:00.0,Intermediário
4.78391,4.81251,2003-08-14 14:00:00.0,Intermediário
4.78751,4.81611,2003-08-14 14:30:00.0,Intermediário
4.79389,4.82092,2003-08-14 15:00:00.0,Intermediário
4.80297,4.82844,2003-08-14 15:30:00.0,Intermediário
4.80257,4.82644,2003-08-14 16:00:00.0,Intermediário
4.79908,4.82453,2003-08-14 16:41:00.0,Fechamento Interbancário
4.82805,4.83717,2003-08-14 17:47:00.0,Fechamento
4.77124,4.8094,2003-08-15 09:52:00.0,Abertura
4.77872,4.80409,2003-08-15 10:00:00.0,Intermediário
4.76965,4.79818,2003-08-15 10:30:00.0,Intermediário
4.77476,4.8017,2003-08-15 11:00:00.0,Intermediário
4.76957,4.79807,2003-08-15 11:30:00.0,Intermediário
4.75652,4.78498,2003-08-15 12:11:00.0,Intermediário
4.75493,4.78178,2003-08-15 12:44:00.0,Intermediário
4.7626,4.78787,2003-08-15 13:00:00.0,Intermediário
4.75573,4.78098,2003-08-15 13:30:00.0,Intermediário
4.75603,4.78128,2003-08-15 14:00:00.0,Intermediário
4.75603,4.78128,2003-08-15 14:30:00.0,Intermediário
4.75513,4.78198,2003-08-15 15:00:00.0,Intermediário
4.75334,4.78019,2003-08-15 15:30:00.0,Intermediário
4.7614,4.78668,2003-08-15 16:01:00.0,Intermediário
4.76011,4.78537,2003-08-15 16:30:00.0,Fechamento Interbancário
4.77615,4.78521,2003-08-15 17:51:00.0,Fechamento
4.7199,4.75773,2003-08-18 09:53:00.0,Abertura
4.71464,4.75244,2003-08-18 10:00:00.0,Intermediário
4.71602,4.74428,2003-08-18 10:30:00.0,Intermediário
4.73568,4.76084,2003-08-18 11:00:00.0,Intermediário
4.72942,4.75453,2003-08-18 11:30:00.0,Intermediário
4.72763,4.75274,2003-08-18 12:00:00.0,Intermediário
4.73081,4.75593,2003-08-18 12:30:00.0,Intermediário
4.73615,4.76451,2003-08-18 13:00:00.0,Intermediário
4.73484,4.76002,2003-08-18 13:30:00.0,Intermediário
4.73368,4.75882,2003-08-18 14:00:00.0,Intermediário
4.73514,4.76032,2003-08-18 14:30:00.0,Intermediário
4.75115,4.77637,2003-08-18 15:00:00.0,Intermediário
4.7524,4.78243,2003-08-18 15:30:00.0,Intermediário
4.75506,4.78032,2003-08-18 16:00:00.0,Intermediário
4.75716,4.78243,2003-08-18 16:30:00.0,Fechamento Interbancário
4.74366,4.7527,2003-08-18 18:05:00.0,Fechamento
4.74151,4.77941,2003-08-19 09:54:00.0,Abertura
4.73366,4.75881,2003-08-19 10:00:00.0,Intermediário
4.74347,4.76867,2003-08-19 10:30:00.0,Intermediário
4.73919,4.76438,2003-08-19 11:00:00.0,Intermediário
4.75067,4.77588,2003-08-19 11:30:00.0,Intermediário
4.74241,4.7676,2003-08-19 12:00:00.0,Intermediário
4.7257,4.75081,2003-08-19 12:30:00.0,Intermediário
4.73972,4.76489,2003-08-19 13:00:00.0,Intermediário
4.73425,4.75942,2003-08-19 13:30:00.0,Intermediário
4.73724,4.76241,2003-08-19 14:00:00.0,Intermediário
4.74052,4.7657,2003-08-19 14:30:00.0,Intermediário
4.74932,4.77615,2003-08-19 15:00:00.0,Intermediário
4.73715,4.7639,2003-08-19 15:30:00.0,Intermediário
4.73257,4.75932,2003-08-19 16:00:00.0,Intermediário
4.73168,4.75684,2003-08-19 16:30:00.0,Fechamento Interbancário
4.75458,4.76358,2003-08-19 17:49:00.0,Fechamento
4.75593,4.79397,2003-08-20 09:56:00.0,Abertura
4.7615,4.78678,2003-08-20 10:00:00.0,Intermediário
4.76747,4.79757,2003-08-20 10:30:00.0,Intermediário
4.77402,4.80096,2003-08-20 11:00:00.0,Intermediário
4.76646,4.79337,2003-08-20 11:30:00.0,Intermediário
4.77531,4.80384,2003-08-20 12:00:00.0,Intermediário
4.7772,4.80256,2003-08-20 12:30:00.0,Intermediário
4.76646,4.79017,2003-08-20 13:00:00.0,Intermediário
4.77033,4.79886,2003-08-20 13:30:00.0,Intermediário
4.76823,4.79676,2003-08-20 14:00:00.0,Intermediário
4.76973,4.79826,2003-08-20 14:30:00.0,Intermediário
4.75701,4.78548,2003-08-20 15:00:00.0,Intermediário
4.76685,4.79217,2003-08-20 15:31:00.0,Intermediário
4.76429,4.78957,2003-08-20 16:01:00.0,Intermediário
4.76489,4.79017,2003-08-20 16:31:00.0,Fechamento Interbancário
4.77962,4.7887,2003-08-20 17:50:00.0,Fechamento
4.74377,4.78168,2003-08-21 09:51:00.0,Abertura
4.75039,4.77404,2003-08-21 10:00:00.0,Intermediário
4.74441,4.76961,2003-08-21 10:30:00.0,Intermediário
4.74291,4.76811,2003-08-21 11:00:00.0,Intermediário
4.73998,4.76674,2003-08-21 11:30:00.0,Intermediário
4.74441,4.7712,2003-08-21 12:00:00.0,Intermediário
4.75288,4.77812,2003-08-21 12:30:00.0,Intermediário
4.75318,4.77842,2003-08-21 13:00:00.0,Intermediário
4.73427,4.75944,2003-08-21 13:30:00.0,Intermediário
4.73457,4.75974,2003-08-21 14:00:00.0,Intermediário
4.72859,4.75369,2003-08-21 14:30:00.0,Intermediário
4.72125,4.7495,2003-08-21 15:00:00.0,Intermediário
4.71503,4.74165,2003-08-21 15:30:00.0,Intermediário
4.72125,4.74792,2003-08-21 16:00:00.0,Intermediário
4.72992,4.75665,2003-08-21 17:02:00.0,Fechamento Interbancário
4.73602,4.74503,2003-08-21 18:17:00.0,Fechamento
4.69139,4.72897,2003-08-22 09:52:00.0,Abertura
4.70001,4.72657,2003-08-22 10:00:00.0,Intermediário
4.69729,4.72229,2003-08-22 10:30:00.0,Intermediário
4.69081,4.71417,2003-08-22 11:00:00.0,Intermediário
4.68335,4.70984,2003-08-22 11:30:00.0,Intermediário
4.69186,4.71682,2003-08-22 12:14:00.0,Intermediário
4.69396,4.71891,2003-08-22 12:30:00.0,Intermediário
4.7023,4.72887,2003-08-22 13:00:00.0,Intermediário
4.70051,4.72866,2003-08-22 13:30:00.0,Intermediário
4.7023,4.73045,2003-08-22 14:00:00.0,Intermediário
4.70081,4.72896,2003-08-22 14:30:00.0,Intermediário
4.69303,4.71957,2003-08-22 15:08:00.0,Intermediário
4.70447,4.72947,2003-08-22 15:38:00.0,Intermediário
4.69317,4.71654,2003-08-22 16:00:00.0,Intermediário
4.69414,4.7191,2003-08-22 16:30:00.0,Fechamento Interbancário
4.70972,4.7187,2003-08-22 17:44:00.0,Fechamento
4.67897,4.71649,2003-08-25 09:56:00.0,Abertura
4.6774,4.70387,2003-08-25 10:00:00.0,Intermediário
4.69108,4.71603,2003-08-25 10:30:00.0,Intermediário
4.69444,4.72098,2003-08-25 11:00:00.0,Intermediário
4.69841,4.72498,2003-08-25 11:32:00.0,Intermediário
4.69834,4.72648,2003-08-25 12:12:00.0,Intermediário
4.69923,4.72424,2003-08-25 12:30:00.0,Intermediário
4.68708,4.71359,2003-08-25 13:03:00.0,Intermediário
4.682,4.70847,2003-08-25 13:30:00.0,Intermediário
4.6817,4.70817,2003-08-25 14:00:00.0,Intermediário
4.68469,4.71119,2003-08-25 14:30:00.0,Intermediário
4.68439,4.71086,2003-08-25 15:01:00.0,Intermediário
4.6882,4.71154,2003-08-25 15:41:00.0,Intermediário
4.69134,4.71942,2003-08-25 17:05:00.0,Intermediário
4.69104,4.71912,2003-08-25 17:06:00.0,Fechamento Interbancário
4.69259,4.70156,2003-08-25 17:54:00.0,Fechamento
4.67331,4.71073,2003-08-26 09:54:00.0,Abertura
4.66995,4.69482,2003-08-26 10:00:00.0,Intermediário
4.66239,4.68721,2003-08-26 10:30:00.0,Intermediário
4.66514,4.68998,2003-08-26 11:00:00.0,Intermediário
4.6873,4.71222,2003-08-26 12:16:00.0,Intermediário
4.68477,4.70967,2003-08-26 12:18:00.0,Intermediário
4.68944,4.71598,2003-08-26 12:38:00.0,Intermediário
4.68511,4.71478,2003-08-26 13:05:00.0,Intermediário
4.686,4.71568,2003-08-26 13:41:00.0,Intermediário
4.6866,4.71628,2003-08-26 14:05:00.0,Intermediário
4.68899,4.71867,2003-08-26 14:35:00.0,Intermediário
4.6869,4.71184,2003-08-26 15:03:00.0,Intermediário
4.68511,4.7132,2003-08-26 15:36:00.0,Intermediário
4.68342,4.70834,2003-08-26 16:02:00.0,Intermediário
4.67566,4.70054,2003-08-26 16:33:00.0,Fechamento Interbancário
4.6865,4.69541,2003-08-26 18:43:00.0,Fechamento
4.64841,4.68574,2003-08-27 09:36:00.0,Abertura
4.66273,4.69544,2003-08-27 10:04:00.0,Intermediário
4.67098,4.69586,2003-08-27 10:30:00.0,Intermediário
4.67336,4.69824,2003-08-27 11:00:00.0,Intermediário
4.66684,4.69166,2003-08-27 11:30:00.0,Intermediário
4.67355,4.69684,2003-08-27 12:00:00.0,Intermediário
4.667,4.69184,2003-08-27 12:30:00.0,Intermediário
4.67821,4.7031,2003-08-27 13:00:00.0,Intermediário
4.67642,4.70131,2003-08-27 13:30:00.0,Intermediário
4.67612,4.70101,2003-08-27 14:00:00.0,Intermediário
4.67139,4.69624,2003-08-27 14:30:00.0,Intermediário
4.66402,4.68887,2003-08-27 15:00:00.0,Intermediário
4.64764,4.67082,2003-08-27 15:30:00.0,Intermediário
4.63675,4.66301,2003-08-27 16:00:00.0,Intermediário
4.63794,4.66264,2003-08-27 16:30:00.0,Fechamento Interbancário
4.67177,4.6807,2003-08-27 17:48:00.0,Fechamento
4.6245,4.66173,2003-08-28 09:56:00.0,Abertura
4.62705,4.65483,2003-08-28 10:00:00.0,Intermediário
4.63145,4.65614,2003-08-28 10:30:00.0,Intermediário
4.6459,4.67063,2003-08-28 11:00:00.0,Intermediário
4.65651,4.67973,2003-08-28 11:30:00.0,Intermediário
4.6571,4.68349,2003-08-28 12:00:00.0,Intermediário
4.64668,4.67142,2003-08-28 12:30:00.0,Intermediário
4.64571,4.67045,2003-08-28 13:00:00.0,Intermediário
4.64276,4.66905,2003-08-28 13:30:00.0,Intermediário
4.64719,4.67351,2003-08-28 14:13:00.0,Intermediário
4.64423,4.67053,2003-08-28 14:30:00.0,Intermediário
4.63942,4.66571,2003-08-28 15:00:00.0,Intermediário
4.64807,4.67122,2003-08-28 15:30:00.0,Intermediário
4.64914,4.67389,2003-08-28 16:00:00.0,Intermediário
4.64689,4.6732,2003-08-28 16:30:00.0,Fechamento Interbancário
4.65374,4.66262,2003-08-28 17:49:00.0,Fechamento
4.66182,4.69931,2003-08-29 09:54:00.0,Abertura
4.67876,4.70683,2003-08-29 10:00:00.0,Intermediário
4.67691,4.7002,2003-08-29 10:30:00.0,Intermediário
4.66389,4.69031,2003-08-29 11:00:00.0,Intermediário
4.66153,4.68794,2003-08-29 11:30:00.0,Intermediário
4.67376,4.69705,2003-08-29 12:00:00.0,Intermediário
4.66419,4.69377,2003-08-29 12:30:00.0,Intermediário
4.66302,4.68626,2003-08-29 13:14:00.0,Intermediário
4.66273,4.68597,2003-08-29 13:41:00.0,Intermediário
4.65769,4.6809,2003-08-29 14:04:00.0,Intermediário
4.65295,4.67615,2003-08-29 14:30:00.0,Intermediário
4.67098,4.69428,2003-08-29 15:00:00.0,Intermediário
4.67515,4.70319,2003-08-29 15:30:00.0,Intermediário
4.6791,4.70399,2003-08-29 16:00:00.0,Intermediário
4.67783,4.70429,2003-08-29 16:30:00.0,Fechamento Interbancário
4.67516,4.68407,2003-08-29 18:28:00.0,Fechamento
4.66171,4.69911,2003-09-01 09:52:00.0,Abertura
4.6676,4.69558,2003-09-01 10:00:00.0,Intermediário
4.68708,4.71359,2003-09-01 10:30:00.0,Intermediário
4.67543,4.7003,2003-09-01 11:00:00.0,Intermediário
4.66686,4.69485,2003-09-01 11:30:00.0,Intermediário
4.67745,4.70076,2003-09-01 12:01:00.0,Intermediário
4.66648,4.69289,2003-09-01 12:30:00.0,Intermediário
4.66716,4.692,2003-09-01 13:00:00.0,Intermediário
4.66805,4.69289,2003-09-01 13:30:00.0,Intermediário
4.66775,4.69259,2003-09-01 14:00:00.0,Intermediário
4.67103,4.69587,2003-09-01 14:30:00.0,Intermediário
4.67536,4.70022,2003-09-01 15:00:00.0,Intermediário
4.67543,4.7003,2003-09-01 15:30:00.0,Intermediário
4.68141,4.7063,2003-09-01 16:00:00.0,Intermediário
4.68014,4.70502,2003-09-01 16:30:00.0,Fechamento Interbancário
4.68276,4.69171,2003-09-01 18:18:00.0,Fechamento
4.68199,4.71949,2003-09-02 09:55:00.0,Abertura
4.69065,4.72032,2003-09-02 10:00:00.0,Intermediário
4.68825,4.71477,2003-09-02 10:30:00.0,Intermediário
4.69148,4.71642,2003-09-02 11:00:00.0,Intermediário
4.68297,4.70787,2003-09-02 11:30:00.0,Intermediário
4.67566,4.70052,2003-09-02 12:00:00.0,Intermediário
4.67217,4.69863,2003-09-02 12:30:00.0,Intermediário
4.6664,4.69282,2003-09-02 13:00:00.0,Intermediário
4.66759,4.69401,2003-09-02 13:30:00.0,Intermediário
4.66402,4.69044,2003-09-02 14:00:00.0,Intermediário
4.66373,4.69015,2003-09-02 14:30:00.0,Intermediário
4.65176,4.67968,2003-09-02 15:00:00.0,Intermediário
4.64998,4.67629,2003-09-02 15:30:00.0,Intermediário
4.63867,4.66495,2003-09-02 16:00:00.0,Intermediário
4.63296,4.65923,2003-09-02 16:30:00.0,Fechamento Interbancário
4.66496,4.67383,2003-09-02 17:46:00.0,Fechamento
4.60233,4.63942,2003-09-03 09:53:00.0,Abertura
4.60946,4.6356,2003-09-03 10:00:00.0,Intermediário
4.6187,4.64489,2003-09-03 10:30:00.0,Intermediário
4.63672,4.66142,2003-09-03 11:00:00.0,Intermediário
4.62437,4.65059,2003-09-03 11:30:00.0,Intermediário
4.62762,4.65227,2003-09-03 12:00:00.0,Intermediário
4.63704,4.66334,2003-09-03 12:30:00.0,Intermediário
4.63891,4.66363,2003-09-03 13:00:00.0,Intermediário
4.63569,4.66038,2003-09-03 13:30:00.0,Intermediário
4.63687,4.66156,2003-09-03 14:00:00.0,Intermediário
4.64068,4.66541,2003-09-03 14:30:00.0,Intermediário
4.6395,4.6658,2003-09-03 15:00:00.0,Intermediário
4.6348,4.66107,2003-09-03 15:30:00.0,Intermediário
4.63998,4.66625,2003-09-03 16:00:00.0,Intermediário
4.63939,4.66251,2003-09-03 16:30:00.0,Fechamento Interbancário
4.64036,4.64924,2003-09-03 17:44:00.0,Fechamento
4.64302,4.68043,2003-09-04 09:56:00.0,Abertura
4.64591,4.67381,2003-09-04 10:00:00.0,Intermediário
4.64419,4.67051,2003-09-04 10:30:00.0,Intermediário
4.63997,4.66469,2003-09-04 11:00:00.0,Intermediário
4.63528,4.66155,2003-09-04 11:30:00.0,Intermediário
4.64556,4.67029,2003-09-04 12:00:00.0,Intermediário
4.6311,4.65736,2003-09-04 12:30:00.0,Intermediário
4.63121,4.65589,2003-09-04 13:00:00.0,Intermediário
4.63914,4.66383,2003-09-04 13:30:00.0,Intermediário
4.63562,4.6603,2003-09-04 14:00:00.0,Intermediário
4.63797,4.66266,2003-09-04 14:30:00.0,Intermediário
4.62949,4.65415,2003-09-04 15:00:00.0,Intermediário
4.63195,4.6582,2003-09-04 15:30:00.0,Intermediário
4.62465,4.65086,2003-09-04 16:00:00.0,Intermediário
4.62629,4.65094,2003-09-04 16:30:00.0,Fechamento Interbancário
4.64799,4.65684,2003-09-04 17:42:00.0,Fechamento
4.62182,4.65915,2003-09-05 09:55:00.0,Abertura
4.64502,4.67451,2003-09-05 10:00:00.0,Intermediário
4.64754,4.6707,2003-09-05 10:30:00.0,Intermediário
4.63974,4.66446,2003-09-05 11:00:00.0,Intermediário
4.62603,4.65066,2003-09-05 11:30:00.0,Intermediário
4.60167,4.62621,2003-09-05 12:00:00.0,Intermediário
4.61558,4.6402,2003-09-05 12:30:00.0,Intermediário
4.60868,4.63644,2003-09-05 13:00:00.0,Intermediário
4.60694,4.6347,2003-09-05 13:30:00.0,Intermediário
4.60723,4.63499,2003-09-05 14:00:00.0,Intermediário
4.60665,4.63441,2003-09-05 14:30:00.0,Intermediário
4.63063,4.65689,2003-09-05 15:00:00.0,Intermediário
4.62713,4.65498,2003-09-05 15:30:00.0,Intermediário
4.60636,4.63093,2003-09-05 16:00:00.0,Intermediário
4.60781,4.63239,2003-09-05 16:30:00.0,Fechamento Interbancário
4.63622,4.64502,2003-09-05 17:44:00.0,Fechamento
4.58085,4.61804,2003-09-08 09:59:00.0,Abertura
4.58963,4.61727,2003-09-08 10:00:00.0,Intermediário
4.59266,4.61713,2003-09-08 10:30:00.0,Intermediário
4.59938,4.62708,2003-09-08 11:00:00.0,Intermediário
4.59525,4.61973,2003-09-08 11:30:00.0,Intermediário
4.59941,4.62551,2003-09-08 12:00:00.0,Intermediário
4.60574,4.63187,2003-09-08 12:30:00.0,Intermediário
4.62157,4.64618,2003-09-08 13:00:00.0,Intermediário
4.62303,4.64765,2003-09-08 13:30:00.0,Intermediário
4.62767,4.65235,2003-09-08 14:00:00.0,Intermediário
4.62303,4.64765,2003-09-08 14:30:00.0,Intermediário
4.62744,4.65685,2003-09-08 15:00:00.0,Intermediário
4.62896,4.65681,2003-09-08 15:30:00.0,Intermediário
4.65139,4.67775,2003-09-08 16:00:00.0,Intermediário
4.64757,4.67392,2003-09-08 17:02:00.0,Fechamento Interbancário
4.61021,4.619,2003-09-08 18:01:00.0,Fechamento
4.65617,4.69369,2003-09-09 09:48:00.0,Abertura
4.66084,4.68885,2003-09-09 10:00:00.0,Intermediário
4.67942,4.70431,2003-09-09 10:30:00.0,Intermediário
4.64584,4.67378,2003-09-09 11:00:00.0,Intermediário
4.64475,4.67267,2003-09-09 11:30:00.0,Intermediário
4.63172,4.65641,2003-09-09 12:00:00.0,Intermediário
4.6424,4.67032,2003-09-09 12:30:00.0,Intermediário
4.64667,4.6714,2003-09-09 13:00:00.0,Intermediário
4.6522,4.677,2003-09-09 13:30:00.0,Intermediário
4.64813,4.67287,2003-09-09 14:00:00.0,Intermediário
4.64755,4.67228,2003-09-09 14:30:00.0,Intermediário
4.63176,4.66122,2003-09-09 15:00:00.0,Intermediário
4.65068,4.67703,2003-09-09 15:30:00.0,Intermediário
4.6384,4.66311,2003-09-09 16:00:00.0,Intermediário
4.63711,4.66181,2003-09-09 16:30:00.0,Fechamento Interbancário
4.65721,4.6661,2003-09-09 17:46:00.0,Fechamento
4.65019,4.68775,2003-09-10 09:55:00.0,Abertura
4.65237,4.68035,2003-09-10 10:00:00.0,Intermediário
4.64932,4.67569,2003-09-10 10:30:00.0,Intermediário
4.64977,4.67612,2003-09-10 11:00:00.0,Intermediário
4.61666,4.64285,2003-09-10 11:30:00.0,Intermediário
4.6113,4.63906,2003-09-10 12:00:00.0,Intermediário
4.60493,4.63268,2003-09-10 12:30:00.0,Intermediário
4.60725,4.63341,2003-09-10 13:00:00.0,Intermediário
4.60754,4.6337,2003-09-10 13:30:00.0,Intermediário
4.60813,4.63428,2003-09-10 14:00:00.0,Intermediário
4.61161,4.63777,2003-09-10 14:30:00.0,Intermediário
4.60006,4.6246,2003-09-10 15:00:00.0,Intermediário
4.59819,4.62112,2003-09-10 15:30:00.0,Intermediário
4.58245,4.60848,2003-09-10 16:00:00.0,Intermediário
4.58591,4.61036,2003-09-10 16:30:00.0,Fechamento Interbancário
4.63251,4.64136,2003-09-10 18:35:00.0,Fechamento
4.5792,4.61642,2003-09-11 09:52:00.0,Abertura
4.56498,4.58933,2003-09-11 10:00:00.0,Intermediário
4.57287,4.60048,2003-09-11 10:30:00.0,Intermediário
4.58822,4.61589,2003-09-11 11:00:00.0,Intermediário
4.60612,4.63228,2003-09-11 11:30:00.0,Intermediário
4.61914,4.64696,2003-09-11 12:00:00.0,Intermediário
4.60568,4.63185,2003-09-11 12:30:00.0,Intermediário
4.60771,4.63228,2003-09-11 13:00:00.0,Intermediário
4.60684,4.63141,2003-09-11 13:30:00.0,Intermediário
4.60368,4.62822,2003-09-11 14:00:00.0,Intermediário
4.60194,4.62649,2003-09-11 14:30:00.0,Intermediário
4.61465,4.64085,2003-09-11 15:00:00.0,Intermediário
4.63013,4.6564,2003-09-11 15:30:00.0,Intermediário
4.62926,4.65553,2003-09-11 16:00:00.0,Intermediário
4.63188,4.65655,2003-09-11 16:30:00.0,Fechamento Interbancário
4.61844,4.62725,2003-09-11 17:52:00.0,Fechamento
4.64146,4.67901,2003-09-12 09:56:00.0,Abertura
4.64843,4.67639,2003-09-12 10:00:00.0,Intermediário
4.62819,4.65287,2003-09-12 10:30:00.0,Intermediário
4.63878,4.6651,2003-09-12 11:03:00.0,Intermediário
4.62424,4.6521,2003-09-12 11:30:00.0,Intermediário
4.62831,4.65297,2003-09-12 12:00:00.0,Intermediário
4.62948,4.65577,2003-09-12 12:30:00.0,Intermediário
4.64037,4.6699,2003-09-12 13:00:00.0,Intermediário
4.64402,4.66874,2003-09-12 13:30:00.0,Intermediário
4.64402,4.66874,2003-09-12 14:00:00.0,Intermediário
4.64112,4.66584,2003-09-12 14:30:00.0,Intermediário
4.64052,4.66845,2003-09-12 15:00:00.0,Intermediário
4.62975,4.65441,2003-09-12 15:30:00.0,Intermediário
4.64244,4.66718,2003-09-12 16:00:00.0,Intermediário
4.64099,4.66895,2003-09-12 16:30:00.0,Fechamento Interbancário
4.63679,4.6456,2003-09-12 17:41:00.0,Fechamento
4.65236,4.68999,2003-09-15 09:57:00.0,Abertura
4.65541,4.68342,2003-09-15 10:00:00.0,Intermediário
4.6419,4.67144,2003-09-15 10:30:00.0,Intermediário
4.62169,4.64953,2003-09-15 11:00:00.0,Intermediário
4.61786,4.6457,2003-09-15 11:30:00.0,Intermediário
4.61516,4.63976,2003-09-15 12:00:00.0,Intermediário
4.61445,4.64063,2003-09-15 12:30:00.0,Intermediário
4.60397,4.63013,2003-09-15 13:00:00.0,Intermediário
4.60339,4.63276,2003-09-15 13:30:00.0,Intermediário
4.60454,4.63392,2003-09-15 14:00:00.0,Intermediário
4.60483,4.6342,2003-09-15 14:30:00.0,Intermediário
4.60224,4.62837,2003-09-15 15:00:00.0,Intermediário
4.6031,4.62766,2003-09-15 15:31:00.0,Intermediário
4.59716,4.62487,2003-09-15 16:01:00.0,Intermediário
4.59891,4.62343,2003-09-15 16:30:00.0,Fechamento Interbancário
4.62124,4.63004,2003-09-15 17:46:00.0,Fechamento
4.59599,4.63329,2003-09-16 09:45:00.0,Abertura
4.59223,4.61833,2003-09-16 10:00:00.0,Intermediário
4.58415,4.61182,2003-09-16 10:30:00.0,Intermediário
4.59108,4.61719,2003-09-16 11:00:00.0,Intermediário
4.59065,4.61675,2003-09-16 11:30:00.0,Intermediário
4.59557,4.62008,2003-09-16 12:00:00.0,Intermediário
4.59482,4.61935,2003-09-16 12:30:00.0,Intermediário
4.58231,4.60676,2003-09-16 13:00:00.0,Intermediário
4.58402,4.60849,2003-09-16 13:30:00.0,Intermediário
4.58289,4.60733,2003-09-16 14:00:00.0,Intermediário
4.58231,4.60676,2003-09-16 14:30:00.0,Intermediário
4.59828,4.62282,2003-09-16 15:00:00.0,Intermediário
4.60189,4.62644,2003-09-16 15:30:00.0,Intermediário
4.60662,4.63275,2003-09-16 16:00:00.0,Intermediário
4.6072,4.63333,2003-09-16 16:30:00.0,Fechamento Interbancário
4.59264,4.60138,2003-09-16 17:50:00.0,Fechamento
4.63565,4.67318,2003-09-17 09:39:00.0,Abertura
4.63246,4.65873,2003-09-17 10:00:00.0,Intermediário
4.64001,4.66633,2003-09-17 10:33:00.0,Intermediário
4.62941,4.65727,2003-09-17 11:00:00.0,Intermediário
4.64074,4.66546,2003-09-17 11:30:00.0,Intermediário
4.63939,4.66573,2003-09-17 12:00:00.0,Intermediário
4.6503,4.67669,2003-09-17 12:30:00.0,Intermediário
4.66878,4.69846,2003-09-17 13:00:00.0,Intermediário
4.67344,4.69831,2003-09-17 13:30:00.0,Intermediário
4.66906,4.69393,2003-09-17 14:00:00.0,Intermediário
4.6784,4.7033,2003-09-17 14:30:00.0,Intermediário
4.66251,4.68894,2003-09-17 15:00:00.0,Intermediário
4.66814,4.69299,2003-09-17 15:30:00.0,Intermediário
4.67398,4.69725,2003-09-17 16:00:00.0,Intermediário
4.66976,4.69463,2003-09-17 16:30:00.0,Fechamento Interbancário
4.67195,4.68082,2003-09-17 17:59:00.0,Fechamento
4.66417,4.702,2003-09-18 09:54:00.0,Abertura
4.67514,4.70003,2003-09-18 10:00:00.0,Intermediário
4.6789,4.70542,2003-09-18 10:30:00.0,Intermediário
4.66839,4.69485,2003-09-18 11:00:00.0,Intermediário
4.68171,4.70663,2003-09-18 11:30:00.0,Intermediário
4.67116,4.69601,2003-09-18 12:00:00.0,Intermediário
4.66628,4.69112,2003-09-18 12:30:00.0,Intermediário
4.66988,4.69473,2003-09-18 13:00:00.0,Intermediário
4.67393,4.69882,2003-09-18 13:30:00.0,Intermediário
4.67306,4.69792,2003-09-18 14:00:00.0,Intermediário
4.67191,4.69676,2003-09-18 14:30:00.0,Intermediário
4.67294,4.6978,2003-09-18 15:00:00.0,Intermediário
4.67562,4.69888,2003-09-18 15:30:00.0,Intermediário
4.66949,4.69436,2003-09-18 16:00:00.0,Intermediário
4.67342,4.6983,2003-09-18 16:30:00.0,Fechamento Interbancário
4.67988,4.68876,2003-09-18 17:45:00.0,Fechamento
4.71958,4.75775,2003-09-19 09:58:00.0,Abertura
4.72332,4.75005,2003-09-19 10:00:00.0,Intermediário
4.70888,4.73392,2003-09-19 10:30:00.0,Intermediário
4.71732,4.74241,2003-09-19 11:00:00.0,Intermediário
4.71952,4.74625,2003-09-19 11:30:00.0,Intermediário
4.72196,4.74869,2003-09-19 12:00:00.0,Intermediário
4.73867,4.76387,2003-09-19 12:30:00.0,Intermediário
4.73579,4.76096,2003-09-19 13:00:00.0,Intermediário
4.73609,4.76125,2003-09-19 13:30:00.0,Intermediário
4.74652,4.77173,2003-09-19 14:00:00.0,Intermediário
4.74856,4.77377,2003-09-19 14:30:00.0,Intermediário
4.74588,4.77271,2003-09-19 15:00:00.0,Intermediário
4.7393,4.76612,2003-09-19 15:30:00.0,Intermediário
4.72805,4.75154,2003-09-19 16:00:00.0,Intermediário
4.73209,4.75561,2003-09-19 16:30:00.0,Fechamento Interbancário
4.75018,4.75916,2003-09-19 17:51:00.0,Fechamento
4.77399,4.81253,2003-09-22 09:56:00.0,Abertura
4.78474,4.81341,2003-09-22 10:25:00.0,Intermediário
4.77671,4.80205,2003-09-22 10:30:00.0,Intermediário
4.76396,4.79091,2003-09-22 11:00:00.0,Intermediário
4.76927,4.79459,2003-09-22 11:30:00.0,Intermediário
4.76627,4.79158,2003-09-22 12:00:00.0,Intermediário
4.76241,4.78934,2003-09-22 12:30:00.0,Intermediário
4.76589,4.79285,2003-09-22 13:00:00.0,Intermediário
4.76992,4.79692,2003-09-22 13:30:00.0,Intermediário
4.78497,4.81204,2003-09-22 14:00:00.0,Intermediário
4.78468,4.81175,2003-09-22 14:30:00.0,Intermediário
4.77677,4.80545,2003-09-22 15:00:00.0,Intermediário
4.79235,4.8178,2003-09-22 15:30:00.0,Intermediário
4.77668,4.80368,2003-09-22 16:00:00.0,Intermediário
4.7732,4.8002,2003-09-22 16:30:00.0,Fechamento Interbancário
4.7859,4.79494,2003-09-22 17:46:00.0,Fechamento
4.78526,4.82394,2003-09-23 09:50:00.0,Abertura
4.79399,4.82274,2003-09-23 10:00:00.0,Intermediário
4.79177,4.81722,2003-09-23 10:30:00.0,Intermediário
4.80273,4.82824,2003-09-23 11:00:00.0,Intermediário
4.79704,4.82247,2003-09-23 11:30:00.0,Intermediário
4.80895,4.83447,2003-09-23 12:00:00.0,Intermediário
4.8106,4.83612,2003-09-23 12:30:00.0,Intermediário
4.82362,4.84918,2003-09-23 13:00:00.0,Intermediário
4.82625,4.85184,2003-09-23 13:30:00.0,Intermediário
4.83059,4.85622,2003-09-23 14:00:00.0,Intermediário
4.82012,4.84568,2003-09-23 14:30:00.0,Intermediário
4.81778,4.84334,2003-09-23 15:00:00.0,Intermediário
4.82574,4.85631,2003-09-23 15:30:00.0,Intermediário
4.81566,4.84286,2003-09-23 16:00:00.0,Intermediário
4.81352,4.83903,2003-09-23 16:30:00.0,Fechamento Interbancário
4.80985,4.81892,2003-09-23 17:40:00.0,Fechamento
4.84654,4.88549,2003-09-24 09:54:00.0,Abertura
4.85362,4.88265,2003-09-24 10:00:00.0,Intermediário
4.84661,4.8723,2003-09-24 10:30:00.0,Intermediário
4.83253,4.85982,2003-09-24 11:00:00.0,Intermediário
4.83491,4.86053,2003-09-24 11:30:00.0,Intermediário
4.82527,4.85084,2003-09-24 12:00:00.0,Intermediário
4.80573,4.83453,2003-09-24 12:30:00.0,Intermediário
4.81098,4.8398,2003-09-24 13:00:00.0,Intermediário
4.81078,4.83631,2003-09-24 13:30:00.0,Intermediário
4.8102,4.8357,2003-09-24 14:00:00.0,Intermediário
4.80962,4.83511,2003-09-24 14:30:00.0,Intermediário
4.83118,4.85847,2003-09-24 15:00:00.0,Intermediário
4.8277,4.85662,2003-09-24 15:30:00.0,Intermediário
4.8379,4.86188,2003-09-24 16:00:00.0,Intermediário
4.83653,4.86218,2003-09-24 16:30:00.0,Fechamento Interbancário
4.8487,4.85781,2003-09-24 17:38:00.0,Fechamento
4.82206,4.8609,2003-09-25 09:50:00.0,Abertura
4.82498,4.85221,2003-09-25 10:00:00.0,Intermediário
4.82469,4.85026,2003-09-25 10:30:00.0,Intermediário
4.84637,4.87206,2003-09-25 11:00:00.0,Intermediário
4.85359,4.87929,2003-09-25 11:30:00.0,Intermediário
4.86325,4.88901,2003-09-25 12:00:00.0,Intermediário
4.857,4.88438,2003-09-25 12:30:00.0,Intermediário
4.84306,4.8704,2003-09-25 13:00:00.0,Intermediário
4.84491,4.87225,2003-09-25 13:30:00.0,Intermediário
4.84725,4.87459,2003-09-25 14:00:00.0,Intermediário
4.84754,4.87489,2003-09-25 14:30:00.0,Intermediário
4.86393,4.88967,2003-09-25 15:00:00.0,Intermediário
4.86693,4.89271,2003-09-25 15:30:00.0,Intermediário
4.86439,4.89016,2003-09-25 16:00:00.0,Intermediário
4.86498,4.89075,2003-09-25 16:30:00.0,Fechamento Interbancário
4.86279,4.87192,2003-09-25 17:46:00.0,Fechamento
4.84473,4.88369,2003-09-26 09:46:00.0,Abertura
4.85777,4.8835,2003-09-26 10:00:00.0,Intermediário
4.87355,4.89936,2003-09-26 10:30:00.0,Intermediário
4.88363,4.91116,2003-09-26 11:00:00.0,Intermediário
4.85456,4.88028,2003-09-26 11:30:00.0,Intermediário
4.86888,4.89466,2003-09-26 12:00:00.0,Intermediário
4.85854,4.88595,2003-09-26 12:30:00.0,Intermediário
4.84462,4.87196,2003-09-26 13:00:00.0,Intermediário
4.84345,4.87079,2003-09-26 13:30:00.0,Intermediário
4.83994,4.86727,2003-09-26 14:00:00.0,Intermediário
4.84199,4.86932,2003-09-26 14:30:00.0,Intermediário
4.84871,4.87441,2003-09-26 15:00:00.0,Intermediário
4.84471,4.8704,2003-09-26 15:30:00.0,Intermediário
4.84921,4.87656,2003-09-26 16:00:00.0,Intermediário
4.84733,4.88301,2003-09-26 16:30:00.0,Fechamento Interbancário
4.86951,4.87865,2003-09-26 17:50:00.0,Fechamento
4.82871,4.86754,2003-09-29 09:58:00.0,Abertura
4.83636,4.86364,2003-09-29 10:00:00.0,Intermediário
4.83553,4.86279,2003-09-29 10:30:00.0,Intermediário
4.84182,4.86746,2003-09-29 11:00:00.0,Intermediário
4.84991,4.87396,2003-09-29 11:30:00.0,Intermediário
4.87191,4.8994,2003-09-29 12:13:00.0,Intermediário
4.87357,4.89773,2003-09-29 12:30:00.0,Intermediário
4.87994,4.90576,2003-09-29 13:15:00.0,Intermediário
4.8726,4.89842,2003-09-29 13:30:00.0,Intermediário
4.87465,4.90047,2003-09-29 14:00:00.0,Intermediário
4.87524,4.90106,2003-09-29 14:30:00.0,Intermediário
4.87778,4.90526,2003-09-29 15:00:00.0,Intermediário
4.86254,4.88996,2003-09-29 15:30:00.0,Intermediário
4.86038,4.88947,2003-09-29 16:00:00.0,Intermediário
4.86459,4.89035,2003-09-29 16:30:00.0,Fechamento Interbancário
4.89258,4.90173,2003-09-29 17:43:00.0,Fechamento
4.87235,4.91155,2003-09-30 09:42:00.0,Abertura
4.86393,4.89306,2003-09-30 10:00:00.0,Intermediário
4.86735,4.89649,2003-09-30 10:30:00.0,Intermediário
4.88191,4.90777,2003-09-30 11:00:00.0,Intermediário
4.86989,4.89569,2003-09-30 11:30:00.0,Intermediário
4.84686,4.87421,2003-09-30 12:03:00.0,Intermediário
4.85018,4.87755,2003-09-30 12:43:00.0,Intermediário
4.85164,4.87901,2003-09-30 13:00:00.0,Intermediário
4.85512,4.88253,2003-09-30 13:33:00.0,Intermediário
4.85018,4.87755,2003-09-30 14:00:00.0,Intermediário
4.85076,4.87814,2003-09-30 14:30:00.0,Intermediário
4.81954,4.84844,2003-09-30 15:00:00.0,Intermediário
4.80835,4.83551,2003-09-30 15:30:00.0,Intermediário
4.8013,4.82844,2003-09-30 16:00:00.0,Intermediário
4.7989,4.82438,2003-09-30 16:30:00.0,Fechamento Interbancário
4.8599,4.86901,2003-09-30 17:39:00.0,Fechamento
4.77933,4.81797,2003-10-01 09:43:00.0,Abertura
4.78002,4.80707,2003-10-01 10:00:00.0,Intermediário
4.78694,4.81401,2003-10-01 10:30:00.0,Intermediário
4.78882,4.81425,2003-10-01 11:00:00.0,Intermediário
4.81486,4.84207,2003-10-01 12:07:00.0,Intermediário
4.82192,4.84751,2003-10-01 12:11:00.0,Intermediário
4.82367,4.85092,2003-10-01 12:30:00.0,Intermediário
4.8318,4.85742,2003-10-01 13:00:00.0,Intermediário
4.83085,4.85812,2003-10-01 13:30:00.0,Intermediário
4.83433,4.86164,2003-10-01 14:00:00.0,Intermediário
4.83143,4.8587,2003-10-01 14:30:00.0,Intermediário
4.83396,4.86124,2003-10-01 15:00:00.0,Intermediário
4.83021,4.85582,2003-10-01 15:30:00.0,Intermediário
4.82905,4.85633,2003-10-01 16:00:00.0,Intermediário
4.82963,4.85524,2003-10-01 16:30:00.0,Fechamento Interbancário
4.84174,4.8508,2003-10-01 17:40:00.0,Fechamento
4.81979,4.8587,2003-10-02 09:47:00.0,Abertura
4.83055,4.85786,2003-10-02 10:00:00.0,Intermediário
4.84178,4.86913,2003-10-02 10:30:00.0,Intermediário
4.84461,4.87197,2003-10-02 11:00:00.0,Intermediário
4.8394,4.86505,2003-10-02 11:30:00.0,Intermediário
4.83911,4.86476,2003-10-02 12:00:00.0,Intermediário
4.83237,4.85965,2003-10-02 12:30:00.0,Intermediário
4.8355,4.86282,2003-10-02 13:00:00.0,Intermediário
4.82888,4.85616,2003-10-02 13:30:00.0,Intermediário
4.82136,4.8486,2003-10-02 14:00:00.0,Intermediário
4.82425,4.8515,2003-10-02 14:30:00.0,Intermediário
4.82121,4.84843,2003-10-02 15:00:00.0,Intermediário
4.81402,4.83954,2003-10-02 15:30:00.0,Intermediário
4.8144,4.83826,2003-10-02 16:00:00.0,Intermediário
4.81347,4.83901,2003-10-02 16:30:00.0,Fechamento Interbancário
4.83597,4.84505,2003-10-02 17:40:00.0,Fechamento
4.78647,4.82523,2003-10-03 09:55:00.0,Abertura
4.78071,4.81945,2003-10-03 10:00:00.0,Intermediário
4.80829,4.8338,2003-10-03 10:30:00.0,Intermediário
4.80439,4.82988,2003-10-03 11:06:00.0,Intermediário
4.8045,4.83168,2003-10-03 11:30:00.0,Intermediário
4.79665,4.82378,2003-10-03 12:00:00.0,Intermediário
4.78215,4.80922,2003-10-03 12:47:00.0,Intermediário
4.7862,4.80996,2003-10-03 13:00:00.0,Intermediário
4.78591,4.80967,2003-10-03 13:30:00.0,Intermediário
4.77671,4.80041,2003-10-03 14:00:00.0,Intermediário
4.78104,4.80474,2003-10-03 14:30:00.0,Intermediário
4.78616,4.81156,2003-10-03 15:00:00.0,Intermediário
4.79027,4.81569,2003-10-03 15:30:00.0,Intermediário
4.78161,4.80698,2003-10-03 16:00:00.0,Intermediário
4.78385,4.80925,2003-10-03 16:30:00.0,Fechamento Interbancário
4.79443,4.80344,2003-10-03 17:40:00.0,Fechamento
4.80245,4.84132,2003-10-06 09:59:00.0,Abertura
4.80601,4.83653,2003-10-06 10:08:00.0,Intermediário
4.81527,4.84083,2003-10-06 10:30:00.0,Intermediário
4.79533,4.82077,2003-10-06 11:00:00.0,Intermediário
4.79487,4.82032,2003-10-06 11:30:00.0,Intermediário
4.7932,4.822,2003-10-06 12:00:00.0,Intermediário
4.80317,4.82866,2003-10-06 12:30:00.0,Intermediário
4.79892,4.82439,2003-10-06 13:08:00.0,Intermediário
4.79291,4.81836,2003-10-06 13:38:00.0,Intermediário
4.79262,4.81807,2003-10-06 14:12:00.0,Intermediário
4.7932,4.81864,2003-10-06 14:30:00.0,Intermediário
4.78561,4.81435,2003-10-06 15:00:00.0,Intermediário
4.77584,4.80119,2003-10-06 15:30:00.0,Intermediário
4.76488,4.7902,2003-10-06 16:00:00.0,Intermediário
4.76974,4.79507,2003-10-06 16:30:00.0,Fechamento Interbancário
4.79602,4.80503,2003-10-06 17:54:00.0,Fechamento
4.77566,4.8144,2003-10-07 09:48:00.0,Abertura
4.78032,4.80569,2003-10-07 10:00:00.0,Intermediário
4.78491,4.81031,2003-10-07 10:30:00.0,Intermediário
4.78457,4.81165,2003-10-07 11:00:00.0,Intermediário
4.79284,4.8183,2003-10-07 11:30:00.0,Intermediário
4.78785,4.81328,2003-10-07 12:00:00.0,Intermediário
4.76577,4.79277,2003-10-07 12:30:00.0,Intermediário
4.74694,4.77218,2003-10-07 13:00:00.0,Intermediário
4.74714,4.77237,2003-10-07 13:30:00.0,Intermediário
4.74743,4.77266,2003-10-07 14:00:00.0,Intermediário
4.74829,4.77351,2003-10-07 14:30:00.0,Intermediário
4.74297,4.77151,2003-10-07 15:00:00.0,Intermediário
4.73605,4.76289,2003-10-07 15:30:00.0,Intermediário
4.74079,4.76599,2003-10-07 16:00:00.0,Intermediário
4.73994,4.76513,2003-10-07 16:30:00.0,Fechamento Interbancário
4.76726,4.77622,2003-10-07 18:41:00.0,Fechamento
4.72461,4.76308,2003-10-08 09:46:00.0,Abertura
4.72797,4.75645,2003-10-08 10:00:00.0,Intermediário
4.71958,4.74636,2003-10-08 10:30:00.0,Intermediário
4.70724,4.73227,2003-10-08 11:00:00.0,Intermediário
4.71633,4.74474,2003-10-08 11:30:00.0,Intermediário
4.70937,4.73609,2003-10-08 12:00:00.0,Intermediário
4.71842,4.74351,2003-10-08 12:30:00.0,Intermediário
4.71463,4.7397,2003-10-08 13:00:00.0,Intermediário
4.71833,4.7434,2003-10-08 13:30:00.0,Intermediário
4.71804,4.74312,2003-10-08 14:00:00.0,Intermediário
4.71975,4.74485,2003-10-08 14:30:00.0,Intermediário
4.71203,4.73709,2003-10-08 15:00:00.0,Intermediário
4.71449,4.74124,2003-10-08 15:30:00.0,Intermediário
4.71809,4.74485,2003-10-08 16:01:00.0,Intermediário
4.72404,4.74917,2003-10-08 16:30:00.0,Fechamento Interbancário
4.72712,4.73601,2003-10-08 17:45:00.0,Fechamento
4.71354,4.75192,2003-10-09 09:54:00.0,Abertura
4.7124,4.73746,2003-10-09 10:00:00.0,Intermediário
4.71028,4.73533,2003-10-09 10:30:00.0,Intermediário
4.72782,4.75629,2003-10-09 11:00:00.0,Intermediário
4.73107,4.75623,2003-10-09 11:31:00.0,Intermediário
4.7256,4.75575,2003-10-09 12:00:00.0,Intermediário
4.69815,4.7248,2003-10-09 12:35:00.0,Intermediário
4.69095,4.71757,2003-10-09 13:00:00.0,Intermediário
4.70196,4.72865,2003-10-09 13:30:00.0,Intermediário
4.6997,4.72638,2003-10-09 14:00:00.0,Intermediário
4.69913,4.72581,2003-10-09 14:30:00.0,Intermediário
4.68828,4.71323,2003-10-09 15:00:00.0,Intermediário
4.70281,4.7295,2003-10-09 15:30:00.0,Intermediário
4.7107,4.73576,2003-10-09 16:00:00.0,Intermediário
4.7073,4.73233,2003-10-09 16:30:00.0,Fechamento Interbancário
4.73198,4.74087,2003-10-09 17:44:00.0,Fechamento
4.70326,4.74164,2003-10-10 09:37:00.0,Abertura
4.72158,4.74837,2003-10-10 10:02:00.0,Intermediário
4.73704,4.76223,2003-10-10 10:30:00.0,Intermediário
4.74351,4.76873,2003-10-10 11:00:00.0,Intermediário
4.7234,4.74853,2003-10-10 11:30:00.0,Intermediário
4.71342,4.7385,2003-10-10 12:00:00.0,Intermediário
4.70755,4.73425,2003-10-10 12:30:00.0,Intermediário
4.71059,4.73564,2003-10-10 13:00:00.0,Intermediário
4.71087,4.73592,2003-10-10 13:30:00.0,Intermediário
4.70804,4.73309,2003-10-10 14:00:00.0,Intermediário
4.70634,4.73138,2003-10-10 14:30:00.0,Intermediário
4.71554,4.74061,2003-10-10 15:00:00.0,Intermediário
4.71027,4.73699,2003-10-10 15:30:00.0,Intermediário
4.69949,4.72783,2003-10-10 16:00:00.0,Intermediário
4.69885,4.72386,2003-10-10 16:30:00.0,Fechamento Interbancário
4.72082,4.7297,2003-10-10 17:42:00.0,Fechamento
4.69507,4.7334,2003-10-13 09:57:00.0,Abertura
4.70479,4.72981,2003-10-13 10:00:00.0,Intermediário
4.71055,4.73561,2003-10-13 10:30:00.0,Intermediário
4.70715,4.7322,2003-10-13 11:00:00.0,Intermediário
4.70933,4.7344,2003-10-13 11:30:00.0,Intermediário
4.71667,4.74175,2003-10-13 12:00:00.0,Intermediário
4.70889,4.73394,2003-10-13 12:30:00.0,Intermediário
4.71055,4.73561,2003-10-13 13:07:00.0,Intermediário
4.70913,4.73419,2003-10-13 13:59:00.0,Intermediário
4.71027,4.73532,2003-10-13 14:27:00.0,Intermediário
4.71055,4.73561,2003-10-13 14:30:00.0,Intermediário
4.72146,4.74821,2003-10-13 15:00:00.0,Intermediário
4.71509,4.74017,2003-10-13 15:30:00.0,Intermediário
4.71201,4.73873,2003-10-13 16:00:00.0,Intermediário
4.71371,4.73879,2003-10-13 16:30:00.0,Fechamento Interbancário
4.7215,4.73038,2003-10-13 17:40:00.0,Fechamento
4.70842,4.74678,2003-10-14 09:40:00.0,Abertura
4.7184,4.7435,2003-10-14 10:00:00.0,Intermediário
4.72273,4.74949,2003-10-14 10:30:00.0,Intermediário
4.69782,4.72281,2003-10-14 11:00:00.0,Intermediário
4.71278,4.73784,2003-10-14 11:30:00.0,Intermediário
4.71841,4.74184,2003-10-14 12:00:00.0,Intermediário
4.7135,4.73859,2003-10-14 12:30:00.0,Intermediário
4.72318,4.74832,2003-10-14 13:00:00.0,Intermediário
4.72149,4.74662,2003-10-14 13:30:00.0,Intermediário
4.72403,4.74916,2003-10-14 14:00:00.0,Intermediário
4.72488,4.75001,2003-10-14 14:30:00.0,Intermediário
4.7246,4.74805,2003-10-14 15:00:00.0,Intermediário
4.72092,4.74605,2003-10-14 15:30:00.0,Intermediário
4.7229,4.74803,2003-10-14 16:00:00.0,Intermediário
4.71699,4.74206,2003-10-14 16:31:00.0,Fechamento Interbancário
4.74695,4.7559,2003-10-14 17:38:00.0,Fechamento
4.69867,4.73702,2003-10-15 09:59:00.0,Abertura
4.70245,4.72915,2003-10-15 10:00:00.0,Intermediário
4.69259,4.71922,2003-10-15 10:30:00.0,Intermediário
4.70501,4.73003,2003-10-15 11:00:00.0,Intermediário
4.70498,4.72834,2003-10-15 11:30:00.0,Intermediário
4.69877,4.72212,2003-10-15 12:00:00.0,Intermediário
4.7119,4.73697,2003-10-15 12:30:00.0,Intermediário
4.70775,4.73447,2003-10-15 13:00:00.0,Intermediário
4.70323,4.72994,2003-10-15 13:30:00.0,Intermediário
4.7021,4.72881,2003-10-15 14:00:00.0,Intermediário
4.70379,4.73051,2003-10-15 14:30:00.0,Intermediário
4.69962,4.72462,2003-10-15 15:00:00.0,Intermediário
4.70266,4.72768,2003-10-15 15:30:00.0,Intermediário
4.72264,4.75112,2003-10-15 16:00:00.0,Intermediário
4.7204,4.7455,2003-10-15 16:30:00.0,Fechamento Interbancário
4.70973,4.71858,2003-10-15 17:41:00.0,Fechamento
4.73527,4.77387,2003-10-16 09:35:00.0,Abertura
4.75168,4.77692,2003-10-16 10:00:00.0,Intermediário
4.73784,4.76807,2003-10-16 10:30:00.0,Intermediário
4.75495,4.7819,2003-10-16 11:00:00.0,Intermediário
4.75271,4.77796,2003-10-16 11:30:00.0,Intermediário
4.75609,4.78135,2003-10-16 12:00:00.0,Intermediário
4.75714,4.78074,2003-10-16 12:30:00.0,Intermediário
4.75118,4.77809,2003-10-16 13:00:00.0,Intermediário
4.75231,4.77925,2003-10-16 13:30:00.0,Intermediário
4.75033,4.77724,2003-10-16 14:00:00.0,Intermediário
4.75513,4.7821,2003-10-16 14:30:00.0,Intermediário
4.7532,4.77679,2003-10-16 15:00:00.0,Intermediário
4.75673,4.78367,2003-10-16 15:30:00.0,Intermediário
4.75797,4.78159,2003-10-16 16:00:00.0,Intermediário
4.75569,4.77931,2003-10-16 16:30:00.0,Fechamento Interbancário
4.74882,4.75777,2003-10-16 17:42:00.0,Fechamento
4.76465,4.80335,2003-10-17 09:57:00.0,Abertura
4.76395,4.78925,2003-10-17 10:00:00.0,Intermediário
4.77251,4.79784,2003-10-17 10:30:00.0,Intermediário
4.77326,4.79861,2003-10-17 11:00:00.0,Intermediário
4.78426,4.80798,2003-10-17 11:36:00.0,Intermediário
4.7718,4.79714,2003-10-17 12:00:00.0,Intermediário
4.76852,4.79387,2003-10-17 12:30:00.0,Intermediário
4.77156,4.79522,2003-10-17 13:00:00.0,Intermediário
4.77127,4.79493,2003-10-17 13:30:00.0,Intermediário
4.77213,4.79579,2003-10-17 14:00:00.0,Intermediário
4.77156,4.79522,2003-10-17 14:30:00.0,Intermediário
4.77658,4.80197,2003-10-17 15:00:00.0,Intermediário
4.78503,4.81044,2003-10-17 15:30:00.0,Intermediário
4.79119,4.81662,2003-10-17 16:11:00.0,Intermediário
4.79463,4.82006,2003-10-17 16:41:00.0,Fechamento Interbancário
4.80035,4.80936,2003-10-17 17:39:00.0,Fechamento
4.80772,4.84666,2003-10-20 10:16:00.0,Abertura
4.80772,4.83826,2003-10-20 10:18:00.0,Intermediário
4.82294,4.84852,2003-10-20 10:30:00.0,Intermediário
4.81954,4.84343,2003-10-20 11:00:00.0,Intermediário
4.82195,4.84754,2003-10-20 11:30:00.0,Intermediário
4.80525,4.83077,2003-10-20 12:00:00.0,Intermediário
4.80518,4.83067,2003-10-20 12:30:00.0,Intermediário
4.80571,4.8312,2003-10-20 13:15:00.0,Intermediário
4.80714,4.83264,2003-10-20 13:42:00.0,Intermediário
4.80456,4.83005,2003-10-20 14:09:00.0,Intermediário
4.80254,4.82804,2003-10-20 14:30:00.0,Intermediário
4.8066,4.83378,2003-10-20 15:00:00.0,Intermediário
4.81141,4.83863,2003-10-20 15:30:00.0,Intermediário
4.79944,4.82492,2003-10-20 16:00:00.0,Intermediário
4.79805,4.82353,2003-10-20 16:30:00.0,Fechamento Interbancário
4.82014,4.82921,2003-10-20 17:43:00.0,Fechamento
4.76736,4.8061,2003-10-21 09:55:00.0,Abertura
4.77427,4.79963,2003-10-21 10:00:00.0,Intermediário
4.77513,4.80049,2003-10-21 10:30:00.0,Intermediário
4.77968,4.80508,2003-10-21 11:00:00.0,Intermediário
4.78021,4.80896,2003-10-21 11:30:00.0,Intermediário
4.7783,4.80368,2003-10-21 12:00:00.0,Intermediário
4.78087,4.80626,2003-10-21 12:30:00.0,Intermediário
4.79386,4.81931,2003-10-21 13:00:00.0,Intermediário
4.79439,4.81814,2003-10-21 13:30:00.0,Intermediário
4.7898,4.81355,2003-10-21 14:00:00.0,Intermediário
4.78837,4.81212,2003-10-21 14:30:00.0,Intermediário
4.78608,4.81318,2003-10-21 15:00:00.0,Intermediário
4.78216,4.80757,2003-10-21 15:30:00.0,Intermediário
4.7649,4.7919,2003-10-21 16:00:00.0,Intermediário
4.76852,4.79387,2003-10-21 16:30:00.0,Fechamento Interbancário
4.78549,4.7945,2003-10-21 17:39:00.0,Fechamento
4.77966,4.81853,2003-10-22 09:43:00.0,Abertura
4.78441,4.81319,2003-10-22 10:00:00.0,Intermediário
4.80034,4.8275,2003-10-22 10:30:00.0,Intermediário
4.80499,4.83048,2003-10-22 11:00:00.0,Intermediário
4.80616,4.83334,2003-10-22 11:30:00.0,Intermediário
4.82056,4.84784,2003-10-22 12:00:00.0,Intermediário
4.81407,4.83963,2003-10-22 12:30:00.0,Intermediário
4.8251,4.8507,2003-10-22 13:00:00.0,Intermediário
4.82911,4.85471,2003-10-22 13:30:00.0,Intermediário
4.83624,4.8619,2003-10-22 14:00:00.0,Intermediário
4.83197,4.8576,2003-10-22 14:30:00.0,Intermediário
4.81984,4.8437,2003-10-22 15:00:00.0,Intermediário
4.82327,4.85225,2003-10-22 15:30:00.0,Intermediário
4.83509,4.86245,2003-10-22 16:00:00.0,Intermediário
4.83709,4.86106,2003-10-22 16:30:00.0,Fechamento Interbancário
4.83968,4.84875,2003-10-22 17:45:00.0,Fechamento
4.84379,4.88304,2003-10-23 09:51:00.0,Abertura
4.84541,4.87109,2003-10-23 10:00:00.0,Intermediário
4.85198,4.88109,2003-10-23 10:30:00.0,Intermediário
4.84268,4.87174,2003-10-23 11:00:00.0,Intermediário
4.83755,4.86318,2003-10-23 11:30:00.0,Intermediário
4.83637,4.86032,2003-10-23 12:00:00.0,Intermediário
4.83863,4.86597,2003-10-23 12:30:00.0,Intermediário
4.83398,4.85961,2003-10-23 13:00:00.0,Intermediário
4.84219,4.86957,2003-10-23 13:30:00.0,Intermediário
4.84248,4.86986,2003-10-23 14:00:00.0,Intermediário
4.83678,4.86412,2003-10-23 14:30:00.0,Intermediário
4.83286,4.8602,2003-10-23 15:00:00.0,Intermediário
4.83764,4.86161,2003-10-23 15:30:00.0,Intermediário
4.83735,4.86302,2003-10-23 16:00:00.0,Intermediário
4.83964,4.86531,2003-10-23 16:30:00.0,Fechamento Interbancário
4.85908,4.86819,2003-10-23 17:43:00.0,Fechamento
4.83998,4.87924,2003-10-24 09:43:00.0,Abertura
4.85435,4.88007,2003-10-24 10:00:00.0,Intermediário
4.86344,4.8892,2003-10-24 10:30:00.0,Intermediário
4.85983,4.88728,2003-10-24 11:00:00.0,Intermediário
4.85248,4.8782,2003-10-24 11:30:00.0,Intermediário
4.85305,4.88049,2003-10-24 12:00:00.0,Intermediário
4.85532,4.88277,2003-10-24 12:30:00.0,Intermediário
4.85644,4.88048,2003-10-24 13:00:00.0,Intermediário
4.85756,4.88162,2003-10-24 13:30:00.0,Intermediário
4.85615,4.88019,2003-10-24 14:00:00.0,Intermediário
4.85727,4.88134,2003-10-24 14:30:00.0,Intermediário
4.85985,4.88392,2003-10-24 15:00:00.0,Intermediário
4.85474,4.88049,2003-10-24 15:30:00.0,Intermediário
4.85897,4.88814,2003-10-24 16:00:00.0,Intermediário
4.86011,4.88587,2003-10-24 16:30:00.0,Fechamento Interbancário
4.86517,4.87428,2003-10-24 17:38:00.0,Fechamento
4.85093,4.89024,2003-10-27 09:59:00.0,Abertura
4.86165,4.89252,2003-10-27 10:00:00.0,Intermediário
4.8636,4.88938,2003-10-27 10:30:00.0,Intermediário
4.85029,4.87939,2003-10-27 11:00:00.0,Intermediário
4.85651,4.88227,2003-10-27 11:30:00.0,Intermediário
4.85457,4.88031,2003-10-27 12:00:00.0,Intermediário
4.85349,4.88091,2003-10-27 12:30:00.0,Intermediário
4.854,4.87974,2003-10-27 13:16:00.0,Intermediário
4.86204,4.88778,2003-10-27 13:39:00.0,Intermediário
4.86118,4.88692,2003-10-27 14:00:00.0,Intermediário
4.86089,4.88663,2003-10-27 14:30:00.0,Intermediário
4.84873,4.87612,2003-10-27 15:00:00.0,Intermediário
4.85352,4.88094,2003-10-27 15:30:00.0,Intermediário
4.85268,4.8784,2003-10-27 16:00:00.0,Intermediário
4.84982,4.87553,2003-10-27 16:30:00.0,Fechamento Interbancário
4.86531,4.87442,2003-10-27 18:02:00.0,Fechamento
4.83497,4.87416,2003-10-28 09:52:00.0,Abertura
4.83751,4.86316,2003-10-28 10:00:00.0,Intermediário
4.85841,4.88416,2003-10-28 10:30:00.0,Intermediário
4.84993,4.87563,2003-10-28 11:00:00.0,Intermediário
4.8457,4.87137,2003-10-28 11:30:00.0,Intermediário
4.84139,4.86706,2003-10-28 12:00:00.0,Intermediário
4.83385,4.86287,2003-10-28 12:30:00.0,Intermediário
4.82096,4.85161,2003-10-28 13:00:00.0,Intermediário
4.82888,4.8545,2003-10-28 13:30:00.0,Intermediário
4.83629,4.86194,2003-10-28 14:00:00.0,Intermediário
4.83657,4.86222,2003-10-28 14:30:00.0,Intermediário
4.83324,4.86056,2003-10-28 15:00:00.0,Intermediário
4.82557,4.85117,2003-10-28 15:30:00.0,Intermediário
4.82472,4.85201,2003-10-28 16:00:00.0,Intermediário
4.82924,4.85486,2003-10-28 16:30:00.0,Fechamento Interbancário
4.86608,4.87518,2003-10-28 17:40:00.0,Fechamento
4.84498,4.88434,2003-10-29 09:49:00.0,Abertura
4.8566,4.88235,2003-10-29 10:00:00.0,Intermediário
4.85291,4.88036,2003-10-29 10:30:00.0,Intermediário
4.8546,4.88035,2003-10-29 11:00:00.0,Intermediário
4.84837,4.87409,2003-10-29 11:30:00.0,Intermediário
4.85206,4.87779,2003-10-29 12:00:00.0,Intermediário
4.84382,4.87119,2003-10-29 12:30:00.0,Intermediário
4.84639,4.87209,2003-10-29 13:00:00.0,Intermediário
4.84779,4.87351,2003-10-29 13:30:00.0,Intermediário
4.84268,4.86835,2003-10-29 14:00:00.0,Intermediário
4.84411,4.86977,2003-10-29 14:30:00.0,Intermediário
4.83246,4.8581,2003-10-29 15:00:00.0,Intermediário
4.82851,4.85413,2003-10-29 15:30:00.0,Intermediário
4.82597,4.85157,2003-10-29 16:00:00.0,Intermediário
4.82429,4.84987,2003-10-29 16:30:00.0,Fechamento Interbancário
4.8515,4.86056,2003-10-29 17:41:00.0,Fechamento
4.81806,4.8573,2003-10-30 09:57:00.0,Abertura
4.82542,4.85103,2003-10-30 10:00:00.0,Intermediário
4.82769,4.855,2003-10-30 10:30:00.0,Intermediário
4.83677,4.86241,2003-10-30 11:00:00.0,Intermediário
4.82884,4.85445,2003-10-30 11:30:00.0,Intermediário
4.82769,4.85502,2003-10-30 12:00:00.0,Intermediário
4.82938,4.85499,2003-10-30 12:30:00.0,Intermediário
4.84668,4.87237,2003-10-30 13:00:00.0,Intermediário
4.85234,4.87808,2003-10-30 13:30:00.0,Intermediário
4.84438,4.87005,2003-10-30 14:00:00.0,Intermediário
4.84467,4.87034,2003-10-30 14:30:00.0,Intermediário
4.84187,4.86583,2003-10-30 15:00:00.0,Intermediário
4.83474,4.86038,2003-10-30 15:30:00.0,Intermediário
4.81941,4.84497,2003-10-30 16:00:00.0,Intermediário
4.8197,4.84526,2003-10-30 16:30:00.0,Fechamento Interbancário
4.81681,4.82584,2003-10-30 17:53:00.0,Fechamento
4.79933,4.83837,2003-10-31 09:49:00.0,Abertura
4.79933,4.82481,2003-10-31 10:00:00.0,Intermediário
4.79426,4.82142,2003-10-31 10:30:00.0,Intermediário
4.80498,4.83048,2003-10-31 11:00:00.0,Intermediário
4.8092,4.83643,2003-10-31 11:30:00.0,Intermediário
4.82052,4.84439,2003-10-31 12:00:00.0,Intermediário
4.80917,4.83467,2003-10-31 12:30:00.0,Intermediário
4.82636,4.85028,2003-10-31 13:00:00.0,Intermediário
4.84035,4.86603,2003-10-31 13:30:00.0,Intermediário
4.83609,4.86174,2003-10-31 14:00:00.0,Intermediário
4.83752,4.86317,2003-10-31 14:30:00.0,Intermediário
4.84649,4.87217,2003-10-31 15:00:00.0,Intermediário
4.84706,4.87274,2003-10-31 15:30:00.0,Intermediário
4.84899,4.87469,2003-10-31 16:00:00.0,Intermediário
4.84245,4.86814,2003-10-31 16:30:00.0,Fechamento Interbancário
4.83491,4.84397,2003-10-31 18:01:00.0,Fechamento
4.82223,4.8614,2003-11-03 09:43:00.0,Abertura
4.82649,4.85377,2003-11-03 10:00:00.0,Intermediário
4.82504,4.85063,2003-11-03 10:30:00.0,Intermediário
4.83207,4.8594,2003-11-03 11:00:00.0,Intermediário
4.82979,4.85711,2003-11-03 11:30:00.0,Intermediário
4.83064,4.85627,2003-11-03 12:00:00.0,Intermediário
4.82869,4.8577,2003-11-03 12:30:00.0,Intermediário
4.82322,4.84879,2003-11-03 13:14:00.0,Intermediário
4.79841,4.82388,2003-11-03 13:55:00.0,Intermediário
4.79527,4.8207,2003-11-03 14:00:00.0,Intermediário
4.78726,4.81269,2003-11-03 14:42:00.0,Intermediário
4.77472,4.80177,2003-11-03 15:00:00.0,Intermediário
4.7719,4.79726,2003-11-03 15:30:00.0,Intermediário
4.77561,4.80265,2003-11-03 16:00:00.0,Intermediário
4.77447,4.79983,2003-11-03 16:30:00.0,Fechamento Interbancário
4.7856,4.7946,2003-11-03 17:45:00.0,Fechamento
4.77958,4.81838,2003-11-04 09:51:00.0,Abertura
4.78827,4.81535,2003-11-04 10:00:00.0,Intermediário
4.78789,4.81666,2003-11-04 10:30:00.0,Intermediário
4.77949,4.80487,2003-11-04 11:00:00.0,Intermediário
4.78807,4.81517,2003-11-04 11:30:00.0,Intermediário
4.78631,4.81338,2003-11-04 12:00:00.0,Intermediário
4.78517,4.81056,2003-11-04 12:30:00.0,Intermediário
4.77586,4.80123,2003-11-04 13:00:00.0,Intermediário
4.78468,4.8084,2003-11-04 13:30:00.0,Intermediário
4.78808,4.81184,2003-11-04 14:00:00.0,Intermediário
4.79065,4.81441,2003-11-04 14:30:00.0,Intermediário
4.78906,4.81447,2003-11-04 15:00:00.0,Intermediário
4.79116,4.81661,2003-11-04 15:30:00.0,Intermediário
4.7998,4.82696,2003-11-04 16:00:00.0,Intermediário
4.80034,4.82413,2003-11-04 16:30:00.0,Fechamento Interbancário
4.80738,4.81639,2003-11-04 17:49:00.0,Fechamento
4.76751,4.80626,2003-11-05 09:30:00.0,Abertura
4.7748,4.80183,2003-11-05 10:00:00.0,Intermediário
4.79027,4.81738,2003-11-05 10:30:00.0,Intermediário
4.78276,4.80983,2003-11-05 11:00:00.0,Intermediário
4.78807,4.81517,2003-11-05 11:30:00.0,Intermediário
4.78698,4.81241,2003-11-05 12:00:00.0,Intermediário
4.77582,4.80119,2003-11-05 12:30:00.0,Intermediário
4.77797,4.80336,2003-11-05 13:00:00.0,Intermediário
4.79282,4.81828,2003-11-05 13:30:00.0,Intermediário
4.80513,4.83062,2003-11-05 14:00:00.0,Intermediário
4.80198,4.82744,2003-11-05 14:30:00.0,Intermediário
4.78584,4.81126,2003-11-05 15:00:00.0,Intermediário
4.78305,4.81012,2003-11-05 15:30:00.0,Intermediário
4.78517,4.81224,2003-11-05 16:00:00.0,Intermediário
4.77404,4.79939,2003-11-05 16:30:00.0,Fechamento Interbancário
4.77694,4.78594,2003-11-05 17:38:00.0,Fechamento
4.78302,4.82185,2003-11-06 09:55:00.0,Abertura
4.78464,4.81174,2003-11-06 10:00:00.0,Intermediário
4.79429,4.81806,2003-11-06 10:30:00.0,Intermediário
4.78837,4.81212,2003-11-06 11:00:00.0,Intermediário
4.78267,4.80806,2003-11-06 11:30:00.0,Intermediário
4.77435,4.79971,2003-11-06 12:00:00.0,Intermediário
4.77964,4.80502,2003-11-06 12:30:00.0,Intermediário
4.79734,4.82278,2003-11-06 13:00:00.0,Intermediário
4.79452,4.81995,2003-11-06 13:30:00.0,Intermediário
4.79366,4.81909,2003-11-06 14:00:00.0,Intermediário
4.79251,4.81794,2003-11-06 14:30:00.0,Intermediário
4.79768,4.82314,2003-11-06 15:00:00.0,Intermediário
4.78155,4.80859,2003-11-06 15:36:00.0,Intermediário
4.7796,4.80496,2003-11-06 16:11:00.0,Intermediário
4.78161,4.80701,2003-11-06 16:40:00.0,Fechamento Interbancário
4.78219,4.79116,2003-11-06 17:37:00.0,Fechamento
4.76293,4.80156,2003-11-07 10:46:00.0,Abertura
4.7682,4.79518,2003-11-07 10:49:00.0,Intermediário
4.75936,4.788,2003-11-07 10:52:00.0,Intermediário
4.7615,4.78679,2003-11-07 11:07:00.0,Intermediário
4.74968,4.77658,2003-11-07 11:34:00.0,Intermediário
4.75339,4.77866,2003-11-07 12:00:00.0,Intermediário
4.75279,4.77803,2003-11-07 12:30:00.0,Intermediário
4.75601,4.78127,2003-11-07 13:00:00.0,Intermediário
4.76974,4.79507,2003-11-07 13:34:00.0,Intermediário
4.77487,4.80024,2003-11-07 14:00:00.0,Intermediário
4.78574,4.81117,2003-11-07 14:30:00.0,Intermediário
4.7767,4.80205,2003-11-07 15:00:00.0,Intermediário
4.77818,4.80356,2003-11-07 15:30:00.0,Intermediário
4.78032,4.80401,2003-11-07 16:01:00.0,Intermediário
4.77946,4.80483,2003-11-07 16:34:00.0,Fechamento Interbancário
4.79329,4.80232,2003-11-07 17:39:00.0,Fechamento
4.78032,4.81909,2003-11-10 09:51:00.0,Abertura
4.78676,4.81383,2003-11-10 10:00:00.0,Intermediário
4.78543,4.81084,2003-11-10 10:30:00.0,Intermediário
4.78475,4.81182,2003-11-10 11:00:00.0,Intermediário
4.79504,4.82048,2003-11-10 11:31:00.0,Intermediário
4.79993,4.8254,2003-11-10 12:00:00.0,Intermediário
4.80885,4.83436,2003-11-10 12:30:00.0,Intermediário
4.8078,4.8333,2003-11-10 13:00:00.0,Intermediário
4.81752,4.84141,2003-11-10 13:30:00.0,Intermediário
4.81351,4.83737,2003-11-10 14:00:00.0,Intermediário
4.82069,4.84458,2003-11-10 14:30:00.0,Intermediário
4.80827,4.83378,2003-11-10 16:18:00.0,Intermediário
4.81437,4.83991,2003-11-10 16:22:00.0,Intermediário
4.818,4.84355,2003-11-10 16:25:00.0,Intermediário
4.81569,4.84121,2003-11-10 16:30:00.0,Fechamento Interbancário
4.81162,4.82068,2003-11-10 17:58:00.0,Fechamento
4.79281,4.83162,2003-11-11 09:47:00.0,Abertura
4.80164,4.82712,2003-11-11 10:00:00.0,Intermediário
4.8033,4.83046,2003-11-11 10:30:00.0,Intermediário
4.81184,4.83904,2003-11-11 11:00:00.0,Intermediário
4.81213,4.83766,2003-11-11 11:30:00.0,Intermediário
4.807,4.83082,2003-11-11 12:00:00.0,Intermediário
4.80757,4.83307,2003-11-11 12:30:00.0,Intermediário
4.80252,4.82799,2003-11-11 13:00:00.0,Intermediário
4.80569,4.83117,2003-11-11 13:30:00.0,Intermediário
4.80454,4.83002,2003-11-11 14:00:00.0,Intermediário
4.80916,4.83467,2003-11-11 14:35:00.0,Intermediário
4.81647,4.842,2003-11-11 15:00:00.0,Intermediário
4.81739,4.84461,2003-11-11 15:30:00.0,Intermediário
4.82317,4.85042,2003-11-11 16:00:00.0,Intermediário
4.82694,4.8542,2003-11-11 16:30:00.0,Fechamento Interbancário
4.81727,4.82631,2003-11-11 17:38:00.0,Fechamento
4.86006,4.89925,2003-11-12 09:58:00.0,Abertura
4.85985,4.88558,2003-11-12 10:14:00.0,Intermediário
4.85058,4.87796,2003-11-12 10:30:00.0,Intermediário
4.86029,4.88604,2003-11-12 11:01:00.0,Intermediário
4.8573,4.88138,2003-11-12 11:30:00.0,Intermediário
4.86282,4.8886,2003-11-12 12:00:00.0,Intermediário
4.86035,4.88777,2003-11-12 12:30:00.0,Intermediário
4.87162,4.8991,2003-11-12 13:01:00.0,Intermediário
4.87511,4.90261,2003-11-12 13:30:00.0,Intermediário
4.87745,4.90494,2003-11-12 14:00:00.0,Intermediário
4.87453,4.90202,2003-11-12 14:30:00.0,Intermediário
4.87702,4.90453,2003-11-12 15:00:00.0,Intermediário
4.86567,4.89311,2003-11-12 15:31:00.0,Intermediário
4.8475,4.87318,2003-11-12 16:00:00.0,Intermediário
4.84866,4.87434,2003-11-12 16:30:00.0,Fechamento Interbancário
4.86636,4.8755,2003-11-12 17:41:00.0,Fechamento
4.86867,4.90798,2003-11-13 09:57:00.0,Abertura
4.87122,4.9021,2003-11-13 10:00:00.0,Intermediário
4.88517,4.91106,2003-11-13 10:30:00.0,Intermediário
4.8967,4.92433,2003-11-13 11:00:00.0,Intermediário
4.89977,4.92572,2003-11-13 11:30:00.0,Intermediário
4.90422,4.92848,2003-11-13 12:00:00.0,Intermediário
4.91613,4.94212,2003-11-13 12:30:00.0,Intermediário
4.92659,4.95265,2003-11-13 13:00:00.0,Intermediário
4.92103,4.94706,2003-11-13 13:30:00.0,Intermediário
4.92338,4.9494,2003-11-13 14:00:00.0,Intermediário
4.93066,4.95675,2003-11-13 14:30:00.0,Intermediário
4.94516,4.97133,2003-11-13 15:00:00.0,Intermediário
4.92425,4.95028,2003-11-13 15:30:00.0,Intermediário
4.9413,4.96741,2003-11-13 16:00:00.0,Intermediário
4.94306,4.96917,2003-11-13 16:30:00.0,Fechamento Interbancário
4.92069,4.92986,2003-11-13 17:37:00.0,Fechamento
4.95888,4.99864,2003-11-14 09:57:00.0,Abertura
4.96819,4.99275,2003-11-14 10:00:00.0,Intermediário
4.9462,4.97235,2003-11-14 10:30:00.0,Intermediário
4.94048,4.96662,2003-11-14 11:00:00.0,Intermediário
4.94629,4.97244,2003-11-14 11:30:00.0,Intermediário
4.94866,4.97482,2003-11-14 12:00:00.0,Intermediário
4.94736,4.97688,2003-11-14 12:30:00.0,Intermediário
4.94992,4.97611,2003-11-14 13:00:00.0,Intermediário
4.95139,4.97758,2003-11-14 13:30:00.0,Intermediário
4.94084,4.96697,2003-11-14 14:00:00.0,Intermediário
4.9379,4.96403,2003-11-14 14:30:00.0,Intermediário
4.94412,4.97196,2003-11-14 15:00:00.0,Intermediário
4.95455,4.9824,2003-11-14 15:30:00.0,Intermediário
4.95745,4.98533,2003-11-14 16:00:00.0,Intermediário
4.95627,4.98246,2003-11-14 16:31:00.0,Fechamento Interbancário
4.95576,4.96499,2003-11-14 17:49:00.0,Fechamento
4.97258,5.0124,2003-11-17 10:16:00.0,Abertura
4.97376,5.00173,2003-11-17 10:24:00.0,Intermediário
4.99388,5.02193,2003-11-17 10:30:00.0,Intermediário
4.99786,5.02595,2003-11-17 11:00:00.0,Intermediário
4.99846,5.02655,2003-11-17 11:30:00.0,Intermediário
4.99316,5.0229,2003-11-17 12:00:00.0,Intermediário
4.98713,5.01515,2003-11-17 12:30:00.0,Intermediário
4.98198,5.00999,2003-11-17 13:00:00.0,Intermediário
4.98248,5.0088,2003-11-17 13:30:00.0,Intermediário
4.98396,5.01028,2003-11-17 14:00:00.0,Intermediário
4.9816,5.00792,2003-11-17 14:30:00.0,Intermediário
4.95762,4.98384,2003-11-17 15:00:00.0,Intermediário
4.94019,4.96632,2003-11-17 15:30:00.0,Intermediário
4.93769,4.96551,2003-11-17 16:00:00.0,Intermediário
4.94531,4.97314,2003-11-17 16:30:00.0,Fechamento Interbancário
4.99798,5.00731,2003-11-17 17:42:00.0,Fechamento
4.95703,4.99679,2003-11-18 09:54:00.0,Abertura
4.95784,4.98914,2003-11-18 10:00:00.0,Intermediário
4.95139,4.97928,2003-11-18 10:30:00.0,Intermediário
4.95382,4.98001,2003-11-18 11:00:00.0,Intermediário
4.95104,4.9789,2003-11-18 11:30:00.0,Intermediário
4.95133,4.97581,2003-11-18 12:00:00.0,Intermediário
4.95463,4.98251,2003-11-18 12:30:00.0,Intermediário
4.95375,4.97992,2003-11-18 13:00:00.0,Intermediário
4.976,5.0023,2003-11-18 13:32:00.0,Intermediário
4.97659,5.00289,2003-11-18 14:00:00.0,Intermediário
4.97394,5.00024,2003-11-18 14:30:00.0,Intermediário
4.9928,5.01916,2003-11-18 15:00:00.0,Intermediário
4.99107,5.01743,2003-11-18 15:30:00.0,Intermediário
4.98993,5.01628,2003-11-18 16:00:00.0,Intermediário
4.99732,5.02373,2003-11-18 16:32:00.0,Fechamento Interbancário
5.00065,5.00996,2003-11-18 17:40:00.0,Fechamento
5.01758,5.05769,2003-11-19 09:43:00.0,Abertura
5.01483,5.04132,2003-11-19 10:00:00.0,Intermediário
5.0097,5.03785,2003-11-19 10:30:00.0,Intermediário
5.00047,5.02859,2003-11-19 11:00:00.0,Intermediário
4.99399,5.02208,2003-11-19 11:30:00.0,Intermediário
4.98831,5.01638,2003-11-19 12:00:00.0,Intermediário
4.98794,5.01428,2003-11-19 12:30:00.0,Intermediário
4.9892,5.01557,2003-11-19 13:00:00.0,Intermediário
4.98949,5.01586,2003-11-19 13:30:00.0,Intermediário
4.99185,5.01822,2003-11-19 14:00:00.0,Intermediário
4.9892,5.01557,2003-11-19 14:30:00.0,Intermediário
4.98382,5.01016,2003-11-19 15:00:00.0,Intermediário
4.9773,5.00359,2003-11-19 15:30:00.0,Intermediário
4.97844,5.00646,2003-11-19 16:00:00.0,Intermediário
4.97973,5.00434,2003-11-19 16:30:00.0,Fechamento Interbancário
5.00052,5.00985,2003-11-19 17:40:00.0,Fechamento
5.00336,5.04346,2003-11-20 09:50:00.0,Abertura
5.00758,5.03403,2003-11-20 10:00:00.0,Intermediário
5.01808,5.04458,2003-11-20 10:30:00.0,Intermediário
5.01808,5.04458,2003-11-20 11:00:00.0,Intermediário
5.01744,5.04563,2003-11-20 11:30:00.0,Intermediário
5.01488,5.04305,2003-11-20 12:00:00.0,Intermediário
5.03133,5.05961,2003-11-20 12:30:00.0,Intermediário
5.00572,5.03557,2003-11-20 13:00:00.0,Intermediário
5.00595,5.03239,2003-11-20 13:30:00.0,Intermediário
5.00595,5.03239,2003-11-20 14:00:00.0,Intermediário
5.00948,5.03592,2003-11-20 14:30:00.0,Intermediário
4.99669,5.02479,2003-11-20 15:00:00.0,Intermediário
5.00359,5.03174,2003-11-20 15:30:00.0,Intermediário
4.99013,5.01988,2003-11-20 16:00:00.0,Intermediário
4.99705,5.02344,2003-11-20 16:31:00.0,Fechamento Interbancário
5.01599,5.02531,2003-11-20 17:41:00.0,Fechamento
4.96888,5.00876,2003-11-21 09:45:00.0,Abertura
4.9769,5.0049,2003-11-21 10:00:00.0,Intermediário
4.98578,5.01213,2003-11-21 10:30:00.0,Intermediário
4.99698,5.02337,2003-11-21 11:00:00.0,Intermediário
4.99129,5.01936,2003-11-21 11:30:00.0,Intermediário
4.98971,5.01776,2003-11-21 12:00:00.0,Intermediário
4.98988,5.01624,2003-11-21 12:30:00.0,Intermediário
4.98712,5.01346,2003-11-21 13:00:00.0,Intermediário
4.98654,5.01287,2003-11-21 13:30:00.0,Intermediário
4.98302,5.00935,2003-11-21 14:00:00.0,Intermediário
4.98068,5.00701,2003-11-21 14:30:00.0,Intermediário
4.96647,4.99442,2003-11-21 15:00:00.0,Intermediário
4.97029,4.99656,2003-11-21 15:30:00.0,Intermediário
4.96888,4.99685,2003-11-21 16:00:00.0,Intermediário
4.96742,4.99368,2003-11-21 16:30:00.0,Fechamento Interbancário
4.98845,4.99773,2003-11-21 17:53:00.0,Fechamento
4.94417,4.98393,2003-11-24 09:48:00.0,Abertura
4.95544,4.98161,2003-11-24 10:00:00.0,Intermediário
4.95678,4.98466,2003-11-24 10:30:00.0,Intermediário
4.96478,4.99103,2003-11-24 11:00:00.0,Intermediário
4.95922,4.98715,2003-11-24 11:30:00.0,Intermediário
4.95764,4.98386,2003-11-24 12:00:00.0,Intermediário
4.95565,4.98186,2003-11-24 12:30:00.0,Intermediário
4.94572,4.97359,2003-11-24 13:00:00.0,Intermediário
4.94079,4.96692,2003-11-24 13:30:00.0,Intermediário
4.93553,4.96163,2003-11-24 14:00:00.0,Intermediário
4.93904,4.96514,2003-11-24 14:30:00.0,Intermediário
4.93023,4.958,2003-11-24 15:01:00.0,Intermediário
4.93384,4.95994,2003-11-24 15:30:00.0,Intermediário
4.93641,4.96251,2003-11-24 16:00:00.0,Intermediário
4.93845,4.96455,2003-11-24 16:30:00.0,Fechamento Interbancário
4.95976,4.96902,2003-11-24 17:45:00.0,Fechamento
4.93798,4.97771,2003-11-25 09:39:00.0,Abertura
4.94534,4.97319,2003-11-25 10:00:00.0,Intermediário
4.94919,4.97534,2003-11-25 10:30:00.0,Intermediário
4.94831,4.97446,2003-11-25 11:00:00.0,Intermediário
4.94061,4.96673,2003-11-25 11:30:00.0,Intermediário
4.95308,4.97928,2003-11-25 12:00:00.0,Intermediário
4.95752,4.98205,2003-11-25 12:30:00.0,Intermediário
4.95778,4.98399,2003-11-25 13:00:00.0,Intermediário
4.9583,4.98452,2003-11-25 13:30:00.0,Intermediário
4.9586,4.98481,2003-11-25 14:00:00.0,Intermediário
4.95479,4.98097,2003-11-25 14:30:00.0,Intermediário
4.95898,4.98692,2003-11-25 15:00:00.0,Intermediário
4.97026,4.99825,2003-11-25 15:30:00.0,Intermediário
4.96964,4.9959,2003-11-25 16:00:00.0,Intermediário
4.96794,4.9959,2003-11-25 16:30:00.0,Fechamento Interbancário
4.96125,4.9705,2003-11-25 17:37:00.0,Fechamento
4.95583,4.99566,2003-11-26 09:41:00.0,Abertura
4.96915,4.99543,2003-11-26 10:00:00.0,Intermediário
4.9746,5.00089,2003-11-26 10:30:00.0,Intermediário
4.96228,4.99021,2003-11-26 11:00:00.0,Intermediário
4.96009,4.9863,2003-11-26 11:30:00.0,Intermediário
4.96377,4.99,2003-11-26 12:00:00.0,Intermediário
4.97505,5.00136,2003-11-26 12:30:00.0,Intermediário
4.98513,5.01317,2003-11-26 13:00:00.0,Intermediário
5.00859,5.03676,2003-11-26 13:30:00.0,Intermediário
5.01035,5.03853,2003-11-26 14:00:00.0,Intermediário
5.01094,5.03912,2003-11-26 14:30:00.0,Intermediário
5.01952,5.04774,2003-11-26 15:00:00.0,Intermediário
5.02505,5.05157,2003-11-26 15:30:00.0,Intermediário
5.0247,5.05122,2003-11-26 16:00:00.0,Intermediário
5.03194,5.05848,2003-11-26 16:30:00.0,Fechamento Interbancário
5.02036,5.02972,2003-11-26 17:45:00.0,Fechamento
5.03981,5.08016,2003-11-27 09:57:00.0,Abertura
5.03899,5.06559,2003-11-27 10:00:00.0,Intermediário
5.05385,5.07879,2003-11-27 10:30:00.0,Intermediário
5.04842,5.07506,2003-11-27 11:00:00.0,Intermediário
5.04382,5.07216,2003-11-27 11:30:00.0,Intermediário
5.03692,5.06524,2003-11-27 12:00:00.0,Intermediário
5.03893,5.06553,2003-11-27 12:30:00.0,Intermediário
5.03244,5.05901,2003-11-27 13:00:00.0,Intermediário
5.03514,5.06171,2003-11-27 13:30:00.0,Intermediário
5.03279,5.05935,2003-11-27 14:00:00.0,Intermediário
5.03103,5.05759,2003-11-27 14:30:00.0,Intermediário
5.03108,5.05763,2003-11-27 15:00:00.0,Intermediário
5.03279,5.05935,2003-11-27 15:30:00.0,Intermediário
5.03279,5.05935,2003-11-27 16:00:00.0,Intermediário
5.03386,5.05871,2003-11-27 16:30:00.0,Fechamento Interbancário
5.0458,5.05519,2003-11-27 17:39:00.0,Fechamento
5.05854,5.09901,2003-11-28 09:39:00.0,Abertura
5.0587,5.08537,2003-11-28 10:00:00.0,Intermediário
5.0587,5.08365,2003-11-28 10:30:00.0,Intermediário
5.04237,5.07242,2003-11-28 11:00:00.0,Intermediário
5.05139,5.07977,2003-11-28 11:30:00.0,Intermediário
5.05286,5.07951,2003-11-28 12:00:00.0,Intermediário
5.05803,5.08473,2003-11-28 12:30:00.0,Intermediário
5.0655,5.09223,2003-11-28 13:00:00.0,Intermediário
5.06521,5.09193,2003-11-28 13:30:00.0,Intermediário
5.05581,5.08247,2003-11-28 14:00:00.0,Intermediário
5.05846,5.08512,2003-11-28 14:30:00.0,Intermediário
5.05571,5.0841,2003-11-28 15:00:00.0,Intermediário
5.05625,5.08292,2003-11-28 15:30:00.0,Intermediário
5.05679,5.08344,2003-11-28 16:00:00.0,Intermediário
5.0562,5.08285,2003-11-28 16:45:00.0,Fechamento Interbancário
5.06965,5.07904,2003-11-28 18:50:00.0,Fechamento
5.06136,5.10188,2003-12-01 09:57:00.0,Abertura
5.06879,5.09724,2003-12-01 10:00:00.0,Intermediário
5.07552,5.10225,2003-12-01 10:30:00.0,Intermediário
5.05103,5.08112,2003-12-01 11:00:00.0,Intermediário
5.0485,5.07685,2003-12-01 11:30:00.0,Intermediário
5.04846,5.07509,2003-12-01 12:00:00.0,Intermediário
5.03462,5.06119,2003-12-01 12:30:00.0,Intermediário
5.03803,5.06462,2003-12-01 13:00:00.0,Intermediário
5.03715,5.06374,2003-12-01 13:30:00.0,Intermediário
5.0322,5.05876,2003-12-01 14:00:00.0,Intermediário
5.02927,5.0558,2003-12-01 14:30:00.0,Intermediário
5.02529,5.0518,2003-12-01 15:00:00.0,Intermediário
5.02353,5.05004,2003-12-01 15:30:00.0,Intermediário
5.01637,5.04285,2003-12-01 16:01:00.0,Intermediário
5.01871,5.04519,2003-12-01 16:36:00.0,Fechamento Interbancário
5.04246,5.05182,2003-12-01 17:46:00.0,Fechamento
5.01027,5.05052,2003-12-02 09:53:00.0,Abertura
5.01542,5.04191,2003-12-02 10:00:00.0,Intermediário
5.01831,5.0448,2003-12-02 10:30:00.0,Intermediário
5.03015,5.05668,2003-12-02 11:00:00.0,Intermediário
5.03044,5.0587,2003-12-02 11:30:00.0,Intermediário
5.02481,5.05306,2003-12-02 12:00:00.0,Intermediário
5.02423,5.05247,2003-12-02 12:30:00.0,Intermediário
5.0415,5.06811,2003-12-02 13:00:00.0,Intermediário
5.04828,5.07491,2003-12-02 13:30:00.0,Intermediário
5.05323,5.07989,2003-12-02 14:00:00.0,Intermediário
5.05206,5.07872,2003-12-02 14:30:00.0,Intermediário
5.04922,5.07586,2003-12-02 15:00:00.0,Intermediário
5.05329,5.07994,2003-12-02 15:30:00.0,Intermediário
5.05378,5.08045,2003-12-02 17:20:00.0,Intermediário
5.05466,5.08133,2003-12-02 17:21:00.0,Fechamento Interbancário
5.0574,5.06678,2003-12-02 17:40:00.0,Fechamento
5.05642,5.09696,2003-12-03 09:52:00.0,Abertura
5.06479,5.09323,2003-12-03 10:00:00.0,Intermediário
5.06042,5.08885,2003-12-03 10:30:00.0,Intermediário
5.05525,5.08365,2003-12-03 11:00:00.0,Intermediário
5.04744,5.07408,2003-12-03 11:30:00.0,Intermediário
5.0489,5.07555,2003-12-03 12:00:00.0,Intermediário
5.04831,5.07496,2003-12-03 12:30:00.0,Intermediário
5.04425,5.07086,2003-12-03 13:00:00.0,Intermediário
5.04629,5.07291,2003-12-03 13:30:00.0,Intermediário
5.04685,5.0735,2003-12-03 14:00:00.0,Intermediário
5.04278,5.06937,2003-12-03 14:30:00.0,Intermediário
5.04326,5.0716,2003-12-03 15:00:00.0,Intermediário
5.04846,5.07509,2003-12-03 15:30:00.0,Intermediário
5.05253,5.07743,2003-12-03 16:00:00.0,Intermediário
5.05491,5.08157,2003-12-03 16:30:00.0,Fechamento Interbancário
5.05897,5.06833,2003-12-03 17:37:00.0,Fechamento
5.03598,5.07639,2003-12-04 09:57:00.0,Abertura
5.03971,5.06804,2003-12-04 10:00:00.0,Intermediário
5.04624,5.07286,2003-12-04 10:30:00.0,Intermediário
5.04599,5.07433,2003-12-04 11:00:00.0,Intermediário
5.05707,5.08374,2003-12-04 11:30:00.0,Intermediário
5.06665,5.09337,2003-12-04 12:00:00.0,Intermediário
5.06283,5.08951,2003-12-04 12:30:00.0,Intermediário
5.0569,5.08359,2003-12-04 13:00:00.0,Intermediário
5.05134,5.07797,2003-12-04 13:30:00.0,Intermediário
5.04693,5.07356,2003-12-04 14:00:00.0,Intermediário
5.04723,5.07385,2003-12-04 14:30:00.0,Intermediário
5.04463,5.07124,2003-12-04 15:00:00.0,Intermediário
5.05718,5.08385,2003-12-04 15:30:00.0,Intermediário
5.05974,5.08814,2003-12-04 16:00:00.0,Intermediário
5.06324,5.08995,2003-12-04 16:30:00.0,Fechamento Interbancário
5.059,5.06837,2003-12-04 17:41:00.0,Fechamento
5.05885,5.09934,2003-12-05 09:47:00.0,Abertura
5.06425,5.09093,2003-12-05 10:00:00.0,Intermediário
5.06317,5.08987,2003-12-05 10:30:00.0,Intermediário
5.06258,5.08928,2003-12-05 11:00:00.0,Intermediário
5.064,5.09069,2003-12-05 11:32:00.0,Intermediário
5.05623,5.08289,2003-12-05 12:04:00.0,Intermediário
5.05153,5.07991,2003-12-05 12:30:00.0,Intermediário
5.05271,5.07936,2003-12-05 13:00:00.0,Intermediário
5.05447,5.08112,2003-12-05 13:30:00.0,Intermediário
5.05594,5.08259,2003-12-05 14:00:00.0,Intermediário
5.06005,5.08674,2003-12-05 14:30:00.0,Intermediário
5.05833,5.085,2003-12-05 15:00:00.0,Intermediário
5.06122,5.08791,2003-12-05 15:30:00.0,Intermediário
5.05719,5.08559,2003-12-05 16:00:00.0,Intermediário
5.06208,5.08879,2003-12-05 16:30:00.0,Fechamento Interbancário
5.0825,5.09194,2003-12-05 17:41:00.0,Fechamento
5.08201,5.12271,2003-12-08 09:46:00.0,Abertura
5.08518,5.11372,2003-12-08 10:00:00.0,Intermediário
5.08724,5.11578,2003-12-08 10:30:00.0,Intermediário
5.09151,5.11835,2003-12-08 11:00:00.0,Intermediário
5.09707,5.12392,2003-12-08 11:30:00.0,Intermediário
5.09446,5.12129,2003-12-08 12:00:00.0,Intermediário
5.08537,5.1122,2003-12-08 12:30:00.0,Intermediário
5.07639,5.10313,2003-12-08 13:00:00.0,Intermediário
5.07963,5.1064,2003-12-08 13:30:00.0,Intermediário
5.07669,5.10343,2003-12-08 14:00:00.0,Intermediário
5.08165,5.10846,2003-12-08 14:30:00.0,Intermediário
5.08541,5.11223,2003-12-08 15:00:00.0,Intermediário
5.08394,5.11075,2003-12-08 15:30:00.0,Intermediário
5.08309,5.1099,2003-12-08 16:00:00.0,Intermediário
5.08452,5.11134,2003-12-08 16:30:00.0,Fechamento Interbancário
5.09283,5.10228,2003-12-08 17:39:00.0,Fechamento
5.10603,5.14693,2003-12-09 09:57:00.0,Abertura
5.11184,5.14051,2003-12-09 10:00:00.0,Intermediário
5.11278,5.13971,2003-12-09 10:30:00.0,Intermediário
5.10605,5.13297,2003-12-09 11:08:00.0,Intermediário
5.10634,5.13326,2003-12-09 11:30:00.0,Intermediário
5.10231,5.1292,2003-12-09 12:00:00.0,Intermediário
5.09997,5.12685,2003-12-09 12:30:00.0,Intermediário
5.10026,5.12715,2003-12-09 13:00:00.0,Intermediário
5.09414,5.12099,2003-12-09 13:30:00.0,Intermediário
5.09355,5.12037,2003-12-09 14:00:00.0,Intermediário
5.0959,5.12275,2003-12-09 14:30:00.0,Intermediário
5.10257,5.12947,2003-12-09 15:02:00.0,Intermediário
5.1014,5.12828,2003-12-09 15:34:00.0,Intermediário
5.09996,5.12683,2003-12-09 16:00:00.0,Intermediário
5.09996,5.12683,2003-12-09 16:32:00.0,Fechamento Interbancário
5.1188,5.12824,2003-12-09 17:43:00.0,Fechamento
5.10871,5.14962,2003-12-10 09:55:00.0,Abertura
5.11362,5.14056,2003-12-10 10:00:00.0,Intermediário
5.11041,5.13909,2003-12-10 10:30:00.0,Intermediário
5.11766,5.14463,2003-12-10 11:00:00.0,Intermediário
5.12291,5.14814,2003-12-10 11:30:00.0,Intermediário
5.12703,5.15227,2003-12-10 12:00:00.0,Intermediário
5.12382,5.15079,2003-12-10 12:30:00.0,Intermediário
5.12416,5.15112,2003-12-10 13:00:00.0,Intermediário
5.12092,5.14788,2003-12-10 13:30:00.0,Intermediário
5.12386,5.15082,2003-12-10 14:00:00.0,Intermediário
5.11916,5.14612,2003-12-10 14:30:00.0,Intermediário
5.12757,5.15282,2003-12-10 15:00:00.0,Intermediário
5.11967,5.14665,2003-12-10 15:30:00.0,Intermediário
5.12176,5.14873,2003-12-10 16:00:00.0,Intermediário
5.1235,5.15048,2003-12-10 16:30:00.0,Fechamento Interbancário
5.12493,5.13439,2003-12-10 17:41:00.0,Fechamento
5.11504,5.15598,2003-12-11 09:52:00.0,Abertura
5.12141,5.1484,2003-12-11 10:00:00.0,Intermediário
5.11184,5.14051,2003-12-11 10:30:00.0,Intermediário
5.12053,5.1475,2003-12-11 11:00:00.0,Intermediário
5.122,5.14899,2003-12-11 11:30:00.0,Intermediário
5.1223,5.14928,2003-12-11 12:00:00.0,Intermediário
5.11122,5.13812,2003-12-11 12:30:00.0,Intermediário
5.11473,5.14167,2003-12-11 13:00:00.0,Intermediário
5.11908,5.14432,2003-12-11 13:30:00.0,Intermediário
5.11558,5.14078,2003-12-11 14:00:00.0,Intermediário
5.11588,5.14108,2003-12-11 14:30:00.0,Intermediário
5.12146,5.14844,2003-12-11 15:00:00.0,Intermediário
5.1171,5.14406,2003-12-11 15:30:00.0,Intermediário
5.10984,5.13677,2003-12-11 16:01:00.0,Intermediário
5.10691,5.13383,2003-12-11 16:41:00.0,Fechamento Interbancário
5.12904,5.1385,2003-12-11 17:37:00.0,Fechamento
5.12681,5.16784,2003-12-12 09:58:00.0,Abertura
5.13262,5.15964,2003-12-12 10:00:00.0,Intermediário
5.11922,5.14794,2003-12-12 10:30:00.0,Intermediário
5.12184,5.14882,2003-12-12 11:00:00.0,Intermediário
5.13028,5.15731,2003-12-12 11:30:00.0,Intermediário
5.12794,5.15494,2003-12-12 12:00:00.0,Intermediário
5.12676,5.15374,2003-12-12 12:30:00.0,Intermediário
5.13438,5.16142,2003-12-12 13:00:00.0,Intermediário
5.12558,5.15256,2003-12-12 13:30:00.0,Intermediário
5.12617,5.15315,2003-12-12 14:00:00.0,Intermediário
5.1247,5.15168,2003-12-12 14:30:00.0,Intermediário
5.12619,5.15319,2003-12-12 15:00:00.0,Intermediário
5.1294,5.15643,2003-12-12 15:30:00.0,Intermediário
5.12273,5.14973,2003-12-12 16:00:00.0,Intermediário
5.11867,5.14562,2003-12-12 16:30:00.0,Fechamento Interbancário
5.13395,5.14341,2003-12-12 18:00:00.0,Fechamento
5.09791,5.13874,2003-12-15 09:58:00.0,Abertura
5.10368,5.12881,2003-12-15 10:00:00.0,Intermediário
5.09615,5.12298,2003-12-15 10:30:00.0,Intermediário
5.09619,5.12304,2003-12-15 11:00:00.0,Intermediário
5.09735,5.12423,2003-12-15 11:30:00.0,Intermediário
5.10552,5.13067,2003-12-15 12:00:00.0,Intermediário
5.10673,5.13361,2003-12-15 12:30:00.0,Intermediário
5.11021,5.13716,2003-12-15 13:00:00.0,Intermediário
5.10555,5.13244,2003-12-15 13:30:00.0,Intermediário
5.10731,5.13423,2003-12-15 14:00:00.0,Intermediário
5.10555,5.13244,2003-12-15 14:30:00.0,Intermediário
5.08521,5.11201,2003-12-15 15:00:00.0,Intermediário
5.08635,5.11142,2003-12-15 15:30:00.0,Intermediário
5.0826,5.10939,2003-12-15 16:00:00.0,Intermediário
5.0858,5.1126,2003-12-15 16:30:00.0,Fechamento Interbancário
5.11061,5.12004,2003-12-15 17:53:00.0,Fechamento
5.0832,5.12401,2003-12-16 09:58:00.0,Abertura
5.08667,5.11347,2003-12-16 10:00:00.0,Intermediário
5.09771,5.12281,2003-12-16 10:30:00.0,Intermediário
5.10122,5.1281,2003-12-16 11:00:00.0,Intermediário
5.11021,5.13716,2003-12-16 11:30:00.0,Intermediário
5.11578,5.14448,2003-12-16 12:00:00.0,Intermediário
5.11725,5.14419,2003-12-16 12:30:00.0,Intermediário
5.11345,5.14039,2003-12-16 13:00:00.0,Intermediário
5.11285,5.1398,2003-12-16 13:30:00.0,Intermediário
5.1149,5.14185,2003-12-16 14:00:00.0,Intermediário
5.12252,5.1495,2003-12-16 14:30:00.0,Intermediário
5.11872,5.14566,2003-12-16 15:00:00.0,Intermediário
5.13565,5.16094,2003-12-16 15:30:00.0,Intermediário
5.13739,5.16445,2003-12-16 16:00:00.0,Intermediário
5.1368,5.16386,2003-12-16 16:30:00.0,Fechamento Interbancário
5.14168,5.15117,2003-12-16 17:43:00.0,Fechamento
5.13326,5.17432,2003-12-17 09:58:00.0,Abertura
5.13995,5.167,2003-12-17 10:00:00.0,Intermediário
5.13763,5.16467,2003-12-17 10:30:00.0,Intermediário
5.13564,5.16269,2003-12-17 11:00:00.0,Intermediário
5.1371,5.16416,2003-12-17 11:33:00.0,Intermediário
5.14064,5.16768,2003-12-17 12:00:00.0,Intermediário
5.15496,5.1821,2003-12-17 12:34:00.0,Intermediário
5.15029,5.1774,2003-12-17 13:00:00.0,Intermediário
5.15645,5.18359,2003-12-17 14:00:00.0,Intermediário
5.15528,5.18239,2003-12-17 14:30:00.0,Intermediário
5.1541,5.18121,2003-12-17 15:00:00.0,Intermediário
5.15994,5.1871,2003-12-17 15:30:00.0,Intermediário
5.1614,5.18856,2003-12-17 16:00:00.0,Intermediário
5.16228,5.18943,2003-12-17 16:30:00.0,Fechamento Interbancário
5.18704,5.19656,2003-12-17 17:38:00.0,Fechamento
5.16193,5.2033,2003-12-18 09:54:00.0,Abertura
5.16781,5.19502,2003-12-18 10:00:00.0,Intermediário
5.16522,5.19239,2003-12-18 10:30:00.0,Intermediário
5.16873,5.19414,2003-12-18 11:00:00.0,Intermediário
5.17725,5.20448,2003-12-18 11:30:00.0,Intermediário
5.16375,5.19092,2003-12-18 12:00:00.0,Intermediário
5.16433,5.1915,2003-12-18 12:30:00.0,Intermediário
5.16316,5.19033,2003-12-18 13:00:00.0,Intermediário
5.16873,5.19591,2003-12-18 13:30:00.0,Intermediário
5.17079,5.19799,2003-12-18 14:00:00.0,Intermediário
5.17196,5.19917,2003-12-18 14:30:00.0,Intermediário
5.17108,5.19829,2003-12-18 15:00:00.0,Intermediário
5.17485,5.20385,2003-12-18 15:30:00.0,Intermediário
5.17836,5.20737,2003-12-18 16:00:00.0,Intermediário
5.17809,5.20533,2003-12-18 16:30:00.0,Fechamento Interbancário
5.19197,5.20154,2003-12-18 17:51:00.0,Fechamento
5.16108,5.20242,2003-12-19 09:59:00.0,Abertura
5.17222,5.19946,2003-12-19 10:00:00.0,Intermediário
5.16843,5.19562,2003-12-19 10:30:00.0,Intermediário
5.15729,5.18443,2003-12-19 11:00:00.0,Intermediário
5.1611,5.18824,2003-12-19 11:30:00.0,Intermediário
5.15522,5.18234,2003-12-19 12:00:00.0,Intermediário
5.15289,5.18001,2003-12-19 12:30:00.0,Intermediário
5.15699,5.18234,2003-12-19 13:00:00.0,Intermediário
5.14996,5.17532,2003-12-19 13:30:00.0,Intermediário
5.14648,5.1718,2003-12-19 14:00:00.0,Intermediário
5.15348,5.17883,2003-12-19 14:30:00.0,Intermediário
5.16197,5.18736,2003-12-19 15:00:00.0,Intermediário
5.16255,5.18795,2003-12-19 15:30:00.0,Intermediário
5.1561,5.18145,2003-12-19 16:00:00.0,Intermediário
5.15141,5.17674,2003-12-19 16:30:00.0,Fechamento Interbancário
5.17119,5.18068,2003-12-19 17:50:00.0,Fechamento
5.14175,5.18298,2003-12-22 10:04:00.0,Abertura
5.14175,5.18298,2003-12-22 10:05:00.0,Intermediário
5.14326,5.17034,2003-12-22 10:30:00.0,Intermediário
5.14092,5.16974,2003-12-22 11:00:00.0,Intermediário
5.14146,5.16855,2003-12-22 11:30:00.0,Intermediário
5.14238,5.16945,2003-12-22 12:00:00.0,Intermediário
5.13653,5.16534,2003-12-22 12:30:00.0,Intermediário
5.13653,5.16357,2003-12-22 13:00:00.0,Intermediário
5.13829,5.16533,2003-12-22 13:30:00.0,Intermediário
5.14004,5.16708,2003-12-22 14:00:00.0,Intermediário
5.13975,5.16679,2003-12-22 14:30:00.0,Intermediário
5.14176,5.16884,2003-12-22 15:00:00.0,Intermediário
5.1397,5.16855,2003-12-22 15:30:00.0,Intermediário
5.13326,5.15854,2003-12-22 16:00:00.0,Intermediário
5.13881,5.16588,2003-12-22 16:30:00.0,Fechamento Interbancário
5.15319,5.16267,2003-12-22 17:49:00.0,Fechamento
5.13879,5.18,2003-12-23 09:54:00.0,Abertura
5.14496,5.17027,2003-12-23 10:00:00.0,Intermediário
5.14145,5.17206,2003-12-23 10:30:00.0,Intermediário
5.13853,5.16913,2003-12-23 11:00:00.0,Intermediário
5.13853,5.1656,2003-12-23 11:30:00.0,Intermediário
5.14408,5.17115,2003-12-23 12:00:00.0,Intermediário
5.12387,5.15264,2003-12-23 12:30:00.0,Intermediário
5.12826,5.15352,2003-12-23 13:00:00.0,Intermediário
5.1303,5.15556,2003-12-23 13:30:00.0,Intermediário
5.13496,5.16022,2003-12-23 14:00:00.0,Intermediário
5.13234,5.1576,2003-12-23 14:30:00.0,Intermediário
5.12559,5.15258,2003-12-23 15:00:00.0,Intermediário
5.12791,5.15491,2003-12-23 15:30:00.0,Intermediário
5.11329,5.14024,2003-12-23 16:00:00.0,Intermediário
5.11856,5.14553,2003-12-23 16:30:00.0,Fechamento Interbancário
5.14308,5.15254,2003-12-23 17:39:00.0,Fechamento
5.11411,5.1552,2003-12-24 09:54:00.0,Abertura
5.12929,5.15632,2003-12-24 10:00:00.0,Intermediário
5.13076,5.15603,2003-12-24 10:30:00.0,Intermediário
5.12641,5.15341,2003-12-24 11:00:00.0,Intermediário
5.13365,5.16068,2003-12-24 11:30:00.0,Intermediário
5.1412,5.16827,2003-12-24 12:00:00.0,Fechamento Interbancário
5.14758,5.15708,2003-12-24 12:09:00.0,Fechamento
5.12824,5.16947,2003-12-26 09:58:00.0,Abertura
5.13677,5.16382,2003-12-26 10:00:00.0,Intermediário
5.12552,5.15432,2003-12-26 10:30:00.0,Intermediário
5.1261,5.15134,2003-12-26 11:00:00.0,Intermediário
5.12932,5.15635,2003-12-26 11:30:00.0,Intermediário
5.12491,5.15192,2003-12-26 12:00:00.0,Intermediário
5.12639,5.15341,2003-12-26 12:30:00.0,Intermediário
5.12964,5.15845,2003-12-26 13:00:00.0,Intermediário
5.13456,5.16338,2003-12-26 13:30:00.0,Intermediário
5.13659,5.16541,2003-12-26 14:00:00.0,Intermediário
5.13543,5.16425,2003-12-26 14:30:00.0,Intermediário
5.12935,5.15816,2003-12-26 15:00:00.0,Intermediário
5.12198,5.14898,2003-12-26 15:30:00.0,Intermediário
5.12004,5.147,2003-12-26 16:00:00.0,Intermediário
5.11714,5.1441,2003-12-26 16:30:00.0,Fechamento Interbancário
5.12968,5.13916,2003-12-26 17:42:00.0,Fechamento
5.14101,5.18231,2003-12-29 09:57:00.0,Abertura
5.14632,5.17519,2003-12-29 10:00:00.0,Intermediário
5.14667,5.17555,2003-12-29 10:30:00.0,Intermediário
5.14516,5.17224,2003-12-29 11:00:00.0,Intermediário
5.1442,5.17129,2003-12-29 11:30:00.0,Intermediário
5.13305,5.16186,2003-12-29 12:00:00.0,Intermediário
5.11664,5.14361,2003-12-29 12:30:00.0,Intermediário
5.10178,5.12866,2003-12-29 13:00:00.0,Intermediário
5.09803,5.12492,2003-12-29 13:30:00.0,Intermediário
5.08884,5.11567,2003-12-29 14:00:00.0,Intermediário
5.09086,5.11768,2003-12-29 14:30:00.0,Intermediário
5.06735,5.09408,2003-12-29 15:00:00.0,Intermediário
5.07605,5.10283,2003-12-29 15:30:00.0,Intermediário
5.06417,5.08913,2003-12-29 16:00:00.0,Intermediário
5.05948,5.0862,2003-12-29 16:30:00.0,Fechamento Interbancário
5.11495,5.12439,2003-12-29 17:40:00.0,Fechamento
5.06755,5.10851,2003-12-30 09:52:00.0,Abertura
5.09819,5.12683,2003-12-30 10:00:00.0,Intermediário
5.09263,5.12126,2003-12-30 10:30:00.0,Intermediário
5.09555,5.12419,2003-12-30 11:00:00.0,Intermediário
5.10935,5.13982,2003-12-30 11:30:00.0,Intermediário
5.11616,5.14488,2003-12-30 12:00:00.0,Intermediário
5.13259,5.15964,2003-12-30 12:30:00.0,Intermediário
5.13552,5.16258,2003-12-30 13:00:00.0,Intermediário
5.14391,5.17098,2003-12-30 13:30:00.0,Intermediário
5.14102,5.16809,2003-12-30 14:00:00.0,Intermediário
5.13754,5.16461,2003-12-30 14:30:00.0,Intermediário
5.13519,5.16403,2003-12-30 15:00:00.0,Intermediário
5.15175,5.18066,2003-12-30 15:30:00.0,Intermediário
5.15233,5.17946,2003-12-30 16:00:00.0,Intermediário
5.15055,5.17767,2003-12-30 16:30:00.0,Fechamento Interbancário
5.13589,5.14535,2003-12-30 17:38:00.0,Fechamento
5.14288,5.16783,2003-12-31 09:40:00.0,Abertura
5.14462,5.16956,2003-12-31 10:00:00.0,Intermediário
5.14577,5.17071,2003-12-31 10:30:00.0,Intermediário
5.15701,5.18201,2003-12-31 11:00:00.0,Intermediário
5.16683,5.19186,2003-12-31 11:30:00.0,Fechamento Interbancário
5.17284,5.18236,2003-12-31 12:20:00.0,Fechamento
