cotacaoCompra,cotacaoVenda,dataHoraCotacao,tipoBoletim
1.18298,1.1952,2002-01-02 09:59:00.0,Abertura
1.1824,1.19306,2002-01-02 10:00:00.0,Intermediário
1.18332,1.19141,2002-01-02 10:30:00.0,Intermediário
1.1832,1.1918,2002-01-02 11:00:00.0,Intermediário
1.18153,1.18961,2002-01-02 11:30:00.0,Intermediário
1.18084,1.18892,2002-01-02 12:00:00.0,Intermediário
1.17747,1.18552,2002-01-02 12:30:00.0,Intermediário
1.17872,1.18678,2002-01-02 13:00:00.0,Intermediário
1.17941,1.18748,2002-01-02 13:30:00.0,Intermediário
1.17964,1.18771,2002-01-02 14:00:00.0,Intermediário
1.18309,1.19118,2002-01-02 14:30:00.0,Intermediário
1.18389,1.19198,2002-01-02 15:00:00.0,Intermediário
1.18589,1.1945,2002-01-02 15:30:00.0,Intermediário
1.1827,1.1913,2002-01-02 16:00:00.0,Intermediário
1.18305,1.19165,2002-01-02 16:30:00.0,Fechamento Interbancário
1.18781,1.19172,2002-01-02 18:05:00.0,Fechamento
1.17382,1.186,2002-01-03 09:34:00.0,Abertura
1.18025,1.18831,2002-01-03 10:00:00.0,Intermediário
1.18168,1.18975,2002-01-03 10:30:00.0,Intermediário
1.18094,1.189,2002-01-03 11:00:00.0,Intermediário
1.18019,1.18826,2002-01-03 11:30:00.0,Intermediário
1.17848,1.18653,2002-01-03 12:00:00.0,Intermediário
1.17888,1.18641,2002-01-03 12:30:00.0,Intermediário
1.17647,1.18452,2002-01-03 13:00:00.0,Intermediário
1.17488,1.18291,2002-01-03 13:30:00.0,Intermediário
1.17146,1.17947,2002-01-03 14:00:00.0,Intermediário
1.17168,1.1797,2002-01-03 14:30:00.0,Intermediário
1.17317,1.18119,2002-01-03 15:00:00.0,Intermediário
1.17699,1.18504,2002-01-03 15:30:00.0,Intermediário
1.17762,1.18567,2002-01-03 16:00:00.0,Intermediário
1.17756,1.18561,2002-01-03 16:30:00.0,Fechamento Interbancário
1.18,1.18388,2002-01-03 17:38:00.0,Fechamento
1.18643,1.19869,2002-01-04 09:38:00.0,Abertura
1.1889,1.19753,2002-01-04 10:00:00.0,Intermediário
1.19005,1.19817,2002-01-04 10:30:00.0,Intermediário
1.19057,1.19869,2002-01-04 11:00:00.0,Intermediário
1.19574,1.20389,2002-01-04 11:30:00.0,Intermediário
1.19212,1.20025,2002-01-04 12:00:00.0,Intermediário
1.19269,1.20083,2002-01-04 12:30:00.0,Intermediário
1.19338,1.20203,2002-01-04 13:00:00.0,Intermediário
1.19453,1.20267,2002-01-04 13:30:00.0,Intermediário
1.19591,1.20406,2002-01-04 14:00:00.0,Intermediário
1.19591,1.20406,2002-01-04 14:30:00.0,Intermediário
1.1977,1.20586,2002-01-04 15:00:00.0,Intermediário
1.20156,1.20974,2002-01-04 15:30:00.0,Intermediário
1.20807,1.21577,2002-01-04 16:00:00.0,Intermediário
1.20681,1.21659,2002-01-04 16:30:00.0,Fechamento Interbancário
1.20254,1.20648,2002-01-04 18:04:00.0,Fechamento
1.20841,1.2208,2002-01-07 09:39:00.0,Abertura
1.21252,1.22076,2002-01-07 10:00:00.0,Intermediário
1.21693,1.22729,2002-01-07 10:30:00.0,Intermediário
1.21684,1.22563,2002-01-07 11:00:00.0,Intermediário
1.21477,1.22303,2002-01-07 11:30:00.0,Intermediário
1.21053,1.21877,2002-01-07 12:00:00.0,Intermediário
1.21312,1.22085,2002-01-07 12:30:00.0,Intermediário
1.21307,1.22132,2002-01-07 13:00:00.0,Intermediário
1.2119,1.22014,2002-01-07 13:30:00.0,Intermediário
1.21166,1.21991,2002-01-07 14:00:00.0,Intermediário
1.21096,1.2192,2002-01-07 14:30:00.0,Intermediário
1.2143,1.22204,2002-01-07 15:00:00.0,Intermediário
1.20786,1.2166,2002-01-07 15:30:00.0,Intermediário
1.2046,1.21332,2002-01-07 16:00:00.0,Intermediário
1.20431,1.21304,2002-01-07 16:30:00.0,Fechamento Interbancário
1.21512,1.2191,2002-01-07 17:39:00.0,Fechamento
1.20647,1.21886,2002-01-08 09:43:00.0,Abertura
1.21172,1.21996,2002-01-08 10:00:00.0,Intermediário
1.2138,1.22205,2002-01-08 10:30:00.0,Intermediário
1.21149,1.21972,2002-01-08 11:00:00.0,Intermediário
1.21483,1.22361,2002-01-08 11:30:00.0,Intermediário
1.21483,1.22361,2002-01-08 12:00:00.0,Intermediário
1.22096,1.22926,2002-01-08 12:30:00.0,Intermediário
1.21823,1.22703,2002-01-08 13:00:00.0,Intermediário
1.22391,1.23222,2002-01-08 13:30:00.0,Intermediário
1.22391,1.23222,2002-01-08 14:00:00.0,Intermediário
1.22555,1.23386,2002-01-08 14:30:00.0,Intermediário
1.23359,1.24195,2002-01-08 15:00:00.0,Intermediário
1.23688,1.24579,2002-01-08 15:30:00.0,Intermediário
1.23864,1.24703,2002-01-08 16:00:00.0,Intermediário
1.2395,1.24789,2002-01-08 16:30:00.0,Fechamento Interbancário
1.22796,1.23195,2002-01-08 17:30:00.0,Fechamento
1.24581,1.25845,2002-01-09 09:39:00.0,Abertura
1.24747,1.25644,2002-01-09 10:00:00.0,Intermediário
1.23978,1.24871,2002-01-09 10:30:00.0,Intermediário
1.23647,1.2459,2002-01-09 11:00:00.0,Intermediário
1.24121,1.25014,2002-01-09 11:30:00.0,Intermediário
1.24306,1.252,2002-01-09 12:00:00.0,Intermediário
1.23983,1.24823,2002-01-09 12:30:00.0,Intermediário
1.23405,1.24241,2002-01-09 13:00:00.0,Intermediário
1.23358,1.24194,2002-01-09 13:30:00.0,Intermediário
1.23523,1.2436,2002-01-09 14:00:00.0,Intermediário
1.23405,1.24241,2002-01-09 14:30:00.0,Intermediário
1.24396,1.25238,2002-01-09 15:00:00.0,Intermediário
1.2402,1.24861,2002-01-09 15:30:00.0,Intermediário
1.24234,1.25127,2002-01-09 16:00:00.0,Intermediário
1.24186,1.2508,2002-01-09 16:30:00.0,Fechamento Interbancário
1.24814,1.25219,2002-01-09 18:04:00.0,Fechamento
1.25056,1.26325,2002-01-10 09:36:00.0,Abertura
1.25329,1.26229,2002-01-10 10:00:00.0,Intermediário
1.25234,1.2608,2002-01-10 10:30:00.0,Intermediário
1.24962,1.25807,2002-01-10 11:00:00.0,Intermediário
1.24967,1.25812,2002-01-10 11:30:00.0,Intermediário
1.24957,1.25802,2002-01-10 12:00:00.0,Intermediário
1.25119,1.26018,2002-01-10 12:30:00.0,Intermediário
1.24795,1.25693,2002-01-10 13:00:00.0,Intermediário
1.24605,1.25501,2002-01-10 13:30:00.0,Intermediário
1.24462,1.25358,2002-01-10 14:00:00.0,Intermediário
1.24581,1.25477,2002-01-10 14:30:00.0,Intermediário
1.24676,1.25519,2002-01-10 15:00:00.0,Intermediário
1.25811,1.26714,2002-01-10 15:30:00.0,Intermediário
1.26268,1.27122,2002-01-10 16:00:00.0,Intermediário
1.26289,1.27142,2002-01-10 16:30:00.0,Fechamento Interbancário
1.24896,1.25302,2002-01-10 18:08:00.0,Fechamento
1.26658,1.27933,2002-01-11 09:35:00.0,Abertura
1.26668,1.27734,2002-01-11 10:00:00.0,Intermediário
1.2635,1.27204,2002-01-11 10:30:00.0,Intermediário
1.26041,1.27051,2002-01-11 11:00:00.0,Intermediário
1.25891,1.26952,2002-01-11 11:30:00.0,Intermediário
1.25658,1.26614,2002-01-11 12:00:00.0,Intermediário
1.25763,1.26666,2002-01-11 12:30:00.0,Intermediário
1.25298,1.26303,2002-01-11 13:00:00.0,Intermediário
1.25158,1.26162,2002-01-11 13:30:00.0,Intermediário
1.25086,1.2609,2002-01-11 14:00:00.0,Intermediário
1.25326,1.26331,2002-01-11 14:30:00.0,Intermediário
1.25206,1.26054,2002-01-11 15:00:00.0,Intermediário
1.25098,1.25945,2002-01-11 15:30:00.0,Intermediário
1.24814,1.25712,2002-01-11 16:00:00.0,Intermediário
1.24862,1.2576,2002-01-11 16:30:00.0,Fechamento Interbancário
1.25883,1.26293,2002-01-11 18:06:00.0,Fechamento
1.24402,1.25662,2002-01-14 09:44:00.0,Abertura
1.24326,1.25169,2002-01-14 10:00:00.0,Intermediário
1.24871,1.25717,2002-01-14 10:30:00.0,Intermediário
1.24261,1.25105,2002-01-14 11:00:00.0,Intermediário
1.24629,1.25474,2002-01-14 11:30:00.0,Intermediário
1.24422,1.25266,2002-01-14 12:00:00.0,Intermediário
1.24553,1.25346,2002-01-14 12:30:00.0,Intermediário
1.24601,1.25446,2002-01-14 13:00:00.0,Intermediário
1.24673,1.25519,2002-01-14 13:30:00.0,Intermediário
1.24457,1.25301,2002-01-14 14:00:00.0,Intermediário
1.24553,1.25398,2002-01-14 14:30:00.0,Intermediário
1.24095,1.24937,2002-01-14 15:00:00.0,Intermediário
1.23662,1.24501,2002-01-14 15:30:00.0,Intermediário
1.23669,1.24613,2002-01-14 16:00:00.0,Intermediário
1.2359,1.24481,2002-01-14 16:30:00.0,Fechamento Interbancário
1.24325,1.24731,2002-01-14 17:49:00.0,Fechamento
1.23344,1.24597,2002-01-15 09:38:00.0,Abertura
1.22895,1.23886,2002-01-15 10:00:00.0,Intermediário
1.23026,1.23862,2002-01-15 10:30:00.0,Intermediário
1.22788,1.23674,2002-01-15 11:00:00.0,Intermediário
1.22828,1.23662,2002-01-15 11:30:00.0,Intermediário
1.2272,1.23553,2002-01-15 12:00:00.0,Intermediário
1.22634,1.23415,2002-01-15 12:30:00.0,Intermediário
1.22092,1.22922,2002-01-15 13:00:00.0,Intermediário
1.22281,1.23112,2002-01-15 13:30:00.0,Intermediário
1.22116,1.22946,2002-01-15 14:00:00.0,Intermediário
1.22446,1.23278,2002-01-15 14:30:00.0,Intermediário
1.22183,1.23013,2002-01-15 15:00:00.0,Intermediário
1.22483,1.23368,2002-01-15 15:30:00.0,Intermediário
1.22719,1.23552,2002-01-15 16:00:00.0,Intermediário
1.22553,1.23438,2002-01-15 16:30:00.0,Fechamento Interbancário
1.22784,1.23185,2002-01-15 17:56:00.0,Fechamento
1.21847,1.23089,2002-01-16 09:33:00.0,Abertura
1.22514,1.23399,2002-01-16 10:00:00.0,Intermediário
1.23068,1.23905,2002-01-16 10:30:00.0,Intermediário
1.22514,1.23399,2002-01-16 11:00:00.0,Intermediário
1.22784,1.23618,2002-01-16 11:30:00.0,Intermediário
1.22945,1.2373,2002-01-16 12:00:00.0,Intermediário
1.2278,1.23615,2002-01-16 12:30:00.0,Intermediário
1.22982,1.2387,2002-01-16 13:00:00.0,Intermediário
1.22839,1.23674,2002-01-16 13:30:00.0,Intermediário
1.22791,1.23626,2002-01-16 14:00:00.0,Intermediário
1.2291,1.23746,2002-01-16 14:30:00.0,Intermediário
1.22396,1.2328,2002-01-16 15:00:00.0,Intermediário
1.21779,1.22608,2002-01-16 15:30:00.0,Intermediário
1.21475,1.22302,2002-01-16 16:00:00.0,Intermediário
1.21498,1.22325,2002-01-16 16:30:00.0,Fechamento Interbancário
1.23027,1.2343,2002-01-16 18:12:00.0,Fechamento
1.20627,1.21863,2002-01-17 09:51:00.0,Abertura
1.20916,1.2174,2002-01-17 10:00:00.0,Intermediário
1.2107,1.21895,2002-01-17 10:30:00.0,Intermediário
1.21342,1.22116,2002-01-17 11:00:00.0,Intermediário
1.2157,1.2245,2002-01-17 11:30:00.0,Intermediário
1.21665,1.22493,2002-01-17 12:00:00.0,Intermediário
1.21365,1.2214,2002-01-17 12:30:00.0,Intermediário
1.21038,1.21914,2002-01-17 13:00:00.0,Intermediário
1.20849,1.21673,2002-01-17 13:30:00.0,Intermediário
1.20708,1.21531,2002-01-17 14:00:00.0,Intermediário
1.20826,1.2165,2002-01-17 14:30:00.0,Intermediário
1.20841,1.21665,2002-01-17 15:00:00.0,Intermediário
1.21179,1.22005,2002-01-17 15:30:00.0,Intermediário
1.22368,1.23355,2002-01-17 16:00:00.0,Intermediário
1.22084,1.22914,2002-01-17 16:30:00.0,Fechamento Interbancário
1.21578,1.21978,2002-01-17 17:49:00.0,Fechamento
1.22444,1.2369,2002-01-18 09:35:00.0,Abertura
1.22657,1.23491,2002-01-18 10:00:00.0,Intermediário
1.2225,1.23133,2002-01-18 10:30:00.0,Intermediário
1.2157,1.2245,2002-01-18 11:00:00.0,Intermediário
1.21783,1.22613,2002-01-18 11:30:00.0,Intermediário
1.21472,1.22248,2002-01-18 12:00:00.0,Intermediário
1.21495,1.22271,2002-01-18 12:30:00.0,Intermediário
1.21574,1.22402,2002-01-18 13:00:00.0,Intermediário
1.21669,1.22497,2002-01-18 13:30:00.0,Intermediário
1.21693,1.22521,2002-01-18 14:00:00.0,Intermediário
1.21716,1.22545,2002-01-18 14:30:00.0,Intermediário
1.21941,1.22771,2002-01-18 15:00:00.0,Intermediário
1.21622,1.2245,2002-01-18 15:30:00.0,Intermediário
1.21436,1.22315,2002-01-18 16:00:00.0,Intermediário
1.21385,1.22211,2002-01-18 16:30:00.0,Fechamento Interbancário
1.22221,1.22622,2002-01-18 17:34:00.0,Fechamento
1.21635,1.22878,2002-01-21 09:41:00.0,Abertura
1.22464,1.23348,2002-01-21 10:00:00.0,Intermediário
1.22609,1.23442,2002-01-21 10:30:00.0,Intermediário
1.22723,1.23557,2002-01-21 11:00:00.0,Intermediário
1.22525,1.23358,2002-01-21 11:30:00.0,Intermediário
1.22585,1.23418,2002-01-21 12:00:00.0,Intermediário
1.22744,1.23578,2002-01-21 12:30:00.0,Intermediário
1.22439,1.23271,2002-01-21 13:00:00.0,Intermediário
1.22297,1.23128,2002-01-21 13:30:00.0,Intermediário
1.2232,1.23152,2002-01-21 14:00:00.0,Intermediário
1.22368,1.232,2002-01-21 14:30:00.0,Intermediário
1.22411,1.23243,2002-01-21 15:00:00.0,Intermediário
1.22391,1.23275,2002-01-21 15:30:00.0,Intermediário
1.22387,1.23219,2002-01-21 16:00:00.0,Intermediário
1.22387,1.23219,2002-01-21 16:30:00.0,Fechamento Interbancário
1.22976,1.23378,2002-01-21 18:10:00.0,Fechamento
1.22371,1.2362,2002-01-22 09:32:00.0,Abertura
1.22644,1.23529,2002-01-22 10:00:00.0,Intermediário
1.22437,1.23269,2002-01-22 10:30:00.0,Intermediário
1.22371,1.23254,2002-01-22 11:00:00.0,Intermediário
1.22399,1.23231,2002-01-22 11:30:00.0,Intermediário
1.2247,1.23302,2002-01-22 12:00:00.0,Intermediário
1.2222,1.23103,2002-01-22 12:30:00.0,Intermediário
1.22455,1.23235,2002-01-22 13:00:00.0,Intermediário
1.22526,1.23307,2002-01-22 13:30:00.0,Intermediário
1.22455,1.23235,2002-01-22 14:00:00.0,Intermediário
1.22479,1.23259,2002-01-22 14:30:00.0,Intermediário
1.22755,1.23589,2002-01-22 15:00:00.0,Intermediário
1.2302,1.23908,2002-01-22 15:30:00.0,Intermediário
1.23195,1.24031,2002-01-22 16:00:00.0,Intermediário
1.23171,1.24008,2002-01-22 16:30:00.0,Fechamento Interbancário
1.22776,1.23177,2002-01-22 17:54:00.0,Fechamento
1.22979,1.24231,2002-01-23 09:47:00.0,Abertura
1.23361,1.24198,2002-01-23 10:00:00.0,Intermediário
1.23257,1.24042,2002-01-23 10:30:00.0,Intermediário
1.23376,1.24213,2002-01-23 11:00:00.0,Intermediário
1.23357,1.24194,2002-01-23 11:30:00.0,Intermediário
1.23394,1.24231,2002-01-23 12:00:00.0,Intermediário
1.23493,1.24331,2002-01-23 12:30:00.0,Intermediário
1.23517,1.24355,2002-01-23 13:00:00.0,Intermediário
1.2372,1.24559,2002-01-23 13:30:00.0,Intermediário
1.23601,1.2444,2002-01-23 14:00:00.0,Intermediário
1.23553,1.24392,2002-01-23 14:30:00.0,Intermediário
1.23928,1.24768,2002-01-23 15:00:00.0,Intermediário
1.23936,1.24777,2002-01-23 15:30:00.0,Intermediário
1.23525,1.24364,2002-01-23 16:00:00.0,Intermediário
1.23383,1.2422,2002-01-23 16:30:00.0,Fechamento Interbancário
1.23225,1.23628,2002-01-23 17:41:00.0,Fechamento
1.22871,1.24122,2002-01-24 09:38:00.0,Abertura
1.22963,1.23902,2002-01-24 10:00:00.0,Intermediário
1.23629,1.24469,2002-01-24 10:30:00.0,Intermediário
1.2364,1.2448,2002-01-24 11:00:00.0,Intermediário
1.24086,1.24928,2002-01-24 11:30:00.0,Intermediário
1.23911,1.24752,2002-01-24 12:00:00.0,Intermediário
1.23815,1.24604,2002-01-24 12:30:00.0,Intermediário
1.238,1.24641,2002-01-24 13:00:00.0,Intermediário
1.23992,1.24833,2002-01-24 13:30:00.0,Intermediário
1.24088,1.24929,2002-01-24 14:00:00.0,Intermediário
1.24255,1.25098,2002-01-24 14:30:00.0,Intermediário
1.24048,1.24941,2002-01-24 15:00:00.0,Intermediário
1.24538,1.25383,2002-01-24 15:30:00.0,Intermediário
1.24124,1.24965,2002-01-24 16:00:00.0,Intermediário
1.24104,1.24945,2002-01-24 16:30:00.0,Fechamento Interbancário
1.24501,1.24907,2002-01-24 17:40:00.0,Fechamento
1.23359,1.24611,2002-01-25 09:52:00.0,Abertura
1.23425,1.24315,2002-01-25 10:00:00.0,Intermediário
1.23531,1.24422,2002-01-25 10:30:00.0,Intermediário
1.23788,1.24629,2002-01-25 11:00:00.0,Intermediário
1.23815,1.2476,2002-01-25 11:30:00.0,Intermediário
1.23634,1.24525,2002-01-25 12:00:00.0,Intermediário
1.24052,1.24894,2002-01-25 12:30:00.0,Intermediário
1.24052,1.24894,2002-01-25 13:00:00.0,Intermediário
1.24124,1.24967,2002-01-25 13:30:00.0,Intermediário
1.24124,1.24967,2002-01-25 14:00:00.0,Intermediário
1.24052,1.24894,2002-01-25 14:30:00.0,Intermediário
1.24279,1.25174,2002-01-25 15:00:00.0,Intermediário
1.24255,1.2515,2002-01-25 15:30:00.0,Intermediário
1.24152,1.24995,2002-01-25 16:00:00.0,Intermediário
1.24128,1.24971,2002-01-25 16:30:00.0,Fechamento Interbancário
1.24094,1.245,2002-01-25 17:30:00.0,Fechamento
1.23606,1.2486,2002-01-28 09:39:00.0,Abertura
1.2362,1.2446,2002-01-28 10:00:00.0,Intermediário
1.23952,1.24794,2002-01-28 10:30:00.0,Intermediário
1.24136,1.24979,2002-01-28 11:00:00.0,Intermediário
1.2449,1.25335,2002-01-28 11:30:00.0,Intermediário
1.24574,1.2542,2002-01-28 12:00:00.0,Intermediário
1.24236,1.25183,2002-01-28 12:30:00.0,Intermediário
1.24338,1.25183,2002-01-28 13:00:00.0,Intermediário
1.24508,1.25353,2002-01-28 13:30:00.0,Intermediário
1.24629,1.25474,2002-01-28 14:09:00.0,Intermediário
1.24508,1.25353,2002-01-28 14:30:00.0,Intermediário
1.25186,1.26035,2002-01-28 15:00:00.0,Intermediário
1.24925,1.25772,2002-01-28 15:30:00.0,Intermediário
1.24674,1.2552,2002-01-28 16:00:00.0,Intermediário
1.24677,1.25575,2002-01-28 16:30:00.0,Fechamento Interbancário
1.24961,1.2537,2002-01-28 18:02:00.0,Fechamento
1.23847,1.251,2002-01-29 09:44:00.0,Abertura
1.24181,1.25025,2002-01-29 10:00:00.0,Intermediário
1.24073,1.24916,2002-01-29 10:30:00.0,Intermediário
1.23967,1.2481,2002-01-29 11:00:00.0,Intermediário
1.23898,1.24791,2002-01-29 11:30:00.0,Intermediário
1.23838,1.24679,2002-01-29 12:00:00.0,Intermediário
1.23786,1.24628,2002-01-29 12:30:00.0,Intermediário
1.24018,1.24861,2002-01-29 13:00:00.0,Intermediário
1.23973,1.24816,2002-01-29 13:30:00.0,Intermediário
1.24215,1.25058,2002-01-29 14:00:00.0,Intermediário
1.24191,1.25034,2002-01-29 14:30:00.0,Intermediário
1.24652,1.25499,2002-01-29 15:00:00.0,Intermediário
1.25533,1.26384,2002-01-29 15:30:00.0,Intermediário
1.24231,1.25075,2002-01-29 16:07:00.0,Intermediário
1.23842,1.24684,2002-01-29 16:30:00.0,Fechamento Interbancário
1.23685,1.24092,2002-01-29 17:53:00.0,Fechamento
1.23238,1.24484,2002-01-30 09:47:00.0,Abertura
1.23039,1.23929,2002-01-30 10:00:00.0,Intermediário
1.23138,1.23927,2002-01-30 10:30:00.0,Intermediário
1.23045,1.23884,2002-01-30 11:00:00.0,Intermediário
1.23015,1.23803,2002-01-30 11:30:00.0,Intermediário
1.23007,1.23795,2002-01-30 12:00:00.0,Intermediário
1.23234,1.24074,2002-01-30 12:30:00.0,Intermediário
1.23283,1.24122,2002-01-30 13:00:00.0,Intermediário
1.22839,1.23677,2002-01-30 13:30:00.0,Intermediário
1.22815,1.23653,2002-01-30 14:00:00.0,Intermediário
1.22767,1.23604,2002-01-30 14:30:00.0,Intermediário
1.23369,1.24159,2002-01-30 15:00:00.0,Intermediário
1.23092,1.23931,2002-01-30 15:30:00.0,Intermediário
1.22712,1.236,2002-01-30 16:00:00.0,Intermediário
1.22736,1.23573,2002-01-30 16:30:00.0,Fechamento Interbancário
1.23452,1.2386,2002-01-30 18:04:00.0,Fechamento
1.22924,1.2417,2002-01-31 09:43:00.0,Abertura
1.22891,1.23728,2002-01-31 10:00:00.0,Intermediário
1.23111,1.23949,2002-01-31 10:30:00.0,Intermediário
1.22734,1.23519,2002-01-31 11:00:00.0,Intermediário
1.22683,1.23468,2002-01-31 11:30:00.0,Intermediário
1.2283,1.23667,2002-01-31 12:00:00.0,Intermediário
1.21855,1.22686,2002-01-31 12:30:00.0,Intermediário
1.22015,1.22898,2002-01-31 13:00:00.0,Intermediário
1.21871,1.22702,2002-01-31 13:30:00.0,Intermediário
1.21654,1.22485,2002-01-31 14:00:00.0,Intermediário
1.22183,1.23016,2002-01-31 14:30:00.0,Intermediário
1.21913,1.22745,2002-01-31 15:00:00.0,Intermediário
1.21817,1.22598,2002-01-31 15:30:00.0,Intermediário
1.2202,1.22852,2002-01-31 16:00:00.0,Intermediário
1.22116,1.22949,2002-01-31 16:30:00.0,Fechamento Interbancário
1.22844,1.2325,2002-01-31 17:57:00.0,Fechamento
1.22391,1.23635,2002-02-01 09:45:00.0,Abertura
1.22552,1.23438,2002-02-01 10:00:00.0,Intermediário
1.23133,1.23971,2002-02-01 10:30:00.0,Intermediário
1.23026,1.23812,2002-02-01 11:00:00.0,Intermediário
1.2275,1.23586,2002-02-01 11:30:00.0,Intermediário
1.22779,1.23616,2002-02-01 12:00:00.0,Intermediário
1.22624,1.2346,2002-02-01 12:30:00.0,Intermediário
1.22595,1.2343,2002-02-01 13:00:00.0,Intermediário
1.22571,1.23406,2002-02-01 13:30:00.0,Intermediário
1.22402,1.23236,2002-02-01 14:00:00.0,Intermediário
1.22138,1.22971,2002-02-01 14:30:00.0,Intermediário
1.22386,1.2322,2002-02-01 15:00:00.0,Intermediário
1.22458,1.23293,2002-02-01 15:30:00.0,Intermediário
1.22132,1.22965,2002-02-01 16:00:00.0,Intermediário
1.22082,1.22914,2002-02-01 16:30:00.0,Fechamento Interbancário
1.22805,1.2321,2002-02-01 17:45:00.0,Fechamento
1.22809,1.24055,2002-02-04 09:45:00.0,Abertura
1.2327,1.24263,2002-02-04 10:00:00.0,Intermediário
1.23219,1.24058,2002-02-04 10:30:00.0,Intermediário
1.2312,1.23958,2002-02-04 11:00:00.0,Intermediário
1.22958,1.23796,2002-02-04 11:30:00.0,Intermediário
1.22958,1.23796,2002-02-04 12:00:00.0,Intermediário
1.23052,1.2389,2002-02-04 12:30:00.0,Intermediário
1.23127,1.23966,2002-02-04 13:00:00.0,Intermediário
1.23152,1.2399,2002-02-04 13:30:00.0,Intermediário
1.23152,1.2399,2002-02-04 14:00:00.0,Intermediário
1.232,1.24039,2002-02-04 14:30:00.0,Intermediário
1.2335,1.24138,2002-02-04 15:00:00.0,Intermediário
1.23546,1.24387,2002-02-04 15:30:00.0,Intermediário
1.23667,1.24508,2002-02-04 16:00:00.0,Intermediário
1.23447,1.24287,2002-02-04 16:30:00.0,Fechamento Interbancário
1.23751,1.24158,2002-02-04 17:48:00.0,Fechamento
1.23253,1.24503,2002-02-05 09:40:00.0,Abertura
1.23613,1.24454,2002-02-05 10:08:00.0,Intermediário
1.23187,1.24025,2002-02-05 10:36:00.0,Intermediário
1.23366,1.24206,2002-02-05 11:04:00.0,Intermediário
1.23337,1.24176,2002-02-05 11:34:00.0,Intermediário
1.2339,1.24179,2002-02-05 12:00:00.0,Intermediário
1.23541,1.24381,2002-02-05 12:30:00.0,Intermediário
1.23369,1.24209,2002-02-05 13:00:00.0,Intermediário
1.23176,1.24014,2002-02-05 13:30:00.0,Intermediário
1.23248,1.24087,2002-02-05 14:00:00.0,Intermediário
1.22958,1.23796,2002-02-05 14:30:00.0,Intermediário
1.22886,1.23723,2002-02-05 15:00:00.0,Intermediário
1.22961,1.23798,2002-02-05 15:30:00.0,Intermediário
1.22832,1.2367,2002-02-05 16:00:00.0,Intermediário
1.22932,1.23769,2002-02-05 16:30:00.0,Fechamento Interbancário
1.23195,1.23602,2002-02-05 17:24:00.0,Fechamento
1.22138,1.23378,2002-02-06 09:43:00.0,Abertura
1.22193,1.23027,2002-02-06 10:00:00.0,Intermediário
1.22343,1.23126,2002-02-06 10:30:00.0,Intermediário
1.22297,1.23131,2002-02-06 11:00:00.0,Intermediário
1.22343,1.23126,2002-02-06 11:30:00.0,Intermediário
1.22345,1.23179,2002-02-06 12:00:00.0,Intermediário
1.22521,1.23306,2002-02-06 12:30:00.0,Intermediário
1.22618,1.23453,2002-02-06 13:00:00.0,Intermediário
1.2269,1.23526,2002-02-06 13:30:00.0,Intermediário
1.22739,1.23575,2002-02-06 14:00:00.0,Intermediário
1.22762,1.23599,2002-02-06 14:30:00.0,Intermediário
1.23312,1.24151,2002-02-06 15:00:00.0,Intermediário
1.23658,1.24499,2002-02-06 15:30:00.0,Intermediário
1.23842,1.24684,2002-02-06 16:00:00.0,Intermediário
1.23499,1.2434,2002-02-06 16:30:00.0,Fechamento Interbancário
1.23034,1.2344,2002-02-06 17:47:00.0,Fechamento
1.23475,1.24724,2002-02-07 09:52:00.0,Abertura
1.23534,1.24375,2002-02-07 10:00:00.0,Intermediário
1.23811,1.24654,2002-02-07 10:30:00.0,Intermediário
1.24089,1.24934,2002-02-07 11:00:00.0,Intermediário
1.24012,1.24856,2002-02-07 11:30:00.0,Intermediário
1.24085,1.2493,2002-02-07 12:00:00.0,Intermediário
1.24388,1.25183,2002-02-07 12:30:00.0,Intermediário
1.24269,1.25216,2002-02-07 13:00:00.0,Intermediário
1.23928,1.24773,2002-02-07 13:30:00.0,Intermediário
1.24272,1.25118,2002-02-07 14:00:00.0,Intermediário
1.2437,1.25216,2002-02-07 14:30:00.0,Intermediário
1.23919,1.24814,2002-02-07 15:00:00.0,Intermediário
1.24347,1.25244,2002-02-07 15:30:00.0,Intermediário
1.2477,1.25619,2002-02-07 16:05:00.0,Intermediário
1.24746,1.25543,2002-02-07 16:30:00.0,Fechamento Interbancário
1.24473,1.24884,2002-02-07 17:37:00.0,Fechamento
1.25734,1.26998,2002-02-08 09:44:00.0,Abertura
1.2605,1.26854,2002-02-08 10:00:00.0,Intermediário
1.25999,1.26854,2002-02-08 10:30:00.0,Intermediário
1.25918,1.26773,2002-02-08 11:00:00.0,Intermediário
1.25565,1.26418,2002-02-08 11:39:00.0,Intermediário
1.25588,1.26441,2002-02-08 12:00:00.0,Intermediário
1.25613,1.26466,2002-02-08 12:30:00.0,Intermediário
0.0,0.0,2002-02-08 13:00:00.0,Intermediário
1.25302,1.26153,2002-02-08 13:48:00.0,Intermediário
1.25302,1.26153,2002-02-08 13:50:00.0,Intermediário
0.0,0.0,2002-02-08 14:00:00.0,Intermediário
1.25326,1.26177,2002-02-08 14:07:00.0,Intermediário
1.2513,1.2598,2002-02-08 14:30:00.0,Intermediário
1.2578,1.26633,2002-02-08 15:18:00.0,Intermediário
1.25734,1.26588,2002-02-08 15:30:00.0,Intermediário
1.25455,1.26307,2002-02-08 16:00:00.0,Intermediário
1.25154,1.26005,2002-02-08 16:30:00.0,Fechamento Interbancário
1.26067,1.26481,2002-02-08 17:40:00.0,Fechamento
1.24006,1.25259,2002-02-13 13:02:00.0,Abertura
1.23215,1.24105,2002-02-13 13:47:00.0,Intermediário
1.23338,1.24178,2002-02-13 14:10:00.0,Intermediário
1.22953,1.23842,2002-02-13 14:39:00.0,Intermediário
1.22736,1.23623,2002-02-13 15:00:00.0,Intermediário
1.22782,1.23618,2002-02-13 15:30:00.0,Intermediário
1.22223,1.23159,2002-02-13 16:00:00.0,Intermediário
1.22325,1.23159,2002-02-13 16:30:00.0,Fechamento Interbancário
1.23335,1.23742,2002-02-13 18:30:00.0,Fechamento
1.23489,1.24743,2002-02-14 09:35:00.0,Abertura
1.2386,1.24805,2002-02-14 10:00:00.0,Intermediário
1.24055,1.24897,2002-02-14 10:30:00.0,Intermediário
1.24508,1.25353,2002-02-14 11:00:00.0,Intermediário
1.24831,1.25678,2002-02-14 11:30:00.0,Intermediário
1.24816,1.25611,2002-02-14 12:00:00.0,Intermediário
1.24768,1.25614,2002-02-14 12:30:00.0,Intermediário
1.24892,1.25739,2002-02-14 13:00:00.0,Intermediário
1.24746,1.25593,2002-02-14 13:30:00.0,Intermediário
1.24795,1.25642,2002-02-14 14:00:00.0,Intermediário
1.25037,1.25885,2002-02-14 14:30:00.0,Intermediário
1.25001,1.259,2002-02-14 15:00:00.0,Intermediário
1.2474,1.25534,2002-02-14 15:30:00.0,Intermediário
1.25404,1.26254,2002-02-14 16:00:00.0,Intermediário
1.25501,1.26351,2002-02-14 16:30:00.0,Fechamento Interbancário
1.25481,1.25891,2002-02-14 18:03:00.0,Fechamento
1.25899,1.27168,2002-02-15 09:54:00.0,Abertura
1.26167,1.26969,2002-02-15 10:00:00.0,Intermediário
1.2582,1.26672,2002-02-15 10:30:00.0,Intermediário
1.25847,1.267,2002-02-15 11:00:00.0,Intermediário
1.25896,1.26749,2002-02-15 11:30:00.0,Intermediário
1.25765,1.26617,2002-02-15 12:00:00.0,Intermediário
1.25565,1.26416,2002-02-15 12:30:00.0,Intermediário
1.25665,1.26517,2002-02-15 13:00:00.0,Intermediário
1.25689,1.26541,2002-02-15 13:30:00.0,Intermediário
1.25592,1.26443,2002-02-15 14:00:00.0,Intermediário
1.25616,1.26468,2002-02-15 14:30:00.0,Intermediário
1.25635,1.26486,2002-02-15 15:09:00.0,Intermediário
1.25325,1.26174,2002-02-15 15:43:00.0,Intermediário
1.25122,1.2597,2002-02-15 16:10:00.0,Intermediário
1.25098,1.25946,2002-02-15 16:41:00.0,Fechamento Interbancário
1.2594,1.26352,2002-02-15 17:21:00.0,Fechamento
1.25081,1.26345,2002-02-18 09:56:00.0,Abertura
1.25088,1.2604,2002-02-18 10:00:00.0,Intermediário
1.25191,1.2604,2002-02-18 10:30:00.0,Intermediário
1.25288,1.26137,2002-02-18 11:00:00.0,Intermediário
1.25343,1.26192,2002-02-18 11:30:00.0,Intermediário
1.25277,1.26126,2002-02-18 12:00:00.0,Intermediário
1.25343,1.26192,2002-02-18 12:30:00.0,Intermediário
1.25267,1.26116,2002-02-18 13:00:00.0,Intermediário
1.25391,1.26189,2002-02-18 13:30:00.0,Intermediário
1.25512,1.26311,2002-02-18 14:00:00.0,Intermediário
1.25488,1.26286,2002-02-18 14:30:00.0,Intermediário
1.25519,1.26317,2002-02-18 15:00:00.0,Intermediário
1.25647,1.26498,2002-02-18 15:30:00.0,Intermediário
1.25802,1.26654,2002-02-18 16:00:00.0,Intermediário
1.25802,1.26654,2002-02-18 16:30:00.0,Fechamento Interbancário
1.25565,1.25975,2002-02-18 17:17:00.0,Fechamento
1.25294,1.26559,2002-02-19 09:47:00.0,Abertura
1.25286,1.26135,2002-02-19 10:00:00.0,Intermediário
1.25249,1.26098,2002-02-19 10:30:00.0,Intermediário
1.25004,1.25852,2002-02-19 11:00:00.0,Intermediário
1.24822,1.25669,2002-02-19 11:30:00.0,Intermediário
1.24901,1.25748,2002-02-19 12:00:00.0,Intermediário
1.24904,1.25751,2002-02-19 12:30:00.0,Intermediário
1.24846,1.25641,2002-02-19 13:00:00.0,Intermediário
1.24881,1.25728,2002-02-19 13:30:00.0,Intermediário
1.24905,1.25752,2002-02-19 14:00:00.0,Intermediário
1.25026,1.25873,2002-02-19 14:30:00.0,Intermediário
1.25323,1.26224,2002-02-19 15:00:00.0,Intermediário
1.25054,1.25901,2002-02-19 15:30:00.0,Intermediário
1.25309,1.26158,2002-02-19 16:00:00.0,Intermediário
1.25205,1.26054,2002-02-19 16:30:00.0,Fechamento Interbancário
1.25675,1.26085,2002-02-19 17:21:00.0,Fechamento
1.2463,1.2589,2002-02-20 09:36:00.0,Abertura
1.25146,1.25994,2002-02-20 10:00:00.0,Intermediário
1.25328,1.26126,2002-02-20 10:30:00.0,Intermediário
1.25349,1.26199,2002-02-20 11:00:00.0,Intermediário
1.25425,1.26275,2002-02-20 11:30:00.0,Intermediário
1.25194,1.26095,2002-02-20 12:00:00.0,Intermediário
1.25222,1.26071,2002-02-20 12:30:00.0,Intermediário
1.25131,1.2598,2002-02-20 13:00:00.0,Intermediário
1.2518,1.26028,2002-02-20 13:30:00.0,Intermediário
1.25252,1.26101,2002-02-20 14:00:00.0,Intermediário
1.25325,1.26174,2002-02-20 14:30:00.0,Intermediário
1.25449,1.26247,2002-02-20 15:00:00.0,Intermediário
1.25191,1.2604,2002-02-20 15:30:00.0,Intermediário
1.25005,1.25853,2002-02-20 16:00:00.0,Intermediário
1.25054,1.25901,2002-02-20 16:30:00.0,Fechamento Interbancário
1.25881,1.26291,2002-02-20 17:21:00.0,Fechamento
1.24111,1.25368,2002-02-21 09:42:00.0,Abertura
1.24611,1.25508,2002-02-21 10:00:00.0,Intermediário
1.24629,1.25526,2002-02-21 10:30:00.0,Intermediário
1.24629,1.25474,2002-02-21 11:00:00.0,Intermediário
1.24707,1.25502,2002-02-21 11:30:00.0,Intermediário
1.24707,1.25554,2002-02-21 12:00:00.0,Intermediário
1.24707,1.25554,2002-02-21 12:30:00.0,Intermediário
1.24535,1.2538,2002-02-21 13:00:00.0,Intermediário
1.24801,1.25648,2002-02-21 13:30:00.0,Intermediário
1.24898,1.25745,2002-02-21 14:00:00.0,Intermediário
1.24946,1.25793,2002-02-21 14:30:00.0,Intermediário
1.24946,1.25793,2002-02-21 15:00:00.0,Intermediário
1.2487,1.25665,2002-02-21 15:30:00.0,Intermediário
1.24891,1.25686,2002-02-21 16:00:00.0,Intermediário
1.24915,1.25711,2002-02-21 16:30:00.0,Fechamento Interbancário
1.25343,1.25752,2002-02-21 17:16:00.0,Fechamento
1.24722,1.25982,2002-02-22 09:43:00.0,Abertura
1.24998,1.25794,2002-02-22 10:00:00.0,Intermediário
1.24876,1.25724,2002-02-22 10:30:00.0,Intermediário
1.24819,1.25614,2002-02-22 11:00:00.0,Intermediário
1.2435,1.25195,2002-02-22 11:30:00.0,Intermediário
1.24073,1.24916,2002-02-22 12:00:00.0,Intermediário
1.24148,1.2494,2002-02-22 12:30:00.0,Intermediário
1.24051,1.24843,2002-02-22 13:00:00.0,Intermediário
1.24076,1.24919,2002-02-22 13:30:00.0,Intermediário
1.24076,1.24919,2002-02-22 14:00:00.0,Intermediário
1.23955,1.24797,2002-02-22 14:30:00.0,Intermediário
1.23912,1.24754,2002-02-22 15:00:00.0,Intermediário
1.24008,1.24851,2002-02-22 15:30:00.0,Intermediário
1.23879,1.24721,2002-02-22 16:00:00.0,Intermediário
1.23879,1.24721,2002-02-22 16:30:00.0,Fechamento Interbancário
1.24466,1.24874,2002-02-22 17:37:00.0,Fechamento
1.23286,1.24537,2002-02-25 09:34:00.0,Abertura
1.23419,1.24258,2002-02-25 10:00:00.0,Intermediário
1.23335,1.24173,2002-02-25 10:30:00.0,Intermediário
1.23338,1.24177,2002-02-25 11:00:00.0,Intermediário
1.2331,1.24149,2002-02-25 11:30:00.0,Intermediário
1.23085,1.23922,2002-02-25 12:00:00.0,Intermediário
1.23055,1.23892,2002-02-25 12:30:00.0,Intermediário
1.22642,1.23631,2002-02-25 13:00:00.0,Intermediário
1.22645,1.23531,2002-02-25 13:30:00.0,Intermediário
1.22693,1.23579,2002-02-25 14:00:00.0,Intermediário
1.22621,1.23507,2002-02-25 14:30:00.0,Intermediário
1.22539,1.23373,2002-02-25 15:00:00.0,Intermediário
1.22741,1.23627,2002-02-25 15:30:00.0,Intermediário
1.22591,1.23425,2002-02-25 16:00:00.0,Intermediário
1.22515,1.23401,2002-02-25 16:30:00.0,Fechamento Interbancário
1.23576,1.23981,2002-02-25 17:12:00.0,Fechamento
1.22312,1.23558,2002-02-26 09:47:00.0,Abertura
1.22652,1.23486,2002-02-26 10:00:00.0,Intermediário
1.22812,1.23648,2002-02-26 10:30:00.0,Intermediário
1.22508,1.23342,2002-02-26 11:00:00.0,Intermediário
1.22584,1.23366,2002-02-26 11:30:00.0,Intermediário
1.2273,1.23565,2002-02-26 12:00:00.0,Intermediário
1.23336,1.24174,2002-02-26 12:30:00.0,Intermediário
1.23089,1.23926,2002-02-26 13:00:00.0,Intermediário
1.23161,1.23998,2002-02-26 13:30:00.0,Intermediário
1.23233,1.24071,2002-02-26 14:00:00.0,Intermediário
1.23089,1.23926,2002-02-26 14:34:00.0,Intermediário
1.22693,1.23528,2002-02-26 15:00:00.0,Intermediário
1.22591,1.23476,2002-02-26 15:30:00.0,Intermediário
1.22512,1.23294,2002-02-26 16:00:00.0,Intermediário
1.22539,1.23373,2002-02-26 16:30:00.0,Fechamento Interbancário
1.22937,1.23341,2002-02-26 17:11:00.0,Fechamento
1.22754,1.24002,2002-02-27 09:50:00.0,Abertura
1.22734,1.23569,2002-02-27 10:00:00.0,Intermediário
1.22347,1.2318,2002-02-27 10:30:00.0,Intermediário
1.22142,1.22974,2002-02-27 11:00:00.0,Intermediário
1.22067,1.22847,2002-02-27 11:30:00.0,Intermediário
1.22507,1.2334,2002-02-27 12:00:00.0,Intermediário
1.22681,1.23515,2002-02-27 12:30:00.0,Intermediário
1.22372,1.23205,2002-02-27 13:00:00.0,Intermediário
1.2242,1.23253,2002-02-27 13:30:00.0,Intermediário
1.22491,1.23324,2002-02-27 14:00:00.0,Intermediário
1.22444,1.23276,2002-02-27 14:30:00.0,Intermediário
1.21854,1.22735,2002-02-27 15:00:00.0,Intermediário
1.21696,1.22524,2002-02-27 15:30:00.0,Intermediário
1.21138,1.21963,2002-02-27 16:00:00.0,Intermediário
1.21138,1.21963,2002-02-27 16:30:00.0,Fechamento Interbancário
1.22725,1.23128,2002-02-27 17:35:00.0,Fechamento
1.21055,1.22294,2002-02-28 09:49:00.0,Abertura
1.20783,1.21606,2002-02-28 10:00:00.0,Intermediário
1.20437,1.21258,2002-02-28 10:30:00.0,Intermediário
1.20437,1.21206,2002-02-28 11:00:00.0,Intermediário
1.20765,1.21587,2002-02-28 11:30:00.0,Intermediário
1.20811,1.21634,2002-02-28 12:00:00.0,Intermediário
1.20788,1.21611,2002-02-28 12:30:00.0,Intermediário
1.21429,1.22256,2002-02-28 13:00:00.0,Intermediário
1.215,1.22327,2002-02-28 13:30:00.0,Intermediário
1.21594,1.22421,2002-02-28 14:00:00.0,Intermediário
1.21735,1.22564,2002-02-28 14:30:00.0,Intermediário
1.21524,1.22351,2002-02-28 15:00:00.0,Intermediário
1.21841,1.22774,2002-02-28 15:30:00.0,Intermediário
1.21687,1.22515,2002-02-28 16:00:00.0,Intermediário
1.21612,1.2244,2002-02-28 16:30:00.0,Fechamento Interbancário
1.213,1.21698,2002-02-28 17:14:00.0,Fechamento
1.2198,1.23225,2002-03-01 09:36:00.0,Abertura
1.22232,1.23063,2002-03-01 10:00:00.0,Intermediário
1.21974,1.22856,2002-03-01 10:30:00.0,Intermediário
1.21942,1.22771,2002-03-01 11:00:00.0,Intermediário
1.21656,1.2246,2002-03-01 12:37:00.0,Intermediário
1.21628,1.22455,2002-03-01 12:42:00.0,Intermediário
1.21745,1.22573,2002-03-01 12:45:00.0,Intermediário
1.21552,1.22327,2002-03-01 13:00:00.0,Intermediário
1.21576,1.22403,2002-03-01 13:30:00.0,Intermediário
1.21623,1.2245,2002-03-01 14:00:00.0,Intermediário
1.21576,1.22403,2002-03-01 14:30:00.0,Intermediário
1.21369,1.22195,2002-03-01 15:00:00.0,Intermediário
1.21665,1.22493,2002-03-01 15:30:00.0,Intermediário
1.21293,1.22066,2002-03-01 16:00:00.0,Intermediário
1.21359,1.22184,2002-03-01 16:30:00.0,Fechamento Interbancário
1.22549,1.22949,2002-03-01 17:18:00.0,Fechamento
1.21616,1.2286,2002-03-04 09:38:00.0,Abertura
1.21499,1.22325,2002-03-04 10:00:00.0,Intermediário
1.22026,1.22803,2002-03-04 10:30:00.0,Intermediário
1.2212,1.23001,2002-03-04 11:00:00.0,Intermediário
1.21917,1.22745,2002-03-04 11:30:00.0,Intermediário
1.21987,1.22816,2002-03-04 12:00:00.0,Intermediário
1.21748,1.22575,2002-03-04 12:30:00.0,Intermediário
1.21795,1.22622,2002-03-04 13:00:00.0,Intermediário
1.21795,1.22622,2002-03-04 13:30:00.0,Intermediário
1.21771,1.22599,2002-03-04 14:00:00.0,Intermediário
1.21865,1.22693,2002-03-04 14:30:00.0,Intermediário
1.20964,1.21839,2002-03-04 15:00:00.0,Intermediário
1.21086,1.21857,2002-03-04 15:30:00.0,Intermediário
1.20821,1.21695,2002-03-04 16:00:00.0,Intermediário
1.20635,1.21508,2002-03-04 16:30:00.0,Fechamento Interbancário
1.21884,1.22282,2002-03-04 17:21:00.0,Fechamento
1.20606,1.21845,2002-03-05 09:49:00.0,Abertura
1.20923,1.2185,2002-03-05 10:00:00.0,Intermediário
1.20249,1.2112,2002-03-05 10:30:00.0,Intermediário
1.20306,1.21125,2002-03-05 11:00:00.0,Intermediário
1.20601,1.21421,2002-03-05 11:30:00.0,Intermediário
1.20456,1.21276,2002-03-05 12:00:00.0,Intermediário
1.20646,1.21519,2002-03-05 12:40:00.0,Intermediário
1.2112,1.21944,2002-03-05 13:06:00.0,Intermediário
1.21166,1.2199,2002-03-05 13:30:00.0,Intermediário
1.21213,1.22037,2002-03-05 13:38:00.0,Intermediário
1.2112,1.21944,2002-03-05 14:08:00.0,Intermediário
1.21143,1.21967,2002-03-05 14:30:00.0,Intermediário
1.21333,1.22158,2002-03-05 15:00:00.0,Intermediário
1.21432,1.22309,2002-03-05 15:30:00.0,Intermediário
1.20889,1.21711,2002-03-05 16:00:00.0,Intermediário
1.20889,1.21711,2002-03-05 16:30:00.0,Fechamento Interbancário
1.21012,1.21408,2002-03-05 17:17:00.0,Fechamento
1.21837,1.23082,2002-03-06 09:42:00.0,Abertura
1.21956,1.22784,2002-03-06 10:00:00.0,Intermediário
1.21766,1.22594,2002-03-06 10:30:00.0,Intermediário
1.218,1.22575,2002-03-06 11:00:00.0,Intermediário
1.22106,1.22936,2002-03-06 11:30:00.0,Intermediário
1.22059,1.22889,2002-03-06 12:00:00.0,Intermediário
1.22224,1.23054,2002-03-06 12:30:00.0,Intermediário
1.21979,1.22808,2002-03-06 13:00:00.0,Intermediário
1.22073,1.22902,2002-03-06 13:30:00.0,Intermediário
1.22167,1.22996,2002-03-06 14:00:00.0,Intermediário
1.22284,1.23114,2002-03-06 14:30:00.0,Intermediário
1.22698,1.23531,2002-03-06 15:00:00.0,Intermediário
1.22907,1.23741,2002-03-06 15:30:00.0,Intermediário
1.23376,1.24213,2002-03-06 16:00:00.0,Intermediário
1.23418,1.24255,2002-03-06 16:30:00.0,Fechamento Interbancário
1.22789,1.23189,2002-03-06 17:09:00.0,Fechamento
1.23958,1.25219,2002-03-07 09:53:00.0,Abertura
1.24063,1.25008,2002-03-07 10:00:00.0,Intermediário
1.24058,1.24898,2002-03-07 10:30:00.0,Intermediário
1.23773,1.24611,2002-03-07 11:00:00.0,Intermediário
1.2343,1.24424,2002-03-07 11:30:00.0,Intermediário
1.23875,1.24714,2002-03-07 12:00:00.0,Intermediário
1.23686,1.24524,2002-03-07 12:30:00.0,Intermediário
1.23998,1.24837,2002-03-07 13:12:00.0,Intermediário
1.23786,1.24624,2002-03-07 13:30:00.0,Intermediário
1.23857,1.24695,2002-03-07 14:00:00.0,Intermediário
1.23975,1.24814,2002-03-07 14:30:00.0,Intermediário
1.23964,1.24803,2002-03-07 15:00:00.0,Intermediário
1.24546,1.25389,2002-03-07 15:30:00.0,Intermediário
1.24447,1.25289,2002-03-07 16:00:00.0,Intermediário
1.24376,1.25217,2002-03-07 16:30:00.0,Fechamento Interbancário
1.2441,1.24814,2002-03-07 17:17:00.0,Fechamento
1.23534,1.24793,2002-03-08 09:42:00.0,Abertura
1.24092,1.24932,2002-03-08 10:27:00.0,Intermediário
1.23869,1.2476,2002-03-08 10:30:00.0,Intermediário
1.23602,1.2444,2002-03-08 11:00:00.0,Intermediário
1.23338,1.24174,2002-03-08 11:30:00.0,Intermediário
1.22873,1.23707,2002-03-08 12:11:00.0,Intermediário
1.22487,1.23318,2002-03-08 12:30:00.0,Intermediário
1.22216,1.23046,2002-03-08 13:00:00.0,Intermediário
1.22591,1.23422,2002-03-08 13:30:00.0,Intermediário
1.22591,1.23422,2002-03-08 14:00:00.0,Intermediário
1.22567,1.23399,2002-03-08 14:30:00.0,Intermediário
1.22445,1.23328,2002-03-08 15:00:00.0,Intermediário
1.21736,1.22721,2002-03-08 15:30:00.0,Intermediário
1.22594,1.23426,2002-03-08 16:00:00.0,Intermediário
1.22589,1.2342,2002-03-08 16:30:00.0,Fechamento Interbancário
1.23348,1.23749,2002-03-08 17:40:00.0,Fechamento
1.21785,1.2303,2002-03-11 09:40:00.0,Abertura
1.21426,1.22408,2002-03-11 10:00:00.0,Intermediário
1.21439,1.22317,2002-03-11 10:30:00.0,Intermediário
1.21704,1.22531,2002-03-11 11:01:00.0,Intermediário
1.21668,1.22547,2002-03-11 11:30:00.0,Intermediário
1.22073,1.22902,2002-03-11 12:00:00.0,Intermediário
1.22021,1.22798,2002-03-11 12:30:00.0,Intermediário
1.22214,1.22991,2002-03-11 13:00:00.0,Intermediário
1.22162,1.22991,2002-03-11 13:30:00.0,Intermediário
1.22208,1.23038,2002-03-11 14:00:00.0,Intermediário
1.22138,1.22968,2002-03-11 14:30:00.0,Intermediário
1.2245,1.23281,2002-03-11 15:00:00.0,Intermediário
1.22672,1.23504,2002-03-11 15:30:00.0,Intermediário
1.22643,1.23475,2002-03-11 16:00:00.0,Intermediário
1.22596,1.23428,2002-03-11 16:30:00.0,Fechamento Interbancário
1.22546,1.22946,2002-03-11 17:21:00.0,Fechamento
1.22111,1.23359,2002-03-12 09:32:00.0,Abertura
1.22131,1.23013,2002-03-12 10:00:00.0,Intermediário
1.219,1.22781,2002-03-12 10:30:00.0,Intermediário
1.21952,1.22781,2002-03-12 11:00:00.0,Intermediário
1.21975,1.22804,2002-03-12 11:30:00.0,Intermediário
1.21768,1.22648,2002-03-12 12:00:00.0,Intermediário
1.21659,1.22486,2002-03-12 12:30:00.0,Intermediário
1.21551,1.22377,2002-03-12 13:00:00.0,Intermediário
1.21634,1.22461,2002-03-12 13:30:00.0,Intermediário
1.21634,1.22461,2002-03-12 14:00:00.0,Intermediário
1.21634,1.22461,2002-03-12 14:30:00.0,Intermediário
1.21553,1.2238,2002-03-12 15:00:00.0,Intermediário
1.21299,1.22124,2002-03-12 15:30:00.0,Intermediário
1.20837,1.21659,2002-03-12 16:00:00.0,Intermediário
1.20907,1.21729,2002-03-12 16:30:00.0,Fechamento Interbancário
1.22264,1.22663,2002-03-12 17:46:00.0,Fechamento
1.20093,1.21328,2002-03-13 09:32:00.0,Abertura
1.20485,1.21357,2002-03-13 10:09:00.0,Intermediário
1.20952,1.21827,2002-03-13 10:30:00.0,Intermediário
1.2112,1.21944,2002-03-13 11:00:00.0,Intermediário
1.21242,1.22066,2002-03-13 11:30:00.0,Intermediário
1.21276,1.221,2002-03-13 12:00:00.0,Intermediário
1.21634,1.22461,2002-03-13 12:30:00.0,Intermediário
1.21517,1.22343,2002-03-13 13:00:00.0,Intermediário
1.21662,1.22489,2002-03-13 13:30:00.0,Intermediário
1.21499,1.22325,2002-03-13 14:00:00.0,Intermediário
1.21569,1.22395,2002-03-13 14:30:00.0,Intermediário
1.21626,1.22453,2002-03-13 15:00:00.0,Intermediário
1.21805,1.22633,2002-03-13 15:30:00.0,Intermediário
1.21748,1.22575,2002-03-13 16:00:00.0,Intermediário
1.21823,1.22651,2002-03-13 16:30:00.0,Fechamento Interbancário
1.21388,1.21785,2002-03-13 17:14:00.0,Fechamento
1.21492,1.22737,2002-03-14 09:56:00.0,Abertura
1.21602,1.22428,2002-03-14 10:00:00.0,Intermediário
1.2155,1.22376,2002-03-14 10:30:00.0,Intermediário
1.22172,1.23001,2002-03-14 11:00:00.0,Intermediário
1.22044,1.22925,2002-03-14 11:30:00.0,Intermediário
1.2256,1.23392,2002-03-14 12:00:00.0,Intermediário
1.2274,1.23573,2002-03-14 12:30:00.0,Intermediário
1.22461,1.23292,2002-03-14 13:00:00.0,Intermediário
1.22531,1.23363,2002-03-14 13:40:00.0,Intermediário
1.22485,1.23316,2002-03-14 14:00:00.0,Intermediário
1.22531,1.23363,2002-03-14 14:30:00.0,Intermediário
1.22834,1.23667,2002-03-14 15:07:00.0,Intermediário
0.0,0.0,2002-03-14 15:30:00.0,Intermediário
1.2262,1.23451,2002-03-14 16:18:00.0,Intermediário
1.22411,1.23241,2002-03-14 16:19:00.0,Intermediário
1.22358,1.23189,2002-03-14 16:32:00.0,Fechamento Interbancário
1.22751,1.2315,2002-03-14 17:37:00.0,Fechamento
1.2258,1.23832,2002-03-15 09:53:00.0,Abertura
1.23168,1.24003,2002-03-15 10:38:00.0,Intermediário
1.2361,1.24448,2002-03-15 10:43:00.0,Intermediário
1.23155,1.2399,2002-03-15 11:00:00.0,Intermediário
1.23359,1.24195,2002-03-15 11:30:00.0,Intermediário
1.23479,1.24315,2002-03-15 12:00:00.0,Intermediário
1.23327,1.2411,2002-03-15 12:30:00.0,Intermediário
1.22942,1.23775,2002-03-15 13:00:00.0,Intermediário
1.23036,1.23869,2002-03-15 13:30:00.0,Intermediário
1.23036,1.23869,2002-03-15 14:00:00.0,Intermediário
1.22989,1.23822,2002-03-15 14:30:00.0,Intermediário
1.22954,1.23735,2002-03-15 15:09:00.0,Intermediário
1.22628,1.23512,2002-03-15 15:30:00.0,Intermediário
1.22989,1.23822,2002-03-15 16:00:00.0,Intermediário
1.22907,1.2374,2002-03-15 16:30:00.0,Fechamento Interbancário
1.23727,1.24128,2002-03-15 17:12:00.0,Fechamento
1.22045,1.23295,2002-03-18 09:39:00.0,Abertura
1.22178,1.2306,2002-03-18 10:00:00.0,Intermediário
1.22324,1.23154,2002-03-18 10:30:00.0,Intermediário
1.2208,1.22909,2002-03-18 11:00:00.0,Intermediário
1.22196,1.23025,2002-03-18 11:30:00.0,Intermediário
1.22051,1.22827,2002-03-18 12:00:00.0,Intermediário
1.22336,1.23166,2002-03-18 12:30:00.0,Intermediário
1.22446,1.23224,2002-03-18 13:00:00.0,Intermediário
1.22376,1.23154,2002-03-18 13:30:00.0,Intermediário
1.22493,1.23271,2002-03-18 14:00:00.0,Intermediário
1.22563,1.23342,2002-03-18 14:30:00.0,Intermediário
1.22983,1.23869,2002-03-18 15:00:00.0,Intermediário
1.22721,1.23553,2002-03-18 15:30:00.0,Intermediário
1.22628,1.23459,2002-03-18 16:00:00.0,Intermediário
1.22651,1.23482,2002-03-18 16:30:00.0,Fechamento Interbancário
1.22942,1.23341,2002-03-18 17:20:00.0,Fechamento
1.22063,1.23312,2002-03-19 09:39:00.0,Abertura
1.22178,1.23008,2002-03-19 10:00:00.0,Intermediário
1.22592,1.23424,2002-03-19 10:30:00.0,Intermediário
1.22773,1.23605,2002-03-19 11:00:00.0,Intermediário
1.22755,1.23587,2002-03-19 11:30:00.0,Intermediário
1.22679,1.23511,2002-03-19 12:00:00.0,Intermediário
1.22621,1.23453,2002-03-19 12:30:00.0,Intermediário
1.22272,1.23154,2002-03-19 13:00:00.0,Intermediário
1.22277,1.23107,2002-03-19 13:30:00.0,Intermediário
1.22207,1.23037,2002-03-19 14:00:00.0,Intermediário
1.22254,1.23084,2002-03-19 14:30:00.0,Intermediário
1.22358,1.23189,2002-03-19 15:00:00.0,Intermediário
1.22148,1.2303,2002-03-19 15:31:00.0,Intermediário
1.22195,1.23077,2002-03-19 16:00:00.0,Intermediário
1.22119,1.22948,2002-03-19 16:30:00.0,Fechamento Interbancário
1.2268,1.2308,2002-03-19 17:14:00.0,Fechamento
1.23613,1.24875,2002-03-20 09:34:00.0,Abertura
1.23433,1.24268,2002-03-20 10:00:00.0,Intermediário
1.23601,1.2449,2002-03-20 10:30:00.0,Intermediário
1.23929,1.24767,2002-03-20 11:00:00.0,Intermediário
1.23683,1.2452,2002-03-20 11:30:00.0,Intermediário
1.23637,1.24473,2002-03-20 12:00:00.0,Intermediário
1.23624,1.2446,2002-03-20 12:30:00.0,Intermediário
1.23787,1.24624,2002-03-20 13:00:00.0,Intermediário
1.23624,1.2446,2002-03-20 13:30:00.0,Intermediário
1.23671,1.24507,2002-03-20 14:00:00.0,Intermediário
1.23717,1.24554,2002-03-20 14:30:00.0,Intermediário
1.23736,1.24573,2002-03-20 15:00:00.0,Intermediário
1.2366,1.24496,2002-03-20 15:30:00.0,Intermediário
1.23825,1.24609,2002-03-20 16:00:00.0,Intermediário
1.23878,1.24715,2002-03-20 16:30:00.0,Fechamento Interbancário
1.2395,1.2435,2002-03-20 17:17:00.0,Fechamento
1.24294,1.2556,2002-03-21 09:46:00.0,Abertura
1.24219,1.25058,2002-03-21 10:00:00.0,Intermediário
1.24159,1.25052,2002-03-21 10:30:00.0,Intermediário
1.24334,1.25174,2002-03-21 11:00:00.0,Intermediário
1.2437,1.2521,2002-03-21 11:30:00.0,Intermediário
1.24411,1.25251,2002-03-21 12:08:00.0,Intermediário
1.24311,1.25151,2002-03-21 12:30:00.0,Intermediário
1.24698,1.2554,2002-03-21 13:00:00.0,Intermediário
1.24581,1.25422,2002-03-21 13:30:00.0,Intermediário
1.24605,1.25446,2002-03-21 14:00:00.0,Intermediário
1.24183,1.25022,2002-03-21 14:30:00.0,Intermediário
1.24359,1.25199,2002-03-21 15:00:00.0,Intermediário
1.24359,1.25199,2002-03-21 15:30:00.0,Intermediário
1.24041,1.2488,2002-03-21 16:00:00.0,Intermediário
1.23895,1.24733,2002-03-21 16:30:00.0,Fechamento Interbancário
1.24524,1.24926,2002-03-21 17:31:00.0,Fechamento
1.23857,1.25121,2002-03-22 09:41:00.0,Abertura
1.24288,1.25127,2002-03-22 10:00:00.0,Intermediário
1.24622,1.25463,2002-03-22 10:30:00.0,Intermediário
1.24498,1.25339,2002-03-22 11:00:00.0,Intermediário
1.24722,1.2551,2002-03-22 11:30:00.0,Intermediário
1.24787,1.2563,2002-03-22 12:00:00.0,Intermediário
1.25136,1.2598,2002-03-22 12:30:00.0,Intermediário
1.25183,1.26027,2002-03-22 13:00:00.0,Intermediário
1.25159,1.26004,2002-03-22 13:30:00.0,Intermediário
1.25136,1.2598,2002-03-22 14:00:00.0,Intermediário
1.25089,1.25933,2002-03-22 14:30:00.0,Intermediário
1.2536,1.26206,2002-03-22 15:00:00.0,Intermediário
1.25472,1.26265,2002-03-22 15:30:00.0,Intermediário
1.25065,1.2591,2002-03-22 16:00:00.0,Intermediário
1.25089,1.25933,2002-03-22 16:30:00.0,Fechamento Interbancário
1.24746,1.25149,2002-03-22 17:17:00.0,Fechamento
1.25318,1.26592,2002-03-25 09:43:00.0,Abertura
1.25307,1.26206,2002-03-25 10:00:00.0,Intermediário
1.2559,1.26384,2002-03-25 10:30:00.0,Intermediário
1.25601,1.26449,2002-03-25 11:00:00.0,Intermediário
1.25489,1.26336,2002-03-25 11:30:00.0,Intermediário
1.25018,1.25862,2002-03-25 12:00:00.0,Intermediário
1.24736,1.25685,2002-03-25 12:30:00.0,Intermediário
1.24959,1.2575,2002-03-25 13:00:00.0,Intermediário
1.24977,1.25821,2002-03-25 13:30:00.0,Intermediário
1.24977,1.25821,2002-03-25 14:00:00.0,Intermediário
1.24906,1.2575,2002-03-25 14:30:00.0,Intermediário
1.25047,1.25892,2002-03-25 15:00:00.0,Intermediário
1.25153,1.25998,2002-03-25 15:30:00.0,Intermediário
1.24965,1.25809,2002-03-25 16:00:00.0,Intermediário
1.24965,1.25809,2002-03-25 16:30:00.0,Fechamento Interbancário
1.2531,1.25715,2002-03-25 17:13:00.0,Fechamento
1.24283,1.25548,2002-03-26 09:34:00.0,Abertura
1.24347,1.25188,2002-03-26 10:00:00.0,Intermediário
1.24148,1.24988,2002-03-26 10:30:00.0,Intermediário
1.24107,1.24947,2002-03-26 11:00:00.0,Intermediário
1.23738,1.24575,2002-03-26 11:33:00.0,Intermediário
1.23615,1.24452,2002-03-26 12:00:00.0,Intermediário
1.23387,1.24222,2002-03-26 12:30:00.0,Intermediário
1.23223,1.24058,2002-03-26 13:00:00.0,Intermediário
1.23247,1.24081,2002-03-26 13:30:00.0,Intermediário
1.23457,1.24292,2002-03-26 14:00:00.0,Intermediário
1.23457,1.24292,2002-03-26 14:30:00.0,Intermediário
1.23721,1.24558,2002-03-26 15:00:00.0,Intermediário
1.23697,1.24534,2002-03-26 15:30:00.0,Intermediário
1.23615,1.24452,2002-03-26 16:00:00.0,Intermediário
1.23586,1.24422,2002-03-26 16:30:00.0,Fechamento Interbancário
1.23892,1.24294,2002-03-26 17:27:00.0,Fechamento
1.23434,1.24693,2002-03-27 09:40:00.0,Abertura
1.23399,1.24181,2002-03-27 10:00:00.0,Intermediário
1.23498,1.24334,2002-03-27 10:30:00.0,Intermediário
1.23235,1.24069,2002-03-27 11:00:00.0,Intermediário
1.23311,1.24146,2002-03-27 11:30:00.0,Intermediário
1.23188,1.23969,2002-03-27 12:00:00.0,Intermediário
1.22972,1.23804,2002-03-27 12:30:00.0,Intermediário
1.22545,1.23376,2002-03-27 13:00:00.0,Intermediário
1.22615,1.23446,2002-03-27 13:30:00.0,Intermediário
1.22685,1.23516,2002-03-27 14:00:00.0,Intermediário
1.22615,1.23446,2002-03-27 14:30:00.0,Intermediário
1.22464,1.23399,2002-03-27 15:00:00.0,Intermediário
1.22358,1.23188,2002-03-27 15:30:00.0,Intermediário
1.22276,1.23105,2002-03-27 16:00:00.0,Intermediário
1.2227,1.23099,2002-03-27 16:30:00.0,Fechamento Interbancário
1.23295,1.23695,2002-03-27 17:11:00.0,Fechamento
1.23698,1.24962,2002-03-28 09:53:00.0,Abertura
1.23708,1.24544,2002-03-28 10:00:00.0,Intermediário
1.23452,1.24233,2002-03-28 10:30:00.0,Intermediário
1.23323,1.24157,2002-03-28 11:00:00.0,Intermediário
1.23469,1.2425,2002-03-28 11:30:00.0,Intermediário
1.232,1.2398,2002-03-28 12:00:00.0,Intermediário
1.22889,1.23773,2002-03-28 12:30:00.0,Intermediário
1.23631,1.24466,2002-03-28 13:00:00.0,Intermediário
1.23631,1.24573,2002-03-28 13:30:00.0,Intermediário
1.23608,1.2455,2002-03-28 14:00:00.0,Intermediário
1.23585,1.24527,2002-03-28 14:30:00.0,Intermediário
1.23761,1.24597,2002-03-28 15:00:00.0,Intermediário
1.23867,1.24757,2002-03-28 15:30:00.0,Intermediário
1.23761,1.24597,2002-03-28 16:00:00.0,Intermediário
1.23877,1.24713,2002-03-28 16:30:00.0,Fechamento Interbancário
1.23952,1.24351,2002-03-28 17:28:00.0,Fechamento
1.24123,1.2539,2002-04-01 09:38:00.0,Abertura
1.23847,1.24683,2002-04-01 10:00:00.0,Intermediário
1.24153,1.24991,2002-04-01 10:30:00.0,Intermediário
1.24422,1.25262,2002-04-01 11:06:00.0,Intermediário
1.24153,1.24991,2002-04-01 11:30:00.0,Intermediário
1.24159,1.24998,2002-04-01 12:00:00.0,Intermediário
1.24069,1.24907,2002-04-01 12:30:00.0,Intermediário
1.24146,1.24984,2002-04-01 13:00:00.0,Intermediário
1.24076,1.24914,2002-04-01 13:30:00.0,Intermediário
1.24123,1.2496,2002-04-01 14:00:00.0,Intermediário
1.23937,1.24774,2002-04-01 14:30:00.0,Intermediário
1.23244,1.24131,2002-04-01 15:00:00.0,Intermediário
1.23152,1.23984,2002-04-01 15:30:00.0,Intermediário
1.22581,1.2341,2002-04-01 16:00:00.0,Intermediário
1.22474,1.23303,2002-04-01 16:30:00.0,Fechamento Interbancário
1.2389,1.24289,2002-04-01 17:14:00.0,Fechamento
1.22125,1.2338,2002-04-02 09:40:00.0,Abertura
1.22155,1.22982,2002-04-02 10:00:00.0,Intermediário
1.22261,1.23089,2002-04-02 10:30:00.0,Intermediário
1.22619,1.23449,2002-04-02 11:00:00.0,Intermediário
1.22521,1.2335,2002-04-02 11:30:00.0,Intermediário
1.22605,1.23434,2002-04-02 12:00:00.0,Intermediário
1.2268,1.23456,2002-04-02 12:30:00.0,Intermediário
1.22445,1.23273,2002-04-02 13:00:00.0,Intermediário
1.22514,1.23342,2002-04-02 13:30:00.0,Intermediário
1.22605,1.23434,2002-04-02 14:00:00.0,Intermediário
1.22605,1.23434,2002-04-02 14:30:00.0,Intermediário
1.22727,1.23557,2002-04-02 15:00:00.0,Intermediário
1.22934,1.23819,2002-04-02 15:36:00.0,Intermediário
1.22743,1.23519,2002-04-02 16:00:00.0,Intermediário
1.22598,1.23427,2002-04-02 16:30:00.0,Fechamento Interbancário
1.23109,1.23506,2002-04-02 17:41:00.0,Fechamento
1.21728,1.22979,2002-04-03 09:45:00.0,Abertura
1.21871,1.22697,2002-04-03 10:00:00.0,Intermediário
1.21416,1.22239,2002-04-03 10:30:00.0,Intermediário
1.20856,1.21675,2002-04-03 11:00:00.0,Intermediário
1.20878,1.21698,2002-04-03 11:30:00.0,Intermediário
1.21174,1.21942,2002-04-03 12:00:00.0,Intermediário
1.21712,1.2259,2002-04-03 12:30:00.0,Intermediário
1.22144,1.22971,2002-04-03 13:00:00.0,Intermediário
1.22167,1.22994,2002-04-03 13:30:00.0,Intermediário
1.22167,1.22994,2002-04-03 14:00:00.0,Intermediário
1.22213,1.2304,2002-04-03 14:30:00.0,Intermediário
1.22183,1.23063,2002-04-03 15:00:00.0,Intermediário
1.22115,1.22942,2002-04-03 15:30:00.0,Intermediário
1.22639,1.23415,2002-04-03 16:00:00.0,Intermediário
1.22731,1.23562,2002-04-03 16:30:00.0,Fechamento Interbancário
1.22341,1.22736,2002-04-03 17:34:00.0,Fechamento
1.22898,1.24157,2002-04-04 09:49:00.0,Abertura
1.23011,1.23896,2002-04-04 10:00:00.0,Intermediário
1.22577,1.2346,2002-04-04 10:30:00.0,Intermediário
1.22872,1.23704,2002-04-04 11:00:00.0,Intermediário
1.22882,1.23659,2002-04-04 11:30:00.0,Intermediário
1.22644,1.23474,2002-04-04 12:00:00.0,Intermediário
1.22128,1.22955,2002-04-04 12:30:00.0,Intermediário
1.21815,1.2264,2002-04-04 13:00:00.0,Intermediário
1.21884,1.2271,2002-04-04 13:30:00.0,Intermediário
1.21838,1.22663,2002-04-04 14:00:00.0,Intermediário
1.21884,1.2271,2002-04-04 14:37:00.0,Intermediário
1.21642,1.2252,2002-04-04 15:00:00.0,Intermediário
1.21725,1.22603,2002-04-04 15:30:00.0,Intermediário
1.21695,1.2252,2002-04-04 16:00:00.0,Intermediário
1.21725,1.2255,2002-04-04 16:32:00.0,Fechamento Interbancário
1.22791,1.23188,2002-04-04 17:21:00.0,Fechamento
1.21668,1.22919,2002-04-05 09:42:00.0,Abertura
1.21857,1.22629,2002-04-05 10:00:00.0,Intermediário
1.21774,1.22599,2002-04-05 10:30:00.0,Intermediário
1.21523,1.22293,2002-04-05 11:00:00.0,Intermediário
1.21645,1.22469,2002-04-05 11:30:00.0,Intermediário
1.21712,1.22484,2002-04-05 12:00:00.0,Intermediário
1.21614,1.22437,2002-04-05 12:30:00.0,Intermediário
1.21674,1.22445,2002-04-05 13:00:00.0,Intermediário
1.213,1.22069,2002-04-05 13:30:00.0,Intermediário
1.21483,1.22254,2002-04-05 14:00:00.0,Intermediário
1.21506,1.22276,2002-04-05 14:30:00.0,Intermediário
1.2071,1.21529,2002-04-05 15:00:00.0,Intermediário
1.2028,1.2115,2002-04-05 15:30:00.0,Intermediário
1.20568,1.21386,2002-04-05 16:00:00.0,Intermediário
1.20485,1.21356,2002-04-05 16:30:00.0,Fechamento Interbancário
1.21463,1.21856,2002-04-05 17:15:00.0,Fechamento
1.2,1.21238,2002-04-08 09:47:00.0,Abertura
1.20293,1.21216,2002-04-08 10:00:00.0,Intermediário
1.2076,1.21579,2002-04-08 10:30:00.0,Intermediário
1.20517,1.21335,2002-04-08 11:00:00.0,Intermediário
1.20389,1.21207,2002-04-08 11:30:00.0,Intermediário
1.20419,1.21184,2002-04-08 12:00:00.0,Intermediário
1.20396,1.21214,2002-04-08 12:31:00.0,Intermediário
1.20366,1.21131,2002-04-08 13:00:00.0,Intermediário
1.20252,1.21069,2002-04-08 13:30:00.0,Intermediário
1.20206,1.21023,2002-04-08 14:00:00.0,Intermediário
1.20229,1.21046,2002-04-08 14:30:00.0,Intermediário
1.1996,1.20828,2002-04-08 15:00:00.0,Intermediário
1.20172,1.20988,2002-04-08 15:30:00.0,Intermediário
1.20698,1.21517,2002-04-08 16:00:00.0,Intermediário
1.20638,1.21457,2002-04-08 16:30:00.0,Fechamento Interbancário
1.20938,1.2133,2002-04-08 17:20:00.0,Fechamento
1.20417,1.2166,2002-04-09 09:53:00.0,Abertura
1.20462,1.21279,2002-04-09 10:00:00.0,Intermediário
1.2059,1.21409,2002-04-09 10:30:00.0,Intermediário
1.20439,1.21257,2002-04-09 11:00:00.0,Intermediário
1.20476,1.21241,2002-04-09 11:30:00.0,Intermediário
1.20287,1.21104,2002-04-09 12:00:00.0,Intermediário
1.20316,1.21133,2002-04-09 12:30:00.0,Intermediário
1.20512,1.2133,2002-04-09 13:00:00.0,Intermediário
1.20421,1.21238,2002-04-09 13:30:00.0,Intermediário
1.20512,1.2133,2002-04-09 14:00:00.0,Intermediário
1.20421,1.21238,2002-04-09 14:30:00.0,Intermediário
1.20624,1.21443,2002-04-09 15:00:00.0,Intermediário
1.20286,1.21102,2002-04-09 15:30:00.0,Intermediário
1.19924,1.20739,2002-04-09 16:00:00.0,Intermediário
1.1997,1.20785,2002-04-09 16:30:00.0,Fechamento Interbancário
1.20709,1.211,2002-04-09 17:37:00.0,Fechamento
1.20886,1.22132,2002-04-10 10:08:00.0,Abertura
1.20962,1.21836,2002-04-10 10:17:00.0,Intermediário
1.20606,1.21424,2002-04-10 10:30:00.0,Intermediário
1.20553,1.21371,2002-04-10 11:00:00.0,Intermediário
1.20493,1.2131,2002-04-10 11:35:00.0,Intermediário
1.20311,1.21074,2002-04-10 12:00:00.0,Intermediário
1.20341,1.21158,2002-04-10 12:30:00.0,Intermediário
1.20326,1.21143,2002-04-10 13:00:00.0,Intermediário
1.20145,1.2096,2002-04-10 13:30:00.0,Intermediário
1.20258,1.21074,2002-04-10 14:00:00.0,Intermediário
1.20213,1.21029,2002-04-10 14:30:00.0,Intermediário
1.19804,1.20618,2002-04-10 15:00:00.0,Intermediário
1.19653,1.20466,2002-04-10 15:30:00.0,Intermediário
1.19971,1.20732,2002-04-10 16:00:00.0,Intermediário
1.19888,1.20701,2002-04-10 16:30:00.0,Fechamento Interbancário
1.20719,1.2111,2002-04-10 17:21:00.0,Fechamento
1.20463,1.21709,2002-04-11 09:41:00.0,Abertura
1.20586,1.2135,2002-04-11 10:00:00.0,Intermediário
1.20943,1.21709,2002-04-11 10:30:00.0,Intermediário
1.21179,1.22054,2002-04-11 11:00:00.0,Intermediário
1.21348,1.22115,2002-04-11 11:30:00.0,Intermediário
1.21196,1.22016,2002-04-11 12:00:00.0,Intermediário
1.21021,1.21841,2002-04-11 12:30:00.0,Intermediário
1.21029,1.21795,2002-04-11 13:00:00.0,Intermediário
1.2121,1.21977,2002-04-11 13:30:00.0,Intermediário
1.2121,1.21977,2002-04-11 14:00:00.0,Intermediário
1.21233,1.22,2002-04-11 14:30:00.0,Intermediário
1.21561,1.22437,2002-04-11 15:00:00.0,Intermediário
1.21637,1.22461,2002-04-11 15:30:00.0,Intermediário
1.2182,1.22591,2002-04-11 16:00:00.0,Intermediário
1.21721,1.22545,2002-04-11 16:30:00.0,Fechamento Interbancário
1.2148,1.21872,2002-04-11 17:26:00.0,Fechamento
1.22316,1.23573,2002-04-12 09:52:00.0,Abertura
1.22346,1.23174,2002-04-12 10:00:00.0,Intermediário
1.22461,1.23289,2002-04-12 10:30:00.0,Intermediário
1.22575,1.23457,2002-04-12 11:00:00.0,Intermediário
1.22628,1.23457,2002-04-12 11:30:00.0,Intermediário
1.2262,1.23449,2002-04-12 12:00:00.0,Intermediário
1.2246,1.23288,2002-04-12 12:30:00.0,Intermediário
1.223,1.23074,2002-04-12 13:00:00.0,Intermediário
1.223,1.23074,2002-04-12 13:30:00.0,Intermediário
1.22392,1.23166,2002-04-12 14:00:00.0,Intermediário
1.22506,1.23281,2002-04-12 14:30:00.0,Intermediário
1.22407,1.23181,2002-04-12 15:00:00.0,Intermediário
1.22133,1.23013,2002-04-12 15:30:00.0,Intermediário
1.22239,1.23066,2002-04-12 16:01:00.0,Intermediário
1.22339,1.23112,2002-04-12 16:32:00.0,Fechamento Interbancário
1.22882,1.23277,2002-04-12 17:34:00.0,Fechamento
1.2223,1.23485,2002-04-15 09:45:00.0,Abertura
1.22257,1.23138,2002-04-15 10:00:00.0,Intermediário
1.22475,1.23305,2002-04-15 10:30:00.0,Intermediário
1.22347,1.23175,2002-04-15 11:00:00.0,Intermediário
1.22618,1.23395,2002-04-15 11:30:00.0,Intermediário
1.22893,1.23671,2002-04-15 12:00:00.0,Intermediário
1.22863,1.23694,2002-04-15 12:30:00.0,Intermediário
1.23052,1.23831,2002-04-15 13:00:00.0,Intermediário
1.23052,1.23831,2002-04-15 13:30:00.0,Intermediário
1.23075,1.23854,2002-04-15 14:00:00.0,Intermediário
1.23144,1.23924,2002-04-15 14:30:00.0,Intermediário
1.22713,1.23543,2002-04-15 15:00:00.0,Intermediário
1.23008,1.2384,2002-04-15 15:30:00.0,Intermediário
1.23048,1.2388,2002-04-15 16:00:00.0,Intermediário
1.23117,1.2395,2002-04-15 16:30:00.0,Fechamento Interbancário
1.23329,1.23727,2002-04-15 17:16:00.0,Fechamento
1.22902,1.24161,2002-04-16 09:54:00.0,Abertura
1.22909,1.23741,2002-04-16 10:00:00.0,Intermediário
1.22621,1.23451,2002-04-16 10:30:00.0,Intermediário
1.22515,1.23344,2002-04-16 11:00:00.0,Intermediário
1.22806,1.23636,2002-04-16 11:30:00.0,Intermediário
1.22522,1.23351,2002-04-16 12:00:00.0,Intermediário
1.22727,1.23557,2002-04-16 12:30:00.0,Intermediário
1.23002,1.23833,2002-04-16 13:00:00.0,Intermediário
1.22859,1.2369,2002-04-16 13:30:00.0,Intermediário
1.22997,1.23829,2002-04-16 14:00:00.0,Intermediário
1.22974,1.23806,2002-04-16 14:30:00.0,Intermediário
1.23256,1.24089,2002-04-16 15:00:00.0,Intermediário
1.23469,1.24303,2002-04-16 15:30:00.0,Intermediário
1.23385,1.2422,2002-04-16 16:00:00.0,Intermediário
1.23455,1.24289,2002-04-16 16:30:00.0,Fechamento Interbancário
1.23472,1.2387,2002-04-16 17:20:00.0,Fechamento
1.23975,1.25243,2002-04-17 09:40:00.0,Abertura
1.24128,1.25019,2002-04-17 10:00:00.0,Intermediário
1.24236,1.25074,2002-04-17 10:30:00.0,Intermediário
1.23922,1.24866,2002-04-17 11:00:00.0,Intermediário
1.23975,1.24812,2002-04-17 11:30:00.0,Intermediário
1.23829,1.24611,2002-04-17 12:00:00.0,Intermediário
1.23937,1.24773,2002-04-17 12:30:00.0,Intermediário
1.24097,1.24935,2002-04-17 13:00:00.0,Intermediário
1.24213,1.25051,2002-04-17 13:30:00.0,Intermediário
1.24213,1.25051,2002-04-17 14:00:00.0,Intermediário
1.24236,1.25074,2002-04-17 14:30:00.0,Intermediário
1.24388,1.25173,2002-04-17 15:00:00.0,Intermediário
1.24312,1.2515,2002-04-17 15:30:00.0,Intermediário
1.24612,1.25452,2002-04-17 16:00:00.0,Intermediário
1.24681,1.25522,2002-04-17 16:31:00.0,Fechamento Interbancário
1.24476,1.24875,2002-04-17 17:33:00.0,Fechamento
1.25174,1.2645,2002-04-18 09:59:00.0,Abertura
1.2535,1.26194,2002-04-18 10:00:00.0,Intermediário
1.25343,1.26187,2002-04-18 10:30:00.0,Intermediário
1.25381,1.26225,2002-04-18 11:00:00.0,Intermediário
1.25549,1.26395,2002-04-18 11:30:00.0,Intermediário
1.25427,1.26326,2002-04-18 12:00:00.0,Intermediário
1.2505,1.25946,2002-04-18 12:30:00.0,Intermediário
1.25273,1.26171,2002-04-18 13:00:00.0,Intermediário
1.25211,1.26108,2002-04-18 13:30:00.0,Intermediário
1.25164,1.26062,2002-04-18 14:00:00.0,Intermediário
1.25164,1.26062,2002-04-18 14:30:00.0,Intermediário
1.25257,1.26155,2002-04-18 15:00:00.0,Intermediário
1.25289,1.26133,2002-04-18 15:35:00.0,Intermediário
1.24858,1.25699,2002-04-18 16:00:00.0,Intermediário
1.24951,1.25739,2002-04-18 16:30:00.0,Fechamento Interbancário
1.25603,1.26005,2002-04-18 17:15:00.0,Fechamento
1.24629,1.25902,2002-04-19 09:58:00.0,Abertura
1.24675,1.25515,2002-04-19 10:00:00.0,Intermediário
1.24806,1.25647,2002-04-19 10:30:00.0,Intermediário
1.24936,1.25724,2002-04-19 11:00:00.0,Intermediário
1.24959,1.25855,2002-04-19 11:30:00.0,Intermediário
1.25136,1.25925,2002-04-19 12:00:00.0,Intermediário
1.2502,1.25809,2002-04-19 12:30:00.0,Intermediário
1.25044,1.25886,2002-04-19 13:00:00.0,Intermediário
1.2509,1.25933,2002-04-19 13:30:00.0,Intermediário
1.25252,1.26096,2002-04-19 14:03:00.0,Intermediário
1.25136,1.25979,2002-04-19 14:30:00.0,Intermediário
1.25422,1.2632,2002-04-19 15:00:00.0,Intermediário
1.25468,1.26367,2002-04-19 15:30:00.0,Intermediário
1.25375,1.26219,2002-04-19 16:00:00.0,Intermediário
1.25375,1.26219,2002-04-19 16:30:00.0,Fechamento Interbancário
1.25663,1.26065,2002-04-19 17:40:00.0,Fechamento
1.24983,1.26259,2002-04-22 09:58:00.0,Abertura
1.25129,1.26026,2002-04-22 10:00:00.0,Intermediário
1.25675,1.26521,2002-04-22 10:30:00.0,Intermediário
1.2563,1.26475,2002-04-22 11:00:00.0,Intermediário
1.25013,1.25855,2002-04-22 11:30:00.0,Intermediário
1.25628,1.26474,2002-04-22 12:00:00.0,Intermediário
1.25574,1.2642,2002-04-22 12:30:00.0,Intermediário
1.25719,1.2662,2002-04-22 13:00:00.0,Intermediário
1.25836,1.26737,2002-04-22 13:30:00.0,Intermediário
1.2593,1.26831,2002-04-22 14:00:00.0,Intermediário
1.2593,1.26831,2002-04-22 14:30:00.0,Intermediário
1.25985,1.26833,2002-04-22 15:00:00.0,Intermediário
1.25877,1.26724,2002-04-22 15:30:00.0,Intermediário
1.26294,1.27198,2002-04-22 16:00:00.0,Intermediário
1.26255,1.27104,2002-04-22 16:30:00.0,Fechamento Interbancário
1.26201,1.26604,2002-04-22 17:40:00.0,Fechamento
1.25427,1.26705,2002-04-23 09:53:00.0,Abertura
1.2558,1.26425,2002-04-23 10:00:00.0,Intermediário
1.2618,1.27083,2002-04-23 10:30:00.0,Intermediário
1.25995,1.26843,2002-04-23 11:00:00.0,Intermediário
1.26026,1.26874,2002-04-23 11:30:00.0,Intermediário
1.26019,1.26867,2002-04-23 12:00:00.0,Intermediário
1.25871,1.26773,2002-04-23 12:30:00.0,Intermediário
1.26304,1.27154,2002-04-23 13:00:00.0,Intermediário
1.26227,1.27076,2002-04-23 13:30:00.0,Intermediário
1.26157,1.27006,2002-04-23 14:00:00.0,Intermediário
1.26274,1.27123,2002-04-23 14:30:00.0,Intermediário
1.26687,1.2754,2002-04-23 15:00:00.0,Intermediário
1.2664,1.27546,2002-04-23 15:30:00.0,Intermediário
1.26708,1.2756,2002-04-23 16:00:00.0,Intermediário
1.26714,1.27512,2002-04-23 16:30:00.0,Fechamento Interbancário
1.26442,1.26846,2002-04-23 17:41:00.0,Fechamento
1.27064,1.28351,2002-04-24 09:37:00.0,Abertura
1.2731,1.28165,2002-04-24 10:00:00.0,Intermediário
1.26773,1.27679,2002-04-24 10:30:00.0,Intermediário
1.27228,1.28083,2002-04-24 11:00:00.0,Intermediário
1.27073,1.27927,2002-04-24 11:30:00.0,Intermediário
1.27268,1.28069,2002-04-24 12:00:00.0,Intermediário
1.27144,1.27998,2002-04-24 12:30:00.0,Intermediário
1.2747,1.28326,2002-04-24 13:00:00.0,Intermediário
1.27612,1.28468,2002-04-24 13:30:00.0,Intermediário
1.27635,1.28492,2002-04-24 14:00:00.0,Intermediário
1.27517,1.28373,2002-04-24 14:30:00.0,Intermediário
1.27619,1.28475,2002-04-24 15:00:00.0,Intermediário
1.27541,1.28397,2002-04-24 15:30:00.0,Intermediário
1.27612,1.28468,2002-04-24 16:00:00.0,Intermediário
1.2751,1.28366,2002-04-24 16:30:00.0,Fechamento Interbancário
1.28032,1.28439,2002-04-24 17:55:00.0,Fechamento
1.28058,1.29354,2002-04-25 09:44:00.0,Abertura
1.28455,1.29316,2002-04-25 10:05:00.0,Intermediário
1.28531,1.29338,2002-04-25 10:40:00.0,Intermediário
1.28439,1.293,2002-04-25 11:07:00.0,Intermediário
1.28229,1.29088,2002-04-25 11:36:00.0,Intermediário
1.28368,1.29229,2002-04-25 12:05:00.0,Intermediário
1.28446,1.29252,2002-04-25 12:30:00.0,Intermediário
1.28911,1.29775,2002-04-25 13:00:00.0,Intermediário
1.28833,1.29642,2002-04-25 13:30:00.0,Intermediário
1.28904,1.29713,2002-04-25 14:00:00.0,Intermediário
1.28857,1.29666,2002-04-25 14:30:00.0,Intermediário
1.28406,1.29267,2002-04-25 15:00:00.0,Intermediário
1.28406,1.29212,2002-04-25 15:30:00.0,Intermediário
1.28259,1.29119,2002-04-25 16:00:00.0,Intermediário
1.28,1.28859,2002-04-25 16:30:00.0,Fechamento Interbancário
1.28517,1.28926,2002-04-25 17:49:00.0,Fechamento
1.27281,1.28572,2002-04-26 09:55:00.0,Abertura
1.27576,1.28432,2002-04-26 10:06:00.0,Intermediário
1.27653,1.2851,2002-04-26 10:30:00.0,Intermediário
1.27646,1.28448,2002-04-26 11:00:00.0,Intermediário
1.2766,1.28517,2002-04-26 11:30:00.0,Intermediário
1.27885,1.28743,2002-04-26 12:00:00.0,Intermediário
1.27861,1.28664,2002-04-26 12:30:00.0,Intermediário
1.27875,1.28733,2002-04-26 13:00:00.0,Intermediário
1.2804,1.28899,2002-04-26 13:30:00.0,Intermediário
1.2797,1.28828,2002-04-26 14:00:00.0,Intermediário
1.2797,1.28828,2002-04-26 14:30:00.0,Intermediário
1.28064,1.28923,2002-04-26 15:00:00.0,Intermediário
1.28528,1.2939,2002-04-26 15:30:00.0,Intermediário
1.28576,1.29437,2002-04-26 16:01:00.0,Intermediário
1.28552,1.29414,2002-04-26 16:32:00.0,Fechamento Interbancário
1.28166,1.28573,2002-04-26 17:39:00.0,Fechamento
1.28025,1.29319,2002-04-29 09:45:00.0,Abertura
1.27963,1.28822,2002-04-29 10:00:00.0,Intermediário
1.27946,1.28805,2002-04-29 10:30:00.0,Intermediário
1.27384,1.2824,2002-04-29 11:00:00.0,Intermediário
1.27474,1.28331,2002-04-29 11:30:00.0,Intermediário
1.2706,1.27968,2002-04-29 12:00:00.0,Intermediário
1.26828,1.27789,2002-04-29 12:30:00.0,Intermediário
1.26882,1.27735,2002-04-29 13:00:00.0,Intermediário
1.26882,1.27735,2002-04-29 13:30:00.0,Intermediário
1.26811,1.27664,2002-04-29 14:00:00.0,Intermediário
1.27023,1.27877,2002-04-29 14:30:00.0,Intermediário
1.2706,1.27914,2002-04-29 15:00:00.0,Intermediário
1.27298,1.281,2002-04-29 15:30:00.0,Intermediário
1.27165,1.2802,2002-04-29 16:00:00.0,Intermediário
1.26916,1.27769,2002-04-29 16:30:00.0,Fechamento Interbancário
1.27506,1.27913,2002-04-29 17:48:00.0,Fechamento
1.26244,1.27526,2002-04-30 09:51:00.0,Abertura
1.26395,1.27299,2002-04-30 10:00:00.0,Intermediário
1.26905,1.27705,2002-04-30 10:30:00.0,Intermediário
0.0,0.0,2002-04-30 11:00:00.0,Intermediário
1.26583,1.27435,2002-04-30 11:24:00.0,Intermediário
1.2662,1.27526,2002-04-30 11:31:00.0,Intermediário
1.26592,1.27444,2002-04-30 12:00:00.0,Intermediário
1.26277,1.27127,2002-04-30 12:30:00.0,Intermediário
1.26449,1.27299,2002-04-30 13:00:00.0,Intermediário
1.26637,1.27489,2002-04-30 13:30:00.0,Intermediário
1.26684,1.27536,2002-04-30 14:00:00.0,Intermediário
1.2666,1.27512,2002-04-30 14:30:00.0,Intermediário
1.26667,1.27465,2002-04-30 15:01:00.0,Intermediário
1.26905,1.27705,2002-04-30 15:31:00.0,Intermediário
1.2663,1.27482,2002-04-30 16:07:00.0,Intermediário
1.2695,1.27803,2002-04-30 16:56:00.0,Intermediário
1.26785,1.27638,2002-04-30 16:59:00.0,Fechamento Interbancário
1.27185,1.27592,2002-04-30 17:42:00.0,Fechamento
1.26502,1.27785,2002-05-02 09:34:00.0,Abertura
1.26991,1.27845,2002-05-02 10:00:00.0,Intermediário
1.27032,1.27886,2002-05-02 10:30:00.0,Intermediário
1.26877,1.27731,2002-05-02 11:00:00.0,Intermediário
1.27014,1.27923,2002-05-02 11:30:00.0,Intermediário
1.26933,1.27787,2002-05-02 12:00:00.0,Intermediário
1.2717,1.28026,2002-05-02 12:30:00.0,Intermediário
1.27331,1.28187,2002-05-02 13:00:00.0,Intermediário
1.27426,1.28282,2002-05-02 13:30:00.0,Intermediário
1.27307,1.28163,2002-05-02 14:00:00.0,Intermediário
1.27307,1.28163,2002-05-02 14:30:00.0,Intermediário
1.2799,1.28904,2002-05-02 15:00:00.0,Intermediário
1.27871,1.28784,2002-05-02 15:30:00.0,Intermediário
1.2802,1.2888,2002-05-02 16:00:00.0,Intermediário
1.27852,1.28712,2002-05-02 16:34:00.0,Fechamento Interbancário
1.27443,1.27851,2002-05-02 17:47:00.0,Fechamento
1.29221,1.3052,2002-05-03 09:39:00.0,Abertura
1.29595,1.30518,2002-05-03 10:00:00.0,Intermediário
1.2913,1.30051,2002-05-03 10:30:00.0,Intermediário
1.29129,1.29995,2002-05-03 11:00:00.0,Intermediário
1.29817,1.30796,2002-05-03 11:30:00.0,Intermediário
1.29852,1.30723,2002-05-03 12:00:00.0,Intermediário
1.29626,1.3055,2002-05-03 12:42:00.0,Intermediário
1.29589,1.30459,2002-05-03 13:00:00.0,Intermediário
1.29734,1.30604,2002-05-03 13:30:00.0,Intermediário
1.29854,1.30725,2002-05-03 14:00:00.0,Intermediário
1.29879,1.30749,2002-05-03 14:30:00.0,Intermediário
1.30064,1.3099,2002-05-03 15:00:00.0,Intermediário
1.29682,1.30551,2002-05-03 15:31:00.0,Intermediário
1.29442,1.3031,2002-05-03 16:00:00.0,Intermediário
1.2952,1.30389,2002-05-03 16:30:00.0,Fechamento Interbancário
1.30296,1.30712,2002-05-03 18:03:00.0,Fechamento
1.30019,1.31323,2002-05-06 09:57:00.0,Abertura
1.30142,1.31123,2002-05-06 10:00:00.0,Intermediário
1.30234,1.31107,2002-05-06 10:30:00.0,Intermediário
1.30419,1.31293,2002-05-06 11:00:00.0,Intermediário
1.30873,1.31749,2002-05-06 11:30:00.0,Intermediário
1.30682,1.31558,2002-05-06 12:00:00.0,Intermediário
1.3075,1.31572,2002-05-06 12:30:00.0,Intermediário
1.30984,1.31861,2002-05-06 13:00:00.0,Intermediário
1.31033,1.3191,2002-05-06 13:30:00.0,Intermediário
1.31081,1.31959,2002-05-06 14:00:00.0,Intermediário
1.31057,1.31935,2002-05-06 14:30:00.0,Intermediário
1.30764,1.31693,2002-05-06 15:00:00.0,Intermediário
1.30457,1.31439,2002-05-06 15:30:00.0,Intermediário
1.30226,1.31044,2002-05-06 16:00:00.0,Intermediário
1.30148,1.3102,2002-05-06 16:30:00.0,Fechamento Interbancário
1.31233,1.3165,2002-05-06 17:59:00.0,Fechamento
1.29748,1.31052,2002-05-07 09:57:00.0,Abertura
1.30288,1.31269,2002-05-07 10:00:00.0,Intermediário
1.30036,1.30907,2002-05-07 10:30:00.0,Intermediário
1.30432,1.31305,2002-05-07 11:00:00.0,Intermediário
1.30203,1.31075,2002-05-07 11:30:00.0,Intermediário
1.3006,1.30931,2002-05-07 12:00:00.0,Intermediário
1.30156,1.31028,2002-05-07 12:30:00.0,Intermediário
1.30234,1.31052,2002-05-07 13:00:00.0,Intermediário
1.29784,1.30653,2002-05-07 13:30:00.0,Intermediário
1.29519,1.30388,2002-05-07 14:00:00.0,Intermediário
1.29615,1.30484,2002-05-07 14:30:00.0,Intermediário
1.29836,1.30706,2002-05-07 15:00:00.0,Intermediário
1.29943,1.30814,2002-05-07 15:30:00.0,Intermediário
1.30909,1.3184,2002-05-07 16:00:00.0,Intermediário
1.30949,1.31826,2002-05-07 16:30:00.0,Fechamento Interbancário
1.30359,1.30774,2002-05-07 17:50:00.0,Fechamento
1.31443,1.32757,2002-05-08 09:48:00.0,Abertura
1.31881,1.32763,2002-05-08 10:00:00.0,Intermediário
1.31497,1.32376,2002-05-08 10:30:00.0,Intermediário
1.31502,1.32382,2002-05-08 11:00:00.0,Intermediário
1.31189,1.32067,2002-05-08 11:30:00.0,Intermediário
1.31213,1.32091,2002-05-08 12:00:00.0,Intermediário
1.31008,1.31885,2002-05-08 12:30:00.0,Intermediário
1.30586,1.31461,2002-05-08 13:00:00.0,Intermediário
1.30664,1.31485,2002-05-08 13:30:00.0,Intermediário
1.3064,1.31461,2002-05-08 14:00:00.0,Intermediário
1.30616,1.31436,2002-05-08 14:30:00.0,Intermediário
1.31071,1.32002,2002-05-08 15:00:00.0,Intermediário
1.31291,1.3217,2002-05-08 15:30:00.0,Intermediário
1.31159,1.32037,2002-05-08 16:00:00.0,Intermediário
1.31062,1.3194,2002-05-08 16:37:00.0,Fechamento Interbancário
1.3126,1.31678,2002-05-08 17:49:00.0,Fechamento
1.32127,1.33445,2002-05-09 09:50:00.0,Abertura
1.32475,1.33361,2002-05-09 10:00:00.0,Intermediário
1.32053,1.32936,2002-05-09 10:30:00.0,Intermediário
1.32156,1.33094,2002-05-09 11:00:00.0,Intermediário
1.32514,1.33399,2002-05-09 11:35:00.0,Intermediário
1.32863,1.33696,2002-05-09 12:00:00.0,Intermediário
1.32746,1.33633,2002-05-09 12:30:00.0,Intermediário
1.32765,1.33652,2002-05-09 13:00:00.0,Intermediário
1.32765,1.33761,2002-05-09 13:30:00.0,Intermediário
1.32888,1.33884,2002-05-09 14:00:00.0,Intermediário
1.32912,1.33909,2002-05-09 14:30:00.0,Intermediário
1.32823,1.3371,2002-05-09 15:00:00.0,Intermediário
1.33013,1.33901,2002-05-09 15:30:00.0,Intermediário
1.34124,1.35073,2002-05-09 16:00:00.0,Intermediário
1.34129,1.35023,2002-05-09 16:30:00.0,Fechamento Interbancário
1.33371,1.33794,2002-05-09 17:49:00.0,Fechamento
1.34889,1.36225,2002-05-10 09:49:00.0,Abertura
1.35169,1.3607,2002-05-10 10:00:00.0,Intermediário
1.34914,1.35867,2002-05-10 10:30:00.0,Intermediário
1.34222,1.35118,2002-05-10 11:00:00.0,Intermediário
1.34865,1.35763,2002-05-10 11:30:00.0,Intermediário
1.34741,1.35639,2002-05-10 12:00:00.0,Intermediário
1.3485,1.35748,2002-05-10 12:30:00.0,Intermediário
1.34741,1.35694,2002-05-10 13:00:00.0,Intermediário
1.34825,1.35724,2002-05-10 13:30:00.0,Intermediário
1.348,1.35698,2002-05-10 14:00:00.0,Intermediário
1.34974,1.35873,2002-05-10 14:35:00.0,Intermediário
1.34899,1.35798,2002-05-10 15:00:00.0,Intermediário
1.34386,1.35391,2002-05-10 15:30:00.0,Intermediário
1.33826,1.34719,2002-05-10 16:00:00.0,Intermediário
1.33935,1.34773,2002-05-10 16:30:00.0,Fechamento Interbancário
1.35181,1.35609,2002-05-10 17:43:00.0,Fechamento
1.34561,1.35896,2002-05-13 09:50:00.0,Abertura
1.34858,1.35756,2002-05-13 10:00:00.0,Intermediário
1.35524,1.36426,2002-05-13 10:30:00.0,Intermediário
1.35073,1.35972,2002-05-13 11:00:00.0,Intermediário
1.35206,1.36106,2002-05-13 11:30:00.0,Intermediário
1.35489,1.36391,2002-05-13 12:00:00.0,Intermediário
1.359,1.36804,2002-05-13 12:30:00.0,Intermediário
1.3587,1.36774,2002-05-13 13:00:00.0,Intermediário
1.3597,1.36874,2002-05-13 13:30:00.0,Intermediário
1.3597,1.36874,2002-05-13 14:00:00.0,Intermediário
1.3602,1.36924,2002-05-13 14:30:00.0,Intermediário
1.36615,1.37578,2002-05-13 15:00:00.0,Intermediário
1.37048,1.37958,2002-05-13 15:30:00.0,Intermediário
1.37564,1.38478,2002-05-13 16:00:00.0,Intermediário
1.37438,1.38351,2002-05-13 16:30:00.0,Fechamento Interbancário
1.36575,1.37005,2002-05-13 17:58:00.0,Fechamento
1.37899,1.39253,2002-05-14 09:39:00.0,Abertura
1.38451,1.39534,2002-05-14 10:00:00.0,Intermediário
1.37195,1.38217,2002-05-14 10:30:00.0,Intermediário
1.37166,1.38242,2002-05-14 11:00:00.0,Intermediário
1.37107,1.38019,2002-05-14 11:30:00.0,Intermediário
1.36785,1.37694,2002-05-14 12:00:00.0,Intermediário
1.37288,1.38145,2002-05-14 12:30:00.0,Intermediário
1.37044,1.37955,2002-05-14 13:00:00.0,Intermediário
1.37145,1.38056,2002-05-14 13:30:00.0,Intermediário
1.37321,1.38233,2002-05-14 14:06:00.0,Intermediário
1.37396,1.38308,2002-05-14 14:38:00.0,Intermediário
1.36611,1.37519,2002-05-14 15:00:00.0,Intermediário
1.36665,1.37574,2002-05-14 15:30:00.0,Intermediário
1.36879,1.37789,2002-05-14 16:00:00.0,Intermediário
1.36884,1.37793,2002-05-14 16:30:00.0,Fechamento Interbancário
1.37731,1.38165,2002-05-14 17:46:00.0,Fechamento
1.36263,1.37608,2002-05-15 09:41:00.0,Abertura
1.36738,1.37647,2002-05-15 10:00:00.0,Intermediário
1.3735,1.38262,2002-05-15 10:30:00.0,Intermediário
1.37854,1.38769,2002-05-15 11:00:00.0,Intermediário
1.37744,1.38659,2002-05-15 11:30:00.0,Intermediário
1.37503,1.38416,2002-05-15 12:00:00.0,Intermediário
1.36796,1.3765,2002-05-15 12:30:00.0,Intermediário
1.3691,1.37875,2002-05-15 13:00:00.0,Intermediário
1.3691,1.3782,2002-05-15 13:30:00.0,Intermediário
1.36985,1.37895,2002-05-15 14:00:00.0,Intermediário
1.3706,1.3797,2002-05-15 14:30:00.0,Intermediário
1.36527,1.37435,2002-05-15 15:00:00.0,Intermediário
1.36915,1.3788,2002-05-15 15:30:00.0,Intermediário
1.37209,1.3812,2002-05-15 16:00:00.0,Intermediário
1.37065,1.37975,2002-05-15 16:30:00.0,Fechamento Interbancário
1.37905,1.38338,2002-05-15 17:59:00.0,Fechamento
1.36487,1.37835,2002-05-16 09:49:00.0,Abertura
1.36138,1.37098,2002-05-16 10:00:00.0,Intermediário
1.36124,1.37028,2002-05-16 10:30:00.0,Intermediário
1.36263,1.37169,2002-05-16 11:00:00.0,Intermediário
1.35786,1.36689,2002-05-16 11:30:00.0,Intermediário
1.35657,1.36614,2002-05-16 12:00:00.0,Intermediário
1.36199,1.37104,2002-05-16 12:30:00.0,Intermediário
1.36532,1.37494,2002-05-16 13:00:00.0,Intermediário
1.36557,1.37519,2002-05-16 13:30:00.0,Intermediário
1.36532,1.37494,2002-05-16 14:00:00.0,Intermediário
1.36557,1.37519,2002-05-16 14:30:00.0,Intermediário
1.35989,1.36948,2002-05-16 15:00:00.0,Intermediário
1.35392,1.36293,2002-05-16 15:30:00.0,Intermediário
1.34935,1.35943,2002-05-16 16:00:00.0,Intermediário
1.34861,1.35869,2002-05-16 16:30:00.0,Fechamento Interbancário
1.36084,1.36512,2002-05-16 17:47:00.0,Fechamento
1.3522,1.36562,2002-05-17 09:34:00.0,Abertura
1.35195,1.36094,2002-05-17 10:00:00.0,Intermediário
1.35978,1.36882,2002-05-17 10:30:00.0,Intermediário
1.36168,1.37017,2002-05-17 11:00:00.0,Intermediário
1.36212,1.37116,2002-05-17 11:30:00.0,Intermediário
1.36605,1.37512,2002-05-17 12:00:00.0,Intermediário
1.36746,1.37653,2002-05-17 12:30:00.0,Intermediário
1.36427,1.37332,2002-05-17 13:00:00.0,Intermediário
1.36383,1.37288,2002-05-17 13:30:00.0,Intermediário
1.36407,1.37313,2002-05-17 14:00:00.0,Intermediário
1.36457,1.37363,2002-05-17 14:30:00.0,Intermediário
1.36617,1.37523,2002-05-17 15:00:00.0,Intermediário
1.37242,1.38153,2002-05-17 15:30:00.0,Intermediário
1.36396,1.37246,2002-05-17 16:00:00.0,Intermediário
1.36396,1.37302,2002-05-17 16:30:00.0,Fechamento Interbancário
1.36827,1.37256,2002-05-17 17:51:00.0,Fechamento
1.35398,1.3674,2002-05-20 09:49:00.0,Abertura
1.35764,1.36666,2002-05-20 10:00:00.0,Intermediário
1.35758,1.36605,2002-05-20 10:30:00.0,Intermediário
1.35758,1.36826,2002-05-20 11:00:00.0,Intermediário
1.35899,1.36802,2002-05-20 11:30:00.0,Intermediário
1.36261,1.37221,2002-05-20 12:00:00.0,Intermediário
1.36121,1.3708,2002-05-20 12:30:00.0,Intermediário
1.3617,1.3713,2002-05-20 13:00:00.0,Intermediário
1.3617,1.3713,2002-05-20 13:30:00.0,Intermediário
1.36244,1.37204,2002-05-20 14:00:00.0,Intermediário
1.36195,1.37154,2002-05-20 14:30:00.0,Intermediário
1.37289,1.38144,2002-05-20 15:00:00.0,Intermediário
1.37957,1.38871,2002-05-20 15:30:00.0,Intermediário
1.3763,1.38542,2002-05-20 16:00:00.0,Intermediário
1.37519,1.3843,2002-05-20 16:30:00.0,Fechamento Interbancário
1.37548,1.37978,2002-05-20 17:53:00.0,Fechamento
1.37261,1.38617,2002-05-21 09:40:00.0,Abertura
1.37266,1.3812,2002-05-21 10:00:00.0,Intermediário
1.36749,1.37656,2002-05-21 10:30:00.0,Intermediário
1.36909,1.37817,2002-05-21 11:00:00.0,Intermediário
1.3702,1.37928,2002-05-21 11:30:00.0,Intermediário
1.37025,1.37879,2002-05-21 12:00:00.0,Intermediário
1.37267,1.38177,2002-05-21 12:30:00.0,Intermediário
1.37044,1.37953,2002-05-21 13:00:00.0,Intermediário
1.37137,1.38102,2002-05-21 13:30:00.0,Intermediário
1.37162,1.38127,2002-05-21 14:00:00.0,Intermediário
1.37582,1.38549,2002-05-21 14:30:00.0,Intermediário
1.37755,1.38667,2002-05-21 15:00:00.0,Intermediário
1.37779,1.38748,2002-05-21 15:30:00.0,Intermediário
1.37952,1.38866,2002-05-21 16:00:00.0,Intermediário
1.37816,1.38729,2002-05-21 16:30:00.0,Fechamento Interbancário
1.37826,1.38257,2002-05-21 17:44:00.0,Fechamento
1.38918,1.40285,2002-05-22 09:56:00.0,Abertura
1.38904,1.39823,2002-05-22 10:00:00.0,Intermediário
1.38849,1.39767,2002-05-22 10:30:00.0,Intermediário
1.38768,1.39742,2002-05-22 11:00:00.0,Intermediário
1.38799,1.39773,2002-05-22 11:30:00.0,Intermediário
1.38885,1.39804,2002-05-22 12:00:00.0,Intermediário
1.38843,1.39817,2002-05-22 12:30:00.0,Intermediário
1.39636,1.40615,2002-05-22 13:00:00.0,Intermediário
1.3963,1.40553,2002-05-22 13:30:00.0,Intermediário
1.39705,1.40628,2002-05-22 14:00:00.0,Intermediário
1.39755,1.40679,2002-05-22 14:30:00.0,Intermediário
1.39917,1.40897,2002-05-22 15:00:00.0,Intermediário
1.40302,1.41172,2002-05-22 15:30:00.0,Intermediário
1.41031,1.41961,2002-05-22 16:00:00.0,Intermediário
1.40961,1.41891,2002-05-22 16:30:00.0,Fechamento Interbancário
1.39925,1.4036,2002-05-22 17:45:00.0,Fechamento
1.3958,1.40949,2002-05-23 09:52:00.0,Abertura
1.40038,1.40964,2002-05-23 10:00:00.0,Intermediário
1.40633,1.41618,2002-05-23 10:30:00.0,Intermediário
1.40069,1.4105,2002-05-23 11:00:00.0,Intermediário
1.40063,1.40989,2002-05-23 11:30:00.0,Intermediário
1.40508,1.41492,2002-05-23 12:00:00.0,Intermediário
1.40877,1.41807,2002-05-23 12:30:00.0,Intermediário
1.41251,1.42183,2002-05-23 13:00:00.0,Intermediário
1.412,1.42189,2002-05-23 13:30:00.0,Intermediário
1.41251,1.42239,2002-05-23 14:00:00.0,Intermediário
1.41125,1.42112,2002-05-23 14:30:00.0,Intermediário
1.41413,1.42346,2002-05-23 15:00:00.0,Intermediário
1.40993,1.42036,2002-05-23 15:30:00.0,Intermediário
1.40523,1.41507,2002-05-23 16:00:00.0,Intermediário
1.40498,1.41426,2002-05-23 16:30:00.0,Fechamento Interbancário
1.40683,1.41121,2002-05-23 18:01:00.0,Fechamento
1.39429,1.40797,2002-05-24 09:40:00.0,Abertura
1.39369,1.40291,2002-05-24 10:00:00.0,Intermediário
1.39369,1.40291,2002-05-24 10:30:00.0,Intermediário
1.39671,1.40595,2002-05-24 11:00:00.0,Intermediário
1.39797,1.40721,2002-05-24 11:30:00.0,Intermediário
1.40356,1.41284,2002-05-24 12:00:00.0,Intermediário
1.40508,1.41603,2002-05-24 12:30:00.0,Intermediário
1.40311,1.41294,2002-05-24 13:00:00.0,Intermediário
1.40422,1.4135,2002-05-24 13:30:00.0,Intermediário
1.40422,1.4135,2002-05-24 14:00:00.0,Intermediário
1.40472,1.41401,2002-05-24 14:30:00.0,Intermediário
1.40114,1.41041,2002-05-24 15:00:00.0,Intermediário
1.39998,1.40924,2002-05-24 15:30:00.0,Intermediário
1.39872,1.40796,2002-05-24 16:00:00.0,Intermediário
1.39721,1.40756,2002-05-24 16:30:00.0,Fechamento Interbancário
1.40447,1.40884,2002-05-24 17:46:00.0,Fechamento
1.3928,1.40648,2002-05-27 09:45:00.0,Abertura
1.39741,1.40721,2002-05-27 10:00:00.0,Intermediário
1.4023,1.41157,2002-05-27 10:30:00.0,Intermediário
1.40063,1.41045,2002-05-27 11:00:00.0,Intermediário
1.40331,1.41258,2002-05-27 11:30:00.0,Intermediário
1.4028,1.41263,2002-05-27 12:00:00.0,Intermediário
1.40028,1.40953,2002-05-27 12:30:00.0,Intermediário
1.40083,1.41009,2002-05-27 13:00:00.0,Intermediário
1.40164,1.4109,2002-05-27 13:30:00.0,Intermediário
1.40189,1.41115,2002-05-27 14:00:00.0,Intermediário
1.40265,1.41191,2002-05-27 14:30:00.0,Intermediário
1.40346,1.41273,2002-05-27 15:00:00.0,Intermediário
1.40563,1.41547,2002-05-27 15:30:00.0,Intermediário
1.40401,1.41385,2002-05-27 16:00:00.0,Intermediário
1.40432,1.41359,2002-05-27 16:30:00.0,Fechamento Interbancário
1.40582,1.41019,2002-05-27 17:40:00.0,Fechamento
1.41369,1.42752,2002-05-28 09:36:00.0,Abertura
1.41157,1.42088,2002-05-28 10:00:00.0,Intermediário
1.40969,1.41899,2002-05-28 10:30:00.0,Intermediário
1.41182,1.42113,2002-05-28 11:00:00.0,Intermediário
1.41145,1.42076,2002-05-28 11:30:00.0,Intermediário
1.41201,1.42133,2002-05-28 12:00:00.0,Intermediário
1.41308,1.42239,2002-05-28 12:30:00.0,Intermediário
1.41358,1.42234,2002-05-28 13:00:00.0,Intermediário
1.41459,1.42391,2002-05-28 13:30:00.0,Intermediário
1.4166,1.42594,2002-05-28 14:00:00.0,Intermediário
1.41584,1.42518,2002-05-28 14:30:00.0,Intermediário
1.41607,1.42541,2002-05-28 15:00:00.0,Intermediário
1.41565,1.42498,2002-05-28 15:30:00.0,Intermediário
1.41652,1.42586,2002-05-28 16:00:00.0,Intermediário
1.41607,1.42541,2002-05-28 16:30:00.0,Fechamento Interbancário
1.41778,1.42217,2002-05-28 17:40:00.0,Fechamento
1.41356,1.42741,2002-05-29 09:41:00.0,Abertura
1.41625,1.42558,2002-05-29 10:00:00.0,Intermediário
1.416,1.42532,2002-05-29 10:30:00.0,Intermediário
1.41568,1.42501,2002-05-29 11:00:00.0,Intermediário
1.42038,1.42973,2002-05-29 11:30:00.0,Intermediário
1.42139,1.43074,2002-05-29 12:00:00.0,Intermediário
1.42026,1.42961,2002-05-29 12:30:00.0,Intermediário
1.41548,1.42424,2002-05-29 13:00:00.0,Intermediário
1.41617,1.42551,2002-05-29 13:30:00.0,Intermediário
1.41768,1.42702,2002-05-29 14:00:00.0,Intermediário
1.41718,1.42652,2002-05-29 14:30:00.0,Intermediário
1.41493,1.42369,2002-05-29 15:00:00.0,Intermediário
1.4158,1.42513,2002-05-29 15:30:00.0,Intermediário
1.41375,1.42419,2002-05-29 16:01:00.0,Intermediário
1.41268,1.42199,2002-05-29 16:30:00.0,Fechamento Interbancário
1.41917,1.42356,2002-05-29 17:40:00.0,Fechamento
1.42138,1.43529,2002-05-31 09:50:00.0,Abertura
1.42239,1.43232,2002-05-31 10:00:00.0,Intermediário
1.42649,1.43587,2002-05-31 10:30:00.0,Intermediário
1.43001,1.43941,2002-05-31 11:00:00.0,Intermediário
1.42642,1.4358,2002-05-31 11:30:00.0,Intermediário
1.4266,1.43599,2002-05-31 12:00:00.0,Intermediário
1.42396,1.43334,2002-05-31 12:30:00.0,Intermediário
1.42303,1.43239,2002-05-31 13:00:00.0,Intermediário
1.42428,1.43365,2002-05-31 13:30:00.0,Intermediário
1.42353,1.4329,2002-05-31 14:00:00.0,Intermediário
1.42202,1.43138,2002-05-31 14:30:00.0,Intermediário
1.42196,1.43132,2002-05-31 15:00:00.0,Intermediário
1.42447,1.43385,2002-05-31 15:30:00.0,Intermediário
1.42259,1.43138,2002-05-31 16:00:00.0,Intermediário
1.42309,1.43245,2002-05-31 16:30:00.0,Fechamento Interbancário
1.43133,1.43574,2002-05-31 17:40:00.0,Fechamento
1.42224,1.43617,2002-06-03 09:59:00.0,Abertura
1.42383,1.43319,2002-06-03 10:00:00.0,Intermediário
1.43126,1.44181,2002-06-03 10:30:00.0,Intermediário
1.43373,1.44372,2002-06-03 11:00:00.0,Intermediário
1.44465,1.45413,2002-06-03 11:30:00.0,Intermediário
1.44896,1.45903,2002-06-03 12:00:00.0,Intermediário
1.45416,1.46369,2002-06-03 12:30:00.0,Intermediário
1.45137,1.46203,2002-06-03 13:00:00.0,Intermediário
1.45111,1.46177,2002-06-03 13:30:00.0,Intermediário
1.45111,1.46177,2002-06-03 14:00:00.0,Intermediário
1.45035,1.46101,2002-06-03 14:30:00.0,Intermediário
1.45117,1.46126,2002-06-03 15:00:00.0,Intermediário
1.44997,1.45948,2002-06-03 15:30:00.0,Intermediário
1.44269,1.45273,2002-06-03 16:00:00.0,Intermediário
1.44383,1.4533,2002-06-03 16:30:00.0,Fechamento Interbancário
1.45066,1.45511,2002-06-03 17:48:00.0,Fechamento
1.45905,1.47322,2002-06-04 09:44:00.0,Abertura
1.47306,1.48384,2002-06-04 10:00:00.0,Intermediário
1.4702,1.47982,2002-06-04 10:30:00.0,Intermediário
1.46931,1.47949,2002-06-04 11:00:00.0,Intermediário
1.46956,1.4786,2002-06-04 11:30:00.0,Intermediário
1.46638,1.47712,2002-06-04 12:00:00.0,Intermediário
1.46778,1.47911,2002-06-04 12:30:00.0,Intermediário
1.47351,1.48372,2002-06-04 13:00:00.0,Intermediário
1.47351,1.48372,2002-06-04 13:30:00.0,Intermediário
1.47351,1.48372,2002-06-04 14:00:00.0,Intermediário
1.47454,1.48475,2002-06-04 14:30:00.0,Intermediário
1.47592,1.48557,2002-06-04 15:00:00.0,Intermediário
1.47796,1.48762,2002-06-04 15:30:00.0,Intermediário
1.48193,1.49277,2002-06-04 16:00:00.0,Intermediário
1.48365,1.49392,2002-06-04 16:30:00.0,Fechamento Interbancário
1.47022,1.47472,2002-06-04 17:39:00.0,Fechamento
1.49384,1.5082,2002-06-05 09:44:00.0,Abertura
1.49764,1.50741,2002-06-05 10:00:00.0,Intermediário
1.48599,1.49513,2002-06-05 10:30:00.0,Intermediário
1.48323,1.49293,2002-06-05 11:00:00.0,Intermediário
1.48167,1.49079,2002-06-05 11:30:00.0,Intermediário
1.48359,1.49329,2002-06-05 12:00:00.0,Intermediário
1.4891,1.49883,2002-06-05 12:30:00.0,Intermediário
1.48895,1.4981,2002-06-05 13:00:00.0,Intermediário
1.48687,1.49659,2002-06-05 13:30:00.0,Intermediário
1.48791,1.49763,2002-06-05 14:00:00.0,Intermediário
1.48895,1.49868,2002-06-05 14:30:00.0,Intermediário
1.48807,1.49779,2002-06-05 15:00:00.0,Intermediário
1.49254,1.50229,2002-06-05 15:30:00.0,Intermediário
1.48807,1.49779,2002-06-05 16:00:00.0,Intermediário
1.48937,1.49967,2002-06-05 16:30:00.0,Fechamento Interbancário
1.49613,1.5007,2002-06-05 17:41:00.0,Fechamento
1.50223,1.51663,2002-06-06 09:41:00.0,Abertura
1.50306,1.51345,2002-06-06 10:00:00.0,Intermediário
1.50631,1.51786,2002-06-06 10:30:00.0,Intermediário
1.51083,1.52125,2002-06-06 11:00:00.0,Intermediário
1.51178,1.52164,2002-06-06 11:30:00.0,Intermediário
1.51099,1.52085,2002-06-06 12:00:00.0,Intermediário
1.51717,1.52763,2002-06-06 12:30:00.0,Intermediário
1.51929,1.53034,2002-06-06 13:00:00.0,Intermediário
1.51934,1.52981,2002-06-06 13:30:00.0,Intermediário
1.51907,1.52954,2002-06-06 14:00:00.0,Intermediário
1.51775,1.52822,2002-06-06 14:30:00.0,Intermediário
1.52577,1.53628,2002-06-06 15:00:00.0,Intermediário
1.52497,1.53548,2002-06-06 15:30:00.0,Intermediário
1.52278,1.53442,2002-06-06 16:00:00.0,Intermediário
1.52525,1.53576,2002-06-06 16:30:00.0,Fechamento Interbancário
1.52098,1.52561,2002-06-06 17:37:00.0,Fechamento
1.54414,1.55879,2002-06-07 09:36:00.0,Abertura
1.54251,1.55312,2002-06-07 10:00:00.0,Intermediário
1.52798,1.54254,2002-06-07 10:30:00.0,Intermediário
1.53268,1.54381,2002-06-07 11:00:00.0,Intermediário
1.52834,1.53887,2002-06-07 11:30:00.0,Intermediário
1.53226,1.54224,2002-06-07 12:00:00.0,Intermediário
1.50754,1.51795,2002-06-07 12:30:00.0,Intermediário
1.50591,1.51574,2002-06-07 13:00:00.0,Intermediário
1.50539,1.51636,2002-06-07 13:30:00.0,Intermediário
1.50644,1.51742,2002-06-07 14:00:00.0,Intermediário
1.50802,1.51901,2002-06-07 14:30:00.0,Intermediário
1.50675,1.51716,2002-06-07 15:00:00.0,Intermediário
1.5003,1.51124,2002-06-07 15:30:00.0,Intermediário
1.50337,1.51433,2002-06-07 16:00:00.0,Intermediário
1.50254,1.51292,2002-06-07 16:30:00.0,Fechamento Interbancário
1.52568,1.53033,2002-06-07 17:40:00.0,Fechamento
1.50158,1.51597,2002-06-10 09:57:00.0,Abertura
1.50223,1.51204,2002-06-10 10:00:00.0,Intermediário
1.49532,1.50509,2002-06-10 10:30:00.0,Intermediário
1.49767,1.50746,2002-06-10 11:00:00.0,Intermediário
1.49816,1.50852,2002-06-10 11:30:00.0,Intermediário
1.49763,1.50742,2002-06-10 12:00:00.0,Intermediário
1.4961,1.50587,2002-06-10 12:30:00.0,Intermediário
1.49798,1.50777,2002-06-10 13:00:00.0,Intermediário
1.49692,1.50671,2002-06-10 13:30:00.0,Intermediário
1.49482,1.50459,2002-06-10 14:00:00.0,Intermediário
1.49429,1.50407,2002-06-10 14:30:00.0,Intermediário
1.49802,1.50781,2002-06-10 15:00:00.0,Intermediário
1.4978,1.50702,2002-06-10 15:30:00.0,Intermediário
1.49864,1.50843,2002-06-10 16:00:00.0,Intermediário
1.49811,1.5079,2002-06-10 16:30:00.0,Fechamento Interbancário
1.50461,1.50921,2002-06-10 17:49:00.0,Fechamento
1.48649,1.50077,2002-06-11 09:39:00.0,Abertura
1.4911,1.50085,2002-06-11 10:00:00.0,Intermediário
1.49358,1.50278,2002-06-11 10:30:00.0,Intermediário
1.49686,1.50665,2002-06-11 11:00:00.0,Intermediário
1.49717,1.50695,2002-06-11 11:30:00.0,Intermediário
1.50113,1.51094,2002-06-11 12:00:00.0,Intermediário
1.51085,1.52072,2002-06-11 12:30:00.0,Intermediário
1.51323,1.52254,2002-06-11 13:00:00.0,Intermediário
1.51429,1.52361,2002-06-11 13:30:00.0,Intermediário
1.51269,1.522,2002-06-11 14:00:00.0,Intermediário
1.51163,1.52093,2002-06-11 14:30:00.0,Intermediário
1.52716,1.53826,2002-06-11 15:00:00.0,Intermediário
1.52761,1.53928,2002-06-11 15:30:00.0,Intermediário
1.53615,1.54616,2002-06-11 16:00:00.0,Intermediário
1.53728,1.5473,2002-06-11 16:30:00.0,Fechamento Interbancário
1.5189,1.52354,2002-06-11 17:52:00.0,Fechamento
1.54901,1.56366,2002-06-12 09:43:00.0,Abertura
1.55299,1.56481,2002-06-12 10:00:00.0,Intermediário
1.55752,1.56764,2002-06-12 10:30:00.0,Intermediário
1.54881,1.56003,2002-06-12 11:00:00.0,Intermediário
1.55108,1.56118,2002-06-12 11:30:00.0,Intermediário
1.5564,1.56767,2002-06-12 12:00:00.0,Intermediário
1.56154,1.57284,2002-06-12 12:30:00.0,Intermediário
1.56848,1.57867,2002-06-12 13:00:00.0,Intermediário
1.56821,1.5784,2002-06-12 13:30:00.0,Intermediário
1.56711,1.57729,2002-06-12 14:00:00.0,Intermediário
1.56629,1.57646,2002-06-12 14:30:00.0,Intermediário
1.57285,1.58306,2002-06-12 15:00:00.0,Intermediário
1.58136,1.59334,2002-06-12 15:30:00.0,Intermediário
1.58733,1.59992,2002-06-12 16:00:00.0,Intermediário
1.59246,1.60279,2002-06-12 16:30:00.0,Fechamento Interbancário
1.56629,1.57106,2002-06-12 17:40:00.0,Fechamento
1.55024,1.5649,2002-06-13 09:46:00.0,Abertura
1.54229,1.55404,2002-06-13 10:00:00.0,Intermediário
1.52835,1.54003,2002-06-13 10:30:00.0,Intermediário
1.54175,1.5535,2002-06-13 11:00:00.0,Intermediário
1.54356,1.55418,2002-06-13 11:30:00.0,Intermediário
1.53227,1.54283,2002-06-13 12:00:00.0,Intermediário
1.51271,1.52259,2002-06-13 12:30:00.0,Intermediário
1.495,1.50649,2002-06-13 13:00:00.0,Intermediário
1.49369,1.50516,2002-06-13 13:30:00.0,Intermediário
1.49369,1.50516,2002-06-13 14:00:00.0,Intermediário
1.52959,1.54127,2002-06-13 14:30:00.0,Intermediário
1.51831,1.5322,2002-06-13 15:00:00.0,Intermediário
1.52713,1.53937,2002-06-13 15:30:00.0,Intermediário
1.52627,1.53623,2002-06-13 16:00:00.0,Intermediário
1.52878,1.53932,2002-06-13 16:30:00.0,Fechamento Interbancário
1.52553,1.5302,2002-06-13 17:45:00.0,Fechamento
1.53072,1.54525,2002-06-14 09:37:00.0,Abertura
1.52813,1.54151,2002-06-14 10:00:00.0,Intermediário
1.52347,1.53568,2002-06-14 10:30:00.0,Intermediário
1.53043,1.54155,2002-06-14 11:00:00.0,Intermediário
1.52413,1.53522,2002-06-14 11:30:00.0,Intermediário
1.52015,1.5301,2002-06-14 12:00:00.0,Intermediário
1.5169,1.52851,2002-06-14 12:30:00.0,Intermediário
1.51402,1.52449,2002-06-14 13:00:00.0,Intermediário
1.51817,1.52979,2002-06-14 13:30:00.0,Intermediário
1.51953,1.53115,2002-06-14 14:00:00.0,Intermediário
1.52061,1.53224,2002-06-14 14:30:00.0,Intermediário
1.51511,1.5267,2002-06-14 15:00:00.0,Intermediário
1.51543,1.52534,2002-06-14 15:30:00.0,Intermediário
1.51899,1.52948,2002-06-14 16:00:00.0,Intermediário
1.51899,1.52892,2002-06-14 16:30:00.0,Fechamento Interbancário
1.52256,1.52725,2002-06-14 17:43:00.0,Fechamento
1.50699,1.52134,2002-06-17 09:57:00.0,Abertura
1.50537,1.5197,2002-06-17 10:07:00.0,Intermediário
1.50645,1.5208,2002-06-17 10:36:00.0,Intermediário
1.49668,1.50817,2002-06-17 11:11:00.0,Intermediário
1.49111,1.50145,2002-06-17 11:30:00.0,Intermediário
1.48779,1.49812,2002-06-17 12:00:00.0,Intermediário
1.49002,1.50036,2002-06-17 12:30:00.0,Intermediário
1.48942,1.49975,2002-06-17 13:00:00.0,Intermediário
1.49107,1.50085,2002-06-17 13:30:00.0,Intermediário
1.4892,1.49897,2002-06-17 14:00:00.0,Intermediário
1.48866,1.49843,2002-06-17 14:30:00.0,Intermediário
1.49058,1.50036,2002-06-17 15:00:00.0,Intermediário
1.49247,1.50226,2002-06-17 15:30:00.0,Intermediário
1.4789,1.48973,2002-06-17 16:00:00.0,Intermediário
1.47945,1.49085,2002-06-17 16:30:00.0,Fechamento Interbancário
1.49767,1.5023,2002-06-17 18:52:00.0,Fechamento
1.48897,1.50324,2002-06-18 09:47:00.0,Abertura
1.48797,1.49772,2002-06-18 10:00:00.0,Intermediário
1.49022,1.49998,2002-06-18 10:30:00.0,Intermediário
1.48629,1.49659,2002-06-18 11:00:00.0,Intermediário
1.48886,1.49862,2002-06-18 11:30:00.0,Intermediário
1.49388,1.50423,2002-06-18 12:00:00.0,Intermediário
1.50905,1.51892,2002-06-18 12:30:00.0,Intermediário
1.51022,1.52122,2002-06-18 13:00:00.0,Intermediário
1.51318,1.5242,2002-06-18 13:30:00.0,Intermediário
1.51775,1.5288,2002-06-18 14:00:00.0,Intermediário
1.51828,1.52934,2002-06-18 14:30:00.0,Intermediário
1.51152,1.52197,2002-06-18 15:00:00.0,Intermediário
1.51515,1.52618,2002-06-18 15:30:00.0,Intermediário
1.52836,1.5389,2002-06-18 16:00:00.0,Intermediário
1.52892,1.53947,2002-06-18 16:30:00.0,Fechamento Interbancário
1.51161,1.51625,2002-06-18 18:20:00.0,Fechamento
1.53983,1.55441,2002-06-19 09:34:00.0,Abertura
1.53398,1.54399,2002-06-19 10:00:00.0,Intermediário
1.5289,1.54058,2002-06-19 10:30:00.0,Intermediário
1.52888,1.53942,2002-06-19 11:00:00.0,Intermediário
1.52337,1.53388,2002-06-19 11:30:00.0,Intermediário
1.52487,1.53483,2002-06-19 12:00:00.0,Intermediário
1.51788,1.52837,2002-06-19 12:30:00.0,Intermediário
1.51791,1.52839,2002-06-19 13:00:00.0,Intermediário
1.51899,1.52947,2002-06-19 13:30:00.0,Intermediário
1.51791,1.52839,2002-06-19 14:00:00.0,Intermediário
1.51737,1.52785,2002-06-19 14:30:00.0,Intermediário
1.52525,1.53463,2002-06-19 15:00:00.0,Intermediário
1.52412,1.53747,2002-06-19 15:30:00.0,Intermediário
1.5239,1.53384,2002-06-19 16:00:00.0,Intermediário
1.52392,1.53387,2002-06-19 16:30:00.0,Fechamento Interbancário
1.52652,1.5312,2002-06-19 17:52:00.0,Fechamento
1.54851,1.56316,2002-06-20 09:32:00.0,Abertura
1.54822,1.55829,2002-06-20 10:00:00.0,Intermediário
1.54819,1.55884,2002-06-20 10:30:00.0,Intermediário
1.55388,1.56399,2002-06-20 11:00:00.0,Intermediário
1.55692,1.56877,2002-06-20 11:30:00.0,Intermediário
1.56319,1.57392,2002-06-20 12:00:00.0,Intermediário
1.55922,1.56936,2002-06-20 12:30:00.0,Intermediário
1.56968,1.5816,2002-06-20 13:00:00.0,Intermediário
1.5708,1.58158,2002-06-20 13:30:00.0,Intermediário
1.57053,1.5813,2002-06-20 14:00:00.0,Intermediário
1.56888,1.57965,2002-06-20 14:30:00.0,Intermediário
1.57883,1.59023,2002-06-20 15:00:00.0,Intermediário
1.57542,1.58679,2002-06-20 15:30:00.0,Intermediário
1.57712,1.58737,2002-06-20 16:00:00.0,Intermediário
1.57842,1.59038,2002-06-20 16:30:00.0,Fechamento Interbancário
1.57259,1.57738,2002-06-20 18:04:00.0,Fechamento
1.60205,1.61704,2002-06-21 09:31:00.0,Abertura
1.58721,1.60095,2002-06-21 10:00:00.0,Intermediário
1.58376,1.59461,2002-06-21 10:30:00.0,Intermediário
1.59229,1.60376,2002-06-21 11:00:00.0,Intermediário
1.59569,1.60891,2002-06-21 11:30:00.0,Intermediário
1.60399,1.6161,2002-06-21 12:00:00.0,Intermediário
1.60883,1.61983,2002-06-21 12:30:00.0,Intermediário
1.60826,1.61925,2002-06-21 13:00:00.0,Intermediário
1.60742,1.61783,2002-06-21 13:30:00.0,Intermediário
1.6077,1.61811,2002-06-21 14:00:00.0,Intermediário
1.60826,1.61867,2002-06-21 14:30:00.0,Intermediário
1.61887,1.63107,2002-06-21 15:00:00.0,Intermediário
1.60343,1.61554,2002-06-21 15:30:00.0,Intermediário
1.62004,1.63513,2002-06-21 16:00:00.0,Intermediário
1.62033,1.63541,2002-06-21 16:30:00.0,Fechamento Interbancário
1.60105,1.60591,2002-06-21 17:45:00.0,Fechamento
1.62225,1.63736,2002-06-24 09:52:00.0,Abertura
1.61849,1.63011,2002-06-24 10:00:00.0,Intermediário
1.62852,1.63903,2002-06-24 10:30:00.0,Intermediário
1.64091,1.65266,2002-06-24 11:00:00.0,Intermediário
1.64062,1.65179,2002-06-24 11:30:00.0,Intermediário
1.62432,1.63655,2002-06-24 12:00:00.0,Intermediário
1.6155,1.62653,2002-06-24 12:30:00.0,Intermediário
1.6189,1.62937,2002-06-24 13:01:00.0,Intermediário
1.6172,1.62767,2002-06-24 13:30:00.0,Intermediário
1.61692,1.62739,2002-06-24 14:00:00.0,Intermediário
1.61636,1.62682,2002-06-24 14:30:00.0,Intermediário
1.59506,1.60656,2002-06-24 15:00:00.0,Intermediário
1.57793,1.58819,2002-06-24 15:36:00.0,Intermediário
1.57503,1.5864,2002-06-24 16:00:00.0,Intermediário
1.57308,1.58388,2002-06-24 16:30:00.0,Fechamento Interbancário
1.60951,1.6144,2002-06-24 17:44:00.0,Fechamento
1.57912,1.59396,2002-06-25 09:58:00.0,Abertura
1.58086,1.59113,2002-06-25 10:00:00.0,Intermediário
1.58705,1.59907,2002-06-25 10:30:00.0,Intermediário
1.59016,1.60162,2002-06-25 11:00:00.0,Intermediário
1.59676,1.60826,2002-06-25 11:30:00.0,Intermediário
1.58942,1.59973,2002-06-25 12:00:00.0,Intermediário
1.59059,1.60092,2002-06-25 12:30:00.0,Intermediário
1.59317,1.60351,2002-06-25 13:00:00.0,Intermediário
1.59738,1.60831,2002-06-25 13:30:00.0,Intermediário
1.59822,1.60915,2002-06-25 14:00:00.0,Intermediário
1.59878,1.60972,2002-06-25 14:30:00.0,Intermediário
1.61694,1.62856,2002-06-25 15:07:00.0,Intermediário
1.61526,1.62687,2002-06-25 15:30:00.0,Intermediário
1.60587,1.61743,2002-06-25 16:00:00.0,Intermediário
1.60841,1.6194,2002-06-25 16:30:00.0,Fechamento Interbancário
1.60257,1.60744,2002-06-25 18:12:00.0,Fechamento
1.60024,1.61518,2002-06-26 09:36:00.0,Abertura
1.58252,1.59733,2002-06-26 10:03:00.0,Intermediário
1.59096,1.60583,2002-06-26 10:35:00.0,Intermediário
1.59011,1.60101,2002-06-26 11:00:00.0,Intermediário
1.59687,1.60895,2002-06-26 11:30:00.0,Intermediário
1.5988,1.60919,2002-06-26 12:00:00.0,Intermediário
1.59869,1.60965,2002-06-26 12:30:00.0,Intermediário
1.59931,1.60971,2002-06-26 13:03:00.0,Intermediário
1.59845,1.60885,2002-06-26 13:30:00.0,Intermediário
1.59988,1.61028,2002-06-26 14:00:00.0,Intermediário
1.60244,1.61285,2002-06-26 14:30:00.0,Intermediário
1.60947,1.61992,2002-06-26 15:00:00.0,Intermediário
1.61644,1.6275,2002-06-26 15:30:00.0,Intermediário
1.60932,1.62034,2002-06-26 16:00:00.0,Intermediário
1.6053,1.6163,2002-06-26 16:30:00.0,Fechamento Interbancário
1.60031,1.60522,2002-06-26 17:38:00.0,Fechamento
1.59011,1.60497,2002-06-27 09:45:00.0,Abertura
1.59461,1.60667,2002-06-27 10:00:00.0,Intermediário
1.60953,1.61998,2002-06-27 10:30:00.0,Intermediário
1.61521,1.62625,2002-06-27 11:00:00.0,Intermediário
1.60984,1.62085,2002-06-27 11:30:00.0,Intermediário
1.60218,1.61372,2002-06-27 12:00:00.0,Intermediário
1.61319,1.62423,2002-06-27 12:30:00.0,Intermediário
1.61346,1.62393,2002-06-27 13:00:00.0,Intermediário
1.61117,1.62163,2002-06-27 13:30:00.0,Intermediário
1.61374,1.62422,2002-06-27 14:00:00.0,Intermediário
1.61374,1.62422,2002-06-27 14:30:00.0,Intermediário
1.61138,1.62185,2002-06-27 15:00:00.0,Intermediário
1.60517,1.6156,2002-06-27 15:30:00.0,Intermediário
1.5965,1.60745,2002-06-27 16:00:00.0,Intermediário
1.60103,1.61143,2002-06-27 16:30:00.0,Fechamento Interbancário
1.61225,1.61717,2002-06-27 17:58:00.0,Fechamento
1.57718,1.59196,2002-06-28 09:37:00.0,Abertura
1.60134,1.61344,2002-06-28 10:00:00.0,Intermediário
1.59994,1.6109,2002-06-28 10:30:00.0,Intermediário
1.60134,1.61231,2002-06-28 11:00:00.0,Intermediário
1.60051,1.61147,2002-06-28 11:32:00.0,Intermediário
1.59963,1.6106,2002-06-28 12:07:00.0,Intermediário
1.59066,1.60214,2002-06-28 12:30:00.0,Intermediário
1.58926,1.60128,2002-06-28 13:00:00.0,Intermediário
1.58561,1.59592,2002-06-28 13:30:00.0,Intermediário
1.58673,1.59705,2002-06-28 14:00:00.0,Intermediário
1.58645,1.59677,2002-06-28 14:30:00.0,Intermediário
1.58308,1.59507,2002-06-28 15:00:00.0,Intermediário
1.58448,1.59536,2002-06-28 15:30:00.0,Intermediário
1.57943,1.59423,2002-06-28 16:00:00.0,Intermediário
1.58308,1.59451,2002-06-28 16:30:00.0,Fechamento Interbancário
1.60242,1.60732,2002-06-28 17:40:00.0,Fechamento
1.56514,1.57984,2002-07-01 09:53:00.0,Abertura
1.56542,1.58012,2002-07-01 10:00:00.0,Intermediário
1.58697,1.59899,2002-07-01 10:30:00.0,Intermediário
1.58949,1.60264,2002-07-01 11:00:00.0,Intermediário
1.59117,1.60209,2002-07-01 11:30:00.0,Intermediário
1.59229,1.6049,2002-07-01 12:00:00.0,Intermediário
1.59482,1.60519,2002-07-01 12:30:00.0,Intermediário
1.59874,1.60913,2002-07-01 13:00:00.0,Intermediário
1.60072,1.61169,2002-07-01 13:30:00.0,Intermediário
1.60015,1.61112,2002-07-01 14:00:00.0,Intermediário
1.59958,1.61054,2002-07-01 14:30:00.0,Intermediário
1.60405,1.61617,2002-07-01 15:00:00.0,Intermediário
1.61499,1.62604,2002-07-01 15:30:00.0,Intermediário
1.62171,1.63168,2002-07-01 16:00:00.0,Intermediário
1.62287,1.63509,2002-07-01 16:30:00.0,Fechamento Interbancário
1.60836,1.61328,2002-07-01 18:16:00.0,Fechamento
1.62616,1.64122,2002-07-02 09:50:00.0,Abertura
1.63007,1.64403,2002-07-02 10:00:00.0,Intermediário
1.64052,1.65171,2002-07-02 10:30:00.0,Intermediário
1.63823,1.65054,2002-07-02 11:00:00.0,Intermediário
1.63012,1.64238,2002-07-02 11:30:00.0,Intermediário
1.63732,1.64793,2002-07-02 12:00:00.0,Intermediário
1.62013,1.63064,2002-07-02 12:30:00.0,Intermediário
1.62993,1.64219,2002-07-02 13:00:00.0,Intermediário
1.62936,1.63993,2002-07-02 13:30:00.0,Intermediário
1.62965,1.64022,2002-07-02 14:00:00.0,Intermediário
1.6282,1.63877,2002-07-02 14:30:00.0,Intermediário
1.62007,1.63227,2002-07-02 15:00:00.0,Intermediário
1.61644,1.62863,2002-07-02 15:30:00.0,Intermediário
1.6159,1.62808,2002-07-02 16:00:00.0,Intermediário
1.62269,1.63435,2002-07-02 16:30:00.0,Fechamento Interbancário
1.64286,1.64787,2002-07-02 17:42:00.0,Fechamento
1.6326,1.64769,2002-07-03 10:09:00.0,Abertura
1.61891,1.63111,2002-07-03 10:11:00.0,Intermediário
1.61917,1.63026,2002-07-03 10:30:00.0,Intermediário
1.58905,1.60108,2002-07-03 11:00:00.0,Intermediário
1.58545,1.59914,2002-07-03 11:30:00.0,Intermediário
1.60219,1.61429,2002-07-03 12:00:00.0,Intermediário
1.60399,1.6161,2002-07-03 12:30:00.0,Intermediário
1.59954,1.61163,2002-07-03 13:00:00.0,Intermediário
1.59896,1.60992,2002-07-03 13:30:00.0,Intermediário
1.59781,1.60877,2002-07-03 14:00:00.0,Intermediário
1.59867,1.60963,2002-07-03 14:30:00.0,Intermediário
1.58802,1.60228,2002-07-03 15:00:00.0,Intermediário
1.59307,1.60681,2002-07-03 15:35:00.0,Intermediário
1.59668,1.60763,2002-07-03 16:00:00.0,Intermediário
1.59389,1.60651,2002-07-03 16:30:00.0,Fechamento Interbancário
1.60159,1.6065,2002-07-03 17:45:00.0,Fechamento
1.57563,1.59038,2002-07-04 09:49:00.0,Abertura
1.57563,1.59038,2002-07-04 10:16:00.0,Intermediário
1.58008,1.59205,2002-07-04 10:18:00.0,Intermediário
1.58365,1.59509,2002-07-04 10:30:00.0,Intermediário
1.58055,1.59141,2002-07-04 11:00:00.0,Intermediário
1.57692,1.58777,2002-07-04 11:30:00.0,Intermediário
1.57191,1.58384,2002-07-04 12:00:00.0,Intermediário
1.57142,1.5839,2002-07-04 12:30:00.0,Intermediário
1.58005,1.59258,2002-07-04 13:00:00.0,Intermediário
1.58062,1.59316,2002-07-04 13:30:00.0,Intermediário
1.5809,1.59344,2002-07-04 14:00:00.0,Intermediário
1.57948,1.59201,2002-07-04 14:30:00.0,Intermediário
1.57617,1.58868,2002-07-04 15:00:00.0,Intermediário
1.58005,1.59035,2002-07-04 15:30:00.0,Intermediário
1.58283,1.59314,2002-07-04 16:00:00.0,Intermediário
1.58479,1.59512,2002-07-04 16:30:00.0,Fechamento Interbancário
1.58402,1.5889,2002-07-04 17:38:00.0,Fechamento
1.59711,1.61199,2002-07-05 09:53:00.0,Abertura
1.59733,1.60829,2002-07-05 10:00:00.0,Intermediário
1.60162,1.61203,2002-07-05 10:30:00.0,Intermediário
1.60134,1.61233,2002-07-05 11:00:00.0,Intermediário
1.59657,1.60808,2002-07-05 11:30:00.0,Intermediário
1.59401,1.60439,2002-07-05 12:00:00.0,Intermediário
1.59536,1.60575,2002-07-05 12:30:00.0,Intermediário
1.59815,1.60856,2002-07-05 13:00:00.0,Intermediário
1.59787,1.60827,2002-07-05 13:30:00.0,Intermediário
1.59586,1.60625,2002-07-05 14:00:00.0,Intermediário
1.59586,1.60625,2002-07-05 14:30:00.0,Intermediário
1.60007,1.61049,2002-07-05 15:00:00.0,Intermediário
1.5979,1.60942,2002-07-05 15:30:00.0,Intermediário
1.59896,1.60993,2002-07-05 16:00:00.0,Intermediário
1.5998,1.61022,2002-07-05 16:30:00.0,Fechamento Interbancário
1.60019,1.60512,2002-07-05 17:41:00.0,Fechamento
1.61854,1.63357,2002-07-08 10:03:00.0,Abertura
1.6146,1.62621,2002-07-08 10:05:00.0,Intermediário
1.62158,1.6321,2002-07-08 10:30:00.0,Intermediário
1.6236,1.63469,2002-07-08 11:00:00.0,Intermediário
1.61935,1.63042,2002-07-08 11:30:00.0,Intermediário
1.60924,1.62422,2002-07-08 12:00:00.0,Intermediário
1.60586,1.61629,2002-07-08 12:30:00.0,Intermediário
1.60813,1.6197,2002-07-08 13:00:00.0,Intermediário
1.6087,1.62028,2002-07-08 13:30:00.0,Intermediário
1.60642,1.61798,2002-07-08 14:00:00.0,Intermediário
1.60842,1.61999,2002-07-08 14:30:00.0,Intermediário
1.60306,1.6146,2002-07-08 15:00:00.0,Intermediário
1.60984,1.62142,2002-07-08 15:30:00.0,Intermediário
1.6104,1.62198,2002-07-08 16:00:00.0,Intermediário
1.61153,1.62198,2002-07-08 16:30:00.0,Fechamento Interbancário
1.62119,1.62614,2002-07-08 18:07:00.0,Fechamento
1.61954,1.63459,2002-07-09 09:56:00.0,Abertura
1.62123,1.63174,2002-07-09 10:00:00.0,Intermediário
1.61669,1.63172,2002-07-09 10:30:00.0,Intermediário
1.6164,1.62859,2002-07-09 11:00:00.0,Intermediário
1.62095,1.63316,2002-07-09 11:30:00.0,Intermediário
1.61527,1.62745,2002-07-09 12:00:00.0,Intermediário
1.60904,1.6229,2002-07-09 12:30:00.0,Intermediário
1.61642,1.62746,2002-07-09 13:00:00.0,Intermediário
1.61727,1.62832,2002-07-09 13:30:00.0,Intermediário
1.61585,1.62689,2002-07-09 14:00:00.0,Intermediário
1.61301,1.62404,2002-07-09 14:30:00.0,Intermediário
1.61301,1.62803,2002-07-09 15:00:00.0,Intermediário
1.61414,1.62632,2002-07-09 15:30:00.0,Intermediário
1.61557,1.62775,2002-07-09 16:00:00.0,Intermediário
1.61698,1.6286,2002-07-09 16:30:00.0,Fechamento Interbancário
1.61929,1.62422,2002-07-09 17:44:00.0,Fechamento
1.60904,1.62404,2002-07-10 09:40:00.0,Abertura
1.60961,1.62005,2002-07-10 10:00:00.0,Intermediário
1.61186,1.62402,2002-07-10 10:30:00.0,Intermediário
1.61386,1.62546,2002-07-10 11:00:00.0,Intermediário
1.61385,1.62488,2002-07-10 11:30:00.0,Intermediário
1.61326,1.62373,2002-07-10 12:00:00.0,Intermediário
1.61583,1.6263,2002-07-10 12:30:00.0,Intermediário
1.61499,1.62546,2002-07-10 13:00:00.0,Intermediário
1.61271,1.62317,2002-07-10 13:30:00.0,Intermediário
1.61243,1.62288,2002-07-10 14:00:00.0,Intermediário
1.60901,1.61945,2002-07-10 14:30:00.0,Intermediário
1.61155,1.62258,2002-07-10 15:00:00.0,Intermediário
1.61099,1.62201,2002-07-10 15:30:00.0,Intermediário
1.60535,1.61633,2002-07-10 16:00:00.0,Intermediário
1.60732,1.61775,2002-07-10 16:30:00.0,Fechamento Interbancário
1.61273,1.61766,2002-07-10 17:38:00.0,Fechamento
1.58372,1.59851,2002-07-11 09:53:00.0,Abertura
1.58621,1.59767,2002-07-11 10:00:00.0,Intermediário
1.58292,1.59379,2002-07-11 10:30:00.0,Intermediário
1.57479,1.58618,2002-07-11 11:00:00.0,Intermediário
1.55811,1.56996,2002-07-11 11:30:00.0,Intermediário
1.5701,1.5809,2002-07-11 12:00:00.0,Intermediário
1.57629,1.58656,2002-07-11 12:30:00.0,Intermediário
1.57881,1.58966,2002-07-11 13:00:00.0,Intermediário
1.57797,1.58881,2002-07-11 13:30:00.0,Intermediário
1.57486,1.58569,2002-07-11 14:00:00.0,Intermediário
1.57655,1.58739,2002-07-11 14:30:00.0,Intermediário
1.57461,1.58487,2002-07-11 15:00:00.0,Intermediário
1.56122,1.57197,2002-07-11 15:30:00.0,Intermediário
1.55315,1.56497,2002-07-11 16:00:00.0,Intermediário
1.55454,1.56469,2002-07-11 16:30:00.0,Fechamento Interbancário
1.57411,1.57896,2002-07-11 17:42:00.0,Fechamento
1.5576,1.57226,2002-07-12 09:46:00.0,Abertura
1.56207,1.57394,2002-07-12 10:00:00.0,Intermediário
1.56848,1.57926,2002-07-12 10:30:00.0,Intermediário
1.57967,1.58995,2002-07-12 11:00:00.0,Intermediário
1.56541,1.57617,2002-07-12 11:30:00.0,Intermediário
1.55871,1.56944,2002-07-12 12:00:00.0,Intermediário
1.56568,1.57645,2002-07-12 12:30:00.0,Intermediário
1.57408,1.58434,2002-07-12 13:00:00.0,Intermediário
1.57408,1.58434,2002-07-12 13:30:00.0,Intermediário
1.57436,1.58462,2002-07-12 14:00:00.0,Intermediário
1.57295,1.58321,2002-07-12 14:30:00.0,Intermediário
1.56904,1.57927,2002-07-12 15:01:00.0,Intermediário
1.56873,1.57896,2002-07-12 15:30:00.0,Intermediário
1.56821,1.579,2002-07-12 16:00:00.0,Intermediário
1.56821,1.57844,2002-07-12 16:30:00.0,Fechamento Interbancário
1.575,1.57984,2002-07-12 18:00:00.0,Fechamento
1.58447,1.5993,2002-07-15 09:54:00.0,Abertura
1.58615,1.59704,2002-07-15 10:00:00.0,Intermediário
1.5892,1.6001,2002-07-15 10:30:00.0,Intermediário
1.59202,1.60294,2002-07-15 11:00:00.0,Intermediário
1.59398,1.60491,2002-07-15 11:30:00.0,Intermediário
1.58804,1.59837,2002-07-15 12:00:00.0,Intermediário
1.59785,1.60824,2002-07-15 12:30:00.0,Intermediário
1.59642,1.60681,2002-07-15 13:00:00.0,Intermediário
1.59756,1.60795,2002-07-15 13:30:00.0,Intermediário
1.59813,1.60853,2002-07-15 14:00:00.0,Intermediário
1.59842,1.60882,2002-07-15 14:30:00.0,Intermediário
1.6037,1.61413,2002-07-15 15:00:00.0,Intermediário
1.59924,1.60964,2002-07-15 15:30:00.0,Intermediário
1.59611,1.60706,2002-07-15 16:00:00.0,Intermediário
1.59271,1.60308,2002-07-15 16:30:00.0,Fechamento Interbancário
1.5928,1.59769,2002-07-15 17:39:00.0,Fechamento
1.60033,1.61524,2002-07-16 09:49:00.0,Abertura
1.60456,1.61555,2002-07-16 10:00:00.0,Intermediário
1.59871,1.6091,2002-07-16 10:30:00.0,Intermediário
1.60032,1.61073,2002-07-16 11:00:00.0,Intermediário
1.61022,1.62068,2002-07-16 11:30:00.0,Intermediário
1.59776,1.60984,2002-07-16 12:00:00.0,Intermediário
1.59859,1.61011,2002-07-16 12:30:00.0,Intermediário
1.5991,1.61007,2002-07-16 13:00:00.0,Intermediário
1.59853,1.60949,2002-07-16 13:30:00.0,Intermediário
1.59308,1.60402,2002-07-16 14:00:00.0,Intermediário
1.59366,1.60459,2002-07-16 14:30:00.0,Intermediário
1.59423,1.60461,2002-07-16 15:00:00.0,Intermediário
1.58866,1.59901,2002-07-16 15:30:00.0,Intermediário
1.59366,1.60348,2002-07-16 16:00:00.0,Intermediário
1.5948,1.60463,2002-07-16 16:30:00.0,Fechamento Interbancário
1.59545,1.60036,2002-07-16 17:41:00.0,Fechamento
1.58489,1.59968,2002-07-17 09:42:00.0,Abertura
1.58293,1.59381,2002-07-17 10:00:00.0,Intermediário
1.5844,1.59529,2002-07-17 10:30:00.0,Intermediário
1.581,1.59133,2002-07-17 11:00:00.0,Intermediário
1.57957,1.59044,2002-07-17 11:30:00.0,Intermediário
1.58371,1.59405,2002-07-17 12:00:00.0,Intermediário
1.59288,1.60437,2002-07-17 12:30:00.0,Intermediário
1.59201,1.60295,2002-07-17 13:00:00.0,Intermediário
1.59114,1.60153,2002-07-17 13:30:00.0,Intermediário
1.59201,1.6024,2002-07-17 14:00:00.0,Intermediário
1.59114,1.60153,2002-07-17 14:30:00.0,Intermediário
1.5958,1.60677,2002-07-17 15:00:00.0,Intermediário
1.59491,1.60697,2002-07-17 15:30:00.0,Intermediário
1.59219,1.60258,2002-07-17 16:00:00.0,Intermediário
1.59138,1.60232,2002-07-17 16:30:00.0,Fechamento Interbancário
1.58672,1.59163,2002-07-17 17:40:00.0,Fechamento
1.59513,1.60997,2002-07-18 09:42:00.0,Abertura
1.59343,1.60437,2002-07-18 10:00:00.0,Intermediário
1.58839,1.59876,2002-07-18 10:30:00.0,Intermediário
1.58724,1.5976,2002-07-18 11:00:00.0,Intermediário
1.59007,1.60155,2002-07-18 11:30:00.0,Intermediário
1.58433,1.59467,2002-07-18 12:00:00.0,Intermediário
1.5766,1.58745,2002-07-18 12:30:00.0,Intermediário
1.57275,1.58413,2002-07-18 13:00:00.0,Intermediário
1.5753,1.58558,2002-07-18 13:30:00.0,Intermediário
1.57501,1.5853,2002-07-18 14:00:00.0,Intermediário
1.57587,1.58616,2002-07-18 14:30:00.0,Intermediário
1.57309,1.58337,2002-07-18 15:00:00.0,Intermediário
1.57284,1.58478,2002-07-18 15:30:00.0,Intermediário
1.56429,1.57507,2002-07-18 16:00:00.0,Intermediário
1.57037,1.58063,2002-07-18 16:30:00.0,Fechamento Interbancário
1.5933,1.59822,2002-07-18 17:40:00.0,Fechamento
1.57788,1.59264,2002-07-19 09:54:00.0,Abertura
1.58536,1.59569,2002-07-19 10:00:00.0,Intermediário
1.59425,1.60463,2002-07-19 10:30:00.0,Intermediário
1.59722,1.60873,2002-07-19 11:00:00.0,Intermediário
1.59001,1.60148,2002-07-19 11:30:00.0,Intermediário
1.58689,1.59835,2002-07-19 12:00:00.0,Intermediário
1.58555,1.59645,2002-07-19 12:30:00.0,Intermediário
1.58941,1.60033,2002-07-19 13:00:00.0,Intermediário
1.58941,1.60033,2002-07-19 13:30:00.0,Intermediário
1.58999,1.60091,2002-07-19 14:00:00.0,Intermediário
1.59027,1.60119,2002-07-19 14:30:00.0,Intermediário
1.58473,1.59506,2002-07-19 15:00:00.0,Intermediário
1.58841,1.60043,2002-07-19 15:30:00.0,Intermediário
1.59201,1.60294,2002-07-19 16:00:00.0,Intermediário
1.59314,1.60351,2002-07-19 16:30:00.0,Fechamento Interbancário
1.59716,1.60208,2002-07-19 17:39:00.0,Fechamento
1.58504,1.59982,2002-07-22 09:56:00.0,Abertura
1.59007,1.60155,2002-07-22 10:07:00.0,Intermediário
1.5913,1.60279,2002-07-22 10:30:00.0,Intermediário
1.58182,1.59381,2002-07-22 11:00:00.0,Intermediário
1.58459,1.59549,2002-07-22 11:30:00.0,Intermediário
1.58213,1.59356,2002-07-22 12:00:00.0,Intermediário
1.58564,1.59655,2002-07-22 12:30:00.0,Intermediário
1.58239,1.59438,2002-07-22 13:00:00.0,Intermediário
1.58182,1.59381,2002-07-22 13:30:00.0,Intermediário
1.5735,1.58544,2002-07-22 14:39:00.0,Intermediário
1.5735,1.58544,2002-07-22 14:40:00.0,Intermediário
1.56712,1.57792,2002-07-22 15:00:00.0,Intermediário
1.57172,1.58255,2002-07-22 15:30:00.0,Intermediário
1.58239,1.59548,2002-07-22 16:00:00.0,Intermediário
1.58371,1.59406,2002-07-22 16:30:00.0,Fechamento Interbancário
1.57789,1.58279,2002-07-22 18:07:00.0,Fechamento
1.56949,1.58414,2002-07-23 09:45:00.0,Abertura
1.57571,1.58821,2002-07-23 10:00:00.0,Intermediário
1.57734,1.58766,2002-07-23 10:30:00.0,Intermediário
1.58136,1.59226,2002-07-23 11:00:00.0,Intermediário
1.5835,1.59386,2002-07-23 11:30:00.0,Intermediário
1.58336,1.59536,2002-07-23 12:00:00.0,Intermediário
1.58372,1.59408,2002-07-23 12:30:00.0,Intermediário
1.58398,1.59379,2002-07-23 13:00:00.0,Intermediário
1.57672,1.5865,2002-07-23 14:10:00.0,Intermediário
1.57672,1.5865,2002-07-23 14:11:00.0,Intermediário
1.57178,1.58154,2002-07-23 14:30:00.0,Intermediário
1.57313,1.58345,2002-07-23 15:00:00.0,Intermediário
1.57044,1.58128,2002-07-23 15:30:00.0,Intermediário
1.56874,1.57957,2002-07-23 16:00:00.0,Intermediário
1.56601,1.57737,2002-07-23 16:30:00.0,Fechamento Interbancário
1.56667,1.57158,2002-07-23 17:52:00.0,Fechamento
1.57757,1.59224,2002-07-24 09:51:00.0,Abertura
1.58556,1.59812,2002-07-24 10:00:00.0,Intermediário
1.589,1.60049,2002-07-24 10:30:00.0,Intermediário
1.5809,1.59234,2002-07-24 11:00:00.0,Intermediário
1.57953,1.58989,2002-07-24 11:30:00.0,Intermediário
1.57499,1.58533,2002-07-24 12:00:00.0,Intermediário
1.58027,1.59225,2002-07-24 12:30:00.0,Intermediário
1.58378,1.59578,2002-07-24 13:00:00.0,Intermediário
1.58261,1.59461,2002-07-24 13:30:00.0,Intermediário
1.57851,1.59048,2002-07-24 14:00:00.0,Intermediário
1.57909,1.59107,2002-07-24 14:30:00.0,Intermediário
1.5833,1.59368,2002-07-24 15:00:00.0,Intermediário
1.58579,1.59727,2002-07-24 15:30:00.0,Intermediário
1.5855,1.59589,2002-07-24 16:00:00.0,Intermediário
1.58814,1.59909,2002-07-24 16:30:00.0,Fechamento Interbancário
1.60537,1.61036,2002-07-24 18:02:00.0,Fechamento
1.59934,1.61415,2002-07-25 09:45:00.0,Abertura
1.59742,1.60842,2002-07-25 10:00:00.0,Intermediário
1.60052,1.61317,2002-07-25 10:30:00.0,Intermediário
1.60464,1.61567,2002-07-25 11:00:00.0,Intermediário
1.60258,1.61524,2002-07-25 11:30:00.0,Intermediário
1.61555,1.62774,2002-07-25 12:05:00.0,Intermediário
1.60957,1.62118,2002-07-25 12:30:00.0,Intermediário
1.61693,1.62695,2002-07-25 13:00:00.0,Intermediário
1.61454,1.62455,2002-07-25 13:30:00.0,Intermediário
1.61484,1.62485,2002-07-25 14:00:00.0,Intermediário
1.61155,1.62155,2002-07-25 14:30:00.0,Intermediário
1.61813,1.63142,2002-07-25 15:00:00.0,Intermediário
1.62664,1.63889,2002-07-25 15:30:00.0,Intermediário
1.61203,1.62528,2002-07-25 16:00:00.0,Intermediário
1.61215,1.62486,2002-07-25 16:30:00.0,Fechamento Interbancário
1.61511,1.62015,2002-07-25 18:05:00.0,Fechamento
1.61765,1.63257,2002-07-26 09:58:00.0,Abertura
1.61992,1.63376,2002-07-26 10:00:00.0,Intermediário
1.6208,1.63411,2002-07-26 10:30:00.0,Intermediário
1.6185,1.63124,2002-07-26 11:00:00.0,Intermediário
1.6257,1.63795,2002-07-26 11:30:00.0,Intermediário
1.62631,1.63694,2002-07-26 12:00:00.0,Intermediário
1.62121,1.63397,2002-07-26 12:30:00.0,Intermediário
1.61521,1.62741,2002-07-26 13:00:00.0,Intermediário
1.6107,1.62287,2002-07-26 13:30:00.0,Intermediário
1.61251,1.62468,2002-07-26 14:00:00.0,Intermediário
1.61371,1.62589,2002-07-26 14:30:00.0,Intermediário
1.6121,1.62266,2002-07-26 15:00:00.0,Intermediário
1.60746,1.62014,2002-07-26 15:30:00.0,Intermediário
1.60736,1.61897,2002-07-26 16:00:00.0,Intermediário
1.60773,1.61988,2002-07-26 16:30:00.0,Fechamento Interbancário
1.61746,1.62252,2002-07-26 18:39:00.0,Fechamento
1.62452,1.63947,2002-07-29 09:54:00.0,Abertura
1.6257,1.63795,2002-07-29 10:00:00.0,Intermediário
1.63895,1.6502,2002-07-29 10:30:00.0,Intermediário
1.64506,1.65743,2002-07-29 11:00:00.0,Intermediário
1.65265,1.66505,2002-07-29 11:30:00.0,Intermediário
1.65795,1.67039,2002-07-29 12:00:00.0,Intermediário
1.68361,1.70162,2002-07-29 12:30:00.0,Intermediário
1.70852,1.72397,2002-07-29 13:00:00.0,Intermediário
1.70663,1.72207,2002-07-29 13:30:00.0,Intermediário
1.70537,1.72079,2002-07-29 14:00:00.0,Intermediário
1.70568,1.72111,2002-07-29 14:30:00.0,Intermediário
1.72327,1.73609,2002-07-29 15:00:00.0,Intermediário
1.7489,1.76728,2002-07-29 15:30:00.0,Intermediário
1.71724,1.74898,2002-07-29 16:00:00.0,Intermediário
1.70964,1.72238,2002-07-29 16:30:00.0,Fechamento Interbancário
1.70168,1.70696,2002-07-29 17:43:00.0,Fechamento
1.74067,1.75632,2002-07-30 09:56:00.0,Abertura
1.74243,1.76355,2002-07-30 10:00:00.0,Intermediário
1.75981,1.77557,2002-07-30 10:30:00.0,Intermediário
1.77879,1.79739,2002-07-30 11:00:00.0,Intermediário
1.77587,1.78899,2002-07-30 11:34:00.0,Intermediário
1.78,1.79315,2002-07-30 12:00:00.0,Intermediário
1.76945,1.78801,2002-07-30 12:30:00.0,Intermediário
1.76815,1.78397,2002-07-30 13:00:00.0,Intermediário
1.76978,1.7856,2002-07-30 13:30:00.0,Intermediário
1.77205,1.78789,2002-07-30 14:00:00.0,Intermediário
1.77075,1.78658,2002-07-30 14:30:00.0,Intermediário
1.76349,1.782,2002-07-30 15:00:00.0,Intermediário
1.77185,1.78768,2002-07-30 15:30:00.0,Intermediário
1.78421,1.80011,2002-07-30 16:00:00.0,Intermediário
1.77986,1.79846,2002-07-30 16:30:00.0,Fechamento Interbancário
1.77712,1.78261,2002-07-30 17:41:00.0,Fechamento
1.81927,1.83538,2002-07-31 09:43:00.0,Abertura
1.80769,1.82649,2002-07-31 10:00:00.0,Intermediário
1.81042,1.82649,2002-07-31 10:30:00.0,Intermediário
1.82917,1.84261,2002-07-31 11:00:00.0,Intermediário
1.85574,1.88297,2002-07-31 11:30:00.0,Intermediário
1.95556,1.97247,2002-07-31 12:00:00.0,Intermediário
1.84726,1.869,2002-07-31 12:30:00.0,Intermediário
1.87848,1.90039,2002-07-31 13:00:00.0,Intermediário
1.88321,1.8997,2002-07-31 13:30:00.0,Intermediário
1.88079,1.89725,2002-07-31 14:00:00.0,Intermediário
1.88079,1.89725,2002-07-31 14:30:00.0,Intermediário
1.88919,1.91115,2002-07-31 15:00:00.0,Intermediário
1.89093,1.90746,2002-07-31 15:33:00.0,Intermediário
1.87525,1.89168,2002-07-31 16:00:00.0,Intermediário
1.87733,1.89377,2002-07-31 16:30:00.0,Fechamento Interbancário
1.86202,1.86775,2002-07-31 18:03:00.0,Fechamento
1.82895,1.84511,2002-08-01 09:54:00.0,Abertura
1.76504,1.80246,2002-08-01 10:00:00.0,Intermediário
1.78491,1.81702,2002-08-01 10:30:00.0,Intermediário
1.78623,1.81295,2002-08-01 11:00:00.0,Intermediário
1.79499,1.81635,2002-08-01 11:34:00.0,Intermediário
1.8091,1.83053,2002-08-01 12:00:00.0,Intermediário
1.79333,1.81466,2002-08-01 12:30:00.0,Intermediário
1.7792,1.79776,2002-08-01 13:00:00.0,Intermediário
1.75246,1.77359,2002-08-01 13:30:00.0,Intermediário
1.75246,1.77359,2002-08-01 14:00:00.0,Intermediário
1.75117,1.77228,2002-08-01 14:30:00.0,Intermediário
1.72769,1.74866,2002-08-01 15:00:00.0,Intermediário
1.73436,1.75537,2002-08-01 15:30:00.0,Intermediário
1.67003,1.69609,2002-08-01 16:00:00.0,Intermediário
1.67511,1.70661,2002-08-01 16:30:00.0,Fechamento Interbancário
1.79885,1.80441,2002-08-01 17:39:00.0,Fechamento
1.68568,1.701,2002-08-02 09:54:00.0,Abertura
1.66403,1.68463,2002-08-02 10:00:00.0,Intermediário
1.65265,1.66776,2002-08-02 10:30:00.0,Intermediário
1.6371,1.65213,2002-08-02 11:00:00.0,Intermediário
1.6054,1.62563,2002-08-02 11:30:00.0,Intermediário
1.60868,1.62352,2002-08-02 12:00:00.0,Intermediário
1.63645,1.65147,2002-08-02 12:30:00.0,Intermediário
1.64274,1.6578,2002-08-02 13:00:00.0,Intermediário
1.6469,1.66197,2002-08-02 13:30:00.0,Intermediário
1.64842,1.66351,2002-08-02 14:00:00.0,Intermediário
1.64445,1.65951,2002-08-02 14:30:00.0,Intermediário
1.63554,1.65055,2002-08-02 15:00:00.0,Intermediário
1.62835,1.64601,2002-08-02 15:30:00.0,Intermediário
1.61227,1.62444,2002-08-02 16:00:00.0,Intermediário
1.60839,1.62323,2002-08-02 16:30:00.0,Fechamento Interbancário
1.63082,1.63591,2002-08-02 17:48:00.0,Fechamento
1.60716,1.62199,2002-08-05 09:56:00.0,Abertura
1.60448,1.64082,2002-08-05 10:00:00.0,Intermediário
1.61725,1.62945,2002-08-05 10:30:00.0,Intermediário
1.62649,1.64143,2002-08-05 11:00:00.0,Intermediário
1.61708,1.63196,2002-08-05 11:32:00.0,Intermediário
1.62395,1.63886,2002-08-05 12:00:00.0,Intermediário
1.63985,1.65379,2002-08-05 12:30:00.0,Intermediário
1.62808,1.64301,2002-08-05 13:00:00.0,Intermediário
1.62747,1.64239,2002-08-05 13:30:00.0,Intermediário
1.62839,1.64332,2002-08-05 14:00:00.0,Intermediário
1.62716,1.64208,2002-08-05 14:30:00.0,Intermediário
1.64221,1.65456,2002-08-05 15:00:00.0,Intermediário
1.65805,1.67847,2002-08-05 15:30:00.0,Intermediário
1.66357,1.6787,2002-08-05 16:00:00.0,Intermediário
1.66136,1.67647,2002-08-05 16:30:00.0,Fechamento Interbancário
1.61835,1.62346,2002-08-05 17:43:00.0,Fechamento
1.68104,1.69627,2002-08-06 09:39:00.0,Abertura
1.69848,1.71382,2002-08-06 10:00:00.0,Intermediário
1.70407,1.71943,2002-08-06 10:30:00.0,Intermediário
1.70471,1.71691,2002-08-06 11:00:00.0,Intermediário
1.69413,1.70944,2002-08-06 11:30:00.0,Intermediário
1.68207,1.69466,2002-08-06 12:00:00.0,Intermediário
1.68398,1.69924,2002-08-06 12:30:00.0,Intermediário
1.69445,1.70976,2002-08-06 13:00:00.0,Intermediário
1.69124,1.70653,2002-08-06 13:30:00.0,Intermediário
1.69059,1.70588,2002-08-06 14:00:00.0,Intermediário
1.69637,1.7117,2002-08-06 14:30:00.0,Intermediário
1.67397,1.69184,2002-08-06 15:00:00.0,Intermediário
1.65746,1.67523,2002-08-06 15:30:00.0,Intermediário
1.6436,1.65862,2002-08-06 16:00:00.0,Intermediário
1.64453,1.65956,2002-08-06 16:30:00.0,Fechamento Interbancário
1.70292,1.70826,2002-08-06 17:40:00.0,Fechamento
1.62506,1.63998,2002-08-07 09:49:00.0,Abertura
1.61237,1.63257,2002-08-07 10:00:00.0,Intermediário
1.64297,1.66069,2002-08-07 10:30:00.0,Intermediário
1.63785,1.65285,2002-08-07 11:00:00.0,Intermediário
1.62773,1.64428,2002-08-07 11:30:00.0,Intermediário
1.63359,1.64858,2002-08-07 12:00:00.0,Intermediário
1.63841,1.65073,2002-08-07 12:30:00.0,Intermediário
1.63779,1.65281,2002-08-07 13:00:00.0,Intermediário
1.63566,1.65066,2002-08-07 13:30:00.0,Intermediário
1.63749,1.6525,2002-08-07 14:00:00.0,Intermediário
1.64024,1.65527,2002-08-07 14:30:00.0,Intermediário
1.63012,1.6478,2002-08-07 15:00:00.0,Intermediário
1.61936,1.63373,2002-08-07 15:30:00.0,Intermediário
1.61361,1.6301,2002-08-07 16:00:00.0,Intermediário
1.61401,1.62619,2002-08-07 16:30:00.0,Fechamento Interbancário
1.64156,1.64669,2002-08-07 17:39:00.0,Fechamento
1.5196,1.53391,2002-08-08 09:32:00.0,Abertura
1.53238,1.55214,2002-08-08 10:00:00.0,Intermediário
1.53447,1.54888,2002-08-08 10:30:00.0,Intermediário
1.53037,1.54207,2002-08-08 11:00:00.0,Intermediário
1.52694,1.54128,2002-08-08 11:30:00.0,Intermediário
1.53226,1.54664,2002-08-08 12:00:00.0,Intermediário
1.54125,1.55676,2002-08-08 12:30:00.0,Intermediário
1.54585,1.56031,2002-08-08 13:00:00.0,Intermediário
1.54585,1.56031,2002-08-08 13:30:00.0,Intermediário
1.54672,1.56118,2002-08-08 14:00:00.0,Intermediário
1.54817,1.56264,2002-08-08 14:30:00.0,Intermediário
1.55049,1.56498,2002-08-08 15:00:00.0,Intermediário
1.54782,1.55961,2002-08-08 15:30:00.0,Intermediário
1.5488,1.56328,2002-08-08 16:00:00.0,Intermediário
1.5458,1.55705,2002-08-08 16:30:00.0,Fechamento Interbancário
1.54231,1.54717,2002-08-08 17:38:00.0,Fechamento
1.60093,1.61573,2002-08-09 09:53:00.0,Abertura
1.5923,1.60704,2002-08-09 10:00:00.0,Intermediário
1.57718,1.59183,2002-08-09 10:30:00.0,Intermediário
1.57984,1.59183,2002-08-09 11:00:00.0,Intermediário
1.58369,1.5957,2002-08-09 11:30:00.0,Intermediário
1.59673,1.60881,2002-08-09 12:00:00.0,Intermediário
1.59675,1.60883,2002-08-09 12:30:00.0,Intermediário
1.58399,1.59868,2002-08-09 13:00:00.0,Intermediário
1.58637,1.60107,2002-08-09 13:30:00.0,Intermediário
1.58755,1.60227,2002-08-09 14:00:00.0,Intermediário
1.58725,1.60197,2002-08-09 14:30:00.0,Intermediário
1.60002,1.61212,2002-08-09 15:00:00.0,Intermediário
1.60061,1.61272,2002-08-09 15:30:00.0,Intermediário
1.6407,1.65572,2002-08-09 16:00:00.0,Intermediário
1.611,1.62586,2002-08-09 16:30:00.0,Fechamento Interbancário
1.60514,1.61017,2002-08-09 18:02:00.0,Fechamento
1.65093,1.66604,2002-08-12 09:38:00.0,Abertura
1.64701,1.66209,2002-08-12 10:00:00.0,Intermediário
1.64848,1.66358,2002-08-12 10:30:00.0,Intermediário
1.6535,1.66591,2002-08-12 11:00:00.0,Intermediário
1.65411,1.66923,2002-08-12 11:30:00.0,Intermediário
1.65834,1.67078,2002-08-12 12:00:00.0,Intermediário
1.66218,1.67464,2002-08-12 12:30:00.0,Intermediário
1.67087,1.68609,2002-08-12 13:00:00.0,Intermediário
1.67304,1.68827,2002-08-12 13:30:00.0,Intermediário
1.67211,1.68734,2002-08-12 14:00:00.0,Intermediário
1.67366,1.6889,2002-08-12 14:30:00.0,Intermediário
1.6638,1.67898,2002-08-12 15:00:00.0,Intermediário
1.68557,1.70088,2002-08-12 15:30:00.0,Intermediário
1.69791,1.71058,2002-08-12 16:00:00.0,Intermediário
1.69427,1.70964,2002-08-12 16:30:00.0,Fechamento Interbancário
1.6716,1.6768,2002-08-12 17:56:00.0,Fechamento
1.73459,1.75018,2002-08-13 09:42:00.0,Abertura
1.73298,1.74586,2002-08-13 10:00:00.0,Intermediário
1.74435,1.76,2002-08-13 10:30:00.0,Intermediário
1.73769,1.7533,2002-08-13 11:00:00.0,Intermediário
1.73029,1.74316,2002-08-13 11:30:00.0,Intermediário
1.70473,1.72285,2002-08-13 12:00:00.0,Intermediário
1.71151,1.72697,2002-08-13 12:30:00.0,Intermediário
1.7011,1.71649,2002-08-13 13:00:00.0,Intermediário
1.70268,1.71808,2002-08-13 13:30:00.0,Intermediário
1.70363,1.71904,2002-08-13 14:00:00.0,Intermediário
1.70331,1.71872,2002-08-13 14:30:00.0,Intermediário
1.70237,1.72047,2002-08-13 15:00:00.0,Intermediário
1.69983,1.71522,2002-08-13 15:30:00.0,Intermediário
1.69384,1.70649,2002-08-13 16:00:00.0,Intermediário
1.69447,1.70713,2002-08-13 16:30:00.0,Fechamento Interbancário
1.72408,1.72945,2002-08-13 17:39:00.0,Fechamento
1.70488,1.72029,2002-08-14 09:47:00.0,Abertura
1.69353,1.70887,2002-08-14 10:00:00.0,Intermediário
1.69037,1.703,2002-08-14 10:30:00.0,Intermediário
1.69668,1.70935,2002-08-14 11:00:00.0,Intermediário
1.71502,1.73049,2002-08-14 11:30:00.0,Intermediário
1.71771,1.73049,2002-08-14 12:00:00.0,Intermediário
1.71432,1.7271,2002-08-14 12:30:00.0,Intermediário
1.71151,1.72427,2002-08-14 13:00:00.0,Intermediário
1.70788,1.72115,2002-08-14 13:30:00.0,Intermediário
1.70915,1.72243,2002-08-14 14:00:00.0,Intermediário
1.70692,1.72019,2002-08-14 14:30:00.0,Intermediário
1.70515,1.72055,2002-08-14 15:00:00.0,Intermediário
1.70878,1.72313,2002-08-14 15:30:00.0,Intermediário
1.71401,1.72677,2002-08-14 16:00:00.0,Intermediário
1.71369,1.72645,2002-08-14 16:30:00.0,Fechamento Interbancário
1.71715,1.72249,2002-08-14 17:42:00.0,Fechamento
1.70646,1.72189,2002-08-15 09:49:00.0,Abertura
1.70551,1.72094,2002-08-15 10:00:00.0,Intermediário
1.70338,1.7188,2002-08-15 10:30:00.0,Intermediário
1.71538,1.72925,2002-08-15 11:00:00.0,Intermediário
1.72504,1.74059,2002-08-15 11:30:00.0,Intermediário
1.72803,1.74197,2002-08-15 12:00:00.0,Intermediário
1.7362,1.75456,2002-08-15 12:30:00.0,Intermediário
1.73157,1.74717,2002-08-15 13:00:00.0,Intermediário
1.72871,1.74428,2002-08-15 13:30:00.0,Intermediário
1.72807,1.74364,2002-08-15 14:00:00.0,Intermediário
1.72711,1.74268,2002-08-15 14:30:00.0,Intermediário
1.7453,1.75825,2002-08-15 15:00:00.0,Intermediário
1.73651,1.75214,2002-08-15 15:30:00.0,Intermediário
1.73782,1.75073,2002-08-15 16:01:00.0,Intermediário
1.73651,1.74941,2002-08-15 16:30:00.0,Fechamento Interbancário
1.73152,1.73688,2002-08-15 17:44:00.0,Fechamento
1.72732,1.7429,2002-08-16 09:41:00.0,Abertura
1.71939,1.73218,2002-08-16 10:00:00.0,Intermediário
1.72211,1.73492,2002-08-16 10:30:00.0,Intermediário
1.72583,1.73866,2002-08-16 11:00:00.0,Intermediário
1.72274,1.73555,2002-08-16 11:30:00.0,Intermediário
1.72704,1.73988,2002-08-16 12:00:00.0,Intermediário
1.71555,1.72887,2002-08-16 12:30:00.0,Intermediário
1.70583,1.71855,2002-08-16 13:00:00.0,Intermediário
1.70865,1.72138,2002-08-16 13:30:00.0,Intermediário
1.70959,1.72233,2002-08-16 14:00:00.0,Intermediário
1.70928,1.72201,2002-08-16 14:30:00.0,Intermediário
1.70944,1.72218,2002-08-16 15:00:00.0,Intermediário
1.71401,1.72567,2002-08-16 15:30:00.0,Intermediário
1.69583,1.71123,2002-08-16 16:00:00.0,Intermediário
1.69397,1.70935,2002-08-16 16:30:00.0,Fechamento Interbancário
1.72578,1.73111,2002-08-16 17:43:00.0,Fechamento
1.7054,1.72084,2002-08-19 09:38:00.0,Abertura
1.70645,1.71754,2002-08-19 10:00:00.0,Intermediário
1.70306,1.71576,2002-08-19 10:30:00.0,Intermediário
1.68899,1.70434,2002-08-19 11:00:00.0,Intermediário
1.68489,1.69857,2002-08-19 11:30:00.0,Intermediário
1.67475,1.69001,2002-08-19 12:00:00.0,Intermediário
1.66602,1.68123,2002-08-19 12:30:00.0,Intermediário
1.66633,1.67881,2002-08-19 13:00:00.0,Intermediário
1.66694,1.67943,2002-08-19 13:30:00.0,Intermediário
1.66448,1.67696,2002-08-19 14:00:00.0,Intermediário
1.66356,1.67603,2002-08-19 14:30:00.0,Intermediário
1.66626,1.67875,2002-08-19 15:00:00.0,Intermediário
1.6729,1.68814,2002-08-19 15:30:00.0,Intermediário
1.67684,1.69211,2002-08-19 16:00:00.0,Intermediário
1.67715,1.69242,2002-08-19 16:30:00.0,Fechamento Interbancário
1.68631,1.69154,2002-08-19 17:48:00.0,Fechamento
1.67682,1.69211,2002-08-20 09:44:00.0,Abertura
1.66923,1.68172,2002-08-20 10:00:00.0,Intermediário
1.66739,1.67988,2002-08-20 10:30:00.0,Intermediário
1.67222,1.68474,2002-08-20 11:00:00.0,Intermediário
1.6836,1.69564,2002-08-20 11:30:00.0,Intermediário
1.67528,1.68673,2002-08-20 12:00:00.0,Intermediário
1.67862,1.69392,2002-08-20 12:30:00.0,Intermediário
1.68275,1.69697,2002-08-20 13:00:00.0,Intermediário
1.68336,1.69759,2002-08-20 13:30:00.0,Intermediário
1.68367,1.6979,2002-08-20 14:00:00.0,Intermediário
1.68367,1.6979,2002-08-20 14:33:00.0,Intermediário
1.69318,1.70472,2002-08-20 15:00:00.0,Intermediário
1.69529,1.70794,2002-08-20 15:30:00.0,Intermediário
1.68618,1.70152,2002-08-20 16:00:00.0,Intermediário
1.6868,1.6994,2002-08-20 16:30:00.0,Fechamento Interbancário
1.68897,1.69419,2002-08-20 17:39:00.0,Fechamento
1.66284,1.67803,2002-08-21 09:56:00.0,Abertura
1.6604,1.67557,2002-08-21 10:00:00.0,Intermediário
1.65704,1.66947,2002-08-21 10:30:00.0,Intermediário
1.67179,1.68376,2002-08-21 11:00:00.0,Intermediário
1.67056,1.68253,2002-08-21 11:30:00.0,Intermediário
1.67056,1.68416,2002-08-21 12:00:00.0,Intermediário
1.67085,1.685,2002-08-21 12:30:00.0,Intermediário
1.67037,1.68288,2002-08-21 13:00:00.0,Intermediário
1.66823,1.68072,2002-08-21 13:30:00.0,Intermediário
1.67037,1.68288,2002-08-21 14:00:00.0,Intermediário
1.66976,1.68227,2002-08-21 14:30:00.0,Intermediário
1.66745,1.68103,2002-08-21 15:00:00.0,Intermediário
1.67372,1.6868,2002-08-21 15:30:00.0,Intermediário
1.67155,1.68407,2002-08-21 16:00:00.0,Intermediário
1.67309,1.68562,2002-08-21 16:30:00.0,Fechamento Interbancário
1.67546,1.68065,2002-08-21 17:40:00.0,Fechamento
1.6749,1.69015,2002-08-22 09:44:00.0,Abertura
1.6806,1.6986,2002-08-22 10:00:00.0,Intermediário
1.67697,1.68952,2002-08-22 10:30:00.0,Intermediário
1.68209,1.69412,2002-08-22 11:00:00.0,Intermediário
1.68579,1.69839,2002-08-22 11:30:00.0,Intermediário
1.6966,1.70926,2002-08-22 12:00:00.0,Intermediário
1.71186,1.72461,2002-08-22 12:30:00.0,Intermediário
1.70537,1.71808,2002-08-22 13:00:00.0,Intermediário
1.70429,1.717,2002-08-22 13:30:00.0,Intermediário
1.70334,1.71605,2002-08-22 14:00:00.0,Intermediário
1.70334,1.71605,2002-08-22 14:30:00.0,Intermediário
1.70659,1.72094,2002-08-22 15:00:00.0,Intermediário
1.69593,1.70751,2002-08-22 15:30:00.0,Intermediário
1.69176,1.70548,2002-08-22 16:00:00.0,Intermediário
1.69315,1.70579,2002-08-22 16:30:00.0,Fechamento Interbancário
1.70057,1.70585,2002-08-22 17:41:00.0,Fechamento
1.70343,1.71886,2002-08-23 09:51:00.0,Abertura
1.69775,1.71315,2002-08-23 10:00:00.0,Intermediário
1.69619,1.70885,2002-08-23 10:30:00.0,Intermediário
1.69598,1.70864,2002-08-23 11:00:00.0,Intermediário
1.69598,1.70809,2002-08-23 11:30:00.0,Intermediário
1.69357,1.70513,2002-08-23 12:00:00.0,Intermediário
1.69148,1.70575,2002-08-23 12:30:00.0,Intermediário
1.67768,1.69133,2002-08-23 13:00:00.0,Intermediário
1.67737,1.69102,2002-08-23 13:30:00.0,Intermediário
1.67706,1.69071,2002-08-23 14:00:00.0,Intermediário
1.67614,1.68977,2002-08-23 14:30:00.0,Intermediário
1.67421,1.68674,2002-08-23 15:00:00.0,Intermediário
1.67784,1.69203,2002-08-23 15:30:00.0,Intermediário
1.68287,1.69491,2002-08-23 16:01:00.0,Intermediário
1.68659,1.6992,2002-08-23 16:41:00.0,Fechamento Interbancário
1.69065,1.69589,2002-08-23 17:51:00.0,Fechamento
1.67575,1.69102,2002-08-26 09:56:00.0,Abertura
1.67451,1.68977,2002-08-26 10:00:00.0,Intermediário
1.66841,1.68145,2002-08-26 10:30:00.0,Intermediário
1.66725,1.67811,2002-08-26 11:00:00.0,Intermediário
1.67018,1.6816,2002-08-26 11:30:00.0,Intermediário
1.66684,1.67823,2002-08-26 12:00:00.0,Intermediário
1.66056,1.67138,2002-08-26 12:30:00.0,Intermediário
1.66643,1.67892,2002-08-26 13:00:00.0,Intermediário
1.66537,1.6784,2002-08-26 13:30:00.0,Intermediário
1.66507,1.67809,2002-08-26 14:00:00.0,Intermediário
1.66599,1.67902,2002-08-26 14:30:00.0,Intermediário
1.66792,1.68041,2002-08-26 15:00:00.0,Intermediário
1.67334,1.68478,2002-08-26 15:30:00.0,Intermediário
1.67575,1.68992,2002-08-26 16:00:00.0,Intermediário
1.67575,1.68829,2002-08-26 16:31:00.0,Fechamento Interbancário
1.67513,1.68033,2002-08-26 17:51:00.0,Fechamento
1.68076,1.6961,2002-08-27 09:41:00.0,Abertura
1.68297,1.69555,2002-08-27 10:00:00.0,Intermediário
1.69247,1.70511,2002-08-27 10:30:00.0,Intermediário
1.69836,1.71103,2002-08-27 11:00:00.0,Intermediário
1.70088,1.71189,2002-08-27 11:36:00.0,Intermediário
1.6945,1.70603,2002-08-27 12:00:00.0,Intermediário
1.69364,1.70572,2002-08-27 12:30:00.0,Intermediário
1.69272,1.70368,2002-08-27 13:00:00.0,Intermediário
1.69541,1.70695,2002-08-27 13:30:00.0,Intermediário
1.6945,1.70603,2002-08-27 14:00:00.0,Intermediário
1.6945,1.70603,2002-08-27 14:30:00.0,Intermediário
1.71887,1.73166,2002-08-27 15:00:00.0,Intermediário
1.73087,1.74372,2002-08-27 15:30:00.0,Intermediário
1.73087,1.74372,2002-08-27 16:00:00.0,Intermediário
1.73118,1.74403,2002-08-27 16:32:00.0,Fechamento Interbancário
1.71389,1.71915,2002-08-27 17:45:00.0,Fechamento
1.71453,1.73006,2002-08-28 09:55:00.0,Abertura
1.7136,1.72801,2002-08-28 10:00:00.0,Intermediário
1.71942,1.73221,2002-08-28 10:30:00.0,Intermediário
1.7243,1.73601,2002-08-28 11:00:00.0,Intermediário
1.71631,1.72908,2002-08-28 11:30:00.0,Intermediário
1.71496,1.72607,2002-08-28 12:00:00.0,Intermediário
1.71661,1.72994,2002-08-28 12:30:00.0,Intermediário
1.72039,1.73263,2002-08-28 13:00:00.0,Intermediário
1.71953,1.73122,2002-08-28 13:30:00.0,Intermediário
1.7186,1.73027,2002-08-28 14:00:00.0,Intermediário
1.7186,1.73027,2002-08-28 14:30:00.0,Intermediário
1.71348,1.72568,2002-08-28 15:00:00.0,Intermediário
1.71661,1.72939,2002-08-28 15:30:00.0,Intermediário
1.71449,1.72725,2002-08-28 16:00:00.0,Intermediário
1.71583,1.72804,2002-08-28 16:30:00.0,Fechamento Interbancário
1.72167,1.72696,2002-08-28 17:51:00.0,Fechamento
1.72894,1.74455,2002-08-29 09:52:00.0,Abertura
1.72786,1.74291,2002-08-29 10:00:00.0,Intermediário
1.73556,1.74844,2002-08-29 10:30:00.0,Intermediário
1.73076,1.74196,2002-08-29 11:00:00.0,Intermediário
1.72589,1.73817,2002-08-29 11:30:00.0,Intermediário
1.72299,1.7347,2002-08-29 12:00:00.0,Intermediário
1.72259,1.73485,2002-08-29 12:30:00.0,Intermediário
1.72368,1.7365,2002-08-29 13:00:00.0,Intermediário
1.71781,1.73059,2002-08-29 13:30:00.0,Intermediário
1.71843,1.73122,2002-08-29 14:00:00.0,Intermediário
1.71781,1.73059,2002-08-29 14:30:00.0,Intermediário
1.69613,1.70878,2002-08-29 15:00:00.0,Intermediário
1.68966,1.70338,2002-08-29 15:30:00.0,Intermediário
1.68697,1.70067,2002-08-29 16:00:00.0,Intermediário
1.68923,1.70295,2002-08-29 16:30:00.0,Fechamento Interbancário
1.72528,1.73057,2002-08-29 18:04:00.0,Fechamento
1.68096,1.69629,2002-08-30 09:47:00.0,Abertura
1.66401,1.67924,2002-08-30 10:00:00.0,Intermediário
1.67258,1.68509,2002-08-30 10:30:00.0,Intermediário
1.67117,1.68312,2002-08-30 11:00:00.0,Intermediário
1.6677,1.68019,2002-08-30 11:30:00.0,Intermediário
1.66498,1.6769,2002-08-30 12:00:00.0,Intermediário
1.65952,1.67085,2002-08-30 12:30:00.0,Intermediário
1.64216,1.6545,2002-08-30 13:00:00.0,Intermediário
1.64426,1.66213,2002-08-30 13:30:00.0,Intermediário
1.64455,1.66243,2002-08-30 14:00:00.0,Intermediário
1.64426,1.66213,2002-08-30 14:30:00.0,Intermediário
1.6427,1.65615,2002-08-30 15:00:00.0,Intermediário
1.643,1.65535,2002-08-30 15:30:00.0,Intermediário
1.6485,1.66143,2002-08-30 16:00:00.0,Intermediário
1.65015,1.66364,2002-08-30 16:30:00.0,Fechamento Interbancário
1.66431,1.66945,2002-08-30 17:56:00.0,Fechamento
1.64844,1.66358,2002-09-02 09:54:00.0,Abertura
1.65134,1.66484,2002-09-02 10:00:00.0,Intermediário
1.65855,1.67098,2002-09-02 10:30:00.0,Intermediário
1.66374,1.6751,2002-09-02 11:00:00.0,Intermediário
1.6674,1.67989,2002-09-02 11:30:00.0,Intermediário
1.66952,1.68202,2002-09-02 12:00:00.0,Intermediário
1.66746,1.67883,2002-09-02 12:30:00.0,Intermediário
1.67208,1.68404,2002-09-02 13:00:00.0,Intermediário
1.67087,1.68282,2002-09-02 13:30:00.0,Intermediário
1.66966,1.6816,2002-09-02 14:00:00.0,Intermediário
1.66996,1.68191,2002-09-02 14:30:00.0,Intermediário
1.67381,1.68412,2002-09-02 15:00:00.0,Intermediário
1.67626,1.68769,2002-09-02 15:30:00.0,Intermediário
1.68373,1.69575,2002-09-02 16:00:00.0,Intermediário
1.68373,1.69575,2002-09-02 16:30:00.0,Fechamento Interbancário
1.6699,1.67505,2002-09-02 17:41:00.0,Fechamento
1.68727,1.70263,2002-09-03 09:51:00.0,Abertura
1.68635,1.70005,2002-09-03 10:00:00.0,Intermediário
1.69727,1.70937,2002-09-03 10:30:00.0,Intermediário
1.69854,1.7101,2002-09-03 11:00:00.0,Intermediário
1.6974,1.70951,2002-09-03 11:30:00.0,Intermediário
1.6888,1.70141,2002-09-03 12:00:00.0,Intermediário
1.68958,1.7022,2002-09-03 12:30:00.0,Intermediário
1.69107,1.70205,2002-09-03 13:00:00.0,Intermediário
1.69231,1.7033,2002-09-03 13:30:00.0,Intermediário
1.69386,1.70485,2002-09-03 14:00:00.0,Intermediário
1.69509,1.70609,2002-09-03 14:30:00.0,Intermediário
1.69421,1.70686,2002-09-03 15:05:00.0,Intermediário
1.70087,1.71356,2002-09-03 15:30:00.0,Intermediário
1.69564,1.70664,2002-09-03 16:00:00.0,Intermediário
1.69462,1.70561,2002-09-03 16:30:00.0,Fechamento Interbancário
1.69902,1.70426,2002-09-03 17:41:00.0,Fechamento
1.69544,1.71083,2002-09-04 09:55:00.0,Abertura
1.69179,1.70716,2002-09-04 10:00:00.0,Intermediário
1.71049,1.72323,2002-09-04 10:30:00.0,Intermediário
1.70748,1.71911,2002-09-04 11:00:00.0,Intermediário
1.70746,1.71909,2002-09-04 11:30:00.0,Intermediário
1.70219,1.71653,2002-09-04 12:00:00.0,Intermediário
1.70228,1.71442,2002-09-04 12:30:00.0,Intermediário
1.70025,1.71294,2002-09-04 13:00:00.0,Intermediário
1.69963,1.71231,2002-09-04 13:30:00.0,Intermediário
1.69807,1.71074,2002-09-04 14:00:00.0,Intermediário
1.70056,1.71325,2002-09-04 14:30:00.0,Intermediário
1.69568,1.70888,2002-09-04 15:00:00.0,Intermediário
1.68736,1.69997,2002-09-04 15:30:00.0,Intermediário
1.69032,1.70294,2002-09-04 16:00:00.0,Intermediário
1.69001,1.70536,2002-09-04 16:30:00.0,Fechamento Interbancário
1.70811,1.71339,2002-09-04 17:43:00.0,Fechamento
1.70966,1.72513,2002-09-05 09:42:00.0,Abertura
1.69773,1.71149,2002-09-05 10:07:00.0,Intermediário
1.69993,1.71099,2002-09-05 10:30:00.0,Intermediário
1.70097,1.71257,2002-09-05 11:00:00.0,Intermediário
1.6963,1.7095,2002-09-05 11:30:00.0,Intermediário
1.70285,1.71392,2002-09-05 12:00:00.0,Intermediário
1.70263,1.7137,2002-09-05 12:30:00.0,Intermediário
1.69754,1.7102,2002-09-05 13:00:00.0,Intermediário
1.69534,1.708,2002-09-05 13:30:00.0,Intermediário
1.69848,1.71115,2002-09-05 14:00:00.0,Intermediário
1.69879,1.71147,2002-09-05 14:30:00.0,Intermediário
1.70024,1.71129,2002-09-05 15:00:00.0,Intermediário
1.70163,1.71324,2002-09-05 15:30:00.0,Intermediário
1.70393,1.7161,2002-09-05 16:00:00.0,Intermediário
1.70263,1.7137,2002-09-05 16:30:00.0,Fechamento Interbancário
1.71044,1.71574,2002-09-05 17:39:00.0,Fechamento
1.72432,1.73988,2002-09-06 10:09:00.0,Abertura
1.72704,1.74262,2002-09-06 10:11:00.0,Intermediário
1.72623,1.73797,2002-09-06 10:30:00.0,Intermediário
1.7256,1.73733,2002-09-06 11:00:00.0,Intermediário
1.73063,1.74185,2002-09-06 11:30:00.0,Intermediário
1.72864,1.73984,2002-09-06 12:00:00.0,Intermediário
1.7338,1.74558,2002-09-06 12:30:00.0,Intermediário
1.73035,1.74156,2002-09-06 13:00:00.0,Intermediário
1.72994,1.74061,2002-09-06 13:30:00.0,Intermediário
1.73121,1.74188,2002-09-06 14:00:00.0,Intermediário
1.73343,1.7441,2002-09-06 14:30:00.0,Intermediário
1.72561,1.73789,2002-09-06 15:00:00.0,Intermediário
1.72305,1.73641,2002-09-06 15:30:00.0,Intermediário
1.725,1.73673,2002-09-06 16:00:00.0,Intermediário
1.72406,1.73578,2002-09-06 16:30:00.0,Fechamento Interbancário
1.74008,1.74544,2002-09-06 17:40:00.0,Fechamento
1.72894,1.74453,2002-09-09 09:54:00.0,Abertura
1.72191,1.73855,2002-09-09 10:00:00.0,Intermediário
1.70851,1.72123,2002-09-09 10:30:00.0,Intermediário
1.72279,1.73451,2002-09-09 11:00:00.0,Intermediário
1.71757,1.7298,2002-09-09 11:30:00.0,Intermediário
1.71571,1.72738,2002-09-09 12:00:00.0,Intermediário
1.70962,1.72126,2002-09-09 12:30:00.0,Intermediário
1.69816,1.71193,2002-09-09 13:00:00.0,Intermediário
1.69957,1.71224,2002-09-09 13:30:00.0,Intermediário
1.70081,1.71349,2002-09-09 14:00:00.0,Intermediário
1.70205,1.71474,2002-09-09 14:30:00.0,Intermediário
1.69034,1.70241,2002-09-09 15:00:00.0,Intermediário
1.68768,1.69918,2002-09-09 15:30:00.0,Intermediário
1.69376,1.70695,2002-09-09 16:00:00.0,Intermediário
1.69376,1.7053,2002-09-09 16:30:00.0,Fechamento Interbancário
1.71054,1.71582,2002-09-09 17:43:00.0,Fechamento
1.70014,1.71557,2002-09-10 09:44:00.0,Abertura
1.69487,1.70588,2002-09-10 10:00:00.0,Intermediário
1.70205,1.71309,2002-09-10 10:30:00.0,Intermediário
1.70291,1.7145,2002-09-10 11:00:00.0,Intermediário
1.70611,1.71718,2002-09-10 11:30:00.0,Intermediário
1.70112,1.7127,2002-09-10 12:00:00.0,Intermediário
1.71197,1.72361,2002-09-10 12:30:00.0,Intermediário
1.71477,1.72699,2002-09-10 13:00:00.0,Intermediário
1.71672,1.72785,2002-09-10 13:30:00.0,Intermediário
1.71453,1.72565,2002-09-10 14:00:00.0,Intermediário
1.71641,1.72754,2002-09-10 14:30:00.0,Intermediário
1.72118,1.73343,2002-09-10 15:00:00.0,Intermediário
1.72086,1.73201,2002-09-10 15:30:00.0,Intermediário
1.71329,1.72495,2002-09-10 16:00:00.0,Intermediário
1.71415,1.72526,2002-09-10 16:30:00.0,Fechamento Interbancário
1.71615,1.72144,2002-09-10 17:39:00.0,Fechamento
1.70783,1.7233,2002-09-11 09:36:00.0,Abertura
1.70877,1.7204,2002-09-11 10:00:00.0,Intermediário
1.70674,1.71725,2002-09-11 10:30:00.0,Intermediário
1.70135,1.71404,2002-09-11 11:00:00.0,Intermediário
1.69932,1.71035,2002-09-11 11:30:00.0,Intermediário
1.69293,1.70556,2002-09-11 12:00:00.0,Intermediário
1.69799,1.70901,2002-09-11 12:30:00.0,Intermediário
1.69721,1.70932,2002-09-11 13:00:00.0,Intermediário
1.69721,1.70932,2002-09-11 13:30:00.0,Intermediário
1.69783,1.70994,2002-09-11 14:00:00.0,Intermediário
1.69752,1.70963,2002-09-11 14:30:00.0,Intermediário
1.69759,1.7097,2002-09-11 15:00:00.0,Intermediário
1.69894,1.70996,2002-09-11 15:30:00.0,Intermediário
1.69526,1.70791,2002-09-11 16:00:00.0,Intermediário
1.69681,1.70892,2002-09-11 16:30:00.0,Fechamento Interbancário
1.70683,1.71209,2002-09-11 17:47:00.0,Fechamento
1.72042,1.73599,2002-09-12 09:56:00.0,Abertura
1.72114,1.73283,2002-09-12 10:00:00.0,Intermediário
1.72452,1.73568,2002-09-12 10:30:00.0,Intermediário
1.72265,1.73435,2002-09-12 11:00:00.0,Intermediário
1.72045,1.73158,2002-09-12 11:34:00.0,Intermediário
1.71803,1.72915,2002-09-12 12:00:00.0,Intermediário
1.71128,1.72237,2002-09-12 12:30:00.0,Intermediário
1.71159,1.72268,2002-09-12 13:00:00.0,Intermediário
1.71453,1.72563,2002-09-12 13:30:00.0,Intermediário
1.71422,1.72531,2002-09-12 14:00:00.0,Intermediário
1.71205,1.72313,2002-09-12 14:30:00.0,Intermediário
1.71856,1.72968,2002-09-12 15:00:00.0,Intermediário
1.72076,1.73189,2002-09-12 15:30:00.0,Intermediário
1.72122,1.73235,2002-09-12 16:00:00.0,Intermediário
1.72256,1.7337,2002-09-12 16:30:00.0,Fechamento Interbancário
1.72559,1.73088,2002-09-12 17:37:00.0,Fechamento
1.73289,1.74852,2002-09-13 09:58:00.0,Abertura
1.73257,1.74544,2002-09-13 10:00:00.0,Intermediário
1.72919,1.74093,2002-09-13 10:30:00.0,Intermediário
1.73108,1.74228,2002-09-13 11:00:00.0,Intermediário
1.72809,1.73983,2002-09-13 11:30:00.0,Intermediário
1.72645,1.73707,2002-09-13 12:00:00.0,Intermediário
1.73006,1.74125,2002-09-13 12:30:00.0,Intermediário
1.72613,1.73731,2002-09-13 13:00:00.0,Intermediário
1.72551,1.73668,2002-09-13 13:30:00.0,Intermediário
1.72582,1.73699,2002-09-13 14:00:00.0,Intermediário
1.72488,1.73605,2002-09-13 14:30:00.0,Intermediário
1.72652,1.73825,2002-09-13 15:00:00.0,Intermediário
1.73021,1.7414,2002-09-13 15:30:00.0,Intermediário
1.73398,1.74519,2002-09-13 16:00:00.0,Intermediário
1.73366,1.74488,2002-09-13 16:30:00.0,Fechamento Interbancário
1.73436,1.73969,2002-09-13 17:37:00.0,Fechamento
1.73291,1.74853,2002-09-16 09:38:00.0,Abertura
1.73693,1.74873,2002-09-16 10:00:00.0,Intermediário
1.73711,1.74945,2002-09-16 10:30:00.0,Intermediário
1.73587,1.74821,2002-09-16 11:00:00.0,Intermediário
1.7448,1.75609,2002-09-16 11:30:00.0,Intermediário
1.74649,1.75779,2002-09-16 12:00:00.0,Intermediário
1.74512,1.75861,2002-09-16 12:30:00.0,Intermediário
1.74653,1.75838,2002-09-16 13:00:00.0,Intermediário
1.74512,1.75641,2002-09-16 13:30:00.0,Intermediário
1.74576,1.75705,2002-09-16 14:00:00.0,Intermediário
1.74544,1.75673,2002-09-16 14:30:00.0,Intermediário
1.75781,1.76972,2002-09-16 15:00:00.0,Intermediário
1.75812,1.77004,2002-09-16 15:30:00.0,Intermediário
1.75881,1.77128,2002-09-16 16:00:00.0,Intermediário
1.75679,1.76815,2002-09-16 16:30:00.0,Fechamento Interbancário
1.74593,1.75131,2002-09-16 17:39:00.0,Fechamento
1.75011,1.76583,2002-09-17 09:43:00.0,Abertura
1.75166,1.76409,2002-09-17 10:00:00.0,Intermediário
1.73903,1.75084,2002-09-17 10:30:00.0,Intermediário
1.75236,1.7637,2002-09-17 11:00:00.0,Intermediário
1.76491,1.77633,2002-09-17 11:30:00.0,Intermediário
1.76489,1.77795,2002-09-17 12:00:00.0,Intermediário
1.75923,1.77116,2002-09-17 12:30:00.0,Intermediário
1.76042,1.7729,2002-09-17 13:00:00.0,Intermediário
1.75881,1.77129,2002-09-17 13:30:00.0,Intermediário
1.75946,1.77193,2002-09-17 14:00:00.0,Intermediário
1.76139,1.77387,2002-09-17 14:30:00.0,Intermediário
1.76553,1.77694,2002-09-17 15:00:00.0,Intermediário
1.7701,1.78154,2002-09-17 15:30:00.0,Intermediário
1.77068,1.78212,2002-09-17 16:00:00.0,Intermediário
1.77221,1.78422,2002-09-17 16:30:00.0,Fechamento Interbancário
1.76522,1.77065,2002-09-17 17:43:00.0,Fechamento
1.79746,1.81345,2002-09-18 09:58:00.0,Abertura
1.79549,1.80927,2002-09-18 10:00:00.0,Intermediário
1.79899,1.81059,2002-09-18 10:30:00.0,Intermediário
1.80008,1.81499,2002-09-18 11:00:00.0,Intermediário
1.81483,1.82873,2002-09-18 11:30:00.0,Intermediário
1.83213,1.84668,2002-09-18 12:00:00.0,Intermediário
1.82502,1.83898,2002-09-18 12:30:00.0,Intermediário
1.82766,1.84108,2002-09-18 13:00:00.0,Intermediário
1.82666,1.84008,2002-09-18 13:30:00.0,Intermediário
1.82566,1.83907,2002-09-18 14:00:00.0,Intermediário
1.82633,1.83974,2002-09-18 14:30:00.0,Intermediário
1.82119,1.83458,2002-09-18 15:00:00.0,Intermediário
1.83693,1.85041,2002-09-18 15:30:00.0,Intermediário
1.83213,1.84558,2002-09-18 16:00:00.0,Intermediário
1.83313,1.84659,2002-09-18 16:30:00.0,Fechamento Interbancário
1.82253,1.82812,2002-09-18 17:41:00.0,Fechamento
1.84241,1.85869,2002-09-19 09:44:00.0,Abertura
1.83941,1.8529,2002-09-19 10:00:00.0,Intermediário
1.83259,1.84494,2002-09-19 10:30:00.0,Intermediário
1.83929,1.85223,2002-09-19 11:00:00.0,Intermediário
1.84854,1.86153,2002-09-19 11:30:00.0,Intermediário
1.85562,1.8692,2002-09-19 12:00:00.0,Intermediário
1.86589,1.87953,2002-09-19 12:30:00.0,Intermediário
1.87269,1.88582,2002-09-19 13:00:00.0,Intermediário
1.87379,1.88638,2002-09-19 13:30:00.0,Intermediário
1.87447,1.88706,2002-09-19 14:00:00.0,Intermediário
1.87447,1.88706,2002-09-19 14:30:00.0,Intermediário
1.87515,1.88885,2002-09-19 15:00:00.0,Intermediário
1.88167,1.89707,2002-09-19 15:30:00.0,Intermediário
1.8889,1.90655,2002-09-19 16:00:00.0,Intermediário
1.89096,1.90475,2002-09-19 16:30:00.0,Fechamento Interbancário
1.85966,1.86534,2002-09-19 17:59:00.0,Fechamento
1.87553,1.89198,2002-09-20 09:52:00.0,Abertura
1.86563,1.87928,2002-09-20 10:00:00.0,Intermediário
1.85404,1.87037,2002-09-20 10:30:00.0,Intermediário
1.86673,1.88093,2002-09-20 11:00:00.0,Intermediário
1.87962,1.89609,2002-09-20 11:30:00.0,Intermediário
1.88602,1.90088,2002-09-20 12:00:00.0,Intermediário
1.88493,1.89759,2002-09-20 12:30:00.0,Intermediário
1.87218,1.88586,2002-09-20 13:00:00.0,Intermediário
1.87115,1.88483,2002-09-20 13:30:00.0,Intermediário
1.87184,1.88552,2002-09-20 14:00:00.0,Intermediário
1.86978,1.88346,2002-09-20 14:30:00.0,Intermediário
1.87346,1.88715,2002-09-20 15:00:00.0,Intermediário
1.85821,1.87236,2002-09-20 15:30:00.0,Intermediário
1.85133,1.86435,2002-09-20 16:00:00.0,Intermediário
1.85201,1.86558,2002-09-20 16:30:00.0,Fechamento Interbancário
1.87152,1.87726,2002-09-20 17:53:00.0,Fechamento
1.912,1.92866,2002-09-23 09:44:00.0,Abertura
1.9085,1.92788,2002-09-23 10:00:00.0,Intermediário
1.92544,1.94218,2002-09-23 10:30:00.0,Intermediário
1.91799,1.93468,2002-09-23 11:00:00.0,Intermediário
1.91824,1.93493,2002-09-23 11:30:00.0,Intermediário
1.92215,1.93722,2002-09-23 12:00:00.0,Intermediário
1.93164,1.94513,2002-09-23 12:30:00.0,Intermediário
1.9349,1.95169,2002-09-23 13:00:00.0,Intermediário
1.93454,1.95133,2002-09-23 13:30:00.0,Intermediário
1.92993,1.94668,2002-09-23 14:00:00.0,Intermediário
1.93028,1.94704,2002-09-23 14:30:00.0,Intermediário
1.91838,1.93506,2002-09-23 15:00:00.0,Intermediário
1.91618,1.92959,2002-09-23 15:30:00.0,Intermediário
1.92921,1.94596,2002-09-23 16:00:00.0,Intermediário
1.93192,1.94869,2002-09-23 16:30:00.0,Fechamento Interbancário
1.92733,1.93324,2002-09-23 17:42:00.0,Fechamento
1.95141,1.96829,2002-09-24 09:57:00.0,Abertura
1.95775,1.97194,2002-09-24 10:00:00.0,Intermediário
1.94762,1.96121,2002-09-24 10:30:00.0,Intermediário
1.94834,1.96247,2002-09-24 11:00:00.0,Intermediário
1.9552,1.96774,2002-09-24 11:30:00.0,Intermediário
1.95738,1.96992,2002-09-24 12:00:00.0,Intermediário
1.95972,1.97557,2002-09-24 12:30:00.0,Intermediário
1.95683,1.96938,2002-09-24 13:00:00.0,Intermediário
1.95756,1.97175,2002-09-24 13:30:00.0,Intermediário
1.9572,1.97138,2002-09-24 14:00:00.0,Intermediário
1.9572,1.97138,2002-09-24 14:30:00.0,Intermediário
1.97584,1.99013,2002-09-24 15:00:00.0,Intermediário
2.00767,2.02215,2002-09-24 15:30:00.0,Intermediário
2.05108,2.06854,2002-09-24 16:00:00.0,Intermediário
2.04678,2.06422,2002-09-24 16:30:00.0,Fechamento Interbancário
1.97054,1.97657,2002-09-24 18:53:00.0,Fechamento
2.00034,2.01751,2002-09-25 09:54:00.0,Abertura
2.0074,2.02461,2002-09-25 10:00:00.0,Intermediário
2.0297,2.0465,2002-09-25 10:30:00.0,Intermediário
2.05092,2.07386,2002-09-25 11:00:00.0,Intermediário
2.03113,2.05122,2002-09-25 11:30:00.0,Intermediário
2.03031,2.04601,2002-09-25 12:00:00.0,Intermediário
2.03412,2.04821,2002-09-25 12:30:00.0,Intermediário
2.0126,2.02984,2002-09-25 13:00:00.0,Intermediário
2.01075,2.02798,2002-09-25 13:30:00.0,Intermediário
2.01038,2.02761,2002-09-25 14:00:00.0,Intermediário
2.01223,2.02947,2002-09-25 14:30:00.0,Intermediário
1.99233,2.00672,2002-09-25 15:00:00.0,Intermediário
2.0018,2.01899,2002-09-25 15:30:00.0,Intermediário
1.9929,2.00729,2002-09-25 16:00:00.0,Intermediário
1.99619,2.0106,2002-09-25 16:30:00.0,Fechamento Interbancário
2.03315,2.03935,2002-09-25 17:44:00.0,Fechamento
2.00496,2.02215,2002-09-26 09:39:00.0,Abertura
2.01778,2.03505,2002-09-26 10:00:00.0,Intermediário
2.02083,2.03539,2002-09-26 10:30:00.0,Intermediário
2.03676,2.05523,2002-09-26 11:00:00.0,Intermediário
2.05409,2.06885,2002-09-26 11:30:00.0,Intermediário
2.0386,2.0549,2002-09-26 12:00:00.0,Intermediário
2.0347,2.05043,2002-09-26 12:30:00.0,Intermediário
2.04247,2.05716,2002-09-26 13:00:00.0,Intermediário
2.04431,2.05901,2002-09-26 13:30:00.0,Intermediário
2.04281,2.0575,2002-09-26 14:00:00.0,Intermediário
2.04281,2.0575,2002-09-26 14:30:00.0,Intermediário
2.05296,2.06771,2002-09-26 15:00:00.0,Intermediário
2.03863,2.0533,2002-09-26 15:30:00.0,Intermediário
2.03392,2.04746,2002-09-26 16:00:00.0,Intermediário
2.03779,2.05409,2002-09-26 17:13:00.0,Fechamento Interbancário
2.04092,2.04715,2002-09-26 17:43:00.0,Fechamento
2.08275,2.1004,2002-09-27 09:46:00.0,Abertura
2.07545,2.09306,2002-09-27 10:00:00.0,Intermediário
2.07931,2.09421,2002-09-27 10:30:00.0,Intermediário
2.09641,2.11414,2002-09-27 11:00:00.0,Intermediário
2.09757,2.11257,2002-09-27 11:30:00.0,Intermediário
2.0941,2.10963,2002-09-27 12:00:00.0,Intermediário
2.09385,2.10829,2002-09-27 12:30:00.0,Intermediário
2.08168,2.09933,2002-09-27 13:00:00.0,Intermediário
2.08321,2.10087,2002-09-27 13:30:00.0,Intermediário
2.07862,2.09625,2002-09-27 14:00:00.0,Intermediário
2.07977,2.09741,2002-09-27 14:30:00.0,Intermediário
2.10069,2.11572,2002-09-27 15:00:00.0,Intermediário
2.10069,2.11572,2002-09-27 15:30:00.0,Intermediário
2.09875,2.1165,2002-09-27 16:00:00.0,Intermediário
2.09798,2.11299,2002-09-27 16:30:00.0,Fechamento Interbancário
2.09399,2.10038,2002-09-27 17:42:00.0,Fechamento
2.13445,2.15241,2002-09-30 09:36:00.0,Abertura
2.13434,2.1512,2002-09-30 10:00:00.0,Intermediário
2.14025,2.15551,2002-09-30 10:30:00.0,Intermediário
2.13518,2.15314,2002-09-30 11:00:00.0,Intermediário
2.12933,2.14453,2002-09-30 11:30:00.0,Intermediário
2.11385,2.13005,2002-09-30 12:00:00.0,Intermediário
2.06935,2.08692,2002-09-30 12:30:00.0,Intermediário
2.0558,2.07057,2002-09-30 13:00:00.0,Intermediário
2.05851,2.07602,2002-09-30 13:30:00.0,Intermediário
2.05738,2.07488,2002-09-30 14:00:00.0,Intermediário
2.05624,2.07373,2002-09-30 14:30:00.0,Intermediário
2.05467,2.07106,2002-09-30 15:00:00.0,Intermediário
2.03339,2.05075,2002-09-30 15:30:00.0,Intermediário
2.02685,2.04145,2002-09-30 16:00:00.0,Intermediário
2.02909,2.04643,2002-09-30 16:30:00.0,Fechamento Interbancário
2.11383,2.12027,2002-09-30 18:06:00.0,Fechamento
2.0276,2.04492,2002-10-01 09:59:00.0,Abertura
2.02377,2.04107,2002-10-01 10:00:00.0,Intermediário
2.03693,2.05158,2002-10-01 10:30:00.0,Intermediário
2.04428,2.06171,2002-10-01 11:00:00.0,Intermediário
2.04045,2.05785,2002-10-01 11:30:00.0,Intermediário
2.02685,2.04145,2002-10-01 12:00:00.0,Intermediário
2.03693,2.0543,2002-10-01 12:30:00.0,Intermediário
1.99708,2.01423,2002-10-01 13:00:00.0,Intermediário
1.99708,2.01423,2002-10-01 13:30:00.0,Intermediário
1.99782,2.01497,2002-10-01 14:00:00.0,Intermediário
1.99929,2.01646,2002-10-01 14:30:00.0,Intermediário
1.95667,1.97085,2002-10-01 15:00:00.0,Intermediário
1.94511,1.95923,2002-10-01 15:30:00.0,Intermediário
1.94997,1.96958,2002-10-01 16:00:00.0,Intermediário
1.94619,1.96304,2002-10-01 16:30:00.0,Fechamento Interbancário
2.03862,2.04485,2002-10-01 18:01:00.0,Fechamento
1.94198,1.95881,2002-10-02 09:57:00.0,Abertura
1.94198,1.95881,2002-10-02 10:00:00.0,Intermediário
1.93962,1.95371,2002-10-02 10:30:00.0,Intermediário
1.95284,1.96974,2002-10-02 11:00:00.0,Intermediário
1.95556,1.97138,2002-10-02 11:30:00.0,Intermediário
1.94905,1.96592,2002-10-02 12:00:00.0,Intermediário
1.96407,1.9783,2002-10-02 12:30:00.0,Intermediário
1.9467,1.96082,2002-10-02 13:00:00.0,Intermediário
1.94706,1.96118,2002-10-02 13:30:00.0,Intermediário
1.94813,1.96226,2002-10-02 14:00:00.0,Intermediário
1.94777,1.9619,2002-10-02 14:30:00.0,Intermediário
1.93913,1.95594,2002-10-02 15:00:00.0,Intermediário
1.94619,1.96304,2002-10-02 15:30:00.0,Intermediário
1.97908,1.9934,2002-10-02 16:00:00.0,Intermediário
1.98143,1.99848,2002-10-02 16:30:00.0,Fechamento Interbancário
1.95315,1.95913,2002-10-02 17:49:00.0,Fechamento
1.98325,2.00032,2002-10-03 09:56:00.0,Abertura
1.98633,2.00888,2002-10-03 10:00:00.0,Intermediário
2.00408,2.01854,2002-10-03 10:30:00.0,Intermediário
2.02852,2.04312,2002-10-03 11:00:00.0,Intermediário
2.01643,2.03369,2002-10-03 11:30:00.0,Intermediário
2.02381,2.04003,2002-10-03 12:00:00.0,Intermediário
2.02124,2.0358,2002-10-03 12:30:00.0,Intermediário
2.00128,2.01846,2002-10-03 13:00:00.0,Intermediário
1.99872,2.01588,2002-10-03 13:30:00.0,Intermediário
1.99872,2.01588,2002-10-03 14:00:00.0,Intermediário
1.99872,2.01588,2002-10-03 14:30:00.0,Intermediário
1.99908,2.02447,2002-10-03 15:00:00.0,Intermediário
1.99908,2.01625,2002-10-03 15:30:00.0,Intermediário
2.01071,2.02795,2002-10-03 16:00:00.0,Intermediário
2.01307,2.03032,2002-10-03 16:30:00.0,Fechamento Interbancário
2.01835,2.0245,2002-10-03 17:43:00.0,Fechamento
2.01602,2.03329,2002-10-04 09:58:00.0,Abertura
2.00872,2.0232,2002-10-04 10:00:00.0,Intermediário
1.99074,2.00786,2002-10-04 10:30:00.0,Intermediário
1.99237,2.00676,2002-10-04 11:00:00.0,Intermediário
1.9958,2.00967,2002-10-04 11:30:00.0,Intermediário
1.99599,2.0104,2002-10-04 12:00:00.0,Intermediário
1.98492,1.99926,2002-10-04 12:30:00.0,Intermediário
1.97565,1.99269,2002-10-04 13:00:00.0,Intermediário
1.97638,1.99342,2002-10-04 13:30:00.0,Intermediário
1.97746,1.99451,2002-10-04 14:00:00.0,Intermediário
1.97638,1.99342,2002-10-04 14:30:00.0,Intermediário
1.992,2.00913,2002-10-04 15:00:00.0,Intermediário
1.98219,1.99926,2002-10-04 15:30:00.0,Intermediário
1.96311,1.97897,2002-10-04 16:00:00.0,Intermediário
1.96583,1.98281,2002-10-04 16:30:00.0,Fechamento Interbancário
1.99874,2.00484,2002-10-04 17:56:00.0,Fechamento
1.98189,1.99897,2002-10-07 09:56:00.0,Abertura
1.97735,1.9944,2002-10-07 10:00:00.0,Intermediário
2.02581,2.04315,2002-10-07 10:30:00.0,Intermediário
2.02012,2.04018,2002-10-07 11:00:00.0,Intermediário
2.01153,2.02878,2002-10-07 11:30:00.0,Intermediário
2.01537,2.03155,2002-10-07 12:00:00.0,Intermediário
2.01593,2.02879,2002-10-07 12:30:00.0,Intermediário
2.01556,2.03174,2002-10-07 13:00:00.0,Intermediário
2.01226,2.02842,2002-10-07 13:30:00.0,Intermediário
2.0141,2.03026,2002-10-07 14:00:00.0,Intermediário
2.01336,2.02952,2002-10-07 14:30:00.0,Intermediário
2.03858,2.05158,2002-10-07 15:00:00.0,Intermediário
2.02871,2.04883,2002-10-07 15:30:00.0,Intermediário
2.04205,2.05948,2002-10-07 16:00:00.0,Intermediário
2.04503,2.06247,2002-10-07 16:30:00.0,Fechamento Interbancário
2.03125,2.03742,2002-10-07 17:47:00.0,Fechamento
2.01024,2.02748,2002-10-08 09:55:00.0,Abertura
2.01224,2.02949,2002-10-08 10:00:00.0,Intermediário
2.02207,2.03938,2002-10-08 10:30:00.0,Intermediário
2.01497,2.03224,2002-10-08 11:00:00.0,Intermediário
2.0135,2.02801,2002-10-08 11:30:00.0,Intermediário
2.02494,2.03952,2002-10-08 12:00:00.0,Intermediário
2.01985,2.03715,2002-10-08 12:30:00.0,Intermediário
2.02804,2.04264,2002-10-08 13:00:00.0,Intermediário
2.02619,2.04077,2002-10-08 13:30:00.0,Intermediário
2.02656,2.04115,2002-10-08 14:00:00.0,Intermediário
2.02656,2.04115,2002-10-08 14:30:00.0,Intermediário
2.01602,2.03329,2002-10-08 15:00:00.0,Intermediário
2.01838,2.03292,2002-10-08 15:30:00.0,Intermediário
2.02656,2.04389,2002-10-08 16:00:00.0,Intermediário
2.02929,2.04663,2002-10-08 16:30:00.0,Fechamento Interbancário
2.02227,2.02844,2002-10-08 17:46:00.0,Fechamento
2.10438,2.12217,2002-10-09 09:54:00.0,Abertura
2.08917,2.11513,2002-10-09 10:00:00.0,Intermediário
2.1005,2.12101,2002-10-09 10:30:00.0,Intermediário
2.10716,2.12222,2002-10-09 11:00:00.0,Intermediário
2.11182,2.12965,2002-10-09 11:30:00.0,Intermediário
2.11298,2.13082,2002-10-09 12:00:00.0,Intermediário
2.10827,2.12333,2002-10-09 12:30:00.0,Intermediário
2.10515,2.12019,2002-10-09 13:00:00.0,Intermediário
2.1063,2.12135,2002-10-09 13:30:00.0,Intermediário
2.10323,2.11826,2002-10-09 14:00:00.0,Intermediário
2.10323,2.11826,2002-10-09 14:30:00.0,Intermediário
2.11182,2.12965,2002-10-09 15:00:00.0,Intermediário
2.11336,2.13121,2002-10-09 15:30:00.0,Intermediário
2.11259,2.13043,2002-10-09 16:00:00.0,Intermediário
2.11144,2.12927,2002-10-09 16:30:00.0,Fechamento Interbancário
2.11325,2.11966,2002-10-09 17:45:00.0,Fechamento
2.13097,2.14891,2002-10-10 09:57:00.0,Abertura
2.12044,2.14932,2002-10-10 10:00:00.0,Intermediário
2.14035,2.15835,2002-10-10 10:30:00.0,Intermediário
2.14347,2.16149,2002-10-10 11:00:00.0,Intermediário
2.13605,2.15403,2002-10-10 11:30:00.0,Intermediário
2.12903,2.14971,2002-10-10 12:00:00.0,Intermediário
2.13722,2.15246,2002-10-10 12:30:00.0,Intermediário
2.1462,2.16697,2002-10-10 13:00:00.0,Intermediário
2.15205,2.16737,2002-10-10 13:30:00.0,Intermediário
2.15048,2.16579,2002-10-10 14:00:00.0,Intermediário
2.15087,2.16618,2002-10-10 14:30:00.0,Intermediário
2.15166,2.16697,2002-10-10 15:00:00.0,Intermediário
2.16064,2.17601,2002-10-10 15:30:00.0,Intermediário
2.18175,2.19999,2002-10-10 16:00:00.0,Intermediário
2.17394,2.18939,2002-10-10 16:30:00.0,Fechamento Interbancário
2.15171,2.15823,2002-10-10 17:40:00.0,Fechamento
2.14308,2.1611,2002-10-11 10:00:00.0,Abertura
2.15051,2.16582,2002-10-11 10:06:00.0,Intermediário
2.15793,2.17603,2002-10-11 10:30:00.0,Intermediário
2.16966,2.18508,2002-10-11 11:00:00.0,Intermediário
2.17636,2.19458,2002-10-11 11:35:00.0,Intermediário
2.15796,2.17607,2002-10-11 12:07:00.0,Intermediário
2.15325,2.17133,2002-10-11 12:45:00.0,Intermediário
2.14778,2.16582,2002-10-11 13:07:00.0,Intermediário
2.14621,2.16425,2002-10-11 14:00:00.0,Intermediário
2.1513,2.16937,2002-10-11 15:29:00.0,Intermediário
2.15169,2.16976,2002-10-11 15:30:00.0,Intermediário
2.15718,2.17528,2002-10-11 15:33:00.0,Intermediário
2.09131,2.10903,2002-10-11 15:35:00.0,Intermediário
2.08865,2.10635,2002-10-11 16:08:00.0,Intermediário
2.08316,2.10635,2002-10-11 16:30:00.0,Fechamento Interbancário
2.15405,2.16057,2002-10-11 18:01:00.0,Fechamento
2.07368,2.09129,2002-10-14 09:53:00.0,Abertura
2.07179,2.09487,2002-10-14 10:00:00.0,Intermediário
2.09943,2.11993,2002-10-14 10:30:00.0,Intermediário
2.09905,2.1168,2002-10-14 11:00:00.0,Intermediário
2.11034,2.15559,2002-10-14 11:30:00.0,Intermediário
2.0858,2.10622,2002-10-14 12:27:00.0,Intermediário
2.08967,2.11835,2002-10-14 12:30:00.0,Intermediário
2.10527,2.12855,2002-10-14 13:00:00.0,Intermediário
2.10412,2.12464,2002-10-14 13:30:00.0,Intermediário
2.10296,2.12348,2002-10-14 14:00:00.0,Intermediário
2.10219,2.1227,2002-10-14 14:30:00.0,Intermediário
2.07217,2.10622,2002-10-14 15:00:00.0,Intermediário
2.09436,2.12032,2002-10-14 15:30:00.0,Intermediário
2.09359,2.11132,2002-10-14 16:00:00.0,Intermediário
2.09436,2.11758,2002-10-14 16:30:00.0,Fechamento Interbancário
2.11064,2.11705,2002-10-14 17:57:00.0,Fechamento
2.10408,2.12187,2002-10-15 09:46:00.0,Abertura
2.10139,2.11641,2002-10-15 10:00:00.0,Intermediário
2.10646,2.12425,2002-10-15 10:30:00.0,Intermediário
2.08035,2.10074,2002-10-15 11:00:00.0,Intermediário
2.09632,2.1168,2002-10-15 11:30:00.0,Intermediário
2.09982,2.11758,2002-10-15 12:00:00.0,Intermediário
2.10254,2.12032,2002-10-15 12:30:00.0,Intermediário
2.09436,2.11209,2002-10-15 13:00:00.0,Intermediário
2.09513,2.11286,2002-10-15 13:30:00.0,Intermediário
2.09475,2.11248,2002-10-15 14:00:00.0,Intermediário
2.09436,2.11209,2002-10-15 14:30:00.0,Intermediário
2.10097,2.11874,2002-10-15 15:00:00.0,Intermediário
2.10607,2.12386,2002-10-15 15:30:00.0,Intermediário
2.09359,2.10858,2002-10-15 16:00:00.0,Intermediário
2.09436,2.10935,2002-10-15 16:30:00.0,Fechamento Interbancário
2.11043,2.11684,2002-10-15 17:38:00.0,Fechamento
2.09661,2.11436,2002-10-16 09:32:00.0,Abertura
2.09508,2.11007,2002-10-16 10:00:00.0,Intermediário
2.10366,2.1187,2002-10-16 10:30:00.0,Intermediário
2.12903,2.14696,2002-10-16 11:00:00.0,Intermediário
2.11259,2.12933,2002-10-16 11:30:00.0,Intermediário
2.11417,2.12927,2002-10-16 12:00:00.0,Intermediário
2.10745,2.12251,2002-10-16 12:34:00.0,Intermediário
2.1149,2.13276,2002-10-16 13:06:00.0,Intermediário
2.11259,2.13043,2002-10-16 13:30:00.0,Intermediário
2.11298,2.13082,2002-10-16 14:00:00.0,Intermediário
2.11336,2.13121,2002-10-16 14:30:00.0,Intermediário
2.11884,2.13396,2002-10-16 15:00:00.0,Intermediário
2.11571,2.13082,2002-10-16 15:30:00.0,Intermediário
2.14074,2.15874,2002-10-16 16:00:00.0,Intermediário
2.14035,2.15835,2002-10-16 16:30:00.0,Fechamento Interbancário
2.12709,2.13354,2002-10-16 18:16:00.0,Fechamento
2.14849,2.16655,2002-10-17 09:57:00.0,Abertura
2.14733,2.17092,2002-10-17 10:00:00.0,Intermediário
2.16621,2.18713,2002-10-17 10:30:00.0,Intermediário
2.1721,2.19029,2002-10-17 11:00:00.0,Intermediário
2.17092,2.1891,2002-10-17 11:30:00.0,Intermediário
2.17248,2.18791,2002-10-17 12:00:00.0,Intermediário
2.15914,2.17726,2002-10-17 12:30:00.0,Intermediário
2.12738,2.14807,2002-10-17 13:00:00.0,Intermediário
2.1227,2.1406,2002-10-17 13:30:00.0,Intermediário
2.12231,2.14021,2002-10-17 14:00:00.0,Intermediário
2.11768,2.13555,2002-10-17 14:30:00.0,Intermediário
2.11375,2.13159,2002-10-17 15:00:00.0,Intermediário
2.12231,2.14021,2002-10-17 15:30:00.0,Intermediário
2.13915,2.15715,2002-10-17 16:00:00.0,Intermediário
2.13915,2.15715,2002-10-17 16:30:00.0,Fechamento Interbancário
2.16127,2.1678,2002-10-17 17:58:00.0,Fechamento
2.15874,2.17686,2002-10-18 09:33:00.0,Abertura
2.15483,2.17015,2002-10-18 10:00:00.0,Intermediário
2.12738,2.14807,2002-10-18 10:30:00.0,Intermediário
2.12386,2.13901,2002-10-18 11:00:00.0,Intermediário
2.11991,2.13504,2002-10-18 11:30:00.0,Intermediário
2.12227,2.14017,2002-10-18 12:00:00.0,Intermediário
2.11837,2.13625,2002-10-18 12:30:00.0,Intermediário
2.12699,2.14492,2002-10-18 13:00:00.0,Intermediário
2.12699,2.14492,2002-10-18 13:30:00.0,Intermediário
2.12621,2.14414,2002-10-18 14:00:00.0,Intermediário
2.12815,2.14609,2002-10-18 14:30:00.0,Intermediário
2.12463,2.14254,2002-10-18 15:00:00.0,Intermediário
2.11052,2.12559,2002-10-18 15:30:00.0,Intermediário
2.12111,2.13625,2002-10-18 16:00:00.0,Intermediário
2.1215,2.13663,2002-10-18 16:30:00.0,Fechamento Interbancário
2.1314,2.13785,2002-10-18 17:55:00.0,Fechamento
2.13847,2.15648,2002-10-21 09:57:00.0,Abertura
2.13731,2.15253,2002-10-21 10:00:00.0,Intermediário
2.1555,2.17361,2002-10-21 10:30:00.0,Intermediário
2.15869,2.17681,2002-10-21 11:00:00.0,Intermediário
2.15631,2.17165,2002-10-21 11:30:00.0,Intermediário
2.16499,2.18315,2002-10-21 12:00:00.0,Intermediário
2.15355,2.17165,2002-10-21 12:30:00.0,Intermediário
2.15239,2.17047,2002-10-21 13:00:00.0,Intermediário
2.15755,2.17289,2002-10-21 13:30:00.0,Intermediário
2.15872,2.17406,2002-10-21 14:00:00.0,Intermediário
2.15872,2.17406,2002-10-21 14:30:00.0,Intermediário
2.15783,2.17596,2002-10-21 15:00:00.0,Intermediário
2.15783,2.17596,2002-10-21 15:34:00.0,Intermediário
2.1606,2.17596,2002-10-21 16:00:00.0,Intermediário
2.16294,2.17831,2002-10-21 16:30:00.0,Fechamento Interbancário
2.16443,2.17096,2002-10-21 17:47:00.0,Fechamento
2.18669,2.20498,2002-10-22 09:38:00.0,Abertura
2.19142,2.20973,2002-10-22 10:00:00.0,Intermediário
2.19293,2.2068,2002-10-22 10:30:00.0,Intermediário
2.18866,2.20418,2002-10-22 11:00:00.0,Intermediário
2.18352,2.19735,2002-10-22 11:30:00.0,Intermediário
2.16973,2.18791,2002-10-22 12:00:00.0,Intermediário
2.17722,2.19268,2002-10-22 12:30:00.0,Intermediário
2.16855,2.18673,2002-10-22 13:00:00.0,Intermediário
2.16659,2.18476,2002-10-22 13:30:00.0,Intermediário
2.16777,2.18594,2002-10-22 14:00:00.0,Intermediário
2.1662,2.18436,2002-10-22 14:30:00.0,Intermediário
2.15635,2.17445,2002-10-22 15:00:00.0,Intermediário
2.15517,2.1705,2002-10-22 15:30:00.0,Intermediário
2.14888,2.16695,2002-10-22 16:00:00.0,Intermediário
2.15203,2.16734,2002-10-22 16:30:00.0,Fechamento Interbancário
2.18648,2.19307,2002-10-22 17:39:00.0,Fechamento
2.13776,2.15576,2002-10-23 09:54:00.0,Abertura
2.12992,2.15343,2002-10-23 10:00:00.0,Intermediário
2.13108,2.14904,2002-10-23 10:30:00.0,Intermediário
2.12088,2.13878,2002-10-23 11:00:00.0,Intermediário
2.13114,2.14633,2002-10-23 11:30:00.0,Intermediário
2.13737,2.15315,2002-10-23 12:00:00.0,Intermediário
2.14454,2.16258,2002-10-23 12:30:00.0,Intermediário
2.14768,2.16297,2002-10-23 13:00:00.0,Intermediário
2.14846,2.16375,2002-10-23 13:30:00.0,Intermediário
2.14846,2.16375,2002-10-23 14:00:00.0,Intermediário
2.14846,2.16375,2002-10-23 14:30:00.0,Intermediário
2.13578,2.14988,2002-10-23 15:00:00.0,Intermediário
2.14019,2.1582,2002-10-23 15:30:00.0,Intermediário
2.15239,2.17047,2002-10-23 16:00:00.0,Intermediário
2.15239,2.17047,2002-10-23 16:30:00.0,Fechamento Interbancário
2.14075,2.14721,2002-10-23 17:46:00.0,Fechamento
2.1344,2.15239,2002-10-24 09:38:00.0,Abertura
2.14671,2.16477,2002-10-24 10:00:00.0,Intermediário
2.14117,2.15641,2002-10-24 10:30:00.0,Intermediário
2.14987,2.16794,2002-10-24 11:00:00.0,Intermediário
2.15186,2.16717,2002-10-24 11:30:00.0,Intermediário
2.1478,2.16531,2002-10-24 12:00:00.0,Intermediário
2.14826,2.16633,2002-10-24 12:30:00.0,Intermediário
2.13525,2.15324,2002-10-24 13:00:00.0,Intermediário
2.1364,2.1544,2002-10-24 13:30:00.0,Intermediário
2.1364,2.1544,2002-10-24 14:00:00.0,Intermediário
2.1364,2.1544,2002-10-24 14:30:00.0,Intermediário
2.11119,2.12625,2002-10-24 15:00:00.0,Intermediário
2.10679,2.12462,2002-10-24 15:30:00.0,Intermediário
2.10766,2.12549,2002-10-24 16:00:00.0,Intermediário
2.09898,2.11398,2002-10-24 16:30:00.0,Fechamento Interbancário
2.1398,2.14625,2002-10-24 17:39:00.0,Fechamento
2.10869,2.12653,2002-10-25 09:55:00.0,Abertura
2.10012,2.11512,2002-10-25 10:00:00.0,Intermediário
2.11472,2.1298,2002-10-25 10:30:00.0,Intermediário
2.11119,2.12625,2002-10-25 11:00:00.0,Intermediário
2.10652,2.12156,2002-10-25 11:30:00.0,Intermediário
2.09898,2.11676,2002-10-25 12:00:00.0,Intermediário
2.1014,2.11752,2002-10-25 12:30:00.0,Intermediário
2.09458,2.10956,2002-10-25 13:00:00.0,Intermediário
2.09458,2.10956,2002-10-25 13:30:00.0,Intermediário
2.0961,2.11108,2002-10-25 14:00:00.0,Intermediário
2.09496,2.10993,2002-10-25 14:30:00.0,Intermediário
2.08113,2.0988,2002-10-25 15:00:00.0,Intermediário
2.07581,2.09067,2002-10-25 15:30:00.0,Intermediário
2.0651,2.0799,2002-10-25 16:00:00.0,Intermediário
2.06547,2.08306,2002-10-25 16:30:00.0,Fechamento Interbancário
2.11213,2.1185,2002-10-25 17:52:00.0,Fechamento
2.07251,2.09014,2002-10-28 09:36:00.0,Abertura
2.07603,2.09926,2002-10-28 10:00:00.0,Intermediário
2.08345,2.09835,2002-10-28 10:30:00.0,Intermediário
2.07105,2.08476,2002-10-28 11:00:00.0,Intermediário
2.06419,2.07842,2002-10-28 11:30:00.0,Intermediário
2.0768,2.09334,2002-10-28 12:00:00.0,Intermediário
2.08183,2.09952,2002-10-28 12:32:00.0,Intermediário
2.09056,2.10774,2002-10-28 13:00:00.0,Intermediário
2.08944,2.10662,2002-10-28 13:30:00.0,Intermediário
2.09019,2.10737,2002-10-28 14:00:00.0,Intermediário
2.09019,2.10737,2002-10-28 14:30:00.0,Intermediário
2.08499,2.10157,2002-10-28 15:00:00.0,Intermediário
2.07514,2.08999,2002-10-28 15:30:00.0,Intermediário
2.09482,2.11482,2002-10-28 16:00:00.0,Intermediário
2.09669,2.11671,2002-10-28 16:30:00.0,Fechamento Interbancário
2.091,2.09728,2002-10-28 17:55:00.0,Fechamento
2.13111,2.14909,2002-10-29 09:52:00.0,Abertura
2.13439,2.15239,2002-10-29 10:00:00.0,Intermediário
2.14199,2.15722,2002-10-29 10:30:00.0,Intermediário
2.12451,2.13965,2002-10-29 11:00:00.0,Intermediário
2.12284,2.13965,2002-10-29 11:30:00.0,Intermediário
2.11654,2.13051,2002-10-29 12:00:00.0,Intermediário
2.12539,2.14109,2002-10-29 12:35:00.0,Intermediário
2.12345,2.13859,2002-10-29 13:00:00.0,Intermediário
2.12081,2.13594,2002-10-29 13:30:00.0,Intermediário
2.11891,2.13402,2002-10-29 14:00:00.0,Intermediário
2.12005,2.13517,2002-10-29 14:30:00.0,Intermediário
2.10781,2.12286,2002-10-29 15:00:00.0,Intermediário
2.10318,2.1221,2002-10-29 15:30:00.0,Intermediário
2.11929,2.13719,2002-10-29 16:00:00.0,Intermediário
2.11967,2.13758,2002-10-29 16:30:00.0,Fechamento Interbancário
2.12761,2.134,2002-10-29 17:39:00.0,Fechamento
2.09709,2.11485,2002-10-30 09:41:00.0,Abertura
2.0711,2.09427,2002-10-30 10:00:00.0,Intermediário
2.07362,2.09125,2002-10-30 10:30:00.0,Intermediário
2.05909,2.07663,2002-10-30 11:00:00.0,Intermediário
2.06661,2.08419,2002-10-30 11:30:00.0,Intermediário
2.06214,2.0808,2002-10-30 12:00:00.0,Intermediário
2.05283,2.06756,2002-10-30 12:30:00.0,Intermediário
2.05172,2.06921,2002-10-30 13:00:00.0,Intermediário
2.05395,2.07146,2002-10-30 13:30:00.0,Intermediário
2.05432,2.07183,2002-10-30 14:00:00.0,Intermediário
2.05432,2.07183,2002-10-30 14:30:00.0,Intermediário
2.04605,2.06074,2002-10-30 15:00:00.0,Intermediário
2.04477,2.06223,2002-10-30 15:30:00.0,Intermediário
2.04678,2.06148,2002-10-30 16:00:00.0,Intermediário
2.04568,2.06037,2002-10-30 16:30:00.0,Fechamento Interbancário
2.07062,2.07688,2002-10-30 17:47:00.0,Fechamento
2.03114,2.04853,2002-10-31 09:48:00.0,Abertura
2.03502,2.05186,2002-10-31 10:00:00.0,Intermediário
2.02268,2.03667,2002-10-31 10:30:00.0,Intermediário
2.00147,2.01645,2002-10-31 11:00:00.0,Intermediário
2.01085,2.02534,2002-10-31 11:30:00.0,Intermediário
2.0046,2.02182,2002-10-31 12:00:00.0,Intermediário
2.00845,2.02292,2002-10-31 12:30:00.0,Intermediário
2.00713,2.02159,2002-10-31 13:00:00.0,Intermediário
2.00679,2.02013,2002-10-31 13:30:00.0,Intermediário
2.00787,2.02122,2002-10-31 14:00:00.0,Intermediário
2.00715,2.0205,2002-10-31 14:30:00.0,Intermediário
2.00881,2.02161,2002-10-31 15:00:00.0,Intermediário
2.00328,2.01771,2002-10-31 15:30:00.0,Intermediário
2.00621,2.02011,2002-10-31 16:00:00.0,Intermediário
2.00436,2.02159,2002-10-31 16:30:00.0,Fechamento Interbancário
2.02225,2.02836,2002-10-31 17:49:00.0,Fechamento
2.02343,2.04077,2002-11-01 09:53:00.0,Abertura
2.02016,2.04306,2002-11-01 10:00:00.0,Intermediário
2.01217,2.02777,2002-11-01 10:30:00.0,Intermediário
2.00119,2.01729,2002-11-01 11:00:00.0,Intermediário
2.00469,2.01913,2002-11-01 11:30:00.0,Intermediário
2.00678,2.02179,2002-11-01 12:00:00.0,Intermediário
1.99178,2.00894,2002-11-01 12:30:00.0,Intermediário
1.99599,2.01038,2002-11-01 13:00:00.0,Intermediário
2.00244,2.01687,2002-11-01 13:30:00.0,Intermediário
2.00351,2.01795,2002-11-01 14:00:00.0,Intermediário
2.00244,2.01687,2002-11-01 14:30:00.0,Intermediário
1.99858,2.01298,2002-11-01 15:00:00.0,Intermediário
2.00379,2.02103,2002-11-01 15:30:00.0,Intermediário
2.00101,2.01543,2002-11-01 16:00:00.0,Intermediário
2.00101,2.01543,2002-11-01 16:30:00.0,Fechamento Interbancário
2.01726,2.02334,2002-11-01 17:41:00.0,Fechamento
1.99356,2.01075,2002-11-04 09:55:00.0,Abertura
1.99005,2.00722,2002-11-04 10:00:00.0,Intermediário
1.99317,2.01035,2002-11-04 10:30:00.0,Intermediário
1.99139,2.00856,2002-11-04 11:00:00.0,Intermediário
1.98194,1.99905,2002-11-04 11:30:00.0,Intermediário
1.97111,1.98535,2002-11-04 12:00:00.0,Intermediário
1.96691,1.98394,2002-11-04 12:30:00.0,Intermediário
1.96272,1.97804,2002-11-04 13:00:00.0,Intermediário
1.96377,1.9791,2002-11-04 13:30:00.0,Intermediário
1.96167,1.97698,2002-11-04 14:00:00.0,Intermediário
1.96202,1.97733,2002-11-04 14:30:00.0,Intermediário
1.97216,1.98641,2002-11-04 15:00:00.0,Intermediário
1.97949,1.9966,2002-11-04 15:30:00.0,Intermediário
1.97599,1.99308,2002-11-04 16:00:00.0,Intermediário
1.97811,1.99352,2002-11-04 16:30:00.0,Fechamento Interbancário
1.98763,1.99361,2002-11-04 17:44:00.0,Fechamento
2.01611,2.03344,2002-11-05 09:47:00.0,Abertura
2.01187,2.02917,2002-11-05 10:00:00.0,Intermediário
2.01217,2.02778,2002-11-05 10:30:00.0,Intermediário
2.00901,2.02347,2002-11-05 11:00:00.0,Intermediário
1.99604,2.01325,2002-11-05 11:30:00.0,Intermediário
1.99661,2.01043,2002-11-05 12:00:00.0,Intermediário
2.00059,2.015,2002-11-05 12:30:00.0,Intermediário
1.99601,2.0104,2002-11-05 13:00:00.0,Intermediário
1.99494,2.00932,2002-11-05 13:30:00.0,Intermediário
1.99388,2.00825,2002-11-05 14:00:00.0,Intermediário
1.99388,2.00825,2002-11-05 14:30:00.0,Intermediário
1.98303,1.99734,2002-11-05 15:00:00.0,Intermediário
1.98164,1.99594,2002-11-05 15:30:00.0,Intermediário
1.97323,1.98748,2002-11-05 16:00:00.0,Intermediário
1.97288,1.98713,2002-11-05 16:30:00.0,Fechamento Interbancário
1.99996,2.00598,2002-11-05 17:41:00.0,Fechamento
1.99876,2.01598,2002-11-06 09:57:00.0,Abertura
1.99663,2.00933,2002-11-06 10:00:00.0,Intermediário
2.00609,2.02053,2002-11-06 10:30:00.0,Intermediário
2.00537,2.01982,2002-11-06 11:00:00.0,Intermediário
2.00736,2.02126,2002-11-06 11:30:00.0,Intermediário
2.00579,2.02024,2002-11-06 12:00:00.0,Intermediário
1.99703,2.0103,2002-11-06 12:30:00.0,Intermediário
2.0068,2.02126,2002-11-06 13:00:00.0,Intermediário
2.00823,2.0227,2002-11-06 13:30:00.0,Intermediário
2.00716,2.02162,2002-11-06 14:00:00.0,Intermediário
2.00752,2.02197,2002-11-06 14:30:00.0,Intermediário
2.02332,2.04068,2002-11-06 15:00:00.0,Intermediário
2.02965,2.04423,2002-11-06 15:30:00.0,Intermediário
2.04122,2.05644,2002-11-06 16:00:00.0,Intermediário
2.04611,2.0636,2002-11-06 16:30:00.0,Fechamento Interbancário
2.02614,2.03222,2002-11-06 17:49:00.0,Fechamento
2.04749,2.06501,2002-11-07 09:56:00.0,Abertura
2.04773,2.06524,2002-11-07 10:00:00.0,Intermediário
2.04849,2.06318,2002-11-07 10:30:00.0,Intermediário
2.03386,2.0479,2002-11-07 11:00:00.0,Intermediário
2.03607,2.05068,2002-11-07 11:30:00.0,Intermediário
2.03406,2.04867,2002-11-07 12:00:00.0,Intermediário
2.03614,2.04962,2002-11-07 12:30:00.0,Intermediário
2.04272,2.05623,2002-11-07 13:00:00.0,Intermediário
2.04164,2.05515,2002-11-07 13:30:00.0,Intermediário
2.04344,2.05696,2002-11-07 14:00:00.0,Intermediário
2.04308,2.0566,2002-11-07 14:30:00.0,Intermediário
2.04728,2.06196,2002-11-07 15:00:00.0,Intermediário
2.04511,2.05978,2002-11-07 15:30:00.0,Intermediário
2.02044,2.03496,2002-11-07 16:00:00.0,Intermediário
2.02187,2.03924,2002-11-07 16:30:00.0,Fechamento Interbancário
2.05027,2.0564,2002-11-07 17:44:00.0,Fechamento
2.0043,2.02156,2002-11-08 09:55:00.0,Abertura
2.00387,2.01943,2002-11-08 10:00:00.0,Intermediário
1.99011,2.00445,2002-11-08 10:30:00.0,Intermediário
1.99328,2.00765,2002-11-08 11:00:00.0,Intermediário
1.98982,2.00304,2002-11-08 11:30:00.0,Intermediário
1.97811,1.99523,2002-11-08 12:00:00.0,Intermediário
1.99011,2.00445,2002-11-08 12:30:00.0,Intermediário
1.98051,1.9948,2002-11-08 13:00:00.0,Intermediário
1.98091,1.99691,2002-11-08 13:30:00.0,Intermediário
1.98161,1.99761,2002-11-08 14:00:00.0,Intermediário
1.98301,1.99902,2002-11-08 14:30:00.0,Intermediário
1.99857,2.01467,2002-11-08 15:00:00.0,Intermediário
1.99222,2.01226,2002-11-08 15:30:00.0,Intermediário
1.99363,2.01084,2002-11-08 16:00:00.0,Intermediário
1.9975,2.0119,2002-11-08 16:30:00.0,Fechamento Interbancário
1.99137,1.99734,2002-11-08 17:47:00.0,Fechamento
1.96587,1.9829,2002-11-11 09:57:00.0,Abertura
1.96097,1.98079,2002-11-11 10:00:00.0,Intermediário
1.9712,1.98714,2002-11-11 10:38:00.0,Intermediário
1.96132,1.97551,2002-11-11 11:00:00.0,Intermediário
1.94315,1.95611,2002-11-11 11:30:00.0,Intermediário
1.94699,1.9639,2002-11-11 12:00:00.0,Intermediário
1.94349,1.95758,2002-11-11 12:30:00.0,Intermediário
1.94454,1.95806,2002-11-11 13:00:00.0,Intermediário
1.94419,1.95771,2002-11-11 13:30:00.0,Intermediário
1.94349,1.95702,2002-11-11 14:00:00.0,Intermediário
1.94488,1.95841,2002-11-11 14:30:00.0,Intermediário
1.95846,1.97263,2002-11-11 15:00:00.0,Intermediário
1.95846,1.97263,2002-11-11 15:30:00.0,Intermediário
1.96678,1.98043,2002-11-11 16:00:00.0,Intermediário
1.96748,1.98114,2002-11-11 16:30:00.0,Fechamento Interbancário
1.96473,1.97065,2002-11-11 17:43:00.0,Fechamento
1.97533,1.99241,2002-11-12 09:56:00.0,Abertura
1.97952,1.99663,2002-11-12 10:00:00.0,Intermediário
1.97811,1.99239,2002-11-12 10:30:00.0,Intermediário
1.97287,1.98712,2002-11-12 11:00:00.0,Intermediário
1.97259,1.98853,2002-11-12 11:30:00.0,Intermediário
1.98044,1.99304,2002-11-12 12:00:00.0,Intermediário
2.001,2.01598,2002-11-12 12:30:00.0,Intermediário
1.99103,2.00821,2002-11-12 13:00:00.0,Intermediário
1.99317,2.01035,2002-11-12 13:30:00.0,Intermediário
1.99423,2.01143,2002-11-12 14:00:00.0,Intermediário
1.99388,2.01107,2002-11-12 14:30:00.0,Intermediário
2.00889,2.02335,2002-11-12 15:00:00.0,Intermediário
2.02044,2.03553,2002-11-12 15:30:00.0,Intermediário
2.0134,2.0279,2002-11-12 16:00:00.0,Intermediário
2.01376,2.02826,2002-11-12 16:30:00.0,Fechamento Interbancário
1.99233,1.99833,2002-11-12 17:44:00.0,Fechamento
2.02486,2.04222,2002-11-13 09:41:00.0,Abertura
2.02268,2.04003,2002-11-13 10:00:00.0,Intermediário
2.01674,2.03406,2002-11-13 10:30:00.0,Intermediário
2.0262,2.04189,2002-11-13 11:01:00.0,Intermediário
2.02932,2.04503,2002-11-13 11:30:00.0,Intermediário
2.03044,2.04615,2002-11-13 12:00:00.0,Intermediário
2.03918,2.05663,2002-11-13 12:30:00.0,Intermediário
2.03955,2.057,2002-11-13 13:00:00.0,Intermediário
2.03882,2.05626,2002-11-13 13:30:00.0,Intermediário
2.03809,2.05553,2002-11-13 14:00:00.0,Intermediário
2.03918,2.05663,2002-11-13 14:30:00.0,Intermediário
2.03192,2.0454,2002-11-13 15:00:00.0,Intermediário
2.02502,2.04014,2002-11-13 15:30:00.0,Intermediário
2.02617,2.03905,2002-11-13 16:00:00.0,Intermediário
2.02558,2.04014,2002-11-13 16:31:00.0,Fechamento Interbancário
2.03478,2.0409,2002-11-13 17:49:00.0,Fechamento
2.04912,2.06664,2002-11-14 09:55:00.0,Abertura
2.04803,2.06441,2002-11-14 10:00:00.0,Intermediário
2.04972,2.06554,2002-11-14 10:30:00.0,Intermediário
2.05048,2.06518,2002-11-14 11:00:00.0,Intermediário
2.06171,2.07648,2002-11-14 11:30:00.0,Intermediário
2.06208,2.07685,2002-11-14 12:00:00.0,Intermediário
2.07074,2.08556,2002-11-14 12:30:00.0,Intermediário
2.07819,2.09306,2002-11-14 13:00:00.0,Intermediário
2.07709,2.09194,2002-11-14 13:30:00.0,Intermediário
2.07856,2.09343,2002-11-14 14:00:00.0,Intermediário
2.07709,2.09194,2002-11-14 14:30:00.0,Intermediário
2.07487,2.08972,2002-11-14 15:00:00.0,Intermediário
2.08026,2.09514,2002-11-14 15:30:00.0,Intermediário
2.08662,2.10379,2002-11-14 16:00:00.0,Intermediário
2.08529,2.10302,2002-11-14 16:30:00.0,Fechamento Interbancário
2.07349,2.0797,2002-11-14 17:46:00.0,Fechamento
2.05781,2.07537,2002-11-18 09:53:00.0,Abertura
2.05561,2.07316,2002-11-18 10:00:00.0,Intermediário
2.04133,2.05654,2002-11-18 10:30:00.0,Intermediário
2.0262,2.04189,2002-11-18 11:00:00.0,Intermediário
2.01803,2.03367,2002-11-18 11:30:00.0,Intermediário
2.01044,2.02378,2002-11-18 12:00:00.0,Intermediário
2.00379,2.01879,2002-11-18 12:30:00.0,Intermediário
2.01079,2.02527,2002-11-18 13:00:00.0,Intermediário
2.01115,2.02563,2002-11-18 13:30:00.0,Intermediário
2.01187,2.02634,2002-11-18 14:00:00.0,Intermediário
2.01615,2.03066,2002-11-18 14:30:00.0,Intermediário
1.99388,2.00939,2002-11-18 15:00:00.0,Intermediário
2.00589,2.02033,2002-11-18 15:30:00.0,Intermediário
1.99711,2.0115,2002-11-18 16:00:00.0,Intermediário
1.99675,2.01114,2002-11-18 16:30:00.0,Fechamento Interbancário
2.01766,2.02372,2002-11-18 17:44:00.0,Fechamento
2.00465,2.02192,2002-11-19 09:48:00.0,Abertura
2.01048,2.02778,2002-11-19 10:00:00.0,Intermediário
1.98798,2.00401,2002-11-19 10:30:00.0,Intermediário
1.97885,1.99313,2002-11-19 11:00:00.0,Intermediário
1.98361,1.99736,2002-11-19 11:30:00.0,Intermediário
1.9834,1.99884,2002-11-19 12:00:00.0,Intermediário
1.9871,2.00369,2002-11-19 12:30:00.0,Intermediário
2.00136,2.01634,2002-11-19 13:00:00.0,Intermediário
1.99734,2.01455,2002-11-19 13:30:00.0,Intermediário
1.99805,2.01527,2002-11-19 14:00:00.0,Intermediário
1.9977,2.01491,2002-11-19 14:30:00.0,Intermediário
1.9895,2.00386,2002-11-19 15:00:00.0,Intermediário
1.98565,1.99998,2002-11-19 15:30:00.0,Intermediário
1.97588,1.99015,2002-11-19 16:00:00.0,Intermediário
1.97765,1.99193,2002-11-19 16:30:00.0,Fechamento Interbancário
1.98351,1.98949,2002-11-19 17:42:00.0,Fechamento
1.94561,1.96252,2002-11-20 09:45:00.0,Abertura
1.94185,1.95481,2002-11-20 10:00:00.0,Intermediário
1.95677,1.97373,2002-11-20 10:30:00.0,Intermediário
1.96143,1.97618,2002-11-20 11:00:00.0,Intermediário
1.96621,1.98042,2002-11-20 11:30:00.0,Intermediário
1.96583,1.98005,2002-11-20 12:00:00.0,Intermediário
1.97779,1.99319,2002-11-20 12:30:00.0,Intermediário
1.97526,1.98952,2002-11-20 13:00:00.0,Intermediário
1.97455,1.98882,2002-11-20 13:30:00.0,Intermediário
1.97314,1.98739,2002-11-20 14:00:00.0,Intermediário
1.97455,1.98882,2002-11-20 14:30:00.0,Intermediário
1.95977,1.97339,2002-11-20 15:00:00.0,Intermediário
1.95677,1.97094,2002-11-20 15:30:00.0,Intermediário
1.95984,1.97234,2002-11-20 16:01:00.0,Intermediário
1.95887,1.97304,2002-11-20 16:30:00.0,Fechamento Interbancário
1.9671,1.97303,2002-11-20 17:52:00.0,Fechamento
1.96587,1.9829,2002-11-21 09:58:00.0,Abertura
1.96237,1.97656,2002-11-21 10:00:00.0,Intermediário
1.95781,1.97479,2002-11-21 10:30:00.0,Intermediário
1.96587,1.98008,2002-11-21 11:00:00.0,Intermediário
1.96342,1.97761,2002-11-21 11:30:00.0,Intermediário
1.96244,1.97551,2002-11-21 12:00:00.0,Intermediário
1.97253,1.98678,2002-11-21 12:30:00.0,Intermediário
1.96727,1.98262,2002-11-21 13:00:00.0,Intermediário
1.96965,1.98333,2002-11-21 13:30:00.0,Intermediário
1.97036,1.98403,2002-11-21 14:00:00.0,Intermediário
1.9686,1.98227,2002-11-21 14:30:00.0,Intermediário
1.98438,1.99813,2002-11-21 15:00:00.0,Intermediário
1.97534,1.98961,2002-11-21 15:30:00.0,Intermediário
1.97534,1.98961,2002-11-21 16:00:00.0,Intermediário
1.97674,1.99102,2002-11-21 16:30:00.0,Fechamento Interbancário
1.97416,1.9801,2002-11-21 17:45:00.0,Fechamento
1.99115,2.00834,2002-11-22 09:56:00.0,Abertura
1.99016,2.00507,2002-11-22 10:00:00.0,Intermediário
1.9993,2.01539,2002-11-22 10:30:00.0,Intermediário
2.00036,2.01364,2002-11-22 11:00:00.0,Intermediário
1.99888,2.01215,2002-11-22 11:30:00.0,Intermediário
2.00522,2.01852,2002-11-22 12:00:00.0,Intermediário
2.00803,2.02418,2002-11-22 12:30:00.0,Intermediário
2.00808,2.02197,2002-11-22 13:00:00.0,Intermediário
2.00921,2.02197,2002-11-22 13:30:00.0,Intermediário
2.0117,2.02448,2002-11-22 14:00:00.0,Intermediário
2.01064,2.0234,2002-11-22 14:30:00.0,Intermediário
2.0112,2.0251,2002-11-22 15:00:00.0,Intermediário
1.99894,2.01221,2002-11-22 15:30:00.0,Intermediário
1.99796,2.01293,2002-11-22 16:00:00.0,Intermediário
2.00001,2.01328,2002-11-22 16:30:00.0,Fechamento Interbancário
2.00657,2.0126,2002-11-22 17:52:00.0,Fechamento
2.0009,2.01814,2002-11-25 09:58:00.0,Abertura
1.99668,2.01952,2002-11-25 10:00:00.0,Intermediário
1.99556,2.00938,2002-11-25 10:30:00.0,Intermediário
1.99876,2.01204,2002-11-25 11:00:00.0,Intermediário
1.9749,1.98917,2002-11-25 11:30:00.0,Intermediário
1.96445,1.97921,2002-11-25 12:00:00.0,Intermediário
1.97044,1.98468,2002-11-25 12:30:00.0,Intermediário
1.9668,1.97934,2002-11-25 13:00:00.0,Intermediário
1.96574,1.97828,2002-11-25 13:30:00.0,Intermediário
1.96645,1.97899,2002-11-25 14:00:00.0,Intermediário
1.96856,1.98111,2002-11-25 14:30:00.0,Intermediário
1.98119,1.9983,2002-11-25 15:00:00.0,Intermediário
1.97526,1.99233,2002-11-25 15:30:00.0,Intermediário
1.97596,1.98911,2002-11-25 16:00:00.0,Intermediário
1.97526,1.98784,2002-11-25 16:30:00.0,Fechamento Interbancário
1.98398,1.98997,2002-11-25 18:04:00.0,Fechamento
1.98997,2.00713,2002-11-26 09:52:00.0,Abertura
1.99063,2.0078,2002-11-26 10:00:00.0,Intermediário
2.0018,2.01622,2002-11-26 10:30:00.0,Intermediário
1.99652,2.01091,2002-11-26 11:00:00.0,Intermediário
1.99764,2.01204,2002-11-26 11:30:00.0,Intermediário
1.99479,2.00917,2002-11-26 12:00:00.0,Intermediário
1.99972,2.01581,2002-11-26 12:30:00.0,Intermediário
2.00917,2.02364,2002-11-26 13:00:00.0,Intermediário
2.01025,2.02472,2002-11-26 13:30:00.0,Intermediário
2.01169,2.02616,2002-11-26 14:00:00.0,Intermediário
2.01097,2.02544,2002-11-26 14:30:00.0,Intermediário
2.01476,2.02926,2002-11-26 15:00:00.0,Intermediário
2.01149,2.02653,2002-11-26 15:30:00.0,Intermediário
2.01612,2.03006,2002-11-26 16:00:00.0,Intermediário
2.01009,2.02456,2002-11-26 16:30:00.0,Fechamento Interbancário
2.00738,2.01343,2002-11-26 17:52:00.0,Fechamento
2.00191,2.01914,2002-11-27 09:43:00.0,Abertura
1.99249,2.00966,2002-11-27 10:04:00.0,Intermediário
2.00125,2.01401,2002-11-27 10:30:00.0,Intermediário
1.99035,2.00471,2002-11-27 11:00:00.0,Intermediário
1.98892,2.00215,2002-11-27 11:30:00.0,Intermediário
1.98987,2.00478,2002-11-27 12:00:00.0,Intermediário
1.99074,2.00343,2002-11-27 12:30:00.0,Intermediário
1.99058,2.00606,2002-11-27 13:00:00.0,Intermediário
1.99205,2.00754,2002-11-27 13:30:00.0,Intermediário
1.99026,2.00573,2002-11-27 14:00:00.0,Intermediário
1.99062,2.00609,2002-11-27 14:30:00.0,Intermediário
1.98892,2.00327,2002-11-27 15:00:00.0,Intermediário
1.9907,2.00395,2002-11-27 15:30:00.0,Intermediário
1.99035,2.00248,2002-11-27 16:00:00.0,Intermediário
1.99166,2.00491,2002-11-27 16:30:00.0,Fechamento Interbancário
1.99843,2.00447,2002-11-27 17:45:00.0,Fechamento
2.01566,2.03297,2002-11-28 09:43:00.0,Abertura
2.01661,2.03056,2002-11-28 10:00:00.0,Intermediário
2.00956,2.02347,2002-11-28 10:30:00.0,Intermediário
2.00442,2.01886,2002-11-28 11:00:00.0,Intermediário
2.00052,2.01494,2002-11-28 11:30:00.0,Intermediário
2.00812,2.02259,2002-11-28 12:00:00.0,Intermediário
2.0092,2.02479,2002-11-28 12:30:00.0,Intermediário
2.00415,2.01747,2002-11-28 13:00:00.0,Intermediário
2.0063,2.01963,2002-11-28 13:30:00.0,Intermediário
2.0142,2.02756,2002-11-28 14:00:00.0,Intermediário
2.00953,2.02287,2002-11-28 14:30:00.0,Intermediário
2.00115,2.01838,2002-11-28 15:00:00.0,Intermediário
2.01032,2.02479,2002-11-28 15:38:00.0,Intermediário
2.00953,2.02681,2002-11-28 16:00:00.0,Intermediário
2.01197,2.02645,2002-11-28 16:30:00.0,Fechamento Interbancário
2.01766,2.02374,2002-11-28 17:42:00.0,Fechamento
2.02351,2.04087,2002-11-29 09:41:00.0,Abertura
2.01743,2.03138,2002-11-29 10:00:00.0,Intermediário
2.01953,2.03518,2002-11-29 10:30:00.0,Intermediário
2.01973,2.0337,2002-11-29 11:00:00.0,Intermediário
2.01806,2.03145,2002-11-29 11:30:00.0,Intermediário
2.02249,2.03591,2002-11-29 12:00:00.0,Intermediário
2.02729,2.04186,2002-11-29 12:30:00.0,Intermediário
2.0365,2.05113,2002-11-29 13:00:00.0,Intermediário
2.03578,2.0504,2002-11-29 13:30:00.0,Intermediário
2.03941,2.05405,2002-11-29 14:00:00.0,Intermediário
2.03723,2.05186,2002-11-29 14:30:00.0,Intermediário
2.04978,2.06279,2002-11-29 15:00:00.0,Intermediário
2.04475,2.06054,2002-11-29 15:30:00.0,Intermediário
2.04064,2.0581,2002-11-29 16:00:00.0,Intermediário
2.041,2.05847,2002-11-29 16:30:00.0,Fechamento Interbancário
2.03716,2.04328,2002-11-29 18:04:00.0,Fechamento
2.02667,2.04404,2002-12-02 09:57:00.0,Abertura
2.01612,2.03905,2002-12-02 10:00:00.0,Intermediário
2.02035,2.03488,2002-12-02 10:30:00.0,Intermediário
2.01503,2.02841,2002-12-02 11:00:00.0,Intermediário
2.01012,2.02347,2002-12-02 11:30:00.0,Intermediário
2.01248,2.0264,2002-12-02 12:00:00.0,Intermediário
2.00799,2.02134,2002-12-02 12:30:00.0,Intermediário
2.00645,2.02035,2002-12-02 13:00:00.0,Intermediário
2.00897,2.02288,2002-12-02 13:30:00.0,Intermediário
2.01979,2.03376,2002-12-02 14:03:00.0,Intermediário
2.01691,2.03086,2002-12-02 14:30:00.0,Intermediário
2.01822,2.03442,2002-12-02 15:00:00.0,Intermediário
2.02662,2.04175,2002-12-02 15:30:00.0,Intermediário
2.02702,2.04103,2002-12-02 16:00:00.0,Intermediário
2.02265,2.03776,2002-12-02 16:30:00.0,Fechamento Interbancário
2.02458,2.03068,2002-12-02 17:40:00.0,Fechamento
2.02351,2.04087,2002-12-03 09:51:00.0,Abertura
2.03181,2.04528,2002-12-03 10:00:00.0,Intermediário
2.03736,2.05199,2002-12-03 10:30:00.0,Intermediário
2.03884,2.05236,2002-12-03 11:00:00.0,Intermediário
2.04035,2.05331,2002-12-03 11:30:00.0,Intermediário
2.03998,2.05294,2002-12-03 12:00:00.0,Intermediário
2.04367,2.05834,2002-12-03 12:30:00.0,Intermediário
2.04088,2.05553,2002-12-03 13:00:00.0,Intermediário
2.04146,2.05555,2002-12-03 13:30:00.0,Intermediário
2.0411,2.05519,2002-12-03 14:00:00.0,Intermediário
2.04146,2.05555,2002-12-03 14:30:00.0,Intermediário
2.04948,2.06419,2002-12-03 15:00:00.0,Intermediário
2.04948,2.06419,2002-12-03 15:30:00.0,Intermediário
2.05264,2.07016,2002-12-03 16:00:00.0,Intermediário
2.05191,2.06662,2002-12-03 16:30:00.0,Fechamento Interbancário
2.0466,2.05276,2002-12-03 17:46:00.0,Fechamento
2.0762,2.09387,2002-12-04 09:50:00.0,Abertura
2.07509,2.08993,2002-12-04 10:00:00.0,Intermediário
2.07265,2.08805,2002-12-04 10:30:00.0,Intermediário
2.06278,2.07756,2002-12-04 11:00:00.0,Intermediário
2.06131,2.07889,2002-12-04 11:30:00.0,Intermediário
2.07006,2.08319,2002-12-04 12:00:00.0,Intermediário
2.06558,2.08319,2002-12-04 12:30:00.0,Intermediário
2.06486,2.08134,2002-12-04 13:00:00.0,Intermediário
2.06411,2.08002,2002-12-04 13:30:00.0,Intermediário
2.06227,2.07817,2002-12-04 14:00:00.0,Intermediário
2.06301,2.0789,2002-12-04 14:30:00.0,Intermediário
2.07698,2.09184,2002-12-04 15:00:00.0,Intermediário
2.07642,2.09071,2002-12-04 15:30:00.0,Intermediário
2.07381,2.08809,2002-12-04 16:00:00.0,Intermediário
2.08015,2.09503,2002-12-04 16:30:00.0,Fechamento Interbancário
2.07474,2.08097,2002-12-04 17:48:00.0,Fechamento
2.08275,2.10045,2002-12-05 09:58:00.0,Abertura
2.08052,2.0954,2002-12-05 10:00:00.0,Intermediário
2.09357,2.1074,2002-12-05 10:30:00.0,Intermediário
2.096,2.11209,2002-12-05 11:00:00.0,Intermediário
2.09712,2.11209,2002-12-05 11:30:00.0,Intermediário
2.09917,2.11528,2002-12-05 12:00:00.0,Intermediário
2.09824,2.11322,2002-12-05 12:30:00.0,Intermediário
2.09768,2.11322,2002-12-05 13:00:00.0,Intermediário
2.09693,2.11247,2002-12-05 13:30:00.0,Intermediário
2.09618,2.11172,2002-12-05 14:00:00.0,Intermediário
2.09805,2.11359,2002-12-05 14:30:00.0,Intermediário
2.096,2.11096,2002-12-05 15:00:00.0,Intermediário
2.10346,2.1196,2002-12-05 15:30:00.0,Intermediário
2.1227,2.13781,2002-12-05 16:00:00.0,Intermediário
2.10066,2.12411,2002-12-05 16:30:00.0,Fechamento Interbancário
2.10603,2.11234,2002-12-05 17:41:00.0,Fechamento
2.12806,2.14603,2002-12-06 09:46:00.0,Abertura
2.12732,2.14359,2002-12-06 10:00:00.0,Intermediário
2.11015,2.1252,2002-12-06 10:30:00.0,Intermediário
2.1081,2.12596,2002-12-06 11:00:00.0,Intermediário
2.10084,2.11584,2002-12-06 11:30:00.0,Intermediário
2.10551,2.1211,2002-12-06 12:05:00.0,Intermediário
2.08909,2.10683,2002-12-06 12:30:00.0,Intermediário
2.09002,2.10608,2002-12-06 13:00:00.0,Intermediário
2.09002,2.10608,2002-12-06 13:30:00.0,Intermediário
2.09002,2.10608,2002-12-06 14:00:00.0,Intermediário
2.08742,2.10346,2002-12-06 14:30:00.0,Intermediário
2.08537,2.10027,2002-12-06 15:00:00.0,Intermediário
2.08462,2.09953,2002-12-06 15:30:00.0,Intermediário
2.09096,2.1059,2002-12-06 16:00:00.0,Intermediário
2.08891,2.10946,2002-12-06 16:30:00.0,Fechamento Interbancário
2.10333,2.10964,2002-12-06 17:42:00.0,Fechamento
2.12464,2.14259,2002-12-09 09:56:00.0,Abertura
2.12351,2.14146,2002-12-09 10:00:00.0,Intermediário
2.14074,2.15879,2002-12-09 10:30:00.0,Intermediário
2.1396,2.15482,2002-12-09 11:00:00.0,Intermediário
2.13269,2.15069,2002-12-09 11:30:00.0,Intermediário
2.13344,2.14749,2002-12-09 12:00:00.0,Intermediário
2.1295,2.14579,2002-12-09 12:30:00.0,Intermediário
2.12988,2.14504,2002-12-09 13:00:00.0,Intermediário
2.12988,2.14504,2002-12-09 13:30:00.0,Intermediário
2.13026,2.14542,2002-12-09 14:00:00.0,Intermediário
2.12837,2.14352,2002-12-09 14:30:00.0,Intermediário
2.12388,2.14184,2002-12-09 15:00:00.0,Intermediário
2.12351,2.14146,2002-12-09 15:30:00.0,Intermediário
2.12032,2.13825,2002-12-09 16:00:00.0,Intermediário
2.12275,2.13731,2002-12-09 16:30:00.0,Fechamento Interbancário
2.13941,2.1458,2002-12-09 17:41:00.0,Fechamento
2.1209,2.13883,2002-12-10 09:55:00.0,Abertura
2.12389,2.14015,2002-12-10 10:00:00.0,Intermediário
2.11452,2.13242,2002-12-10 10:30:00.0,Intermediário
2.11415,2.13035,2002-12-10 11:00:00.0,Intermediário
2.10927,2.12375,2002-12-10 11:30:00.0,Intermediário
2.11115,2.1262,2002-12-10 12:00:00.0,Intermediário
2.11,2.12505,2002-12-10 12:30:00.0,Intermediário
2.1128,2.12617,2002-12-10 13:00:00.0,Intermediário
2.11317,2.12655,2002-12-10 13:30:00.0,Intermediário
2.11317,2.12655,2002-12-10 14:00:00.0,Intermediário
2.11242,2.12579,2002-12-10 14:30:00.0,Intermediário
2.10992,2.12498,2002-12-10 15:00:00.0,Intermediário
2.12298,2.14092,2002-12-10 15:30:00.0,Intermediário
2.1254,2.14054,2002-12-10 16:00:00.0,Intermediário
2.12374,2.13887,2002-12-10 16:30:00.0,Fechamento Interbancário
2.10622,2.11255,2002-12-10 17:40:00.0,Fechamento
2.12246,2.1404,2002-12-11 09:34:00.0,Abertura
2.1273,2.14245,2002-12-11 10:00:00.0,Intermediário
2.12616,2.14411,2002-12-11 10:30:00.0,Intermediário
2.12788,2.14134,2002-12-11 11:00:00.0,Intermediário
2.11482,2.12821,2002-12-11 11:30:00.0,Intermediário
2.11687,2.13196,2002-12-11 12:00:00.0,Intermediário
2.11763,2.13553,2002-12-11 12:30:00.0,Intermediário
2.11801,2.1331,2002-12-11 13:00:00.0,Intermediário
2.12232,2.13687,2002-12-11 13:30:00.0,Intermediário
2.12005,2.13459,2002-12-11 14:00:00.0,Intermediário
2.11967,2.13421,2002-12-11 14:30:00.0,Intermediário
2.11409,2.12972,2002-12-11 15:00:00.0,Intermediário
2.11725,2.13515,2002-12-11 15:30:00.0,Intermediário
2.1081,2.12371,2002-12-11 16:00:00.0,Intermediário
2.10606,2.12109,2002-12-11 16:30:00.0,Fechamento Interbancário
2.12808,2.13446,2002-12-11 17:39:00.0,Fechamento
2.089,2.10675,2002-12-12 09:57:00.0,Abertura
2.08788,2.1028,2002-12-12 10:00:00.0,Intermediário
2.10004,2.1139,2002-12-12 10:38:00.0,Intermediário
2.10717,2.12504,2002-12-12 11:00:00.0,Intermediário
2.11863,2.13656,2002-12-12 11:30:00.0,Intermediário
2.1162,2.13412,2002-12-12 12:00:00.0,Intermediário
2.11057,2.12562,2002-12-12 12:30:00.0,Intermediário
2.12354,2.13979,2002-12-12 13:00:00.0,Intermediário
2.12391,2.14017,2002-12-12 13:30:00.0,Intermediário
2.12429,2.14055,2002-12-12 14:00:00.0,Intermediário
2.12429,2.14055,2002-12-12 14:30:00.0,Intermediário
2.12823,2.15075,2002-12-12 15:00:00.0,Intermediário
2.1414,2.15946,2002-12-12 15:30:00.0,Intermediário
2.13501,2.15302,2002-12-12 16:00:00.0,Intermediário
2.12785,2.14584,2002-12-12 16:30:00.0,Fechamento Interbancário
2.12184,2.12817,2002-12-12 17:42:00.0,Fechamento
2.12708,2.14506,2002-12-13 09:43:00.0,Abertura
2.12256,2.13881,2002-12-13 10:03:00.0,Intermediário
2.12219,2.13844,2002-12-13 10:06:00.0,Intermediário
2.1254,2.1394,2002-12-13 10:30:00.0,Intermediário
2.10584,2.12086,2002-12-13 11:00:00.0,Intermediário
2.1141,2.12916,2002-12-13 11:30:00.0,Intermediário
2.11821,2.13329,2002-12-13 12:04:00.0,Intermediário
2.11485,2.13276,2002-12-13 12:30:00.0,Intermediário
2.10733,2.12235,2002-12-13 13:00:00.0,Intermediário
2.10472,2.11974,2002-12-13 13:30:00.0,Intermediário
2.10324,2.11824,2002-12-13 14:00:00.0,Intermediário
2.101,2.11599,2002-12-13 14:30:00.0,Intermediário
2.09537,2.11033,2002-12-13 15:00:00.0,Intermediário
2.08824,2.10146,2002-12-13 15:30:00.0,Intermediário
2.09781,2.11279,2002-12-13 16:00:00.0,Intermediário
2.09781,2.11279,2002-12-13 16:30:00.0,Fechamento Interbancário
2.10757,2.11387,2002-12-13 17:54:00.0,Fechamento
2.08326,2.10098,2002-12-16 09:57:00.0,Abertura
2.08178,2.0995,2002-12-16 10:00:00.0,Intermediário
2.08313,2.09802,2002-12-16 10:30:00.0,Intermediário
2.05776,2.07534,2002-12-16 11:00:00.0,Intermediário
2.04475,2.05942,2002-12-16 11:30:00.0,Intermediário
2.05209,2.06622,2002-12-16 12:00:00.0,Intermediário
2.05531,2.0689,2002-12-16 12:30:00.0,Intermediário
2.04741,2.06152,2002-12-16 13:00:00.0,Intermediário
2.0483,2.06298,2002-12-16 13:30:00.0,Intermediário
2.04649,2.06116,2002-12-16 14:00:00.0,Intermediário
2.0512,2.06589,2002-12-16 14:30:00.0,Intermediário
2.03352,2.05096,2002-12-16 15:00:00.0,Intermediário
2.03173,2.04916,2002-12-16 15:30:00.0,Intermediário
2.02901,2.04358,2002-12-16 16:00:00.0,Intermediário
2.02788,2.04528,2002-12-16 16:30:00.0,Fechamento Interbancário
2.05775,2.06389,2002-12-16 17:47:00.0,Fechamento
2.03328,2.05073,2002-12-17 09:42:00.0,Abertura
2.02654,2.04109,2002-12-17 10:00:00.0,Intermediário
2.04071,2.0582,2002-12-17 10:30:00.0,Intermediário
2.0354,2.05001,2002-12-17 11:00:00.0,Intermediário
2.03242,2.04644,2002-12-17 11:30:00.0,Intermediário
2.02916,2.04259,2002-12-17 12:00:00.0,Intermediário
2.02868,2.0461,2002-12-17 12:30:00.0,Intermediário
2.02725,2.04466,2002-12-17 13:00:00.0,Intermediário
2.02589,2.03873,2002-12-17 13:30:00.0,Intermediário
2.02625,2.03909,2002-12-17 14:00:00.0,Intermediário
2.02232,2.03514,2002-12-17 14:32:00.0,Intermediário
2.01854,2.03192,2002-12-17 15:00:00.0,Intermediário
2.01438,2.02887,2002-12-17 15:30:00.0,Intermediário
2.01622,2.03072,2002-12-17 16:06:00.0,Intermediário
2.01551,2.03,2002-12-17 16:31:00.0,Fechamento Interbancário
2.02419,2.03026,2002-12-17 17:44:00.0,Fechamento
2.00033,2.01758,2002-12-18 09:54:00.0,Abertura
1.9961,2.01048,2002-12-18 10:00:00.0,Intermediário
1.98827,2.00374,2002-12-18 10:30:00.0,Intermediário
1.99081,2.008,2002-12-18 11:00:00.0,Intermediário
1.99645,2.01084,2002-12-18 11:30:00.0,Intermediário
1.9961,2.01049,2002-12-18 12:00:00.0,Intermediário
1.99258,2.00694,2002-12-18 12:30:00.0,Intermediário
1.99716,2.01155,2002-12-18 13:00:00.0,Intermediário
1.99292,2.00729,2002-12-18 13:30:00.0,Intermediário
1.99363,2.008,2002-12-18 14:00:00.0,Intermediário
1.9961,2.01048,2002-12-18 14:30:00.0,Intermediário
1.98587,2.0002,2002-12-18 15:00:00.0,Intermediário
1.99039,2.00304,2002-12-18 15:30:00.0,Intermediário
1.98271,1.99646,2002-12-18 16:00:00.0,Intermediário
1.98517,1.99949,2002-12-18 16:31:00.0,Fechamento Interbancário
1.99496,2.00094,2002-12-18 17:39:00.0,Fechamento
1.98834,2.00551,2002-12-19 09:55:00.0,Abertura
1.99258,2.00977,2002-12-19 10:00:00.0,Intermediário
1.98545,1.99807,2002-12-19 10:30:00.0,Intermediário
1.98305,1.99736,2002-12-19 11:00:00.0,Intermediário
1.982,1.9963,2002-12-19 11:30:00.0,Intermediário
1.98314,1.99631,2002-12-19 12:00:00.0,Intermediário
1.98025,1.99454,2002-12-19 12:30:00.0,Intermediário
1.97193,1.98504,2002-12-19 13:00:00.0,Intermediário
1.97242,1.9861,2002-12-19 13:30:00.0,Intermediário
1.97137,1.98504,2002-12-19 14:00:00.0,Intermediário
1.97137,1.98504,2002-12-19 14:30:00.0,Intermediário
1.95303,1.96943,2002-12-19 15:00:00.0,Intermediário
1.9598,1.97397,2002-12-19 15:30:00.0,Intermediário
1.95801,1.97218,2002-12-19 16:00:00.0,Intermediário
1.96118,1.97536,2002-12-19 16:30:00.0,Fechamento Interbancário
1.98046,1.9864,2002-12-19 17:38:00.0,Fechamento
1.93792,1.95481,2002-12-20 09:56:00.0,Abertura
1.93552,1.95239,2002-12-20 10:00:00.0,Intermediário
1.93726,1.9496,2002-12-20 10:30:00.0,Intermediário
1.92799,1.94198,2002-12-20 11:00:00.0,Intermediário
1.92211,1.93777,2002-12-20 11:30:00.0,Intermediário
1.92844,1.94243,2002-12-20 12:00:00.0,Intermediário
1.9211,1.93504,2002-12-20 12:30:00.0,Intermediário
1.91837,1.93231,2002-12-20 13:00:00.0,Intermediário
1.91054,1.92444,2002-12-20 13:30:00.0,Intermediário
1.9085,1.92239,2002-12-20 14:00:00.0,Intermediário
1.90987,1.92375,2002-12-20 14:30:00.0,Intermediário
1.92278,1.93674,2002-12-20 15:00:00.0,Intermediário
1.94067,1.95361,2002-12-20 15:30:00.0,Intermediário
1.94627,1.96318,2002-12-20 16:00:00.0,Intermediário
1.95011,1.96423,2002-12-20 16:30:00.0,Fechamento Interbancário
1.9257,1.9315,2002-12-20 17:43:00.0,Fechamento
1.93875,1.95563,2002-12-23 09:48:00.0,Abertura
1.93881,1.95569,2002-12-23 10:00:00.0,Intermediário
1.95316,1.96842,2002-12-23 10:30:00.0,Intermediário
1.96342,1.98043,2002-12-23 11:00:00.0,Intermediário
1.95222,1.96635,2002-12-23 11:30:00.0,Intermediário
1.9574,1.97156,2002-12-23 12:00:00.0,Intermediário
1.95844,1.97149,2002-12-23 12:30:00.0,Intermediário
1.95885,1.97302,2002-12-23 13:00:00.0,Intermediário
1.9592,1.97337,2002-12-23 13:30:00.0,Intermediário
1.95676,1.97092,2002-12-23 14:00:00.0,Intermediário
1.95746,1.97162,2002-12-23 14:30:00.0,Intermediário
1.95992,1.9741,2002-12-23 15:00:00.0,Intermediário
1.96244,1.97663,2002-12-23 15:30:00.0,Intermediário
1.96552,1.98086,2002-12-23 16:00:00.0,Intermediário
1.96727,1.98262,2002-12-23 16:30:00.0,Fechamento Interbancário
1.96329,1.9692,2002-12-23 18:01:00.0,Fechamento
1.96724,1.98429,2002-12-24 09:13:00.0,Abertura
1.96831,1.98253,2002-12-24 10:00:00.0,Intermediário
1.96901,1.98323,2002-12-24 10:30:00.0,Intermediário
1.96824,1.9819,2002-12-24 11:00:00.0,Intermediário
1.96929,1.98296,2002-12-24 11:30:00.0,Fechamento Interbancário
1.97208,1.978,2002-12-24 11:41:00.0,Fechamento
1.96901,1.98606,2002-12-26 09:53:00.0,Abertura
1.96726,1.9843,2002-12-26 10:00:00.0,Intermediário
1.97991,1.99702,2002-12-26 10:42:00.0,Intermediário
1.97955,1.99667,2002-12-26 11:00:00.0,Intermediário
1.97674,1.99102,2002-12-26 11:30:00.0,Intermediário
1.97428,1.98855,2002-12-26 12:00:00.0,Intermediário
1.98018,1.99447,2002-12-26 12:30:00.0,Intermediário
1.98446,1.99878,2002-12-26 13:00:00.0,Intermediário
1.98446,1.99878,2002-12-26 13:30:00.0,Intermediário
1.98517,1.99949,2002-12-26 14:00:00.0,Intermediário
1.98411,1.99843,2002-12-26 14:30:00.0,Intermediário
1.98446,1.99878,2002-12-26 15:00:00.0,Intermediário
1.98375,1.99694,2002-12-26 15:30:00.0,Intermediário
1.99394,2.01114,2002-12-26 16:00:00.0,Intermediário
1.99536,2.01257,2002-12-26 16:30:00.0,Fechamento Interbancário
1.9853,1.99127,2002-12-26 17:41:00.0,Fechamento
1.99501,2.01221,2002-12-27 09:54:00.0,Abertura
1.99501,2.01221,2002-12-27 09:54:00.0,Intermediário
1.98199,1.99461,2002-12-27 10:30:00.0,Intermediário
1.9925,2.00686,2002-12-27 12:53:00.0,Intermediário
1.98444,1.99876,2002-12-27 13:00:00.0,Intermediário
1.97914,1.99343,2002-12-27 13:11:00.0,Intermediário
1.97838,1.9921,2002-12-27 13:18:00.0,Intermediário
1.9896,2.00395,2002-12-27 13:23:00.0,Intermediário
1.9893,2.00365,2002-12-27 13:30:00.0,Intermediário
1.98895,2.00329,2002-12-27 14:00:00.0,Intermediário
1.99001,2.00437,2002-12-27 14:30:00.0,Intermediário
1.98615,2.00161,2002-12-27 15:00:00.0,Intermediário
1.97637,1.99233,2002-12-27 15:30:00.0,Intermediário
1.9777,1.99085,2002-12-27 16:00:00.0,Intermediário
1.97993,1.99367,2002-12-27 16:30:00.0,Fechamento Interbancário
1.9877,1.99368,2002-12-27 17:42:00.0,Fechamento
1.9634,1.98042,2002-12-30 09:57:00.0,Abertura
1.9627,1.97972,2002-12-30 10:00:00.0,Intermediário
1.96937,1.9836,2002-12-30 10:30:00.0,Intermediário
1.98201,1.99632,2002-12-30 11:00:00.0,Intermediário
1.98658,2.00091,2002-12-30 11:30:00.0,Intermediário
1.98278,1.99596,2002-12-30 12:00:00.0,Intermediário
1.97849,1.99278,2002-12-30 12:30:00.0,Intermediário
1.98348,1.99666,2002-12-30 13:00:00.0,Intermediário
1.98313,1.99631,2002-12-30 13:30:00.0,Intermediário
1.98595,1.99915,2002-12-30 14:00:00.0,Intermediário
1.98489,1.99808,2002-12-30 14:30:00.0,Intermediário
1.99151,2.007,2002-12-30 15:00:00.0,Intermediário
1.98764,2.0048,2002-12-30 15:30:00.0,Intermediário
1.99361,2.00798,2002-12-30 16:00:00.0,Intermediário
1.98799,2.00515,2002-12-30 16:30:00.0,Fechamento Interbancário
1.99275,1.99873,2002-12-30 17:50:00.0,Fechamento
1.99363,2.00562,2002-12-31 09:38:00.0,Abertura
1.99046,2.00243,2002-12-31 10:00:00.0,Intermediário
1.98905,2.00101,2002-12-31 10:30:00.0,Intermediário
1.99116,2.00314,2002-12-31 11:00:00.0,Intermediário
1.99081,2.00278,2002-12-31 11:30:00.0,Fechamento Interbancário
1.99416,2.00014,2002-12-31 12:17:00.0,Fechamento
