cotacaoCompra,cotacaoVenda,dataHoraCotacao,tipoBoletim
1.56199,1.5713,2010-01-04 09:23:00.0,Abertura
1.56453,1.56669,2010-01-04 09:30:00.0,Intermediário
1.56388,1.56639,2010-01-04 10:00:00.0,Intermediário
1.56559,1.56773,2010-01-04 10:30:00.0,Intermediário
1.56517,1.56731,2010-01-04 11:00:00.0,Intermediário
1.56869,1.57092,2010-01-04 11:30:00.0,Intermediário
1.56963,1.57177,2010-01-04 12:00:00.0,Intermediário
1.56824,1.57034,2010-01-04 12:30:00.0,Intermediário
1.56675,1.56915,2010-01-04 13:00:00.0,Intermediário
1.5708,1.57304,2010-01-04 13:30:00.0,Intermediário
1.57386,1.57596,2010-01-04 14:00:00.0,Intermediário
1.57351,1.57587,2010-01-04 14:30:00.0,Intermediário
1.5706,1.57279,2010-01-04 15:00:00.0,Intermediário
1.56972,1.57232,2010-01-04 15:30:00.0,Intermediário
1.56881,1.57133,2010-01-04 16:00:00.0,Intermediário
1.56785,1.5701,2010-01-04 16:30:00.0,Fechamento Interbancário
1.57259,1.57375,2010-01-04 17:37:00.0,Fechamento
1.56814,1.57779,2010-01-05 09:22:00.0,Abertura
1.57294,1.57508,2010-01-05 09:30:00.0,Intermediário
1.5736,1.57582,2010-01-05 10:00:00.0,Intermediário
1.57392,1.57609,2010-01-05 10:30:00.0,Intermediário
1.57003,1.57222,2010-01-05 11:00:00.0,Intermediário
1.57334,1.57554,2010-01-05 11:30:00.0,Intermediário
1.5707,1.57287,2010-01-05 12:00:00.0,Intermediário
1.57281,1.57498,2010-01-05 12:30:00.0,Intermediário
1.57425,1.57653,2010-01-05 13:00:00.0,Intermediário
1.57505,1.57722,2010-01-05 13:30:00.0,Intermediário
1.57639,1.57865,2010-01-05 14:00:00.0,Intermediário
1.57353,1.5757,2010-01-05 14:30:00.0,Intermediário
1.57991,1.58226,2010-01-05 15:00:00.0,Intermediário
1.57715,1.57958,2010-01-05 15:30:00.0,Intermediário
1.57592,1.57811,2010-01-05 16:00:00.0,Intermediário
1.57564,1.57789,2010-01-05 16:30:00.0,Fechamento Interbancário
1.56917,1.57033,2010-01-05 17:35:00.0,Fechamento
1.57927,1.58872,2010-01-06 09:22:00.0,Abertura
1.58394,1.58601,2010-01-06 09:30:00.0,Intermediário
1.58527,1.5874,2010-01-06 10:00:00.0,Intermediário
1.58696,1.58921,2010-01-06 10:30:00.0,Intermediário
1.58295,1.58513,2010-01-06 11:00:00.0,Intermediário
1.58613,1.58806,2010-01-06 11:30:00.0,Intermediário
1.58665,1.58891,2010-01-06 12:00:00.0,Intermediário
1.58969,1.59161,2010-01-06 12:30:00.0,Intermediário
1.58656,1.58874,2010-01-06 13:00:00.0,Intermediário
1.58555,1.58772,2010-01-06 13:30:00.0,Intermediário
1.58598,1.58812,2010-01-06 14:00:00.0,Intermediário
1.58841,1.59067,2010-01-06 14:30:00.0,Intermediário
1.58651,1.58866,2010-01-06 15:00:00.0,Intermediário
1.58797,1.59032,2010-01-06 15:30:00.0,Intermediário
1.59018,1.5928,2010-01-06 16:00:00.0,Intermediário
1.59396,1.59605,2010-01-06 16:30:00.0,Fechamento Interbancário
1.5902,1.59119,2010-01-06 17:34:00.0,Fechamento
1.59091,1.60044,2010-01-07 09:24:00.0,Abertura
1.59522,1.59715,2010-01-07 09:30:00.0,Intermediário
1.59409,1.59662,2010-01-07 10:00:00.0,Intermediário
1.59706,1.59924,2010-01-07 10:30:00.0,Intermediário
1.59721,1.59928,2010-01-07 11:00:00.0,Intermediário
1.59947,1.60167,2010-01-07 11:30:00.0,Intermediário
1.60116,1.60317,2010-01-07 12:00:00.0,Intermediário
1.59826,1.60045,2010-01-07 12:30:00.0,Intermediário
1.59638,1.59856,2010-01-07 13:00:00.0,Intermediário
1.59752,1.59964,2010-01-07 13:30:00.0,Intermediário
1.5957,1.5979,2010-01-07 14:00:00.0,Intermediário
1.59403,1.59623,2010-01-07 14:30:00.0,Intermediário
1.59516,1.59727,2010-01-07 15:00:00.0,Intermediário
1.59549,1.59761,2010-01-07 15:30:00.0,Intermediário
1.59749,1.59968,2010-01-07 16:00:00.0,Intermediário
1.59946,1.60175,2010-01-07 16:30:00.0,Fechamento Interbancário
1.59717,1.59836,2010-01-07 17:37:00.0,Fechamento
1.5981,1.60758,2010-01-08 09:22:00.0,Abertura
1.603,1.60501,2010-01-08 09:30:00.0,Intermediário
1.59814,1.60036,2010-01-08 10:00:00.0,Intermediário
1.60028,1.60246,2010-01-08 10:30:00.0,Intermediário
1.59707,1.59925,2010-01-08 11:00:00.0,Intermediário
1.60018,1.60273,2010-01-08 11:30:00.0,Intermediário
1.59852,1.60092,2010-01-08 12:00:00.0,Intermediário
1.5939,1.59627,2010-01-08 12:30:00.0,Intermediário
1.59386,1.59608,2010-01-08 13:00:00.0,Intermediário
1.59207,1.59426,2010-01-08 13:30:00.0,Intermediário
1.59499,1.59726,2010-01-08 14:00:00.0,Intermediário
1.59569,1.59794,2010-01-08 14:30:00.0,Intermediário
1.59722,1.59984,2010-01-08 15:00:00.0,Intermediário
1.59904,1.60141,2010-01-08 15:30:00.0,Intermediário
1.59587,1.59809,2010-01-08 16:00:00.0,Intermediário
1.59728,1.59964,2010-01-08 16:30:00.0,Fechamento Interbancário
1.60671,1.60797,2010-01-08 17:33:00.0,Fechamento
1.5988,1.60837,2010-01-11 09:22:00.0,Abertura
1.60325,1.60546,2010-01-11 09:30:00.0,Intermediário
1.60203,1.60413,2010-01-11 10:00:00.0,Intermediário
1.60319,1.6053,2010-01-11 10:30:00.0,Intermediário
1.60411,1.60623,2010-01-11 11:00:00.0,Intermediário
1.60725,1.60963,2010-01-11 11:30:00.0,Intermediário
1.60956,1.61169,2010-01-11 12:00:00.0,Intermediário
1.61054,1.61266,2010-01-11 12:30:00.0,Intermediário
1.61007,1.61201,2010-01-11 13:00:00.0,Intermediário
1.61007,1.61227,2010-01-11 13:30:00.0,Intermediário
1.6122,1.61444,2010-01-11 14:00:00.0,Intermediário
1.61003,1.61224,2010-01-11 14:30:00.0,Intermediário
1.60862,1.61074,2010-01-11 15:00:00.0,Intermediário
1.61115,1.61334,2010-01-11 15:30:00.0,Intermediário
1.61188,1.61399,2010-01-11 16:00:00.0,Intermediário
1.61227,1.61445,2010-01-11 16:30:00.0,Fechamento Interbancário
1.60995,1.611,2010-01-11 17:36:00.0,Fechamento
1.60661,1.61627,2010-01-12 09:22:00.0,Abertura
1.60671,1.6089,2010-01-12 09:30:00.0,Intermediário
1.61173,1.61402,2010-01-12 10:00:00.0,Intermediário
1.61503,1.61718,2010-01-12 10:30:00.0,Intermediário
1.61399,1.61615,2010-01-12 11:00:00.0,Intermediário
1.60703,1.60917,2010-01-12 11:30:00.0,Intermediário
1.60659,1.60879,2010-01-12 12:00:00.0,Intermediário
1.60905,1.61168,2010-01-12 12:30:00.0,Intermediário
1.61062,1.61264,2010-01-12 13:00:00.0,Intermediário
1.60782,1.61046,2010-01-12 13:30:00.0,Intermediário
1.60833,1.61042,2010-01-12 14:00:00.0,Intermediário
1.60906,1.61126,2010-01-12 14:30:00.0,Intermediário
1.60661,1.60877,2010-01-12 15:00:00.0,Intermediário
1.60375,1.60598,2010-01-12 15:30:00.0,Intermediário
1.6066,1.60868,2010-01-12 16:00:00.0,Intermediário
1.60213,1.60414,2010-01-12 16:30:00.0,Fechamento Interbancário
1.59947,1.60038,2010-01-12 17:37:00.0,Fechamento
1.60586,1.6155,2010-01-13 09:26:00.0,Abertura
1.61016,1.61228,2010-01-13 09:30:00.0,Intermediário
1.60503,1.60811,2010-01-13 10:00:00.0,Intermediário
1.60808,1.6102,2010-01-13 10:30:00.0,Intermediário
1.60829,1.61042,2010-01-13 11:00:00.0,Intermediário
1.61014,1.61234,2010-01-13 11:30:00.0,Intermediário
1.61066,1.6133,2010-01-13 12:00:00.0,Intermediário
1.60947,1.61163,2010-01-13 12:30:00.0,Intermediário
1.60882,1.61128,2010-01-13 13:00:00.0,Intermediário
1.60412,1.6064,2010-01-13 13:30:00.0,Intermediário
1.61095,1.61314,2010-01-13 14:00:00.0,Intermediário
1.61411,1.61622,2010-01-13 14:30:00.0,Intermediário
1.61302,1.61521,2010-01-13 15:00:00.0,Intermediário
1.61595,1.61815,2010-01-13 15:30:00.0,Intermediário
1.6215,1.6237,2010-01-13 16:00:00.0,Intermediário
1.62176,1.6243,2010-01-13 16:30:00.0,Fechamento Interbancário
1.60829,1.60972,2010-01-13 17:34:00.0,Fechamento
1.63362,1.64321,2010-01-14 09:26:00.0,Abertura
1.63667,1.6388,2010-01-14 09:30:00.0,Intermediário
1.63623,1.63844,2010-01-14 10:00:00.0,Intermediário
1.64101,1.64324,2010-01-14 10:30:00.0,Intermediário
1.63911,1.64123,2010-01-14 11:00:00.0,Intermediário
1.63743,1.63999,2010-01-14 11:30:00.0,Intermediário
1.63703,1.63904,2010-01-14 12:00:00.0,Intermediário
1.64018,1.64227,2010-01-14 12:30:00.0,Intermediário
1.6404,1.64264,2010-01-14 13:00:00.0,Intermediário
1.6437,1.64593,2010-01-14 13:30:00.0,Intermediário
1.64034,1.64291,2010-01-14 14:00:00.0,Intermediário
1.64817,1.65041,2010-01-14 14:30:00.0,Intermediário
1.64384,1.64616,2010-01-14 15:00:00.0,Intermediário
1.64291,1.64539,2010-01-14 15:30:00.0,Intermediário
1.64056,1.64274,2010-01-14 16:00:00.0,Intermediário
1.64153,1.6441,2010-01-14 16:30:00.0,Fechamento Interbancário
1.64246,1.64391,2010-01-14 17:42:00.0,Fechamento
1.63088,1.64046,2010-01-15 09:23:00.0,Abertura
1.63612,1.63857,2010-01-15 09:30:00.0,Intermediário
1.63665,1.63871,2010-01-15 10:00:00.0,Intermediário
1.63245,1.63474,2010-01-15 10:30:00.0,Intermediário
1.63413,1.63642,2010-01-15 11:00:00.0,Intermediário
1.63606,1.63826,2010-01-15 11:30:00.0,Intermediário
1.63414,1.63634,2010-01-15 12:00:00.0,Intermediário
1.63292,1.63525,2010-01-15 12:30:00.0,Intermediário
1.6287,1.63092,2010-01-15 13:00:00.0,Intermediário
1.63121,1.6336,2010-01-15 13:30:00.0,Intermediário
1.63167,1.63387,2010-01-15 14:00:00.0,Intermediário
1.63031,1.63243,2010-01-15 14:30:00.0,Intermediário
1.63105,1.63332,2010-01-15 15:00:00.0,Intermediário
1.63208,1.63428,2010-01-15 15:30:00.0,Intermediário
1.63325,1.63547,2010-01-15 16:00:00.0,Intermediário
1.6327,1.63501,2010-01-15 16:30:00.0,Fechamento Interbancário
1.63298,1.63418,2010-01-15 17:40:00.0,Fechamento
1.63483,1.64465,2010-01-18 09:26:00.0,Abertura
1.63743,1.63945,2010-01-18 09:30:00.0,Intermediário
1.63726,1.6397,2010-01-18 10:00:00.0,Intermediário
1.6366,1.63884,2010-01-18 10:30:00.0,Intermediário
1.64028,1.64251,2010-01-18 11:00:00.0,Intermediário
1.64326,1.64569,2010-01-18 11:30:00.0,Intermediário
1.63987,1.64197,2010-01-18 12:00:00.0,Intermediário
1.64127,1.64357,2010-01-18 12:30:00.0,Intermediário
1.63595,1.63818,2010-01-18 13:00:00.0,Intermediário
1.63519,1.63744,2010-01-18 13:30:00.0,Intermediário
1.63417,1.63655,2010-01-18 14:00:00.0,Intermediário
1.63616,1.63841,2010-01-18 14:30:00.0,Intermediário
1.63616,1.63868,2010-01-18 15:00:00.0,Intermediário
1.63758,1.64,2010-01-18 15:30:00.0,Intermediário
1.63751,1.64002,2010-01-18 16:00:00.0,Intermediário
1.63563,1.63801,2010-01-18 16:30:00.0,Fechamento Interbancário
1.64146,1.64274,2010-01-18 17:33:00.0,Fechamento
1.63052,1.64045,2010-01-19 09:24:00.0,Abertura
1.63311,1.63552,2010-01-19 09:30:00.0,Intermediário
1.633,1.63541,2010-01-19 10:00:00.0,Intermediário
1.63255,1.6351,2010-01-19 10:30:00.0,Intermediário
1.63277,1.63541,2010-01-19 11:00:00.0,Intermediário
1.63286,1.63506,2010-01-19 11:30:00.0,Intermediário
1.63151,1.63388,2010-01-19 12:00:00.0,Intermediário
1.63303,1.63558,2010-01-19 12:30:00.0,Intermediário
1.6361,1.63823,2010-01-19 13:00:00.0,Intermediário
1.63428,1.63643,2010-01-19 13:30:00.0,Intermediário
1.63728,1.63946,2010-01-19 14:00:00.0,Intermediário
1.63584,1.63797,2010-01-19 14:30:00.0,Intermediário
1.63825,1.64017,2010-01-19 15:00:00.0,Intermediário
1.6391,1.6413,2010-01-19 15:30:00.0,Intermediário
1.63725,1.63945,2010-01-19 16:00:00.0,Intermediário
1.6355,1.6377,2010-01-19 16:30:00.0,Fechamento Interbancário
1.6391,1.6402,2010-01-19 17:36:00.0,Fechamento
1.62493,1.63427,2010-01-20 09:21:00.0,Abertura
1.62838,1.63063,2010-01-20 09:30:00.0,Intermediário
1.62568,1.62793,2010-01-20 10:00:00.0,Intermediário
1.62864,1.63075,2010-01-20 10:30:00.0,Intermediário
1.63087,1.63334,2010-01-20 11:00:00.0,Intermediário
1.63371,1.63626,2010-01-20 11:31:00.0,Intermediário
1.62822,1.63035,2010-01-20 12:00:00.0,Intermediário
1.62859,1.63078,2010-01-20 12:30:00.0,Intermediário
1.62954,1.6316,2010-01-20 13:00:00.0,Intermediário
1.62596,1.62797,2010-01-20 13:30:00.0,Intermediário
1.62706,1.62924,2010-01-20 14:00:00.0,Intermediário
1.62456,1.62674,2010-01-20 14:30:00.0,Intermediário
1.62641,1.62858,2010-01-20 15:00:00.0,Intermediário
1.62638,1.62856,2010-01-20 15:30:00.0,Intermediário
1.62649,1.62908,2010-01-20 16:00:00.0,Intermediário
1.62641,1.6284,2010-01-20 16:30:00.0,Fechamento Interbancário
1.6206,1.6215,2010-01-20 17:32:00.0,Fechamento
1.62309,1.63245,2010-01-21 09:25:00.0,Abertura
1.62579,1.62806,2010-01-21 09:30:00.0,Intermediário
1.62743,1.62964,2010-01-21 10:00:00.0,Intermediário
1.62426,1.62671,2010-01-21 10:30:00.0,Intermediário
1.6256,1.62796,2010-01-21 11:00:00.0,Intermediário
1.62544,1.62797,2010-01-21 11:30:00.0,Intermediário
1.62722,1.6294,2010-01-21 12:00:00.0,Intermediário
1.62903,1.63108,2010-01-21 12:30:00.0,Intermediário
1.63117,1.63334,2010-01-21 13:00:00.0,Intermediário
1.62403,1.62604,2010-01-21 13:30:00.0,Intermediário
1.61894,1.62108,2010-01-21 14:00:00.0,Intermediário
1.62868,1.6313,2010-01-21 14:30:00.0,Intermediário
1.6303,1.63244,2010-01-21 15:00:00.0,Intermediário
1.6262,1.62846,2010-01-21 15:30:00.0,Intermediário
1.6272,1.62954,2010-01-21 16:00:00.0,Intermediário
1.6263,1.62864,2010-01-21 16:30:00.0,Fechamento Interbancário
1.61771,1.61897,2010-01-21 17:38:00.0,Fechamento
1.62681,1.63641,2010-01-22 09:23:00.0,Abertura
1.62753,1.62958,2010-01-22 09:30:00.0,Intermediário
1.63569,1.63822,2010-01-22 10:00:00.0,Intermediário
1.63458,1.63671,2010-01-22 10:30:00.0,Intermediário
1.63551,1.63767,2010-01-22 11:00:00.0,Intermediário
1.64165,1.64375,2010-01-22 11:30:00.0,Intermediário
1.647,1.64919,2010-01-22 12:00:00.0,Intermediário
1.65407,1.65615,2010-01-22 12:30:00.0,Intermediário
1.64941,1.65153,2010-01-22 13:00:00.0,Intermediário
1.65322,1.65516,2010-01-22 13:30:00.0,Intermediário
1.64634,1.64868,2010-01-22 14:00:00.0,Intermediário
1.64838,1.65065,2010-01-22 14:30:00.0,Intermediário
1.64594,1.64804,2010-01-22 15:00:00.0,Intermediário
1.64214,1.64471,2010-01-22 15:30:00.0,Intermediário
1.64149,1.64402,2010-01-22 16:00:00.0,Intermediário
1.63893,1.64112,2010-01-22 16:30:00.0,Fechamento Interbancário
1.64336,1.64447,2010-01-22 17:32:00.0,Fechamento
1.63188,1.64156,2010-01-25 09:23:00.0,Abertura
1.63423,1.63622,2010-01-25 09:30:00.0,Intermediário
1.63252,1.63469,2010-01-25 10:00:00.0,Intermediário
1.6424,1.64448,2010-01-25 10:30:00.0,Intermediário
1.64312,1.64531,2010-01-25 11:00:00.0,Intermediário
1.64176,1.64406,2010-01-25 11:30:00.0,Intermediário
1.64025,1.64288,2010-01-25 12:00:00.0,Intermediário
1.64331,1.64546,2010-01-25 12:30:00.0,Intermediário
1.64355,1.64589,2010-01-25 13:00:00.0,Intermediário
1.64348,1.64565,2010-01-25 13:30:00.0,Intermediário
1.6426,1.64464,2010-01-25 14:00:00.0,Intermediário
1.64102,1.64301,2010-01-25 14:30:00.0,Intermediário
1.64184,1.64401,2010-01-25 15:00:00.0,Intermediário
1.64193,1.64415,2010-01-25 15:30:00.0,Intermediário
1.64591,1.64799,2010-01-25 16:00:00.0,Intermediário
1.64465,1.64661,2010-01-25 16:30:00.0,Fechamento Interbancário
1.6452,1.64607,2010-01-25 17:33:00.0,Fechamento
1.64059,1.6499,2010-01-26 09:22:00.0,Abertura
1.64216,1.64432,2010-01-26 09:30:00.0,Intermediário
1.64303,1.64542,2010-01-26 10:00:00.0,Intermediário
1.64529,1.64758,2010-01-26 10:30:00.0,Intermediário
1.64583,1.64818,2010-01-26 11:00:00.0,Intermediário
1.6454,1.64762,2010-01-26 11:30:00.0,Intermediário
1.64882,1.65098,2010-01-26 12:00:00.0,Intermediário
1.65183,1.65406,2010-01-26 12:30:00.0,Intermediário
1.65275,1.655,2010-01-26 13:00:00.0,Intermediário
1.6521,1.65417,2010-01-26 13:30:00.0,Intermediário
1.65469,1.65667,2010-01-26 14:00:00.0,Intermediário
1.65429,1.65659,2010-01-26 14:30:00.0,Intermediário
1.65205,1.65431,2010-01-26 15:00:00.0,Intermediário
1.6481,1.65045,2010-01-26 15:30:00.0,Intermediário
1.64875,1.6509,2010-01-26 16:00:00.0,Intermediário
1.65071,1.65313,2010-01-26 16:30:00.0,Fechamento Interbancário
1.65242,1.65376,2010-01-26 17:35:00.0,Fechamento
1.64726,1.65684,2010-01-27 09:25:00.0,Abertura
1.64992,1.65212,2010-01-27 09:30:00.0,Intermediário
1.65532,1.65751,2010-01-27 10:00:00.0,Intermediário
1.65668,1.65905,2010-01-27 10:30:00.0,Intermediário
1.65869,1.66082,2010-01-27 11:00:00.0,Intermediário
1.65969,1.66204,2010-01-27 11:30:00.0,Intermediário
1.66149,1.66366,2010-01-27 12:00:00.0,Intermediário
1.66134,1.66332,2010-01-27 12:30:00.0,Intermediário
1.66282,1.66517,2010-01-27 13:00:00.0,Intermediário
1.6657,1.66823,2010-01-27 13:30:00.0,Intermediário
1.66598,1.66796,2010-01-27 14:00:00.0,Intermediário
1.66588,1.66788,2010-01-27 14:30:00.0,Intermediário
1.65933,1.6616,2010-01-27 15:00:00.0,Intermediário
1.66354,1.66576,2010-01-27 15:30:00.0,Intermediário
1.66893,1.67108,2010-01-27 16:00:00.0,Intermediário
1.65895,1.66111,2010-01-27 16:30:00.0,Fechamento Interbancário
1.65314,1.65423,2010-01-27 17:36:00.0,Fechamento
1.66469,1.67433,2010-01-28 09:23:00.0,Abertura
1.6678,1.66979,2010-01-28 09:30:00.0,Intermediário
1.66832,1.67048,2010-01-28 10:00:00.0,Intermediário
1.66463,1.66682,2010-01-28 10:30:00.0,Intermediário
1.66378,1.66618,2010-01-28 11:00:00.0,Intermediário
1.66607,1.66817,2010-01-28 11:30:00.0,Intermediário
1.66921,1.67157,2010-01-28 12:00:00.0,Intermediário
1.67069,1.67305,2010-01-28 12:30:00.0,Intermediário
1.66637,1.66851,2010-01-28 13:00:00.0,Intermediário
1.66848,1.67084,2010-01-28 13:30:00.0,Intermediário
1.667,1.66935,2010-01-28 14:00:00.0,Intermediário
1.66986,1.67195,2010-01-28 14:30:00.0,Intermediário
1.6741,1.67617,2010-01-28 15:00:00.0,Intermediário
1.67417,1.67652,2010-01-28 15:30:00.0,Intermediário
1.67412,1.67647,2010-01-28 16:00:00.0,Intermediário
1.67104,1.67321,2010-01-28 16:30:00.0,Fechamento Interbancário
1.66226,1.66335,2010-01-28 17:35:00.0,Fechamento
1.665,1.67432,2010-01-29 09:20:00.0,Abertura
1.67011,1.67209,2010-01-29 09:30:00.0,Intermediário
1.6634,1.66547,2010-01-29 10:00:00.0,Intermediário
1.66424,1.66636,2010-01-29 10:30:00.0,Intermediário
1.66563,1.66781,2010-01-29 11:00:00.0,Intermediário
1.66612,1.66806,2010-01-29 11:30:00.0,Intermediário
1.66409,1.66615,2010-01-29 12:00:00.0,Intermediário
1.66401,1.66637,2010-01-29 12:30:00.0,Intermediário
1.65805,1.66039,2010-01-29 13:00:00.0,Intermediário
1.66419,1.66663,2010-01-29 13:30:00.0,Intermediário
1.65841,1.66028,2010-01-29 14:00:00.0,Intermediário
1.65882,1.66108,2010-01-29 14:30:00.0,Intermediário
1.66163,1.66389,2010-01-29 15:00:00.0,Intermediário
1.66933,1.67186,2010-01-29 15:30:00.0,Intermediário
1.67276,1.6752,2010-01-29 16:00:00.0,Intermediário
1.67099,1.67324,2010-01-29 16:30:00.0,Fechamento Interbancário
1.66301,1.66419,2010-01-29 17:34:00.0,Fechamento
1.65785,1.66715,2010-02-01 09:21:00.0,Abertura
1.66012,1.66264,2010-02-01 09:30:00.0,Intermediário
1.6626,1.665,2010-02-01 10:00:00.0,Intermediário
1.66297,1.66513,2010-02-01 10:30:00.0,Intermediário
1.6594,1.66156,2010-02-01 11:00:00.0,Intermediário
1.65963,1.66194,2010-02-01 11:30:00.0,Intermediário
1.66515,1.66752,2010-02-01 12:00:00.0,Intermediário
1.66109,1.66361,2010-02-01 12:30:00.0,Intermediário
1.65471,1.65686,2010-02-01 13:00:00.0,Intermediário
1.6592,1.66135,2010-02-01 13:30:00.0,Intermediário
1.65481,1.65737,2010-02-01 14:00:00.0,Intermediário
1.65612,1.65818,2010-02-01 14:30:00.0,Intermediário
1.65547,1.65743,2010-02-01 15:00:00.0,Intermediário
1.65788,1.65999,2010-02-01 15:30:00.0,Intermediário
1.65251,1.65467,2010-02-01 16:00:00.0,Intermediário
1.65438,1.65666,2010-02-01 16:30:00.0,Fechamento Interbancário
1.66995,1.67117,2010-02-01 17:33:00.0,Fechamento
1.62552,1.635,2010-02-02 09:16:00.0,Abertura
1.62883,1.63096,2010-02-02 09:30:00.0,Intermediário
1.62343,1.62557,2010-02-02 10:00:00.0,Intermediário
1.62707,1.6295,2010-02-02 10:30:00.0,Intermediário
1.62407,1.62635,2010-02-02 11:00:00.0,Intermediário
1.62623,1.62858,2010-02-02 11:30:00.0,Intermediário
1.62484,1.62699,2010-02-02 12:00:00.0,Intermediário
1.62512,1.62724,2010-02-02 12:30:00.0,Intermediário
1.62148,1.62398,2010-02-02 13:00:00.0,Intermediário
1.62792,1.63015,2010-02-02 13:30:00.0,Intermediário
1.62302,1.62498,2010-02-02 14:00:00.0,Intermediário
1.62351,1.62568,2010-02-02 14:30:00.0,Intermediário
1.61803,1.62004,2010-02-02 15:00:00.0,Intermediário
1.61851,1.62065,2010-02-02 15:30:00.0,Intermediário
1.61564,1.61782,2010-02-02 16:00:00.0,Intermediário
1.61815,1.62065,2010-02-02 16:30:00.0,Fechamento Interbancário
1.62478,1.62623,2010-02-02 17:32:00.0,Fechamento
1.61533,1.62459,2010-02-03 09:36:00.0,Abertura
1.61834,1.62049,2010-02-03 09:41:00.0,Intermediário
1.61907,1.62124,2010-02-03 10:00:00.0,Intermediário
1.62336,1.62538,2010-02-03 10:30:00.0,Intermediário
1.62684,1.6289,2010-02-03 11:00:00.0,Intermediário
1.62688,1.62884,2010-02-03 11:30:00.0,Intermediário
1.6272,1.62925,2010-02-03 12:00:00.0,Intermediário
1.62805,1.63022,2010-02-03 12:30:00.0,Intermediário
1.62535,1.62752,2010-02-03 13:00:00.0,Intermediário
1.62604,1.6282,2010-02-03 13:30:00.0,Intermediário
1.62772,1.62984,2010-02-03 14:00:00.0,Intermediário
1.62809,1.6303,2010-02-03 14:30:00.0,Intermediário
1.63087,1.63315,2010-02-03 15:00:00.0,Intermediário
1.62994,1.63196,2010-02-03 15:30:00.0,Intermediário
1.6283,1.63035,2010-02-03 16:00:00.0,Intermediário
1.62512,1.62748,2010-02-03 16:30:00.0,Fechamento Interbancário
1.61709,1.61839,2010-02-03 17:35:00.0,Fechamento
1.63712,1.64629,2010-02-04 09:25:00.0,Abertura
1.64335,1.64543,2010-02-04 09:30:00.0,Intermediário
1.6418,1.64394,2010-02-04 10:00:00.0,Intermediário
1.63716,1.63929,2010-02-04 10:30:00.0,Intermediário
1.63743,1.63958,2010-02-04 11:00:00.0,Intermediário
1.63843,1.64094,2010-02-04 11:30:00.0,Intermediário
1.64074,1.64285,2010-02-04 12:00:00.0,Intermediário
1.63786,1.63997,2010-02-04 12:30:00.0,Intermediário
1.63747,1.63959,2010-02-04 13:00:00.0,Intermediário
1.63604,1.63814,2010-02-04 13:30:00.0,Intermediário
1.63534,1.63725,2010-02-04 14:00:00.0,Intermediário
1.63975,1.64177,2010-02-04 14:30:00.0,Intermediário
1.63064,1.63274,2010-02-04 15:00:00.0,Intermediário
1.62992,1.63203,2010-02-04 15:30:00.0,Intermediário
1.63203,1.63414,2010-02-04 16:00:00.0,Intermediário
1.632,1.63403,2010-02-04 16:30:00.0,Fechamento Interbancário
1.6222,1.62319,2010-02-04 17:33:00.0,Fechamento
1.62188,1.6309,2010-02-05 09:26:00.0,Abertura
1.62748,1.6296,2010-02-05 09:30:00.0,Intermediário
1.62511,1.62703,2010-02-05 10:00:00.0,Intermediário
1.62392,1.62622,2010-02-05 10:30:00.0,Intermediário
1.62675,1.62887,2010-02-05 11:00:00.0,Intermediário
1.62135,1.62317,2010-02-05 11:30:00.0,Intermediário
1.62286,1.62497,2010-02-05 12:00:00.0,Intermediário
1.62272,1.62503,2010-02-05 12:30:00.0,Intermediário
1.6212,1.62366,2010-02-05 13:00:00.0,Intermediário
1.62347,1.62567,2010-02-05 13:30:00.0,Intermediário
1.62143,1.62332,2010-02-05 14:00:00.0,Intermediário
1.62327,1.62547,2010-02-05 14:30:00.0,Intermediário
1.62142,1.6233,2010-02-05 15:00:00.0,Intermediário
1.62291,1.62513,2010-02-05 15:30:00.0,Intermediário
1.62311,1.6252,2010-02-05 16:00:00.0,Intermediário
1.62511,1.62734,2010-02-05 16:30:00.0,Fechamento Interbancário
1.61263,1.61383,2010-02-05 17:35:00.0,Fechamento
1.62198,1.63123,2010-02-08 09:24:00.0,Abertura
1.62422,1.62672,2010-02-08 09:30:00.0,Intermediário
1.63094,1.63303,2010-02-08 10:00:00.0,Intermediário
1.63122,1.63331,2010-02-08 10:30:00.0,Intermediário
1.62818,1.6301,2010-02-08 11:00:00.0,Intermediário
1.62966,1.63196,2010-02-08 11:30:00.0,Intermediário
1.62856,1.63086,2010-02-08 12:00:00.0,Intermediário
1.62189,1.62432,2010-02-08 12:30:00.0,Intermediário
1.62558,1.62763,2010-02-08 13:00:00.0,Intermediário
1.62605,1.62834,2010-02-08 13:30:00.0,Intermediário
1.62516,1.62727,2010-02-08 14:00:00.0,Intermediário
1.62108,1.62338,2010-02-08 14:30:00.0,Intermediário
1.62124,1.62306,2010-02-08 15:00:00.0,Intermediário
1.62058,1.62249,2010-02-08 15:30:00.0,Intermediário
1.62226,1.6243,2010-02-08 16:00:00.0,Intermediário
1.62345,1.62571,2010-02-08 16:30:00.0,Fechamento Interbancário
1.62363,1.62485,2010-02-08 17:33:00.0,Fechamento
1.61953,1.62855,2010-02-09 09:21:00.0,Abertura
1.62408,1.62612,2010-02-09 09:30:00.0,Intermediário
1.62392,1.62594,2010-02-09 10:00:00.0,Intermediário
1.62283,1.62487,2010-02-09 10:30:00.0,Intermediário
1.62547,1.62748,2010-02-09 11:00:00.0,Intermediário
1.6241,1.62607,2010-02-09 11:30:00.0,Intermediário
1.6204,1.62248,2010-02-09 12:00:00.0,Intermediário
1.62201,1.6245,2010-02-09 12:30:00.0,Intermediário
1.62032,1.6228,2010-02-09 13:00:00.0,Intermediário
1.6221,1.62404,2010-02-09 13:30:00.0,Intermediário
1.61702,1.61904,2010-02-09 14:00:00.0,Intermediário
1.61496,1.61726,2010-02-09 14:30:00.0,Intermediário
1.61849,1.62069,2010-02-09 15:00:00.0,Intermediário
1.62051,1.62263,2010-02-09 15:30:00.0,Intermediário
1.61557,1.61807,2010-02-09 16:00:00.0,Intermediário
1.6177,1.61982,2010-02-09 16:30:00.0,Fechamento Interbancário
1.62576,1.62684,2010-02-09 17:38:00.0,Fechamento
1.61058,1.61963,2010-02-10 09:16:00.0,Abertura
1.6127,1.61464,2010-02-10 09:30:00.0,Intermediário
1.6116,1.61409,2010-02-10 10:00:00.0,Intermediário
1.61497,1.61719,2010-02-10 10:30:00.0,Intermediário
1.61585,1.61779,2010-02-10 11:00:00.0,Intermediário
1.61792,1.62019,2010-02-10 11:30:00.0,Intermediário
1.61742,1.61972,2010-02-10 12:00:00.0,Intermediário
1.61445,1.61668,2010-02-10 12:30:00.0,Intermediário
1.61274,1.61486,2010-02-10 13:00:00.0,Intermediário
1.61433,1.61635,2010-02-10 13:30:00.0,Intermediário
1.6186,1.62068,2010-02-10 14:00:00.0,Intermediário
1.62148,1.62356,2010-02-10 14:30:00.0,Intermediário
1.62122,1.62333,2010-02-10 15:00:00.0,Intermediário
1.62097,1.62291,2010-02-10 15:30:00.0,Intermediário
1.6188,1.62111,2010-02-10 16:00:00.0,Intermediário
1.62111,1.62342,2010-02-10 16:31:00.0,Fechamento Interbancário
1.62155,1.62281,2010-02-10 17:32:00.0,Fechamento
1.63648,1.6459,2010-02-11 09:25:00.0,Abertura
1.63951,1.64165,2010-02-11 09:30:00.0,Intermediário
1.63823,1.64036,2010-02-11 10:00:00.0,Intermediário
1.63833,1.64038,2010-02-11 10:30:00.0,Intermediário
1.63899,1.64106,2010-02-11 11:00:00.0,Intermediário
1.63864,1.64078,2010-02-11 11:30:00.0,Intermediário
1.64377,1.6459,2010-02-11 12:00:00.0,Intermediário
1.64192,1.64395,2010-02-11 12:30:00.0,Intermediário
1.64019,1.64224,2010-02-11 13:00:00.0,Intermediário
1.64173,1.64419,2010-02-11 13:30:00.0,Intermediário
1.64384,1.64596,2010-02-11 14:00:00.0,Intermediário
1.64953,1.65187,2010-02-11 14:30:00.0,Intermediário
1.64565,1.64778,2010-02-11 15:00:00.0,Intermediário
1.64606,1.64811,2010-02-11 15:30:00.0,Intermediário
1.64432,1.64628,2010-02-11 16:00:00.0,Intermediário
1.64526,1.64761,2010-02-11 16:30:00.0,Fechamento Interbancário
1.64775,1.64904,2010-02-11 17:51:00.0,Fechamento
1.6323,1.64132,2010-02-12 09:21:00.0,Abertura
1.64061,1.64268,2010-02-12 09:30:00.0,Intermediário
1.64224,1.64436,2010-02-12 10:00:00.0,Intermediário
1.64266,1.64517,2010-02-12 10:30:00.0,Intermediário
1.64316,1.64541,2010-02-12 11:00:00.0,Intermediário
1.64257,1.64489,2010-02-12 11:30:00.0,Intermediário
1.64289,1.64475,2010-02-12 12:00:00.0,Intermediário
1.64084,1.6431,2010-02-12 12:30:00.0,Intermediário
1.64711,1.64915,2010-02-12 13:00:00.0,Intermediário
1.64043,1.64275,2010-02-12 13:30:00.0,Intermediário
1.63934,1.64136,2010-02-12 14:00:00.0,Intermediário
1.64215,1.64436,2010-02-12 14:30:00.0,Intermediário
1.64545,1.6475,2010-02-12 15:00:00.0,Intermediário
1.64437,1.64653,2010-02-12 15:30:00.0,Intermediário
1.64735,1.64948,2010-02-12 16:00:00.0,Intermediário
1.64317,1.64535,2010-02-12 16:30:00.0,Fechamento Interbancário
1.65131,1.65243,2010-02-12 17:35:00.0,Fechamento
1.65245,1.66179,2010-02-17 12:22:00.0,Abertura
1.65709,1.65922,2010-02-17 12:30:00.0,Intermediário
1.65732,1.65951,2010-02-17 13:00:00.0,Intermediário
1.65337,1.65535,2010-02-17 13:30:00.0,Intermediário
1.65049,1.65266,2010-02-17 14:00:00.0,Intermediário
1.64999,1.65227,2010-02-17 14:30:00.0,Intermediário
1.64878,1.65104,2010-02-17 15:00:00.0,Intermediário
1.64979,1.65196,2010-02-17 15:30:00.0,Intermediário
1.64715,1.64926,2010-02-17 16:00:00.0,Intermediário
1.64227,1.64441,2010-02-17 16:30:00.0,Fechamento Interbancário
1.64632,1.64738,2010-02-17 17:36:00.0,Fechamento
1.64264,1.65196,2010-02-18 09:24:00.0,Abertura
1.64495,1.64709,2010-02-18 09:30:00.0,Intermediário
1.64491,1.64696,2010-02-18 10:00:00.0,Intermediário
1.64752,1.64957,2010-02-18 10:30:00.0,Intermediário
1.64449,1.64666,2010-02-18 11:00:00.0,Intermediário
1.64186,1.64413,2010-02-18 11:30:00.0,Intermediário
1.64197,1.6444,2010-02-18 12:00:00.0,Intermediário
1.64214,1.64423,2010-02-18 12:30:00.0,Intermediário
1.64036,1.6425,2010-02-18 13:00:00.0,Intermediário
1.63753,1.63961,2010-02-18 13:30:00.0,Intermediário
1.64099,1.64298,2010-02-18 14:00:00.0,Intermediário
1.6356,1.6377,2010-02-18 14:30:00.0,Intermediário
1.6355,1.63766,2010-02-18 15:00:00.0,Intermediário
1.63614,1.63821,2010-02-18 15:30:00.0,Intermediário
1.63562,1.63782,2010-02-18 16:00:00.0,Intermediário
1.63617,1.63824,2010-02-18 16:30:00.0,Fechamento Interbancário
1.64048,1.64147,2010-02-18 17:36:00.0,Fechamento
1.61966,1.62911,2010-02-19 09:22:00.0,Abertura
1.62269,1.62484,2010-02-19 09:30:00.0,Intermediário
1.6222,1.62433,2010-02-19 10:00:00.0,Intermediário
1.61827,1.62045,2010-02-19 10:30:00.0,Intermediário
1.61705,1.61938,2010-02-19 11:00:00.0,Intermediário
1.61972,1.62223,2010-02-19 11:30:00.0,Intermediário
1.61761,1.61994,2010-02-19 12:00:00.0,Intermediário
1.62232,1.62447,2010-02-19 12:30:00.0,Intermediário
1.62069,1.62266,2010-02-19 13:00:00.0,Intermediário
1.62051,1.62266,2010-02-19 13:30:00.0,Intermediário
1.62312,1.6252,2010-02-19 14:00:00.0,Intermediário
1.61529,1.61736,2010-02-19 14:30:00.0,Intermediário
1.61619,1.6187,2010-02-19 15:00:00.0,Intermediário
1.61799,1.62005,2010-02-19 15:30:00.0,Intermediário
1.61693,1.61899,2010-02-19 16:00:00.0,Intermediário
1.61711,1.61927,2010-02-19 16:30:00.0,Fechamento Interbancário
1.62411,1.62519,2010-02-19 17:32:00.0,Fechamento
1.61748,1.62684,2010-02-22 09:28:00.0,Abertura
1.62,1.62205,2010-02-22 09:30:00.0,Intermediário
1.6209,1.62306,2010-02-22 10:00:00.0,Intermediário
1.61876,1.6209,2010-02-22 10:30:00.0,Intermediário
1.6218,1.62387,2010-02-22 11:00:00.0,Intermediário
1.62391,1.62605,2010-02-22 11:30:00.0,Intermediário
1.62846,1.63044,2010-02-22 12:00:00.0,Intermediário
1.62891,1.63089,2010-02-22 12:30:00.0,Intermediário
1.62819,1.63035,2010-02-22 13:00:00.0,Intermediário
1.62719,1.62944,2010-02-22 13:30:00.0,Intermediário
1.62764,1.6298,2010-02-22 14:00:00.0,Intermediário
1.62656,1.62872,2010-02-22 14:30:00.0,Intermediário
1.62663,1.62872,2010-02-22 15:00:00.0,Intermediário
1.62765,1.6299,2010-02-22 15:30:00.0,Intermediário
1.62828,1.63044,2010-02-22 16:00:00.0,Intermediário
1.62964,1.63162,2010-02-22 16:30:00.0,Fechamento Interbancário
1.62495,1.62585,2010-02-22 17:37:00.0,Fechamento
1.62864,1.638,2010-02-23 09:23:00.0,Abertura
1.63453,1.63668,2010-02-23 09:30:00.0,Intermediário
1.63657,1.63856,2010-02-23 10:00:00.0,Intermediário
1.63748,1.63963,2010-02-23 10:30:00.0,Intermediário
1.63928,1.64136,2010-02-23 11:00:00.0,Intermediário
1.6353,1.63737,2010-02-23 11:30:00.0,Intermediário
1.63359,1.63621,2010-02-23 12:00:00.0,Intermediário
1.6307,1.63284,2010-02-23 12:30:00.0,Intermediário
1.63288,1.63476,2010-02-23 13:00:00.0,Intermediário
1.62949,1.63148,2010-02-23 13:30:00.0,Intermediário
1.62798,1.63002,2010-02-23 14:00:00.0,Intermediário
1.62722,1.6293,2010-02-23 14:30:00.0,Intermediário
1.62521,1.62708,2010-02-23 15:00:00.0,Intermediário
1.62368,1.62574,2010-02-23 15:30:00.0,Intermediário
1.62357,1.62565,2010-02-23 16:00:00.0,Intermediário
1.6218,1.62393,2010-02-23 16:30:00.0,Fechamento Interbancário
1.61541,1.61646,2010-02-23 17:33:00.0,Fechamento
1.61566,1.625,2010-02-24 09:19:00.0,Abertura
1.62046,1.62261,2010-02-24 09:30:00.0,Intermediário
1.62317,1.62517,2010-02-24 10:00:00.0,Intermediário
1.62366,1.62562,2010-02-24 10:30:00.0,Intermediário
1.62533,1.62739,2010-02-24 11:00:00.0,Intermediário
1.62249,1.62456,2010-02-24 11:30:00.0,Intermediário
1.61967,1.62153,2010-02-24 12:00:00.0,Intermediário
1.61993,1.62205,2010-02-24 12:30:00.0,Intermediário
1.62566,1.6279,2010-02-24 13:00:00.0,Intermediário
1.62275,1.62499,2010-02-24 13:30:00.0,Intermediário
1.62529,1.62715,2010-02-24 14:00:00.0,Intermediário
1.62602,1.62808,2010-02-24 14:30:00.0,Intermediário
1.624,1.62606,2010-02-24 15:00:00.0,Intermediário
1.62508,1.62732,2010-02-24 15:30:00.0,Intermediário
1.6285,1.63056,2010-02-24 16:00:00.0,Intermediário
1.62883,1.63089,2010-02-24 16:30:00.0,Fechamento Interbancário
1.62481,1.6258,2010-02-24 17:38:00.0,Fechamento
1.62454,1.6338,2010-02-25 09:24:00.0,Abertura
1.62746,1.62949,2010-02-25 09:30:00.0,Intermediário
1.62716,1.62923,2010-02-25 10:00:00.0,Intermediário
1.62458,1.62676,2010-02-25 10:30:00.0,Intermediário
1.62061,1.62266,2010-02-25 11:00:00.0,Intermediário
1.61959,1.62161,2010-02-25 11:30:00.0,Intermediário
1.62093,1.62305,2010-02-25 12:00:00.0,Intermediário
1.61997,1.62213,2010-02-25 12:30:00.0,Intermediário
1.62058,1.62262,2010-02-25 13:00:00.0,Intermediário
1.61799,1.62023,2010-02-25 13:30:00.0,Intermediário
1.6159,1.61792,2010-02-25 14:00:00.0,Intermediário
1.61974,1.62159,2010-02-25 14:30:00.0,Intermediário
1.62297,1.62509,2010-02-25 15:00:00.0,Intermediário
1.62278,1.62483,2010-02-25 15:30:00.0,Intermediário
1.62516,1.62726,2010-02-25 16:00:00.0,Intermediário
1.62159,1.62373,2010-02-25 16:30:00.0,Fechamento Interbancário
1.62744,1.62852,2010-02-25 17:35:00.0,Fechamento
1.61479,1.62403,2010-02-26 09:21:00.0,Abertura
1.61479,1.61711,2010-02-26 09:30:00.0,Intermediário
1.61711,1.61962,2010-02-26 10:00:00.0,Intermediário
1.61711,1.61925,2010-02-26 10:30:00.0,Intermediário
1.61773,1.61989,2010-02-26 11:00:00.0,Intermediário
1.618,1.62011,2010-02-26 11:30:00.0,Intermediário
1.61718,1.61915,2010-02-26 12:00:00.0,Intermediário
1.62009,1.6226,2010-02-26 12:30:00.0,Intermediário
1.61945,1.62171,2010-02-26 13:00:00.0,Intermediário
1.61016,1.61244,2010-02-26 13:30:00.0,Intermediário
1.61106,1.6132,2010-02-26 14:00:00.0,Intermediário
1.61135,1.6135,2010-02-26 14:30:00.0,Intermediário
1.6119,1.61412,2010-02-26 15:00:00.0,Intermediário
1.61226,1.61441,2010-02-26 15:30:00.0,Intermediário
1.61693,1.61926,2010-02-26 16:00:00.0,Intermediário
1.61764,1.61979,2010-02-26 16:30:00.0,Fechamento Interbancário
1.6223,1.62338,2010-02-26 17:35:00.0,Fechamento
1.6152,1.62478,2010-03-01 09:26:00.0,Abertura
1.61915,1.62112,2010-03-01 09:30:00.0,Intermediário
1.61861,1.62083,2010-03-01 10:00:00.0,Intermediário
1.61836,1.62033,2010-03-01 10:30:00.0,Intermediário
1.61639,1.6189,2010-03-01 11:00:00.0,Intermediário
1.61312,1.61526,2010-03-01 11:30:00.0,Intermediário
1.60975,1.61226,2010-03-01 12:00:00.0,Intermediário
1.61085,1.61316,2010-03-01 12:30:00.0,Intermediário
1.61674,1.61906,2010-03-01 13:00:00.0,Intermediário
1.61784,1.62,2010-03-01 13:30:00.0,Intermediário
1.61894,1.62119,2010-03-01 14:00:00.0,Intermediário
1.61739,1.61946,2010-03-01 14:30:00.0,Intermediário
1.61514,1.61768,2010-03-01 15:00:00.0,Intermediário
1.6155,1.61775,2010-03-01 15:30:00.0,Intermediário
1.61478,1.6168,2010-03-01 16:00:00.0,Intermediário
1.61595,1.61807,2010-03-01 16:30:00.0,Fechamento Interbancário
1.61883,1.61987,2010-03-01 17:34:00.0,Fechamento
1.61243,1.62178,2010-03-02 09:23:00.0,Abertura
1.61603,1.61818,2010-03-02 09:30:00.0,Intermediário
1.61492,1.61744,2010-03-02 10:00:00.0,Intermediário
1.61707,1.61923,2010-03-02 10:30:00.0,Intermediário
1.61224,1.61435,2010-03-02 11:00:00.0,Intermediário
1.61337,1.61554,2010-03-02 11:30:00.0,Intermediário
1.61193,1.6141,2010-03-02 12:00:00.0,Intermediário
1.61204,1.61421,2010-03-02 12:30:00.0,Intermediário
1.60869,1.6106,2010-03-02 13:00:00.0,Intermediário
1.60878,1.61105,2010-03-02 13:30:00.0,Intermediário
1.6102,1.61272,2010-03-02 14:00:00.0,Intermediário
1.6112,1.61332,2010-03-02 14:30:00.0,Intermediário
1.61189,1.61397,2010-03-02 15:00:00.0,Intermediário
1.61154,1.6137,2010-03-02 15:30:00.0,Intermediário
1.61172,1.61389,2010-03-02 16:00:00.0,Intermediário
1.60894,1.61137,2010-03-02 16:30:00.0,Fechamento Interbancário
1.61283,1.61418,2010-03-02 17:35:00.0,Fechamento
1.61231,1.62179,2010-03-03 09:23:00.0,Abertura
1.61439,1.61656,2010-03-03 09:30:00.0,Intermediário
1.61391,1.61595,2010-03-03 10:00:00.0,Intermediário
1.6141,1.61626,2010-03-03 10:30:00.0,Intermediário
1.61043,1.61259,2010-03-03 11:00:00.0,Intermediário
1.61093,1.61311,2010-03-03 11:30:00.0,Intermediário
1.60904,1.61121,2010-03-03 12:00:00.0,Intermediário
1.61052,1.61256,2010-03-03 12:30:00.0,Intermediário
1.61131,1.61335,2010-03-03 13:00:00.0,Intermediário
1.61421,1.61649,2010-03-03 13:30:00.0,Intermediário
1.61227,1.61471,2010-03-03 14:00:00.0,Intermediário
1.6117,1.61389,2010-03-03 14:30:00.0,Intermediário
1.61135,1.61346,2010-03-03 15:00:00.0,Intermediário
1.61517,1.61725,2010-03-03 15:30:00.0,Intermediário
1.61627,1.61855,2010-03-03 16:00:00.0,Intermediário
1.6193,1.62147,2010-03-03 16:30:00.0,Fechamento Interbancário
1.6155,1.61658,2010-03-03 17:32:00.0,Fechamento
1.61204,1.62134,2010-03-04 09:23:00.0,Abertura
1.61601,1.61818,2010-03-04 09:30:00.0,Intermediário
1.61038,1.61258,2010-03-04 10:00:00.0,Intermediário
1.61087,1.61295,2010-03-04 10:30:00.0,Intermediário
1.61005,1.61248,2010-03-04 11:00:00.0,Intermediário
1.61105,1.61307,2010-03-04 11:30:00.0,Intermediário
1.61069,1.61287,2010-03-04 12:00:00.0,Intermediário
1.61345,1.61571,2010-03-04 12:30:00.0,Intermediário
1.6119,1.6142,2010-03-04 13:00:00.0,Intermediário
1.60896,1.61098,2010-03-04 13:30:00.0,Intermediário
1.60741,1.60947,2010-03-04 14:00:00.0,Intermediário
1.60867,1.61093,2010-03-04 14:30:00.0,Intermediário
1.61144,1.61342,2010-03-04 15:00:00.0,Intermediário
1.61148,1.61361,2010-03-04 15:30:00.0,Intermediário
1.61016,1.61228,2010-03-04 16:00:00.0,Intermediário
1.60993,1.61199,2010-03-04 16:30:00.0,Fechamento Interbancário
1.60813,1.60912,2010-03-04 17:37:00.0,Fechamento
1.60796,1.61727,2010-03-05 09:25:00.0,Abertura
1.6095,1.61202,2010-03-05 09:30:00.0,Intermediário
1.6095,1.61177,2010-03-05 10:00:00.0,Intermediário
1.61071,1.61295,2010-03-05 10:30:00.0,Intermediário
1.61249,1.61483,2010-03-05 11:00:00.0,Intermediário
1.61704,1.6191,2010-03-05 11:30:00.0,Intermediário
1.61681,1.61898,2010-03-05 12:00:00.0,Intermediário
1.6164,1.61839,2010-03-05 12:30:00.0,Intermediário
1.61385,1.61613,2010-03-05 13:00:00.0,Intermediário
1.61145,1.61371,2010-03-05 13:30:00.0,Intermediário
1.60932,1.61158,2010-03-05 14:00:00.0,Intermediário
1.60977,1.61229,2010-03-05 14:30:00.0,Intermediário
1.61209,1.61426,2010-03-05 15:00:00.0,Intermediário
1.61229,1.61464,2010-03-05 15:30:00.0,Intermediário
1.61953,1.6217,2010-03-05 16:00:00.0,Intermediário
1.61882,1.62135,2010-03-05 16:30:00.0,Fechamento Interbancário
1.61573,1.61717,2010-03-05 17:32:00.0,Fechamento
1.61029,1.61994,2010-03-08 09:17:00.0,Abertura
1.6148,1.61698,2010-03-08 09:30:00.0,Intermediário
1.61684,1.61897,2010-03-08 10:00:00.0,Intermediário
1.62045,1.62259,2010-03-08 10:30:00.0,Intermediário
1.62229,1.62429,2010-03-08 11:00:00.0,Intermediário
1.62231,1.6244,2010-03-08 11:30:00.0,Intermediário
1.62243,1.62459,2010-03-08 12:00:00.0,Intermediário
1.62503,1.62721,2010-03-08 12:30:00.0,Intermediário
1.62797,1.63005,2010-03-08 13:00:00.0,Intermediário
1.62403,1.62647,2010-03-08 13:30:00.0,Intermediário
1.62304,1.62516,2010-03-08 14:00:00.0,Intermediário
1.62581,1.6279,2010-03-08 14:30:00.0,Intermediário
1.62744,1.62988,2010-03-08 15:00:00.0,Intermediário
1.62763,1.62999,2010-03-08 15:30:00.0,Intermediário
1.62604,1.62826,2010-03-08 16:00:00.0,Intermediário
1.62383,1.62636,2010-03-08 16:30:00.0,Fechamento Interbancário
1.62001,1.62145,2010-03-08 17:33:00.0,Fechamento
1.62353,1.63296,2010-03-09 09:19:00.0,Abertura
1.62844,1.63079,2010-03-09 09:30:00.0,Intermediário
1.62806,1.63068,2010-03-09 10:00:00.0,Intermediário
1.62731,1.6295,2010-03-09 10:30:00.0,Intermediário
1.63338,1.63553,2010-03-09 11:00:00.0,Intermediário
1.63242,1.6346,2010-03-09 11:32:00.0,Intermediário
1.63362,1.63573,2010-03-09 12:00:00.0,Intermediário
1.63667,1.63903,2010-03-09 12:30:00.0,Intermediário
1.63411,1.63622,2010-03-09 13:00:00.0,Intermediário
1.63448,1.63684,2010-03-09 13:30:00.0,Intermediário
1.63816,1.64009,2010-03-09 14:00:00.0,Intermediário
1.63425,1.63671,2010-03-09 14:30:00.0,Intermediário
1.6259,1.62833,2010-03-09 15:00:00.0,Intermediário
1.62527,1.62737,2010-03-09 15:30:00.0,Intermediário
1.62547,1.62757,2010-03-09 16:00:00.0,Intermediário
1.62674,1.6291,2010-03-09 16:30:00.0,Fechamento Interbancário
1.63506,1.63633,2010-03-09 17:39:00.0,Fechamento
1.61919,1.62866,2010-03-10 09:20:00.0,Abertura
1.62277,1.62487,2010-03-10 09:30:00.0,Intermediário
1.62329,1.6253,2010-03-10 10:00:00.0,Intermediário
1.62652,1.62871,2010-03-10 10:30:00.0,Intermediário
1.62731,1.62945,2010-03-10 11:00:00.0,Intermediário
1.6268,1.62895,2010-03-10 11:30:00.0,Intermediário
1.62624,1.62839,2010-03-10 12:00:00.0,Intermediário
1.62406,1.62616,2010-03-10 12:30:00.0,Intermediário
1.6229,1.625,2010-03-10 13:00:00.0,Intermediário
1.62064,1.62281,2010-03-10 13:30:00.0,Intermediário
1.62014,1.62251,2010-03-10 14:00:00.0,Intermediário
1.61559,1.61783,2010-03-10 14:30:00.0,Intermediário
1.61863,1.62083,2010-03-10 15:00:00.0,Intermediário
1.6184,1.62058,2010-03-10 15:30:00.0,Intermediário
1.62017,1.62253,2010-03-10 16:00:00.0,Intermediário
1.62146,1.6235,2010-03-10 16:30:00.0,Fechamento Interbancário
1.62127,1.62222,2010-03-10 17:34:00.0,Fechamento
1.61528,1.62478,2010-03-11 09:20:00.0,Abertura
1.61857,1.62067,2010-03-11 09:30:00.0,Intermediário
1.61822,1.6204,2010-03-11 10:00:00.0,Intermediário
1.61686,1.61901,2010-03-11 10:30:00.0,Intermediário
1.61754,1.61972,2010-03-11 11:00:00.0,Intermediário
1.61663,1.61872,2010-03-11 11:30:00.0,Intermediário
1.61632,1.61848,2010-03-11 12:00:00.0,Intermediário
1.61748,1.61984,2010-03-11 12:30:00.0,Intermediário
1.61675,1.61911,2010-03-11 13:00:00.0,Intermediário
1.61802,1.62005,2010-03-11 13:30:00.0,Intermediário
1.61737,1.61957,2010-03-11 14:00:00.0,Intermediário
1.61431,1.61642,2010-03-11 14:30:00.0,Intermediário
1.6156,1.61778,2010-03-11 15:00:00.0,Intermediário
1.61631,1.61875,2010-03-11 15:30:00.0,Intermediário
1.61578,1.61796,2010-03-11 16:00:00.0,Intermediário
1.61774,1.61992,2010-03-11 16:30:00.0,Fechamento Interbancário
1.6182,1.61928,2010-03-11 17:37:00.0,Fechamento
1.60983,1.61967,2010-03-12 09:24:00.0,Abertura
1.61503,1.61739,2010-03-12 09:30:00.0,Intermediário
1.61555,1.61774,2010-03-12 10:00:00.0,Intermediário
1.6166,1.61914,2010-03-12 10:30:00.0,Intermediário
1.61545,1.61755,2010-03-12 11:00:00.0,Intermediário
1.61561,1.6178,2010-03-12 11:30:00.0,Intermediário
1.61369,1.616,2010-03-12 12:00:00.0,Intermediário
1.61406,1.6166,2010-03-12 12:30:00.0,Intermediário
1.61792,1.61984,2010-03-12 13:00:00.0,Intermediário
1.61827,1.62037,2010-03-12 13:30:00.0,Intermediário
1.61589,1.61807,2010-03-12 14:00:00.0,Intermediário
1.61311,1.61543,2010-03-12 14:30:00.0,Intermediário
1.61538,1.61766,2010-03-12 15:00:00.0,Intermediário
1.61452,1.61706,2010-03-12 15:30:00.0,Intermediário
1.61517,1.61732,2010-03-12 16:00:00.0,Intermediário
1.61438,1.61692,2010-03-12 16:30:00.0,Fechamento Interbancário
1.61429,1.61573,2010-03-12 17:38:00.0,Fechamento
1.60562,1.61545,2010-03-15 09:25:00.0,Abertura
1.60968,1.61177,2010-03-15 09:30:00.0,Intermediário
1.60728,1.6095,2010-03-15 10:00:00.0,Intermediário
1.60853,1.61088,2010-03-15 10:30:00.0,Intermediário
1.60953,1.61162,2010-03-15 11:00:00.0,Intermediário
1.61024,1.61238,2010-03-15 11:30:00.0,Intermediário
1.61036,1.61236,2010-03-15 12:00:00.0,Intermediário
1.60856,1.61074,2010-03-15 12:30:00.0,Intermediário
1.60944,1.61162,2010-03-15 13:00:00.0,Intermediário
1.6095,1.61166,2010-03-15 13:30:00.0,Intermediário
1.60904,1.61125,2010-03-15 14:00:00.0,Intermediário
1.60939,1.61153,2010-03-15 14:30:00.0,Intermediário
1.60974,1.61165,2010-03-15 15:00:00.0,Intermediário
1.60935,1.6118,2010-03-15 15:30:00.0,Intermediário
1.61025,1.61247,2010-03-15 16:00:00.0,Intermediário
1.61112,1.61339,2010-03-15 16:30:00.0,Fechamento Interbancário
1.61167,1.61284,2010-03-15 17:41:00.0,Fechamento
1.60716,1.61648,2010-03-16 09:20:00.0,Abertura
1.60973,1.61191,2010-03-16 09:30:00.0,Intermediário
1.61386,1.61595,2010-03-16 10:00:00.0,Intermediário
1.60953,1.61169,2010-03-16 10:30:00.0,Intermediário
1.61235,1.61453,2010-03-16 11:00:00.0,Intermediário
1.61529,1.61747,2010-03-16 11:30:00.0,Intermediário
1.61549,1.61771,2010-03-16 12:00:00.0,Intermediário
1.61159,1.61368,2010-03-16 12:30:00.0,Intermediário
1.6107,1.61279,2010-03-16 13:00:00.0,Intermediário
1.61075,1.61288,2010-03-16 13:30:00.0,Intermediário
1.61367,1.61586,2010-03-16 14:00:00.0,Intermediário
1.61209,1.61471,2010-03-16 14:30:00.0,Intermediário
1.61488,1.6172,2010-03-16 15:00:00.0,Intermediário
1.61706,1.61898,2010-03-16 15:30:00.0,Intermediário
1.61907,1.62143,2010-03-16 16:00:00.0,Intermediário
1.62136,1.62355,2010-03-16 16:30:00.0,Fechamento Interbancário
1.62118,1.62227,2010-03-16 17:46:00.0,Fechamento
1.62415,1.63371,2010-03-17 09:20:00.0,Abertura
1.62769,1.6298,2010-03-17 09:30:00.0,Intermediário
1.62764,1.62984,2010-03-17 10:00:00.0,Intermediário
1.62694,1.62897,2010-03-17 10:30:00.0,Intermediário
1.62492,1.62703,2010-03-17 11:00:00.0,Intermediário
1.62439,1.62654,2010-03-17 11:30:00.0,Intermediário
1.62683,1.62901,2010-03-17 12:00:00.0,Intermediário
1.62834,1.63044,2010-03-17 12:30:00.0,Intermediário
1.62637,1.62857,2010-03-17 13:00:00.0,Intermediário
1.62802,1.63035,2010-03-17 13:30:00.0,Intermediário
1.62815,1.63052,2010-03-17 14:00:00.0,Intermediário
1.62912,1.6313,2010-03-17 14:30:00.0,Intermediário
1.62813,1.63048,2010-03-17 15:00:00.0,Intermediário
1.62972,1.6318,2010-03-17 15:30:00.0,Intermediário
1.62758,1.62984,2010-03-17 16:00:00.0,Intermediário
1.62656,1.62872,2010-03-17 16:30:00.0,Fechamento Interbancário
1.62675,1.6278,2010-03-17 17:34:00.0,Fechamento
1.63293,1.64241,2010-03-18 09:21:00.0,Abertura
1.63518,1.63729,2010-03-18 09:30:00.0,Intermediário
1.63499,1.63731,2010-03-18 10:00:00.0,Intermediário
1.64143,1.64361,2010-03-18 10:30:00.0,Intermediário
1.64169,1.644,2010-03-18 11:00:00.0,Intermediário
1.64303,1.64559,2010-03-18 11:30:00.0,Intermediário
1.64081,1.64309,2010-03-18 12:00:00.0,Intermediário
1.64234,1.64436,2010-03-18 12:30:00.0,Intermediário
1.6446,1.6468,2010-03-18 13:00:00.0,Intermediário
1.64532,1.64752,2010-03-18 13:30:00.0,Intermediário
1.64514,1.6477,2010-03-18 14:00:00.0,Intermediário
1.64755,1.6502,2010-03-18 14:30:00.0,Intermediário
1.64496,1.64716,2010-03-18 15:00:00.0,Intermediário
1.6425,1.64452,2010-03-18 15:30:00.0,Intermediário
1.64695,1.64905,2010-03-18 16:00:00.0,Intermediário
1.64744,1.64999,2010-03-18 16:30:00.0,Fechamento Interbancário
1.64467,1.64612,2010-03-18 17:34:00.0,Fechamento
1.64599,1.65546,2010-03-19 09:23:00.0,Abertura
1.64891,1.65106,2010-03-19 09:30:00.0,Intermediário
1.65037,1.65242,2010-03-19 10:00:00.0,Intermediário
1.64518,1.64736,2010-03-19 10:30:00.0,Intermediário
1.64382,1.64593,2010-03-19 11:00:00.0,Intermediário
1.64129,1.6433,2010-03-19 11:30:00.0,Intermediário
1.64327,1.64537,2010-03-19 12:00:00.0,Intermediário
1.64357,1.64575,2010-03-19 12:30:00.0,Intermediário
1.64713,1.64929,2010-03-19 13:00:00.0,Intermediário
1.64625,1.64855,2010-03-19 13:30:00.0,Intermediário
1.64733,1.64948,2010-03-19 14:00:00.0,Intermediário
1.64706,1.64916,2010-03-19 14:30:00.0,Intermediário
1.6467,1.64884,2010-03-19 15:00:00.0,Intermediário
1.64456,1.64673,2010-03-19 15:30:00.0,Intermediário
1.64551,1.64788,2010-03-19 16:00:00.0,Intermediário
1.64555,1.64806,2010-03-19 16:30:00.0,Fechamento Interbancário
1.64335,1.64477,2010-03-19 17:37:00.0,Fechamento
1.64418,1.65365,2010-03-22 09:21:00.0,Abertura
1.64891,1.65091,2010-03-22 09:30:00.0,Intermediário
1.64622,1.64829,2010-03-22 10:00:00.0,Intermediário
1.64528,1.64746,2010-03-22 10:30:00.0,Intermediário
1.6476,1.64945,2010-03-22 11:00:00.0,Intermediário
1.65032,1.65247,2010-03-22 11:30:00.0,Intermediário
1.65104,1.65323,2010-03-22 12:00:00.0,Intermediário
1.65032,1.65287,2010-03-22 12:30:00.0,Intermediário
1.64755,1.65016,2010-03-22 13:00:00.0,Intermediário
1.64891,1.6511,2010-03-22 13:30:00.0,Intermediário
1.65195,1.65414,2010-03-22 14:00:00.0,Intermediário
1.65103,1.65353,2010-03-22 14:30:00.0,Intermediário
1.6485,1.65069,2010-03-22 15:00:00.0,Intermediário
1.64916,1.65126,2010-03-22 15:30:00.0,Intermediário
1.65083,1.65326,2010-03-22 16:00:00.0,Intermediário
1.64931,1.65195,2010-03-22 16:30:00.0,Fechamento Interbancário
1.65316,1.6547,2010-03-22 17:37:00.0,Fechamento
1.6349,1.64433,2010-03-23 09:21:00.0,Abertura
1.63709,1.63928,2010-03-23 09:30:00.0,Intermediário
1.6332,1.63571,2010-03-23 10:00:00.0,Intermediário
1.63338,1.63557,2010-03-23 10:30:00.0,Intermediário
1.63427,1.63628,2010-03-23 11:00:00.0,Intermediário
1.63217,1.63455,2010-03-23 11:30:00.0,Intermediário
1.63153,1.63369,2010-03-23 12:00:00.0,Intermediário
1.63534,1.63744,2010-03-23 12:30:00.0,Intermediário
1.63623,1.63851,2010-03-23 13:00:00.0,Intermediário
1.63636,1.63851,2010-03-23 13:30:00.0,Intermediário
1.63516,1.63744,2010-03-23 14:00:00.0,Intermediário
1.63506,1.63734,2010-03-23 14:30:00.0,Intermediário
1.6332,1.6355,2010-03-23 15:00:00.0,Intermediário
1.63353,1.63581,2010-03-23 15:30:00.0,Intermediário
1.63344,1.63555,2010-03-23 16:00:00.0,Intermediário
1.63342,1.63552,2010-03-23 16:30:00.0,Fechamento Interbancário
1.63664,1.63764,2010-03-23 17:41:00.0,Fechamento
1.62398,1.6332,2010-03-24 09:24:00.0,Abertura
1.62688,1.62914,2010-03-24 09:30:00.0,Intermediário
1.63015,1.63226,2010-03-24 10:00:00.0,Intermediário
1.63006,1.63215,2010-03-24 10:30:00.0,Intermediário
1.62849,1.63049,2010-03-24 11:00:00.0,Intermediário
1.62567,1.62785,2010-03-24 11:30:00.0,Intermediário
1.62381,1.6261,2010-03-24 12:00:00.0,Intermediário
1.62476,1.62693,2010-03-24 12:30:00.0,Intermediário
1.6252,1.62747,2010-03-24 13:00:00.0,Intermediário
1.62368,1.62604,2010-03-24 13:30:00.0,Intermediário
1.62836,1.63054,2010-03-24 14:00:00.0,Intermediário
1.62768,1.62988,2010-03-24 14:30:00.0,Intermediário
1.63447,1.63656,2010-03-24 15:00:00.0,Intermediário
1.63256,1.63492,2010-03-24 15:30:00.0,Intermediário
1.63575,1.63784,2010-03-24 16:00:00.0,Intermediário
1.63566,1.63784,2010-03-24 16:30:00.0,Fechamento Interbancário
1.62621,1.62729,2010-03-24 17:38:00.0,Fechamento
1.63159,1.64105,2010-03-25 09:21:00.0,Abertura
1.63484,1.63747,2010-03-25 09:30:00.0,Intermediário
1.63402,1.63618,2010-03-25 10:00:00.0,Intermediário
1.63769,1.63985,2010-03-25 10:30:00.0,Intermediário
1.64016,1.64252,2010-03-25 11:00:00.0,Intermediário
1.64045,1.64254,2010-03-25 11:30:00.0,Intermediário
1.64333,1.64561,2010-03-25 12:00:00.0,Intermediário
1.64433,1.64687,2010-03-25 12:30:00.0,Intermediário
1.64498,1.64707,2010-03-25 13:00:00.0,Intermediário
1.64518,1.64749,2010-03-25 13:30:00.0,Intermediário
1.6421,1.6444,2010-03-25 14:00:00.0,Intermediário
1.63827,1.64045,2010-03-25 14:30:00.0,Intermediário
1.6435,1.64557,2010-03-25 15:00:00.0,Intermediário
1.64229,1.64433,2010-03-25 15:30:00.0,Intermediário
1.65108,1.65327,2010-03-25 16:00:00.0,Intermediário
1.64366,1.64618,2010-03-25 16:30:00.0,Fechamento Interbancário
1.63458,1.63601,2010-03-25 17:59:00.0,Fechamento
1.63569,1.64512,2010-03-26 09:23:00.0,Abertura
1.64015,1.64222,2010-03-26 09:30:00.0,Intermediário
1.64421,1.64633,2010-03-26 10:00:00.0,Intermediário
1.6449,1.64708,2010-03-26 10:30:00.0,Intermediário
1.64202,1.64405,2010-03-26 11:00:00.0,Intermediário
1.644,1.64599,2010-03-26 11:30:00.0,Intermediário
1.6469,1.64903,2010-03-26 12:00:00.0,Intermediário
1.64764,1.64958,2010-03-26 12:30:00.0,Intermediário
1.64528,1.64776,2010-03-26 13:00:00.0,Intermediário
1.64359,1.64567,2010-03-26 13:30:00.0,Intermediário
1.64128,1.64344,2010-03-26 14:00:00.0,Intermediário
1.64055,1.6429,2010-03-26 14:30:00.0,Intermediário
1.64187,1.644,2010-03-26 15:00:00.0,Intermediário
1.64798,1.65033,2010-03-26 15:30:00.0,Intermediário
1.64849,1.65084,2010-03-26 16:00:00.0,Intermediário
1.64977,1.65194,2010-03-26 16:30:00.0,Fechamento Interbancário
1.64463,1.64571,2010-03-26 17:35:00.0,Fechamento
1.6547,1.6642,2010-03-29 09:24:52.305,Abertura
1.656,1.6583,2010-03-29 09:30:41.803,Intermediário
1.6542,1.6565,2010-03-29 10:00:53.769,Intermediário
1.6558,1.6582,2010-03-29 10:30:52.608,Intermediário
1.6531,1.6552,2010-03-29 11:14:32.728,Intermediário
1.6554,1.6576,2010-03-29 11:32:03.649,Intermediário
1.6543,1.6565,2010-03-29 12:30:51.039,Intermediário
1.6561,1.6583,2010-03-29 12:50:51.702,Intermediário
1.6534,1.6556,2010-03-29 13:00:39.61,Intermediário
1.6536,1.656,2010-03-29 13:30:32.808,Intermediário
1.6529,1.6552,2010-03-29 14:00:44.776,Intermediário
1.6543,1.6567,2010-03-29 14:30:39.35,Intermediário
1.6525,1.6549,2010-03-29 15:00:59.334,Intermediário
1.653,1.6552,2010-03-29 15:30:37.25,Intermediário
1.6499,1.6523,2010-03-29 16:01:40.66,Intermediário
1.6471,1.6495,2010-03-29 16:30:32.762,Fechamento Interbancário
1.655,1.6563,2010-03-29 17:37:44.529,Fechamento
1.6422,1.6518,2010-03-30 09:16:32.189,Abertura
1.6483,1.6505,2010-03-30 09:30:34.735,Intermediário
1.6523,1.6547,2010-03-30 10:00:36.77,Intermediário
1.6492,1.6514,2010-03-30 10:30:41.185,Intermediário
1.6514,1.6536,2010-03-30 11:00:57.76,Intermediário
1.6472,1.6494,2010-03-30 11:30:31.787,Intermediário
1.6476,1.6498,2010-03-30 12:00:41.129,Intermediário
1.6484,1.6507,2010-03-30 12:30:38.536,Intermediário
1.6482,1.6505,2010-03-30 13:00:32.395,Intermediário
1.6491,1.6514,2010-03-30 13:30:31.468,Intermediário
1.6456,1.6479,2010-03-30 14:00:46.9,Intermediário
1.6483,1.6505,2010-03-30 14:30:34.329,Intermediário
1.6485,1.6507,2010-03-30 15:00:39.834,Intermediário
1.6482,1.6504,2010-03-30 15:30:36.438,Intermediário
1.6489,1.6512,2010-03-30 16:00:40.245,Intermediário
1.6472,1.6496,2010-03-30 16:30:33.377,Fechamento Interbancário
1.6485,1.6498,2010-03-30 17:39:06.616,Fechamento
1.6272,1.6367,2010-03-31 09:22:41.748,Abertura
1.63,1.6322,2010-03-31 09:30:34.27,Intermediário
1.6322,1.6344,2010-03-31 10:00:38.783,Intermediário
1.635,1.6372,2010-03-31 10:30:36.251,Intermediário
1.6363,1.6387,2010-03-31 11:00:42.816,Intermediário
1.6341,1.6363,2010-03-31 11:30:27.679,Intermediário
1.6363,1.6386,2010-03-31 12:00:28.241,Intermediário
1.6352,1.6376,2010-03-31 12:30:27.055,Intermediário
1.6332,1.6356,2010-03-31 13:00:35.24,Intermediário
1.6343,1.6366,2010-03-31 13:30:24.218,Intermediário
1.6353,1.6377,2010-03-31 14:00:25.021,Intermediário
1.6309,1.6333,2010-03-31 14:30:31.435,Intermediário
1.6311,1.6335,2010-03-31 15:00:28.163,Intermediário
1.6315,1.6339,2010-03-31 15:30:25.178,Intermediário
1.6312,1.6335,2010-03-31 16:00:47.174,Intermediário
1.6322,1.6346,2010-03-31 16:30:29.531,Fechamento Interbancário
1.6333,1.6346,2010-03-31 17:36:21.588,Fechamento
1.6279,1.6374,2010-04-01 09:22:26.35,Abertura
1.6304,1.6326,2010-04-01 09:30:31.982,Intermediário
1.6296,1.6309,2010-04-01 10:01:01.226,Intermediário
1.628,1.6293,2010-04-01 10:30:43.67,Intermediário
1.625,1.6274,2010-04-01 11:00:50.213,Intermediário
1.6283,1.6305,2010-04-01 11:30:31.309,Intermediário
1.6274,1.6298,2010-04-01 12:00:32.945,Intermediário
1.6294,1.6316,2010-04-01 12:30:42.555,Intermediário
1.6256,1.6278,2010-04-01 13:00:32.144,Intermediário
1.625,1.6272,2010-04-01 13:30:28.593,Intermediário
1.6245,1.6267,2010-04-01 14:00:30.721,Intermediário
1.6245,1.6267,2010-04-01 14:30:32.344,Intermediário
1.6249,1.6273,2010-04-01 15:00:55.732,Intermediário
1.6248,1.6269,2010-04-01 15:30:31.008,Intermediário
1.6235,1.6259,2010-04-01 16:00:38.835,Intermediário
1.6251,1.6275,2010-04-01 16:31:11.172,Fechamento Interbancário
1.6272,1.6285,2010-04-01 17:38:56.858,Fechamento
1.6157,1.6254,2010-04-05 09:18:25.854,Abertura
1.6172,1.6196,2010-04-05 09:30:23.963,Intermediário
1.6154,1.6178,2010-04-05 10:00:24.989,Intermediário
1.6145,1.6169,2010-04-05 10:30:23.503,Intermediário
1.6156,1.618,2010-04-05 11:00:26.185,Intermediário
1.6178,1.6202,2010-04-05 11:30:25.25,Intermediário
1.6177,1.6201,2010-04-05 12:00:32.419,Intermediário
1.6174,1.6197,2010-04-05 12:30:39.834,Intermediário
1.6188,1.621,2010-04-05 13:00:27.447,Intermediário
1.6191,1.6215,2010-04-05 13:30:28.235,Intermediário
1.6202,1.6229,2010-04-05 14:00:27.336,Intermediário
1.6211,1.6235,2010-04-05 14:30:25.909,Intermediário
1.6203,1.6228,2010-04-05 15:00:25.442,Intermediário
1.6197,1.6221,2010-04-05 15:30:22.061,Intermediário
1.6217,1.6243,2010-04-05 16:00:25.045,Intermediário
1.6198,1.6221,2010-04-05 16:30:19.117,Fechamento Interbancário
1.6156,1.6169,2010-04-05 17:36:53.754,Fechamento
1.628,1.6376,2010-04-06 09:22:18.258,Abertura
1.6301,1.6325,2010-04-06 09:30:29.6,Intermediário
1.6306,1.633,2010-04-06 10:00:28.855,Intermediário
1.6302,1.6324,2010-04-06 10:30:28.271,Intermediário
1.6295,1.6319,2010-04-06 11:00:35.166,Intermediário
1.628,1.6303,2010-04-06 11:30:26.299,Intermediário
1.626,1.6284,2010-04-06 12:00:24.401,Intermediário
1.6247,1.6269,2010-04-06 12:30:23.725,Intermediário
1.6265,1.6287,2010-04-06 13:00:24.905,Intermediário
1.6262,1.6284,2010-04-06 13:30:20.06,Intermediário
1.6253,1.6275,2010-04-06 14:00:25.238,Intermediário
1.6262,1.6284,2010-04-06 14:30:18.678,Intermediário
1.6258,1.6283,2010-04-06 15:00:23.329,Intermediário
1.6296,1.632,2010-04-06 15:30:21.934,Intermediário
1.6259,1.6283,2010-04-06 16:00:23.742,Intermediário
1.6271,1.6295,2010-04-06 16:30:21.255,Fechamento Interbancário
1.6334,1.6346,2010-04-06 17:34:49.987,Fechamento
1.6221,1.6317,2010-04-07 09:35:18.224,Abertura
1.6259,1.6281,2010-04-07 09:37:13.889,Intermediário
1.6279,1.6302,2010-04-07 10:00:24.867,Intermediário
1.6281,1.6303,2010-04-07 10:30:20.942,Intermediário
1.6281,1.6304,2010-04-07 11:00:25.493,Intermediário
1.6299,1.6323,2010-04-07 11:30:19.779,Intermediário
1.6332,1.6354,2010-04-07 12:00:19.907,Intermediário
1.6347,1.6369,2010-04-07 12:30:21.121,Intermediário
1.636,1.6384,2010-04-07 13:00:25.571,Intermediário
1.6363,1.6385,2010-04-07 13:30:20.934,Intermediário
1.6373,1.6397,2010-04-07 14:00:19.023,Intermediário
1.6381,1.6404,2010-04-07 14:30:17.088,Intermediário
1.6422,1.6446,2010-04-07 15:00:20.775,Intermediário
1.6416,1.6438,2010-04-07 15:30:17.189,Intermediário
1.6448,1.647,2010-04-07 16:00:19.878,Intermediário
1.6458,1.6484,2010-04-07 16:30:17.898,Fechamento Interbancário
1.636,1.6374,2010-04-07 17:37:14.88,Fechamento
1.6471,1.6566,2010-04-08 09:12:42.809,Abertura
1.6507,1.653,2010-04-08 09:30:47.98,Intermediário
1.6522,1.6546,2010-04-08 10:00:49.435,Intermediário
1.6498,1.6524,2010-04-08 10:30:46.428,Intermediário
1.6519,1.6539,2010-04-08 11:00:55.819,Intermediário
1.6524,1.6546,2010-04-08 11:30:18.994,Intermediário
1.6507,1.6529,2010-04-08 12:00:23.116,Intermediário
1.65,1.6522,2010-04-08 12:30:20.492,Intermediário
1.6503,1.6527,2010-04-08 13:00:26.861,Intermediário
1.6502,1.6526,2010-04-08 13:30:18.544,Intermediário
1.6496,1.652,2010-04-08 14:00:23.272,Intermediário
1.6481,1.6505,2010-04-08 14:30:26.322,Intermediário
1.6452,1.6476,2010-04-08 15:00:21.302,Intermediário
1.6448,1.647,2010-04-08 15:30:56.585,Intermediário
1.6469,1.6493,2010-04-08 16:00:22.248,Intermediário
1.6481,1.6505,2010-04-08 16:30:20.114,Fechamento Interbancário
1.6525,1.6538,2010-04-08 17:37:49.453,Fechamento
1.6475,1.6574,2010-04-09 09:18:11.242,Abertura
1.6501,1.6525,2010-04-09 09:30:21.278,Intermediário
1.6466,1.6488,2010-04-09 10:00:22.579,Intermediário
1.6498,1.652,2010-04-09 10:30:23.296,Intermediário
1.6476,1.6499,2010-04-09 11:00:19.776,Intermediário
1.649,1.6514,2010-04-09 11:30:21.81,Intermediário
1.651,1.6534,2010-04-09 12:00:18.245,Intermediário
1.6532,1.6555,2010-04-09 12:30:18.479,Intermediário
1.6513,1.6535,2010-04-09 13:00:17.6,Intermediário
1.6518,1.654,2010-04-09 13:30:18.742,Intermediário
1.6511,1.6533,2010-04-09 14:00:18.05,Intermediário
1.6527,1.655,2010-04-09 14:30:29.196,Intermediário
1.6504,1.6526,2010-04-09 15:00:19.068,Intermediário
1.6524,1.6546,2010-04-09 15:30:19.32,Intermediário
1.6541,1.6565,2010-04-09 16:00:22.304,Intermediário
1.6516,1.654,2010-04-09 16:30:21.675,Fechamento Interbancário
1.6528,1.654,2010-04-09 17:40:12.791,Fechamento
1.6353,1.6449,2010-04-12 09:18:11.464,Abertura
1.6366,1.639,2010-04-12 09:30:22.525,Intermediário
1.6387,1.6409,2010-04-12 10:00:21.969,Intermediário
1.6375,1.6397,2010-04-12 10:30:26.476,Intermediário
1.6336,1.6358,2010-04-12 11:00:30.456,Intermediário
1.6347,1.6369,2010-04-12 11:30:19.481,Intermediário
1.6339,1.6361,2010-04-12 12:00:28.346,Intermediário
1.6334,1.6357,2010-04-12 12:30:17.263,Intermediário
1.6342,1.6364,2010-04-12 13:00:20.128,Intermediário
1.6325,1.6349,2010-04-12 13:30:18.119,Intermediário
1.6314,1.6336,2010-04-12 14:00:32.558,Intermediário
1.6299,1.6323,2010-04-12 14:30:16.046,Intermediário
1.631,1.6334,2010-04-12 15:00:24.027,Intermediário
1.6303,1.6325,2010-04-12 15:30:19.523,Intermediário
1.6314,1.6338,2010-04-12 16:00:22.567,Intermediário
1.6303,1.6327,2010-04-12 16:30:28.039,Fechamento Interbancário
1.6331,1.6344,2010-04-12 17:34:43.005,Fechamento
1.6228,1.6324,2010-04-13 09:18:13.648,Abertura
1.6278,1.6303,2010-04-13 09:30:20.833,Intermediário
1.6282,1.6304,2010-04-13 10:00:18.829,Intermediário
1.6281,1.6303,2010-04-13 10:30:26.529,Intermediário
1.6295,1.6317,2010-04-13 11:00:50.974,Intermediário
1.6315,1.6337,2010-04-13 11:30:17.504,Intermediário
1.631,1.6332,2010-04-13 12:00:23.687,Intermediário
1.6336,1.6358,2010-04-13 12:30:16.976,Intermediário
1.6319,1.6341,2010-04-13 13:00:19.968,Intermediário
1.6323,1.6347,2010-04-13 13:30:25.903,Intermediário
1.6317,1.6341,2010-04-13 14:00:19.974,Intermediário
1.6304,1.6326,2010-04-13 14:30:17.55,Intermediário
1.6309,1.6332,2010-04-13 15:00:21.388,Intermediário
1.6297,1.6319,2010-04-13 15:30:17.696,Intermediário
1.6316,1.6339,2010-04-13 16:00:20.448,Intermediário
1.6294,1.6316,2010-04-13 16:30:22.68,Fechamento Interbancário
1.6309,1.632,2010-04-13 17:35:21.318,Fechamento
1.6239,1.6336,2010-04-14 09:04:17.932,Abertura
1.6278,1.6304,2010-04-14 09:30:25.687,Intermediário
1.628,1.6302,2010-04-14 10:00:20.526,Intermediário
1.6282,1.6295,2010-04-14 10:30:17.401,Intermediário
1.6302,1.6324,2010-04-14 11:00:29.565,Intermediário
1.6337,1.6359,2010-04-14 11:30:20.361,Intermediário
1.6309,1.6331,2010-04-14 12:00:24.545,Intermediário
1.6293,1.6315,2010-04-14 12:30:18.484,Intermediário
1.6324,1.6348,2010-04-14 13:00:18.048,Intermediário
1.6313,1.6336,2010-04-14 13:30:19.111,Intermediário
1.6306,1.6329,2010-04-14 14:00:19.185,Intermediário
1.6306,1.633,2010-04-14 14:30:18.363,Intermediário
1.6299,1.6322,2010-04-14 15:00:21.45,Intermediário
1.6289,1.6313,2010-04-14 15:30:19.16,Intermediário
1.6311,1.6334,2010-04-14 16:00:19.64,Intermediário
1.6331,1.6353,2010-04-14 16:30:17.798,Fechamento Interbancário
1.6301,1.6312,2010-04-14 17:35:09.424,Fechamento
1.6313,1.641,2010-04-15 09:20:17.986,Abertura
1.6333,1.6357,2010-04-15 09:30:28.85,Intermediário
1.6316,1.6338,2010-04-15 10:00:28.558,Intermediário
1.6312,1.6334,2010-04-15 10:30:17.102,Intermediário
1.6276,1.63,2010-04-15 11:00:33.762,Intermediário
1.6245,1.6267,2010-04-15 11:30:19.385,Intermediário
1.6235,1.6259,2010-04-15 12:01:05.803,Intermediário
1.6241,1.6263,2010-04-15 12:30:20.699,Intermediário
1.6235,1.6258,2010-04-15 13:00:19.769,Intermediário
1.6216,1.624,2010-04-15 13:30:17.355,Intermediário
1.6225,1.6249,2010-04-15 14:00:19.126,Intermediário
1.6174,1.6196,2010-04-15 14:30:16.428,Intermediário
1.6181,1.6204,2010-04-15 15:00:30.526,Intermediário
1.6298,1.632,2010-04-15 15:30:16.959,Intermediário
1.6332,1.6358,2010-04-15 16:00:18.627,Intermediário
1.634,1.6364,2010-04-15 16:30:17.249,Fechamento Interbancário
1.6308,1.632,2010-04-15 17:33:03.626,Fechamento
1.6252,1.6351,2010-04-16 09:24:18.825,Abertura
1.6279,1.6302,2010-04-16 09:30:17.799,Intermediário
1.629,1.6312,2010-04-16 10:00:26.403,Intermediário
1.6302,1.6324,2010-04-16 10:30:16.131,Intermediário
1.6271,1.6294,2010-04-16 11:00:20.569,Intermediário
1.6285,1.6307,2010-04-16 11:30:18.321,Intermediário
1.6241,1.6263,2010-04-16 12:00:19.541,Intermediário
1.6248,1.627,2010-04-16 12:30:18.068,Intermediário
1.6284,1.6306,2010-04-16 13:00:17.609,Intermediário
1.6282,1.6306,2010-04-16 13:30:19.974,Intermediário
1.628,1.6304,2010-04-16 14:00:17.588,Intermediário
1.6282,1.6304,2010-04-16 14:30:16.715,Intermediário
1.6314,1.6338,2010-04-16 15:00:24.13,Intermediário
1.6305,1.6327,2010-04-16 15:30:16.628,Intermediário
1.6292,1.6316,2010-04-16 16:00:18.287,Intermediário
1.6284,1.6307,2010-04-16 16:30:18.748,Fechamento Interbancário
1.6237,1.625,2010-04-16 17:39:58.9,Fechamento
1.6183,1.6278,2010-04-19 09:22:10.725,Abertura
1.62,1.6223,2010-04-19 09:30:17.786,Intermediário
1.6189,1.6211,2010-04-19 10:00:23.445,Intermediário
1.6184,1.6205,2010-04-19 10:30:27.441,Intermediário
1.6169,1.6195,2010-04-19 11:00:28.825,Intermediário
1.6155,1.6178,2010-04-19 11:30:17.74,Intermediário
1.6141,1.6164,2010-04-19 12:00:19.304,Intermediário
1.6172,1.6196,2010-04-19 12:30:20.41,Intermediário
1.618,1.6202,2010-04-19 13:00:26.828,Intermediário
1.6173,1.6195,2010-04-19 13:30:17.976,Intermediário
1.6196,1.622,2010-04-19 14:00:18.907,Intermediário
1.621,1.6232,2010-04-19 14:30:16.582,Intermediário
1.6176,1.6198,2010-04-19 15:00:25.384,Intermediário
1.6195,1.6219,2010-04-19 15:30:18.513,Intermediário
1.6178,1.6201,2010-04-19 16:00:30.954,Intermediário
1.6175,1.6199,2010-04-19 16:30:18.896,Fechamento Interbancário
1.6221,1.6234,2010-04-19 17:38:12.453,Fechamento
1.6249,1.6346,2010-04-20 09:24:13.899,Abertura
1.6273,1.6295,2010-04-20 09:30:18.776,Intermediário
1.6281,1.6303,2010-04-20 10:00:26.85,Intermediário
1.6295,1.6318,2010-04-20 10:30:25.63,Intermediário
1.6298,1.632,2010-04-20 11:00:22.599,Intermediário
1.6286,1.6308,2010-04-20 11:30:27.554,Intermediário
1.6277,1.6299,2010-04-20 12:00:24.719,Intermediário
1.6293,1.6315,2010-04-20 12:30:20.695,Intermediário
1.63,1.6322,2010-04-20 13:00:22.565,Intermediário
1.6309,1.6331,2010-04-20 13:30:19.766,Intermediário
1.6298,1.6322,2010-04-20 14:00:24.21,Intermediário
1.629,1.6312,2010-04-20 14:30:16.921,Intermediário
1.6274,1.6298,2010-04-20 15:00:19.992,Intermediário
1.6287,1.6309,2010-04-20 15:30:20.486,Intermediário
1.6297,1.632,2010-04-20 16:00:20.25,Intermediário
1.6305,1.6327,2010-04-20 16:30:15.88,Fechamento Interbancário
1.6286,1.6297,2010-04-20 18:02:44.86,Fechamento
1.6247,1.6343,2010-04-22 09:10:14.893,Abertura
1.6275,1.63,2010-04-22 09:30:19.681,Intermediário
1.6263,1.6287,2010-04-22 10:00:23.429,Intermediário
1.6282,1.6304,2010-04-22 10:30:19.712,Intermediário
1.6276,1.6299,2010-04-22 11:00:22.706,Intermediário
1.6298,1.6322,2010-04-22 11:30:18.363,Intermediário
1.6331,1.6355,2010-04-22 12:00:25.109,Intermediário
1.6332,1.6354,2010-04-22 12:30:17.548,Intermediário
1.6336,1.6358,2010-04-22 13:00:19.098,Intermediário
1.6366,1.639,2010-04-22 13:30:17.457,Intermediário
1.6373,1.6396,2010-04-22 14:00:21.598,Intermediário
1.6395,1.6419,2010-04-22 14:30:19.375,Intermediário
1.6377,1.64,2010-04-22 15:00:22.827,Intermediário
1.6378,1.6402,2010-04-22 15:30:21.145,Intermediário
1.6359,1.6383,2010-04-22 16:00:25.807,Intermediário
1.6369,1.6393,2010-04-22 16:30:19.527,Fechamento Interbancário
1.6358,1.6371,2010-04-22 17:35:12.91,Fechamento
1.6143,1.624,2010-04-23 09:22:11.093,Abertura
1.6184,1.6209,2010-04-23 09:30:18.86,Intermediário
1.6217,1.624,2010-04-23 10:00:19.838,Intermediário
1.6227,1.6249,2010-04-23 10:30:22.732,Intermediário
1.6197,1.6223,2010-04-23 11:00:30.83,Intermediário
1.6224,1.6246,2010-04-23 11:30:21.092,Intermediário
1.624,1.6262,2010-04-23 12:00:23.224,Intermediário
1.6267,1.6289,2010-04-23 12:30:28.188,Intermediário
1.6267,1.6289,2010-04-23 13:00:20.727,Intermediário
1.6272,1.6295,2010-04-23 13:30:18.366,Intermediário
1.6282,1.6306,2010-04-23 14:00:23.023,Intermediário
1.6279,1.6301,2010-04-23 14:30:21.674,Intermediário
1.6282,1.6306,2010-04-23 15:00:31.544,Intermediário
1.6293,1.6317,2010-04-23 15:30:23.341,Intermediário
1.6307,1.6331,2010-04-23 16:00:25.733,Intermediário
1.6292,1.6314,2010-04-23 16:30:23.575,Fechamento Interbancário
1.6307,1.6318,2010-04-23 17:41:45.657,Fechamento
1.6181,1.6277,2010-04-26 09:20:24.836,Abertura
1.6223,1.6245,2010-04-26 09:30:29.24,Intermediário
1.6237,1.6259,2010-04-26 10:35:23.78,Intermediário
1.6187,1.6212,2010-04-26 10:39:07.892,Intermediário
1.6171,1.6193,2010-04-26 11:10:25.262,Intermediário
1.619,1.6212,2010-04-26 11:34:27.409,Intermediário
1.6161,1.6183,2010-04-26 12:00:30.072,Intermediário
1.6183,1.6205,2010-04-26 12:30:22.238,Intermediário
1.6169,1.6191,2010-04-26 13:00:31.197,Intermediário
1.6153,1.6175,2010-04-26 13:30:20.374,Intermediário
1.6169,1.6191,2010-04-26 14:00:24.417,Intermediário
1.6156,1.618,2010-04-26 14:30:25.441,Intermediário
1.6153,1.6175,2010-04-26 15:00:22.661,Intermediário
1.6163,1.6185,2010-04-26 15:30:26.839,Intermediário
1.6152,1.6176,2010-04-26 16:00:23.072,Intermediário
1.614,1.6164,2010-04-26 16:30:18.954,Fechamento Interbancário
1.6148,1.616,2010-04-26 17:36:46.791,Fechamento
1.6123,1.6219,2010-04-27 09:24:18.383,Abertura
1.6154,1.6176,2010-04-27 09:30:27.069,Intermediário
1.6138,1.616,2010-04-27 10:00:42.983,Intermediário
1.6177,1.6199,2010-04-27 10:30:27.887,Intermediário
1.6185,1.6209,2010-04-27 11:00:48.763,Intermediário
1.6185,1.6207,2010-04-27 11:30:38.425,Intermediário
1.618,1.6204,2010-04-27 12:00:31.485,Intermediário
1.6161,1.6183,2010-04-27 12:30:27.413,Intermediário
1.6176,1.62,2010-04-27 13:00:27.353,Intermediário
1.6211,1.6234,2010-04-27 13:30:22.394,Intermediário
1.621,1.6233,2010-04-27 14:00:23.965,Intermediário
1.6221,1.6245,2010-04-27 14:30:29.443,Intermediário
1.6233,1.6257,2010-04-27 15:00:32.354,Intermediário
1.6201,1.6225,2010-04-27 15:30:25.642,Intermediário
1.6166,1.6189,2010-04-27 16:00:35.469,Intermediário
1.6149,1.6173,2010-04-27 16:30:30.378,Fechamento Interbancário
1.6107,1.612,2010-04-27 17:41:17.604,Fechamento
1.6196,1.6293,2010-04-28 09:22:19.661,Abertura
1.6221,1.6243,2010-04-28 09:30:29.335,Intermediário
1.6221,1.6243,2010-04-28 10:00:25.752,Intermediário
1.6195,1.6215,2010-04-28 10:30:25.669,Intermediário
1.6185,1.6205,2010-04-28 11:00:37.594,Intermediário
1.623,1.6252,2010-04-28 11:30:34.771,Intermediário
1.621,1.6232,2010-04-28 12:00:30.778,Intermediário
1.6224,1.6243,2010-04-28 12:30:26.036,Intermediário
1.6233,1.6253,2010-04-28 13:00:19.097,Intermediário
1.6245,1.6267,2010-04-28 13:30:22.05,Intermediário
1.625,1.6272,2010-04-28 14:00:32.375,Intermediário
1.6219,1.6241,2010-04-28 14:30:22.143,Intermediário
1.6221,1.6243,2010-04-28 15:00:24.262,Intermediário
1.6215,1.6237,2010-04-28 15:30:27.4,Intermediário
1.6204,1.6224,2010-04-28 16:00:33.034,Intermediário
1.6184,1.6206,2010-04-28 16:30:28.157,Fechamento Interbancário
1.623,1.6241,2010-04-28 17:50:03.55,Fechamento
1.6096,1.6191,2010-04-29 09:18:19.555,Abertura
1.6104,1.6126,2010-04-29 09:30:31.95,Intermediário
1.6119,1.6141,2010-04-29 10:00:36.621,Intermediário
1.6116,1.6138,2010-04-29 10:30:32.398,Intermediário
1.6097,1.6118,2010-04-29 11:00:33.622,Intermediário
1.6074,1.6096,2010-04-29 11:30:31.698,Intermediário
1.6058,1.6081,2010-04-29 12:00:31.502,Intermediário
1.6041,1.6063,2010-04-29 12:30:29.162,Intermediário
1.6046,1.6068,2010-04-29 13:00:28.065,Intermediário
1.6014,1.6038,2010-04-29 13:30:28.123,Intermediário
1.601,1.6032,2010-04-29 14:00:26.975,Intermediário
1.601,1.6032,2010-04-29 14:30:23.232,Intermediário
1.6032,1.6054,2010-04-29 15:00:28.54,Intermediário
1.6073,1.6095,2010-04-29 15:30:32.542,Intermediário
1.6035,1.6057,2010-04-29 16:00:33.106,Intermediário
1.6041,1.6063,2010-04-29 16:30:34.202,Fechamento Interbancário
1.6053,1.6063,2010-04-29 17:37:24.943,Fechamento
1.6029,1.6126,2010-04-30 09:22:21.085,Abertura
1.6054,1.6076,2010-04-30 09:30:18.411,Intermediário
1.6061,1.6083,2010-04-30 10:00:26.205,Intermediário
1.6082,1.6104,2010-04-30 10:30:22.867,Intermediário
1.6044,1.6066,2010-04-30 11:00:34.801,Intermediário
1.6089,1.6108,2010-04-30 11:30:33.72,Intermediário
1.6099,1.6121,2010-04-30 12:00:35.435,Intermediário
1.6088,1.611,2010-04-30 12:30:26.072,Intermediário
1.607,1.6092,2010-04-30 13:00:23.824,Intermediário
1.6058,1.6078,2010-04-30 13:30:19.804,Intermediário
1.6037,1.6059,2010-04-30 14:30:25.05,Intermediário
1.6028,1.605,2010-04-30 14:33:06.66,Intermediário
1.6025,1.6047,2010-04-30 15:00:22.649,Intermediário
1.6052,1.6072,2010-04-30 15:30:34.697,Intermediário
1.606,1.6082,2010-04-30 16:00:22.37,Intermediário
1.6065,1.6089,2010-04-30 16:30:24.01,Fechamento Interbancário
1.6008,1.602,2010-04-30 17:35:28.386,Fechamento
1.6025,1.6126,2010-05-03 09:38:11.276,Abertura
1.6032,1.6056,2010-05-03 09:45:19.211,Intermediário
1.6007,1.6034,2010-05-03 10:04:05.886,Intermediário
1.6033,1.6053,2010-05-03 10:30:50.497,Intermediário
1.6001,1.6023,2010-05-03 11:00:24.652,Intermediário
1.6006,1.6028,2010-05-03 11:30:24.429,Intermediário
1.6013,1.6035,2010-05-03 12:00:24.065,Intermediário
1.6041,1.6063,2010-05-03 12:30:24.218,Intermediário
1.6071,1.6091,2010-05-03 13:30:17.312,Intermediário
1.6046,1.6068,2010-05-03 13:55:15.659,Intermediário
1.6049,1.6071,2010-05-03 14:00:20.463,Intermediário
1.6044,1.6066,2010-05-03 14:30:18.457,Intermediário
1.6011,1.6033,2010-05-03 15:00:20.907,Intermediário
1.6042,1.6064,2010-05-03 15:30:18.147,Intermediário
1.6006,1.6026,2010-05-03 16:00:19.662,Intermediário
1.6032,1.6054,2010-05-03 16:30:19.335,Fechamento Interbancário
1.6038,1.6049,2010-05-03 17:45:35.207,Fechamento
1.5889,1.5988,2010-05-04 09:34:39.242,Abertura
1.591,1.5937,2010-05-04 09:41:49.398,Intermediário
1.5906,1.5931,2010-05-04 10:09:23.306,Intermediário
1.5914,1.5935,2010-05-04 10:30:24.24,Intermediário
1.5909,1.5929,2010-05-04 11:02:18.285,Intermediário
1.5932,1.5952,2010-05-04 11:30:23.397,Intermediário
1.597,1.599,2010-05-04 12:00:43.308,Intermediário
1.5978,1.6,2010-05-04 12:30:18.9,Intermediário
1.5976,1.5998,2010-05-04 13:00:25.887,Intermediário
1.5948,1.597,2010-05-04 13:30:18.371,Intermediário
1.5966,1.5986,2010-05-04 14:00:21.061,Intermediário
1.5997,1.6017,2010-05-04 14:30:18.576,Intermediário
1.5995,1.6017,2010-05-04 15:00:21.479,Intermediário
1.5988,1.6007,2010-05-04 15:30:18.477,Intermediário
1.6002,1.6022,2010-05-04 16:00:21.704,Intermediário
1.601,1.6032,2010-05-04 16:30:25.994,Fechamento Interbancário
1.5973,1.5984,2010-05-04 17:39:51.446,Fechamento
1.5998,1.6093,2010-05-05 09:26:17.052,Abertura
1.6037,1.6058,2010-05-05 09:40:10.992,Intermediário
1.601,1.603,2010-05-05 10:00:28.353,Intermediário
1.6147,1.6169,2010-05-05 10:30:44.811,Intermediário
1.6165,1.6185,2010-05-05 11:00:32.017,Intermediário
1.6181,1.6201,2010-05-05 11:30:25.066,Intermediário
1.6181,1.6201,2010-05-05 12:00:26.498,Intermediário
1.6181,1.6203,2010-05-05 12:30:22.72,Intermediário
1.6227,1.6247,2010-05-05 13:00:25.234,Intermediário
1.6166,1.6188,2010-05-05 13:30:18.01,Intermediário
1.6202,1.6222,2010-05-05 14:00:24.044,Intermediário
1.6193,1.6215,2010-05-05 14:30:19.502,Intermediário
1.6163,1.6186,2010-05-05 15:00:21.742,Intermediário
1.6214,1.6235,2010-05-05 15:30:18.89,Intermediário
1.6263,1.6284,2010-05-05 16:00:25.653,Intermediário
1.6261,1.6284,2010-05-05 16:30:21.396,Fechamento Interbancário
1.6165,1.6178,2010-05-05 17:41:29.678,Fechamento
1.6221,1.6315,2010-05-06 09:16:12.08,Abertura
1.6301,1.6323,2010-05-06 09:30:23.822,Intermediário
1.6265,1.6286,2010-05-06 10:09:13.055,Intermediário
1.624,1.6261,2010-05-06 11:00:29.551,Intermediário
1.6243,1.6263,2010-05-06 12:00:27.016,Intermediário
1.6326,1.6347,2010-05-06 12:30:22.024,Intermediário
1.6267,1.6288,2010-05-06 12:49:00.344,Intermediário
1.6209,1.6231,2010-05-06 12:50:18.391,Intermediário
1.6419,1.6441,2010-05-06 13:00:23.159,Intermediário
1.6429,1.645,2010-05-06 13:30:20.62,Intermediário
1.6398,1.6417,2010-05-06 14:00:22.755,Intermediário
1.6477,1.6499,2010-05-06 14:30:20.318,Intermediário
1.6548,1.657,2010-05-06 15:00:21.328,Intermediário
1.6635,1.6658,2010-05-06 15:30:57.248,Intermediário
1.6529,1.6554,2010-05-06 16:00:21.381,Intermediário
1.6372,1.6393,2010-05-06 16:30:25.786,Fechamento Interbancário
1.6261,1.6272,2010-05-06 17:39:34.535,Fechamento
1.6354,1.6447,2010-05-07 09:12:13.643,Abertura
1.6403,1.6427,2010-05-07 09:46:05.342,Intermediário
1.6303,1.6324,2010-05-07 10:00:24.884,Intermediário
1.6317,1.6338,2010-05-07 10:30:24.839,Intermediário
1.6338,1.636,2010-05-07 11:00:27.085,Intermediário
1.6502,1.6523,2010-05-07 11:30:40.472,Intermediário
1.6312,1.6335,2010-05-07 12:30:24.932,Intermediário
1.6327,1.6346,2010-05-07 13:11:52.782,Intermediário
1.6317,1.6338,2010-05-07 13:12:32.983,Intermediário
1.6229,1.6254,2010-05-07 13:30:16.359,Intermediário
1.6259,1.628,2010-05-07 14:00:27.9,Intermediário
1.6282,1.6305,2010-05-07 14:30:19.221,Intermediário
1.6337,1.636,2010-05-07 15:00:22.726,Intermediário
1.6418,1.6444,2010-05-07 15:30:18.107,Intermediário
1.6439,1.6462,2010-05-07 16:00:34.312,Intermediário
1.6415,1.6437,2010-05-07 16:30:20.322,Fechamento Interbancário
1.6278,1.6289,2010-05-07 17:34:42.727,Fechamento
1.6062,1.6162,2010-05-10 09:30:44.597,Abertura
1.6133,1.616,2010-05-10 09:41:22.425,Intermediário
1.6129,1.6151,2010-05-10 10:00:26.411,Intermediário
1.6142,1.6164,2010-05-10 10:30:19.844,Intermediário
1.61,1.612,2010-05-10 11:00:24.679,Intermediário
1.611,1.613,2010-05-10 11:30:28.527,Intermediário
1.6078,1.6097,2010-05-10 12:00:25.189,Intermediário
1.6097,1.6119,2010-05-10 12:30:16.58,Intermediário
1.6009,1.603,2010-05-10 13:00:18.699,Intermediário
1.5998,1.6022,2010-05-10 13:30:26.087,Intermediário
1.6015,1.6038,2010-05-10 14:00:20.133,Intermediário
1.6016,1.6038,2010-05-10 14:30:27.057,Intermediário
1.6004,1.6025,2010-05-10 15:00:20.397,Intermediário
1.5971,1.5995,2010-05-10 15:30:16.585,Intermediário
1.6034,1.6056,2010-05-10 16:00:18.921,Intermediário
1.5986,1.6007,2010-05-10 16:30:24.038,Fechamento Interbancário
1.6053,1.6064,2010-05-10 17:34:10.777,Fechamento
1.5935,1.6028,2010-05-11 09:20:16.461,Abertura
1.5967,1.5988,2010-05-11 09:30:17.857,Intermediário
1.5965,1.5985,2010-05-11 10:00:22.634,Intermediário
1.5929,1.5951,2010-05-11 10:30:17.321,Intermediário
1.5933,1.5954,2010-05-11 11:00:22.847,Intermediário
1.5943,1.5965,2010-05-11 11:30:17.108,Intermediário
1.5974,1.5994,2010-05-11 12:00:19.759,Intermediário
1.5966,1.5988,2010-05-11 12:30:16.165,Intermediário
1.5954,1.5975,2010-05-11 13:00:20.119,Intermediário
1.5973,1.5993,2010-05-11 13:30:16.104,Intermediário
1.5993,1.6014,2010-05-11 14:00:19.523,Intermediário
1.5955,1.5975,2010-05-11 14:30:17.004,Intermediário
1.5986,1.6007,2010-05-11 15:00:18.362,Intermediário
1.5993,1.6017,2010-05-11 15:30:27.573,Intermediário
1.5993,1.6015,2010-05-11 16:00:20.917,Intermediário
1.5958,1.5979,2010-05-11 16:30:21.729,Fechamento Interbancário
1.598,1.5991,2010-05-11 17:34:41.508,Fechamento
1.5922,1.6013,2010-05-12 09:24:14.978,Abertura
1.5961,1.5983,2010-05-12 09:30:18.383,Intermediário
1.5918,1.594,2010-05-12 10:00:26.182,Intermediário
1.5854,1.5875,2010-05-12 10:37:43.518,Intermediário
1.5856,1.5875,2010-05-12 11:00:25.49,Intermediário
1.5863,1.5884,2010-05-12 11:30:20.068,Intermediário
1.5833,1.5854,2010-05-12 12:00:18.913,Intermediário
1.5808,1.5828,2010-05-12 12:30:17.73,Intermediário
1.5822,1.5842,2010-05-12 13:00:22.303,Intermediário
1.5829,1.5851,2010-05-12 13:30:28.919,Intermediário
1.5802,1.5824,2010-05-12 14:00:22.18,Intermediário
1.5794,1.5815,2010-05-12 14:30:16.705,Intermediário
1.5788,1.5812,2010-05-12 15:00:22.831,Intermediário
1.5774,1.5796,2010-05-12 15:30:18.953,Intermediário
1.5803,1.5824,2010-05-12 16:00:23.722,Intermediário
1.5806,1.5828,2010-05-12 17:38:10.156,Fechamento Interbancário
1.5811,1.5821,2010-05-12 17:45:50.401,Fechamento
1.5842,1.5936,2010-05-13 09:46:31.878,Abertura
1.5866,1.5887,2010-05-13 09:51:24.576,Intermediário
1.5909,1.5932,2010-05-13 10:04:48.012,Intermediário
1.5879,1.59,2010-05-13 10:30:18.155,Intermediário
1.5922,1.5943,2010-05-13 11:00:23.21,Intermediário
1.5907,1.5929,2010-05-13 11:30:17.617,Intermediário
1.5925,1.5945,2010-05-13 12:00:27.91,Intermediário
1.5957,1.5978,2010-05-13 12:30:17.3,Intermediário
1.5923,1.5944,2010-05-13 13:00:19.988,Intermediário
1.5944,1.5966,2010-05-13 13:30:22.106,Intermediário
1.5934,1.5955,2010-05-13 14:00:16.579,Intermediário
1.5959,1.598,2010-05-13 14:30:18.746,Intermediário
1.5937,1.5959,2010-05-13 15:00:18.931,Intermediário
1.5925,1.5945,2010-05-13 15:30:17.12,Intermediário
1.5918,1.594,2010-05-13 16:00:22.954,Intermediário
1.5916,1.5938,2010-05-13 16:30:15.394,Fechamento Interbancário
1.5898,1.5908,2010-05-13 17:36:15.837,Fechamento
1.586,1.5951,2010-05-14 09:22:12.244,Abertura
1.589,1.591,2010-05-14 09:30:19.191,Intermediário
1.5904,1.5924,2010-05-14 10:18:31.691,Intermediário
1.5906,1.5928,2010-05-14 10:30:20.067,Intermediário
1.5938,1.5959,2010-05-14 11:00:25.382,Intermediário
1.596,1.5979,2010-05-14 11:30:19.98,Intermediário
1.5972,1.5993,2010-05-14 12:00:28.621,Intermediário
1.6051,1.6073,2010-05-14 12:30:19.678,Intermediário
1.6013,1.6034,2010-05-14 13:00:21.054,Intermediário
1.6001,1.6023,2010-05-14 13:30:18.911,Intermediário
1.5982,1.6002,2010-05-14 14:00:18.971,Intermediário
1.598,1.6001,2010-05-14 15:00:23.48,Intermediário
1.5966,1.5987,2010-05-14 15:30:16.788,Intermediário
1.5955,1.5976,2010-05-14 16:00:19.857,Intermediário
1.5978,1.6001,2010-05-14 16:19:02.031,Intermediário
1.5964,1.5985,2010-05-14 16:30:18.534,Fechamento Interbancário
1.591,1.5921,2010-05-14 17:34:59.436,Fechamento
1.5843,1.5933,2010-05-17 09:18:12.765,Abertura
1.5834,1.5855,2010-05-17 09:30:19.801,Intermediário
1.59,1.5921,2010-05-17 10:00:28.438,Intermediário
1.5855,1.5876,2010-05-17 10:30:22.822,Intermediário
1.5849,1.587,2010-05-17 11:00:24.951,Intermediário
1.5851,1.5872,2010-05-17 11:30:17.747,Intermediário
1.5875,1.5894,2010-05-17 12:00:19.245,Intermediário
1.5861,1.5882,2010-05-17 12:30:22.009,Intermediário
1.5864,1.5885,2010-05-17 13:00:18.045,Intermediário
1.5863,1.5884,2010-05-17 13:30:17.096,Intermediário
1.5821,1.5842,2010-05-17 14:00:23.315,Intermediário
1.5878,1.5899,2010-05-17 14:30:17.405,Intermediário
1.5849,1.5868,2010-05-17 15:00:21.801,Intermediário
1.5869,1.5888,2010-05-17 15:30:25.051,Intermediário
1.5815,1.5837,2010-05-17 16:00:26.949,Intermediário
1.5806,1.5828,2010-05-17 16:30:20.551,Fechamento Interbancário
1.5768,1.578,2010-05-17 17:35:48.832,Fechamento
1.5642,1.5733,2010-05-18 09:22:15.029,Abertura
1.5673,1.5694,2010-05-18 09:30:17.587,Intermediário
1.5626,1.5647,2010-05-18 10:00:24.111,Intermediário
1.5655,1.5676,2010-05-18 10:30:26.286,Intermediário
1.5684,1.5706,2010-05-18 11:00:26.963,Intermediário
1.5698,1.5719,2010-05-18 11:30:18.444,Intermediário
1.5704,1.5724,2010-05-18 12:00:21.833,Intermediário
1.5701,1.5722,2010-05-18 12:30:18.058,Intermediário
1.5679,1.57,2010-05-18 13:00:18.676,Intermediário
1.5684,1.5703,2010-05-18 13:30:19.79,Intermediário
1.5666,1.5687,2010-05-18 14:00:25.14,Intermediário
1.5651,1.5672,2010-05-18 14:30:26.305,Intermediário
1.5672,1.5693,2010-05-18 15:00:19.969,Intermediário
1.5716,1.5737,2010-05-18 15:30:17.738,Intermediário
1.5709,1.5732,2010-05-18 16:00:23.926,Intermediário
1.5721,1.5744,2010-05-18 16:30:21.02,Fechamento Interbancário
1.5473,1.5486,2010-05-18 17:34:34.669,Fechamento
1.5495,1.5583,2010-05-19 09:22:12.303,Abertura
1.5498,1.5519,2010-05-19 09:30:25.599,Intermediário
1.5638,1.5659,2010-05-19 10:00:24.063,Intermediário
1.5547,1.5569,2010-05-19 10:30:24.304,Intermediário
1.5416,1.5434,2010-05-19 11:00:29.239,Intermediário
1.5437,1.5458,2010-05-19 11:30:21.612,Intermediário
1.5465,1.5483,2010-05-19 12:00:30.486,Intermediário
1.5482,1.5503,2010-05-19 12:30:24.998,Intermediário
1.5489,1.551,2010-05-19 13:00:20.353,Intermediário
1.5538,1.5558,2010-05-19 13:30:17.177,Intermediário
1.5545,1.5565,2010-05-19 14:00:21.162,Intermediário
1.5523,1.5546,2010-05-19 14:30:18.165,Intermediário
1.5537,1.5558,2010-05-19 15:00:28.987,Intermediário
1.5527,1.5549,2010-05-19 15:30:21.154,Intermediário
1.546,1.5482,2010-05-19 16:00:25.721,Intermediário
1.5509,1.5529,2010-05-19 17:46:21.43,Fechamento Interbancário
1.5507,1.5517,2010-05-19 17:47:48.225,Fechamento
1.5443,1.5527,2010-05-20 09:27:07.593,Abertura
1.5458,1.548,2010-05-20 09:30:31.592,Intermediário
1.5497,1.5519,2010-05-20 10:24:30.071,Intermediário
1.5504,1.5524,2010-05-20 10:30:21.826,Intermediário
1.5456,1.5477,2010-05-20 11:03:42.448,Intermediário
1.5437,1.5457,2010-05-20 11:30:29.323,Intermediário
1.5446,1.5466,2010-05-20 12:00:23.201,Intermediário
1.5532,1.5554,2010-05-20 12:30:17.895,Intermediário
1.5562,1.5582,2010-05-20 13:00:21.862,Intermediário
1.5521,1.5541,2010-05-20 13:30:18.453,Intermediário
1.5427,1.5449,2010-05-20 14:00:21.677,Intermediário
1.5569,1.5591,2010-05-20 14:33:48.429,Intermediário
1.552,1.5542,2010-05-20 15:00:28.599,Intermediário
1.5476,1.55,2010-05-20 15:31:06.533,Intermediário
1.5393,1.5415,2010-05-20 16:00:29.535,Intermediário
1.5391,1.5413,2010-05-20 16:30:21.471,Fechamento Interbancário
1.5456,1.5468,2010-05-20 17:32:23.277,Fechamento
1.5536,1.5622,2010-05-21 09:26:14.975,Abertura
1.5536,1.5558,2010-05-21 09:30:30.934,Intermediário
1.5533,1.5553,2010-05-21 10:00:35.024,Intermediário
1.5553,1.5573,2010-05-21 10:30:22.02,Intermediário
1.5544,1.5566,2010-05-21 11:00:24.982,Intermediário
1.5492,1.5512,2010-05-21 11:30:18.522,Intermediário
1.5449,1.5467,2010-05-21 12:00:23.205,Intermediário
1.5408,1.5429,2010-05-21 12:30:17.029,Intermediário
1.5337,1.5358,2010-05-21 13:00:19.376,Intermediário
1.5344,1.5366,2010-05-21 13:30:19.213,Intermediário
1.5349,1.5371,2010-05-21 14:00:22.882,Intermediário
1.5411,1.5431,2010-05-21 14:30:19.152,Intermediário
1.5453,1.5475,2010-05-21 15:00:20.135,Intermediário
1.5432,1.5454,2010-05-21 15:30:22.945,Intermediário
1.5359,1.5379,2010-05-21 16:00:21.586,Intermediário
1.5374,1.5394,2010-05-21 16:30:21.639,Fechamento Interbancário
1.5467,1.5477,2010-05-21 17:33:27.416,Fechamento
1.539,1.5476,2010-05-24 09:20:16.315,Abertura
1.5464,1.5484,2010-05-24 09:30:21.859,Intermediário
1.5423,1.5444,2010-05-24 10:00:33.538,Intermediário
1.5338,1.5361,2010-05-24 10:30:30.828,Intermediário
1.5353,1.5374,2010-05-24 11:00:38.471,Intermediário
1.5342,1.5364,2010-05-24 11:30:30.132,Intermediário
1.5341,1.5361,2010-05-24 12:00:25.119,Intermediário
1.5398,1.541,2010-05-24 12:30:19.404,Intermediário
1.5419,1.5439,2010-05-24 13:00:20.673,Intermediário
1.5437,1.5456,2010-05-24 13:30:19.721,Intermediário
1.5394,1.5414,2010-05-24 14:00:22.814,Intermediário
1.5396,1.5418,2010-05-24 14:30:18.64,Intermediário
1.5435,1.5458,2010-05-24 15:00:22.494,Intermediário
1.5456,1.5476,2010-05-24 15:30:19.955,Intermediário
1.5471,1.5492,2010-05-24 16:00:22.221,Intermediário
1.5471,1.5492,2010-05-24 16:30:20.118,Fechamento Interbancário
1.5383,1.5394,2010-05-24 17:32:32.997,Fechamento
1.5419,1.5504,2010-05-25 09:22:11.448,Abertura
1.5425,1.5443,2010-05-25 09:30:20.305,Intermediário
1.5413,1.5433,2010-05-25 10:00:25.019,Intermediário
1.5348,1.5368,2010-05-25 10:30:21.093,Intermediário
1.5408,1.5429,2010-05-25 11:00:24.077,Intermediário
1.5387,1.5407,2010-05-25 11:30:23.001,Intermediário
1.5388,1.5408,2010-05-25 12:00:22.2,Intermediário
1.5346,1.5366,2010-05-25 12:30:17.587,Intermediário
1.5333,1.5353,2010-05-25 13:00:24.22,Intermediário
1.5333,1.5351,2010-05-25 13:30:16.627,Intermediário
1.5329,1.5349,2010-05-25 14:00:22.011,Intermediário
1.5345,1.5367,2010-05-25 14:30:19.49,Intermediário
1.5318,1.5338,2010-05-25 15:00:20.519,Intermediário
1.5267,1.5289,2010-05-25 15:30:18.026,Intermediário
1.5329,1.5349,2010-05-25 16:00:27.764,Intermediário
1.5312,1.5334,2010-05-25 16:30:19.995,Fechamento Interbancário
1.543,1.5442,2010-05-25 17:31:26.324,Fechamento
1.5212,1.5299,2010-05-26 09:20:16.872,Abertura
1.5269,1.5291,2010-05-26 09:30:29.008,Intermediário
1.5273,1.5293,2010-05-26 10:00:23.91,Intermediário
1.5348,1.537,2010-05-26 10:30:24.363,Intermediário
1.5345,1.5365,2010-05-26 11:00:29.171,Intermediário
1.5309,1.5329,2010-05-26 11:30:19.084,Intermediário
1.531,1.533,2010-05-26 12:00:23.044,Intermediário
1.5353,1.5373,2010-05-26 12:30:21.035,Intermediário
1.537,1.539,2010-05-26 13:00:21.332,Intermediário
1.5348,1.537,2010-05-26 13:30:16.745,Intermediário
1.5353,1.5375,2010-05-26 14:00:21.085,Intermediário
1.5335,1.5355,2010-05-26 14:30:29.158,Intermediário
1.5329,1.5349,2010-05-26 15:00:22.009,Intermediário
1.5324,1.5344,2010-05-26 15:30:20.787,Intermediário
1.5322,1.5344,2010-05-26 16:00:23.479,Intermediário
1.5282,1.5302,2010-05-26 16:30:23.963,Fechamento Interbancário
1.5194,1.5204,2010-05-26 17:34:25.863,Fechamento
1.5388,1.5475,2010-05-27 09:20:16.212,Abertura
1.5391,1.5412,2010-05-27 09:30:29.218,Intermediário
1.5412,1.5432,2010-05-27 10:00:29.46,Intermediário
1.5408,1.5426,2010-05-27 10:30:21.497,Intermediário
1.5424,1.5445,2010-05-27 11:00:36.381,Intermediário
1.549,1.5511,2010-05-27 11:30:21.597,Intermediário
1.5436,1.5455,2010-05-27 12:00:28.752,Intermediário
1.5438,1.5459,2010-05-27 12:30:19.967,Intermediário
1.5474,1.5495,2010-05-27 13:00:22.094,Intermediário
1.5456,1.5477,2010-05-27 13:30:21.226,Intermediário
1.5464,1.5485,2010-05-27 14:00:25.055,Intermediário
1.5481,1.55,2010-05-27 14:30:19.126,Intermediário
1.5414,1.5432,2010-05-27 15:00:25.805,Intermediário
1.5427,1.5448,2010-05-27 15:30:24.102,Intermediário
1.543,1.5451,2010-05-27 16:00:21.67,Intermediário
1.5466,1.5486,2010-05-27 16:30:19.647,Fechamento Interbancário
1.5534,1.5544,2010-05-27 17:35:37.141,Fechamento
1.5424,1.5513,2010-05-28 09:18:10.787,Abertura
1.5454,1.5474,2010-05-28 09:30:22.712,Intermediário
1.5486,1.5505,2010-05-28 10:00:34.356,Intermediário
1.5444,1.5464,2010-05-28 10:30:21.743,Intermediário
1.5472,1.5492,2010-05-28 11:00:32.287,Intermediário
1.5405,1.5426,2010-05-28 11:30:23.599,Intermediário
1.546,1.5481,2010-05-28 12:00:24.945,Intermediário
1.5409,1.5429,2010-05-28 12:30:18.958,Intermediário
1.5414,1.5435,2010-05-28 13:00:26.491,Intermediário
1.5346,1.5366,2010-05-28 13:30:17.992,Intermediário
1.5362,1.5384,2010-05-28 14:00:30.485,Intermediário
1.5373,1.5395,2010-05-28 14:30:19.286,Intermediário
1.5374,1.5395,2010-05-28 15:00:24.495,Intermediário
1.539,1.541,2010-05-28 15:30:20.494,Intermediário
1.535,1.5371,2010-05-28 16:00:23.67,Intermediário
1.5326,1.5349,2010-05-28 16:30:26.952,Fechamento Interbancário
1.5446,1.5458,2010-05-28 17:34:49.479,Fechamento
1.5208,1.5298,2010-05-31 09:26:11.707,Abertura
1.5232,1.5254,2010-05-31 09:30:18.424,Intermediário
1.5287,1.5309,2010-05-31 10:00:26.679,Intermediário
1.5272,1.5293,2010-05-31 10:30:17.215,Intermediário
1.5255,1.5277,2010-05-31 11:00:24.623,Intermediário
1.5255,1.5278,2010-05-31 11:30:17.792,Intermediário
1.5215,1.5237,2010-05-31 12:00:24.027,Intermediário
1.5271,1.5294,2010-05-31 12:30:18.323,Intermediário
1.527,1.5292,2010-05-31 13:00:21.828,Intermediário
1.532,1.5346,2010-05-31 13:30:19.395,Intermediário
1.5343,1.5367,2010-05-31 14:00:22.743,Intermediário
1.535,1.5378,2010-05-31 14:30:24.11,Intermediário
1.5332,1.5358,2010-05-31 15:00:44.453,Intermediário
1.5354,1.5378,2010-05-31 15:30:30.984,Intermediário
1.5343,1.5369,2010-05-31 16:00:31.627,Intermediário
1.5358,1.5386,2010-05-31 16:30:31.044,Fechamento Interbancário
1.5332,1.5349,2010-05-31 17:35:43.414,Fechamento
1.5204,1.5291,2010-06-01 09:22:17.933,Abertura
1.5262,1.5282,2010-06-01 09:30:22.028,Intermediário
1.5251,1.5272,2010-06-01 10:00:32.595,Intermediário
1.5287,1.5307,2010-06-01 10:30:24.749,Intermediário
1.5295,1.5315,2010-06-01 11:00:37.508,Intermediário
1.5333,1.5352,2010-06-01 11:30:20.325,Intermediário
1.5312,1.5332,2010-06-01 12:00:26.828,Intermediário
1.5302,1.5322,2010-06-01 12:30:23.567,Intermediário
1.5299,1.5319,2010-06-01 13:00:23.27,Intermediário
1.5328,1.5348,2010-06-01 13:30:25.64,Intermediário
1.5276,1.5296,2010-06-01 14:00:24.19,Intermediário
1.5321,1.5342,2010-06-01 14:30:25.488,Intermediário
1.5301,1.5322,2010-06-01 15:00:23.445,Intermediário
1.5341,1.5362,2010-06-01 15:30:19.826,Intermediário
1.5358,1.5378,2010-06-01 16:00:21.854,Intermediário
1.5346,1.5369,2010-06-01 16:30:27.632,Fechamento Interbancário
1.5244,1.5256,2010-06-01 17:41:44.276,Fechamento
1.5317,1.5404,2010-06-02 09:22:14.43,Abertura
1.5378,1.5398,2010-06-02 09:30:25.886,Intermediário
1.5286,1.5304,2010-06-02 10:00:27.995,Intermediário
1.526,1.5278,2010-06-02 10:30:21.521,Intermediário
1.5276,1.5297,2010-06-02 11:00:45.689,Intermediário
1.5267,1.5286,2010-06-02 11:30:21.045,Intermediário
1.5273,1.5293,2010-06-02 12:00:24.999,Intermediário
1.5272,1.5292,2010-06-02 12:30:28.291,Intermediário
1.5305,1.5325,2010-06-02 13:00:23.665,Intermediário
1.5321,1.5341,2010-06-02 13:30:21.16,Intermediário
1.5325,1.5343,2010-06-02 14:00:29.579,Intermediário
1.5292,1.5314,2010-06-02 14:30:20.865,Intermediário
1.5312,1.5333,2010-06-02 15:00:24.827,Intermediário
1.5359,1.538,2010-06-02 15:30:24.196,Intermediário
1.5281,1.5303,2010-06-02 16:00:28.532,Intermediário
1.5315,1.5336,2010-06-02 16:30:19.604,Fechamento Interbancário
1.5403,1.5413,2010-06-02 17:32:49.588,Fechamento
1.5332,1.542,2010-06-04 09:22:11.974,Abertura
1.5285,1.5303,2010-06-04 09:30:24.614,Intermediário
1.5285,1.5305,2010-06-04 10:00:26.644,Intermediário
1.5309,1.5329,2010-06-04 10:30:20.056,Intermediário
1.5269,1.5289,2010-06-04 11:00:24.928,Intermediário
1.5277,1.5298,2010-06-04 11:30:18.713,Intermediário
1.5247,1.5266,2010-06-04 12:00:26.43,Intermediário
1.5264,1.5284,2010-06-04 12:30:26.739,Intermediário
1.5244,1.5266,2010-06-04 13:00:21.471,Intermediário
1.5252,1.5272,2010-06-04 13:30:19.286,Intermediário
1.5272,1.5294,2010-06-04 14:00:23.597,Intermediário
1.5273,1.5294,2010-06-04 14:30:19.356,Intermediário
1.5285,1.5304,2010-06-04 15:00:26.063,Intermediário
1.5292,1.5314,2010-06-04 15:30:22.267,Intermediário
1.5269,1.5287,2010-06-04 16:00:32.35,Intermediário
1.5128,1.5142,2010-06-04 17:32:39.86,Fechamento
1.5185,1.5271,2010-06-07 09:16:14.519,Abertura
1.5238,1.5258,2010-06-07 09:30:19.295,Intermediário
1.5253,1.5273,2010-06-07 10:00:38.479,Intermediário
1.5245,1.5263,2010-06-07 10:31:07.039,Intermediário
1.5199,1.5217,2010-06-07 11:00:27.916,Intermediário
1.5222,1.524,2010-06-07 11:30:23.29,Intermediário
1.523,1.5251,2010-06-07 12:00:34.026,Intermediário
1.524,1.526,2010-06-07 12:30:19.602,Intermediário
1.5258,1.5278,2010-06-07 13:00:32.334,Intermediário
1.5219,1.5239,2010-06-07 13:30:23.1,Intermediário
1.5232,1.5252,2010-06-07 14:00:26.34,Intermediário
1.5248,1.5268,2010-06-07 14:30:23.518,Intermediário
1.5243,1.5265,2010-06-07 15:00:26.208,Intermediário
1.5262,1.528,2010-06-07 15:30:20.006,Intermediário
1.526,1.5278,2010-06-07 16:00:29.839,Intermediário
1.5237,1.5257,2010-06-07 16:30:23.541,Fechamento Interbancário
1.5128,1.5138,2010-06-07 17:32:05.592,Fechamento
1.522,1.5306,2010-06-08 09:24:11.932,Abertura
1.5255,1.5275,2010-06-08 09:30:24.439,Intermediário
1.5299,1.5317,2010-06-08 10:00:35.295,Intermediário
1.5317,1.5337,2010-06-08 10:30:26.143,Intermediário
1.5307,1.5329,2010-06-08 11:00:28.94,Intermediário
1.5356,1.5375,2010-06-08 11:30:23.135,Intermediário
1.5308,1.5328,2010-06-08 12:00:26.614,Intermediário
1.5299,1.5319,2010-06-08 12:30:23.681,Intermediário
1.5353,1.5373,2010-06-08 13:00:26.334,Intermediário
1.5338,1.536,2010-06-08 13:30:24.199,Intermediário
1.5386,1.5406,2010-06-08 14:00:28.105,Intermediário
1.5312,1.533,2010-06-08 14:30:33.034,Intermediário
1.533,1.5348,2010-06-08 15:00:26.794,Intermediário
1.53,1.5322,2010-06-08 15:30:26.242,Intermediário
1.5279,1.5299,2010-06-08 16:00:28.702,Intermediário
1.531,1.533,2010-06-08 16:30:27.324,Fechamento Interbancário
1.5368,1.5378,2010-06-08 17:32:07.132,Fechamento
1.5286,1.5371,2010-06-09 09:22:15.169,Abertura
1.5304,1.5323,2010-06-09 09:30:26.629,Intermediário
1.5318,1.5338,2010-06-09 10:00:24.784,Intermediário
1.5353,1.5373,2010-06-09 10:30:26.504,Intermediário
1.5365,1.5386,2010-06-09 11:00:27.602,Intermediário
1.5335,1.5355,2010-06-09 11:30:24.321,Intermediário
1.534,1.5359,2010-06-09 12:00:28.842,Intermediário
1.5334,1.5355,2010-06-09 12:30:22.323,Intermediário
1.5308,1.5328,2010-06-09 13:00:23.194,Intermediário
1.5322,1.5342,2010-06-09 13:30:22.004,Intermediário
1.5312,1.5333,2010-06-09 14:00:26.043,Intermediário
1.5288,1.5311,2010-06-09 14:32:03.283,Intermediário
1.5317,1.5337,2010-06-09 15:00:26.181,Intermediário
1.5304,1.5325,2010-06-09 15:30:20.696,Intermediário
1.5272,1.5292,2010-06-09 16:00:23.479,Intermediário
1.5303,1.5322,2010-06-09 16:30:20.156,Fechamento Interbancário
1.5266,1.5275,2010-06-09 17:33:40.417,Fechamento
1.5388,1.5476,2010-06-10 09:20:15.517,Abertura
1.543,1.5452,2010-06-10 09:30:21.089,Intermediário
1.5431,1.5452,2010-06-10 10:00:38.117,Intermediário
1.5441,1.546,2010-06-10 10:30:23.826,Intermediário
1.5431,1.5452,2010-06-10 11:00:30.799,Intermediário
1.5404,1.5427,2010-06-10 11:30:22.094,Intermediário
1.5406,1.5427,2010-06-10 12:00:29.038,Intermediário
1.5354,1.5373,2010-06-10 12:30:25.05,Intermediário
1.5378,1.5398,2010-06-10 13:00:29.328,Intermediário
1.5394,1.5415,2010-06-10 13:30:23.183,Intermediário
1.536,1.5383,2010-06-10 14:00:29.135,Intermediário
1.5363,1.5383,2010-06-10 14:30:21.283,Intermediário
1.5366,1.5387,2010-06-10 15:00:29.06,Intermediário
1.5346,1.5366,2010-06-10 15:30:21.814,Intermediário
1.5334,1.5357,2010-06-10 16:00:27.01,Intermediário
1.5355,1.5376,2010-06-10 16:30:24.466,Fechamento Interbancário
1.5438,1.5448,2010-06-10 17:35:29.158,Fechamento
1.5268,1.5357,2010-06-11 09:22:12.529,Abertura
1.5259,1.5278,2010-06-11 09:30:22.668,Intermediário
1.5279,1.5299,2010-06-11 10:00:30.287,Intermediário
1.5308,1.5329,2010-06-11 10:30:22.913,Intermediário
1.5357,1.5378,2010-06-11 11:00:32.883,Intermediário
1.5319,1.534,2010-06-11 11:30:22.933,Intermediário
1.5334,1.5355,2010-06-11 12:00:34.89,Intermediário
1.5316,1.5336,2010-06-11 12:30:19.202,Intermediário
1.5326,1.5347,2010-06-11 13:00:20.539,Intermediário
1.5308,1.5328,2010-06-11 13:30:20.61,Intermediário
1.5309,1.533,2010-06-11 14:00:27.066,Intermediário
1.5317,1.5335,2010-06-11 14:30:20.186,Intermediário
1.5341,1.5362,2010-06-11 15:00:25.866,Intermediário
1.5362,1.5384,2010-06-11 15:30:19.267,Intermediário
1.5392,1.5414,2010-06-11 16:00:22.492,Intermediário
1.5377,1.54,2010-06-11 16:30:19.435,Fechamento Interbancário
1.5358,1.537,2010-06-11 17:37:09.486,Fechamento
1.5476,1.5564,2010-06-14 09:24:18.087,Abertura
1.5508,1.5528,2010-06-14 09:30:22.655,Intermediário
1.5487,1.5508,2010-06-14 10:00:28.497,Intermediário
1.5533,1.5552,2010-06-14 10:30:21.617,Intermediário
1.5573,1.5592,2010-06-14 11:00:33.217,Intermediário
1.5598,1.5617,2010-06-14 11:30:20.209,Intermediário
1.5566,1.5585,2010-06-14 12:00:26.311,Intermediário
1.5569,1.559,2010-06-14 12:30:20.335,Intermediário
1.5536,1.5557,2010-06-14 13:00:31.13,Intermediário
1.5544,1.5563,2010-06-14 13:30:20.61,Intermediário
1.5524,1.5545,2010-06-14 14:00:28.103,Intermediário
1.5513,1.5534,2010-06-14 14:30:20.925,Intermediário
1.5522,1.5543,2010-06-14 15:00:26.227,Intermediário
1.5538,1.5561,2010-06-14 15:30:21.384,Intermediário
1.5553,1.5572,2010-06-14 16:00:23.521,Intermediário
1.555,1.557,2010-06-14 16:30:25.074,Fechamento Interbancário
1.5517,1.5527,2010-06-14 17:40:20.697,Fechamento
1.5414,1.5503,2010-06-15 09:18:11.133,Abertura
1.5433,1.5456,2010-06-15 09:30:18.598,Intermediário
1.5467,1.5487,2010-06-15 10:00:28.508,Intermediário
1.5436,1.5457,2010-06-15 10:30:22.995,Intermediário
1.5448,1.5467,2010-06-15 11:00:22.816,Intermediário
1.5444,1.5465,2010-06-15 11:30:17.1,Intermediário
1.5432,1.5453,2010-06-15 12:00:26.823,Intermediário
1.5448,1.5469,2010-06-15 12:30:20.23,Intermediário
1.5429,1.545,2010-06-15 13:00:19.741,Intermediário
1.5415,1.5436,2010-06-15 13:30:16.924,Fechamento Interbancário
1.5461,1.5471,2010-06-15 14:03:33.118,Fechamento
1.5392,1.5482,2010-06-16 09:14:15.084,Abertura
1.5419,1.5439,2010-06-16 09:30:18.325,Intermediário
1.5433,1.5454,2010-06-16 10:00:27.853,Intermediário
1.546,1.5481,2010-06-16 10:30:20.865,Intermediário
1.5465,1.5486,2010-06-16 11:00:25.049,Intermediário
1.5451,1.5473,2010-06-16 11:30:17.643,Intermediário
1.5462,1.5481,2010-06-16 12:00:25.652,Intermediário
1.5439,1.5458,2010-06-16 12:30:20.852,Intermediário
1.5444,1.5464,2010-06-16 13:00:21.996,Intermediário
1.5452,1.5473,2010-06-16 13:30:18.048,Intermediário
1.5435,1.5455,2010-06-16 14:00:22.079,Intermediário
1.5416,1.5438,2010-06-16 14:30:19.178,Intermediário
1.5404,1.5425,2010-06-16 15:00:24.691,Intermediário
1.5407,1.5428,2010-06-16 15:30:22.875,Intermediário
1.5431,1.5454,2010-06-16 16:00:25.431,Intermediário
1.5427,1.5448,2010-06-16 16:30:32.995,Fechamento Interbancário
1.5431,1.5442,2010-06-16 17:41:15.758,Fechamento
1.5363,1.5451,2010-06-17 09:22:11.764,Abertura
1.5369,1.539,2010-06-17 09:30:26.57,Intermediário
1.5401,1.542,2010-06-17 10:00:27.456,Intermediário
1.5408,1.5429,2010-06-17 10:30:27.992,Intermediário
1.538,1.5401,2010-06-17 11:00:28.669,Intermediário
1.5391,1.541,2010-06-17 11:30:19.62,Intermediário
1.5375,1.5394,2010-06-17 12:00:23.158,Intermediário
1.5382,1.5403,2010-06-17 12:30:20.464,Intermediário
1.5399,1.5419,2010-06-17 13:00:21.677,Intermediário
1.5379,1.54,2010-06-17 13:30:18.166,Intermediário
1.539,1.5412,2010-06-17 14:00:27.546,Intermediário
1.5386,1.5409,2010-06-17 14:30:19.846,Intermediário
1.5408,1.5427,2010-06-17 15:00:22.432,Intermediário
1.5432,1.5453,2010-06-17 15:30:18.958,Intermediário
1.5444,1.5465,2010-06-17 16:00:25.794,Intermediário
1.5468,1.5487,2010-06-17 16:30:19.797,Fechamento Interbancário
1.5398,1.5406,2010-06-17 17:40:51.003,Fechamento
1.5395,1.5485,2010-06-18 09:18:10.384,Abertura
1.5421,1.5442,2010-06-18 09:30:18.778,Intermediário
1.5442,1.5465,2010-06-18 10:00:27.653,Intermediário
1.546,1.548,2010-06-18 10:30:19.823,Intermediário
1.5466,1.5485,2010-06-18 11:00:24.941,Intermediário
1.5446,1.5465,2010-06-18 11:30:20.724,Intermediário
1.5413,1.5432,2010-06-18 12:00:23.44,Intermediário
1.5402,1.5423,2010-06-18 12:30:21.048,Intermediário
1.5416,1.5437,2010-06-18 13:00:23.521,Intermediário
1.5409,1.543,2010-06-18 13:30:21.334,Intermediário
1.54,1.5423,2010-06-18 14:00:21.617,Intermediário
1.5397,1.5418,2010-06-18 14:30:18.767,Intermediário
1.5411,1.5432,2010-06-18 15:00:21.117,Intermediário
1.5404,1.5423,2010-06-18 15:30:18.841,Intermediário
1.5397,1.5416,2010-06-18 16:00:25.386,Intermediário
1.5387,1.5408,2010-06-18 16:30:20.438,Fechamento Interbancário
1.5433,1.5443,2010-06-18 17:38:15.783,Fechamento
1.5456,1.5548,2010-06-21 09:20:18.542,Abertura
1.5516,1.5537,2010-06-21 09:30:23.225,Intermediário
1.5528,1.5548,2010-06-21 10:00:27.86,Intermediário
1.5514,1.5534,2010-06-21 10:30:26.088,Intermediário
1.5555,1.5574,2010-06-21 11:00:30.392,Intermediário
1.5497,1.5518,2010-06-21 11:30:22.712,Intermediário
1.5537,1.5558,2010-06-21 12:00:30.346,Intermediário
1.5523,1.5543,2010-06-21 12:30:21.936,Intermediário
1.5541,1.556,2010-06-21 13:00:25.105,Intermediário
1.5523,1.5544,2010-06-21 13:30:19.108,Intermediário
1.5513,1.5534,2010-06-21 14:00:21.017,Intermediário
1.549,1.5513,2010-06-21 14:30:22.488,Intermediário
1.5525,1.5546,2010-06-21 15:00:23.431,Intermediário
1.553,1.5551,2010-06-21 15:30:26.221,Intermediário
1.5532,1.5555,2010-06-21 16:00:29.452,Intermediário
1.553,1.5551,2010-06-21 16:30:24.435,Fechamento Interbancário
1.5473,1.5483,2010-06-21 17:37:44.686,Fechamento
1.5484,1.5573,2010-06-22 09:14:11.006,Abertura
1.5497,1.5516,2010-06-22 09:30:24.151,Intermediário
1.5534,1.5553,2010-06-22 10:00:29.194,Intermediário
1.5504,1.5525,2010-06-22 10:30:24.094,Intermediário
1.5491,1.5513,2010-06-22 11:00:31.201,Intermediário
1.5484,1.5504,2010-06-22 11:30:24.732,Intermediário
1.5477,1.5499,2010-06-22 12:00:29.792,Intermediário
1.5516,1.5537,2010-06-22 12:30:25.181,Intermediário
1.5509,1.553,2010-06-22 13:00:24.747,Intermediário
1.5502,1.5523,2010-06-22 13:30:20.84,Intermediário
1.5502,1.5521,2010-06-22 14:00:23.905,Intermediário
1.5477,1.5498,2010-06-22 14:30:27.126,Intermediário
1.5502,1.5521,2010-06-22 15:00:29.479,Intermediário
1.5514,1.5535,2010-06-22 15:30:23.299,Intermediário
1.5559,1.558,2010-06-22 16:00:31.745,Intermediário
1.5532,1.5553,2010-06-22 16:30:37.774,Fechamento Interbancário
1.5421,1.5431,2010-06-22 17:37:14.118,Fechamento
1.5579,1.567,2010-06-23 09:14:13.316,Abertura
1.5611,1.5632,2010-06-23 09:30:26.443,Intermediário
1.5599,1.562,2010-06-23 10:00:31.823,Intermediário
1.5631,1.5652,2010-06-23 10:30:25.607,Intermediário
1.5608,1.5628,2010-06-23 11:00:43.618,Intermediário
1.5622,1.5643,2010-06-23 11:30:23.22,Intermediário
1.5616,1.5637,2010-06-23 12:00:33.08,Intermediário
1.5644,1.5665,2010-06-23 12:30:22.626,Intermediário
1.5676,1.5697,2010-06-23 13:00:24.829,Intermediário
1.5673,1.5694,2010-06-23 13:30:21.304,Intermediário
1.5687,1.5708,2010-06-23 14:00:25.253,Intermediário
1.5696,1.5717,2010-06-23 14:30:24.001,Intermediário
1.5677,1.5697,2010-06-23 15:00:26.959,Intermediário
1.5724,1.5745,2010-06-23 15:30:23.823,Intermediário
1.5646,1.5667,2010-06-23 16:00:25.316,Intermediário
1.5625,1.5648,2010-06-23 16:30:23.012,Fechamento Interbancário
1.5625,1.5637,2010-06-23 17:31:19.162,Fechamento
1.5497,1.5587,2010-06-24 09:10:14.86,Abertura
1.5572,1.5593,2010-06-24 09:30:27.145,Intermediário
1.5547,1.5568,2010-06-24 10:00:30.548,Intermediário
1.5546,1.5567,2010-06-24 10:30:27.784,Intermediário
1.5559,1.558,2010-06-24 11:00:42.476,Intermediário
1.5509,1.553,2010-06-24 11:30:29.325,Intermediário
1.5519,1.5538,2010-06-24 12:00:36.742,Intermediário
1.5542,1.5563,2010-06-24 12:30:30.957,Intermediário
1.5527,1.5548,2010-06-24 13:00:29.468,Intermediário
1.5515,1.5536,2010-06-24 13:30:23.013,Intermediário
1.5506,1.5525,2010-06-24 14:00:27.406,Intermediário
1.5489,1.551,2010-06-24 14:30:26.52,Intermediário
1.5525,1.5546,2010-06-24 15:00:29.242,Intermediário
1.5509,1.553,2010-06-24 15:30:35.169,Intermediário
1.5494,1.5517,2010-06-24 16:00:30.367,Intermediário
1.5502,1.5523,2010-06-24 16:30:27.437,Fechamento Interbancário
1.5527,1.5538,2010-06-24 17:36:04.503,Fechamento
1.535,1.544,2010-06-25 09:16:11.433,Abertura
1.5397,1.5416,2010-06-25 09:30:20.79,Intermediário
1.5422,1.5441,2010-06-25 10:00:21.862,Intermediário
1.5545,1.5566,2010-06-25 15:00:25.298,Intermediário
1.5538,1.5559,2010-06-25 15:30:31.968,Intermediário
1.5538,1.5561,2010-06-25 16:00:32.289,Intermediário
1.5533,1.5555,2010-06-25 16:30:23.493,Fechamento Interbancário
1.5526,1.5539,2010-06-25 17:46:08.628,Fechamento
1.5515,1.5606,2010-06-28 09:14:19.317,Abertura
1.5513,1.5534,2010-06-28 09:30:32.527,Intermediário
1.5509,1.5531,2010-06-28 10:00:31.224,Intermediário
1.5527,1.5547,2010-06-28 10:30:23.674,Intermediário
1.5527,1.5548,2010-06-28 11:00:29.399,Intermediário
1.5555,1.5576,2010-06-28 11:30:18.969,Intermediário
1.5538,1.5557,2010-06-28 12:00:29.839,Intermediário
1.5536,1.5557,2010-06-28 12:30:21.588,Intermediário
1.5527,1.5547,2010-06-28 13:00:28.165,Intermediário
1.5555,1.5576,2010-06-28 13:30:26.552,Fechamento Interbancário
1.5562,1.5573,2010-06-28 14:04:20.541,Fechamento
1.5371,1.5458,2010-06-29 09:18:14.623,Abertura
1.5369,1.539,2010-06-29 09:30:22.309,Intermediário
1.5366,1.5386,2010-06-29 10:00:27.542,Intermediário
1.5367,1.5388,2010-06-29 10:30:25.024,Intermediário
1.5385,1.5406,2010-06-29 11:00:27.735,Intermediário
1.5376,1.5395,2010-06-29 11:30:22.019,Intermediário
1.5385,1.5406,2010-06-29 12:00:26.02,Intermediário
1.5368,1.5389,2010-06-29 12:30:20.865,Intermediário
1.5374,1.5394,2010-06-29 13:00:25.535,Intermediário
1.5401,1.5421,2010-06-29 13:30:20.35,Intermediário
1.5389,1.541,2010-06-29 14:00:29.831,Intermediário
1.538,1.5399,2010-06-29 14:30:25.31,Intermediário
1.5368,1.539,2010-06-29 15:00:27.563,Intermediário
1.5433,1.5454,2010-06-29 15:30:19.493,Intermediário
1.5398,1.5419,2010-06-29 16:00:26.506,Intermediário
1.538,1.5401,2010-06-29 16:30:21.322,Fechamento Interbancário
1.5361,1.5372,2010-06-29 17:38:35.905,Fechamento
1.5284,1.5373,2010-06-30 09:16:10.875,Abertura
1.5267,1.5287,2010-06-30 09:30:22.931,Intermediário
1.5227,1.5246,2010-06-30 10:00:27.545,Intermediário
1.5218,1.5237,2010-06-30 10:30:24.538,Intermediário
1.5232,1.5251,2010-06-30 11:00:31.004,Intermediário
1.5235,1.5255,2010-06-30 11:30:23.52,Intermediário
1.5209,1.523,2010-06-30 12:00:32.476,Intermediário
1.5217,1.5236,2010-06-30 12:30:28.121,Intermediário
1.521,1.523,2010-06-30 13:00:30.613,Intermediário
1.5192,1.5212,2010-06-30 13:30:22.163,Intermediário
1.5178,1.5198,2010-06-30 14:00:30.797,Intermediário
1.5194,1.5214,2010-06-30 14:30:21.37,Intermediário
1.5183,1.5204,2010-06-30 15:00:26.564,Intermediário
1.5177,1.5195,2010-06-30 15:30:23.716,Intermediário
1.5191,1.521,2010-06-30 16:00:26.855,Intermediário
1.5182,1.5202,2010-06-30 16:30:23.069,Fechamento Interbancário
1.5171,1.5181,2010-06-30 17:35:11.498,Fechamento
1.5104,1.5192,2010-07-01 09:22:14.395,Abertura
1.512,1.514,2010-07-01 09:30:33.573,Intermediário
1.512,1.5139,2010-07-01 10:00:33.212,Intermediário
1.5107,1.5127,2010-07-01 10:30:23.166,Intermediário
1.5105,1.5124,2010-07-01 11:00:32.02,Intermediário
1.5102,1.5122,2010-07-01 11:30:28.564,Intermediário
1.5075,1.5095,2010-07-01 12:00:31.689,Intermediário
1.5103,1.5123,2010-07-01 12:30:22.42,Intermediário
1.5085,1.5106,2010-07-01 13:00:24.407,Intermediário
1.5083,1.5103,2010-07-01 13:30:20.855,Intermediário
1.5111,1.5131,2010-07-01 14:00:28.267,Intermediário
1.5113,1.5134,2010-07-01 14:30:19.864,Intermediário
1.5114,1.5135,2010-07-01 15:00:34.954,Intermediário
1.5099,1.5119,2010-07-01 15:30:25.743,Intermediário
1.5099,1.5119,2010-07-01 16:00:27.709,Intermediário
1.5091,1.5112,2010-07-01 16:30:22.577,Fechamento Interbancário
1.514,1.515,2010-07-01 17:36:13.304,Fechamento
1.5001,1.5087,2010-07-02 09:18:13.083,Abertura
1.5076,1.5098,2010-07-02 09:30:27.808,Intermediário
1.5027,1.5047,2010-07-02 10:00:33.561,Intermediário
1.4952,1.4973,2010-07-02 15:00:23.851,Intermediário
1.4942,1.4964,2010-07-02 15:30:24.971,Intermediário
1.4942,1.4962,2010-07-02 16:00:24.952,Intermediário
1.4984,1.5006,2010-07-02 16:30:18.839,Fechamento Interbancário
1.4998,1.5011,2010-07-02 17:46:01.764,Fechamento
1.4828,1.4916,2010-07-05 09:22:11.311,Abertura
1.4849,1.487,2010-07-05 09:30:22.643,Intermediário
1.4859,1.4879,2010-07-05 10:00:30.621,Intermediário
1.4884,1.4905,2010-07-05 10:33:02.715,Intermediário
1.4877,1.4896,2010-07-05 11:00:36.184,Intermediário
1.4882,1.4902,2010-07-05 11:30:21.109,Intermediário
1.4866,1.4886,2010-07-05 12:00:28.859,Intermediário
1.4873,1.4892,2010-07-05 12:30:25.698,Intermediário
1.4854,1.4874,2010-07-05 13:00:25.729,Intermediário
1.4859,1.4883,2010-07-05 13:30:20.284,Intermediário
1.4868,1.4892,2010-07-05 14:00:24.827,Intermediário
1.488,1.4901,2010-07-05 14:30:18.286,Intermediário
1.487,1.4892,2010-07-05 15:00:24.603,Intermediário
1.4902,1.4926,2010-07-05 15:30:19.177,Intermediário
1.4914,1.4936,2010-07-05 16:00:26.848,Intermediário
1.4909,1.4931,2010-07-05 16:30:19.693,Fechamento Interbancário
1.489,1.4902,2010-07-05 17:40:52.405,Fechamento
1.4976,1.5063,2010-07-06 09:21:59.272,Abertura
1.5026,1.5045,2010-07-06 09:30:24.894,Intermediário
1.5014,1.5033,2010-07-06 10:00:29.588,Intermediário
1.5058,1.5078,2010-07-06 10:30:21.74,Intermediário
1.4996,1.5017,2010-07-06 11:00:29.92,Intermediário
1.5067,1.5085,2010-07-06 11:30:23.446,Intermediário
1.506,1.508,2010-07-06 12:00:32.938,Intermediário
1.5063,1.5083,2010-07-06 12:30:22.135,Intermediário
1.5084,1.5105,2010-07-06 13:00:28.19,Intermediário
1.5068,1.5089,2010-07-06 13:30:21.984,Intermediário
1.5035,1.5055,2010-07-06 14:07:34.776,Intermediário
1.5053,1.5074,2010-07-06 14:30:20.166,Intermediário
1.5043,1.5063,2010-07-06 15:00:28.531,Intermediário
1.511,1.5131,2010-07-06 15:30:21.669,Intermediário
1.5121,1.5142,2010-07-06 16:00:24.976,Intermediário
1.5107,1.5129,2010-07-06 16:30:21.991,Fechamento Interbancário
1.4985,1.4998,2010-07-06 17:36:08.194,Fechamento
1.5082,1.517,2010-07-07 09:14:13.749,Abertura
1.51,1.5121,2010-07-07 09:30:25.753,Intermediário
1.5103,1.5122,2010-07-07 10:00:29.967,Intermediário
1.5088,1.5109,2010-07-07 10:31:35.325,Intermediário
1.5103,1.5124,2010-07-07 11:00:33.318,Intermediário
1.5146,1.5164,2010-07-07 11:30:25.483,Intermediário
1.5168,1.5188,2010-07-07 12:00:41.135,Intermediário
1.5162,1.5183,2010-07-07 12:30:23.512,Intermediário
1.5172,1.5193,2010-07-07 13:00:31.218,Intermediário
1.5164,1.5185,2010-07-07 13:30:23.786,Intermediário
1.5185,1.5204,2010-07-07 14:00:29.032,Intermediário
1.5213,1.5234,2010-07-07 14:30:25.143,Intermediário
1.5229,1.525,2010-07-07 15:00:26.609,Intermediário
1.5245,1.5265,2010-07-07 15:30:23.926,Intermediário
1.5264,1.5285,2010-07-07 16:00:31.532,Intermediário
1.5265,1.5286,2010-07-07 16:30:25.063,Fechamento Interbancário
1.5318,1.5329,2010-07-07 17:39:15.165,Fechamento
1.5374,1.5465,2010-07-08 09:26:14.307,Abertura
1.5404,1.5425,2010-07-08 09:30:28.379,Intermediário
1.544,1.5462,2010-07-08 10:00:32.967,Intermediário
1.5435,1.5456,2010-07-08 10:30:30.25,Intermediário
1.544,1.5461,2010-07-08 11:00:39.022,Intermediário
1.5475,1.5495,2010-07-08 11:30:22.895,Intermediário
1.5438,1.5458,2010-07-08 12:00:31.07,Intermediário
1.5419,1.5438,2010-07-08 12:30:33.732,Intermediário
1.5394,1.5415,2010-07-08 13:00:27.812,Intermediário
1.5434,1.5455,2010-07-08 13:30:20.878,Intermediário
1.5431,1.5452,2010-07-08 14:00:28.737,Intermediário
1.5454,1.5475,2010-07-08 14:30:21.952,Intermediário
1.5442,1.5463,2010-07-08 15:00:27.861,Intermediário
1.544,1.5462,2010-07-08 15:30:25.03,Intermediário
1.5391,1.5414,2010-07-08 16:00:31.659,Intermediário
1.5405,1.5417,2010-07-08 16:30:26.019,Fechamento Interbancário
1.5426,1.5437,2010-07-08 17:35:44.768,Fechamento
1.5353,1.5444,2010-07-09 09:18:11.85,Abertura
1.5414,1.5435,2010-07-09 09:30:24.054,Intermediário
1.54,1.5421,2010-07-09 10:00:28.326,Intermediário
1.5407,1.5428,2010-07-09 10:30:21.982,Intermediário
1.5404,1.5423,2010-07-09 11:00:41.538,Intermediário
1.5442,1.5461,2010-07-09 11:30:22.562,Intermediário
1.5395,1.5414,2010-07-09 12:00:29.458,Intermediário
1.5395,1.5416,2010-07-09 12:30:23.391,Intermediário
1.5412,1.5435,2010-07-09 13:00:25.789,Intermediário
1.5407,1.5428,2010-07-09 13:30:19.957,Intermediário
1.5409,1.5428,2010-07-09 14:00:25.894,Intermediário
1.5391,1.5412,2010-07-09 14:30:19.744,Intermediário
1.5372,1.5391,2010-07-09 15:00:30.155,Intermediário
1.5384,1.5405,2010-07-09 15:30:21.138,Intermediário
1.5402,1.5421,2010-07-09 16:00:27.133,Intermediário
1.5405,1.5426,2010-07-09 16:30:22.802,Fechamento Interbancário
1.5383,1.5393,2010-07-09 17:36:29.431,Fechamento
1.5344,1.5433,2010-07-12 09:20:15.946,Abertura
1.5381,1.54,2010-07-12 09:37:48.679,Intermediário
1.5379,1.5398,2010-07-12 10:00:31.164,Intermediário
1.5365,1.5384,2010-07-12 10:30:21.271,Intermediário
1.5386,1.5405,2010-07-12 11:00:31.402,Intermediário
1.5395,1.5416,2010-07-12 11:41:58.897,Intermediário
1.5409,1.5428,2010-07-12 12:15:38.263,Intermediário
1.5393,1.5414,2010-07-12 12:30:25.041,Intermediário
1.5393,1.5414,2010-07-12 13:00:25.184,Intermediário
1.537,1.5391,2010-07-12 13:30:20.895,Intermediário
1.537,1.5393,2010-07-12 14:00:25.741,Intermediário
1.5398,1.5419,2010-07-12 14:30:22.789,Intermediário
1.5407,1.543,2010-07-12 15:00:27.581,Intermediário
1.5421,1.5442,2010-07-12 15:30:27.735,Intermediário
1.5412,1.5438,2010-07-12 16:08:05.403,Intermediário
1.5419,1.544,2010-07-12 16:30:25.142,Fechamento Interbancário
1.5424,1.5435,2010-07-12 17:36:53.639,Fechamento
1.5362,1.5453,2010-07-13 09:20:20.057,Abertura
1.5356,1.5376,2010-07-13 09:37:07.314,Intermediário
1.5395,1.5414,2010-07-13 10:01:38.914,Intermediário
1.5395,1.5416,2010-07-13 10:30:25.407,Intermediário
1.5383,1.5404,2010-07-13 11:00:31.918,Intermediário
1.5368,1.539,2010-07-13 11:30:20.878,Intermediário
1.5365,1.5386,2010-07-13 12:11:52.782,Intermediário
1.5426,1.5447,2010-07-13 12:30:25.773,Intermediário
1.5449,1.547,2010-07-13 13:00:25.271,Intermediário
1.5449,1.547,2010-07-13 13:30:19.066,Intermediário
1.5414,1.5435,2010-07-13 14:00:26.58,Intermediário
1.5418,1.5439,2010-07-13 14:30:22.813,Intermediário
1.5462,1.5483,2010-07-13 15:00:33.658,Intermediário
1.5449,1.547,2010-07-13 15:30:23.64,Intermediário
1.5426,1.5447,2010-07-13 16:00:26.476,Intermediário
1.5433,1.5453,2010-07-13 16:30:25.583,Fechamento Interbancário
1.5439,1.5448,2010-07-13 17:38:05.013,Fechamento
1.547,1.556,2010-07-14 09:20:19.873,Abertura
1.5513,1.5532,2010-07-14 09:31:45.623,Intermediário
1.5513,1.5532,2010-07-14 10:01:58.077,Intermediário
1.5516,1.5537,2010-07-14 10:30:31.677,Intermediário
1.5511,1.5532,2010-07-14 11:00:32.903,Intermediário
1.5557,1.5576,2010-07-14 11:30:31.482,Intermediário
1.5576,1.5597,2010-07-14 12:00:30.264,Intermediário
1.5581,1.5603,2010-07-14 12:30:19.488,Intermediário
1.5585,1.5606,2010-07-14 13:00:31.587,Intermediário
1.5574,1.5595,2010-07-14 13:30:20.973,Intermediário
1.5548,1.5567,2010-07-14 14:00:30.462,Intermediário
1.555,1.5571,2010-07-14 14:35:13.99,Intermediário
1.5562,1.5583,2010-07-14 15:00:29.662,Intermediário
1.5551,1.5573,2010-07-14 15:30:20.987,Intermediário
1.5537,1.5558,2010-07-14 16:00:29.91,Intermediário
1.5558,1.558,2010-07-14 16:30:27.122,Fechamento Interbancário
1.5584,1.5595,2010-07-14 17:35:38.813,Fechamento
1.5458,1.5548,2010-07-15 09:22:12.412,Abertura
1.5475,1.5497,2010-07-15 09:30:23.402,Intermediário
1.5481,1.55,2010-07-15 10:00:56.597,Intermediário
1.5472,1.5493,2010-07-15 10:30:34.088,Intermediário
1.5467,1.5488,2010-07-15 11:02:57.263,Intermediário
1.5523,1.5542,2010-07-15 11:30:23.129,Intermediário
1.5514,1.5535,2010-07-15 12:25:12.058,Intermediário
1.5528,1.555,2010-07-15 12:37:59.945,Intermediário
1.5534,1.5556,2010-07-15 13:00:27.662,Intermediário
1.5554,1.5576,2010-07-15 13:30:22.172,Intermediário
1.5562,1.5583,2010-07-15 14:00:31.968,Intermediário
1.559,1.5611,2010-07-15 14:30:21.542,Intermediário
1.5599,1.5622,2010-07-15 15:00:29.427,Intermediário
1.5668,1.5689,2010-07-15 15:30:22.071,Intermediário
1.5615,1.5636,2010-07-15 16:00:30.636,Intermediário
1.5578,1.5599,2010-07-15 16:30:22.757,Fechamento Interbancário
1.5562,1.5573,2010-07-15 17:44:55.679,Fechamento
1.5476,1.5567,2010-07-16 09:22:14.323,Abertura
1.55,1.5521,2010-07-16 09:30:25.395,Intermediário
1.5477,1.5498,2010-07-16 10:00:27.249,Intermediário
1.5475,1.5494,2010-07-16 10:30:26.116,Intermediário
1.5476,1.5497,2010-07-16 11:00:31.839,Intermediário
1.5464,1.5483,2010-07-16 11:30:23.55,Intermediário
1.552,1.5541,2010-07-16 12:00:47.646,Intermediário
1.5533,1.5553,2010-07-16 12:31:24.577,Intermediário
1.5538,1.5559,2010-07-16 13:00:30.731,Intermediário
1.5554,1.5575,2010-07-16 13:30:20.328,Intermediário
1.5509,1.553,2010-07-16 14:00:27.258,Intermediário
1.5487,1.5508,2010-07-16 14:30:19.494,Intermediário
1.5487,1.551,2010-07-16 15:01:37.815,Intermediário
1.5501,1.5521,2010-07-16 15:30:19.839,Intermediário
1.5535,1.5554,2010-07-16 16:00:23.752,Intermediário
1.5486,1.5507,2010-07-16 16:37:48.134,Fechamento Interbancário
1.5472,1.5483,2010-07-16 17:36:31.702,Fechamento
1.5383,1.5473,2010-07-19 09:04:14.642,Abertura
1.5395,1.5417,2010-07-19 09:30:26.628,Intermediário
1.5395,1.5414,2010-07-19 10:00:27.766,Intermediário
1.5411,1.5431,2010-07-19 10:30:39.035,Intermediário
1.5397,1.5418,2010-07-19 11:00:29.058,Intermediário
1.5419,1.544,2010-07-19 11:30:24.798,Intermediário
1.5478,1.5499,2010-07-19 12:01:29.906,Intermediário
1.5501,1.5522,2010-07-19 12:30:19.212,Intermediário
1.5503,1.5524,2010-07-19 13:00:27.956,Intermediário
1.5531,1.5552,2010-07-19 13:30:21.762,Intermediário
1.5538,1.5559,2010-07-19 15:57:00.68,Intermediário
1.554,1.5561,2010-07-19 16:00:29.773,Intermediário
1.5552,1.5573,2010-07-19 16:08:10.329,Intermediário
1.5549,1.557,2010-07-19 16:12:48.293,Intermediário
1.5525,1.5546,2010-07-19 16:18:48.474,Intermediário
1.5521,1.5542,2010-07-19 16:30:21.773,Fechamento Interbancário
1.5526,1.5537,2010-07-19 17:36:16.289,Fechamento
1.5645,1.5736,2010-07-20 09:29:52.86,Abertura
1.5667,1.5688,2010-07-20 09:31:22.459,Intermediário
1.5648,1.5667,2010-07-20 10:02:15.403,Intermediário
1.5653,1.5674,2010-07-20 10:31:29.398,Intermediário
1.5608,1.5629,2010-07-20 11:01:19.555,Intermediário
1.5603,1.5624,2010-07-20 11:30:22.013,Intermediário
1.5589,1.561,2010-07-20 12:00:24.135,Intermediário
1.5636,1.5657,2010-07-20 12:30:16.627,Intermediário
1.5623,1.5644,2010-07-20 13:00:17.992,Intermediário
1.563,1.5651,2010-07-20 13:30:17.784,Intermediário
1.5673,1.5694,2010-07-20 14:00:21.087,Intermediário
1.567,1.5691,2010-07-20 14:30:14.112,Intermediário
1.5626,1.5647,2010-07-20 15:00:15.956,Intermediário
1.5625,1.5647,2010-07-20 15:30:15.071,Intermediário
1.5629,1.565,2010-07-20 16:00:17.211,Intermediário
1.5654,1.5673,2010-07-20 16:30:14.14,Fechamento Interbancário
1.5717,1.5726,2010-07-20 17:45:53.84,Fechamento
1.5626,1.5716,2010-07-21 09:12:10.171,Abertura
1.5631,1.5652,2010-07-21 09:30:20.384,Intermediário
1.5606,1.5627,2010-07-21 10:00:16.495,Intermediário
1.5613,1.5634,2010-07-21 10:30:15.188,Intermediário
1.5618,1.564,2010-07-21 11:00:18.142,Intermediário
1.5645,1.5664,2010-07-21 11:43:04.502,Intermediário
1.564,1.5661,2010-07-21 12:00:17.467,Intermediário
1.5641,1.5662,2010-07-21 12:30:17.651,Intermediário
1.5648,1.5671,2010-07-21 13:00:19.702,Intermediário
1.5641,1.5663,2010-07-21 13:30:14.198,Intermediário
1.5627,1.5648,2010-07-21 14:00:15.592,Intermediário
1.5647,1.5668,2010-07-21 14:30:14.902,Intermediário
1.5661,1.5682,2010-07-21 15:07:01.785,Intermediário
1.5614,1.5634,2010-07-21 15:30:20.157,Intermediário
1.5625,1.5647,2010-07-21 16:00:18.423,Intermediário
1.5644,1.5665,2010-07-21 16:33:40.169,Fechamento Interbancário
1.559,1.56,2010-07-21 17:58:05.911,Fechamento
1.5675,1.5767,2010-07-22 09:08:11.868,Abertura
1.5703,1.5723,2010-07-22 09:32:45.485,Intermediário
1.5732,1.5753,2010-07-22 10:03:47.543,Intermediário
1.5755,1.5776,2010-07-22 10:30:18.08,Intermediário
1.5719,1.574,2010-07-22 11:00:16.695,Intermediário
1.5692,1.5712,2010-07-22 11:30:15.235,Intermediário
1.5701,1.5722,2010-07-22 12:00:19.675,Intermediário
1.5738,1.5758,2010-07-22 12:30:14.798,Intermediário
1.5731,1.5753,2010-07-22 13:00:16.652,Intermediário
1.5751,1.577,2010-07-22 13:30:15.02,Intermediário
1.5759,1.5781,2010-07-22 14:00:17.74,Intermediário
1.5727,1.5749,2010-07-22 14:30:16.124,Intermediário
1.5727,1.5749,2010-07-22 15:00:16.52,Intermediário
1.5736,1.5757,2010-07-22 15:30:15.239,Intermediário
1.5706,1.5726,2010-07-22 16:00:17.195,Intermediário
1.572,1.574,2010-07-22 16:30:15.248,Fechamento Interbancário
1.5748,1.5757,2010-07-22 17:36:45.011,Fechamento
1.5645,1.5738,2010-07-23 09:08:10.155,Abertura
1.5702,1.5722,2010-07-23 09:30:15.792,Intermediário
1.5711,1.5733,2010-07-23 10:00:17.507,Intermediário
1.5747,1.5769,2010-07-23 10:30:14.16,Intermediário
1.5721,1.5742,2010-07-23 11:00:16.773,Intermediário
1.5744,1.5767,2010-07-23 11:30:15.61,Intermediário
1.5743,1.5763,2010-07-23 12:00:15.574,Intermediário
1.5731,1.5752,2010-07-23 12:30:13.25,Intermediário
1.5761,1.5784,2010-07-23 13:00:15.217,Intermediário
1.5747,1.577,2010-07-23 13:30:16.68,Intermediário
1.5761,1.5781,2010-07-23 14:00:14.646,Intermediário
1.5755,1.5777,2010-07-23 14:30:16.645,Intermediário
1.5756,1.5777,2010-07-23 15:00:20.918,Intermediário
1.5736,1.5756,2010-07-23 15:30:14.848,Intermediário
1.5753,1.5775,2010-07-23 16:00:16.074,Intermediário
1.5745,1.5768,2010-07-23 16:30:16.284,Fechamento Interbancário
1.5771,1.5783,2010-07-23 17:37:29.135,Fechamento
1.5807,1.59,2010-07-26 09:23:08.132,Abertura
1.5829,1.585,2010-07-26 09:30:23.336,Intermediário
1.5844,1.5864,2010-07-26 10:00:20.181,Intermediário
1.5834,1.5855,2010-07-26 10:30:18.701,Intermediário
1.5905,1.5927,2010-07-26 11:00:25.086,Intermediário
1.5898,1.5918,2010-07-26 11:30:14.71,Intermediário
1.5907,1.5927,2010-07-26 12:00:18.339,Intermediário
1.5889,1.591,2010-07-26 12:30:17.028,Intermediário
1.5916,1.5935,2010-07-26 13:00:16.762,Intermediário
1.5956,1.5978,2010-07-26 13:30:16.616,Intermediário
1.594,1.5962,2010-07-26 14:02:31.818,Intermediário
1.5911,1.5932,2010-07-26 14:30:16.041,Intermediário
1.5902,1.5922,2010-07-26 15:00:19.231,Intermediário
1.5883,1.5906,2010-07-26 15:30:14.65,Intermediário
1.5911,1.5933,2010-07-26 16:00:14.619,Intermediário
1.5936,1.5958,2010-07-26 16:30:14.719,Fechamento Interbancário
1.5946,1.5957,2010-07-26 17:35:33.309,Fechamento
1.5889,1.5984,2010-07-27 09:22:11.908,Abertura
1.5922,1.5944,2010-07-27 09:30:16.923,Intermediário
1.5932,1.5953,2010-07-27 10:00:23.258,Intermediário
1.5903,1.5925,2010-07-27 10:30:21.832,Intermediário
1.5917,1.5939,2010-07-27 11:00:26.142,Intermediário
1.5918,1.5938,2010-07-27 11:30:20.558,Intermediário
1.5935,1.5954,2010-07-27 12:00:16.978,Intermediário
1.5939,1.596,2010-07-27 12:55:46.474,Intermediário
1.5913,1.5935,2010-07-27 13:00:17.721,Intermediário
1.5911,1.5932,2010-07-27 13:30:16.866,Intermediário
1.5926,1.5947,2010-07-27 14:00:21.106,Intermediário
1.5887,1.5908,2010-07-27 14:30:15.623,Intermediário
1.5919,1.594,2010-07-27 15:00:18.397,Intermediário
1.5935,1.5956,2010-07-27 15:30:15.601,Intermediário
1.5942,1.5964,2010-07-27 16:00:27.436,Intermediário
1.5958,1.598,2010-07-27 16:30:26.21,Fechamento Interbancário
1.5931,1.5942,2010-07-27 17:37:59.971,Fechamento
1.5779,1.5872,2010-07-28 09:22:10.736,Abertura
1.5802,1.5822,2010-07-28 09:30:14.336,Intermediário
1.5792,1.5813,2010-07-28 10:00:18.146,Intermediário
1.5756,1.5778,2010-07-28 10:30:14.481,Intermediário
1.5769,1.5788,2010-07-28 11:00:14.911,Intermediário
1.5729,1.5751,2010-07-28 11:30:14.074,Intermediário
1.5736,1.5758,2010-07-28 12:00:18.515,Intermediário
1.5735,1.5754,2010-07-28 12:30:13.752,Intermediário
1.5731,1.5751,2010-07-28 13:00:15.1,Intermediário
1.5736,1.5758,2010-07-28 13:30:12.694,Intermediário
1.5718,1.574,2010-07-28 14:00:15.405,Intermediário
1.5695,1.5717,2010-07-28 14:30:14.31,Intermediário
1.5715,1.5737,2010-07-28 15:00:16.296,Intermediário
1.5722,1.5746,2010-07-28 15:30:13.105,Intermediário
1.5756,1.5778,2010-07-28 16:00:17.66,Intermediário
1.5776,1.5797,2010-07-28 16:30:19.691,Fechamento Interbancário
1.5733,1.5744,2010-07-28 17:35:50.122,Fechamento
1.583,1.5924,2010-07-29 09:10:14.561,Abertura
1.5896,1.5917,2010-07-29 09:30:15.736,Intermediário
1.5861,1.5881,2010-07-29 10:00:16.109,Intermediário
1.5875,1.5897,2010-07-29 10:30:14.324,Intermediário
1.5902,1.5924,2010-07-29 11:07:52.639,Intermediário
1.5885,1.5906,2010-07-29 11:30:13.393,Intermediário
1.5902,1.5924,2010-07-29 12:00:16.914,Intermediário
1.5851,1.5873,2010-07-29 12:30:23.523,Intermediário
1.5844,1.5866,2010-07-29 13:00:17.368,Intermediário
1.5885,1.5907,2010-07-29 13:30:15.412,Intermediário
1.5878,1.59,2010-07-29 14:00:15.556,Intermediário
1.5872,1.5894,2010-07-29 14:30:14.778,Intermediário
1.5876,1.5899,2010-07-29 15:00:20.22,Intermediário
1.5908,1.593,2010-07-29 15:30:15.386,Intermediário
1.5854,1.5875,2010-07-29 16:00:16.297,Intermediário
1.5864,1.5888,2010-07-29 16:30:15.205,Fechamento Interbancário
1.5905,1.5918,2010-07-29 17:42:42.695,Fechamento
1.5678,1.5771,2010-07-30 09:16:10.145,Abertura
1.5812,1.5831,2010-07-30 09:30:16.367,Intermediário
1.5872,1.5894,2010-07-30 10:00:16.719,Intermediário
1.5869,1.589,2010-07-30 10:30:18.055,Intermediário
1.5886,1.5907,2010-07-30 11:00:16.45,Intermediário
1.5933,1.5955,2010-07-30 11:30:15.488,Intermediário
1.5912,1.5932,2010-07-30 12:00:16.511,Intermediário
1.5901,1.5923,2010-07-30 12:30:14.464,Intermediário
1.5926,1.5948,2010-07-30 13:00:15.259,Intermediário
1.5908,1.593,2010-07-30 13:30:16.326,Intermediário
1.5891,1.5912,2010-07-30 14:00:18.621,Intermediário
1.5902,1.5925,2010-07-30 14:30:14.828,Intermediário
1.588,1.5902,2010-07-30 15:00:18.243,Intermediário
1.5885,1.5909,2010-07-30 15:30:14.203,Intermediário
1.5853,1.5876,2010-07-30 16:00:16.797,Intermediário
1.5897,1.5916,2010-07-30 16:30:16.735,Fechamento Interbancário
1.5918,1.5927,2010-07-30 17:35:33.589,Fechamento
1.5889,1.5982,2010-08-02 09:30:02.267,Abertura
1.5926,1.5954,2010-08-02 09:34:05.171,Intermediário
1.5912,1.5934,2010-08-02 10:00:20.093,Intermediário
1.5923,1.5944,2010-08-02 10:30:15.622,Intermediário
1.5965,1.5985,2010-08-02 11:00:20.216,Intermediário
1.5919,1.5941,2010-08-02 11:30:16.601,Intermediário
1.5954,1.5974,2010-08-02 12:00:20.245,Intermediário
1.5933,1.5955,2010-08-02 12:30:13.24,Intermediário
1.5937,1.5959,2010-08-02 13:00:15.584,Intermediário
1.5947,1.5968,2010-08-02 13:30:14.296,Intermediário
1.5954,1.5975,2010-08-02 14:00:16.131,Intermediário
1.5934,1.5954,2010-08-02 14:30:15.595,Intermediário
1.5927,1.5947,2010-08-02 15:00:15.699,Intermediário
1.5958,1.598,2010-08-02 15:30:13.791,Intermediário
1.5958,1.598,2010-08-02 16:00:14.555,Intermediário
1.5965,1.5987,2010-08-02 16:30:14.259,Fechamento Interbancário
1.5957,1.5967,2010-08-02 17:45:04.31,Fechamento
1.5935,1.603,2010-08-03 09:22:15.246,Abertura
1.5973,1.5995,2010-08-03 09:30:15.823,Intermediário
1.5993,1.6014,2010-08-03 10:00:46.42,Intermediário
1.5993,1.6013,2010-08-03 10:30:15.971,Intermediário
1.6007,1.6027,2010-08-03 11:00:18.469,Intermediário
1.6011,1.6032,2010-08-03 11:30:15.043,Intermediário
1.6074,1.6094,2010-08-03 12:00:17.256,Intermediário
1.6068,1.609,2010-08-03 12:30:14.487,Intermediário
1.6053,1.6073,2010-08-03 13:00:16.506,Intermediário
1.6028,1.605,2010-08-03 13:31:56.686,Intermediário
1.6025,1.6047,2010-08-03 14:00:17.257,Intermediário
1.6063,1.6085,2010-08-03 14:30:15.477,Intermediário
1.6077,1.6099,2010-08-03 15:00:15.82,Intermediário
1.6068,1.609,2010-08-03 15:30:16.035,Intermediário
1.6061,1.6083,2010-08-03 16:00:17.756,Intermediário
1.6059,1.6081,2010-08-03 16:30:15.596,Fechamento Interbancário
1.6065,1.6076,2010-08-03 17:37:17.793,Fechamento
1.604,1.6136,2010-08-04 09:24:10.935,Abertura
1.6088,1.6108,2010-08-04 09:30:14.082,Intermediário
1.6061,1.6083,2010-08-04 10:00:22.813,Intermediário
1.6068,1.6088,2010-08-04 10:30:16.517,Intermediário
1.6102,1.6122,2010-08-04 11:00:15.964,Intermediário
1.6071,1.6093,2010-08-04 11:30:16.576,Intermediário
1.6079,1.6099,2010-08-04 12:00:17.375,Intermediário
1.6098,1.6118,2010-08-04 12:30:19.668,Intermediário
1.6105,1.6125,2010-08-04 13:00:16.223,Intermediário
1.611,1.6132,2010-08-04 13:30:14.621,Intermediário
1.6093,1.6115,2010-08-04 14:00:17.761,Intermediário
1.6075,1.6097,2010-08-04 14:30:13.747,Intermediário
1.6089,1.6111,2010-08-04 15:00:20.384,Intermediário
1.6103,1.6125,2010-08-04 15:30:14.656,Intermediário
1.6117,1.6139,2010-08-04 16:19:12.032,Intermediário
1.6113,1.6135,2010-08-04 16:30:12.685,Fechamento Interbancário
1.6108,1.6119,2010-08-04 17:37:18.781,Fechamento
1.5962,1.6057,2010-08-05 09:22:10.502,Abertura
1.602,1.6042,2010-08-05 09:30:19.535,Intermediário
1.6008,1.6028,2010-08-05 10:00:16.469,Intermediário
1.6011,1.6032,2010-08-05 10:30:15.005,Intermediário
1.5994,1.6014,2010-08-05 11:00:22.327,Intermediário
1.602,1.604,2010-08-05 11:30:14.224,Intermediário
1.6006,1.6026,2010-08-05 12:00:14.56,Intermediário
1.6027,1.6048,2010-08-05 12:30:13.353,Intermediário
1.6018,1.604,2010-08-05 13:00:17.927,Intermediário
1.6018,1.6039,2010-08-05 13:30:14.736,Intermediário
1.6025,1.6046,2010-08-05 14:00:18.485,Intermediário
1.6028,1.605,2010-08-05 14:30:14.452,Intermediário
1.6046,1.6067,2010-08-05 15:00:18.437,Intermediário
1.6013,1.6035,2010-08-05 15:30:14.532,Intermediário
1.6015,1.6036,2010-08-05 16:00:16.379,Intermediário
1.6027,1.6049,2010-08-05 16:30:22.596,Fechamento Interbancário
1.6034,1.6045,2010-08-05 17:41:51.674,Fechamento
1.6076,1.6172,2010-08-06 09:24:12.305,Abertura
1.6079,1.6103,2010-08-06 09:30:16.782,Intermediário
1.6111,1.6131,2010-08-06 10:00:18.77,Intermediário
1.6113,1.6135,2010-08-06 10:30:15.671,Intermediário
1.6136,1.6158,2010-08-06 11:00:15.803,Intermediário
1.6139,1.616,2010-08-06 11:30:18.988,Intermediário
1.6104,1.6125,2010-08-06 12:00:20.557,Intermediário
1.6119,1.6141,2010-08-06 12:30:14.68,Intermediário
1.6105,1.6127,2010-08-06 13:00:17.032,Intermediário
1.6094,1.6116,2010-08-06 13:30:14.94,Intermediário
1.6073,1.6095,2010-08-06 14:00:25.837,Intermediário
1.6081,1.6103,2010-08-06 14:30:16.707,Intermediário
1.6111,1.6133,2010-08-06 15:00:16.893,Intermediário
1.6109,1.6131,2010-08-06 15:30:15.075,Intermediário
1.6138,1.6162,2010-08-06 16:00:14.895,Intermediário
1.6142,1.6163,2010-08-06 16:30:15.491,Fechamento Interbancário
1.6131,1.6141,2010-08-06 17:37:14.494,Fechamento
1.6082,1.6178,2010-08-09 09:26:09.365,Abertura
1.6114,1.6135,2010-08-09 09:30:20.534,Intermediário
1.6103,1.6123,2010-08-09 10:00:20.483,Intermediário
1.6112,1.6134,2010-08-09 10:30:15.181,Intermediário
1.6108,1.613,2010-08-09 11:00:17.741,Intermediário
1.6092,1.6114,2010-08-09 11:30:16.033,Intermediário
1.6058,1.608,2010-08-09 12:00:15.854,Intermediário
1.6063,1.6085,2010-08-09 12:30:16.388,Intermediário
1.6062,1.6084,2010-08-09 13:00:17.958,Intermediário
1.6045,1.6067,2010-08-09 13:30:14.813,Intermediário
1.6039,1.6061,2010-08-09 14:00:16.957,Intermediário
1.6047,1.6068,2010-08-09 14:30:14.227,Intermediário
1.6054,1.6075,2010-08-09 15:00:16.765,Intermediário
1.6035,1.6057,2010-08-09 15:30:14.846,Intermediário
1.6039,1.6061,2010-08-09 16:00:15.582,Intermediário
1.6039,1.6061,2010-08-09 16:30:25.324,Fechamento Interbancário
1.6065,1.6076,2010-08-09 17:37:03.039,Fechamento
1.5907,1.6001,2010-08-10 09:20:16.051,Abertura
1.5941,1.5963,2010-08-10 09:30:14.18,Intermediário
1.5973,1.5995,2010-08-10 10:00:16.369,Intermediário
1.5957,1.5977,2010-08-10 10:47:29.856,Intermediário
1.5961,1.5983,2010-08-10 11:00:16.304,Intermediário
1.5949,1.5971,2010-08-10 11:30:15.632,Intermediário
1.601,1.6031,2010-08-10 12:00:17.362,Intermediário
1.5984,1.6006,2010-08-10 12:30:14.183,Intermediário
1.5988,1.601,2010-08-10 13:00:17.855,Intermediário
1.6,1.6022,2010-08-10 13:30:16.353,Intermediário
1.599,1.6011,2010-08-10 14:00:19.654,Intermediário
1.5981,1.6002,2010-08-10 14:30:13.278,Intermediário
1.5993,1.6015,2010-08-10 15:00:16.889,Intermediário
1.6052,1.6073,2010-08-10 15:30:14.501,Intermediário
1.6052,1.6072,2010-08-10 16:00:15.502,Intermediário
1.6045,1.6066,2010-08-10 16:30:13.039,Fechamento Interbancário
1.6052,1.6063,2010-08-10 17:36:41.776,Fechamento
1.5907,1.6001,2010-08-11 09:16:15.118,Abertura
1.595,1.5972,2010-08-11 09:30:15.522,Intermediário
1.5911,1.5933,2010-08-11 10:04:09.704,Intermediário
1.5956,1.5978,2010-08-11 10:30:15.672,Intermediário
1.5924,1.5946,2010-08-11 11:00:19.113,Intermediário
1.5937,1.5956,2010-08-11 11:30:15.181,Intermediário
1.5939,1.5961,2010-08-11 12:00:16.361,Intermediário
1.5911,1.5932,2010-08-11 12:30:15.559,Intermediário
1.591,1.593,2010-08-11 13:00:16.371,Intermediário
1.5921,1.5942,2010-08-11 13:30:14.603,Intermediário
1.5885,1.5909,2010-08-11 14:00:15.833,Intermediário
1.5908,1.5928,2010-08-11 14:30:14.957,Intermediário
1.588,1.5902,2010-08-11 15:00:16.723,Intermediário
1.5898,1.5919,2010-08-11 15:30:14.821,Intermediário
1.5893,1.5914,2010-08-11 16:00:15.739,Intermediário
1.5898,1.5919,2010-08-11 16:30:20.734,Fechamento Interbancário
1.5875,1.5886,2010-08-11 17:37:23.508,Fechamento
1.5824,1.5917,2010-08-12 09:12:10.263,Abertura
1.587,1.5893,2010-08-12 09:30:16.04,Intermediário
1.5853,1.5874,2010-08-12 10:02:13.823,Intermediário
1.5869,1.589,2010-08-12 10:30:14.845,Intermediário
1.584,1.5861,2010-08-12 11:01:27.429,Intermediário
1.5813,1.5835,2010-08-12 11:30:13.508,Intermediário
1.5866,1.5886,2010-08-12 12:00:17.323,Intermediário
1.5832,1.5854,2010-08-12 12:30:14.136,Intermediário
1.5845,1.5865,2010-08-12 13:00:15.329,Intermediário
1.5829,1.5849,2010-08-12 13:30:14.098,Intermediário
1.5843,1.5865,2010-08-12 14:00:15.614,Intermediário
1.5834,1.5856,2010-08-12 14:30:14.634,Intermediário
1.5842,1.5863,2010-08-12 15:00:17.495,Intermediário
1.584,1.5861,2010-08-12 15:30:14.927,Intermediário
1.5842,1.5863,2010-08-12 16:00:15.715,Intermediário
1.5875,1.5897,2010-08-12 16:30:15.331,Fechamento Interbancário
1.5878,1.5889,2010-08-12 17:47:28.883,Fechamento
1.5847,1.594,2010-08-13 09:20:12.983,Abertura
1.5879,1.5899,2010-08-13 09:30:15.711,Intermediário
1.587,1.5891,2010-08-13 10:00:18.208,Intermediário
1.5852,1.5873,2010-08-13 10:30:13.497,Intermediário
1.5875,1.5896,2010-08-13 11:00:15.122,Intermediário
1.5871,1.5893,2010-08-13 11:30:14.468,Intermediário
1.5863,1.5884,2010-08-13 12:00:15.05,Intermediário
1.5845,1.5866,2010-08-13 12:30:14.208,Intermediário
1.5847,1.5868,2010-08-13 13:00:15.509,Intermediário
1.5852,1.5875,2010-08-13 13:30:12.704,Intermediário
1.5863,1.5884,2010-08-13 14:00:14.173,Intermediário
1.5865,1.5888,2010-08-13 14:30:13.754,Intermediário
1.5845,1.5866,2010-08-13 15:00:15.441,Intermediário
1.5827,1.5849,2010-08-13 15:30:13.97,Intermediário
1.5808,1.5829,2010-08-13 16:00:14.3,Intermediário
1.5817,1.5838,2010-08-13 16:30:12.514,Fechamento Interbancário
1.5824,1.5835,2010-08-13 17:38:07.098,Fechamento
1.574,1.5833,2010-08-16 09:24:15.405,Abertura
1.5794,1.5815,2010-08-16 09:30:15.013,Intermediário
1.5781,1.5802,2010-08-16 10:00:17.345,Intermediário
1.5772,1.5794,2010-08-16 10:30:17.581,Intermediário
1.5802,1.5822,2010-08-16 11:00:16.807,Intermediário
1.5813,1.5834,2010-08-16 11:30:15.861,Intermediário
1.578,1.5802,2010-08-16 12:00:19.272,Intermediário
1.5766,1.5787,2010-08-16 12:30:15.74,Intermediário
1.5767,1.5787,2010-08-16 13:00:16.755,Intermediário
1.5765,1.5787,2010-08-16 13:30:19.22,Intermediário
1.5774,1.5795,2010-08-16 14:00:16.749,Intermediário
1.5776,1.5797,2010-08-16 14:30:15.241,Intermediário
1.5764,1.5785,2010-08-16 15:00:15.976,Intermediário
1.5769,1.5791,2010-08-16 15:30:17.986,Intermediário
1.5746,1.5768,2010-08-16 16:00:20.763,Intermediário
1.5735,1.5759,2010-08-16 16:30:23.326,Fechamento Interbancário
1.5808,1.582,2010-08-16 17:38:46.468,Fechamento
1.5749,1.5842,2010-08-17 09:18:16.962,Abertura
1.5779,1.5801,2010-08-17 09:30:14.588,Intermediário
1.5786,1.5808,2010-08-17 10:00:19.33,Intermediário
1.5793,1.5815,2010-08-17 10:30:14.571,Intermediário
1.5812,1.5831,2010-08-17 11:00:16.732,Intermediário
1.5787,1.5808,2010-08-17 11:34:04.548,Intermediário
1.5815,1.5836,2010-08-17 12:00:16.631,Intermediário
1.5852,1.5873,2010-08-17 12:30:13.622,Intermediário
1.5866,1.5887,2010-08-17 13:00:18.852,Intermediário
1.5872,1.5894,2010-08-17 13:30:16.079,Intermediário
1.5862,1.5884,2010-08-17 14:00:15.948,Intermediário
1.5883,1.5903,2010-08-17 14:30:13.191,Intermediário
1.5878,1.5899,2010-08-17 15:00:15.447,Intermediário
1.5864,1.5885,2010-08-17 15:30:14.746,Intermediário
1.5877,1.5898,2010-08-17 16:00:16.466,Intermediário
1.5891,1.5911,2010-08-17 16:30:14.828,Fechamento Interbancário
1.5882,1.5891,2010-08-17 17:36:29.771,Fechamento
1.5791,1.589,2010-08-18 09:29:08.172,Abertura
1.5806,1.5833,2010-08-18 09:34:18.805,Intermediário
1.5795,1.5814,2010-08-18 10:05:40.477,Intermediário
1.5776,1.5796,2010-08-18 10:30:15.272,Intermediário
1.5774,1.5794,2010-08-18 11:00:16.42,Intermediário
1.5713,1.5735,2010-08-18 11:30:16.822,Intermediário
1.5743,1.5765,2010-08-18 12:00:15.494,Intermediário
1.574,1.5761,2010-08-18 12:30:14.506,Intermediário
1.5747,1.5766,2010-08-18 13:00:14.895,Intermediário
1.5743,1.5764,2010-08-18 13:30:13.699,Intermediário
1.5755,1.5775,2010-08-18 14:00:14.502,Intermediário
1.5756,1.5778,2010-08-18 14:30:13.727,Intermediário
1.5764,1.5785,2010-08-18 15:00:16.092,Intermediário
1.577,1.5791,2010-08-18 15:30:13.356,Intermediário
1.5748,1.577,2010-08-18 16:00:18.081,Intermediário
1.5734,1.5756,2010-08-18 16:30:14.838,Fechamento Interbancário
1.573,1.5741,2010-08-18 17:37:46.444,Fechamento
1.5762,1.5856,2010-08-19 09:22:10.766,Abertura
1.5779,1.5801,2010-08-19 09:30:14.077,Intermediário
1.5826,1.5847,2010-08-19 10:00:14.259,Intermediário
1.5803,1.5824,2010-08-19 10:30:14.213,Intermediário
1.5794,1.5814,2010-08-19 11:03:25.618,Intermediário
1.5756,1.5777,2010-08-19 11:30:15.361,Intermediário
1.5779,1.58,2010-08-19 12:00:15.792,Intermediário
1.5782,1.5804,2010-08-19 12:30:13.539,Intermediário
1.5728,1.5749,2010-08-19 13:00:14.658,Intermediário
1.5715,1.5737,2010-08-19 13:30:13.461,Intermediário
1.5726,1.5745,2010-08-19 14:00:16.623,Intermediário
1.5692,1.5714,2010-08-19 14:30:13.415,Intermediário
1.5701,1.5721,2010-08-19 15:00:14.483,Intermediário
1.5692,1.5714,2010-08-19 15:30:13.635,Intermediário
1.5673,1.5694,2010-08-19 16:00:15.509,Intermediário
1.5663,1.5685,2010-08-19 16:30:14.84,Fechamento Interbancário
1.5687,1.5697,2010-08-19 18:04:29.752,Fechamento
1.5583,1.5675,2010-08-20 09:24:09.461,Abertura
1.5624,1.5643,2010-08-20 09:30:15.804,Intermediário
1.5648,1.567,2010-08-20 10:00:16.241,Intermediário
1.5638,1.5659,2010-08-20 10:30:14.157,Intermediário
1.5647,1.5666,2010-08-20 11:00:14.814,Intermediário
1.565,1.567,2010-08-20 11:30:20.315,Intermediário
1.5652,1.5673,2010-08-20 12:00:15.957,Intermediário
1.5648,1.567,2010-08-20 12:30:15.988,Intermediário
1.5636,1.5657,2010-08-20 13:00:16.826,Intermediário
1.5648,1.5669,2010-08-20 13:30:13.599,Intermediário
1.5666,1.5687,2010-08-20 14:00:16.083,Intermediário
1.5689,1.571,2010-08-20 14:30:14.746,Intermediário
1.5659,1.568,2010-08-20 15:00:16.059,Intermediário
1.566,1.568,2010-08-20 15:30:13.562,Intermediário
1.5681,1.5701,2010-08-20 16:00:16.942,Intermediário
1.5673,1.5694,2010-08-20 16:30:15.585,Fechamento Interbancário
1.5681,1.5691,2010-08-20 17:35:22.156,Fechamento
1.5661,1.5754,2010-08-23 09:20:22.433,Abertura
1.5671,1.5693,2010-08-23 09:30:16.361,Intermediário
1.5696,1.5718,2010-08-23 10:04:51.787,Intermediário
1.5691,1.5712,2010-08-23 10:30:17.237,Intermediário
1.5731,1.5753,2010-08-23 11:00:18.483,Intermediário
1.5705,1.5725,2010-08-23 11:30:16.345,Intermediário
1.5733,1.5754,2010-08-23 12:00:18.769,Intermediário
1.5722,1.5744,2010-08-23 12:30:15.279,Intermediário
1.5736,1.5758,2010-08-23 13:00:16.308,Intermediário
1.5742,1.5763,2010-08-23 13:30:14.638,Intermediário
1.5733,1.5754,2010-08-23 14:00:17.801,Intermediário
1.5733,1.5754,2010-08-23 14:30:13.85,Intermediário
1.5724,1.5745,2010-08-23 15:00:15.788,Intermediário
1.5759,1.5779,2010-08-23 15:30:14.185,Intermediário
1.5756,1.5777,2010-08-23 16:00:14.404,Intermediário
1.5747,1.5769,2010-08-23 16:30:15.449,Fechamento Interbancário
1.5684,1.5695,2010-08-23 17:36:24.799,Fechamento
1.5639,1.5731,2010-08-24 09:22:10.685,Abertura
1.5687,1.5708,2010-08-24 09:30:14.215,Intermediário
1.5675,1.5696,2010-08-24 10:00:18.217,Intermediário
1.5654,1.5673,2010-08-24 10:32:26.938,Intermediário
1.5611,1.5632,2010-08-24 11:00:20.581,Intermediário
1.5656,1.5677,2010-08-24 11:30:17.202,Intermediário
1.5633,1.5663,2010-08-24 12:00:15.646,Intermediário
1.5634,1.5654,2010-08-24 12:30:15.364,Intermediário
1.5613,1.5633,2010-08-24 13:00:17.468,Intermediário
1.5615,1.5636,2010-08-24 13:30:13.668,Intermediário
1.5597,1.5619,2010-08-24 14:00:15.793,Intermediário
1.5611,1.5633,2010-08-24 14:30:16.836,Intermediário
1.562,1.5641,2010-08-24 15:00:17.498,Intermediário
1.5596,1.5617,2010-08-24 15:30:13.539,Intermediário
1.559,1.5611,2010-08-24 16:00:15.479,Intermediário
1.5613,1.5633,2010-08-24 16:30:15.467,Fechamento Interbancário
1.5692,1.5701,2010-08-24 17:43:04.391,Fechamento
1.5536,1.5625,2010-08-25 09:24:12.659,Abertura
1.556,1.5581,2010-08-25 09:30:15.025,Intermediário
1.5558,1.5579,2010-08-25 10:00:15.692,Intermediário
1.5539,1.5558,2010-08-25 10:30:20.815,Intermediário
1.5525,1.5546,2010-08-25 11:00:16.768,Intermediário
1.5512,1.5534,2010-08-25 11:30:15.648,Intermediário
1.5546,1.5567,2010-08-25 12:27:16.624,Intermediário
1.5567,1.5587,2010-08-25 12:30:14.716,Intermediário
1.5565,1.5587,2010-08-25 13:00:16.536,Intermediário
1.5564,1.5585,2010-08-25 13:30:14.74,Intermediário
1.5555,1.5576,2010-08-25 14:00:15.308,Intermediário
1.5541,1.5562,2010-08-25 14:30:14.994,Intermediário
1.5546,1.5567,2010-08-25 15:00:18.337,Intermediário
1.5553,1.5574,2010-08-25 15:30:16.644,Intermediário
1.5567,1.5587,2010-08-25 16:00:15.482,Intermediário
1.5555,1.5576,2010-08-25 16:30:16.077,Fechamento Interbancário
1.5573,1.5583,2010-08-25 17:37:43.902,Fechamento
1.5555,1.5647,2010-08-26 09:27:14.736,Abertura
1.5597,1.5616,2010-08-26 09:30:16.29,Intermediário
1.5625,1.5645,2010-08-26 10:00:18.998,Intermediário
1.5632,1.5653,2010-08-26 10:30:16.608,Intermediário
1.5627,1.5648,2010-08-26 11:01:21.334,Intermediário
1.5648,1.5669,2010-08-26 11:30:15.318,Intermediário
1.5627,1.5646,2010-08-26 12:00:18.193,Intermediário
1.5615,1.5636,2010-08-26 12:37:25.674,Intermediário
1.5615,1.5636,2010-08-26 13:00:16.543,Intermediário
1.5616,1.5638,2010-08-26 13:32:11.029,Intermediário
1.5602,1.5624,2010-08-26 14:00:15.067,Intermediário
1.5602,1.5624,2010-08-26 14:30:13.734,Intermediário
1.5599,1.562,2010-08-26 15:00:16.343,Intermediário
1.5604,1.5625,2010-08-26 15:30:14.282,Intermediário
1.5583,1.5604,2010-08-26 16:01:36.977,Intermediário
1.5624,1.5645,2010-08-26 16:30:17.681,Fechamento Interbancário
1.5613,1.5623,2010-08-26 17:38:36.082,Fechamento
1.5563,1.5655,2010-08-27 09:22:11.75,Abertura
1.5634,1.5655,2010-08-27 09:30:15.54,Intermediário
1.5616,1.5637,2010-08-27 10:00:17.6,Intermediário
1.5607,1.5628,2010-08-27 10:30:14.336,Intermediário
1.5612,1.5634,2010-08-27 11:00:15.662,Intermediário
1.562,1.5641,2010-08-27 11:30:15.834,Intermediário
1.567,1.569,2010-08-27 12:00:16.133,Intermediário
1.5704,1.5724,2010-08-27 12:30:15.437,Intermediário
1.5704,1.5726,2010-08-27 13:01:58.903,Intermediário
1.5692,1.5712,2010-08-27 13:30:16.279,Intermediário
1.5685,1.5706,2010-08-27 14:00:29.802,Intermediário
1.5699,1.572,2010-08-27 14:30:45.71,Intermediário
1.5696,1.5717,2010-08-27 15:02:18.058,Intermediário
1.5719,1.5738,2010-08-27 15:30:14.412,Intermediário
1.5736,1.5756,2010-08-27 16:00:16.997,Intermediário
1.5741,1.5763,2010-08-27 16:30:15.86,Fechamento Interbancário
1.5765,1.5776,2010-08-27 17:38:39.953,Fechamento
1.5671,1.5764,2010-08-30 09:24:09.429,Abertura
1.5703,1.5725,2010-08-30 09:30:16.705,Intermediário
1.5705,1.5725,2010-08-30 10:00:17.275,Intermediário
1.5707,1.5728,2010-08-30 10:30:15.866,Intermediário
1.5712,1.5733,2010-08-30 11:00:15.347,Intermediário
1.5725,1.5746,2010-08-30 11:30:16.354,Intermediário
1.5718,1.5739,2010-08-30 12:00:15.431,Intermediário
1.5704,1.5725,2010-08-30 12:30:18.535,Intermediário
1.5713,1.5734,2010-08-30 13:00:16.235,Intermediário
1.5713,1.5734,2010-08-30 13:30:13.503,Intermediário
1.5724,1.5745,2010-08-30 14:00:13.492,Intermediário
1.5692,1.5713,2010-08-30 14:30:15.008,Intermediário
1.5706,1.5727,2010-08-30 15:00:16.711,Intermediário
1.5711,1.5733,2010-08-30 15:30:13.679,Intermediário
1.5717,1.5736,2010-08-30 16:00:15.304,Intermediário
1.5697,1.5719,2010-08-30 16:30:13.245,Fechamento Interbancário
1.57,1.5711,2010-08-30 17:36:05.3,Fechamento
1.5581,1.5673,2010-08-31 09:24:10.304,Abertura
1.5601,1.5622,2010-08-31 09:30:15.778,Intermediário
1.562,1.5641,2010-08-31 10:00:15.268,Intermediário
1.5607,1.5627,2010-08-31 10:30:14.076,Intermediário
1.5602,1.5623,2010-08-31 11:00:17.824,Intermediário
1.5591,1.5612,2010-08-31 11:30:14.44,Intermediário
1.5602,1.5623,2010-08-31 12:00:17.993,Intermediário
1.5614,1.5634,2010-08-31 12:30:14.824,Intermediário
1.5621,1.5641,2010-08-31 13:00:15.535,Intermediário
1.5589,1.5611,2010-08-31 13:30:15.356,Intermediário
1.5584,1.5605,2010-08-31 14:00:15.296,Intermediário
1.56,1.5619,2010-08-31 14:30:14.317,Intermediário
1.5603,1.5625,2010-08-31 15:00:16.241,Intermediário
1.5595,1.5616,2010-08-31 15:30:14.823,Intermediário
1.5588,1.5607,2010-08-31 16:05:09.408,Intermediário
1.5612,1.5634,2010-08-31 16:30:16.237,Fechamento Interbancário
1.5614,1.5625,2010-08-31 17:41:00.694,Fechamento
1.5746,1.5838,2010-09-01 09:16:13.104,Abertura
1.5795,1.5817,2010-09-01 09:30:14.163,Intermediário
1.579,1.5811,2010-09-01 10:00:19.423,Intermediário
1.5797,1.5818,2010-09-01 10:30:14.809,Intermediário
1.5809,1.5829,2010-09-01 11:01:41.667,Intermediário
1.5803,1.5824,2010-09-01 11:30:15.968,Intermediário
1.5804,1.5826,2010-09-01 12:00:15.076,Intermediário
1.5806,1.5826,2010-09-01 12:30:14.637,Intermediário
1.5813,1.5834,2010-09-01 13:00:14.068,Intermediário
1.5818,1.584,2010-09-01 13:30:14.55,Intermediário
1.5799,1.5821,2010-09-01 14:00:14.151,Intermediário
1.5801,1.5823,2010-09-01 14:30:15.281,Intermediário
1.5806,1.5828,2010-09-01 15:00:18.105,Intermediário
1.5817,1.5839,2010-09-01 15:30:12.874,Intermediário
1.5859,1.5881,2010-09-01 16:01:22.125,Intermediário
1.5845,1.5866,2010-09-01 16:30:14.888,Fechamento Interbancário
1.5829,1.584,2010-09-01 17:40:30.532,Fechamento
1.5812,1.5906,2010-09-02 09:16:11.874,Abertura
1.5831,1.5851,2010-09-02 09:30:17.271,Intermediário
1.582,1.584,2010-09-02 10:00:16.306,Intermediário
1.5795,1.5817,2010-09-02 10:30:15.738,Intermediário
1.5827,1.5848,2010-09-02 11:00:17.276,Intermediário
1.5835,1.5855,2010-09-02 11:30:15.125,Intermediário
1.5811,1.5831,2010-09-02 12:00:15.672,Intermediário
1.5776,1.5798,2010-09-02 12:30:15.658,Intermediário
1.5783,1.5805,2010-09-02 13:00:16.473,Intermediário
1.5781,1.5803,2010-09-02 13:30:14.595,Intermediário
1.5762,1.5784,2010-09-02 14:00:18.268,Intermediário
1.576,1.5782,2010-09-02 14:30:15.598,Intermediário
1.5755,1.5776,2010-09-02 15:00:16.269,Intermediário
1.5753,1.5774,2010-09-02 15:30:14.111,Intermediário
1.5775,1.5797,2010-09-02 16:00:15.734,Intermediário
1.5769,1.5791,2010-09-02 16:30:16.435,Fechamento Interbancário
1.5823,1.5833,2010-09-02 17:38:34.599,Fechamento
1.5644,1.5739,2010-09-03 09:22:09.967,Abertura
1.576,1.578,2010-09-03 09:36:20.788,Intermediário
1.5774,1.5795,2010-09-03 10:00:18.687,Intermediário
1.5768,1.579,2010-09-03 10:30:15.681,Intermediário
1.5779,1.5801,2010-09-03 11:00:17.408,Intermediário
1.5757,1.5779,2010-09-03 11:30:16.177,Intermediário
1.5768,1.5788,2010-09-03 12:01:41.908,Intermediário
1.5765,1.5787,2010-09-03 12:30:15.106,Intermediário
1.5774,1.5794,2010-09-03 13:04:10.528,Intermediário
1.5776,1.5796,2010-09-03 13:30:13.982,Intermediário
1.5779,1.5801,2010-09-03 14:00:17.941,Intermediário
1.5774,1.5796,2010-09-03 14:30:14.551,Intermediário
1.5839,1.5859,2010-09-03 15:00:17.769,Intermediário
1.5812,1.5834,2010-09-03 15:30:15.447,Intermediário
1.5846,1.5868,2010-09-03 16:01:13.032,Intermediário
1.5846,1.5868,2010-09-03 16:30:15.788,Fechamento Interbancário
1.5831,1.5841,2010-09-03 17:39:25.567,Fechamento
1.5809,1.5904,2010-09-06 09:22:11.383,Abertura
1.5818,1.584,2010-09-06 09:30:15.439,Intermediário
1.5833,1.5854,2010-09-06 10:00:15.747,Intermediário
1.5831,1.5853,2010-09-06 10:30:15.668,Intermediário
1.5834,1.5856,2010-09-06 11:00:15.746,Intermediário
1.5829,1.585,2010-09-06 11:30:14.018,Intermediário
1.5811,1.5831,2010-09-06 12:00:15.971,Intermediário
1.5819,1.5841,2010-09-06 12:30:15.402,Intermediário
1.5835,1.5858,2010-09-06 13:00:15.349,Intermediário
1.5835,1.5858,2010-09-06 13:30:13.532,Intermediário
1.582,1.5843,2010-09-06 14:00:18.708,Intermediário
1.5815,1.5838,2010-09-06 14:30:15.386,Intermediário
1.5827,1.5851,2010-09-06 15:00:17.41,Intermediário
1.5815,1.584,2010-09-06 15:30:15.602,Intermediário
1.5822,1.5851,2010-09-06 16:00:16.189,Intermediário
1.5815,1.584,2010-09-06 16:30:14.628,Fechamento Interbancário
1.5816,1.583,2010-09-06 17:36:33.925,Fechamento
1.5815,1.5908,2010-09-08 09:06:10.579,Abertura
1.5832,1.5852,2010-09-08 09:31:27.827,Intermediário
1.5806,1.5826,2010-09-08 10:00:18.163,Intermediário
1.577,1.5792,2010-09-08 10:30:15.485,Intermediário
1.581,1.5831,2010-09-08 11:00:20.616,Intermediário
1.582,1.584,2010-09-08 11:30:14.774,Intermediário
1.5818,1.5838,2010-09-08 12:00:16.221,Intermediário
1.5825,1.5847,2010-09-08 12:30:15.745,Intermediário
1.5817,1.5838,2010-09-08 13:00:16.795,Intermediário
1.5825,1.5847,2010-09-08 13:30:15.823,Intermediário
1.5816,1.5836,2010-09-08 14:00:14.757,Intermediário
1.5794,1.5816,2010-09-08 14:30:14.28,Intermediário
1.5783,1.5803,2010-09-08 15:00:17.297,Intermediário
1.5798,1.5818,2010-09-08 15:30:15.938,Intermediário
1.5825,1.5846,2010-09-08 16:00:21.052,Intermediário
1.5803,1.5825,2010-09-08 16:30:15.803,Fechamento Interbancário
1.5797,1.5808,2010-09-08 17:37:47.451,Fechamento
1.5897,1.5991,2010-09-09 09:22:10.46,Abertura
1.5936,1.5958,2010-09-09 09:30:15.966,Intermediário
1.5941,1.5961,2010-09-09 10:01:37.346,Intermediário
1.5949,1.597,2010-09-09 10:30:16.046,Intermediário
1.595,1.5972,2010-09-09 11:00:17.451,Intermediário
1.5951,1.5971,2010-09-09 11:30:15.287,Intermediário
1.5931,1.5953,2010-09-09 12:00:16.847,Intermediário
1.5953,1.5975,2010-09-09 12:31:25.396,Intermediário
1.5942,1.5962,2010-09-09 13:00:16.76,Intermediário
1.5931,1.5955,2010-09-09 13:30:14.363,Intermediário
1.5915,1.5937,2010-09-09 14:00:15.634,Intermediário
1.5905,1.5927,2010-09-09 14:30:14.398,Intermediário
1.5936,1.5958,2010-09-09 15:00:16.529,Intermediário
1.5908,1.593,2010-09-09 15:30:15.438,Intermediário
1.5915,1.5937,2010-09-09 16:00:16.417,Intermediário
1.5909,1.5931,2010-09-09 16:30:15.006,Fechamento Interbancário
1.5927,1.5938,2010-09-09 17:36:17.655,Fechamento
1.5877,1.5973,2010-09-10 09:16:14.612,Abertura
1.5909,1.5931,2010-09-10 09:30:16.318,Intermediário
1.5895,1.5916,2010-09-10 10:00:18.051,Intermediário
1.5892,1.5913,2010-09-10 10:30:14.839,Intermediário
1.5878,1.59,2010-09-10 11:01:26.603,Intermediário
1.5901,1.5923,2010-09-10 11:30:16.587,Intermediário
1.5906,1.5928,2010-09-10 12:00:18.622,Intermediário
1.5901,1.5923,2010-09-10 12:31:35.991,Intermediário
1.5893,1.5915,2010-09-10 13:00:16.132,Intermediário
1.5893,1.5915,2010-09-10 13:30:16.23,Intermediário
1.5886,1.5908,2010-09-10 14:00:19.531,Intermediário
1.5883,1.5907,2010-09-10 14:30:14.134,Intermediário
1.588,1.5904,2010-09-10 15:00:16.109,Intermediário
1.589,1.5912,2010-09-10 15:30:12.806,Intermediário
1.5912,1.5934,2010-09-10 16:00:15.557,Intermediário
1.5917,1.5939,2010-09-10 16:30:14.25,Fechamento Interbancário
1.5915,1.5926,2010-09-10 17:38:06.985,Fechamento
1.5955,1.605,2010-09-13 09:20:14.551,Abertura
1.5988,1.6009,2010-09-13 09:32:52.882,Intermediário
1.5985,1.6005,2010-09-13 10:00:22.927,Intermediário
1.6,1.6021,2010-09-13 10:34:20.707,Intermediário
1.5979,1.5999,2010-09-13 11:00:15.223,Intermediário
1.602,1.604,2010-09-13 11:30:14.884,Intermediário
1.6051,1.6071,2010-09-13 12:01:52.639,Intermediário
1.605,1.6072,2010-09-13 12:30:15.351,Intermediário
1.6058,1.608,2010-09-13 13:01:38.763,Intermediário
1.6043,1.6065,2010-09-13 13:30:15.579,Intermediário
1.6025,1.6047,2010-09-13 14:00:13.838,Intermediário
1.604,1.6063,2010-09-13 14:30:13.728,Intermediário
1.6027,1.6047,2010-09-13 15:00:14.477,Intermediário
1.604,1.6062,2010-09-13 15:30:15.149,Intermediário
1.6041,1.6062,2010-09-13 16:00:14.838,Intermediário
1.6021,1.6043,2010-09-13 16:30:14.43,Fechamento Interbancário
1.6045,1.6056,2010-09-13 17:36:28.978,Fechamento
1.5971,1.6068,2010-09-14 09:12:11.888,Abertura
1.601,1.603,2010-09-14 09:30:17.354,Intermediário
1.5983,1.6004,2010-09-14 10:00:15.236,Intermediário
1.5963,1.5985,2010-09-14 10:30:17.547,Intermediário
1.598,1.6002,2010-09-14 11:00:16.858,Intermediário
1.6011,1.6033,2010-09-14 11:30:13.935,Intermediário
1.6024,1.6046,2010-09-14 12:01:29.284,Intermediário
1.6041,1.6061,2010-09-14 12:30:15.072,Intermediário
1.6064,1.6087,2010-09-14 13:00:17.448,Intermediário
1.6088,1.6111,2010-09-14 13:30:16.209,Intermediário
1.6082,1.6105,2010-09-14 14:00:16.619,Intermediário
1.6094,1.6117,2010-09-14 14:30:13.069,Intermediário
1.6103,1.6125,2010-09-14 15:00:17.076,Intermediário
1.6097,1.6119,2010-09-14 15:30:14.085,Intermediário
1.6094,1.6115,2010-09-14 16:00:14.829,Intermediário
1.6106,1.6129,2010-09-14 16:30:14.856,Fechamento Interbancário
1.6114,1.6125,2010-09-14 17:36:15.24,Fechamento
1.5978,1.6075,2010-09-15 09:24:09.72,Abertura
1.6018,1.604,2010-09-15 09:31:01.116,Intermediário
1.6018,1.6041,2010-09-15 10:00:54.967,Intermediário
1.5995,1.6018,2010-09-15 10:30:15.902,Intermediário
1.6017,1.6037,2010-09-15 11:00:25.541,Intermediário
1.6025,1.6046,2010-09-15 11:30:14.596,Intermediário
1.6082,1.6104,2010-09-15 12:00:16.374,Intermediário
1.6171,1.6193,2010-09-15 12:30:16.193,Intermediário
1.6122,1.6144,2010-09-15 13:00:18.524,Intermediário
1.6115,1.6135,2010-09-15 13:30:14.097,Intermediário
1.6111,1.6133,2010-09-15 14:00:21.362,Intermediário
1.6124,1.6146,2010-09-15 14:30:14.512,Intermediário
1.6177,1.6198,2010-09-15 15:00:16.426,Intermediário
1.6175,1.6197,2010-09-15 15:30:13.38,Intermediário
1.6187,1.621,2010-09-15 16:00:16.226,Intermediário
1.6201,1.6225,2010-09-15 16:30:16.296,Fechamento Interbancário
1.6118,1.613,2010-09-15 17:38:27.225,Fechamento
1.6089,1.6186,2010-09-16 09:20:14.001,Abertura
1.6131,1.6153,2010-09-16 09:31:18.312,Intermediário
1.608,1.6102,2010-09-16 10:00:15.158,Intermediário
1.6093,1.6116,2010-09-16 10:30:18.196,Intermediário
1.6109,1.6131,2010-09-16 11:01:14.419,Intermediário
1.6135,1.6157,2010-09-16 11:30:14.591,Intermediário
1.6124,1.6146,2010-09-16 12:00:16.822,Intermediário
1.611,1.6132,2010-09-16 12:30:15.135,Intermediário
1.6063,1.6085,2010-09-16 13:00:16.243,Intermediário
1.6048,1.6068,2010-09-16 13:30:15.057,Intermediário
1.6058,1.608,2010-09-16 14:00:15.996,Intermediário
1.6036,1.6058,2010-09-16 14:30:14.35,Intermediário
1.6022,1.6044,2010-09-16 15:00:15.26,Intermediário
1.6052,1.6075,2010-09-16 15:30:13.73,Intermediário
1.6033,1.6055,2010-09-16 16:00:17.288,Intermediário
1.6048,1.607,2010-09-16 16:30:15.607,Fechamento Interbancário
1.6082,1.6093,2010-09-16 17:42:13.012,Fechamento
1.6093,1.619,2010-09-17 09:18:09.97,Abertura
1.6142,1.6165,2010-09-17 09:30:17.779,Intermediário
1.6117,1.6139,2010-09-17 10:00:18.548,Intermediário
1.6122,1.6144,2010-09-17 10:30:16.802,Intermediário
1.6084,1.6106,2010-09-17 11:00:18.666,Intermediário
1.6081,1.6103,2010-09-17 11:30:14.342,Intermediário
1.6071,1.6092,2010-09-17 12:00:18.466,Intermediário
1.6076,1.6097,2010-09-17 12:30:13.618,Intermediário
1.6076,1.6099,2010-09-17 13:00:18.217,Intermediário
1.6087,1.6109,2010-09-17 13:30:16.453,Intermediário
1.608,1.6102,2010-09-17 14:00:18.71,Intermediário
1.6085,1.6107,2010-09-17 14:30:16.047,Intermediário
1.6075,1.6095,2010-09-17 15:00:19.555,Intermediário
1.6095,1.6117,2010-09-17 15:30:18.768,Intermediário
1.6104,1.6124,2010-09-17 16:00:19.093,Intermediário
1.6093,1.6117,2010-09-17 16:30:21.933,Fechamento Interbancário
1.6082,1.6095,2010-09-17 17:36:23.923,Fechamento
1.6162,1.6258,2010-09-20 09:16:12.947,Abertura
1.6173,1.6196,2010-09-20 09:30:17.406,Intermediário
1.619,1.6211,2010-09-20 10:00:17.836,Intermediário
1.6206,1.6227,2010-09-20 10:30:16.437,Intermediário
1.6209,1.623,2010-09-20 11:00:20.861,Intermediário
1.6227,1.625,2010-09-20 11:30:18.153,Intermediário
1.6286,1.6306,2010-09-20 12:00:18.34,Intermediário
1.6282,1.6303,2010-09-20 12:30:16.588,Intermediário
1.6266,1.6287,2010-09-20 13:00:17.159,Intermediário
1.6261,1.6283,2010-09-20 13:30:16.35,Intermediário
1.6268,1.629,2010-09-20 14:00:19.759,Intermediário
1.6266,1.6287,2010-09-20 14:30:16.788,Intermediário
1.6319,1.6342,2010-09-20 15:00:16.633,Intermediário
1.633,1.635,2010-09-20 15:30:17.904,Intermediário
1.6352,1.6375,2010-09-20 16:00:17.772,Intermediário
1.6347,1.6368,2010-09-20 16:30:17.001,Fechamento Interbancário
1.6298,1.6307,2010-09-20 17:45:57.297,Fechamento
1.6345,1.6442,2010-09-21 09:28:14.352,Abertura
1.6387,1.6408,2010-09-21 09:30:16.713,Intermediário
1.6405,1.6427,2010-09-21 10:02:06.818,Intermediário
1.6412,1.6432,2010-09-21 10:30:19.422,Intermediário
1.6425,1.6447,2010-09-21 11:04:25.751,Intermediário
1.6384,1.6405,2010-09-21 11:30:16.679,Intermediário
1.6373,1.6393,2010-09-21 12:00:22.174,Intermediário
1.6377,1.6398,2010-09-21 12:30:20.564,Intermediário
1.6362,1.6384,2010-09-21 13:00:16.922,Intermediário
1.6363,1.6386,2010-09-21 13:30:16.606,Intermediário
1.6353,1.6374,2010-09-21 14:00:17.192,Intermediário
1.63,1.632,2010-09-21 14:30:16.535,Intermediário
1.6324,1.6344,2010-09-21 15:00:18.7,Intermediário
1.6381,1.6402,2010-09-21 15:30:15.846,Intermediário
1.6375,1.6399,2010-09-21 16:00:16.902,Intermediário
1.6359,1.6379,2010-09-21 16:30:15.287,Fechamento Interbancário
1.6442,1.6451,2010-09-21 17:38:23.234,Fechamento
1.6276,1.6375,2010-09-22 09:27:56.406,Abertura
1.632,1.6342,2010-09-22 09:30:20.159,Intermediário
1.6303,1.6323,2010-09-22 10:00:18.581,Intermediário
1.6324,1.6347,2010-09-22 10:30:18.358,Intermediário
1.6391,1.6414,2010-09-22 11:00:18.214,Intermediário
1.6416,1.6437,2010-09-22 11:30:17.212,Intermediário
1.643,1.6451,2010-09-22 12:15:04.293,Intermediário
1.6401,1.6424,2010-09-22 12:30:19.772,Intermediário
1.6418,1.6438,2010-09-22 13:00:16.952,Intermediário
1.6416,1.6438,2010-09-22 13:30:18.779,Intermediário
1.6409,1.6431,2010-09-22 14:00:21.389,Intermediário
1.6404,1.6426,2010-09-22 14:31:29.146,Intermediário
1.6378,1.64,2010-09-22 15:00:17.105,Intermediário
1.6403,1.6425,2010-09-22 15:30:17.469,Intermediário
1.6437,1.646,2010-09-22 16:00:16.48,Intermediário
1.6411,1.6434,2010-09-22 16:30:17.173,Fechamento Interbancário
1.6398,1.6409,2010-09-22 17:53:23.258,Fechamento
1.629,1.6388,2010-09-23 09:22:17.091,Abertura
1.6313,1.6336,2010-09-23 09:30:16.502,Intermediário
1.6296,1.6319,2010-09-23 10:00:17.686,Intermediário
1.6323,1.6345,2010-09-23 10:30:19.274,Intermediário
1.6317,1.6339,2010-09-23 11:00:24.776,Intermediário
1.6343,1.6364,2010-09-23 11:30:19.093,Intermediário
1.6371,1.6392,2010-09-23 12:00:19.338,Intermediário
1.64,1.6423,2010-09-23 12:30:16.527,Intermediário
1.6383,1.6405,2010-09-23 13:00:18.904,Intermediário
1.6365,1.6387,2010-09-23 13:30:18.48,Intermediário
1.637,1.6394,2010-09-23 14:00:16.825,Intermediário
1.6338,1.6362,2010-09-23 14:30:15.401,Intermediário
1.6336,1.6359,2010-09-23 15:00:18.69,Intermediário
1.6365,1.6388,2010-09-23 15:30:17.513,Intermediário
1.6357,1.638,2010-09-23 16:00:17.359,Intermediário
1.6328,1.635,2010-09-23 16:30:20.379,Fechamento Interbancário
1.6334,1.6345,2010-09-23 17:38:57.043,Fechamento
1.6344,1.6442,2010-09-24 09:22:13.492,Abertura
1.6383,1.6406,2010-09-24 09:30:16.334,Intermediário
1.6404,1.6426,2010-09-24 10:13:44.908,Intermediário
1.6407,1.6428,2010-09-24 10:30:18.298,Intermediário
1.6443,1.6464,2010-09-24 11:02:33.492,Intermediário
1.6448,1.6471,2010-09-24 11:30:17.338,Intermediário
1.6437,1.6458,2010-09-24 12:06:23.152,Intermediário
1.6423,1.6446,2010-09-24 12:30:16.115,Intermediário
1.6406,1.6429,2010-09-24 13:00:18.99,Intermediário
1.6411,1.6434,2010-09-24 13:30:15.401,Intermediário
1.6403,1.6425,2010-09-24 14:00:18.474,Intermediário
1.6367,1.6389,2010-09-24 14:30:17.01,Intermediário
1.6369,1.6391,2010-09-24 15:00:18.469,Intermediário
1.6374,1.6397,2010-09-24 15:30:16.275,Intermediário
1.6376,1.6398,2010-09-24 16:00:17.298,Intermediário
1.6384,1.6407,2010-09-24 16:30:15.405,Fechamento Interbancário
1.6405,1.6416,2010-09-24 17:37:58.656,Fechamento
1.6409,1.6507,2010-09-27 09:24:09.854,Abertura
1.6438,1.646,2010-09-27 09:30:17.623,Intermediário
1.6446,1.6469,2010-09-27 10:00:18.763,Intermediário
1.644,1.6463,2010-09-27 10:30:13.669,Intermediário
1.6432,1.6453,2010-09-27 11:00:15.485,Intermediário
1.6427,1.6449,2010-09-27 11:30:16.58,Intermediário
1.6456,1.6477,2010-09-27 12:00:15.681,Intermediário
1.6455,1.6477,2010-09-27 12:30:14.028,Intermediário
1.6441,1.6465,2010-09-27 13:00:15.066,Intermediário
1.6436,1.6458,2010-09-27 13:30:15.411,Intermediário
1.6429,1.645,2010-09-27 14:00:14.952,Intermediário
1.6422,1.6445,2010-09-27 14:30:12.743,Intermediário
1.6455,1.6478,2010-09-27 15:00:16.953,Intermediário
1.646,1.6483,2010-09-27 15:30:14.349,Intermediário
1.6457,1.6479,2010-09-27 16:00:16.227,Intermediário
1.6457,1.6479,2010-09-27 16:30:14.32,Fechamento Interbancário
1.6468,1.6479,2010-09-27 17:43:34.608,Fechamento
1.6406,1.6504,2010-09-28 09:12:10.941,Abertura
1.6438,1.6459,2010-09-28 09:30:16.567,Intermediário
1.645,1.6471,2010-09-28 10:00:18.283,Intermediário
1.645,1.6471,2010-09-28 10:30:24.387,Intermediário
1.6407,1.6428,2010-09-28 11:00:20.602,Intermediário
1.6466,1.6488,2010-09-28 11:30:16.315,Intermediário
1.6473,1.6494,2010-09-28 12:00:16.811,Intermediário
1.6528,1.6551,2010-09-28 12:30:14.67,Intermediário
1.6499,1.6521,2010-09-28 13:00:17.003,Intermediário
1.6511,1.6532,2010-09-28 13:30:14.152,Intermediário
1.6514,1.6535,2010-09-28 14:00:14.611,Intermediário
1.6506,1.6528,2010-09-28 14:30:13.56,Intermediário
1.6516,1.6539,2010-09-28 15:01:51.633,Intermediário
1.6526,1.6547,2010-09-28 15:30:13.475,Intermediário
1.6517,1.654,2010-09-28 16:00:16.27,Intermediário
1.651,1.6532,2010-09-28 16:30:15.98,Fechamento Interbancário
1.6514,1.6526,2010-09-28 17:38:55.801,Fechamento
1.6531,1.663,2010-09-29 09:22:10.516,Abertura
1.6527,1.655,2010-09-29 09:30:16.989,Intermediário
1.6495,1.6516,2010-09-29 10:00:15.943,Intermediário
1.6509,1.6532,2010-09-29 10:30:16.272,Intermediário
1.6485,1.6506,2010-09-29 11:00:16.125,Intermediário
1.6502,1.6523,2010-09-29 11:30:16.536,Intermediário
1.6523,1.6545,2010-09-29 12:00:20.162,Intermediário
1.6537,1.656,2010-09-29 12:30:14.099,Intermediário
1.6549,1.6572,2010-09-29 13:00:16.24,Intermediário
1.6553,1.6575,2010-09-29 13:31:24.436,Intermediário
1.6539,1.6562,2010-09-29 14:00:16.012,Intermediário
1.6524,1.6547,2010-09-29 14:30:13.591,Intermediário
1.6524,1.6547,2010-09-29 15:00:16.916,Intermediário
1.6534,1.6557,2010-09-29 15:30:14.44,Intermediário
1.6521,1.6544,2010-09-29 16:00:15.657,Intermediário
1.6499,1.652,2010-09-29 16:30:17.091,Fechamento Interbancário
1.6513,1.6523,2010-09-29 17:38:30.146,Fechamento
1.6436,1.6537,2010-09-30 09:20:17.214,Abertura
1.6472,1.6493,2010-09-30 09:30:19.437,Intermediário
1.6494,1.6515,2010-09-30 10:00:17.463,Intermediário
1.6477,1.6499,2010-09-30 10:30:15.254,Intermediário
1.6456,1.6479,2010-09-30 11:00:19.822,Intermediário
1.6448,1.6471,2010-09-30 11:30:15.257,Intermediário
1.6374,1.6397,2010-09-30 12:00:17.836,Intermediário
1.6318,1.6341,2010-09-30 12:30:18.517,Intermediário
1.6341,1.6364,2010-09-30 13:00:16.877,Intermediário
1.6361,1.6382,2010-09-30 13:30:16.122,Intermediário
1.6356,1.6378,2010-09-30 14:00:15.719,Intermediário
1.6339,1.6362,2010-09-30 14:30:16.0,Intermediário
1.6332,1.6355,2010-09-30 15:00:16.11,Intermediário
1.6308,1.6331,2010-09-30 15:35:33.061,Intermediário
1.6342,1.6363,2010-09-30 16:00:16.022,Intermediário
1.6339,1.6363,2010-09-30 16:30:55.511,Fechamento Interbancário
1.6372,1.6385,2010-09-30 17:39:48.341,Fechamento
1.6263,1.6364,2010-10-01 09:22:31.118,Abertura
1.6311,1.6334,2010-10-01 09:30:19.329,Intermediário
1.6307,1.6328,2010-10-01 10:00:17.677,Intermediário
1.6294,1.6317,2010-10-01 10:30:14.535,Intermediário
1.6313,1.6336,2010-10-01 11:01:19.666,Intermediário
1.6289,1.6312,2010-10-01 11:30:20.866,Intermediário
1.633,1.6353,2010-10-01 12:00:18.086,Intermediário
1.6345,1.6368,2010-10-01 12:30:15.777,Intermediário
1.6334,1.6357,2010-10-01 13:00:16.239,Intermediário
1.6319,1.6342,2010-10-01 13:30:14.482,Intermediário
1.6315,1.634,2010-10-01 14:00:15.39,Intermediário
1.6344,1.6367,2010-10-01 14:30:14.406,Intermediário
1.6331,1.6352,2010-10-01 15:00:15.983,Intermediário
1.632,1.6343,2010-10-01 15:30:14.316,Intermediário
1.632,1.6343,2010-10-01 16:00:14.57,Intermediário
1.6332,1.6354,2010-10-01 16:30:15.914,Fechamento Interbancário
1.6345,1.6356,2010-10-01 17:38:31.487,Fechamento
1.6274,1.6374,2010-10-04 09:20:13.519,Abertura
1.6288,1.6309,2010-10-04 09:30:17.821,Intermediário
1.6273,1.6294,2010-10-04 10:00:19.864,Intermediário
1.6313,1.6336,2010-10-04 10:39:40.854,Intermediário
1.6313,1.6336,2010-10-04 11:00:20.677,Intermediário
1.63,1.6323,2010-10-04 11:30:16.569,Intermediário
1.6297,1.632,2010-10-04 12:00:16.179,Intermediário
1.6301,1.6323,2010-10-04 12:30:16.566,Intermediário
1.629,1.6313,2010-10-04 13:00:15.3,Intermediário
1.6288,1.6311,2010-10-04 13:30:15.056,Intermediário
1.6294,1.6315,2010-10-04 14:00:17.862,Intermediário
1.6299,1.6321,2010-10-04 14:30:13.986,Intermediário
1.6299,1.6321,2010-10-04 15:00:18.172,Intermediário
1.635,1.6373,2010-10-04 15:30:16.326,Intermediário
1.6362,1.6384,2010-10-04 16:00:17.265,Intermediário
1.6339,1.6363,2010-10-04 16:30:14.988,Fechamento Interbancário
1.6314,1.6327,2010-10-04 17:43:02.58,Fechamento
1.6278,1.6377,2010-10-05 09:17:37.62,Abertura
1.6312,1.6335,2010-10-05 09:30:16.963,Intermediário
1.6318,1.634,2010-10-05 10:00:19.547,Intermediário
1.6281,1.6303,2010-10-05 10:30:16.156,Intermediário
1.6296,1.6319,2010-10-05 11:00:16.444,Intermediário
1.6291,1.6312,2010-10-05 11:30:14.451,Intermediário
1.6272,1.6295,2010-10-05 12:01:15.869,Intermediário
1.624,1.6263,2010-10-05 12:30:14.704,Intermediário
1.6241,1.6262,2010-10-05 13:00:17.417,Intermediário
1.6219,1.624,2010-10-05 13:30:14.633,Intermediário
1.6213,1.6236,2010-10-05 14:00:21.712,Intermediário
1.6212,1.6234,2010-10-05 14:30:14.401,Intermediário
1.6219,1.624,2010-10-05 15:00:16.275,Intermediário
1.624,1.6263,2010-10-05 15:30:13.714,Intermediário
1.625,1.6273,2010-10-05 16:00:15.69,Intermediário
1.6268,1.6289,2010-10-05 16:30:16.685,Fechamento Interbancário
1.6336,1.6346,2010-10-05 17:45:33.951,Fechamento
1.6219,1.632,2010-10-06 09:24:11.571,Abertura
1.6264,1.6287,2010-10-06 09:41:11.166,Intermediário
1.6268,1.6289,2010-10-06 10:03:32.449,Intermediário
1.63,1.6322,2010-10-06 10:30:15.991,Intermediário
1.6341,1.6362,2010-10-06 11:00:22.256,Intermediário
1.6321,1.6344,2010-10-06 11:30:15.622,Intermediário
1.6349,1.6372,2010-10-06 12:00:14.541,Intermediário
1.6333,1.6356,2010-10-06 12:30:12.376,Intermediário
1.6342,1.6365,2010-10-06 13:00:14.635,Intermediário
1.6319,1.634,2010-10-06 13:30:14.321,Intermediário
1.6309,1.6332,2010-10-06 14:01:20.56,Intermediário
1.6372,1.6395,2010-10-06 14:30:14.462,Intermediário
1.6439,1.6462,2010-10-06 15:00:18.19,Intermediário
1.6441,1.6464,2010-10-06 15:30:13.972,Intermediário
1.6402,1.6425,2010-10-06 16:00:15.856,Intermediário
1.6407,1.643,2010-10-06 16:30:15.576,Fechamento Interbancário
1.6358,1.6369,2010-10-06 17:39:52.902,Fechamento
1.6518,1.6618,2010-10-07 09:22:12.257,Abertura
1.6544,1.6567,2010-10-07 09:30:17.871,Intermediário
1.6513,1.6536,2010-10-07 10:00:17.489,Intermediário
1.6481,1.6504,2010-10-07 10:30:25.843,Intermediário
1.6495,1.6518,2010-10-07 11:00:17.307,Intermediário
1.649,1.6513,2010-10-07 11:30:15.919,Intermediário
1.6491,1.6513,2010-10-07 12:00:17.719,Intermediário
1.6476,1.6499,2010-10-07 12:31:21.669,Intermediário
1.6466,1.6488,2010-10-07 13:00:18.062,Intermediário
1.6419,1.6442,2010-10-07 13:30:16.856,Intermediário
1.6449,1.6472,2010-10-07 14:00:17.339,Intermediário
1.6495,1.6518,2010-10-07 14:30:14.983,Intermediário
1.6537,1.656,2010-10-07 15:00:15.385,Intermediário
1.6515,1.6538,2010-10-07 15:30:17.306,Intermediário
1.6523,1.6546,2010-10-07 16:00:18.319,Intermediário
1.6528,1.6551,2010-10-07 16:30:15.704,Fechamento Interbancário
1.6459,1.647,2010-10-07 17:40:38.858,Fechamento
1.6392,1.6493,2010-10-08 09:22:10.914,Abertura
1.6412,1.6438,2010-10-08 09:30:14.721,Intermediário
1.6403,1.6426,2010-10-08 10:00:17.141,Intermediário
1.6499,1.6522,2010-10-08 10:30:15.167,Intermediário
1.6527,1.655,2010-10-08 11:00:14.569,Intermediário
1.6509,1.6534,2010-10-08 11:31:21.701,Intermediário
1.6537,1.656,2010-10-08 12:00:15.535,Intermediário
1.6555,1.6578,2010-10-08 12:30:14.001,Intermediário
1.6565,1.6586,2010-10-08 13:00:16.974,Intermediário
1.6461,1.6484,2010-10-08 13:30:13.704,Intermediário
1.6428,1.6451,2010-10-08 14:00:14.655,Intermediário
1.6428,1.6451,2010-10-08 14:30:14.272,Intermediário
1.6431,1.6454,2010-10-08 15:00:15.275,Intermediário
1.6428,1.6451,2010-10-08 15:30:17.767,Intermediário
1.6399,1.6422,2010-10-08 16:00:19.952,Intermediário
1.6429,1.6452,2010-10-08 16:30:17.098,Fechamento Interbancário
1.6573,1.6584,2010-10-08 17:41:44.029,Fechamento
1.6346,1.6448,2010-10-11 09:38:46.171,Abertura
1.6369,1.6397,2010-10-11 09:43:42.364,Intermediário
1.6367,1.639,2010-10-11 10:00:25.285,Intermediário
1.6382,1.6405,2010-10-11 10:30:25.306,Intermediário
1.6409,1.643,2010-10-11 11:00:26.841,Intermediário
1.642,1.6444,2010-10-11 11:30:20.425,Intermediário
1.6418,1.6441,2010-10-11 12:00:19.808,Intermediário
1.6423,1.6448,2010-10-11 12:30:16.281,Intermediário
1.6379,1.64,2010-10-11 13:00:18.323,Intermediário
1.6385,1.6408,2010-10-11 13:30:16.925,Intermediário
1.6382,1.6404,2010-10-11 14:00:37.957,Intermediário
1.6392,1.6415,2010-10-11 14:30:27.914,Intermediário
1.6387,1.641,2010-10-11 15:00:48.981,Intermediário
1.641,1.6433,2010-10-11 15:30:14.195,Intermediário
1.642,1.6443,2010-10-11 16:00:18.231,Intermediário
1.6375,1.6398,2010-10-11 16:30:16.409,Fechamento Interbancário
1.6375,1.6387,2010-10-11 17:39:02.449,Fechamento
1.6351,1.6452,2010-10-13 09:22:12.653,Abertura
1.6381,1.6404,2010-10-13 09:32:16.568,Intermediário
1.6363,1.6384,2010-10-13 10:00:20.563,Intermediário
1.6348,1.6371,2010-10-13 10:30:15.352,Intermediário
1.6381,1.6404,2010-10-13 11:00:23.029,Intermediário
1.6406,1.6431,2010-10-13 11:30:17.887,Intermediário
1.6408,1.6431,2010-10-13 12:00:25.603,Intermediário
1.6414,1.6437,2010-10-13 12:31:26.92,Intermediário
1.6416,1.6439,2010-10-13 13:05:14.444,Intermediário
1.6418,1.6439,2010-10-13 13:30:17.34,Intermediário
1.6426,1.6449,2010-10-13 14:00:17.72,Intermediário
1.6399,1.6423,2010-10-13 14:30:15.919,Intermediário
1.6418,1.6441,2010-10-13 15:00:21.519,Intermediário
1.6389,1.6413,2010-10-13 15:30:19.315,Intermediário
1.6394,1.6418,2010-10-13 16:00:20.599,Intermediário
1.6376,1.6399,2010-10-13 16:30:15.587,Fechamento Interbancário
1.6392,1.6403,2010-10-13 17:37:34.006,Fechamento
1.6346,1.6449,2010-10-14 09:24:15.12,Abertura
1.6393,1.6416,2010-10-14 09:30:17.893,Intermediário
1.6365,1.6386,2010-10-14 10:00:21.665,Intermediário
1.6452,1.6474,2010-10-14 10:30:15.776,Intermediário
1.6436,1.6459,2010-10-14 11:00:21.047,Intermediário
1.6476,1.6499,2010-10-14 11:30:15.027,Intermediário
1.648,1.6502,2010-10-14 12:00:19.188,Intermediário
1.6484,1.6505,2010-10-14 12:30:14.607,Intermediário
1.6524,1.6545,2010-10-14 13:01:19.161,Intermediário
1.6494,1.6517,2010-10-14 13:30:14.583,Intermediário
1.6485,1.6509,2010-10-14 14:00:20.091,Intermediário
1.6475,1.6499,2010-10-14 14:30:14.987,Intermediário
1.6487,1.651,2010-10-14 15:00:21.632,Intermediário
1.6467,1.649,2010-10-14 15:30:19.742,Intermediário
1.6457,1.6482,2010-10-14 16:00:20.54,Intermediário
1.6472,1.6495,2010-10-14 16:30:15.962,Fechamento Interbancário
1.645,1.6462,2010-10-14 17:37:53.038,Fechamento
1.6446,1.655,2010-10-15 09:24:13.227,Abertura
1.65,1.6525,2010-10-15 09:30:16.929,Intermediário
1.6416,1.6439,2010-10-15 10:00:26.743,Intermediário
1.6487,1.651,2010-10-15 10:30:18.12,Intermediário
1.6455,1.648,2010-10-15 11:00:29.86,Intermediário
1.6445,1.6469,2010-10-15 11:30:18.223,Intermediário
1.6431,1.6454,2010-10-15 12:00:23.009,Intermediário
1.6442,1.6465,2010-10-15 12:30:15.184,Intermediário
1.6371,1.6394,2010-10-15 13:00:21.354,Intermediário
1.6386,1.6409,2010-10-15 13:30:20.531,Intermediário
1.6413,1.6436,2010-10-15 14:00:46.162,Intermediário
1.6422,1.6446,2010-10-15 14:30:32.775,Intermediário
1.6389,1.6414,2010-10-15 15:00:36.872,Intermediário
1.6417,1.644,2010-10-15 15:30:17.171,Intermediário
1.6414,1.6437,2010-10-15 16:00:20.292,Intermediário
1.6439,1.6463,2010-10-15 16:30:15.295,Fechamento Interbancário
1.6395,1.6408,2010-10-15 17:37:41.506,Fechamento
1.6475,1.6575,2010-10-18 09:26:09.34,Abertura
1.6504,1.6527,2010-10-18 09:30:16.098,Intermediário
1.6484,1.6505,2010-10-18 10:00:20.309,Intermediário
1.6485,1.6508,2010-10-18 10:30:15.913,Intermediário
1.6488,1.6511,2010-10-18 11:00:21.793,Intermediário
1.6493,1.6516,2010-10-18 11:31:00.836,Intermediário
1.6472,1.6495,2010-10-18 12:00:25.351,Intermediário
1.6484,1.6507,2010-10-18 12:30:15.378,Intermediário
1.6499,1.652,2010-10-18 13:00:20.906,Intermediário
1.6437,1.6459,2010-10-18 13:30:15.532,Intermediário
1.6447,1.647,2010-10-18 14:00:21.166,Intermediário
1.648,1.6503,2010-10-18 14:30:14.283,Intermediário
1.6449,1.6472,2010-10-18 15:00:21.107,Intermediário
1.6482,1.6505,2010-10-18 15:30:14.267,Intermediário
1.65,1.6523,2010-10-18 16:00:19.895,Intermediário
1.6504,1.6528,2010-10-18 16:30:18.386,Fechamento Interbancário
1.6541,1.6554,2010-10-18 17:36:47.012,Fechamento
1.6527,1.663,2010-10-19 09:22:10.496,Abertura
1.654,1.6563,2010-10-19 09:30:16.693,Intermediário
1.6514,1.6537,2010-10-19 10:00:20.117,Intermediário
1.6538,1.6561,2010-10-19 10:31:49.387,Intermediário
1.6562,1.6583,2010-10-19 11:00:22.969,Intermediário
1.6508,1.6533,2010-10-19 11:30:19.581,Intermediário
1.6442,1.6465,2010-10-19 12:00:25.929,Intermediário
1.6464,1.6485,2010-10-19 12:30:16.688,Intermediário
1.6391,1.6414,2010-10-19 13:00:23.129,Intermediário
1.6386,1.6409,2010-10-19 13:30:15.173,Intermediário
1.6497,1.652,2010-10-19 14:00:19.015,Intermediário
1.6477,1.65,2010-10-19 14:30:13.908,Intermediário
1.6425,1.6447,2010-10-19 15:00:19.791,Intermediário
1.6399,1.642,2010-10-19 15:30:15.055,Intermediário
1.6336,1.6359,2010-10-19 16:00:19.187,Intermediário
1.6309,1.6334,2010-10-19 16:30:16.119,Fechamento Interbancário
1.6319,1.6332,2010-10-19 17:38:07.885,Fechamento
1.6285,1.6386,2010-10-20 09:20:14.513,Abertura
1.6339,1.6362,2010-10-20 09:31:24.168,Intermediário
1.6364,1.6387,2010-10-20 10:00:20.224,Intermediário
1.64,1.6423,2010-10-20 10:30:14.204,Intermediário
1.6373,1.6394,2010-10-20 11:00:18.851,Intermediário
1.6364,1.6387,2010-10-20 11:30:15.942,Intermediário
1.6404,1.6427,2010-10-20 12:00:20.692,Intermediário
1.6475,1.6496,2010-10-20 12:30:16.284,Intermediário
1.6489,1.6512,2010-10-20 13:00:19.617,Intermediário
1.6524,1.6547,2010-10-20 13:30:19.812,Intermediário
1.6487,1.651,2010-10-20 14:00:18.576,Intermediário
1.6521,1.6542,2010-10-20 14:30:13.949,Intermediário
1.647,1.6493,2010-10-20 15:00:20.271,Intermediário
1.6475,1.6499,2010-10-20 15:30:14.053,Intermediário
1.6506,1.6529,2010-10-20 16:00:19.579,Intermediário
1.6528,1.6552,2010-10-20 16:30:14.892,Fechamento Interbancário
1.6525,1.6538,2010-10-20 17:36:53.343,Fechamento
1.6511,1.6611,2010-10-21 09:28:43.897,Abertura
1.6532,1.6554,2010-10-21 09:30:15.842,Intermediário
1.6519,1.6542,2010-10-21 10:00:18.363,Intermediário
1.6557,1.658,2010-10-21 10:30:17.591,Intermediário
1.6563,1.6586,2010-10-21 11:00:24.418,Intermediário
1.6609,1.6632,2010-10-21 11:30:19.434,Intermediário
1.6631,1.6655,2010-10-21 12:00:29.731,Intermediário
1.6641,1.6664,2010-10-21 12:30:18.4,Intermediário
1.6641,1.6662,2010-10-21 13:00:25.54,Intermediário
1.6603,1.6627,2010-10-21 13:30:17.177,Intermediário
1.668,1.6703,2010-10-21 14:00:28.682,Intermediário
1.6619,1.6642,2010-10-21 14:30:21.588,Intermediário
1.6573,1.6596,2010-10-21 15:00:24.993,Intermediário
1.6615,1.6638,2010-10-21 15:30:16.706,Intermediário
1.6572,1.6594,2010-10-21 16:00:28.127,Intermediário
1.6607,1.663,2010-10-21 16:54:43.861,Fechamento Interbancário
1.6499,1.651,2010-10-21 17:38:39.173,Fechamento
1.6594,1.6696,2010-10-22 09:14:13.548,Abertura
1.6607,1.6628,2010-10-22 09:30:19.028,Intermediário
1.6601,1.6624,2010-10-22 10:00:25.647,Intermediário
1.6592,1.6615,2010-10-22 10:30:18.913,Intermediário
1.6609,1.6632,2010-10-22 11:01:28.546,Intermediário
1.6604,1.6627,2010-10-22 11:30:17.554,Intermediário
1.6585,1.6607,2010-10-22 12:00:26.163,Intermediário
1.6605,1.6626,2010-10-22 12:30:18.223,Intermediário
1.6604,1.6627,2010-10-22 13:00:24.084,Intermediário
1.6592,1.6615,2010-10-22 13:30:22.923,Intermediário
1.6579,1.6602,2010-10-22 14:00:25.101,Intermediário
1.6616,1.6637,2010-10-22 14:30:17.802,Intermediário
1.6699,1.6722,2010-10-22 15:00:26.342,Intermediário
1.6717,1.674,2010-10-22 15:30:18.844,Intermediário
1.6701,1.6724,2010-10-22 16:00:18.755,Intermediário
1.6735,1.676,2010-10-22 16:30:18.86,Fechamento Interbancário
1.6656,1.6669,2010-10-22 17:48:29.313,Fechamento
1.6855,1.6961,2010-10-25 09:27:46.918,Abertura
1.689,1.6917,2010-10-25 09:37:01.729,Intermediário
1.6893,1.6922,2010-10-25 10:04:05.859,Intermediário
1.6939,1.6963,2010-10-25 10:30:18.868,Intermediário
1.6911,1.6935,2010-10-25 11:00:18.093,Intermediário
1.69,1.6923,2010-10-25 11:30:28.321,Intermediário
1.6939,1.6964,2010-10-25 12:00:19.564,Intermediário
1.6949,1.6972,2010-10-25 12:30:32.508,Intermediário
1.6923,1.6946,2010-10-25 13:00:19.756,Intermediário
1.694,1.6961,2010-10-25 13:30:17.829,Intermediário
1.6918,1.6941,2010-10-25 14:00:19.198,Intermediário
1.6889,1.6912,2010-10-25 14:30:19.629,Intermediário
1.688,1.6903,2010-10-25 15:00:19.065,Intermediário
1.6968,1.6992,2010-10-25 15:30:16.395,Intermediário
1.6919,1.6942,2010-10-25 16:00:20.657,Intermediário
1.6863,1.6886,2010-10-25 16:30:18.102,Fechamento Interbancário
1.689,1.6902,2010-10-25 17:37:34.129,Fechamento
1.6726,1.6828,2010-10-26 09:16:12.74,Abertura
1.6752,1.6776,2010-10-26 09:30:18.951,Intermediário
1.6788,1.6809,2010-10-26 10:00:19.456,Intermediário
1.6774,1.6797,2010-10-26 10:31:25.307,Intermediário
1.675,1.6773,2010-10-26 11:01:23.298,Intermediário
1.6766,1.6789,2010-10-26 11:30:17.199,Intermediário
1.6779,1.68,2010-10-26 12:00:28.27,Intermediário
1.6807,1.6828,2010-10-26 12:30:16.995,Intermediário
1.6813,1.6836,2010-10-26 13:00:25.886,Intermediário
1.6816,1.684,2010-10-26 13:30:15.644,Intermediário
1.6808,1.6829,2010-10-26 14:01:12.654,Intermediário
1.6806,1.6829,2010-10-26 14:31:15.234,Intermediário
1.6788,1.6811,2010-10-26 15:00:18.254,Intermediário
1.6787,1.6812,2010-10-26 15:30:20.766,Intermediário
1.6755,1.6779,2010-10-26 16:00:17.428,Intermediário
1.6747,1.6772,2010-10-26 16:30:19.094,Fechamento Interbancário
1.6744,1.6757,2010-10-26 17:35:56.684,Fechamento
1.6537,1.6637,2010-10-27 09:10:15.546,Abertura
1.6573,1.6596,2010-10-27 09:30:18.121,Intermediário
1.6568,1.6589,2010-10-27 10:00:19.818,Intermediário
1.6539,1.6562,2010-10-27 10:30:16.133,Intermediário
1.6526,1.6549,2010-10-27 11:00:29.753,Intermediário
1.6547,1.657,2010-10-27 11:30:19.893,Intermediário
1.6566,1.6589,2010-10-27 12:00:29.454,Intermediário
1.6527,1.655,2010-10-27 12:30:41.791,Intermediário
1.6598,1.6621,2010-10-27 13:00:22.74,Intermediário
1.6607,1.663,2010-10-27 13:30:22.677,Intermediário
1.6617,1.664,2010-10-27 14:00:25.38,Intermediário
1.6643,1.6664,2010-10-27 14:30:46.173,Intermediário
1.6615,1.6638,2010-10-27 15:00:42.906,Intermediário
1.6635,1.6658,2010-10-27 15:31:41.209,Intermediário
1.6669,1.6691,2010-10-27 16:00:26.549,Intermediário
1.6669,1.669,2010-10-27 16:30:28.792,Fechamento Interbancário
1.6542,1.6551,2010-10-27 17:37:54.178,Fechamento
1.6695,1.6796,2010-10-28 09:16:16.745,Abertura
1.6761,1.6784,2010-10-28 09:31:47.297,Intermediário
1.6768,1.6791,2010-10-28 10:02:17.364,Intermediário
1.674,1.6761,2010-10-28 10:30:25.686,Intermediário
1.675,1.6773,2010-10-28 11:00:31.526,Intermediário
1.6749,1.6772,2010-10-28 11:30:26.831,Intermediário
1.6757,1.6778,2010-10-28 12:00:27.557,Intermediário
1.671,1.6733,2010-10-28 12:31:14.021,Intermediário
1.6748,1.6771,2010-10-28 13:00:39.212,Intermediário
1.6791,1.6814,2010-10-28 13:30:21.487,Intermediário
1.6748,1.6771,2010-10-28 14:01:27.381,Intermediário
1.6723,1.6746,2010-10-28 14:30:57.85,Intermediário
1.6735,1.6756,2010-10-28 15:01:46.173,Intermediário
1.6726,1.6749,2010-10-28 15:31:21.67,Intermediário
1.6733,1.6754,2010-10-28 16:00:22.246,Intermediário
1.6738,1.6761,2010-10-28 16:30:20.739,Fechamento Interbancário
1.6723,1.6734,2010-10-28 17:35:50.949,Fechamento
1.6595,1.6696,2010-10-29 09:20:19.303,Abertura
1.6615,1.6638,2010-10-29 09:30:24.445,Intermediário
1.662,1.6641,2010-10-29 10:02:06.895,Intermediário
1.6599,1.6624,2010-10-29 10:30:19.873,Intermediário
1.6626,1.6649,2010-10-29 11:00:23.052,Intermediário
1.6615,1.6636,2010-10-29 11:30:21.615,Intermediário
1.662,1.6643,2010-10-29 12:00:25.361,Intermediário
1.6601,1.6624,2010-10-29 12:30:20.059,Intermediário
1.6622,1.6645,2010-10-29 13:00:26.864,Intermediário
1.6626,1.6649,2010-10-29 13:30:22.082,Intermediário
1.6624,1.6647,2010-10-29 14:00:24.23,Intermediário
1.6644,1.6667,2010-10-29 14:30:19.892,Intermediário
1.6656,1.6679,2010-10-29 15:00:17.006,Intermediário
1.6625,1.6648,2010-10-29 15:30:17.357,Intermediário
1.668,1.6703,2010-10-29 16:00:16.74,Intermediário
1.6677,1.67,2010-10-29 16:30:18.327,Fechamento Interbancário
1.6673,1.6684,2010-10-29 17:36:13.776,Fechamento
1.6704,1.6806,2010-11-01 09:20:15.332,Abertura
1.673,1.6753,2010-11-01 09:30:16.941,Intermediário
1.6752,1.6773,2010-11-01 10:00:18.056,Intermediário
1.6786,1.6809,2010-11-01 10:30:16.276,Intermediário
1.6809,1.6831,2010-11-01 11:00:56.397,Intermediário
1.6818,1.6841,2010-11-01 11:30:17.931,Intermediário
1.6807,1.6831,2010-11-01 12:00:19.895,Intermediário
1.68,1.6823,2010-11-01 12:30:18.393,Intermediário
1.6794,1.6817,2010-11-01 13:00:18.964,Intermediário
1.6767,1.679,2010-11-01 13:30:16.554,Intermediário
1.6834,1.6855,2010-11-01 14:00:17.48,Intermediário
1.6805,1.6828,2010-11-01 14:30:16.56,Intermediário
1.6833,1.6854,2010-11-01 15:00:19.336,Intermediário
1.6846,1.6869,2010-11-01 15:30:19.507,Intermediário
1.6831,1.6855,2010-11-01 16:00:17.021,Intermediário
1.6819,1.6843,2010-11-01 16:30:17.182,Fechamento Interbancário
1.6796,1.6807,2010-11-01 17:35:29.396,Fechamento
1.6868,1.697,2010-11-03 09:26:21.573,Abertura
1.6871,1.6895,2010-11-03 09:30:45.059,Intermediário
1.6893,1.6915,2010-11-03 10:00:20.536,Intermediário
1.6861,1.6885,2010-11-03 10:33:27.108,Intermediário
1.6873,1.6895,2010-11-03 11:00:20.61,Intermediário
1.6879,1.6903,2010-11-03 11:30:16.777,Intermediário
1.6891,1.6913,2010-11-03 12:00:19.003,Intermediário
1.6899,1.6922,2010-11-03 12:30:15.728,Intermediário
1.6887,1.6911,2010-11-03 13:00:20.321,Intermediário
1.6864,1.6887,2010-11-03 13:30:17.25,Intermediário
1.6942,1.6964,2010-11-03 14:00:23.429,Intermediário
1.691,1.6934,2010-11-03 14:30:18.127,Intermediário
1.6962,1.6985,2010-11-03 15:00:20.86,Intermediário
1.6944,1.6967,2010-11-03 15:30:18.624,Intermediário
1.6936,1.6959,2010-11-03 16:00:18.538,Intermediário
1.6859,1.6884,2010-11-03 16:30:19.072,Fechamento Interbancário
1.6799,1.6812,2010-11-03 17:43:03.764,Fechamento
1.6975,1.7079,2010-11-04 09:12:15.423,Abertura
1.6988,1.7013,2010-11-04 09:30:17.368,Intermediário
1.7024,1.7047,2010-11-04 10:00:18.719,Intermediário
1.7066,1.7089,2010-11-04 10:30:18.371,Intermediário
1.7045,1.7069,2010-11-04 11:00:20.445,Intermediário
1.705,1.7072,2010-11-04 11:30:20.161,Intermediário
1.7018,1.7042,2010-11-04 12:07:14.065,Intermediário
1.7023,1.7047,2010-11-04 12:33:55.552,Intermediário
1.703,1.7054,2010-11-04 13:00:18.974,Intermediário
1.7015,1.7039,2010-11-04 13:49:35.33,Intermediário
1.7001,1.7025,2010-11-04 14:00:22.976,Intermediário
1.7001,1.7025,2010-11-04 14:30:17.193,Intermediário
1.7003,1.7027,2010-11-04 15:00:17.73,Intermediário
1.6996,1.702,2010-11-04 15:30:18.502,Intermediário
1.6976,1.7,2010-11-04 16:00:17.412,Intermediário
1.7013,1.7035,2010-11-04 16:30:18.159,Fechamento Interbancário
1.7065,1.7075,2010-11-04 17:38:05.829,Fechamento
1.6933,1.7037,2010-11-05 09:18:14.618,Abertura
1.6965,1.6988,2010-11-05 09:30:17.877,Intermediário
1.6961,1.6983,2010-11-05 10:00:17.758,Intermediário
1.6973,1.7,2010-11-05 10:30:21.402,Intermediário
1.7008,1.7032,2010-11-05 11:00:24.241,Intermediário
1.7055,1.7079,2010-11-05 11:30:16.699,Intermediário
1.703,1.7052,2010-11-05 12:00:18.842,Intermediário
1.7057,1.7082,2010-11-05 12:30:17.005,Intermediário
1.7053,1.7075,2010-11-05 13:00:19.304,Intermediário
1.702,1.7044,2010-11-05 13:30:19.048,Intermediário
1.7,1.7025,2010-11-05 14:00:20.295,Intermediário
1.7005,1.7032,2010-11-05 14:30:18.431,Intermediário
1.7052,1.7076,2010-11-05 15:00:21.127,Intermediário
1.7064,1.7087,2010-11-05 15:30:17.292,Intermediário
1.7037,1.706,2010-11-05 16:00:20.269,Intermediário
1.7015,1.7039,2010-11-05 16:30:18.517,Fechamento Interbancário
1.7028,1.704,2010-11-05 17:42:27.889,Fechamento
1.7,1.7104,2010-11-08 09:16:12.858,Abertura
1.7106,1.713,2010-11-08 09:30:17.808,Intermediário
1.7093,1.7116,2010-11-08 10:00:27.117,Intermediário
1.7126,1.7148,2010-11-08 10:30:16.891,Intermediário
1.7155,1.7178,2010-11-08 11:00:17.55,Intermediário
1.7119,1.7143,2010-11-08 11:31:09.675,Intermediário
1.7138,1.716,2010-11-08 12:01:19.728,Intermediário
1.7116,1.714,2010-11-08 12:30:15.645,Intermediário
1.7124,1.7148,2010-11-08 13:00:17.7,Intermediário
1.715,1.7173,2010-11-08 13:30:18.233,Intermediário
1.715,1.7173,2010-11-08 14:00:18.504,Intermediário
1.7153,1.7177,2010-11-08 14:30:16.628,Intermediário
1.7194,1.7218,2010-11-08 15:00:19.133,Intermediário
1.7209,1.7233,2010-11-08 15:30:17.628,Intermediário
1.7206,1.723,2010-11-08 16:00:22.02,Intermediário
1.7197,1.7221,2010-11-08 16:30:18.013,Fechamento Interbancário
1.7189,1.7201,2010-11-08 17:51:34.642,Fechamento
1.7143,1.7248,2010-11-09 09:19:29.642,Abertura
1.7208,1.723,2010-11-09 09:30:17.22,Intermediário
1.7187,1.7211,2010-11-09 10:00:18.359,Intermediário
1.7191,1.7213,2010-11-09 10:30:18.009,Intermediário
1.7179,1.7204,2010-11-09 11:00:18.62,Intermediário
1.7174,1.7197,2010-11-09 11:30:17.829,Intermediário
1.7204,1.7228,2010-11-09 12:04:25.074,Intermediário
1.7216,1.7238,2010-11-09 12:30:17.011,Intermediário
1.7211,1.7235,2010-11-09 13:00:19.077,Intermediário
1.7197,1.7221,2010-11-09 13:30:59.022,Intermediário
1.7216,1.724,2010-11-09 14:03:41.493,Intermediário
1.7187,1.7211,2010-11-09 14:30:19.487,Intermediário
1.7185,1.7209,2010-11-09 15:00:17.751,Intermediário
1.7187,1.7211,2010-11-09 15:30:16.346,Intermediário
1.7153,1.7177,2010-11-09 16:00:17.116,Intermediário
1.7123,1.7146,2010-11-09 16:30:16.783,Fechamento Interbancário
1.7115,1.7126,2010-11-09 17:36:29.875,Fechamento
1.7026,1.7128,2010-11-10 09:24:12.968,Abertura
1.7022,1.7044,2010-11-10 09:30:19.707,Intermediário
1.7034,1.7057,2010-11-10 10:00:55.598,Intermediário
1.7029,1.7052,2010-11-10 10:30:16.642,Intermediário
1.7,1.7021,2010-11-10 11:00:19.703,Intermediário
1.7034,1.7061,2010-11-10 11:30:17.221,Intermediário
1.7068,1.709,2010-11-10 12:01:58.785,Intermediário
1.7064,1.7086,2010-11-10 12:30:16.861,Intermediário
1.7107,1.713,2010-11-10 13:00:17.785,Intermediário
1.7121,1.7146,2010-11-10 13:30:17.079,Intermediário
1.7125,1.7148,2010-11-10 14:00:21.398,Intermediário
1.7152,1.7176,2010-11-10 14:30:16.46,Intermediário
1.7124,1.7148,2010-11-10 15:00:22.651,Intermediário
1.7116,1.7139,2010-11-10 15:30:17.251,Intermediário
1.7125,1.7151,2010-11-10 16:00:17.712,Intermediário
1.7152,1.7175,2010-11-10 16:30:17.672,Fechamento Interbancário
1.7123,1.7135,2010-11-10 17:44:32.068,Fechamento
1.7115,1.7219,2010-11-11 09:18:12.063,Abertura
1.7123,1.7146,2010-11-11 09:38:36.671,Intermediário
1.7148,1.7169,2010-11-11 10:00:18.982,Intermediário
1.7169,1.7193,2010-11-11 10:30:17.576,Intermediário
1.7171,1.7194,2010-11-11 11:00:19.044,Intermediário
1.7172,1.7196,2010-11-11 11:30:16.93,Intermediário
1.7184,1.7207,2010-11-11 12:00:20.687,Intermediário
1.7197,1.7221,2010-11-11 12:30:17.896,Intermediário
1.7156,1.7179,2010-11-11 13:00:19.599,Intermediário
1.7153,1.7176,2010-11-11 13:30:17.229,Intermediário
1.7137,1.7162,2010-11-11 14:00:18.217,Intermediário
1.7149,1.7173,2010-11-11 14:30:19.772,Intermediário
1.7142,1.7165,2010-11-11 15:01:10.014,Intermediário
1.7116,1.7137,2010-11-11 15:31:07.471,Intermediário
1.7092,1.7115,2010-11-11 16:00:17.708,Intermediário
1.71,1.7121,2010-11-11 16:30:16.615,Fechamento Interbancário
1.71,1.7109,2010-11-11 17:39:39.203,Fechamento
1.6965,1.7067,2010-11-12 09:18:12.661,Abertura
1.7031,1.7054,2010-11-12 09:30:16.9,Intermediário
1.705,1.7073,2010-11-12 10:00:17.973,Intermediário
1.7021,1.7046,2010-11-12 10:30:26.158,Intermediário
1.7043,1.7066,2010-11-12 11:04:07.165,Intermediário
1.7018,1.7039,2010-11-12 11:30:17.215,Intermediário
1.7018,1.7042,2010-11-12 12:00:19.297,Intermediário
1.7023,1.7046,2010-11-12 12:30:18.696,Intermediário
1.7048,1.7072,2010-11-12 13:00:23.908,Intermediário
1.6987,1.701,2010-11-12 13:30:16.649,Intermediário
1.6976,1.6999,2010-11-12 14:00:17.923,Intermediário
1.7016,1.7039,2010-11-12 14:30:15.84,Intermediário
1.7053,1.7076,2010-11-12 15:00:23.407,Intermediário
1.6971,1.6996,2010-11-12 15:30:27.486,Intermediário
1.6959,1.6984,2010-11-12 16:00:17.628,Intermediário
1.6988,1.7009,2010-11-12 16:30:16.686,Fechamento Interbancário
1.6958,1.6968,2010-11-12 17:37:58.08,Fechamento
1.6881,1.6981,2010-11-16 09:20:16.138,Abertura
1.6929,1.6952,2010-11-16 09:30:18.552,Intermediário
1.6942,1.6965,2010-11-16 10:00:19.672,Intermediário
1.6953,1.6976,2010-11-16 10:30:17.478,Intermediário
1.6959,1.6982,2010-11-16 11:00:22.676,Intermediário
1.6915,1.6938,2010-11-16 11:30:17.988,Intermediário
1.6911,1.6934,2010-11-16 12:01:16.425,Intermediário
1.6951,1.6974,2010-11-16 12:30:22.002,Intermediário
1.6915,1.6938,2010-11-16 13:00:21.629,Intermediário
1.6914,1.6937,2010-11-16 13:30:18.015,Intermediário
1.6891,1.6914,2010-11-16 14:00:20.808,Intermediário
1.6888,1.6911,2010-11-16 14:30:20.51,Intermediário
1.6952,1.6977,2010-11-16 15:00:19.337,Intermediário
1.6931,1.6954,2010-11-16 15:30:16.773,Intermediário
1.6933,1.6956,2010-11-16 16:00:18.268,Intermediário
1.6933,1.6956,2010-11-16 16:30:17.771,Fechamento Interbancário
1.6843,1.6854,2010-11-16 17:35:39.898,Fechamento
1.6898,1.6999,2010-11-17 09:14:13.228,Abertura
1.6944,1.6967,2010-11-17 09:30:16.515,Intermediário
1.6919,1.6942,2010-11-17 10:01:57.543,Intermediário
1.6957,1.698,2010-11-17 10:33:34.095,Intermediário
1.6943,1.6966,2010-11-17 11:00:19.617,Intermediário
1.6964,1.6985,2010-11-17 11:30:17.39,Intermediário
1.6901,1.6922,2010-11-17 12:00:28.446,Intermediário
1.6913,1.6934,2010-11-17 12:40:30.854,Intermediário
1.6956,1.6979,2010-11-17 13:00:20.644,Intermediário
1.6971,1.6992,2010-11-17 13:30:21.849,Intermediário
1.6936,1.6959,2010-11-17 14:00:20.843,Intermediário
1.6929,1.6952,2010-11-17 14:30:17.19,Intermediário
1.6936,1.6961,2010-11-17 15:00:20.363,Intermediário
1.6896,1.6919,2010-11-17 15:30:18.285,Intermediário
1.69,1.6923,2010-11-17 16:00:19.548,Intermediário
1.69,1.6925,2010-11-17 16:30:18.696,Fechamento Interbancário
1.6949,1.6962,2010-11-17 17:35:27.784,Fechamento
1.6912,1.7013,2010-11-18 09:16:21.646,Abertura
1.6943,1.6964,2010-11-18 09:30:18.452,Intermediário
1.6903,1.6926,2010-11-18 10:00:21.18,Intermediário
1.6936,1.696,2010-11-18 10:30:18.125,Intermediário
1.6924,1.6948,2010-11-18 11:00:22.774,Intermediário
1.6952,1.6976,2010-11-18 11:30:22.369,Intermediário
1.6958,1.6981,2010-11-18 12:00:26.468,Intermediário
1.695,1.6973,2010-11-18 12:30:17.824,Intermediário
1.6954,1.6977,2010-11-18 13:08:08.734,Intermediário
1.6949,1.6972,2010-11-18 13:30:23.973,Intermediário
1.6959,1.6982,2010-11-18 14:00:24.934,Intermediário
1.6933,1.6956,2010-11-18 14:30:18.987,Intermediário
1.6936,1.6961,2010-11-18 15:00:20.965,Intermediário
1.6923,1.6946,2010-11-18 15:30:19.475,Intermediário
1.6933,1.6956,2010-11-18 16:00:17.207,Intermediário
1.6943,1.6968,2010-11-18 16:30:18.156,Fechamento Interbancário
1.6938,1.6951,2010-11-18 17:39:13.646,Fechamento
1.6823,1.6925,2010-11-19 09:20:25.212,Abertura
1.6864,1.6887,2010-11-19 09:30:19.495,Intermediário
1.6876,1.6899,2010-11-19 10:00:34.604,Intermediário
1.6867,1.6891,2010-11-19 10:30:21.466,Intermediário
1.6883,1.6906,2010-11-19 11:00:26.4,Intermediário
1.6885,1.6909,2010-11-19 11:30:18.651,Intermediário
1.6872,1.6895,2010-11-19 12:00:39.982,Intermediário
1.6843,1.6866,2010-11-19 12:30:24.202,Intermediário
1.6863,1.6886,2010-11-19 13:00:37.668,Intermediário
1.6896,1.6919,2010-11-19 13:30:21.623,Intermediário
1.693,1.6953,2010-11-19 14:00:18.991,Intermediário
1.6925,1.6946,2010-11-19 14:30:18.195,Intermediário
1.6933,1.6957,2010-11-19 15:00:17.543,Intermediário
1.6936,1.695,2010-11-19 15:30:17.27,Intermediário
1.6916,1.6939,2010-11-19 17:30:57.867,Intermediário
1.6912,1.6936,2010-11-19 17:35:06.6,Fechamento Interbancário
1.6923,1.6935,2010-11-19 19:05:34.86,Fechamento
1.6935,1.7038,2010-11-22 09:20:18.507,Abertura
1.6955,1.6978,2010-11-22 09:30:18.117,Intermediário
1.6929,1.6951,2010-11-22 10:02:04.802,Intermediário
1.6883,1.6906,2010-11-22 10:30:18.504,Intermediário
1.6905,1.6928,2010-11-22 11:00:21.679,Intermediário
1.6954,1.6979,2010-11-22 11:32:53.192,Intermediário
1.6981,1.7004,2010-11-22 12:00:22.053,Intermediário
1.698,1.7003,2010-11-22 12:30:19.468,Intermediário
1.6976,1.7,2010-11-22 13:00:35.006,Intermediário
1.6949,1.697,2010-11-22 13:30:21.393,Intermediário
1.6948,1.697,2010-11-22 14:00:23.048,Intermediário
1.6987,1.701,2010-11-22 14:30:23.186,Intermediário
1.6986,1.7009,2010-11-22 15:00:26.264,Intermediário
1.6932,1.6956,2010-11-22 15:30:18.228,Intermediário
1.698,1.7003,2010-11-22 16:00:25.933,Intermediário
1.6998,1.702,2010-11-22 16:30:19.015,Fechamento Interbancário
1.6946,1.6956,2010-11-22 17:35:53.491,Fechamento
1.6922,1.7024,2010-11-23 09:29:05.462,Abertura
1.6933,1.6956,2010-11-23 09:30:24.616,Intermediário
1.6935,1.696,2010-11-23 10:00:22.066,Intermediário
1.6908,1.6932,2010-11-23 10:30:21.986,Intermediário
1.6926,1.6949,2010-11-23 11:00:21.722,Intermediário
1.6942,1.6966,2010-11-23 11:30:19.164,Intermediário
1.6919,1.6941,2010-11-23 12:00:29.223,Intermediário
1.6933,1.6956,2010-11-23 12:32:51.729,Intermediário
1.6957,1.6982,2010-11-23 13:00:22.107,Intermediário
1.689,1.6913,2010-11-23 13:31:40.172,Intermediário
1.692,1.6943,2010-11-23 14:00:34.471,Intermediário
1.6847,1.687,2010-11-23 14:30:19.791,Intermediário
1.6894,1.6917,2010-11-23 15:00:21.394,Intermediário
1.6908,1.6931,2010-11-23 15:31:10.438,Intermediário
1.6898,1.6923,2010-11-23 16:01:03.997,Intermediário
1.6888,1.6911,2010-11-23 16:30:23.665,Fechamento Interbancário
1.6886,1.6897,2010-11-23 17:37:52.256,Fechamento
1.6868,1.6969,2010-11-24 09:22:13.157,Abertura
1.6916,1.6937,2010-11-24 09:30:18.409,Intermediário
1.6878,1.6901,2010-11-24 10:00:23.126,Intermediário
1.6892,1.6915,2010-11-24 10:31:20.974,Intermediário
1.6896,1.6919,2010-11-24 11:00:19.327,Intermediário
1.6891,1.6912,2010-11-24 11:31:33.158,Intermediário
1.693,1.6953,2010-11-24 12:00:19.527,Intermediário
1.6935,1.6958,2010-11-24 12:30:19.056,Intermediário
1.6902,1.6927,2010-11-24 13:00:19.946,Intermediário
1.6906,1.6929,2010-11-24 13:30:17.137,Intermediário
1.6906,1.6929,2010-11-24 14:00:21.866,Intermediário
1.6912,1.6935,2010-11-24 14:30:17.951,Intermediário
1.6928,1.6952,2010-11-24 15:00:20.164,Intermediário
1.6944,1.6965,2010-11-24 15:30:17.432,Intermediário
1.6936,1.6958,2010-11-24 16:00:19.2,Intermediário
1.6924,1.6947,2010-11-24 16:31:19.73,Fechamento Interbancário
1.6953,1.6964,2010-11-24 17:43:08.219,Fechamento
1.6843,1.6945,2010-11-25 09:18:12.038,Abertura
1.6885,1.6908,2010-11-25 09:30:18.968,Intermediário
1.6876,1.6899,2010-11-25 10:00:20.99,Intermediário
1.6867,1.689,2010-11-25 10:30:17.961,Intermediário
1.684,1.6863,2010-11-25 11:00:18.461,Intermediário
1.6841,1.6864,2010-11-25 11:30:17.213,Intermediário
1.6859,1.6882,2010-11-25 12:00:26.393,Intermediário
1.6866,1.6889,2010-11-25 12:30:17.181,Intermediário
1.6864,1.6885,2010-11-25 13:00:19.699,Intermediário
1.6898,1.692,2010-11-25 13:30:20.103,Intermediário
1.6897,1.692,2010-11-25 14:00:19.368,Intermediário
1.6892,1.6916,2010-11-25 14:30:18.118,Intermediário
1.6839,1.6862,2010-11-25 15:00:18.098,Intermediário
1.6882,1.6905,2010-11-25 15:30:17.171,Intermediário
1.6871,1.6895,2010-11-25 16:00:20.587,Intermediário
1.687,1.6895,2010-11-25 16:30:19.18,Fechamento Interbancário
1.6868,1.6881,2010-11-25 18:06:16.576,Fechamento
1.6682,1.678,2010-11-26 09:12:16.735,Abertura
1.6697,1.6719,2010-11-26 09:30:17.909,Intermediário
1.6691,1.6714,2010-11-26 10:00:22.31,Intermediário
1.6663,1.6684,2010-11-26 10:30:17.492,Intermediário
1.6651,1.6673,2010-11-26 11:00:18.831,Intermediário
1.6644,1.6667,2010-11-26 11:30:19.152,Intermediário
1.6658,1.6681,2010-11-26 12:00:19.621,Intermediário
1.6666,1.6688,2010-11-26 12:31:11.982,Intermediário
1.6693,1.6714,2010-11-26 13:00:17.78,Intermediário
1.6645,1.6668,2010-11-26 13:30:17.254,Intermediário
1.6614,1.6635,2010-11-26 14:00:18.195,Intermediário
1.6628,1.6651,2010-11-26 14:30:17.621,Intermediário
1.6637,1.666,2010-11-26 15:00:18.774,Intermediário
1.6646,1.6668,2010-11-26 15:30:18.241,Intermediário
1.6642,1.6665,2010-11-26 16:00:18.635,Intermediário
1.6614,1.6639,2010-11-26 16:30:17.004,Fechamento Interbancário
1.6643,1.6656,2010-11-26 17:36:31.833,Fechamento
1.6598,1.6696,2010-11-29 09:24:37.563,Abertura
1.6613,1.6634,2010-11-29 09:30:22.956,Intermediário
1.6627,1.6648,2010-11-29 10:01:04.117,Intermediário
1.6634,1.6656,2010-11-29 10:31:10.996,Intermediário
1.6633,1.6655,2010-11-29 11:00:52.016,Intermediário
1.6648,1.667,2010-11-29 11:30:38.018,Intermediário
1.6614,1.6637,2010-11-29 12:00:26.764,Intermediário
1.6602,1.6625,2010-11-29 12:31:09.459,Intermediário
1.6572,1.6594,2010-11-29 13:00:19.47,Intermediário
1.6582,1.6605,2010-11-29 13:32:52.094,Intermediário
1.6572,1.6594,2010-11-29 14:00:49.902,Intermediário
1.657,1.6592,2010-11-29 14:30:23.017,Intermediário
1.6586,1.6607,2010-11-29 15:00:51.439,Intermediário
1.6531,1.6554,2010-11-29 15:31:08.319,Intermediário
1.6531,1.6554,2010-11-29 16:00:20.114,Intermediário
1.6523,1.6547,2010-11-29 16:31:10.871,Fechamento Interbancário
1.6564,1.6577,2010-11-29 17:36:15.451,Fechamento
1.6446,1.6546,2010-11-30 09:18:10.78,Abertura
1.6464,1.6487,2010-11-30 09:31:02.038,Intermediário
1.6505,1.6526,2010-11-30 10:00:21.507,Intermediário
1.65,1.6523,2010-11-30 10:33:16.912,Intermediário
1.6455,1.6478,2010-11-30 11:00:36.778,Intermediário
1.6488,1.651,2010-11-30 11:30:43.837,Intermediário
1.6481,1.6504,2010-11-30 12:01:03.733,Intermediário
1.647,1.6493,2010-11-30 12:30:36.736,Intermediário
1.65,1.6521,2010-11-30 13:05:01.938,Intermediário
1.6515,1.6538,2010-11-30 13:30:18.962,Intermediário
1.6476,1.6497,2010-11-30 14:00:20.722,Intermediário
1.6474,1.6496,2010-11-30 14:32:43.067,Intermediário
1.6473,1.6495,2010-11-30 15:00:19.961,Intermediário
1.6451,1.6474,2010-11-30 15:30:21.218,Intermediário
1.6439,1.6461,2010-11-30 16:00:16.407,Intermediário
1.6471,1.6494,2010-11-30 16:30:15.565,Fechamento Interbancário
1.6503,1.6514,2010-11-30 17:39:04.529,Fechamento
1.6385,1.6483,2010-12-01 09:16:15.915,Abertura
1.643,1.6453,2010-12-01 09:30:19.04,Intermediário
1.645,1.6473,2010-12-01 10:00:18.438,Intermediário
1.6427,1.645,2010-12-01 10:30:26.419,Intermediário
1.6417,1.6438,2010-12-01 11:00:19.255,Intermediário
1.6425,1.6446,2010-12-01 11:30:18.289,Intermediário
1.6445,1.6468,2010-12-01 12:00:17.415,Intermediário
1.642,1.6442,2010-12-01 12:30:13.486,Intermediário
1.6426,1.6449,2010-12-01 13:00:20.401,Intermediário
1.6394,1.6415,2010-12-01 13:30:18.689,Intermediário
1.6417,1.644,2010-12-01 14:00:13.75,Intermediário
1.6433,1.6455,2010-12-01 14:30:11.404,Intermediário
1.6468,1.6491,2010-12-01 15:00:13.506,Intermediário
1.649,1.6512,2010-12-01 15:30:14.625,Intermediário
1.6489,1.6512,2010-12-01 16:00:15.842,Intermediário
1.6484,1.6507,2010-12-01 16:30:15.379,Fechamento Interbancário
1.6478,1.6489,2010-12-01 17:38:23.279,Fechamento
1.6429,1.6529,2010-12-02 09:24:16.536,Abertura
1.6469,1.6482,2010-12-02 09:30:12.949,Intermediário
1.6455,1.6478,2010-12-02 10:00:22.525,Intermediário
1.6469,1.6492,2010-12-02 10:30:11.142,Intermediário
1.6444,1.6466,2010-12-02 11:01:12.62,Intermediário
1.6445,1.6469,2010-12-02 11:30:13.805,Intermediário
1.643,1.6453,2010-12-02 12:00:22.442,Intermediário
1.6481,1.6503,2010-12-02 12:30:13.964,Intermediário
1.6516,1.6539,2010-12-02 13:00:13.64,Intermediário
1.6537,1.656,2010-12-02 13:30:13.341,Intermediário
1.6556,1.6579,2010-12-02 14:00:16.952,Intermediário
1.6591,1.6614,2010-12-02 14:31:12.082,Intermediário
1.6622,1.6645,2010-12-02 15:00:18.303,Intermediário
1.6614,1.6635,2010-12-02 15:30:19.203,Intermediário
1.66,1.6623,2010-12-02 16:00:13.683,Intermediário
1.6588,1.6609,2010-12-02 16:30:17.499,Fechamento Interbancário
1.6599,1.6608,2010-12-02 17:35:24.075,Fechamento
1.6598,1.6698,2010-12-03 09:25:18.206,Abertura
1.6631,1.6652,2010-12-03 09:30:13.53,Intermediário
1.6658,1.6679,2010-12-03 10:00:14.529,Intermediário
1.6667,1.6689,2010-12-03 10:30:13.576,Intermediário
1.6654,1.6675,2010-12-03 11:00:52.31,Intermediário
1.6694,1.6716,2010-12-03 12:00:27.358,Intermediário
1.6672,1.67,2010-12-03 12:03:02.456,Intermediário
1.67,1.6721,2010-12-03 12:30:20.549,Intermediário
1.67,1.6725,2010-12-03 13:00:16.219,Intermediário
1.6678,1.6701,2010-12-03 13:30:16.072,Intermediário
1.6692,1.6716,2010-12-03 14:00:17.543,Intermediário
1.6664,1.6688,2010-12-03 14:30:12.634,Intermediário
1.6653,1.6676,2010-12-03 15:00:20.042,Intermediário
1.6658,1.6679,2010-12-03 15:30:15.416,Intermediário
1.666,1.6684,2010-12-03 16:00:20.102,Intermediário
1.6668,1.6691,2010-12-03 16:30:15.007,Fechamento Interbancário
1.6726,1.6738,2010-12-03 17:36:31.078,Fechamento
1.6621,1.6723,2010-12-06 09:20:13.266,Abertura
1.6652,1.6675,2010-12-06 09:30:13.579,Intermediário
1.6663,1.6687,2010-12-06 10:01:40.949,Intermediário
1.6656,1.6679,2010-12-06 10:30:21.677,Intermediário
1.6667,1.669,2010-12-06 11:01:27.053,Intermediário
1.6642,1.6664,2010-12-06 11:30:16.64,Intermediário
1.6641,1.6664,2010-12-06 12:00:28.439,Intermediário
1.6656,1.6679,2010-12-06 12:30:18.282,Intermediário
1.6641,1.6664,2010-12-06 13:00:26.707,Intermediário
1.6691,1.6704,2010-12-06 13:30:13.373,Intermediário
1.6678,1.6699,2010-12-06 14:01:31.033,Intermediário
1.6658,1.6681,2010-12-06 14:30:18.744,Intermediário
1.6651,1.6673,2010-12-06 15:00:17.793,Intermediário
1.6598,1.6622,2010-12-06 15:30:20.895,Intermediário
1.6608,1.663,2010-12-06 16:00:16.012,Intermediário
1.6624,1.6645,2010-12-06 16:30:19.228,Fechamento Interbancário
1.6651,1.6661,2010-12-06 17:37:45.434,Fechamento
1.6587,1.669,2010-12-07 09:14:18.716,Abertura
1.6623,1.6647,2010-12-07 09:30:16.019,Intermediário
1.6617,1.664,2010-12-07 10:00:16.514,Intermediário
1.6628,1.665,2010-12-07 10:30:18.785,Intermediário
1.663,1.6651,2010-12-07 11:00:19.369,Intermediário
1.6641,1.6663,2010-12-07 11:30:24.096,Intermediário
1.6633,1.6656,2010-12-07 12:00:23.137,Intermediário
1.6643,1.6664,2010-12-07 12:31:16.289,Intermediário
1.6627,1.6651,2010-12-07 13:00:19.359,Intermediário
1.6604,1.6627,2010-12-07 13:30:15.142,Intermediário
1.6621,1.6642,2010-12-07 14:00:21.766,Intermediário
1.6606,1.6629,2010-12-07 14:34:18.809,Intermediário
1.6597,1.6622,2010-12-07 15:00:14.363,Intermediário
1.6607,1.663,2010-12-07 15:30:19.16,Intermediário
1.6592,1.6615,2010-12-07 16:00:19.916,Intermediário
1.661,1.6633,2010-12-07 16:30:13.108,Fechamento Interbancário
1.6542,1.6553,2010-12-07 17:35:35.069,Fechamento
1.6474,1.6574,2010-12-08 09:18:09.421,Abertura
1.6508,1.6531,2010-12-08 09:30:18.834,Intermediário
1.6517,1.654,2010-12-08 10:00:31.687,Intermediário
1.6496,1.6517,2010-12-08 10:30:15.748,Intermediário
1.6482,1.6503,2010-12-08 11:00:15.785,Intermediário
1.6479,1.6502,2010-12-08 11:30:28.086,Intermediário
1.6499,1.6522,2010-12-08 12:00:13.453,Intermediário
1.6512,1.6533,2010-12-08 12:30:18.647,Intermediário
1.6522,1.6544,2010-12-08 13:00:24.509,Intermediário
1.6489,1.6512,2010-12-08 13:30:18.86,Intermediário
1.6488,1.6511,2010-12-08 14:00:20.751,Intermediário
1.6505,1.6527,2010-12-08 14:30:29.093,Intermediário
1.6528,1.6551,2010-12-08 15:00:21.988,Intermediário
1.6533,1.6554,2010-12-08 15:30:14.19,Intermediário
1.6555,1.6578,2010-12-08 16:00:21.586,Intermediário
1.6546,1.6568,2010-12-08 16:30:17.994,Fechamento Interbancário
1.6521,1.6531,2010-12-08 17:35:26.446,Fechamento
1.6585,1.6687,2010-12-09 09:18:13.425,Abertura
1.6613,1.6635,2010-12-09 09:30:15.274,Intermediário
1.663,1.6653,2010-12-09 10:00:15.102,Intermediário
1.6607,1.663,2010-12-09 10:30:16.612,Intermediário
1.6654,1.6677,2010-12-09 11:00:24.409,Intermediário
1.6676,1.6703,2010-12-09 11:30:13.481,Intermediário
1.6701,1.6725,2010-12-09 12:00:28.418,Intermediário
1.6705,1.6726,2010-12-09 12:30:26.377,Intermediário
1.6711,1.6734,2010-12-09 13:00:17.913,Intermediário
1.6746,1.6769,2010-12-09 13:30:15.634,Intermediário
1.6724,1.6747,2010-12-09 14:00:15.498,Intermediário
1.6752,1.6775,2010-12-09 14:30:20.622,Intermediário
1.6747,1.677,2010-12-09 15:00:24.829,Intermediário
1.6819,1.6842,2010-12-09 15:30:21.531,Intermediário
1.6801,1.6824,2010-12-09 16:00:16.438,Intermediário
1.68,1.6825,2010-12-09 16:30:15.987,Fechamento Interbancário
1.6747,1.676,2010-12-09 17:35:28.463,Fechamento
1.6818,1.692,2010-12-10 09:22:10.77,Abertura
1.6847,1.6871,2010-12-10 09:30:14.807,Intermediário
1.6846,1.6869,2010-12-10 10:00:17.021,Intermediário
1.6841,1.6864,2010-12-10 10:30:14.765,Intermediário
1.6829,1.6852,2010-12-10 11:00:16.56,Intermediário
1.6819,1.6844,2010-12-10 11:30:16.767,Intermediário
1.6889,1.6912,2010-12-10 12:00:26.435,Intermediário
1.6887,1.6909,2010-12-10 12:30:16.128,Intermediário
1.6875,1.6897,2010-12-10 13:00:20.059,Intermediário
1.6848,1.6871,2010-12-10 13:30:13.512,Intermediário
1.6879,1.6903,2010-12-10 14:00:13.584,Intermediário
1.6919,1.6942,2010-12-10 14:30:14.228,Intermediário
1.6936,1.6959,2010-12-10 15:00:20.225,Intermediário
1.6873,1.6896,2010-12-10 15:30:15.36,Intermediário
1.687,1.6893,2010-12-10 16:00:16.241,Intermediário
1.6875,1.6898,2010-12-10 16:30:16.262,Fechamento Interbancário
1.6854,1.6865,2010-12-10 17:36:30.976,Fechamento
1.6809,1.6912,2010-12-13 09:20:12.693,Abertura
1.6851,1.6872,2010-12-13 09:30:16.501,Intermediário
1.6872,1.6895,2010-12-13 10:00:20.637,Intermediário
1.6887,1.691,2010-12-13 10:30:15.199,Intermediário
1.691,1.6933,2010-12-13 11:00:30.06,Intermediário
1.6922,1.6945,2010-12-13 11:30:15.93,Intermediário
1.6934,1.6955,2010-12-13 12:00:22.199,Intermediário
1.6941,1.6964,2010-12-13 12:30:17.765,Intermediário
1.6955,1.6979,2010-12-13 13:00:25.745,Intermediário
1.6984,1.7008,2010-12-13 13:30:16.139,Intermediário
1.692,1.6941,2010-12-13 14:00:23.894,Intermediário
1.6934,1.6958,2010-12-13 14:30:16.786,Intermediário
1.6948,1.6969,2010-12-13 15:00:25.688,Intermediário
1.6916,1.694,2010-12-13 15:30:14.383,Intermediário
1.6903,1.6927,2010-12-13 16:00:16.162,Intermediário
1.6954,1.6979,2010-12-13 16:30:13.525,Fechamento Interbancário
1.6983,1.6996,2010-12-13 17:36:52.025,Fechamento
1.6855,1.6958,2010-12-14 09:23:18.657,Abertura
1.6887,1.691,2010-12-14 09:30:15.442,Intermediário
1.6914,1.6937,2010-12-14 10:00:22.67,Intermediário
1.6939,1.6962,2010-12-14 10:30:15.562,Intermediário
1.6974,1.6997,2010-12-14 11:00:19.886,Intermediário
1.6967,1.699,2010-12-14 11:30:19.567,Intermediário
1.6947,1.697,2010-12-14 12:00:31.772,Intermediário
1.6932,1.6954,2010-12-14 12:30:16.436,Intermediário
1.6921,1.6944,2010-12-14 13:00:21.032,Intermediário
1.6919,1.6943,2010-12-14 13:30:17.332,Intermediário
1.6941,1.6965,2010-12-14 14:00:20.346,Intermediário
1.6933,1.6955,2010-12-14 15:00:15.916,Intermediário
1.6921,1.6945,2010-12-14 15:05:20.549,Intermediário
1.6932,1.6955,2010-12-14 15:31:02.157,Intermediário
1.6917,1.694,2010-12-14 16:00:19.576,Intermediário
1.6938,1.696,2010-12-14 16:30:14.891,Fechamento Interbancário
1.6949,1.6959,2010-12-14 17:36:05.312,Fechamento
1.6793,1.6895,2010-12-15 09:20:13.655,Abertura
1.6821,1.6844,2010-12-15 09:30:19.606,Intermediário
1.6841,1.6864,2010-12-15 10:00:32.236,Intermediário
1.6873,1.6896,2010-12-15 10:30:15.847,Intermediário
1.689,1.6913,2010-12-15 11:00:22.146,Intermediário
1.6876,1.69,2010-12-15 11:30:23.946,Intermediário
1.6868,1.6891,2010-12-15 12:00:21.537,Intermediário
1.6849,1.6872,2010-12-15 12:30:15.169,Intermediário
1.6882,1.6905,2010-12-15 13:00:19.572,Intermediário
1.6846,1.687,2010-12-15 13:30:25.836,Intermediário
1.6811,1.6833,2010-12-15 14:00:15.739,Intermediário
1.6829,1.6853,2010-12-15 14:30:17.659,Intermediário
1.6816,1.6839,2010-12-15 15:00:23.978,Intermediário
1.682,1.6843,2010-12-15 15:30:13.877,Intermediário
1.683,1.6853,2010-12-15 16:00:16.421,Intermediário
1.6781,1.6802,2010-12-15 16:30:13.777,Fechamento Interbancário
1.6771,1.6781,2010-12-15 17:36:15.391,Fechamento
1.679,1.689,2010-12-16 09:20:15.651,Abertura
1.6836,1.6859,2010-12-16 09:31:09.052,Intermediário
1.6831,1.6853,2010-12-16 10:00:15.908,Intermediário
1.683,1.6853,2010-12-16 10:30:15.22,Intermediário
1.6845,1.6866,2010-12-16 11:00:25.929,Intermediário
1.6826,1.6849,2010-12-16 11:30:28.044,Intermediário
1.6821,1.6842,2010-12-16 12:00:40.456,Intermediário
1.6819,1.6842,2010-12-16 12:30:16.178,Intermediário
1.6793,1.6816,2010-12-16 13:00:40.561,Intermediário
1.6772,1.6796,2010-12-16 13:30:14.378,Intermediário
1.6764,1.6785,2010-12-16 14:00:28.89,Intermediário
1.6814,1.6836,2010-12-16 14:30:15.148,Intermediário
1.682,1.6843,2010-12-16 15:00:20.166,Intermediário
1.679,1.6813,2010-12-16 15:30:16.412,Intermediário
1.6803,1.6826,2010-12-16 16:00:16.935,Intermediário
1.6786,1.6807,2010-12-16 16:30:18.02,Fechamento Interbancário
1.6806,1.6815,2010-12-16 17:38:23.208,Fechamento
1.6773,1.6875,2010-12-17 09:21:40.842,Abertura
1.684,1.6863,2010-12-17 09:30:14.372,Intermediário
1.6872,1.6894,2010-12-17 10:00:17.455,Intermediário
1.6862,1.6885,2010-12-17 10:30:16.71,Intermediário
1.6843,1.6866,2010-12-17 11:00:20.992,Intermediário
1.6838,1.686,2010-12-17 11:30:15.626,Intermediário
1.683,1.6851,2010-12-17 12:00:24.063,Intermediário
1.6864,1.6886,2010-12-17 12:30:15.94,Intermediário
1.6856,1.6879,2010-12-17 13:00:17.867,Intermediário
1.6846,1.6867,2010-12-17 13:30:14.277,Intermediário
1.6837,1.6858,2010-12-17 14:00:21.93,Intermediário
1.683,1.6853,2010-12-17 14:30:13.839,Intermediário
1.6876,1.69,2010-12-17 15:00:19.815,Intermediário
1.6911,1.6934,2010-12-17 15:30:14.851,Intermediário
1.6883,1.6904,2010-12-17 16:00:20.219,Intermediário
1.6902,1.6925,2010-12-17 16:30:15.955,Fechamento Interbancário
1.6863,1.6874,2010-12-17 17:36:36.349,Fechamento
1.6913,1.7014,2010-12-20 09:20:15.394,Abertura
1.694,1.6961,2010-12-20 09:30:13.669,Intermediário
1.6917,1.694,2010-12-20 10:00:19.17,Intermediário
1.6966,1.6987,2010-12-20 10:30:16.715,Intermediário
1.6974,1.6997,2010-12-20 11:00:16.872,Intermediário
1.6974,1.6997,2010-12-20 11:30:19.956,Intermediário
1.6979,1.7002,2010-12-20 12:18:41.789,Intermediário
1.6984,1.7007,2010-12-20 12:30:17.87,Intermediário
1.6967,1.6989,2010-12-20 13:02:27.717,Intermediário
1.6963,1.6986,2010-12-20 13:30:20.71,Intermediário
1.6956,1.698,2010-12-20 14:00:26.944,Intermediário
1.6956,1.6979,2010-12-20 14:30:17.065,Intermediário
1.6954,1.6977,2010-12-20 15:00:23.544,Intermediário
1.6949,1.6972,2010-12-20 15:30:19.895,Intermediário
1.6951,1.6974,2010-12-20 16:00:15.735,Intermediário
1.6951,1.6974,2010-12-20 16:30:16.355,Fechamento Interbancário
1.6965,1.6976,2010-12-20 17:38:30.352,Fechamento
1.6894,1.6997,2010-12-21 09:16:12.252,Abertura
1.6935,1.6958,2010-12-21 09:30:15.237,Intermediário
1.6922,1.6945,2010-12-21 10:00:19.304,Intermediário
1.6915,1.6939,2010-12-21 10:30:16.183,Intermediário
1.6936,1.6957,2010-12-21 11:05:19.361,Intermediário
1.6933,1.6955,2010-12-21 11:31:40.241,Intermediário
1.6935,1.6956,2010-12-21 12:00:22.075,Intermediário
1.6913,1.6936,2010-12-21 12:30:14.509,Intermediário
1.6896,1.6918,2010-12-21 13:00:21.417,Intermediário
1.6913,1.6936,2010-12-21 13:32:41.457,Intermediário
1.6911,1.6933,2010-12-21 14:00:19.515,Intermediário
1.6914,1.6936,2010-12-21 14:30:24.71,Intermediário
1.6903,1.6924,2010-12-21 15:00:15.827,Intermediário
1.6874,1.6897,2010-12-21 15:30:14.255,Intermediário
1.6916,1.6939,2010-12-21 16:00:16.488,Intermediário
1.6897,1.6921,2010-12-21 16:30:14.105,Fechamento Interbancário
1.6903,1.6915,2010-12-21 17:36:35.778,Fechamento
1.687,1.6973,2010-12-22 09:18:09.579,Abertura
1.6915,1.6937,2010-12-22 09:30:13.194,Intermediário
1.6918,1.6941,2010-12-22 10:00:17.711,Intermediário
1.6925,1.6948,2010-12-22 10:30:12.416,Intermediário
1.6918,1.6941,2010-12-22 11:00:19.924,Intermediário
1.6938,1.6961,2010-12-22 11:30:14.446,Intermediário
1.6976,1.7,2010-12-22 12:30:14.635,Intermediário
1.6982,1.7005,2010-12-22 13:00:13.79,Intermediário
1.6946,1.6968,2010-12-22 13:11:36.742,Intermediário
1.6983,1.7007,2010-12-22 13:30:11.833,Intermediário
1.6998,1.7022,2010-12-22 14:01:22.73,Intermediário
1.6993,1.7017,2010-12-22 14:30:12.784,Intermediário
1.6962,1.6983,2010-12-22 15:00:52.421,Intermediário
1.6958,1.6982,2010-12-22 15:30:14.388,Intermediário
1.6938,1.6962,2010-12-22 16:00:15.906,Intermediário
1.6923,1.6946,2010-12-22 16:30:13.141,Fechamento Interbancário
1.6921,1.6932,2010-12-22 17:35:27.131,Fechamento
1.6994,1.7098,2010-12-23 09:18:15.209,Abertura
1.7028,1.7051,2010-12-23 09:30:18.873,Intermediário
1.7031,1.7053,2010-12-23 10:00:19.057,Intermediário
1.7046,1.707,2010-12-23 10:37:30.433,Intermediário
1.7027,1.7051,2010-12-23 11:00:19.204,Intermediário
1.7022,1.7046,2010-12-23 11:30:18.058,Intermediário
1.7043,1.7066,2010-12-23 12:00:38.895,Intermediário
1.701,1.7034,2010-12-23 12:30:21.289,Intermediário
1.7007,1.7029,2010-12-23 13:00:24.515,Intermediário
1.7007,1.7031,2010-12-23 13:30:20.628,Intermediário
1.7024,1.7048,2010-12-23 14:00:22.928,Intermediário
1.7057,1.708,2010-12-23 14:30:13.402,Intermediário
1.702,1.7043,2010-12-23 15:00:21.192,Intermediário
1.7051,1.7075,2010-12-23 15:30:12.689,Intermediário
1.7038,1.7062,2010-12-23 16:00:14.02,Intermediário
1.7033,1.7058,2010-12-23 16:30:11.398,Fechamento Interbancário
1.7049,1.7062,2010-12-23 17:46:18.303,Fechamento
1.6917,1.7023,2010-12-24 09:20:15.54,Abertura
1.6956,1.6984,2010-12-24 09:30:17.175,Intermediário
1.6949,1.6973,2010-12-24 10:00:23.754,Intermediário
1.6961,1.6984,2010-12-24 10:30:16.97,Intermediário
1.6966,1.6991,2010-12-24 11:00:18.911,Intermediário
1.6964,1.6989,2010-12-24 11:30:14.022,Fechamento Interbancário
1.6969,1.6982,2010-12-24 12:08:17.662,Fechamento
1.6891,1.6994,2010-12-27 09:22:10.15,Abertura
1.6951,1.6973,2010-12-27 09:30:13.776,Intermediário
1.6959,1.6983,2010-12-27 10:00:12.987,Intermediário
1.6959,1.6982,2010-12-27 10:30:14.364,Intermediário
1.6934,1.6959,2010-12-27 11:00:15.732,Intermediário
1.6927,1.6951,2010-12-27 11:30:13.094,Intermediário
1.6952,1.6977,2010-12-27 12:00:17.799,Intermediário
1.6947,1.6971,2010-12-27 12:30:12.228,Intermediário
1.6949,1.6972,2010-12-27 13:00:16.106,Intermediário
1.6941,1.6964,2010-12-27 13:30:13.432,Intermediário
1.6952,1.6976,2010-12-27 14:00:16.461,Intermediário
1.6936,1.6959,2010-12-27 14:30:13.379,Intermediário
1.6929,1.6954,2010-12-27 15:00:15.113,Intermediário
1.6942,1.6966,2010-12-27 15:30:14.582,Intermediário
1.6931,1.6954,2010-12-27 16:00:14.95,Intermediário
1.6944,1.6968,2010-12-27 16:30:12.895,Fechamento Interbancário
1.6978,1.699,2010-12-27 17:38:38.676,Fechamento
1.6976,1.7079,2010-12-28 09:22:16.237,Abertura
1.7008,1.7032,2010-12-28 09:30:15.156,Intermediário
1.7047,1.7071,2010-12-28 10:00:14.723,Intermediário
1.704,1.7066,2010-12-28 10:30:12.498,Intermediário
1.702,1.7044,2010-12-28 11:00:46.216,Intermediário
1.7062,1.7084,2010-12-28 11:30:16.386,Intermediário
1.7054,1.7076,2010-12-28 12:00:14.828,Intermediário
1.7059,1.7083,2010-12-28 12:30:13.311,Intermediário
1.7061,1.7083,2010-12-28 13:00:16.754,Intermediário
1.7051,1.7074,2010-12-28 13:30:13.878,Intermediário
1.7062,1.7084,2010-12-28 14:00:26.193,Intermediário
1.7056,1.7079,2010-12-28 14:30:12.526,Intermediário
1.7072,1.7096,2010-12-28 15:00:15.273,Intermediário
1.7111,1.7135,2010-12-28 15:30:13.902,Intermediário
1.7103,1.7126,2010-12-28 16:00:13.849,Intermediário
1.7077,1.7101,2010-12-28 16:30:16.317,Fechamento Interbancário
1.7035,1.7046,2010-12-28 17:36:12.628,Fechamento
1.7055,1.7159,2010-12-29 09:22:09.554,Abertura
1.7081,1.7104,2010-12-29 09:30:13.325,Intermediário
1.7091,1.7113,2010-12-29 10:00:14.306,Intermediário
1.7069,1.7093,2010-12-29 10:30:13.953,Intermediário
1.7074,1.7098,2010-12-29 11:00:16.506,Intermediário
1.7066,1.7089,2010-12-29 11:30:13.242,Intermediário
1.7079,1.7103,2010-12-29 12:01:42.948,Intermediário
1.713,1.7154,2010-12-29 12:30:12.767,Intermediário
1.7091,1.7115,2010-12-29 13:00:14.417,Intermediário
1.7086,1.7108,2010-12-29 13:30:12.388,Intermediário
1.7059,1.7083,2010-12-29 14:00:26.101,Intermediário
1.7059,1.7084,2010-12-29 14:30:12.709,Intermediário
1.7066,1.7089,2010-12-29 15:00:16.359,Intermediário
1.7059,1.7082,2010-12-29 15:30:12.343,Intermediário
1.703,1.7052,2010-12-29 16:00:13.606,Intermediário
1.7079,1.7102,2010-12-29 16:30:13.563,Fechamento Interbancário
1.7079,1.709,2010-12-29 17:35:52.548,Fechamento
1.6977,1.7084,2010-12-30 09:20:11.7,Abertura
1.6969,1.6993,2010-12-30 09:30:25.5,Intermediário
1.6929,1.6952,2010-12-30 10:00:16.041,Intermediário
1.6908,1.6932,2010-12-30 10:30:15.982,Intermediário
1.693,1.6954,2010-12-30 11:00:14.505,Intermediário
1.6895,1.692,2010-12-30 11:30:12.914,Intermediário
1.6889,1.6913,2010-12-30 12:00:15.531,Intermediário
1.6902,1.6924,2010-12-30 12:30:18.42,Intermediário
1.6843,1.6866,2010-12-30 13:00:14.615,Intermediário
1.6837,1.6861,2010-12-30 13:30:13.037,Intermediário
1.6828,1.6851,2010-12-30 14:00:14.115,Intermediário
1.6846,1.687,2010-12-30 14:30:13.357,Intermediário
1.683,1.6853,2010-12-30 15:00:15.853,Intermediário
1.6823,1.6846,2010-12-30 15:30:12.509,Intermediário
1.6818,1.6841,2010-12-30 16:00:13.229,Intermediário
1.6873,1.6897,2010-12-30 16:30:11.746,Fechamento Interbancário
1.6887,1.6899,2010-12-30 17:36:52.217,Fechamento
1.6862,1.6968,2010-12-31 09:08:09.609,Abertura
1.6926,1.695,2010-12-31 09:30:13.928,Intermediário
1.6901,1.6923,2010-12-31 10:00:14.654,Intermediário
1.6929,1.6951,2010-12-31 10:30:13.863,Intermediário
1.6933,1.6958,2010-12-31 11:00:15.306,Intermediário
1.6923,1.6946,2010-12-31 11:30:13.404,Fechamento Interbancário
1.6947,1.6959,2010-12-31 12:06:25.157,Fechamento
